abs_timestamp_ns,human_time,fx,fy,fz,tx,ty,tz,mocap_ref_time
1772220269952527682,2026-02-27 14:24:29.952,-0.72742,0.291321,-0.53203,0.008055,0.014038,-0.001041,21.67500000000001
1772220269953655263,2026-02-27 14:24:29.953,-0.653365,0.27385,-1.5934,0.006432,0.012138,0.008782,21.676000000000002
1772220269954822325,2026-02-27 14:24:29.954,-0.68827,0.242189,-1.26735,0.006908,0.012279,0.005555,21.677000000000007
1772220269956016751,2026-02-27 14:24:29.956,-0.673647,0.265667,-1.22627,0.007102,0.012968,0.005576,21.679000000000002
1772220269957186841,2026-02-27 14:24:29.957,-0.691956,0.288751,-0.706478,0.006413,0.013657,0.000734,21.680000000000007
1772220269958386087,2026-02-27 14:24:29.958,-0.694728,0.256666,-0.481647,0.006265,0.012828,-0.002566,21.68100000000001
1772220269959560672,2026-02-27 14:24:29.959,-0.661981,0.254444,-0.466549,0.010181,0.012858,-0.001428,21.682000000000002
1772220269960688545,2026-02-27 14:24:29.960,-0.616485,0.295434,-0.464699,0.009558,0.012035,-0.001645,21.683000000000007
1772220269961835490,2026-02-27 14:24:29.961,-0.656661,0.232222,0.43492,0.007998,0.010988,-0.008653,21.68400000000001
1772220269963034869,2026-02-27 14:24:29.963,-0.616716,0.258813,0.52531,0.009245,0.0105,-0.00986,21.686000000000007
1772220269964229059,2026-02-27 14:24:29.964,-0.645361,0.242988,0.417738,0.009388,0.010502,-0.009054,21.687000000000012
1772220269965421750,2026-02-27 14:24:29.965,-0.632993,0.221755,-0.063428,0.006843,0.010713,-0.004055,21.688000000000002
1772220269966564749,2026-02-27 14:24:29.966,-0.645568,0.295764,-0.445136,0.009195,0.012063,-0.001625,21.689000000000007
1772220269967692374,2026-02-27 14:24:29.967,-0.676791,0.265402,-0.426984,0.003419,0.011059,-0.00172,21.690000000000012
1772220269968881046,2026-02-27 14:24:29.968,-0.628631,0.271471,-0.404956,0.007104,0.010419,-0.001645,21.691000000000003
1772220269970074403,2026-02-27 14:24:29.970,-0.607088,0.260982,-0.756976,0.005978,0.010522,0.002389,21.693000000000012
1772220269971271017,2026-02-27 14:24:29.971,-0.626103,0.27611,-1.44715,0.005539,0.010605,0.008212,21.694000000000003
1772220269972484800,2026-02-27 14:24:29.972,-0.636104,0.296028,-0.994629,0.007084,0.010601,0.004452,21.695000000000007
1772220269973614501,2026-02-27 14:24:29.973,-0.63584,0.261566,-0.883405,0.006561,0.010733,0.002986,21.696000000000012
1772220269974743051,2026-02-27 14:24:29.974,-0.600081,0.288012,-0.317805,0.00696,0.010038,-0.002456,21.697000000000003
1772220269975871084,2026-02-27 14:24:29.975,-0.627285,0.28575,-0.334347,0.006914,0.011003,-0.003107,21.698000000000008
1772220269977069727,2026-02-27 14:24:29.977,-0.600176,0.288728,-0.338226,0.006959,0.009659,-0.002461,21.700000000000003
1772220269978263416,2026-02-27 14:24:29.978,-0.648907,0.26567,-0.31262,0.003505,0.010453,-0.003584,21.701000000000008
1772220269979477163,2026-02-27 14:24:29.979,-0.616508,0.276165,0.7858,0.007163,0.00882,-0.012502,21.702000000000012
1772220269980604976,2026-02-27 14:24:29.980,-0.615349,0.326693,0.375799,0.009348,0.009658,-0.008823,21.703000000000003
1772220269981733101,2026-02-27 14:24:29.981,-0.679036,0.333528,-0.283756,0.00395,0.009996,-0.004993,21.704000000000008
1772220269982901213,2026-02-27 14:24:29.982,-0.666807,0.311344,-0.401279,0.004733,0.009675,-0.002492,21.705000000000013
1772220269984101749,2026-02-27 14:24:29.984,-0.637537,0.327654,-0.39933,0.004893,0.009484,-0.002707,21.707000000000008
1772220269985297092,2026-02-27 14:24:29.985,-0.587795,0.347499,-0.31894,0.008034,0.010015,-0.002195,21.708000000000013
1772220269986512706,2026-02-27 14:24:29.986,-0.605639,0.35612,-0.372512,0.010676,0.01124,-0.00324,21.709000000000003
1772220269987641313,2026-02-27 14:24:29.987,-0.551267,0.38215,-1.18525,0.009374,0.00951,0.005905,21.710000000000008
1772220269988789452,2026-02-27 14:24:29.988,-0.607925,0.364177,-1.11464,0.008551,0.009904,0.004235,21.711000000000013
1772220269989982060,2026-02-27 14:24:29.989,-0.59849,0.371817,-0.555083,0.007798,0.009981,-0.000388,21.712000000000003
1772220269991177060,2026-02-27 14:24:29.991,-0.618553,0.397633,-0.295058,0.008998,0.010672,-0.002767,21.714
1772220269992370193,2026-02-27 14:24:29.992,-0.607986,0.424322,-0.225474,0.010524,0.010584,-0.003968,21.715000000000003
1772220269993562474,2026-02-27 14:24:29.993,-0.681475,0.434047,-0.192187,0.009824,0.010766,-0.003066,21.716000000000008
1772220269994691766,2026-02-27 14:24:29.994,-0.730043,0.378076,-0.205713,0.006463,0.011316,-0.004436,21.717
1772220269995838614,2026-02-27 14:24:29.995,-0.741082,0.443401,0.8101,0.012056,0.012538,-0.013133,21.718000000000004
1772220269997012698,2026-02-27 14:24:29.997,-0.719312,0.466076,0.48092,0.010843,0.0125,-0.009495,21.72
1772220269998206774,2026-02-27 14:24:29.998,-0.766163,0.425665,0.286069,0.007852,0.01404,-0.007975,21.721000000000004
1772220269999399759,2026-02-27 14:24:29.999,-0.754029,0.471847,-0.126622,0.010661,0.013623,-0.003847,21.72200000000001
1772220270000561297,2026-02-27 14:24:30.000,-0.804213,0.450918,-0.190482,0.007834,0.014043,-0.003717,21.723
1772220270001689092,2026-02-27 14:24:30.001,-0.753915,0.420767,-0.223271,0.01193,0.014475,-0.004555,21.724000000000004
1772220270002837666,2026-02-27 14:24:30.002,-0.757711,0.473026,-0.14637,0.012611,0.014366,-0.003825,21.72500000000001
1772220270004006142,2026-02-27 14:24:30.004,-0.80487,0.439842,-1.17278,0.007138,0.01477,0.00639,21.727000000000004
1772220270005199900,2026-02-27 14:24:30.005,-0.770852,0.432041,-0.698358,0.009217,0.015918,0.002596,21.72800000000001
1772220270006393515,2026-02-27 14:24:30.006,-0.792802,0.445517,-0.796935,0.012837,0.015817,0.002212,21.729
1772220270007571180,2026-02-27 14:24:30.007,-0.767312,0.427433,-0.241221,0.011272,0.015759,-0.00181,21.730000000000004
1772220270008699181,2026-02-27 14:24:30.008,-0.868024,0.419084,0.013176,0.008531,0.015367,-0.003805,21.73100000000001
1772220270009848847,2026-02-27 14:24:30.009,-0.814265,0.419931,-0.013349,0.010873,0.01626,-0.002532,21.732
1772220270011016394,2026-02-27 14:24:30.011,-0.784348,0.402129,0.030678,0.010483,0.016211,-0.002969,21.73400000000001
1772220270012209538,2026-02-27 14:24:30.012,-0.838175,0.377373,0.980576,0.009528,0.016642,-0.011426,21.735
1772220270013403196,2026-02-27 14:24:30.013,-0.870299,0.345603,0.892534,0.011184,0.017558,-0.010384,21.736000000000004
1772220270014567542,2026-02-27 14:24:30.014,-0.867062,0.361412,0.909481,0.009344,0.016843,-0.009969,21.73700000000001
1772220270015693187,2026-02-27 14:24:30.015,-0.816776,0.334671,0.366266,0.009724,0.017271,-0.004543,21.738
1772220270016864485,2026-02-27 14:24:30.016,-0.841763,0.335028,0.020135,0.009591,0.017123,-0.001516,21.739000000000004
1772220270018048015,2026-02-27 14:24:30.018,-0.862323,0.295327,0.037015,0.006368,0.018258,-0.001174,21.741
1772220270019266901,2026-02-27 14:24:30.019,-0.797874,0.273427,0.039615,0.010212,0.018797,-0.001149,21.742000000000004
1772220270020477388,2026-02-27 14:24:30.020,-0.875872,0.289425,-0.469573,0.008093,0.018757,0.004774,21.74300000000001
1772220270021567978,2026-02-27 14:24:30.021,-0.818158,0.224915,-0.882016,0.004692,0.018583,0.008681,21.744
1772220270022695570,2026-02-27 14:24:30.022,-0.782947,0.252662,-0.580179,0.00664,0.018465,0.006322,21.745000000000005
1772220270023846094,2026-02-27 14:24:30.023,-0.849266,0.188855,0.127893,0.004991,0.017637,0.000499,21.74600000000001
1772220270024974652,2026-02-27 14:24:30.024,-0.838807,0.231216,0.255703,0.006306,0.018149,-0.000247,21.747
1772220270026165495,2026-02-27 14:24:30.026,-0.849864,0.220586,0.236407,0.005244,0.018437,-0.000498,21.74900000000001
1772220270027357107,2026-02-27 14:24:30.027,-0.776688,0.180057,0.216049,0.004737,0.016898,-0.000347,21.75
1772220270028580078,2026-02-27 14:24:30.028,-0.784144,0.199633,0.343821,0.007166,0.017472,-0.001074,21.751000000000005
1772220270029708333,2026-02-27 14:24:30.029,-0.749893,0.191086,1.41412,0.00484,0.016738,-0.009089,21.75200000000001
1772220270030869013,2026-02-27 14:24:30.030,-0.800416,0.140211,0.917197,0.003952,0.016928,-0.004898,21.753
1772220270032046929,2026-02-27 14:24:30.032,-0.769738,0.192328,0.341168,0.006803,0.016791,-0.000657,21.75500000000001
1772220270033235473,2026-02-27 14:24:30.033,-0.823233,0.188619,0.189977,0.00634,0.018552,0.000533,21.756
1772220270034365142,2026-02-27 14:24:30.034,-0.794015,0.204097,0.192162,0.006821,0.018926,0.000317,21.757000000000005
1772220270035586602,2026-02-27 14:24:30.035,-0.795596,0.189584,0.210883,0.006715,0.018147,0.000543,21.75800000000001
1772220270036714183,2026-02-27 14:24:30.036,-0.814686,0.182375,0.237058,0.008929,0.019166,-0.000258,21.759
1772220270037895677,2026-02-27 14:24:30.037,-0.768118,0.226919,-0.741927,0.007395,0.019663,0.009412,21.760000000000005
1772220270039063025,2026-02-27 14:24:30.039,-0.759329,0.172976,-0.47257,0.006757,0.01815,0.008681,21.762
1772220270040257683,2026-02-27 14:24:30.040,-0.751362,0.19596,0.072832,0.007747,0.019556,0.003223,21.763000000000005
1772220270041469792,2026-02-27 14:24:30.041,-0.765575,0.172709,0.33152,0.005032,0.017358,0.000774,21.76400000000001
1772220270042577705,2026-02-27 14:24:30.042,-0.741366,0.158561,0.37172,0.006596,0.017302,0.001021,21.765
1772220270043704275,2026-02-27 14:24:30.043,-0.757114,0.168825,0.41437,0.006327,0.016475,0.000639,21.766000000000005
1772220270044885620,2026-02-27 14:24:30.044,-0.739624,0.157497,0.37162,0.005943,0.017306,0.001006,21.76700000000001
1772220270046073994,2026-02-27 14:24:30.046,-0.731052,0.16194,1.45377,0.008892,0.017777,-0.008597,21.769000000000005
1772220270047248484,2026-02-27 14:24:30.047,-0.694669,0.160088,1.21407,0.00691,0.016834,-0.006216,21.77000000000001
1772220270048445370,2026-02-27 14:24:30.048,-0.724002,0.08018,0.82251,0.002631,0.016521,-0.002699,21.771
1772220270049567269,2026-02-27 14:24:30.049,-0.658722,0.112505,0.333188,0.008338,0.015815,0.000987,21.772000000000006
1772220270050694961,2026-02-27 14:24:30.050,-0.716951,0.080092,0.431829,0.001224,0.015416,0.000913,21.77300000000001
1772220270051883980,2026-02-27 14:24:30.051,-0.675267,0.088381,0.411513,0.002639,0.015857,0.00112,21.774
1772220270053055387,2026-02-27 14:24:30.053,-0.640577,0.08521,0.322503,0.001016,0.015851,0.002297,21.77600000000001
1772220270054247987,2026-02-27 14:24:30.054,-0.591337,0.013799,-0.647223,0.003242,0.01488,0.010727,21.777
1772220270055544737,2026-02-27 14:24:30.055,-0.573542,0.019107,-0.155171,0.004401,0.013696,0.007188,21.778000000000006
1772220270056671402,2026-02-27 14:24:30.056,-0.546461,0.050991,-0.082176,0.006,0.014645,0.005541,21.77900000000001
1772220270057844034,2026-02-27 14:24:30.057,-0.53258,-0.025262,0.368814,0.003341,0.013856,0.001852,21.78
1772220270059019620,2026-02-27 14:24:30.059,-0.579558,-0.030502,0.561115,-0.002882,0.01261,-5.3e-05,21.78200000000001
1772220270060197373,2026-02-27 14:24:30.060,-0.442528,-0.058723,0.578124,3.2e-05,0.011294,0.001012,21.783
1772220270061392024,2026-02-27 14:24:30.061,-0.446817,-0.053268,0.622212,0.000392,0.009205,0.00044,21.784000000000006
1772220270062570339,2026-02-27 14:24:30.062,-0.458127,-0.087208,1.61538,9.9e-05,0.010056,-0.008228,21.78500000000001
1772220270063699246,2026-02-27 14:24:30.063,-0.38843,-0.076034,1.33981,0.00313,0.009713,-0.006209,21.786
1772220270064875712,2026-02-27 14:24:30.064,-0.398761,-0.087728,1.36525,0.001754,0.010188,-0.007086,21.787000000000006
1772220270066048466,2026-02-27 14:24:30.066,-0.344688,-0.128008,0.579871,0.000336,0.008159,0.000972,21.789
1772220270067223752,2026-02-27 14:24:30.067,-0.385881,-0.609491,0.230198,0.000997,0.003686,0.007669,21.790000000000006
1772220270068418123,2026-02-27 14:24:30.068,-0.203823,-3.10783,-3.2202,0.17137,-0.059152,0.080571,21.79100000000001
1772220270069571028,2026-02-27 14:24:30.069,0.20082,-1.26045,-2.22512,0.052238,-0.040512,0.056912,21.792
1772220270070697855,2026-02-27 14:24:30.070,0.282781,-1.74722,-3.39143,0.073596,-0.041369,0.071795,21.793000000000006
1772220270071870854,2026-02-27 14:24:30.071,0.378601,-1.63582,-3.90898,0.09601,-0.049546,0.080651,21.79400000000001
1772220270073054041,2026-02-27 14:24:30.073,0.54208,-0.36105,-2.21247,0.026905,-0.032181,0.054639,21.796000000000006
1772220270074230806,2026-02-27 14:24:30.074,0.350239,-0.524822,-0.841124,0.0335,-0.021276,0.034885,21.79700000000001
1772220270075426549,2026-02-27 14:24:30.075,0.278627,-0.739019,-0.549446,0.041956,-0.027715,0.037165,21.798000000000002
1772220270076563554,2026-02-27 14:24:30.076,0.281138,-0.498579,-0.337346,0.026864,-0.024645,0.031924,21.799000000000007
1772220270077688988,2026-02-27 14:24:30.077,0.400197,-1.30254,-1.28089,0.060872,-0.030335,0.035111,21.80000000000001
1772220270078882569,2026-02-27 14:24:30.078,0.549234,-0.611923,-0.719269,0.027457,-0.03193,0.025426,21.801000000000002
1772220270080053341,2026-02-27 14:24:30.080,0.65046,-0.462173,0.361395,0.023755,-0.031707,0.015926,21.80300000000001
1772220270081238538,2026-02-27 14:24:30.081,0.848503,-0.460136,-0.366715,0.03092,-0.040147,0.025301,21.804000000000002
1772220270082433516,2026-02-27 14:24:30.082,0.925282,-0.513268,-0.947229,0.035641,-0.042756,0.033589,21.805000000000007
1772220270083564177,2026-02-27 14:24:30.083,0.943458,-0.749249,-1.25266,0.043295,-0.04555,0.040318,21.80600000000001
1772220270084691634,2026-02-27 14:24:30.084,0.876324,-0.905256,-1.62016,0.046876,-0.046707,0.043579,21.807000000000002
1772220270085883198,2026-02-27 14:24:30.085,0.942026,-0.694256,-1.48517,0.043566,-0.046958,0.044733,21.808000000000007
1772220270087053348,2026-02-27 14:24:30.087,0.912195,-0.760486,-1.55165,0.04402,-0.046275,0.045531,21.810000000000002
1772220270088220923,2026-02-27 14:24:30.088,0.981131,-0.509967,-2.02699,0.03874,-0.040788,0.040262,21.811000000000007
1772220270089414740,2026-02-27 14:24:30.089,0.909429,-0.504692,-1.92363,0.039067,-0.039326,0.036716,21.812000000000012
1772220270090570318,2026-02-27 14:24:30.090,0.88831,-0.544241,-1.44176,0.038909,-0.040071,0.031427,21.813000000000002
1772220270091697584,2026-02-27 14:24:30.091,0.918737,-0.630945,-1.23746,0.043625,-0.039446,0.028574,21.814000000000007
1772220270092891548,2026-02-27 14:24:30.092,0.886518,-0.661999,-1.34592,0.04528,-0.03891,0.02961,21.815000000000012
1772220270094073281,2026-02-27 14:24:30.094,0.922894,-0.782746,-1.62339,0.050638,-0.038526,0.028836,21.817000000000007
1772220270095241236,2026-02-27 14:24:30.095,0.942336,-0.844698,-0.954193,0.049768,-0.040759,0.022981,21.818000000000012
1772220270096443777,2026-02-27 14:24:30.096,0.908491,-0.808517,-0.923737,0.050925,-0.040298,0.024549,21.819000000000003
1772220270097567288,2026-02-27 14:24:30.097,0.924028,-0.86516,-1.06454,0.050166,-0.041034,0.027417,21.820000000000007
1772220270098693037,2026-02-27 14:24:30.098,0.810669,-0.927339,-1.56324,0.043541,-0.041582,0.034518,21.821000000000012
1772220270099886374,2026-02-27 14:24:30.099,0.839458,-0.922848,-1.82352,0.043163,-0.043075,0.040142,21.822000000000003
1772220270101022276,2026-02-27 14:24:30.101,0.836678,-0.955572,-1.82835,0.038708,-0.042403,0.04066,21.824000000000012
1772220270102191289,2026-02-27 14:24:30.102,0.763587,-0.948,-1.7283,0.032507,-0.041505,0.040404,21.825000000000003
1772220270103379424,2026-02-27 14:24:30.103,0.760072,-0.996064,-2.0184,0.029805,-0.040093,0.044201,21.826000000000008
1772220270104578636,2026-02-27 14:24:30.104,0.82916,-0.999422,-2.64151,0.023551,-0.040524,0.049031,21.827000000000012
1772220270105709890,2026-02-27 14:24:30.105,0.828556,-1.01975,-2.20383,0.02225,-0.039812,0.044311,21.828000000000003
1772220270106882164,2026-02-27 14:24:30.106,0.737377,-0.98488,-1.96339,0.022432,-0.039518,0.041524,21.829000000000008
1772220270108080501,2026-02-27 14:24:30.108,0.801374,-0.990769,-1.53227,0.01806,-0.040314,0.037798,21.831000000000003
1772220270109252179,2026-02-27 14:24:30.109,0.770102,-1.02601,-1.23312,0.012015,-0.039247,0.035255,21.832000000000008
1772220270110444835,2026-02-27 14:24:30.110,0.749593,-0.983208,-1.22979,0.0097,-0.037812,0.034582,21.833000000000013
1772220270111582760,2026-02-27 14:24:30.111,0.73018,-0.972525,-1.06763,0.004579,-0.037914,0.034369,21.834000000000003
1772220270112720593,2026-02-27 14:24:30.112,0.709731,-0.968588,0.039824,0.001984,-0.037272,0.023609,21.835000000000008
1772220270113911758,2026-02-27 14:24:30.113,0.662168,-0.940212,-0.211299,-0.001228,-0.036366,0.02749,21.836000000000013
1772220270115098349,2026-02-27 14:24:30.115,0.605616,-0.958828,-0.110958,-0.008235,-0.035608,0.027196,21.838000000000008
1772220270116268266,2026-02-27 14:24:30.116,0.643343,-0.910751,-0.849755,-0.007413,-0.034951,0.03449,21.839
1772220270117471497,2026-02-27 14:24:30.117,0.63684,-0.924246,-0.707302,-0.01171,-0.035015,0.034262,21.840000000000003
1772220270118563039,2026-02-27 14:24:30.118,0.64425,-0.945489,-0.704902,-0.014435,-0.035026,0.033764,21.841000000000008
1772220270119695493,2026-02-27 14:24:30.119,0.624525,-0.965611,-0.529819,-0.020763,-0.036485,0.034604,21.842
1772220270120870766,2026-02-27 14:24:30.120,0.670125,-0.987051,-1.3194,-0.023686,-0.03665,0.043257,21.843000000000004
1772220270122067905,2026-02-27 14:24:30.122,0.688752,-1.01324,-1.27908,-0.02611,-0.037724,0.043219,21.845
1772220270123240450,2026-02-27 14:24:30.123,0.653346,-0.997386,-0.636415,-0.026852,-0.036937,0.038235,21.846000000000004
1772220270124439630,2026-02-27 14:24:30.124,0.623407,-1.08028,-0.278651,-0.029661,-0.037783,0.036222,21.84700000000001
1772220270125564890,2026-02-27 14:24:30.125,0.620918,-1.11121,-0.19624,-0.029867,-0.038589,0.036046,21.848
1772220270126693278,2026-02-27 14:24:30.126,0.603634,-1.13508,-0.094882,-0.029717,-0.038328,0.036098,21.849000000000004
1772220270127867209,2026-02-27 14:24:30.127,0.600592,-1.1326,-0.034128,-0.029374,-0.038895,0.03615,21.85000000000001
1772220270129063921,2026-02-27 14:24:30.129,0.616453,-1.11151,0.501809,-0.032632,-0.039153,0.031899,21.852000000000004
1772220270130236203,2026-02-27 14:24:30.130,0.659576,-1.13676,0.754193,-0.034312,-0.04007,0.030696,21.85300000000001
1772220270131412165,2026-02-27 14:24:30.131,0.658529,-1.20271,0.497841,-0.032235,-0.03904,0.032683,21.854
1772220270132568075,2026-02-27 14:24:30.132,0.695366,-1.153,0.119464,-0.034245,-0.040456,0.037586,21.855000000000004
1772220270133697064,2026-02-27 14:24:30.133,0.721061,-1.13137,0.027446,-0.033454,-0.042151,0.039283,21.85600000000001
1772220270134892664,2026-02-27 14:24:30.134,0.702138,-1.1277,0.036501,-0.028182,-0.037942,0.035077,21.857
1772220270136090050,2026-02-27 14:24:30.136,0.73284,-1.09947,0.07329,-0.026919,-0.036052,0.032744,21.85900000000001
1772220270137273464,2026-02-27 14:24:30.137,0.684135,-1.0474,-0.899511,-0.02626,-0.036643,0.041257,21.86
1772220270138484036,2026-02-27 14:24:30.138,0.626776,-0.957682,-0.452467,-0.025546,-0.031947,0.035123,21.861000000000004
1772220270139614759,2026-02-27 14:24:30.139,0.648763,-0.925778,-0.471366,-0.019721,-0.028959,0.032204,21.86200000000001
1772220270140788575,2026-02-27 14:24:30.140,0.564214,-0.862588,0.07969,-0.02345,-0.029563,0.025259,21.863
1772220270141983507,2026-02-27 14:24:30.141,0.560022,-0.879347,0.286339,-0.024636,-0.038184,0.03081,21.864000000000004
1772220270143167386,2026-02-27 14:24:30.143,0.564452,-0.796917,0.200754,-0.019453,-0.028625,0.028849,21.866
1772220270144338569,2026-02-27 14:24:30.144,0.469153,-0.648379,0.264694,-0.023961,-0.02547,0.021616,21.867000000000004
1772220270145518539,2026-02-27 14:24:30.145,0.473374,-0.606592,1.22143,-0.026115,-0.035486,0.018211,21.86800000000001
1772220270146647572,2026-02-27 14:24:30.146,0.523212,-0.653302,1.03573,-0.016055,-0.033493,0.022507,21.869
1772220270147842816,2026-02-27 14:24:30.147,0.524493,-0.60766,1.04194,-0.02058,-0.031575,0.021343,21.870000000000005
1772220270149037687,2026-02-27 14:24:30.149,0.456605,-0.437779,0.202988,-0.08445,-0.049397,0.030193,21.872
1772220270150223430,2026-02-27 14:24:30.150,0.560615,-0.466258,0.036365,-0.138035,-0.06936,0.0433,21.873000000000005
1772220270151404380,2026-02-27 14:24:30.151,0.696433,-1.12997,-0.371923,-0.111063,-0.046809,0.033464,21.87400000000001
1772220270152549737,2026-02-27 14:24:30.152,0.612753,-1.34559,-0.201054,-0.098688,-0.047886,0.032695,21.875
1772220270153680890,2026-02-27 14:24:30.153,0.601022,-1.44523,-0.617399,-0.095327,-0.052411,0.037255,21.876000000000005
1772220270154840394,2026-02-27 14:24:30.154,0.537952,-1.54094,-0.954531,-0.091612,-0.051398,0.039038,21.87700000000001
1772220270156035146,2026-02-27 14:24:30.156,0.60234,-1.4135,-0.604058,-0.09025,-0.051555,0.038654,21.879000000000005
1772220270157214554,2026-02-27 14:24:30.157,0.515629,-1.38964,-0.349306,-0.088459,-0.046179,0.033901,21.88000000000001
1772220270158387631,2026-02-27 14:24:30.158,0.474095,-1.41117,-0.082732,-0.099019,-0.049871,0.032826,21.881
1772220270159547418,2026-02-27 14:24:30.159,0.518624,-1.42511,-0.087337,-0.09775,-0.046796,0.033839,21.882000000000005
1772220270160674172,2026-02-27 14:24:30.160,0.607094,-1.59653,-0.147351,-0.091015,-0.044444,0.034409,21.88300000000001
1772220270161846310,2026-02-27 14:24:30.161,0.682726,-1.66942,0.030916,-0.079446,-0.046804,0.039187,21.884
1772220270163042587,2026-02-27 14:24:30.163,0.658691,-1.65518,1.08864,-0.072985,-0.050203,0.033356,21.88600000000001
1772220270164270313,2026-02-27 14:24:30.164,0.807169,-1.57759,0.668224,-0.06254,-0.047943,0.033267,21.887
1772220270165374462,2026-02-27 14:24:30.165,0.844257,-1.51531,0.210085,-0.055982,-0.046891,0.035285,21.888000000000005
1772220270166527729,2026-02-27 14:24:30.166,0.856206,-1.35559,-0.008673,-0.057804,-0.046831,0.034352,21.88900000000001
1772220270167655242,2026-02-27 14:24:30.167,0.805945,-1.19736,-0.122389,-0.086707,-0.055351,0.03414,21.89
1772220270168870442,2026-02-27 14:24:30.168,0.860364,-1.25829,0.116452,-0.076889,-0.047905,0.032806,21.891000000000005
1772220270170063864,2026-02-27 14:24:30.170,0.844455,-1.18995,0.110863,-0.090754,-0.054193,0.032653,21.893
1772220270171241923,2026-02-27 14:24:30.171,0.959243,-1.26514,-0.719242,-0.098504,-0.056724,0.041149,21.894000000000005
1772220270172412918,2026-02-27 14:24:30.172,0.947177,-1.45146,-0.546881,-0.090565,-0.051437,0.033974,21.89500000000001
1772220270173534142,2026-02-27 14:24:30.173,0.872301,-1.45621,-0.100413,-0.082822,-0.053489,0.03125,21.896
1772220270174661498,2026-02-27 14:24:30.174,0.876148,-1.4903,0.134094,-0.081054,-0.055192,0.029712,21.897000000000006
1772220270175854508,2026-02-27 14:24:30.175,0.870948,-1.4005,0.03576,-0.085367,-0.056981,0.031996,21.89800000000001
1772220270177047569,2026-02-27 14:24:30.177,0.818094,-1.40218,-0.112012,-0.086788,-0.056923,0.032553,21.900000000000006
1772220270178242461,2026-02-27 14:24:30.178,0.853538,-1.40406,-0.115012,-0.095521,-0.058661,0.032587,21.90100000000001
1772220270179425434,2026-02-27 14:24:30.179,0.857904,-1.36556,0.96464,-0.085574,-0.056188,0.026965,21.902
1772220270180540962,2026-02-27 14:24:30.180,0.848472,-1.39375,0.752049,-0.080316,-0.054941,0.028638,21.903000000000006
1772220270181666354,2026-02-27 14:24:30.181,0.836951,-1.35963,0.453813,-0.089325,-0.060641,0.033094,21.90400000000001
1772220270182836776,2026-02-27 14:24:30.182,0.831206,-1.30568,0.049956,-0.089705,-0.059676,0.035658,21.905
1772220270183969072,2026-02-27 14:24:30.183,0.843548,-1.28325,0.083908,-0.087217,-0.057696,0.033783,21.906000000000006
1772220270185162462,2026-02-27 14:24:30.185,0.866071,-1.26102,0.091292,-0.090589,-0.059457,0.03246,21.908
1772220270186345080,2026-02-27 14:24:30.186,0.871855,-1.1837,0.04006,-0.085161,-0.057796,0.031278,21.909000000000006
1772220270187533602,2026-02-27 14:24:30.187,0.912516,-1.15147,-1.05066,-0.077702,-0.057519,0.039794,21.91000000000001
1772220270188660856,2026-02-27 14:24:30.188,0.980743,-1.1407,-0.585646,-0.073859,-0.059516,0.037565,21.911
1772220270189830746,2026-02-27 14:24:30.189,0.966485,-1.15051,-0.419522,-0.069371,-0.058812,0.037315,21.912000000000006
1772220270191024262,2026-02-27 14:24:30.191,0.904736,-1.1116,-0.108301,-0.066225,-0.061312,0.036365,21.914
1772220270192220401,2026-02-27 14:24:30.192,0.887163,-0.993005,0.071994,-0.062059,-0.057304,0.0308,21.915000000000006
1772220270193406406,2026-02-27 14:24:30.193,0.80437,-0.805027,0.253954,-0.074961,-0.071981,0.035912,21.91600000000001
1772220270194534297,2026-02-27 14:24:30.194,0.943174,-0.797666,0.231363,-0.072369,-0.065181,0.033855,21.917
1772220270195658807,2026-02-27 14:24:30.195,0.901421,-0.814365,1.28232,-0.071893,-0.064497,0.022488,21.918000000000006
1772220270196851611,2026-02-27 14:24:30.196,0.872578,-0.784039,0.973131,-0.0682,-0.061423,0.023236,21.91900000000001
1772220270198044449,2026-02-27 14:24:30.198,0.91435,-0.760871,1.02765,-0.066314,-0.060408,0.021357,21.921000000000006
1772220270199239245,2026-02-27 14:24:30.199,0.827446,-0.769626,0.460319,-0.071224,-0.062639,0.026573,21.92200000000001
1772220270200412384,2026-02-27 14:24:30.200,0.847291,-0.678834,0.070963,-0.052379,-0.052375,0.025142,21.923000000000002
1772220270201565042,2026-02-27 14:24:30.201,0.769182,-0.616074,0.035579,-0.050109,-0.052536,0.024184,21.924000000000007
1772220270202707089,2026-02-27 14:24:30.202,0.725851,-0.553792,-0.071038,-0.045929,-0.053756,0.028134,21.92500000000001
1772220270203879593,2026-02-27 14:24:30.203,0.722705,-0.587218,-0.839151,-0.039247,-0.048874,0.037159,21.926000000000002
1772220270205074084,2026-02-27 14:24:30.205,0.736605,-0.532911,-1.08223,-0.034979,-0.045521,0.0373,21.92800000000001
1772220270206271705,2026-02-27 14:24:30.206,0.702484,-0.452365,-0.884004,-0.032125,-0.042375,0.035136,21.929000000000002
1772220270207469970,2026-02-27 14:24:30.207,0.560924,-0.333634,-0.247746,-0.021186,-0.035999,0.0253,21.930000000000007
1772220270208598535,2026-02-27 14:24:30.208,0.485032,-0.296068,-0.088051,-0.018687,-0.03222,0.022671,21.93100000000001
1772220270209725965,2026-02-27 14:24:30.209,0.404831,-0.215972,-0.105715,-0.015653,-0.031977,0.02217,21.932000000000002
1772220270210897938,2026-02-27 14:24:30.210,0.424898,-0.178188,-0.105829,-0.011794,-0.031595,0.022468,21.933000000000007
1772220270212090679,2026-02-27 14:24:30.212,0.327703,-0.098942,0.205647,-0.018485,-0.036373,0.020748,21.935000000000002
1772220270213287769,2026-02-27 14:24:30.213,0.32022,0.009379,0.946211,-0.022462,-0.041702,0.01609,21.936000000000007
1772220270214490957,2026-02-27 14:24:30.214,0.411636,-0.032541,0.282403,-0.016236,-0.036376,0.01869,21.937000000000012
1772220270215615425,2026-02-27 14:24:30.215,0.428122,0.049188,-0.177976,-0.016455,-0.039745,0.023643,21.938000000000002
1772220270216789594,2026-02-27 14:24:30.216,0.433311,0.037949,-0.248868,-0.014543,-0.034473,0.022275,21.939000000000007
1772220270217981766,2026-02-27 14:24:30.217,0.359298,0.07366,-0.20236,-0.011077,-0.030149,0.018312,21.940000000000012
1772220270219174987,2026-02-27 14:24:30.219,0.320178,0.089813,-0.282667,-0.009023,-0.026051,0.015076,21.942000000000007
1772220270220370465,2026-02-27 14:24:30.220,0.302776,0.165692,-0.219457,-0.002345,-0.025426,0.01508,21.943000000000012
1772220270221530731,2026-02-27 14:24:30.221,0.355377,0.149215,-0.968085,0.003754,-0.030112,0.030418,21.944000000000003
1772220270222657142,2026-02-27 14:24:30.222,0.352924,0.198515,-0.931181,0.005067,-0.028713,0.031114,21.945000000000007
1772220270223829342,2026-02-27 14:24:30.223,0.327684,0.222661,-0.446516,0.008609,-0.025976,0.025675,21.946000000000012
1772220270225027955,2026-02-27 14:24:30.225,0.302309,0.23274,-0.234155,0.007082,-0.023651,0.02425,21.948000000000008
1772220270226221619,2026-02-27 14:24:30.226,0.341474,0.279377,-0.204255,0.007434,-0.025408,0.026012,21.949000000000012
1772220270227399748,2026-02-27 14:24:30.227,0.332657,0.318439,-0.164858,0.010287,-0.025751,0.026339,21.950000000000003
1772220270228555224,2026-02-27 14:24:30.228,0.249636,0.293183,0.675139,0.010229,-0.024158,0.019121,21.951000000000008
1772220270229681729,2026-02-27 14:24:30.229,0.281236,0.30963,0.680643,0.009099,-0.025482,0.018257,21.952000000000012
1772220270230854194,2026-02-27 14:24:30.230,0.219222,0.278206,0.605843,0.005878,-0.02479,0.016875,21.953000000000003
1772220270232047121,2026-02-27 14:24:30.232,0.332277,0.314778,0.107969,0.010371,-0.024647,0.021987,21.955000000000013
1772220270233216033,2026-02-27 14:24:30.233,0.331038,0.351739,-0.218529,0.012147,-0.025157,0.025291,21.956000000000003
1772220270234360838,2026-02-27 14:24:30.234,0.302289,0.334251,-0.325628,0.012934,-0.024024,0.026092,21.957000000000008
1772220270235507421,2026-02-27 14:24:30.235,0.367525,0.334312,-0.315419,0.013969,-0.027021,0.027836,21.958000000000013
1772220270236643111,2026-02-27 14:24:30.236,0.352348,0.312231,-0.673114,0.015291,-0.026739,0.032785,21.959000000000003
1772220270237806468,2026-02-27 14:24:30.237,0.410091,0.265914,-1.3441,0.013243,-0.026885,0.038937,21.960000000000008
1772220270238999810,2026-02-27 14:24:30.239,0.421735,0.238214,-1.08813,0.020321,-0.025336,0.034483,21.962000000000003
1772220270240126184,2026-02-27 14:24:30.240,0.405298,0.162103,-0.98583,0.021459,-0.02443,0.031313,21.963000000000008
1772220270241259611,2026-02-27 14:24:30.241,0.376974,0.176247,-0.722504,0.025817,-0.023789,0.028574,21.964
1772220270242377397,2026-02-27 14:24:30.242,0.348449,0.143083,-0.628431,0.024938,-0.024393,0.026479,21.965000000000003
1772220270243484646,2026-02-27 14:24:30.243,0.261375,0.041081,-0.762803,0.026708,-0.02204,0.025119,21.966000000000008
1772220270244596872,2026-02-27 14:24:30.244,0.323252,-0.030028,-0.749986,0.026341,-0.021446,0.023326,21.967
1772220270245704083,2026-02-27 14:24:30.245,0.252427,-0.079328,0.208366,0.026837,-0.020399,0.01361,21.968000000000004
1772220270246875094,2026-02-27 14:24:30.246,0.185763,-0.075569,-0.337542,0.029253,-0.017214,0.016129,21.96900000000001
1772220270248066536,2026-02-27 14:24:30.248,0.233425,-0.120992,-0.297224,0.027719,-0.016827,0.016275,21.971000000000004
1772220270249261460,2026-02-27 14:24:30.249,0.244273,-0.207913,-0.933164,0.027308,-0.016368,0.020127,21.97200000000001
1772220270250439187,2026-02-27 14:24:30.250,0.230841,-0.233633,-1.16436,0.028685,-0.015359,0.021289,21.973
1772220270251600370,2026-02-27 14:24:30.251,0.222183,-0.331446,-1.31494,0.028984,-0.013333,0.019424,21.974000000000004
1772220270252766852,2026-02-27 14:24:30.252,0.198366,-0.335855,-1.27502,0.026981,-0.012348,0.019401,21.97500000000001
1772220270253965005,2026-02-27 14:24:30.253,0.15483,-0.372695,-2.08374,0.024797,-0.011718,0.027662,21.976
1772220270255161864,2026-02-27 14:24:30.255,0.173721,-0.386247,-2.11387,0.024757,-0.010338,0.02611,21.97800000000001
1772220270256356712,2026-02-27 14:24:30.256,0.121513,-0.388199,-1.97412,0.020462,-0.011202,0.026139,21.979
1772220270257530466,2026-02-27 14:24:30.257,0.126466,-0.41146,-1.42885,0.021771,-0.011009,0.020682,21.980000000000004
1772220270258674880,2026-02-27 14:24:30.258,0.088234,-0.42347,-1.01535,0.016193,-0.011609,0.019322,21.98100000000001
1772220270259889046,2026-02-27 14:24:30.259,0.077679,-0.435325,-0.891267,0.008336,-0.011344,0.01858,21.982
1772220270261084313,2026-02-27 14:24:30.261,0.118611,-0.441686,-0.771519,0.008037,-0.012235,0.019054,21.98400000000001
1772220270262278959,2026-02-27 14:24:30.262,0.137063,-0.487188,-0.319371,0.010184,-0.013532,0.012283,21.985
1772220270263490649,2026-02-27 14:24:30.263,0.162055,-0.407442,0.220468,0.01028,-0.01213,0.007679,21.986000000000004
1772220270264619224,2026-02-27 14:24:30.264,0.158533,-0.558731,-0.551453,0.001955,-0.007782,0.010137,21.98700000000001
1772220270265773368,2026-02-27 14:24:30.265,0.156787,-0.574168,-0.992933,0.000455,-0.006537,0.012186,21.988
1772220270266967965,2026-02-27 14:24:30.266,0.120676,-0.638971,-1.08515,-0.000679,-0.004801,0.010575,21.989000000000004
1772220270268148991,2026-02-27 14:24:30.268,0.121749,-0.720646,-0.986973,-0.003187,-0.006418,0.010983,21.991
1772220270269345398,2026-02-27 14:24:30.269,0.069299,-0.721997,-0.887829,-0.007161,-0.007475,0.010999,21.992000000000004
1772220270270530405,2026-02-27 14:24:30.270,0.019553,-0.695384,-0.871768,-0.004454,-0.005613,0.011721,21.99300000000001
1772220270271817128,2026-02-27 14:24:30.271,0.047795,-0.743314,-1.31456,-0.013321,-0.005193,0.016796,21.994
1772220270273013155,2026-02-27 14:24:30.273,0.029631,-0.730826,-1.23969,-0.013594,-0.006386,0.017721,21.99600000000001
1772220270274208445,2026-02-27 14:24:30.274,-0.017823,-0.689338,-0.849364,-0.013912,-0.006022,0.013915,21.997
1772220270275391913,2026-02-27 14:24:30.275,-0.068526,-0.713138,-0.527309,-0.018276,-0.005039,0.011012,21.998000000000005
1772220270276554339,2026-02-27 14:24:30.276,0.024872,-0.750438,-0.643104,-0.013536,-0.005322,0.010551,21.99900000000001
1772220270277684615,2026-02-27 14:24:30.277,0.118234,-0.79512,-0.595873,-0.018167,-0.002112,0.00651,22.0
1772220270278852386,2026-02-27 14:24:30.278,-0.011253,-0.792389,0.289278,-0.022586,-0.001942,-0.004983,22.001000000000005
1772220270280047546,2026-02-27 14:24:30.280,-0.043641,-0.806199,0.156215,-0.015311,-0.001341,-0.00298,22.003
1772220270281241534,2026-02-27 14:24:30.281,-0.058341,-0.829722,0.233967,-0.022307,-0.002426,-0.002858,22.004000000000005
1772220270282436484,2026-02-27 14:24:30.282,0.017237,-0.821133,-0.386746,-0.019378,-0.001995,0.002156,22.00500000000001
1772220270283694470,2026-02-27 14:24:30.283,0.017335,-0.752459,-0.637735,-0.018678,-0.002058,0.006342,22.006
1772220270284907502,2026-02-27 14:24:30.284,0.016645,-0.799208,-0.610077,-0.020331,-0.003619,0.008244,22.007000000000005
1772220270286107072,2026-02-27 14:24:30.286,0.001954,-0.790491,-0.591603,-0.020618,-0.003684,0.008475,22.009
1772220270287301661,2026-02-27 14:24:30.287,0.039668,-0.773821,-1.14717,-0.022263,-0.00476,0.015614,22.010000000000005
1772220270288511055,2026-02-27 14:24:30.288,0.085687,-0.747296,-1.58899,-0.020494,-0.005615,0.017972,22.01100000000001
1772220270289639293,2026-02-27 14:24:30.289,0.112568,-0.764195,-1.27719,-0.021808,-0.005844,0.017027,22.012
1772220270290790687,2026-02-27 14:24:30.290,0.080502,-0.813545,-0.685154,-0.024288,-0.007435,0.010268,22.013000000000005
1772220270291987572,2026-02-27 14:24:30.291,0.127991,-0.809628,-0.427331,-0.021202,-0.007323,0.008526,22.01400000000001
1772220270293185968,2026-02-27 14:24:30.293,0.130354,-0.79287,-0.475301,-0.022407,-0.008038,0.009561,22.016000000000005
1772220270294380905,2026-02-27 14:24:30.294,0.141653,-0.78284,-0.4154,-0.021667,-0.008133,0.009823,22.01700000000001
1772220270295561273,2026-02-27 14:24:30.295,0.153529,-0.802281,-0.245694,-0.023379,-0.011489,0.008632,22.018
1772220270296691887,2026-02-27 14:24:30.296,0.180528,-0.731723,0.288656,-0.02245,-0.014934,0.007953,22.019000000000005
1772220270297857222,2026-02-27 14:24:30.297,0.210811,-0.779749,0.316836,-0.024715,-0.016704,0.009826,22.02000000000001
1772220270299051420,2026-02-27 14:24:30.299,0.305428,-0.748281,-0.142127,-0.02515,-0.01726,0.014875,22.022000000000006
1772220270300224233,2026-02-27 14:24:30.300,0.289729,-0.733873,-0.303396,-0.0258,-0.019766,0.017604,22.02300000000001
1772220270301361730,2026-02-27 14:24:30.301,0.360526,-0.738319,-0.23246,-0.027047,-0.022179,0.019319,22.024
1772220270302568715,2026-02-27 14:24:30.302,0.349919,-0.746221,-0.212096,-0.029717,-0.023961,0.019089,22.025000000000006
1772220270303688739,2026-02-27 14:24:30.303,0.400371,-0.673125,-0.197815,-0.027536,-0.025615,0.020246,22.02600000000001
1772220270304881476,2026-02-27 14:24:30.304,0.433377,-0.704019,-0.856704,-0.032128,-0.026252,0.02745,22.027
1772220270306049200,2026-02-27 14:24:30.306,0.502,-0.706105,-0.790032,-0.03305,-0.029229,0.029821,22.02900000000001
1772220270307241465,2026-02-27 14:24:30.307,0.500993,-0.672367,-0.193013,-0.031379,-0.03122,0.025749,22.03
1772220270308433753,2026-02-27 14:24:30.308,0.51179,-0.676949,0.023327,-0.031991,-0.033239,0.023741,22.031000000000006
1772220270309574347,2026-02-27 14:24:30.309,0.599037,-0.661339,0.099474,-0.032405,-0.033461,0.024804,22.03200000000001
1772220270310701618,2026-02-27 14:24:30.310,0.620749,-0.650451,0.167432,-0.032986,-0.037814,0.02681,22.033
1772220270311847432,2026-02-27 14:24:30.311,0.64103,-0.663798,0.832489,-0.033851,-0.039397,0.02161,22.034000000000006
1772220270313026711,2026-02-27 14:24:30.313,0.648988,-0.636668,1.04427,-0.032303,-0.039102,0.020484,22.036
1772220270314193714,2026-02-27 14:24:30.314,0.630552,-0.671561,0.810869,-0.03069,-0.040956,0.021903,22.037000000000006
1772220270315373206,2026-02-27 14:24:30.315,0.70372,-0.691441,0.39069,-0.035735,-0.043425,0.02689,22.03800000000001
1772220270316559904,2026-02-27 14:24:30.316,0.735179,-0.658367,-0.04443,-0.033964,-0.042626,0.031375,22.039
1772220270317686210,2026-02-27 14:24:30.317,0.733828,-0.738725,-0.047312,-0.034533,-0.043881,0.031764,22.040000000000006
1772220270318828927,2026-02-27 14:24:30.318,0.697071,-0.7331,-0.009912,-0.03812,-0.044467,0.031956,22.04100000000001
1772220270319995372,2026-02-27 14:24:30.319,0.760183,-0.750396,-0.165018,-0.039826,-0.045841,0.033945,22.042
1772220270321166567,2026-02-27 14:24:30.321,0.744483,-0.784585,-1.00997,-0.04163,-0.046759,0.041562,22.04400000000001
1772220270322333612,2026-02-27 14:24:30.322,0.787475,-0.828952,-0.575654,-0.043368,-0.046965,0.037448,22.045
1772220270323511687,2026-02-27 14:24:30.323,0.759603,-0.830151,-0.50723,-0.044039,-0.046756,0.036202,22.046000000000006
1772220270324638293,2026-02-27 14:24:30.324,0.746671,-0.891912,0.098614,-0.048207,-0.047499,0.030453,22.04700000000001
1772220270325785295,2026-02-27 14:24:30.325,0.736819,-0.903237,-0.001756,-0.048958,-0.047027,0.030161,22.048000000000002
1772220270326952530,2026-02-27 14:24:30.326,0.737407,-0.902774,0.078982,-0.050244,-0.047773,0.030189,22.049000000000007
1772220270328118000,2026-02-27 14:24:30.328,0.716895,-0.92357,0.076296,-0.053993,-0.048126,0.030328,22.051000000000002
1772220270329289573,2026-02-27 14:24:30.329,0.73555,-0.875471,1.1577,-0.054622,-0.047555,0.020666,22.052000000000007
1772220270330483038,2026-02-27 14:24:30.330,0.747915,-0.946281,0.931951,-0.059397,-0.048549,0.023828,22.05300000000001
1772220270331610841,2026-02-27 14:24:30.331,0.708271,-0.972737,0.934783,-0.061254,-0.048827,0.023162,22.054000000000002
1772220270332774320,2026-02-27 14:24:30.332,0.711976,-0.987723,0.147137,-0.06451,-0.048094,0.031396,22.055000000000007
1772220270333950994,2026-02-27 14:24:30.333,0.713938,-1.0217,0.237604,-0.066009,-0.048902,0.029912,22.05600000000001
1772220270335127178,2026-02-27 14:24:30.335,0.706578,-1.06727,0.255823,-0.069256,-0.049023,0.030048,22.058000000000007
1772220270336300302,2026-02-27 14:24:30.336,0.708794,-1.07118,0.280744,-0.069258,-0.047514,0.029395,22.05900000000001
1772220270337489092,2026-02-27 14:24:30.337,0.664617,-1.07474,-0.440124,-0.071511,-0.047029,0.036656,22.060000000000002
1772220270338616943,2026-02-27 14:24:30.338,0.691204,-1.17207,-0.56344,-0.075737,-0.047818,0.036656,22.061000000000007
1772220270339764229,2026-02-27 14:24:30.339,0.605678,-1.13088,0.09333,-0.077956,-0.044861,0.02931,22.062000000000012
1772220270340943649,2026-02-27 14:24:30.340,0.577594,-1.18425,0.341034,-0.07892,-0.043986,0.025555,22.063000000000002
1772220270342112119,2026-02-27 14:24:30.342,0.52501,-1.22122,0.434422,-0.081481,-0.043798,0.023424,22.065000000000012
1772220270343278570,2026-02-27 14:24:30.343,0.46659,-1.28926,0.397609,-0.086243,-0.042384,0.022425,22.066000000000003
1772220270344445983,2026-02-27 14:24:30.344,0.463168,-1.2581,0.365168,-0.082764,-0.039718,0.021391,22.067000000000007
1772220270345590766,2026-02-27 14:24:30.345,0.49601,-1.29669,0.7165,-0.085466,-0.039609,0.017428,22.068000000000012
1772220270346719882,2026-02-27 14:24:30.346,0.427684,-1.29842,0.970963,-0.085777,-0.0355,0.012626,22.069000000000003
1772220270347847752,2026-02-27 14:24:30.347,0.42931,-1.34989,0.842925,-0.091025,-0.034852,0.013261,22.070000000000007
1772220270349025388,2026-02-27 14:24:30.349,0.42345,-1.36285,0.377333,-0.090903,-0.033424,0.015972,22.072000000000003
1772220270350199698,2026-02-27 14:24:30.350,0.424646,-1.36593,0.317152,-0.089949,-0.031729,0.015931,22.073000000000008
1772220270351374424,2026-02-27 14:24:30.351,0.455851,-1.36945,0.302089,-0.089589,-0.030627,0.015254,22.074000000000012
1772220270352545386,2026-02-27 14:24:30.352,0.396946,-1.45352,0.32735,-0.089262,-0.029389,0.014389,22.075000000000003
1772220270353667854,2026-02-27 14:24:30.353,0.40213,-1.39156,0.312411,-0.090111,-0.028534,0.013527,22.076000000000008
1772220270354848359,2026-02-27 14:24:30.354,0.338302,-1.40117,-0.344661,-0.096309,-0.027812,0.020104,22.077000000000012
1772220270355979494,2026-02-27 14:24:30.355,0.408473,-1.37477,-0.360653,-0.089208,-0.028288,0.020011,22.078000000000003
1772220270357155609,2026-02-27 14:24:30.357,0.314199,-1.36203,0.184685,-0.087454,-0.02445,0.014372,22.080000000000013
1772220270358331733,2026-02-27 14:24:30.358,0.339059,-1.41287,0.393562,-0.08573,-0.023643,0.010624,22.081000000000003
1772220270359515988,2026-02-27 14:24:30.359,0.3214,-1.38834,0.438585,-0.083942,-0.022189,0.010047,22.082000000000008
1772220270360674102,2026-02-27 14:24:30.360,0.241658,-1.41329,0.490161,-0.074454,-0.018859,0.008762,22.083000000000013
1772220270361842528,2026-02-27 14:24:30.361,0.220615,-1.26897,1.29809,-0.0765,-0.021605,0.000112,22.084000000000003
1772220270363033444,2026-02-27 14:24:30.363,0.204606,-1.24305,1.32593,-0.076691,-0.021251,0.002063,22.086000000000013
1772220270364227918,2026-02-27 14:24:30.364,0.187722,-1.29886,1.22174,-0.075501,-0.02143,0.00244,22.087000000000003
1772220270365421965,2026-02-27 14:24:30.365,0.2658,-1.24121,0.762491,-0.075132,-0.021846,0.007527,22.088000000000008
1772220270366566980,2026-02-27 14:24:30.366,0.311441,-1.23136,0.412484,-0.074459,-0.022513,0.011396,22.089
1772220270367690521,2026-02-27 14:24:30.367,0.284881,-1.21981,0.380307,-0.067905,-0.019798,0.010429,22.090000000000003
1772220270368892515,2026-02-27 14:24:30.368,0.230612,-1.10308,0.365647,-0.06393,-0.020864,0.009546,22.091000000000008
1772220270370084287,2026-02-27 14:24:30.370,0.264305,-1.02813,0.038208,-0.079104,-0.027029,0.015143,22.093000000000004
1772220270371274496,2026-02-27 14:24:30.371,0.360065,-1.11598,-0.511791,-0.073575,-0.025447,0.022091,22.09400000000001
1772220270372478144,2026-02-27 14:24:30.372,0.398315,-1.13495,-0.244427,-0.05629,-0.018038,0.016691,22.095
1772220270373606755,2026-02-27 14:24:30.373,0.255525,-1.11211,0.02934,-0.037999,-0.012157,0.009755,22.096000000000004
1772220270374736131,2026-02-27 14:24:30.374,0.208302,-0.914777,0.295899,-0.038902,-0.01554,0.00601,22.09700000000001
1772220270375886925,2026-02-27 14:24:30.375,0.208801,-0.865496,0.508857,-0.035633,-0.015392,0.007929,22.098
1772220270377062051,2026-02-27 14:24:30.377,0.149021,-0.756148,0.481277,-0.025509,-0.009503,0.006423,22.10000000000001
1772220270378257849,2026-02-27 14:24:30.378,0.221511,-0.59924,0.578578,-0.024596,-0.010009,0.004199,22.101
1772220270379562356,2026-02-27 14:24:30.379,0.084443,-0.512946,1.5344,-0.032109,-0.017435,-0.002885,22.102000000000004
1772220270380706997,2026-02-27 14:24:30.380,0.093342,-0.486831,1.10362,-0.033453,-0.024259,0.006786,22.10300000000001
1772220270381900763,2026-02-27 14:24:30.381,0.293786,-0.531856,0.631579,-0.011039,-0.005059,0.006569,22.104
1772220270383075620,2026-02-27 14:24:30.383,0.198865,-0.30805,0.451847,-0.037456,-0.02683,0.01304,22.10600000000001
1772220270384208436,2026-02-27 14:24:30.384,0.265938,-0.449234,0.446057,-0.022676,-0.014532,0.012193,22.107
1772220270385407429,2026-02-27 14:24:30.385,0.18401,-0.406153,0.315631,-0.020814,-0.011798,0.007063,22.108000000000004
1772220270386570094,2026-02-27 14:24:30.386,0.238989,-0.313471,0.358454,-0.00996,-0.0068,0.004482,22.10900000000001
1772220270387696935,2026-02-27 14:24:30.387,0.182939,-0.249756,-0.536982,-0.00332,-0.001744,0.010954,22.11
1772220270388847119,2026-02-27 14:24:30.388,0.091806,-0.130814,-0.517107,-0.000963,-0.00154,0.007711,22.111000000000004
1772220270390017015,2026-02-27 14:24:30.390,-0.083715,-0.036354,0.04406,-0.002343,0.001764,0.002327,22.113
1772220270391212234,2026-02-27 14:24:30.391,-0.035911,0.066016,0.268099,0.0076,0.002801,-0.000105,22.114000000000004
1772220270392408068,2026-02-27 14:24:30.392,-0.103696,0.089421,0.362967,0.004092,0.002459,0.000571,22.11500000000001
1772220270393563105,2026-02-27 14:24:30.393,-0.09575,0.11822,0.314881,0.006875,0.00276,0.001891,22.116
1772220270394689233,2026-02-27 14:24:30.394,-0.077724,0.10726,0.276022,0.006176,0.003021,0.001621,22.117000000000004
1772220270395837461,2026-02-27 14:24:30.395,-0.063648,0.114461,0.857605,0.008346,0.001632,-0.003122,22.11800000000001
1772220270397006701,2026-02-27 14:24:30.397,-0.134281,0.203246,0.983005,0.007266,0.002877,-0.00386,22.120000000000005
1772220270398201087,2026-02-27 14:24:30.398,-0.133379,0.185915,0.62102,0.009658,0.004362,-0.001265,22.12100000000001
1772220270399394808,2026-02-27 14:24:30.399,-0.190202,0.186831,0.215429,0.005913,0.005133,0.001231,22.122
1772220270400563323,2026-02-27 14:24:30.400,-0.20001,0.241607,0.114861,0.011133,0.006117,0.001306,22.123000000000005
1772220270401692484,2026-02-27 14:24:30.401,-0.194411,0.190023,0.170896,0.007534,0.004937,0.001888,22.12400000000001
1772220270402850735,2026-02-27 14:24:30.402,-0.15427,0.200323,0.170628,0.00896,0.004622,0.002119,22.125
1772220270404020768,2026-02-27 14:24:30.404,-0.146954,0.251,-0.933949,0.012253,0.005869,0.012477,22.12700000000001
1772220270405210273,2026-02-27 14:24:30.405,-0.210318,0.25068,-0.498735,0.006776,0.006613,0.007715,22.128
1772220270406404419,2026-02-27 14:24:30.406,-0.188105,0.253888,-0.497477,0.009754,0.006948,0.007762,22.129000000000005
1772220270407568108,2026-02-27 14:24:30.407,-0.192106,0.206783,-0.006774,0.007268,0.00479,0.004145,22.13000000000001
1772220270408695815,2026-02-27 14:24:30.408,-0.249605,0.220403,0.208822,0.006371,0.006183,0.002128,22.131
1772220270409861064,2026-02-27 14:24:30.409,-0.207747,0.180088,0.147809,0.007441,0.005792,0.00229,22.132000000000005
1772220270411033429,2026-02-27 14:24:30.411,-0.220303,0.169921,0.16922,0.006711,0.006268,0.002068,22.134
1772220270412225359,2026-02-27 14:24:30.412,-0.256423,0.118996,1.1476,0.004323,0.005797,-0.007695,22.135000000000005
1772220270413420514,2026-02-27 14:24:30.413,-0.272165,0.160765,0.954167,0.006487,0.007097,-0.006036,22.13600000000001
1772220270414563558,2026-02-27 14:24:30.414,-0.241757,0.12764,0.870823,0.006283,0.006456,-0.005685,22.137
1772220270415689727,2026-02-27 14:24:30.415,-0.295373,0.095647,0.2916,0.001613,0.006434,-0.001603,22.138000000000005
1772220270416867587,2026-02-27 14:24:30.416,-0.226871,0.074586,-0.01507,0.004715,0.006244,0.00209,22.13900000000001
1772220270417991535,2026-02-27 14:24:30.417,-0.268591,0.032437,-0.053834,0.004038,0.006311,0.001627,22.14
1772220270419286755,2026-02-27 14:24:30.419,-0.237177,0.031507,0.00724,0.002461,0.005542,0.001621,22.14200000000001
1772220270420489251,2026-02-27 14:24:30.420,-0.189374,0.040659,-0.598374,0.004044,0.005445,0.00728,22.143
1772220270421668907,2026-02-27 14:24:30.421,-0.238273,0.03806,-1.00209,0.002558,0.005512,0.009615,22.144000000000005
1772220270422847215,2026-02-27 14:24:30.422,-0.222513,0.02539,-0.707785,0.000943,0.006725,0.008214,22.14500000000001
1772220270424019739,2026-02-27 14:24:30.424,-0.206693,0.048766,-0.015696,0.001638,0.004416,0.002027,22.147000000000006
1772220270425196895,2026-02-27 14:24:30.425,-0.205344,0.04571,-0.00284,0.002303,0.00553,0.000106,22.14800000000001
1772220270426391362,2026-02-27 14:24:30.426,-0.206766,0.01562,0.034502,0.001436,0.003976,0.000544,22.149
1772220270427587187,2026-02-27 14:24:30.427,-0.177766,0.081251,0.056725,0.00194,0.004238,0.000368,22.150000000000006
1772220270428716606,2026-02-27 14:24:30.428,-0.189229,0.037221,0.23362,-0.00027,0.003903,-0.001943,22.15100000000001
1772220270429894506,2026-02-27 14:24:30.429,-0.268786,0.061676,1.03632,-0.001605,0.004249,-0.009804,22.152
1772220270431068067,2026-02-27 14:24:30.431,-0.240276,0.114581,0.663047,0.000304,0.003936,-0.005467,22.15400000000001
1772220270432259515,2026-02-27 14:24:30.432,-0.178876,0.082704,0.004055,0.002929,0.00365,-0.000911,22.155
1772220270433474002,2026-02-27 14:24:30.433,-0.246568,0.089628,-0.145428,0.001543,0.00383,-0.000129,22.156000000000006
1772220270434602436,2026-02-27 14:24:30.434,-0.212552,0.152788,-0.149432,0.005588,0.004147,0.000819,22.15700000000001
1772220270435731816,2026-02-27 14:24:30.435,-0.232043,0.131896,-0.144099,0.001532,0.003217,-0.000318,22.158
1772220270436912261,2026-02-27 14:24:30.436,-0.141157,0.178472,-0.18433,0.006847,0.003446,0.000169,22.159000000000006
1772220270438084797,2026-02-27 14:24:30.438,-0.184127,0.191455,-0.875666,0.004083,0.00319,0.005959,22.161
1772220270439276385,2026-02-27 14:24:30.439,-0.17246,0.235599,-0.902678,0.005033,0.002771,0.007056,22.162000000000006
1772220270440484836,2026-02-27 14:24:30.440,-0.213972,0.254686,-0.457901,0.00883,0.004271,0.001412,22.16300000000001
1772220270441615781,2026-02-27 14:24:30.441,-0.22825,0.245558,-0.12033,0.006227,0.003619,-0.00058,22.164
1772220270442751322,2026-02-27 14:24:30.442,-0.175347,0.313238,-0.173795,0.010027,0.004394,-0.001389,22.165000000000006
1772220270443883812,2026-02-27 14:24:30.443,-0.298162,0.334849,-0.157216,0.006099,0.004662,-0.001384,22.16600000000001
1772220270445056453,2026-02-27 14:24:30.445,-0.127788,0.226369,0.366046,-0.010708,-0.042193,0.016825,22.168000000000006
1772220270446231910,2026-02-27 14:24:30.446,0.0636,0.137144,0.549005,-0.014556,-0.036155,0.017451,22.16900000000001
1772220270447432286,2026-02-27 14:24:30.447,0.211823,0.092952,0.229841,-0.015719,-0.041255,0.019781,22.17
1772220270448571254,2026-02-27 14:24:30.448,0.265715,-0.027666,-0.27632,-0.01471,-0.046017,0.025692,22.171000000000006
1772220270449698728,2026-02-27 14:24:30.449,0.28645,-0.045331,-0.767658,-0.010644,-0.041063,0.026479,22.17200000000001
1772220270450870686,2026-02-27 14:24:30.450,0.260355,-0.012259,-0.794419,-0.011406,-0.042141,0.024148,22.173000000000002
1772220270452047231,2026-02-27 14:24:30.452,0.234948,-0.057899,-0.85754,-0.014709,-0.045958,0.02409,22.17500000000001
1772220270453220280,2026-02-27 14:24:30.453,0.334202,-0.117547,-1.1068,-0.016314,-0.044391,0.025088,22.176000000000002
1772220270454418558,2026-02-27 14:24:30.454,0.359723,-0.150296,-1.99417,-0.013126,-0.040563,0.030343,22.177000000000007
1772220270455563584,2026-02-27 14:24:30.455,0.365517,-0.188649,-1.66009,-0.016838,-0.041188,0.025736,22.17800000000001
1772220270456689181,2026-02-27 14:24:30.456,0.356134,-0.268896,-1.66771,-0.017697,-0.039882,0.023733,22.179000000000002
1772220270457860389,2026-02-27 14:24:30.457,0.340795,-0.350581,-1.49519,-0.015579,-0.036153,0.019295,22.180000000000007
1772220270459031774,2026-02-27 14:24:30.459,0.248665,-0.55005,-1.59469,-0.017371,-0.034018,0.015483,22.182000000000002
1772220270460198449,2026-02-27 14:24:30.460,0.195714,-0.695266,-2.11535,-0.005136,-0.026666,0.011662,22.183000000000007
1772220270461391703,2026-02-27 14:24:30.461,0.1381,-0.781654,-2.28402,-0.002555,-0.024137,0.009435,22.18400000000001
1772220270462561714,2026-02-27 14:24:30.462,0.100915,-0.887799,-1.41293,-0.001077,-0.020758,-0.002315,22.185000000000002
1772220270463695326,2026-02-27 14:24:30.463,0.011069,-0.907608,-1.79819,-0.001422,-0.015466,0.000416,22.186000000000007
1772220270464911050,2026-02-27 14:24:30.464,-0.023715,-0.942342,-1.87109,-0.002339,-0.012164,-0.000973,22.187000000000012
1772220270466083867,2026-02-27 14:24:30.466,-0.090007,-0.986976,-2.61455,-0.005185,-0.009456,0.003443,22.189000000000007
1772220270467255652,2026-02-27 14:24:30.467,-0.086281,-1.09443,-3.15964,0.00019,-0.004554,0.003121,22.190000000000012
1772220270468477231,2026-02-27 14:24:30.468,-0.133373,-1.16982,-3.38999,0.004796,-0.002134,0.001117,22.191000000000003
1772220270469614246,2026-02-27 14:24:30.469,-0.121376,-1.21215,-3.60323,0.003222,-0.000682,-0.00058,22.192000000000007
1772220270470806351,2026-02-27 14:24:30.470,-0.224207,-1.25016,-4.53787,0.003886,0.001653,0.005116,22.193000000000012
1772220270472003227,2026-02-27 14:24:30.472,-0.198614,-1.31444,-4.7434,0.001174,0.001661,0.005323,22.195000000000007
1772220270473176467,2026-02-27 14:24:30.473,-0.406875,-1.37042,-4.47122,-0.000641,0.007311,-0.002678,22.196000000000012
1772220270474365299,2026-02-27 14:24:30.474,-0.373766,-1.36403,-4.30247,0.005716,0.011287,-0.006157,22.197000000000003
1772220270475563209,2026-02-27 14:24:30.475,-0.486994,-1.4006,-4.19369,0.00404,0.01285,-0.007606,22.198000000000008
1772220270476696941,2026-02-27 14:24:30.476,-0.555638,-1.44632,-4.31767,0.003934,0.015022,-0.007482,22.199000000000012
1772220270477884116,2026-02-27 14:24:30.477,-0.517217,-1.42172,-4.42889,0.008717,0.016963,-0.008762,22.200000000000003
1772220270479055836,2026-02-27 14:24:30.479,-0.582495,-1.46133,-4.2736,0.009122,0.023092,-0.01387,22.202000000000012
1772220270480225188,2026-02-27 14:24:30.480,-0.642,-1.39412,-3.93457,0.012822,0.022712,-0.015879,22.203000000000003
1772220270481414954,2026-02-27 14:24:30.481,-0.734515,-1.46158,-4.20608,0.012507,0.026968,-0.015015,22.204000000000008
1772220270482571464,2026-02-27 14:24:30.482,-0.676244,-1.50318,-4.92488,0.016104,0.033767,-0.013571,22.205000000000013
1772220270483697422,2026-02-27 14:24:30.483,-0.715255,-1.53653,-5.30886,0.020694,0.038328,-0.016955,22.206000000000003
1772220270484827814,2026-02-27 14:24:30.484,-0.777701,-1.45439,-5.5168,0.026376,0.041465,-0.019266,22.207000000000008
1772220270485987801,2026-02-27 14:24:30.485,-0.922124,-1.49308,-5.67081,0.029158,0.046229,-0.020798,22.208000000000013
1772220270487267930,2026-02-27 14:24:30.487,-0.983104,-1.56126,-6.99561,0.036118,0.05346,-0.014017,22.210000000000008
1772220270488484517,2026-02-27 14:24:30.488,-1.00435,-1.58438,-6.84866,0.038926,0.054049,-0.017732,22.211000000000013
1772220270489615845,2026-02-27 14:24:30.489,-1.07985,-1.66291,-7.06134,0.038285,0.058354,-0.019635,22.212000000000003
1772220270490741063,2026-02-27 14:24:30.490,-1.14988,-1.64143,-6.78545,0.047852,0.059157,-0.024156,22.213000000000008
1772220270491912290,2026-02-27 14:24:30.491,-1.22929,-1.68353,-6.62692,0.045247,0.061827,-0.026917,22.214
1772220270493105027,2026-02-27 14:24:30.493,-1.26235,-1.69876,-6.85516,0.048948,0.063504,-0.026126,22.216000000000008
1772220270494272009,2026-02-27 14:24:30.494,-1.30259,-1.69672,-7.10473,0.057672,0.067229,-0.028034,22.217
1772220270495479527,2026-02-27 14:24:30.495,-1.31818,-1.6467,-6.43237,0.063112,0.070045,-0.037167,22.218000000000004
1772220270496607816,2026-02-27 14:24:30.496,-1.38136,-1.63021,-6.59309,0.067668,0.073109,-0.037375,22.21900000000001
1772220270497734365,2026-02-27 14:24:30.497,-1.37283,-1.67358,-6.90383,0.075168,0.077025,-0.039185,22.22
1772220270498905458,2026-02-27 14:24:30.498,-1.40459,-1.63742,-7.59897,0.081384,0.078963,-0.035371,22.221000000000004
1772220270500101369,2026-02-27 14:24:30.500,-1.49062,-1.63782,-8.0467,0.084071,0.081302,-0.032344,22.223
1772220270501275942,2026-02-27 14:24:30.501,-1.58569,-1.47145,-8.17685,0.096458,0.08557,-0.033783,22.224000000000004
1772220270502491964,2026-02-27 14:24:30.502,-1.61685,-1.46709,-8.16202,0.095776,0.083902,-0.033103,22.22500000000001
1772220270503621849,2026-02-27 14:24:30.503,-1.59481,-1.47281,-8.94008,0.108976,0.092484,-0.031478,22.226
1772220270504751420,2026-02-27 14:24:30.504,-1.67716,-1.46039,-9.87226,0.115594,0.097073,-0.028877,22.227000000000004
1772220270505880531,2026-02-27 14:24:30.505,-1.8093,-1.47193,-9.66138,0.116399,0.099685,-0.033413,22.22800000000001
1772220270507015797,2026-02-27 14:24:30.507,-1.83123,-1.44759,-9.59622,0.126991,0.102639,-0.036591,22.230000000000004
1772220270508135716,2026-02-27 14:24:30.508,-1.92858,-1.41344,-9.45546,0.132028,0.106114,-0.039376,22.23100000000001
1772220270509251470,2026-02-27 14:24:30.509,-2.00367,-1.37607,-9.49979,0.141631,0.11048,-0.041551,22.232
1772220270510366648,2026-02-27 14:24:30.510,-2.0371,-1.3264,-9.59668,0.145499,0.112816,-0.042153,22.233000000000004
1772220270511483305,2026-02-27 14:24:30.511,-2.03918,-1.34209,-9.63828,0.146678,0.113162,-0.04195,22.23400000000001
1772220270512594514,2026-02-27 14:24:30.512,-2.20042,-1.37233,-8.76547,0.148776,0.115055,-0.051203,22.235
1772220270513702033,2026-02-27 14:24:30.513,-2.1322,-1.4166,-9.4481,0.158194,0.120073,-0.048744,22.236000000000004
1772220270514892045,2026-02-27 14:24:30.514,-2.16031,-1.40715,-9.69657,0.163103,0.124981,-0.050966,22.23700000000001
1772220270516088088,2026-02-27 14:24:30.516,-2.24346,-1.37316,-10.3938,0.165977,0.126233,-0.047184,22.239000000000004
1772220270517261427,2026-02-27 14:24:30.517,-2.28283,-1.38536,-10.917,0.17551,0.128984,-0.047726,22.24000000000001
1772220270518395397,2026-02-27 14:24:30.518,-2.32019,-1.38422,-10.9956,0.175146,0.131773,-0.048224,22.241
1772220270519542570,2026-02-27 14:24:30.519,-2.41461,-1.39974,-11.1944,0.175219,0.134952,-0.049188,22.242000000000004
1772220270520673534,2026-02-27 14:24:30.520,-2.40147,-1.40296,-12.2678,0.18207,0.136347,-0.040269,22.24300000000001
1772220270521856731,2026-02-27 14:24:30.521,-2.34471,-1.44019,-12.4175,0.186131,0.13904,-0.041854,22.244
1772220270523055452,2026-02-27 14:24:30.523,-2.40492,-1.45768,-12.5326,0.188848,0.141113,-0.042935,22.24600000000001
1772220270524228237,2026-02-27 14:24:30.524,-2.51489,-1.48427,-12.3251,0.19384,0.144761,-0.049771,22.247
1772220270525404254,2026-02-27 14:24:30.525,-2.61821,-1.51845,-12.3765,0.199381,0.151826,-0.054234,22.248000000000005
1772220270526546908,2026-02-27 14:24:30.526,-2.65584,-1.54893,-12.4986,0.198781,0.153811,-0.054339,22.24900000000001
1772220270527674698,2026-02-27 14:24:30.527,-2.75995,-1.6062,-12.6568,0.201145,0.155387,-0.055226,22.25
1772220270528848876,2026-02-27 14:24:30.528,-2.82121,-1.63872,-12.1169,0.198708,0.154426,-0.060288,22.251000000000005
1772220270530046175,2026-02-27 14:24:30.530,-2.8406,-1.63451,-11.8487,0.201413,0.157911,-0.063753,22.253
1772220270531220125,2026-02-27 14:24:30.531,-2.79542,-1.69348,-12.1707,0.202936,0.158643,-0.060977,22.254000000000005
1772220270532395860,2026-02-27 14:24:30.532,-2.88016,-1.75048,-13.2714,0.207425,0.166485,-0.057532,22.25500000000001
1772220270533528902,2026-02-27 14:24:30.533,-2.95172,-1.73247,-13.5508,0.21198,0.171931,-0.058262,22.256
1772220270534656454,2026-02-27 14:24:30.534,-3.00646,-1.79006,-13.7972,0.215416,0.17639,-0.060956,22.257000000000005
1772220270535830971,2026-02-27 14:24:30.535,-3.10681,-1.76272,-13.8368,0.214152,0.175284,-0.061557,22.25800000000001
1772220270537027531,2026-02-27 14:24:30.537,-3.13644,-1.74533,-13.8162,0.213216,0.175747,-0.058555,22.260000000000005
1772220270538224636,2026-02-27 14:24:30.538,-3.11434,-1.8806,-15.1499,0.217591,0.183682,-0.053423,22.26100000000001
1772220270539399256,2026-02-27 14:24:30.539,-3.30427,-2.00835,-15.3868,0.224435,0.19696,-0.067027,22.262
1772220270540541914,2026-02-27 14:24:30.540,-3.42728,-2.02721,-15.1571,0.227803,0.200954,-0.071101,22.263000000000005
1772220270541671581,2026-02-27 14:24:30.541,-3.53393,-2.03862,-15.219,0.227298,0.205376,-0.074362,22.26400000000001
1772220270542849048,2026-02-27 14:24:30.542,-3.62963,-2.06915,-15.2816,0.225972,0.207795,-0.074422,22.265
1772220270544044019,2026-02-27 14:24:30.544,-3.70114,-2.03381,-15.3735,0.228733,0.212142,-0.075915,22.26700000000001
1772220270545242639,2026-02-27 14:24:30.545,-3.78349,-2.07084,-15.3375,0.226412,0.21351,-0.07551,22.268
1772220270546416627,2026-02-27 14:24:30.546,-3.88121,-2.03215,-14.4566,0.223478,0.211939,-0.079898,22.269000000000005
1772220270547529654,2026-02-27 14:24:30.547,-3.87044,-2.22428,-14.9992,0.231612,0.225399,-0.08333,22.27000000000001
1772220270548657193,2026-02-27 14:24:30.548,-3.86536,-2.23092,-15.8355,0.233083,0.229837,-0.082979,22.271
1772220270549832807,2026-02-27 14:24:30.549,-4.01985,-2.24169,-16.4292,0.235938,0.232476,-0.082776,22.272000000000006
1772220270551028756,2026-02-27 14:24:30.551,-4.04877,-2.33842,-16.8615,0.245663,0.241902,-0.087687,22.274
1772220270552226778,2026-02-27 14:24:30.552,-4.16186,-2.27429,-16.8951,0.245307,0.243224,-0.089128,22.275000000000006
1772220270553402804,2026-02-27 14:24:30.553,-4.39448,-2.02243,-17.1068,0.237683,0.235792,-0.076635,22.27600000000001
1772220270554529409,2026-02-27 14:24:30.554,-4.20706,-2.16467,-17.4425,0.234916,0.236634,-0.071522,22.277
1772220270555656913,2026-02-27 14:24:30.555,-4.22332,-2.44331,-18.2583,0.260515,0.272131,-0.087915,22.278000000000006
1772220270556831633,2026-02-27 14:24:30.556,-4.55188,-2.27065,-18.1213,0.264615,0.27273,-0.097306,22.27900000000001
1772220270558028348,2026-02-27 14:24:30.558,-4.71288,-2.24538,-18.0717,0.264911,0.274115,-0.09911,22.281000000000006
1772220270559226790,2026-02-27 14:24:30.559,-4.77395,-2.26275,-18.1217,0.267646,0.276184,-0.100794,22.28200000000001
1772220270560400494,2026-02-27 14:24:30.560,-4.95082,-2.24498,-18.2944,0.2715,0.288538,-0.105582,22.283
1772220270561552176,2026-02-27 14:24:30.561,-5.04084,-2.23858,-18.2425,0.277363,0.296316,-0.110191,22.284000000000006
1772220270562682954,2026-02-27 14:24:30.562,-5.22893,-2.25896,-17.5419,0.281733,0.302794,-0.11783,22.28500000000001
1772220270563855578,2026-02-27 14:24:30.563,-5.31,-2.2008,-18.2669,0.287418,0.308981,-0.115776,22.286
1772220270565052307,2026-02-27 14:24:30.565,-5.35898,-2.26021,-18.4293,0.286604,0.312549,-0.11594,22.28800000000001
1772220270566248113,2026-02-27 14:24:30.566,-5.35412,-2.2322,-19.099,0.291219,0.31636,-0.11284,22.289
1772220270567435779,2026-02-27 14:24:30.567,-5.48348,-2.21821,-19.5241,0.298934,0.324833,-0.116162,22.290000000000006
1772220270568590195,2026-02-27 14:24:30.568,-5.50212,-2.19366,-19.6206,0.30265,0.327025,-0.116787,22.29100000000001
1772220270569724290,2026-02-27 14:24:30.569,-5.61573,-2.18264,-19.7542,0.304522,0.330902,-0.118303,22.292
1772220270570897869,2026-02-27 14:24:30.570,-5.60375,-2.11991,-20.8708,0.312792,0.333337,-0.108929,22.293000000000006
1772220270572097731,2026-02-27 14:24:30.572,-5.56887,-2.12551,-20.7455,0.31677,0.333709,-0.112223,22.295
1772220270573294062,2026-02-27 14:24:30.573,-5.6066,-2.1057,-20.8895,0.322025,0.335804,-0.111764,22.296000000000006
1772220270574479644,2026-02-27 14:24:30.574,-5.77598,-2.02791,-20.3579,0.328981,0.336881,-0.118464,22.29700000000001
1772220270575618594,2026-02-27 14:24:30.575,-5.74041,-1.98172,-20.4606,0.333227,0.336975,-0.118001,22.298000000000002
1772220270576811209,2026-02-27 14:24:30.576,-5.72067,-1.97729,-20.6373,0.339116,0.337845,-0.118638,22.299000000000007
1772220270578008652,2026-02-27 14:24:30.578,-5.6769,-1.98393,-20.7584,0.345275,0.336782,-0.118375,22.301000000000002
1772220270579205125,2026-02-27 14:24:30.579,-5.69024,-2.01061,-20.1071,0.346226,0.334986,-0.124597,22.302000000000007
1772220270580380431,2026-02-27 14:24:30.580,-5.68685,-1.9452,-20.0187,0.349951,0.334179,-0.125493,22.30300000000001
1772220270581527400,2026-02-27 14:24:30.581,-5.63959,-1.93006,-20.9392,0.357981,0.331653,-0.118123,22.304000000000002
1772220270582657623,2026-02-27 14:24:30.582,-5.62327,-1.93662,-21.368,0.359466,0.331352,-0.114706,22.305000000000007
1772220270583832401,2026-02-27 14:24:30.583,-5.61978,-1.88522,-21.5976,0.364636,0.32995,-0.113609,22.30600000000001
1772220270584971882,2026-02-27 14:24:30.584,-5.62192,-1.93085,-21.7398,0.365587,0.328349,-0.113668,22.307000000000002
1772220270586165909,2026-02-27 14:24:30.586,-5.60067,-1.92359,-21.8448,0.368557,0.326793,-0.113007,22.30900000000001
1772220270587354192,2026-02-27 14:24:30.587,-5.59755,-1.92271,-22.2281,0.374957,0.326644,-0.110093,22.310000000000002
1772220270588538519,2026-02-27 14:24:30.588,-5.55637,-1.99165,-22.7832,0.378286,0.325451,-0.105888,22.311000000000007
1772220270589668330,2026-02-27 14:24:30.589,-5.56475,-1.95151,-22.7603,0.380824,0.324157,-0.106203,22.312000000000012
1772220270590844016,2026-02-27 14:24:30.590,-5.53017,-1.92194,-22.6369,0.384386,0.323448,-0.109257,22.313000000000002
1772220270592040429,2026-02-27 14:24:30.592,-5.56232,-1.95383,-22.4858,0.384485,0.323413,-0.110665,22.315000000000012
1772220270593239534,2026-02-27 14:24:30.593,-5.58877,-2.01833,-22.733,0.389789,0.322232,-0.110052,22.316000000000003
1772220270594411979,2026-02-27 14:24:30.594,-5.5383,-1.9956,-22.8358,0.39324,0.321051,-0.109608,22.317000000000007
1772220270595532733,2026-02-27 14:24:30.595,-5.54068,-2.09682,-22.102,0.396024,0.319563,-0.119002,22.318000000000012
1772220270596763916,2026-02-27 14:24:30.596,-5.50887,-2.09735,-22.6125,0.398539,0.320484,-0.115419,22.319000000000003
1772220270597893265,2026-02-27 14:24:30.597,-5.56946,-2.11271,-22.7322,0.400606,0.321432,-0.115857,22.320000000000007
1772220270599075115,2026-02-27 14:24:30.599,-5.5872,-2.21536,-23.3988,0.399367,0.321719,-0.110533,22.322000000000003
1772220270600258564,2026-02-27 14:24:30.600,-5.59254,-2.2296,-23.9167,0.400468,0.323694,-0.109121,22.323000000000008
1772220270601429125,2026-02-27 14:24:30.601,-5.54559,-2.30542,-23.9336,0.404555,0.322732,-0.109313,22.324000000000012
1772220270602585117,2026-02-27 14:24:30.602,-5.62792,-2.42427,-24.281,0.405186,0.324127,-0.109316,22.325000000000003
1772220270603759806,2026-02-27 14:24:30.603,-5.62998,-2.43734,-25.2055,0.406148,0.326146,-0.101725,22.326000000000008
1772220270604955644,2026-02-27 14:24:30.604,-5.65295,-2.49067,-25.3683,0.405075,0.326663,-0.101861,22.327000000000012
1772220270606153068,2026-02-27 14:24:30.606,-5.73773,-2.57606,-25.3789,0.398871,0.327509,-0.103931,22.329000000000008
1772220270607351102,2026-02-27 14:24:30.607,-5.739,-2.56225,-25.0455,0.404272,0.328488,-0.107912,22.330000000000013
1772220270608539756,2026-02-27 14:24:30.608,-5.8153,-2.724,-24.7903,0.400246,0.331351,-0.113069,22.331000000000003
1772220270609683735,2026-02-27 14:24:30.609,-5.85052,-2.77642,-24.9815,0.401147,0.335743,-0.114939,22.332000000000008
1772220270610898677,2026-02-27 14:24:30.610,-5.90175,-2.84855,-25.1174,0.400251,0.337384,-0.116135,22.333000000000013
1772220270612096059,2026-02-27 14:24:30.612,-5.867,-2.92111,-24.8053,0.39699,0.337253,-0.120361,22.335000000000008
1772220270613292491,2026-02-27 14:24:30.613,-5.97109,-2.98732,-24.2719,0.397555,0.341836,-0.127363,22.336000000000013
1772220270614479245,2026-02-27 14:24:30.614,-5.98609,-3.0416,-24.6837,0.393469,0.341074,-0.12384,22.337000000000003
1772220270615590357,2026-02-27 14:24:30.615,-6.02092,-3.07147,-24.9809,0.392171,0.342318,-0.122124,22.338000000000008
1772220270616789365,2026-02-27 14:24:30.616,-6.07678,-3.30294,-25.7902,0.391727,0.353603,-0.122843,22.339
1772220270617961545,2026-02-27 14:24:30.617,-6.15277,-3.32752,-25.988,0.389815,0.355539,-0.124059,22.340000000000003
1772220270619159644,2026-02-27 14:24:30.619,-6.14034,-3.40728,-26.1582,0.388979,0.359395,-0.125988,22.342
1772220270620361153,2026-02-27 14:24:30.620,-6.22822,-3.52724,-26.3324,0.386409,0.362813,-0.127699,22.343000000000004
1772220270621529397,2026-02-27 14:24:30.621,-6.19544,-3.62431,-27.3895,0.384846,0.363384,-0.11857,22.34400000000001
1772220270622658691,2026-02-27 14:24:30.622,-6.33327,-3.79804,-27.2738,0.376045,0.365681,-0.121518,22.345
1772220270623831753,2026-02-27 14:24:30.623,-6.41291,-3.85928,-26.8767,0.37273,0.369074,-0.126533,22.346000000000004
1772220270625028686,2026-02-27 14:24:30.625,-6.45172,-3.92376,-26.7172,0.371001,0.370812,-0.129297,22.348
1772220270626223202,2026-02-27 14:24:30.626,-6.4772,-3.95849,-26.8045,0.364211,0.370763,-0.128851,22.349000000000004
1772220270627420920,2026-02-27 14:24:30.627,-6.49593,-4.08255,-26.8872,0.361047,0.372144,-0.128827,22.35000000000001
1772220270628636853,2026-02-27 14:24:30.628,-6.55978,-4.13191,-27.0192,0.359978,0.374494,-0.130656,22.351
1772220270629858118,2026-02-27 14:24:30.629,-6.67695,-4.25678,-26.3049,0.353045,0.377727,-0.140924,22.352000000000004
1772220270631055722,2026-02-27 14:24:30.631,-6.7324,-4.35038,-26.6286,0.352996,0.384162,-0.144423,22.354
1772220270632252323,2026-02-27 14:24:30.632,-6.81713,-4.39007,-27.3555,0.354103,0.390349,-0.142303,22.355000000000004
1772220270633449434,2026-02-27 14:24:30.633,-6.77106,-4.41858,-27.7958,0.357457,0.392814,-0.139991,22.35600000000001
1772220270634614549,2026-02-27 14:24:30.634,-6.98729,-4.49654,-27.9886,0.352677,0.396724,-0.139321,22.357
1772220270635799456,2026-02-27 14:24:30.635,-6.9626,-4.53408,-28.0842,0.352148,0.400926,-0.140123,22.358000000000004
1772220270636999353,2026-02-27 14:24:30.637,-7.04559,-4.53695,-28.5926,0.354492,0.403833,-0.137148,22.36
1772220270638170877,2026-02-27 14:24:30.638,-7.14189,-4.56463,-29.1935,0.350768,0.406599,-0.13286,22.361000000000004
1772220270639373337,2026-02-27 14:24:30.639,-7.26779,-4.59744,-29.0085,0.349477,0.409963,-0.136626,22.36200000000001
1772220270640546211,2026-02-27 14:24:30.640,-7.29919,-4.53695,-28.7828,0.351896,0.414024,-0.139878,22.363
1772220270641678754,2026-02-27 14:24:30.641,-7.11322,-4.40098,-27.1902,0.33233,0.392904,-0.128874,22.364000000000004
1772220270642860932,2026-02-27 14:24:30.642,-7.1701,-4.39338,-27.6737,0.342867,0.408818,-0.141509,22.36500000000001
1772220270644056668,2026-02-27 14:24:30.644,-7.32328,-4.21724,-27.7285,0.358261,0.417069,-0.148205,22.367000000000004
1772220270645252445,2026-02-27 14:24:30.645,-7.37289,-4.02696,-27.0389,0.342193,0.398342,-0.139846,22.36800000000001
1772220270646470062,2026-02-27 14:24:30.646,-7.32319,-4.07375,-26.0915,0.351364,0.405949,-0.149979,22.369
1772220270647603644,2026-02-27 14:24:30.647,-7.36184,-4.11555,-27.17,0.36767,0.427134,-0.161443,22.370000000000005
1772220270648761767,2026-02-27 14:24:30.648,-7.42981,-3.97544,-27.4236,0.371591,0.418188,-0.153989,22.37100000000001
1772220270649959784,2026-02-27 14:24:30.649,-7.3696,-4.2155,-28.2121,0.374202,0.434094,-0.154132,22.372
1772220270651159158,2026-02-27 14:24:30.651,-7.57318,-4.3143,-29.0133,0.396115,0.457144,-0.16764,22.37400000000001
1772220270652355827,2026-02-27 14:24:30.652,-7.78396,-4.39556,-29.4625,0.39848,0.46122,-0.171027,22.375
1772220270653696789,2026-02-27 14:24:30.653,-7.95643,-4.34648,-29.6165,0.398526,0.463341,-0.169736,22.376000000000005
1772220270654919572,2026-02-27 14:24:30.654,-8.1266,-4.50135,-30.7851,0.399506,0.471378,-0.15936,22.37700000000001
1772220270656116633,2026-02-27 14:24:30.656,-8.25238,-4.54882,-30.8317,0.392826,0.474523,-0.1591,22.379000000000005
1772220270657312902,2026-02-27 14:24:30.657,-8.31653,-4.53471,-30.5431,0.401051,0.477997,-0.162407,22.38000000000001
1772220270658652806,2026-02-27 14:24:30.658,-8.4068,-4.55663,-30.4223,0.404093,0.482733,-0.165299,22.381
1772220270659869760,2026-02-27 14:24:30.659,-8.49753,-4.63019,-30.6799,0.406097,0.489388,-0.169545,22.382000000000005
1772220270661068867,2026-02-27 14:24:30.661,-8.47884,-4.59438,-30.8086,0.413204,0.491618,-0.1712,22.384
1772220270662265846,2026-02-27 14:24:30.662,-8.48468,-4.51663,-30.3086,0.416209,0.494887,-0.178981,22.385000000000005
1772220270663477989,2026-02-27 14:24:30.663,-8.56818,-4.56956,-29.9428,0.417768,0.494926,-0.182146,22.38600000000001
1772220270664608911,2026-02-27 14:24:30.664,-8.52811,-4.55933,-30.3359,0.422692,0.495909,-0.180797,22.387
1772220270665768689,2026-02-27 14:24:30.665,-8.44839,-4.56712,-31.1793,0.429975,0.495809,-0.172614,22.388000000000005
1772220270666970313,2026-02-27 14:24:30.666,-8.46907,-4.56994,-31.2837,0.432495,0.49513,-0.172171,22.38900000000001
1772220270668109720,2026-02-27 14:24:30.668,-8.45091,-4.56269,-31.3838,0.437423,0.494691,-0.172123,22.391000000000005
1772220270669308506,2026-02-27 14:24:30.669,-8.48526,-4.57495,-31.4424,0.439553,0.494291,-0.172519,22.39200000000001
1772220270670518647,2026-02-27 14:24:30.670,-8.48364,-4.62475,-31.5764,0.439165,0.49423,-0.170705,22.393
1772220270671686109,2026-02-27 14:24:30.671,-8.49845,-4.66142,-32.6518,0.439575,0.495382,-0.161921,22.394000000000005
1772220270672897261,2026-02-27 14:24:30.672,-8.53779,-4.75539,-32.281,0.435083,0.494054,-0.166091,22.39500000000001
1772220270674094646,2026-02-27 14:24:30.674,-8.47554,-4.69257,-31.8707,0.437015,0.492821,-0.169438,22.397000000000006
1772220270675291617,2026-02-27 14:24:30.675,-8.48909,-4.71926,-31.6761,0.435569,0.492889,-0.171291,22.39800000000001
1772220270676502945,2026-02-27 14:24:30.676,-8.48472,-4.73719,-31.7428,0.433804,0.492313,-0.170515,22.399
1772220270677702174,2026-02-27 14:24:30.677,-8.53335,-4.79159,-31.8392,0.436273,0.492328,-0.171373,22.400000000000006
1772220270678927488,2026-02-27 14:24:30.678,-8.51406,-4.80258,-30.8341,0.432577,0.488292,-0.178969,22.40100000000001
1772220270680130373,2026-02-27 14:24:30.680,-8.49661,-4.82639,-31.159,0.432666,0.487596,-0.175955,22.403000000000006
1772220270681326960,2026-02-27 14:24:30.681,-8.50709,-4.85553,-31.2115,0.432466,0.488788,-0.177297,22.40400000000001
1772220270682667218,2026-02-27 14:24:30.682,-8.54133,-4.8974,-31.8964,0.431945,0.488314,-0.172342,22.405
1772220270683870695,2026-02-27 14:24:30.683,-8.37957,-4.88334,-32.1967,0.430513,0.483988,-0.166577,22.406000000000006
1772220270685072616,2026-02-27 14:24:30.685,-8.35153,-4.87736,-32.2339,0.429607,0.480177,-0.167213,22.408
1772220270686274195,2026-02-27 14:24:30.686,-8.38365,-4.99993,-32.5932,0.437503,0.485981,-0.171013,22.409000000000006
1772220270687483501,2026-02-27 14:24:30.687,-8.417,-5.06408,-33.4926,0.440726,0.489225,-0.167234,22.41000000000001
1772220270688698124,2026-02-27 14:24:30.688,-8.41833,-5.12799,-34.0113,0.43921,0.489438,-0.16588,22.411
1772220270689911461,2026-02-27 14:24:30.689,-8.48635,-5.20721,-33.6771,0.441274,0.489695,-0.17036,22.412000000000006
1772220270691108295,2026-02-27 14:24:30.691,-8.50434,-5.23161,-33.3513,0.434319,0.489748,-0.170757,22.414
1772220270692304346,2026-02-27 14:24:30.692,-8.54544,-5.18743,-33.077,0.429056,0.48697,-0.169559,22.415000000000006
1772220270693644896,2026-02-27 14:24:30.693,-8.4516,-5.33344,-33.1543,0.423573,0.481616,-0.167207,22.41600000000001
1772220270694842777,2026-02-27 14:24:30.694,-8.31709,-5.35593,-32.4384,0.406703,0.465254,-0.162311,22.417
1772220270696027799,2026-02-27 14:24:30.696,-8.42022,-4.71089,-30.0394,0.383578,0.436868,-0.157646,22.41900000000001
1772220270697227457,2026-02-27 14:24:30.697,-7.83277,-4.25747,-27.9085,0.332519,0.372745,-0.118223,22.42
1772220270698426118,2026-02-27 14:24:30.698,-7.1117,-4.92731,-29.3572,0.366162,0.415551,-0.131482,22.421000000000006
1772220270699569225,2026-02-27 14:24:30.699,-7.10893,-5.12987,-31.2438,0.39438,0.42864,-0.152957,22.42200000000001
1772220270700701920,2026-02-27 14:24:30.700,-7.2799,-5.57552,-33.7323,0.44825,0.451348,-0.177822,22.423000000000002
1772220270701876214,2026-02-27 14:24:30.701,-7.77143,-5.29299,-34.2473,0.455143,0.465405,-0.190339,22.424000000000007
1772220270703076659,2026-02-27 14:24:30.703,-7.84122,-5.43447,-33.8914,0.434409,0.45511,-0.177645,22.426000000000002
1772220270704272755,2026-02-27 14:24:30.704,-7.89122,-5.52583,-34.9362,0.419626,0.452455,-0.158862,22.427000000000007
1772220270705483659,2026-02-27 14:24:30.705,-7.95189,-5.77832,-34.7411,0.418103,0.456157,-0.15446,22.42800000000001
1772220270706615359,2026-02-27 14:24:30.706,-8.07321,-5.99462,-35.1817,0.412462,0.460366,-0.153011,22.429000000000002
1772220270707747986,2026-02-27 14:24:30.707,-8.31672,-6.30868,-35.1841,0.404052,0.473173,-0.169219,22.430000000000007
1772220270709049801,2026-02-27 14:24:30.709,-8.39829,-6.44015,-35.626,0.400178,0.4812,-0.176737,22.432000000000002
1772220270710247367,2026-02-27 14:24:30.710,-8.45137,-6.49985,-35.8342,0.398134,0.4856,-0.182516,22.433000000000007
1772220270711441887,2026-02-27 14:24:30.711,-8.54604,-6.53449,-36.1104,0.400026,0.490628,-0.183951,22.43400000000001
1772220270712575230,2026-02-27 14:24:30.712,-8.56581,-6.59838,-35.4455,0.400764,0.493427,-0.192178,22.435000000000002
1772220270713705134,2026-02-27 14:24:30.713,-8.69273,-6.65101,-35.5872,0.395876,0.490781,-0.186722,22.436000000000007
1772220270714861343,2026-02-27 14:24:30.714,-8.73334,-6.62117,-36.1255,0.395499,0.489489,-0.179279,22.437000000000012
1772220270716056990,2026-02-27 14:24:30.716,-8.7171,-6.62299,-36.5394,0.395047,0.486179,-0.175205,22.439000000000007
1772220270717237749,2026-02-27 14:24:30.717,-8.6272,-6.60707,-36.615,0.400474,0.485023,-0.175586,22.440000000000012
1772220270718436791,2026-02-27 14:24:30.718,-8.58326,-6.56571,-36.6493,0.401155,0.484563,-0.17644,22.441000000000003
1772220270719566004,2026-02-27 14:24:30.719,-8.63013,-6.55593,-36.6836,0.403112,0.48525,-0.177464,22.442000000000007
1772220270720696022,2026-02-27 14:24:30.720,-8.56796,-6.45585,-37.7496,0.409146,0.487053,-0.169603,22.443000000000012
1772220270721879083,2026-02-27 14:24:30.721,-8.58894,-6.41352,-37.3137,0.409864,0.487381,-0.174017,22.444000000000003
1772220270723074111,2026-02-27 14:24:30.723,-8.58129,-6.37019,-37.2178,0.413143,0.488246,-0.176024,22.446000000000012
1772220270724269012,2026-02-27 14:24:30.724,-8.66055,-6.32802,-36.8723,0.414395,0.489763,-0.17918,22.447000000000003
1772220270725476869,2026-02-27 14:24:30.725,-8.66589,-6.29595,-36.7384,0.41726,0.492056,-0.180768,22.448000000000008
1772220270726566484,2026-02-27 14:24:30.726,-8.72772,-6.26106,-36.8461,0.419658,0.493468,-0.17989,22.449000000000012
1772220270727697580,2026-02-27 14:24:30.727,-8.73196,-6.22886,-36.8666,0.422801,0.495959,-0.179639,22.450000000000003
1772220270728844198,2026-02-27 14:24:30.728,-8.88828,-6.13613,-35.9547,0.431984,0.502219,-0.191286,22.451000000000008
1772220270730020723,2026-02-27 14:24:30.730,-8.99288,-6.11191,-36.3599,0.431264,0.506167,-0.188734,22.453000000000003
1772220270731217158,2026-02-27 14:24:30.731,-8.98909,-6.03768,-36.4098,0.438954,0.510652,-0.18991,22.454000000000008
1772220270732411754,2026-02-27 14:24:30.732,-9.08534,-6.0166,-37.0687,0.442057,0.514461,-0.185714,22.455000000000013
1772220270733572309,2026-02-27 14:24:30.733,-9.13321,-5.96198,-37.4581,0.449459,0.520114,-0.184946,22.456000000000003
1772220270734703783,2026-02-27 14:24:30.734,-9.22843,-5.91131,-37.5298,0.44937,0.523392,-0.186663,22.457000000000008
1772220270735884001,2026-02-27 14:24:30.735,-9.32209,-5.77071,-37.6955,0.464531,0.5331,-0.188588,22.458000000000013
1772220270737082946,2026-02-27 14:24:30.737,-9.31274,-5.72582,-38.6123,0.467879,0.536211,-0.182002,22.460000000000008
1772220270738279242,2026-02-27 14:24:30.738,-9.44756,-5.70658,-38.5378,0.464505,0.532321,-0.178469,22.461000000000013
1772220270739494752,2026-02-27 14:24:30.739,-9.43644,-5.56296,-38.4003,0.470386,0.532095,-0.17734,22.462000000000003
1772220270740624262,2026-02-27 14:24:30.740,-9.42684,-5.54187,-37.9845,0.471983,0.53464,-0.181594,22.463000000000008
1772220270741754446,2026-02-27 14:24:30.741,-9.49045,-5.49847,-37.8015,0.483036,0.540392,-0.187268,22.464
1772220270742884110,2026-02-27 14:24:30.742,-9.51019,-5.37706,-37.9517,0.49698,0.554932,-0.194461,22.465000000000003
1772220270744076733,2026-02-27 14:24:30.744,-9.61313,-5.29216,-37.9909,0.501373,0.560299,-0.197783,22.467
1772220270745273645,2026-02-27 14:24:30.745,-9.71274,-5.27796,-37.708,0.508291,0.565986,-0.203483,22.468000000000004
1772220270746481111,2026-02-27 14:24:30.746,-9.7929,-5.28845,-37.2072,0.509885,0.568927,-0.208518,22.46900000000001
1772220270747610823,2026-02-27 14:24:30.747,-9.79386,-5.2915,-37.7532,0.515924,0.573248,-0.205554,22.47
1772220270748743439,2026-02-27 14:24:30.748,-9.88656,-5.25921,-38.1926,0.523076,0.578438,-0.203517,22.471000000000004
1772220270749891981,2026-02-27 14:24:30.749,-10.0198,-5.35152,-39.1313,0.53213,0.584311,-0.199849,22.47200000000001
1772220270751024203,2026-02-27 14:24:30.751,-9.99429,-5.36953,-39.2644,0.53627,0.586491,-0.200961,22.474000000000004
1772220270752219543,2026-02-27 14:24:30.752,-10.0847,-5.36935,-39.3871,0.539048,0.588812,-0.200953,22.47500000000001
1772220270753420456,2026-02-27 14:24:30.753,-10.1008,-5.36179,-39.5704,0.541975,0.59061,-0.200793,22.476
1772220270754573530,2026-02-27 14:24:30.754,-10.1635,-5.3516,-40.727,0.543919,0.590617,-0.192164,22.477000000000004
1772220270755705190,2026-02-27 14:24:30.755,-10.1581,-5.34063,-40.3782,0.546055,0.590867,-0.195559,22.47800000000001
1772220270756856515,2026-02-27 14:24:30.756,-10.1199,-5.41115,-40.4621,0.548197,0.590043,-0.194968,22.479
1772220270758042664,2026-02-27 14:24:30.758,-10.1392,-5.25043,-39.8412,0.551702,0.588142,-0.199551,22.48100000000001
1772220270759238871,2026-02-27 14:24:30.759,-10.0744,-5.29934,-39.8756,0.552706,0.584884,-0.197215,22.482
1772220270760436830,2026-02-27 14:24:30.760,-10.0616,-5.26932,-39.8966,0.552266,0.582168,-0.197186,22.483000000000004
1772220270761563664,2026-02-27 14:24:30.761,-9.92404,-5.22872,-39.8401,0.559545,0.579293,-0.195734,22.48400000000001
1772220270762690442,2026-02-27 14:24:30.762,-9.89843,-5.16027,-38.8791,0.559636,0.575622,-0.2026,22.485
1772220270763840042,2026-02-27 14:24:30.763,-9.75042,-5.15422,-38.9772,0.562089,0.57009,-0.199611,22.486000000000004
1772220270765009424,2026-02-27 14:24:30.765,-9.63301,-5.20196,-39.4493,0.562314,0.559248,-0.189545,22.488
1772220270766204463,2026-02-27 14:24:30.766,-9.522,-5.20371,-39.812,0.562296,0.552354,-0.183726,22.489000000000004
1772220270767399558,2026-02-27 14:24:30.767,-9.38513,-5.22245,-39.7652,0.561337,0.545019,-0.181349,22.49000000000001
1772220270768563640,2026-02-27 14:24:30.768,-9.29437,-5.21585,-39.7595,0.562105,0.538977,-0.178938,22.491
1772220270769691741,2026-02-27 14:24:30.769,-9.22033,-5.24763,-39.7179,0.556735,0.531629,-0.176201,22.492000000000004
1772220270770844692,2026-02-27 14:24:30.770,-9.07736,-5.2522,-40.234,0.557026,0.525855,-0.168574,22.49300000000001
1772220270772015156,2026-02-27 14:24:30.772,-8.93807,-5.33097,-40.5029,0.553901,0.514869,-0.161698,22.495000000000005
1772220270773210427,2026-02-27 14:24:30.773,-8.87847,-5.39179,-40.19,0.553931,0.509111,-0.162787,22.49600000000001
1772220270774412827,2026-02-27 14:24:30.774,-8.79307,-5.38783,-39.9174,0.551532,0.505457,-0.163961,22.497
1772220270775568326,2026-02-27 14:24:30.775,-8.78127,-5.45518,-39.8819,0.549763,0.50147,-0.163321,22.498000000000005
1772220270776696787,2026-02-27 14:24:30.776,-8.71266,-5.4401,-39.9678,0.550579,0.498298,-0.162481,22.49900000000001
1772220270777860653,2026-02-27 14:24:30.777,-8.64364,-5.5402,-40.0389,0.549937,0.49421,-0.160858,22.5
1772220270779032978,2026-02-27 14:24:30.779,-8.62988,-5.66306,-39.1346,0.542849,0.489377,-0.16884,22.50200000000001
1772220270780226352,2026-02-27 14:24:30.780,-8.54366,-5.65907,-39.6121,0.545454,0.488369,-0.163955,22.503
1772220270781421064,2026-02-27 14:24:30.781,-8.52779,-5.74622,-39.7398,0.543857,0.485298,-0.163215,22.504000000000005
1772220270782563200,2026-02-27 14:24:30.782,-8.48957,-5.78121,-40.2784,0.542871,0.484686,-0.158652,22.50500000000001
1772220270783689592,2026-02-27 14:24:30.783,-8.51676,-5.87606,-40.6411,0.542398,0.4823,-0.156299,22.506
1772220270784887324,2026-02-27 14:24:30.784,-8.46789,-5.90246,-40.645,0.539677,0.48083,-0.155738,22.507000000000005
1772220270786057806,2026-02-27 14:24:30.786,-8.42817,-6.00887,-40.7458,0.536393,0.480861,-0.155944,22.509
1772220270787246589,2026-02-27 14:24:30.787,-8.48268,-6.10102,-41.7858,0.532775,0.479059,-0.14676,22.510000000000005
1772220270788441079,2026-02-27 14:24:30.788,-8.45706,-6.13546,-41.7136,0.534887,0.480473,-0.148226,22.51100000000001
1772220270789612238,2026-02-27 14:24:30.789,-8.50227,-6.24313,-41.7313,0.529867,0.480964,-0.149022,22.512
1772220270790745390,2026-02-27 14:24:30.790,-8.4882,-6.23914,-41.2528,0.528438,0.481799,-0.153719,22.513000000000005
1772220270791874792,2026-02-27 14:24:30.791,-8.53599,-6.29773,-40.947,0.52871,0.482766,-0.156981,22.51400000000001
1772220270793047537,2026-02-27 14:24:30.793,-8.57995,-6.34642,-40.9983,0.5264,0.487684,-0.158628,22.516000000000005
1772220270794239178,2026-02-27 14:24:30.794,-8.61698,-6.40946,-41.099,0.524929,0.488866,-0.158959,22.51700000000001
1772220270795435143,2026-02-27 14:24:30.795,-8.71804,-6.47176,-40.4256,0.520983,0.489321,-0.165916,22.518
1772220270796568127,2026-02-27 14:24:30.796,-8.82014,-6.51744,-40.1425,0.514775,0.491659,-0.169309,22.519000000000005
1772220270797696667,2026-02-27 14:24:30.797,-8.79147,-6.52121,-40.311,0.517685,0.494649,-0.168123,22.52000000000001
1772220270798873643,2026-02-27 14:24:30.798,-8.82363,-6.52077,-40.7798,0.517211,0.497459,-0.164997,22.521
1772220270800045261,2026-02-27 14:24:30.800,-8.83969,-6.55007,-41.158,0.516923,0.502196,-0.163153,22.52300000000001
1772220270801233841,2026-02-27 14:24:30.801,-8.92257,-6.52232,-41.0108,0.51509,0.50441,-0.164149,22.524
1772220270802446972,2026-02-27 14:24:30.802,-8.99095,-6.53078,-40.8134,0.510401,0.503081,-0.163657,22.525000000000006
1772220270803571763,2026-02-27 14:24:30.803,-8.94625,-6.51018,-41.0262,0.513854,0.505405,-0.165033,22.52600000000001
1772220270804716650,2026-02-27 14:24:30.804,-8.91538,-6.55851,-41.8597,0.512706,0.506407,-0.158954,22.527
1772220270805895874,2026-02-27 14:24:30.805,-8.92173,-6.43914,-41.1004,0.509795,0.504318,-0.163195,22.528000000000006
1772220270807071497,2026-02-27 14:24:30.807,-8.81718,-5.90377,-38.5582,0.484546,0.479478,-0.151679,22.53
1772220270808268084,2026-02-27 14:24:30.808,-8.65243,-5.93981,-38.2544,0.489181,0.48227,-0.153706,22.531000000000006
1772220270809476603,2026-02-27 14:24:30.809,-8.51961,-5.99026,-38.7261,0.504435,0.496388,-0.164213,22.53200000000001
1772220270810605198,2026-02-27 14:24:30.810,-8.84104,-6.09683,-39.6827,0.525772,0.515519,-0.179406,22.533
1772220270811738782,2026-02-27 14:24:30.811,-8.98278,-5.96207,-39.9411,0.531655,0.515096,-0.180546,22.534000000000006
1772220270812916213,2026-02-27 14:24:30.812,-9.04606,-5.91505,-38.8304,0.526618,0.515811,-0.185755,22.53500000000001
1772220270814091701,2026-02-27 14:24:30.814,-9.13226,-5.72122,-38.1921,0.518611,0.509998,-0.171872,22.537000000000006
1772220270815287183,2026-02-27 14:24:30.815,-9.12915,-5.45792,-37.4762,0.494849,0.490276,-0.152102,22.53800000000001
1772220270816501023,2026-02-27 14:24:30.816,-8.93135,-5.27135,-37.1789,0.493115,0.488775,-0.14406,22.539
1772220270817641990,2026-02-27 14:24:30.817,-8.72105,-5.47694,-37.6842,0.498276,0.498535,-0.152938,22.540000000000006
1772220270818979432,2026-02-27 14:24:30.818,-8.73871,-5.61037,-38.8182,0.518599,0.516234,-0.171407,22.54100000000001
1772220270820151886,2026-02-27 14:24:30.820,-8.95885,-5.5908,-40.4398,0.539435,0.525347,-0.181476,22.543000000000006
1772220270821350815,2026-02-27 14:24:30.821,-8.98764,-5.57514,-40.8565,0.542302,0.528056,-0.176749,22.54400000000001
1772220270822563920,2026-02-27 14:24:30.822,-9.06338,-5.63298,-40.7144,0.541452,0.529865,-0.173713,22.545
1772220270823693757,2026-02-27 14:24:30.823,-9.17558,-5.78315,-40.415,0.540238,0.529668,-0.169958,22.546000000000006
1772220270824873843,2026-02-27 14:24:30.824,-9.27967,-5.90707,-40.218,0.538602,0.530628,-0.169266,22.54700000000001
1772220270826047305,2026-02-27 14:24:30.826,-9.42394,-6.04227,-40.4171,0.540043,0.533362,-0.170232,22.549000000000007
1772220270827234024,2026-02-27 14:24:30.827,-9.44858,-6.15144,-40.7205,0.53279,0.537831,-0.174081,22.55000000000001
1772220270828434343,2026-02-27 14:24:30.828,-9.47785,-6.15547,-40.4644,0.533161,0.539329,-0.179066,22.551000000000002
1772220270829569222,2026-02-27 14:24:30.829,-9.42937,-6.10216,-39.4491,0.529936,0.536708,-0.184941,22.552000000000007
1772220270830703885,2026-02-27 14:24:30.830,-9.31229,-6.07575,-39.6108,0.526257,0.530276,-0.178869,22.55300000000001
1772220270831894916,2026-02-27 14:24:30.831,-9.18426,-6.028,-39.5475,0.52478,0.52639,-0.175864,22.554000000000002
1772220270833069948,2026-02-27 14:24:30.833,-9.09799,-5.99855,-39.6334,0.520098,0.518862,-0.169095,22.55600000000001
1772220270834246894,2026-02-27 14:24:30.834,-8.85927,-5.8837,-39.6457,0.522079,0.505557,-0.163595,22.557000000000002
1772220270835447739,2026-02-27 14:24:30.835,-8.76937,-5.89432,-39.6328,0.523719,0.500042,-0.162246,22.558000000000007
1772220270836577297,2026-02-27 14:24:30.836,-8.62038,-5.88747,-39.4032,0.522333,0.492649,-0.15977,22.55900000000001
1772220270837707321,2026-02-27 14:24:30.837,-8.54044,-5.89786,-40.2427,0.517478,0.483873,-0.146798,22.560000000000002
1772220270838905678,2026-02-27 14:24:30.838,-8.41956,-5.89557,-39.7574,0.515119,0.478395,-0.146139,22.561000000000007
1772220270840079601,2026-02-27 14:24:30.840,-8.33696,-5.95003,-39.5931,0.511248,0.471465,-0.143326,22.563000000000002
1772220270841272063,2026-02-27 14:24:30.841,-8.06395,-5.93015,-38.6043,0.506397,0.459729,-0.144774,22.564000000000007
1772220270842487042,2026-02-27 14:24:30.842,-8.00353,-5.97129,-38.44,0.499665,0.452487,-0.14221,22.565000000000012
1772220270843623054,2026-02-27 14:24:30.843,-7.8283,-5.96457,-38.2523,0.494743,0.445969,-0.139646,22.566000000000003
1772220270844802477,2026-02-27 14:24:30.844,-7.75662,-5.94787,-38.1005,0.490719,0.440005,-0.138094,22.567000000000007
1772220270846000209,2026-02-27 14:24:30.846,-7.72957,-6.04016,-37.1327,0.481223,0.432116,-0.143474,22.569000000000003
1772220270847173437,2026-02-27 14:24:30.847,-7.45453,-6.09543,-36.8286,0.470752,0.417243,-0.137083,22.570000000000007
1772220270848369198,2026-02-27 14:24:30.848,-7.26973,-6.10328,-37.1248,0.468172,0.40795,-0.128941,22.571000000000012
1772220270849572054,2026-02-27 14:24:30.849,-7.13134,-6.15377,-37.4286,0.462345,0.40036,-0.123029,22.572000000000003
1772220270850708334,2026-02-27 14:24:30.850,-6.76492,-6.1505,-37.2916,0.454064,0.399659,-0.115207,22.573000000000008
1772220270851903013,2026-02-27 14:24:30.851,-6.40627,-6.16878,-37.2406,0.446927,0.405485,-0.106446,22.574000000000012
1772220270853086259,2026-02-27 14:24:30.853,-5.67477,-6.29377,-37.1981,0.431406,0.426536,-0.085762,22.576000000000008
1772220270854256046,2026-02-27 14:24:30.854,-5.3849,-6.36244,-37.7955,0.423671,0.439801,-0.071276,22.577000000000012
1772220270855472461,2026-02-27 14:24:30.855,-5.19319,-6.41452,-37.2003,0.420512,0.452922,-0.071134,22.578000000000003
1772220270856605635,2026-02-27 14:24:30.856,-5.01241,-6.55017,-36.6835,0.418672,0.459817,-0.071596,22.579000000000008
1772220270857740075,2026-02-27 14:24:30.857,-4.83182,-6.5957,-35.7905,0.418199,0.460622,-0.076807,22.580000000000013
1772220270858917720,2026-02-27 14:24:30.858,-4.74463,-6.57757,-34.5527,0.412443,0.444465,-0.079674,22.581000000000003
1772220270860103629,2026-02-27 14:24:30.860,-4.64796,-5.80399,-31.5719,0.366486,0.37608,-0.059661,22.583000000000013
1772220270861274637,2026-02-27 14:24:30.861,-2.88895,-2.46777,-18.2199,0.167578,0.098257,0.080081,22.584000000000003
1772220270862486302,2026-02-27 14:24:30.862,-1.24789,-1.16281,-11.9446,0.079115,-0.003888,0.111827,22.585000000000008
1772220270863617549,2026-02-27 14:24:30.863,0.576303,-0.871798,-9.85983,0.063328,-0.079037,0.138519,22.586000000000013
1772220270864746445,2026-02-27 14:24:30.864,2.26,-1.3294,-10.3427,0.112841,-0.078781,0.123338,22.587000000000003
1772220270865920128,2026-02-27 14:24:30.865,3.30027,-0.707012,-10.8969,0.145218,-0.149492,0.14566,22.588000000000008
1772220270867119932,2026-02-27 14:24:30.867,4.20101,0.072796,-9.55644,0.126549,-0.124332,0.107526,22.590000000000003
1772220270868252430,2026-02-27 14:24:30.868,5.04792,1.23934,-7.73388,0.154541,-0.183975,0.09564,22.591000000000008
1772220270869445250,2026-02-27 14:24:30.869,5.18489,1.48899,-6.27365,0.143252,-0.158561,0.068761,22.592
1772220270870579228,2026-02-27 14:24:30.870,5.85727,0.371072,-9.05113,0.189631,-0.193219,0.105102,22.593000000000004
1772220270871707782,2026-02-27 14:24:30.871,5.74192,1.06784,-7.60118,0.142173,-0.176676,0.092505,22.59400000000001
1772220270872878766,2026-02-27 14:24:30.872,6.02022,0.276144,-8.21358,0.142027,-0.186786,0.102831,22.595
1772220270874075916,2026-02-27 14:24:30.874,6.22407,-0.250043,-8.31739,0.135509,-0.201378,0.115694,22.59700000000001
1772220270875246815,2026-02-27 14:24:30.875,6.35895,-1.16943,-8.62692,0.118493,-0.205418,0.122123,22.598
1772220270876441228,2026-02-27 14:24:30.876,6.20627,-1.12237,-8.43996,0.085666,-0.221165,0.128294,22.599000000000004
1772220270877560230,2026-02-27 14:24:30.877,6.19646,-1.21689,-7.99463,0.073705,-0.222309,0.128047,22.60000000000001
1772220270878685509,2026-02-27 14:24:30.878,6.05539,-1.12272,-6.89101,0.050587,-0.2145,0.110244,22.601
1772220270879860434,2026-02-27 14:24:30.879,6.08621,-1.46996,-6.67395,0.057367,-0.217429,0.108634,22.602000000000004
1772220270881055453,2026-02-27 14:24:30.881,6.07744,-1.52629,-7.0317,0.056967,-0.209336,0.107427,22.604
1772220270882230467,2026-02-27 14:24:30.882,6.35138,-1.71253,-7.90815,0.06919,-0.211275,0.112097,22.605000000000004
1772220270883403994,2026-02-27 14:24:30.883,7.31197,-2.72846,-13.9124,0.144489,-0.278349,0.179467,22.60600000000001
1772220270884548587,2026-02-27 14:24:30.884,7.01005,-1.46731,-11.0636,0.088907,-0.270061,0.16032,22.607
1772220270885682509,2026-02-27 14:24:30.885,7.06767,-1.39586,-9.95405,0.083485,-0.276695,0.158574,22.608000000000004
1772220270886857005,2026-02-27 14:24:30.886,6.83986,-0.997772,-8.56926,0.073813,-0.249568,0.142417,22.60900000000001
1772220270888053062,2026-02-27 14:24:30.888,6.92128,-1.21898,-9.50573,0.087954,-0.231986,0.140699,22.611000000000004
1772220270889227085,2026-02-27 14:24:30.889,7.03508,-1.38241,-9.51944,0.088244,-0.244984,0.139669,22.61200000000001
1772220270890401930,2026-02-27 14:24:30.890,8.09146,-2.35527,-12.922,0.176174,-0.270446,0.169211,22.613
1772220270891536462,2026-02-27 14:24:30.891,7.83654,-0.970254,-11.1255,0.125971,-0.280147,0.161441,22.614000000000004
1772220270892666939,2026-02-27 14:24:30.892,7.68208,-0.650182,-9.94271,0.115895,-0.282229,0.153846,22.61500000000001
1772220270893839651,2026-02-27 14:24:30.893,7.38655,-0.221284,-8.85454,0.105654,-0.27848,0.151161,22.616
1772220270895036414,2026-02-27 14:24:30.895,7.30116,-0.456075,-8.89332,0.129074,-0.255684,0.146297,22.61800000000001
1772220270896213514,2026-02-27 14:24:30.896,7.29438,-0.667161,-8.67053,0.143148,-0.237035,0.135218,22.619
1772220270897386038,2026-02-27 14:24:30.897,7.1171,-0.249514,-8.32652,0.132608,-0.237705,0.12805,22.620000000000005
1772220270898530307,2026-02-27 14:24:30.898,7.00951,-0.149455,-8.84888,0.142392,-0.237541,0.133421,22.62100000000001
1772220270899656030,2026-02-27 14:24:30.899,6.81017,0.241648,-8.58695,0.130951,-0.233448,0.129534,22.622
1772220270900854859,2026-02-27 14:24:30.900,6.37565,0.487812,-7.99719,0.127715,-0.219526,0.122276,22.623000000000005
1772220270902039526,2026-02-27 14:24:30.902,6.04451,0.741977,-7.47328,0.12985,-0.206485,0.116335,22.625
1772220270903175837,2026-02-27 14:24:30.903,5.98296,0.496621,-7.86444,0.137686,-0.205448,0.120441,22.626000000000005
1772220270904345889,2026-02-27 14:24:30.904,5.46622,0.881371,-7.92117,0.128293,-0.182564,0.121443,22.62700000000001
1772220270905758452,2026-02-27 14:24:30.905,5.64602,0.111324,-9.27963,0.176876,-0.196465,0.142328,22.628
1772220270906930746,2026-02-27 14:24:30.906,5.25712,0.783251,-8.22868,0.148274,-0.176926,0.128722,22.629000000000005
1772220270908104478,2026-02-27 14:24:30.908,5.10909,0.802337,-7.26993,0.141607,-0.179799,0.121346,22.631
1772220270909275970,2026-02-27 14:24:30.909,4.57994,0.947935,-6.36224,0.134384,-0.162981,0.111786,22.632000000000005
1772220270910474861,2026-02-27 14:24:30.910,4.35721,0.950818,-5.92943,0.126251,-0.147954,0.100865,22.63300000000001
1772220270911624122,2026-02-27 14:24:30.911,4.15402,0.937992,-5.58128,0.128645,-0.139713,0.094045,22.634
1772220270912775317,2026-02-27 14:24:30.912,3.91446,1.05803,-4.08013,0.115975,-0.133032,0.078049,22.635000000000005
1772220270913950048,2026-02-27 14:24:30.913,3.6825,1.13666,-3.76559,0.099529,-0.120056,0.069102,22.63600000000001
1772220270915128333,2026-02-27 14:24:30.915,3.55618,0.80079,-4.18992,0.118603,-0.12112,0.07558,22.638000000000005
1772220270916300290,2026-02-27 14:24:30.916,3.63515,0.217799,-5.74282,0.133485,-0.112281,0.087141,22.63900000000001
1772220270917489758,2026-02-27 14:24:30.917,3.74466,-0.288807,-7.27824,0.163972,-0.119138,0.109123,22.64
1772220270918629912,2026-02-27 14:24:30.918,3.58658,0.041092,-6.85999,0.141808,-0.113238,0.105868,22.641000000000005
1772220270919780891,2026-02-27 14:24:30.919,3.5374,-0.127492,-6.68661,0.140246,-0.114858,0.107172,22.64200000000001
1772220270920977376,2026-02-27 14:24:30.920,3.23965,0.118084,-6.82728,0.124289,-0.106641,0.108437,22.643
1772220270922162318,2026-02-27 14:24:30.922,2.91417,0.371446,-5.21682,0.095386,-0.091197,0.084036,22.64500000000001
1772220270923338163,2026-02-27 14:24:30.923,2.64402,0.349423,-3.85134,0.083747,-0.078785,0.060793,22.646
1772220270924525603,2026-02-27 14:24:30.924,2.4804,0.589549,-2.69001,0.063552,-0.070667,0.043599,22.647000000000006
1772220270925651524,2026-02-27 14:24:30.925,2.6025,0.402247,-2.46816,0.065425,-0.072135,0.041261,22.64800000000001
1772220270926805859,2026-02-27 14:24:30.926,2.60473,0.324834,-2.47436,0.066439,-0.075946,0.04535,22.649
1772220270927981619,2026-02-27 14:24:30.927,2.5294,0.529404,-1.905,0.048418,-0.074636,0.04115,22.650000000000006
1772220270929259268,2026-02-27 14:24:30.929,2.39938,0.589011,-0.706748,0.039616,-0.069106,0.028408,22.652
1772220270930440329,2026-02-27 14:24:30.930,2.51828,-0.010603,-1.08513,0.058378,-0.077355,0.044126,22.653000000000006
1772220270931587876,2026-02-27 14:24:30.931,2.59149,-0.222594,-1.85695,0.057028,-0.082486,0.056406,22.65400000000001
1772220270932739352,2026-02-27 14:24:30.932,2.77616,-0.458295,-2.52514,0.054375,-0.093433,0.068514,22.655
1772220270933913937,2026-02-27 14:24:30.933,2.8272,-0.557085,-2.48302,0.046322,-0.092396,0.068056,22.656000000000006
1772220270935088146,2026-02-27 14:24:30.935,2.83556,-0.568616,-2.27046,0.045435,-0.089992,0.060418,22.658
1772220270936257459,2026-02-27 14:24:30.936,2.83884,-0.807571,-2.40633,0.051907,-0.086922,0.059873,22.659000000000006
1772220270937428248,2026-02-27 14:24:30.937,2.87461,-0.884077,-3.56682,0.053009,-0.089085,0.072469,22.66000000000001
1772220270938543631,2026-02-27 14:24:30.938,2.8815,-0.768986,-2.62569,0.036475,-0.094368,0.067654,22.661
1772220270939669760,2026-02-27 14:24:30.939,2.87123,-0.585973,-1.85797,0.014892,-0.094069,0.061105,22.662000000000006
1772220270940823305,2026-02-27 14:24:30.940,3.08944,-1.29423,-2.25422,0.033964,-0.094025,0.061201,22.66300000000001
1772220270941996173,2026-02-27 14:24:30.941,3.29627,-1.41586,-3.08227,0.060678,-0.099622,0.074659,22.664
1772220270943169888,2026-02-27 14:24:30.943,3.3839,-1.33792,-2.71379,0.036709,-0.109864,0.073011,22.66600000000001
1772220270944340590,2026-02-27 14:24:30.944,3.48853,-1.06335,-2.03826,0.018741,-0.114367,0.07167,22.667
1772220270945514567,2026-02-27 14:24:30.945,3.59258,-1.36268,-1.03213,0.023945,-0.114942,0.061653,22.668000000000006
1772220270946647187,2026-02-27 14:24:30.946,3.52607,-1.13126,-0.780254,0.006421,-0.112282,0.05621,22.66900000000001
1772220270947838336,2026-02-27 14:24:30.947,3.5757,-1.22405,-0.681242,0.008491,-0.114787,0.053703,22.67
1772220270949014748,2026-02-27 14:24:30.949,3.78518,-1.2678,-1.59068,0.020542,-0.118892,0.063197,22.67200000000001
1772220270950190446,2026-02-27 14:24:30.950,3.95005,-1.44838,-2.24515,0.03386,-0.125459,0.074127,22.673000000000002
1772220270951361904,2026-02-27 14:24:30.951,4.24244,-1.41856,-2.77983,0.040579,-0.143756,0.091397,22.674000000000007
1772220270952528119,2026-02-27 14:24:30.952,4.34266,-1.40088,-2.91133,0.038467,-0.14917,0.096013,22.67500000000001
1772220270953659985,2026-02-27 14:24:30.953,4.39067,-1.27199,-3.40638,0.0321,-0.151741,0.10295,22.676000000000002
1772220270954866765,2026-02-27 14:24:30.954,4.4964,-1.26554,-3.40054,0.02517,-0.153454,0.101923,22.677000000000007
1772220270956059501,2026-02-27 14:24:30.956,4.27819,-1.62703,-3.50287,0.031393,-0.159144,0.101581,22.679000000000002
1772220270957253770,2026-02-27 14:24:30.957,3.91323,-1.88708,-3.77267,0.056831,-0.184861,0.098785,22.680000000000007
1772220270958423329,2026-02-27 14:24:30.958,3.7199,-2.43477,-4.79263,0.096572,-0.216047,0.099759,22.68100000000001
1772220270959560742,2026-02-27 14:24:30.959,3.99118,-1.84807,-5.33169,0.097306,-0.23487,0.098216,22.682000000000002
1772220270960698573,2026-02-27 14:24:30.960,3.98794,-1.87459,-5.30597,0.107132,-0.237281,0.101023,22.683000000000007
1772220270961910759,2026-02-27 14:24:30.961,4.05243,-1.98801,-5.68385,0.118156,-0.230907,0.097434,22.68400000000001
1772220270963104108,2026-02-27 14:24:30.963,3.87568,-2.03154,-5.37945,0.127863,-0.223688,0.088376,22.686000000000007
1772220270964299045,2026-02-27 14:24:30.964,3.91927,-2.0944,-6.24638,0.137779,-0.218899,0.087762,22.687000000000012
1772220270965481233,2026-02-27 14:24:30.965,3.92962,-1.81663,-6.95555,0.127434,-0.22753,0.095759,22.688000000000002
1772220270966604477,2026-02-27 14:24:30.966,3.98224,-1.67426,-6.92792,0.121638,-0.231933,0.097475,22.689000000000007
1772220270967722026,2026-02-27 14:24:30.967,4.00273,-1.47783,-6.56964,0.11261,-0.238076,0.101302,22.690000000000012
1772220270968917037,2026-02-27 14:24:30.968,3.96551,-1.44459,-6.46686,0.109114,-0.244762,0.106979,22.691000000000003
1772220270970110393,2026-02-27 14:24:30.970,4.05704,-1.33821,-6.29177,0.107647,-0.251181,0.111418,22.693000000000012
1772220270971307179,2026-02-27 14:24:30.971,4.07024,-1.27316,-7.09431,0.097971,-0.261517,0.127616,22.694000000000003
1772220270972493375,2026-02-27 14:24:30.972,4.24811,-1.09777,-6.52908,0.099474,-0.271473,0.128743,22.695000000000007
1772220270973620941,2026-02-27 14:24:30.973,4.50177,-0.752282,-5.41096,0.095449,-0.292175,0.132192,22.696000000000012
1772220270974794590,2026-02-27 14:24:30.974,4.6051,-0.534949,-4.89441,0.098087,-0.300586,0.134426,22.697000000000003
1772220270975986655,2026-02-27 14:24:30.975,4.71968,-0.423119,-4.61762,0.097347,-0.308734,0.138953,22.698000000000008
1772220270977179685,2026-02-27 14:24:30.977,4.84257,-0.281524,-4.29594,0.098459,-0.317914,0.142929,22.700000000000003
1772220270978372013,2026-02-27 14:24:30.978,4.99156,-0.193646,-4.05545,0.09762,-0.323656,0.146938,22.701000000000008
1772220270979561128,2026-02-27 14:24:30.979,5.15231,-0.040658,-2.90003,0.10138,-0.336554,0.141858,22.702000000000012
1772220270980687690,2026-02-27 14:24:30.980,5.51591,0.091997,-2.62889,0.101086,-0.3557,0.147706,22.703000000000003
1772220270981859387,2026-02-27 14:24:30.981,5.68428,0.097141,-3.05727,0.098846,-0.36657,0.157317,22.704000000000008
1772220270983055102,2026-02-27 14:24:30.983,5.76689,0.162291,-3.44408,0.098586,-0.373524,0.163599,22.706000000000003
1772220270984178609,2026-02-27 14:24:30.984,5.9526,0.167536,-3.34632,0.099789,-0.382392,0.167766,22.707000000000008
1772220270985377756,2026-02-27 14:24:30.985,6.01654,0.191939,-3.38943,0.098989,-0.389502,0.171226,22.708000000000013
1772220270986545048,2026-02-27 14:24:30.986,6.28637,0.143049,-3.74764,0.100754,-0.4042,0.179862,22.709000000000003
1772220270987672094,2026-02-27 14:24:30.987,6.4291,0.142299,-4.45515,0.10134,-0.411675,0.188698,22.710000000000008
1772220270988844340,2026-02-27 14:24:30.988,6.50574,0.087142,-4.18785,0.101097,-0.416573,0.188413,22.711000000000013
1772220270990037786,2026-02-27 14:24:30.990,6.63202,0.04233,-4.04854,0.097704,-0.425161,0.188878,22.713000000000008
1772220270991230477,2026-02-27 14:24:30.991,6.73577,-0.009112,-3.86221,0.098155,-0.431794,0.188575,22.714
1772220270992427791,2026-02-27 14:24:30.992,6.76822,-0.020139,-3.76536,0.098756,-0.437067,0.189336,22.715000000000003
1772220270993614565,2026-02-27 14:24:30.993,6.86321,-0.06626,-3.96211,0.099789,-0.442438,0.191599,22.716000000000008
1772220270994812075,2026-02-27 14:24:30.994,7.07501,-0.137403,-4.09418,0.102063,-0.454113,0.196715,22.717
1772220270996005757,2026-02-27 14:24:30.996,7.07885,-0.141877,-3.28993,0.107132,-0.455754,0.189168,22.71900000000001
1772220270997199716,2026-02-27 14:24:30.997,7.09569,-0.176999,-3.85925,0.101535,-0.45876,0.194947,22.72
1772220270998396309,2026-02-27 14:24:30.998,7.22957,-0.146144,-3.86588,0.109038,-0.464501,0.196622,22.721000000000004
1772220270999648963,2026-02-27 14:24:30.999,7.30637,-0.215161,-4.59614,0.10976,-0.467772,0.20261,22.72200000000001
1772220271000861442,2026-02-27 14:24:31.000,7.41649,-0.331635,-5.21238,0.11769,-0.474848,0.207115,22.723
1772220271002071777,2026-02-27 14:24:31.002,7.4643,-0.269934,-5.36222,0.12105,-0.478432,0.208444,22.72500000000001
1772220271003269310,2026-02-27 14:24:31.003,7.49238,-0.281075,-5.49532,0.126146,-0.481082,0.210417,22.726
1772220271004496826,2026-02-27 14:24:31.004,7.60312,-0.335575,-6.54055,0.126583,-0.483561,0.221114,22.727000000000004
1772220271005626843,2026-02-27 14:24:31.005,7.60867,-0.318868,-6.6593,0.130255,-0.485391,0.220732,22.72800000000001
1772220271006779942,2026-02-27 14:24:31.006,7.57859,-0.333592,-6.36681,0.134099,-0.48727,0.216526,22.729
1772220271007975924,2026-02-27 14:24:31.007,7.59116,-0.356454,-6.19364,0.138869,-0.488519,0.215225,22.730000000000004
1772220271009170502,2026-02-27 14:24:31.009,7.57726,-0.314992,-6.26703,0.145304,-0.488334,0.214279,22.732
1772220271010364331,2026-02-27 14:24:31.010,7.59604,-0.293966,-6.3882,0.145465,-0.487273,0.214201,22.733000000000004
1772220271011558836,2026-02-27 14:24:31.011,7.56074,-0.274732,-6.50831,0.14943,-0.485931,0.214014,22.73400000000001
1772220271012689240,2026-02-27 14:24:31.012,7.42063,-0.242281,-5.69552,0.159188,-0.478929,0.202058,22.735
1772220271013856935,2026-02-27 14:24:31.013,7.39041,-0.196493,-6.12838,0.165241,-0.474143,0.203198,22.736000000000004
1772220271015053051,2026-02-27 14:24:31.015,7.29556,-0.178472,-6.64467,0.168069,-0.469788,0.204253,22.738
1772220271016248226,2026-02-27 14:24:31.016,7.14259,-0.144912,-7.1767,0.171582,-0.464236,0.204484,22.739000000000004
1772220271017386033,2026-02-27 14:24:31.017,7.02108,-0.168242,-7.4633,0.174518,-0.45653,0.201552,22.74000000000001
1772220271018561782,2026-02-27 14:24:31.018,6.97899,-0.08835,-7.57477,0.185795,-0.449305,0.197414,22.741
1772220271019695241,2026-02-27 14:24:31.019,6.77067,-0.041554,-7.91775,0.194689,-0.432769,0.190901,22.742000000000004
1772220271020871959,2026-02-27 14:24:31.020,6.6529,-0.062584,-9.12992,0.201289,-0.424289,0.195853,22.74300000000001
1772220271022067995,2026-02-27 14:24:31.022,6.53283,-0.042636,-8.80859,0.207305,-0.415165,0.187342,22.745000000000005
1772220271023262758,2026-02-27 14:24:31.023,6.36997,-0.05988,-9.01229,0.208944,-0.406739,0.184018,22.74600000000001
1772220271024471145,2026-02-27 14:24:31.024,6.29267,-0.062194,-8.75948,0.214836,-0.399099,0.176733,22.747
1772220271025567408,2026-02-27 14:24:31.025,6.16701,-0.016304,-8.52621,0.215097,-0.393166,0.171963,22.748000000000005
1772220271026699455,2026-02-27 14:24:31.026,5.97301,-0.075202,-8.88386,0.223284,-0.378419,0.164533,22.74900000000001
1772220271027859218,2026-02-27 14:24:31.027,5.83992,-0.092292,-9.08304,0.224651,-0.370779,0.16056,22.75
1772220271029057484,2026-02-27 14:24:31.029,5.66987,-0.078302,-8.2903,0.230027,-0.362119,0.148269,22.75200000000001
1772220271030253412,2026-02-27 14:24:31.030,5.58438,-0.121834,-8.46492,0.228651,-0.355173,0.146783,22.753
1772220271031448094,2026-02-27 14:24:31.031,5.39775,-0.096007,-8.48438,0.22142,-0.355104,0.145673,22.754000000000005
1772220271032579018,2026-02-27 14:24:31.032,5.40389,-0.097931,-9.18289,0.224915,-0.343447,0.147104,22.75500000000001
1772220271033710290,2026-02-27 14:24:31.033,5.14269,-0.267449,-9.96489,0.227927,-0.327223,0.141851,22.756
1772220271034837979,2026-02-27 14:24:31.034,5.00781,-0.383317,-10.2082,0.229894,-0.319357,0.13845,22.757000000000005
1772220271036007597,2026-02-27 14:24:31.036,4.91446,-0.359904,-10.4593,0.229348,-0.310152,0.133103,22.759
1772220271037192285,2026-02-27 14:24:31.037,4.86129,-0.43177,-11.1703,0.233833,-0.305688,0.136146,22.760000000000005
1772220271038392500,2026-02-27 14:24:31.038,4.73383,-0.516825,-11.7403,0.234629,-0.297744,0.13597,22.76100000000001
1772220271039670848,2026-02-27 14:24:31.039,4.57113,-0.553694,-11.6446,0.234917,-0.288588,0.130411,22.762
1772220271040824303,2026-02-27 14:24:31.040,4.39313,-0.725849,-11.2805,0.232467,-0.274132,0.117963,22.763000000000005
1772220271042023682,2026-02-27 14:24:31.042,4.28545,-0.806524,-11.3951,0.234097,-0.267566,0.113581,22.765
1772220271043225845,2026-02-27 14:24:31.043,4.18786,-0.856758,-11.5857,0.231034,-0.262605,0.11123,22.766000000000005
1772220271044422876,2026-02-27 14:24:31.044,4.04513,-0.999662,-11.8342,0.229543,-0.255777,0.1084,22.76700000000001
1772220271045576966,2026-02-27 14:24:31.045,3.97617,-0.970544,-11.9206,0.233955,-0.249015,0.103059,22.768
1772220271046710189,2026-02-27 14:24:31.046,3.75076,-1.28382,-11.9227,0.223471,-0.242027,0.09607,22.769000000000005
1772220271047866133,2026-02-27 14:24:31.047,3.7373,-1.21703,-12.071,0.227836,-0.236938,0.094125,22.77000000000001
1772220271049069802,2026-02-27 14:24:31.049,3.64346,-1.29883,-12.8627,0.23186,-0.231978,0.096912,22.772000000000006
1772220271050266251,2026-02-27 14:24:31.050,3.64217,-1.3675,-13.2099,0.230692,-0.229312,0.097046,22.77300000000001
1772220271051483971,2026-02-27 14:24:31.051,3.58188,-1.42208,-13.3008,0.228959,-0.225064,0.095192,22.774
1772220271052617311,2026-02-27 14:24:31.052,3.4867,-1.51914,-13.4779,0.22847,-0.222766,0.093983,22.775000000000006
1772220271053751244,2026-02-27 14:24:31.053,3.4336,-1.65703,-15.0016,0.228124,-0.21643,0.099617,22.77600000000001
1772220271054890725,2026-02-27 14:24:31.054,3.42952,-1.72392,-14.9407,0.230635,-0.215249,0.096661,22.777
1772220271056118323,2026-02-27 14:24:31.056,3.34712,-1.81306,-15.1548,0.231848,-0.212115,0.095025,22.77900000000001
1772220271057238311,2026-02-27 14:24:31.057,3.30031,-1.84273,-14.817,0.233334,-0.209037,0.090081,22.78
1772220271058353188,2026-02-27 14:24:31.058,3.22847,-1.92017,-14.7916,0.228543,-0.207937,0.085705,22.781000000000006
1772220271059478126,2026-02-27 14:24:31.059,3.17583,-1.97282,-14.8916,0.232634,-0.207359,0.085514,22.78200000000001
1772220271060594305,2026-02-27 14:24:31.060,3.19281,-1.98623,-15.128,0.235479,-0.204675,0.084532,22.783
1772220271061729771,2026-02-27 14:24:31.061,3.07944,-2.0618,-14.8306,0.241458,-0.200739,0.076456,22.784000000000006
1772220271062855277,2026-02-27 14:24:31.062,2.988,-2.02952,-14.796,0.244515,-0.198006,0.074218,22.78500000000001
1772220271064050827,2026-02-27 14:24:31.064,3.01832,-2.11384,-15.1258,0.246841,-0.19704,0.075075,22.787000000000006
1772220271065247081,2026-02-27 14:24:31.065,3.05605,-2.20514,-15.8,0.249698,-0.193033,0.078904,22.78800000000001
1772220271066441208,2026-02-27 14:24:31.066,2.95412,-2.22922,-16.4707,0.254763,-0.190271,0.081848,22.789
1772220271067563689,2026-02-27 14:24:31.067,2.84624,-2.26974,-16.7914,0.255275,-0.18703,0.080818,22.790000000000006
1772220271068694403,2026-02-27 14:24:31.068,2.75767,-2.29121,-17.2031,0.267642,-0.181539,0.078885,22.79100000000001
1772220271069863980,2026-02-27 14:24:31.069,2.61485,-2.26343,-17.6521,0.272117,-0.176301,0.078963,22.792
1772220271071059183,2026-02-27 14:24:31.071,2.70125,-2.2287,-18.6651,0.280367,-0.174085,0.085135,22.79400000000001
1772220271072254975,2026-02-27 14:24:31.072,2.61896,-2.27385,-18.4496,0.286227,-0.16858,0.080404,22.795
1772220271073472025,2026-02-27 14:24:31.073,2.4905,-2.25598,-18.5883,0.289458,-0.163857,0.076563,22.796000000000006
1772220271074572764,2026-02-27 14:24:31.074,2.39853,-2.24067,-18.4385,0.297958,-0.161129,0.072572,22.79700000000001
1772220271075704539,2026-02-27 14:24:31.075,2.29957,-2.25499,-18.5392,0.300033,-0.157604,0.069138,22.798000000000002
1772220271076879281,2026-02-27 14:24:31.076,2.16988,-2.28911,-19.0712,0.313547,-0.149548,0.066927,22.799000000000007
1772220271078076246,2026-02-27 14:24:31.078,2.19444,-2.20809,-19.3014,0.319991,-0.146296,0.065208,22.801000000000002
1772220271079276612,2026-02-27 14:24:31.079,2.13226,-2.20473,-18.5533,0.334187,-0.138872,0.05431,22.802000000000007
1772220271080480545,2026-02-27 14:24:31.080,2.03589,-2.20039,-19.0511,0.336587,-0.135862,0.055593,22.80300000000001
1772220271081610942,2026-02-27 14:24:31.081,1.96651,-2.21619,-19.3387,0.346123,-0.131013,0.053243,22.804000000000002
1772220271082741904,2026-02-27 14:24:31.082,1.79321,-2.19153,-20.8242,0.361387,-0.119581,0.056744,22.805000000000007
1772220271083907496,2026-02-27 14:24:31.083,1.68191,-2.19695,-21.1514,0.369625,-0.116288,0.053971,22.80600000000001
1772220271085103424,2026-02-27 14:24:31.085,1.68672,-2.17472,-21.4194,0.379539,-0.110395,0.05203,22.808000000000007
1772220271086298659,2026-02-27 14:24:31.086,1.49807,-2.18828,-21.6714,0.383723,-0.104912,0.049861,22.80900000000001
1772220271087511788,2026-02-27 14:24:31.087,1.45278,-2.13315,-22.7019,0.394215,-0.098122,0.055447,22.810000000000002
1772220271088643701,2026-02-27 14:24:31.088,1.42791,-2.09051,-23.1242,0.404171,-0.093493,0.055178,22.811000000000007
1772220271089802999,2026-02-27 14:24:31.089,1.16025,-2.15173,-23.2144,0.420417,-0.082516,0.044317,22.812000000000012
1772220271090996478,2026-02-27 14:24:31.090,1.08179,-2.16745,-23.2755,0.428415,-0.07548,0.038401,22.813000000000002
1772220271092195642,2026-02-27 14:24:31.092,1.01496,-2.09112,-23.4888,0.439296,-0.067097,0.034194,22.815000000000012
1772220271093393810,2026-02-27 14:24:31.093,0.788014,-2.08378,-23.8566,0.44876,-0.060287,0.031231,22.816000000000003
1772220271094571928,2026-02-27 14:24:31.094,0.644701,-2.09664,-24.1236,0.454989,-0.050966,0.028586,22.817000000000007
1772220271095702556,2026-02-27 14:24:31.095,0.505374,-2.10906,-24.1779,0.463581,-0.044655,0.021452,22.818000000000012
1772220271096861563,2026-02-27 14:24:31.096,0.335082,-2.16512,-24.374,0.478007,-0.030082,0.01466,22.819000000000003
1772220271098054175,2026-02-27 14:24:31.098,0.1766,-2.12853,-24.6829,0.481563,-0.024901,0.015025,22.821000000000012
1772220271099254279,2026-02-27 14:24:31.099,0.09504,-2.08159,-25.1918,0.483276,-0.022482,0.01802,22.822000000000003
1772220271100467202,2026-02-27 14:24:31.100,0.016264,-2.1824,-25.6991,0.489616,-0.012592,0.014938,22.823000000000008
1772220271101597612,2026-02-27 14:24:31.101,-0.070795,-2.32646,-26.2301,0.49924,-0.004148,0.009352,22.824000000000012
1772220271102731864,2026-02-27 14:24:31.102,-0.292239,-2.37424,-27.0037,0.517407,0.004639,0.003508,22.825000000000003
1772220271103861255,2026-02-27 14:24:31.103,-0.288476,-2.44685,-28.4288,0.523122,0.011825,0.010168,22.826000000000008
1772220271105059975,2026-02-27 14:24:31.105,-0.449682,-2.52814,-28.3523,0.52633,0.016979,0.004481,22.828000000000003
1772220271106255615,2026-02-27 14:24:31.106,-0.577449,-2.56068,-28.6126,0.529481,0.022597,0.003734,22.829000000000008
1772220271107467723,2026-02-27 14:24:31.107,-0.707513,-2.61413,-28.3617,0.532339,0.029473,-0.003602,22.830000000000013
1772220271108562269,2026-02-27 14:24:31.108,-0.910512,-2.67799,-28.4829,0.53918,0.039679,-0.010005,22.831000000000003
1772220271109694862,2026-02-27 14:24:31.109,-1.02997,-2.83657,-28.8121,0.541503,0.048135,-0.012632,22.832000000000008
1772220271110843184,2026-02-27 14:24:31.110,-1.30454,-2.89659,-29.4266,0.542361,0.062559,-0.018812,22.833000000000013
1772220271112014090,2026-02-27 14:24:31.112,-1.40129,-2.97008,-28.7684,0.546529,0.068297,-0.029112,22.835000000000008
1772220271113209724,2026-02-27 14:24:31.113,-1.53579,-3.05019,-29.0424,0.547412,0.074721,-0.031016,22.836000000000013
1772220271114407309,2026-02-27 14:24:31.114,-1.64443,-3.15975,-29.3754,0.549416,0.079732,-0.033153,22.837000000000003
1772220271115568882,2026-02-27 14:24:31.115,-1.68997,-3.22051,-30.2473,0.553,0.085166,-0.030443,22.838000000000008
1772220271116699881,2026-02-27 14:24:31.116,-1.78391,-3.26939,-30.8701,0.555991,0.089801,-0.028631,22.839
1772220271117873845,2026-02-27 14:24:31.117,-1.99297,-3.39426,-31.2952,0.560691,0.099866,-0.032283,22.840000000000003
1772220271119052636,2026-02-27 14:24:31.119,-1.98413,-3.49255,-31.5787,0.563952,0.106494,-0.035306,22.842
1772220271120349633,2026-02-27 14:24:31.120,-2.0506,-3.57116,-32.1476,0.565789,0.109181,-0.032423,22.843000000000004
1772220271121531571,2026-02-27 14:24:31.121,-2.18674,-3.67816,-32.9917,0.563382,0.114407,-0.028298,22.84400000000001
1772220271122749746,2026-02-27 14:24:31.122,-2.24375,-3.73515,-32.9352,0.571444,0.118324,-0.033495,22.845
1772220271123918586,2026-02-27 14:24:31.123,-2.30834,-3.91135,-32.9753,0.575164,0.126266,-0.042802,22.846000000000004
1772220271125095029,2026-02-27 14:24:31.125,-2.40475,-3.99128,-33.1469,0.575454,0.128577,-0.044836,22.848
1772220271126294596,2026-02-27 14:24:31.126,-2.499,-4.13872,-33.4292,0.575245,0.131178,-0.045489,22.849000000000004
1772220271127504054,2026-02-27 14:24:31.127,-2.57923,-4.21204,-33.7112,0.575896,0.134349,-0.0461,22.85000000000001
1772220271128632684,2026-02-27 14:24:31.128,-2.63187,-4.32073,-33.9576,0.578334,0.138738,-0.048843,22.851
1772220271129812481,2026-02-27 14:24:31.129,-2.70902,-4.4031,-33.0599,0.577297,0.142134,-0.058674,22.852000000000004
1772220271130986406,2026-02-27 14:24:31.130,-2.84883,-4.59327,-33.9849,0.572726,0.14828,-0.057901,22.85300000000001
1772220271132183345,2026-02-27 14:24:31.132,-2.86355,-4.68444,-34.714,0.572909,0.150448,-0.055382,22.855000000000004
1772220271133379821,2026-02-27 14:24:31.133,-2.90744,-4.79669,-35.144,0.572342,0.154691,-0.05509,22.85600000000001
1772220271134574499,2026-02-27 14:24:31.134,-2.94375,-4.86244,-35.2562,0.571851,0.157179,-0.05671,22.857
1772220271135731260,2026-02-27 14:24:31.135,-3.02152,-4.93789,-35.4935,0.571535,0.16054,-0.057963,22.858000000000004
1772220271136881818,2026-02-27 14:24:31.136,-3.10957,-5.08525,-36.8578,0.57043,0.164428,-0.051992,22.85900000000001
1772220271138060083,2026-02-27 14:24:31.138,-3.19301,-5.10759,-36.9855,0.571802,0.167468,-0.054393,22.861000000000004
1772220271139257707,2026-02-27 14:24:31.139,-3.21544,-5.1143,-37.1962,0.572702,0.169732,-0.056437,22.86200000000001
1772220271140495115,2026-02-27 14:24:31.140,-3.28419,-5.21467,-36.8078,0.571102,0.172549,-0.063149,22.863
1772220271141623744,2026-02-27 14:24:31.141,-3.30205,-5.24084,-36.7376,0.573896,0.173886,-0.067562,22.864000000000004
1772220271142801559,2026-02-27 14:24:31.142,-3.40005,-5.23701,-36.7689,0.573805,0.176144,-0.069265,22.86500000000001
1772220271143973091,2026-02-27 14:24:31.143,-3.41918,-5.21843,-36.8218,0.573942,0.182073,-0.070427,22.866
1772220271145149057,2026-02-27 14:24:31.145,-3.52309,-5.23276,-36.4388,0.575837,0.185376,-0.079359,22.86800000000001
1772220271146348240,2026-02-27 14:24:31.146,-3.60888,-5.22636,-36.1772,0.577525,0.190717,-0.085187,22.869
1772220271147563188,2026-02-27 14:24:31.147,-3.7347,-5.34734,-37.0165,0.581319,0.200075,-0.087627,22.870000000000005
1772220271148698229,2026-02-27 14:24:31.148,-3.80968,-5.3933,-37.8639,0.59216,0.206683,-0.088375,22.87100000000001
1772220271149996311,2026-02-27 14:24:31.149,-4.0073,-5.42083,-38.911,0.596774,0.215759,-0.090389,22.872
1772220271151180161,2026-02-27 14:24:31.151,-4.15713,-5.47628,-39.1364,0.598156,0.222503,-0.09352,22.87400000000001
1772220271152379742,2026-02-27 14:24:31.152,-4.23804,-5.44179,-39.2812,0.601899,0.230926,-0.096146,22.875
1772220271153584701,2026-02-27 14:24:31.153,-4.41466,-5.386,-39.5257,0.604346,0.240511,-0.099445,22.876000000000005
1772220271154734850,2026-02-27 14:24:31.154,-4.55099,-5.3981,-40.6969,0.607099,0.250012,-0.094764,22.87700000000001
1772220271155903066,2026-02-27 14:24:31.155,-4.69096,-5.40332,-40.3892,0.610989,0.261221,-0.104429,22.878
1772220271157073954,2026-02-27 14:24:31.157,-5.02798,-5.35462,-40.2807,0.618263,0.280015,-0.118163,22.88000000000001
1772220271158265356,2026-02-27 14:24:31.158,-5.15964,-5.35805,-40.1879,0.623033,0.288297,-0.122975,22.881
1772220271159475468,2026-02-27 14:24:31.159,-5.29834,-5.30777,-40.4944,0.628406,0.298099,-0.125848,22.882000000000005
1772220271160605120,2026-02-27 14:24:31.160,-5.47167,-5.33113,-40.6635,0.631914,0.303847,-0.128217,22.88300000000001
1772220271161731312,2026-02-27 14:24:31.161,-5.5717,-5.30149,-40.8705,0.632014,0.311936,-0.13094,22.884
1772220271162908501,2026-02-27 14:24:31.162,-5.74364,-5.35016,-40.1039,0.63693,0.318991,-0.142409,22.885000000000005
1772220271164081852,2026-02-27 14:24:31.164,-5.95886,-5.31066,-40.6519,0.647619,0.333243,-0.145546,22.887
1772220271165273463,2026-02-27 14:24:31.165,-6.05329,-5.33005,-41.4413,0.653713,0.341127,-0.142938,22.888000000000005
1772220271166478683,2026-02-27 14:24:31.166,-6.141,-5.38625,-42.0917,0.656372,0.347827,-0.143108,22.88900000000001
1772220271167607034,2026-02-27 14:24:31.167,-6.27433,-5.40109,-42.2753,0.656768,0.354155,-0.146432,22.89
1772220271168736414,2026-02-27 14:24:31.168,-6.35307,-5.43016,-42.5049,0.664261,0.360253,-0.148386,22.891000000000005
1772220271169916475,2026-02-27 14:24:31.169,-6.47367,-5.41975,-42.7974,0.666442,0.367454,-0.150457,22.89200000000001
1772220271171089474,2026-02-27 14:24:31.171,-6.63656,-5.56805,-44.1737,0.670137,0.378849,-0.14553,22.894000000000005
1772220271172283118,2026-02-27 14:24:31.172,-6.68455,-5.63248,-44.2428,0.67652,0.384481,-0.150226,22.89500000000001
1772220271173509261,2026-02-27 14:24:31.173,-6.79619,-5.67519,-44.0068,0.675863,0.388466,-0.155468,22.896
1772220271174636135,2026-02-27 14:24:31.174,-6.83693,-5.75689,-43.9249,0.676285,0.391482,-0.158685,22.897000000000006
1772220271175808621,2026-02-27 14:24:31.175,-6.94942,-5.8009,-43.9722,0.678463,0.397928,-0.160857,22.89800000000001
1772220271176986129,2026-02-27 14:24:31.176,-7.04362,-5.86657,-44.191,0.678513,0.40122,-0.161863,22.899
1772220271178158415,2026-02-27 14:24:31.178,-7.168,-6.00284,-44.3127,0.680039,0.407246,-0.165195,22.90100000000001
1772220271179353929,2026-02-27 14:24:31.179,-7.23135,-6.05838,-43.646,0.680777,0.410375,-0.173824,22.902
1772220271180561186,2026-02-27 14:24:31.180,-7.27293,-6.15223,-44.1974,0.67865,0.413351,-0.170614,22.903000000000006
1772220271181694594,2026-02-27 14:24:31.181,-7.3104,-6.21479,-44.4886,0.678762,0.415095,-0.169743,22.90400000000001
1772220271182913661,2026-02-27 14:24:31.182,-7.26959,-6.33839,-45.1177,0.679137,0.41698,-0.166784,22.905
1772220271184089170,2026-02-27 14:24:31.184,-7.35525,-6.4951,-45.432,0.676915,0.422639,-0.16563,22.90700000000001
1772220271185302570,2026-02-27 14:24:31.185,-7.40749,-6.56474,-45.5967,0.675682,0.423347,-0.165552,22.908
1772220271186514703,2026-02-27 14:24:31.186,-7.42816,-6.70676,-45.68,0.67402,0.426398,-0.165317,22.909000000000006
1772220271187641812,2026-02-27 14:24:31.187,-7.4772,-6.79101,-46.8998,0.672084,0.428575,-0.156469,22.91000000000001
1772220271188816069,2026-02-27 14:24:31.188,-7.48192,-6.89053,-46.7268,0.667551,0.429321,-0.15824,22.911
1772220271190004040,2026-02-27 14:24:31.190,-7.48987,-6.95554,-46.9033,0.667737,0.431594,-0.159253,22.91300000000001
1772220271191173346,2026-02-27 14:24:31.191,-7.62018,-7.13392,-46.137,0.656454,0.431888,-0.165289,22.914
1772220271192368636,2026-02-27 14:24:31.192,-7.63179,-7.21255,-46.2015,0.656209,0.433589,-0.16475,22.915000000000006
1772220271193570729,2026-02-27 14:24:31.193,-7.62342,-7.33363,-46.2882,0.65309,0.433626,-0.164081,22.91600000000001
1772220271194722412,2026-02-27 14:24:31.194,-7.58422,-7.45858,-46.3207,0.650357,0.434756,-0.165331,22.917
1772220271195913189,2026-02-27 14:24:31.195,-7.70238,-7.52728,-45.6544,0.646974,0.435311,-0.171207,22.918000000000006
1772220271197086952,2026-02-27 14:24:31.197,-7.69316,-7.58573,-45.4838,0.643066,0.43658,-0.172533,22.92
1772220271198265290,2026-02-27 14:24:31.198,-7.72451,-7.81565,-46.1768,0.636052,0.438273,-0.166574,22.921000000000006
1772220271199481312,2026-02-27 14:24:31.199,-7.73875,-7.87409,-46.6322,0.633235,0.440156,-0.162451,22.92200000000001
1772220271200608699,2026-02-27 14:24:31.200,-7.75594,-7.96237,-46.7175,0.628358,0.43933,-0.162199,22.923000000000002
1772220271201767817,2026-02-27 14:24:31.201,-7.75372,-8.04722,-46.7564,0.627775,0.439582,-0.162497,22.924000000000007
1772220271202970648,2026-02-27 14:24:31.202,-7.7255,-8.13068,-46.7445,0.622036,0.43979,-0.161394,22.92500000000001
1772220271204144154,2026-02-27 14:24:31.204,-7.7544,-8.34142,-47.8791,0.616351,0.440368,-0.153276,22.927000000000007
1772220271205321144,2026-02-27 14:24:31.205,-7.7475,-8.38196,-47.4153,0.611001,0.440723,-0.15594,22.92800000000001
1772220271206530315,2026-02-27 14:24:31.206,-7.7561,-8.46079,-47.3222,0.608213,0.440531,-0.157905,22.929000000000002
1772220271207663951,2026-02-27 14:24:31.207,-7.88545,-8.55345,-47.0246,0.599349,0.440571,-0.160681,22.930000000000007
1772220271208853239,2026-02-27 14:24:31.208,-7.79207,-8.54196,-46.8163,0.601552,0.440204,-0.160988,22.93100000000001
1772220271210051636,2026-02-27 14:24:31.210,-7.85175,-8.60929,-46.9017,0.597418,0.442002,-0.160724,22.933000000000007
1772220271211223137,2026-02-27 14:24:31.211,-7.88549,-8.69596,-46.9295,0.596165,0.445983,-0.162776,22.93400000000001
1772220271212420144,2026-02-27 14:24:31.212,-7.88215,-8.75762,-45.8824,0.596717,0.447993,-0.17336,22.935000000000002
1772220271213571843,2026-02-27 14:24:31.213,-7.98657,-8.78274,-46.2512,0.595003,0.4515,-0.170188,22.936000000000007
1772220271214701568,2026-02-27 14:24:31.214,-8.02134,-8.81345,-46.2888,0.592149,0.452173,-0.170916,22.937000000000012
1772220271215873283,2026-02-27 14:24:31.215,-8.03684,-8.88779,-46.9277,0.591464,0.454579,-0.166652,22.938000000000002
1772220271217072503,2026-02-27 14:24:31.217,-8.09132,-8.87331,-47.2926,0.592692,0.456551,-0.163827,22.940000000000012
1772220271218241977,2026-02-27 14:24:31.218,-8.11225,-9.00078,-47.4182,0.593116,0.460722,-0.166357,22.941000000000003
1772220271219435981,2026-02-27 14:24:31.219,-8.15642,-8.99289,-47.4972,0.594401,0.461797,-0.166788,22.942000000000007
1772220271220582861,2026-02-27 14:24:31.220,-8.15378,-9.0253,-48.3746,0.593311,0.463418,-0.160289,22.943000000000012
1772220271221711941,2026-02-27 14:24:31.221,-8.14835,-9.06138,-48.6004,0.593032,0.463743,-0.16002,22.944000000000003
1772220271222886381,2026-02-27 14:24:31.222,-8.16239,-9.10412,-48.5976,0.59305,0.46435,-0.16047,22.945000000000007
1772220271224088527,2026-02-27 14:24:31.224,-8.22892,-9.16646,-48.2464,0.593928,0.463888,-0.164519,22.947000000000003
1772220271225258037,2026-02-27 14:24:31.225,-8.21305,-9.23105,-47.9188,0.592966,0.465951,-0.167851,22.948000000000008
1772220271226449452,2026-02-27 14:24:31.226,-8.28659,-9.304,-48.0824,0.59395,0.466169,-0.167922,22.949000000000012
1772220271227560252,2026-02-27 14:24:31.227,-8.28482,-9.35545,-48.1374,0.588414,0.466237,-0.169166,22.950000000000003
1772220271228689164,2026-02-27 14:24:31.228,-8.20033,-9.32245,-47.7851,0.593739,0.465281,-0.172721,22.951000000000008
1772220271229860604,2026-02-27 14:24:31.229,-8.24242,-9.36899,-47.22,0.59612,0.466129,-0.178141,22.952000000000012
1772220271231059166,2026-02-27 14:24:31.231,-8.24516,-9.41334,-47.6935,0.593407,0.465263,-0.17441,22.954000000000008
1772220271232232528,2026-02-27 14:24:31.232,-8.17725,-9.47791,-48.4339,0.591855,0.462707,-0.166984,22.955000000000013
1772220271233428382,2026-02-27 14:24:31.233,-8.08343,-9.56599,-48.5967,0.591037,0.462889,-0.166768,22.956000000000003
1772220271234549472,2026-02-27 14:24:31.234,-7.95871,-9.56018,-48.6691,0.590265,0.466058,-0.16459,22.957000000000008
1772220271235687009,2026-02-27 14:24:31.235,-7.79526,-9.58607,-48.7242,0.588705,0.475057,-0.161691,22.958000000000013
1772220271236911565,2026-02-27 14:24:31.236,-7.66476,-9.6625,-48.8394,0.589995,0.486444,-0.15881,22.959000000000003
1772220271238113879,2026-02-27 14:24:31.238,-7.47625,-9.75042,-49.9868,0.585821,0.497696,-0.147679,22.961000000000013
1772220271239285885,2026-02-27 14:24:31.239,-7.08872,-9.88304,-49.7989,0.590166,0.522159,-0.146222,22.962000000000003
1772220271240485954,2026-02-27 14:24:31.240,-6.96783,-9.90877,-49.2827,0.587117,0.53392,-0.149891,22.963000000000008
1772220271241622254,2026-02-27 14:24:31.241,-6.82114,-10.0292,-49.0173,0.585986,0.54417,-0.152421,22.964
1772220271242816523,2026-02-27 14:24:31.242,-6.62265,-10.1094,-48.9971,0.594244,0.552723,-0.15423,22.965000000000003
1772220271244018107,2026-02-27 14:24:31.244,-6.42488,-10.1721,-49.0349,0.597751,0.560877,-0.156796,22.967
1772220271245192054,2026-02-27 14:24:31.245,-6.33069,-10.2626,-49.1937,0.598645,0.572707,-0.159922,22.968000000000004
1772220271246378789,2026-02-27 14:24:31.246,-6.17015,-10.3717,-48.2469,0.599197,0.58848,-0.173018,22.96900000000001
1772220271247528017,2026-02-27 14:24:31.247,-6.17959,-10.3759,-48.1637,0.595024,0.593828,-0.176554,22.97
1772220271248663408,2026-02-27 14:24:31.248,-6.06496,-10.3941,-48.4617,0.598892,0.595586,-0.173962,22.971000000000004
1772220271249877610,2026-02-27 14:24:31.249,-6.06957,-10.2653,-48.3378,0.595832,0.589375,-0.171442,22.97200000000001
1772220271251018869,2026-02-27 14:24:31.251,-5.84469,-10.3516,-48.2381,0.595631,0.591431,-0.17352,22.974000000000004
1772220271252205214,2026-02-27 14:24:31.252,-5.86133,-10.2956,-48.4025,0.607508,0.603792,-0.181837,22.97500000000001
1772220271253382159,2026-02-27 14:24:31.253,-5.81277,-10.4102,-49.1326,0.615266,0.617328,-0.187709,22.976
1772220271254536360,2026-02-27 14:24:31.254,-5.91894,-10.14,-49.2694,0.614263,0.613214,-0.182837,22.977000000000004
1772220271255666827,2026-02-27 14:24:31.255,-5.97404,-9.45054,-46.8375,0.595901,0.582888,-0.167135,22.97800000000001
1772220271256841692,2026-02-27 14:24:31.256,-5.83915,-6.56596,-38.8252,0.466919,0.453359,-0.09342,22.979
1772220271258042086,2026-02-27 14:24:31.258,-4.15074,-4.35845,-28.6402,0.253822,0.197713,0.050633,22.98100000000001
1772220271259214120,2026-02-27 14:24:31.259,-3.00068,-0.796358,-17.7872,0.089134,0.021078,0.119468,22.982
1772220271260501826,2026-02-27 14:24:31.260,1.03436,0.848115,-9.69794,0.097933,-0.072526,0.145042,22.983000000000004
1772220271261632509,2026-02-27 14:24:31.261,2.45593,1.35402,-8.89008,0.117443,-0.11689,0.121676,22.98400000000001
1772220271262804937,2026-02-27 14:24:31.262,4.44941,-0.140558,-12.5002,0.266925,-0.15465,0.113524,22.985
1772220271264003399,2026-02-27 14:24:31.264,5.51503,1.63362,-11.9215,0.247455,-0.201649,0.118986,22.98700000000001
1772220271265200733,2026-02-27 14:24:31.265,6.30375,2.20987,-10.7009,0.258629,-0.239738,0.13058,22.988
1772220271266373934,2026-02-27 14:24:31.266,7.05525,2.41632,-9.19956,0.251267,-0.241969,0.136525,22.989000000000004
1772220271267530356,2026-02-27 14:24:31.267,7.43744,1.64159,-9.9921,0.242586,-0.248121,0.149453,22.99000000000001
1772220271268658093,2026-02-27 14:24:31.268,7.62887,0.862386,-10.5437,0.224496,-0.254575,0.164991,22.991
1772220271269835700,2026-02-27 14:24:31.269,7.99068,-0.685157,-12.567,0.251891,-0.262864,0.19385,22.992000000000004
1772220271271032375,2026-02-27 14:24:31.271,8.03242,-0.752234,-13.3361,0.192778,-0.284293,0.220856,22.994
1772220271272229831,2026-02-27 14:24:31.272,7.72629,-0.361795,-10.8605,0.103921,-0.282915,0.194455,22.995000000000005
1772220271273403596,2026-02-27 14:24:31.273,8.5322,-3.79921,-15.3375,0.200037,-0.306988,0.21701,22.99600000000001
1772220271274554832,2026-02-27 14:24:31.274,8.0144,-2.35642,-12.3449,0.085521,-0.294996,0.187478,22.997
1772220271275708129,2026-02-27 14:24:31.275,8.32791,-2.91614,-12.3802,0.082188,-0.300771,0.181009,22.998000000000005
1772220271276898318,2026-02-27 14:24:31.276,8.72424,-3.77254,-13.7952,0.119492,-0.309145,0.201373,22.99900000000001
1772220271278097094,2026-02-27 14:24:31.278,8.55634,-3.26807,-12.7325,0.097143,-0.297033,0.189934,23.001000000000005
1772220271279269560,2026-02-27 14:24:31.279,8.69405,-3.40594,-12.0415,0.109198,-0.305418,0.184772,23.00200000000001
1772220271280443454,2026-02-27 14:24:31.280,8.68252,-2.54534,-9.68842,0.066648,-0.288493,0.155926,23.003
1772220271281593887,2026-02-27 14:24:31.281,9.28179,-4.20616,-13.2324,0.156717,-0.298166,0.181452,23.004000000000005
1772220271282767615,2026-02-27 14:24:31.282,9.00244,-2.70828,-11.6056,0.087257,-0.316329,0.182785,23.00500000000001
1772220271283964614,2026-02-27 14:24:31.283,9.10248,-2.6771,-10.7319,0.073935,-0.295275,0.15807,23.006
1772220271285163759,2026-02-27 14:24:31.285,9.77296,-4.12175,-13.6429,0.156221,-0.311694,0.186097,23.00800000000001
1772220271286339695,2026-02-27 14:24:31.286,9.52619,-3.43006,-13.8876,0.139575,-0.329761,0.196441,23.009
1772220271287530849,2026-02-27 14:24:31.287,9.02638,-2.51478,-12.2614,0.091661,-0.318523,0.189903,23.010000000000005
1772220271288662022,2026-02-27 14:24:31.288,8.56043,-2.07856,-10.0745,0.069374,-0.274019,0.155879,23.01100000000001
1772220271289836653,2026-02-27 14:24:31.289,7.9611,-1.7048,-8.44252,0.046117,-0.253869,0.130906,23.012
1772220271291032516,2026-02-27 14:24:31.291,8.60615,-4.42909,-12.8578,0.174015,-0.295507,0.182459,23.01400000000001
1772220271292230447,2026-02-27 14:24:31.292,8.82403,-4.21974,-14.1839,0.143321,-0.264605,0.179331,23.015
1772220271293402506,2026-02-27 14:24:31.293,8.68914,-3.48917,-13.3459,0.121185,-0.319874,0.194516,23.016000000000005
1772220271294537782,2026-02-27 14:24:31.294,8.35197,-2.7799,-11.2297,0.084357,-0.274475,0.164696,23.01700000000001
1772220271295668142,2026-02-27 14:24:31.295,7.78408,-2.3174,-8.46914,0.060014,-0.262599,0.135137,23.018
1772220271296843118,2026-02-27 14:24:31.296,7.52037,-2.55584,-8.22019,0.062501,-0.236425,0.12513,23.019000000000005
1772220271298037720,2026-02-27 14:24:31.298,7.50268,-2.90035,-8.74365,0.064634,-0.232241,0.121227,23.021
1772220271299234980,2026-02-27 14:24:31.299,7.64321,-2.96049,-9.89315,0.088983,-0.240598,0.136708,23.022000000000006
1772220271300404797,2026-02-27 14:24:31.300,7.54285,-1.86261,-7.26034,0.052575,-0.263517,0.136048,23.02300000000001
1772220271301552184,2026-02-27 14:24:31.301,7.97755,-2.94914,-8.99888,0.08299,-0.25715,0.14675,23.024
1772220271302700134,2026-02-27 14:24:31.302,8.09203,-3.24581,-10.7216,0.12275,-0.280243,0.181993,23.025000000000006
1772220271303875227,2026-02-27 14:24:31.303,8.18687,-3.11931,-11.4966,0.109991,-0.266431,0.188369,23.02600000000001
1772220271305071277,2026-02-27 14:24:31.305,8.26427,-3.27766,-12.083,0.117317,-0.266608,0.191489,23.028000000000006
1772220271306269798,2026-02-27 14:24:31.306,7.94744,-2.59666,-10.2034,0.07625,-0.290694,0.193005,23.02900000000001
1772220271307443243,2026-02-27 14:24:31.307,7.60723,-2.7723,-7.95854,0.064661,-0.255135,0.147644,23.03
1772220271308597194,2026-02-27 14:24:31.308,7.56872,-2.98063,-8.15468,0.069727,-0.245717,0.143778,23.031000000000006
1772220271309771423,2026-02-27 14:24:31.309,7.45043,-2.83812,-7.77531,0.06031,-0.241346,0.13789,23.03200000000001
1772220271310965255,2026-02-27 14:24:31.310,7.34898,-2.74158,-7.36731,0.049199,-0.245183,0.136769,23.033
1772220271312158619,2026-02-27 14:24:31.312,7.24051,-2.59697,-6.55486,0.034304,-0.24673,0.132797,23.03500000000001
1772220271313342752,2026-02-27 14:24:31.313,7.04989,-2.32546,-4.88983,0.02469,-0.237963,0.120183,23.036
1772220271314528479,2026-02-27 14:24:31.314,7.16033,-3.28518,-6.18608,0.044489,-0.253149,0.148571,23.037000000000006
1772220271315655040,2026-02-27 14:24:31.315,7.60986,-4.41404,-9.79739,0.105169,-0.278045,0.194553,23.03800000000001
1772220271316850030,2026-02-27 14:24:31.316,7.86308,-3.88278,-10.4719,0.107864,-0.264039,0.196097,23.039
1772220271318027176,2026-02-27 14:24:31.318,7.92084,-3.69804,-10.1573,0.110931,-0.24819,0.176515,23.04100000000001
1772220271319234007,2026-02-27 14:24:31.319,7.53973,-3.14407,-8.88673,0.086632,-0.252466,0.163194,23.042
1772220271320405183,2026-02-27 14:24:31.320,7.13377,-2.81256,-7.67781,0.076652,-0.22317,0.139063,23.043000000000006
1772220271321529868,2026-02-27 14:24:31.321,6.53295,-2.32233,-6.8976,0.054557,-0.209639,0.122779,23.04400000000001
1772220271322657896,2026-02-27 14:24:31.322,6.52144,-2.33321,-6.77641,0.058051,-0.209113,0.123125,23.045
1772220271323827949,2026-02-27 14:24:31.323,6.71399,-2.6937,-7.03941,0.081848,-0.198687,0.121948,23.046000000000006
1772220271325025279,2026-02-27 14:24:31.325,6.70093,-2.50505,-7.12854,0.085111,-0.216203,0.135369,23.048000000000002
1772220271326221798,2026-02-27 14:24:31.326,6.71782,-2.43076,-7.18756,0.088801,-0.215528,0.141628,23.049000000000007
1772220271327393061,2026-02-27 14:24:31.327,6.61795,-2.25089,-7.10227,0.095332,-0.217583,0.147338,23.05000000000001
1772220271328533381,2026-02-27 14:24:31.328,6.30447,-1.70862,-5.35395,0.088073,-0.208333,0.134176,23.051000000000002
1772220271329660983,2026-02-27 14:24:31.329,6.08111,-1.30652,-4.0752,0.073342,-0.205826,0.123989,23.052000000000007
1772220271330833706,2026-02-27 14:24:31.330,5.83529,-1.02501,-3.25059,0.0541,-0.201816,0.11445,23.05300000000001
1772220271332033003,2026-02-27 14:24:31.332,5.73238,-0.93728,-3.06302,0.05085,-0.188967,0.107351,23.055000000000007
1772220271333208439,2026-02-27 14:24:31.333,5.77893,-1.70932,-5.07869,0.098784,-0.20314,0.12858,23.05600000000001
1772220271334387278,2026-02-27 14:24:31.334,6.01626,-1.83825,-6.29208,0.111284,-0.224433,0.150072,23.057000000000002
1772220271335545707,2026-02-27 14:24:31.335,5.95291,-1.24406,-5.6626,0.100807,-0.220689,0.14965,23.058000000000007
1772220271336684466,2026-02-27 14:24:31.336,5.78956,-1.02805,-5.14498,0.084996,-0.214361,0.147158,23.05900000000001
1772220271337873488,2026-02-27 14:24:31.337,5.58272,-1.02434,-5.4476,0.079029,-0.192688,0.140041,23.060000000000002
1772220271339068265,2026-02-27 14:24:31.339,5.42062,-1.11051,-4.91004,0.075867,-0.186271,0.1289,23.062000000000012
1772220271340263074,2026-02-27 14:24:31.340,5.2742,-1.08673,-4.35986,0.060164,-0.181929,0.118226,23.063000000000002
1772220271341432035,2026-02-27 14:24:31.341,5.21905,-1.33361,-4.15914,0.071367,-0.184193,0.119143,23.064000000000007
1772220271342572103,2026-02-27 14:24:31.342,5.32487,-1.84691,-4.92116,0.111312,-0.216342,0.156864,23.065000000000012
1772220271343689609,2026-02-27 14:24:31.343,5.27862,-2.06056,-5.66765,0.137477,-0.237126,0.17858,23.066000000000003
1772220271344852839,2026-02-27 14:24:31.344,5.48592,-1.6225,-5.58575,0.138431,-0.243137,0.185264,23.067000000000007
1772220271346044821,2026-02-27 14:24:31.346,5.52195,-1.49251,-4.48463,0.140406,-0.238034,0.172857,23.069000000000003
1772220271347236921,2026-02-27 14:24:31.347,5.51867,-1.40806,-4.70685,0.136931,-0.246951,0.178397,23.070000000000007
1772220271348429361,2026-02-27 14:24:31.348,5.46308,-1.46593,-4.93079,0.136891,-0.243358,0.168821,23.071000000000012
1772220271349577934,2026-02-27 14:24:31.349,5.42566,-1.60674,-7.00238,0.151292,-0.265348,0.148817,23.072000000000003
1772220271350706523,2026-02-27 14:24:31.350,5.51606,-1.77283,-7.4786,0.153498,-0.248444,0.128769,23.073000000000008
1772220271351875241,2026-02-27 14:24:31.351,5.37846,-1.9458,-8.16373,0.169908,-0.255593,0.121563,23.074000000000012
1772220271353075208,2026-02-27 14:24:31.353,5.12357,-2.21407,-9.323,0.188327,-0.251477,0.118471,23.076000000000008
1772220271354252076,2026-02-27 14:24:31.354,4.91577,-2.45224,-11.1393,0.200928,-0.249307,0.125378,23.077000000000012
1772220271355449396,2026-02-27 14:24:31.355,4.80393,-2.57411,-12.089,0.207833,-0.254325,0.127207,23.078000000000003
1772220271356600876,2026-02-27 14:24:31.356,4.41462,-2.44613,-11.9536,0.191883,-0.265443,0.125911,23.079000000000008
1772220271357726661,2026-02-27 14:24:31.357,4.20104,-2.45941,-11.8574,0.184726,-0.262766,0.122685,23.080000000000013
1772220271358855261,2026-02-27 14:24:31.358,4.10929,-2.58754,-11.9928,0.174574,-0.263149,0.123881,23.081000000000003
1772220271360044524,2026-02-27 14:24:31.360,4.04139,-2.66819,-12.2553,0.170328,-0.260135,0.123169,23.083000000000013
1772220271361238359,2026-02-27 14:24:31.361,4.0637,-2.80959,-12.5815,0.16835,-0.262536,0.123108,23.084000000000003
1772220271362435400,2026-02-27 14:24:31.362,4.11596,-2.93261,-12.3231,0.160485,-0.268686,0.120517,23.085000000000008
1772220271363582754,2026-02-27 14:24:31.363,4.21844,-3.02409,-12.5686,0.161166,-0.279541,0.123867,23.086000000000013
1772220271364711693,2026-02-27 14:24:31.364,4.26778,-3.04277,-12.9289,0.163226,-0.284347,0.129299,23.087000000000003
1772220271365881376,2026-02-27 14:24:31.365,4.4016,-3.0746,-13.4457,0.161041,-0.290604,0.136871,23.088000000000008
1772220271367075804,2026-02-27 14:24:31.367,4.50358,-3.12486,-13.6282,0.164641,-0.295722,0.140254,23.090000000000003
1772220271368214317,2026-02-27 14:24:31.368,4.56884,-3.20576,-13.6196,0.158943,-0.300386,0.141836,23.091000000000008
1772220271369414972,2026-02-27 14:24:31.369,4.63351,-3.28548,-13.6355,0.153238,-0.305423,0.144052,23.092
1772220271370580569,2026-02-27 14:24:31.370,4.83455,-3.51545,-14.8525,0.144411,-0.314502,0.155694,23.093000000000004
1772220271371857518,2026-02-27 14:24:31.371,4.94774,-3.61117,-14.5866,0.143015,-0.318358,0.152548,23.09400000000001
1772220271372987728,2026-02-27 14:24:31.372,4.9329,-3.71253,-14.7436,0.135733,-0.322021,0.154239,23.095
1772220271374122536,2026-02-27 14:24:31.374,4.94787,-3.81933,-14.3408,0.131536,-0.324735,0.15157,23.09700000000001
1772220271375240947,2026-02-27 14:24:31.375,4.97814,-3.98301,-14.2434,0.122658,-0.327666,0.151802,23.098
1772220271376438607,2026-02-27 14:24:31.376,4.97979,-4.07915,-14.4592,0.121602,-0.329883,0.153563,23.099000000000004
1772220271377668397,2026-02-27 14:24:31.377,4.95118,-4.12877,-14.4868,0.115359,-0.329957,0.154261,23.10000000000001
1772220271378885537,2026-02-27 14:24:31.378,5.02674,-4.3698,-13.8338,0.108465,-0.334825,0.14754,23.101
1772220271380083979,2026-02-27 14:24:31.380,4.98911,-4.48121,-14.0197,0.107285,-0.334096,0.147789,23.10300000000001
1772220271381280103,2026-02-27 14:24:31.381,5.05148,-4.5471,-14.2273,0.106223,-0.336132,0.148466,23.104
1772220271382493385,2026-02-27 14:24:31.382,5.07115,-4.57416,-15.0593,0.099742,-0.334675,0.150814,23.105000000000004
1772220271383701647,2026-02-27 14:24:31.383,5.08781,-4.61414,-15.4153,0.105531,-0.33478,0.155835,23.10600000000001
1772220271384919620,2026-02-27 14:24:31.384,5.11767,-4.71388,-15.6451,0.107475,-0.335184,0.153762,23.107
1772220271386126190,2026-02-27 14:24:31.386,5.08792,-4.68273,-15.78,0.110247,-0.333061,0.15268,23.10900000000001
1772220271387324085,2026-02-27 14:24:31.387,5.05302,-4.69369,-16.3562,0.110301,-0.332168,0.156635,23.11
1772220271388669546,2026-02-27 14:24:31.388,5.06531,-4.70271,-17.2261,0.10816,-0.328636,0.158823,23.111000000000004
1772220271389889180,2026-02-27 14:24:31.389,5.021,-4.71559,-16.6715,0.117929,-0.327161,0.152281,23.11200000000001
1772220271391085830,2026-02-27 14:24:31.391,5.06731,-4.76465,-16.4999,0.118408,-0.324931,0.148027,23.114000000000004
1772220271392279772,2026-02-27 14:24:31.392,5.03821,-4.76918,-16.3857,0.119364,-0.322277,0.146162,23.11500000000001
1772220271393616385,2026-02-27 14:24:31.393,4.9221,-4.78835,-16.514,0.12168,-0.319597,0.143806,23.116
1772220271394790299,2026-02-27 14:24:31.394,4.82061,-4.72208,-16.6515,0.126917,-0.313322,0.139996,23.117000000000004
1772220271395985508,2026-02-27 14:24:31.395,4.7159,-4.65455,-15.8239,0.126561,-0.310456,0.128324,23.11800000000001
1772220271397185918,2026-02-27 14:24:31.397,4.68649,-4.67331,-16.3276,0.131483,-0.306887,0.130879,23.120000000000005
1772220271398381581,2026-02-27 14:24:31.398,4.61076,-4.60174,-16.4047,0.135451,-0.302679,0.130298,23.12100000000001
1772220271399568688,2026-02-27 14:24:31.399,4.63871,-4.55413,-16.9504,0.141554,-0.299063,0.133285,23.122
1772220271400699912,2026-02-27 14:24:31.400,4.47968,-4.47429,-17.4516,0.150982,-0.28954,0.12914,23.123000000000005
1772220271401828558,2026-02-27 14:24:31.401,4.38176,-4.4728,-17.5808,0.158337,-0.285374,0.127295,23.12400000000001
1772220271402998634,2026-02-27 14:24:31.402,4.29108,-4.31105,-17.6256,0.169103,-0.280152,0.125208,23.125
1772220271404177586,2026-02-27 14:24:31.404,4.20479,-4.31082,-18.6838,0.171014,-0.276166,0.131276,23.12700000000001
1772220271405376350,2026-02-27 14:24:31.405,4.2089,-4.26711,-18.7208,0.177866,-0.274017,0.127971,23.128
1772220271406688855,2026-02-27 14:24:31.406,4.15488,-4.25885,-18.8663,0.185989,-0.269412,0.125678,23.129000000000005
1772220271407876774,2026-02-27 14:24:31.407,3.91426,-4.1396,-18.3964,0.19455,-0.258197,0.112909,23.13000000000001
1772220271409073309,2026-02-27 14:24:31.409,3.8393,-4.16735,-18.4828,0.203691,-0.254687,0.110892,23.132000000000005
1772220271410271755,2026-02-27 14:24:31.410,3.76477,-4.11703,-18.5479,0.20885,-0.248255,0.108588,23.13300000000001
1772220271411485356,2026-02-27 14:24:31.411,3.69612,-4.16688,-18.6543,0.210714,-0.243848,0.106165,23.134
1772220271412700647,2026-02-27 14:24:31.412,3.56912,-4.11987,-18.3315,0.2117,-0.239093,0.096993,23.135000000000005
1772220271413919947,2026-02-27 14:24:31.413,3.44537,-4.22901,-18.4464,0.220908,-0.229218,0.093141,23.13600000000001
1772220271415120249,2026-02-27 14:24:31.415,3.36496,-4.28509,-19.0069,0.223554,-0.225268,0.094766,23.138000000000005
1772220271416317454,2026-02-27 14:24:31.416,3.25059,-4.33979,-19.6105,0.223235,-0.220018,0.096519,23.13900000000001
1772220271417505808,2026-02-27 14:24:31.417,3.16491,-4.38032,-19.7791,0.226751,-0.214935,0.094315,23.14
1772220271418639382,2026-02-27 14:24:31.418,3.07329,-4.40093,-19.9283,0.226829,-0.209873,0.092063,23.141000000000005
1772220271419799179,2026-02-27 14:24:31.419,2.88077,-4.47179,-20.2123,0.230655,-0.1983,0.088681,23.14200000000001
1772220271420995761,2026-02-27 14:24:31.420,2.8087,-4.53091,-21.3332,0.233466,-0.193379,0.095106,23.143
1772220271422193050,2026-02-27 14:24:31.422,2.68107,-4.5832,-21.0549,0.233709,-0.18798,0.089674,23.14500000000001
1772220271423394708,2026-02-27 14:24:31.423,2.61262,-4.66586,-21.1236,0.234695,-0.183991,0.087669,23.146
1772220271424564636,2026-02-27 14:24:31.424,2.53911,-4.66769,-20.8515,0.237993,-0.178226,0.080367,23.147000000000006
1772220271425696884,2026-02-27 14:24:31.425,2.28244,-4.8014,-20.8807,0.23616,-0.167315,0.074883,23.14800000000001
1772220271426868738,2026-02-27 14:24:31.426,2.27474,-4.82075,-21.0683,0.238314,-0.16253,0.072611,23.149
1772220271428075901,2026-02-27 14:24:31.428,2.07852,-4.86598,-21.1906,0.239716,-0.155832,0.069142,23.15100000000001
1772220271429270736,2026-02-27 14:24:31.429,1.97119,-4.91911,-20.2813,0.241148,-0.149365,0.057648,23.152
1772220271430477694,2026-02-27 14:24:31.430,1.91115,-4.94206,-20.6447,0.242178,-0.143189,0.057185,23.153000000000006
1772220271431610619,2026-02-27 14:24:31.431,1.8087,-4.9582,-20.7711,0.241312,-0.137058,0.054492,23.15400000000001
1772220271432742000,2026-02-27 14:24:31.432,1.66156,-5.10036,-21.9495,0.243837,-0.125764,0.05715,23.155
1772220271433890419,2026-02-27 14:24:31.433,1.51927,-5.12657,-22.0352,0.240902,-0.119691,0.054241,23.156000000000006
1772220271435115928,2026-02-27 14:24:31.435,1.43489,-5.15117,-22.2067,0.243875,-0.114575,0.052458,23.158
1772220271436317337,2026-02-27 14:24:31.436,1.36728,-5.18688,-22.3358,0.24616,-0.108818,0.050445,23.159000000000006
1772220271437529702,2026-02-27 14:24:31.437,1.27347,-5.23803,-23.1714,0.245848,-0.102144,0.053535,23.16000000000001
1772220271438665481,2026-02-27 14:24:31.438,1.00445,-5.3041,-23.5804,0.249309,-0.086336,0.047282,23.161
1772220271439822115,2026-02-27 14:24:31.439,0.906551,-5.32485,-23.2945,0.250158,-0.080547,0.040794,23.162000000000006
1772220271441019641,2026-02-27 14:24:31.441,0.735693,-5.35438,-23.1382,0.252107,-0.073103,0.035338,23.164
1772220271442217307,2026-02-27 14:24:31.442,0.63131,-5.37125,-23.1545,0.25192,-0.066227,0.031428,23.165000000000006
1772220271443415235,2026-02-27 14:24:31.443,0.48606,-5.3462,-23.4239,0.257743,-0.059122,0.029042,23.16600000000001
1772220271444569828,2026-02-27 14:24:31.444,0.378097,-5.39727,-23.555,0.261216,-0.050062,0.024242,23.167
1772220271445704321,2026-02-27 14:24:31.445,0.092162,-5.41112,-22.8584,0.266307,-0.03368,0.007769,23.168000000000006
1772220271446858894,2026-02-27 14:24:31.446,-0.028636,-5.39834,-23.3746,0.269072,-0.02684,0.008798,23.16900000000001
1772220271448058510,2026-02-27 14:24:31.448,-0.236247,-5.40652,-23.6818,0.27199,-0.017713,0.005677,23.171000000000006
1772220271449255226,2026-02-27 14:24:31.449,-0.247523,-5.42609,-24.2941,0.279561,-0.009734,0.006442,23.17200000000001
1772220271450470553,2026-02-27 14:24:31.450,-0.372107,-5.41885,-24.6291,0.286305,0.000819,0.001831,23.173000000000002
1772220271451568841,2026-02-27 14:24:31.451,-0.595715,-5.40204,-24.7257,0.288446,0.009902,-0.002449,23.174000000000007
1772220271452703198,2026-02-27 14:24:31.452,-0.750766,-5.40877,-24.9255,0.293427,0.019343,-0.006142,23.17500000000001
1772220271453884897,2026-02-27 14:24:31.453,-1.04589,-5.39176,-26.3304,0.302343,0.038535,-0.002994,23.176000000000002
1772220271455084437,2026-02-27 14:24:31.455,-1.1394,-5.35029,-26.1661,0.309131,0.045968,-0.009205,23.17800000000001
1772220271456280916,2026-02-27 14:24:31.456,-1.30571,-5.33319,-26.3667,0.312635,0.054995,-0.012904,23.179000000000002
1772220271457492803,2026-02-27 14:24:31.457,-1.53444,-5.33456,-26.0428,0.321275,0.065374,-0.021967,23.180000000000007
1772220271458623986,2026-02-27 14:24:31.458,-1.66332,-5.32903,-25.955,0.327783,0.077245,-0.028932,23.18100000000001
1772220271459776418,2026-02-27 14:24:31.459,-1.97984,-5.22479,-26.5468,0.343742,0.098136,-0.037756,23.182000000000002
1772220271460959464,2026-02-27 14:24:31.460,-2.20757,-5.22622,-26.7848,0.350978,0.109778,-0.045043,23.183000000000007
1772220271462161063,2026-02-27 14:24:31.462,-2.40665,-5.23633,-26.3403,0.361952,0.12464,-0.056643,23.185000000000002
1772220271463360909,2026-02-27 14:24:31.463,-2.68288,-5.15901,-26.4702,0.369321,0.136169,-0.061873,23.186000000000007
1772220271464570356,2026-02-27 14:24:31.464,-2.77123,-5.17098,-26.9219,0.378851,0.146174,-0.06395,23.187000000000012
1772220271465702721,2026-02-27 14:24:31.465,-2.91466,-5.14677,-27.6076,0.380981,0.154775,-0.061968,23.188000000000002
1772220271466853580,2026-02-27 14:24:31.466,-3.1702,-5.13664,-28.6056,0.395242,0.172302,-0.06468,23.189000000000007
1772220271468052020,2026-02-27 14:24:31.468,-3.32233,-5.12951,-28.8943,0.406503,0.182535,-0.070005,23.191000000000003
1772220271469249453,2026-02-27 14:24:31.469,-3.48135,-5.11484,-29.1944,0.41323,0.190659,-0.073897,23.192000000000007
1772220271470445756,2026-02-27 14:24:31.470,-3.58544,-5.05046,-29.6712,0.423249,0.200509,-0.075284,23.193000000000012
1772220271471562189,2026-02-27 14:24:31.471,-3.73833,-5.08446,-30.8036,0.43203,0.20857,-0.073213,23.194000000000003
1772220271472692482,2026-02-27 14:24:31.472,-3.80554,-5.07612,-30.673,0.440911,0.216662,-0.080295,23.195000000000007
1772220271473843491,2026-02-27 14:24:31.473,-4.06176,-4.98183,-30.7433,0.460209,0.230405,-0.090831,23.196000000000012
1772220271475021373,2026-02-27 14:24:31.475,-4.16796,-4.96065,-30.8039,0.465448,0.235288,-0.093959,23.198000000000008
1772220271476218350,2026-02-27 14:24:31.476,-4.29401,-4.92415,-30.9726,0.47133,0.238806,-0.093035,23.199000000000012
1772220271477412190,2026-02-27 14:24:31.477,-4.34095,-4.96876,-31.2889,0.477432,0.243164,-0.094213,23.200000000000003
1772220271478565017,2026-02-27 14:24:31.478,-4.42984,-4.99131,-31.6786,0.484611,0.249185,-0.096678,23.201000000000008
1772220271479695952,2026-02-27 14:24:31.479,-4.52436,-5.03583,-31.079,0.496168,0.256666,-0.110071,23.202000000000012
1772220271480846697,2026-02-27 14:24:31.480,-4.81451,-5.18683,-32.4145,0.514745,0.273914,-0.114011,23.203000000000003
1772220271482020500,2026-02-27 14:24:31.482,-4.93013,-5.22447,-33.3379,0.523916,0.280315,-0.112669,23.205000000000013
1772220271483324146,2026-02-27 14:24:31.483,-5.07572,-5.22946,-33.9874,0.53171,0.286796,-0.112881,23.206000000000003
1772220271484483336,2026-02-27 14:24:31.484,-5.17224,-5.2656,-34.3964,0.536842,0.293678,-0.11563,23.207000000000008
1772220271485647784,2026-02-27 14:24:31.485,-5.32119,-5.35252,-34.7521,0.54348,0.299658,-0.117234,23.208000000000013
1772220271486817709,2026-02-27 14:24:31.486,-5.40902,-5.39231,-35.1675,0.550203,0.305852,-0.118881,23.209000000000003
1772220271487987333,2026-02-27 14:24:31.487,-5.54338,-5.51936,-36.8238,0.561179,0.314984,-0.114354,23.210000000000008
1772220271489183829,2026-02-27 14:24:31.489,-5.67358,-5.51766,-37.073,0.565886,0.320627,-0.116752,23.212000000000003
1772220271490379761,2026-02-27 14:24:31.490,-5.77223,-5.5301,-36.8232,0.569649,0.321945,-0.120777,23.213000000000008
1772220271491563493,2026-02-27 14:24:31.491,-5.7776,-5.56665,-36.8111,0.574992,0.325413,-0.125426,23.214
1772220271492692771,2026-02-27 14:24:31.492,-5.86128,-5.4284,-36.62,0.574834,0.321426,-0.12386,23.215000000000003
1772220271493842317,2026-02-27 14:24:31.493,-5.82236,-5.3077,-36.4172,0.570121,0.315118,-0.117728,23.216000000000008
1772220271495012739,2026-02-27 14:24:31.495,-5.63162,-5.99026,-37.5347,0.600802,0.330704,-0.128028,23.218000000000004
1772220271496209468,2026-02-27 14:24:31.496,-5.87231,-6.09574,-38.5193,0.62715,0.339317,-0.148146,23.21900000000001
1772220271497404519,2026-02-27 14:24:31.497,-5.94893,-6.02413,-39.0485,0.630071,0.344967,-0.148164,23.22
1772220271498570842,2026-02-27 14:24:31.498,-6.05898,-6.05291,-39.3095,0.632955,0.352198,-0.148736,23.221000000000004
1772220271499699667,2026-02-27 14:24:31.499,-6.20658,-6.18577,-40.0489,0.628101,0.356561,-0.145241,23.22200000000001
1772220271500829802,2026-02-27 14:24:31.500,-6.34596,-6.29446,-40.4475,0.63033,0.362764,-0.143564,23.223
1772220271502005155,2026-02-27 14:24:31.502,-6.68974,-6.59539,-41.2432,0.629031,0.377199,-0.147205,23.22500000000001
1772220271503179192,2026-02-27 14:24:31.503,-6.79855,-6.73481,-41.673,0.630124,0.38067,-0.147058,23.226
1772220271504370497,2026-02-27 14:24:31.504,-6.75369,-6.91122,-43.0946,0.629989,0.385253,-0.1412,23.227000000000004
1772220271505580496,2026-02-27 14:24:31.505,-6.85292,-7.01005,-43.0335,0.626032,0.388598,-0.147918,23.22800000000001
1772220271506706221,2026-02-27 14:24:31.506,-7.00757,-7.17428,-43.3947,0.627891,0.392905,-0.148999,23.229
1772220271507884923,2026-02-27 14:24:31.507,-7.13396,-7.41462,-43.2709,0.631105,0.4008,-0.158652,23.230000000000004
1772220271509060422,2026-02-27 14:24:31.509,-7.24343,-7.50744,-43.5903,0.633212,0.406226,-0.159708,23.232
1772220271510240190,2026-02-27 14:24:31.510,-7.28641,-7.62393,-43.9381,0.633657,0.412139,-0.162581,23.233000000000004
1772220271511424425,2026-02-27 14:24:31.511,-7.33675,-7.76708,-44.1629,0.634893,0.416296,-0.165568,23.23400000000001
1772220271512570878,2026-02-27 14:24:31.512,-7.45453,-7.89487,-43.5178,0.636075,0.4218,-0.177233,23.235
1772220271513698652,2026-02-27 14:24:31.513,-7.55897,-7.99183,-43.8575,0.636864,0.427991,-0.178344,23.236000000000004
1772220271514875663,2026-02-27 14:24:31.514,-7.66554,-8.31919,-45.0472,0.633307,0.435601,-0.177385,23.23700000000001
1772220271516043946,2026-02-27 14:24:31.516,-7.79181,-8.4158,-45.6082,0.631066,0.439958,-0.176078,23.239000000000004
1772220271517219574,2026-02-27 14:24:31.517,-7.90873,-8.55431,-45.7999,0.629309,0.44488,-0.178225,23.24000000000001
1772220271518395057,2026-02-27 14:24:31.518,-7.97715,-8.75251,-46.0386,0.625238,0.448659,-0.179423,23.241
1772220271519558567,2026-02-27 14:24:31.519,-8.07697,-8.88215,-46.297,0.622242,0.452364,-0.180765,23.242000000000004
1772220271520689650,2026-02-27 14:24:31.520,-8.0971,-8.97349,-46.9628,0.61952,0.456371,-0.178724,23.24300000000001
1772220271521839079,2026-02-27 14:24:31.521,-8.27235,-9.31681,-47.5639,0.611353,0.466039,-0.180954,23.244
1772220271523021095,2026-02-27 14:24:31.523,-8.32256,-9.45906,-47.3961,0.608768,0.468331,-0.185058,23.24600000000001
1772220271524196310,2026-02-27 14:24:31.524,-8.37515,-9.60322,-47.3027,0.603584,0.47264,-0.190354,23.247
1772220271525376368,2026-02-27 14:24:31.525,-8.50991,-9.7157,-47.2271,0.601055,0.477527,-0.192986,23.248000000000005
1772220271526550140,2026-02-27 14:24:31.526,-8.55276,-9.84457,-47.5206,0.599124,0.480601,-0.19499,23.24900000000001
1772220271527683817,2026-02-27 14:24:31.527,-8.67078,-9.9163,-47.7557,0.598465,0.485998,-0.196681,23.25
1772220271528880023,2026-02-27 14:24:31.528,-8.78158,-10.0432,-47.8137,0.599764,0.491362,-0.200403,23.251000000000005
1772220271530056152,2026-02-27 14:24:31.530,-8.92699,-10.252,-47.6278,0.590799,0.496718,-0.207862,23.253
1772220271531239390,2026-02-27 14:24:31.531,-9.04181,-10.3253,-47.7173,0.587564,0.501374,-0.210159,23.254000000000005
1772220271532416878,2026-02-27 14:24:31.532,-9.10985,-10.4366,-48.4491,0.585907,0.504525,-0.207462,23.25500000000001
1772220271533552904,2026-02-27 14:24:31.533,-9.10888,-10.5067,-48.7776,0.589273,0.507425,-0.206801,23.256
1772220271534682639,2026-02-27 14:24:31.534,-9.16703,-10.5777,-48.8864,0.586454,0.510704,-0.209111,23.257000000000005
1772220271535864015,2026-02-27 14:24:31.535,-9.21528,-10.6375,-49.0812,0.585976,0.514067,-0.210565,23.25800000000001
1772220271537036258,2026-02-27 14:24:31.537,-9.25758,-10.7995,-50.2152,0.583923,0.520088,-0.205407,23.260000000000005
1772220271538213763,2026-02-27 14:24:31.538,-9.33,-10.85,-50.2258,0.582261,0.525566,-0.210215,23.26100000000001
1772220271539392194,2026-02-27 14:24:31.539,-9.35927,-10.9033,-50.3224,0.584454,0.52833,-0.210917,23.262
1772220271540542940,2026-02-27 14:24:31.540,-9.46654,-10.9476,-49.9126,0.580594,0.530811,-0.218034,23.263000000000005
1772220271541673006,2026-02-27 14:24:31.541,-9.52005,-11.0255,-49.6978,0.580751,0.535641,-0.222909,23.26400000000001
1772220271542826512,2026-02-27 14:24:31.542,-9.59432,-11.0551,-49.7299,0.583715,0.53989,-0.224184,23.265
1772220271544001948,2026-02-27 14:24:31.544,-9.62843,-11.1521,-49.9146,0.581345,0.540649,-0.224167,23.26700000000001
1772220271545197866,2026-02-27 14:24:31.545,-9.7507,-11.2934,-49.5328,0.580077,0.546849,-0.233054,23.268
1772220271546374997,2026-02-27 14:24:31.546,-9.80571,-11.3149,-49.3319,0.578628,0.548377,-0.235967,23.269000000000005
1772220271547541984,2026-02-27 14:24:31.547,-9.79466,-11.3924,-49.7632,0.585189,0.55265,-0.234898,23.27000000000001
1772220271548677378,2026-02-27 14:24:31.548,-9.91856,-11.5523,-50.3027,0.57922,0.554307,-0.230877,23.271
1772220271549872076,2026-02-27 14:24:31.549,-9.85097,-11.6268,-50.8942,0.580951,0.557378,-0.227234,23.272000000000006
1772220271551058534,2026-02-27 14:24:31.551,-10.0021,-11.7758,-51.1356,0.574495,0.560753,-0.228402,23.274
1772220271552261988,2026-02-27 14:24:31.552,-10.018,-11.9175,-51.1916,0.569932,0.561352,-0.22946,23.275000000000006
1772220271553442396,2026-02-27 14:24:31.553,-10.0546,-11.9998,-51.3215,0.568963,0.564411,-0.228341,23.27600000000001
1772220271554592679,2026-02-27 14:24:31.554,-10.0518,-12.0964,-52.294,0.567056,0.565006,-0.219796,23.277
1772220271555725689,2026-02-27 14:24:31.555,-10.0576,-12.1127,-51.9238,0.562181,0.565298,-0.223762,23.278000000000006
1772220271556857022,2026-02-27 14:24:31.556,-10.0532,-12.1834,-51.9004,0.560741,0.56615,-0.22426,23.27900000000001
1772220271558034843,2026-02-27 14:24:31.558,-10.0562,-12.3501,-51.1573,0.550679,0.564547,-0.229467,23.281000000000006
1772220271559212122,2026-02-27 14:24:31.559,-10.0777,-12.3386,-51.1651,0.547793,0.565383,-0.228457,23.28200000000001
1772220271560405482,2026-02-27 14:24:31.560,-10.0688,-12.4066,-51.1517,0.542447,0.562865,-0.227712,23.283
1772220271561560591,2026-02-27 14:24:31.561,-10.019,-12.4841,-51.0541,0.538417,0.56152,-0.227153,23.284000000000006
1772220271562690869,2026-02-27 14:24:31.562,-10.0568,-12.4654,-49.901,0.534237,0.559475,-0.235727,23.28500000000001
1772220271563866381,2026-02-27 14:24:31.563,-10.0949,-12.5071,-50.0611,0.526041,0.558407,-0.233622,23.286
1772220271565040482,2026-02-27 14:24:31.565,-10.0341,-12.5246,-49.9037,0.523097,0.557042,-0.232766,23.28800000000001
1772220271566212231,2026-02-27 14:24:31.566,-9.9855,-12.6288,-50.6463,0.512159,0.55483,-0.225554,23.289
1772220271567356372,2026-02-27 14:24:31.567,-9.95398,-12.6312,-50.4256,0.503781,0.554423,-0.225407,23.290000000000006
1772220271568569388,2026-02-27 14:24:31.568,-9.99132,-12.6449,-50.3196,0.501067,0.555502,-0.226262,23.29100000000001
1772220271569701043,2026-02-27 14:24:31.569,-9.93714,-12.5778,-50.1141,0.501646,0.555556,-0.226346,23.292
1772220271570874488,2026-02-27 14:24:31.570,-9.97612,-12.5539,-50.7551,0.497661,0.557622,-0.218875,23.293000000000006
1772220271572053856,2026-02-27 14:24:31.572,-9.99786,-12.5591,-50.8613,0.49595,0.558795,-0.218337,23.295
1772220271573227082,2026-02-27 14:24:31.573,-10.1332,-12.4442,-50.0649,0.490952,0.564981,-0.22543,23.296000000000006
1772220271574425721,2026-02-27 14:24:31.574,-10.2082,-12.4415,-49.7075,0.486461,0.568291,-0.230673,23.29700000000001
1772220271575567420,2026-02-27 14:24:31.575,-10.2835,-12.4043,-49.5235,0.488645,0.571878,-0.233933,23.298000000000002
1772220271576698275,2026-02-27 14:24:31.576,-10.2128,-12.3123,-49.3545,0.48877,0.571102,-0.23467,23.299000000000007
1772220271577875233,2026-02-27 14:24:31.577,-10.2088,-12.2512,-49.2678,0.487933,0.572718,-0.235487,23.30000000000001
1772220271579066309,2026-02-27 14:24:31.579,-10.2573,-12.216,-49.024,0.48594,0.577946,-0.23863,23.302000000000007
1772220271580256850,2026-02-27 14:24:31.580,-10.3901,-12.0371,-48.4225,0.487502,0.585785,-0.243549,23.30300000000001
1772220271581482549,2026-02-27 14:24:31.581,-10.4692,-11.9807,-48.4748,0.487157,0.589921,-0.245066,23.304000000000002
1772220271582615545,2026-02-27 14:24:31.582,-10.5592,-11.929,-48.8804,0.485666,0.592102,-0.242497,23.305000000000007
1772220271583749065,2026-02-27 14:24:31.583,-10.6103,-11.8383,-48.9985,0.486226,0.596073,-0.243172,23.30600000000001
1772220271584946013,2026-02-27 14:24:31.584,-10.6451,-11.7575,-49.0312,0.491304,0.600154,-0.244148,23.307000000000002
1772220271586124266,2026-02-27 14:24:31.586,-10.6591,-11.7375,-49.0788,0.493728,0.603102,-0.246071,23.30900000000001
1772220271587306801,2026-02-27 14:24:31.587,-10.7433,-11.5612,-50.1958,0.503684,0.611165,-0.239833,23.310000000000002
1772220271588520874,2026-02-27 14:24:31.588,-10.8486,-11.4577,-49.9622,0.506635,0.615239,-0.2445,23.311000000000007
1772220271589653718,2026-02-27 14:24:31.589,-10.9484,-11.3577,-49.9129,0.514041,0.620705,-0.245569,23.312000000000012
1772220271590828297,2026-02-27 14:24:31.590,-11.0199,-11.295,-49.5237,0.521364,0.627006,-0.251841,23.313000000000002
1772220271592029321,2026-02-27 14:24:31.592,-11.1261,-11.2071,-49.3036,0.524866,0.630662,-0.257573,23.315000000000012
1772220271593310067,2026-02-27 14:24:31.593,-11.2699,-11.0081,-49.5822,0.539723,0.643153,-0.261043,23.316000000000003
1772220271594526425,2026-02-27 14:24:31.594,-11.4241,-10.9119,-49.6959,0.547656,0.65055,-0.262191,23.317000000000007
1772220271595656181,2026-02-27 14:24:31.595,-11.6343,-10.8539,-49.0138,0.55096,0.657153,-0.27344,23.318000000000012
1772220271596842612,2026-02-27 14:24:31.596,-11.7184,-10.7841,-49.068,0.561137,0.665266,-0.277136,23.319000000000003
1772220271598040128,2026-02-27 14:24:31.598,-11.8038,-10.7128,-49.4342,0.574181,0.673929,-0.27967,23.321000000000012
1772220271599215294,2026-02-27 14:24:31.599,-12.057,-10.53,-50.6678,0.597624,0.688231,-0.277052,23.322000000000003
1772220271600400182,2026-02-27 14:24:31.600,-12.1751,-10.3377,-50.8966,0.610161,0.695404,-0.278986,23.323000000000008
1772220271601563151,2026-02-27 14:24:31.601,-12.28,-10.2353,-51.1464,0.622739,0.701954,-0.280765,23.324000000000012
1772220271602697595,2026-02-27 14:24:31.602,-12.3798,-10.1197,-51.3588,0.633144,0.708738,-0.28214,23.325000000000003
1772220271603876273,2026-02-27 14:24:31.603,-12.5231,-9.99549,-51.7883,0.644784,0.716615,-0.28146,23.326000000000008
1772220271605076152,2026-02-27 14:24:31.605,-12.6067,-9.88488,-52.7662,0.65888,0.723277,-0.277637,23.328000000000003
1772220271606250984,2026-02-27 14:24:31.606,-12.8336,-9.62403,-52.6679,0.688487,0.736375,-0.288421,23.329000000000008
1772220271607443858,2026-02-27 14:24:31.607,-12.9816,-9.56572,-52.4492,0.697896,0.742998,-0.293639,23.330000000000013
1772220271608569168,2026-02-27 14:24:31.608,-13.0795,-9.45189,-52.444,0.711922,0.749437,-0.296952,23.331000000000003
1772220271609700840,2026-02-27 14:24:31.609,-13.1363,-9.29006,-52.6729,0.727242,0.753158,-0.298614,23.332000000000008
1772220271610874593,2026-02-27 14:24:31.610,-13.2562,-9.16184,-52.8869,0.739321,0.759485,-0.299717,23.333000000000013
