abs_timestamp_ns,human_time,fx,fy,fz,tx,ty,tz,mocap_ref_time
1772220273585657770,2026-02-27 14:24:33.585,-0.476811,0.164597,-0.158127,0.003389,0.010368,-0.001731,25.308000000000007
1772220273586831387,2026-02-27 14:24:33.586,-0.465358,0.159884,-0.209541,0.003986,0.009502,-3.4e-05,25.30900000000001
1772220273588025977,2026-02-27 14:24:33.588,-0.489479,0.146841,-1.2131,0.001655,0.009098,0.006852,25.311000000000007
1772220273589221357,2026-02-27 14:24:33.589,-0.401332,0.191239,-0.741507,0.005463,0.009889,0.003736,25.312000000000012
1772220273590420773,2026-02-27 14:24:33.590,-0.41753,0.152413,-0.63393,0.004545,0.008419,0.002718,25.313000000000002
1772220273591560439,2026-02-27 14:24:33.591,-0.446112,0.149777,-0.220432,0.002337,0.008433,-0.001571,25.314000000000007
1772220273592690302,2026-02-27 14:24:33.592,-0.380352,0.145348,-0.111691,0.004377,0.00749,-0.002348,25.315000000000012
1772220273593856915,2026-02-27 14:24:33.593,-0.392777,0.169062,-0.087862,0.003561,0.007446,-0.002972,25.316000000000003
1772220273595051809,2026-02-27 14:24:33.595,-0.327982,0.148226,-0.04513,0.00644,0.007046,-0.002931,25.318000000000012
1772220273596253796,2026-02-27 14:24:33.596,-0.389229,0.177643,1.01454,0.007827,0.007152,-0.01252,25.319000000000003
1772220273597470121,2026-02-27 14:24:33.597,-0.364431,0.166436,0.807837,0.003805,0.005949,-0.00909,25.320000000000007
1772220273598603919,2026-02-27 14:24:33.598,-0.358272,0.196106,0.735857,0.008245,0.006026,-0.010307,25.321000000000012
1772220273599739445,2026-02-27 14:24:33.599,-0.310585,0.175403,-0.090771,0.004353,0.004535,-0.002316,25.322000000000003
1772220273600867358,2026-02-27 14:24:33.600,-0.33648,0.173374,-0.111777,0.003326,0.004944,-0.002342,25.323000000000008
1772220273602069117,2026-02-27 14:24:33.602,-0.31297,0.192507,-0.11342,0.00576,0.005311,-0.001873,25.325000000000003
1772220273603264420,2026-02-27 14:24:33.603,-0.310594,0.173022,-0.069878,0.004997,0.006045,-0.002315,25.326000000000008
1772220273604476807,2026-02-27 14:24:33.604,-0.305072,0.191592,-0.808096,0.006214,0.005725,0.004791,25.327000000000012
1772220273605612036,2026-02-27 14:24:33.605,-0.263084,0.167919,-0.977296,0.008018,0.005738,0.00598,25.328000000000003
1772220273606763300,2026-02-27 14:24:33.606,-0.281664,0.193961,-0.332638,0.005418,0.004169,0.000562,25.329000000000008
1772220273607957025,2026-02-27 14:24:33.607,-0.274273,0.186767,-0.130972,0.008051,0.005149,-0.002071,25.330000000000013
1772220273609152081,2026-02-27 14:24:33.609,-0.260064,0.195015,0.034115,0.006859,0.004687,-0.002429,25.332000000000008
1772220273610346077,2026-02-27 14:24:33.610,-0.28446,0.192523,-0.027596,0.005499,0.004907,-0.002482,25.333000000000013
1772220273611555765,2026-02-27 14:24:33.611,-0.293087,0.23089,-0.024441,0.009002,0.004931,-0.002809,25.334000000000003
1772220273612694892,2026-02-27 14:24:33.612,-0.278998,0.204327,0.321017,0.007313,0.004592,-0.005875,25.335000000000008
1772220273613905996,2026-02-27 14:24:33.613,-0.299903,0.198135,0.720015,0.007003,0.004494,-0.007787,25.336000000000013
1772220273615100291,2026-02-27 14:24:33.615,-0.23818,0.228494,0.63049,0.006625,0.004887,-0.006374,25.338000000000008
1772220273616295232,2026-02-27 14:24:33.616,-0.302149,0.202166,0.072289,0.005877,0.005219,-0.002195,25.339
1772220273617498888,2026-02-27 14:24:33.617,-0.312283,0.174181,0.007069,0.004679,0.005867,-0.001634,25.340000000000003
1772220273618630631,2026-02-27 14:24:33.618,-0.336104,0.187844,0.027659,0.002472,0.00593,-0.001863,25.341000000000008
1772220273619780338,2026-02-27 14:24:33.619,-0.341511,0.156322,0.025778,0.004842,0.007003,-0.001417,25.342
1772220273620978103,2026-02-27 14:24:33.620,-0.334176,0.19121,-1.02751,0.007728,0.007268,0.007258,25.343000000000004
1772220273622175597,2026-02-27 14:24:33.622,-0.305642,0.173129,-0.606296,0.005144,0.006662,0.005069,25.345
1772220273623369385,2026-02-27 14:24:33.623,-0.290789,0.130763,-0.586819,0.004875,0.006875,0.005253,25.346000000000004
1772220273624568397,2026-02-27 14:24:33.624,-0.413521,0.115199,-0.16624,-0.000134,0.007629,-0.00055,25.34700000000001
1772220273625699663,2026-02-27 14:24:33.625,-0.33034,0.148972,0.270949,0.004198,0.006895,-0.001518,25.348
1772220273626870461,2026-02-27 14:24:33.626,-0.329951,0.149225,0.254656,0.004205,0.00651,-0.002162,25.349000000000004
1772220273628064727,2026-02-27 14:24:33.628,-0.379758,0.143503,0.253149,0.001175,0.007525,-0.002216,25.351
1772220273629264249,2026-02-27 14:24:33.629,-0.310197,0.09679,1.08108,0.004772,0.008064,-0.010088,25.352000000000004
1772220273630472408,2026-02-27 14:24:33.630,-0.301804,0.125101,1.22348,0.005973,0.007804,-0.009969,25.35300000000001
1772220273631567459,2026-02-27 14:24:33.631,-0.328707,0.10895,1.03873,0.006113,0.007418,-0.009842,25.354
1772220273632697185,2026-02-27 14:24:33.632,-0.342568,0.054172,0.310507,0.003211,0.008198,-0.001368,25.355000000000004
1772220273633878903,2026-02-27 14:24:33.633,-0.313674,0.054538,0.327185,0.002924,0.007803,-0.000734,25.35600000000001
1772220273635074097,2026-02-27 14:24:33.635,-0.295446,0.026453,0.327605,0.001787,0.008233,-0.00079,25.358000000000004
1772220273636272770,2026-02-27 14:24:33.636,-0.285688,0.038494,0.407554,0.002538,0.007382,-0.000503,25.35900000000001
1772220273637480208,2026-02-27 14:24:33.637,-0.359369,0.015078,-0.022251,-0.000111,0.008977,0.002628,25.36
1772220273638610127,2026-02-27 14:24:33.638,-0.352366,-0.017938,-0.6548,-0.000195,0.008776,0.009093,25.361000000000004
1772220273639741817,2026-02-27 14:24:33.639,-0.322566,0.010382,-0.11274,0.003122,0.009391,0.004325,25.36200000000001
1772220273640916066,2026-02-27 14:24:33.640,-0.378708,-0.024509,0.353572,-0.001309,0.008459,0.001098,25.363
1772220273642111936,2026-02-27 14:24:33.642,-0.312567,-0.031066,0.466913,0.001381,0.008642,-0.000322,25.36500000000001
1772220273643307353,2026-02-27 14:24:33.643,-0.349269,-0.042682,0.523407,-0.002323,0.008413,7.7e-05,25.366
1772220273644518119,2026-02-27 14:24:33.644,-0.338398,-0.048692,0.52119,-0.001057,0.008289,0.000522,25.367000000000004
1772220273645647714,2026-02-27 14:24:33.645,-0.301307,-0.037561,0.525486,0.002005,0.008525,0.000142,25.36800000000001
1772220273646801579,2026-02-27 14:24:33.646,-0.30697,-0.071841,1.1891,0.000638,0.008838,-0.004881,25.369
1772220273647998116,2026-02-27 14:24:33.647,-0.373635,-0.066584,1.25466,-0.002323,0.008829,-0.005933,25.370000000000005
1772220273649193464,2026-02-27 14:24:33.649,-0.290133,-0.062246,0.712904,0.002215,0.008947,-0.000417,25.372
1772220273650387960,2026-02-27 14:24:33.650,-0.311913,-0.080774,0.454575,0.000361,0.00859,0.001545,25.373000000000005
1772220273651494109,2026-02-27 14:24:33.651,-0.30776,-0.067462,0.557097,-0.001793,0.008821,0.001345,25.37400000000001
1772220273652631625,2026-02-27 14:24:33.652,-0.29764,-0.040286,0.436192,0.001315,0.009294,0.001345,25.375
1772220273653778350,2026-02-27 14:24:33.653,-0.27598,-0.096899,-0.413861,-0.003518,0.008733,0.009711,25.376000000000005
1772220273654970707,2026-02-27 14:24:33.654,-0.188947,-0.064975,-0.309226,0.002042,0.008747,0.009853,25.37700000000001
1772220273656165550,2026-02-27 14:24:33.656,-0.243485,-0.066327,-0.250115,-0.000313,0.008624,0.009868,25.379000000000005
1772220273657364833,2026-02-27 14:24:33.657,-0.200353,-0.091672,0.309013,0.001664,0.006598,0.005511,25.38000000000001
1772220273658571991,2026-02-27 14:24:33.658,-0.223879,-0.063017,0.554325,-0.001332,0.006479,0.001983,25.381
1772220273659703716,2026-02-27 14:24:33.659,-0.192422,-0.08126,0.625176,0.00316,0.006082,0.000813,25.382000000000005
1772220273660871198,2026-02-27 14:24:33.660,-0.18211,-0.104187,0.67991,-0.001529,0.006098,0.00158,25.38300000000001
1772220273662068778,2026-02-27 14:24:33.662,-0.249091,-0.13469,1.15978,-0.00072,0.006249,-0.003459,25.385000000000005
1772220273663263620,2026-02-27 14:24:33.663,-0.225541,-0.152658,1.69565,-0.000989,0.006939,-0.007474,25.38600000000001
1772220273664472673,2026-02-27 14:24:33.664,-0.241135,-0.175208,1.39242,-0.004822,0.006977,-0.004949,25.387
1772220273665569842,2026-02-27 14:24:33.665,-0.128486,-0.172036,1.09074,-0.001477,0.006497,-0.001897,25.388000000000005
1772220273666701848,2026-02-27 14:24:33.666,-0.111211,-0.14402,0.65576,-0.001068,0.005126,0.002383,25.38900000000001
1772220273667883836,2026-02-27 14:24:33.667,-0.157157,-0.216861,0.575552,-0.00554,0.005096,0.001805,25.39
1772220273669082127,2026-02-27 14:24:33.669,-0.092902,-0.219992,0.595062,-0.002551,0.004345,0.002279,25.39200000000001
1772220273670277177,2026-02-27 14:24:33.670,-0.093239,-0.219413,0.611119,-0.00288,0.004164,0.002924,25.393
1772220273671485177,2026-02-27 14:24:33.671,-0.100836,-0.260929,-0.424116,-0.005405,0.005526,0.01166,25.394000000000005
1772220273672615591,2026-02-27 14:24:33.672,-0.127067,-0.247618,0.009178,-0.003282,0.00523,0.007698,25.39500000000001
1772220273673754603,2026-02-27 14:24:33.673,-0.086834,-0.219961,0.010001,-0.002061,0.004372,0.007729,25.396
1772220273674884167,2026-02-27 14:24:33.674,-0.018894,-0.280472,0.71204,-0.003135,0.0039,0.000126,25.397000000000006
1772220273676075751,2026-02-27 14:24:33.676,-0.123153,-0.285858,0.707002,-0.003011,0.00407,0.000607,25.399
1772220273677270484,2026-02-27 14:24:33.677,-0.102553,-0.213868,0.702329,-0.005417,0.003531,0.001231,25.400000000000006
1772220273678561900,2026-02-27 14:24:33.678,-0.141546,-0.291773,0.689487,-0.006968,0.003925,-0.000117,25.40100000000001
1772220273679693657,2026-02-27 14:24:33.679,-0.13684,-0.217903,1.56624,-0.000662,0.00466,-0.0093,25.402
1772220273680862883,2026-02-27 14:24:33.680,-0.091763,-0.22662,1.47088,-0.001026,0.004537,-0.007039,25.403000000000006
1772220273682061669,2026-02-27 14:24:33.682,-0.066146,-0.188459,0.866902,-0.001865,0.004716,-0.001833,25.405
1772220273683259693,2026-02-27 14:24:33.683,-0.167804,-0.24055,0.517506,-0.007678,0.002899,0.001113,25.406000000000006
1772220273684430041,2026-02-27 14:24:33.684,0.011553,-0.194849,0.523636,-0.002872,0.002108,0.000938,25.40700000000001
1772220273685575262,2026-02-27 14:24:33.685,-0.196403,-0.240684,0.541197,-0.008034,0.002921,0.000494,25.408
1772220273686707371,2026-02-27 14:24:33.686,-0.039281,-0.180832,0.541653,-0.000908,0.001674,0.001246,25.409000000000006
1772220273687858242,2026-02-27 14:24:33.687,-0.025721,-0.187067,-0.019024,-0.002704,0.002658,0.006,25.41000000000001
1772220273689037621,2026-02-27 14:24:33.689,-0.019992,-0.137121,-0.235318,-0.004365,0.00124,0.007813,25.412000000000006
1772220273690232516,2026-02-27 14:24:33.690,0.013322,-0.156433,0.094832,-0.002405,-0.000289,0.004185,25.41300000000001
1772220273691428455,2026-02-27 14:24:33.691,0.01455,-0.110054,0.40204,0.001909,0.000376,0.001042,25.414
1772220273692562828,2026-02-27 14:24:33.692,-0.007367,-0.065932,0.513372,0.004818,0.001275,-0.000307,25.415000000000006
1772220273693689751,2026-02-27 14:24:33.693,0.04721,-0.078653,0.571056,-0.000711,-0.000719,2.7e-05,25.41600000000001
1772220273694841402,2026-02-27 14:24:33.694,0.019816,-0.079481,0.513673,-0.000757,-0.000513,-0.000634,25.417
1772220273696010134,2026-02-27 14:24:33.696,0.054771,0.010677,1.5339,0.003781,-0.000708,-0.009983,25.41900000000001
1772220273697208374,2026-02-27 14:24:33.697,0.073143,0.05367,1.07607,0.004289,-0.001295,-0.00529,25.42
1772220273698405510,2026-02-27 14:24:33.698,0.009087,0.057749,1.07651,0.000656,-0.001296,-0.005754,25.421000000000006
1772220273699563577,2026-02-27 14:24:33.699,0.076455,0.0555,0.458864,0.006421,-0.00148,-0.001098,25.42200000000001
1772220273700693224,2026-02-27 14:24:33.700,0.068518,0.095258,0.365477,0.003721,-0.002227,0.00054,25.423000000000002
1772220273701885524,2026-02-27 14:24:33.701,0.079507,0.13882,0.367242,0.005339,-0.002283,0.000379,25.424000000000007
1772220273703070690,2026-02-27 14:24:33.703,0.0926,0.149355,0.349723,0.005754,-0.00333,-3.5e-05,25.426000000000002
1772220273704265972,2026-02-27 14:24:33.704,0.0553,0.174498,-0.705136,0.00397,-0.001472,0.008538,25.427000000000007
1772220273705477006,2026-02-27 14:24:33.705,0.130235,0.180813,-0.467248,0.00743,-0.002523,0.006796,25.42800000000001
1772220273706573884,2026-02-27 14:24:33.706,0.111124,0.208203,-0.588775,0.010496,-0.001835,0.006808,25.429000000000002
1772220273707701316,2026-02-27 14:24:33.707,0.108453,0.208405,0.031855,0.007405,-0.003352,0.001984,25.430000000000007
1772220273708858840,2026-02-27 14:24:33.708,0.070132,0.244113,0.296112,0.004766,-0.002404,-0.001316,25.43100000000001
1772220273710029108,2026-02-27 14:24:33.710,0.072816,0.276817,0.357605,0.00857,-0.003064,-0.001176,25.433000000000007
1772220273711218735,2026-02-27 14:24:33.711,0.102682,0.258919,0.324785,0.009152,-0.002939,-0.002279,25.43400000000001
1772220273712412321,2026-02-27 14:24:33.712,0.132742,0.270113,1.03582,0.011092,-0.002722,-0.008054,25.435000000000002
1772220273713562531,2026-02-27 14:24:33.713,0.14627,0.295116,1.28744,0.009715,-0.003351,-0.009211,25.436000000000007
1772220273714687732,2026-02-27 14:24:33.714,0.060249,0.311126,1.08026,0.010963,-0.00194,-0.008835,25.437000000000012
1772220273715835485,2026-02-27 14:24:33.715,0.129229,0.306937,0.581577,0.009594,-0.001952,-0.004054,25.438000000000002
1772220273717017859,2026-02-27 14:24:33.717,0.114573,0.318988,0.210007,0.010837,-0.002575,-0.00015,25.440000000000012
1772220273718147267,2026-02-27 14:24:33.718,0.025766,0.27077,0.234081,0.005196,-0.002619,-0.001298,25.441000000000003
1772220273719339832,2026-02-27 14:24:33.719,0.088466,0.284605,0.352287,0.007985,-0.003146,-0.00034,25.442000000000007
1772220273720559831,2026-02-27 14:24:33.720,0.065515,0.264316,0.062418,0.008086,-0.002016,0.000341,25.443000000000012
1772220273721687161,2026-02-27 14:24:33.721,0.076363,0.264121,-0.78718,0.00752,-0.00253,0.008833,25.444000000000003
1772220273722882175,2026-02-27 14:24:33.722,0.065721,0.282744,-0.415156,0.010672,-0.001223,0.005043,25.445000000000007
1772220273724052520,2026-02-27 14:24:33.724,-0.578082,0.122549,-0.092416,0.007297,-0.038773,0.018166,25.447000000000003
1772220273725242737,2026-02-27 14:24:33.725,0.233547,0.190402,-0.0807,-0.030841,-0.087014,0.040523,25.448000000000008
1772220273726436781,2026-02-27 14:24:33.726,0.626599,0.049742,0.08978,-0.01379,-0.060093,0.035999,25.449000000000012
1772220273727573628,2026-02-27 14:24:33.727,0.671488,-0.158186,-0.200888,-0.011092,-0.111833,0.048277,25.450000000000003
1772220273728705549,2026-02-27 14:24:33.728,1.09396,0.006966,-0.081295,-0.015757,-0.069424,0.038276,25.451000000000008
1772220273729899426,2026-02-27 14:24:33.729,1.0173,0.008919,0.963206,-0.011926,-0.067787,0.024856,25.452000000000012
1772220273731071203,2026-02-27 14:24:33.731,0.955717,-0.022497,0.78214,-0.007301,-0.067697,0.018248,25.454000000000008
1772220273732261822,2026-02-27 14:24:33.732,0.860221,0.007683,0.272022,-0.010801,-0.091344,0.026648,25.455000000000013
1772220273733469763,2026-02-27 14:24:33.733,1.00619,0.060577,0.090645,-0.009886,-0.083683,0.027039,25.456000000000003
1772220273734597709,2026-02-27 14:24:33.734,1.05513,0.100988,0.071637,-0.012138,-0.085442,0.026788,25.457000000000008
1772220273735736545,2026-02-27 14:24:33.735,1.14633,0.135697,0.157757,-0.008746,-0.078675,0.023569,25.458000000000013
1772220273736950401,2026-02-27 14:24:33.736,1.13545,0.101441,0.21619,-0.007634,-0.074471,0.020986,25.459000000000003
1772220273738129904,2026-02-27 14:24:33.738,1.1416,-0.050875,-0.857981,-0.003112,-0.070896,0.02996,25.461000000000013
1772220273739325609,2026-02-27 14:24:33.739,1.1004,-0.038148,-0.85551,-0.00119,-0.0737,0.032637,25.462000000000003
1772220273740548061,2026-02-27 14:24:33.740,1.08088,-0.040084,-0.295982,-0.005358,-0.077551,0.03079,25.463000000000008
1772220273741681622,2026-02-27 14:24:33.741,1.0755,-0.10704,-0.020226,-0.004457,-0.076149,0.029197,25.464
1772220273742893449,2026-02-27 14:24:33.742,1.10685,-0.047582,0.067998,-0.003634,-0.073054,0.028377,25.465000000000003
1772220273744063909,2026-02-27 14:24:33.744,1.0506,-0.103115,0.166948,-0.008899,-0.070491,0.025294,25.467
1772220273745239680,2026-02-27 14:24:33.745,1.09285,-0.121512,0.411749,-0.005244,-0.065405,0.019415,25.468000000000004
1772220273746436190,2026-02-27 14:24:33.746,0.984248,-0.134494,1.03012,-0.003652,-0.061512,0.011883,25.46900000000001
1772220273747572715,2026-02-27 14:24:33.747,0.947314,-0.110791,0.659095,-0.004627,-0.061316,0.015534,25.47
1772220273748701385,2026-02-27 14:24:33.748,0.904685,-0.169348,0.43013,-0.009028,-0.06056,0.015937,25.471000000000004
1772220273749882084,2026-02-27 14:24:33.749,1.01605,-0.177243,0.036707,-0.006459,-0.063699,0.020452,25.47200000000001
1772220273751055104,2026-02-27 14:24:33.751,0.93674,-0.149932,-0.132834,-0.007715,-0.061484,0.021214,25.474000000000004
1772220273752226917,2026-02-27 14:24:33.752,0.968116,-0.185459,-0.053757,-0.009204,-0.061353,0.021614,25.47500000000001
1772220273753424093,2026-02-27 14:24:33.753,0.969474,-0.166321,-0.077788,-0.010713,-0.063397,0.022037,25.476
1772220273754574058,2026-02-27 14:24:33.754,0.890491,-0.21059,-1.1921,-0.016021,-0.064883,0.033102,25.477000000000004
1772220273755700533,2026-02-27 14:24:33.755,0.958515,-0.186736,-0.739482,-0.015956,-0.06483,0.029482,25.47800000000001
1772220273756902421,2026-02-27 14:24:33.756,0.925545,-0.231703,-0.784963,-0.015365,-0.066017,0.030122,25.479
1772220273758084837,2026-02-27 14:24:33.758,0.896846,-0.170976,-0.016717,-0.018312,-0.065548,0.021342,25.48100000000001
1772220273759261211,2026-02-27 14:24:33.759,0.910577,-0.196935,0.028736,-0.017802,-0.064943,0.020706,25.482
1772220273760470319,2026-02-27 14:24:33.760,0.830991,-0.185644,-0.129886,-0.018822,-0.063338,0.01977,25.483000000000004
1772220273761565447,2026-02-27 14:24:33.761,0.815148,-0.174664,-0.107657,-0.019091,-0.064544,0.019382,25.48400000000001
1772220273762693506,2026-02-27 14:24:33.762,0.859049,-0.192646,0.805171,-0.022117,-0.062636,0.010575,25.485
1772220273763863309,2026-02-27 14:24:33.763,0.797645,-0.208533,0.904433,-0.021653,-0.061475,0.010862,25.486000000000004
1772220273765040763,2026-02-27 14:24:33.765,0.758596,-0.222835,0.76791,-0.020832,-0.058725,0.009922,25.488
1772220273766209014,2026-02-27 14:24:33.766,0.781136,-0.209534,-0.188909,-0.020676,-0.061227,0.019255,25.489000000000004
1772220273767377484,2026-02-27 14:24:33.767,0.794965,-0.232994,-0.273864,-0.020192,-0.061751,0.019846,25.49000000000001
1772220273768570333,2026-02-27 14:24:33.768,0.735885,-0.251958,-0.27411,-0.024617,-0.059499,0.01953,25.491
1772220273769708809,2026-02-27 14:24:33.769,0.743448,-0.223509,-0.25305,-0.021808,-0.059207,0.019607,25.492000000000004
1772220273770897785,2026-02-27 14:24:33.770,0.7777,-0.17745,-0.65803,-0.020237,-0.057448,0.0226,25.49300000000001
1772220273772068832,2026-02-27 14:24:33.772,0.723386,-0.227239,-1.38125,-0.017265,-0.055772,0.027368,25.495000000000005
1772220273773236933,2026-02-27 14:24:33.773,0.695654,-0.21999,-0.806632,-0.01835,-0.052543,0.020372,25.49600000000001
1772220273774433829,2026-02-27 14:24:33.774,0.720234,-0.270248,-0.451998,-0.017893,-0.052485,0.016049,25.497
1772220273775576001,2026-02-27 14:24:33.775,0.692422,-0.208586,-0.170773,-0.018718,-0.050665,0.013432,25.498000000000005
1772220273776708750,2026-02-27 14:24:33.776,0.665079,-0.162221,-0.33298,-0.016829,-0.048313,0.013388,25.49900000000001
1772220273777871650,2026-02-27 14:24:33.777,0.62694,-0.140301,-0.295296,-0.013814,-0.047899,0.013927,25.5
1772220273779065290,2026-02-27 14:24:33.779,0.627553,-0.174533,-0.267895,-0.019543,-0.047992,0.012523,25.50200000000001
1772220273780233149,2026-02-27 14:24:33.780,0.612988,-0.140106,0.305211,-0.014915,-0.045553,0.006092,25.503
1772220273781423535,2026-02-27 14:24:33.781,0.598824,-0.133402,0.34847,-0.014873,-0.044679,0.005688,25.504000000000005
1772220273782574418,2026-02-27 14:24:33.782,0.621622,-0.160992,-0.195466,-0.015188,-0.044032,0.011111,25.50500000000001
1772220273783700286,2026-02-27 14:24:33.783,0.577314,-0.102,-0.49382,-0.012645,-0.042686,0.013173,25.506
1772220273784835059,2026-02-27 14:24:33.784,0.597587,-0.128536,-0.474026,-0.015722,-0.044134,0.013115,25.507000000000005
1772220273786049636,2026-02-27 14:24:33.786,0.604994,-0.101846,-0.52934,-0.011299,-0.042537,0.012523,25.509
1772220273787334648,2026-02-27 14:24:33.787,0.581213,-0.113729,-1.54562,-0.014627,-0.043484,0.021312,25.510000000000005
1772220273788566738,2026-02-27 14:24:33.788,0.580416,-0.163883,-1.52082,-0.014311,-0.043189,0.02066,25.51100000000001
1772220273789697225,2026-02-27 14:24:33.789,0.544646,-0.125303,-1.47826,-0.012468,-0.043885,0.020347,25.512
1772220273790893611,2026-02-27 14:24:33.790,0.539152,-0.124943,-1.07567,-0.011683,-0.043928,0.014822,25.513000000000005
1772220273792089964,2026-02-27 14:24:33.792,0.576668,-0.147349,-0.753836,-0.011377,-0.044867,0.012423,25.515
1772220273793265166,2026-02-27 14:24:33.793,0.531128,-0.105118,-0.789655,-0.009846,-0.044124,0.011619,25.516000000000005
1772220273794483324,2026-02-27 14:24:33.794,0.532683,-0.122821,-0.811267,-0.010296,-0.043956,0.011798,25.51700000000001
1772220273795610436,2026-02-27 14:24:33.795,0.566358,-0.113711,-0.343453,-0.007424,-0.043187,0.005897,25.518
1772220273796741489,2026-02-27 14:24:33.796,0.546271,-0.10361,0.10137,-0.008252,-0.04364,0.003158,25.519000000000005
1772220273797870325,2026-02-27 14:24:33.797,0.520456,-0.086614,-0.178417,-0.00825,-0.043768,0.005379,25.52000000000001
1772220273799073716,2026-02-27 14:24:33.799,0.501101,-0.140296,-0.581129,-0.009717,-0.043424,0.007666,25.522000000000006
1772220273800245281,2026-02-27 14:24:33.800,0.49183,-0.033001,-1.05982,-0.00329,-0.042528,0.012714,25.52300000000001
1772220273801445060,2026-02-27 14:24:33.801,0.522726,-0.084663,-1.11971,-0.003282,-0.042252,0.012631,25.524
1772220273802576808,2026-02-27 14:24:33.802,0.504243,-0.040286,-1.15917,-0.001385,-0.042288,0.01247,25.525000000000006
1772220273803704297,2026-02-27 14:24:33.803,0.533714,-0.057602,-1.30563,-0.000193,-0.041775,0.013235,25.52600000000001
1772220273804878724,2026-02-27 14:24:33.804,0.456582,-0.075555,-2.37917,-0.003629,-0.040032,0.021337,25.527
1772220273806076200,2026-02-27 14:24:33.806,0.554571,-0.083602,-2.02358,0.002088,-0.041164,0.017337,25.52900000000001
1772220273807259750,2026-02-27 14:24:33.807,0.481403,-0.042434,-1.77356,0.006902,-0.041126,0.013368,25.53
1772220273808467184,2026-02-27 14:24:33.808,0.487583,-0.0481,-1.62076,0.009841,-0.040326,0.012,25.531000000000006
1772220273809563585,2026-02-27 14:24:33.809,0.472117,-0.057223,-1.62745,0.010394,-0.039091,0.013061,25.53200000000001
1772220273810691216,2026-02-27 14:24:33.810,0.413227,-0.072835,-1.69081,0.010835,-0.038692,0.013268,25.533
1772220273811864598,2026-02-27 14:24:33.811,0.424545,-0.032233,-1.68421,0.013425,-0.037057,0.012463,25.534000000000006
1772220273813059758,2026-02-27 14:24:33.813,0.360245,-0.019223,-0.730581,0.017271,-0.035475,0.003691,25.536
1772220273814232647,2026-02-27 14:24:33.814,0.369973,-0.008801,-1.02288,0.021843,-0.034082,0.0051,25.537000000000006
1772220273815409304,2026-02-27 14:24:33.815,0.295842,0.016202,-1.70089,0.027923,-0.030318,0.009339,25.53800000000001
1772220273816540859,2026-02-27 14:24:33.816,0.296073,0.065106,-2.17891,0.032392,-0.02819,0.011086,25.539
1772220273817668458,2026-02-27 14:24:33.817,0.297697,0.078071,-2.17697,0.03282,-0.026466,0.010863,25.540000000000006
1772220273818845311,2026-02-27 14:24:33.818,0.23898,0.057739,-2.31187,0.035849,-0.023071,0.009756,25.54100000000001
1772220273820045169,2026-02-27 14:24:33.820,0.188833,0.080716,-2.33904,0.041167,-0.018981,0.00791,25.543000000000006
1772220273821216347,2026-02-27 14:24:33.821,0.112522,0.104865,-3.12438,0.043974,-0.013558,0.012851,25.54400000000001
1772220273822387698,2026-02-27 14:24:33.822,-0.006278,0.101761,-3.50187,0.05025,-0.008607,0.011485,25.545
1772220273823528241,2026-02-27 14:24:33.823,-0.077076,0.102992,-3.16809,0.055148,-0.005402,0.007279,25.546000000000006
1772220273824653585,2026-02-27 14:24:33.824,-0.078103,0.132707,-2.86025,0.055132,-0.004048,0.003814,25.54700000000001
1772220273825827538,2026-02-27 14:24:33.825,-0.139318,0.197798,-2.81055,0.057476,-0.001655,0.00243,25.548000000000002
1772220273827025368,2026-02-27 14:24:33.827,-0.257632,0.229807,-2.93514,0.060107,0.001502,0.002668,25.55000000000001
1772220273828205467,2026-02-27 14:24:33.828,-0.243342,0.182143,-3.08812,0.064033,0.005643,0.001502,25.551000000000002
1772220273829375327,2026-02-27 14:24:33.829,-0.469436,0.216627,-2.16469,0.070747,0.011618,-0.00911,25.552000000000007
1772220273830526336,2026-02-27 14:24:33.830,-0.506291,0.201752,-2.79603,0.074034,0.015887,-0.005809,25.55300000000001
1772220273831653247,2026-02-27 14:24:33.831,-0.606041,0.259485,-2.7839,0.072651,0.016552,-0.004899,25.554000000000002
1772220273832825007,2026-02-27 14:24:33.832,-0.584471,0.328311,-3.31469,0.074988,0.019587,-0.001318,25.555000000000007
1772220273834000379,2026-02-27 14:24:33.834,-0.695627,0.337298,-3.4566,0.07586,0.024049,-0.00159,25.557000000000002
1772220273835194935,2026-02-27 14:24:33.835,-0.722773,0.385444,-3.4749,0.081347,0.024938,-0.00167,25.558000000000007
1772220273836382348,2026-02-27 14:24:33.836,-0.865851,0.379373,-3.42013,0.081111,0.029422,-0.000993,25.55900000000001
1772220273837527758,2026-02-27 14:24:33.837,-0.81132,0.34475,-4.56581,0.086862,0.035303,0.006688,25.560000000000002
1772220273838655158,2026-02-27 14:24:33.838,-0.815296,0.487209,-4.10332,0.082725,0.029089,0.004039,25.561000000000007
1772220273839850390,2026-02-27 14:24:33.839,-0.839884,0.539063,-3.89934,0.076859,0.026231,0.006677,25.562000000000012
1772220273841044335,2026-02-27 14:24:33.841,-0.919943,0.637373,-3.15052,0.072691,0.022955,0.003734,25.564000000000007
1772220273842240998,2026-02-27 14:24:33.842,-0.84211,0.693177,-2.5571,0.071006,0.020336,0.00341,25.565000000000012
1772220273843423692,2026-02-27 14:24:33.843,-0.694932,0.759855,-2.09863,0.06004,0.01694,0.004718,25.566000000000003
1772220273844557479,2026-02-27 14:24:33.844,-0.773754,0.675976,-2.34624,0.068377,0.016022,0.00541,25.567000000000007
1772220273845684898,2026-02-27 14:24:33.845,-0.515695,0.839155,-1.24444,0.063971,0.013038,-0.00071,25.568000000000012
1772220273846881598,2026-02-27 14:24:33.846,-0.534004,0.898555,-0.806837,0.056656,0.012262,-0.002703,25.569000000000003
1772220273848076696,2026-02-27 14:24:33.848,-0.475132,0.550986,-1.3923,0.076968,0.012309,-0.002184,25.571000000000012
1772220273849263503,2026-02-27 14:24:33.849,-0.390022,0.363334,-2.71601,0.10574,0.050277,-0.008797,25.572000000000003
1772220273850434574,2026-02-27 14:24:33.850,-0.672247,0.356109,-4.07075,0.110902,0.035453,-0.01461,25.573000000000008
1772220273851585627,2026-02-27 14:24:33.851,-0.750544,0.235739,-4.26089,0.124837,0.036609,-0.012967,25.574000000000012
1772220273852713326,2026-02-27 14:24:33.852,-0.774785,0.279894,-4.19665,0.122819,0.039019,-0.010408,25.575000000000003
1772220273853907313,2026-02-27 14:24:33.853,-0.798865,0.273899,-4.28215,0.121716,0.042111,-0.00667,25.576000000000008
1772220273855100857,2026-02-27 14:24:33.855,-0.847258,0.077391,-5.62218,0.11972,0.051795,-0.001054,25.578000000000003
1772220273856288645,2026-02-27 14:24:33.856,-0.90607,-0.001301,-5.37098,0.128306,0.059489,-0.004705,25.579000000000008
1772220273857474548,2026-02-27 14:24:33.857,-1.15307,-0.117474,-5.2908,0.119759,0.054602,-0.012165,25.580000000000013
1772220273858602376,2026-02-27 14:24:33.858,-1.07362,-0.341449,-5.39758,0.122272,0.061665,-0.01394,25.581000000000003
1772220273859773698,2026-02-27 14:24:33.859,-1.08676,-0.352272,-5.60509,0.119268,0.062813,-0.016696,25.582000000000008
1772220273860955178,2026-02-27 14:24:33.860,-1.09264,-0.556636,-5.99296,0.122399,0.068628,-0.019389,25.583000000000013
1772220273862150852,2026-02-27 14:24:33.862,-1.15841,-0.500467,-6.08594,0.120422,0.06792,-0.021111,25.585000000000008
1772220273863329548,2026-02-27 14:24:33.863,-1.28251,-0.42011,-4.82909,0.109997,0.058706,-0.027646,25.586000000000013
1772220273864522355,2026-02-27 14:24:33.864,-1.15896,-0.409822,-4.75101,0.099049,0.049309,-0.018145,25.587000000000003
1772220273865648360,2026-02-27 14:24:33.865,-1.10438,-0.413441,-5.17443,0.092726,0.043972,-0.009707,25.588000000000008
1772220273866824675,2026-02-27 14:24:33.866,-1.03731,-0.468543,-5.46974,0.090713,0.044843,-0.004867,25.589
1772220273868013011,2026-02-27 14:24:33.868,-0.931099,-0.353428,-5.2166,0.082468,0.026805,-0.00057,25.591000000000008
1772220273869207971,2026-02-27 14:24:33.869,-0.764583,-0.40294,-5.05598,0.079799,0.027491,0.000184,25.592
1772220273870379359,2026-02-27 14:24:33.870,-0.687833,-0.363806,-4.94547,0.083457,0.026493,-0.000753,25.593000000000004
1772220273871527809,2026-02-27 14:24:33.871,-0.652675,-0.211193,-6.17071,0.090846,0.025288,8.9e-05,25.59400000000001
1772220273872661000,2026-02-27 14:24:33.872,-0.605792,-0.394185,-6.31728,0.093249,0.029015,-0.002046,25.595
1772220273873872278,2026-02-27 14:24:33.873,-0.64818,-0.075761,-5.21134,0.08547,0.018967,-0.003814,25.596000000000004
1772220273875068109,2026-02-27 14:24:33.875,-0.550302,-0.169736,-4.84909,0.089468,0.010269,0.000337,25.598
1772220273876266025,2026-02-27 14:24:33.876,-0.297489,-0.225859,-4.59262,0.078182,0.01381,-0.001268,25.599000000000004
1772220273877437038,2026-02-27 14:24:33.877,-0.443034,-0.560468,-6.45905,0.126939,0.041966,-0.012049,25.60000000000001
1772220273878587432,2026-02-27 14:24:33.878,-0.508596,-0.628892,-6.60811,0.118373,0.045081,-0.021114,25.601
1772220273879716811,2026-02-27 14:24:33.879,-0.729497,-0.544569,-6.16746,0.125238,0.040417,-0.02668,25.602000000000004
1772220273880897805,2026-02-27 14:24:33.880,-0.722724,-0.51781,-6.2183,0.11068,0.032204,-0.019831,25.60300000000001
1772220273882094792,2026-02-27 14:24:33.882,-0.741367,-0.439062,-5.93261,0.095488,0.020971,-0.011653,25.605000000000004
1772220273883292394,2026-02-27 14:24:33.883,-0.664532,-0.489881,-6.24742,0.097064,0.026864,-0.00341,25.60600000000001
1772220273884476881,2026-02-27 14:24:33.884,-0.732412,-0.649655,-6.30716,0.088352,0.027166,-0.001115,25.607
1772220273885606865,2026-02-27 14:24:33.885,-0.73067,-0.381643,-5.66797,0.081179,0.023868,0.00035,25.608000000000004
1772220273886775742,2026-02-27 14:24:33.886,-0.597618,-0.822529,-6.42016,0.091192,0.023926,0.001108,25.60900000000001
1772220273887974346,2026-02-27 14:24:33.887,-0.552222,-0.446597,-7.27385,0.086178,0.024661,0.006896,25.61
1772220273889172635,2026-02-27 14:24:33.889,-0.534795,-0.416875,-6.72234,0.072149,0.007632,0.005458,25.61200000000001
1772220273890369361,2026-02-27 14:24:33.890,-0.428149,-0.266932,-6.34124,0.073627,-0.000859,0.009692,25.613
1772220273891530771,2026-02-27 14:24:33.891,-0.260549,-0.032988,-4.42878,0.054627,-0.016578,0.00912,25.614000000000004
1772220273892660288,2026-02-27 14:24:33.892,-0.069829,-0.049929,-4.39411,0.060868,-0.02335,0.013952,25.61500000000001
1772220273893834332,2026-02-27 14:24:33.893,0.067948,0.248177,-3.70645,0.048214,-0.033193,0.017288,25.616
1772220273895135194,2026-02-27 14:24:33.895,0.117157,0.202481,-3.42895,0.048969,-0.03349,0.01869,25.61800000000001
1772220273896336386,2026-02-27 14:24:33.896,0.323348,0.393724,-2.06503,0.052223,-0.035734,0.010133,25.619
1772220273897521089,2026-02-27 14:24:33.897,0.38011,-0.029104,-4.1185,0.094471,-0.016851,-0.003262,25.620000000000005
1772220273898661173,2026-02-27 14:24:33.898,0.444202,-0.087743,-5.17975,0.115792,-0.01116,-0.004622,25.62100000000001
1772220273899877192,2026-02-27 14:24:33.899,0.287222,0.056681,-5.51023,0.097496,-0.033015,0.00022,25.622
1772220273901013177,2026-02-27 14:24:33.901,0.415526,-0.467466,-7.31481,0.139836,0.003198,-0.00677,25.62400000000001
1772220273902233688,2026-02-27 14:24:33.902,0.185941,-0.287528,-7.4454,0.135571,0.006059,-0.009521,25.625
1772220273903416026,2026-02-27 14:24:33.903,0.045671,-0.469992,-7.98227,0.136279,0.006645,-0.008763,25.626000000000005
1772220273904573295,2026-02-27 14:24:33.904,-0.06851,-0.57804,-9.02499,0.134866,0.015354,-0.00522,25.62700000000001
1772220273905728710,2026-02-27 14:24:33.905,-0.367116,-0.810802,-9.60813,0.119668,0.011905,-0.00192,25.628
1772220273906900197,2026-02-27 14:24:33.906,-0.433136,-0.882231,-9.41407,0.112996,0.017613,-0.003962,25.629000000000005
1772220273908075115,2026-02-27 14:24:33.908,-0.485406,-0.974121,-9.29342,0.106196,0.020514,-0.007306,25.631
1772220273909264722,2026-02-27 14:24:33.909,-0.537195,-1.08371,-9.27926,0.100226,0.024333,-0.00986,25.632000000000005
1772220273910476420,2026-02-27 14:24:33.910,-0.629379,-1.23618,-9.89116,0.098686,0.029678,-0.013117,25.63300000000001
1772220273911604416,2026-02-27 14:24:33.911,-0.604477,-1.22017,-10.0135,0.103407,0.031321,-0.015892,25.634
1772220273912734184,2026-02-27 14:24:33.912,-0.724557,-1.26076,-9.29371,0.103878,0.035075,-0.026602,25.635000000000005
1772220273913878993,2026-02-27 14:24:33.913,-0.755571,-1.22412,-9.83507,0.108519,0.035686,-0.024639,25.63600000000001
1772220273915054913,2026-02-27 14:24:33.915,-0.771562,-1.16689,-9.93762,0.110827,0.037379,-0.024418,25.638000000000005
1772220273916228882,2026-02-27 14:24:33.916,-0.828734,-1.18097,-10.4437,0.112434,0.038184,-0.01867,25.63900000000001
1772220273917415003,2026-02-27 14:24:33.917,-0.830892,-1.14399,-10.7821,0.115199,0.037845,-0.016636,25.64
1772220273918531923,2026-02-27 14:24:33.918,-0.879162,-1.0494,-10.709,0.116099,0.038122,-0.015434,25.641000000000005
1772220273919660592,2026-02-27 14:24:33.919,-0.835056,-0.957444,-10.5913,0.120371,0.037238,-0.014387,25.64200000000001
1772220273920814579,2026-02-27 14:24:33.920,-0.818203,-0.847051,-11.5222,0.125114,0.038638,-0.005587,25.643
1772220273921990845,2026-02-27 14:24:33.921,-0.821834,-0.810466,-11.3738,0.125067,0.03736,-0.006533,25.644000000000005
1772220273923166952,2026-02-27 14:24:33.923,-0.7883,-0.728867,-11.3484,0.128933,0.036366,-0.007038,25.646
1772220273924304809,2026-02-27 14:24:33.924,-0.84316,-0.633133,-10.5851,0.128398,0.035674,-0.011874,25.647000000000006
1772220273925511432,2026-02-27 14:24:33.925,-0.778309,-0.474027,-10.0506,0.134919,0.035581,-0.015236,25.64800000000001
1772220273926662023,2026-02-27 14:24:33.926,-0.775803,-0.374647,-9.9677,0.138864,0.034832,-0.015257,25.649
1772220273927835859,2026-02-27 14:24:33.927,-0.8049,-0.359362,-9.86949,0.13829,0.03584,-0.014778,25.650000000000006
1772220273929009182,2026-02-27 14:24:33.929,-0.799319,-0.284699,-9.17838,0.139011,0.036566,-0.020763,25.652
1772220273930183345,2026-02-27 14:24:33.930,-0.860943,-0.171976,-8.66767,0.14438,0.039273,-0.023944,25.653000000000006
1772220273931357318,2026-02-27 14:24:33.931,-0.885539,-0.155603,-8.76532,0.142132,0.038599,-0.021662,25.65400000000001
1772220273932560969,2026-02-27 14:24:33.932,-0.873463,-0.046554,-9.4785,0.14304,0.041644,-0.015194,25.655
1772220273933688770,2026-02-27 14:24:33.933,-0.905558,-0.029606,-9.37596,0.14378,0.042637,-0.015323,25.656000000000006
1772220273934863556,2026-02-27 14:24:33.934,-0.971165,-0.026633,-9.2575,0.140152,0.043782,-0.015098,25.65700000000001
1772220273936036504,2026-02-27 14:24:33.936,-0.951453,0.008444,-9.35393,0.146269,0.04622,-0.015479,25.659000000000006
1772220273937212133,2026-02-27 14:24:33.937,-1.02421,0.065109,-9.32431,0.146218,0.048183,-0.013925,25.66000000000001
1772220273938388976,2026-02-27 14:24:33.938,-1.04024,0.060526,-10.3155,0.147197,0.050327,-0.005506,25.661
1772220273939560598,2026-02-27 14:24:33.939,-1.11752,0.115149,-9.72091,0.146646,0.053019,-0.009428,25.662000000000006
1772220273940688233,2026-02-27 14:24:33.940,-1.28298,0.086631,-9.24625,0.141816,0.05693,-0.014159,25.66300000000001
1772220273941840700,2026-02-27 14:24:33.941,-1.24353,0.088374,-9.02513,0.145223,0.061507,-0.016406,25.664
1772220273943015707,2026-02-27 14:24:33.943,-1.27381,0.138141,-9.04997,0.146161,0.062552,-0.01573,25.66600000000001
1772220273944212345,2026-02-27 14:24:33.944,-1.36215,0.088745,-9.00685,0.146031,0.063303,-0.016338,25.667
1772220273945407555,2026-02-27 14:24:33.945,-1.35952,0.081994,-9.08661,0.147617,0.066885,-0.016407,25.668000000000006
1772220273946553596,2026-02-27 14:24:33.946,-1.4241,0.112822,-8.13051,0.145748,0.067509,-0.025914,25.66900000000001
1772220273947680234,2026-02-27 14:24:33.947,-1.46389,0.052678,-8.2358,0.143913,0.068539,-0.022405,25.67
1772220273948836138,2026-02-27 14:24:33.948,-1.48126,0.044529,-8.83253,0.144344,0.071796,-0.018282,25.671000000000006
1772220273950012999,2026-02-27 14:24:33.950,-1.54534,0.121999,-8.88185,0.137886,0.068167,-0.014467,25.673000000000002
1772220273951187231,2026-02-27 14:24:33.951,-1.56531,0.203609,-8.24942,0.125718,0.054317,-0.009411,25.674000000000007
1772220273952361792,2026-02-27 14:24:33.952,-1.42305,0.252926,-7.62305,0.109021,0.042822,-0.003104,25.67500000000001
1772220273953537759,2026-02-27 14:24:33.953,-1.35616,0.293839,-7.04457,0.09478,0.032947,0.001107,25.676000000000002
1772220273954655984,2026-02-27 14:24:33.954,-1.21111,0.55283,-6.48849,0.077023,0.005124,0.017749,25.677000000000007
1772220273955835361,2026-02-27 14:24:33.955,-0.497374,0.552573,-4.88484,0.06216,-0.020761,0.028768,25.67800000000001
1772220273957011355,2026-02-27 14:24:33.957,-0.296317,0.75034,-4.03486,0.064342,-0.023428,0.023976,25.680000000000007
1772220273958186076,2026-02-27 14:24:33.958,-0.073538,0.931516,-3.09943,0.057947,-0.034489,0.021077,25.68100000000001
1772220273959360559,2026-02-27 14:24:33.959,0.072782,0.678866,-3.39842,0.078491,-0.033438,0.018542,25.682000000000002
1772220273960533173,2026-02-27 14:24:33.960,0.266435,0.469921,-4.70234,0.111924,-0.033085,0.014663,25.683000000000007
1772220273961692336,2026-02-27 14:24:33.961,0.24072,0.795943,-4.04862,0.096036,-0.042757,0.013106,25.68400000000001
1772220273962905270,2026-02-27 14:24:33.962,0.437077,0.836351,-2.73915,0.092612,-0.050535,0.009297,25.685000000000002
1772220273964103256,2026-02-27 14:24:33.964,0.593527,0.476634,-4.04713,0.099855,-0.045367,0.014131,25.687000000000012
1772220273965298173,2026-02-27 14:24:33.965,0.466227,0.465414,-4.35015,0.108086,-0.032374,0.011019,25.688000000000002
1772220273966633028,2026-02-27 14:24:33.966,0.343988,0.620411,-3.99573,0.086718,-0.053696,0.020211,25.689000000000007
1772220273967787284,2026-02-27 14:24:33.967,0.416205,0.121267,-5.30058,0.100451,-0.034319,0.021952,25.690000000000012
1772220273969004713,2026-02-27 14:24:33.969,0.29606,-0.164527,-5.90047,0.103816,-0.02913,0.017041,25.692000000000007
1772220273970201368,2026-02-27 14:24:33.970,0.210241,-0.382167,-6.75968,0.105672,-0.026303,0.014357,25.693000000000012
1772220273971396674,2026-02-27 14:24:33.971,0.080057,-0.374722,-8.2437,0.106544,-0.020173,0.019952,25.694000000000003
1772220273972693110,2026-02-27 14:24:33.972,-0.083214,-0.510704,-7.76084,0.096379,-0.022824,0.016646,25.695000000000007
1772220273973908288,2026-02-27 14:24:33.973,-0.383113,-0.662224,-8.77893,0.107932,-0.003436,0.007368,25.696000000000012
1772220273975104272,2026-02-27 14:24:33.975,-0.496354,-0.377703,-7.0719,0.076325,-0.029689,0.014668,25.698000000000008
1772220273976298678,2026-02-27 14:24:33.976,-0.320247,-0.690334,-7.39123,0.074986,-0.021788,0.020695,25.699000000000012
1772220273977627920,2026-02-27 14:24:33.977,-0.21863,-0.107657,-5.3704,0.042687,-0.033407,0.024557,25.700000000000003
1772220273978802092,2026-02-27 14:24:33.978,-0.068054,0.121511,-2.86297,0.035446,-0.040597,0.024226,25.701000000000008
1772220273980002758,2026-02-27 14:24:33.980,0.039772,0.098905,-2.65871,0.041338,-0.046222,0.021482,25.703000000000003
1772220273981198871,2026-02-27 14:24:33.981,0.320727,0.360141,-2.86634,0.035742,-0.05303,0.019199,25.704000000000008
1772220273982394253,2026-02-27 14:24:33.982,0.457963,0.400491,-3.36197,0.053964,-0.053836,0.021613,25.705000000000013
1772220273983701770,2026-02-27 14:24:33.983,0.670478,0.743038,-2.895,0.053781,-0.055842,0.02239,25.706000000000003
1772220273984917305,2026-02-27 14:24:33.984,0.843348,0.53669,-3.7429,0.086115,-0.070519,0.026239,25.707000000000008
1772220273986115049,2026-02-27 14:24:33.986,1.05011,0.725613,-3.78914,0.08897,-0.077163,0.027639,25.709000000000003
1772220273987310871,2026-02-27 14:24:33.987,1.10759,0.751116,-3.99379,0.094086,-0.071707,0.028388,25.710000000000008
1772220273988515390,2026-02-27 14:24:33.988,1.15991,-0.318427,-8.09931,0.126592,-0.076674,0.035022,25.711000000000013
1772220273989648690,2026-02-27 14:24:33.989,1.03602,0.284407,-6.44439,0.110666,-0.090696,0.03258,25.712000000000003
1772220273990802513,2026-02-27 14:24:33.990,1.0087,0.160373,-6.86055,0.115178,-0.095567,0.03396,25.713000000000008
1772220273991998034,2026-02-27 14:24:33.991,1.00824,0.078686,-6.67478,0.102731,-0.087116,0.03,25.714
1772220273993193783,2026-02-27 14:24:33.993,0.974335,0.018194,-6.59083,0.096066,-0.088898,0.032269,25.716000000000008
1772220273994389518,2026-02-27 14:24:33.994,0.94288,0.132141,-5.99345,0.087886,-0.077202,0.031051,25.717
1772220273995572019,2026-02-27 14:24:33.995,0.883485,-0.438184,-7.21031,0.099562,-0.08074,0.030613,25.718000000000004
1772220273996690751,2026-02-27 14:24:33.996,0.806107,-0.36835,-6.60925,0.10149,-0.078295,0.019497,25.71900000000001
1772220273997903946,2026-02-27 14:24:33.997,0.997555,-0.365049,-7.58184,0.094529,-0.075895,0.018885,25.72
1772220273999098411,2026-02-27 14:24:33.999,0.99515,-0.433381,-8.14297,0.094516,-0.082432,0.02355,25.72200000000001
1772220274000291426,2026-02-27 14:24:34.000,1.0055,0.100943,-6.68103,0.079822,-0.090437,0.02958,25.723
1772220274001423051,2026-02-27 14:24:34.001,1.29827,0.451674,-4.47919,0.041784,-0.090247,0.031301,25.724000000000004
1772220274002563696,2026-02-27 14:24:34.002,1.51024,-1.03172,-9.17068,0.102507,-0.049799,0.024818,25.72500000000001
1772220274003694167,2026-02-27 14:24:34.003,1.48173,-0.259539,-8.91498,0.099881,-0.09454,0.043527,25.726
1772220274004990081,2026-02-27 14:24:34.004,1.72649,-1.44797,-11.4925,0.145903,-0.108399,0.057652,25.727000000000004
1772220274006187784,2026-02-27 14:24:34.006,1.85321,-0.694573,-10.5324,0.11168,-0.099778,0.049559,25.729
1772220274007385051,2026-02-27 14:24:34.007,2.02176,-0.642765,-8.89987,0.104274,-0.125686,0.051691,25.730000000000004
1772220274008564949,2026-02-27 14:24:34.008,2.43901,-0.648504,-8.43672,0.096548,-0.109371,0.053863,25.73100000000001
1772220274009697503,2026-02-27 14:24:34.009,3.2588,-0.949456,-7.77857,0.114866,-0.114855,0.081612,25.732
1772220274010857424,2026-02-27 14:24:34.010,3.21683,-0.288715,-6.16736,0.076729,-0.122208,0.081983,25.733000000000004
1772220274012052647,2026-02-27 14:24:34.012,3.34775,-0.212167,-4.84629,0.070529,-0.128415,0.079224,25.735
1772220274013246643,2026-02-27 14:24:34.013,3.58628,-0.087167,-3.92125,0.075226,-0.130979,0.072541,25.736000000000004
1772220274014442157,2026-02-27 14:24:34.014,3.66489,0.122653,-3.59052,0.065284,-0.126758,0.06526,25.73700000000001
1772220274015567332,2026-02-27 14:24:34.015,3.8766,0.074631,-3.75188,0.067161,-0.132627,0.065578,25.738
1772220274016699534,2026-02-27 14:24:34.016,4.07263,0.066138,-4.25747,0.078616,-0.134894,0.069302,25.739000000000004
1772220274017877500,2026-02-27 14:24:34.017,4.61303,-0.413557,-5.50663,0.103563,-0.153173,0.082295,25.74000000000001
1772220274019075675,2026-02-27 14:24:34.019,4.82511,-0.260465,-5.60659,0.094845,-0.179522,0.097151,25.742000000000004
1772220274020269292,2026-02-27 14:24:34.020,4.90915,-0.182991,-5.20845,0.084573,-0.177083,0.095191,25.74300000000001
1772220274021478647,2026-02-27 14:24:34.021,5.09474,-0.689693,-7.3579,0.111192,-0.190445,0.114245,25.744
1772220274022572261,2026-02-27 14:24:34.022,5.21648,-0.520142,-6.69654,0.098219,-0.17754,0.106479,25.745000000000005
1772220274023700862,2026-02-27 14:24:34.023,5.27937,-0.838676,-7.17946,0.104767,-0.176518,0.109328,25.74600000000001
1772220274024869493,2026-02-27 14:24:34.024,5.32124,-0.963433,-6.99486,0.10538,-0.177841,0.102963,25.747
1772220274026064846,2026-02-27 14:24:34.026,5.29807,-1.00896,-6.99776,0.100137,-0.182778,0.102913,25.74900000000001
1772220274027258988,2026-02-27 14:24:34.027,5.38154,-1.09478,-7.13686,0.099708,-0.180809,0.0995,25.75
1772220274028471137,2026-02-27 14:24:34.028,5.35217,-1.09561,-7.22876,0.095778,-0.180091,0.097664,25.751000000000005
1772220274029561484,2026-02-27 14:24:34.029,5.3035,-1.14029,-6.24232,0.087596,-0.180298,0.086295,25.75200000000001
1772220274030692492,2026-02-27 14:24:34.030,5.37534,-1.1411,-6.3772,0.092908,-0.174429,0.085776,25.753
1772220274031841962,2026-02-27 14:24:34.031,5.13074,-0.879898,-6.04346,0.075189,-0.175797,0.089095,25.754000000000005
1772220274033034197,2026-02-27 14:24:34.033,5.05031,-0.697616,-5.60998,0.061758,-0.178239,0.090303,25.756
1772220274034232409,2026-02-27 14:24:34.034,5.08591,-0.89816,-5.86245,0.065229,-0.179461,0.091833,25.757000000000005
1772220274035430405,2026-02-27 14:24:34.035,5.33544,-1.54763,-8.31358,0.1204,-0.168201,0.100156,25.75800000000001
1772220274036576151,2026-02-27 14:24:34.036,5.23547,-1.21173,-7.99228,0.099072,-0.167722,0.089868,25.759
1772220274037707076,2026-02-27 14:24:34.037,5.25619,-1.44872,-9.53008,0.121352,-0.177307,0.101877,25.760000000000005
1772220274038855102,2026-02-27 14:24:34.038,4.90102,-1.29521,-10.0861,0.107948,-0.174222,0.094695,25.76100000000001
1772220274040051644,2026-02-27 14:24:34.040,4.52515,-1.00312,-9.31067,0.08828,-0.170962,0.082861,25.763000000000005
1772220274041245791,2026-02-27 14:24:34.041,4.1683,-1.08748,-8.98365,0.08641,-0.166398,0.072198,25.76400000000001
1772220274042444511,2026-02-27 14:24:34.042,4.07537,-0.926777,-7.88774,0.066563,-0.164094,0.065231,25.765
1772220274043561218,2026-02-27 14:24:34.043,3.90312,-1.45567,-9.47918,0.096429,-0.129794,0.058295,25.766000000000005
1772220274044687821,2026-02-27 14:24:34.044,3.43249,-1.2309,-9.18638,0.059533,-0.163006,0.055795,25.76700000000001
1772220274045850011,2026-02-27 14:24:34.045,3.33345,-1.90241,-11.0512,0.088316,-0.118852,0.041156,25.768
1772220274047030455,2026-02-27 14:24:34.047,2.59519,-2.13423,-13.4444,0.132739,-0.094299,0.018267,25.77000000000001
1772220274048228763,2026-02-27 14:24:34.048,2.15147,-2.34881,-14.8018,0.138647,-0.086236,0.009969,25.771
1772220274049428110,2026-02-27 14:24:34.049,1.60676,-2.10475,-15.0782,0.126103,-0.090125,0.012405,25.772000000000006
1772220274050557605,2026-02-27 14:24:34.050,1.28063,-2.12343,-14.5773,0.106309,-0.094769,0.017852,25.77300000000001
1772220274051691670,2026-02-27 14:24:34.051,1.01119,-2.22813,-14.3475,0.098886,-0.065547,0.016628,25.774
1772220274052878957,2026-02-27 14:24:34.052,0.728726,-2.2409,-14.0234,0.089429,-0.047936,0.016072,25.775000000000006
1772220274054060872,2026-02-27 14:24:34.054,0.356803,-2.35037,-14.6905,0.070898,-0.016957,0.020345,25.777
1772220274055257893,2026-02-27 14:24:34.055,0.152303,-2.36343,-14.5918,0.070649,-0.007445,0.014168,25.778000000000006
1772220274056474401,2026-02-27 14:24:34.056,0.056132,-2.30585,-14.6051,0.06906,0.001834,0.009803,25.77900000000001
1772220274057604100,2026-02-27 14:24:34.057,-0.018542,-2.19229,-14.0763,0.071923,0.00777,0.000559,25.78
1772220274058742474,2026-02-27 14:24:34.058,-0.110252,-2.0173,-13.4892,0.073843,0.013184,-0.005205,25.781000000000006
1772220274059907507,2026-02-27 14:24:34.059,-0.254645,-1.90726,-13.0739,0.077735,0.017312,-0.006522,25.78200000000001
1772220274061094815,2026-02-27 14:24:34.061,-0.447526,-1.58528,-11.8399,0.074625,0.019927,-0.00267,25.784000000000006
1772220274062292621,2026-02-27 14:24:34.062,-0.491515,-1.41231,-10.6252,0.077354,0.028723,-0.007508,25.78500000000001
1772220274063508294,2026-02-27 14:24:34.063,-0.44737,-1.23494,-9.90688,0.076893,0.034743,-0.011198,25.786
1772220274064641778,2026-02-27 14:24:34.064,-0.500398,-1.25835,-10.4792,0.09354,0.050045,-0.012871,25.787000000000006
1772220274065836549,2026-02-27 14:24:34.065,-0.572177,-1.07201,-10.532,0.083951,0.042896,-0.011997,25.78800000000001
1772220274067011335,2026-02-27 14:24:34.067,-0.610045,-0.647673,-9.57558,0.074957,0.008296,-0.000848,25.790000000000006
1772220274068148351,2026-02-27 14:24:34.068,-0.502621,-0.433518,-7.81419,0.056504,-0.012567,0.009075,25.79100000000001
1772220274069351697,2026-02-27 14:24:34.069,-0.321075,0.023042,-5.81121,0.029796,-0.036253,0.019091,25.792
1772220274070565789,2026-02-27 14:24:34.070,0.066314,0.328681,-3.97061,0.021224,-0.050659,0.027777,25.793000000000006
1772220274071699439,2026-02-27 14:24:34.071,0.459227,0.415268,-3.70688,0.019476,-0.040106,0.035667,25.79400000000001
1772220274072906744,2026-02-27 14:24:34.072,0.669941,-0.336793,-6.03752,0.048966,-0.058931,0.029197,25.795
1772220274074088118,2026-02-27 14:24:34.074,0.327142,-0.975215,-13.2362,0.175458,0.064584,-0.026666,25.79700000000001
1772220274075286529,2026-02-27 14:24:34.075,-0.439221,-0.394131,-11.9593,0.130737,-0.043532,-0.014702,25.798000000000002
1772220274076491516,2026-02-27 14:24:34.076,-0.092636,-0.507312,-11.7345,0.14449,-0.014591,-0.005798,25.799000000000007
1772220274077626035,2026-02-27 14:24:34.077,0.002281,-0.551373,-11.1305,0.118284,-0.022736,0.003428,25.80000000000001
1772220274078823889,2026-02-27 14:24:34.078,-0.066895,-0.676814,-10.2688,0.106812,0.007915,0.008942,25.801000000000002
1772220274080010637,2026-02-27 14:24:34.080,-0.711183,-1.13759,-10.1438,0.094163,0.043474,0.003844,25.80300000000001
1772220274081208353,2026-02-27 14:24:34.081,-0.909732,-1.31383,-10.6904,0.089453,0.049821,-0.003683,25.804000000000002
1772220274082409934,2026-02-27 14:24:34.082,-0.905142,-1.36663,-11.8377,0.087661,0.052209,-0.005915,25.805000000000007
1772220274083562805,2026-02-27 14:24:34.083,-0.812766,-1.36815,-12.5597,0.087739,0.051242,-0.010622,25.80600000000001
1772220274084694990,2026-02-27 14:24:34.084,-0.804537,-1.34361,-12.9085,0.09088,0.053668,-0.016329,25.807000000000002
1772220274085878536,2026-02-27 14:24:34.085,-0.754659,-1.28067,-12.972,0.098575,0.058569,-0.018406,25.808000000000007
1772220274087054151,2026-02-27 14:24:34.087,-0.997019,-1.25311,-13.92,0.116566,0.062884,-0.003726,25.810000000000002
1772220274088249780,2026-02-27 14:24:34.088,-1.08489,-1.21126,-14.296,0.121088,0.060833,0.003955,25.811000000000007
1772220274089449629,2026-02-27 14:24:34.089,-1.15696,-1.13283,-14.1586,0.123795,0.058892,0.004627,25.812000000000012
1772220274090575933,2026-02-27 14:24:34.090,-1.16493,-1.01316,-13.8284,0.125686,0.058465,0.000867,25.813000000000002
1772220274091706649,2026-02-27 14:24:34.091,-1.14702,-0.910445,-13.5911,0.130752,0.059278,-0.003988,25.814000000000007
1772220274092886889,2026-02-27 14:24:34.092,-1.11372,-0.83239,-13.5266,0.130757,0.059917,-0.00757,25.815000000000012
1772220274094061797,2026-02-27 14:24:34.094,-1.05723,-0.695216,-13.6318,0.143797,0.057641,-0.009413,25.817000000000007
1772220274095254116,2026-02-27 14:24:34.095,-1.10413,-0.615428,-13.5214,0.149172,0.055829,-0.010638,25.818000000000012
1772220274096480727,2026-02-27 14:24:34.096,-1.05351,-0.56289,-12.7711,0.153042,0.053793,-0.016093,25.819000000000003
1772220274097612012,2026-02-27 14:24:34.097,-1.07496,-0.495345,-13.2684,0.157547,0.052658,-0.011508,25.820000000000007
1772220274098748385,2026-02-27 14:24:34.098,-1.0778,-0.460419,-13.4238,0.159681,0.053465,-0.009404,25.821000000000012
1772220274099882410,2026-02-27 14:24:34.099,-1.0927,-0.400668,-14.0177,0.164151,0.054971,-0.005561,25.822000000000003
1772220274101061968,2026-02-27 14:24:34.101,-1.13275,-0.315082,-14.4434,0.174046,0.059206,-0.005369,25.824000000000012
1772220274102243226,2026-02-27 14:24:34.102,-1.15542,-0.272348,-14.6191,0.180473,0.062158,-0.006193,25.825000000000003
1772220274103446836,2026-02-27 14:24:34.103,-1.23592,-0.275063,-14.7971,0.184863,0.062636,-0.007016,25.826000000000008
1772220274104568328,2026-02-27 14:24:34.104,-1.21981,-0.294927,-16.021,0.185397,0.063224,0.002757,25.827000000000012
1772220274105701787,2026-02-27 14:24:34.105,-1.20945,-0.288999,-15.9554,0.189096,0.065535,-0.000797,25.828000000000003
1772220274106881786,2026-02-27 14:24:34.106,-1.19626,-0.294945,-16.2173,0.191632,0.065008,-0.001105,25.829000000000008
1772220274108065299,2026-02-27 14:24:34.108,-1.22554,-0.317215,-15.8983,0.198425,0.06705,-0.009143,25.831000000000003
1772220274109243918,2026-02-27 14:24:34.109,-1.26839,-0.324049,-16.0603,0.198939,0.066589,-0.009407,25.832000000000008
1772220274110442388,2026-02-27 14:24:34.110,-1.28501,-0.346673,-16.328,0.20163,0.066825,-0.008864,25.833000000000013
1772220274111575748,2026-02-27 14:24:34.111,-1.29967,-0.339577,-16.5521,0.204225,0.068435,-0.008732,25.834000000000003
1772220274112706124,2026-02-27 14:24:34.112,-1.36737,-0.388925,-16.0481,0.206911,0.069652,-0.017375,25.835000000000008
1772220274113880412,2026-02-27 14:24:34.113,-1.32749,-0.381311,-16.2014,0.211244,0.071382,-0.018481,25.836000000000013
1772220274115173565,2026-02-27 14:24:34.115,-1.41906,-0.441682,-17.2894,0.214685,0.073347,-0.014106,25.838000000000008
1772220274116373589,2026-02-27 14:24:34.116,-1.43662,-0.464165,-17.9378,0.220862,0.075272,-0.011162,25.839
1772220274117497105,2026-02-27 14:24:34.117,-1.45258,-0.472993,-18.159,0.224,0.076849,-0.011451,25.840000000000003
1772220274118660317,2026-02-27 14:24:34.118,-1.43235,-0.468954,-18.3222,0.223711,0.077699,-0.011355,25.841000000000008
1772220274119836452,2026-02-27 14:24:34.119,-1.52865,-0.479476,-18.5679,0.228975,0.07884,-0.011135,25.842
1772220274121022718,2026-02-27 14:24:34.121,-1.4852,-0.454154,-19.0479,0.227496,0.079635,-0.009317,25.84400000000001
1772220274122205051,2026-02-27 14:24:34.122,-1.46241,-0.565327,-19.7922,0.229869,0.080476,-0.007415,25.845
1772220274123404980,2026-02-27 14:24:34.123,-1.47396,-0.577234,-19.819,0.230125,0.081494,-0.009575,25.846000000000004
1772220274124567186,2026-02-27 14:24:34.124,-1.52153,-0.60182,-19.6203,0.230927,0.082323,-0.012011,25.84700000000001
1772220274125697301,2026-02-27 14:24:34.125,-1.52515,-0.635314,-19.6259,0.233647,0.08356,-0.014127,25.848
1772220274126880450,2026-02-27 14:24:34.126,-1.51526,-0.672805,-19.7874,0.230783,0.082763,-0.014504,25.849000000000004
1772220274128054339,2026-02-27 14:24:34.128,-1.54034,-0.692379,-20.0081,0.231562,0.08388,-0.01505,25.851
1772220274129224587,2026-02-27 14:24:34.129,-1.59332,-0.765327,-19.338,0.232186,0.083452,-0.024282,25.852000000000004
1772220274130425095,2026-02-27 14:24:34.130,-1.5945,-0.779443,-19.8908,0.236171,0.084363,-0.020466,25.85300000000001
1772220274131545082,2026-02-27 14:24:34.131,-1.58208,-0.869331,-20.048,0.232636,0.084057,-0.021533,25.854
1772220274132690435,2026-02-27 14:24:34.132,-1.6115,-0.916282,-20.7731,0.231441,0.0851,-0.016642,25.855000000000004
1772220274133887571,2026-02-27 14:24:34.133,-1.6497,-0.910958,-21.2539,0.233274,0.086936,-0.014736,25.85600000000001
1772220274135073277,2026-02-27 14:24:34.135,-1.6691,-1.03165,-21.5358,0.231402,0.086781,-0.01541,25.858000000000004
1772220274136256924,2026-02-27 14:24:34.136,-1.66197,-1.10191,-21.8978,0.231857,0.087227,-0.016077,25.85900000000001
1772220274137474422,2026-02-27 14:24:34.137,-1.63559,-1.09689,-22.8855,0.233292,0.088489,-0.008079,25.86
1772220274138571510,2026-02-27 14:24:34.138,-1.65926,-1.11695,-23.0902,0.233089,0.08943,-0.007994,25.861000000000004
1772220274139704695,2026-02-27 14:24:34.139,-1.65287,-1.15469,-23.2307,0.232175,0.090135,-0.008339,25.86200000000001
1772220274140881806,2026-02-27 14:24:34.140,-1.67861,-1.15845,-22.9281,0.235809,0.089973,-0.014061,25.863
1772220274142065572,2026-02-27 14:24:34.142,-1.7104,-1.24442,-22.7499,0.231348,0.092084,-0.01668,25.86500000000001
1772220274143247740,2026-02-27 14:24:34.143,-1.77455,-1.31051,-23.1099,0.232393,0.09534,-0.017759,25.866
1772220274144449339,2026-02-27 14:24:34.144,-1.77934,-1.40772,-23.3507,0.230715,0.095873,-0.018413,25.867000000000004
1772220274145569689,2026-02-27 14:24:34.145,-1.84692,-1.42143,-23.1571,0.234516,0.09697,-0.023124,25.86800000000001
1772220274146700865,2026-02-27 14:24:34.146,-1.88029,-1.45831,-22.7002,0.235007,0.099375,-0.027598,25.869
1772220274147875048,2026-02-27 14:24:34.147,-1.89542,-1.4648,-23.1277,0.232238,0.099998,-0.024692,25.870000000000005
1772220274149073917,2026-02-27 14:24:34.149,-1.89271,-1.51703,-23.6055,0.235363,0.101983,-0.023028,25.872
1772220274150246187,2026-02-27 14:24:34.150,-1.96832,-1.62775,-24.5208,0.234007,0.108085,-0.020252,25.873000000000005
1772220274151449220,2026-02-27 14:24:34.151,-1.97481,-1.6257,-24.7735,0.23433,0.109502,-0.022109,25.87400000000001
1772220274152612961,2026-02-27 14:24:34.152,-2.05595,-1.69809,-24.934,0.234028,0.112115,-0.022664,25.875
1772220274153744590,2026-02-27 14:24:34.153,-2.12352,-1.69746,-25.0777,0.2349,0.116248,-0.022534,25.876000000000005
1772220274154883739,2026-02-27 14:24:34.154,-2.19146,-1.70619,-26.3175,0.235733,0.119953,-0.01361,25.87700000000001
1772220274156009309,2026-02-27 14:24:34.156,-2.25958,-1.72505,-26.0238,0.234984,0.124232,-0.018198,25.879000000000005
1772220274157134533,2026-02-27 14:24:34.157,-2.42886,-1.74007,-25.8862,0.23704,0.132455,-0.023881,25.88000000000001
1772220274158251622,2026-02-27 14:24:34.158,-2.50082,-1.75703,-25.7623,0.239179,0.137667,-0.027231,25.881
1772220274159367647,2026-02-27 14:24:34.159,-2.55309,-1.73334,-25.9742,0.241552,0.142458,-0.029036,25.882000000000005
1772220274160477634,2026-02-27 14:24:34.160,-2.664,-1.74229,-26.1332,0.242957,0.147644,-0.029754,25.88300000000001
1772220274161591482,2026-02-27 14:24:34.161,-2.75041,-1.69196,-26.1557,0.242522,0.147984,-0.029704,25.884
1772220274162704688,2026-02-27 14:24:34.162,-2.85625,-1.7121,-25.28,0.242112,0.144192,-0.036386,25.885000000000005
1772220274163897022,2026-02-27 14:24:34.163,-2.84882,-1.672,-25.4899,0.243021,0.148429,-0.035247,25.88600000000001
1772220274165094288,2026-02-27 14:24:34.165,-2.90414,-1.62445,-25.6101,0.249099,0.149901,-0.035364,25.888000000000005
1772220274166276651,2026-02-27 14:24:34.166,-2.96911,-1.53946,-26.6689,0.256266,0.166,-0.031683,25.88900000000001
1772220274167478454,2026-02-27 14:24:34.167,-3.10816,-1.47974,-26.5784,0.26009,0.169094,-0.033196,25.89
1772220274168610191,2026-02-27 14:24:34.168,-3.07455,-1.46122,-26.7463,0.264851,0.176826,-0.035022,25.891000000000005
1772220274169740534,2026-02-27 14:24:34.169,-3.15702,-1.47427,-26.9316,0.268903,0.184412,-0.037676,25.89200000000001
1772220274170915714,2026-02-27 14:24:34.170,-3.20799,-1.4087,-27.7131,0.277953,0.196062,-0.03589,25.893
1772220274172114851,2026-02-27 14:24:34.172,-3.33675,-1.41374,-28.6403,0.283778,0.20789,-0.034036,25.89500000000001
1772220274173287580,2026-02-27 14:24:34.173,-3.57459,-1.36188,-28.2051,0.288837,0.220049,-0.038407,25.896
1772220274174489805,2026-02-27 14:24:34.174,-3.67999,-1.44308,-28.1055,0.286906,0.225712,-0.041452,25.897000000000006
1772220274175624720,2026-02-27 14:24:34.175,-3.76598,-1.49911,-28.4559,0.29849,0.24112,-0.046313,25.89800000000001
1772220274176816396,2026-02-27 14:24:34.176,-3.90001,-1.51763,-28.8288,0.302075,0.250838,-0.048445,25.899
1772220274178016079,2026-02-27 14:24:34.178,-4.02322,-1.56106,-29.1843,0.307453,0.26192,-0.049929,25.90100000000001
1772220274179201504,2026-02-27 14:24:34.179,-4.13293,-1.685,-29.5482,0.310065,0.276499,-0.053289,25.902
1772220274180384352,2026-02-27 14:24:34.180,-4.44756,-1.80006,-29.4558,0.318437,0.296955,-0.061155,25.903000000000006
1772220274181569541,2026-02-27 14:24:34.181,-4.48949,-1.85835,-29.6466,0.319643,0.307711,-0.062898,25.90400000000001
1772220274182699492,2026-02-27 14:24:34.182,-4.59283,-1.96295,-30.2401,0.323547,0.319974,-0.059054,25.905
1772220274183874065,2026-02-27 14:24:34.183,-4.74509,-1.97541,-30.6201,0.324226,0.332799,-0.060215,25.906000000000006
1772220274185075353,2026-02-27 14:24:34.185,-4.80266,-1.99338,-30.6529,0.330572,0.34491,-0.060899,25.908
1772220274186249219,2026-02-27 14:24:34.186,-4.85103,-2.0674,-30.8521,0.334893,0.357905,-0.061126,25.909000000000006
1772220274187424334,2026-02-27 14:24:34.187,-4.77951,-2.03976,-31.8318,0.335929,0.370789,-0.050756,25.91000000000001
1772220274188572778,2026-02-27 14:24:34.188,-4.6933,-2.08889,-31.6497,0.341018,0.379892,-0.052897,25.911
1772220274189700984,2026-02-27 14:24:34.189,-4.61492,-2.04934,-31.5327,0.343077,0.389102,-0.051455,25.912000000000006
1772220274190877197,2026-02-27 14:24:34.190,-4.49254,-2.05663,-30.9525,0.343732,0.39904,-0.055402,25.91300000000001
1772220274192075524,2026-02-27 14:24:34.192,-4.491,-2.03825,-30.602,0.344936,0.40723,-0.055724,25.915000000000006
1772220274193249808,2026-02-27 14:24:34.193,-4.42208,-1.98922,-30.4409,0.348994,0.413774,-0.054806,25.91600000000001
1772220274194423492,2026-02-27 14:24:34.194,-4.45994,-1.73718,-29.3658,0.33467,0.393428,-0.042943,25.917
1772220274195536904,2026-02-27 14:24:34.195,-4.45837,-1.51653,-27.5442,0.320059,0.364389,-0.039555,25.918000000000006
1772220274196666406,2026-02-27 14:24:34.196,-4.33295,-1.33853,-26.6876,0.314088,0.361329,-0.036573,25.91900000000001
1772220274197841490,2026-02-27 14:24:34.197,-4.51131,-0.461351,-23.3275,0.24505,0.233343,-0.009749,25.92
1772220274199038467,2026-02-27 14:24:34.199,-4.03735,0.101247,-20.1471,0.200034,0.147625,0.014807,25.92200000000001
1772220274200217854,2026-02-27 14:24:34.200,-3.39314,0.997358,-15.7698,0.146285,0.048057,0.04291,25.923000000000002
1772220274201377240,2026-02-27 14:24:34.201,-0.235449,1.81371,-8.55275,0.079698,-0.047838,0.070563,25.924000000000007
1772220274202541344,2026-02-27 14:24:34.202,1.20087,1.73425,-8.00827,0.120292,-0.058092,0.071431,25.92500000000001
1772220274203674930,2026-02-27 14:24:34.203,2.01425,2.20591,-7.33224,0.132898,-0.081924,0.070083,25.926000000000002
1772220274204846750,2026-02-27 14:24:34.204,2.98893,2.38442,-8.18166,0.146009,-0.101826,0.075282,25.927000000000007
1772220274206048717,2026-02-27 14:24:34.206,3.57553,2.61226,-7.14752,0.149197,-0.130906,0.070804,25.929000000000002
1772220274207235549,2026-02-27 14:24:34.207,4.19439,2.60701,-6.94952,0.165448,-0.156618,0.080039,25.930000000000007
1772220274208406656,2026-02-27 14:24:34.208,5.53285,1.65943,-8.26219,0.202031,-0.175633,0.090191,25.93100000000001
1772220274209527861,2026-02-27 14:24:34.209,5.81718,1.38184,-9.63405,0.23786,-0.192197,0.11575,25.932000000000002
1772220274210654076,2026-02-27 14:24:34.210,6.03643,1.14329,-9.06197,0.203528,-0.218016,0.12936,25.933000000000007
1772220274211850046,2026-02-27 14:24:34.211,6.24092,0.736555,-9.22432,0.183788,-0.234139,0.147341,25.93400000000001
1772220274213044626,2026-02-27 14:24:34.213,6.02993,0.81832,-6.8422,0.138743,-0.218104,0.12286,25.936000000000007
1772220274214243994,2026-02-27 14:24:34.214,5.99182,0.428625,-6.19675,0.098097,-0.204734,0.106167,25.937000000000012
1772220274215415435,2026-02-27 14:24:34.215,6.2194,-0.897226,-8.42408,0.104468,-0.220861,0.126886,25.938000000000002
1772220274216526681,2026-02-27 14:24:34.216,6.69693,-1.50113,-9.88412,0.125824,-0.260808,0.155785,25.939000000000007
1772220274217656123,2026-02-27 14:24:34.217,7.3733,-2.41433,-11.8238,0.136443,-0.255331,0.15931,25.940000000000012
1772220274218856485,2026-02-27 14:24:34.218,7.54952,-2.01176,-11.6935,0.121104,-0.280867,0.166397,25.941000000000003
1772220274220059758,2026-02-27 14:24:34.220,7.43278,-1.50543,-9.97475,0.091533,-0.270355,0.150893,25.943000000000012
1772220274221257707,2026-02-27 14:24:34.221,7.49179,-1.42234,-9.81708,0.073753,-0.272661,0.147663,25.944000000000003
1772220274222446695,2026-02-27 14:24:34.222,7.65634,-1.49211,-8.96115,0.064743,-0.273074,0.135005,25.945000000000007
1772220274223595557,2026-02-27 14:24:34.223,7.78708,-1.36546,-8.70151,0.071234,-0.267142,0.124083,25.946000000000012
1772220274224890864,2026-02-27 14:24:34.224,7.8809,-1.13788,-7.80222,0.053045,-0.282426,0.112964,25.947000000000003
1772220274226086481,2026-02-27 14:24:34.226,8.44927,-1.66115,-8.85059,0.062893,-0.276604,0.107409,25.949000000000012
1772220274227287748,2026-02-27 14:24:34.227,9.00387,-2.47367,-12.2098,0.156971,-0.330379,0.153493,25.950000000000003
1772220274228479541,2026-02-27 14:24:34.228,8.92655,-1.40349,-9.46258,0.086097,-0.315899,0.13749,25.951000000000008
1772220274229608291,2026-02-27 14:24:34.229,9.01176,-1.66508,-9.42058,0.10123,-0.329277,0.138052,25.952000000000012
1772220274230739524,2026-02-27 14:24:34.230,8.6293,-1.02866,-8.25369,0.074755,-0.300516,0.122685,25.953000000000003
1772220274231867245,2026-02-27 14:24:34.231,8.49778,-1.07279,-7.95922,0.068537,-0.299117,0.117407,25.954000000000008
1772220274233067232,2026-02-27 14:24:34.233,8.42023,-1.06728,-8.18397,0.063948,-0.294932,0.113968,25.956000000000003
1772220274234247691,2026-02-27 14:24:34.234,8.7766,-1.72593,-10.3828,0.091957,-0.298696,0.119456,25.957000000000008
1772220274235384522,2026-02-27 14:24:34.235,8.5792,-1.23323,-9.68251,0.043131,-0.282153,0.086916,25.958000000000013
1772220274236565334,2026-02-27 14:24:34.236,8.9038,-1.99118,-11.4517,0.055048,-0.307129,0.096857,25.959000000000003
1772220274237695285,2026-02-27 14:24:34.237,8.78112,-2.05567,-13.2414,0.054335,-0.29858,0.108791,25.960000000000008
1772220274238868561,2026-02-27 14:24:34.238,8.6871,-2.23243,-13.3456,0.052439,-0.289292,0.102745,25.961000000000013
1772220274240064319,2026-02-27 14:24:34.240,8.58589,-2.29446,-13.644,0.052554,-0.304923,0.11352,25.963000000000008
1772220274241262406,2026-02-27 14:24:34.241,8.26661,-1.99146,-11.8151,0.037144,-0.289266,0.103426,25.964
1772220274242434542,2026-02-27 14:24:34.242,7.45607,-1.28744,-8.2651,0.018449,-0.255728,0.081202,25.965000000000003
1772220274243549241,2026-02-27 14:24:34.243,7.10916,-0.976387,-7.32554,0.020199,-0.232746,0.067897,25.966000000000008
1772220274244674092,2026-02-27 14:24:34.244,7.30959,-1.33952,-8.19493,0.039596,-0.232728,0.068579,25.967
1772220274245845936,2026-02-27 14:24:34.245,7.96992,-2.14401,-11.1611,0.071392,-0.25583,0.073546,25.968000000000004
1772220274247041740,2026-02-27 14:24:34.247,8.16232,-1.86735,-12.0044,0.073756,-0.288195,0.087113,25.97
1772220274248239303,2026-02-27 14:24:34.248,8.3023,-1.66883,-11.3483,0.070442,-0.298284,0.092711,25.971000000000004
1772220274249410432,2026-02-27 14:24:34.249,8.33166,-1.50373,-10.7717,0.062746,-0.308249,0.10377,25.97200000000001
1772220274250527140,2026-02-27 14:24:34.250,7.62804,-1.03197,-8.08757,0.03789,-0.258669,0.089909,25.973
1772220274251654753,2026-02-27 14:24:34.251,7.4187,-1.01344,-7.78872,0.034362,-0.24728,0.080988,25.974000000000004
1772220274252827141,2026-02-27 14:24:34.252,7.26103,-0.934346,-7.73329,0.033542,-0.240244,0.072059,25.97500000000001
1772220274254020612,2026-02-27 14:24:34.254,7.43581,-1.17455,-8.88112,0.052127,-0.234215,0.071708,25.977000000000004
1772220274255213139,2026-02-27 14:24:34.255,7.53311,-1.16386,-10.2256,0.053633,-0.241476,0.078105,25.97800000000001
1772220274256395024,2026-02-27 14:24:34.256,7.52819,-1.14515,-9.85177,0.057303,-0.25212,0.080056,25.979
1772220274257531906,2026-02-27 14:24:34.257,7.11475,-0.82947,-7.4234,0.031933,-0.251279,0.083181,25.980000000000004
1772220274258658985,2026-02-27 14:24:34.258,6.97126,-1.08667,-7.45198,0.043625,-0.23409,0.08523,25.98100000000001
1772220274259855633,2026-02-27 14:24:34.259,6.84915,-1.22014,-7.87931,0.04406,-0.228955,0.088128,25.982
1772220274261049095,2026-02-27 14:24:34.261,7.03785,-1.71111,-9.59833,0.065096,-0.215172,0.08832,25.98400000000001
1772220274262244730,2026-02-27 14:24:34.262,7.00189,-1.6771,-10.2751,0.06277,-0.23216,0.091395,25.985
1772220274263415391,2026-02-27 14:24:34.263,6.83179,-1.30157,-8.25774,0.060498,-0.224403,0.075132,25.986000000000004
1772220274264537061,2026-02-27 14:24:34.264,6.66735,-1.38626,-8.62907,0.06832,-0.223707,0.078972,25.98700000000001
1772220274265664420,2026-02-27 14:24:34.265,6.32872,-1.10289,-8.3312,0.059845,-0.20389,0.079224,25.988
1772220274266840629,2026-02-27 14:24:34.266,6.18289,-0.939021,-8.01904,0.064453,-0.190649,0.0784,25.989000000000004
1772220274268012173,2026-02-27 14:24:34.268,6.07694,-0.890151,-8.12432,0.071831,-0.181938,0.076104,25.991
1772220274269228710,2026-02-27 14:24:34.269,5.92418,-0.817782,-8.10177,0.074063,-0.181547,0.07543,25.992000000000004
1772220274270407979,2026-02-27 14:24:34.270,5.83907,-0.708476,-8.02811,0.075399,-0.177348,0.073408,25.99300000000001
1772220274271542363,2026-02-27 14:24:34.271,5.72677,-0.438743,-8.8052,0.088516,-0.175971,0.083698,25.994
1772220274272667862,2026-02-27 14:24:34.272,5.59615,-0.280536,-8.34156,0.089803,-0.175826,0.084139,25.995000000000005
1772220274273862278,2026-02-27 14:24:34.273,5.47011,-0.109909,-7.59483,0.094601,-0.165474,0.079108,25.99600000000001
1772220274275055610,2026-02-27 14:24:34.275,5.21427,-0.027499,-6.96888,0.092741,-0.156419,0.073062,25.998000000000005
1772220274276250159,2026-02-27 14:24:34.276,4.98,0.09883,-6.47506,0.091762,-0.150524,0.07172,25.99900000000001
1772220274277430028,2026-02-27 14:24:34.277,4.8196,0.270098,-5.94062,0.094436,-0.147889,0.070721,26.0
1772220274278576603,2026-02-27 14:24:34.278,4.29527,0.507926,-4.81486,0.095211,-0.14906,0.065183,26.001000000000005
1772220274279704190,2026-02-27 14:24:34.279,3.75419,0.601562,-4.38293,0.092407,-0.189111,0.058418,26.00200000000001
1772220274280873266,2026-02-27 14:24:34.280,3.27149,0.784393,-4.77301,0.089452,-0.242378,0.052478,26.003
1772220274282066512,2026-02-27 14:24:34.282,3.45802,0.831044,-4.84628,0.081036,-0.248022,0.04479,26.00500000000001
1772220274283259771,2026-02-27 14:24:34.283,3.78722,0.624564,-5.80629,0.086378,-0.258444,0.04615,26.006
1772220274284391682,2026-02-27 14:24:34.284,4.21255,0.418833,-6.48752,0.117696,-0.22984,0.051414,26.007000000000005
1772220274285543223,2026-02-27 14:24:34.285,3.76427,0.616439,-5.18197,0.119439,-0.190408,0.05109,26.00800000000001
1772220274286670685,2026-02-27 14:24:34.286,3.62586,0.756659,-4.78435,0.115814,-0.176078,0.049253,26.009
1772220274287843355,2026-02-27 14:24:34.287,3.38946,0.876037,-5.55537,0.111567,-0.171634,0.054212,26.010000000000005
1772220274289037899,2026-02-27 14:24:34.289,3.18892,0.820478,-5.20418,0.121112,-0.168868,0.047173,26.012
1772220274290218603,2026-02-27 14:24:34.290,3.01407,0.971164,-4.86782,0.123128,-0.189722,0.047681,26.013000000000005
1772220274291413238,2026-02-27 14:24:34.291,3.09212,0.834087,-4.65099,0.125249,-0.154527,0.037587,26.01400000000001
1772220274292530257,2026-02-27 14:24:34.292,2.84573,0.70223,-4.71785,0.136722,-0.189734,0.040522,26.015
1772220274293655263,2026-02-27 14:24:34.293,3.04008,0.612111,-4.99943,0.116641,-0.131573,0.031654,26.016000000000005
1772220274294825535,2026-02-27 14:24:34.294,2.60643,0.497736,-5.23503,0.123177,-0.191709,0.04022,26.01700000000001
1772220274296020319,2026-02-27 14:24:34.296,2.73646,0.777635,-3.36383,0.09032,-0.192101,0.032959,26.019000000000005
1772220274297214789,2026-02-27 14:24:34.297,2.9266,0.947682,-2.1995,0.070266,-0.184155,0.032192,26.02000000000001
1772220274298415319,2026-02-27 14:24:34.298,2.85712,0.790016,-1.66008,0.073346,-0.185792,0.033814,26.021
1772220274299530178,2026-02-27 14:24:34.299,2.93712,0.754985,-2.04695,0.053123,-0.160461,0.036791,26.022000000000006
1772220274300657907,2026-02-27 14:24:34.300,3.46294,0.389928,-3.07752,0.079964,-0.1507,0.051519,26.02300000000001
1772220274301827011,2026-02-27 14:24:34.301,3.74073,0.316977,-3.87266,0.089011,-0.151246,0.0624,26.024
1772220274303020506,2026-02-27 14:24:34.303,3.9921,0.306328,-4.15133,0.104022,-0.150393,0.075641,26.02600000000001
1772220274304215466,2026-02-27 14:24:34.304,4.18757,0.28531,-4.86771,0.113633,-0.142026,0.090151,26.027
1772220274305411030,2026-02-27 14:24:34.305,4.20784,0.299572,-5.41693,0.115756,-0.144618,0.102743,26.028000000000006
1772220274306541347,2026-02-27 14:24:34.306,4.14727,0.305741,-4.97932,0.116064,-0.147881,0.104145,26.02900000000001
1772220274307668564,2026-02-27 14:24:34.307,4.16318,0.330279,-4.49866,0.119771,-0.140463,0.093275,26.03
1772220274308834821,2026-02-27 14:24:34.308,4.16996,0.272972,-4.38553,0.124019,-0.139211,0.088673,26.031000000000006
1772220274310030878,2026-02-27 14:24:34.310,4.24493,0.36901,-4.34425,0.12121,-0.14394,0.088504,26.033
1772220274311225712,2026-02-27 14:24:34.311,4.36898,0.449809,-4.09896,0.121327,-0.14705,0.088662,26.034000000000006
1772220274312421207,2026-02-27 14:24:34.312,4.39848,0.496879,-3.99111,0.11589,-0.146281,0.087537,26.03500000000001
1772220274313550782,2026-02-27 14:24:34.313,4.4838,0.400802,-3.27894,0.12169,-0.151355,0.081831,26.036
1772220274314677518,2026-02-27 14:24:34.314,4.64027,0.279914,-4.91184,0.151471,-0.158101,0.093675,26.037000000000006
1772220274315846413,2026-02-27 14:24:34.315,4.56766,0.08971,-6.73327,0.172428,-0.163605,0.095693,26.03800000000001
1772220274317039956,2026-02-27 14:24:34.317,4.51588,-0.071898,-8.35206,0.190366,-0.144408,0.085859,26.040000000000006
1772220274318234280,2026-02-27 14:24:34.318,4.25024,-0.061694,-9.41119,0.218922,-0.145644,0.073875,26.04100000000001
1772220274319429868,2026-02-27 14:24:34.319,3.76472,0.236839,-9.47483,0.217424,-0.155992,0.062869,26.042
1772220274320552469,2026-02-27 14:24:34.320,3.37321,0.546166,-8.96637,0.184625,-0.178277,0.05614,26.043000000000006
1772220274321681220,2026-02-27 14:24:34.321,3.07321,0.439226,-10.0156,0.184938,-0.175949,0.053723,26.04400000000001
1772220274322850111,2026-02-27 14:24:34.322,3.01031,0.387489,-10.3013,0.185111,-0.171703,0.053727,26.045
1772220274324048105,2026-02-27 14:24:34.324,3.01028,0.311121,-10.1769,0.187872,-0.176917,0.050259,26.04700000000001
1772220274325245330,2026-02-27 14:24:34.325,3.09553,0.33387,-10.0738,0.186207,-0.181304,0.050097,26.048000000000002
1772220274326441113,2026-02-27 14:24:34.326,3.11806,0.365738,-10.265,0.186381,-0.188304,0.051172,26.049000000000007
1772220274327563799,2026-02-27 14:24:34.327,3.1068,0.516293,-10.4393,0.18862,-0.194543,0.0528,26.05000000000001
1772220274328694551,2026-02-27 14:24:34.328,3.19811,0.727511,-9.77509,0.200712,-0.206438,0.048321,26.051000000000002
1772220274329860454,2026-02-27 14:24:34.329,3.22208,0.868096,-9.40188,0.204042,-0.210562,0.04744,26.052000000000007
1772220274331054546,2026-02-27 14:24:34.331,3.35119,0.995927,-9.57174,0.211551,-0.21225,0.049234,26.054000000000002
1772220274332248144,2026-02-27 14:24:34.332,3.39413,1.17597,-9.79728,0.217628,-0.214521,0.052976,26.055000000000007
1772220274333441112,2026-02-27 14:24:34.333,3.47216,1.31768,-10.1665,0.223147,-0.21573,0.056997,26.05600000000001
1772220274334567205,2026-02-27 14:24:34.334,3.46671,1.44258,-10.1464,0.223664,-0.219153,0.056928,26.057000000000002
1772220274335808218,2026-02-27 14:24:34.335,3.54445,1.55567,-10.1641,0.231023,-0.224733,0.05696,26.058000000000007
1772220274337003126,2026-02-27 14:24:34.337,3.68613,1.59382,-10.2698,0.238269,-0.227234,0.058312,26.060000000000002
1772220274338198835,2026-02-27 14:24:34.338,3.72715,1.69547,-11.3562,0.24491,-0.229129,0.06603,26.061000000000007
1772220274339393765,2026-02-27 14:24:34.339,3.83712,1.73177,-10.9251,0.244782,-0.231463,0.062625,26.062000000000012
1772220274340682909,2026-02-27 14:24:34.340,3.75168,1.70024,-11.0031,0.243782,-0.232391,0.061753,26.063000000000002
1772220274341899153,2026-02-27 14:24:34.341,3.80365,1.70824,-10.546,0.247269,-0.237528,0.05743,26.064000000000007
1772220274343098308,2026-02-27 14:24:34.343,3.769,1.647,-10.7734,0.244804,-0.238042,0.057674,26.066000000000003
1772220274344298158,2026-02-27 14:24:34.344,3.85682,1.60336,-10.8597,0.248479,-0.242681,0.058767,26.067000000000007
1772220274345631442,2026-02-27 14:24:34.345,3.91861,1.55351,-10.9604,0.247231,-0.244505,0.05865,26.068000000000012
1772220274346807999,2026-02-27 14:24:34.346,4.00067,1.51078,-10.4363,0.24427,-0.250345,0.053127,26.069000000000003
1772220274348003322,2026-02-27 14:24:34.348,4.07842,1.43988,-10.5352,0.246458,-0.255296,0.052896,26.071000000000012
1772220274349199250,2026-02-27 14:24:34.349,4.22213,1.39874,-11.246,0.243901,-0.259108,0.059024,26.072000000000003
1772220274350399428,2026-02-27 14:24:34.350,4.22521,1.37122,-11.8126,0.239035,-0.262412,0.061206,26.073000000000008
1772220274351627810,2026-02-27 14:24:34.351,4.29694,1.25436,-11.8061,0.241525,-0.267413,0.063581,26.074000000000012
1772220274352806801,2026-02-27 14:24:34.352,4.38533,1.116,-12.0987,0.23898,-0.275267,0.064639,26.075000000000003
1772220274354003649,2026-02-27 14:24:34.354,4.43551,1.06252,-12.9609,0.233892,-0.278135,0.071732,26.077000000000012
1772220274355200211,2026-02-27 14:24:34.355,4.47754,0.977647,-13.3434,0.235207,-0.280863,0.074295,26.078000000000003
1772220274356396502,2026-02-27 14:24:34.356,4.50947,0.962748,-13.4488,0.228996,-0.28381,0.071348,26.079000000000008
1772220274357564529,2026-02-27 14:24:34.357,4.6052,0.859674,-13.0291,0.232719,-0.286948,0.069885,26.080000000000013
1772220274358696522,2026-02-27 14:24:34.358,4.60801,0.730405,-13.0368,0.229894,-0.290936,0.067673,26.081000000000003
1772220274359870857,2026-02-27 14:24:34.359,4.5612,0.643558,-13.2606,0.226268,-0.291947,0.067254,26.082000000000008
1772220274361067745,2026-02-27 14:24:34.361,4.61425,0.614823,-13.412,0.228695,-0.292809,0.068897,26.084000000000003
1772220274362264084,2026-02-27 14:24:34.362,4.57798,0.517591,-13.4745,0.227358,-0.291892,0.065798,26.085000000000008
1772220274363476626,2026-02-27 14:24:34.363,4.58645,0.425313,-12.9181,0.227573,-0.291809,0.058577,26.086000000000013
1772220274364696428,2026-02-27 14:24:34.364,4.55141,0.396896,-13.5722,0.228803,-0.290199,0.062067,26.087000000000003
1772220274365910382,2026-02-27 14:24:34.365,4.45675,0.299545,-14.7407,0.23037,-0.28456,0.066285,26.088000000000008
1772220274367108514,2026-02-27 14:24:34.367,4.40735,0.290909,-15.1101,0.231489,-0.280742,0.066712,26.090000000000003
1772220274368247766,2026-02-27 14:24:34.368,4.28013,0.243041,-15.3681,0.233886,-0.276284,0.065532,26.091000000000008
1772220274369483429,2026-02-27 14:24:34.369,4.27575,0.22228,-15.706,0.235671,-0.271302,0.064445,26.092
1772220274370617146,2026-02-27 14:24:34.370,4.1759,0.225436,-16.0,0.239437,-0.267186,0.06265,26.093000000000004
1772220274371784490,2026-02-27 14:24:34.371,4.05395,0.073893,-17.3545,0.242839,-0.258585,0.067386,26.09400000000001
1772220274372983401,2026-02-27 14:24:34.372,3.98819,0.024671,-17.6926,0.244655,-0.254931,0.066126,26.095
1772220274374180975,2026-02-27 14:24:34.374,3.88637,0.089852,-17.5542,0.248329,-0.248842,0.060515,26.09700000000001
1772220274375378841,2026-02-27 14:24:34.375,3.84508,0.024213,-17.5517,0.250154,-0.245058,0.057068,26.098
1772220274376569982,2026-02-27 14:24:34.376,3.78101,-0.04424,-17.9475,0.252492,-0.240304,0.055332,26.099000000000004
1772220274377703160,2026-02-27 14:24:34.377,3.61649,-0.060374,-18.5238,0.257963,-0.230771,0.053149,26.10000000000001
1772220274378874365,2026-02-27 14:24:34.378,3.55829,-0.120011,-18.1204,0.259621,-0.226334,0.044369,26.101
1772220274380073992,2026-02-27 14:24:34.380,3.44421,-0.158893,-18.3753,0.262755,-0.221978,0.042778,26.10300000000001
1772220274381271005,2026-02-27 14:24:34.381,3.34199,-0.254168,-18.8618,0.262872,-0.217297,0.042235,26.104
1772220274382476441,2026-02-27 14:24:34.382,3.29496,-0.314385,-19.6837,0.260603,-0.21169,0.046343,26.105000000000004
1772220274383606116,2026-02-27 14:24:34.383,3.25968,-0.379253,-20.473,0.264506,-0.207702,0.048905,26.10600000000001
1772220274384764096,2026-02-27 14:24:34.384,3.06739,-0.5121,-21.2075,0.2649,-0.198182,0.045626,26.107
1772220274385962649,2026-02-27 14:24:34.385,2.91678,-0.614415,-21.5497,0.260386,-0.192666,0.044436,26.108000000000004
1772220274387159903,2026-02-27 14:24:34.387,2.92534,-0.722834,-22.1525,0.263117,-0.188482,0.046598,26.11
1772220274388362306,2026-02-27 14:24:34.388,2.83043,-0.787293,-23.2252,0.26394,-0.182587,0.051721,26.111000000000004
1772220274389564258,2026-02-27 14:24:34.389,2.78656,-0.920213,-23.1932,0.261758,-0.177825,0.046662,26.11200000000001
1772220274390706001,2026-02-27 14:24:34.390,2.64713,-1.0285,-23.3915,0.257933,-0.173593,0.042157,26.113
1772220274391868918,2026-02-27 14:24:34.391,2.48904,-1.21923,-23.5381,0.258761,-0.162975,0.036368,26.114000000000004
1772220274393066747,2026-02-27 14:24:34.393,2.36319,-1.2842,-23.9825,0.256467,-0.158395,0.035402,26.116
1772220274394263402,2026-02-27 14:24:34.394,2.2743,-1.33818,-24.3807,0.251402,-0.153801,0.033533,26.117000000000004
1772220274395474392,2026-02-27 14:24:34.395,2.23055,-1.43545,-24.6589,0.250336,-0.149159,0.032406,26.11800000000001
1772220274396603851,2026-02-27 14:24:34.396,2.0996,-1.53189,-23.6858,0.250406,-0.148508,0.023344,26.119
1772220274397743292,2026-02-27 14:24:34.397,2.04418,-1.58484,-24.1473,0.246909,-0.145144,0.028309,26.120000000000005
1772220274398874856,2026-02-27 14:24:34.398,1.98104,-1.85952,-25.5953,0.248312,-0.133649,0.028749,26.12100000000001
1772220274400072234,2026-02-27 14:24:34.400,1.95381,-1.97984,-26.2873,0.248974,-0.129924,0.028702,26.123000000000005
1772220274401268358,2026-02-27 14:24:34.401,1.83002,-2.06698,-26.717,0.253387,-0.122711,0.02591,26.12400000000001
1772220274402485067,2026-02-27 14:24:34.402,1.69744,-2.12597,-26.8928,0.245001,-0.120431,0.023938,26.125
1772220274403621642,2026-02-27 14:24:34.403,1.64805,-2.17159,-27.0936,0.245912,-0.114771,0.023551,26.126000000000005
1772220274404753289,2026-02-27 14:24:34.404,1.61043,-2.23411,-28.2141,0.246804,-0.110051,0.029917,26.12700000000001
1772220274405908109,2026-02-27 14:24:34.405,1.37556,-2.4112,-28.6911,0.244589,-0.099293,0.027562,26.128
1772220274407106437,2026-02-27 14:24:34.407,1.35668,-2.42483,-28.4145,0.242004,-0.095693,0.022484,26.13000000000001
1772220274408303575,2026-02-27 14:24:34.408,1.2346,-2.47684,-28.4333,0.241205,-0.091606,0.018805,26.131
1772220274409510033,2026-02-27 14:24:34.409,1.16124,-2.5726,-28.5869,0.238829,-0.087879,0.01711,26.132000000000005
1772220274410641828,2026-02-27 14:24:34.410,1.05911,-2.60099,-28.8253,0.236854,-0.084217,0.015857,26.13300000000001
1772220274411807852,2026-02-27 14:24:34.411,1.03978,-2.64217,-29.0081,0.241066,-0.081935,0.016012,26.134
1772220274412982845,2026-02-27 14:24:34.412,0.935621,-2.67803,-28.3657,0.242895,-0.076398,0.004828,26.135000000000005
1772220274414185716,2026-02-27 14:24:34.414,0.869313,-2.67082,-28.8924,0.243704,-0.075662,0.007362,26.137
1772220274415383519,2026-02-27 14:24:34.415,0.876052,-2.6759,-29.2816,0.244227,-0.073374,0.010962,26.138000000000005
1772220274416567322,2026-02-27 14:24:34.416,0.887182,-2.66523,-29.8889,0.244842,-0.071834,0.013607,26.13900000000001
1772220274417703380,2026-02-27 14:24:34.417,0.869034,-2.63793,-30.1322,0.24854,-0.071155,0.013565,26.14
1772220274418892434,2026-02-27 14:24:34.418,0.782362,-2.66117,-30.6477,0.25569,-0.065134,0.011669,26.141000000000005
1772220274420085917,2026-02-27 14:24:34.420,0.715761,-2.57658,-30.9473,0.25778,-0.061655,0.010725,26.143
1772220274421282306,2026-02-27 14:24:34.421,0.74367,-2.52644,-32.1989,0.268263,-0.056906,0.019166,26.144000000000005
1772220274422494294,2026-02-27 14:24:34.422,0.679543,-2.47384,-31.9077,0.269283,-0.057197,0.014932,26.14500000000001
1772220274423629105,2026-02-27 14:24:34.423,0.679328,-2.41042,-32.0609,0.278163,-0.05464,0.013963,26.146
1772220274424778013,2026-02-27 14:24:34.424,0.555866,-2.34713,-31.7811,0.287967,-0.049934,0.008804,26.147000000000006
1772220274425950631,2026-02-27 14:24:34.425,0.483643,-2.3076,-32.0157,0.291048,-0.047676,0.007273,26.14800000000001
1772220274427122603,2026-02-27 14:24:34.427,0.418576,-2.24059,-32.1981,0.302434,-0.043941,0.007642,26.150000000000006
1772220274428294288,2026-02-27 14:24:34.428,0.387479,-2.17909,-32.5115,0.308977,-0.038963,0.006088,26.15100000000001
1772220274429477070,2026-02-27 14:24:34.429,0.369577,-2.12766,-31.7336,0.314445,-0.036527,-0.003619,26.152
1772220274430609162,2026-02-27 14:24:34.430,0.223615,-2.11476,-32.123,0.319468,-0.031314,-0.003289,26.153000000000006
1772220274431756374,2026-02-27 14:24:34.431,0.100111,-2.08276,-32.2828,0.325676,-0.026107,-0.003664,26.15400000000001
1772220274432928185,2026-02-27 14:24:34.432,0.014387,-1.8763,-33.7376,0.346847,-0.01442,0.001945,26.155
1772220274434062744,2026-02-27 14:24:34.434,-0.134966,-1.86521,-33.9555,0.353204,-0.007329,0.001089,26.15700000000001
1772220274435233780,2026-02-27 14:24:34.435,-0.208166,-1.84768,-34.0844,0.357795,-0.001511,-0.000844,26.158
1772220274436406094,2026-02-27 14:24:34.436,-0.341615,-1.76342,-34.2819,0.364036,0.005968,-0.001666,26.159000000000006
1772220274437562494,2026-02-27 14:24:34.437,-0.499177,-1.69377,-35.0221,0.370303,0.012717,0.00257,26.16000000000001
1772220274438694202,2026-02-27 14:24:34.438,-0.599124,-1.6583,-35.6253,0.376471,0.018974,0.004699,26.161
1772220274439841954,2026-02-27 14:24:34.439,-0.880094,-1.45343,-35.464,0.392945,0.034855,-0.004017,26.162000000000006
1772220274441017433,2026-02-27 14:24:34.441,-1.02145,-1.4185,-35.4529,0.402498,0.043911,-0.008545,26.164
1772220274442210732,2026-02-27 14:24:34.442,-1.20662,-1.30853,-35.5482,0.413129,0.053776,-0.012415,26.165000000000006
1772220274443407428,2026-02-27 14:24:34.443,-1.36442,-1.26371,-35.8252,0.41939,0.063872,-0.013541,26.16600000000001
1772220274444560349,2026-02-27 14:24:34.444,-1.51206,-1.14062,-36.0534,0.427201,0.07301,-0.015838,26.167
1772220274445687377,2026-02-27 14:24:34.445,-1.71613,-1.12181,-36.1924,0.434575,0.084499,-0.019436,26.168000000000006
1772220274446959242,2026-02-27 14:24:34.446,-1.98057,-0.983295,-36.0274,0.45259,0.104714,-0.028441,26.16900000000001
1772220274448142431,2026-02-27 14:24:34.448,-2.1958,-0.956221,-36.2783,0.458664,0.115583,-0.030613,26.171000000000006
1772220274449341970,2026-02-27 14:24:34.449,-2.33968,-0.849764,-36.9668,0.467198,0.12529,-0.027829,26.17200000000001
1772220274450563429,2026-02-27 14:24:34.450,-2.50889,-0.797736,-37.4525,0.473775,0.135693,-0.028203,26.173000000000002
1772220274451691747,2026-02-27 14:24:34.451,-2.65615,-0.778164,-37.6996,0.482504,0.147132,-0.030582,26.174000000000007
1772220274452889475,2026-02-27 14:24:34.452,-2.82399,-0.727477,-37.853,0.485892,0.1568,-0.032112,26.17500000000001
1772220274454058298,2026-02-27 14:24:34.454,-3.19935,-0.664865,-39.3105,0.497897,0.177529,-0.027172,26.177000000000007
1772220274455248453,2026-02-27 14:24:34.455,-3.35375,-0.725353,-39.2419,0.501267,0.188423,-0.031444,26.17800000000001
1772220274456443921,2026-02-27 14:24:34.456,-3.50853,-0.753115,-39.5472,0.508363,0.201046,-0.034356,26.179000000000002
1772220274457560805,2026-02-27 14:24:34.457,-3.74412,-0.806161,-39.4787,0.518583,0.215602,-0.044682,26.180000000000007
1772220274458690163,2026-02-27 14:24:34.458,-3.92305,-0.803275,-39.5068,0.521705,0.227179,-0.049828,26.18100000000001
1772220274459867371,2026-02-27 14:24:34.459,-4.12379,-0.772578,-39.7115,0.52364,0.240555,-0.052959,26.182000000000002
1772220274461040796,2026-02-27 14:24:34.461,-4.56215,-0.814685,-40.1203,0.526354,0.262646,-0.056435,26.18400000000001
1772220274462230130,2026-02-27 14:24:34.462,-4.73419,-0.852415,-39.6939,0.53031,0.274593,-0.065616,26.185000000000002
1772220274463425691,2026-02-27 14:24:34.463,-4.95156,-0.860819,-39.5884,0.529732,0.286329,-0.069684,26.186000000000007
1772220274464564525,2026-02-27 14:24:34.464,-5.12297,-0.926109,-40.0444,0.531957,0.297636,-0.071705,26.187000000000012
1772220274465691299,2026-02-27 14:24:34.465,-5.40713,-0.958942,-40.7117,0.53318,0.310453,-0.069745,26.188000000000002
1772220274466869006,2026-02-27 14:24:34.466,-5.49126,-0.97393,-41.1624,0.534872,0.321034,-0.069222,26.189000000000007
1772220274468047899,2026-02-27 14:24:34.468,-5.86813,-1.00087,-41.3962,0.540746,0.341627,-0.074248,26.191000000000003
1772220274469243017,2026-02-27 14:24:34.469,-5.97419,-1.00314,-41.5523,0.54288,0.351373,-0.075231,26.192000000000007
1772220274470437766,2026-02-27 14:24:34.470,-6.16922,-1.03722,-41.8329,0.540752,0.361853,-0.076348,26.193000000000012
1772220274471563756,2026-02-27 14:24:34.471,-6.30258,-1.06413,-42.6964,0.54308,0.368787,-0.068915,26.194000000000003
1772220274472692278,2026-02-27 14:24:34.472,-6.49788,-1.08123,-42.3368,0.541869,0.376875,-0.074528,26.195000000000007
1772220274473869959,2026-02-27 14:24:34.473,-6.60565,-1.09742,-42.2555,0.54234,0.384513,-0.077739,26.196000000000012
1772220274475042524,2026-02-27 14:24:34.475,-6.92553,-0.999166,-41.586,0.538252,0.39661,-0.084448,26.198000000000008
1772220274476221226,2026-02-27 14:24:34.476,-6.99825,-0.939142,-41.1807,0.533054,0.395604,-0.081468,26.199000000000012
1772220274477417268,2026-02-27 14:24:34.477,-7.0217,-0.884644,-40.6256,0.521702,0.389975,-0.076787,26.200000000000003
1772220274478566912,2026-02-27 14:24:34.478,-7.04913,-0.638465,-39.3361,0.502582,0.367918,-0.070016,26.201000000000008
1772220274479695080,2026-02-27 14:24:34.479,-6.70581,-0.546486,-36.6624,0.477029,0.343874,-0.065446,26.202000000000012
1772220274480896466,2026-02-27 14:24:34.480,-6.37375,-0.758814,-37.2039,0.49059,0.345989,-0.064943,26.203000000000003
1772220274482068369,2026-02-27 14:24:34.482,-5.3986,0.258019,-31.9808,0.400325,0.225197,-0.021139,26.205000000000013
1772220274483245509,2026-02-27 14:24:34.483,-4.66934,-0.511385,-35.3154,0.466336,0.290137,-0.042839,26.206000000000003
1772220274484385500,2026-02-27 14:24:34.484,-5.00979,-2.2382,-44.8327,0.649872,0.443753,-0.110939,26.207000000000008
1772220274485561484,2026-02-27 14:24:34.485,-6.59229,-0.928005,-44.1769,0.636377,0.417901,-0.133844,26.208000000000013
1772220274486711190,2026-02-27 14:24:34.486,-6.70164,-0.777672,-41.1924,0.609936,0.444458,-0.111005,26.209000000000003
1772220274487887481,2026-02-27 14:24:34.487,-7.21836,-0.803003,-41.6683,0.585662,0.444913,-0.096978,26.210000000000008
1772220274489061042,2026-02-27 14:24:34.489,-7.6158,-0.986875,-41.8303,0.56722,0.468596,-0.089138,26.212000000000003
1772220274490249947,2026-02-27 14:24:34.490,-8.44733,-1.63584,-42.7672,0.574377,0.516299,-0.099283,26.213000000000008
1772220274491448841,2026-02-27 14:24:34.491,-8.68879,-1.71001,-43.0538,0.558769,0.536063,-0.109578,26.214
1772220274492563664,2026-02-27 14:24:34.492,-9.10923,-1.73834,-43.1344,0.545174,0.550589,-0.120793,26.215000000000003
1772220274493692027,2026-02-27 14:24:34.493,-9.28072,-1.75692,-43.2461,0.535859,0.561673,-0.129458,26.216000000000008
1772220274494863199,2026-02-27 14:24:34.494,-9.54717,-1.71303,-43.25,0.530003,0.569216,-0.132937,26.217
1772220274496049783,2026-02-27 14:24:34.496,-9.74803,-1.71983,-42.9747,0.533965,0.573774,-0.134795,26.21900000000001
1772220274497234191,2026-02-27 14:24:34.497,-9.83005,-1.56214,-42.4039,0.545051,0.577882,-0.131187,26.22
1772220274498430862,2026-02-27 14:24:34.498,-9.92389,-1.47956,-42.3762,0.542882,0.581828,-0.129468,26.221000000000004
1772220274499570003,2026-02-27 14:24:34.499,-10.0074,-1.37131,-42.6917,0.546381,0.587736,-0.127842,26.22200000000001
1772220274500699577,2026-02-27 14:24:34.500,-10.0344,-1.26661,-42.559,0.54876,0.594348,-0.12924,26.223
1772220274501876288,2026-02-27 14:24:34.501,-10.0999,-1.22374,-42.3661,0.554926,0.601211,-0.133532,26.224000000000004
1772220274503048978,2026-02-27 14:24:34.503,-10.1826,-1.08353,-42.0643,0.559443,0.605512,-0.135988,26.226
1772220274504218507,2026-02-27 14:24:34.504,-10.2575,-0.96314,-42.8212,0.562254,0.612999,-0.129088,26.227000000000004
1772220274505415364,2026-02-27 14:24:34.505,-10.3973,-0.940928,-42.3377,0.558764,0.617727,-0.131863,26.22800000000001
1772220274506570288,2026-02-27 14:24:34.506,-10.4741,-0.933841,-42.2569,0.555157,0.6205,-0.132102,26.229
1772220274507701010,2026-02-27 14:24:34.507,-10.4972,-0.894624,-41.6334,0.556548,0.623096,-0.137073,26.230000000000004
1772220274508850818,2026-02-27 14:24:34.508,-10.6065,-0.922873,-41.291,0.553708,0.627714,-0.139956,26.23100000000001
1772220274510046877,2026-02-27 14:24:34.510,-10.6961,-0.928449,-41.188,0.550336,0.63266,-0.140423,26.233000000000004
1772220274511230076,2026-02-27 14:24:34.511,-10.8726,-0.939305,-40.9476,0.547844,0.641062,-0.143364,26.23400000000001
1772220274512426666,2026-02-27 14:24:34.512,-10.9755,-0.926153,-40.0531,0.540941,0.646118,-0.153064,26.235
1772220274513578574,2026-02-27 14:24:34.513,-11.0059,-0.918222,-39.9444,0.54393,0.6522,-0.153865,26.236000000000004
1772220274514709102,2026-02-27 14:24:34.514,-11.1303,-0.886144,-39.9204,0.543354,0.657006,-0.154701,26.23700000000001
1772220274515853530,2026-02-27 14:24:34.515,-11.296,-0.847741,-40.4161,0.54003,0.66458,-0.150984,26.238
1772220274517033167,2026-02-27 14:24:34.517,-11.3384,-0.829033,-40.6912,0.543623,0.669653,-0.149179,26.24000000000001
1772220274518217882,2026-02-27 14:24:34.518,-11.5177,-0.711602,-40.7099,0.54752,0.682932,-0.152557,26.241
1772220274519387091,2026-02-27 14:24:34.519,-11.5137,-0.671857,-40.7162,0.549474,0.687709,-0.154494,26.242000000000004
1772220274520557547,2026-02-27 14:24:34.520,-11.5667,-0.58083,-41.0165,0.551915,0.693204,-0.152048,26.24300000000001
1772220274521687511,2026-02-27 14:24:34.521,-11.6176,-0.587333,-41.7347,0.55554,0.697785,-0.147925,26.244
1772220274522834477,2026-02-27 14:24:34.522,-11.7345,-0.578052,-41.2985,0.549745,0.70182,-0.152921,26.245000000000005
1772220274524014179,2026-02-27 14:24:34.524,-11.7513,-0.542,-41.0362,0.551363,0.70537,-0.155543,26.247
1772220274525185668,2026-02-27 14:24:34.525,-11.9304,-0.502246,-40.4308,0.547688,0.712894,-0.161469,26.248000000000005
1772220274526362035,2026-02-27 14:24:34.526,-11.9904,-0.538312,-40.4091,0.549317,0.715908,-0.161667,26.24900000000001
1772220274527552694,2026-02-27 14:24:34.527,-12.0092,-0.565028,-40.447,0.547173,0.718755,-0.162206,26.25
1772220274528688447,2026-02-27 14:24:34.528,-12.0874,-0.590389,-40.3646,0.543991,0.721472,-0.162665,26.251000000000005
1772220274529883086,2026-02-27 14:24:34.529,-12.1656,-0.65307,-39.1988,0.540207,0.722453,-0.173212,26.25200000000001
1772220274531064814,2026-02-27 14:24:34.531,-12.2304,-0.682425,-39.5318,0.533319,0.724274,-0.169488,26.254000000000005
1772220274532237020,2026-02-27 14:24:34.532,-12.2255,-0.803569,-39.9515,0.522959,0.726895,-0.164919,26.25500000000001
1772220274533415156,2026-02-27 14:24:34.533,-12.1878,-0.858787,-40.1052,0.520641,0.727389,-0.163189,26.256
1772220274534568462,2026-02-27 14:24:34.534,-12.2341,-0.915284,-39.9046,0.513719,0.727037,-0.163223,26.257000000000005
1772220274535701217,2026-02-27 14:24:34.535,-12.2229,-0.987878,-39.8458,0.50837,0.726407,-0.163125,26.25800000000001
1772220274536863377,2026-02-27 14:24:34.536,-12.1913,-1.08772,-39.7468,0.499945,0.724708,-0.163081,26.259
1772220274538043125,2026-02-27 14:24:34.538,-12.0844,-1.11054,-40.4357,0.500354,0.723603,-0.153897,26.26100000000001
1772220274539216557,2026-02-27 14:24:34.539,-12.0576,-1.26976,-40.1104,0.484399,0.718188,-0.154714,26.262
1772220274540393750,2026-02-27 14:24:34.540,-12.0302,-1.34923,-39.3133,0.471718,0.713119,-0.159009,26.263000000000005
1772220274541541462,2026-02-27 14:24:34.541,-11.893,-1.375,-38.7945,0.469551,0.708425,-0.160286,26.26400000000001
1772220274542672397,2026-02-27 14:24:34.542,-11.8516,-1.41159,-38.5554,0.460936,0.704824,-0.159897,26.265
1772220274543826910,2026-02-27 14:24:34.543,-11.7704,-1.48375,-38.4025,0.453071,0.698757,-0.158691,26.266000000000005
1772220274545005004,2026-02-27 14:24:34.545,-11.6682,-1.55273,-38.1468,0.447874,0.69322,-0.157391,26.268
1772220274546199262,2026-02-27 14:24:34.546,-11.558,-1.62389,-36.6603,0.429323,0.681301,-0.164573,26.269000000000005
1772220274547377676,2026-02-27 14:24:34.547,-11.3824,-1.66718,-36.7886,0.426584,0.675834,-0.160258,26.27000000000001
1772220274548544598,2026-02-27 14:24:34.548,-11.2861,-1.67916,-36.8648,0.419063,0.669397,-0.155083,26.271
1772220274549680062,2026-02-27 14:24:34.549,-11.1887,-1.74055,-37.0829,0.41183,0.662498,-0.150001,26.272000000000006
1772220274550846859,2026-02-27 14:24:34.550,-11.1031,-1.78193,-36.8061,0.401285,0.655932,-0.149188,26.27300000000001
1772220274552044900,2026-02-27 14:24:34.552,-10.9707,-1.83398,-36.6906,0.396879,0.649816,-0.148161,26.275000000000006
1772220274553221544,2026-02-27 14:24:34.553,-10.7607,-1.87341,-36.1685,0.383581,0.6376,-0.144266,26.27600000000001
1772220274554399656,2026-02-27 14:24:34.554,-10.6482,-1.95729,-37.0664,0.374751,0.631082,-0.134919,26.277
1772220274555651801,2026-02-27 14:24:34.555,-10.4789,-2.06527,-36.3963,0.369175,0.623601,-0.137701,26.278000000000006
1772220274556808078,2026-02-27 14:24:34.556,-10.4784,-2.108,-36.243,0.358805,0.618239,-0.136923,26.27900000000001
1772220274557988687,2026-02-27 14:24:34.557,-10.314,-2.09858,-35.5956,0.3563,0.612243,-0.13918,26.28
1772220274559168968,2026-02-27 14:24:34.559,-10.2253,-2.16049,-35.163,0.349892,0.60644,-0.140142,26.28200000000001
1772220274560319376,2026-02-27 14:24:34.560,-10.0868,-2.26046,-34.8752,0.338986,0.596335,-0.137845,26.283
1772220274561511175,2026-02-27 14:24:34.561,-9.96616,-2.30876,-34.8012,0.334914,0.592418,-0.136644,26.284000000000006
1772220274562691669,2026-02-27 14:24:34.562,-9.92129,-2.40223,-33.7431,0.327154,0.588361,-0.146278,26.28500000000001
1772220274563861516,2026-02-27 14:24:34.563,-9.93495,-2.38701,-33.8079,0.323914,0.584368,-0.142889,26.286
1772220274565038201,2026-02-27 14:24:34.565,-9.86995,-2.45483,-33.6876,0.319002,0.581607,-0.142744,26.28800000000001
1772220274566210768,2026-02-27 14:24:34.566,-9.77831,-2.51421,-34.479,0.313269,0.577672,-0.133929,26.289
1772220274567382737,2026-02-27 14:24:34.567,-9.75913,-2.55572,-34.4363,0.310092,0.575438,-0.134399,26.290000000000006
1772220274568496753,2026-02-27 14:24:34.568,-9.78279,-2.59304,-34.4355,0.308183,0.57618,-0.13467,26.29100000000001
1772220274569651474,2026-02-27 14:24:34.569,-9.8187,-2.61984,-34.4132,0.304054,0.574592,-0.135356,26.292
1772220274570798802,2026-02-27 14:24:34.570,-9.8881,-2.63054,-34.9593,0.300808,0.577747,-0.129971,26.293000000000006
1772220274571966517,2026-02-27 14:24:34.571,-9.88499,-2.63288,-35.4456,0.30361,0.579821,-0.127011,26.29400000000001
1772220274573104525,2026-02-27 14:24:34.573,-9.94022,-2.63967,-35.2631,0.303242,0.582688,-0.130137,26.296000000000006
1772220274574290944,2026-02-27 14:24:34.574,-10.2196,-2.66309,-34.7379,0.301629,0.593472,-0.139508,26.29700000000001
1772220274575497690,2026-02-27 14:24:34.575,-10.2633,-2.66374,-34.6969,0.305206,0.599244,-0.142462,26.298000000000002
1772220274576625748,2026-02-27 14:24:34.576,-10.4082,-2.70518,-34.8284,0.303444,0.605669,-0.14453,26.299000000000007
1772220274577772315,2026-02-27 14:24:34.577,-10.458,-2.718,-34.8861,0.309146,0.611613,-0.144723,26.30000000000001
1772220274578942067,2026-02-27 14:24:34.578,-10.5418,-2.64644,-34.8584,0.312206,0.617999,-0.148924,26.301000000000002
1772220274580098741,2026-02-27 14:24:34.580,-10.624,-2.64774,-34.0983,0.316593,0.625072,-0.159152,26.30300000000001
1772220274581295873,2026-02-27 14:24:34.581,-10.8439,-2.63434,-34.8392,0.32245,0.637566,-0.157997,26.304000000000002
1772220274582495204,2026-02-27 14:24:34.582,-10.875,-2.62385,-35.4993,0.325955,0.644517,-0.156446,26.305000000000007
1772220274583626538,2026-02-27 14:24:34.583,-10.9878,-2.58072,-35.8248,0.329304,0.649577,-0.156543,26.30600000000001
1772220274584791853,2026-02-27 14:24:34.584,-11.1436,-2.56815,-35.8783,0.331802,0.657572,-0.157825,26.307000000000002
1772220274585986869,2026-02-27 14:24:34.585,-11.2523,-2.56541,-36.0877,0.334614,0.66503,-0.160066,26.308000000000007
1772220274587185107,2026-02-27 14:24:34.587,-11.4614,-2.50459,-36.1796,0.335419,0.672775,-0.161985,26.310000000000002
1772220274588357926,2026-02-27 14:24:34.588,-11.6241,-2.49078,-37.2638,0.344195,0.686164,-0.1578,26.311000000000007
1772220274589566223,2026-02-27 14:24:34.589,-11.7154,-2.46075,-37.5042,0.350102,0.691345,-0.158245,26.312000000000012
1772220274590698535,2026-02-27 14:24:34.590,-11.8208,-2.39668,-37.158,0.354459,0.698946,-0.164389,26.313000000000002
1772220274591878610,2026-02-27 14:24:34.591,-11.9754,-2.35105,-36.8701,0.359538,0.70552,-0.167954,26.314000000000007
1772220274593076686,2026-02-27 14:24:34.593,-12.0351,-2.27547,-37.0041,0.364864,0.711891,-0.169004,26.316000000000003
1772220274594275462,2026-02-27 14:24:34.594,-12.1292,-2.24592,-37.1789,0.372086,0.718196,-0.170041,26.317000000000007
1772220274595448953,2026-02-27 14:24:34.595,-12.3435,-2.06124,-36.65,0.381431,0.73141,-0.17914,26.318000000000012
1772220274596599413,2026-02-27 14:24:34.596,-12.4554,-1.97273,-36.4452,0.387497,0.737343,-0.182294,26.319000000000003
1772220274597734257,2026-02-27 14:24:34.597,-12.4857,-1.88689,-36.6477,0.395151,0.737127,-0.182178,26.320000000000007
1772220274598863859,2026-02-27 14:24:34.598,-12.5808,-1.79033,-37.2821,0.400431,0.745398,-0.178375,26.321000000000012
1772220274600059159,2026-02-27 14:24:34.600,-12.6659,-1.68161,-37.8163,0.40614,0.752632,-0.174278,26.323000000000008
1772220274601260296,2026-02-27 14:24:34.601,-12.8152,-1.63738,-37.9548,0.41176,0.759595,-0.174873,26.324000000000012
1772220274602433327,2026-02-27 14:24:34.602,-13.0562,-1.47158,-38.0331,0.430182,0.776449,-0.177758,26.325000000000003
1772220274603589010,2026-02-27 14:24:34.603,-13.2116,-1.38863,-38.3272,0.4386,0.783079,-0.176213,26.326000000000008
1772220274604717342,2026-02-27 14:24:34.604,-13.1932,-1.30161,-39.2414,0.445185,0.787827,-0.169778,26.327000000000012
1772220274605847911,2026-02-27 14:24:34.605,-13.3133,-1.29006,-38.847,0.446527,0.792076,-0.174221,26.328000000000003
1772220274606984149,2026-02-27 14:24:34.606,-13.3569,-1.1898,-38.8569,0.455635,0.797669,-0.175321,26.329000000000008
1772220274608104309,2026-02-27 14:24:34.608,-13.4608,-1.1039,-38.517,0.462018,0.802171,-0.17731,26.331000000000003
1772220274609221567,2026-02-27 14:24:34.609,-13.512,-0.933927,-38.317,0.467426,0.807815,-0.179612,26.332000000000008
1772220274610339380,2026-02-27 14:24:34.610,-13.6676,-0.807108,-38.3313,0.481751,0.817571,-0.179948,26.333000000000013
1772220274611470765,2026-02-27 14:24:34.611,-13.6548,-0.635668,-38.0604,0.487883,0.819654,-0.18047,26.334000000000003
1772220274612585716,2026-02-27 14:24:34.612,-13.7645,-0.513424,-37.004,0.491785,0.821343,-0.189526,26.335000000000008
1772220274613699572,2026-02-27 14:24:34.613,-13.8194,-0.435973,-37.3311,0.498882,0.815766,-0.182993,26.336000000000013
1772220274614892663,2026-02-27 14:24:34.614,-13.7615,-0.373882,-37.3128,0.506217,0.818498,-0.182015,26.337000000000003
1772220274616090124,2026-02-27 14:24:34.616,-13.7392,-0.25566,-37.7346,0.506938,0.821641,-0.176461,26.339
1772220274617288629,2026-02-27 14:24:34.617,-13.7679,-0.219645,-38.009,0.50805,0.820955,-0.175047,26.340000000000003
1772220274618479519,2026-02-27 14:24:34.618,-13.6793,-0.043433,-37.7838,0.519502,0.823886,-0.174254,26.341000000000008
1772220274619614310,2026-02-27 14:24:34.619,-13.6815,-0.0105,-37.7171,0.52624,0.824905,-0.174713,26.342
1772220274620790776,2026-02-27 14:24:34.620,-13.6851,0.059451,-38.2946,0.525233,0.826695,-0.167349,26.343000000000004
1772220274621993258,2026-02-27 14:24:34.621,-13.6793,0.121182,-38.4003,0.53019,0.828162,-0.166441,26.34400000000001
1772220274623199373,2026-02-27 14:24:34.623,-13.6814,0.154187,-38.1946,0.529804,0.828597,-0.16675,26.346000000000004
1772220274624373544,2026-02-27 14:24:34.624,-13.7095,0.236165,-37.6632,0.531428,0.827468,-0.17019,26.34700000000001
1772220274625490203,2026-02-27 14:24:34.625,-13.6787,0.322163,-37.031,0.529553,0.823128,-0.170427,26.348
1772220274626622968,2026-02-27 14:24:34.626,-13.6808,0.34431,-36.8594,0.521256,0.81994,-0.169164,26.349000000000004
1772220274627833800,2026-02-27 14:24:34.627,-13.6364,0.357205,-36.7089,0.523011,0.816307,-0.167086,26.35000000000001
1772220274629002026,2026-02-27 14:24:34.629,-13.6019,0.355441,-36.2688,0.522485,0.813703,-0.168972,26.352000000000004
1772220274630202098,2026-02-27 14:24:34.630,-13.6008,0.404847,-35.3142,0.520449,0.810242,-0.175031,26.35300000000001
1772220274631386822,2026-02-27 14:24:34.631,-13.5124,0.394049,-35.4901,0.518115,0.806417,-0.169837,26.354
1772220274632561963,2026-02-27 14:24:34.632,-13.362,0.534971,-35.717,0.519147,0.799803,-0.162801,26.355000000000004
1772220274633693879,2026-02-27 14:24:34.633,-13.3288,0.520572,-35.5452,0.513892,0.796213,-0.161295,26.35600000000001
1772220274634871321,2026-02-27 14:24:34.634,-13.2915,0.569703,-35.4264,0.513958,0.793125,-0.160749,26.357
1772220274636165919,2026-02-27 14:24:34.636,-13.2021,0.671127,-35.1438,0.515461,0.789872,-0.160081,26.35900000000001
1772220274637371646,2026-02-27 14:24:34.637,-13.1953,0.621301,-34.9266,0.508969,0.786635,-0.159439,26.36
1772220274638554750,2026-02-27 14:24:34.638,-12.956,0.693262,-35.274,0.510939,0.780407,-0.152332,26.361000000000004
1772220274639684341,2026-02-27 14:24:34.639,-12.9604,0.682267,-35.0977,0.509561,0.778134,-0.151378,26.36200000000001
1772220274640857215,2026-02-27 14:24:34.640,-12.9632,0.70288,-34.404,0.504323,0.774209,-0.155092,26.363
1772220274642056681,2026-02-27 14:24:34.642,-12.9505,0.728852,-34.02,0.507856,0.772851,-0.157556,26.36500000000001
1772220274643256562,2026-02-27 14:24:34.643,-12.967,0.752637,-33.9373,0.503152,0.774091,-0.158032,26.366
1772220274644426011,2026-02-27 14:24:34.644,-12.9865,0.717794,-33.806,0.501895,0.771702,-0.156463,26.367000000000004
1772220274645586748,2026-02-27 14:24:34.645,-12.9727,0.724884,-33.7579,0.502639,0.772352,-0.157503,26.36800000000001
1772220274646783304,2026-02-27 14:24:34.646,-13.0231,0.678285,-32.845,0.501875,0.774833,-0.166448,26.369
1772220274647981481,2026-02-27 14:24:34.647,-12.9714,0.616245,-32.9325,0.498897,0.774072,-0.165542,26.370000000000005
1772220274649179951,2026-02-27 14:24:34.649,-12.9637,0.580474,-33.328,0.492051,0.774212,-0.161444,26.372
1772220274650378819,2026-02-27 14:24:34.650,-12.9595,0.545925,-33.7323,0.493018,0.774924,-0.158689,26.373000000000005
1772220274651517585,2026-02-27 14:24:34.651,-12.9725,0.470999,-33.8339,0.49279,0.774725,-0.15878,26.37400000000001
1772220274652667784,2026-02-27 14:24:34.652,-13.045,0.34531,-33.6942,0.479833,0.775208,-0.159223,26.375
1772220274653864649,2026-02-27 14:24:34.653,-13.0903,0.337605,-34.0422,0.482864,0.777408,-0.155731,26.376000000000005
1772220274655033895,2026-02-27 14:24:34.655,-13.0363,0.260153,-34.8071,0.477678,0.777147,-0.150991,26.378
1772220274656228666,2026-02-27 14:24:34.656,-13.084,0.167802,-34.3539,0.476777,0.77788,-0.155066,26.379000000000005
1772220274657427716,2026-02-27 14:24:34.657,-13.0625,0.136523,-34.1344,0.473419,0.778121,-0.157612,26.38000000000001
1772220274658554408,2026-02-27 14:24:34.658,-13.1876,0.035027,-33.6865,0.470438,0.781377,-0.164295,26.381
1772220274659696159,2026-02-27 14:24:34.659,-13.1876,0.035027,-33.6865,0.470438,0.781377,-0.164295,26.382000000000005
1772220274660915210,2026-02-27 14:24:34.660,-13.2036,-0.107572,-33.7003,0.460366,0.782319,-0.165878,26.38300000000001
1772220274662086319,2026-02-27 14:24:34.662,-13.2202,-0.131032,-33.7084,0.461501,0.781984,-0.167779,26.385000000000005
1772220274663257026,2026-02-27 14:24:34.663,-13.2069,-0.116837,-32.608,0.463886,0.785138,-0.176995,26.38600000000001
1772220274664427995,2026-02-27 14:24:34.664,-13.2549,-0.206798,-32.9483,0.462471,0.787349,-0.174917,26.387
1772220274665679359,2026-02-27 14:24:34.665,-13.4029,-0.292836,-33.537,0.457988,0.793293,-0.172611,26.388000000000005
1772220274666825925,2026-02-27 14:24:34.666,-13.4531,-0.331836,-33.7113,0.456305,0.795204,-0.171055,26.38900000000001
1772220274667994507,2026-02-27 14:24:34.667,-13.4619,-0.332305,-33.8169,0.457622,0.798695,-0.173482,26.39
1772220274669162624,2026-02-27 14:24:34.669,-13.547,-0.417919,-33.8735,0.457563,0.800336,-0.174392,26.39200000000001
1772220274670331484,2026-02-27 14:24:34.670,-13.514,-0.441412,-33.8636,0.452294,0.802508,-0.176056,26.393
1772220274671511483,2026-02-27 14:24:34.671,-13.5043,-0.510065,-34.7094,0.452891,0.803585,-0.168025,26.394000000000005
1772220274672641490,2026-02-27 14:24:34.672,-13.7453,-0.579316,-34.6893,0.447596,0.809974,-0.171966,26.39500000000001
1772220274673814398,2026-02-27 14:24:34.673,-13.7109,-0.585295,-34.1843,0.454574,0.809633,-0.177112,26.396
1772220274674986223,2026-02-27 14:24:34.674,-13.7734,-0.540081,-33.9038,0.456838,0.813893,-0.179477,26.397000000000006
1772220274676156497,2026-02-27 14:24:34.676,-13.8689,-0.542215,-33.772,0.455773,0.818624,-0.181153,26.399
1772220274677325284,2026-02-27 14:24:34.677,-13.8718,-0.560985,-33.7841,0.458586,0.82103,-0.182213,26.400000000000006
1772220274678538038,2026-02-27 14:24:34.678,-13.9781,-0.540683,-33.3421,0.46003,0.824799,-0.187691,26.40100000000001
1772220274679667752,2026-02-27 14:24:34.679,-14.0072,-0.50292,-32.8654,0.461062,0.831114,-0.191949,26.402
1772220274680812976,2026-02-27 14:24:34.680,-14.1154,-0.51293,-33.199,0.462412,0.83669,-0.19085,26.403000000000006
1772220274681982754,2026-02-27 14:24:34.681,-14.1191,-0.510894,-33.5351,0.466569,0.837992,-0.189042,26.40400000000001
1772220274683152690,2026-02-27 14:24:34.683,-14.1831,-0.529527,-33.8424,0.466923,0.843453,-0.185628,26.406000000000006
1772220274684332927,2026-02-27 14:24:34.684,-14.2639,-0.555236,-33.8607,0.466324,0.847664,-0.186109,26.40700000000001
1772220274685520443,2026-02-27 14:24:34.685,-14.4018,-0.534757,-33.8593,0.466298,0.854457,-0.186548,26.408
1772220274686650428,2026-02-27 14:24:34.686,-14.4,-0.458076,-33.8311,0.467839,0.857781,-0.187577,26.409000000000006
1772220274687796989,2026-02-27 14:24:34.687,-14.4839,-0.523497,-34.847,0.466666,0.860578,-0.178793,26.41000000000001
1772220274688968325,2026-02-27 14:24:34.688,-14.4914,-0.412153,-34.4295,0.470495,0.865055,-0.183184,26.411
1772220274690137319,2026-02-27 14:24:34.690,-14.4912,-0.412945,-34.4129,0.471178,0.865028,-0.185723,26.41300000000001
1772220274691306391,2026-02-27 14:24:34.691,-14.4951,-0.383683,-33.7927,0.469555,0.867368,-0.187141,26.414
1772220274692500496,2026-02-27 14:24:34.692,-14.6023,-0.378028,-33.47,0.471163,0.870941,-0.189909,26.415000000000006
1772220274693629108,2026-02-27 14:24:34.693,-14.6783,-0.372626,-33.2472,0.46627,0.874106,-0.190103,26.41600000000001
1772220274694775706,2026-02-27 14:24:34.694,-14.6489,-0.358676,-33.281,0.467723,0.875413,-0.190974,26.417
1772220274695944915,2026-02-27 14:24:34.695,-14.6762,-0.399823,-32.2665,0.467686,0.876166,-0.199832,26.418000000000006
1772220274697114241,2026-02-27 14:24:34.697,-14.6526,-0.397121,-32.3168,0.464468,0.876484,-0.198449,26.42
1772220274698282958,2026-02-27 14:24:34.698,-14.6525,-0.380502,-32.2386,0.463614,0.876332,-0.197985,26.421000000000006
1772220274699468892,2026-02-27 14:24:34.699,-14.6016,-0.405115,-32.7016,0.462066,0.874884,-0.192527,26.42200000000001
1772220274700598445,2026-02-27 14:24:34.700,-14.6412,-0.406827,-32.8,0.451174,0.870316,-0.187593,26.423000000000002
1772220274701766327,2026-02-27 14:24:34.701,-14.5254,-0.390345,-32.7005,0.45633,0.869535,-0.186621,26.424000000000007
1772220274702935601,2026-02-27 14:24:34.702,-14.5048,-0.381241,-32.6019,0.451551,0.86626,-0.186411,26.42500000000001
1772220274704104045,2026-02-27 14:24:34.704,-14.4158,-0.393005,-32.9157,0.44981,0.863584,-0.178735,26.427000000000007
1772220274705273342,2026-02-27 14:24:34.705,-14.422,-0.370811,-33.3265,0.448866,0.863944,-0.175126,26.42800000000001
1772220274706442003,2026-02-27 14:24:34.706,-14.3617,-0.38864,-32.9136,0.444358,0.862013,-0.176076,26.429000000000002
1772220274707591432,2026-02-27 14:24:34.707,-14.2855,-0.407332,-32.1339,0.439614,0.853202,-0.180366,26.430000000000007
1772220274708720067,2026-02-27 14:24:34.708,-14.212,-0.333573,-31.7842,0.436719,0.851862,-0.180857,26.43100000000001
1772220274709865854,2026-02-27 14:24:34.709,-14.1974,-0.335095,-31.6752,0.432805,0.847246,-0.17911,26.432000000000002
1772220274711038840,2026-02-27 14:24:34.711,-14.1221,-0.325216,-31.6573,0.436213,0.844697,-0.178387,26.43400000000001
1772220274712208140,2026-02-27 14:24:34.712,-14.0651,-0.320347,-31.3939,0.432782,0.840706,-0.178284,26.435000000000002
1772220274713406749,2026-02-27 14:24:34.713,-14.0716,-0.317557,-30.3936,0.433677,0.837903,-0.184929,26.436000000000007
1772220274714569984,2026-02-27 14:24:34.714,-13.9611,-0.276523,-30.7085,0.430753,0.835378,-0.180254,26.437000000000012
1772220274715700053,2026-02-27 14:24:34.715,-13.9577,-0.238283,-31.0772,0.428913,0.832838,-0.173818,26.438000000000002
1772220274716849535,2026-02-27 14:24:34.716,-13.9128,-0.214183,-31.2102,0.429426,0.833133,-0.171975,26.439000000000007
1772220274718027276,2026-02-27 14:24:34.718,-13.8856,-0.211089,-31.1939,0.42915,0.831603,-0.171322,26.441000000000003
1772220274719227439,2026-02-27 14:24:34.719,-13.8857,-0.194681,-31.2128,0.429589,0.831812,-0.171531,26.442000000000007
1772220274720423525,2026-02-27 14:24:34.720,-13.881,-0.212383,-31.2392,0.427181,0.830863,-0.170739,26.443000000000012
1772220274721570146,2026-02-27 14:24:34.721,-13.8655,-0.264023,-32.2838,0.425562,0.83029,-0.160485,26.444000000000003
1772220274722699532,2026-02-27 14:24:34.722,-13.8649,-0.312397,-32.1544,0.423635,0.828517,-0.161735,26.445000000000007
1772220274723874485,2026-02-27 14:24:34.723,-13.8202,-0.371971,-31.7424,0.420482,0.826782,-0.165665,26.446000000000012
1772220274725073101,2026-02-27 14:24:34.725,-13.8407,-0.36065,-31.5597,0.416382,0.826078,-0.169039,26.448000000000008
1772220274726271838,2026-02-27 14:24:34.726,-13.768,-0.436763,-31.5983,0.416245,0.826783,-0.165953,26.449000000000012
1772220274727483789,2026-02-27 14:24:34.727,-13.6722,-0.428134,-31.6519,0.414145,0.828282,-0.163749,26.450000000000003
1772220274728611802,2026-02-27 14:24:34.728,-13.5598,-0.448053,-31.741,0.412533,0.83114,-0.162241,26.451000000000008
1772220274729743264,2026-02-27 14:24:34.729,-13.3844,-0.535863,-30.9553,0.412376,0.840754,-0.163171,26.452000000000012
1772220274730872992,2026-02-27 14:24:34.730,-13.2485,-0.605651,-31.2399,0.408745,0.846714,-0.15656,26.453000000000003
