abs_timestamp_ns,human_time,fx,fy,fz,tx,ty,tz,mocap_ref_time
1772222451669057797,2026-02-27 15:00:51.669,-3.98922,0.835687,6.26458,0.044954,0.280174,-0.021625,9.0
1772222451670253224,2026-02-27 15:00:51.670,-3.93788,0.872425,6.30536,0.047559,0.279973,-0.02134,9.001000000000005
1772222451671469855,2026-02-27 15:00:51.671,-3.95377,0.852122,5.88802,0.043693,0.279268,-0.016944,9.00200000000001
1772222451672571785,2026-02-27 15:00:51.672,-3.87895,0.845155,5.2741,0.04685,0.279095,-0.012988,9.003
1772222451673701054,2026-02-27 15:00:51.673,-3.8671,0.855528,5.65395,0.044749,0.277304,-0.015147,9.004000000000005
1772222451674847745,2026-02-27 15:00:51.674,-3.85165,0.829123,5.86143,0.043698,0.276571,-0.018911,9.00500000000001
1772222451675985534,2026-02-27 15:00:51.675,-3.73146,0.792044,6.27756,0.045685,0.274753,-0.022974,9.006
1772222451677195189,2026-02-27 15:00:51.677,-3.80463,0.834953,6.27702,0.045549,0.274782,-0.023126,9.00800000000001
1772222451678391264,2026-02-27 15:00:51.678,-3.75655,0.824477,6.23019,0.043902,0.274278,-0.022144,9.009
1772222451679557818,2026-02-27 15:00:51.679,-3.72732,0.839121,6.36231,0.043766,0.27465,-0.023583,9.010000000000005
1772222451680686424,2026-02-27 15:00:51.680,-3.73104,0.822699,7.33319,0.044555,0.272183,-0.031972,9.01100000000001
1772222451681833142,2026-02-27 15:00:51.681,-3.72335,0.850552,6.88157,0.045295,0.27452,-0.028171,9.012
1772222451683001286,2026-02-27 15:00:51.683,-3.67523,0.89289,6.24213,0.047441,0.27427,-0.023567,9.01400000000001
1772222451684200335,2026-02-27 15:00:51.684,-3.67362,0.86116,6.08878,0.046848,0.273287,-0.021959,9.015
1772222451685398683,2026-02-27 15:00:51.685,-3.64138,0.925265,6.0702,0.046366,0.273364,-0.022177,9.016000000000005
1772222451686570673,2026-02-27 15:00:51.686,-3.64724,0.880061,6.17167,0.047029,0.272341,-0.022113,9.01700000000001
1772222451687699573,2026-02-27 15:00:51.687,-3.69191,0.922177,6.07083,0.048541,0.273088,-0.022314,9.018
1772222451688847074,2026-02-27 15:00:51.688,-3.63251,0.926734,5.1801,0.046775,0.272653,-0.013682,9.019000000000005
1772222451690019330,2026-02-27 15:00:51.690,-3.5993,0.908973,5.35989,0.049352,0.270747,-0.016092,9.021
1772222451691209668,2026-02-27 15:00:51.691,-3.56978,0.937872,5.79382,0.047777,0.271328,-0.020168,9.022000000000006
1772222451692340207,2026-02-27 15:00:51.692,-3.62335,0.949616,6.12262,0.044641,0.271777,-0.02408,9.02300000000001
1772222451693536626,2026-02-27 15:00:51.693,-3.56234,0.966084,6.16361,0.048412,0.270288,-0.023768,9.024000000000001
1772222451694650472,2026-02-27 15:00:51.694,-3.5996,0.986958,6.06517,0.0472,0.271023,-0.024467,9.025000000000006
1772222451695828993,2026-02-27 15:00:51.695,-3.54457,0.988752,6.14346,0.047619,0.270413,-0.023796,9.02600000000001
1772222451696997711,2026-02-27 15:00:51.696,-3.56454,0.982251,6.71284,0.046417,0.268962,-0.030099,9.027000000000001
1772222451698174445,2026-02-27 15:00:51.698,-3.57981,0.988933,6.8576,0.046149,0.270031,-0.030455,9.02900000000001
1772222451699370169,2026-02-27 15:00:51.699,-3.58969,0.997447,6.42518,0.046395,0.26998,-0.026619,9.030000000000001
1772222451700564636,2026-02-27 15:00:51.700,-3.5606,1.04753,6.02026,0.049605,0.27116,-0.023578,9.031000000000006
1772222451701691241,2026-02-27 15:00:51.701,-3.53218,1.09627,6.03726,0.050307,0.271971,-0.022915,9.03200000000001
1772222451702862717,2026-02-27 15:00:51.702,-3.56301,1.0984,5.97985,0.051247,0.271602,-0.023544,9.033000000000001
1772222451704056307,2026-02-27 15:00:51.704,-3.66793,1.16015,5.99205,0.051503,0.271688,-0.022585,9.03500000000001
1772222451705247265,2026-02-27 15:00:51.705,-3.61322,1.13122,5.01089,0.053736,0.273241,-0.01546,9.036000000000001
1772222451706447915,2026-02-27 15:00:51.706,-3.64874,1.18486,5.41169,0.053169,0.272201,-0.017749,9.037000000000006
1772222451707614925,2026-02-27 15:00:51.707,-3.6679,1.22792,5.47808,0.055085,0.272921,-0.018503,9.038000000000011
1772222451708764562,2026-02-27 15:00:51.708,-3.69882,1.25891,5.87026,0.054401,0.273733,-0.02255,9.039000000000001
1772222451709901004,2026-02-27 15:00:51.709,-3.63378,1.25398,6.14129,0.055488,0.272993,-0.023261,9.040000000000006
1772222451711074603,2026-02-27 15:00:51.711,-3.64852,1.32868,6.01519,0.05693,0.273773,-0.022622,9.042000000000002
1772222451712264622,2026-02-27 15:00:51.712,-3.66514,1.32182,6.01225,0.057501,0.273867,-0.02218,9.043000000000006
1772222451713475305,2026-02-27 15:00:51.713,-3.63847,1.36652,6.98601,0.059749,0.274115,-0.030775,9.044000000000011
1772222451714571292,2026-02-27 15:00:51.714,-3.65122,1.36183,6.68582,0.05961,0.272328,-0.028563,9.045000000000002
1772222451715700262,2026-02-27 15:00:51.715,-4.2259,0.799324,4.02275,0.104174,0.21633,-0.030376,9.046000000000006
1772222451716876626,2026-02-27 15:00:51.716,-3.84856,1.37471,3.0597,0.093356,0.271764,-0.036989,9.047000000000011
1772222451718047267,2026-02-27 15:00:51.718,-4.15204,1.46617,1.12364,0.132374,0.247737,-0.036443,9.049000000000007
1772222451719229384,2026-02-27 15:00:51.719,-4.19497,1.51169,-0.516128,0.1577,0.249924,-0.036799,9.050000000000011
1772222451720427440,2026-02-27 15:00:51.720,-4.09475,1.54653,-0.38013,0.153204,0.254166,-0.032435,9.051000000000002
1772222451721565265,2026-02-27 15:00:51.721,-3.95207,1.50043,-0.612232,0.146375,0.254065,-0.0185,9.052000000000007
1772222451722696534,2026-02-27 15:00:51.722,-3.86152,1.51247,-0.513371,0.132245,0.25536,-0.012185,9.053000000000011
1772222451723869822,2026-02-27 15:00:51.723,-3.81363,1.51377,0.045807,0.126554,0.256638,-0.010546,9.054000000000002
1772222451725035159,2026-02-27 15:00:51.725,-3.89082,1.59904,0.726161,0.120729,0.260476,-0.015386,9.056000000000012
1772222451726236295,2026-02-27 15:00:51.726,-4.07381,1.67964,1.09197,0.125816,0.275549,-0.024553,9.057000000000002
1772222451727431520,2026-02-27 15:00:51.727,-4.06329,1.71461,0.814406,0.128712,0.281238,-0.028562,9.058000000000007
1772222451728570085,2026-02-27 15:00:51.728,-4.27526,1.76547,0.641744,0.135258,0.286148,-0.030367,9.059000000000012
1772222451729698249,2026-02-27 15:00:51.729,-4.29176,1.8362,0.65392,0.144891,0.289172,-0.034855,9.060000000000002
1772222451730873375,2026-02-27 15:00:51.730,-4.32144,1.78154,1.24955,0.14856,0.290257,-0.041741,9.061000000000007
1772222451732043269,2026-02-27 15:00:51.732,-4.31203,1.84614,0.753181,0.153097,0.290044,-0.037187,9.063000000000002
1772222451733223668,2026-02-27 15:00:51.733,-4.26709,1.97452,0.301841,0.153186,0.289611,-0.027131,9.064000000000007
1772222451734420605,2026-02-27 15:00:51.734,-4.19613,1.95376,0.46848,0.150528,0.286816,-0.024541,9.065000000000012
1772222451735570166,2026-02-27 15:00:51.735,-4.15347,1.97862,0.724528,0.148511,0.286379,-0.023165,9.066000000000003
1772222451736765232,2026-02-27 15:00:51.736,-4.14956,2.06019,0.76559,0.152328,0.285984,-0.023014,9.067000000000007
1772222451737951763,2026-02-27 15:00:51.737,-4.11879,2.13973,0.93389,0.157182,0.28707,-0.023451,9.068000000000012
1772222451739146619,2026-02-27 15:00:51.739,-4.18131,2.21506,0.405641,0.161046,0.285499,-0.020571,9.070000000000007
1772222451740419679,2026-02-27 15:00:51.740,-4.13159,2.27098,0.438055,0.169964,0.2842,-0.021839,9.071000000000012
1772222451741584162,2026-02-27 15:00:51.741,-4.12541,2.36258,0.885856,0.178229,0.285344,-0.027584,9.072000000000003
1772222451742714965,2026-02-27 15:00:51.742,-4.13566,2.40275,1.07143,0.181157,0.283835,-0.031001,9.073000000000008
1772222451743911614,2026-02-27 15:00:51.743,-4.08016,2.48815,1.05747,0.188323,0.282983,-0.031472,9.074000000000012
1772222451745082784,2026-02-27 15:00:51.745,-4.07476,2.50474,0.918536,0.192316,0.281339,-0.031861,9.076000000000008
1772222451746256363,2026-02-27 15:00:51.746,-4.05197,2.57401,1.57515,0.203118,0.278766,-0.041462,9.077000000000012
1772222451747468378,2026-02-27 15:00:51.747,-3.98027,2.65262,1.48112,0.209595,0.27628,-0.042193,9.078000000000003
1772222451748574084,2026-02-27 15:00:51.748,-4.00502,2.68852,1.39083,0.212356,0.273766,-0.040832,9.079000000000008
1772222451749700853,2026-02-27 15:00:51.749,-3.98519,2.73333,0.794558,0.212859,0.271653,-0.036834,9.080000000000013
1772222451750874520,2026-02-27 15:00:51.750,-3.94859,2.76862,0.287613,0.217567,0.269079,-0.033774,9.081000000000003
1772222451752045416,2026-02-27 15:00:51.752,-3.94951,2.78993,0.105625,0.218325,0.26682,-0.034026,9.083000000000013
1772222451753213917,2026-02-27 15:00:51.753,-3.97361,2.84341,-0.376403,0.224749,0.264083,-0.034927,9.084000000000003
1772222451754407868,2026-02-27 15:00:51.754,-3.89286,2.90384,-0.745089,0.227756,0.260491,-0.031182,9.085000000000008
1772222451755570188,2026-02-27 15:00:51.755,-3.90601,2.87302,-1.53458,0.223409,0.255784,-0.026094,9.086000000000013
1772222451756698684,2026-02-27 15:00:51.756,-3.90023,2.90555,-1.43435,0.231473,0.253628,-0.0286,9.087000000000003
1772222451757873663,2026-02-27 15:00:51.757,-3.87121,2.97584,-1.40106,0.230723,0.250474,-0.030664,9.088000000000008
1772222451759012531,2026-02-27 15:00:51.759,-3.85089,2.94997,-1.33797,0.233541,0.248081,-0.033978,9.090000000000003
1772222451760203814,2026-02-27 15:00:51.760,-3.84041,2.92084,-1.62071,0.234262,0.242025,-0.034477,9.091000000000008
1772222451761394102,2026-02-27 15:00:51.761,-3.83827,2.92325,-1.78794,0.233589,0.240136,-0.033914,9.091999999999999
1772222451762570533,2026-02-27 15:00:51.762,-3.80703,2.87412,-1.96186,0.233932,0.238691,-0.035308,9.093000000000004
1772222451763698855,2026-02-27 15:00:51.763,-3.74896,2.93754,-1.15337,0.235666,0.23686,-0.043554,9.094000000000008
1772222451764873119,2026-02-27 15:00:51.764,-3.80275,2.89286,-1.72812,0.235447,0.234387,-0.039987,9.094999999999999
1772222451766048739,2026-02-27 15:00:51.766,-3.7717,2.91051,-1.93353,0.235898,0.233246,-0.039655,9.097000000000008
1772222451767224147,2026-02-27 15:00:51.767,-3.71327,2.80733,-3.09847,0.234319,0.227875,-0.032864,9.097999999999999
1772222451768413570,2026-02-27 15:00:51.768,-3.77159,2.74575,-3.23971,0.233779,0.225546,-0.033346,9.099000000000004
1772222451769577546,2026-02-27 15:00:51.769,-3.7266,2.72032,-3.36039,0.234301,0.225179,-0.033436,9.100000000000009
1772222451770705820,2026-02-27 15:00:51.770,-3.73688,2.69295,-3.52288,0.234075,0.225622,-0.033546,9.100999999999999
1772222451771882403,2026-02-27 15:00:51.771,-3.75549,2.67705,-4.53922,0.229107,0.225253,-0.024805,9.102000000000004
1772222451773068801,2026-02-27 15:00:51.773,-3.75402,2.64511,-4.6599,0.228868,0.224062,-0.02509,9.104
1772222451774240396,2026-02-27 15:00:51.774,-3.79972,2.6516,-4.46226,0.230255,0.2251,-0.030492,9.105000000000004
1772222451775431773,2026-02-27 15:00:51.775,-3.82787,2.56599,-4.28498,0.223522,0.225523,-0.033135,9.106000000000009
1772222451776574035,2026-02-27 15:00:51.776,-3.84643,2.55998,-4.38485,0.226038,0.225973,-0.03335,9.107
1772222451777702565,2026-02-27 15:00:51.777,-3.8791,2.56068,-4.56565,0.224033,0.227444,-0.033922,9.108000000000004
1772222451778900905,2026-02-27 15:00:51.778,-3.94442,2.54648,-4.72778,0.223177,0.229477,-0.034244,9.109000000000009
1772222451780084682,2026-02-27 15:00:51.780,-3.91334,2.52465,-4.37478,0.221568,0.230169,-0.038395,9.111000000000004
1772222451781255286,2026-02-27 15:00:51.781,-4.04727,2.43166,-4.40415,0.218494,0.233192,-0.040631,9.112000000000009
1772222451782449225,2026-02-27 15:00:51.782,-4.0779,2.40027,-4.91672,0.216809,0.234637,-0.037126,9.113
1772222451783570963,2026-02-27 15:00:51.783,-4.12722,2.4123,-5.4887,0.217665,0.236799,-0.03379,9.114000000000004
1772222451784699584,2026-02-27 15:00:51.784,-4.19133,2.3314,-5.65487,0.210176,0.23833,-0.033855,9.115000000000009
1772222451785873278,2026-02-27 15:00:51.785,-4.24982,2.36404,-5.78292,0.211587,0.239937,-0.033015,9.116
1772222451787069464,2026-02-27 15:00:51.787,-4.27109,2.33864,-5.92182,0.211382,0.243145,-0.033572,9.11800000000001
1772222451788264642,2026-02-27 15:00:51.788,-4.36212,2.32527,-7.2069,0.210516,0.248025,-0.024075,9.119
1772222451789475344,2026-02-27 15:00:51.789,-4.40777,2.31288,-7.04635,0.213079,0.250538,-0.029932,9.120000000000005
1772222451790578382,2026-02-27 15:00:51.790,-4.48285,2.28754,-7.15516,0.209528,0.252695,-0.029215,9.12100000000001
1772222451791709347,2026-02-27 15:00:51.791,-4.60577,2.28446,-6.97129,0.2078,0.257249,-0.03278,9.122
1772222451792904902,2026-02-27 15:00:51.792,-4.65286,2.24291,-6.95619,0.210081,0.258606,-0.03509,9.123000000000005
1772222451794099467,2026-02-27 15:00:51.794,-4.72316,2.21165,-7.10496,0.206177,0.262845,-0.03444,9.125
1772222451795292676,2026-02-27 15:00:51.795,-4.84269,2.18585,-7.53717,0.210049,0.27187,-0.036814,9.126000000000005
1772222451796492686,2026-02-27 15:00:51.796,-5.01902,2.1782,-6.6749,0.2074,0.275775,-0.044686,9.12700000000001
1772222451797619749,2026-02-27 15:00:51.797,-5.08265,2.17627,-7.13073,0.209499,0.281036,-0.043442,9.128
1772222451798792032,2026-02-27 15:00:51.798,-5.21013,2.17541,-7.33827,0.2067,0.287443,-0.043211,9.129000000000005
1772222451799986543,2026-02-27 15:00:51.799,-5.33827,2.17898,-8.16694,0.207334,0.293661,-0.038119,9.13000000000001
1772222451801156129,2026-02-27 15:00:51.801,-5.44243,2.14999,-8.79391,0.209473,0.300155,-0.035697,9.132000000000005
1772222451802327390,2026-02-27 15:00:51.802,-5.64105,2.13931,-9.18782,0.207771,0.308209,-0.035108,9.13300000000001
1772222451803507587,2026-02-27 15:00:51.803,-5.73585,2.1062,-9.42803,0.208692,0.312304,-0.035887,9.134
1772222451804636376,2026-02-27 15:00:51.804,-5.78466,2.09348,-10.2209,0.207711,0.320457,-0.029825,9.135000000000005
1772222451805834884,2026-02-27 15:00:51.805,-5.86304,2.0978,-10.9681,0.207514,0.328052,-0.027744,9.13600000000001
1772222451807038380,2026-02-27 15:00:51.807,-6.04793,2.09565,-11.1575,0.210831,0.33527,-0.030132,9.138000000000005
1772222451808215341,2026-02-27 15:00:51.808,-6.13054,2.09889,-11.1225,0.213765,0.342114,-0.035445,9.13900000000001
1772222451809355005,2026-02-27 15:00:51.809,-6.39452,2.09104,-11.338,0.215013,0.35034,-0.040427,9.14
1772222451810535933,2026-02-27 15:00:51.810,-6.48775,2.09062,-11.6692,0.215803,0.354686,-0.03975,9.141000000000005
1772222451811666039,2026-02-27 15:00:51.811,-6.5916,2.09799,-11.9783,0.214362,0.357839,-0.039508,9.14200000000001
1772222451812843662,2026-02-27 15:00:51.812,-6.54781,2.0998,-12.1065,0.21836,0.361647,-0.041284,9.143
1772222451814044536,2026-02-27 15:00:51.814,-6.65566,2.12119,-11.5914,0.220169,0.364831,-0.048626,9.14500000000001
1772222451815215936,2026-02-27 15:00:51.815,-6.68859,2.106,-12.3165,0.222484,0.367767,-0.046661,9.146
1772222451816388955,2026-02-27 15:00:51.816,-6.87303,2.19567,-13.4665,0.230071,0.372842,-0.042145,9.147000000000006
1772222451817533988,2026-02-27 15:00:51.817,-6.94,2.22439,-13.6945,0.233032,0.369674,-0.041681,9.14800000000001
1772222451818665248,2026-02-27 15:00:51.818,-7.01547,2.20139,-13.5681,0.226212,0.359232,-0.040072,9.149000000000001
1772222451819862977,2026-02-27 15:00:51.819,-6.83964,2.23805,-13.7883,0.232567,0.366309,-0.039606,9.150000000000006
1772222451821059138,2026-02-27 15:00:51.821,-6.80616,2.30499,-14.3416,0.241881,0.386902,-0.041074,9.152000000000001
1772222451822230748,2026-02-27 15:00:51.822,-7.07152,2.41138,-15.6839,0.24714,0.390958,-0.035574,9.153000000000006
1772222451823403888,2026-02-27 15:00:51.823,-7.50844,2.51251,-16.2296,0.259605,0.405904,-0.042795,9.15400000000001
1772222451824535637,2026-02-27 15:00:51.824,-7.62697,2.57238,-15.9905,0.268091,0.410995,-0.048015,9.155000000000001
1772222451825664908,2026-02-27 15:00:51.825,-7.73213,2.55732,-16.0045,0.273431,0.417146,-0.052009,9.156000000000006
1772222451826842014,2026-02-27 15:00:51.826,-7.88308,2.60343,-16.2106,0.274169,0.423698,-0.05188,9.15700000000001
1772222451828038942,2026-02-27 15:00:51.828,-8.01492,2.65349,-16.4877,0.280493,0.431309,-0.05298,9.159000000000006
1772222451829217669,2026-02-27 15:00:51.829,-8.07044,2.69852,-16.6747,0.282322,0.434638,-0.052397,9.16000000000001
1772222451830391109,2026-02-27 15:00:51.830,-8.33797,2.80024,-16.2882,0.289691,0.446644,-0.061826,9.161000000000001
1772222451831528536,2026-02-27 15:00:51.831,-8.4189,2.80894,-16.7376,0.292826,0.45144,-0.061602,9.162000000000006
1772222451832659648,2026-02-27 15:00:51.832,-8.5247,2.81809,-17.3265,0.293916,0.455346,-0.058906,9.163000000000011
1772222451833833704,2026-02-27 15:00:51.833,-8.6059,2.85971,-17.9961,0.298834,0.461522,-0.055992,9.164000000000001
1772222451835030509,2026-02-27 15:00:51.835,-8.71974,2.90438,-18.2974,0.302201,0.46582,-0.056703,9.166000000000011
1772222451836223764,2026-02-27 15:00:51.836,-8.74878,2.93293,-18.4966,0.30592,0.469644,-0.057187,9.167000000000002
1772222451837396743,2026-02-27 15:00:51.837,-8.92603,3.04269,-19.0477,0.315126,0.478406,-0.056841,9.168000000000006
1772222451838535659,2026-02-27 15:00:51.838,-8.94517,3.05444,-20.0568,0.319184,0.481469,-0.051787,9.169000000000011
1772222451839666766,2026-02-27 15:00:51.839,-9.07117,3.10734,-19.8552,0.322688,0.483491,-0.054736,9.170000000000002
1772222451840841202,2026-02-27 15:00:51.840,-9.12324,3.15253,-19.8863,0.327162,0.484776,-0.056119,9.171000000000006
1772222451842038707,2026-02-27 15:00:51.842,-9.18383,3.19858,-19.4232,0.326161,0.476424,-0.058904,9.173000000000002
1772222451843240523,2026-02-27 15:00:51.843,-9.29926,3.29807,-18.3475,0.320152,0.442903,-0.056748,9.174000000000007
1772222451844432455,2026-02-27 15:00:51.844,-8.2438,3.10158,-18.6769,0.323611,0.460976,-0.052283,9.175000000000011
1772222451845554330,2026-02-27 15:00:51.845,-8.5814,3.27929,-19.6123,0.342063,0.507834,-0.060726,9.176000000000002
1772222451846683406,2026-02-27 15:00:51.846,-9.3202,3.53256,-19.084,0.357927,0.502699,-0.077835,9.177000000000007
1772222451847861229,2026-02-27 15:00:51.847,-9.55559,3.59297,-19.9864,0.377162,0.522692,-0.082333,9.178000000000011
1772222451849061260,2026-02-27 15:00:51.849,-9.83048,3.58031,-20.4256,0.376325,0.528395,-0.08445,9.180000000000007
1772222451850259928,2026-02-27 15:00:51.850,-10.0087,3.52846,-21.1557,0.378461,0.5356,-0.078862,9.181000000000012
1772222451851545506,2026-02-27 15:00:51.851,-10.2648,3.44456,-21.8574,0.373786,0.550036,-0.071773,9.182000000000002
1772222451852678548,2026-02-27 15:00:51.852,-10.4645,3.40328,-22.0965,0.369924,0.556555,-0.070069,9.183000000000007
1772222451853858365,2026-02-27 15:00:51.853,-10.6334,3.37549,-22.2859,0.371746,0.564045,-0.069312,9.184000000000012
1772222451855057791,2026-02-27 15:00:51.855,-10.6673,3.40376,-23.2594,0.372672,0.572701,-0.063516,9.186000000000007
1772222451856255814,2026-02-27 15:00:51.856,-10.841,3.36198,-23.7237,0.373724,0.580645,-0.064434,9.187000000000012
1772222451857449307,2026-02-27 15:00:51.857,-11.1465,3.28691,-23.8027,0.375819,0.593625,-0.071543,9.188000000000002
1772222451858597877,2026-02-27 15:00:51.858,-11.2683,3.24606,-23.7379,0.376104,0.600948,-0.075408,9.189000000000007
1772222451859794178,2026-02-27 15:00:51.859,-11.3879,3.24067,-23.9673,0.376889,0.606996,-0.077893,9.190000000000012
1772222451860995008,2026-02-27 15:00:51.860,-11.4737,3.19857,-24.1883,0.381016,0.613605,-0.078215,9.191000000000003
1772222451862193903,2026-02-27 15:00:51.862,-11.634,3.23299,-24.4138,0.380039,0.620449,-0.078351,9.193000000000012
1772222451863368365,2026-02-27 15:00:51.863,-11.7392,3.18579,-24.1674,0.382263,0.625258,-0.081838,9.194000000000003
1772222451864545974,2026-02-27 15:00:51.864,-12.1459,3.23506,-24.2575,0.383383,0.640169,-0.084391,9.195000000000007
1772222451865678209,2026-02-27 15:00:51.865,-12.1976,3.28153,-24.5405,0.388417,0.641861,-0.081422,9.196000000000012
1772222451866853665,2026-02-27 15:00:51.866,-12.3603,3.30127,-24.8438,0.387195,0.638741,-0.076125,9.197000000000003
1772222451868055604,2026-02-27 15:00:51.868,-12.2957,3.36847,-24.8163,0.388364,0.635659,-0.073903,9.199000000000012
1772222451869255347,2026-02-27 15:00:51.869,-12.2833,3.28785,-24.3288,0.379987,0.617573,-0.071455,9.200000000000003
1772222451870429733,2026-02-27 15:00:51.870,-11.5341,3.26601,-22.7816,0.367393,0.561019,-0.055508,9.201000000000008
1772222451871556910,2026-02-27 15:00:51.871,-10.7359,3.2004,-25.5696,0.389317,0.66216,-0.055812,9.202000000000012
1772222451872694994,2026-02-27 15:00:51.872,-11.7555,3.5539,-26.1944,0.405178,0.701415,-0.073792,9.203000000000003
1772222451873912019,2026-02-27 15:00:51.873,-12.6485,3.87027,-26.8774,0.42448,0.697388,-0.080283,9.204000000000008
1772222451875113572,2026-02-27 15:00:51.875,-13.0825,3.82855,-27.2512,0.449739,0.716292,-0.094329,9.206000000000003
1772222451876314939,2026-02-27 15:00:51.876,-13.426,3.82048,-27.4488,0.439786,0.722729,-0.096687,9.207000000000008
1772222451877525443,2026-02-27 15:00:51.877,-13.7486,3.65809,-28.012,0.435741,0.738257,-0.085899,9.208000000000013
1772222451878661883,2026-02-27 15:00:51.878,-13.8934,3.58646,-28.1664,0.425558,0.743539,-0.081748,9.209000000000003
1772222451879841936,2026-02-27 15:00:51.879,-14.0641,3.5578,-27.4311,0.422098,0.748563,-0.088884,9.210000000000008
1772222451881043397,2026-02-27 15:00:51.881,-14.179,3.53427,-27.6954,0.419439,0.754656,-0.086133,9.212000000000003
1772222451882244447,2026-02-27 15:00:51.882,-14.3895,3.46671,-27.939,0.414438,0.760282,-0.087014,9.213000000000008
1772222451883419878,2026-02-27 15:00:51.883,-14.3792,3.40597,-28.7916,0.413563,0.765818,-0.084207,9.213999999999999
1772222451884564252,2026-02-27 15:00:51.884,-14.5456,3.45988,-29.8845,0.418121,0.775191,-0.085371,9.215000000000003
1772222451885705807,2026-02-27 15:00:51.885,-14.6626,3.47386,-30.1424,0.416415,0.778641,-0.086807,9.216000000000008
1772222451886901763,2026-02-27 15:00:51.886,-14.6554,3.51522,-30.4793,0.42448,0.782308,-0.087715,9.216999999999999
1772222451888105651,2026-02-27 15:00:51.888,-14.7071,3.5295,-31.0757,0.425982,0.784092,-0.08373,9.219000000000008
1772222451889310125,2026-02-27 15:00:51.889,-14.7515,3.50827,-31.8418,0.425259,0.785087,-0.078828,9.219999999999999
1772222451890497937,2026-02-27 15:00:51.890,-14.7745,3.55477,-31.7066,0.427865,0.784657,-0.08079,9.221000000000004
1772222451891633444,2026-02-27 15:00:51.891,-14.752,3.59167,-31.4675,0.429882,0.783115,-0.086139,9.222000000000008
1772222451892831175,2026-02-27 15:00:51.892,-14.7436,3.60659,-31.4811,0.431622,0.780917,-0.087142,9.222999999999999
1772222451894036393,2026-02-27 15:00:51.894,-14.7457,3.6129,-31.5835,0.431631,0.777885,-0.087148,9.225000000000009
1772222451895241577,2026-02-27 15:00:51.895,-14.6917,3.57066,-31.8263,0.43364,0.774521,-0.087244,9.225999999999999
1772222451896418976,2026-02-27 15:00:51.896,-14.6512,3.57253,-31.8651,0.426871,0.768478,-0.087979,9.227000000000004
1772222451897558562,2026-02-27 15:00:51.897,-14.3744,3.58248,-31.5132,0.429655,0.752342,-0.091483,9.228000000000009
1772222451898705360,2026-02-27 15:00:51.898,-14.248,3.57468,-31.6558,0.42777,0.741887,-0.091521,9.229
1772222451899907302,2026-02-27 15:00:51.899,-14.0383,3.57264,-32.3243,0.429774,0.730804,-0.085395,9.230000000000004
1772222451901110653,2026-02-27 15:00:51.901,-13.8058,3.60875,-32.56,0.430887,0.716893,-0.08327,9.232
1772222451902313922,2026-02-27 15:00:51.902,-13.5595,3.6354,-32.5625,0.431038,0.703052,-0.082546,9.233000000000004
1772222451903500393,2026-02-27 15:00:51.903,-13.3648,3.74547,-32.5708,0.432965,0.687369,-0.081045,9.234000000000009
1772222451904647268,2026-02-27 15:00:51.904,-13.1152,3.77466,-32.6976,0.436996,0.671112,-0.079846,9.235
1772222451905847461,2026-02-27 15:00:51.905,-12.5824,3.8529,-33.5459,0.439533,0.636904,-0.070826,9.236000000000004
1772222451907051491,2026-02-27 15:00:51.907,-12.3445,3.92364,-33.6238,0.441907,0.619302,-0.07108,9.238
1772222451908252924,2026-02-27 15:00:51.908,-12.0931,3.99965,-33.1763,0.447377,0.602409,-0.073558,9.239000000000004
1772222451909392418,2026-02-27 15:00:51.909,-11.8715,4.02977,-32.8502,0.447271,0.58353,-0.076626,9.240000000000009
1772222451910542671,2026-02-27 15:00:51.910,-11.346,4.18953,-32.9779,0.455772,0.550382,-0.07474,9.241
1772222451911678838,2026-02-27 15:00:51.911,-11.1145,4.19654,-33.1454,0.461238,0.533993,-0.073533,9.242000000000004
1772222451912861825,2026-02-27 15:00:51.912,-10.8845,4.2651,-32.6169,0.464742,0.518436,-0.079223,9.24300000000001
1772222451914063364,2026-02-27 15:00:51.914,-10.7117,4.28723,-32.3016,0.46709,0.502135,-0.080552,9.245000000000005
1772222451915264179,2026-02-27 15:00:51.915,-10.5502,4.36389,-32.6632,0.468681,0.489384,-0.078014,9.24600000000001
1772222451916439310,2026-02-27 15:00:51.916,-10.3496,4.40139,-33.0938,0.472302,0.476816,-0.074023,9.247
1772222451917591588,2026-02-27 15:00:51.917,-10.0014,4.50113,-33.7656,0.478764,0.454589,-0.070225,9.248000000000005
1772222451918764428,2026-02-27 15:00:51.918,-9.83136,4.56833,-33.9293,0.482969,0.443961,-0.069702,9.24900000000001
1772222451919964014,2026-02-27 15:00:51.919,-9.6787,4.67597,-34.0061,0.488759,0.435001,-0.069944,9.25
1772222451921163036,2026-02-27 15:00:51.921,-9.62396,4.72332,-34.2054,0.492958,0.427681,-0.067299,9.25200000000001
1772222451922364728,2026-02-27 15:00:51.922,-9.51227,4.75652,-35.3424,0.493712,0.421304,-0.061452,9.253
1772222451923552747,2026-02-27 15:00:51.923,-9.31201,4.93968,-35.1507,0.506983,0.408989,-0.064957,9.254000000000005
1772222451924699518,2026-02-27 15:00:51.924,-9.31201,4.93968,-35.1507,0.506983,0.408989,-0.064957,9.25500000000001
1772222451925919259,2026-02-27 15:00:51.925,-9.27856,5.09647,-34.8843,0.513077,0.400912,-0.07133,9.256
1772222451927122018,2026-02-27 15:00:51.927,-9.21405,5.1635,-34.943,0.521401,0.398019,-0.071144,9.25800000000001
1772222451928321517,2026-02-27 15:00:51.928,-9.21385,5.23284,-35.021,0.527058,0.396443,-0.071435,9.259
1772222451929506479,2026-02-27 15:00:51.929,-9.23721,5.28304,-35.2271,0.531219,0.395068,-0.070973,9.260000000000005
1772222451930638070,2026-02-27 15:00:51.930,-9.31617,5.40849,-34.7019,0.538014,0.395185,-0.079613,9.26100000000001
1772222451931836245,2026-02-27 15:00:51.931,-9.31471,5.52111,-34.8149,0.545942,0.397448,-0.080551,9.262
1772222451933037425,2026-02-27 15:00:51.933,-9.38188,5.55993,-35.5127,0.549203,0.400307,-0.076578,9.26400000000001
1772222451934238461,2026-02-27 15:00:51.934,-9.44443,5.54397,-35.8912,0.554444,0.403518,-0.074562,9.265
1772222451935438982,2026-02-27 15:00:51.935,-9.5032,5.6879,-36.0491,0.558928,0.408485,-0.075158,9.266000000000005
1772222451936596154,2026-02-27 15:00:51.936,-9.69566,5.75557,-36.1381,0.559163,0.416136,-0.077519,9.26700000000001
1772222451937735653,2026-02-27 15:00:51.937,-9.89615,5.82063,-37.0433,0.570861,0.432079,-0.072522,9.268
1772222451938867103,2026-02-27 15:00:51.938,-10.0733,5.87617,-37.5309,0.575179,0.443186,-0.072735,9.269000000000005
1772222451940072708,2026-02-27 15:00:51.940,-10.2706,5.93941,-37.4961,0.578662,0.455363,-0.075027,9.271
1772222451941276900,2026-02-27 15:00:51.941,-10.4558,5.99026,-37.1903,0.583485,0.469655,-0.081246,9.272000000000006
1772222451942409770,2026-02-27 15:00:51.942,-10.7264,5.99171,-37.1055,0.588098,0.484718,-0.085017,9.27300000000001
1772222451943566690,2026-02-27 15:00:51.943,-10.9848,6.00379,-37.1705,0.588868,0.499458,-0.08788,9.274000000000001
1772222451944704424,2026-02-27 15:00:51.944,-11.6172,6.03845,-37.5596,0.593836,0.534915,-0.091345,9.275000000000006
1772222451945886582,2026-02-27 15:00:51.945,-11.8806,5.99798,-37.5968,0.59265,0.552919,-0.095376,9.27600000000001
1772222451947087180,2026-02-27 15:00:51.947,-12.2508,5.9831,-36.9802,0.594557,0.571368,-0.102972,9.278000000000006
1772222451948287484,2026-02-27 15:00:51.948,-12.528,6.00176,-37.6885,0.59747,0.591468,-0.100657,9.27900000000001
1772222451949502300,2026-02-27 15:00:51.949,-12.9346,6.04166,-38.1152,0.598807,0.613505,-0.101367,9.280000000000001
1772222451950639182,2026-02-27 15:00:51.950,-13.6206,5.98463,-39.0874,0.596441,0.655255,-0.100081,9.281000000000006
1772222451951807653,2026-02-27 15:00:51.951,-14.0121,5.96265,-39.3047,0.596776,0.678618,-0.101613,9.28200000000001
1772222451953011905,2026-02-27 15:00:51.953,-14.3704,5.85538,-39.5606,0.595595,0.701458,-0.10347,9.284000000000006
1772222451954187414,2026-02-27 15:00:51.954,-14.6708,5.89897,-39.7553,0.594245,0.722966,-0.105227,9.28500000000001
1772222451955365924,2026-02-27 15:00:51.955,-15.0454,5.74546,-40.8993,0.589488,0.742822,-0.096086,9.286000000000001
1772222451956549680,2026-02-27 15:00:51.956,-15.4379,5.67473,-40.8166,0.587611,0.764597,-0.100065,9.287000000000006
1772222451957688448,2026-02-27 15:00:51.957,-16.2667,5.52261,-40.7797,0.585644,0.81072,-0.107007,9.288000000000011
1772222451958835956,2026-02-27 15:00:51.958,-16.6641,5.45219,-40.6825,0.580515,0.834159,-0.110214,9.289000000000001
1772222451960059101,2026-02-27 15:00:51.960,-17.1144,5.41467,-40.8241,0.574168,0.857337,-0.111389,9.291000000000011
1772222451961260038,2026-02-27 15:00:51.961,-17.4516,5.36014,-41.0463,0.576295,0.881355,-0.111877,9.292000000000002
1772222451962483907,2026-02-27 15:00:51.962,-17.955,5.28219,-41.1868,0.569284,0.907751,-0.11332,9.293000000000006
1772222451963733814,2026-02-27 15:00:51.963,-18.7414,5.12858,-40.7261,0.568142,0.958854,-0.12246,9.294000000000011
1772222451964890239,2026-02-27 15:00:51.964,-19.0553,5.09459,-40.9286,0.566552,0.982071,-0.123006,9.295000000000002
1772222451966063783,2026-02-27 15:00:51.966,-19.5289,4.98874,-41.5875,0.560859,1.00652,-0.119797,9.297000000000011
1772222451967236260,2026-02-27 15:00:51.967,-19.8295,4.96562,-42.0793,0.560885,1.02984,-0.116413,9.298000000000002
1772222451968408052,2026-02-27 15:00:51.968,-20.2154,4.87801,-42.186,0.555889,1.05032,-0.116497,9.299000000000007
1772222451969546789,2026-02-27 15:00:51.969,-20.7968,4.71364,-42.2035,0.542352,1.08691,-0.115173,9.300000000000011
1772222451970682293,2026-02-27 15:00:51.970,-21.0854,4.6431,-42.5259,0.537819,1.10385,-0.11002,9.301000000000002
1772222451971830215,2026-02-27 15:00:51.971,-21.3243,4.5695,-43.3481,0.532291,1.12686,-0.102934,9.302000000000007
1772222451973001966,2026-02-27 15:00:51.973,-21.5763,4.50341,-43.5415,0.529372,1.15728,-0.107721,9.304000000000002
1772222451974173298,2026-02-27 15:00:51.974,-21.917,4.38019,-43.6865,0.522593,1.17224,-0.111457,9.305000000000007
1772222451975377680,2026-02-27 15:00:51.975,-22.2667,4.34296,-43.6213,0.518717,1.18825,-0.116048,9.306000000000012
1772222451976571929,2026-02-27 15:00:51.976,-22.6347,4.24811,-43.7757,0.512411,1.20633,-0.1183,9.307000000000002
1772222451977708297,2026-02-27 15:00:51.977,-23.174,4.03484,-44.295,0.501433,1.23811,-0.118032,9.308000000000007
1772222451978861163,2026-02-27 15:00:51.978,-23.4935,3.86866,-44.5192,0.491088,1.25181,-0.119127,9.309000000000012
1772222451980032561,2026-02-27 15:00:51.980,-23.721,3.80846,-43.7325,0.486103,1.26606,-0.127885,9.311000000000007
1772222451981231188,2026-02-27 15:00:51.981,-23.919,3.67329,-44.3713,0.482189,1.28015,-0.124005,9.312000000000012
1772222451982432476,2026-02-27 15:00:51.982,-24.1503,3.57206,-44.6006,0.472085,1.29389,-0.124045,9.313000000000002
1772222451983571701,2026-02-27 15:00:51.983,-24.3106,3.50438,-45.3425,0.469629,1.30414,-0.119905,9.314000000000007
1772222451984708040,2026-02-27 15:00:51.984,-24.7144,3.3617,-46.0934,0.459562,1.32566,-0.11835,9.315000000000012
1772222451985853897,2026-02-27 15:00:51.985,-24.8316,3.28819,-46.3875,0.454025,1.33177,-0.120615,9.316000000000003
1772222451987082206,2026-02-27 15:00:51.987,-24.8779,3.2567,-46.5142,0.453089,1.33786,-0.119932,9.318000000000012
1772222451988283079,2026-02-27 15:00:51.988,-24.995,3.2207,-47.6139,0.450776,1.34521,-0.110824,9.319000000000003
1772222451989483682,2026-02-27 15:00:51.989,-25.0622,3.15718,-47.8363,0.451192,1.34772,-0.111186,9.320000000000007
1772222451990617111,2026-02-27 15:00:51.990,-25.1301,3.05698,-47.9253,0.445852,1.35244,-0.110366,9.321000000000012
1772222451991751135,2026-02-27 15:00:51.991,-25.2614,3.05766,-47.4554,0.440334,1.35636,-0.117467,9.322000000000003
1772222451992928217,2026-02-27 15:00:51.992,-25.2243,2.95481,-47.512,0.437078,1.35487,-0.118263,9.323000000000008
1772222451994101538,2026-02-27 15:00:51.994,-25.2319,2.95941,-47.6601,0.435443,1.3552,-0.117522,9.325000000000003
1772222451995307012,2026-02-27 15:00:51.995,-25.2542,2.94277,-47.704,0.431704,1.35295,-0.117374,9.326000000000008
1772222451996515630,2026-02-27 15:00:51.996,-25.1493,2.8392,-47.491,0.427319,1.34635,-0.122065,9.327000000000012
1772222451997648468,2026-02-27 15:00:51.997,-25.0982,2.89697,-46.9611,0.430494,1.34169,-0.125052,9.328000000000003
1772222451998799117,2026-02-27 15:00:51.998,-24.8241,2.8817,-47.6483,0.427936,1.32526,-0.119423,9.329000000000008
1772222451999997845,2026-02-27 15:00:51.999,-24.7533,2.85863,-48.1309,0.425738,1.31524,-0.114298,9.330000000000013
1772222452001196795,2026-02-27 15:00:52.001,-24.5268,2.89328,-48.2594,0.430118,1.30433,-0.112729,9.332000000000008
1772222452002398317,2026-02-27 15:00:52.002,-24.4547,2.88353,-48.3023,0.425557,1.29395,-0.11274,9.333000000000013
1772222452003576563,2026-02-27 15:00:52.003,-24.2222,2.91716,-48.34,0.43191,1.28101,-0.112548,9.334000000000003
1772222452004710812,2026-02-27 15:00:52.004,-23.9169,2.94671,-49.3494,0.43149,1.25789,-0.101178,9.335000000000008
1772222452005888138,2026-02-27 15:00:52.005,-23.6748,2.93864,-48.9154,0.431532,1.24473,-0.104942,9.336000000000013
1772222452007062555,2026-02-27 15:00:52.007,-23.5149,3.01326,-48.9762,0.432542,1.23273,-0.104825,9.338000000000008
1772222452008263042,2026-02-27 15:00:52.008,-23.3106,3.07689,-48.5331,0.435597,1.22025,-0.106762,9.338999999999999
1772222452009477691,2026-02-27 15:00:52.009,-23.1547,3.07064,-48.3448,0.435764,1.20757,-0.107411,9.340000000000003
1772222452010611290,2026-02-27 15:00:52.010,-22.9632,3.08004,-48.3868,0.434414,1.19338,-0.107141,9.341000000000008
1772222452011747123,2026-02-27 15:00:52.011,-22.4815,3.12451,-48.4536,0.438843,1.16507,-0.105417,9.341999999999999
1772222452012880310,2026-02-27 15:00:52.012,-22.2088,3.21691,-47.5631,0.440716,1.14886,-0.113507,9.343000000000004
1772222452014082215,2026-02-27 15:00:52.014,-21.9696,3.26422,-47.7138,0.44486,1.13578,-0.111709,9.344999999999999
1772222452015282471,2026-02-27 15:00:52.015,-21.796,3.22109,-47.7028,0.442453,1.11935,-0.110349,9.346000000000004
1772222452016500203,2026-02-27 15:00:52.016,-21.4954,3.30496,-48.285,0.446809,1.10402,-0.104708,9.347000000000008
1772222452017633490,2026-02-27 15:00:52.017,-21.3559,3.301,-48.5644,0.447114,1.08749,-0.099351,9.347999999999999
1772222452018798489,2026-02-27 15:00:52.018,-20.8816,3.3864,-48.4103,0.451181,1.0566,-0.097234,9.349000000000004
1772222452019997510,2026-02-27 15:00:52.019,-20.7131,3.37784,-48.3903,0.446111,1.04092,-0.097409,9.350000000000009
1772222452021197684,2026-02-27 15:00:52.021,-20.4624,3.38763,-48.8141,0.451852,1.02769,-0.091054,9.352000000000004
1772222452022397444,2026-02-27 15:00:52.022,-20.2821,3.40135,-49.1858,0.452046,1.01647,-0.086911,9.353000000000009
1772222452023578189,2026-02-27 15:00:52.023,-20.1448,3.45361,-48.9581,0.454222,1.0053,-0.087263,9.354
1772222452024713616,2026-02-27 15:00:52.024,-19.9501,3.5265,-48.3085,0.458692,0.989381,-0.092839,9.355000000000004
1772222452025847012,2026-02-27 15:00:52.025,-19.9092,3.56093,-48.1597,0.456079,0.983243,-0.094006,9.356000000000009
1772222452027031273,2026-02-27 15:00:52.027,-19.7594,3.57842,-48.1622,0.458993,0.979799,-0.093116,9.358000000000004
1772222452028230845,2026-02-27 15:00:52.028,-19.7409,3.65436,-48.1809,0.462454,0.977579,-0.093203,9.359000000000009
1772222452029429565,2026-02-27 15:00:52.029,-19.6567,3.60948,-48.0742,0.461631,0.974216,-0.093825,9.36
1772222452030565581,2026-02-27 15:00:52.030,-19.7431,3.63831,-47.251,0.462589,0.974359,-0.101618,9.361000000000004
1772222452031697327,2026-02-27 15:00:52.031,-19.7364,3.60256,-47.6638,0.462234,0.975091,-0.097615,9.362000000000009
1772222452032852695,2026-02-27 15:00:52.032,-19.7683,3.67089,-48.3669,0.463143,0.97781,-0.092843,9.363
1772222452034052685,2026-02-27 15:00:52.034,-19.8465,3.67932,-48.6184,0.462723,0.981318,-0.091926,9.365000000000009
1772222452035252167,2026-02-27 15:00:52.035,-19.8872,3.66463,-48.6573,0.463549,0.984834,-0.092181,9.366
1772222452036474871,2026-02-27 15:00:52.036,-20.0585,3.65775,-48.7959,0.459693,0.989842,-0.093387,9.367000000000004
1772222452037565870,2026-02-27 15:00:52.037,-20.1225,3.67061,-48.6964,0.463289,0.99501,-0.092863,9.36800000000001
1772222452038699141,2026-02-27 15:00:52.038,-20.1903,3.67292,-49.8726,0.465527,1.00214,-0.084133,9.369
1772222452039855172,2026-02-27 15:00:52.039,-20.5404,3.66921,-49.8088,0.461879,1.0182,-0.088489,9.370000000000005
1772222452041062108,2026-02-27 15:00:52.041,-20.6593,3.68871,-49.3544,0.46493,1.02758,-0.092508,9.372
1772222452042196979,2026-02-27 15:00:52.042,-20.8357,3.65827,-49.1874,0.464264,1.03782,-0.096558,9.373000000000005
1772222452043397637,2026-02-27 15:00:52.043,-21.0694,3.64253,-49.2833,0.465491,1.05079,-0.097722,9.37400000000001
1772222452044582931,2026-02-27 15:00:52.044,-21.2135,3.65823,-49.2981,0.465454,1.063,-0.098677,9.375
1772222452045717001,2026-02-27 15:00:52.045,-21.4081,3.62056,-49.4766,0.463326,1.07538,-0.099769,9.376000000000005
1772222452046874709,2026-02-27 15:00:52.046,-21.8645,3.60789,-48.7377,0.463605,1.10274,-0.110618,9.37700000000001
1772222452048075134,2026-02-27 15:00:52.048,-22.0718,3.54116,-49.0049,0.462213,1.11764,-0.110509,9.379000000000005
1772222452049272829,2026-02-27 15:00:52.049,-22.2588,3.46761,-49.4749,0.458124,1.1302,-0.107557,9.38000000000001
1772222452050481549,2026-02-27 15:00:52.050,-22.4766,3.4757,-50.0274,0.456494,1.14497,-0.104357,9.381
1772222452051614847,2026-02-27 15:00:52.051,-22.7165,3.46241,-50.1254,0.454809,1.15865,-0.105376,9.382000000000005
1772222452052786326,2026-02-27 15:00:52.052,-22.9804,3.38006,-50.2862,0.451301,1.17246,-0.10628,9.38300000000001
1772222452053961095,2026-02-27 15:00:52.053,-23.416,3.34406,-50.5689,0.448557,1.20024,-0.107321,9.384
1772222452055132905,2026-02-27 15:00:52.055,-23.5079,3.26768,-51.6095,0.445426,1.21273,-0.100874,9.38600000000001
1772222452056310134,2026-02-27 15:00:52.056,-23.7562,3.25898,-51.2974,0.444193,1.22507,-0.105474,9.387
1772222452057518085,2026-02-27 15:00:52.057,-23.9382,3.19772,-51.3499,0.441621,1.23673,-0.107156,9.388000000000005
1772222452058661234,2026-02-27 15:00:52.058,-24.1579,3.25514,-51.0764,0.441535,1.24932,-0.111952,9.38900000000001
1772222452059857321,2026-02-27 15:00:52.059,-24.3948,3.20941,-51.0197,0.436751,1.2605,-0.115068,9.39
1772222452061037926,2026-02-27 15:00:52.061,-24.7074,3.11177,-51.3335,0.434718,1.28133,-0.117392,9.39200000000001
1772222452062231200,2026-02-27 15:00:52.062,-24.9217,3.07211,-51.4751,0.432861,1.29172,-0.117991,9.393
1772222452063430716,2026-02-27 15:00:52.063,-25.0378,3.06977,-50.5508,0.433336,1.30104,-0.128653,9.394000000000005
1772222452064570121,2026-02-27 15:00:52.064,-25.2362,3.07346,-51.0118,0.432691,1.31083,-0.127029,9.39500000000001
1772222452065708920,2026-02-27 15:00:52.065,-25.3608,3.0189,-51.1539,0.428902,1.3183,-0.127471,9.396
1772222452066860385,2026-02-27 15:00:52.066,-25.5129,3.01234,-51.7911,0.428524,1.3287,-0.123631,9.397000000000006
1772222452068043916,2026-02-27 15:00:52.068,-25.7307,2.93528,-52.337,0.428316,1.34406,-0.124511,9.399000000000001
1772222452069248135,2026-02-27 15:00:52.069,-25.872,2.90914,-52.4638,0.424359,1.35036,-0.124264,9.400000000000006
1772222452070421108,2026-02-27 15:00:52.070,-26.002,2.9071,-52.6419,0.423526,1.35825,-0.12528,9.40100000000001
1772222452071562607,2026-02-27 15:00:52.071,-26.1389,2.91606,-53.4608,0.421243,1.36444,-0.11874,9.402000000000001
1772222452072696817,2026-02-27 15:00:52.072,-26.2575,2.87545,-53.7495,0.421743,1.37197,-0.118315,9.403000000000006
1772222452073878762,2026-02-27 15:00:52.073,-26.5549,2.89202,-53.4775,0.424878,1.38631,-0.126038,9.40400000000001
1772222452075071760,2026-02-27 15:00:52.075,-26.6223,2.92094,-53.3173,0.425395,1.39237,-0.128752,9.406000000000006
1772222452076356120,2026-02-27 15:00:52.076,-26.7675,2.97918,-53.1873,0.427271,1.39863,-0.130115,9.40700000000001
1772222452077559624,2026-02-27 15:00:52.077,-26.8004,3.02674,-53.2066,0.431501,1.40151,-0.133239,9.408000000000001
1772222452078691692,2026-02-27 15:00:52.078,-26.9085,3.06235,-53.3083,0.43258,1.40905,-0.133304,9.409000000000006
1772222452079865863,2026-02-27 15:00:52.079,-27.3014,3.17618,-52.4341,0.441207,1.42803,-0.139474,9.41000000000001
1772222452081050445,2026-02-27 15:00:52.081,-27.3763,3.29068,-52.8607,0.444785,1.43736,-0.139455,9.412000000000006
1772222452082229259,2026-02-27 15:00:52.082,-27.5621,3.383,-53.0814,0.450689,1.44889,-0.139896,9.413000000000011
1772222452083411993,2026-02-27 15:00:52.083,-27.7846,3.41593,-53.546,0.4541,1.45993,-0.137537,9.414000000000001
1772222452084560351,2026-02-27 15:00:52.084,-27.8986,3.53592,-53.6849,0.459005,1.46908,-0.137945,9.415000000000006
1772222452085692814,2026-02-27 15:00:52.085,-28.0862,3.54751,-53.653,0.462777,1.47879,-0.139802,9.416000000000011
1772222452086843490,2026-02-27 15:00:52.086,-28.2329,3.63679,-53.6652,0.467775,1.48754,-0.140984,9.417000000000002
1772222452088016483,2026-02-27 15:00:52.088,-28.4292,3.80676,-54.579,0.48012,1.49939,-0.13159,9.419000000000011
1772222452089208942,2026-02-27 15:00:52.089,-28.6248,3.83201,-54.0558,0.479531,1.51269,-0.13395,9.420000000000002
1772222452090382393,2026-02-27 15:00:52.090,-28.7873,3.82229,-54.0334,0.481245,1.52685,-0.13424,9.421000000000006
1772222452091534636,2026-02-27 15:00:52.091,-29.0464,3.84717,-53.5301,0.484831,1.54261,-0.139729,9.422000000000011
1772222452092692544,2026-02-27 15:00:52.092,-29.3346,3.85586,-53.2624,0.484312,1.55909,-0.143728,9.423000000000002
1772222452093843315,2026-02-27 15:00:52.093,-29.5641,3.85033,-53.2145,0.484029,1.57418,-0.145087,9.424000000000007
1772222452095014624,2026-02-27 15:00:52.095,-29.8749,3.74551,-53.0584,0.484634,1.59791,-0.147359,9.426000000000002
1772222452096193705,2026-02-27 15:00:52.096,-29.9705,3.7759,-52.1318,0.484047,1.61102,-0.155101,9.427000000000007
1772222452097375035,2026-02-27 15:00:52.097,-30.2369,3.73136,-52.0117,0.476884,1.62267,-0.152455,9.428000000000011
1772222452098540745,2026-02-27 15:00:52.098,-30.3863,3.62057,-52.0941,0.477554,1.63297,-0.152402,9.429000000000002
1772222452099673199,2026-02-27 15:00:52.099,-30.5276,3.51059,-52.4733,0.469033,1.64084,-0.147975,9.430000000000007
1772222452100821898,2026-02-27 15:00:52.100,-30.7838,3.42953,-52.6811,0.459951,1.65149,-0.145133,9.431000000000012
1772222452101995639,2026-02-27 15:00:52.101,-31.0441,3.19756,-52.6167,0.45091,1.67437,-0.143044,9.432000000000002
1772222452103173894,2026-02-27 15:00:52.103,-31.1341,3.11852,-52.621,0.445078,1.68428,-0.142668,9.434000000000012
1772222452104354563,2026-02-27 15:00:52.104,-31.2829,3.04607,-52.9119,0.439103,1.69198,-0.139179,9.435000000000002
1772222452105562019,2026-02-27 15:00:52.105,-31.361,2.86763,-53.6197,0.431116,1.6995,-0.134135,9.436000000000007
1772222452106694338,2026-02-27 15:00:52.106,-31.5108,2.76606,-53.2669,0.425089,1.70247,-0.13579,9.437000000000012
1772222452107866922,2026-02-27 15:00:52.107,-31.5601,2.66317,-53.0431,0.418545,1.71164,-0.135969,9.438000000000002
1772222452109012629,2026-02-27 15:00:52.109,-31.8245,2.40597,-52.6366,0.400956,1.72933,-0.137009,9.440000000000012
1772222452110211071,2026-02-27 15:00:52.110,-32.0378,2.30021,-52.8228,0.392786,1.73903,-0.137364,9.441000000000003
1772222452111390067,2026-02-27 15:00:52.111,-32.2002,2.14823,-52.9624,0.387311,1.74839,-0.138327,9.442000000000007
1772222452112551085,2026-02-27 15:00:52.112,-32.3992,1.98785,-53.0666,0.377165,1.75545,-0.13889,9.443000000000012
1772222452113682553,2026-02-27 15:00:52.113,-32.4719,1.89618,-52.2187,0.371198,1.76336,-0.147432,9.444000000000003
1772222452114840862,2026-02-27 15:00:52.114,-32.6667,1.80286,-52.8662,0.362337,1.77073,-0.142684,9.445000000000007
1772222452116035377,2026-02-27 15:00:52.116,-32.813,1.53188,-53.9052,0.354524,1.77882,-0.136986,9.447000000000003
1772222452117213975,2026-02-27 15:00:52.117,-32.8515,1.48195,-54.1103,0.344009,1.78338,-0.134188,9.448000000000008
1772222452118393267,2026-02-27 15:00:52.118,-32.9851,1.3673,-54.3451,0.337805,1.79052,-0.133046,9.449000000000012
1772222452119544933,2026-02-27 15:00:52.119,-33.0277,1.15468,-54.5548,0.328461,1.79385,-0.132645,9.450000000000003
1772222452120674619,2026-02-27 15:00:52.120,-33.1863,1.05431,-54.8215,0.32136,1.80103,-0.133012,9.451000000000008
1772222452121846798,2026-02-27 15:00:52.121,-33.2567,0.931316,-55.9596,0.315898,1.80378,-0.124424,9.452000000000012
1772222452123020040,2026-02-27 15:00:52.123,-33.3642,0.823471,-56.1422,0.309145,1.8069,-0.125138,9.454000000000008
1772222452124190787,2026-02-27 15:00:52.124,-33.4176,0.618309,-56.0581,0.296368,1.80788,-0.129514,9.455000000000013
1772222452125328336,2026-02-27 15:00:52.125,-33.438,0.545674,-55.894,0.29165,1.80822,-0.129983,9.456000000000003
1772222452126559969,2026-02-27 15:00:52.126,-33.4794,0.488875,-55.9617,0.284355,1.80692,-0.12952,9.457000000000008
1772222452127695098,2026-02-27 15:00:52.127,-33.4305,0.328055,-56.1726,0.277753,1.80671,-0.128606,9.458000000000013
1772222452128873575,2026-02-27 15:00:52.128,-33.51,0.209784,-56.3791,0.275158,1.80624,-0.128573,9.459000000000003
1772222452130047076,2026-02-27 15:00:52.130,-33.4494,0.19097,-55.9735,0.272337,1.80406,-0.134615,9.461000000000013
1772222452131225523,2026-02-27 15:00:52.131,-33.4817,0.083697,-56.0687,0.265323,1.79992,-0.133084,9.462000000000003
1772222452132424511,2026-02-27 15:00:52.132,-33.3977,0.023849,-56.4974,0.262313,1.79745,-0.129796,9.463000000000008
1772222452133561408,2026-02-27 15:00:52.133,-33.3006,-0.039512,-56.8889,0.257987,1.79221,-0.126056,9.463999999999999
1772222452134694409,2026-02-27 15:00:52.134,-33.2697,-0.018047,-57.0318,0.262357,1.78865,-0.125782,9.465000000000003
1772222452135894859,2026-02-27 15:00:52.135,-33.2103,-0.009712,-56.8955,0.257289,1.78184,-0.1251,9.466000000000008
1772222452137068882,2026-02-27 15:00:52.137,-33.0599,-0.005996,-56.9163,0.259127,1.77629,-0.124646,9.468000000000004
1772222452138248474,2026-02-27 15:00:52.138,-32.8101,0.023648,-57.8082,0.262292,1.76286,-0.115385,9.469000000000008
1772222452139447322,2026-02-27 15:00:52.139,-32.7337,0.038902,-57.4553,0.261289,1.75462,-0.119609,9.469999999999999
1772222452140603212,2026-02-27 15:00:52.140,-32.564,0.104373,-57.3189,0.263249,1.74459,-0.118336,9.471000000000004
1772222452141735871,2026-02-27 15:00:52.141,-32.4448,0.16168,-56.9193,0.262616,1.73572,-0.123373,9.472000000000008
1772222452142864312,2026-02-27 15:00:52.142,-32.2631,0.237685,-56.6313,0.269894,1.72468,-0.123172,9.472999999999999
1772222452144044227,2026-02-27 15:00:52.144,-32.0923,0.321153,-56.5628,0.271993,1.71314,-0.124038,9.475000000000009
1772222452145215992,2026-02-27 15:00:52.145,-31.7087,0.446344,-56.4515,0.282761,1.69085,-0.124422,9.475999999999999
1772222452146417962,2026-02-27 15:00:52.146,-31.5304,0.588666,-55.4198,0.287469,1.67798,-0.132343,9.477000000000004
1772222452147559999,2026-02-27 15:00:52.147,-31.2655,0.703971,-55.5131,0.298284,1.6652,-0.129502,9.478000000000009
1772222452148691835,2026-02-27 15:00:52.148,-31.029,0.867186,-55.4851,0.309128,1.65288,-0.129762,9.479
1772222452149869407,2026-02-27 15:00:52.149,-30.7909,0.935979,-55.8668,0.313316,1.63834,-0.123784,9.480000000000004
1772222452151044006,2026-02-27 15:00:52.151,-30.6089,1.01617,-56.0203,0.31695,1.62574,-0.121742,9.482
1772222452152216430,2026-02-27 15:00:52.152,-30.1778,1.25638,-55.6927,0.332462,1.59699,-0.120708,9.483000000000004
1772222452153415637,2026-02-27 15:00:52.153,-29.9133,1.38786,-55.5859,0.342481,1.58365,-0.120532,9.484000000000009
1772222452154576102,2026-02-27 15:00:52.154,-29.6922,1.52957,-56.0237,0.349755,1.57158,-0.115149,9.485
1772222452155708547,2026-02-27 15:00:52.155,-29.4989,1.65356,-56.1351,0.354364,1.55855,-0.113253,9.486000000000004
1772222452156886324,2026-02-27 15:00:52.156,-29.3592,1.78617,-55.6954,0.360394,1.54773,-0.114652,9.487000000000009
1772222452158062041,2026-02-27 15:00:52.158,-29.1145,1.90505,-55.1192,0.371406,1.53769,-0.117659,9.489000000000004
1772222452159253608,2026-02-27 15:00:52.159,-28.8667,2.26216,-54.3271,0.389291,1.52241,-0.122332,9.490000000000009
1772222452160485377,2026-02-27 15:00:52.160,-28.7778,2.38679,-54.0625,0.394831,1.51524,-0.121946,9.491
1772222452161619659,2026-02-27 15:00:52.161,-28.6054,2.57438,-53.87,0.405166,1.5111,-0.122411,9.492000000000004
1772222452162751547,2026-02-27 15:00:52.162,-28.5574,2.63691,-53.5068,0.409951,1.50509,-0.124791,9.49300000000001
1772222452163884536,2026-02-27 15:00:52.163,-28.4611,2.79653,-52.4954,0.417292,1.50161,-0.132539,9.494
1772222452165074725,2026-02-27 15:00:52.165,-28.3931,2.91111,-52.7329,0.425568,1.49975,-0.129881,9.49600000000001
1772222452166247021,2026-02-27 15:00:52.166,-28.3858,3.11499,-53.0272,0.433345,1.49602,-0.125019,9.497
1772222452167444367,2026-02-27 15:00:52.167,-28.293,3.2456,-53.0104,0.442481,1.4951,-0.123718,9.498000000000005
1772222452168574075,2026-02-27 15:00:52.168,-28.2644,3.3455,-52.9992,0.449076,1.49486,-0.125027,9.49900000000001
1772222452169706140,2026-02-27 15:00:52.169,-28.2782,3.38787,-52.8096,0.45263,1.49375,-0.125868,9.5
1772222452170887181,2026-02-27 15:00:52.170,-28.2177,3.45425,-52.789,0.457067,1.49252,-0.12553,9.501000000000005
1772222452172075706,2026-02-27 15:00:52.172,-28.186,3.53952,-53.7194,0.461659,1.49378,-0.116752,9.503
1772222452173251938,2026-02-27 15:00:52.173,-28.2099,3.53583,-53.3164,0.462342,1.4931,-0.119271,9.504000000000005
1772222452174449394,2026-02-27 15:00:52.174,-28.1688,3.56003,-52.8608,0.461076,1.49223,-0.123529,9.50500000000001
1772222452175603378,2026-02-27 15:00:52.175,-28.1863,3.53509,-52.5402,0.460313,1.4923,-0.125936,9.506
1772222452176802073,2026-02-27 15:00:52.176,-28.1898,3.51989,-52.5977,0.462474,1.49282,-0.126364,9.507000000000005
1772222452178000734,2026-02-27 15:00:52.178,-28.2491,3.4725,-52.6059,0.4562,1.4922,-0.125628,9.509
1772222452179174951,2026-02-27 15:00:52.179,-28.268,3.38218,-52.6498,0.452621,1.49326,-0.125355,9.510000000000005
1772222452180352476,2026-02-27 15:00:52.180,-28.3238,3.20979,-51.8926,0.44735,1.49362,-0.132591,9.51100000000001
1772222452181559841,2026-02-27 15:00:52.181,-28.3689,3.13524,-52.0281,0.437318,1.49471,-0.131198,9.512
1772222452182691650,2026-02-27 15:00:52.182,-28.361,3.01401,-52.5348,0.431474,1.49681,-0.125508,9.513000000000005
1772222452183871057,2026-02-27 15:00:52.183,-28.3637,2.84937,-53.0068,0.424052,1.49819,-0.122188,9.51400000000001
1772222452185069405,2026-02-27 15:00:52.185,-28.4319,2.72229,-53.1245,0.416539,1.49909,-0.120319,9.516000000000005
1772222452186242260,2026-02-27 15:00:52.186,-28.4567,2.61733,-53.1877,0.410259,1.50102,-0.120344,9.51700000000001
1772222452187423145,2026-02-27 15:00:52.187,-28.4805,2.32687,-53.5499,0.393833,1.50547,-0.115546,9.518
1772222452188680198,2026-02-27 15:00:52.188,-28.5433,2.13327,-54.3331,0.382124,1.50664,-0.108621,9.519000000000005
1772222452189882913,2026-02-27 15:00:52.189,-28.5835,1.95545,-54.0401,0.372467,1.50649,-0.110443,9.52000000000001
1772222452191083684,2026-02-27 15:00:52.191,-28.6101,1.81762,-53.8571,0.359186,1.50797,-0.11113,9.522000000000006
1772222452192281839,2026-02-27 15:00:52.192,-28.5189,1.50896,-53.4122,0.34433,1.50947,-0.114216,9.52300000000001
1772222452193492537,2026-02-27 15:00:52.193,-28.527,1.39681,-53.5476,0.336686,1.51016,-0.112595,9.524000000000001
1772222452194628897,2026-02-27 15:00:52.194,-28.6278,1.20683,-53.5926,0.323856,1.50962,-0.112927,9.525000000000006
1772222452195806842,2026-02-27 15:00:52.195,-28.6129,1.0962,-53.5847,0.317905,1.51104,-0.111215,9.52600000000001
1772222452197006891,2026-02-27 15:00:52.197,-28.6848,0.901479,-52.6565,0.305682,1.50954,-0.120187,9.528000000000006
1772222452198180250,2026-02-27 15:00:52.198,-28.6767,0.828983,-53.0293,0.299573,1.5117,-0.116326,9.52900000000001
1772222452199355712,2026-02-27 15:00:52.199,-28.7644,0.545984,-53.6405,0.285968,1.51485,-0.110905,9.530000000000001
1772222452200509609,2026-02-27 15:00:52.200,-28.777,0.452503,-54.0456,0.282616,1.51687,-0.108283,9.531000000000006
1772222452201653934,2026-02-27 15:00:52.201,-28.848,0.37121,-54.1494,0.278707,1.52122,-0.108277,9.53200000000001
1772222452202855661,2026-02-27 15:00:52.202,-28.9306,0.295326,-54.2952,0.27449,1.52663,-0.108094,9.533000000000001
1772222452204055529,2026-02-27 15:00:52.204,-29.0584,0.193585,-54.5141,0.272312,1.53363,-0.109202,9.53500000000001
1772222452205229389,2026-02-27 15:00:52.205,-29.227,0.204842,-55.389,0.265092,1.54,-0.100644,9.536000000000001
1772222452206405365,2026-02-27 15:00:52.206,-29.5028,0.178913,-55.6288,0.261627,1.55419,-0.101986,9.537000000000006
1772222452207554804,2026-02-27 15:00:52.207,-29.5457,0.189794,-55.3705,0.265034,1.56205,-0.106986,9.538000000000011
1772222452208687306,2026-02-27 15:00:52.208,-29.7171,0.227608,-55.2297,0.266763,1.56962,-0.11007,9.539000000000001
1772222452209868556,2026-02-27 15:00:52.209,-29.8019,0.282856,-55.3209,0.27063,1.57694,-0.111566,9.540000000000006
1772222452211067434,2026-02-27 15:00:52.211,-29.9426,0.307493,-55.44,0.26639,1.58217,-0.112559,9.542000000000002
1772222452212241591,2026-02-27 15:00:52.212,-29.929,0.308802,-55.6333,0.271625,1.58733,-0.113708,9.543000000000006
1772222452213417888,2026-02-27 15:00:52.213,-30.2391,0.537674,-54.8212,0.279535,1.59689,-0.122974,9.544000000000011
1772222452214568703,2026-02-27 15:00:52.214,-30.2874,0.594422,-55.2152,0.286287,1.60142,-0.121564,9.545000000000002
1772222452215701352,2026-02-27 15:00:52.215,-30.3691,0.705676,-55.6144,0.293998,1.6051,-0.119434,9.546000000000006
1772222452216878826,2026-02-27 15:00:52.216,-30.305,0.836061,-56.0344,0.301064,1.60567,-0.116928,9.547000000000011
1772222452218077296,2026-02-27 15:00:52.218,-30.3533,0.960338,-56.21,0.311909,1.60881,-0.117604,9.549000000000007
1772222452219251778,2026-02-27 15:00:52.219,-30.3948,1.11563,-56.1814,0.317814,1.61015,-0.118657,9.550000000000011
1772222452220430884,2026-02-27 15:00:52.220,-30.4823,1.34659,-56.1995,0.331661,1.61229,-0.12165,9.551000000000002
1772222452221585101,2026-02-27 15:00:52.221,-30.4453,1.49801,-57.2137,0.345451,1.61241,-0.112035,9.552000000000007
1772222452222763958,2026-02-27 15:00:52.222,-30.5589,1.56002,-56.871,0.349422,1.61374,-0.117879,9.553000000000011
1772222452223968065,2026-02-27 15:00:52.223,-30.5344,1.77639,-56.823,0.363956,1.61541,-0.118109,9.554000000000002
1772222452225107785,2026-02-27 15:00:52.225,-30.6549,1.94093,-56.3583,0.370267,1.61746,-0.123787,9.556000000000012
1772222452226283202,2026-02-27 15:00:52.226,-30.668,2.05919,-56.2144,0.382826,1.62081,-0.126413,9.557000000000002
1772222452227474275,2026-02-27 15:00:52.227,-30.8419,2.34437,-56.0721,0.398924,1.63127,-0.128888,9.558000000000007
1772222452228608634,2026-02-27 15:00:52.228,-30.9632,2.50289,-56.2216,0.412535,1.63991,-0.130368,9.559000000000012
1772222452229782965,2026-02-27 15:00:52.229,-31.0442,2.65191,-55.2006,0.419608,1.64576,-0.139869,9.560000000000002
1772222452230982904,2026-02-27 15:00:52.230,-31.2317,2.79722,-55.2518,0.424286,1.65529,-0.141464,9.561000000000007
1772222452232181572,2026-02-27 15:00:52.232,-31.3627,2.92655,-55.3853,0.436057,1.66496,-0.142358,9.563000000000002
1772222452233378135,2026-02-27 15:00:52.233,-31.6019,3.12941,-56.2314,0.451578,1.68186,-0.136951,9.564000000000007
1772222452234533966,2026-02-27 15:00:52.234,-31.7254,3.27302,-56.3039,0.459244,1.68988,-0.138083,9.565000000000012
1772222452235675199,2026-02-27 15:00:52.235,-31.8332,3.32375,-56.296,0.465655,1.69805,-0.139045,9.566000000000003
1772222452236903178,2026-02-27 15:00:52.236,-31.8513,3.4265,-56.289,0.475783,1.70324,-0.139481,9.567000000000007
1772222452238107211,2026-02-27 15:00:52.238,-31.9257,3.49687,-56.7188,0.481585,1.70935,-0.135763,9.569000000000003
1772222452239279868,2026-02-27 15:00:52.239,-32.0167,3.59253,-57.2822,0.490135,1.71634,-0.133331,9.570000000000007
1772222452240481017,2026-02-27 15:00:52.240,-32.1783,3.6556,-56.7322,0.497355,1.72404,-0.139487,9.571000000000012
1772222452241615474,2026-02-27 15:00:52.241,-32.2576,3.66233,-56.3684,0.499015,1.72703,-0.142237,9.572000000000003
1772222452242810677,2026-02-27 15:00:52.242,-32.2636,3.74193,-56.1774,0.502541,1.7311,-0.14314,9.573000000000008
1772222452244008943,2026-02-27 15:00:52.244,-32.3674,3.78161,-56.2826,0.505249,1.73454,-0.142685,9.575000000000003
1772222452245208237,2026-02-27 15:00:52.245,-32.4578,3.7314,-56.336,0.507708,1.73678,-0.143953,9.576000000000008
1772222452246413812,2026-02-27 15:00:52.246,-32.5358,3.63281,-55.2208,0.504629,1.7398,-0.152856,9.577000000000012
1772222452247548357,2026-02-27 15:00:52.247,-32.5705,3.61729,-55.6582,0.504677,1.74336,-0.148225,9.578000000000003
1772222452248680652,2026-02-27 15:00:52.248,-32.6362,3.61541,-55.7045,0.504246,1.74826,-0.147442,9.579000000000008
1772222452249857925,2026-02-27 15:00:52.249,-32.6094,3.58049,-56.2594,0.504568,1.75192,-0.143345,9.580000000000013
1772222452251057016,2026-02-27 15:00:52.251,-32.6253,3.50347,-56.3586,0.500403,1.75454,-0.140783,9.582000000000008
1772222452252254424,2026-02-27 15:00:52.252,-32.7382,3.46323,-56.3543,0.500638,1.75874,-0.14165,9.583000000000013
1772222452253429491,2026-02-27 15:00:52.253,-32.8038,3.34352,-56.3431,0.493884,1.76421,-0.140614,9.584000000000003
1772222452254581872,2026-02-27 15:00:52.254,-32.8246,3.20968,-57.238,0.489096,1.76537,-0.131674,9.585000000000008
1772222452255757976,2026-02-27 15:00:52.255,-32.8663,3.19578,-57.1135,0.483138,1.76811,-0.132396,9.586000000000013
1772222452256959191,2026-02-27 15:00:52.256,-32.8769,3.10218,-57.1151,0.481175,1.76809,-0.132269,9.587000000000003
1772222452258162374,2026-02-27 15:00:52.258,-32.8641,3.03931,-56.5875,0.473754,1.76957,-0.135402,9.588999999999999
1772222452259302672,2026-02-27 15:00:52.259,-32.9237,2.95618,-56.3678,0.472838,1.76967,-0.138089,9.590000000000003
1772222452260517483,2026-02-27 15:00:52.260,-32.8533,2.76737,-56.2469,0.460293,1.76747,-0.138396,9.591000000000008
1772222452261651937,2026-02-27 15:00:52.261,-32.8445,2.68121,-56.2343,0.455473,1.76606,-0.137453,9.591999999999999
1772222452262826132,2026-02-27 15:00:52.262,-32.7921,2.59905,-55.5725,0.447685,1.76433,-0.142427,9.593000000000004
1772222452264028845,2026-02-27 15:00:52.264,-32.7979,2.45553,-55.2143,0.439941,1.76105,-0.144767,9.594999999999999
1772222452265225915,2026-02-27 15:00:52.265,-32.7062,2.37715,-55.42,0.436513,1.75635,-0.141346,9.596000000000004
1772222452266399330,2026-02-27 15:00:52.266,-32.5826,2.27856,-55.718,0.427446,1.75291,-0.136434,9.597000000000008
1772222452267558720,2026-02-27 15:00:52.267,-32.4777,1.98615,-56.0657,0.415332,1.74229,-0.130532,9.597999999999999
1772222452268696248,2026-02-27 15:00:52.268,-32.4079,1.93772,-55.9905,0.406961,1.73598,-0.129997,9.599000000000004
1772222452269890480,2026-02-27 15:00:52.269,-32.26,1.76117,-55.8325,0.395561,1.72879,-0.129582,9.600000000000009
1772222452271090910,2026-02-27 15:00:52.271,-32.2003,1.63529,-55.8063,0.385319,1.72288,-0.127874,9.602000000000004
1772222452272290022,2026-02-27 15:00:52.272,-32.0748,1.57208,-56.7403,0.385104,1.71989,-0.11863,9.603000000000009
1772222452273494865,2026-02-27 15:00:52.273,-31.8816,1.35787,-55.9197,0.365503,1.70688,-0.120329,9.604
1772222452274635190,2026-02-27 15:00:52.274,-31.7989,1.28276,-55.4798,0.361607,1.70103,-0.122305,9.605000000000004
1772222452275784465,2026-02-27 15:00:52.275,-31.6897,1.22667,-55.1907,0.353945,1.69476,-0.12316,9.606000000000009
1772222452276989213,2026-02-27 15:00:52.276,-31.6118,1.08998,-55.1156,0.347897,1.68876,-0.12242,9.607
1772222452278189882,2026-02-27 15:00:52.278,-31.5075,1.03743,-55.0251,0.343109,1.68305,-0.120765,9.609000000000009
1772222452279365296,2026-02-27 15:00:52.279,-31.3949,0.994908,-54.8644,0.335518,1.67795,-0.120633,9.61
1772222452280532485,2026-02-27 15:00:52.280,-31.1942,0.857603,-53.9952,0.325937,1.66567,-0.126127,9.611000000000004
1772222452281667055,2026-02-27 15:00:52.281,-31.1167,0.821214,-53.88,0.319936,1.65945,-0.125306,9.612000000000009
1772222452282824708,2026-02-27 15:00:52.282,-30.9612,0.743378,-54.3454,0.3149,1.65265,-0.119504,9.613
1772222452284025391,2026-02-27 15:00:52.284,-30.8559,0.696332,-54.5483,0.310074,1.64391,-0.116682,9.615000000000009
1772222452285226811,2026-02-27 15:00:52.285,-30.6741,0.652041,-54.5127,0.309019,1.63583,-0.115623,9.616
1772222452286401721,2026-02-27 15:00:52.286,-30.5413,0.619152,-54.433,0.304094,1.62784,-0.115443,9.617000000000004
1772222452287581260,2026-02-27 15:00:52.287,-30.3574,0.544289,-54.3041,0.299571,1.61709,-0.113316,9.61800000000001
1772222452288778468,2026-02-27 15:00:52.288,-30.0186,0.562472,-55.0026,0.298597,1.5979,-0.105715,9.619
1772222452289981890,2026-02-27 15:00:52.289,-29.8,0.533892,-54.5953,0.295811,1.58612,-0.105513,9.620000000000005
1772222452291186687,2026-02-27 15:00:52.291,-29.7175,0.53177,-54.0668,0.289507,1.57565,-0.108876,9.622
1772222452292335661,2026-02-27 15:00:52.292,-29.5458,0.546831,-53.6347,0.287941,1.56404,-0.109441,9.623000000000005
1772222452293551804,2026-02-27 15:00:52.293,-29.3371,0.54081,-53.3308,0.289819,1.55263,-0.108759,9.62400000000001
1772222452294705753,2026-02-27 15:00:52.294,-28.8927,0.550419,-53.0408,0.290111,1.52807,-0.105697,9.625
1772222452295890428,2026-02-27 15:00:52.295,-28.6814,0.538145,-52.6693,0.287488,1.51867,-0.109379,9.626000000000005
1772222452297092614,2026-02-27 15:00:52.297,-28.5962,0.502623,-51.6955,0.281703,1.50574,-0.115459,9.628
1772222452298293636,2026-02-27 15:00:52.298,-28.3263,0.544785,-51.7436,0.284868,1.49532,-0.110482,9.629000000000005
1772222452299484975,2026-02-27 15:00:52.299,-28.1092,0.56553,-51.6603,0.285583,1.48588,-0.107188,9.63000000000001
1772222452300730361,2026-02-27 15:00:52.300,-27.8087,0.62033,-51.8372,0.28459,1.46677,-0.101609,9.631
1772222452301933448,2026-02-27 15:00:52.301,-27.6402,0.585008,-51.5903,0.28654,1.45733,-0.10162,9.632000000000005
1772222452303135211,2026-02-27 15:00:52.303,-27.4911,0.676022,-51.3748,0.285418,1.44911,-0.100155,9.634
1772222452304335973,2026-02-27 15:00:52.304,-27.3543,0.741316,-51.1814,0.288959,1.441,-0.098187,9.635000000000005
1772222452305525838,2026-02-27 15:00:52.305,-27.2591,0.799345,-52.1498,0.2944,1.43578,-0.089794,9.63600000000001
1772222452306660653,2026-02-27 15:00:52.306,-27.0012,0.915542,-51.5311,0.298269,1.42199,-0.093521,9.637
1772222452307865270,2026-02-27 15:00:52.307,-26.9086,0.984556,-50.8967,0.300948,1.41551,-0.096878,9.638000000000005
1772222452309013921,2026-02-27 15:00:52.309,-26.8138,1.03566,-50.5554,0.305069,1.40994,-0.098896,9.64
1772222452310225393,2026-02-27 15:00:52.310,-26.7305,1.06102,-50.4783,0.309238,1.40502,-0.097872,9.641000000000005
1772222452311417184,2026-02-27 15:00:52.311,-26.6816,1.10693,-50.492,0.310912,1.3997,-0.098836,9.64200000000001
1772222452312560832,2026-02-27 15:00:52.312,-26.5302,1.17879,-49.6639,0.317345,1.38939,-0.106681,9.643
1772222452313695978,2026-02-27 15:00:52.313,-26.4559,1.20829,-49.6411,0.320566,1.38516,-0.106777,9.644000000000005
1772222452314880775,2026-02-27 15:00:52.314,-26.3544,1.23924,-49.7879,0.325743,1.38108,-0.105662,9.64500000000001
1772222452316080924,2026-02-27 15:00:52.316,-26.2955,1.23157,-50.2892,0.325605,1.3765,-0.10057,9.647000000000006
1772222452317281131,2026-02-27 15:00:52.317,-26.298,1.27389,-50.7775,0.322191,1.3731,-0.097846,9.64800000000001
1772222452318481410,2026-02-27 15:00:52.318,-26.1748,1.32732,-51.0236,0.330784,1.36806,-0.096912,9.649000000000001
1772222452319614893,2026-02-27 15:00:52.319,-26.165,1.3079,-51.0803,0.332278,1.36619,-0.097541,9.650000000000006
1772222452320763159,2026-02-27 15:00:52.320,-26.2184,1.32477,-51.5109,0.332523,1.36647,-0.094107,9.65100000000001
1772222452321934544,2026-02-27 15:00:52.321,-26.234,1.37237,-52.349,0.331628,1.36623,-0.087501,9.652000000000001
1772222452323105824,2026-02-27 15:00:52.323,-26.2925,1.38508,-52.2218,0.333014,1.36853,-0.091454,9.65400000000001
1772222452324305192,2026-02-27 15:00:52.324,-26.3712,1.42683,-52.2449,0.33745,1.37116,-0.094122,9.655000000000001
1772222452325491239,2026-02-27 15:00:52.325,-26.4909,1.42148,-52.0247,0.334087,1.37592,-0.097067,9.656000000000006
1772222452326625380,2026-02-27 15:00:52.326,-26.6956,1.52151,-52.3875,0.344915,1.38959,-0.100491,9.65700000000001
1772222452327800629,2026-02-27 15:00:52.327,-26.8187,1.49872,-52.6295,0.347502,1.39789,-0.10085,9.658000000000001
1772222452328998627,2026-02-27 15:00:52.328,-27.0072,1.49783,-52.8294,0.346584,1.40583,-0.101846,9.659000000000006
1772222452330198199,2026-02-27 15:00:52.330,-27.2324,1.50929,-52.1676,0.351829,1.41606,-0.112923,9.661000000000001
1772222452331395515,2026-02-27 15:00:52.331,-27.3266,1.53571,-52.8252,0.352084,1.42628,-0.108879,9.662000000000006
1772222452332537945,2026-02-27 15:00:52.332,-27.55,1.4876,-53.1261,0.354348,1.43529,-0.109886,9.663000000000011
1772222452333685991,2026-02-27 15:00:52.333,-27.7016,1.46482,-54.024,0.356099,1.44583,-0.106583,9.664000000000001
1772222452334909795,2026-02-27 15:00:52.334,-27.9935,1.53127,-54.8745,0.359325,1.4619,-0.107663,9.665000000000006
1772222452336113896,2026-02-27 15:00:52.336,-28.172,1.47266,-55.1608,0.36125,1.47153,-0.107641,9.667000000000002
1772222452337313989,2026-02-27 15:00:52.337,-28.2784,1.49299,-55.4184,0.362536,1.47771,-0.108844,9.668000000000006
1772222452338506212,2026-02-27 15:00:52.338,-28.4031,1.44408,-56.6238,0.365009,1.48554,-0.102054,9.669000000000011
1772222452339643852,2026-02-27 15:00:52.339,-28.6505,1.45412,-57.0998,0.363756,1.49839,-0.104524,9.670000000000002
1772222452340796286,2026-02-27 15:00:52.340,-28.7084,1.46339,-56.7828,0.370034,1.50225,-0.10915,9.671000000000006
1772222452341935452,2026-02-27 15:00:52.341,-28.8082,1.498,-56.6807,0.371179,1.50624,-0.112471,9.672000000000011
1772222452343108807,2026-02-27 15:00:52.343,-28.9139,1.50393,-56.8593,0.370418,1.51052,-0.11344,9.674000000000007
1772222452344280442,2026-02-27 15:00:52.344,-28.9654,1.4961,-57.0826,0.371245,1.51415,-0.113575,9.675000000000011
1772222452345479137,2026-02-27 15:00:52.345,-29.1264,1.5032,-57.3445,0.369093,1.51734,-0.114571,9.676000000000002
1772222452346612505,2026-02-27 15:00:52.346,-29.2407,1.49216,-56.9196,0.375553,1.52251,-0.123404,9.677000000000007
1772222452347773066,2026-02-27 15:00:52.347,-29.2627,1.45289,-57.498,0.3784,1.52568,-0.122011,9.678000000000011
1772222452348943857,2026-02-27 15:00:52.348,-29.3768,1.46374,-57.8654,0.375958,1.53106,-0.11907,9.679000000000002
1772222452350115510,2026-02-27 15:00:52.350,-29.424,1.45615,-58.3574,0.375723,1.53416,-0.115525,9.681000000000012
1772222452351287466,2026-02-27 15:00:52.351,-29.5302,1.43033,-58.5431,0.374398,1.53783,-0.11545,9.682000000000002
1772222452352486021,2026-02-27 15:00:52.352,-29.5496,1.48658,-58.6041,0.378657,1.5414,-0.115193,9.683000000000007
1772222452353616889,2026-02-27 15:00:52.353,-29.6717,1.48184,-58.724,0.379111,1.54804,-0.115709,9.684000000000012
1772222452354777775,2026-02-27 15:00:52.354,-29.626,1.45726,-59.9218,0.38098,1.55105,-0.106589,9.685000000000002
1772222452355949844,2026-02-27 15:00:52.355,-29.7813,1.47325,-59.5103,0.378404,1.5549,-0.110862,9.686000000000007
1772222452357121440,2026-02-27 15:00:52.357,-29.8104,1.47113,-59.6034,0.380305,1.5566,-0.112165,9.688000000000002
1772222452358258997,2026-02-27 15:00:52.358,-29.7518,1.51386,-59.229,0.386007,1.5591,-0.115945,9.689000000000007
1772222452359449016,2026-02-27 15:00:52.359,-29.7992,1.60493,-59.0941,0.387919,1.56067,-0.117913,9.690000000000012
1772222452360608297,2026-02-27 15:00:52.360,-29.9273,1.59341,-59.2489,0.388954,1.56311,-0.119441,9.691000000000003
1772222452361738701,2026-02-27 15:00:52.361,-29.8325,1.73715,-59.3233,0.399498,1.5637,-0.119673,9.692000000000007
1772222452362887973,2026-02-27 15:00:52.362,-29.8776,1.76058,-58.2873,0.399225,1.56162,-0.128863,9.693000000000012
1772222452364059384,2026-02-27 15:00:52.364,-29.8249,1.78271,-58.4391,0.401675,1.56027,-0.127185,9.695000000000007
1772222452365230837,2026-02-27 15:00:52.365,-29.8059,1.84166,-58.4551,0.405026,1.55802,-0.127709,9.696000000000012
1772222452366404489,2026-02-27 15:00:52.366,-29.7507,1.89794,-58.9699,0.408594,1.55653,-0.123411,9.697000000000003
1772222452367551628,2026-02-27 15:00:52.367,-29.6943,2.0078,-59.1066,0.412925,1.55101,-0.120936,9.698000000000008
1772222452368684182,2026-02-27 15:00:52.368,-29.7078,2.09998,-59.0024,0.417126,1.55017,-0.121147,9.699000000000012
1772222452369832185,2026-02-27 15:00:52.369,-29.688,2.13908,-58.9338,0.420368,1.54941,-0.122087,9.700000000000003
1772222452371004058,2026-02-27 15:00:52.371,-29.7793,2.1789,-59.3542,0.417451,1.54932,-0.117393,9.702000000000012
1772222452372175539,2026-02-27 15:00:52.372,-29.6899,2.21356,-59.5589,0.422601,1.54804,-0.113566,9.703000000000003
1772222452373347014,2026-02-27 15:00:52.373,-29.7032,2.29944,-59.1895,0.427184,1.55001,-0.116872,9.704000000000008
1772222452374541443,2026-02-27 15:00:52.374,-29.7138,2.40147,-58.6978,0.429301,1.55088,-0.120353,9.705000000000013
1772222452375675812,2026-02-27 15:00:52.375,-29.9346,2.54942,-57.8877,0.434128,1.55785,-0.12611,9.706000000000003
1772222452376847850,2026-02-27 15:00:52.376,-29.9265,2.65361,-57.8191,0.444963,1.56282,-0.126508,9.707000000000008
1772222452378050494,2026-02-27 15:00:52.378,-29.9895,2.72841,-57.6282,0.449359,1.57016,-0.127411,9.709000000000003
1772222452379250209,2026-02-27 15:00:52.379,-30.118,2.82575,-57.4248,0.456435,1.57677,-0.130327,9.710000000000008
1772222452380422947,2026-02-27 15:00:52.380,-30.2194,2.95016,-56.3448,0.460403,1.58454,-0.139678,9.711000000000013
1772222452381563755,2026-02-27 15:00:52.381,-30.2827,3.0139,-56.5499,0.465561,1.59017,-0.136065,9.712000000000003
1772222452382695515,2026-02-27 15:00:52.382,-30.5293,3.15142,-56.9122,0.475217,1.60731,-0.133326,9.713000000000008
1772222452383873707,2026-02-27 15:00:52.383,-30.5806,3.25386,-56.936,0.482034,1.61476,-0.132368,9.713999999999999
1772222452385046382,2026-02-27 15:00:52.385,-30.7805,3.2587,-56.8068,0.482818,1.62251,-0.133775,9.716000000000008
1772222452386246593,2026-02-27 15:00:52.386,-30.8805,3.34045,-56.6395,0.483948,1.62869,-0.134504,9.716999999999999
1772222452387444808,2026-02-27 15:00:52.387,-31.0374,3.3719,-56.611,0.485609,1.63539,-0.135942,9.718000000000004
1772222452388558659,2026-02-27 15:00:52.388,-31.0348,3.4166,-57.4415,0.491534,1.64154,-0.126733,9.719000000000008
1772222452389690539,2026-02-27 15:00:52.389,-31.2273,3.52585,-57.153,0.497348,1.65366,-0.130309,9.719999999999999
1772222452390892680,2026-02-27 15:00:52.390,-31.3473,3.51785,-56.4499,0.491154,1.65862,-0.135614,9.721000000000004
1772222452392094039,2026-02-27 15:00:52.392,-31.3653,3.56876,-56.1464,0.499375,1.66393,-0.137879,9.722999999999999
1772222452393292942,2026-02-27 15:00:52.393,-31.4765,3.57613,-55.9625,0.492178,1.66838,-0.138569,9.724000000000004
1772222452394506645,2026-02-27 15:00:52.394,-31.4725,3.61681,-55.8976,0.498341,1.67284,-0.138664,9.725000000000009
1772222452395642447,2026-02-27 15:00:52.395,-31.6149,3.63531,-54.9383,0.494316,1.67907,-0.145697,9.725999999999999
1772222452396797838,2026-02-27 15:00:52.396,-31.6868,3.67036,-54.6412,0.493892,1.68269,-0.147672,9.727000000000004
1772222452397997979,2026-02-27 15:00:52.397,-31.7703,3.64819,-54.6882,0.493611,1.68596,-0.146863,9.728000000000009
1772222452399198225,2026-02-27 15:00:52.399,-31.8352,3.71475,-54.941,0.493244,1.69042,-0.142518,9.730000000000004
1772222452400370847,2026-02-27 15:00:52.400,-31.8137,3.71674,-55.2703,0.493523,1.69319,-0.138688,9.731000000000009
1772222452401571140,2026-02-27 15:00:52.401,-31.9618,3.69828,-55.1911,0.488984,1.69647,-0.138927,9.732
1772222452402702029,2026-02-27 15:00:52.402,-31.9435,3.68132,-54.9937,0.48763,1.70016,-0.137854,9.733000000000004
1772222452403875533,2026-02-27 15:00:52.403,-32.0658,3.69461,-55.1493,0.487519,1.70647,-0.136037,9.734000000000009
1772222452405050078,2026-02-27 15:00:52.405,-32.069,3.69393,-56.0831,0.491196,1.71151,-0.129927,9.736000000000004
1772222452406253324,2026-02-27 15:00:52.406,-32.0828,3.67555,-55.7294,0.486321,1.71608,-0.13439,9.737000000000009
1772222452407469643,2026-02-27 15:00:52.407,-32.1504,3.64311,-55.5597,0.484431,1.71904,-0.135641,9.738
1772222452408603326,2026-02-27 15:00:52.408,-32.1292,3.57864,-55.1767,0.479572,1.71887,-0.138354,9.739000000000004
1772222452409735172,2026-02-27 15:00:52.409,-32.2393,3.51998,-55.2129,0.473515,1.72302,-0.1396,9.740000000000009
1772222452410916032,2026-02-27 15:00:52.410,-32.3114,3.46148,-55.2196,0.467154,1.72363,-0.139096,9.741
1772222452412113517,2026-02-27 15:00:52.412,-32.311,3.46175,-55.4223,0.46875,1.7238,-0.139177,9.74300000000001
1772222452413420620,2026-02-27 15:00:52.413,-32.3689,3.29243,-54.4303,0.461926,1.72208,-0.148205,9.744
1772222452414567873,2026-02-27 15:00:52.414,-32.3464,3.24964,-54.9069,0.460875,1.72156,-0.143819,9.745000000000005
1772222452415700016,2026-02-27 15:00:52.415,-32.4347,3.21764,-55.8729,0.457407,1.72488,-0.139742,9.74600000000001
1772222452416873645,2026-02-27 15:00:52.416,-32.4655,3.12086,-56.2815,0.454314,1.72528,-0.136656,9.747
1772222452418076048,2026-02-27 15:00:52.418,-32.5246,3.05225,-56.4193,0.451159,1.72763,-0.137691,9.74900000000001
1772222452419274470,2026-02-27 15:00:52.419,-32.5547,2.98424,-56.6297,0.448013,1.72978,-0.136857,9.75
1772222452420486908,2026-02-27 15:00:52.420,-32.6384,2.91229,-56.7722,0.44317,1.73292,-0.13729,9.751000000000005
1772222452421619004,2026-02-27 15:00:52.421,-32.6309,2.82852,-57.6381,0.439116,1.73374,-0.129584,9.75200000000001
1772222452422751282,2026-02-27 15:00:52.422,-32.7371,2.68302,-58.0437,0.429491,1.7396,-0.130543,9.753
1772222452423883984,2026-02-27 15:00:52.423,-32.7699,2.7252,-57.7942,0.433097,1.74513,-0.134216,9.754000000000005
1772222452425082316,2026-02-27 15:00:52.425,-32.845,2.67993,-57.7775,0.430459,1.74856,-0.137071,9.756
1772222452426216055,2026-02-27 15:00:52.426,-32.891,2.66593,-57.8099,0.428709,1.75333,-0.13846,9.757000000000005
1772222452427399287,2026-02-27 15:00:52.427,-33.04,2.63089,-58.1368,0.428541,1.75806,-0.138649,9.75800000000001
1772222452428571219,2026-02-27 15:00:52.428,-33.1105,2.63174,-58.3028,0.425515,1.76309,-0.138411,9.759
1772222452429705827,2026-02-27 15:00:52.429,-33.212,2.61705,-58.3177,0.428583,1.76756,-0.14243,9.760000000000005
1772222452430860474,2026-02-27 15:00:52.430,-33.3628,2.61124,-58.3608,0.429035,1.77439,-0.145454,9.76100000000001
1772222452432060763,2026-02-27 15:00:52.432,-33.4335,2.66291,-58.8526,0.434744,1.78007,-0.144768,9.763000000000005
1772222452433265674,2026-02-27 15:00:52.433,-33.4948,2.66526,-59.5088,0.435174,1.78252,-0.141063,9.76400000000001
1772222452434482889,2026-02-27 15:00:52.434,-33.5537,2.6637,-59.7565,0.438287,1.78519,-0.1405,9.765
1772222452435613344,2026-02-27 15:00:52.435,-33.5989,2.75245,-59.9901,0.443052,1.78844,-0.141999,9.766000000000005
1772222452436747701,2026-02-27 15:00:52.436,-33.6987,2.75734,-60.1509,0.444553,1.79126,-0.142466,9.76700000000001
1772222452437880296,2026-02-27 15:00:52.437,-33.7682,2.81496,-61.4417,0.447481,1.79561,-0.134993,9.768
1772222452439078494,2026-02-27 15:00:52.439,-33.8086,2.84748,-61.1289,0.452638,1.79941,-0.139001,9.77000000000001
1772222452440277081,2026-02-27 15:00:52.440,-33.8734,2.88167,-61.268,0.457643,1.8023,-0.139387,9.771
1772222452441486316,2026-02-27 15:00:52.441,-33.9025,2.96034,-60.8717,0.45698,1.80375,-0.144057,9.772000000000006
1772222452442618344,2026-02-27 15:00:52.442,-33.9412,2.98013,-60.6549,0.460047,1.8049,-0.145994,9.77300000000001
1772222452443750249,2026-02-27 15:00:52.443,-34.0218,3.05678,-60.6918,0.464689,1.8076,-0.14651,9.774000000000001
1772222452444882901,2026-02-27 15:00:52.444,-34.0448,3.11414,-60.906,0.47252,1.81208,-0.147555,9.775000000000006
1772222452446021589,2026-02-27 15:00:52.446,-34.0376,3.18915,-59.9398,0.470059,1.81092,-0.155349,9.777000000000001
1772222452447231424,2026-02-27 15:00:52.447,-34.074,3.22488,-59.9571,0.473831,1.81248,-0.15569,9.778000000000006
1772222452448429840,2026-02-27 15:00:52.448,-34.0446,3.25629,-60.0427,0.475047,1.81364,-0.154874,9.77900000000001
1772222452449580773,2026-02-27 15:00:52.449,-34.0917,3.34939,-60.5528,0.480696,1.81635,-0.151369,9.780000000000001
1772222452450713726,2026-02-27 15:00:52.450,-34.1015,3.35636,-60.9646,0.481264,1.81724,-0.14753,9.781000000000006
1772222452451870040,2026-02-27 15:00:52.451,-34.1259,3.48509,-60.8548,0.485399,1.81826,-0.148595,9.78200000000001
1772222452453063826,2026-02-27 15:00:52.453,-34.1058,3.5395,-60.7767,0.488404,1.81849,-0.147833,9.784000000000006
1772222452454263291,2026-02-27 15:00:52.454,-34.0649,3.58426,-61.0628,0.490952,1.81843,-0.144305,9.78500000000001
1772222452455484620,2026-02-27 15:00:52.455,-34.0902,3.63632,-61.5392,0.491459,1.81779,-0.140019,9.786000000000001
1772222452456618193,2026-02-27 15:00:52.456,-34.0425,3.6891,-61.257,0.494897,1.81835,-0.142361,9.787000000000006
1772222452457753166,2026-02-27 15:00:52.457,-33.9952,3.77857,-60.811,0.496009,1.81633,-0.14503,9.788000000000011
1772222452458891301,2026-02-27 15:00:52.458,-34.042,3.9527,-60.154,0.504761,1.81642,-0.148636,9.789000000000001
1772222452460077769,2026-02-27 15:00:52.460,-33.9523,4.05107,-59.9434,0.508207,1.81503,-0.149278,9.791000000000011
1772222452461290782,2026-02-27 15:00:52.461,-33.9299,4.10716,-59.8825,0.509601,1.81318,-0.14917,9.792000000000002
1772222452462501152,2026-02-27 15:00:52.462,-33.9364,4.19343,-59.7106,0.517045,1.81332,-0.150152,9.793000000000006
1772222452463633415,2026-02-27 15:00:52.463,-33.9108,4.29169,-58.5394,0.516748,1.81122,-0.157986,9.794000000000011
1772222452464787974,2026-02-27 15:00:52.464,-33.824,4.39591,-58.9012,0.524306,1.80925,-0.155,9.795000000000002
1772222452465961486,2026-02-27 15:00:52.465,-33.7165,4.57543,-59.0878,0.532086,1.80434,-0.150771,9.796000000000006
1772222452467158093,2026-02-27 15:00:52.467,-33.7033,4.67178,-59.0686,0.536975,1.80177,-0.150361,9.798000000000002
1772222452468356356,2026-02-27 15:00:52.468,-33.6357,4.78598,-58.9209,0.542749,1.79878,-0.15073,9.799000000000007
1772222452469568662,2026-02-27 15:00:52.469,-33.5791,4.85897,-58.6825,0.54496,1.79436,-0.149625,9.800000000000011
1772222452470701024,2026-02-27 15:00:52.470,-33.5188,4.89538,-58.3898,0.545992,1.79007,-0.150674,9.801000000000002
1772222452471851115,2026-02-27 15:00:52.471,-33.4179,5.03088,-59.0127,0.55268,1.78562,-0.142037,9.802000000000007
1772222452473021615,2026-02-27 15:00:52.473,-33.2995,5.20415,-58.4691,0.562238,1.77798,-0.143531,9.804000000000002
1772222452474220856,2026-02-27 15:00:52.474,-33.2068,5.26851,-57.643,0.564943,1.77376,-0.1481,9.805000000000007
1772222452475362190,2026-02-27 15:00:52.475,-33.1497,5.35196,-57.0977,0.567011,1.77181,-0.150277,9.806000000000012
1772222452476578454,2026-02-27 15:00:52.476,-33.1581,5.40549,-56.7892,0.568071,1.77188,-0.150692,9.807000000000002
1772222452477709728,2026-02-27 15:00:52.477,-33.1461,5.43177,-56.4405,0.566055,1.77089,-0.15116,9.808000000000007
1772222452478862098,2026-02-27 15:00:52.478,-33.1096,5.57466,-56.1353,0.572984,1.77177,-0.150589,9.809000000000012
1772222452480036097,2026-02-27 15:00:52.480,-33.1239,5.73664,-54.6728,0.577693,1.77525,-0.159038,9.811000000000007
1772222452481233144,2026-02-27 15:00:52.481,-33.1825,5.80156,-54.6078,0.57739,1.77732,-0.156621,9.812000000000012
1772222452482431799,2026-02-27 15:00:52.482,-33.261,5.843,-54.7488,0.581408,1.78131,-0.153616,9.813000000000002
1772222452483569602,2026-02-27 15:00:52.483,-33.3264,5.92414,-54.7971,0.580206,1.78676,-0.149396,9.814000000000007
1772222452484700538,2026-02-27 15:00:52.484,-33.3389,6.00594,-54.5917,0.580811,1.79193,-0.149509,9.815000000000012
1772222452485840717,2026-02-27 15:00:52.485,-33.3983,6.0497,-54.3482,0.581407,1.79642,-0.149372,9.816000000000003
1772222452487020021,2026-02-27 15:00:52.487,-33.5326,6.17828,-53.9045,0.583824,1.80649,-0.148653,9.818000000000012
1772222452488215149,2026-02-27 15:00:52.488,-33.5348,6.22648,-54.6119,0.584594,1.81166,-0.139892,9.819000000000003
1772222452489415548,2026-02-27 15:00:52.489,-33.5786,6.22834,-53.879,0.580818,1.8139,-0.143206,9.820000000000007
1772222452490575288,2026-02-27 15:00:52.490,-33.6342,6.27249,-53.6931,0.579792,1.81669,-0.143751,9.821000000000012
1772222452491710060,2026-02-27 15:00:52.491,-33.6431,6.26967,-53.0177,0.580578,1.8197,-0.147249,9.822000000000003
1772222452492841143,2026-02-27 15:00:52.492,-33.6881,6.27618,-52.5614,0.578055,1.82043,-0.14874,9.823000000000008
1772222452494007003,2026-02-27 15:00:52.494,-33.7242,6.30524,-52.1263,0.573399,1.82523,-0.146925,9.825000000000003
1772222452495167947,2026-02-27 15:00:52.495,-33.7455,6.32935,-51.9615,0.570657,1.82797,-0.147334,9.826000000000008
1772222452496368876,2026-02-27 15:00:52.496,-33.827,6.31694,-50.8804,0.569471,1.83034,-0.157225,9.827000000000012
1772222452497569003,2026-02-27 15:00:52.497,-33.878,6.29392,-50.9019,0.561089,1.83265,-0.15444,9.828000000000003
1772222452498698902,2026-02-27 15:00:52.498,-33.887,6.32974,-50.7847,0.564257,1.83439,-0.153456,9.829000000000008
1772222452499874003,2026-02-27 15:00:52.499,-33.8878,6.34503,-51.187,0.561964,1.83743,-0.147995,9.830000000000013
1772222452501044505,2026-02-27 15:00:52.501,-33.9615,6.36489,-51.1117,0.551264,1.84194,-0.144561,9.832000000000008
1772222452502239328,2026-02-27 15:00:52.502,-34.0631,6.39835,-51.0321,0.547489,1.84782,-0.144608,9.833000000000013
1772222452503443787,2026-02-27 15:00:52.503,-34.1808,6.41034,-50.9735,0.543531,1.85225,-0.144652,9.834000000000003
1772222452504579810,2026-02-27 15:00:52.504,-34.251,6.44383,-51.4614,0.542231,1.85945,-0.138589,9.835000000000008
1772222452505711401,2026-02-27 15:00:52.505,-34.3675,6.47095,-51.7216,0.540578,1.86561,-0.136429,9.836000000000013
1772222452506890518,2026-02-27 15:00:52.506,-34.4401,6.49756,-51.5665,0.539129,1.87522,-0.138384,9.837000000000003
1772222452508082930,2026-02-27 15:00:52.508,-34.7931,6.49254,-50.7443,0.53073,1.89114,-0.143699,9.838999999999999
1772222452509279874,2026-02-27 15:00:52.509,-34.9655,6.52733,-50.6377,0.528197,1.90133,-0.144796,9.840000000000003
1772222452510493736,2026-02-27 15:00:52.510,-35.1184,6.51929,-50.6868,0.524043,1.911,-0.143904,9.841000000000008
1772222452511628698,2026-02-27 15:00:52.511,-35.2502,6.53482,-50.8069,0.52333,1.91893,-0.144447,9.841999999999999
1772222452512770077,2026-02-27 15:00:52.512,-35.4124,6.47894,-50.5774,0.515992,1.9296,-0.145854,9.843000000000004
1772222452513902625,2026-02-27 15:00:52.513,-35.6276,6.48466,-49.9638,0.511091,1.94024,-0.153127,9.844000000000008
1772222452515098408,2026-02-27 15:00:52.515,-35.9588,6.35639,-50.6451,0.502773,1.95794,-0.146347,9.846000000000004
1772222452516294818,2026-02-27 15:00:52.516,-36.0893,6.30473,-51.1706,0.497891,1.96766,-0.141071,9.847000000000008
1772222452517502635,2026-02-27 15:00:52.517,-36.1987,6.20255,-51.4445,0.490852,1.97908,-0.140039,9.847999999999999
1772222452518635393,2026-02-27 15:00:52.518,-36.3974,6.0394,-51.3958,0.485239,1.9879,-0.138742,9.849000000000004
1772222452519814619,2026-02-27 15:00:52.519,-36.5895,5.94639,-51.4277,0.487591,1.99177,-0.140419,9.850000000000009
1772222452520986084,2026-02-27 15:00:52.520,-36.6897,5.88657,-51.516,0.48182,1.99335,-0.139946,9.850999999999999
1772222452522158356,2026-02-27 15:00:52.522,-37.0998,5.81679,-52.4234,0.477625,2.0266,-0.126098,9.853000000000009
1772222452523356768,2026-02-27 15:00:52.523,-37.3579,5.8072,-52.44,0.47889,2.04474,-0.126851,9.854
1772222452524580105,2026-02-27 15:00:52.524,-37.5754,5.70508,-51.9208,0.478094,2.06223,-0.131687,9.855000000000004
1772222452525802562,2026-02-27 15:00:52.525,-37.8121,5.73055,-51.6282,0.474135,2.08134,-0.130037,9.856000000000009
1772222452526992888,2026-02-27 15:00:52.526,-38.0711,5.65515,-51.4989,0.467793,2.09919,-0.12855,9.857
1772222452528164536,2026-02-27 15:00:52.528,-38.3562,5.56471,-51.8636,0.470711,2.11566,-0.132241,9.859000000000009
1772222452529363525,2026-02-27 15:00:52.529,-38.638,5.39632,-50.2983,0.467511,2.13421,-0.132081,9.86
1772222452530569878,2026-02-27 15:00:52.530,-38.8336,5.24179,-50.0511,0.455186,2.14645,-0.130223,9.861000000000004
1772222452531701124,2026-02-27 15:00:52.531,-39.1853,5.13488,-50.0953,0.446879,2.17748,-0.127112,9.862000000000009
1772222452532877047,2026-02-27 15:00:52.532,-39.468,5.08882,-50.6364,0.445157,2.19782,-0.125692,9.863
1772222452534050167,2026-02-27 15:00:52.534,-39.7356,5.01559,-51.0391,0.442312,2.21898,-0.123615,9.865000000000009
1772222452535242124,2026-02-27 15:00:52.535,-40.2464,4.76793,-51.047,0.432842,2.2502,-0.123488,9.866
1772222452536441684,2026-02-27 15:00:52.536,-40.355,4.72856,-51.1127,0.424299,2.26365,-0.120019,9.867000000000004
1772222452537579056,2026-02-27 15:00:52.537,-40.6979,4.49281,-50.9781,0.417284,2.27805,-0.113405,9.86800000000001
1772222452538710677,2026-02-27 15:00:52.538,-40.9828,4.3188,-51.8156,0.404823,2.29701,-0.107723,9.869
1772222452539889349,2026-02-27 15:00:52.539,-41.153,4.20614,-51.6128,0.400427,2.31447,-0.114123,9.870000000000005
1772222452541063163,2026-02-27 15:00:52.541,-41.4678,4.03557,-51.4574,0.391443,2.32803,-0.117119,9.872
1772222452542196457,2026-02-27 15:00:52.542,-41.8954,3.6549,-50.8125,0.378724,2.35767,-0.120214,9.873000000000005
1772222452543397417,2026-02-27 15:00:52.543,-42.1082,3.42688,-50.7822,0.363904,2.37039,-0.119633,9.87400000000001
1772222452544579055,2026-02-27 15:00:52.544,-42.2978,3.28519,-50.9063,0.353602,2.38337,-0.120081,9.875
1772222452545711354,2026-02-27 15:00:52.545,-42.407,3.15194,-50.8853,0.347985,2.39294,-0.117351,9.876000000000005
1772222452546890171,2026-02-27 15:00:52.546,-42.6102,2.91183,-49.8191,0.335658,2.40593,-0.125561,9.87700000000001
1772222452548063374,2026-02-27 15:00:52.548,-42.7664,2.67362,-50.1431,0.321695,2.41615,-0.120459,9.879000000000005
1772222452549234839,2026-02-27 15:00:52.549,-43.0227,2.26534,-50.8301,0.302511,2.43508,-0.11626,9.88000000000001
1772222452550433259,2026-02-27 15:00:52.550,-43.1171,2.06766,-51.03,0.295115,2.43799,-0.114273,9.881
1772222452551570242,2026-02-27 15:00:52.551,-43.2039,1.81965,-50.9027,0.27482,2.4478,-0.112939,9.882000000000005
1772222452552702657,2026-02-27 15:00:52.552,-43.238,1.6818,-50.8681,0.267023,2.45285,-0.11236,9.88300000000001
1772222452553878644,2026-02-27 15:00:52.553,-43.2406,1.43224,-50.7302,0.25493,2.45317,-0.11225,9.884
1772222452555051626,2026-02-27 15:00:52.555,-43.2778,1.22474,-51.5343,0.244453,2.45372,-0.105111,9.88600000000001
1772222452556228956,2026-02-27 15:00:52.556,-43.2298,0.884595,-51.3506,0.227642,2.46076,-0.10568,9.887
1772222452557425149,2026-02-27 15:00:52.557,-43.237,0.765057,-50.86,0.217537,2.46333,-0.109566,9.888000000000005
1772222452558576506,2026-02-27 15:00:52.558,-43.2948,0.628195,-50.5975,0.210757,2.46483,-0.112831,9.88900000000001
1772222452559709198,2026-02-27 15:00:52.559,-43.2582,0.492752,-50.5312,0.206321,2.46274,-0.113806,9.89
1772222452560885342,2026-02-27 15:00:52.560,-43.2861,0.397284,-50.6166,0.198774,2.45975,-0.113789,9.891000000000005
1772222452562065326,2026-02-27 15:00:52.562,-43.2594,0.273426,-50.7079,0.191412,2.45459,-0.112718,9.893
1772222452563238534,2026-02-27 15:00:52.563,-43.064,0.003919,-49.6197,0.177089,2.44263,-0.120828,9.894000000000005
1772222452564433340,2026-02-27 15:00:52.564,-42.9563,-0.062589,-49.9654,0.173089,2.43518,-0.117885,9.89500000000001
1772222452565573277,2026-02-27 15:00:52.565,-42.8784,-0.092797,-50.0376,0.165362,2.41503,-0.113788,9.896
1772222452566704301,2026-02-27 15:00:52.566,-42.6048,-0.215478,-49.9027,0.162354,2.36974,-0.106915,9.897000000000006
1772222452567906601,2026-02-27 15:00:52.567,-42.1248,-0.22869,-48.9428,0.15883,2.3021,-0.101671,9.89800000000001
1772222452569084284,2026-02-27 15:00:52.569,-41.45,-0.077668,-46.7946,0.159098,2.17125,-0.089001,9.900000000000006
1772222452570258082,2026-02-27 15:00:52.570,-36.5437,0.591352,-41.5597,0.177574,1.93648,-0.041932,9.90100000000001
1772222452571472569,2026-02-27 15:00:52.571,-35.364,0.957925,-36.6405,0.211449,1.64206,-0.024328,9.902000000000001
1772222452572567678,2026-02-27 15:00:52.572,-31.2544,2.20332,-36.872,0.223976,1.79414,-0.018519,9.903000000000006
1772222452573700580,2026-02-27 15:00:52.573,-30.0895,3.1244,-39.3672,0.23568,1.95279,-0.03692,9.90400000000001
1772222452574882525,2026-02-27 15:00:52.574,-30.8472,4.00057,-38.2283,0.259299,1.77671,-0.055534,9.905000000000001
1772222452576087809,2026-02-27 15:00:52.576,-30.8894,4.39255,-36.271,0.307868,1.68289,-0.078068,9.90700000000001
1772222452577262302,2026-02-27 15:00:52.577,-28.8001,4.7018,-38.1631,0.251212,1.59086,-0.04342,9.908000000000001
1772222452578477275,2026-02-27 15:00:52.578,-28.1768,4.39489,-37.7922,0.270481,1.50176,-0.024702,9.909000000000006
1772222452579576736,2026-02-27 15:00:52.579,-26.9058,4.39297,-38.3661,0.242996,1.58189,-0.013208,9.91000000000001
1772222452580709417,2026-02-27 15:00:52.580,-27.1942,4.32653,-40.3977,0.218878,1.63226,-0.005419,9.911000000000001
1772222452581888689,2026-02-27 15:00:52.581,-27.533,4.39934,-43.5687,0.205456,1.65715,-0.001394,9.912000000000006
1772222452583088554,2026-02-27 15:00:52.583,-28.9596,4.15337,-45.4464,0.225466,1.59826,-0.008993,9.914000000000001
1772222452584265271,2026-02-27 15:00:52.584,-29.1042,3.91876,-48.5672,0.202479,1.62919,-0.00615,9.915000000000006
1772222452585477319,2026-02-27 15:00:52.585,-29.6773,3.81016,-49.031,0.189366,1.56375,-0.001804,9.916000000000011
1772222452586611128,2026-02-27 15:00:52.586,-29.3574,3.72482,-49.2457,0.200432,1.48885,0.005608,9.917000000000002
1772222452587745405,2026-02-27 15:00:52.587,-28.6081,3.74752,-51.6328,0.202727,1.60598,0.018193,9.918000000000006
1772222452588927472,2026-02-27 15:00:52.588,-29.0746,4.0774,-53.7143,0.183618,1.63971,0.023423,9.919000000000011
1772222452590117417,2026-02-27 15:00:52.590,-30.0273,4.23654,-54.2129,0.194378,1.62898,0.00964,9.921000000000006
1772222452591292128,2026-02-27 15:00:52.591,-30.6567,4.00557,-54.3798,0.17861,1.61732,-0.002336,9.922000000000011
1772222452592469319,2026-02-27 15:00:52.592,-30.7938,3.79349,-54.4095,0.164856,1.61319,0.001014,9.923000000000002
1772222452593619294,2026-02-27 15:00:52.593,-30.9124,3.60241,-54.5092,0.156115,1.61056,0.006118,9.924000000000007
1772222452594751763,2026-02-27 15:00:52.594,-30.9135,3.37213,-54.4373,0.148345,1.60906,0.007174,9.925000000000011
1772222452595932362,2026-02-27 15:00:52.595,-31.0511,3.24836,-54.0158,0.141512,1.61115,0.007456,9.926000000000002
1772222452597132281,2026-02-27 15:00:52.597,-31.0485,3.26739,-52.4554,0.138128,1.61411,-0.000761,9.928000000000011
1772222452598308405,2026-02-27 15:00:52.598,-31.0011,3.34143,-51.3953,0.137293,1.63239,0.002964,9.929000000000002
1772222452599500305,2026-02-27 15:00:52.599,-30.9723,3.34571,-51.0731,0.132207,1.63997,0.006752,9.930000000000007
1772222452600634280,2026-02-27 15:00:52.600,-30.8754,3.29057,-50.4545,0.128549,1.64783,0.005959,9.931000000000012
1772222452601814560,2026-02-27 15:00:52.601,-30.8119,3.29489,-49.605,0.127186,1.65133,0.007167,9.932000000000002
1772222452603014790,2026-02-27 15:00:52.603,-30.7882,3.24437,-48.8794,0.128917,1.65209,0.008619,9.934000000000012
1772222452604188097,2026-02-27 15:00:52.604,-30.684,3.16749,-48.1334,0.126358,1.64984,0.009977,9.935000000000002
1772222452605363273,2026-02-27 15:00:52.605,-30.5949,3.08827,-47.6406,0.128837,1.64567,0.016035,9.936000000000007
1772222452606533525,2026-02-27 15:00:52.606,-30.4924,3.10891,-47.0395,0.130543,1.64559,0.014861,9.937000000000012
1772222452607668935,2026-02-27 15:00:52.607,-30.3398,3.08593,-46.0114,0.131469,1.64236,0.010697,9.938000000000002
1772222452608808201,2026-02-27 15:00:52.608,-30.2396,3.06238,-45.3339,0.132247,1.63879,0.007012,9.939000000000007
1772222452610032739,2026-02-27 15:00:52.610,-30.1526,3.1014,-44.9193,0.132699,1.63316,0.006024,9.941000000000003
1772222452611206991,2026-02-27 15:00:52.611,-29.9626,3.06473,-44.482,0.132459,1.62648,0.00495,9.942000000000007
1772222452612382416,2026-02-27 15:00:52.612,-29.7592,3.06473,-43.4247,0.130013,1.61015,-0.001011,9.943000000000012
1772222452613533873,2026-02-27 15:00:52.613,-29.6716,3.10733,-43.0272,0.129185,1.60187,-0.002635,9.944000000000003
1772222452614667140,2026-02-27 15:00:52.614,-29.5931,3.02216,-43.281,0.125381,1.59555,-0.001356,9.945000000000007
1772222452615847484,2026-02-27 15:00:52.615,-29.4839,3.00329,-43.639,0.121039,1.58934,0.003502,9.946000000000012
1772222452617048311,2026-02-27 15:00:52.617,-29.3626,2.86206,-44.011,0.111662,1.58202,0.007122,9.948000000000008
1772222452618222908,2026-02-27 15:00:52.618,-29.2961,2.84333,-44.0003,0.107059,1.57972,0.008513,9.949000000000012
1772222452619398406,2026-02-27 15:00:52.619,-29.2261,2.64817,-43.9445,0.090811,1.57168,0.011594,9.950000000000003
1772222452620535228,2026-02-27 15:00:52.620,-29.1719,2.55281,-43.9664,0.084984,1.57016,0.014817,9.951000000000008
1772222452621668140,2026-02-27 15:00:52.621,-29.092,2.46498,-44.859,0.079678,1.5678,0.023554,9.952000000000012
1772222452622846423,2026-02-27 15:00:52.622,-29.064,2.34979,-44.3975,0.075772,1.56554,0.021332,9.953000000000003
1772222452624045808,2026-02-27 15:00:52.624,-28.9888,2.27547,-44.1737,0.071823,1.56284,0.021329,9.955000000000013
1772222452625219758,2026-02-27 15:00:52.625,-28.902,2.2081,-43.6459,0.068032,1.56079,0.018495,9.956000000000003
1772222452626413425,2026-02-27 15:00:52.626,-28.7296,2.10271,-43.0398,0.065003,1.55131,0.019392,9.957000000000008
1772222452627551830,2026-02-27 15:00:52.627,-28.5788,2.07299,-42.7959,0.064053,1.54498,0.019712,9.958000000000013
1772222452628682308,2026-02-27 15:00:52.628,-28.4523,2.02448,-42.4505,0.065547,1.53833,0.020148,9.959000000000003
1772222452629854474,2026-02-27 15:00:52.629,-28.3619,2.05792,-41.1528,0.06523,1.5316,0.01174,9.960000000000008
1772222452631055626,2026-02-27 15:00:52.631,-28.219,2.00202,-41.1063,0.067592,1.52464,0.01437,9.962000000000003
1772222452632244177,2026-02-27 15:00:52.632,-28.1502,1.95594,-40.6965,0.061892,1.51631,0.013683,9.963000000000008
1772222452633434432,2026-02-27 15:00:52.633,-27.836,1.89216,-40.6957,0.068256,1.50415,0.020833,9.963999999999999
1772222452634550342,2026-02-27 15:00:52.634,-27.741,1.91126,-40.2603,0.070528,1.49761,0.019893,9.965000000000003
1772222452635682812,2026-02-27 15:00:52.635,-27.5944,1.93263,-39.9268,0.071256,1.49172,0.01904,9.966000000000008
1772222452636863743,2026-02-27 15:00:52.636,-27.4578,1.95835,-39.5112,0.075586,1.48674,0.018302,9.966999999999999
1772222452638065847,2026-02-27 15:00:52.638,-27.3509,1.95277,-39.8356,0.078798,1.484,0.024789,9.969000000000008
1772222452639338000,2026-02-27 15:00:52.639,-27.2832,1.96638,-39.5928,0.077716,1.48123,0.025124,9.969999999999999
1772222452640549617,2026-02-27 15:00:52.640,-27.2666,1.96604,-38.3873,0.08127,1.48198,0.01858,9.971000000000004
1772222452641680516,2026-02-27 15:00:52.641,-27.2271,1.95371,-37.7955,0.080417,1.48373,0.015416,9.972000000000008
1772222452642860871,2026-02-27 15:00:52.642,-27.2992,1.97388,-37.449,0.084086,1.48663,0.015479,9.972999999999999
1772222452644061738,2026-02-27 15:00:52.644,-27.2985,1.95008,-37.2663,0.084292,1.49058,0.015725,9.975000000000009
1772222452645259812,2026-02-27 15:00:52.645,-27.3477,1.98561,-37.1821,0.089054,1.497,0.015609,9.975999999999999
1772222452646471719,2026-02-27 15:00:52.646,-27.5533,2.01251,-36.0814,0.09028,1.51043,0.00592,9.977000000000004
1772222452647605494,2026-02-27 15:00:52.647,-27.6328,2.01452,-36.5051,0.094009,1.51941,0.008667,9.978000000000009
1772222452648790206,2026-02-27 15:00:52.648,-27.7541,2.02629,-36.7416,0.094529,1.52647,0.01044,9.979
1772222452649988161,2026-02-27 15:00:52.649,-27.8664,2.06431,-37.3901,0.101667,1.53606,0.013377,9.980000000000004
1772222452651194582,2026-02-27 15:00:52.651,-28.014,2.07203,-37.5779,0.101829,1.54465,0.013878,9.982
1772222452652368758,2026-02-27 15:00:52.652,-28.1828,2.09381,-37.7634,0.104003,1.55221,0.01403,9.983000000000004
1772222452653556593,2026-02-27 15:00:52.653,-28.508,2.21259,-38.2472,0.111164,1.56787,0.013075,9.984000000000009
1772222452654689592,2026-02-27 15:00:52.654,-28.6146,2.23791,-39.4872,0.117381,1.57521,0.022312,9.985
1772222452655869309,2026-02-27 15:00:52.655,-28.8248,2.31513,-39.4234,0.118025,1.58278,0.018351,9.986000000000004
1772222452657068453,2026-02-27 15:00:52.657,-28.9536,2.347,-39.7062,0.122917,1.59038,0.018062,9.988
1772222452658277021,2026-02-27 15:00:52.658,-29.1524,2.36746,-39.4943,0.123544,1.59756,0.013296,9.989000000000004
1772222452659485710,2026-02-27 15:00:52.659,-29.3493,2.47965,-39.7969,0.136421,1.61113,0.010166,9.990000000000009
1772222452660619571,2026-02-27 15:00:52.660,-29.5273,2.55666,-40.1264,0.137966,1.61907,0.010469,9.991
1772222452661798602,2026-02-27 15:00:52.661,-29.6047,2.54516,-40.4269,0.139058,1.62423,0.009646,9.992000000000004
1772222452662999790,2026-02-27 15:00:52.663,-29.8021,2.65062,-39.8906,0.141974,1.62855,0.001992,9.994
1772222452664202630,2026-02-27 15:00:52.664,-29.8363,2.71064,-40.1693,0.144612,1.63557,0.0012,9.995000000000005
1772222452665375380,2026-02-27 15:00:52.665,-29.9344,2.68552,-41.37,0.146308,1.63925,0.007182,9.99600000000001
1772222452666561392,2026-02-27 15:00:52.666,-30.0797,2.63933,-42.0896,0.144637,1.64057,0.010847,9.997
1772222452667694136,2026-02-27 15:00:52.667,-30.0942,2.63073,-42.3097,0.14129,1.64117,0.010009,9.998000000000005
1772222452668870532,2026-02-27 15:00:52.668,-30.0961,2.65135,-42.7425,0.144917,1.64059,0.010935,9.99900000000001
1772222452670068377,2026-02-27 15:00:52.670,-30.1084,2.6461,-42.9857,0.144817,1.63841,0.010622,10.001000000000005
1772222452671251842,2026-02-27 15:00:52.671,-30.0564,2.69049,-43.6832,0.144697,1.63533,0.014548,10.00200000000001
1772222452672445528,2026-02-27 15:00:52.672,-29.9443,2.64052,-44.6968,0.144615,1.62785,0.016998,10.003
1772222452673616470,2026-02-27 15:00:52.673,-29.9014,2.60871,-44.7803,0.143157,1.62102,0.013992,10.004000000000005
1772222452674753906,2026-02-27 15:00:52.674,-29.833,2.62667,-44.7452,0.142744,1.61518,0.011711,10.00500000000001
1772222452675957483,2026-02-27 15:00:52.675,-29.747,2.6042,-44.8536,0.141397,1.60766,0.009538,10.006
1772222452677130424,2026-02-27 15:00:52.677,-29.6917,2.53703,-45.2433,0.140908,1.59877,0.009805,10.00800000000001
1772222452678304827,2026-02-27 15:00:52.678,-29.5702,2.52783,-45.5666,0.144189,1.59168,0.009727,10.009
1772222452679435046,2026-02-27 15:00:52.679,-29.3211,2.4728,-45.0978,0.14008,1.57274,0.000185,10.010000000000005
1772222452680582872,2026-02-27 15:00:52.680,-29.206,2.32549,-45.5982,0.131572,1.56143,0.004667,10.01100000000001
1772222452681737514,2026-02-27 15:00:52.681,-28.98,2.3251,-45.8406,0.132472,1.55173,0.004782,10.012
1772222452682886375,2026-02-27 15:00:52.682,-28.8855,2.25511,-46.5677,0.128975,1.54212,0.009912,10.013000000000005
1772222452684063127,2026-02-27 15:00:52.684,-28.8094,2.14224,-46.9465,0.125588,1.53347,0.011579,10.015
1772222452685241581,2026-02-27 15:00:52.685,-28.6845,2.11601,-47.0289,0.124562,1.52469,0.011771,10.016000000000005
1772222452686498386,2026-02-27 15:00:52.686,-28.47,2.00096,-47.2529,0.113913,1.50697,0.011291,10.01700000000001
1772222452687642900,2026-02-27 15:00:52.687,-28.2621,1.99606,-48.2633,0.114849,1.49962,0.019927,10.018
1772222452688802683,2026-02-27 15:00:52.688,-28.1918,1.91642,-48.2168,0.111792,1.49177,0.018854,10.019000000000005
1772222452689981865,2026-02-27 15:00:52.689,-28.0717,1.88814,-48.3205,0.108808,1.48615,0.019162,10.02000000000001
1772222452691160787,2026-02-27 15:00:52.691,-27.9539,1.86114,-47.8255,0.107922,1.47849,0.015177,10.022000000000006
1772222452692302673,2026-02-27 15:00:52.692,-27.8364,1.82998,-47.5833,0.105019,1.47437,0.01245,10.02300000000001
1772222452693531101,2026-02-27 15:00:52.693,-27.6257,1.7649,-47.5085,0.099286,1.45773,0.013319,10.024000000000001
1772222452694667116,2026-02-27 15:00:52.694,-27.5291,1.73401,-47.4849,0.098548,1.45162,0.012909,10.025000000000006
1772222452695839115,2026-02-27 15:00:52.695,-27.3826,1.70478,-46.9198,0.098373,1.44486,0.007665,10.02600000000001
1772222452697019930,2026-02-27 15:00:52.697,-27.293,1.74481,-46.4854,0.097574,1.43694,0.003491,10.028000000000006
1772222452698199863,2026-02-27 15:00:52.698,-27.1562,1.72362,-46.681,0.099818,1.43185,0.005766,10.02900000000001
1772222452699375141,2026-02-27 15:00:52.699,-26.9679,1.75971,-46.9233,0.098284,1.42409,0.008833,10.030000000000001
1772222452700555178,2026-02-27 15:00:52.700,-26.8173,1.77482,-47.1905,0.09749,1.41215,0.012401,10.031000000000006
1772222452701696786,2026-02-27 15:00:52.701,-26.7602,1.76643,-47.0684,0.099779,1.40646,0.012564,10.03200000000001
1772222452702893869,2026-02-27 15:00:52.702,-26.6421,1.80266,-46.8756,0.102179,1.40211,0.011457,10.033000000000001
1772222452704076093,2026-02-27 15:00:52.704,-26.6124,1.81151,-46.8302,0.104218,1.3957,0.010754,10.03500000000001
1772222452705258180,2026-02-27 15:00:52.705,-26.508,1.87716,-47.6957,0.106509,1.39242,0.018894,10.036000000000001
1772222452706434335,2026-02-27 15:00:52.706,-26.4824,1.96135,-47.2355,0.111156,1.39102,0.014171,10.037000000000006
1772222452707598944,2026-02-27 15:00:52.707,-26.4763,2.05931,-46.5303,0.114602,1.38748,0.009182,10.038000000000011
1772222452708733715,2026-02-27 15:00:52.708,-26.4596,2.12905,-46.247,0.119091,1.38883,0.006663,10.039000000000001
1772222452709918380,2026-02-27 15:00:52.709,-26.4678,2.19758,-46.1028,0.122179,1.39043,0.006612,10.040000000000006
1772222452711121221,2026-02-27 15:00:52.711,-26.5383,2.25119,-45.981,0.127018,1.39318,0.006809,10.042000000000002
1772222452712320215,2026-02-27 15:00:52.712,-26.5116,2.36302,-45.7509,0.12854,1.39616,0.006115,10.043000000000006
1772222452713507757,2026-02-27 15:00:52.713,-26.6009,2.40691,-44.6943,0.129985,1.39765,-0.003045,10.044000000000011
1772222452714642047,2026-02-27 15:00:52.714,-26.7495,2.59563,-44.6432,0.140832,1.40793,-0.001046,10.045000000000002
1772222452715800262,2026-02-27 15:00:52.715,-26.8694,2.67456,-45.0143,0.146959,1.41495,0.002942,10.046000000000006
1772222452716983088,2026-02-27 15:00:52.716,-26.9206,2.7291,-45.1667,0.148217,1.42135,0.004557,10.047000000000011
1772222452718169720,2026-02-27 15:00:52.718,-27.0456,2.79229,-44.9424,0.152426,1.42758,0.004568,10.049000000000007
1772222452719351418,2026-02-27 15:00:52.719,-27.1704,2.86902,-44.6553,0.157074,1.43554,0.00439,10.050000000000011
1772222452720553218,2026-02-27 15:00:52.720,-27.3743,3.02976,-44.8177,0.166005,1.45336,0.007843,10.051000000000002
1772222452721688067,2026-02-27 15:00:52.721,-27.5498,3.10173,-44.8564,0.170136,1.46347,0.010673,10.052000000000007
1772222452722846556,2026-02-27 15:00:52.722,-27.7038,3.20291,-44.3744,0.176613,1.47679,0.008882,10.053000000000011
1772222452724031726,2026-02-27 15:00:52.724,-27.9958,3.26862,-43.8177,0.179112,1.48942,0.004343,10.055000000000007
1772222452725219960,2026-02-27 15:00:52.725,-28.1051,3.37708,-43.3846,0.186371,1.5024,0.000816,10.056000000000012
1772222452726422589,2026-02-27 15:00:52.726,-28.3532,3.44819,-42.9293,0.189895,1.51721,-0.000395,10.057000000000002
1772222452727569622,2026-02-27 15:00:52.727,-28.8449,3.58419,-42.5594,0.19552,1.55073,-0.001074,10.058000000000007
1772222452728705706,2026-02-27 15:00:52.728,-29.1463,3.56663,-42.2191,0.193497,1.56768,-0.003796,10.059000000000012
1772222452729884774,2026-02-27 15:00:52.729,-29.4344,3.7185,-41.1995,0.200621,1.58636,-0.010166,10.060000000000002
1772222452731088448,2026-02-27 15:00:52.731,-29.7507,3.77486,-41.6172,0.205418,1.60691,-0.008683,10.062000000000012
1772222452732288309,2026-02-27 15:00:52.732,-30.0008,3.82554,-41.6019,0.209373,1.62635,-0.007857,10.063000000000002
1772222452733494949,2026-02-27 15:00:52.733,-30.3493,3.88631,-42.0237,0.207931,1.64597,-0.003055,10.064000000000007
1772222452734630818,2026-02-27 15:00:52.734,-30.6808,3.94933,-42.1048,0.205368,1.66661,-0.003666,10.065000000000012
1772222452735774879,2026-02-27 15:00:52.735,-31.2712,4.16569,-42.001,0.21561,1.70798,-0.003985,10.066000000000003
1772222452736978851,2026-02-27 15:00:52.736,-31.5559,4.189,-42.0242,0.215425,1.72583,-0.00388,10.067000000000007
1772222452738130411,2026-02-27 15:00:52.738,-31.9099,4.25761,-43.021,0.213232,1.74446,0.00467,10.069000000000003
1772222452739329083,2026-02-27 15:00:52.739,-32.1679,4.32743,-42.7559,0.219674,1.76407,0.001639,10.070000000000007
1772222452740534660,2026-02-27 15:00:52.740,-32.77,4.48922,-42.3968,0.225717,1.80053,-0.003916,10.071000000000012
1772222452741673663,2026-02-27 15:00:52.741,-33.1193,4.53349,-42.2454,0.226605,1.81787,-0.005772,10.072000000000003
1772222452742825908,2026-02-27 15:00:52.742,-33.4106,4.64296,-42.2412,0.229622,1.8362,-0.006609,10.073000000000008
1772222452743983354,2026-02-27 15:00:52.743,-33.6726,4.62348,-42.2845,0.230783,1.85167,-0.006488,10.074000000000012
1772222452745153770,2026-02-27 15:00:52.745,-33.95,4.66014,-42.3288,0.233289,1.86903,-0.006114,10.076000000000008
1772222452746303785,2026-02-27 15:00:52.746,-34.2252,4.69256,-41.6928,0.237275,1.88546,-0.013227,10.077000000000012
1772222452747442514,2026-02-27 15:00:52.747,-34.5114,4.7509,-41.507,0.235746,1.90205,-0.014063,10.078000000000003
1772222452748630991,2026-02-27 15:00:52.748,-35.0487,4.78792,-42.1406,0.235167,1.93414,-0.00817,10.079000000000008
1772222452749786028,2026-02-27 15:00:52.749,-35.2751,4.84862,-42.5963,0.242333,1.95072,-0.003658,10.080000000000013
1772222452750935919,2026-02-27 15:00:52.750,-35.5717,4.79862,-42.5235,0.238698,1.96651,-0.002934,10.081000000000003
1772222452752151404,2026-02-27 15:00:52.752,-35.8803,4.80175,-42.6474,0.243195,1.98535,-0.002798,10.083000000000013
1772222452753475353,2026-02-27 15:00:52.753,-36.1026,4.88976,-42.5529,0.245822,2.00218,-0.0017,10.084000000000003
1772222452754614612,2026-02-27 15:00:52.754,-36.6874,4.83489,-43.4982,0.243476,2.03783,0.00818,10.085000000000008
1772222452755793074,2026-02-27 15:00:52.755,-36.9641,4.88284,-43.2359,0.245515,2.05709,0.005273,10.086000000000013
1772222452756949565,2026-02-27 15:00:52.756,-37.2121,4.85186,-43.0376,0.245683,2.07417,0.005896,10.087000000000003
1772222452758153160,2026-02-27 15:00:52.758,-37.4653,4.84039,-42.7319,0.247994,2.09046,0.00259,10.088999999999999
1772222452759384661,2026-02-27 15:00:52.759,-37.7062,4.80517,-42.5907,0.246198,2.10754,0.002492,10.090000000000003
1772222452760548850,2026-02-27 15:00:52.760,-37.9931,4.79852,-42.698,0.246752,2.12439,0.002994,10.091000000000008
1772222452761688023,2026-02-27 15:00:52.761,-38.4377,4.61764,-42.9621,0.240357,2.15288,0.005219,10.091999999999999
1772222452762895173,2026-02-27 15:00:52.762,-38.6592,4.57211,-42.0831,0.237784,2.16569,-0.005119,10.093000000000004
1772222452764085535,2026-02-27 15:00:52.764,-38.8805,4.51952,-42.5283,0.234406,2.17812,0.000243,10.094999999999999
1772222452765232331,2026-02-27 15:00:52.765,-38.965,4.35329,-42.6687,0.227977,2.18865,-0.000383,10.096000000000004
1772222452766441973,2026-02-27 15:00:52.766,-39.1505,4.25113,-43.5197,0.224239,2.19889,0.004733,10.097000000000008
1772222452767606698,2026-02-27 15:00:52.767,-39.3646,3.89334,-44.1027,0.20773,2.21193,0.00871,10.097999999999999
1772222452768739515,2026-02-27 15:00:52.768,-39.49,3.75878,-44.4977,0.199432,2.21829,0.009289,10.099000000000004
1772222452769876645,2026-02-27 15:00:52.769,-39.6053,3.62009,-44.7535,0.190804,2.22322,0.010379,10.100000000000009
1772222452771029283,2026-02-27 15:00:52.771,-39.6798,3.38235,-45.8933,0.175459,2.22609,0.018697,10.102000000000004
1772222452772178725,2026-02-27 15:00:52.772,-39.6939,3.18875,-46.2193,0.166233,2.22849,0.021394,10.103000000000009
1772222452773353832,2026-02-27 15:00:52.773,-39.6914,2.97343,-46.5579,0.155951,2.22712,0.019611,10.104
1772222452774510814,2026-02-27 15:00:52.774,-39.7255,2.84498,-46.3676,0.144024,2.22517,0.017736,10.105000000000004
1772222452775679026,2026-02-27 15:00:52.775,-39.792,2.39829,-46.602,0.120035,2.22718,0.017936,10.106000000000009
1772222452776817771,2026-02-27 15:00:52.776,-39.7617,2.21473,-47.0057,0.111624,2.22735,0.01699,10.107
1772222452777938477,2026-02-27 15:00:52.777,-39.8742,1.97039,-47.3414,0.092493,2.22395,0.017026,10.108000000000004
1772222452779055470,2026-02-27 15:00:52.779,-39.8314,1.81037,-47.227,0.086958,2.22428,0.014934,10.11
1772222452780171171,2026-02-27 15:00:52.780,-39.8205,1.67209,-46.9787,0.080587,2.22201,0.010831,10.111000000000004
1772222452781289212,2026-02-27 15:00:52.781,-39.7496,1.50581,-47.6564,0.07223,2.21849,0.014476,10.112000000000009
1772222452782405476,2026-02-27 15:00:52.782,-39.7322,1.38524,-48.1288,0.060905,2.21588,0.017572,10.113
1772222452783545351,2026-02-27 15:00:52.783,-39.6485,1.18053,-48.8686,0.052932,2.21105,0.021395,10.114000000000004
1772222452784655501,2026-02-27 15:00:52.784,-39.5026,0.917555,-49.5504,0.039792,2.19794,0.022208,10.115000000000009
1772222452785839063,2026-02-27 15:00:52.785,-39.4614,0.855492,-49.7573,0.032864,2.19047,0.022217,10.116
1772222452787038376,2026-02-27 15:00:52.787,-39.2353,0.753802,-49.941,0.027558,2.18136,0.022384,10.11800000000001
1772222452788241099,2026-02-27 15:00:52.788,-39.1611,0.680512,-51.2194,0.018689,2.1725,0.030514,10.119
1772222452789415528,2026-02-27 15:00:52.789,-38.9459,0.635835,-50.9299,0.019718,2.16139,0.027083,10.120000000000005
1772222452790593265,2026-02-27 15:00:52.790,-38.8769,0.577373,-51.1586,0.01803,2.15204,0.027631,10.12100000000001
1772222452791729297,2026-02-27 15:00:52.791,-38.6595,0.611292,-50.7094,0.013136,2.1312,0.020933,10.122
1772222452792911575,2026-02-27 15:00:52.792,-38.5141,0.623096,-50.8082,0.015977,2.12242,0.02078,10.123000000000005
1772222452794086560,2026-02-27 15:00:52.794,-38.3729,0.654592,-50.8879,0.014404,2.11306,0.020566,10.125
1772222452795289607,2026-02-27 15:00:52.795,-38.2718,0.726196,-50.9692,0.016939,2.10393,0.020692,10.126000000000005
1772222452796502421,2026-02-27 15:00:52.796,-38.1364,0.80249,-50.0913,0.019851,2.09633,0.011277,10.12700000000001
1772222452797634247,2026-02-27 15:00:52.797,-38.0932,0.888203,-50.2771,0.024009,2.08973,0.011809,10.128
1772222452798785203,2026-02-27 15:00:52.798,-37.8937,1.13018,-50.9378,0.03482,2.07541,0.017031,10.129000000000005
1772222452799984860,2026-02-27 15:00:52.799,-37.7191,1.30607,-51.3075,0.0469,2.06895,0.018455,10.13000000000001
1772222452801184448,2026-02-27 15:00:52.801,-37.6907,1.44921,-51.2843,0.049855,2.06236,0.018049,10.132000000000005
1772222452802383202,2026-02-27 15:00:52.802,-37.4712,1.64825,-51.2882,0.059335,2.05467,0.016422,10.13300000000001
1772222452803556892,2026-02-27 15:00:52.803,-37.4763,1.84343,-51.202,0.069429,2.04878,0.016024,10.134
1772222452804692277,2026-02-27 15:00:52.804,-37.2564,2.30579,-52.1133,0.092449,2.03608,0.022943,10.135000000000005
1772222452805865435,2026-02-27 15:00:52.805,-37.1491,2.51783,-51.7954,0.10389,2.02912,0.018604,10.13600000000001
1772222452807070283,2026-02-27 15:00:52.807,-37.0061,2.74385,-51.4534,0.118081,2.02108,0.013912,10.138000000000005
1772222452808270650,2026-02-27 15:00:52.808,-36.8622,2.98635,-50.9119,0.129811,2.01234,0.009725,10.13900000000001
1772222452809444207,2026-02-27 15:00:52.809,-36.7617,3.25387,-50.6631,0.143865,2.00488,0.006726,10.14
1772222452810565177,2026-02-27 15:00:52.810,-36.6356,3.49117,-50.4693,0.158678,1.99699,0.006038,10.141000000000005
1772222452811698386,2026-02-27 15:00:52.811,-36.4655,3.72101,-50.3908,0.17447,1.98818,0.004436,10.14200000000001
1772222452812879344,2026-02-27 15:00:52.812,-36.3005,4.30695,-49.0189,0.205365,1.97245,-0.007582,10.143
1772222452814077676,2026-02-27 15:00:52.814,-36.1493,4.4985,-49.127,0.217543,1.96423,-0.00575,10.14500000000001
1772222452815277882,2026-02-27 15:00:52.815,-36.0049,4.72424,-48.9315,0.231337,1.95679,-0.006696,10.146
1772222452816487295,2026-02-27 15:00:52.816,-35.8585,5.00112,-49.2313,0.247298,1.94981,-0.003364,10.147000000000006
1772222452817620473,2026-02-27 15:00:52.817,-35.7254,5.26401,-49.1438,0.261636,1.94463,-0.003298,10.14800000000001
1772222452818787946,2026-02-27 15:00:52.818,-35.5658,5.70082,-48.4649,0.287704,1.93374,-0.005911,10.149000000000001
1772222452819997511,2026-02-27 15:00:52.819,-35.5052,5.93469,-48.167,0.30147,1.93113,-0.007035,10.150000000000006
1772222452821196370,2026-02-27 15:00:52.821,-35.3857,6.15709,-48.822,0.313995,1.92806,0.000655,10.152000000000001
1772222452822395313,2026-02-27 15:00:52.822,-35.338,6.32851,-48.3436,0.327059,1.92678,-0.003207,10.153000000000006
1772222452823555013,2026-02-27 15:00:52.823,-35.2574,6.5631,-48.0782,0.340884,1.92672,-0.005465,10.15400000000001
1772222452824687759,2026-02-27 15:00:52.824,-35.1931,6.79103,-47.2055,0.355734,1.92453,-0.010319,10.155000000000001
1772222452825855720,2026-02-27 15:00:52.825,-35.1293,7.11925,-46.1119,0.374544,1.92199,-0.014481,10.156000000000006
1772222452827052517,2026-02-27 15:00:52.827,-35.0708,7.28402,-45.7356,0.383628,1.92152,-0.015301,10.158000000000001
1772222452828249096,2026-02-27 15:00:52.828,-34.9695,7.3902,-45.4133,0.394001,1.92119,-0.017036,10.159000000000006
1772222452829448714,2026-02-27 15:00:52.829,-34.9708,7.53683,-44.4794,0.400427,1.92074,-0.022493,10.16000000000001
1772222452830575258,2026-02-27 15:00:52.830,-35.0052,7.68561,-43.9024,0.411288,1.92199,-0.026137,10.161000000000001
1772222452831707612,2026-02-27 15:00:52.831,-34.9056,7.76156,-43.7601,0.416841,1.92102,-0.025516,10.162000000000006
1772222452832859569,2026-02-27 15:00:52.832,-34.9068,7.84674,-44.0435,0.423789,1.92216,-0.019089,10.163000000000011
1772222452834060027,2026-02-27 15:00:52.834,-34.9048,7.94492,-43.8345,0.427432,1.92198,-0.019696,10.165000000000006
1772222452835262447,2026-02-27 15:00:52.835,-34.899,7.95479,-43.587,0.429831,1.92358,-0.019959,10.166000000000011
1772222452836478455,2026-02-27 15:00:52.836,-34.8986,8.00066,-43.3769,0.435069,1.92558,-0.020593,10.167000000000002
1772222452837611373,2026-02-27 15:00:52.837,-34.8487,7.95224,-43.1784,0.43159,1.92675,-0.019774,10.168000000000006
1772222452838742290,2026-02-27 15:00:52.838,-34.9578,7.93242,-43.9233,0.42751,1.93023,-0.012154,10.169000000000011
1772222452839908973,2026-02-27 15:00:52.839,-34.9558,7.9024,-43.0032,0.428822,1.93538,-0.015559,10.170000000000002
1772222452841110163,2026-02-27 15:00:52.841,-34.9985,7.81848,-42.4707,0.427036,1.93937,-0.019229,10.172000000000011
1772222452842310792,2026-02-27 15:00:52.842,-35.0778,7.77428,-42.0607,0.42216,1.94303,-0.019993,10.173000000000002
1772222452843519120,2026-02-27 15:00:52.843,-35.067,7.67777,-41.9243,0.418617,1.94729,-0.019046,10.174000000000007
1772222452844652506,2026-02-27 15:00:52.844,-35.1751,7.64904,-41.8253,0.416674,1.95287,-0.018857,10.175000000000011
1772222452845805277,2026-02-27 15:00:52.845,-35.2914,7.54271,-41.5125,0.409324,1.95755,-0.017405,10.176000000000002
1772222452846992330,2026-02-27 15:00:52.846,-35.351,7.40835,-40.4815,0.396257,1.96644,-0.023049,10.177000000000007
1772222452848193291,2026-02-27 15:00:52.848,-35.4408,7.28712,-40.4446,0.392714,1.97121,-0.022763,10.179000000000002
1772222452849392870,2026-02-27 15:00:52.849,-35.4234,7.17291,-40.8078,0.383399,1.97545,-0.017313,10.180000000000007
1772222452850570235,2026-02-27 15:00:52.850,-35.5754,7.05482,-41.0098,0.377125,1.98117,-0.015056,10.181000000000012
1772222452851702945,2026-02-27 15:00:52.851,-35.5968,6.90763,-40.9363,0.370262,1.98742,-0.01404,10.182000000000002
1772222452852854779,2026-02-27 15:00:52.852,-35.7558,6.8267,-40.8393,0.364632,1.99224,-0.013916,10.183000000000007
1772222452854034308,2026-02-27 15:00:52.854,-35.9464,6.55427,-41.3489,0.343509,2.00615,-0.005704,10.185000000000002
1772222452855233790,2026-02-27 15:00:52.855,-36.0773,6.40477,-41.5543,0.335427,2.01345,-0.002899,10.186000000000007
1772222452856433919,2026-02-27 15:00:52.856,-36.3121,6.32619,-41.3065,0.326847,2.0233,-0.00428,10.187000000000012
1772222452857570529,2026-02-27 15:00:52.857,-36.5101,6.22308,-40.8172,0.320503,2.03409,-0.008092,10.188000000000002
1772222452858702559,2026-02-27 15:00:52.858,-36.7526,6.1442,-40.5095,0.310308,2.04691,-0.009301,10.189000000000007
1772222452859853100,2026-02-27 15:00:52.859,-37.0922,6.10065,-40.3899,0.30668,2.06379,-0.009607,10.190000000000012
1772222452861025270,2026-02-27 15:00:52.861,-37.7069,6.08527,-40.2915,0.300625,2.10294,-0.006932,10.192000000000007
1772222452862228172,2026-02-27 15:00:52.862,-38.137,6.08324,-40.0761,0.295932,2.1267,-0.009586,10.193000000000012
1772222452863434171,2026-02-27 15:00:52.863,-38.5065,6.04464,-39.273,0.297362,2.14951,-0.014391,10.194000000000003
1772222452864572687,2026-02-27 15:00:52.864,-38.889,6.03049,-39.7525,0.29636,2.17674,-0.00996,10.195000000000007
1772222452865817645,2026-02-27 15:00:52.865,-39.3334,5.98819,-39.9405,0.293176,2.20171,-0.006856,10.196000000000012
1772222452866995894,2026-02-27 15:00:52.866,-40.1477,5.83111,-40.5305,0.28635,2.24949,0.001097,10.197000000000003
1772222452868190093,2026-02-27 15:00:52.868,-40.4656,5.8132,-40.5041,0.284549,2.27447,0.003007,10.199000000000012
1772222452869392596,2026-02-27 15:00:52.869,-40.8505,5.70594,-40.5589,0.27909,2.29664,0.004401,10.200000000000003
1772222452870582987,2026-02-27 15:00:52.870,-41.1275,5.61621,-40.5665,0.272639,2.32,0.005089,10.201000000000008
1772222452871715520,2026-02-27 15:00:52.871,-41.5241,5.53756,-41.5718,0.270988,2.34272,0.015023,10.202000000000012
1772222452872867689,2026-02-27 15:00:52.872,-41.8246,5.46648,-41.3063,0.264025,2.36203,0.014227,10.203000000000003
1772222452874048313,2026-02-27 15:00:52.874,-42.5006,5.37692,-40.9982,0.255488,2.39578,0.012341,10.205000000000013
1772222452875222245,2026-02-27 15:00:52.875,-42.8256,5.30418,-40.6704,0.251407,2.4146,0.011446,10.206000000000003
1772222452876425754,2026-02-27 15:00:52.876,-42.9446,5.31744,-40.5699,0.259508,2.4185,0.008698,10.207000000000008
1772222452877574739,2026-02-27 15:00:52.877,-43.1379,5.23321,-40.5635,0.245647,2.43975,0.016487,10.208000000000013
1772222452878705311,2026-02-27 15:00:52.878,-43.5716,5.12145,-40.3444,0.232223,2.45095,0.021899,10.209000000000003
1772222452879857814,2026-02-27 15:00:52.879,-43.9498,4.96595,-39.0458,0.234403,2.43227,0.01175,10.210000000000008
1772222452881033022,2026-02-27 15:00:52.881,-42.7692,4.27477,-32.8658,0.215416,1.98312,-0.002857,10.212000000000003
1772222452882225907,2026-02-27 15:00:52.882,-39.2979,4.04167,-29.6199,0.195752,1.62813,0.017313,10.213000000000008
1772222452883425281,2026-02-27 15:00:52.883,-33.9079,4.60031,-27.5693,0.194767,1.91235,0.071423,10.213999999999999
1772222452884573712,2026-02-27 15:00:52.884,-33.5964,4.96846,-23.1939,0.185161,1.54298,0.055472,10.215000000000003
1772222452885706656,2026-02-27 15:00:52.885,-31.0855,5.53174,-19.4667,0.258017,1.4194,0.035214,10.216000000000008
1772222452886869787,2026-02-27 15:00:52.886,-29.1136,5.53276,-12.4969,0.273222,1.0365,0.00852,10.216999999999999
1772222452888049444,2026-02-27 15:00:52.888,-22.359,6.62061,-8.55762,0.191606,0.864914,0.014912,10.219000000000008
1772222452889243144,2026-02-27 15:00:52.889,-18.9856,6.25789,-3.62863,0.249217,0.755184,0.019209,10.219999999999999
1772222452890440539,2026-02-27 15:00:52.890,-15.7716,6.09339,-0.022038,0.221323,0.609622,0.016808,10.221000000000004
1772222452891576992,2026-02-27 15:00:52.891,-12.8108,5.71908,4.37603,0.208515,0.48862,0.006278,10.222000000000008
1772222452892708224,2026-02-27 15:00:52.892,-9.72917,5.34599,6.99581,0.180839,0.411559,0.000566,10.222999999999999
1772222452893880145,2026-02-27 15:00:52.893,-6.87478,5.05839,8.28352,0.16302,0.335795,-0.010429,10.224000000000004
1772222452895074087,2026-02-27 15:00:52.895,-2.16629,4.29304,9.51608,0.136865,0.205716,-0.037728,10.225999999999999
1772222452896265438,2026-02-27 15:00:52.896,-0.431523,3.93675,10.3952,0.133019,0.158152,-0.059797,10.227000000000004
1772222452897479299,2026-02-27 15:00:52.897,1.08865,3.506,9.58283,0.120386,0.118093,-0.06379,10.228000000000009
1772222452898573783,2026-02-27 15:00:52.898,2.0949,3.01877,8.77347,0.115766,0.083359,-0.072343,10.229
1772222452899701224,2026-02-27 15:00:52.899,2.97445,2.52569,7.015,0.101496,0.051108,-0.06728,10.230000000000004
1772222452900877851,2026-02-27 15:00:52.900,3.66323,1.72361,2.78221,0.140747,0.039464,-0.067312,10.231000000000009
1772222452902052804,2026-02-27 15:00:52.902,3.94072,1.16883,-7.42955,0.257741,0.188705,-0.080447,10.233000000000004
1772222452903228138,2026-02-27 15:00:52.903,2.5215,1.53904,-13.8896,0.304202,0.223712,-0.090663,10.234000000000009
1772222452904427364,2026-02-27 15:00:52.904,0.215446,2.02292,-19.6209,0.351027,0.306316,-0.09506,10.235
1772222452905570256,2026-02-27 15:00:52.905,-1.54788,2.03863,-28.2694,0.456225,0.588114,-0.113425,10.236000000000004
1772222452906698263,2026-02-27 15:00:52.906,-4.5551,2.64805,-34.1739,0.415235,0.541496,-0.120773,10.237000000000009
1772222452907897826,2026-02-27 15:00:52.907,-7.27582,2.64315,-39.2435,0.450176,0.63213,-0.1314,10.238
1772222452909091318,2026-02-27 15:00:52.909,-11.4559,2.10259,-40.5784,0.332634,0.465367,-0.109511,10.240000000000009
1772222452910286645,2026-02-27 15:00:52.910,-9.58823,0.929271,-45.7823,0.308352,0.681666,-0.078529,10.241
1772222452911497138,2026-02-27 15:00:52.911,-9.74445,0.200599,-47.495,0.219889,0.700332,-0.060983,10.242000000000004
1772222452912627012,2026-02-27 15:00:52.912,-10.1753,0.030511,-46.5431,0.156377,0.650187,-0.044226,10.24300000000001
1772222452913804948,2026-02-27 15:00:52.913,-10.2076,0.044839,-42.9707,0.116807,0.623655,-0.035614,10.244
1772222452914982808,2026-02-27 15:00:52.914,-7.36685,-0.030491,-37.3561,-0.002539,0.377371,-0.007794,10.245000000000005
1772222452916154211,2026-02-27 15:00:52.916,-0.375262,-0.029511,-25.4639,-0.045129,-0.007117,0.051535,10.247
1772222452917361872,2026-02-27 15:00:52.917,2.61029,0.452775,-20.772,-0.015161,-0.064243,0.056514,10.248000000000005
1772222452918577614,2026-02-27 15:00:52.918,4.6589,1.29694,-16.5615,0.029176,-0.097841,0.043113,10.24900000000001
1772222452919719304,2026-02-27 15:00:52.919,5.86221,2.22332,-13.099,0.077886,-0.088925,0.02138,10.25
1772222452920896288,2026-02-27 15:00:52.920,6.98599,3.09286,-11.8107,0.120993,-0.039331,0.005639,10.251000000000005
1772222452922069761,2026-02-27 15:00:52.922,7.01002,3.72602,-9.62922,0.152627,-0.076351,-0.003357,10.253
1772222452923246152,2026-02-27 15:00:52.923,7.74617,4.0628,-5.34541,0.182768,-0.059778,-0.024983,10.254000000000005
1772222452924443361,2026-02-27 15:00:52.924,8.02464,3.8304,-3.5174,0.16792,-0.074865,-0.030754,10.25500000000001
1772222452925566190,2026-02-27 15:00:52.925,8.34063,3.30252,-2.44991,0.150208,-0.081676,-0.025778,10.256
1772222452926709853,2026-02-27 15:00:52.926,8.49948,2.58565,-1.74232,0.124579,-0.098308,-0.013557,10.257000000000005
1772222452927887485,2026-02-27 15:00:52.927,8.54706,1.70014,-1.15436,0.102162,-0.102577,0.001656,10.25800000000001
1772222452929058496,2026-02-27 15:00:52.929,8.55711,0.769878,-1.08954,0.081646,-0.083402,0.019683,10.260000000000005
1772222452930242981,2026-02-27 15:00:52.930,7.99604,-0.467682,0.473745,0.03589,-0.08734,0.013308,10.26100000000001
1772222452931440772,2026-02-27 15:00:52.931,7.75068,-0.821837,0.488918,0.033582,-0.067456,0.007577,10.262
1772222452932572540,2026-02-27 15:00:52.932,7.24957,-0.89011,1.0581,0.004639,-0.062033,0.001685,10.263000000000005
1772222452933699561,2026-02-27 15:00:52.933,7.29128,-1.12112,0.279703,0.005232,-0.013489,-0.002384,10.26400000000001
1772222452934874126,2026-02-27 15:00:52.934,6.68027,-1.23263,-0.599939,0.026857,0.014458,0.001512,10.265
1772222452936045256,2026-02-27 15:00:52.936,6.13828,-1.1517,-0.564988,0.020413,0.006226,0.000164,10.26700000000001
1772222452937176191,2026-02-27 15:00:52.937,5.67532,-1.43527,-1.77906,0.040964,-0.004517,0.017282,10.268
1772222452938369819,2026-02-27 15:00:52.938,5.53219,-1.53452,-2.55811,0.046455,-0.009617,0.036721,10.269000000000005
