abs_timestamp_ns,human_time,fx,fy,fz,tx,ty,tz,mocap_ref_time
1772222458362042052,2026-02-27 15:00:58.362,-3.65675,0.097586,7.08347,0.020428,0.272159,-0.028996,15.693000000000012
1772222458363240637,2026-02-27 15:00:58.363,-3.64797,0.126985,7.07964,0.022253,0.271516,-0.028298,15.694000000000003
1772222458364437246,2026-02-27 15:00:58.364,-3.58757,0.162828,6.45395,0.024683,0.270965,-0.022618,15.695000000000007
1772222458365556798,2026-02-27 15:00:58.365,-3.52817,0.178095,6.28222,0.025805,0.271511,-0.021014,15.696000000000012
1772222458366686081,2026-02-27 15:00:58.366,-3.55205,0.224691,6.28528,0.024154,0.271806,-0.021653,15.697000000000003
1772222458367855844,2026-02-27 15:00:58.367,-3.5501,0.294605,6.26338,0.027864,0.269115,-0.021297,15.698000000000008
1772222458369051693,2026-02-27 15:00:58.369,-3.41474,0.319645,5.27186,0.032506,0.270104,-0.012213,15.700000000000003
1772222458370246561,2026-02-27 15:00:58.370,-3.43003,0.378903,5.30243,0.032917,0.269525,-0.013846,15.701000000000008
1772222458371415424,2026-02-27 15:00:58.371,-3.38925,0.372425,5.402,0.032939,0.268821,-0.01338,15.702000000000012
1772222458372561811,2026-02-27 15:00:58.372,-3.40082,0.441335,5.93211,0.035845,0.26943,-0.019613,15.703000000000003
1772222458373692404,2026-02-27 15:00:58.373,-3.40922,0.545868,6.33349,0.036318,0.268246,-0.021865,15.704000000000008
1772222458374864786,2026-02-27 15:00:58.374,-3.40075,0.608062,6.34861,0.038371,0.268033,-0.020927,15.705000000000013
1772222458376034532,2026-02-27 15:00:58.376,-3.45348,0.637052,6.35409,0.03689,0.269079,-0.021993,15.707000000000008
1772222458377235786,2026-02-27 15:00:58.377,-3.46602,0.643191,6.92278,0.038379,0.267518,-0.028022,15.708000000000013
1772222458378437802,2026-02-27 15:00:58.378,-3.56404,0.730312,7.37462,0.04026,0.268251,-0.031913,15.709000000000003
1772222458379558663,2026-02-27 15:00:58.379,-3.47747,0.813824,7.07487,0.043157,0.268678,-0.029251,15.710000000000008
1772222458380685322,2026-02-27 15:00:58.380,-3.46382,0.924932,6.1284,0.049858,0.270816,-0.021067,15.711000000000013
1772222458381854495,2026-02-27 15:00:58.381,-3.4719,0.930735,6.02328,0.05343,0.270605,-0.020399,15.712000000000003
1772222458383049565,2026-02-27 15:00:58.383,-3.48684,0.955745,6.00271,0.053903,0.270935,-0.020383,15.713999999999999
1772222458384244736,2026-02-27 15:00:58.384,-3.51227,1.00361,6.1029,0.051613,0.270865,-0.020334,15.715000000000003
1772222458385445045,2026-02-27 15:00:58.385,-3.51153,1.0356,6.02059,0.052472,0.271666,-0.020143,15.716000000000008
1772222458386555428,2026-02-27 15:00:58.386,-3.48411,1.02658,5.04267,0.051836,0.271038,-0.010667,15.716999999999999
1772222458387683324,2026-02-27 15:00:58.387,-3.4817,1.05654,5.4536,0.054432,0.270743,-0.014212,15.718000000000004
1772222458388830647,2026-02-27 15:00:58.388,-3.49729,1.08011,5.90781,0.052428,0.27031,-0.018461,15.719000000000008
1772222458390028085,2026-02-27 15:00:58.390,-3.45012,1.11756,6.1075,0.056391,0.270461,-0.020626,15.721000000000004
1772222458391224593,2026-02-27 15:00:58.391,-3.47396,1.09901,6.12519,0.053628,0.269913,-0.020448,15.722000000000008
1772222458392361931,2026-02-27 15:00:58.392,-3.48861,1.10692,6.08724,0.054312,0.270401,-0.020877,15.722999999999999
1772222458393563224,2026-02-27 15:00:58.393,-3.50683,1.11693,6.10615,0.055654,0.270893,-0.020616,15.724000000000004
1772222458394692035,2026-02-27 15:00:58.394,-3.53215,1.10943,7.25248,0.053616,0.269996,-0.03111,15.725000000000009
1772222458395844930,2026-02-27 15:00:58.395,-3.53984,1.09741,6.8965,0.053774,0.271037,-0.029612,15.725999999999999
1772222458397039070,2026-02-27 15:00:58.397,-3.48848,1.13749,6.29334,0.054284,0.270994,-0.024387,15.728000000000009
1772222458398235950,2026-02-27 15:00:58.398,-3.4912,1.15922,6.00598,0.055953,0.270084,-0.020852,15.729
1772222458399432116,2026-02-27 15:00:58.399,-3.51452,1.13792,6.12555,0.052869,0.270867,-0.020648,15.730000000000004
1772222458400562370,2026-02-27 15:00:58.400,-3.53303,1.132,6.10253,0.054415,0.271144,-0.020198,15.731000000000009
1772222458401688208,2026-02-27 15:00:58.401,-3.53367,1.14878,6.0027,0.055818,0.271532,-0.020433,15.732
1772222458402862075,2026-02-27 15:00:58.402,-3.5789,1.11467,5.0639,0.054583,0.271595,-0.010932,15.733000000000004
1772222458404056424,2026-02-27 15:00:58.404,-3.59513,1.18817,5.23838,0.055123,0.272558,-0.012711,15.735
1772222458405250548,2026-02-27 15:00:58.405,-3.58873,1.16445,5.61325,0.057039,0.273131,-0.016975,15.736000000000004
1772222458406444487,2026-02-27 15:00:58.406,-3.66336,1.15669,5.92949,0.055327,0.273088,-0.018934,15.737000000000009
1772222458407569797,2026-02-27 15:00:58.407,-3.66302,1.1529,6.06427,0.055682,0.274777,-0.020802,15.738
1772222458408695921,2026-02-27 15:00:58.408,-3.66292,1.13723,6.00604,0.055893,0.274176,-0.021256,15.739000000000004
1772222458409868264,2026-02-27 15:00:58.409,-3.69492,1.06931,6.21606,0.05608,0.2758,-0.022248,15.740000000000009
1772222458411066122,2026-02-27 15:00:58.411,-3.75558,1.01752,7.11588,0.051326,0.27501,-0.029522,15.742000000000004
1772222458412264356,2026-02-27 15:00:58.412,-3.78874,1.02034,6.67108,0.050549,0.276493,-0.027009,15.74300000000001
1772222458413477253,2026-02-27 15:00:58.413,-3.76188,1.00668,6.51599,0.051737,0.275881,-0.024947,15.744
1772222458414609958,2026-02-27 15:00:58.414,-3.79462,0.944713,6.01668,0.049821,0.27653,-0.020375,15.745000000000005
1772222458415748514,2026-02-27 15:00:58.415,-3.80937,0.903856,5.90698,0.044618,0.276544,-0.019491,15.74600000000001
1772222458416876368,2026-02-27 15:00:58.416,-3.80417,0.851947,5.96999,0.047197,0.275764,-0.019635,15.747
1772222458418006758,2026-02-27 15:00:58.418,-3.78131,0.837544,5.94712,0.04453,0.276422,-0.019307,15.74900000000001
1772222458419140757,2026-02-27 15:00:58.419,-3.80958,0.875793,4.92748,0.043812,0.277242,-0.009821,15.75
1772222458420259274,2026-02-27 15:00:58.420,-3.76226,0.811872,5.17666,0.047754,0.277989,-0.013305,15.751000000000005
1772222458421375536,2026-02-27 15:00:58.421,-3.79714,0.751305,5.17193,0.043051,0.276552,-0.012971,15.75200000000001
1772222458422477518,2026-02-27 15:00:58.422,-3.79124,0.760241,5.73193,0.043927,0.277185,-0.017564,15.753
1772222458423591354,2026-02-27 15:00:58.423,-3.7912,0.727188,5.98867,0.041814,0.276003,-0.019603,15.754000000000005
1772222458424696938,2026-02-27 15:00:58.424,-3.78274,0.703588,6.03467,0.044607,0.277161,-0.020195,15.75500000000001
1772222458425824693,2026-02-27 15:00:58.425,-3.7479,0.717771,6.07645,0.041841,0.276044,-0.020439,15.756
1772222458427000623,2026-02-27 15:00:58.427,-4.66443,0.029595,4.0835,0.056704,0.234209,-0.027289,15.75800000000001
1772222458428197810,2026-02-27 15:00:58.428,-3.65705,0.350457,3.09219,0.001377,0.257144,-0.031018,15.759
1772222458429397396,2026-02-27 15:00:58.429,-3.88815,0.079539,0.688019,0.019086,0.194878,-0.019951,15.760000000000005
1772222458430560457,2026-02-27 15:00:58.430,-4.10282,-0.442297,-2.19753,0.07223,0.172214,-0.010001,15.76100000000001
1772222458431688627,2026-02-27 15:00:58.431,-4.00159,-0.655978,-2.58484,0.076657,0.176823,-0.006093,15.762
1772222458432837527,2026-02-27 15:00:58.432,-3.86665,-0.621923,-2.70442,0.050586,0.19969,-0.006892,15.763000000000005
1772222458434005168,2026-02-27 15:00:58.434,-3.99951,-0.823566,-1.74618,0.040245,0.238114,-0.006762,15.765
1772222458435201067,2026-02-27 15:00:58.435,-4.08431,-0.891179,-1.35271,0.013225,0.258146,-0.008894,15.766000000000005
1772222458436395736,2026-02-27 15:00:58.436,-4.21429,-0.905709,-1.70879,-0.005599,0.27482,-0.005183,15.76700000000001
1772222458437562419,2026-02-27 15:00:58.437,-4.26256,-0.854865,-0.912156,-0.000167,0.289761,-0.011206,15.768
1772222458438690750,2026-02-27 15:00:58.438,-4.3403,-0.871622,-0.416744,-0.002785,0.295288,-0.018724,15.769000000000005
1772222458439964079,2026-02-27 15:00:58.439,-4.6074,-0.902916,-0.030397,-0.00907,0.307665,-0.022537,15.77000000000001
1772222458441155138,2026-02-27 15:00:58.441,-4.6539,-0.925147,-0.533396,-0.003514,0.308643,-0.023339,15.772000000000006
1772222458442349495,2026-02-27 15:00:58.442,-4.72694,-0.977297,-0.800778,-0.008905,0.306016,-0.023547,15.77300000000001
1772222458443560846,2026-02-27 15:00:58.443,-4.66683,-1.00622,-1.03618,-0.004227,0.302938,-0.021447,15.774000000000001
1772222458444686864,2026-02-27 15:00:58.444,-4.71619,-1.04567,-0.106667,-0.002699,0.300559,-0.029831,15.775000000000006
1772222458445857899,2026-02-27 15:00:58.445,-4.68534,-1.13626,-0.412905,-0.006036,0.295342,-0.023651,15.77600000000001
1772222458447025015,2026-02-27 15:00:58.447,-4.63327,-1.12856,-0.84095,-0.008339,0.294147,-0.017322,15.778000000000006
1772222458448215477,2026-02-27 15:00:58.448,-4.5797,-1.11125,-0.820353,-0.012394,0.295246,-0.014229,15.77900000000001
1772222458449418572,2026-02-27 15:00:58.449,-4.55033,-1.03768,-0.558073,-0.016282,0.299831,-0.016988,15.780000000000001
1772222458450559847,2026-02-27 15:00:58.450,-4.48657,-1.01137,-0.202608,-0.014306,0.300648,-0.018066,15.781000000000006
1772222458451687334,2026-02-27 15:00:58.451,-4.46797,-0.992789,0.1265,-0.017329,0.30212,-0.018611,15.78200000000001
1772222458452855449,2026-02-27 15:00:58.452,-4.50456,-0.935684,-0.570417,-0.016217,0.303508,-0.011679,15.783000000000001
1772222458454025544,2026-02-27 15:00:58.454,-4.48874,-0.829657,-0.322959,-0.005967,0.303427,-0.014695,15.78500000000001
1772222458455218587,2026-02-27 15:00:58.455,-4.40391,-0.827831,0.382648,-0.00469,0.299797,-0.019612,15.786000000000001
1772222458456413188,2026-02-27 15:00:58.456,-4.41709,-0.734691,0.704059,0.003143,0.29747,-0.021741,15.787000000000006
1772222458457567735,2026-02-27 15:00:58.457,-4.34526,-0.788763,0.789899,0.0071,0.294241,-0.02206,15.788000000000011
1772222458458696574,2026-02-27 15:00:58.458,-4.33959,-0.704242,0.866157,0.008327,0.291221,-0.021263,15.789000000000001
1772222458459851834,2026-02-27 15:00:58.459,-4.26865,-0.707908,0.870877,0.013592,0.288245,-0.021575,15.790000000000006
1772222458461031396,2026-02-27 15:00:58.461,-4.23214,-0.662099,2.01094,0.013927,0.283465,-0.030903,15.792000000000002
1772222458462226579,2026-02-27 15:00:58.462,-4.17928,-0.607631,1.75246,0.017551,0.283104,-0.028401,15.793000000000006
1772222458463422239,2026-02-27 15:00:58.463,-4.14921,-0.636128,1.40441,0.017609,0.280777,-0.024959,15.794000000000011
1772222458464563849,2026-02-27 15:00:58.464,-4.14939,-0.66284,0.893552,0.019232,0.278459,-0.021555,15.795000000000002
1772222458465689343,2026-02-27 15:00:58.465,-4.13909,-0.649524,0.856774,0.014101,0.277024,-0.019311,15.796000000000006
1772222458466861671,2026-02-27 15:00:58.466,-4.13679,-0.698939,0.799684,0.013109,0.275811,-0.020014,15.797000000000011
1772222458468055345,2026-02-27 15:00:58.468,-4.04965,-0.662232,0.551978,0.014407,0.273508,-0.019264,15.799000000000007
1772222458469245762,2026-02-27 15:00:58.469,-3.99307,-0.700568,-0.65589,0.014201,0.270721,-0.008839,15.800000000000011
1772222458470441349,2026-02-27 15:00:58.470,-4.01519,-0.688161,-0.405502,0.015969,0.269853,-0.012904,15.801000000000002
1772222458471561581,2026-02-27 15:00:58.471,-4.0416,-0.717991,-0.66144,0.015001,0.267758,-0.011326,15.802000000000007
1772222458472689500,2026-02-27 15:00:58.472,-4.01919,-0.731315,-0.142711,0.014106,0.265796,-0.015962,15.803000000000011
1772222458473866207,2026-02-27 15:00:58.473,-4.02087,-0.729516,-0.089995,0.014471,0.264832,-0.017832,15.804000000000002
1772222458475055506,2026-02-27 15:00:58.475,-3.9775,-0.763962,-0.440519,0.015187,0.260842,-0.017139,15.806000000000012
1772222458476263814,2026-02-27 15:00:58.476,-3.97829,-0.748037,-0.483452,0.016262,0.261809,-0.016719,15.807000000000002
1772222458477475844,2026-02-27 15:00:58.477,-3.96689,-0.773735,0.396235,0.018317,0.259576,-0.026644,15.808000000000007
1772222458478601637,2026-02-27 15:00:58.478,-4.00263,-0.717795,0.056302,0.01727,0.25962,-0.024667,15.809000000000012
1772222458479734283,2026-02-27 15:00:58.479,-3.95777,-0.759037,-0.086121,0.017674,0.258852,-0.02456,15.810000000000002
1772222458480898477,2026-02-27 15:00:58.480,-3.95393,-0.675805,-0.688521,0.02004,0.259746,-0.019473,15.811000000000007
1772222458482092323,2026-02-27 15:00:58.482,-3.92666,-0.717454,-1.27707,0.022891,0.256795,-0.016528,15.813000000000002
1772222458483281091,2026-02-27 15:00:58.483,-3.96723,-0.658073,-1.3791,0.027437,0.255726,-0.016417,15.814000000000007
1772222458484498672,2026-02-27 15:00:58.484,-3.92565,-0.630995,-1.43917,0.028647,0.254866,-0.016421,15.815000000000012
1772222458485630387,2026-02-27 15:00:58.485,-3.93203,-0.571818,-2.02415,0.033413,0.253806,-0.010825,15.816000000000003
1772222458486801911,2026-02-27 15:00:58.486,-3.90294,-0.535858,-2.63765,0.037452,0.254008,-0.00702,15.817000000000007
1772222458487971147,2026-02-27 15:00:58.487,-3.91409,-0.464099,-2.43678,0.041244,0.254067,-0.009562,15.818000000000012
1772222458489139268,2026-02-27 15:00:58.489,-4.00233,-0.348486,-1.91298,0.050179,0.253987,-0.014738,15.820000000000007
1772222458490335925,2026-02-27 15:00:58.490,-4.06413,-0.26662,-1.8334,0.052987,0.256201,-0.017579,15.821000000000012
1772222458491548302,2026-02-27 15:00:58.491,-3.96274,-0.176017,-1.87599,0.059913,0.25638,-0.016614,15.822000000000003
1772222458492677215,2026-02-27 15:00:58.492,-4.01204,-0.130247,-1.89579,0.062101,0.256368,-0.016739,15.823000000000008
1772222458493858772,2026-02-27 15:00:58.493,-4.06501,-0.117159,-1.86472,0.066037,0.257039,-0.018321,15.824000000000012
1772222458495006588,2026-02-27 15:00:58.495,-4.06248,0.022671,-0.986214,0.074103,0.258998,-0.027661,15.826000000000008
1772222458496174396,2026-02-27 15:00:58.496,-4.03846,0.124801,-1.49613,0.080566,0.261181,-0.023952,15.827000000000012
1772222458497369961,2026-02-27 15:00:58.497,-4.1394,0.088218,-2.17769,0.083237,0.261108,-0.019535,15.828000000000003
1772222458498567233,2026-02-27 15:00:58.498,-4.14975,0.111957,-2.42989,0.08333,0.261254,-0.018373,15.829000000000008
1772222458499696043,2026-02-27 15:00:58.499,-4.15948,0.182445,-2.58556,0.089639,0.262814,-0.019161,15.830000000000013
1772222458500868212,2026-02-27 15:00:58.500,-4.18002,0.259039,-2.66216,0.093711,0.264324,-0.019727,15.831000000000003
1772222458502036820,2026-02-27 15:00:58.502,-4.21038,0.276494,-2.76674,0.095065,0.264933,-0.019312,15.833000000000013
1772222458503226386,2026-02-27 15:00:58.503,-4.26099,0.325392,-3.74207,0.098668,0.266758,-0.013338,15.834000000000003
1772222458504422783,2026-02-27 15:00:58.504,-4.35381,0.39368,-3.92421,0.103204,0.269165,-0.013502,15.835000000000008
1772222458505565722,2026-02-27 15:00:58.505,-4.37972,0.402387,-3.54227,0.107592,0.27168,-0.018771,15.836000000000013
1772222458506692062,2026-02-27 15:00:58.506,-4.50693,0.471576,-3.45912,0.107633,0.274426,-0.0225,15.837000000000003
1772222458507890131,2026-02-27 15:00:58.507,-4.49107,0.4755,-3.59838,0.115466,0.277183,-0.022461,15.838000000000008
1772222458509060553,2026-02-27 15:00:58.509,-4.56016,0.546509,-3.7578,0.116496,0.279327,-0.023122,15.840000000000003
1772222458510236714,2026-02-27 15:00:58.510,-4.70209,0.59729,-3.53396,0.125927,0.287807,-0.032217,15.841000000000008
1772222458511431370,2026-02-27 15:00:58.511,-4.8509,0.578893,-3.45572,0.128242,0.291081,-0.03509,15.841999999999999
1772222458512562115,2026-02-27 15:00:58.512,-4.91721,0.565546,-3.88931,0.129931,0.293856,-0.034236,15.843000000000004
1772222458513689432,2026-02-27 15:00:58.513,-4.9661,0.622643,-4.56152,0.133372,0.29929,-0.030926,15.844000000000008
1772222458514864511,2026-02-27 15:00:58.514,-5.053,0.62072,-5.25431,0.133746,0.303459,-0.027896,15.844999999999999
1772222458516033064,2026-02-27 15:00:58.516,-5.18071,0.608724,-5.47803,0.135077,0.30647,-0.028184,15.847000000000008
1772222458517200713,2026-02-27 15:00:58.517,-5.414,0.633256,-5.9904,0.138147,0.315476,-0.031167,15.847999999999999
1772222458518390371,2026-02-27 15:00:58.518,-5.44527,0.664162,-6.32357,0.143129,0.319304,-0.029774,15.849000000000004
1772222458519561185,2026-02-27 15:00:58.519,-5.56929,0.655182,-7.61748,0.14356,0.322857,-0.022135,15.850000000000009
1772222458520689281,2026-02-27 15:00:58.520,-5.61625,0.707897,-7.44311,0.147214,0.326988,-0.026881,15.850999999999999
1772222458521861524,2026-02-27 15:00:58.521,-5.69152,0.627127,-7.67138,0.147545,0.332605,-0.029435,15.852000000000004
1772222458523037361,2026-02-27 15:00:58.523,-5.77466,0.583634,-7.5357,0.148538,0.337309,-0.034726,15.854
1772222458524207081,2026-02-27 15:00:58.524,-5.95202,0.622248,-8.01591,0.154096,0.347965,-0.039183,15.855000000000004
1772222458525378906,2026-02-27 15:00:58.525,-6.09649,0.51903,-8.37674,0.152173,0.351829,-0.040522,15.856000000000009
1772222458526571442,2026-02-27 15:00:58.526,-6.16595,0.522088,-8.69469,0.15532,0.355361,-0.041711,15.857
1772222458527700688,2026-02-27 15:00:58.527,-6.25361,0.519198,-7.81721,0.156415,0.354488,-0.051609,15.858000000000004
1772222458528872420,2026-02-27 15:00:58.528,-6.34687,0.464796,-8.42048,0.154103,0.351967,-0.047016,15.859000000000009
1772222458530052790,2026-02-27 15:00:58.530,-6.38159,0.457038,-8.50452,0.154939,0.348931,-0.04677,15.861000000000004
1772222458531222679,2026-02-27 15:00:58.531,-6.24558,0.350432,-9.90646,0.156331,0.34966,-0.037408,15.862000000000009
1772222458532412371,2026-02-27 15:00:58.532,-6.26462,0.356151,-10.4322,0.160275,0.364733,-0.040604,15.863
1772222458533560443,2026-02-27 15:00:58.533,-6.44907,0.312585,-10.9625,0.158052,0.366709,-0.044308,15.864000000000004
1772222458534687987,2026-02-27 15:00:58.534,-6.52824,0.353104,-11.4954,0.167924,0.371744,-0.046539,15.865000000000009
1772222458535885518,2026-02-27 15:00:58.535,-6.66129,0.266583,-12.7006,0.165238,0.374544,-0.040225,15.866
1772222458537062004,2026-02-27 15:00:58.537,-6.7856,0.222554,-13.3413,0.167561,0.376741,-0.03902,15.86800000000001
1772222458538235567,2026-02-27 15:00:58.538,-6.88245,0.094174,-13.4721,0.167884,0.377624,-0.04424,15.869
1772222458539427181,2026-02-27 15:00:58.539,-7.03271,0.012638,-13.4834,0.164533,0.379446,-0.046225,15.870000000000005
1772222458540564501,2026-02-27 15:00:58.540,-7.06453,-0.054502,-13.7176,0.163045,0.381368,-0.047927,15.87100000000001
1772222458541701315,2026-02-27 15:00:58.541,-7.09203,-0.071926,-14.1693,0.166381,0.38285,-0.047268,15.872
1772222458542886988,2026-02-27 15:00:58.542,-7.15757,-0.151584,-14.4906,0.166676,0.384575,-0.048112,15.873000000000005
1772222458544079419,2026-02-27 15:00:58.544,-7.26164,-0.179122,-14.5721,0.170272,0.387878,-0.05129,15.875
1772222458545252062,2026-02-27 15:00:58.545,-7.44015,-0.2473,-14.8167,0.170215,0.392166,-0.054843,15.876000000000005
1772222458546446708,2026-02-27 15:00:58.546,-7.51092,-0.263284,-15.2877,0.170274,0.398282,-0.054521,15.87700000000001
1772222458547575332,2026-02-27 15:00:58.547,-7.58272,-0.340367,-16.1096,0.171091,0.402803,-0.050327,15.878
1772222458548830481,2026-02-27 15:00:58.548,-7.7062,-0.339005,-16.6036,0.173446,0.407157,-0.049689,15.879000000000005
1772222458550031646,2026-02-27 15:00:58.550,-7.7953,-0.332617,-16.7937,0.174695,0.415479,-0.05176,15.881
1772222458551202292,2026-02-27 15:00:58.551,-7.93279,-0.362321,-17.1889,0.178505,0.42309,-0.053659,15.882000000000005
1772222458552380274,2026-02-27 15:00:58.552,-8.22279,-0.408902,-18.9482,0.179724,0.439727,-0.046595,15.88300000000001
1772222458553563244,2026-02-27 15:00:58.553,-8.39829,-0.451289,-18.8986,0.18382,0.446946,-0.051212,15.884
1772222458554693979,2026-02-27 15:00:58.554,-8.53713,-0.481151,-19.1558,0.186991,0.454951,-0.052412,15.885000000000005
1772222458555869225,2026-02-27 15:00:58.555,-8.65326,-0.427455,-18.9749,0.191233,0.463022,-0.05823,15.88600000000001
1772222458557069010,2026-02-27 15:00:58.557,-8.85282,-0.456219,-18.921,0.192761,0.470897,-0.060537,15.888000000000005
1772222458558239913,2026-02-27 15:00:58.558,-9.03233,-0.476127,-19.0117,0.191381,0.477019,-0.059548,15.88900000000001
1772222458559432230,2026-02-27 15:00:58.559,-9.41129,-0.474392,-19.1745,0.192498,0.491088,-0.060248,15.89
1772222458560562799,2026-02-27 15:00:58.560,-9.49663,-0.420256,-18.277,0.194574,0.485273,-0.067021,15.891000000000005
1772222458561693903,2026-02-27 15:00:58.561,-9.59152,-0.453021,-18.5677,0.196582,0.510648,-0.068764,15.89200000000001
1772222458562893539,2026-02-27 15:00:58.562,-9.75878,-0.438517,-19.0666,0.199124,0.532989,-0.073274,15.893
1772222458564090469,2026-02-27 15:00:58.564,-10.0357,-0.336222,-19.9108,0.209045,0.542291,-0.071962,15.89500000000001
1772222458565286891,2026-02-27 15:00:58.565,-10.5339,-0.400203,-20.7781,0.218265,0.57061,-0.073489,15.896
1772222458566477713,2026-02-27 15:00:58.566,-10.8197,-0.363614,-21.0975,0.222975,0.580905,-0.074819,15.897000000000006
1772222458567609707,2026-02-27 15:00:58.567,-10.9969,-0.392982,-21.2346,0.224501,0.592099,-0.075799,15.89800000000001
1772222458568783715,2026-02-27 15:00:58.568,-11.2815,-0.376634,-21.7155,0.224801,0.604998,-0.074371,15.899000000000001
1772222458569981725,2026-02-27 15:00:58.569,-11.4301,-0.40572,-22.8151,0.228081,0.619529,-0.068008,15.900000000000006
1772222458571165300,2026-02-27 15:00:58.571,-11.6612,-0.34409,-22.5079,0.232546,0.633993,-0.071427,15.902000000000001
1772222458572339612,2026-02-27 15:00:58.572,-12.2916,-0.395537,-22.4812,0.235143,0.668147,-0.082644,15.903000000000006
1772222458573520786,2026-02-27 15:00:58.573,-12.4706,-0.320573,-22.7022,0.244629,0.687362,-0.088906,15.90400000000001
1772222458574652373,2026-02-27 15:00:58.574,-12.7974,-0.34003,-22.9823,0.247356,0.705782,-0.093161,15.905000000000001
1772222458575834556,2026-02-27 15:00:58.575,-13.0697,-0.27453,-23.3075,0.251338,0.724685,-0.093348,15.906000000000006
1772222458577033988,2026-02-27 15:00:58.577,-13.287,-0.370893,-23.5664,0.249103,0.740792,-0.094562,15.908000000000001
1772222458578206571,2026-02-27 15:00:58.578,-13.633,-0.334959,-22.8186,0.253751,0.759238,-0.106499,15.909000000000006
1772222458579380772,2026-02-27 15:00:58.579,-14.275,-0.318154,-23.8309,0.257745,0.790631,-0.105146,15.91000000000001
1772222458580533957,2026-02-27 15:00:58.580,-14.5032,-0.336711,-24.696,0.256828,0.806033,-0.100839,15.911000000000001
1772222458581666520,2026-02-27 15:00:58.581,-14.8481,-0.34637,-24.9797,0.253617,0.815181,-0.098872,15.912000000000006
1772222458582847308,2026-02-27 15:00:58.582,-15.2013,-0.341816,-25.0084,0.25414,0.828299,-0.098229,15.913000000000011
1772222458584051496,2026-02-27 15:00:58.584,-15.3539,-0.287809,-24.8687,0.254543,0.819295,-0.095329,15.915000000000006
1772222458585224589,2026-02-27 15:00:58.585,-15.5745,-0.191245,-24.6568,0.257535,0.829769,-0.093632,15.916000000000011
1772222458586398850,2026-02-27 15:00:58.586,-15.7489,-0.058653,-25.3158,0.262275,0.845608,-0.086058,15.917000000000002
1772222458587528780,2026-02-27 15:00:58.587,-15.8967,0.114725,-23.6074,0.252591,0.765636,-0.076255,15.918000000000006
1772222458588658944,2026-02-27 15:00:58.588,-15.2614,0.121682,-22.5443,0.260927,0.77601,-0.074086,15.919000000000011
1772222458589835548,2026-02-27 15:00:58.589,-14.8146,0.2697,-22.005,0.259236,0.777003,-0.080634,15.920000000000002
1772222458591020720,2026-02-27 15:00:58.591,-15.0778,0.776168,-19.7145,0.25814,0.716693,-0.078279,15.922000000000011
1772222458592218823,2026-02-27 15:00:58.592,-13.6314,0.790311,-18.5994,0.251116,0.685169,-0.061711,15.923000000000002
1772222458593436650,2026-02-27 15:00:58.593,-12.5421,1.65139,-13.4385,0.203164,0.435772,-0.044116,15.924000000000007
1772222458594569617,2026-02-27 15:00:58.594,-10.7374,1.33556,-12.2488,0.276509,0.533523,-0.048646,15.925000000000011
1772222458595702453,2026-02-27 15:00:58.595,-9.63809,1.5728,-12.9236,0.284689,0.532873,-0.057237,15.926000000000002
1772222458596878538,2026-02-27 15:00:58.596,-9.35265,1.72121,-17.4371,0.369192,0.754337,-0.094242,15.927000000000007
1772222458598075997,2026-02-27 15:00:58.598,-11.2684,2.6636,-18.5915,0.365332,0.762323,-0.126577,15.929000000000002
1772222458599248305,2026-02-27 15:00:58.599,-12.4248,2.80863,-18.2016,0.356156,0.592869,-0.113883,15.930000000000007
1772222458600422674,2026-02-27 15:00:58.600,-10.4816,2.86872,-18.1878,0.26575,0.553471,-0.062644,15.931000000000012
1772222458601576090,2026-02-27 15:00:58.601,-9.1262,1.81481,-20.7465,0.281976,0.557183,-0.04611,15.932000000000002
1772222458602709717,2026-02-27 15:00:58.602,-9.23861,1.4345,-25.6627,0.396834,0.813862,-0.066416,15.933000000000007
1772222458603840689,2026-02-27 15:00:58.603,-11.3836,2.18449,-29.3844,0.356231,0.898301,-0.099277,15.934000000000012
1772222458605038787,2026-02-27 15:00:58.605,-13.915,2.21833,-30.7994,0.326241,0.827948,-0.109278,15.936000000000007
1772222458606231687,2026-02-27 15:00:58.606,-14.8701,1.63008,-32.0887,0.340343,0.897045,-0.108367,15.937000000000012
1772222458607405691,2026-02-27 15:00:58.607,-15.9677,0.701106,-34.6024,0.265599,0.901607,-0.079658,15.938000000000002
1772222458608558019,2026-02-27 15:00:58.608,-16.3825,0.23567,-35.5791,0.2342,0.900685,-0.070178,15.939000000000007
1772222458609688658,2026-02-27 15:00:58.609,-16.8366,-0.147729,-36.2201,0.213867,0.902881,-0.067951,15.940000000000012
1772222458610865091,2026-02-27 15:00:58.610,-17.1864,-0.313108,-35.6494,0.198121,0.90283,-0.076186,15.941000000000003
1772222458612065099,2026-02-27 15:00:58.612,-17.5556,-0.372216,-36.3629,0.189225,0.91153,-0.071165,15.943000000000012
1772222458613245864,2026-02-27 15:00:58.613,-17.7589,-0.384105,-36.9648,0.186832,0.922736,-0.069896,15.944000000000003
1772222458614421679,2026-02-27 15:00:58.614,-17.9565,-0.180631,-38.8452,0.200074,0.946642,-0.068225,15.945000000000007
1772222458615573121,2026-02-27 15:00:58.615,-17.973,-0.018862,-38.974,0.203207,0.95539,-0.073176,15.946000000000012
1772222458616706869,2026-02-27 15:00:58.616,-18.0393,0.143495,-39.0426,0.206265,0.961041,-0.078234,15.947000000000003
1772222458617882453,2026-02-27 15:00:58.617,-17.9294,0.293737,-39.0002,0.216603,0.961717,-0.080762,15.948000000000008
1772222458619084154,2026-02-27 15:00:58.619,-17.775,0.461759,-39.4719,0.226279,0.957973,-0.076274,15.950000000000003
1772222458620263905,2026-02-27 15:00:58.620,-17.6379,0.595716,-39.7087,0.238654,0.949774,-0.073464,15.951000000000008
1772222458621437847,2026-02-27 15:00:58.621,-17.5518,0.74683,-38.4797,0.251307,0.923717,-0.077438,15.952000000000012
1772222458622590994,2026-02-27 15:00:58.622,-17.3735,0.828865,-37.7873,0.255461,0.90852,-0.080217,15.953000000000003
1772222458623768709,2026-02-27 15:00:58.623,-17.1563,0.889061,-37.1791,0.26108,0.893554,-0.079204,15.954000000000008
1772222458624968691,2026-02-27 15:00:58.624,-16.8533,0.951945,-36.7398,0.268095,0.877187,-0.076999,15.955000000000013
1772222458626166658,2026-02-27 15:00:58.626,-16.6225,0.987614,-36.2512,0.26966,0.862215,-0.076586,15.957000000000008
1772222458627338892,2026-02-27 15:00:58.627,-16.3092,1.05814,-35.5566,0.27746,0.846878,-0.07595,15.958000000000013
1772222458628524440,2026-02-27 15:00:58.628,-15.7063,1.14348,-34.1236,0.281026,0.817003,-0.078994,15.959000000000003
1772222458629663570,2026-02-27 15:00:58.629,-15.4408,1.22472,-33.5956,0.286205,0.802512,-0.078058,15.960000000000008
1772222458630884730,2026-02-27 15:00:58.630,-15.2254,1.23871,-33.7832,0.286792,0.788124,-0.073991,15.961000000000013
1772222458632087173,2026-02-27 15:00:58.632,-14.9063,1.36078,-33.5685,0.294848,0.770968,-0.07164,15.963000000000008
1772222458633287424,2026-02-27 15:00:58.633,-14.6098,1.42579,-33.1187,0.299626,0.755288,-0.071191,15.963999999999999
1772222458634483502,2026-02-27 15:00:58.634,-14.1463,1.58419,-32.3891,0.308492,0.723038,-0.069658,15.965000000000003
1772222458635624921,2026-02-27 15:00:58.635,-13.8611,1.67732,-33.0828,0.31281,0.708623,-0.05938,15.966000000000008
1772222458636827154,2026-02-27 15:00:58.636,-13.6844,1.69043,-32.5916,0.31485,0.695909,-0.062601,15.966999999999999
1772222458638027555,2026-02-27 15:00:58.638,-13.4815,1.8357,-32.2631,0.320052,0.685648,-0.062407,15.969000000000008
1772222458639227332,2026-02-27 15:00:58.639,-13.3831,1.93732,-31.3894,0.323671,0.676425,-0.06812,15.969999999999999
1772222458640402905,2026-02-27 15:00:58.640,-13.2093,2.06217,-30.9723,0.330394,0.668009,-0.07214,15.971000000000004
1772222458641548035,2026-02-27 15:00:58.641,-12.9159,2.23775,-30.5783,0.33535,0.656751,-0.075566,15.972000000000008
1772222458642706527,2026-02-27 15:00:58.642,-12.9065,2.30521,-30.5078,0.335191,0.652179,-0.07714,15.972999999999999
1772222458643900154,2026-02-27 15:00:58.643,-12.7619,2.37275,-29.6999,0.341606,0.647289,-0.084862,15.974000000000004
1772222458645100435,2026-02-27 15:00:58.645,-12.7385,2.46086,-29.451,0.347845,0.644934,-0.088369,15.975999999999999
1772222458646301177,2026-02-27 15:00:58.646,-12.6576,2.47245,-29.5117,0.348333,0.639178,-0.088346,15.977000000000004
1772222458647509779,2026-02-27 15:00:58.647,-12.5866,2.54465,-30.5769,0.352859,0.634004,-0.080859,15.978000000000009
1772222458648646192,2026-02-27 15:00:58.648,-12.6245,2.58549,-30.7397,0.351435,0.633064,-0.081134,15.979
1772222458649839725,2026-02-27 15:00:58.649,-12.5656,2.63646,-30.8336,0.357708,0.631783,-0.081896,15.980000000000004
1772222458651041948,2026-02-27 15:00:58.651,-12.5147,2.67678,-30.8949,0.360312,0.629686,-0.081637,15.982
1772222458652241621,2026-02-27 15:00:58.652,-12.545,2.72812,-31.1267,0.362518,0.630343,-0.080401,15.983000000000004
1772222458653416880,2026-02-27 15:00:58.653,-12.4606,2.70172,-32.254,0.364773,0.630168,-0.072705,15.984000000000009
1772222458654555812,2026-02-27 15:00:58.654,-12.548,2.77766,-31.8836,0.371504,0.633938,-0.079374,15.985
1772222458655694922,2026-02-27 15:00:58.655,-12.5818,2.80972,-31.5762,0.372753,0.635497,-0.082796,15.986000000000004
1772222458656863014,2026-02-27 15:00:58.656,-12.6827,2.84669,-31.5232,0.373883,0.638744,-0.084849,15.987000000000009
1772222458658145705,2026-02-27 15:00:58.658,-12.6967,2.8496,-31.6045,0.376157,0.642443,-0.084679,15.989000000000004
1772222458659320620,2026-02-27 15:00:58.659,-12.7755,2.85912,-31.7035,0.380326,0.645036,-0.085062,15.990000000000009
1772222458660557087,2026-02-27 15:00:58.660,-12.8744,2.91608,-30.7746,0.384807,0.652489,-0.096227,15.991
1772222458661689815,2026-02-27 15:00:58.661,-12.9568,2.91056,-31.1044,0.385859,0.656552,-0.092559,15.992000000000004
1772222458662895294,2026-02-27 15:00:58.662,-13.0092,2.95321,-31.1456,0.385435,0.659706,-0.092585,15.99300000000001
1772222458664092677,2026-02-27 15:00:58.664,-13.1138,2.97598,-31.7127,0.385943,0.665562,-0.086922,15.995000000000005
1772222458665265267,2026-02-27 15:00:58.665,-13.1129,3.06704,-31.9662,0.390759,0.671935,-0.085084,15.99600000000001
1772222458666439187,2026-02-27 15:00:58.666,-13.1482,3.09635,-31.9805,0.39062,0.677042,-0.08599,15.997
1772222458667554639,2026-02-27 15:00:58.667,-13.4054,3.11041,-31.9225,0.393646,0.690355,-0.085725,15.998000000000005
1772222458668684226,2026-02-27 15:00:58.668,-13.4745,3.16209,-32.5841,0.392419,0.696832,-0.078028,15.99900000000001
1772222458669862222,2026-02-27 15:00:58.669,-13.632,3.21126,-32.7086,0.39513,0.703752,-0.077813,16.0
1772222458671060266,2026-02-27 15:00:58.671,-13.7386,3.25886,-32.5123,0.394753,0.712647,-0.079895,16.00200000000001
1772222458672258004,2026-02-27 15:00:58.672,-13.8707,3.3534,-31.9089,0.396065,0.720927,-0.085085,16.003
1772222458673430823,2026-02-27 15:00:58.673,-14.0488,3.37677,-31.6455,0.394139,0.729183,-0.088407,16.004000000000005
1772222458674565689,2026-02-27 15:00:58.674,-14.2614,3.53949,-31.4119,0.399306,0.747124,-0.089723,16.00500000000001
1772222458675698103,2026-02-27 15:00:58.675,-14.3817,3.57858,-31.3526,0.399124,0.756695,-0.089534,16.006
1772222458676879033,2026-02-27 15:00:58.676,-14.4414,3.63204,-31.0568,0.403125,0.764925,-0.094046,16.007000000000005
1772222458678022719,2026-02-27 15:00:58.678,-14.568,3.69059,-30.3485,0.406812,0.772641,-0.099569,16.009
1772222458679182605,2026-02-27 15:00:58.679,-14.7237,3.75367,-30.8346,0.406622,0.781817,-0.097079,16.010000000000005
1772222458680344364,2026-02-27 15:00:58.680,-14.8069,3.84015,-31.0489,0.410649,0.79073,-0.095229,16.01100000000001
1772222458681533633,2026-02-27 15:00:58.681,-15.0777,3.91481,-31.8106,0.41357,0.804934,-0.091119,16.012
1772222458682661252,2026-02-27 15:00:58.682,-15.2842,3.92416,-31.9512,0.413351,0.812999,-0.09184,16.013000000000005
1772222458683821949,2026-02-27 15:00:58.683,-15.3307,4.02464,-32.1132,0.419499,0.820063,-0.091611,16.01400000000001
1772222458685002072,2026-02-27 15:00:58.685,-15.4915,4.10817,-32.2912,0.424723,0.827573,-0.092429,16.016000000000005
1772222458686181384,2026-02-27 15:00:58.686,-15.4957,4.09105,-33.4883,0.424966,0.833884,-0.083573,16.01700000000001
1772222458687312980,2026-02-27 15:00:58.687,-15.7057,4.15032,-33.2553,0.424554,0.841621,-0.088543,16.018
1772222458688470236,2026-02-27 15:00:58.688,-15.7813,4.18421,-33.4594,0.430842,0.849175,-0.088148,16.019000000000005
1772222458689592346,2026-02-27 15:00:58.689,-16.1757,4.30464,-33.0712,0.43716,0.865428,-0.095016,16.02000000000001
1772222458690735788,2026-02-27 15:00:58.690,-16.288,4.39218,-33.2133,0.440534,0.873409,-0.095031,16.021
1772222458691892770,2026-02-27 15:00:58.691,-16.4208,4.47379,-33.3563,0.440919,0.882191,-0.095113,16.022000000000006
1772222458693073067,2026-02-27 15:00:58.693,-16.6112,4.50449,-33.496,0.441205,0.891887,-0.095844,16.024
1772222458694252645,2026-02-27 15:00:58.694,-16.7279,4.57111,-32.7266,0.447941,0.900789,-0.10428,16.025000000000006
1772222458695424470,2026-02-27 15:00:58.695,-16.9214,4.63496,-32.9117,0.450386,0.912041,-0.10414,16.02600000000001
1772222458696602046,2026-02-27 15:00:58.696,-17.0448,4.69215,-33.2397,0.455135,0.922919,-0.103642,16.027
1772222458697792975,2026-02-27 15:00:58.697,-17.4332,4.71142,-34.5868,0.453149,0.944447,-0.094477,16.028000000000006
1772222458698942090,2026-02-27 15:00:58.698,-17.5326,4.75343,-34.8416,0.460138,0.955626,-0.095626,16.02900000000001
1772222458700144214,2026-02-27 15:00:58.700,-17.6895,4.74708,-35.028,0.459227,0.96602,-0.09539,16.031000000000006
1772222458701328019,2026-02-27 15:00:58.701,-17.8946,4.78497,-35.3149,0.461136,0.977152,-0.095324,16.03200000000001
1772222458702528131,2026-02-27 15:00:58.702,-18.0241,4.74967,-35.97,0.463188,0.986899,-0.091675,16.033
1772222458703662391,2026-02-27 15:00:58.703,-18.3256,4.75097,-36.6122,0.46304,1.0055,-0.090429,16.034000000000006
1772222458704843411,2026-02-27 15:00:58.704,-18.5172,4.70059,-36.475,0.460879,1.01318,-0.093208,16.03500000000001
1772222458706024230,2026-02-27 15:00:58.706,-18.6963,4.72161,-36.3323,0.461526,1.02369,-0.096577,16.037000000000006
1772222458707205638,2026-02-27 15:00:58.707,-18.9266,4.70838,-36.3607,0.459541,1.03327,-0.099003,16.03800000000001
1772222458708342907,2026-02-27 15:00:58.708,-19.0248,4.71993,-36.5869,0.464019,1.04235,-0.098466,16.039
1772222458709545929,2026-02-27 15:00:58.709,-19.3728,4.69498,-36.9451,0.464039,1.06215,-0.10027,16.040000000000006
1772222458710680350,2026-02-27 15:00:58.710,-19.5607,4.70288,-36.0649,0.463489,1.07071,-0.110706,16.04100000000001
1772222458711830139,2026-02-27 15:00:58.711,-19.6927,4.66967,-36.7025,0.460356,1.07985,-0.106931,16.042
1772222458713001177,2026-02-27 15:00:58.713,-19.9031,4.61077,-36.8617,0.457402,1.09041,-0.108005,16.04400000000001
1772222458714172236,2026-02-27 15:00:58.714,-19.9979,4.60615,-37.5467,0.457094,1.09965,-0.102922,16.045
1772222458715343825,2026-02-27 15:00:58.715,-20.2131,4.61618,-38.0084,0.458423,1.11181,-0.101066,16.046000000000006
1772222458716538364,2026-02-27 15:00:58.716,-20.5468,4.51461,-38.3479,0.453073,1.1325,-0.102822,16.04700000000001
1772222458717670500,2026-02-27 15:00:58.717,-20.7458,4.46431,-38.536,0.451799,1.14429,-0.102402,16.048000000000002
1772222458718841847,2026-02-27 15:00:58.718,-20.9033,4.44517,-39.7646,0.452168,1.15612,-0.095266,16.049000000000007
1772222458720012863,2026-02-27 15:00:58.720,-21.0469,4.39837,-39.8586,0.451032,1.16558,-0.096708,16.051000000000002
1772222458721185862,2026-02-27 15:00:58.721,-21.2521,4.36869,-39.9912,0.44567,1.17698,-0.095682,16.052000000000007
1772222458722356724,2026-02-27 15:00:58.722,-21.5086,4.29648,-39.7629,0.443001,1.19067,-0.099981,16.05300000000001
1772222458723544897,2026-02-27 15:00:58.723,-21.9253,4.20202,-39.939,0.43767,1.21578,-0.105079,16.054000000000002
1772222458724677041,2026-02-27 15:00:58.724,-22.0726,4.20347,-40.1722,0.435238,1.22789,-0.107063,16.055000000000007
1772222458725849221,2026-02-27 15:00:58.725,-22.2889,4.09846,-40.3631,0.434889,1.23816,-0.109399,16.05600000000001
1772222458727020172,2026-02-27 15:00:58.727,-22.4266,4.06067,-40.0175,0.429383,1.2488,-0.112843,16.058000000000007
1772222458728189844,2026-02-27 15:00:58.728,-22.7129,4.00722,-39.943,0.4274,1.26235,-0.115475,16.05900000000001
1772222458729361706,2026-02-27 15:00:58.729,-22.9265,3.96868,-40.4683,0.422903,1.27248,-0.116764,16.060000000000002
1772222458730537162,2026-02-27 15:00:58.730,-23.2586,3.88596,-41.8342,0.429104,1.29531,-0.110322,16.061000000000007
1772222458731665729,2026-02-27 15:00:58.731,-23.5124,3.75781,-42.0563,0.424283,1.30268,-0.111435,16.062000000000012
1772222458732839626,2026-02-27 15:00:58.732,-23.6303,3.78037,-42.3185,0.426586,1.31141,-0.115,16.063000000000002
1772222458734010135,2026-02-27 15:00:58.734,-23.8676,3.70459,-42.5853,0.423122,1.32198,-0.115284,16.065000000000012
1772222458735180797,2026-02-27 15:00:58.735,-24.0308,3.68252,-42.9608,0.421414,1.33474,-0.114141,16.066000000000003
1772222458736352273,2026-02-27 15:00:58.736,-24.2627,3.64255,-44.2389,0.415659,1.34535,-0.106257,16.067000000000007
1772222458737542124,2026-02-27 15:00:58.737,-24.4828,3.58877,-44.1173,0.41544,1.35471,-0.11286,16.068000000000012
1772222458738673930,2026-02-27 15:00:58.738,-24.6765,3.41022,-43.8789,0.411469,1.37049,-0.115385,16.069000000000003
1772222458739820724,2026-02-27 15:00:58.739,-24.8976,3.42114,-43.9328,0.407391,1.3826,-0.117044,16.070000000000007
1772222458740991734,2026-02-27 15:00:58.740,-25.0369,3.36798,-44.2041,0.407838,1.39487,-0.11924,16.071000000000012
1772222458742161925,2026-02-27 15:00:58.742,-25.2876,3.31126,-44.47,0.405802,1.40898,-0.119528,16.073000000000008
1772222458743361671,2026-02-27 15:00:58.743,-25.4994,3.18594,-44.7013,0.39883,1.41975,-0.12226,16.074000000000012
1772222458744561582,2026-02-27 15:00:58.744,-25.638,3.19609,-43.9119,0.403208,1.43032,-0.130777,16.075000000000003
1772222458745694831,2026-02-27 15:00:58.745,-25.9431,3.02099,-44.6407,0.397259,1.44616,-0.129112,16.076000000000008
1772222458746866947,2026-02-27 15:00:58.746,-26.0752,2.9414,-45.371,0.387595,1.45332,-0.124026,16.077000000000012
1772222458748037062,2026-02-27 15:00:58.748,-26.1454,2.9071,-45.9809,0.388452,1.46113,-0.121022,16.079000000000008
1772222458749234466,2026-02-27 15:00:58.749,-26.3305,2.85855,-46.2063,0.384588,1.46637,-0.12144,16.080000000000013
1772222458750434335,2026-02-27 15:00:58.750,-26.408,2.84546,-46.3728,0.384702,1.4725,-0.120943,16.081000000000003
1772222458751561729,2026-02-27 15:00:58.751,-26.498,2.76017,-46.6012,0.382981,1.47636,-0.120518,16.082000000000008
1772222458752695111,2026-02-27 15:00:58.752,-26.684,2.66719,-47.9799,0.374948,1.4824,-0.112937,16.083000000000013
1772222458753877979,2026-02-27 15:00:58.753,-26.6403,2.63831,-47.9453,0.376479,1.48409,-0.114875,16.084000000000003
1772222458755077457,2026-02-27 15:00:58.755,-26.7722,2.59479,-47.697,0.376085,1.48572,-0.118991,16.086000000000013
1772222458756277798,2026-02-27 15:00:58.756,-26.8074,2.54554,-47.5366,0.372844,1.48693,-0.121985,16.087000000000003
1772222458757468858,2026-02-27 15:00:58.757,-26.8563,2.52157,-47.6498,0.376834,1.48887,-0.12326,16.088000000000008
1772222458758607775,2026-02-27 15:00:58.758,-26.8864,2.50373,-47.7671,0.373423,1.49032,-0.124265,16.089
1772222458759748396,2026-02-27 15:00:58.759,-26.9075,2.46028,-47.8136,0.373133,1.49387,-0.126497,16.090000000000003
1772222458760927873,2026-02-27 15:00:58.760,-26.9842,2.42948,-47.0545,0.372068,1.49679,-0.133807,16.091000000000008
1772222458762128477,2026-02-27 15:00:58.762,-27.0198,2.40057,-47.603,0.372995,1.49859,-0.130909,16.093000000000004
1772222458763324872,2026-02-27 15:00:58.763,-27.0572,2.37268,-47.7732,0.365895,1.49885,-0.130295,16.09400000000001
1772222458764448119,2026-02-27 15:00:58.764,-27.0369,2.3141,-48.4979,0.367935,1.49943,-0.12515,16.095
1772222458765585794,2026-02-27 15:00:58.765,-27.0014,2.29503,-48.7304,0.366826,1.49901,-0.123831,16.096000000000004
1772222458766702117,2026-02-27 15:00:58.766,-27.0062,2.21908,-48.955,0.363328,1.49656,-0.12403,16.09700000000001
1772222458767874414,2026-02-27 15:00:58.767,-26.9883,2.16176,-49.019,0.361312,1.49467,-0.123694,16.098
1772222458769080667,2026-02-27 15:00:58.769,-26.9345,2.15661,-50.2559,0.363627,1.49285,-0.114936,16.10000000000001
1772222458770381562,2026-02-27 15:00:58.770,-26.9441,2.13042,-50.0986,0.360237,1.49103,-0.117465,16.101
1772222458771685635,2026-02-27 15:00:58.771,-26.8421,2.07611,-50.1245,0.358683,1.48756,-0.11648,16.102000000000004
1772222458772886596,2026-02-27 15:00:58.772,-26.8035,1.99622,-49.5509,0.353793,1.47876,-0.123676,16.10300000000001
1772222458774086905,2026-02-27 15:00:58.774,-26.7176,1.95102,-49.6511,0.353905,1.47558,-0.123755,16.105000000000004
1772222458775289432,2026-02-27 15:00:58.775,-26.7173,1.84038,-49.7752,0.352454,1.472,-0.123647,16.10600000000001
1772222458776500241,2026-02-27 15:00:58.776,-26.6511,1.79401,-49.8387,0.352514,1.46627,-0.123231,16.107
1772222458777677467,2026-02-27 15:00:58.777,-26.6023,1.71843,-49.2627,0.346071,1.46148,-0.130735,16.108000000000004
1772222458778880645,2026-02-27 15:00:58.778,-26.4791,1.62802,-49.4071,0.345558,1.45203,-0.130377,16.10900000000001
1772222458780080712,2026-02-27 15:00:58.780,-26.4289,1.60997,-50.0337,0.343686,1.44698,-0.124957,16.111000000000004
1772222458781287224,2026-02-27 15:00:58.781,-26.3519,1.55666,-50.6893,0.344558,1.44372,-0.121053,16.11200000000001
1772222458782611496,2026-02-27 15:00:58.782,-26.258,1.45932,-50.8959,0.34137,1.43916,-0.120632,16.113
1772222458783783629,2026-02-27 15:00:58.783,-26.1815,1.38045,-51.1224,0.336635,1.42924,-0.120581,16.114000000000004
1772222458784979983,2026-02-27 15:00:58.784,-26.1229,1.28829,-51.5242,0.336619,1.42488,-0.118258,16.11500000000001
1772222458786178325,2026-02-27 15:00:58.786,-25.993,1.19364,-52.5714,0.334561,1.419,-0.110586,16.117000000000004
1772222458787379677,2026-02-27 15:00:58.787,-26.0206,1.13207,-52.3274,0.330263,1.4142,-0.114119,16.11800000000001
1772222458788558494,2026-02-27 15:00:58.788,-25.9561,1.06776,-52.3184,0.331536,1.40956,-0.115371,16.119
1772222458789677149,2026-02-27 15:00:58.789,-25.8859,1.0988,-52.1315,0.330291,1.40469,-0.119089,16.120000000000005
1772222458790876016,2026-02-27 15:00:58.790,-25.7775,1.01367,-52.3279,0.326246,1.39719,-0.120347,16.12100000000001
1772222458792011899,2026-02-27 15:00:58.792,-25.7757,0.936455,-52.4902,0.324375,1.3929,-0.120668,16.123000000000005
1772222458793214999,2026-02-27 15:00:58.793,-25.7276,0.962861,-52.6528,0.322969,1.39016,-0.120759,16.12400000000001
1772222458794415002,2026-02-27 15:00:58.794,-25.7246,0.895612,-51.6747,0.32018,1.38536,-0.130497,16.125
1772222458795572847,2026-02-27 15:00:58.795,-25.7003,0.854867,-52.2494,0.318482,1.38295,-0.126792,16.126000000000005
1772222458796704402,2026-02-27 15:00:58.796,-25.7204,0.802865,-52.405,0.315483,1.38119,-0.128212,16.12700000000001
1772222458797853083,2026-02-27 15:00:58.797,-25.7,0.832405,-53.6311,0.320288,1.38017,-0.121079,16.128
1772222458799051801,2026-02-27 15:00:58.799,-25.7084,0.837142,-53.7708,0.319322,1.38048,-0.1216,16.13000000000001
1772222458800250871,2026-02-27 15:00:58.800,-25.7704,0.885869,-54.0302,0.324744,1.38396,-0.12226,16.131
1772222458801469074,2026-02-27 15:00:58.801,-25.8071,0.951093,-54.2084,0.326117,1.38835,-0.12298,16.132000000000005
1772222458802561112,2026-02-27 15:00:58.802,-25.8803,0.912425,-55.4543,0.329358,1.39158,-0.116151,16.13300000000001
1772222458803690606,2026-02-27 15:00:58.803,-25.925,0.915899,-55.64,0.327681,1.39602,-0.1159,16.134
1772222458804863159,2026-02-27 15:00:58.804,-26.2086,0.927931,-55.6589,0.332363,1.4089,-0.122672,16.135000000000005
1772222458806071192,2026-02-27 15:00:58.806,-26.3752,0.93156,-55.6591,0.332866,1.41547,-0.12608,16.137
1772222458807274415,2026-02-27 15:00:58.807,-26.4449,0.910791,-55.8171,0.331346,1.4233,-0.126928,16.138000000000005
1772222458808481112,2026-02-27 15:00:58.808,-26.6529,0.905673,-56.1819,0.333259,1.43113,-0.127518,16.13900000000001
1772222458809613037,2026-02-27 15:00:58.809,-26.7904,0.890165,-56.4889,0.330995,1.44027,-0.127588,16.14
1772222458810763920,2026-02-27 15:00:58.810,-26.9564,0.872898,-56.5014,0.333004,1.44926,-0.132087,16.141000000000005
1772222458811939122,2026-02-27 15:00:58.811,-27.3691,0.883782,-56.937,0.331233,1.47042,-0.134789,16.14200000000001
1772222458813137667,2026-02-27 15:00:58.813,-27.5139,0.905423,-57.5313,0.328154,1.48108,-0.131401,16.144000000000005
1772222458814334936,2026-02-27 15:00:58.814,-27.6609,0.897134,-58.396,0.327404,1.4913,-0.127055,16.14500000000001
1772222458815547749,2026-02-27 15:00:58.815,-27.881,0.861744,-58.8926,0.324846,1.5022,-0.126371,16.146
1772222458816677249,2026-02-27 15:00:58.816,-28.0289,0.801588,-59.1,0.320001,1.51159,-0.126248,16.147000000000006
1772222458817850722,2026-02-27 15:00:58.817,-28.4055,0.743671,-59.7236,0.315451,1.5323,-0.125105,16.14800000000001
1772222458819029010,2026-02-27 15:00:58.819,-28.5209,0.738855,-61.1366,0.315568,1.54139,-0.114634,16.150000000000006
1772222458820227441,2026-02-27 15:00:58.820,-28.6948,0.688219,-61.0352,0.315077,1.55332,-0.117899,16.15100000000001
1772222458821430718,2026-02-27 15:00:58.821,-28.8628,0.657833,-61.3402,0.312993,1.56208,-0.118376,16.152
1772222458822558958,2026-02-27 15:00:58.822,-29.0095,0.645677,-60.9977,0.309579,1.57046,-0.121298,16.153000000000006
1772222458823690688,2026-02-27 15:00:58.823,-29.2044,0.562135,-61.0027,0.304899,1.57955,-0.124246,16.15400000000001
1772222458824843130,2026-02-27 15:00:58.824,-29.3033,0.544912,-61.1678,0.307552,1.58575,-0.1239,16.155
1772222458826020677,2026-02-27 15:00:58.826,-29.6236,0.373464,-61.4473,0.299419,1.60381,-0.122483,16.15700000000001
1772222458827218465,2026-02-27 15:00:58.827,-29.8474,0.337224,-60.7322,0.296533,1.61188,-0.132842,16.158
1772222458828415756,2026-02-27 15:00:58.828,-29.9084,0.311354,-60.9289,0.296893,1.62036,-0.130699,16.159000000000006
1772222458829577167,2026-02-27 15:00:58.829,-30.0648,0.274799,-61.058,0.293818,1.62845,-0.130032,16.16000000000001
1772222458830709340,2026-02-27 15:00:58.830,-30.2247,0.209942,-61.8131,0.289721,1.63703,-0.123985,16.161
1772222458831863660,2026-02-27 15:00:58.831,-30.3394,0.151127,-62.3495,0.284176,1.64511,-0.120213,16.162000000000006
1772222458833040985,2026-02-27 15:00:58.833,-30.5482,0.052545,-62.7799,0.278967,1.65991,-0.120288,16.164
1772222458834242631,2026-02-27 15:00:58.834,-30.5989,0.023369,-62.7079,0.277736,1.66583,-0.118855,16.165000000000006
1772222458835440661,2026-02-27 15:00:58.835,-30.7345,-0.038397,-63.3122,0.274382,1.67342,-0.113988,16.16600000000001
1772222458836571351,2026-02-27 15:00:58.836,-30.9054,-0.097362,-63.9556,0.268402,1.68174,-0.109615,16.167
1772222458837701602,2026-02-27 15:00:58.837,-30.9529,-0.13064,-63.7978,0.266893,1.68819,-0.111997,16.168000000000006
1772222458838852871,2026-02-27 15:00:58.838,-31.1176,-0.135123,-63.5289,0.266763,1.69855,-0.115973,16.16900000000001
1772222458840023972,2026-02-27 15:00:58.840,-31.3348,-0.115124,-63.3587,0.267386,1.71317,-0.120435,16.171000000000006
1772222458841221891,2026-02-27 15:00:58.841,-31.5172,-0.099533,-63.3238,0.260431,1.71836,-0.120313,16.17200000000001
1772222458842357274,2026-02-27 15:00:58.842,-31.6971,-0.104909,-63.4002,0.260487,1.72562,-0.121431,16.173000000000002
1772222458843559153,2026-02-27 15:00:58.843,-31.7551,-0.082252,-63.3108,0.263541,1.73269,-0.122446,16.174000000000007
1772222458844694030,2026-02-27 15:00:58.844,-31.8679,-0.084253,-62.2796,0.265947,1.74078,-0.130642,16.17500000000001
1772222458845844391,2026-02-27 15:00:58.845,-32.1122,-0.039319,-62.8128,0.267115,1.75264,-0.127294,16.176000000000002
1772222458847019512,2026-02-27 15:00:58.847,-32.662,-0.24648,-63.5255,0.269493,1.77321,-0.134579,16.17800000000001
1772222458848212106,2026-02-27 15:00:58.848,-33.011,-0.318514,-63.88,0.275343,1.7803,-0.140152,16.179000000000002
1772222458849410263,2026-02-27 15:00:58.849,-33.1083,-0.244334,-63.8489,0.279032,1.79062,-0.141611,16.180000000000007
1772222458850569480,2026-02-27 15:00:58.850,-33.2466,-0.226488,-63.8103,0.279642,1.7993,-0.141404,16.18100000000001
1772222458851701091,2026-02-27 15:00:58.851,-33.5151,-0.168145,-63.923,0.281281,1.81034,-0.14013,16.182000000000002
1772222458852873470,2026-02-27 15:00:58.852,-33.6738,-0.122972,-65.1267,0.288926,1.82418,-0.13325,16.183000000000007
1772222458854047275,2026-02-27 15:00:58.854,-34.1106,0.038569,-65.1521,0.299379,1.85227,-0.141885,16.185000000000002
1772222458855241289,2026-02-27 15:00:58.855,-34.4071,0.111069,-64.5394,0.30227,1.86165,-0.148894,16.186000000000007
1772222458856438963,2026-02-27 15:00:58.856,-34.5716,0.153157,-64.0241,0.306729,1.87366,-0.15285,16.187000000000012
1772222458857564220,2026-02-27 15:00:58.857,-34.8139,0.2144,-64.0997,0.309436,1.88312,-0.154087,16.188000000000002
1772222458858693571,2026-02-27 15:00:58.858,-35.03,0.368245,-64.1724,0.316744,1.89818,-0.155273,16.189000000000007
1772222458859856016,2026-02-27 15:00:58.859,-35.3244,0.46349,-64.3192,0.322579,1.91625,-0.157845,16.190000000000012
1772222458861032598,2026-02-27 15:00:58.861,-35.9321,0.653759,-63.4695,0.337145,1.95535,-0.172584,16.192000000000007
1772222458862231000,2026-02-27 15:00:58.862,-36.1814,0.690756,-63.8289,0.343563,1.97321,-0.173607,16.193000000000012
1772222458863427765,2026-02-27 15:00:58.863,-36.4886,0.796272,-64.3269,0.349987,1.99105,-0.172285,16.194000000000003
1772222458864568077,2026-02-27 15:00:58.864,-36.785,0.881635,-64.8493,0.356916,2.00722,-0.170318,16.195000000000007
1772222458865700002,2026-02-27 15:00:58.865,-37.0283,1.05122,-65.0915,0.365596,2.02248,-0.173684,16.196000000000012
1772222458866873131,2026-02-27 15:00:58.866,-37.2724,1.17227,-65.1959,0.372649,2.03692,-0.176381,16.197000000000003
1772222458868067934,2026-02-27 15:00:58.868,-37.7272,1.39876,-65.3602,0.387588,2.06418,-0.17597,16.199000000000012
1772222458869263897,2026-02-27 15:00:58.869,-38.0551,1.48508,-66.6433,0.395935,2.08353,-0.169722,16.200000000000003
1772222458870481540,2026-02-27 15:00:58.870,-38.2711,1.6347,-66.3863,0.403367,2.09929,-0.177786,16.201000000000008
1772222458871635368,2026-02-27 15:00:58.871,-38.618,1.77807,-66.5122,0.412054,2.11697,-0.180438,16.202000000000012
1772222458872821392,2026-02-27 15:00:58.872,-38.8644,1.89648,-66.2305,0.418545,2.13254,-0.186155,16.203000000000003
1772222458873998517,2026-02-27 15:00:58.873,-39.1308,1.99695,-66.1509,0.421235,2.14664,-0.189262,16.204000000000008
1772222458875175177,2026-02-27 15:00:58.875,-39.4885,2.28472,-66.5005,0.440638,2.1728,-0.191214,16.206000000000003
1772222458876373256,2026-02-27 15:00:58.876,-39.6524,2.38002,-66.6306,0.449224,2.18447,-0.192844,16.207000000000008
1772222458877561376,2026-02-27 15:00:58.877,-39.8854,2.4784,-65.5971,0.4548,2.19426,-0.204719,16.208000000000013
1772222458878692986,2026-02-27 15:00:58.878,-40.0393,2.55699,-66.0767,0.46544,2.20372,-0.202635,16.209000000000003
1772222458879873565,2026-02-27 15:00:58.879,-40.1718,2.62397,-66.0569,0.468985,2.21082,-0.202544,16.210000000000008
1772222458881045728,2026-02-27 15:00:58.881,-40.308,2.66079,-66.6921,0.478659,2.21975,-0.198455,16.212000000000003
1772222458882347273,2026-02-27 15:00:58.882,-40.4283,2.76757,-67.1561,0.488243,2.23057,-0.195555,16.213000000000008
1772222458883563901,2026-02-27 15:00:58.883,-40.5038,2.77091,-67.2339,0.492391,2.23581,-0.195971,16.214
1772222458884692832,2026-02-27 15:00:58.884,-40.5347,2.80214,-67.3202,0.494821,2.23853,-0.195119,16.215000000000003
1772222458885872683,2026-02-27 15:00:58.885,-40.5645,2.81947,-68.0816,0.500201,2.24199,-0.187335,16.216000000000008
1772222458887044940,2026-02-27 15:00:58.887,-40.5276,2.7536,-68.442,0.503594,2.23965,-0.184922,16.218000000000004
1772222458888230297,2026-02-27 15:00:58.888,-40.4235,2.63714,-68.0181,0.501384,2.23084,-0.187503,16.21900000000001
1772222458889428192,2026-02-27 15:00:58.889,-40.3126,2.55091,-67.8922,0.49867,2.22247,-0.188116,16.22
1772222458890562920,2026-02-27 15:00:58.890,-40.1865,2.39274,-67.9166,0.495434,2.21237,-0.187564,16.221000000000004
1772222458891697441,2026-02-27 15:00:58.891,-40.003,2.35463,-68.1263,0.492702,2.20073,-0.183416,16.22200000000001
1772222458892919765,2026-02-27 15:00:58.892,-39.72,2.14861,-68.3467,0.488954,2.18428,-0.180654,16.223
1772222458894115260,2026-02-27 15:00:58.894,-39.2671,1.81929,-67.6733,0.471759,2.14707,-0.184584,16.22500000000001
1772222458895307699,2026-02-27 15:00:58.895,-38.8802,1.59667,-68.3279,0.466925,2.12513,-0.177584,16.226
1772222458896520318,2026-02-27 15:00:58.896,-38.5755,1.35827,-68.6709,0.456072,2.10044,-0.172169,16.227000000000004
1772222458897649382,2026-02-27 15:00:58.897,-38.2108,1.15215,-69.4196,0.4477,2.0767,-0.163538,16.22800000000001
1772222458898823968,2026-02-27 15:00:58.898,-37.8649,0.892693,-69.7378,0.436766,2.04975,-0.158753,16.229
1772222458900000005,2026-02-27 15:00:58.900,-37.4743,0.61062,-69.8856,0.423175,2.01981,-0.155204,16.23100000000001
1772222458901171691,2026-02-27 15:00:58.901,-36.6977,0.146204,-70.3725,0.406047,1.96274,-0.146277,16.232
1772222458902364528,2026-02-27 15:00:58.902,-36.2534,-0.15664,-71.6253,0.392711,1.93022,-0.132442,16.233000000000004
1772222458903560395,2026-02-27 15:00:58.903,-35.8312,-0.48918,-71.4403,0.375675,1.89771,-0.133274,16.23400000000001
1772222458904692099,2026-02-27 15:00:58.904,-35.3378,-0.744717,-71.5477,0.366305,1.86541,-0.129196,16.235
1772222458905866695,2026-02-27 15:00:58.905,-34.9083,-0.981393,-71.2731,0.357432,1.83256,-0.130822,16.236000000000004
1772222458907038995,2026-02-27 15:00:58.907,-34.4152,-1.28697,-71.0707,0.340677,1.7988,-0.131005,16.238
1772222458908210565,2026-02-27 15:00:58.908,-33.3789,-1.82263,-71.2534,0.318612,1.73081,-0.124814,16.239000000000004
1772222458909403842,2026-02-27 15:00:58.909,-32.9482,-2.11948,-71.3373,0.303021,1.69484,-0.121853,16.24000000000001
1772222458910571525,2026-02-27 15:00:58.910,-32.4469,-2.40028,-70.5022,0.291504,1.66101,-0.128189,16.241
1772222458911702776,2026-02-27 15:00:58.911,-32.0134,-2.6543,-70.5378,0.282415,1.62855,-0.12595,16.242000000000004
1772222458912878745,2026-02-27 15:00:58.912,-31.5268,-2.90559,-70.6393,0.270157,1.5958,-0.122985,16.24300000000001
1772222458914051279,2026-02-27 15:00:58.914,-31.1148,-3.0985,-71.2486,0.257438,1.56608,-0.117289,16.245000000000005
1772222458915226750,2026-02-27 15:00:58.915,-30.2188,-3.41419,-71.8732,0.246684,1.50783,-0.108487,16.24600000000001
1772222458916426008,2026-02-27 15:00:58.916,-29.8185,-3.5782,-71.8684,0.237562,1.48342,-0.106065,16.247
1772222458917560547,2026-02-27 15:00:58.917,-29.5755,-3.73154,-71.8369,0.226024,1.45775,-0.105274,16.248000000000005
1772222458918690548,2026-02-27 15:00:58.918,-29.1288,-3.83801,-72.1386,0.223437,1.43392,-0.099043,16.24900000000001
1772222458919888808,2026-02-27 15:00:58.919,-28.8242,-3.96323,-72.8607,0.217187,1.41278,-0.091382,16.25
1772222458921065085,2026-02-27 15:00:58.921,-28.5004,-4.05794,-72.4635,0.215379,1.39281,-0.092634,16.25200000000001
1772222458922237197,2026-02-27 15:00:58.922,-27.9347,-4.17428,-71.7626,0.20796,1.35811,-0.096756,16.253
1772222458923436362,2026-02-27 15:00:58.923,-27.7052,-4.21987,-71.5344,0.206335,1.34276,-0.097231,16.254000000000005
1772222458924569243,2026-02-27 15:00:58.924,-27.504,-4.21817,-71.4766,0.206584,1.32977,-0.096473,16.25500000000001
1772222458925702930,2026-02-27 15:00:58.925,-27.3014,-4.16824,-71.342,0.205874,1.31725,-0.095033,16.256
1772222458926882760,2026-02-27 15:00:58.926,-27.088,-4.19359,-71.1774,0.207288,1.306,-0.09488,16.257000000000005
1772222458928059013,2026-02-27 15:00:58.928,-26.9733,-4.06969,-69.8372,0.207302,1.29596,-0.1036,16.259
1772222458929235162,2026-02-27 15:00:58.929,-26.7294,-3.92269,-69.9504,0.213387,1.2818,-0.098042,16.260000000000005
1772222458930428681,2026-02-27 15:00:58.930,-26.6204,-3.86153,-70.2592,0.221635,1.27785,-0.093737,16.26100000000001
1772222458931559276,2026-02-27 15:00:58.931,-26.5934,-3.72101,-70.4134,0.227444,1.27447,-0.091666,16.262
1772222458932707079,2026-02-27 15:00:58.932,-26.5098,-3.60283,-70.0796,0.232338,1.2731,-0.09241,16.263000000000005
1772222458933883754,2026-02-27 15:00:58.933,-26.5092,-3.48755,-69.8085,0.236109,1.27295,-0.093185,16.26400000000001
1772222458935069834,2026-02-27 15:00:58.935,-26.508,-3.30654,-69.5863,0.245826,1.27369,-0.092344,16.266000000000005
1772222458936244390,2026-02-27 15:00:58.936,-26.674,-3.03632,-70.084,0.260646,1.28285,-0.08729,16.26700000000001
1772222458937441380,2026-02-27 15:00:58.937,-26.7131,-2.80774,-69.7715,0.26615,1.28906,-0.088016,16.268
1772222458938562771,2026-02-27 15:00:58.938,-26.8599,-2.67224,-68.955,0.277508,1.29759,-0.094133,16.269000000000005
1772222458939693017,2026-02-27 15:00:58.939,-26.9716,-2.44456,-68.5981,0.286555,1.30978,-0.098439,16.27000000000001
1772222458940892957,2026-02-27 15:00:58.940,-27.1748,-2.26455,-68.2629,0.296393,1.32369,-0.099537,16.271
1772222458942097128,2026-02-27 15:00:58.942,-27.3934,-2.04335,-68.1317,0.303221,1.33867,-0.100795,16.27300000000001
1772222458943287181,2026-02-27 15:00:58.943,-27.9279,-1.7424,-67.3201,0.315968,1.37633,-0.109573,16.274
1772222458944497717,2026-02-27 15:00:58.944,-28.1632,-1.50314,-66.5765,0.327272,1.39489,-0.113851,16.275000000000006
1772222458945635190,2026-02-27 15:00:58.945,-28.5041,-1.31901,-66.8477,0.336197,1.41721,-0.112784,16.27600000000001
1772222458946831706,2026-02-27 15:00:58.946,-28.7401,-1.12809,-67.0131,0.34307,1.43787,-0.112161,16.277
1772222458948032351,2026-02-27 15:00:58.948,-29.0115,-0.98238,-67.3775,0.353084,1.45923,-0.109033,16.27900000000001
1772222458949208986,2026-02-27 15:00:58.949,-29.2988,-0.749736,-67.322,0.363172,1.48232,-0.110981,16.28
1772222458950388720,2026-02-27 15:00:58.950,-29.8968,-0.367064,-67.071,0.383722,1.526,-0.114573,16.281000000000006
1772222458951565802,2026-02-27 15:00:58.951,-30.2506,-0.143808,-66.8603,0.394298,1.54798,-0.115522,16.28200000000001
1772222458952700177,2026-02-27 15:00:58.952,-30.5576,0.056429,-67.8398,0.405793,1.57127,-0.108622,16.283
1772222458953886771,2026-02-27 15:00:58.953,-30.9278,0.301747,-67.2227,0.416327,1.59392,-0.115744,16.284000000000006
1772222458955086675,2026-02-27 15:00:58.955,-31.1597,0.521579,-66.9828,0.430645,1.61471,-0.117506,16.286
1772222458956282373,2026-02-27 15:00:58.956,-31.8291,0.92459,-65.8866,0.451797,1.65823,-0.129109,16.287000000000006
1772222458957488783,2026-02-27 15:00:58.957,-32.1244,1.13165,-65.68,0.4627,1.67879,-0.132424,16.28800000000001
1772222458958620961,2026-02-27 15:00:58.958,-32.4057,1.36337,-65.4624,0.479293,1.70009,-0.13391,16.289
1772222458959800247,2026-02-27 15:00:58.959,-32.7148,1.54441,-65.2221,0.483826,1.72108,-0.136497,16.290000000000006
1772222458961003484,2026-02-27 15:00:58.961,-32.9953,1.75594,-64.0051,0.499915,1.74029,-0.147676,16.292
1772222458962177818,2026-02-27 15:00:58.962,-33.2828,1.95707,-63.9162,0.508796,1.76239,-0.148565,16.293000000000006
1772222458963353607,2026-02-27 15:00:58.963,-33.8424,2.22476,-64.118,0.526198,1.80289,-0.148452,16.29400000000001
1772222458964527763,2026-02-27 15:00:58.964,-34.0989,2.36093,-64.2978,0.535593,1.82373,-0.148659,16.295
1772222458965660770,2026-02-27 15:00:58.965,-34.4242,2.50079,-64.1155,0.541441,1.84531,-0.1517,16.296000000000006
1772222458966845345,2026-02-27 15:00:58.966,-34.696,2.64435,-63.9116,0.54869,1.86571,-0.154711,16.29700000000001
1772222458968043845,2026-02-27 15:00:58.968,-35.0829,2.78297,-63.8494,0.552491,1.89012,-0.158297,16.299000000000007
1772222458969218053,2026-02-27 15:00:58.969,-35.2894,2.94168,-64.0498,0.558496,1.91016,-0.155386,16.30000000000001
1772222458970393648,2026-02-27 15:00:58.970,-35.9226,3.24467,-64.0052,0.571597,1.9544,-0.159067,16.301000000000002
1772222458971524895,2026-02-27 15:00:58.971,-36.3312,3.38278,-63.4643,0.572848,1.97513,-0.164511,16.302000000000007
1772222458972659617,2026-02-27 15:00:58.972,-36.534,3.50149,-63.0433,0.580738,1.99532,-0.169361,16.30300000000001
1772222458973863756,2026-02-27 15:00:58.973,-36.8837,3.58609,-62.8324,0.585549,2.01855,-0.173731,16.304000000000002
1772222458975065285,2026-02-27 15:00:58.975,-37.1761,3.69153,-62.8187,0.590842,2.03969,-0.17584,16.30600000000001
1772222458976240185,2026-02-27 15:00:58.976,-37.5248,3.79584,-62.7456,0.594755,2.06127,-0.17792,16.307000000000002
1772222458977419008,2026-02-27 15:00:58.977,-38.2326,3.92097,-61.6493,0.596093,2.10461,-0.190706,16.308000000000007
1772222458978557706,2026-02-27 15:00:58.978,-38.5636,3.95143,-62.0981,0.595476,2.12614,-0.187879,16.30900000000001
1772222458979692614,2026-02-27 15:00:58.979,-38.9069,3.94963,-62.209,0.594104,2.14999,-0.190053,16.310000000000002
1772222458980893089,2026-02-27 15:00:58.980,-39.2876,3.88953,-62.8678,0.59243,2.1743,-0.186359,16.311000000000007
1772222458982094046,2026-02-27 15:00:58.982,-39.5909,3.91137,-62.8704,0.59289,2.1888,-0.189587,16.313000000000002
1772222458983267933,2026-02-27 15:00:58.983,-39.8869,3.86655,-63.0419,0.583083,2.21268,-0.185828,16.314000000000007
1772222458984444490,2026-02-27 15:00:58.984,-40.2479,3.78712,-63.0596,0.571752,2.2393,-0.187165,16.315000000000012
1772222458985604149,2026-02-27 15:00:58.985,-40.6054,3.62199,-64.2044,0.56726,2.24883,-0.181297,16.316000000000003
1772222458986742501,2026-02-27 15:00:58.986,-41.3986,3.4585,-64.7866,0.572303,2.27881,-0.193346,16.317000000000007
1772222458987919028,2026-02-27 15:00:58.987,-42.0584,3.34808,-65.2655,0.570802,2.32076,-0.202069,16.318000000000012
1772222458989117754,2026-02-27 15:00:58.989,-42.6235,3.23994,-65.2869,0.577995,2.35595,-0.214795,16.320000000000007
1772222458990289869,2026-02-27 15:00:58.990,-43.0027,2.99464,-65.4167,0.574045,2.38837,-0.223468,16.321000000000012
1772222458991495429,2026-02-27 15:00:58.991,-43.8146,2.73837,-65.0598,0.56487,2.43053,-0.226761,16.322000000000003
1772222458992643918,2026-02-27 15:00:58.992,-44.2419,2.56879,-65.3765,0.551064,2.44474,-0.226646,16.323000000000008
1772222458993819713,2026-02-27 15:00:58.993,-44.7885,2.37082,-65.2503,0.553099,2.47709,-0.23728,16.324000000000012
1772222458995114988,2026-02-27 15:00:58.995,-45.3963,2.29859,-65.688,0.553186,2.50677,-0.2462,16.326000000000008
1772222458996287881,2026-02-27 15:00:58.996,-45.9246,2.19163,-66.3219,0.553067,2.54084,-0.249595,16.327000000000012
1772222458997490264,2026-02-27 15:00:58.997,-46.7769,1.89484,-68.1447,0.548985,2.58799,-0.246368,16.328000000000003
1772222458998621446,2026-02-27 15:00:58.998,-47.1821,1.71797,-68.5193,0.548859,2.60932,-0.248897,16.329000000000008
1772222458999800732,2026-02-27 15:00:58.999,-47.5522,1.62373,-68.9537,0.546467,2.63923,-0.251397,16.330000000000013
1772222459000998796,2026-02-27 15:00:59.000,-48.0374,1.50478,-69.4899,0.547635,2.6641,-0.257382,16.331000000000003
1772222459002196980,2026-02-27 15:00:59.002,-48.3977,1.29686,-70.0106,0.544425,2.6888,-0.259295,16.333000000000013
1772222459003395868,2026-02-27 15:00:59.003,-49.2688,1.03841,-71.444,0.536527,2.73754,-0.262974,16.334000000000003
1772222459004557771,2026-02-27 15:00:59.004,-49.7316,0.892301,-71.8285,0.537531,2.76065,-0.267171,16.335000000000008
1772222459005689730,2026-02-27 15:00:59.005,-49.9799,0.69249,-71.8457,0.530082,2.77884,-0.271421,16.336000000000013
1772222459006865385,2026-02-27 15:00:59.006,-50.4072,0.580767,-72.1276,0.526185,2.79803,-0.276034,16.337000000000003
1772222459008065965,2026-02-27 15:00:59.008,-50.5139,0.298819,-72.7623,0.519527,2.81782,-0.275631,16.339
1772222459009237479,2026-02-27 15:00:59.009,-50.6438,0.019948,-72.5876,0.569896,2.85466,-0.277031,16.340000000000003
1772222459010432784,2026-02-27 15:00:59.010,-50.923,1.52213,-64.193,0.477248,2.90935,-0.300453,16.341000000000008
1772222459011555423,2026-02-27 15:00:59.011,-50.1374,1.33247,-63.0867,0.436446,2.90495,-0.282387,16.342
1772222459012685133,2026-02-27 15:00:59.012,-50.3705,0.665495,-63.2765,0.51734,2.93207,-0.286134,16.343000000000004
1772222459013883735,2026-02-27 15:00:59.013,-50.1909,1.49371,-60.9037,0.487904,2.95507,-0.294407,16.34400000000001
1772222459015081845,2026-02-27 15:00:59.015,-50.5804,1.44243,-60.8948,0.457745,2.89937,-0.290803,16.346000000000004
1772222459016275340,2026-02-27 15:00:59.016,-49.9667,0.916346,-61.795,0.422674,2.8595,-0.275629,16.34700000000001
1772222459017480010,2026-02-27 15:00:59.017,-49.8803,0.072526,-65.891,0.501058,2.80401,-0.272508,16.348
1772222459018613231,2026-02-27 15:00:59.018,-50.1521,-0.259994,-68.9356,0.521789,2.78607,-0.271375,16.349000000000004
1772222459019791305,2026-02-27 15:00:59.019,-50.2626,-0.590754,-71.5383,0.516511,2.769,-0.267016,16.35000000000001
1772222459020993376,2026-02-27 15:00:59.020,-50.2778,-1.1451,-73.7106,0.503696,2.75199,-0.259979,16.351
1772222459022191173,2026-02-27 15:00:59.022,-50.2143,-1.7424,-74.9011,0.486108,2.73991,-0.259691,16.35300000000001
1772222459023364706,2026-02-27 15:00:59.023,-50.1288,-2.40677,-76.0268,0.460983,2.73006,-0.260248,16.354
1772222459024577232,2026-02-27 15:00:59.024,-49.7809,-3.72284,-78.0935,0.396476,2.7212,-0.255195,16.355000000000004
1772222459025732748,2026-02-27 15:00:59.025,-49.5954,-4.37043,-78.501,0.361611,2.71526,-0.250327,16.35600000000001
1772222459026913358,2026-02-27 15:00:59.026,-49.1556,-4.86143,-78.346,0.331249,2.7031,-0.24972,16.357
1772222459028114217,2026-02-27 15:00:59.028,-48.7557,-5.27198,-77.4722,0.301805,2.68451,-0.250243,16.35900000000001
1772222459029308793,2026-02-27 15:00:59.029,-48.1573,-5.61574,-77.3277,0.274459,2.65831,-0.241476,16.36
1772222459030509648,2026-02-27 15:00:59.030,-46.7302,-6.07435,-76.2311,0.232401,2.58437,-0.222061,16.361000000000004
1772222459031641783,2026-02-27 15:00:59.031,-45.875,-6.15945,-75.1509,0.214775,2.53846,-0.215488,16.36200000000001
1772222459032818270,2026-02-27 15:00:59.032,-44.94,-6.25179,-73.8039,0.195943,2.48774,-0.209199,16.363
1772222459034017377,2026-02-27 15:00:59.034,-43.9504,-6.27192,-72.4282,0.183212,2.43406,-0.203781,16.36500000000001
1772222459035214913,2026-02-27 15:00:59.035,-43.0093,-6.29523,-71.0943,0.177512,2.37977,-0.19799,16.366
1772222459036388704,2026-02-27 15:00:59.036,-42.0641,-6.31188,-70.7142,0.16801,2.32322,-0.183585,16.367000000000004
1772222459037548178,2026-02-27 15:00:59.037,-40.3152,-6.33792,-67.8645,0.159283,2.21821,-0.178221,16.36800000000001
1772222459038679696,2026-02-27 15:00:59.038,-39.405,-6.41994,-66.1226,0.155254,2.16855,-0.178662,16.369
1772222459039859857,2026-02-27 15:00:59.039,-38.7175,-6.39213,-64.8712,0.151552,2.12343,-0.176256,16.370000000000005
1772222459041057418,2026-02-27 15:00:59.041,-37.8842,-6.41754,-63.8832,0.151232,2.07959,-0.173416,16.372
1772222459042191926,2026-02-27 15:00:59.042,-37.1974,-6.4131,-63.0388,0.148304,2.04004,-0.170888,16.373000000000005
1772222459043364430,2026-02-27 15:00:59.043,-36.531,-6.4648,-62.1021,0.141065,2.00142,-0.16715,16.37400000000001
1772222459044555903,2026-02-27 15:00:59.044,-35.2497,-6.58181,-59.6611,0.129894,1.92819,-0.168515,16.375
1772222459045695648,2026-02-27 15:00:59.045,-34.642,-6.62078,-59.1105,0.122293,1.89373,-0.165019,16.376000000000005
1772222459046912651,2026-02-27 15:00:59.046,-34.081,-6.67617,-58.9638,0.115653,1.85731,-0.155912,16.37700000000001
1772222459048119504,2026-02-27 15:00:59.048,-33.4899,-6.7006,-58.8255,0.109948,1.82146,-0.148508,16.379000000000005
1772222459049319978,2026-02-27 15:00:59.049,-32.9167,-6.76682,-58.3554,0.104037,1.78563,-0.14521,16.38000000000001
1772222459050532645,2026-02-27 15:00:59.050,-31.8779,-6.80507,-57.5522,0.090069,1.71613,-0.136731,16.381
1772222459051667908,2026-02-27 15:00:59.051,-31.3923,-6.78876,-57.6432,0.083162,1.68387,-0.128808,16.382000000000005
1772222459052849108,2026-02-27 15:00:59.052,-30.9398,-6.75295,-58.0955,0.085989,1.65319,-0.118099,16.38300000000001
1772222459054051498,2026-02-27 15:00:59.054,-30.5583,-6.71786,-57.4866,0.083504,1.62398,-0.117577,16.385000000000005
1772222459055255281,2026-02-27 15:00:59.055,-30.1125,-6.64123,-56.9001,0.080755,1.59745,-0.116486,16.38600000000001
1772222459056431831,2026-02-27 15:00:59.056,-29.8275,-6.55479,-56.3549,0.078159,1.57191,-0.11576,16.387
1772222459057579463,2026-02-27 15:00:59.057,-29.4159,-6.5122,-55.8554,0.079006,1.54855,-0.11362,16.388000000000005
1772222459058750536,2026-02-27 15:00:59.058,-28.8964,-6.26137,-55.2854,0.08068,1.51167,-0.106684,16.38900000000001
1772222459059955425,2026-02-27 15:00:59.059,-28.5582,-6.05511,-54.8052,0.086479,1.49666,-0.104445,16.39
1772222459061158393,2026-02-27 15:00:59.061,-28.3786,-5.86129,-53.2737,0.090617,1.48132,-0.11097,16.39200000000001
1772222459062360031,2026-02-27 15:00:59.062,-28.0942,-5.60693,-53.2575,0.0975,1.46854,-0.103173,16.393
1772222459063530617,2026-02-27 15:00:59.063,-27.8511,-5.31593,-52.6985,0.106682,1.45635,-0.100548,16.394000000000005
1772222459064667263,2026-02-27 15:00:59.064,-27.31,-4.76266,-52.1484,0.123459,1.43204,-0.089283,16.39500000000001
1772222459065875712,2026-02-27 15:00:59.065,-27.1167,-4.36267,-51.4207,0.13499,1.42165,-0.087522,16.396
1772222459067076781,2026-02-27 15:00:59.067,-26.8341,-4.01158,-50.5864,0.144057,1.40847,-0.086431,16.39800000000001
1772222459068278755,2026-02-27 15:00:59.068,-26.6651,-3.61313,-49.7762,0.158148,1.39739,-0.084761,16.399
1772222459069474316,2026-02-27 15:00:59.069,-26.4587,-3.3154,-49.9745,0.169062,1.38708,-0.075258,16.400000000000006
1772222459070607808,2026-02-27 15:00:59.070,-26.0485,-2.51527,-48.2455,0.193888,1.3666,-0.076051,16.40100000000001
1772222459071782100,2026-02-27 15:00:59.071,-25.99,-2.10995,-46.9863,0.210959,1.35868,-0.080887,16.402
1772222459072983651,2026-02-27 15:00:59.072,-25.7889,-1.72,-45.9022,0.224833,1.3502,-0.083618,16.403000000000006
1772222459074186827,2026-02-27 15:00:59.074,-25.6365,-1.27051,-44.9886,0.237067,1.34378,-0.08538,16.405
1772222459075383597,2026-02-27 15:00:59.075,-25.574,-0.851039,-44.2701,0.250854,1.33795,-0.085482,16.406000000000006
1772222459076530249,2026-02-27 15:00:59.076,-25.536,-0.407628,-43.7221,0.267389,1.33688,-0.087373,16.40700000000001
1772222459077684111,2026-02-27 15:00:59.077,-25.55,-0.004681,-42.3885,0.28214,1.33587,-0.094416,16.408
1772222459078905823,2026-02-27 15:00:59.078,-25.6294,0.839992,-41.165,0.311525,1.34409,-0.099363,16.409000000000006
1772222459080107242,2026-02-27 15:00:59.080,-25.746,1.2128,-41.1783,0.327924,1.35218,-0.099731,16.411
1772222459081308159,2026-02-27 15:00:59.081,-25.9166,1.57999,-41.326,0.344497,1.36354,-0.098269,16.412000000000006
1772222459082497882,2026-02-27 15:00:59.082,-26.2456,1.91597,-41.0768,0.353953,1.37787,-0.102262,16.41300000000001
1772222459083644611,2026-02-27 15:00:59.083,-26.3856,2.31901,-40.9406,0.373574,1.39585,-0.106443,16.414
1772222459084863781,2026-02-27 15:00:59.084,-27.0635,3.03402,-41.0421,0.407018,1.43821,-0.115052,16.415000000000006
1772222459086064993,2026-02-27 15:00:59.086,-27.4418,3.30982,-42.2302,0.420228,1.46134,-0.110711,16.417
1772222459087265316,2026-02-27 15:00:59.087,-27.8241,3.60796,-41.9782,0.435656,1.48715,-0.120933,16.418000000000006
1772222459088476418,2026-02-27 15:00:59.088,-28.3024,3.91315,-42.3871,0.453103,1.51504,-0.126751,16.41900000000001
1772222459089611992,2026-02-27 15:00:59.089,-29.3191,4.57828,-42.6541,0.489793,1.57736,-0.1447,16.42
1772222459090784488,2026-02-27 15:00:59.090,-29.8826,4.82781,-43.2053,0.508999,1.6094,-0.150603,16.421000000000006
1772222459091919745,2026-02-27 15:00:59.091,-30.5216,5.11752,-43.8312,0.525792,1.64404,-0.157854,16.42200000000001
1772222459093091957,2026-02-27 15:00:59.093,-31.1908,5.30617,-44.4162,0.54283,1.68008,-0.165136,16.424000000000007
1772222459094267421,2026-02-27 15:00:59.094,-31.8291,5.55038,-44.0376,0.562226,1.71826,-0.182536,16.42500000000001
1772222459095483411,2026-02-27 15:00:59.095,-32.4253,5.82725,-45.0407,0.58412,1.75709,-0.187632,16.426000000000002
1772222459096618405,2026-02-27 15:00:59.096,-33.9056,6.30849,-47.0557,0.621801,1.84036,-0.197489,16.427000000000007
1772222459097791992,2026-02-27 15:00:59.097,-34.5805,6.54151,-48.2809,0.644243,1.88411,-0.202962,16.42800000000001
1772222459098991281,2026-02-27 15:00:59.098,-35.2431,6.71751,-48.9975,0.663504,1.92598,-0.211649,16.429000000000002
1772222459100191478,2026-02-27 15:00:59.100,-35.954,6.92047,-49.8065,0.679604,1.96912,-0.218935,16.43100000000001
1772222459101390579,2026-02-27 15:00:59.101,-36.6895,7.10513,-50.5748,0.698789,2.01193,-0.226125,16.432000000000002
1772222459102541237,2026-02-27 15:00:59.102,-38.1006,7.39604,-53.1086,0.72993,2.09694,-0.231448,16.433000000000007
1772222459103674174,2026-02-27 15:00:59.103,-38.7523,7.50002,-53.6206,0.742575,2.13743,-0.240613,16.43400000000001
1772222459104823600,2026-02-27 15:00:59.104,-39.4059,7.65612,-53.8496,0.753015,2.17651,-0.249618,16.435000000000002
1772222459105996423,2026-02-27 15:00:59.105,-40.0596,7.76341,-54.346,0.765342,2.21569,-0.258118,16.436000000000007
1772222459107266662,2026-02-27 15:00:59.107,-40.6574,7.84264,-54.776,0.775898,2.25196,-0.264272,16.438000000000002
1772222459108449103,2026-02-27 15:00:59.108,-41.221,7.88842,-55.4563,0.785568,2.28684,-0.269532,16.439000000000007
1772222459109603656,2026-02-27 15:00:59.109,-42.3516,7.93746,-56.3925,0.800104,2.35202,-0.279872,16.440000000000012
1772222459110752516,2026-02-27 15:00:59.110,-42.8339,8.03424,-56.0462,0.811147,2.3839,-0.292414,16.441000000000003
1772222459111923160,2026-02-27 15:00:59.111,-43.2416,8.10164,-57.0155,0.819723,2.41201,-0.29057,16.442000000000007
1772222459113095109,2026-02-27 15:00:59.113,-43.6533,8.08798,-57.6299,0.827521,2.43863,-0.293266,16.444000000000003
1772222459114265569,2026-02-27 15:00:59.114,-43.9861,8.08137,-58.6465,0.835384,2.46437,-0.293433,16.445000000000007
1772222459115437028,2026-02-27 15:00:59.115,-44.3054,8.03929,-59.2616,0.844066,2.48507,-0.295876,16.446000000000012
1772222459116587648,2026-02-27 15:00:59.116,-44.9256,7.98316,-60.0763,0.853883,2.52194,-0.299338,16.447000000000003
1772222459117725840,2026-02-27 15:00:59.117,-45.2085,7.92184,-60.4809,0.851819,2.54012,-0.30338,16.448000000000008
1772222459118873337,2026-02-27 15:00:59.118,-45.3894,7.88125,-61.9922,0.858788,2.55405,-0.296291,16.449000000000012
1772222459120044684,2026-02-27 15:00:59.120,-45.5918,7.76599,-62.0631,0.859099,2.56493,-0.301347,16.451000000000008
1772222459121215399,2026-02-27 15:00:59.121,-45.806,7.60917,-62.493,0.859631,2.57664,-0.301284,16.452000000000012
1772222459122386118,2026-02-27 15:00:59.122,-45.9574,7.46513,-62.3772,0.855308,2.58605,-0.306997,16.453000000000003
1772222459123537846,2026-02-27 15:00:59.123,-46.2738,7.062,-62.6214,0.839161,2.60047,-0.311571,16.454000000000008
1772222459124669751,2026-02-27 15:00:59.124,-46.3028,6.92243,-62.8763,0.837144,2.60573,-0.30997,16.455000000000013
1772222459125820508,2026-02-27 15:00:59.125,-46.3493,6.71324,-63.0902,0.828778,2.6085,-0.308897,16.456000000000003
1772222459126990660,2026-02-27 15:00:59.126,-46.3596,6.46394,-62.5424,0.824623,2.60974,-0.315025,16.457000000000008
1772222459128160815,2026-02-27 15:00:59.128,-46.3968,6.25392,-62.5165,0.81433,2.609,-0.313387,16.459000000000003
1772222459129331360,2026-02-27 15:00:59.129,-46.29,6.0443,-62.8114,0.808102,2.60792,-0.311917,16.460000000000008
1772222459130521674,2026-02-27 15:00:59.130,-46.2601,5.80677,-63.3134,0.793956,2.60166,-0.304427,16.461000000000013
1772222459131651332,2026-02-27 15:00:59.131,-45.9888,5.42389,-63.9752,0.774565,2.58705,-0.297227,16.462000000000003
1772222459132799169,2026-02-27 15:00:59.132,-45.9213,5.1929,-64.0622,0.76264,2.58155,-0.296967,16.463000000000008
1772222459133972077,2026-02-27 15:00:59.133,-45.7983,4.99705,-63.8943,0.749106,2.57495,-0.2951,16.464
1772222459135143709,2026-02-27 15:00:59.135,-45.5341,4.79121,-63.9445,0.737252,2.56518,-0.290581,16.466000000000008
1772222459136314409,2026-02-27 15:00:59.136,-45.2865,4.53626,-64.424,0.719995,2.5524,-0.279976,16.467
1772222459137497366,2026-02-27 15:00:59.137,-45.0549,4.35232,-63.7528,0.702886,2.53815,-0.280411,16.468000000000004
1772222459138626265,2026-02-27 15:00:59.138,-44.7171,4.14706,-63.4178,0.684719,2.51991,-0.279144,16.46900000000001
1772222459139797689,2026-02-27 15:00:59.139,-44.2073,3.71413,-62.3759,0.659457,2.48442,-0.280377,16.47
1772222459140994666,2026-02-27 15:00:59.140,-43.8456,3.48834,-62.1883,0.646636,2.46028,-0.278162,16.471000000000004
1772222459142134847,2026-02-27 15:00:59.142,-43.4932,3.29958,-61.9648,0.637627,2.43749,-0.274987,16.473
1772222459143356283,2026-02-27 15:00:59.143,-43.0788,3.09037,-61.5616,0.620153,2.41444,-0.271506,16.474000000000004
1772222459144541920,2026-02-27 15:00:59.144,-42.7448,2.90802,-60.1346,0.605314,2.38968,-0.278426,16.47500000000001
1772222459145673996,2026-02-27 15:00:59.145,-41.917,2.42988,-59.7295,0.577308,2.34123,-0.268973,16.476
1772222459146846804,2026-02-27 15:00:59.146,-41.4361,2.23742,-59.8419,0.564441,2.31651,-0.260985,16.477000000000004
1772222459148046533,2026-02-27 15:00:59.148,-41.0577,1.98728,-59.698,0.543955,2.29148,-0.255546,16.479
1772222459149219340,2026-02-27 15:00:59.149,-40.6079,1.85952,-59.1363,0.52775,2.26671,-0.25126,16.480000000000004
1772222459150417298,2026-02-27 15:00:59.150,-40.1384,1.5916,-58.5725,0.507679,2.2388,-0.247522,16.48100000000001
1772222459151561302,2026-02-27 15:00:59.151,-39.6439,1.39191,-57.9904,0.489412,2.21115,-0.243289,16.482
1772222459152692870,2026-02-27 15:00:59.152,-38.6748,1.0566,-57.6297,0.454038,2.15753,-0.227106,16.483000000000004
1772222459153845798,2026-02-27 15:00:59.153,-38.2383,0.855304,-56.8377,0.434428,2.13069,-0.224048,16.48400000000001
1772222459155046463,2026-02-27 15:00:59.155,-37.762,0.760486,-55.7344,0.421883,2.10483,-0.224493,16.486000000000004
1772222459156247718,2026-02-27 15:00:59.156,-37.3307,0.610165,-54.6985,0.403673,2.07822,-0.224448,16.48700000000001
1772222459157445029,2026-02-27 15:00:59.157,-36.8511,0.484221,-53.8788,0.390178,2.05082,-0.222075,16.488
1772222459158594275,2026-02-27 15:00:59.158,-36.3688,0.459418,-53.1539,0.375388,2.02208,-0.217786,16.489000000000004
1772222459159747480,2026-02-27 15:00:59.159,-35.4119,0.260849,-51.183,0.345896,1.96491,-0.214127,16.49000000000001
1772222459160945956,2026-02-27 15:00:59.160,-34.9298,0.197069,-49.7632,0.333964,1.93727,-0.216267,16.491
1772222459162143775,2026-02-27 15:00:59.162,-34.4262,0.163135,-49.4404,0.324234,1.90789,-0.209325,16.49300000000001
1772222459163342297,2026-02-27 15:00:59.163,-33.998,0.171213,-48.7285,0.312479,1.87894,-0.203005,16.494
1772222459164528762,2026-02-27 15:00:59.164,-33.4685,0.132167,-48.5759,0.302082,1.85439,-0.194765,16.495000000000005
1772222459165660485,2026-02-27 15:00:59.165,-33.0434,0.100735,-47.9368,0.295963,1.83023,-0.192517,16.49600000000001
1772222459166818772,2026-02-27 15:00:59.166,-32.3343,0.150411,-46.6323,0.282008,1.78451,-0.18623,16.497
1772222459168018118,2026-02-27 15:00:59.168,-32.0205,0.161785,-45.9627,0.274724,1.76433,-0.182681,16.49900000000001
1772222459169192919,2026-02-27 15:00:59.169,-31.6757,0.194244,-46.4547,0.267642,1.7447,-0.169529,16.5
1772222459170391273,2026-02-27 15:00:59.170,-31.4049,0.254172,-45.5294,0.262384,1.72961,-0.170734,16.501000000000005
1772222459171568398,2026-02-27 15:00:59.171,-31.146,0.27225,-45.1937,0.26026,1.71587,-0.168817,16.50200000000001
1772222459172702536,2026-02-27 15:00:59.172,-30.7658,0.428811,-43.7513,0.250373,1.69195,-0.17142,16.503
1772222459173853279,2026-02-27 15:00:59.173,-30.6481,0.572687,-43.5571,0.249886,1.68307,-0.169897,16.504000000000005
1772222459175055686,2026-02-27 15:00:59.175,-30.5154,0.656862,-43.4012,0.249985,1.67492,-0.168649,16.506
1772222459176256878,2026-02-27 15:00:59.176,-30.4217,0.843195,-43.2594,0.250105,1.66915,-0.168434,16.507000000000005
1772222459177471003,2026-02-27 15:00:59.177,-30.2864,0.953328,-42.2656,0.25163,1.66105,-0.176934,16.50800000000001
1772222459178559451,2026-02-27 15:00:59.178,-30.2707,1.10434,-42.2568,0.253291,1.65461,-0.175229,16.509
1772222459179689001,2026-02-27 15:00:59.179,-30.1668,1.28575,-42.3483,0.25658,1.64908,-0.173379,16.510000000000005
1772222459180845076,2026-02-27 15:00:59.180,-29.9424,1.64941,-43.4227,0.260033,1.63408,-0.16442,16.51100000000001
1772222459182044248,2026-02-27 15:00:59.182,-29.9076,1.85701,-43.5897,0.261774,1.62704,-0.163849,16.513000000000005
1772222459183244603,2026-02-27 15:00:59.183,-29.8683,1.97908,-43.7917,0.261964,1.61968,-0.164229,16.51400000000001
1772222459184416724,2026-02-27 15:00:59.184,-29.8339,2.07009,-43.9149,0.263238,1.61264,-0.164135,16.515
1772222459185558168,2026-02-27 15:00:59.185,-29.7065,2.2943,-44.5827,0.265401,1.60482,-0.15831,16.516000000000005
1772222459186689821,2026-02-27 15:00:59.186,-29.6185,2.34294,-45.431,0.27211,1.5969,-0.152776,16.51700000000001
1772222459187851373,2026-02-27 15:00:59.187,-29.4712,2.49528,-45.2394,0.275669,1.58116,-0.15706,16.518
1772222459189050960,2026-02-27 15:00:59.189,-29.3792,2.58193,-45.0211,0.281957,1.57563,-0.158866,16.52000000000001
1772222459190252437,2026-02-27 15:00:59.190,-29.3803,2.67312,-45.0786,0.286455,1.57105,-0.159325,16.521
1772222459191478137,2026-02-27 15:00:59.191,-29.3003,2.71956,-45.2639,0.293644,1.56519,-0.158569,16.522000000000006
1772222459192606783,2026-02-27 15:00:59.192,-29.3163,2.82174,-45.4738,0.298471,1.55979,-0.157583,16.52300000000001
1772222459193744081,2026-02-27 15:00:59.193,-29.244,2.98787,-44.6184,0.313572,1.55092,-0.166225,16.524
1772222459194951057,2026-02-27 15:00:59.194,-29.0572,3.10469,-45.1196,0.327134,1.54694,-0.160006,16.525000000000006
1772222459196148993,2026-02-27 15:00:59.196,-29.0117,3.21821,-45.1657,0.336055,1.5429,-0.15868,16.527
1772222459197346577,2026-02-27 15:00:59.197,-28.9256,3.27954,-45.8046,0.343555,1.53765,-0.153899,16.528000000000006
1772222459198557574,2026-02-27 15:00:59.198,-28.8567,3.39555,-45.998,0.350552,1.53428,-0.151863,16.52900000000001
1772222459199689294,2026-02-27 15:00:59.199,-28.7898,3.47934,-45.9805,0.362235,1.53053,-0.15069,16.53
1772222459200839634,2026-02-27 15:00:59.200,-28.6551,3.72777,-45.8682,0.380371,1.52327,-0.151149,16.531000000000006
1772222459202033188,2026-02-27 15:00:59.202,-28.561,3.91705,-46.9363,0.394175,1.52016,-0.142595,16.533
1772222459203230593,2026-02-27 15:00:59.203,-28.5366,4.08848,-46.6949,0.405513,1.51779,-0.144672,16.534000000000006
1772222459204427318,2026-02-27 15:00:59.204,-28.4832,4.24061,-46.7166,0.420301,1.51761,-0.146668,16.53500000000001
1772222459205577581,2026-02-27 15:00:59.205,-28.5145,4.39002,-46.1686,0.429887,1.51696,-0.15225,16.536
1772222459206710130,2026-02-27 15:00:59.206,-28.5605,4.61023,-45.8916,0.443469,1.5201,-0.156626,16.537000000000006
1772222459207860199,2026-02-27 15:00:59.207,-28.7459,4.87414,-45.9022,0.463928,1.52743,-0.160548,16.53800000000001
1772222459208993139,2026-02-27 15:00:59.208,-28.7278,5.17132,-45.9307,0.484218,1.53334,-0.161143,16.539
1772222459210189836,2026-02-27 15:00:59.210,-28.8904,5.31763,-45.4265,0.493336,1.54114,-0.169588,16.54100000000001
1772222459211387063,2026-02-27 15:00:59.211,-29.0342,5.48531,-45.1912,0.50838,1.551,-0.173816,16.542
1772222459212560831,2026-02-27 15:00:59.212,-29.2671,5.60617,-45.5589,0.516325,1.5625,-0.173612,16.543000000000006
1772222459213699418,2026-02-27 15:00:59.213,-29.422,5.78058,-46.1145,0.530234,1.57511,-0.172137,16.54400000000001
1772222459214865807,2026-02-27 15:00:59.214,-29.8478,6.00662,-47.011,0.552245,1.60435,-0.171386,16.545
1772222459216044472,2026-02-27 15:00:59.216,-30.1242,6.06037,-47.2622,0.562334,1.62135,-0.173303,16.54700000000001
1772222459217242580,2026-02-27 15:00:59.217,-30.3015,6.20757,-47.4858,0.573875,1.63697,-0.176013,16.548000000000002
1772222459218444393,2026-02-27 15:00:59.218,-30.6406,6.29557,-47.77,0.580517,1.65593,-0.176286,16.549000000000007
1772222459219679207,2026-02-27 15:00:59.219,-30.8811,6.34725,-49.0739,0.589398,1.67535,-0.169682,16.55000000000001
1772222459220829928,2026-02-27 15:00:59.220,-31.2146,6.39431,-48.8463,0.597888,1.69484,-0.176502,16.551000000000002
1772222459222006785,2026-02-27 15:00:59.222,-31.8312,6.48918,-49.0029,0.618392,1.73786,-0.186438,16.55300000000001
1772222459223204705,2026-02-27 15:00:59.223,-32.1632,6.50035,-49.0517,0.623334,1.75934,-0.191613,16.554000000000002
1772222459224408759,2026-02-27 15:00:59.224,-32.545,6.5076,-49.4038,0.632311,1.78207,-0.193873,16.555000000000007
1772222459225559758,2026-02-27 15:00:59.225,-32.931,6.56276,-49.8315,0.64552,1.80786,-0.196744,16.55600000000001
1772222459226691132,2026-02-27 15:00:59.226,-33.3609,6.59387,-50.105,0.651041,1.83317,-0.198818,16.557000000000002
1772222459227841041,2026-02-27 15:00:59.227,-33.7779,6.56175,-49.4478,0.659048,1.85808,-0.212323,16.558000000000007
1772222459229011988,2026-02-27 15:00:59.229,-34.6011,6.62986,-50.6654,0.681462,1.91455,-0.215853,16.560000000000002
1772222459230209208,2026-02-27 15:00:59.230,-35.0317,6.59848,-51.746,0.686355,1.94029,-0.212872,16.561000000000007
1772222459231409528,2026-02-27 15:00:59.231,-35.5415,6.54084,-52.5788,0.693973,1.96894,-0.213554,16.562000000000012
1772222459232561697,2026-02-27 15:00:59.232,-35.9768,6.48757,-52.965,0.698595,1.99707,-0.217075,16.563000000000002
1772222459233690529,2026-02-27 15:00:59.233,-36.4638,6.46183,-53.4228,0.701686,2.02741,-0.219162,16.564000000000007
1772222459234864987,2026-02-27 15:00:59.234,-36.9526,6.37345,-53.777,0.703379,2.05557,-0.221648,16.565000000000012
1772222459236059916,2026-02-27 15:00:59.236,-37.8952,6.23024,-55.5443,0.705135,2.11324,-0.217222,16.567000000000007
1772222459237260009,2026-02-27 15:00:59.237,-38.4274,6.10076,-55.8075,0.705865,2.1409,-0.221377,16.568000000000012
1772222459238472334,2026-02-27 15:00:59.238,-38.9134,6.04341,-55.7051,0.703687,2.16741,-0.228565,16.569000000000003
1772222459239603549,2026-02-27 15:00:59.239,-39.3847,5.96255,-55.7489,0.701292,2.1938,-0.232013,16.570000000000007
1772222459240741587,2026-02-27 15:00:59.240,-39.8538,5.93227,-55.5386,0.694717,2.21843,-0.234075,16.571000000000012
1772222459241871842,2026-02-27 15:00:59.241,-40.0572,5.7419,-55.4818,0.67238,2.23559,-0.231552,16.572000000000003
1772222459243044093,2026-02-27 15:00:59.243,-40.9296,5.52015,-55.7151,0.688386,2.29046,-0.239693,16.574000000000012
1772222459244243334,2026-02-27 15:00:59.244,-41.315,5.45842,-55.163,0.693558,2.3125,-0.249676,16.575000000000003
1772222459245441008,2026-02-27 15:00:59.245,-41.7287,5.38938,-55.9207,0.686886,2.33354,-0.246932,16.576000000000008
1772222459246567212,2026-02-27 15:00:59.246,-42.0324,5.34435,-56.2459,0.677677,2.3498,-0.244836,16.577000000000012
1772222459247698782,2026-02-27 15:00:59.247,-42.3331,5.25906,-56.9088,0.671706,2.37073,-0.240602,16.578000000000003
1772222459248848782,2026-02-27 15:00:59.248,-42.6194,5.05476,-57.0956,0.665692,2.38592,-0.240793,16.579000000000008
1772222459250022904,2026-02-27 15:00:59.250,-43.2271,4.77076,-57.1762,0.658137,2.42369,-0.24201,16.581000000000003
1772222459251216476,2026-02-27 15:00:59.251,-43.4991,4.63997,-57.1924,0.651724,2.43907,-0.243368,16.582000000000008
1772222459252417412,2026-02-27 15:00:59.252,-43.7235,4.53887,-58.3638,0.643615,2.45418,-0.233016,16.583000000000013
1772222459253559707,2026-02-27 15:00:59.253,-43.9596,4.38758,-58.0583,0.63784,2.46806,-0.236755,16.584000000000003
1772222459254685677,2026-02-27 15:00:59.254,-44.1591,4.31726,-58.1481,0.631254,2.48188,-0.236006,16.585000000000008
1772222459255875443,2026-02-27 15:00:59.255,-44.4595,4.22339,-57.5327,0.62388,2.49286,-0.240778,16.586000000000013
1772222459257049011,2026-02-27 15:00:59.257,-44.7527,4.00284,-57.4248,0.608085,2.50907,-0.242954,16.588000000000008
1772222459258188095,2026-02-27 15:00:59.258,-44.823,3.86853,-57.4669,0.604154,2.51505,-0.242969,16.589
1772222459259408848,2026-02-27 15:00:59.259,-45.0222,3.81273,-57.5176,0.597628,2.51929,-0.242259,16.590000000000003
1772222459260576533,2026-02-27 15:00:59.260,-45.0564,3.6926,-56.6604,0.589521,2.52041,-0.249282,16.591000000000008
1772222459261707492,2026-02-27 15:00:59.261,-45.0726,3.58146,-56.543,0.584208,2.52279,-0.248775,16.592
1772222459262871458,2026-02-27 15:00:59.262,-45.1361,3.61436,-56.5378,0.575565,2.52566,-0.247019,16.593000000000004
1772222459264069358,2026-02-27 15:00:59.264,-45.1394,3.51098,-57.2362,0.565166,2.52151,-0.237362,16.595
1772222459265262701,2026-02-27 15:00:59.265,-45.012,3.46153,-57.2095,0.563338,2.51614,-0.235056,16.596000000000004
1772222459266476997,2026-02-27 15:00:59.266,-44.9446,3.46406,-56.9736,0.560201,2.50995,-0.233868,16.59700000000001
1772222459267606517,2026-02-27 15:00:59.267,-44.7825,3.44675,-56.8149,0.554785,2.50217,-0.233239,16.598
1772222459268740384,2026-02-27 15:00:59.268,-44.6653,3.45746,-56.8484,0.549728,2.49458,-0.228184,16.599000000000004
1772222459269898056,2026-02-27 15:00:59.269,-44.4466,3.43071,-57.4371,0.548346,2.48501,-0.221913,16.60000000000001
1772222459271074005,2026-02-27 15:00:59.271,-44.1121,3.53279,-56.3025,0.540881,2.46073,-0.224206,16.602000000000004
1772222459272264858,2026-02-27 15:00:59.272,-43.8832,3.61638,-55.7764,0.544771,2.44731,-0.226282,16.60300000000001
1772222459273476149,2026-02-27 15:00:59.273,-43.6259,3.68747,-55.3278,0.54207,2.43156,-0.226177,16.604
1772222459274608074,2026-02-27 15:00:59.274,-43.3962,3.8112,-55.1202,0.539288,2.41479,-0.223584,16.605000000000004
1772222459275765991,2026-02-27 15:00:59.275,-43.1105,3.8681,-55.0009,0.539064,2.39841,-0.222769,16.60600000000001
1772222459276937587,2026-02-27 15:00:59.276,-42.9003,4.00472,-54.868,0.538612,2.38078,-0.221205,16.607
1772222459278110569,2026-02-27 15:00:59.278,-42.4024,4.26015,-53.9937,0.533991,2.3465,-0.223869,16.60900000000001
1772222459279251925,2026-02-27 15:00:59.279,-42.1111,4.31494,-54.021,0.53243,2.32974,-0.222521,16.61
1772222459280444438,2026-02-27 15:00:59.280,-41.9391,4.4256,-54.6786,0.529277,2.31389,-0.215488,16.611000000000004
1772222459281580539,2026-02-27 15:00:59.281,-41.7153,4.48363,-55.0328,0.52853,2.30053,-0.210896,16.61200000000001
1772222459282714972,2026-02-27 15:00:59.282,-41.5043,4.58382,-55.1365,0.531061,2.28509,-0.210308,16.613
1772222459283893580,2026-02-27 15:00:59.283,-41.2774,4.70452,-55.3122,0.534708,2.27243,-0.207852,16.614000000000004
1772222459285033677,2026-02-27 15:00:59.285,-40.7342,4.98464,-56.33,0.54383,2.24445,-0.197281,16.616
1772222459286207895,2026-02-27 15:00:59.286,-40.5386,5.09464,-56.3925,0.551602,2.2286,-0.19654,16.617000000000004
1772222459287399612,2026-02-27 15:00:59.287,-40.2847,5.33227,-56.1951,0.559084,2.21519,-0.194807,16.61800000000001
1772222459288502347,2026-02-27 15:00:59.288,-40.0431,5.51402,-55.5068,0.561446,2.19706,-0.200126,16.619
1772222459289635090,2026-02-27 15:00:59.289,-39.6971,5.73619,-54.9645,0.574545,2.1791,-0.200855,16.620000000000005
1772222459290784027,2026-02-27 15:00:59.290,-39.4148,5.93296,-54.5147,0.582785,2.15903,-0.200402,16.62100000000001
1772222459291976306,2026-02-27 15:00:59.291,-39.0878,6.11902,-54.1473,0.59198,2.13995,-0.199592,16.622
1772222459293157726,2026-02-27 15:00:59.293,-38.3276,6.5837,-52.8677,0.621035,2.09655,-0.202721,16.62400000000001
1772222459294337704,2026-02-27 15:00:59.294,-37.9343,6.86304,-51.8294,0.634721,2.07557,-0.2076,16.625
1772222459295533954,2026-02-27 15:00:59.295,-37.6308,7.10331,-51.7058,0.646429,2.05306,-0.203788,16.626000000000005
1772222459296677845,2026-02-27 15:00:59.296,-37.202,7.35205,-51.5512,0.661654,2.03109,-0.201028,16.62700000000001
1772222459297880301,2026-02-27 15:00:59.297,-36.8604,7.56803,-51.5741,0.671929,2.01024,-0.196532,16.628
1772222459299075594,2026-02-27 15:00:59.299,-36.1795,8.04361,-50.8342,0.702105,1.97056,-0.195027,16.63000000000001
1772222459300256608,2026-02-27 15:00:59.300,-35.8461,8.22507,-50.4036,0.714213,1.95191,-0.194348,16.631
1772222459301439021,2026-02-27 15:00:59.301,-35.5534,8.40989,-49.9745,0.726293,1.93586,-0.193471,16.632000000000005
1772222459302601494,2026-02-27 15:00:59.302,-35.3008,8.55972,-50.7687,0.737094,1.9191,-0.183242,16.63300000000001
1772222459303753772,2026-02-27 15:00:59.303,-35.0503,8.69552,-50.0844,0.749545,1.9063,-0.18718,16.634
1772222459304896222,2026-02-27 15:00:59.304,-34.7805,8.92291,-49.7325,0.761571,1.893,-0.186992,16.635000000000005
1772222459306104633,2026-02-27 15:00:59.306,-34.2917,9.26965,-48.4423,0.785302,1.86708,-0.19232,16.637
1772222459307288512,2026-02-27 15:00:59.307,-34.0811,9.41281,-48.0961,0.792112,1.85536,-0.191639,16.638000000000005
1772222459308487125,2026-02-27 15:00:59.308,-33.7638,9.52706,-47.822,0.804078,1.84346,-0.191819,16.63900000000001
1772222459309623465,2026-02-27 15:00:59.309,-33.529,9.62379,-47.572,0.813518,1.83124,-0.191809,16.64
1772222459310784651,2026-02-27 15:00:59.310,-33.4075,9.7449,-46.2676,0.822283,1.82072,-0.20079,16.641000000000005
1772222459311962839,2026-02-27 15:00:59.311,-33.2137,9.83082,-46.1145,0.831223,1.81015,-0.198502,16.64200000000001
1772222459313144350,2026-02-27 15:00:59.313,-32.8068,10.0106,-46.222,0.844563,1.78832,-0.193177,16.644000000000005
1772222459314328101,2026-02-27 15:00:59.314,-32.6255,9.98822,-46.346,0.848451,1.77805,-0.189281,16.64500000000001
1772222459315519112,2026-02-27 15:00:59.315,-32.5012,10.0621,-46.0979,0.850768,1.76853,-0.189624,16.646
1772222459316654116,2026-02-27 15:00:59.316,-32.2971,10.1013,-45.9093,0.858486,1.76226,-0.189574,16.647000000000006
1772222459317812670,2026-02-27 15:00:59.317,-32.2327,10.0921,-45.7684,0.856552,1.75413,-0.189457,16.64800000000001
1772222459318987174,2026-02-27 15:00:59.318,-32.1239,10.0871,-46.1501,0.859117,1.75025,-0.18364,16.649
1772222459320163000,2026-02-27 15:00:59.320,-32.0687,10.046,-46.6002,0.861049,1.74691,-0.180007,16.65100000000001
1772222459321306435,2026-02-27 15:00:59.321,-31.9541,9.97957,-45.8544,0.861906,1.74373,-0.184758,16.652
1772222459322499617,2026-02-27 15:00:59.322,-31.9966,9.90211,-45.5505,0.859778,1.74412,-0.187863,16.653000000000006
1772222459323632296,2026-02-27 15:00:59.323,-32.014,9.78921,-45.4646,0.856419,1.74799,-0.188636,16.65400000000001
1772222459324793231,2026-02-27 15:00:59.324,-32.1162,9.67841,-45.6127,0.852565,1.75118,-0.188208,16.655
1772222459325928203,2026-02-27 15:00:59.325,-32.1638,9.63109,-45.6596,0.851201,1.75706,-0.187281,16.656000000000006
1772222459327105347,2026-02-27 15:00:59.327,-32.3007,9.48388,-45.7504,0.846135,1.76411,-0.189467,16.658
1772222459328291423,2026-02-27 15:00:59.328,-32.6229,9.25895,-45.5703,0.837128,1.78321,-0.192985,16.659000000000006
1772222459329484373,2026-02-27 15:00:59.329,-32.8828,9.09474,-45.9212,0.832035,1.79519,-0.192979,16.66000000000001
1772222459330616434,2026-02-27 15:00:59.330,-33.0282,9.01226,-46.7084,0.831771,1.80967,-0.187831,16.661
1772222459331903846,2026-02-27 15:00:59.331,-33.2878,8.91044,-47.0451,0.82776,1.82441,-0.186733,16.662000000000006
1772222459333079549,2026-02-27 15:00:59.333,-33.4725,8.79669,-47.3349,0.830005,1.83936,-0.189162,16.664
1772222459334260016,2026-02-27 15:00:59.334,-34.0834,8.64858,-47.7415,0.826902,1.87748,-0.190181,16.665000000000006
1772222459335441210,2026-02-27 15:00:59.335,-34.3583,8.65431,-49.0769,0.831494,1.89682,-0.182193,16.66600000000001
1772222459336571661,2026-02-27 15:00:59.336,-34.7594,8.68391,-49.1709,0.836787,1.9221,-0.186752,16.667
1772222459337705496,2026-02-27 15:00:59.337,-35.0722,8.66887,-49.3027,0.844757,1.94332,-0.1883,16.668000000000006
1772222459338881020,2026-02-27 15:00:59.338,-35.5178,8.75327,-49.1184,0.849796,1.97051,-0.195034,16.66900000000001
1772222459340080370,2026-02-27 15:00:59.340,-35.9846,8.77006,-49.0481,0.856557,1.99637,-0.199878,16.671000000000006
1772222459341256461,2026-02-27 15:00:59.341,-36.8862,8.91017,-49.5025,0.871071,2.05518,-0.205453,16.67200000000001
1772222459342432258,2026-02-27 15:00:59.342,-37.3311,9.106,-49.9483,0.882926,2.08762,-0.208778,16.673000000000002
1772222459343583270,2026-02-27 15:00:59.343,-37.9402,9.19568,-49.5886,0.889781,2.119,-0.217693,16.674000000000007
1772222459344718405,2026-02-27 15:00:59.344,-38.4626,9.35093,-49.6755,0.901005,2.15209,-0.223172,16.67500000000001
1772222459345896839,2026-02-27 15:00:59.345,-38.9607,9.49373,-50.2927,0.912053,2.18584,-0.225345,16.676000000000002
1772222459347102409,2026-02-27 15:00:59.347,-39.5613,9.69709,-51.1656,0.923913,2.22083,-0.222871,16.67800000000001
1772222459348278072,2026-02-27 15:00:59.348,-40.6643,10.0743,-52.647,0.951322,2.29201,-0.226759,16.679000000000002
1772222459349486484,2026-02-27 15:00:59.349,-41.2395,10.3215,-53.0911,0.965316,2.33002,-0.230447,16.680000000000007
1772222459350621551,2026-02-27 15:00:59.350,-41.7524,10.5678,-53.3848,0.976183,2.36573,-0.235401,16.68100000000001
1772222459351755219,2026-02-27 15:00:59.351,-42.31,10.8456,-53.7949,0.98515,2.3992,-0.235256,16.682000000000002
1772222459352889418,2026-02-27 15:00:59.352,-42.8773,11.1141,-55.0327,1.00358,2.43488,-0.229421,16.683000000000007
1772222459354092175,2026-02-27 15:00:59.354,-43.5146,11.427,-54.9461,1.02265,2.47323,-0.239479,16.685000000000002
1772222459355289347,2026-02-27 15:00:59.355,-44.5911,12.1375,-55.065,1.06472,2.54049,-0.251695,16.686000000000007
1772222459356477720,2026-02-27 15:00:59.356,-45.0309,12.5486,-55.0897,1.08821,2.57074,-0.256533,16.687000000000012
1772222459357574722,2026-02-27 15:00:59.357,-45.53,12.9147,-55.4068,1.10734,2.59959,-0.260739,16.688000000000002
1772222459358709142,2026-02-27 15:00:59.358,-45.9334,13.2799,-55.4579,1.12501,2.62411,-0.265033,16.689000000000007
1772222459359910518,2026-02-27 15:00:59.359,-46.3619,13.6925,-55.487,1.14687,2.64914,-0.269408,16.690000000000012
1772222459361114624,2026-02-27 15:00:59.361,-46.7923,14.0977,-54.3721,1.16997,2.67532,-0.283612,16.692000000000007
1772222459362317958,2026-02-27 15:00:59.362,-47.4195,14.8629,-54.5909,1.1983,2.70145,-0.274637,16.693000000000012
1772222459363508271,2026-02-27 15:00:59.363,-47.7252,15.4128,-55.1161,1.24444,2.75378,-0.281744,16.694000000000003
1772222459364641146,2026-02-27 15:00:59.364,-47.99,15.7915,-55.3345,1.25917,2.77012,-0.291694,16.695000000000007
1772222459365798956,2026-02-27 15:00:59.365,-48.0797,16.1022,-54.8269,1.26902,2.77515,-0.287858,16.696000000000012
1772222459366998212,2026-02-27 15:00:59.366,-47.9297,16.4937,-54.2353,1.28591,2.7774,-0.280248,16.697000000000003
1772222459368173191,2026-02-27 15:00:59.368,-48.3204,16.9944,-54.4932,1.2976,2.78516,-0.284891,16.699000000000012
1772222459369349909,2026-02-27 15:00:59.369,-48.9161,17.9076,-55.3417,1.3522,2.84383,-0.286389,16.700000000000003
1772222459370553786,2026-02-27 15:00:59.370,-49.2272,18.2688,-55.1995,1.37744,2.86839,-0.288337,16.701000000000008
1772222459371685849,2026-02-27 15:00:59.371,-49.462,18.6554,-54.3411,1.40052,2.88817,-0.293952,16.702000000000012
1772222459372887294,2026-02-27 15:00:59.372,-49.5156,18.9662,-54.0248,1.41124,2.89945,-0.301211,16.703000000000003
1772222459374088061,2026-02-27 15:00:59.374,-49.788,19.3367,-53.7207,1.42619,2.91327,-0.303782,16.705000000000013
1772222459375264514,2026-02-27 15:00:59.375,-49.8697,19.5838,-53.7128,1.4418,2.92475,-0.304082,16.706000000000003
1772222459376481615,2026-02-27 15:00:59.376,-49.7318,20.1014,-52.8852,1.45327,2.92203,-0.31147,16.707000000000008
1772222459377616045,2026-02-27 15:00:59.377,-49.5549,20.1925,-51.5356,1.43879,2.89846,-0.319485,16.708000000000013
1772222459378798411,2026-02-27 15:00:59.378,-49.0806,20.3552,-51.2927,1.44795,2.89443,-0.30796,16.709000000000003
1772222459379997977,2026-02-27 15:00:59.379,-49.0829,20.7754,-51.0932,1.45758,2.88235,-0.304033,16.710000000000008
1772222459381191056,2026-02-27 15:00:59.381,-49.1074,21.0413,-51.4745,1.48246,2.90437,-0.303037,16.712000000000003
1772222459382368793,2026-02-27 15:00:59.382,-48.3989,20.8678,-50.1971,1.42487,2.80791,-0.299606,16.713000000000008
1772222459383532631,2026-02-27 15:00:59.383,-48.026,20.799,-49.4233,1.46715,2.86156,-0.294434,16.714
1772222459384667081,2026-02-27 15:00:59.384,-47.9213,21.2791,-49.0473,1.49436,2.87822,-0.287295,16.715000000000003
1772222459385850920,2026-02-27 15:00:59.385,-47.4632,21.5877,-49.7461,1.48868,2.86357,-0.273148,16.716000000000008
1772222459387050926,2026-02-27 15:00:59.387,-47.4963,21.9831,-49.0703,1.49306,2.85559,-0.273825,16.718000000000004
1772222459388225754,2026-02-27 15:00:59.388,-47.7609,22.1692,-48.8775,1.51861,2.87681,-0.286704,16.71900000000001
1772222459389403533,2026-02-27 15:00:59.389,-47.9594,22.415,-47.6065,1.53769,2.89616,-0.299529,16.72
1772222459390556126,2026-02-27 15:00:59.390,-47.9451,22.3341,-47.4119,1.53092,2.88937,-0.295456,16.721000000000004
1772222459391689281,2026-02-27 15:00:59.391,-47.998,22.2836,-47.2479,1.5263,2.88768,-0.296075,16.72200000000001
1772222459392866478,2026-02-27 15:00:59.392,-48.065,22.3796,-47.1191,1.5273,2.89306,-0.300245,16.723
1772222459394071366,2026-02-27 15:00:59.394,-48.1518,22.3331,-46.1671,1.52556,2.89794,-0.312194,16.72500000000001
1772222459395246487,2026-02-27 15:00:59.395,-48.2117,22.326,-46.1781,1.52936,2.90363,-0.313456,16.726
1772222459396422169,2026-02-27 15:00:59.396,-48.325,22.1195,-46.5889,1.52156,2.90881,-0.313545,16.727000000000004
1772222459397576059,2026-02-27 15:00:59.397,-48.4078,21.9029,-47.0619,1.52246,2.90949,-0.313014,16.72800000000001
1772222459398708793,2026-02-27 15:00:59.398,-48.3727,21.8471,-47.0242,1.5212,2.91013,-0.315643,16.729
1772222459399892429,2026-02-27 15:00:59.399,-48.3283,21.6097,-47.0355,1.51347,2.90638,-0.317405,16.730000000000004
1772222459401096101,2026-02-27 15:00:59.401,-48.2648,21.4141,-47.1004,1.50961,2.90073,-0.320143,16.732
1772222459402270764,2026-02-27 15:00:59.402,-48.1027,21.1515,-47.4429,1.50045,2.89157,-0.317847,16.733000000000004
1772222459403448531,2026-02-27 15:00:59.403,-47.7221,20.5252,-47.9161,1.47668,2.86186,-0.31808,16.73400000000001
1772222459404605510,2026-02-27 15:00:59.404,-47.5989,20.0826,-47.7372,1.45659,2.84141,-0.321826,16.735
1772222459405783471,2026-02-27 15:00:59.405,-47.2521,19.6307,-47.4778,1.43869,2.81733,-0.324706,16.736000000000004
1772222459406982339,2026-02-27 15:00:59.406,-46.9103,19.1839,-47.4377,1.42336,2.79287,-0.325079,16.73700000000001
1772222459408184971,2026-02-27 15:00:59.408,-46.5387,18.6282,-47.6783,1.40105,2.76384,-0.323411,16.739000000000004
1772222459409360101,2026-02-27 15:00:59.409,-46.196,18.0242,-47.7443,1.37026,2.73344,-0.32096,16.74000000000001
1772222459410583706,2026-02-27 15:00:59.410,-45.3518,16.8236,-47.0633,1.32153,2.66908,-0.324131,16.741
1772222459411779539,2026-02-27 15:00:59.411,-44.8702,16.1763,-47.7411,1.29147,2.63747,-0.318028,16.742000000000004
1772222459412978712,2026-02-27 15:00:59.412,-44.3997,15.491,-47.8563,1.25895,2.60069,-0.314167,16.74300000000001
1772222459414178048,2026-02-27 15:00:59.414,-43.9258,14.7689,-48.6533,1.22505,2.56723,-0.305656,16.745000000000005
1772222459415353780,2026-02-27 15:00:59.415,-43.4065,14.0571,-49.0884,1.19234,2.5301,-0.29945,16.74600000000001
1772222459416573841,2026-02-27 15:00:59.416,-42.4608,12.6662,-49.4577,1.12716,2.45727,-0.292259,16.747
1772222459417772014,2026-02-27 15:00:59.417,-41.9374,11.9048,-49.5007,1.08833,2.41708,-0.287229,16.748000000000005
1772222459418971277,2026-02-27 15:00:59.418,-41.36,11.1998,-50.6566,1.05261,2.37801,-0.273581,16.74900000000001
1772222459420172242,2026-02-27 15:00:59.420,-40.8956,10.5059,-50.6874,1.01451,2.33776,-0.270594,16.751000000000005
1772222459421347107,2026-02-27 15:00:59.421,-40.3032,9.78887,-50.8085,0.978028,2.2967,-0.265774,16.75200000000001
1772222459422556669,2026-02-27 15:00:59.422,-39.2701,8.45369,-50.2702,0.903807,2.21577,-0.263937,16.753
1772222459423711750,2026-02-27 15:00:59.423,-38.7487,7.84089,-50.2481,0.866676,2.17693,-0.259415,16.754000000000005
1772222459424907922,2026-02-27 15:00:59.424,-38.1722,7.16395,-50.2462,0.830473,2.13718,-0.254724,16.75500000000001
1772222459426083647,2026-02-27 15:00:59.426,-37.6266,6.57003,-50.2488,0.789927,2.09849,-0.249651,16.757000000000005
1772222459427284521,2026-02-27 15:00:59.427,-37.0889,5.96219,-49.7504,0.755259,2.05921,-0.2493,16.75800000000001
1772222459428490511,2026-02-27 15:00:59.428,-35.9703,4.80876,-49.3198,0.671328,1.99092,-0.240176,16.759
1772222459429628223,2026-02-27 15:00:59.429,-35.5085,4.17512,-49.6539,0.633586,1.95697,-0.234204,16.760000000000005
1772222459430821672,2026-02-27 15:00:59.430,-35.035,3.59823,-50.1019,0.598816,1.92564,-0.226112,16.76100000000001
1772222459432023043,2026-02-27 15:00:59.432,-34.5855,3.00091,-50.1154,0.564965,1.8934,-0.222231,16.763000000000005
1772222459433222194,2026-02-27 15:00:59.433,-34.1285,2.42787,-50.1012,0.530028,1.86386,-0.219456,16.76400000000001
1772222459434396406,2026-02-27 15:00:59.434,-33.707,1.92679,-50.0542,0.496494,1.83369,-0.215497,16.765
1772222459435556133,2026-02-27 15:00:59.435,-32.7056,0.946329,-50.9677,0.433455,1.77841,-0.19902,16.766000000000005
1772222459436694629,2026-02-27 15:00:59.436,-32.3216,0.392741,-50.4121,0.401588,1.75176,-0.198009,16.76700000000001
1772222459437915786,2026-02-27 15:00:59.437,-31.8004,-0.123663,-50.2539,0.37107,1.72554,-0.194904,16.768
1772222459439119660,2026-02-27 15:00:59.439,-31.4587,-0.52256,-49.5842,0.345126,1.70061,-0.195546,16.77000000000001
1772222459440322988,2026-02-27 15:00:59.440,-31.0893,-0.94166,-49.0869,0.31678,1.6788,-0.194698,16.771
1772222459441526939,2026-02-27 15:00:59.441,-30.2881,-1.6782,-48.779,0.268845,1.63416,-0.190171,16.772000000000006
1772222459442661676,2026-02-27 15:00:59.442,-29.871,-1.97693,-48.7237,0.250111,1.61448,-0.189572,16.77300000000001
1772222459443841352,2026-02-27 15:00:59.443,-29.6542,-2.27898,-47.4056,0.225826,1.59334,-0.196162,16.774
1772222459445143790,2026-02-27 15:00:59.445,-29.379,-2.57725,-47.3058,0.203614,1.57364,-0.193608,16.77600000000001
1772222459446350911,2026-02-27 15:00:59.446,-29.0453,-2.82959,-47.1852,0.188305,1.55607,-0.19051,16.777
1772222459447580834,2026-02-27 15:00:59.447,-28.8011,-3.06194,-47.5019,0.17028,1.53971,-0.183181,16.778000000000006
1772222459448744029,2026-02-27 15:00:59.448,-28.2484,-3.3558,-47.3762,0.148103,1.50897,-0.177826,16.77900000000001
1772222459449921337,2026-02-27 15:00:59.449,-28.0212,-3.50135,-46.9378,0.133787,1.494,-0.176801,16.78
1772222459451124490,2026-02-27 15:00:59.451,-27.8281,-3.56383,-46.6181,0.123889,1.4816,-0.17615,16.78200000000001
1772222459452325349,2026-02-27 15:00:59.452,-27.5469,-3.64289,-46.8453,0.117086,1.47045,-0.169193,16.783
1772222459453510934,2026-02-27 15:00:59.453,-27.4292,-3.64607,-46.9119,0.105772,1.46053,-0.165756,16.784000000000006
1772222459454657133,2026-02-27 15:00:59.454,-27.1267,-3.60896,-45.4554,0.09697,1.44615,-0.170415,16.78500000000001
1772222459455858902,2026-02-27 15:00:59.455,-27.0525,-3.49859,-44.8098,0.096005,1.44151,-0.172555,16.786
1772222459457059744,2026-02-27 15:00:59.457,-26.9914,-3.40112,-44.3122,0.096857,1.43998,-0.173716,16.78800000000001
1772222459458259591,2026-02-27 15:00:59.458,-26.9171,-3.29373,-43.9886,0.093528,1.43832,-0.173353,16.789
1772222459459408975,2026-02-27 15:00:59.459,-26.9626,-3.15232,-43.64,0.091903,1.43849,-0.173948,16.790000000000006
1772222459460561245,2026-02-27 15:00:59.460,-26.9928,-2.78684,-41.9475,0.097731,1.44484,-0.183237,16.79100000000001
1772222459461696035,2026-02-27 15:00:59.461,-26.9647,-2.59132,-42.1045,0.101353,1.44853,-0.180649,16.792
1772222459462878369,2026-02-27 15:00:59.462,-27.088,-2.42873,-41.9279,0.10043,1.4539,-0.183055,16.793000000000006
1772222459464081855,2026-02-27 15:00:59.464,-27.0953,-2.19747,-42.2767,0.108424,1.45953,-0.178975,16.795
1772222459465281355,2026-02-27 15:00:59.465,-27.2519,-1.96859,-42.1188,0.110515,1.46709,-0.181519,16.796000000000006
1772222459466471732,2026-02-27 15:00:59.466,-27.2977,-1.7191,-41.841,0.11908,1.47311,-0.183037,16.79700000000001
1772222459467619326,2026-02-27 15:00:59.467,-27.3589,-1.41117,-41.5325,0.128378,1.47912,-0.186189,16.798000000000002
1772222459468818923,2026-02-27 15:00:59.468,-27.5713,-0.904424,-42.0532,0.147369,1.4931,-0.180549,16.799000000000007
1772222459470022363,2026-02-27 15:00:59.470,-27.6161,-0.596996,-41.5221,0.162945,1.50319,-0.186082,16.801000000000002
1772222459471222475,2026-02-27 15:00:59.471,-27.8054,-0.332656,-41.1043,0.169479,1.5107,-0.18771,16.802000000000007
1772222459472420794,2026-02-27 15:00:59.472,-27.9404,-0.005242,-40.3227,0.183486,1.51976,-0.194554,16.80300000000001
1772222459473562385,2026-02-27 15:00:59.473,-28.232,0.548957,-39.2671,0.203756,1.53836,-0.199551,16.804000000000002
1772222459474696860,2026-02-27 15:00:59.474,-28.3306,0.876305,-38.9705,0.222197,1.54671,-0.200386,16.805000000000007
1772222459475855570,2026-02-27 15:00:59.475,-28.4588,1.16735,-38.6342,0.235817,1.55727,-0.201336,16.80600000000001
1772222459477057606,2026-02-27 15:00:59.477,-28.6432,1.50334,-37.6712,0.252157,1.56795,-0.211013,16.808000000000007
1772222459478261363,2026-02-27 15:00:59.478,-28.7974,1.72626,-37.1019,0.262403,1.5777,-0.213624,16.80900000000001
1772222459479440552,2026-02-27 15:00:59.479,-28.9455,1.99859,-37.0134,0.279057,1.58717,-0.213989,16.810000000000002
1772222459480597068,2026-02-27 15:00:59.480,-29.122,2.57355,-37.3894,0.310349,1.60754,-0.210867,16.811000000000007
1772222459481729262,2026-02-27 15:00:59.481,-29.1851,2.8628,-37.1906,0.322087,1.61616,-0.212582,16.812000000000012
1772222459482906952,2026-02-27 15:00:59.482,-29.2977,3.10022,-36.9106,0.334048,1.62313,-0.214437,16.813000000000002
1772222459484107138,2026-02-27 15:00:59.484,-29.4168,3.35805,-36.6775,0.348716,1.63048,-0.215184,16.815000000000012
1772222459485305893,2026-02-27 15:00:59.485,-29.5208,3.63898,-36.5196,0.358339,1.63907,-0.213956,16.816000000000003
1772222459486490008,2026-02-27 15:00:59.486,-29.5595,3.8265,-37.2712,0.368476,1.64332,-0.207476,16.817000000000007
1772222459487625696,2026-02-27 15:00:59.487,-29.6732,4.18862,-36.2961,0.390921,1.65373,-0.215332,16.818000000000012
1772222459488803645,2026-02-27 15:00:59.488,-29.8168,4.38008,-35.6632,0.393818,1.65779,-0.218854,16.819000000000003
1772222459490003047,2026-02-27 15:00:59.490,-29.8169,4.54278,-35.2875,0.403784,1.65945,-0.219656,16.821000000000012
1772222459491201534,2026-02-27 15:00:59.491,-29.8993,4.70306,-35.1477,0.407717,1.66228,-0.21919,16.822000000000003
1772222459492379501,2026-02-27 15:00:59.492,-29.8671,4.81767,-35.0967,0.417299,1.66253,-0.216999,16.823000000000008
1772222459493617177,2026-02-27 15:00:59.493,-29.9453,4.96218,-35.1416,0.420117,1.66364,-0.21643,16.824000000000012
1772222459494810573,2026-02-27 15:00:59.494,-29.9431,5.11012,-34.3969,0.430357,1.66232,-0.217628,16.825000000000003
1772222459496011938,2026-02-27 15:00:59.496,-29.9241,5.20065,-34.3857,0.433582,1.66147,-0.216008,16.827000000000012
1772222459497210659,2026-02-27 15:00:59.497,-29.8984,5.22573,-35.107,0.437459,1.66017,-0.208189,16.828000000000003
1772222459498409683,2026-02-27 15:00:59.498,-29.844,5.15099,-35.3976,0.438204,1.65699,-0.204086,16.829000000000008
1772222459499554345,2026-02-27 15:00:59.499,-29.851,5.11134,-35.4339,0.432673,1.6533,-0.202049,16.830000000000013
1772222459500689777,2026-02-27 15:00:59.500,-29.6586,4.99668,-35.6619,0.432967,1.64542,-0.194747,16.831000000000003
1772222459501863293,2026-02-27 15:00:59.501,-29.5138,4.87812,-36.5313,0.427489,1.6387,-0.183214,16.832000000000008
1772222459503064258,2026-02-27 15:00:59.503,-29.3854,4.71477,-36.7928,0.419911,1.63239,-0.177604,16.834000000000003
1772222459504266309,2026-02-27 15:00:59.504,-29.2706,4.59467,-36.8487,0.415926,1.62381,-0.175372,16.835000000000008
1772222459505482136,2026-02-27 15:00:59.505,-29.0416,4.45584,-36.3918,0.410162,1.61435,-0.176587,16.836000000000013
1772222459506682054,2026-02-27 15:00:59.506,-28.9377,4.32365,-36.2397,0.403526,1.60625,-0.175158,16.837000000000003
1772222459507897918,2026-02-27 15:00:59.507,-28.6191,3.92426,-36.5228,0.392895,1.58349,-0.169402,16.838000000000008
1772222459509072729,2026-02-27 15:00:59.509,-28.4399,3.80352,-36.6841,0.386371,1.57261,-0.166643,16.840000000000003
1772222459510274752,2026-02-27 15:00:59.510,-28.2591,3.61612,-36.5791,0.377199,1.55992,-0.167434,16.841000000000008
1772222459511487540,2026-02-27 15:00:59.511,-28.1282,3.43628,-36.0128,0.368116,1.54907,-0.170313,16.842
1772222459512685430,2026-02-27 15:00:59.512,-27.9439,3.26602,-36.6452,0.36178,1.53775,-0.163989,16.843000000000004
1772222459513906997,2026-02-27 15:00:59.513,-27.5934,2.88428,-37.9458,0.345888,1.51622,-0.15231,16.84400000000001
1772222459515083184,2026-02-27 15:00:59.515,-27.5881,2.7115,-38.392,0.336451,1.50875,-0.150176,16.846000000000004
1772222459516256598,2026-02-27 15:00:59.516,-27.3689,2.48446,-38.6339,0.326321,1.49772,-0.147616,16.84700000000001
1772222459517429272,2026-02-27 15:00:59.517,-27.281,2.27894,-39.0962,0.319708,1.49086,-0.14572,16.848
1772222459518582951,2026-02-27 15:00:59.518,-27.1373,1.79551,-40.9245,0.287469,1.47486,-0.132559,16.849000000000004
1772222459519715116,2026-02-27 15:00:59.519,-26.98,1.5904,-41.0015,0.277188,1.47215,-0.133405,16.85000000000001
1772222459520863329,2026-02-27 15:00:59.520,-26.9745,1.24798,-41.4098,0.262048,1.46649,-0.131063,16.851
1772222459522034097,2026-02-27 15:00:59.522,-26.9643,1.0133,-41.3956,0.25073,1.4629,-0.133936,16.85300000000001
1772222459523205598,2026-02-27 15:00:59.523,-26.9357,0.706806,-41.7026,0.238199,1.45683,-0.134461,16.854
1772222459524375629,2026-02-27 15:00:59.524,-26.9586,0.493238,-42.3149,0.226484,1.45458,-0.13191,16.855000000000004
1772222459525539213,2026-02-27 15:00:59.525,-26.9418,-0.088504,-43.2051,0.198905,1.44983,-0.128109,16.85600000000001
1772222459526669979,2026-02-27 15:00:59.526,-26.9544,-0.268025,-42.7118,0.190363,1.4496,-0.135579,16.857
1772222459527818349,2026-02-27 15:00:59.527,-27.051,-0.527057,-43.0663,0.177616,1.45049,-0.132083,16.858000000000004
1772222459528989051,2026-02-27 15:00:59.528,-26.992,-0.729896,-43.4864,0.169733,1.45271,-0.130308,16.85900000000001
1772222459530160183,2026-02-27 15:00:59.530,-27.1257,-0.967079,-44.3652,0.158597,1.45528,-0.124496,16.861000000000004
1772222459531360650,2026-02-27 15:00:59.531,-27.153,-1.1303,-45.0135,0.149138,1.455,-0.119355,16.86200000000001
1772222459532554845,2026-02-27 15:00:59.532,-27.1634,-1.32589,-45.2519,0.143497,1.45706,-0.117387,16.863
1772222459533683693,2026-02-27 15:00:59.533,-27.2164,-1.51406,-45.4803,0.13787,1.45945,-0.117098,16.864000000000004
1772222459534904721,2026-02-27 15:00:59.534,-27.3246,-1.81864,-46.3425,0.128579,1.46378,-0.110462,16.86500000000001
1772222459536107446,2026-02-27 15:00:59.536,-27.3797,-1.9217,-47.1969,0.128237,1.46837,-0.104412,16.867000000000004
1772222459537306895,2026-02-27 15:00:59.537,-27.4282,-1.99562,-47.1709,0.124759,1.46965,-0.105571,16.86800000000001
1772222459538520357,2026-02-27 15:00:59.538,-27.5096,-2.10204,-47.038,0.122338,1.47185,-0.107515,16.869
1772222459539688235,2026-02-27 15:00:59.539,-27.6404,-2.1998,-46.844,0.117004,1.47622,-0.1097,16.870000000000005
1772222459540895820,2026-02-27 15:00:59.540,-27.7521,-2.3146,-47.02,0.114414,1.48597,-0.10786,16.87100000000001
1772222459542040650,2026-02-27 15:00:59.542,-27.9066,-2.43301,-47.1253,0.114998,1.49246,-0.107553,16.873000000000005
1772222459543252332,2026-02-27 15:00:59.543,-28.0003,-2.40471,-47.2297,0.115714,1.49932,-0.107202,16.87400000000001
1772222459544427432,2026-02-27 15:00:59.544,-28.1519,-2.43245,-46.2609,0.115923,1.50657,-0.115458,16.875
1772222459545564122,2026-02-27 15:00:59.545,-28.2432,-2.45489,-46.8236,0.118432,1.51507,-0.110249,16.876000000000005
1772222459546697597,2026-02-27 15:00:59.546,-28.5201,-2.39552,-47.5859,0.123472,1.53135,-0.102714,16.87700000000001
1772222459547871694,2026-02-27 15:00:59.547,-28.5908,-2.41448,-48.0009,0.129356,1.53959,-0.101204,16.878
1772222459549072439,2026-02-27 15:00:59.549,-28.7146,-2.35124,-48.0644,0.135464,1.54619,-0.100677,16.88000000000001
1772222459550273219,2026-02-27 15:00:59.550,-28.846,-2.33289,-48.0735,0.137675,1.55229,-0.099361,16.881
1772222459551485044,2026-02-27 15:00:59.551,-28.9042,-2.27255,-48.1165,0.140287,1.55716,-0.098909,16.882000000000005
1772222459552618504,2026-02-27 15:00:59.552,-28.9845,-2.11601,-49.0825,0.152706,1.56584,-0.090636,16.88300000000001
1772222459553752863,2026-02-27 15:00:59.553,-28.964,-2.09586,-48.9259,0.154834,1.56641,-0.089447,16.884
1772222459554874773,2026-02-27 15:00:59.554,-29.0662,-2.0386,-48.3916,0.157164,1.56634,-0.093498,16.885000000000005
1772222459555994080,2026-02-27 15:00:59.555,-28.9491,-1.97005,-47.95,0.164052,1.56246,-0.095004,16.88600000000001
1772222459557157073,2026-02-27 15:00:59.557,-28.9849,-1.89358,-47.8185,0.168724,1.55905,-0.093225,16.888000000000005
1772222459558425546,2026-02-27 15:00:59.558,-28.845,-1.83467,-47.701,0.173537,1.55394,-0.091963,16.88900000000001
1772222459559554277,2026-02-27 15:00:59.559,-28.5523,-1.74817,-46.7613,0.180836,1.53492,-0.094758,16.89
1772222459560687384,2026-02-27 15:00:59.560,-28.4314,-1.6397,-46.1026,0.186699,1.52494,-0.095414,16.891000000000005
1772222459561837017,2026-02-27 15:00:59.561,-28.2883,-1.65685,-46.2049,0.188304,1.51482,-0.091959,16.89200000000001
1772222459563009191,2026-02-27 15:00:59.563,-28.0947,-1.58116,-46.4424,0.192182,1.50157,-0.086327,16.894000000000005
1772222459564181657,2026-02-27 15:00:59.564,-27.8607,-1.62702,-46.6248,0.190079,1.48684,-0.080002,16.89500000000001
1772222459565380669,2026-02-27 15:00:59.565,-27.6461,-1.61291,-46.488,0.188807,1.47131,-0.078981,16.896
1772222459566540301,2026-02-27 15:00:59.566,-27.3884,-1.60669,-46.2329,0.192092,1.45531,-0.076967,16.897000000000006
1772222459567675275,2026-02-27 15:00:59.567,-26.9184,-1.5519,-45.9868,0.190744,1.42416,-0.073642,16.89800000000001
1772222459568848625,2026-02-27 15:00:59.568,-26.7467,-1.59056,-46.8752,0.188091,1.40944,-0.062338,16.899
1772222459570047480,2026-02-27 15:00:59.570,-26.4347,-1.53697,-46.3256,0.193197,1.39456,-0.064631,16.90100000000001
1772222459571245495,2026-02-27 15:00:59.571,-26.2261,-1.48723,-46.2301,0.195078,1.38001,-0.063346,16.902
1772222459572443614,2026-02-27 15:00:59.572,-26.0033,-1.46559,-45.6387,0.194653,1.36549,-0.066344,16.903000000000006
1772222459573567329,2026-02-27 15:00:59.573,-25.78,-1.40806,-45.374,0.19535,1.35047,-0.066055,16.90400000000001
1772222459574700998,2026-02-27 15:00:59.574,-25.429,-1.38804,-45.3003,0.192301,1.32251,-0.064781,16.905
1772222459575894733,2026-02-27 15:00:59.575,-25.1283,-1.35611,-45.2793,0.198406,1.30619,-0.064125,16.906000000000006
1772222459577094453,2026-02-27 15:00:59.577,-24.9423,-1.25132,-44.2061,0.199629,1.29292,-0.072328,16.908
1772222459578295806,2026-02-27 15:00:59.578,-24.6969,-1.23611,-44.3491,0.19898,1.2768,-0.068894,16.909000000000006
1772222459579506146,2026-02-27 15:00:59.579,-24.5515,-1.21554,-44.3976,0.197947,1.26239,-0.067731,16.91000000000001
1772222459580641363,2026-02-27 15:00:59.580,-24.057,-1.05499,-45.3108,0.206837,1.23302,-0.057764,16.911
1772222459581793195,2026-02-27 15:00:59.581,-23.8405,-0.960134,-45.2294,0.211972,1.21859,-0.057254,16.912000000000006
1772222459582966152,2026-02-27 15:00:59.582,-23.6565,-0.879229,-45.1093,0.217612,1.20396,-0.056484,16.91300000000001
1772222459584138656,2026-02-27 15:00:59.584,-23.4973,-0.770516,-45.1555,0.218522,1.19183,-0.055486,16.915000000000006
1772222459585311158,2026-02-27 15:00:59.585,-23.3321,-0.6948,-45.7219,0.224899,1.17952,-0.04934,16.91600000000001
1772222459586491802,2026-02-27 15:00:59.586,-23.077,-0.555388,-46.0636,0.235493,1.16632,-0.045974,16.917
1772222459587674961,2026-02-27 15:00:59.587,-22.8667,-0.381979,-45.7582,0.244829,1.15632,-0.048262,16.918000000000006
1772222459588888085,2026-02-27 15:00:59.588,-22.6241,-0.114566,-45.0968,0.263695,1.1365,-0.054888,16.91900000000001
1772222459590087439,2026-02-27 15:00:59.590,-22.4888,0.050979,-44.8844,0.274456,1.12835,-0.055478,16.921000000000006
1772222459591287316,2026-02-27 15:00:59.591,-22.4285,0.195949,-44.8227,0.28038,1.11933,-0.055354,16.92200000000001
1772222459592468712,2026-02-27 15:00:59.592,-22.2554,0.356586,-44.8372,0.289825,1.11135,-0.055482,16.923000000000002
1772222459593621647,2026-02-27 15:00:59.593,-22.1215,0.571241,-44.6568,0.302564,1.10419,-0.057317,16.924000000000007
1772222459594780441,2026-02-27 15:00:59.594,-21.9232,0.875623,-44.3003,0.31993,1.08926,-0.060966,16.92500000000001
1772222459595979099,2026-02-27 15:00:59.595,-21.797,1.07919,-44.4048,0.337037,1.08282,-0.059462,16.926000000000002
1772222459597179106,2026-02-27 15:00:59.597,-21.7024,1.22243,-44.9917,0.345093,1.07531,-0.053286,16.92800000000001
1772222459598378881,2026-02-27 15:00:59.598,-21.6249,1.42028,-45.137,0.353327,1.06929,-0.052398,16.929000000000002
1772222459599561810,2026-02-27 15:00:59.599,-21.4653,1.58739,-45.1934,0.363117,1.06237,-0.052334,16.930000000000007
1772222459600697812,2026-02-27 15:00:59.600,-21.3193,1.74526,-45.2422,0.377666,1.05636,-0.050041,16.93100000000001
1772222459601850430,2026-02-27 15:00:59.601,-20.7891,2.13549,-46.3793,0.40143,1.05072,-0.029029,16.932000000000002
1772222459603054673,2026-02-27 15:00:59.603,-20.2037,2.39692,-46.1506,0.413363,1.06017,-0.011257,16.93400000000001
1772222459604256144,2026-02-27 15:00:59.604,-19.3393,2.63775,-46.3107,0.427582,1.07773,0.023784,16.935000000000002
1772222459605475879,2026-02-27 15:00:59.605,-18.4877,3.02556,-45.7794,0.444223,1.10046,0.059268,16.936000000000007
1772222459606608786,2026-02-27 15:00:59.606,-17.7344,3.37637,-45.4359,0.457775,1.12089,0.098072,16.937000000000012
1772222459607764157,2026-02-27 15:00:59.607,-16.5695,4.16484,-44.6667,0.468798,1.14714,0.166877,16.938000000000002
1772222459608899576,2026-02-27 15:00:59.608,-16.1457,4.43723,-44.3905,0.479577,1.15723,0.186235,16.939000000000007
1772222459610100494,2026-02-27 15:00:59.610,-15.9688,4.69058,-43.2461,0.489204,1.16112,0.190037,16.941000000000003
1772222459611302135,2026-02-27 15:00:59.611,-15.9214,4.92586,-42.8069,0.502305,1.16283,0.192339,16.942000000000007
1772222459612515730,2026-02-27 15:00:59.612,-15.9448,5.05702,-42.7574,0.516824,1.16241,0.191693,16.943000000000012
1772222459613649796,2026-02-27 15:00:59.613,-15.9879,5.16176,-43.0528,0.541274,1.1532,0.178379,16.944000000000003
1772222459614802241,2026-02-27 15:00:59.614,-16.0006,5.1265,-43.4563,0.564642,1.1572,0.157002,16.945000000000007
1772222459615988183,2026-02-27 15:00:59.615,-16.3447,5.70102,-43.4771,0.599624,1.18341,0.139686,16.946000000000012
1772222459617187085,2026-02-27 15:00:59.617,-16.5851,5.77159,-43.3718,0.6286,1.19478,0.124551,16.948000000000008
1772222459618392687,2026-02-27 15:00:59.618,-16.9196,5.8676,-43.1541,0.636867,1.17979,0.099254,16.949000000000012
1772222459619560856,2026-02-27 15:00:59.619,-17.4298,5.81752,-42.1599,0.64184,1.11938,0.071597,16.950000000000003
1772222459620695452,2026-02-27 15:00:59.620,-17.2087,5.50004,-36.8605,0.578026,0.888594,0.046004,16.951000000000008
1772222459621852243,2026-02-27 15:00:59.621,-15.8139,5.02785,-30.8983,0.588011,0.767391,0.039151,16.952000000000012
1772222459623034250,2026-02-27 15:00:59.623,-10.3715,5.82253,-17.4336,0.38107,0.328565,0.142461,16.954000000000008
1772222459624238820,2026-02-27 15:00:59.624,-7.65563,6.19184,-10.6721,0.312566,0.235443,0.150993,16.955000000000013
1772222459625435915,2026-02-27 15:00:59.625,-4.70669,5.70724,-8.89976,0.313541,0.185902,0.139678,16.956000000000003
1772222459626574414,2026-02-27 15:00:59.626,-2.65044,5.68523,-10.1454,0.375334,0.20231,0.102758,16.957000000000008
1772222459627714171,2026-02-27 15:00:59.627,-1.36162,5.95409,-7.13611,0.335074,0.07626,0.085861,16.958000000000013
1772222459628867423,2026-02-27 15:00:59.628,0.625487,5.34428,-8.10429,0.360506,0.052383,0.087954,16.959000000000003
1772222459630045252,2026-02-27 15:00:59.630,3.33764,5.01798,-6.5461,0.368005,-0.080923,0.094364,16.961000000000013
1772222459631246969,2026-02-27 15:00:59.631,4.83005,4.5753,-5.74147,0.314942,-0.118521,0.090175,16.962000000000003
1772222459632444502,2026-02-27 15:00:59.632,6.22382,4.20335,-4.2459,0.311934,-0.088476,0.09077,16.963000000000008
1772222459633563055,2026-02-27 15:00:59.633,7.47483,3.44671,-4.21728,0.259403,-0.17175,0.097493,16.964
1772222459634690476,2026-02-27 15:00:59.634,8.18531,2.52531,-3.69473,0.236384,-0.246916,0.091105,16.965000000000003
1772222459635842430,2026-02-27 15:00:59.635,9.42667,1.49907,-6.01679,0.207289,-0.253362,0.099363,16.966000000000008
1772222459637012786,2026-02-27 15:00:59.637,10.9467,0.107355,-4.68509,0.155525,-0.274914,0.128037,16.968000000000004
1772222459638211246,2026-02-27 15:00:59.638,11.9473,-0.748662,-4.70779,0.130146,-0.283206,0.139393,16.96900000000001
1772222459639408776,2026-02-27 15:00:59.639,11.5169,-0.875113,-5.9541,0.090905,-0.259472,0.092852,16.97
1772222459640563991,2026-02-27 15:00:59.640,11.3923,-1.38047,-4.44359,0.045721,-0.280389,0.076399,16.971000000000004
1772222459641695808,2026-02-27 15:00:59.641,11.6677,-1.85768,-4.32261,0.052012,-0.281826,0.071501,16.97200000000001
1772222459642847087,2026-02-27 15:00:59.642,11.6283,-1.89125,-3.31424,0.026656,-0.270261,0.068794,16.973
1772222459644021231,2026-02-27 15:00:59.644,11.5046,-1.85254,-1.38724,0.023995,-0.243003,0.064145,16.97500000000001
1772222459645220471,2026-02-27 15:00:59.645,11.4217,-1.79276,-1.47302,0.007786,-0.228971,0.064056,16.976
1772222459646417999,2026-02-27 15:00:59.646,11.4269,-1.64758,-2.02971,0.000596,-0.226765,0.06471,16.977000000000004
1772222459647569532,2026-02-27 15:00:59.647,11.3305,-1.6344,-3.03643,0.003889,-0.227724,0.068999,16.97800000000001
1772222459648701504,2026-02-27 15:00:59.648,11.3436,-1.534,-3.40365,-0.001084,-0.242625,0.071526,16.979
1772222459649856759,2026-02-27 15:00:59.649,11.3047,-1.47028,-4.65087,-0.014729,-0.235355,0.065161,16.980000000000004
1772222459651033829,2026-02-27 15:00:59.651,10.5148,-1.22271,-7.63969,-0.093352,-0.2299,0.006838,16.982
1772222459652236308,2026-02-27 15:00:59.652,10.1214,-1.45035,-9.10153,-0.110519,-0.233646,-0.005706,16.983000000000004
1772222459653436651,2026-02-27 15:00:59.653,9.8037,-1.74893,-9.12444,-0.126728,-0.213137,-0.019162,16.98400000000001
1772222459654563700,2026-02-27 15:00:59.654,9.57505,-2.08901,-9.69158,-0.13358,-0.185075,-0.01988,16.985
1772222459655691614,2026-02-27 15:00:59.655,9.34808,-2.38459,-9.49745,-0.129228,-0.144901,-0.020742,16.986000000000004
