abs_timestamp_ns,human_time,fx,fy,fz,tx,ty,tz,mocap_ref_time
1772222461302594827,2026-02-27 15:01:01.302,-2.14012,0.648695,1.3841,0.031357,0.227388,-0.013647,18.63300000000001
1772222461303726087,2026-02-27 15:01:01.303,-2.18085,0.672506,1.47199,0.029541,0.226993,-0.014876,18.634
1772222461304874645,2026-02-27 15:01:01.304,-2.12317,0.620255,2.01179,0.032332,0.22614,-0.019268,18.635000000000005
1772222461306059974,2026-02-27 15:01:01.306,-2.14583,0.601697,2.37376,0.026412,0.223704,-0.022144,18.637
1772222461307231953,2026-02-27 15:01:01.307,-2.02982,0.556976,2.64915,0.028262,0.218475,-0.023461,18.638000000000005
1772222461308427723,2026-02-27 15:01:01.308,-1.98568,0.517608,2.64811,0.02707,0.216398,-0.023288,18.63900000000001
1772222461309583861,2026-02-27 15:01:01.309,-1.91797,0.512133,2.95949,0.027228,0.214311,-0.027182,18.64
1772222461310715891,2026-02-27 15:01:01.310,-1.95472,0.482204,3.76763,0.024241,0.212388,-0.032746,18.641000000000005
1772222461311892365,2026-02-27 15:01:01.311,-1.90568,0.492183,3.50605,0.022345,0.209837,-0.030138,18.64200000000001
1772222461313076781,2026-02-27 15:01:01.313,-1.85933,0.467912,3.32782,0.021531,0.208744,-0.027713,18.644000000000005
1772222461314264880,2026-02-27 15:01:01.314,-1.82987,0.411594,2.8015,0.020999,0.203925,-0.02201,18.64500000000001
1772222461315473688,2026-02-27 15:01:01.315,-1.73989,0.412638,2.78626,0.019513,0.201206,-0.0227,18.646
1772222461316569113,2026-02-27 15:01:01.316,-1.72668,0.390335,2.86312,0.018401,0.199753,-0.022038,18.647000000000006
1772222461317697427,2026-02-27 15:01:01.317,-1.72026,0.405356,2.88637,0.020787,0.198315,-0.022377,18.64800000000001
1772222461318874692,2026-02-27 15:01:01.318,-1.66879,0.334895,1.84692,0.021691,0.196226,-0.012715,18.649
1772222461320073096,2026-02-27 15:01:01.320,-1.61446,0.353227,2.30381,0.020401,0.194104,-0.017178,18.65100000000001
1772222461321253145,2026-02-27 15:01:01.321,-1.59579,0.396111,2.80123,0.019872,0.189565,-0.021747,18.652
1772222461322446433,2026-02-27 15:01:01.322,-1.50918,0.398541,3.12267,0.017166,0.186092,-0.024186,18.653000000000006
1772222461323570569,2026-02-27 15:01:01.323,-1.60509,0.356841,3.10607,0.013818,0.184707,-0.02528,18.65400000000001
1772222461324700352,2026-02-27 15:01:01.324,-1.51001,0.372032,3.14277,0.015019,0.181891,-0.024385,18.655
1772222461325850004,2026-02-27 15:01:01.325,-1.50959,0.3409,3.12335,0.014148,0.18033,-0.024621,18.656000000000006
1772222461327050003,2026-02-27 15:01:01.327,-1.41833,0.334695,4.0812,0.013216,0.178008,-0.033958,18.658
1772222461328220221,2026-02-27 15:01:01.328,-1.44766,0.353698,4.04083,0.012969,0.17692,-0.034156,18.659000000000006
1772222461329397096,2026-02-27 15:01:01.329,-1.34164,0.33152,3.37805,0.008898,0.17479,-0.029308,18.66000000000001
1772222461330567868,2026-02-27 15:01:01.330,-1.27567,0.3479,2.98832,0.01288,0.17313,-0.025385,18.661
1772222461331696122,2026-02-27 15:01:01.331,-1.34622,0.373033,2.78783,0.013576,0.173305,-0.02607,18.662000000000006
1772222461332871508,2026-02-27 15:01:01.332,-1.2262,0.372178,2.78552,0.011785,0.171333,-0.025507,18.66300000000001
1772222461334067211,2026-02-27 15:01:01.334,-1.25882,0.343037,2.71063,0.007642,0.170114,-0.026896,18.665000000000006
1772222461335237586,2026-02-27 15:01:01.335,-1.15965,0.321301,2.23417,0.011393,0.170089,-0.022022,18.66600000000001
1772222461336414755,2026-02-27 15:01:01.336,-1.10813,0.297695,1.75089,0.010212,0.167284,-0.019751,18.667
1772222461337561688,2026-02-27 15:01:01.337,-1.1232,0.305966,1.89136,0.009982,0.166815,-0.022648,18.668000000000006
1772222461338690263,2026-02-27 15:01:01.338,-1.11529,0.332167,2.15623,0.011885,0.167282,-0.025663,18.66900000000001
1772222461339864240,2026-02-27 15:01:01.339,-1.09615,0.337731,2.20357,0.010025,0.166813,-0.026745,18.67
1772222461341058465,2026-02-27 15:01:01.341,-1.02422,0.346544,2.06196,0.011791,0.166466,-0.026603,18.67200000000001
1772222461342234606,2026-02-27 15:01:01.342,-0.978119,0.338468,1.89754,0.01177,0.165374,-0.026282,18.673000000000002
1772222461343404909,2026-02-27 15:01:01.343,-0.993293,0.390457,2.873,0.013363,0.165956,-0.035294,18.674000000000007
1772222461344553146,2026-02-27 15:01:01.344,-0.927187,0.338495,2.33819,0.013285,0.165663,-0.031167,18.67500000000001
1772222461345679011,2026-02-27 15:01:01.345,-0.897693,0.371468,2.17528,0.014829,0.165864,-0.031012,18.676000000000002
1772222461346852505,2026-02-27 15:01:01.346,-0.853026,0.384548,1.53292,0.017404,0.164429,-0.02597,18.677000000000007
1772222461348052521,2026-02-27 15:01:01.348,-0.850672,0.467312,1.15402,0.019517,0.165114,-0.023965,18.679000000000002
1772222461349222290,2026-02-27 15:01:01.349,-0.820073,0.433492,1.03443,0.019963,0.164841,-0.024267,18.680000000000007
1772222461350507212,2026-02-27 15:01:01.350,-0.728264,0.433589,0.909575,0.018441,0.162508,-0.023744,18.68100000000001
1772222461351635097,2026-02-27 15:01:01.351,-0.654544,0.481036,-0.206798,0.018574,0.161823,-0.014751,18.682000000000002
1772222461352807069,2026-02-27 15:01:01.352,-0.598774,0.466811,-0.162422,0.018891,0.160419,-0.015166,18.683000000000007
1772222461354000463,2026-02-27 15:01:01.354,-0.675386,0.46146,-0.217657,0.015178,0.160503,-0.016516,18.685000000000002
1772222461355176500,2026-02-27 15:01:01.355,-0.604406,0.469435,0.199091,0.019353,0.159053,-0.020698,18.686000000000007
1772222461356347054,2026-02-27 15:01:01.356,-0.589842,0.542989,0.386099,0.019314,0.158653,-0.024403,18.687000000000012
1772222461357527352,2026-02-27 15:01:01.357,-0.576179,0.570513,0.320947,0.019499,0.157451,-0.023769,18.688000000000002
1772222461358653076,2026-02-27 15:01:01.358,-0.520535,0.589222,0.218094,0.021311,0.156848,-0.023373,18.689000000000007
1772222461359831568,2026-02-27 15:01:01.359,-0.426529,0.567121,0.68345,0.022091,0.154887,-0.028903,18.690000000000012
1772222461361025758,2026-02-27 15:01:01.361,-0.40446,0.601476,1.03656,0.023774,0.155065,-0.032942,18.692000000000007
1772222461362207912,2026-02-27 15:01:01.362,-0.385165,0.641874,0.717168,0.024,0.15503,-0.030752,18.693000000000012
1772222461363378726,2026-02-27 15:01:01.363,-0.385041,0.648542,-0.187112,0.022497,0.154062,-0.023361,18.694000000000003
1772222461364550047,2026-02-27 15:01:01.364,-0.349916,0.712461,-0.369695,0.027502,0.153792,-0.023124,18.695000000000007
1772222461365677454,2026-02-27 15:01:01.365,-0.356543,0.732637,-0.451553,0.025349,0.154137,-0.023205,18.696000000000012
1772222461366855700,2026-02-27 15:01:01.366,-0.320139,0.762095,-0.567746,0.029492,0.153817,-0.023823,18.697000000000003
1772222461368049699,2026-02-27 15:01:01.368,-0.321348,0.827224,-0.610588,0.031233,0.155423,-0.02337,18.699000000000012
1772222461369221923,2026-02-27 15:01:01.369,-0.265204,0.769634,-1.72974,0.031579,0.154115,-0.013985,18.700000000000003
1772222461370408392,2026-02-27 15:01:01.370,-0.275702,0.807182,-1.43395,0.034855,0.153921,-0.018637,18.701000000000008
1772222461371555267,2026-02-27 15:01:01.371,-0.268321,0.832181,-1.04303,0.036454,0.154957,-0.022239,18.702000000000012
1772222461372682859,2026-02-27 15:01:01.372,-0.226377,0.82408,-0.971453,0.037141,0.154608,-0.023703,18.703000000000003
1772222461373828053,2026-02-27 15:01:01.373,-0.209566,0.914395,-1.09181,0.037775,0.15463,-0.02393,18.704000000000008
1772222461374998792,2026-02-27 15:01:01.374,-0.259045,0.909761,-1.11536,0.039932,0.155116,-0.023452,18.705000000000013
1772222461376192146,2026-02-27 15:01:01.376,-0.215918,0.934827,-1.19547,0.041131,0.155011,-0.023481,18.707000000000008
1772222461377384913,2026-02-27 15:01:01.377,-0.216,1.02957,-0.454006,0.043956,0.15536,-0.030869,18.708000000000013
1772222461378548770,2026-02-27 15:01:01.378,-0.187695,1.02948,-0.518067,0.044955,0.155711,-0.030264,18.709000000000003
1772222461379674926,2026-02-27 15:01:01.379,-0.30014,1.03071,-1.20928,0.041367,0.157115,-0.024696,18.710000000000008
1772222461380855757,2026-02-27 15:01:01.380,-0.208926,1.08085,-1.59919,0.04757,0.156414,-0.020523,18.711000000000013
1772222461382051262,2026-02-27 15:01:01.382,-0.219788,1.1356,-1.72245,0.047917,0.15774,-0.020354,18.713000000000008
1772222461383245587,2026-02-27 15:01:01.383,-0.195152,1.12025,-1.73074,0.049777,0.158638,-0.01886,18.714
1772222461384434649,2026-02-27 15:01:01.384,-0.224523,1.20474,-2.44673,0.054662,0.161256,-0.011867,18.715000000000003
1772222461385550775,2026-02-27 15:01:01.385,-0.250384,1.20274,-2.90799,0.051598,0.162936,-0.010061,18.716000000000008
1772222461386678543,2026-02-27 15:01:01.386,-0.26192,1.22086,-2.76278,0.056615,0.166149,-0.010121,18.717
1772222461387855212,2026-02-27 15:01:01.387,-0.299346,1.27217,-2.49445,0.059609,0.16753,-0.013726,18.718000000000004
1772222461389051383,2026-02-27 15:01:01.389,-0.286165,1.35723,-2.2032,0.061307,0.170742,-0.017597,18.72
1772222461390245781,2026-02-27 15:01:01.390,-0.30446,1.31603,-2.11476,0.062651,0.171716,-0.018615,18.721000000000004
1772222461391435354,2026-02-27 15:01:01.391,-0.407275,1.42014,-2.38877,0.067071,0.176766,-0.017138,18.72200000000001
1772222461392583068,2026-02-27 15:01:01.392,-0.439804,1.43665,-2.29393,0.068808,0.177924,-0.019175,18.723
1772222461393711966,2026-02-27 15:01:01.393,-0.484751,1.48527,-1.42605,0.067076,0.181514,-0.027492,18.724000000000004
1772222461394873415,2026-02-27 15:01:01.394,-0.48528,1.50312,-2.00455,0.07127,0.183238,-0.022826,18.72500000000001
1772222461396069664,2026-02-27 15:01:01.396,-0.527368,1.53865,-2.10448,0.072715,0.1878,-0.019885,18.727000000000004
1772222461397263567,2026-02-27 15:01:01.397,-0.563412,1.55998,-2.75885,0.073922,0.190461,-0.01318,18.72800000000001
1772222461398471213,2026-02-27 15:01:01.398,-0.649427,1.58547,-2.95487,0.077186,0.19682,-0.011116,18.729
1772222461399602153,2026-02-27 15:01:01.399,-0.685181,1.63665,-2.99913,0.08105,0.199171,-0.010405,18.730000000000004
1772222461400734964,2026-02-27 15:01:01.400,-0.709893,1.64797,-3.15583,0.082065,0.201471,-0.011339,18.73100000000001
1772222461401861263,2026-02-27 15:01:01.401,-0.796676,1.73218,-4.28107,0.083841,0.205997,-0.001214,18.732
1772222461403059064,2026-02-27 15:01:01.403,-0.772881,1.76392,-4.0371,0.086131,0.207693,-0.004044,18.73400000000001
1772222461404256704,2026-02-27 15:01:01.404,-0.860726,1.74473,-4.09601,0.087824,0.210562,-0.004471,18.735
1772222461405426624,2026-02-27 15:01:01.405,-0.94409,1.7878,-3.56755,0.089431,0.212652,-0.007524,18.736000000000004
1772222461406546418,2026-02-27 15:01:01.406,-1.08921,1.83504,-3.36048,0.094827,0.214747,-0.011277,18.73700000000001
1772222461407674513,2026-02-27 15:01:01.407,-1.24542,1.85915,-3.39263,0.093483,0.215193,-0.01315,18.738
1772222461408835406,2026-02-27 15:01:01.408,-1.34868,1.87176,-3.47115,0.099247,0.214274,-0.013634,18.739000000000004
1772222461410029863,2026-02-27 15:01:01.410,-1.58711,1.85781,-2.71834,0.096777,0.213444,-0.023809,18.741
1772222461411225033,2026-02-27 15:01:01.411,-1.6559,1.95107,-2.57685,0.104832,0.210963,-0.026639,18.742000000000004
1772222461412394511,2026-02-27 15:01:01.412,-1.82601,2.03646,-2.69838,0.108393,0.209947,-0.027113,18.74300000000001
1772222461413551135,2026-02-27 15:01:01.413,-2.02984,2.10008,-3.78018,0.112149,0.20697,-0.021028,18.744
1772222461414679398,2026-02-27 15:01:01.414,-2.17151,2.11867,-3.80077,0.11498,0.205839,-0.021299,18.745000000000005
1772222461415852788,2026-02-27 15:01:01.415,-2.2752,2.16468,-3.89544,0.11579,0.204735,-0.022729,18.74600000000001
1772222461417046336,2026-02-27 15:01:01.417,-2.36281,2.2369,-3.9542,0.114846,0.202067,-0.023506,18.748000000000005
1772222461418240877,2026-02-27 15:01:01.418,-2.44781,2.24126,-4.23466,0.119531,0.200487,-0.021138,18.74900000000001
1772222461419409842,2026-02-27 15:01:01.419,-2.46109,2.25452,-5.1662,0.123554,0.200818,-0.012373,18.75
1772222461420557505,2026-02-27 15:01:01.420,-2.63788,2.30884,-4.73011,0.126061,0.19879,-0.017259,18.751000000000005
1772222461421685877,2026-02-27 15:01:01.421,-2.67864,2.39944,-4.34678,0.12769,0.197404,-0.01991,18.75200000000001
1772222461422862395,2026-02-27 15:01:01.422,-2.76157,2.39881,-4.19118,0.124368,0.196156,-0.022392,18.753
1772222461424059162,2026-02-27 15:01:01.424,-2.73256,2.47087,-4.21672,0.128444,0.192687,-0.021391,18.75500000000001
1772222461425253550,2026-02-27 15:01:01.425,-2.78419,2.51962,-4.33805,0.131928,0.191906,-0.021531,18.756
1772222461426423633,2026-02-27 15:01:01.426,-2.85862,2.49714,-4.31948,0.131661,0.191648,-0.021492,18.757000000000005
1772222461427545880,2026-02-27 15:01:01.427,-2.90044,2.58598,-3.70829,0.133366,0.190613,-0.027867,18.75800000000001
1772222461428671131,2026-02-27 15:01:01.428,-2.93752,2.64167,-3.60351,0.135338,0.189941,-0.028347,18.759
1772222461429842809,2026-02-27 15:01:01.429,-2.84978,2.66091,-4.30642,0.139638,0.189889,-0.02313,18.760000000000005
1772222461431036791,2026-02-27 15:01:01.431,-2.88909,2.63728,-4.57618,0.138019,0.189072,-0.019446,18.762
1772222461432230343,2026-02-27 15:01:01.432,-2.88258,2.71602,-4.65643,0.142457,0.189804,-0.019369,18.763000000000005
1772222461433398282,2026-02-27 15:01:01.433,-2.86315,2.72265,-4.69866,0.140572,0.188965,-0.019213,18.76400000000001
1772222461434550119,2026-02-27 15:01:01.434,-2.9717,2.7874,-5.64555,0.143534,0.192022,-0.011505,18.765
1772222461435677742,2026-02-27 15:01:01.435,-2.95168,2.80618,-5.82713,0.144327,0.194212,-0.011622,18.766000000000005
1772222461436851909,2026-02-27 15:01:01.436,-2.95527,2.80664,-5.82646,0.146278,0.195335,-0.011595,18.76700000000001
1772222461438048379,2026-02-27 15:01:01.438,-2.90122,2.85458,-5.38616,0.146831,0.195706,-0.016477,18.769000000000005
1772222461439244081,2026-02-27 15:01:01.439,-2.93494,2.83727,-5.1154,0.147373,0.197406,-0.0174,18.77000000000001
1772222461440413435,2026-02-27 15:01:01.440,-2.88971,2.87182,-5.14433,0.14897,0.201316,-0.015739,18.771
1772222461441536850,2026-02-27 15:01:01.441,-2.9061,2.86124,-5.26257,0.145588,0.20422,-0.013352,18.772000000000006
1772222461442665454,2026-02-27 15:01:01.442,-2.8105,2.8468,-5.03601,0.143745,0.208899,-0.013398,18.77300000000001
1772222461443839836,2026-02-27 15:01:01.443,-2.73871,2.92998,-4.51631,0.143938,0.211886,-0.017847,18.774
1772222461445033153,2026-02-27 15:01:01.445,-2.68981,2.93282,-4.97462,0.145851,0.215003,-0.012793,18.77600000000001
1772222461446226896,2026-02-27 15:01:01.446,-2.65892,2.96394,-5.27414,0.141456,0.21692,-0.007526,18.777
1772222461447413247,2026-02-27 15:01:01.447,-2.55599,2.88992,-5.89502,0.139313,0.217164,-0.002676,18.778000000000006
1772222461448556578,2026-02-27 15:01:01.448,-2.40938,2.8933,-6.19444,0.139142,0.225562,0.003356,18.77900000000001
1772222461449682319,2026-02-27 15:01:01.449,-2.36853,2.91437,-6.22725,0.136412,0.229031,0.005353,18.78
1772222461450877235,2026-02-27 15:01:01.450,-2.21987,2.92141,-6.4318,0.139908,0.233266,0.006237,18.781000000000006
1772222461452071124,2026-02-27 15:01:01.452,-2.22306,2.94457,-7.60021,0.136493,0.234745,0.01662,18.783
1772222461453265264,2026-02-27 15:01:01.453,-2.11653,2.94283,-7.28973,0.135455,0.237024,0.013043,18.784000000000006
1772222461454443774,2026-02-27 15:01:01.454,-2.14909,2.88859,-7.39212,0.134064,0.241641,0.013091,18.78500000000001
1772222461455593245,2026-02-27 15:01:01.455,-2.05727,2.9063,-6.9141,0.134529,0.246674,0.00577,18.786
1772222461456725423,2026-02-27 15:01:01.456,-2.02455,2.84958,-7.06605,0.136469,0.249571,0.004353,18.787000000000006
1772222461457902289,2026-02-27 15:01:01.457,-1.99086,2.85653,-7.1233,0.137884,0.253912,0.004057,18.78800000000001
1772222461459077076,2026-02-27 15:01:01.459,-1.94033,2.82256,-7.21854,0.13806,0.25676,0.003277,18.790000000000006
1772222461460271911,2026-02-27 15:01:01.460,-1.875,2.82435,-6.37162,0.139769,0.259183,-0.007613,18.79100000000001
1772222461461551839,2026-02-27 15:01:01.461,-1.83455,2.82666,-6.73666,0.142454,0.264237,-0.010632,18.792
1772222461462677306,2026-02-27 15:01:01.462,-1.79294,2.8381,-7.30071,0.147341,0.264469,-0.008085,18.793000000000006
1772222461463850945,2026-02-27 15:01:01.463,-1.77597,2.81613,-7.73099,0.148755,0.262601,-0.007645,18.79400000000001
1772222461465043841,2026-02-27 15:01:01.465,-1.72171,2.87457,-7.67038,0.148619,0.257303,-0.010738,18.796000000000006
1772222461466236799,2026-02-27 15:01:01.466,-1.67601,2.86535,-7.60625,0.147979,0.245061,-0.014623,18.79700000000001
1772222461467424193,2026-02-27 15:01:01.467,-1.63489,2.8041,-7.37312,0.142765,0.235758,-0.016444,18.798000000000002
1772222461468557831,2026-02-27 15:01:01.468,-1.17411,2.91254,-8.2008,0.148095,0.231602,-0.003473,18.799000000000007
1772222461469687392,2026-02-27 15:01:01.469,-0.992384,2.86273,-7.85997,0.146089,0.226376,-0.002312,18.80000000000001
1772222461470864866,2026-02-27 15:01:01.470,-0.876757,2.85471,-7.42082,0.145612,0.218566,-0.003956,18.801000000000002
1772222461472059797,2026-02-27 15:01:01.472,-0.74666,2.88565,-6.90636,0.146122,0.211824,-0.007676,18.80300000000001
1772222461473258835,2026-02-27 15:01:01.473,-0.619116,3.00043,-6.55009,0.149742,0.195188,-0.012292,18.804000000000002
1772222461474471910,2026-02-27 15:01:01.474,-0.426794,3.05201,-6.42425,0.149389,0.18523,-0.012589,18.805000000000007
1772222461475602474,2026-02-27 15:01:01.475,-0.21592,3.08221,-6.3877,0.150822,0.183131,-0.008126,18.80600000000001
1772222461476735144,2026-02-27 15:01:01.476,0.159969,3.19181,-5.08441,0.151106,0.169252,-0.016747,18.807000000000002
1772222461477863476,2026-02-27 15:01:01.477,0.319116,3.23064,-5.51996,0.155656,0.160992,-0.011925,18.808000000000007
1772222461479061236,2026-02-27 15:01:01.479,0.405292,3.27851,-5.49632,0.157051,0.150995,-0.012397,18.810000000000002
1772222461480255467,2026-02-27 15:01:01.480,0.506855,3.27655,-5.91207,0.147305,0.136002,-0.011811,18.811000000000007
1772222461481468449,2026-02-27 15:01:01.481,0.697468,3.3293,-6.02534,0.149162,0.126991,-0.009643,18.812000000000012
1772222461482599507,2026-02-27 15:01:01.482,0.886088,3.24078,-5.6903,0.14457,0.111938,-0.007991,18.813000000000002
1772222461483727092,2026-02-27 15:01:01.483,1.56777,3.23175,-6.63654,0.165869,0.142779,0.00069,18.814000000000007
1772222461484904056,2026-02-27 15:01:01.484,1.50975,3.31983,-8.42559,0.189463,0.17978,0.014891,18.815000000000012
1772222461486102696,2026-02-27 15:01:01.486,1.24487,3.49179,-8.56741,0.202245,0.180675,0.014672,18.817000000000007
1772222461487297212,2026-02-27 15:01:01.487,0.93994,3.61726,-8.74473,0.198712,0.160946,0.008844,18.818000000000012
1772222461488498985,2026-02-27 15:01:01.488,0.851763,3.6079,-8.08908,0.18728,0.132045,-0.002945,18.819000000000003
1772222461489629139,2026-02-27 15:01:01.489,0.927948,3.5517,-7.3681,0.178619,0.104289,-0.008369,18.820000000000007
1772222461490781405,2026-02-27 15:01:01.490,1.34951,3.30816,-6.18781,0.154773,0.066814,-0.002905,18.821000000000012
1772222461491980946,2026-02-27 15:01:01.491,1.65,3.17052,-5.6352,0.149333,0.052021,0.003241,18.822000000000003
1772222461493178210,2026-02-27 15:01:01.493,1.72148,3.00297,-4.39765,0.148188,0.043221,-0.002296,18.824000000000012
1772222461494373990,2026-02-27 15:01:01.494,1.80269,3.029,-3.49503,0.152545,0.035896,-0.006115,18.825000000000003
1772222461495569583,2026-02-27 15:01:01.495,2.08235,3.14799,-3.99017,0.168937,0.03769,-0.003389,18.826000000000008
1772222461496700138,2026-02-27 15:01:01.496,2.28848,3.3895,-5.38138,0.178489,0.043795,-0.001256,18.827000000000012
1772222461497868399,2026-02-27 15:01:01.497,2.53049,3.46857,-5.75197,0.17834,0.041646,-3.1e-05,18.828000000000003
1772222461499065460,2026-02-27 15:01:01.499,2.47005,3.52762,-6.29976,0.19979,0.060257,-0.002018,18.830000000000013
1772222461500261728,2026-02-27 15:01:01.500,2.29284,3.61077,-6.39641,0.191947,0.040604,-0.007562,18.831000000000003
1772222461501476079,2026-02-27 15:01:01.501,2.7739,3.69637,-7.9553,0.214175,0.065813,-0.002579,18.832000000000008
1772222461502682854,2026-02-27 15:01:01.502,2.6825,3.86446,-10.226,0.252283,0.129899,0.011959,18.833000000000013
1772222461503897376,2026-02-27 15:01:01.503,1.76929,4.08079,-11.7342,0.263489,0.167466,0.004604,18.834000000000003
1772222461505097345,2026-02-27 15:01:01.505,1.38689,4.12367,-12.1234,0.273349,0.177561,-0.001721,18.836000000000013
1772222461506295966,2026-02-27 15:01:01.506,0.924802,4.08436,-12.5822,0.272753,0.184956,-0.007622,18.837000000000003
1772222461507514375,2026-02-27 15:01:01.507,0.398213,3.92379,-13.3444,0.268569,0.18816,-0.014372,18.838000000000008
1772222461508653362,2026-02-27 15:01:01.508,-0.567894,3.5183,-13.9415,0.258598,0.180662,-0.032838,18.839
1772222461509852440,2026-02-27 15:01:01.509,-1.08453,3.43494,-13.1001,0.249471,0.178457,-0.048516,18.840000000000003
1772222461511053894,2026-02-27 15:01:01.511,-1.41641,3.25961,-13.4454,0.244819,0.181722,-0.049827,18.842
1772222461512251699,2026-02-27 15:01:01.512,-1.77233,3.21021,-13.5898,0.238117,0.187507,-0.050812,18.843000000000004
1772222461513469579,2026-02-27 15:01:01.513,-2.05229,3.12966,-14.4115,0.23048,0.198192,-0.044421,18.84400000000001
1772222461514605174,2026-02-27 15:01:01.514,-2.24116,3.14681,-15.0306,0.226311,0.207092,-0.040594,18.845
1772222461515759428,2026-02-27 15:01:01.515,-2.65721,3.29724,-15.0487,0.225109,0.214426,-0.038924,18.846000000000004
1772222461516957299,2026-02-27 15:01:01.516,-2.85656,3.34589,-15.1521,0.2232,0.227156,-0.035867,18.84700000000001
1772222461518155063,2026-02-27 15:01:01.518,-3.08125,3.49393,-15.736,0.228237,0.230507,-0.027808,18.849000000000004
1772222461519352932,2026-02-27 15:01:01.519,-3.16034,3.63792,-15.9455,0.226766,0.233116,-0.024024,18.85000000000001
1772222461520566367,2026-02-27 15:01:01.520,-3.14425,3.74166,-15.997,0.23439,0.246199,-0.024682,18.851
1772222461521698276,2026-02-27 15:01:01.521,-3.35181,3.97592,-15.9131,0.255153,0.291428,-0.029543,18.852000000000004
1772222461522869950,2026-02-27 15:01:01.522,-3.85836,4.02696,-15.8247,0.256811,0.287826,-0.038487,18.85300000000001
1772222461524069912,2026-02-27 15:01:01.524,-4.21417,4.15665,-15.5176,0.258101,0.274228,-0.036959,18.855000000000004
1772222461525272346,2026-02-27 15:01:01.525,-4.29635,4.2265,-14.976,0.247663,0.248486,-0.03406,18.85600000000001
1772222461526481646,2026-02-27 15:01:01.526,-4.04821,4.12497,-15.0752,0.257539,0.285217,-0.032091,18.857
1772222461527618946,2026-02-27 15:01:01.527,-3.95765,4.18651,-14.6912,0.267093,0.306402,-0.036499,18.858000000000004
1772222461528752719,2026-02-27 15:01:01.528,-4.47629,4.32663,-15.9625,0.279242,0.341123,-0.03517,18.85900000000001
1772222461529934062,2026-02-27 15:01:01.529,-4.89664,4.31735,-16.5965,0.283949,0.336241,-0.035967,18.86
1772222461531133246,2026-02-27 15:01:01.531,-5.19964,4.28932,-16.9383,0.286533,0.341054,-0.037298,18.86200000000001
1772222461532332264,2026-02-27 15:01:01.532,-5.40545,4.2938,-17.0835,0.281694,0.341178,-0.037788,18.863
1772222461533546877,2026-02-27 15:01:01.533,-5.48114,4.27018,-17.318,0.279789,0.342349,-0.039654,18.864000000000004
1772222461534682296,2026-02-27 15:01:01.534,-5.48655,4.26938,-18.4783,0.272822,0.328557,-0.024852,18.86500000000001
1772222461535841013,2026-02-27 15:01:01.535,-5.59438,4.25148,-18.1844,0.273004,0.325226,-0.032914,18.866
1772222461537040547,2026-02-27 15:01:01.537,-5.73605,4.26685,-18.3081,0.272236,0.326318,-0.033139,18.86800000000001
1772222461538239994,2026-02-27 15:01:01.538,-5.74556,4.26897,-17.9092,0.274643,0.326838,-0.037996,18.869
1772222461539437363,2026-02-27 15:01:01.539,-5.86804,4.31829,-17.74,0.277129,0.330207,-0.039086,18.870000000000005
1772222461540575336,2026-02-27 15:01:01.540,-5.94696,4.26244,-17.9159,0.275976,0.331897,-0.0405,18.87100000000001
1772222461541708536,2026-02-27 15:01:01.541,-5.95073,4.3106,-18.0078,0.280215,0.334579,-0.041755,18.872
1772222461542884162,2026-02-27 15:01:01.542,-5.92451,4.30695,-17.3001,0.27884,0.334508,-0.05038,18.873000000000005
1772222461544087522,2026-02-27 15:01:01.544,-5.93066,4.32749,-17.2538,0.280936,0.334135,-0.051145,18.875
1772222461545284891,2026-02-27 15:01:01.545,-5.86117,4.35258,-17.4179,0.284431,0.33513,-0.050562,18.876000000000005
1772222461546492341,2026-02-27 15:01:01.546,-5.81598,4.38025,-17.9006,0.285831,0.334494,-0.045033,18.87700000000001
1772222461547687911,2026-02-27 15:01:01.547,-5.73125,4.4482,-18.2784,0.290236,0.335068,-0.042819,18.878
1772222461548902324,2026-02-27 15:01:01.548,-5.53467,4.37631,-18.1687,0.289706,0.327957,-0.043669,18.879000000000005
1772222461550101886,2026-02-27 15:01:01.550,-5.47199,4.37828,-18.0408,0.291123,0.323992,-0.044399,18.881
1772222461551300007,2026-02-27 15:01:01.551,-5.32315,4.41561,-18.2008,0.294435,0.319639,-0.041213,18.882000000000005
1772222461552512000,2026-02-27 15:01:01.552,-5.16503,4.38608,-18.8096,0.295553,0.313511,-0.034919,18.88300000000001
1772222461553644181,2026-02-27 15:01:01.553,-5.02371,4.42292,-18.3474,0.299712,0.309478,-0.039703,18.884
1772222461554798648,2026-02-27 15:01:01.554,-4.68971,4.40697,-17.462,0.30223,0.297231,-0.046654,18.885000000000005
1772222461555998056,2026-02-27 15:01:01.555,-4.55045,4.43299,-17.136,0.306248,0.290917,-0.049351,18.88600000000001
1772222461557195942,2026-02-27 15:01:01.557,-4.35947,4.43165,-16.9684,0.30717,0.283337,-0.049663,18.888000000000005
1772222461558393434,2026-02-27 15:01:01.558,-4.16914,4.39836,-16.7751,0.307881,0.274943,-0.050824,18.88900000000001
1772222461559559998,2026-02-27 15:01:01.559,-4.0506,4.40347,-16.6017,0.309411,0.269032,-0.052168,18.89
1772222461560696975,2026-02-27 15:01:01.560,-3.95345,4.4017,-15.3046,0.312139,0.260572,-0.063501,18.891000000000005
1772222461561859089,2026-02-27 15:01:01.561,-3.57434,4.45122,-15.3302,0.317822,0.246418,-0.061664,18.89200000000001
1772222461563060423,2026-02-27 15:01:01.563,-3.48821,4.36558,-15.6397,0.315272,0.238095,-0.058015,18.894000000000005
1772222461564260991,2026-02-27 15:01:01.564,-3.30152,4.38705,-15.6242,0.312074,0.228611,-0.057172,18.89500000000001
1772222461565479547,2026-02-27 15:01:01.565,-3.09981,4.39683,-15.3683,0.313761,0.220168,-0.058475,18.896
1772222461566610753,2026-02-27 15:01:01.566,-2.93129,4.39372,-15.1186,0.316268,0.211348,-0.058891,18.897000000000006
1772222461567764396,2026-02-27 15:01:01.567,-2.60217,4.41172,-15.5233,0.3186,0.195163,-0.05238,18.89800000000001
1772222461568944633,2026-02-27 15:01:01.568,-2.51463,4.4213,-15.3148,0.319126,0.187398,-0.053037,18.899
1772222461570144911,2026-02-27 15:01:01.570,-2.39072,4.40999,-14.9576,0.315702,0.178658,-0.05478,18.90100000000001
1772222461571345790,2026-02-27 15:01:01.571,-2.21865,4.44945,-14.1692,0.320608,0.17127,-0.059549,18.902
1772222461572558869,2026-02-27 15:01:01.572,-2.12402,4.42093,-13.6934,0.322592,0.162733,-0.063672,18.903000000000006
1772222461573812007,2026-02-27 15:01:01.573,-1.93317,4.49671,-13.2008,0.322762,0.147578,-0.064092,18.90400000000001
1772222461574985441,2026-02-27 15:01:01.574,-1.84066,4.50057,-12.9353,0.321643,0.141534,-0.064143,18.905
1772222461576185203,2026-02-27 15:01:01.576,-1.73642,4.47836,-12.1658,0.319217,0.134942,-0.069723,18.90700000000001
1772222461577385609,2026-02-27 15:01:01.577,-1.61225,4.49619,-11.4374,0.320328,0.127407,-0.075014,18.908
1772222461578570292,2026-02-27 15:01:01.578,-1.49026,4.55204,-11.5369,0.321133,0.121039,-0.072005,18.909000000000006
1772222461579704675,2026-02-27 15:01:01.579,-1.42203,4.60382,-11.713,0.315997,0.116002,-0.070223,18.91000000000001
1772222461580859302,2026-02-27 15:01:01.580,-1.24674,4.58728,-11.7686,0.320217,0.104423,-0.064334,18.911
1772222461582053812,2026-02-27 15:01:01.582,-1.10245,4.65799,-11.6412,0.324498,0.100471,-0.064586,18.91300000000001
1772222461583253635,2026-02-27 15:01:01.583,-1.06045,4.60684,-11.539,0.321931,0.095728,-0.064778,18.914
1772222461584469446,2026-02-27 15:01:01.584,-0.977484,4.63028,-11.4397,0.321234,0.091907,-0.064288,18.915000000000006
1772222461585571307,2026-02-27 15:01:01.585,-0.873068,4.66227,-12.3402,0.323258,0.089357,-0.053853,18.91600000000001
1772222461586720653,2026-02-27 15:01:01.586,-0.868432,4.7285,-11.9077,0.323505,0.086098,-0.057799,18.917
1772222461587874846,2026-02-27 15:01:01.587,-0.727165,4.79845,-11.2527,0.325628,0.081961,-0.061005,18.918000000000006
1772222461589069467,2026-02-27 15:01:01.589,-0.649143,4.8378,-10.9603,0.326714,0.079851,-0.06188,18.92
1772222461590268351,2026-02-27 15:01:01.590,-0.638521,4.86779,-10.9647,0.327243,0.078081,-0.061194,18.921000000000006
1772222461591477723,2026-02-27 15:01:01.591,-0.568338,4.89353,-10.8943,0.327509,0.077982,-0.059252,18.92200000000001
1772222461592612360,2026-02-27 15:01:01.592,-0.519328,4.95059,-10.8973,0.330556,0.076481,-0.058523,18.923000000000002
1772222461593749572,2026-02-27 15:01:01.593,-0.44021,4.96604,-9.90721,0.328775,0.075647,-0.066582,18.924000000000007
1772222461594879955,2026-02-27 15:01:01.594,-0.324585,5.03525,-10.0384,0.328682,0.074177,-0.06175,18.92500000000001
1772222461596058879,2026-02-27 15:01:01.596,-0.301053,5.07515,-10.6791,0.328135,0.074566,-0.053996,18.927000000000007
1772222461597257707,2026-02-27 15:01:01.597,-0.149148,5.12103,-11.0335,0.328234,0.074931,-0.04913,18.92800000000001
1772222461598475939,2026-02-27 15:01:01.598,-0.132643,5.1444,-11.1023,0.32807,0.07544,-0.047894,18.929000000000002
1772222461599607202,2026-02-27 15:01:01.599,-0.044676,5.15977,-11.1113,0.327959,0.075408,-0.046234,18.930000000000007
1772222461600741647,2026-02-27 15:01:01.600,-0.030547,5.20189,-11.1466,0.327909,0.075575,-0.043892,18.93100000000001
1772222461601893711,2026-02-27 15:01:01.601,0.060402,5.25292,-12.2434,0.327086,0.077294,-0.031535,18.932000000000002
1772222461603076306,2026-02-27 15:01:01.603,0.105478,5.25749,-12.0002,0.325277,0.078145,-0.031261,18.93400000000001
1772222461604276001,2026-02-27 15:01:01.604,0.134856,5.27142,-11.718,0.324202,0.078327,-0.033916,18.935000000000002
1772222461605490870,2026-02-27 15:01:01.605,0.233283,5.26225,-11.4016,0.324031,0.078134,-0.035299,18.936000000000007
1772222461606619238,2026-02-27 15:01:01.606,0.245845,5.27084,-11.216,0.323493,0.078047,-0.035636,18.937000000000012
1772222461607755628,2026-02-27 15:01:01.607,0.336998,5.30193,-11.2849,0.322514,0.077474,-0.034226,18.938000000000002
1772222461608910241,2026-02-27 15:01:01.608,0.367179,5.31658,-11.3273,0.322976,0.078231,-0.033833,18.939000000000007
1772222461610092152,2026-02-27 15:01:01.610,0.371592,5.35631,-10.4257,0.318358,0.079029,-0.044319,18.941000000000003
1772222461611295822,2026-02-27 15:01:01.611,0.441131,5.28663,-10.8909,0.321065,0.078404,-0.038179,18.942000000000007
1772222461612507075,2026-02-27 15:01:01.612,0.439079,5.32123,-10.949,0.322596,0.078438,-0.038587,18.943000000000012
1772222461613644747,2026-02-27 15:01:01.613,0.519856,5.31165,-11.4623,0.322185,0.077346,-0.034641,18.944000000000003
1772222461614823559,2026-02-27 15:01:01.614,0.497108,5.27423,-11.7129,0.321847,0.078647,-0.033746,18.945000000000007
1772222461615998273,2026-02-27 15:01:01.615,0.507774,5.23798,-11.7302,0.323271,0.075973,-0.037342,18.946000000000012
1772222461617135287,2026-02-27 15:01:01.617,0.495515,5.21219,-11.8803,0.324052,0.075825,-0.039336,18.948000000000008
1772222461618337174,2026-02-27 15:01:01.618,0.41269,5.20017,-12.9257,0.321958,0.075656,-0.032437,18.949000000000012
1772222461619556123,2026-02-27 15:01:01.619,0.389836,5.19466,-12.834,0.326188,0.076251,-0.036996,18.950000000000003
1772222461620687061,2026-02-27 15:01:01.620,0.417876,5.16111,-12.8921,0.328309,0.076128,-0.040433,18.951000000000008
1772222461621847671,2026-02-27 15:01:01.621,0.293282,5.16295,-12.4996,0.330577,0.077101,-0.047801,18.952000000000012
1772222461623021537,2026-02-27 15:01:01.623,0.111845,5.13238,-12.2892,0.334176,0.077458,-0.058635,18.954000000000008
1772222461624215641,2026-02-27 15:01:01.624,-0.038796,5.11888,-12.3293,0.33715,0.078447,-0.062162,18.955000000000013
1772222461625413759,2026-02-27 15:01:01.625,-0.171441,5.12738,-12.6121,0.34157,0.080483,-0.065807,18.956000000000003
1772222461626554363,2026-02-27 15:01:01.626,-0.316604,5.05627,-11.9699,0.339506,0.081189,-0.077424,18.957000000000008
1772222461627690855,2026-02-27 15:01:01.627,-0.514852,5.08497,-11.7698,0.343101,0.082731,-0.08354,18.958000000000013
1772222461628865113,2026-02-27 15:01:01.628,-0.643965,5.07493,-12.1636,0.346714,0.085135,-0.085785,18.959000000000003
1772222461630039228,2026-02-27 15:01:01.630,-0.904517,5.02437,-13.4475,0.351279,0.091407,-0.082953,18.961000000000013
1772222461631238260,2026-02-27 15:01:01.631,-1.09941,5.06765,-13.6789,0.350284,0.095063,-0.08238,18.962000000000003
1772222461632438060,2026-02-27 15:01:01.632,-1.18099,5.07996,-13.8538,0.349557,0.097257,-0.080763,18.963000000000008
1772222461633605617,2026-02-27 15:01:01.633,-1.33853,5.03557,-14.1525,0.345391,0.100602,-0.07929,18.964
1772222461634740454,2026-02-27 15:01:01.634,-1.5375,5.03673,-14.4864,0.344024,0.101562,-0.075559,18.965000000000003
1772222461635876091,2026-02-27 15:01:01.635,-1.64396,5.00183,-15.6673,0.340685,0.10485,-0.063472,18.966000000000008
1772222461637052280,2026-02-27 15:01:01.637,-2.04523,4.94861,-15.6988,0.331933,0.1087,-0.063317,18.968000000000004
1772222461638248131,2026-02-27 15:01:01.638,-2.17796,4.96981,-15.5529,0.327391,0.112494,-0.064369,18.96900000000001
1772222461639445349,2026-02-27 15:01:01.639,-2.40213,4.86305,-15.6976,0.319828,0.116104,-0.065019,18.97
1772222461640562561,2026-02-27 15:01:01.640,-2.6551,4.84194,-16.0523,0.312398,0.119514,-0.061657,18.971000000000004
1772222461641693059,2026-02-27 15:01:01.641,-2.87576,4.80009,-16.3802,0.310084,0.124042,-0.058861,18.97200000000001
1772222461642878743,2026-02-27 15:01:01.642,-2.94301,4.81684,-16.7118,0.306124,0.129326,-0.0551,18.973
1772222461644056379,2026-02-27 15:01:01.644,-3.43686,4.67399,-16.5959,0.289869,0.139462,-0.056179,18.97500000000001
1772222461645250048,2026-02-27 15:01:01.645,-3.61503,4.58909,-16.9396,0.288954,0.144917,-0.053851,18.976
1772222461646446919,2026-02-27 15:01:01.646,-3.76462,4.54074,-17.696,0.278111,0.149994,-0.0449,18.977000000000004
1772222461647565540,2026-02-27 15:01:01.647,-3.6118,4.46925,-18.1887,0.270085,0.15273,-0.02842,18.97800000000001
1772222461648696853,2026-02-27 15:01:01.648,-3.52826,4.36524,-18.1058,0.254781,0.13415,-0.026599,18.979
1772222461649882853,2026-02-27 15:01:01.649,-3.63518,4.27542,-18.4745,0.257001,0.135333,-0.035946,18.980000000000004
1772222461651058624,2026-02-27 15:01:01.651,-4.00898,4.2241,-19.9428,0.256918,0.15256,-0.036403,18.982
1772222461652255331,2026-02-27 15:01:01.652,-4.17306,4.08976,-20.5834,0.25633,0.16362,-0.035205,18.983000000000004
1772222461653473229,2026-02-27 15:01:01.653,-4.35288,4.04595,-20.7773,0.252842,0.174771,-0.033978,18.98400000000001
1772222461654603856,2026-02-27 15:01:01.654,-4.6493,3.98339,-20.6012,0.247547,0.186927,-0.036815,18.985
1772222461655738922,2026-02-27 15:01:01.655,-4.70681,4.00394,-20.5639,0.251901,0.195115,-0.039131,18.986000000000004
1772222461656873357,2026-02-27 15:01:01.656,-4.91303,3.94516,-20.6284,0.250892,0.204041,-0.039022,18.98700000000001
1772222461658048349,2026-02-27 15:01:01.658,-5.18484,3.847,-21.0339,0.240991,0.221747,-0.03385,18.989000000000004
1772222461659222551,2026-02-27 15:01:01.659,-5.28267,3.79506,-20.981,0.236333,0.227295,-0.03611,18.99000000000001
1772222461660426378,2026-02-27 15:01:01.660,-5.35622,3.80981,-20.3877,0.236538,0.232365,-0.042853,18.991
1772222461661560079,2026-02-27 15:01:01.661,-5.49102,3.68568,-20.978,0.231474,0.236442,-0.040346,18.992000000000004
1772222461662689203,2026-02-27 15:01:01.662,-5.65624,3.69204,-21.2428,0.231908,0.241898,-0.04068,18.99300000000001
1772222461663866582,2026-02-27 15:01:01.663,-5.83798,3.61796,-21.7993,0.230987,0.242436,-0.037106,18.994
1772222461665042035,2026-02-27 15:01:01.665,-5.86354,3.55637,-21.9905,0.228564,0.249528,-0.035893,18.99600000000001
1772222461666218622,2026-02-27 15:01:01.666,-6.04023,3.54912,-21.7102,0.222712,0.24575,-0.032931,18.997
1772222461667415062,2026-02-27 15:01:01.667,-6.08456,3.53525,-21.3658,0.215064,0.238739,-0.030215,18.998000000000005
1772222461668561739,2026-02-27 15:01:01.668,-5.95457,3.59923,-22.4988,0.222635,0.260111,-0.020574,18.99900000000001
1772222461669692834,2026-02-27 15:01:01.669,-5.99844,3.57951,-22.2044,0.213816,0.26617,-0.025586,19.0
1772222461670869004,2026-02-27 15:01:01.670,-5.98504,3.59552,-22.6994,0.216535,0.284516,-0.023939,19.001000000000005
1772222461672045096,2026-02-27 15:01:01.672,-6.20764,3.62967,-22.2752,0.224732,0.291455,-0.029686,19.003
1772222461673222471,2026-02-27 15:01:01.673,-6.52516,3.66606,-23.1288,0.226627,0.335716,-0.035917,19.004000000000005
1772222461674423417,2026-02-27 15:01:01.674,-6.80435,3.60524,-23.5578,0.222232,0.341471,-0.039837,19.00500000000001
1772222461675562345,2026-02-27 15:01:01.675,-6.99344,3.59555,-23.9408,0.225379,0.345672,-0.037593,19.006
1772222461676696781,2026-02-27 15:01:01.676,-7.17626,3.5164,-23.1138,0.216327,0.344708,-0.043659,19.007000000000005
1772222461677873005,2026-02-27 15:01:01.677,-7.35339,3.44657,-23.2552,0.207712,0.339239,-0.04185,19.00800000000001
1772222461679047770,2026-02-27 15:01:01.679,-7.40713,3.29324,-23.5461,0.202634,0.341102,-0.041344,19.010000000000005
1772222461680240015,2026-02-27 15:01:01.680,-7.61874,3.13981,-24.2732,0.189626,0.329625,-0.034546,19.01100000000001
1772222461681437559,2026-02-27 15:01:01.681,-7.64162,3.0819,-24.2405,0.187897,0.332815,-0.033349,19.012
1772222461682562091,2026-02-27 15:01:01.682,-7.58956,3.03719,-24.4317,0.191281,0.353601,-0.031186,19.013000000000005
1772222461683833096,2026-02-27 15:01:01.683,-7.82255,3.11201,-24.1002,0.185613,0.338638,-0.033501,19.01400000000001
1772222461684980081,2026-02-27 15:01:01.684,-7.79519,3.14211,-24.1152,0.180931,0.341893,-0.028102,19.015
1772222461686124017,2026-02-27 15:01:01.686,-7.53287,3.23319,-25.3189,0.195926,0.391504,-0.024807,19.01700000000001
1772222461687315005,2026-02-27 15:01:01.687,-7.72904,3.23777,-25.7804,0.201354,0.431419,-0.028207,19.018
1772222461688520389,2026-02-27 15:01:01.688,-7.97565,3.37292,-25.6225,0.196769,0.425856,-0.031763,19.019000000000005
1772222461689652391,2026-02-27 15:01:01.689,-8.18453,3.35303,-25.5895,0.189522,0.420438,-0.034911,19.02000000000001
1772222461690784694,2026-02-27 15:01:01.690,-8.34938,3.33229,-25.9681,0.188087,0.422271,-0.0336,19.021
1772222461691921317,2026-02-27 15:01:01.691,-8.37395,3.30068,-26.2037,0.186466,0.420559,-0.032032,19.022000000000006
1772222461693043225,2026-02-27 15:01:01.693,-8.48338,3.19857,-26.5103,0.185554,0.421256,-0.032224,19.024
1772222461694160888,2026-02-27 15:01:01.694,-8.65054,3.05407,-26.1554,0.176617,0.41476,-0.03787,19.025000000000006
1772222461695278215,2026-02-27 15:01:01.695,-8.74217,2.96849,-26.2094,0.173928,0.419212,-0.036094,19.02600000000001
1772222461696469873,2026-02-27 15:01:01.696,-8.86943,2.93597,-26.8541,0.17236,0.426943,-0.028,19.027
1772222461697608589,2026-02-27 15:01:01.697,-8.89784,2.88085,-27.3257,0.172203,0.431543,-0.027492,19.028000000000006
1772222461698781492,2026-02-27 15:01:01.698,-9.05576,2.89814,-27.3422,0.16823,0.437055,-0.028635,19.02900000000001
1772222461699960209,2026-02-27 15:01:01.699,-9.12844,2.93099,-27.6425,0.168671,0.443997,-0.029476,19.03
1772222461701135601,2026-02-27 15:01:01.701,-9.2176,2.9261,-28.6478,0.161104,0.452677,-0.019377,19.03200000000001
1772222461702315894,2026-02-27 15:01:01.702,-9.31121,2.94183,-28.7221,0.160448,0.456481,-0.020708,19.033
1772222461703510501,2026-02-27 15:01:01.703,-9.37029,2.92287,-28.7223,0.156024,0.458733,-0.021025,19.034000000000006
1772222461704665397,2026-02-27 15:01:01.704,-9.44744,2.89338,-28.2836,0.157158,0.462219,-0.02591,19.03500000000001
1772222461705865479,2026-02-27 15:01:01.705,-9.48396,2.89603,-27.9308,0.157518,0.462621,-0.026973,19.036
1772222461707041949,2026-02-27 15:01:01.707,-9.58048,2.93004,-27.9226,0.157323,0.466259,-0.028449,19.03800000000001
1772222461708214466,2026-02-27 15:01:01.708,-9.66068,2.8891,-27.9914,0.155938,0.469704,-0.027476,19.039
1772222461709392756,2026-02-27 15:01:01.709,-9.70822,2.89268,-27.5091,0.156705,0.472649,-0.032762,19.040000000000006
1772222461710551904,2026-02-27 15:01:01.710,-9.75592,3.01249,-26.9447,0.157316,0.475584,-0.038156,19.04100000000001
1772222461711681527,2026-02-27 15:01:01.711,-9.75879,2.93105,-27.2698,0.154715,0.476746,-0.035247,19.042
1772222461712836589,2026-02-27 15:01:01.712,-9.85462,2.91869,-27.664,0.15503,0.479775,-0.031183,19.043000000000006
1772222461714016240,2026-02-27 15:01:01.714,-9.85665,2.88595,-28.0461,0.152402,0.481981,-0.025731,19.045
1772222461715189281,2026-02-27 15:01:01.715,-9.93354,2.97391,-28.1648,0.151935,0.48674,-0.026426,19.046000000000006
1772222461716366749,2026-02-27 15:01:01.716,-10.0302,2.94265,-28.1621,0.150948,0.489722,-0.027093,19.04700000000001
1772222461717534482,2026-02-27 15:01:01.717,-10.0119,2.9279,-28.3256,0.152483,0.492807,-0.026788,19.048000000000002
1772222461718679286,2026-02-27 15:01:01.718,-10.066,2.84787,-29.3916,0.150244,0.494058,-0.016561,19.049000000000007
1772222461719904172,2026-02-27 15:01:01.719,-10.025,2.83582,-28.9175,0.149708,0.495224,-0.020417,19.05000000000001
1772222461721107521,2026-02-27 15:01:01.721,-10.0763,2.83377,-28.8995,0.146045,0.494351,-0.020443,19.052000000000007
1772222461722293462,2026-02-27 15:01:01.722,-10.1702,2.83034,-28.2949,0.146717,0.497607,-0.025859,19.05300000000001
1772222461723484611,2026-02-27 15:01:01.723,-10.1826,2.80624,-28.1987,0.143933,0.49619,-0.025209,19.054000000000002
1772222461724617260,2026-02-27 15:01:01.724,-10.1944,2.76993,-28.1981,0.140403,0.491711,-0.025656,19.055000000000007
1772222461725767890,2026-02-27 15:01:01.725,-10.1648,2.76685,-28.1158,0.140446,0.493014,-0.025647,19.05600000000001
1772222461726950086,2026-02-27 15:01:01.726,-10.1878,2.74151,-26.9995,0.13729,0.492301,-0.0347,19.057000000000002
1772222461728129156,2026-02-27 15:01:01.728,-10.1334,2.76723,-27.2134,0.138121,0.488116,-0.033046,19.05900000000001
1772222461729304578,2026-02-27 15:01:01.729,-10.0287,2.76137,-27.7663,0.133554,0.49754,-0.025961,19.060000000000002
1772222461730495081,2026-02-27 15:01:01.730,-10.0813,2.74343,-28.1911,0.133901,0.498328,-0.023403,19.061000000000007
1772222461731633476,2026-02-27 15:01:01.731,-10.0853,2.75054,-28.2903,0.134944,0.506221,-0.023547,19.062000000000012
1772222461732831650,2026-02-27 15:01:01.732,-10.112,2.72334,-28.5517,0.134066,0.512957,-0.024024,19.063000000000002
1772222461734011623,2026-02-27 15:01:01.734,-10.2191,2.69918,-28.693,0.132438,0.51568,-0.024556,19.065000000000012
1772222461735193663,2026-02-27 15:01:01.735,-10.3803,2.53306,-29.7585,0.119665,0.505201,-0.015641,19.066000000000003
1772222461736374919,2026-02-27 15:01:01.736,-10.4013,2.51111,-29.754,0.122416,0.505814,-0.016231,19.067000000000007
1772222461737569805,2026-02-27 15:01:01.737,-10.3603,2.42252,-29.7317,0.123629,0.525486,-0.018909,19.068000000000012
1772222461738721500,2026-02-27 15:01:01.738,-10.5622,2.43451,-29.6997,0.118598,0.529219,-0.021494,19.069000000000003
1772222461739902808,2026-02-27 15:01:01.739,-10.6834,2.3611,-29.8673,0.114387,0.536454,-0.024317,19.070000000000007
1772222461741102472,2026-02-27 15:01:01.741,-10.8175,2.35298,-30.1338,0.112806,0.539415,-0.024469,19.072000000000003
1772222461742298246,2026-02-27 15:01:01.742,-11.0446,2.20791,-30.3711,0.103335,0.547851,-0.023379,19.073000000000008
1772222461743492889,2026-02-27 15:01:01.743,-11.226,2.15482,-29.6167,0.097088,0.55107,-0.030544,19.074000000000012
1772222461744629471,2026-02-27 15:01:01.744,-11.3853,2.05957,-30.3386,0.091831,0.557124,-0.026618,19.075000000000003
1772222461745826274,2026-02-27 15:01:01.745,-11.4279,2.01206,-30.6337,0.089773,0.561872,-0.025188,19.076000000000008
1772222461747026673,2026-02-27 15:01:01.747,-11.5428,1.94304,-31.3636,0.08344,0.566526,-0.019998,19.078000000000003
1772222461748209646,2026-02-27 15:01:01.748,-11.6448,1.87864,-31.8593,0.084081,0.572971,-0.019049,19.079000000000008
1772222461749387841,2026-02-27 15:01:01.749,-11.7851,1.78086,-32.2317,0.07766,0.582704,-0.018654,19.080000000000013
1772222461750564206,2026-02-27 15:01:01.750,-11.8597,1.75817,-32.4344,0.074123,0.582953,-0.01924,19.081000000000003
1772222461751702645,2026-02-27 15:01:01.751,-11.8665,1.66549,-33.5086,0.065364,0.58518,-0.007922,19.082000000000008
1772222461752886645,2026-02-27 15:01:01.752,-11.9419,1.65157,-33.3755,0.062305,0.589803,-0.009868,19.083000000000013
1772222461754091993,2026-02-27 15:01:01.754,-12.1125,1.61224,-33.6022,0.058195,0.594389,-0.010072,19.085000000000008
1772222461755270713,2026-02-27 15:01:01.755,-12.2175,1.51786,-33.3021,0.053632,0.596617,-0.016008,19.086000000000013
1772222461756449119,2026-02-27 15:01:01.756,-12.4433,1.49767,-33.4674,0.052909,0.609204,-0.019175,19.087000000000003
1772222461757607373,2026-02-27 15:01:01.757,-12.7043,1.47595,-33.6821,0.049752,0.615407,-0.018247,19.088000000000008
1772222461758785101,2026-02-27 15:01:01.758,-12.713,1.37738,-33.8232,0.044187,0.617983,-0.018743,19.089
1772222461759986459,2026-02-27 15:01:01.759,-12.8165,1.38174,-33.1173,0.046852,0.619716,-0.024029,19.090000000000003
1772222461761193108,2026-02-27 15:01:01.761,-12.9024,1.36324,-32.9702,0.045338,0.620716,-0.025024,19.092
1772222461762370995,2026-02-27 15:01:01.762,-12.9622,1.28627,-34.032,0.040993,0.642991,-0.018138,19.093000000000004
1772222461763536418,2026-02-27 15:01:01.763,-13.1012,1.24637,-34.6558,0.038099,0.648523,-0.013442,19.09400000000001
1772222461764689817,2026-02-27 15:01:01.764,-13.1454,1.22109,-34.9004,0.040796,0.660851,-0.013053,19.095
1772222461765867146,2026-02-27 15:01:01.765,-13.251,1.16197,-35.1118,0.033388,0.664258,-0.012493,19.096000000000004
1772222461767066704,2026-02-27 15:01:01.767,-13.4079,1.11402,-35.365,0.029873,0.669487,-0.011653,19.098
1772222461768251365,2026-02-27 15:01:01.768,-13.5292,1.08097,-35.7714,0.024191,0.673605,-0.00923,19.099000000000004
1772222461769429196,2026-02-27 15:01:01.769,-13.674,0.984126,-36.6475,0.01758,0.675774,-0.00366,19.10000000000001
1772222461770587695,2026-02-27 15:01:01.770,-13.7199,0.85854,-36.6942,0.014082,0.677159,-0.006172,19.101
1772222461771769113,2026-02-27 15:01:01.771,-13.8583,0.781998,-36.4459,0.010823,0.681553,-0.0072,19.102000000000004
1772222461772973792,2026-02-27 15:01:01.772,-13.9697,0.709792,-36.3759,0.00923,0.684007,-0.008916,19.10300000000001
1772222461774179361,2026-02-27 15:01:01.774,-14.0471,0.637954,-36.254,0.003774,0.684016,-0.009386,19.105000000000004
1772222461775379537,2026-02-27 15:01:01.775,-14.3191,0.547277,-35.2356,0.002419,0.638332,-0.014685,19.10600000000001
1772222461776552884,2026-02-27 15:01:01.776,-14.2452,0.523314,-32.8817,-0.001196,0.596452,-0.026989,19.107
1772222461777690963,2026-02-27 15:01:01.777,-13.1882,0.684567,-33.357,0.000617,0.652591,-0.017888,19.108000000000004
1772222461778869502,2026-02-27 15:01:01.778,-13.0648,0.872876,-34.2067,0.008872,0.680481,-0.014082,19.10900000000001
1772222461780070636,2026-02-27 15:01:01.780,-13.4703,0.992221,-34.5994,0.02614,0.673394,-0.010544,19.111000000000004
1772222461781275869,2026-02-27 15:01:01.781,-13.4687,1.15195,-36.1733,0.033991,0.766523,-0.012981,19.11200000000001
1772222461782475084,2026-02-27 15:01:01.782,-14.4453,1.12585,-37.2841,0.011476,0.768218,-0.018674,19.113
1772222461783610636,2026-02-27 15:01:01.783,-14.6752,1.01124,-37.8626,0.001397,0.759131,-0.015795,19.114000000000004
1772222461784789044,2026-02-27 15:01:01.784,-14.7617,0.749194,-39.0405,-0.010663,0.750639,-0.004917,19.11500000000001
1772222461785970143,2026-02-27 15:01:01.785,-14.9973,0.533617,-39.4388,-0.019144,0.744241,-0.001357,19.116
1772222461787170476,2026-02-27 15:01:01.787,-15.1995,0.316779,-39.6125,-0.025194,0.746516,-0.000549,19.11800000000001
1772222461788348338,2026-02-27 15:01:01.788,-15.3831,0.216548,-39.4255,-0.026702,0.750771,-0.004763,19.119
1772222461789527977,2026-02-27 15:01:01.789,-15.7449,0.108094,-39.4774,-0.026517,0.774716,-0.009698,19.120000000000005
1772222461790667870,2026-02-27 15:01:01.790,-16.0161,0.180691,-39.6616,-0.032547,0.78794,-0.010356,19.12100000000001
1772222461791886341,2026-02-27 15:01:01.791,-16.0844,0.250612,-39.8624,-0.031155,0.801395,-0.010562,19.122
1772222461793089082,2026-02-27 15:01:01.793,-16.2805,0.281656,-39.6726,-0.029795,0.811629,-0.014938,19.12400000000001
1772222461794292853,2026-02-27 15:01:01.794,-16.3861,0.326021,-39.0543,-0.033013,0.820724,-0.019415,19.125
1772222461795536776,2026-02-27 15:01:01.795,-16.5128,0.421184,-39.7925,-0.031409,0.83184,-0.012355,19.126000000000005
1772222461796673328,2026-02-27 15:01:01.796,-16.6431,0.395681,-40.2559,-0.034506,0.835206,-0.007326,19.12700000000001
1772222461797851750,2026-02-27 15:01:01.797,-16.7711,0.414935,-40.5697,-0.031687,0.84016,-0.006148,19.128
1772222461799055945,2026-02-27 15:01:01.799,-16.9405,0.464442,-40.7386,-0.026673,0.851136,-0.008313,19.13000000000001
1772222461800257665,2026-02-27 15:01:01.800,-17.1101,0.433759,-40.6152,-0.026099,0.85977,-0.008709,19.131
1772222461801434522,2026-02-27 15:01:01.801,-17.4277,0.509825,-41.7969,-0.022041,0.882024,0.000653,19.132000000000005
1772222461802601779,2026-02-27 15:01:01.802,-17.5442,0.526481,-41.4071,-0.019018,0.892542,-0.002781,19.13300000000001
1772222461803796087,2026-02-27 15:01:01.803,-17.7029,0.606893,-41.4472,-0.015418,0.901021,-0.002934,19.134
1772222461804996789,2026-02-27 15:01:01.804,-17.9136,0.682155,-40.9939,-0.017315,0.908994,-0.007381,19.135000000000005
1772222461806201571,2026-02-27 15:01:01.806,-18.1588,0.772609,-40.8139,-0.013361,0.921336,-0.010184,19.137
1772222461807377882,2026-02-27 15:01:01.807,-18.2693,0.820563,-40.8966,-0.009588,0.932677,-0.009804,19.138000000000005
1772222461808551271,2026-02-27 15:01:01.808,-18.7752,1.02223,-41.0033,-0.001699,0.951433,-0.012783,19.13900000000001
1772222461809685584,2026-02-27 15:01:01.809,-18.8796,1.14603,-39.9509,0.004194,0.961092,-0.020854,19.14
1772222461810867606,2026-02-27 15:01:01.810,-19.1012,1.29124,-40.0262,0.011049,0.973693,-0.018598,19.141000000000005
1772222461812073367,2026-02-27 15:01:01.812,-19.2889,1.40029,-40.0589,0.016457,0.985253,-0.019791,19.143
1772222461813274461,2026-02-27 15:01:01.813,-19.5225,1.55537,-40.6513,0.025857,0.997573,-0.016256,19.144000000000005
1772222461814467950,2026-02-27 15:01:01.814,-19.9281,1.74259,-40.9638,0.036934,1.02167,-0.01195,19.14500000000001
1772222461815599865,2026-02-27 15:01:01.815,-20.1482,1.87081,-40.8218,0.041461,1.03292,-0.011964,19.146
1772222461816778740,2026-02-27 15:01:01.816,-20.3709,1.96719,-40.8036,0.048013,1.04467,-0.011599,19.147000000000006
1772222461817979080,2026-02-27 15:01:01.817,-20.5496,2.16397,-41.1881,0.054929,1.06227,-0.008516,19.14800000000001
1772222461819186917,2026-02-27 15:01:01.819,-20.8589,2.20453,-41.8172,0.061793,1.08099,-0.002606,19.150000000000006
1772222461820388005,2026-02-27 15:01:01.820,-21.1917,2.35301,-41.4938,0.067694,1.09955,-0.005514,19.15100000000001
1772222461821531096,2026-02-27 15:01:01.821,-21.7798,2.6094,-40.8531,0.082587,1.13327,-0.013208,19.152
1772222461822671936,2026-02-27 15:01:01.822,-22.1163,2.77651,-40.7309,0.09114,1.153,-0.013186,19.153000000000006
1772222461823865906,2026-02-27 15:01:01.823,-22.4127,2.87524,-40.7813,0.095003,1.16999,-0.011883,19.15400000000001
1772222461825065691,2026-02-27 15:01:01.825,-22.7368,3.04828,-40.937,0.102951,1.19237,-0.012925,19.156000000000006
1772222461826238779,2026-02-27 15:01:01.826,-23.0852,3.22213,-40.9178,0.111517,1.2126,-0.012744,19.15700000000001
1772222461827416308,2026-02-27 15:01:01.827,-23.4825,3.38122,-39.9468,0.118571,1.23555,-0.021275,19.158
1772222461828569217,2026-02-27 15:01:01.828,-23.8062,3.44478,-40.4419,0.125298,1.25496,-0.017206,19.159000000000006
1772222461829761087,2026-02-27 15:01:01.829,-24.6561,3.72866,-41.3075,0.141587,1.30079,-0.012902,19.16000000000001
1772222461830964180,2026-02-27 15:01:01.830,-24.9233,3.9379,-41.7193,0.151421,1.32223,-0.011908,19.161
1772222461832166013,2026-02-27 15:01:01.832,-25.2805,4.04093,-41.6095,0.153614,1.33758,-0.01049,19.16300000000001
1772222461833366564,2026-02-27 15:01:01.833,-25.5399,4.14924,-41.6349,0.16086,1.35575,-0.009562,19.164
1772222461834531106,2026-02-27 15:01:01.834,-26.3831,4.45388,-43.0876,0.182397,1.40917,-0.00216,19.165000000000006
1772222461835679564,2026-02-27 15:01:01.835,-26.7686,4.54896,-42.9843,0.187465,1.42943,-0.002669,19.16600000000001
1772222461836901691,2026-02-27 15:01:01.836,-27.1758,4.63574,-42.9459,0.191466,1.45276,-0.002633,19.167
1772222461838102417,2026-02-27 15:01:01.838,-27.6064,4.72284,-42.5754,0.202059,1.47217,-0.00968,19.16900000000001
1772222461839308020,2026-02-27 15:01:01.839,-27.9895,4.90757,-42.3972,0.209437,1.49766,-0.012052,19.17
1772222461840495259,2026-02-27 15:01:01.840,-28.4466,4.97117,-42.4382,0.211583,1.52272,-0.012536,19.171000000000006
1772222461841626559,2026-02-27 15:01:01.841,-29.2892,5.20617,-42.5663,0.22287,1.57325,-0.012089,19.17200000000001
1772222461842830202,2026-02-27 15:01:01.842,-29.7258,5.30603,-42.0572,0.231306,1.59718,-0.018521,19.173000000000002
1772222461844032818,2026-02-27 15:01:01.844,-30.129,5.35962,-41.3916,0.233254,1.61694,-0.02114,19.17500000000001
1772222461845232885,2026-02-27 15:01:01.845,-30.4575,5.40778,-41.6145,0.234414,1.63629,-0.018537,19.176000000000002
1772222461846433688,2026-02-27 15:01:01.846,-30.7149,5.54764,-41.7755,0.241144,1.65607,-0.012363,19.177000000000007
1772222461847599529,2026-02-27 15:01:01.847,-31.0772,5.60827,-42.2265,0.248484,1.68112,-0.008748,19.17800000000001
1772222461848796887,2026-02-27 15:01:01.848,-32.1059,5.78191,-42.5639,0.261407,1.74535,-0.010651,19.179000000000002
1772222461849998956,2026-02-27 15:01:01.849,-32.5566,5.87074,-42.5179,0.267666,1.77296,-0.01167,19.180000000000007
1772222461851203226,2026-02-27 15:01:01.851,-32.9471,5.93061,-42.4588,0.270863,1.79652,-0.011667,19.182000000000002
1772222461852405067,2026-02-27 15:01:01.852,-33.2795,5.98399,-43.3147,0.27673,1.81683,-0.002276,19.183000000000007
1772222461853539299,2026-02-27 15:01:01.853,-33.6226,6.10914,-42.7038,0.281848,1.84348,-0.00218,19.18400000000001
1772222461854674954,2026-02-27 15:01:01.854,-34.5556,6.17602,-42.0823,0.282916,1.89458,-0.005,19.185000000000002
1772222461855855976,2026-02-27 15:01:01.855,-34.9559,6.19946,-41.7675,0.290799,1.92317,-0.006343,19.186000000000007
1772222461857056486,2026-02-27 15:01:01.857,-35.3504,6.21089,-41.6188,0.294294,1.94743,-0.004397,19.188000000000002
1772222461858256630,2026-02-27 15:01:01.858,-35.7246,6.19963,-41.4956,0.294428,1.96739,-0.005058,19.189000000000007
1772222461859448895,2026-02-27 15:01:01.859,-35.9953,6.19743,-41.4713,0.299259,1.9861,-0.002507,19.190000000000012
1772222461860612364,2026-02-27 15:01:01.860,-36.8959,6.23171,-40.2635,0.29901,2.04416,-0.007522,19.191000000000003
1772222461861786862,2026-02-27 15:01:01.861,-37.243,6.24694,-40.2553,0.297724,2.06959,-0.00601,19.192000000000007
1772222461862986730,2026-02-27 15:01:01.862,-37.6865,6.19927,-40.7381,0.297332,2.0993,0.002042,19.193000000000012
1772222461864188038,2026-02-27 15:01:01.864,-38.0686,6.10596,-41.132,0.293846,2.12339,0.005617,19.195000000000007
1772222461865390392,2026-02-27 15:01:01.865,-38.4228,5.98612,-41.1224,0.291314,2.15271,0.006976,19.196000000000012
1772222461866537189,2026-02-27 15:01:01.866,-38.8811,5.87138,-41.1815,0.285688,2.17541,0.00882,19.197000000000003
1772222461867648719,2026-02-27 15:01:01.867,-39.2782,5.77081,-41.2261,0.278941,2.1981,0.011691,19.198000000000008
1772222461868867821,2026-02-27 15:01:01.868,-39.7505,5.52486,-42.0792,0.262116,2.23937,0.025978,19.199000000000012
1772222461870068343,2026-02-27 15:01:01.870,-40.2659,5.26747,-42.162,0.25386,2.26789,0.025059,19.201000000000008
1772222461871272278,2026-02-27 15:01:01.871,-40.719,5.09476,-42.0017,0.247364,2.30312,0.021658,19.202000000000012
1772222461872486446,2026-02-27 15:01:01.872,-41.1397,4.94015,-41.9356,0.233153,2.32532,0.019511,19.203000000000003
1772222461873683194,2026-02-27 15:01:01.873,-41.4514,4.76163,-42.0381,0.226991,2.34399,0.018913,19.204000000000008
1772222461874907275,2026-02-27 15:01:01.874,-42.0147,4.31073,-42.1456,0.196494,2.38778,0.027246,19.205000000000013
1772222461876110390,2026-02-27 15:01:01.876,-42.2516,4.0844,-42.1107,0.183919,2.39775,0.027078,19.207000000000008
1772222461877314699,2026-02-27 15:01:01.877,-42.641,3.88312,-41.5926,0.169533,2.41498,0.02115,19.208000000000013
1772222461878526343,2026-02-27 15:01:01.878,-43.0219,3.60576,-42.6809,0.154619,2.44052,0.024406,19.209000000000003
1772222461879662091,2026-02-27 15:01:01.879,-43.4749,3.14208,-43.5299,0.127259,2.47429,0.034185,19.210000000000008
1772222461880819482,2026-02-27 15:01:01.880,-43.6976,2.79446,-44.0774,0.11176,2.48412,0.038902,19.211000000000013
1772222461882018575,2026-02-27 15:01:01.882,-44.0364,2.53348,-44.5857,0.096495,2.5024,0.037438,19.213000000000008
1772222461883218431,2026-02-27 15:01:01.883,-44.1764,2.33389,-44.9116,0.083514,2.51331,0.039785,19.214
1772222461884417507,2026-02-27 15:01:01.884,-44.2764,2.13042,-45.0169,0.06896,2.52181,0.042658,19.215000000000003
1772222461885570929,2026-02-27 15:01:01.885,-44.3876,1.72555,-46.3726,0.047135,2.52951,0.055704,19.216000000000008
1772222461886706733,2026-02-27 15:01:01.886,-44.6271,1.19689,-46.4877,0.014604,2.54208,0.055687,19.217
1772222461887881399,2026-02-27 15:01:01.887,-44.6083,1.00097,-45.9544,0.003306,2.53017,0.051105,19.218000000000004
1772222461889083664,2026-02-27 15:01:01.889,-44.6528,0.771632,-45.928,-0.017723,2.54377,0.049308,19.22
1772222461890284576,2026-02-27 15:01:01.890,-44.828,0.448384,-46.1282,-0.031923,2.55071,0.050855,19.221000000000004
1772222461891500586,2026-02-27 15:01:01.891,-44.7789,0.116975,-46.3157,-0.049087,2.55264,0.050795,19.22200000000001
1772222461892643550,2026-02-27 15:01:01.892,-44.6941,-0.353622,-45.6649,-0.075468,2.54194,0.046397,19.223
1772222461893822885,2026-02-27 15:01:01.893,-44.6625,-0.606743,-45.428,-0.095961,2.54185,0.046584,19.224000000000004
1772222461895008082,2026-02-27 15:01:01.895,-44.6047,-0.94947,-45.3666,-0.117435,2.53669,0.048588,19.226
1772222461896212651,2026-02-27 15:01:01.896,-44.3661,-1.20024,-45.8895,-0.129776,2.52443,0.056709,19.227000000000004
1772222461897412446,2026-02-27 15:01:01.897,-44.3283,-1.53112,-46.4561,-0.149703,2.5212,0.061378,19.22800000000001
1772222461898567527,2026-02-27 15:01:01.898,-44.345,-1.75743,-46.7139,-0.163673,2.52369,0.062714,19.229
1772222461899703140,2026-02-27 15:01:01.899,-44.2266,-2.29577,-46.6395,-0.187329,2.51341,0.059488,19.230000000000004
1772222461900881030,2026-02-27 15:01:01.900,-44.1622,-2.56838,-46.8195,-0.211923,2.51516,0.064215,19.23100000000001
1772222461902082533,2026-02-27 15:01:01.902,-43.9267,-2.81491,-47.4647,-0.223658,2.50216,0.0755,19.233000000000004
1772222461903282074,2026-02-27 15:01:01.903,-43.8156,-3.06763,-47.0168,-0.241431,2.49256,0.074676,19.23400000000001
1772222461904494184,2026-02-27 15:01:01.904,-43.6567,-3.33196,-46.7894,-0.258264,2.48356,0.073493,19.235
1772222461905629177,2026-02-27 15:01:01.905,-43.3637,-3.71075,-45.9748,-0.285669,2.46306,0.069242,19.236000000000004
1772222461906785268,2026-02-27 15:01:01.906,-43.1569,-3.83233,-45.943,-0.297946,2.45212,0.070264,19.23700000000001
1772222461908084117,2026-02-27 15:01:01.908,-42.9096,-3.98651,-45.7201,-0.307448,2.43553,0.07021,19.239000000000004
1772222461909258394,2026-02-27 15:01:01.909,-42.7077,-4.12806,-45.3922,-0.312699,2.41705,0.069724,19.24000000000001
1772222461910483502,2026-02-27 15:01:01.910,-42.4522,-4.24206,-44.0239,-0.325762,2.40981,0.059639,19.241
1772222461911617644,2026-02-27 15:01:01.911,-42.3532,-4.41314,-44.2613,-0.336369,2.39783,0.064227,19.242000000000004
1772222461912777531,2026-02-27 15:01:01.912,-41.9513,-4.76543,-44.6437,-0.353687,2.37743,0.069517,19.24300000000001
1772222461913975046,2026-02-27 15:01:01.913,-41.6869,-4.86673,-44.7575,-0.35994,2.36441,0.071448,19.244
1772222461915153378,2026-02-27 15:01:01.915,-41.4803,-4.98286,-44.4773,-0.37053,2.34936,0.071851,19.24600000000001
1772222461916350878,2026-02-27 15:01:01.916,-41.2159,-4.98195,-44.2573,-0.374397,2.3339,0.072613,19.247
1772222461917557767,2026-02-27 15:01:01.917,-41.0463,-5.09173,-43.9656,-0.383071,2.31831,0.074378,19.248000000000005
1772222461918691846,2026-02-27 15:01:01.918,-40.419,-5.08773,-44.4806,-0.385056,2.28433,0.082321,19.24900000000001
1772222461919863250,2026-02-27 15:01:01.919,-40.123,-5.06807,-44.1555,-0.385451,2.26548,0.079626,19.25
1772222461921061237,2026-02-27 15:01:01.921,-39.7916,-5.05361,-43.3814,-0.385394,2.24571,0.07376,19.25200000000001
1772222461922258847,2026-02-27 15:01:01.922,-39.4999,-4.99464,-42.829,-0.381603,2.22412,0.070702,19.253
1772222461923474289,2026-02-27 15:01:01.923,-39.0597,-4.87288,-42.5031,-0.375901,2.20306,0.068568,19.254000000000005
1772222461924606813,2026-02-27 15:01:01.924,-38.7815,-4.80351,-42.1639,-0.371791,2.18064,0.06692,19.25500000000001
1772222461925739900,2026-02-27 15:01:01.925,-38.0801,-4.56601,-41.2125,-0.359055,2.13455,0.063004,19.256
1772222461926918061,2026-02-27 15:01:01.926,-37.7046,-4.44159,-40.3494,-0.348746,2.11299,0.05661,19.257000000000005
1772222461928120535,2026-02-27 15:01:01.928,-37.3427,-4.26957,-40.414,-0.340012,2.09082,0.058045,19.259
1772222461929321209,2026-02-27 15:01:01.929,-36.9637,-4.10674,-40.4018,-0.327749,2.06821,0.060441,19.260000000000005
1772222461930530634,2026-02-27 15:01:01.930,-36.5937,-3.95529,-40.5457,-0.32244,2.04607,0.064521,19.26100000000001
1772222461931665104,2026-02-27 15:01:01.931,-35.8382,-3.58232,-40.0093,-0.298387,2.00107,0.062563,19.262
1772222461932841669,2026-02-27 15:01:01.932,-35.4089,-3.35304,-39.7727,-0.288099,1.97976,0.061826,19.263000000000005
1772222461934039943,2026-02-27 15:01:01.934,-35.078,-3.16645,-39.3752,-0.275634,1.95864,0.061254,19.265
1772222461935240391,2026-02-27 15:01:01.935,-34.7851,-3.03469,-40.2178,-0.264248,1.9381,0.06957,19.266000000000005
1772222461936440436,2026-02-27 15:01:01.936,-34.4496,-2.80235,-39.4151,-0.255901,1.9163,0.065964,19.26700000000001
1772222461937570418,2026-02-27 15:01:01.937,-34.1058,-2.57715,-39.0877,-0.240207,1.89755,0.063904,19.268
1772222461938704552,2026-02-27 15:01:01.938,-33.4273,-2.02295,-37.6501,-0.210533,1.8583,0.055142,19.269000000000005
1772222461939883549,2026-02-27 15:01:01.939,-33.1215,-1.82365,-37.3368,-0.198354,1.83873,0.054942,19.27000000000001
1772222461941081924,2026-02-27 15:01:01.941,-32.7655,-1.55468,-36.9554,-0.182674,1.81939,0.054006,19.272000000000006
1772222461942253095,2026-02-27 15:01:01.942,-32.4575,-1.27287,-36.6156,-0.171204,1.79919,0.052791,19.27300000000001
1772222461943468440,2026-02-27 15:01:01.943,-32.1687,-1.02156,-35.1641,-0.157041,1.77999,0.040478,19.274
1772222461944563006,2026-02-27 15:01:01.944,-31.8518,-0.778476,-34.8817,-0.143598,1.76058,0.042012,19.275000000000006
1772222461945695077,2026-02-27 15:01:01.945,-31.5182,-0.515396,-34.6545,-0.127988,1.74294,0.039692,19.27600000000001
1772222461946867586,2026-02-27 15:01:01.946,-31.0198,-0.066579,-34.8891,-0.104969,1.7068,0.0461,19.277
1772222461948067835,2026-02-27 15:01:01.948,-30.6567,0.211498,-34.6044,-0.084019,1.68996,0.044756,19.27900000000001
1772222461949270931,2026-02-27 15:01:01.949,-30.4039,0.471039,-34.246,-0.072772,1.67282,0.043735,19.28
1772222461950482801,2026-02-27 15:01:01.950,-30.1335,0.651649,-34.0284,-0.060756,1.65734,0.042574,19.281000000000006
1772222461951616909,2026-02-27 15:01:01.951,-29.8686,0.904607,-34.2464,-0.05,1.64192,0.045673,19.28200000000001
1772222461952770757,2026-02-27 15:01:01.952,-29.3847,1.31539,-34.0408,-0.018941,1.61224,0.04448,19.283
1772222461953967057,2026-02-27 15:01:01.953,-29.0838,1.50757,-33.4918,-0.007986,1.59769,0.039397,19.284000000000006
1772222461955170786,2026-02-27 15:01:01.955,-28.9061,1.70139,-33.0765,0.001472,1.5864,0.035725,19.286
1772222461956373717,2026-02-27 15:01:01.956,-28.6777,1.88522,-32.6494,0.012532,1.57334,0.033581,19.287000000000006
1772222461957567474,2026-02-27 15:01:01.957,-28.508,2.03633,-32.5569,0.020619,1.56155,0.032469,19.28800000000001
1772222461958702140,2026-02-27 15:01:01.958,-28.3279,2.16443,-32.3624,0.029553,1.5498,0.031411,19.289
1772222461959857817,2026-02-27 15:01:01.959,-28.0097,2.49829,-31.0753,0.051115,1.5313,0.019821,19.290000000000006
1772222461961060513,2026-02-27 15:01:01.961,-27.9944,2.58776,-31.3403,0.05325,1.52267,0.022879,19.292
1772222461962261438,2026-02-27 15:01:01.962,-27.674,2.74508,-31.2879,0.068101,1.5146,0.022602,19.293000000000006
1772222461963436891,2026-02-27 15:01:01.963,-27.6155,2.87388,-31.7203,0.072814,1.50779,0.02666,19.29400000000001
1772222461964556028,2026-02-27 15:01:01.964,-27.5386,2.93837,-31.8634,0.081107,1.50213,0.027258,19.295
1772222461965687899,2026-02-27 15:01:01.965,-27.3716,3.06614,-31.7118,0.086788,1.49556,0.026465,19.296000000000006
1772222461966875115,2026-02-27 15:01:01.966,-27.2681,3.24723,-31.5424,0.099879,1.48972,0.02632,19.29700000000001
1772222461968050682,2026-02-27 15:01:01.968,-27.1671,3.29934,-32.5956,0.104627,1.4864,0.035257,19.299000000000007
1772222461969253337,2026-02-27 15:01:01.969,-27.0839,3.38323,-32.3852,0.111904,1.48569,0.03169,19.30000000000001
1772222461970468648,2026-02-27 15:01:01.970,-27.0958,3.44274,-32.3813,0.115867,1.48403,0.031198,19.301000000000002
1772222461971562311,2026-02-27 15:01:01.971,-27.0902,3.53717,-31.9018,0.122831,1.48368,0.02675,19.302000000000007
1772222461972696879,2026-02-27 15:01:01.972,-27.1418,3.6118,-31.6418,0.125953,1.48635,0.024426,19.30300000000001
1772222461973849170,2026-02-27 15:01:01.973,-27.1481,3.64555,-31.5933,0.129453,1.48826,0.023451,19.304000000000002
1772222461975042702,2026-02-27 15:01:01.975,-27.152,3.76131,-31.7169,0.133478,1.49069,0.023924,19.30600000000001
1772222461976243104,2026-02-27 15:01:01.976,-27.1779,3.72044,-31.0795,0.135637,1.492,0.016818,19.307000000000002
1772222461977443509,2026-02-27 15:01:01.977,-27.2776,3.70735,-30.8848,0.134494,1.49443,0.014778,19.308000000000007
1772222461978572512,2026-02-27 15:01:01.978,-27.2741,3.70287,-31.1802,0.136357,1.49707,0.016533,19.30900000000001
1772222461979706726,2026-02-27 15:01:01.979,-27.3511,3.72889,-31.6945,0.136629,1.50062,0.020319,19.310000000000002
1772222461980858967,2026-02-27 15:01:01.980,-27.3975,3.61804,-32.6052,0.134633,1.50691,0.025627,19.311000000000007
1772222461982035701,2026-02-27 15:01:01.982,-27.4237,3.57882,-32.6844,0.135628,1.51009,0.025336,19.313000000000002
1772222461983230067,2026-02-27 15:01:01.983,-27.4482,3.57226,-32.7923,0.130341,1.51311,0.025986,19.314000000000007
1772222461984431226,2026-02-27 15:01:01.984,-27.5194,3.51212,-33.0297,0.125873,1.51523,0.02766,19.315000000000012
1772222461985555620,2026-02-27 15:01:01.985,-27.6381,3.43335,-34.2118,0.122581,1.51872,0.036737,19.316000000000003
1772222461986685788,2026-02-27 15:01:01.986,-27.6982,3.42686,-33.8906,0.123525,1.52311,0.034336,19.317000000000007
1772222461987840618,2026-02-27 15:01:01.987,-27.7357,3.37676,-33.9673,0.11795,1.52654,0.033265,19.318000000000012
1772222461989012626,2026-02-27 15:01:01.989,-27.8185,3.23063,-33.5309,0.116329,1.53226,0.028654,19.320000000000007
1772222461990211314,2026-02-27 15:01:01.990,-27.7867,3.17574,-33.682,0.111749,1.53459,0.029887,19.321000000000012
1772222461991408529,2026-02-27 15:01:01.991,-27.8666,3.1366,-33.7877,0.110049,1.5367,0.030213,19.322000000000003
1772222461992578986,2026-02-27 15:01:01.992,-27.8733,3.05454,-33.8362,0.107836,1.5388,0.031349,19.323000000000008
1772222461993710718,2026-02-27 15:01:01.993,-27.9205,2.99224,-32.8001,0.103735,1.53901,0.021999,19.324000000000012
1772222461994865792,2026-02-27 15:01:01.994,-27.8395,2.91206,-33.1635,0.103211,1.5399,0.024888,19.325000000000003
1772222461996044794,2026-02-27 15:01:01.996,-27.7878,2.83683,-33.772,0.102585,1.53912,0.030888,19.327000000000012
1772222461997246916,2026-02-27 15:01:01.997,-27.7481,2.73856,-33.9848,0.096334,1.53486,0.035113,19.328000000000003
1772222461998445625,2026-02-27 15:01:01.998,-27.6744,2.70161,-34.0224,0.094547,1.53067,0.034628,19.329000000000008
1772222461999571379,2026-02-27 15:01:01.999,-27.5693,2.69595,-34.0016,0.097243,1.52675,0.034905,19.330000000000013
1772222462000703522,2026-02-27 15:01:02.000,-27.5075,2.6658,-33.879,0.092909,1.52233,0.034682,19.331000000000003
1772222462001858868,2026-02-27 15:01:02.001,-27.3505,2.63708,-34.5163,0.094334,1.5164,0.042247,19.332000000000008
1772222462003031336,2026-02-27 15:01:02.003,-27.1096,2.64954,-34.3332,0.095062,1.50253,0.042654,19.334000000000003
1772222462004239215,2026-02-27 15:01:02.004,-26.9881,2.67013,-33.7468,0.098112,1.4946,0.037334,19.335000000000008
1772222462005439458,2026-02-27 15:01:02.005,-26.816,2.69544,-33.2345,0.098633,1.48639,0.034035,19.336000000000013
1772222462006568145,2026-02-27 15:01:02.006,-26.6593,2.6646,-32.9766,0.100629,1.4782,0.032313,19.337000000000003
1772222462007708990,2026-02-27 15:01:02.007,-26.4844,2.69136,-32.7694,0.101069,1.46926,0.032058,19.338000000000008
1772222462008861352,2026-02-27 15:01:02.008,-26.2888,2.69278,-32.5442,0.103298,1.45815,0.032284,19.339
1772222462010035485,2026-02-27 15:01:02.010,-25.9605,2.75753,-31.1442,0.111976,1.43718,0.021438,19.341000000000008
1772222462011237208,2026-02-27 15:01:02.011,-25.7302,2.81011,-31.3053,0.113525,1.42425,0.024677,19.342
1772222462012435565,2026-02-27 15:01:02.012,-25.511,2.7679,-31.2122,0.111869,1.41131,0.026234,19.343000000000004
1772222462013561739,2026-02-27 15:01:02.013,-25.2774,2.78522,-31.5826,0.113786,1.39908,0.030401,19.34400000000001
1772222462014694710,2026-02-27 15:01:02.014,-25.0624,2.76188,-31.4028,0.113252,1.38596,0.03119,19.345
1772222462015872384,2026-02-27 15:01:02.015,-24.878,2.77292,-31.2044,0.113926,1.3725,0.029066,19.346000000000004
1772222462017046534,2026-02-27 15:01:02.017,-24.3198,2.78717,-30.7721,0.119331,1.34407,0.029532,19.348
1772222462018240621,2026-02-27 15:01:02.018,-24.0366,2.81659,-31.5833,0.119301,1.32855,0.038783,19.349000000000004
1772222462019440369,2026-02-27 15:01:02.019,-23.7655,2.89378,-31.0428,0.123884,1.31364,0.034588,19.35000000000001
1772222462020674365,2026-02-27 15:01:02.020,-23.5098,2.91571,-30.8773,0.124374,1.29873,0.034565,19.351
1772222462021831481,2026-02-27 15:01:02.021,-23.2129,2.89495,-30.1208,0.128374,1.28269,0.028504,19.352000000000004
1772222462023006338,2026-02-27 15:01:02.023,-22.6668,2.95269,-29.5384,0.131537,1.25101,0.024386,19.354
1772222462024189674,2026-02-27 15:01:02.024,-22.3688,2.92123,-29.2864,0.130431,1.23266,0.023521,19.355000000000004
1772222462025361342,2026-02-27 15:01:02.025,-22.1124,2.96172,-29.2459,0.13102,1.21664,0.023885,19.35600000000001
1772222462026578655,2026-02-27 15:01:02.026,-21.7952,2.9961,-28.0993,0.135858,1.19874,0.014258,19.357
1772222462027711851,2026-02-27 15:01:02.027,-21.4936,3.02861,-27.9718,0.134854,1.18106,0.013776,19.358000000000004
1772222462028899287,2026-02-27 15:01:02.028,-21.219,3.04341,-27.8843,0.138875,1.1638,0.013378,19.35900000000001
1772222462030076666,2026-02-27 15:01:02.030,-20.6169,3.06874,-28.5194,0.139887,1.12595,0.020974,19.361000000000004
1772222462031272048,2026-02-27 15:01:02.031,-20.2544,3.04918,-28.5256,0.145099,1.10836,0.019631,19.36200000000001
1772222462032486545,2026-02-27 15:01:02.032,-19.9288,3.08785,-28.3617,0.144482,1.08839,0.019842,19.363
1772222462033619247,2026-02-27 15:01:02.033,-19.6467,3.15226,-28.2515,0.144311,1.0682,0.018794,19.364000000000004
1772222462034797996,2026-02-27 15:01:02.034,-19.331,3.06729,-28.3846,0.142424,1.04685,0.020696,19.36500000000001
1772222462035975989,2026-02-27 15:01:02.035,-18.9409,3.07494,-29.071,0.143741,1.02547,0.026641,19.366
1772222462037156411,2026-02-27 15:01:02.037,-18.3035,3.04425,-28.3498,0.145464,0.983208,0.01985,19.36800000000001
1772222462038356817,2026-02-27 15:01:02.038,-17.9281,3.05478,-27.8544,0.145798,0.961032,0.016196,19.369
1772222462039561693,2026-02-27 15:01:02.039,-17.546,3.09698,-27.6977,0.145629,0.938539,0.014498,19.370000000000005
1772222462040699690,2026-02-27 15:01:02.040,-17.2546,3.1259,-27.6498,0.146828,0.916466,0.013661,19.37100000000001
1772222462041923921,2026-02-27 15:01:02.041,-16.843,3.09978,-27.6027,0.147499,0.895175,0.013343,19.372
1772222462043102351,2026-02-27 15:01:02.043,-16.1222,3.09028,-26.2789,0.145742,0.848133,0.001508,19.37400000000001
1772222462044304171,2026-02-27 15:01:02.044,-15.8195,3.04923,-26.6715,0.144061,0.825821,0.005666,19.375
1772222462045520998,2026-02-27 15:01:02.045,-15.3522,3.02767,-26.6199,0.144844,0.801826,0.004724,19.376000000000005
1772222462046658295,2026-02-27 15:01:02.046,-14.9997,2.95858,-27.1228,0.146898,0.779401,0.010567,19.37700000000001
1772222462047856348,2026-02-27 15:01:02.047,-14.6407,2.93256,-27.3281,0.14062,0.756998,0.010865,19.378
1772222462049034298,2026-02-27 15:01:02.049,-14.2695,2.91711,-27.2413,0.144586,0.732843,0.007506,19.38000000000001
1772222462050215067,2026-02-27 15:01:02.050,-13.5105,2.89101,-27.0742,0.139505,0.686721,0.007521,19.381
1772222462051414494,2026-02-27 15:01:02.051,-13.1328,2.82582,-27.9225,0.133741,0.664009,0.015991,19.382000000000005
1772222462052551431,2026-02-27 15:01:02.052,-12.6821,2.84457,-27.7923,0.13544,0.641699,0.015545,19.38300000000001
1772222462053684620,2026-02-27 15:01:02.053,-12.3449,2.8314,-27.745,0.135436,0.618684,0.014861,19.384
1772222462054864332,2026-02-27 15:01:02.054,-11.9761,2.79272,-27.1897,0.133857,0.597864,0.008166,19.385000000000005
1772222462056042794,2026-02-27 15:01:02.056,-11.6535,2.77167,-26.9993,0.133192,0.573787,0.004149,19.387
1772222462057226865,2026-02-27 15:01:02.057,-10.9438,2.78722,-26.9642,0.133207,0.530457,0.002712,19.388000000000005
1772222462058423124,2026-02-27 15:01:02.058,-10.6187,2.7438,-26.981,0.133946,0.510348,0.002596,19.38900000000001
1772222462059577344,2026-02-27 15:01:02.059,-10.3384,2.75709,-26.5618,0.133196,0.490252,-0.002167,19.39
1772222462060715323,2026-02-27 15:01:02.060,-10.0432,2.77595,-26.1753,0.133822,0.471555,-0.008013,19.391000000000005
1772222462061895830,2026-02-27 15:01:02.061,-9.683,2.73128,-26.5573,0.13418,0.451062,-0.00515,19.39200000000001
1772222462063072690,2026-02-27 15:01:02.063,-9.39215,2.7072,-27.0458,0.134887,0.433222,-0.001685,19.394000000000005
1772222462064253909,2026-02-27 15:01:02.064,-8.80308,2.60994,-27.9834,0.132802,0.39289,-0.001178,19.39500000000001
1772222462065475764,2026-02-27 15:01:02.065,-8.61114,2.65811,-28.1012,0.130407,0.374959,-0.001962,19.396
1772222462066609907,2026-02-27 15:01:02.066,-8.35239,2.58242,-28.3457,0.131772,0.358558,-0.001585,19.397000000000006
1772222462067740648,2026-02-27 15:01:02.067,-8.03803,2.55925,-28.5152,0.12741,0.340647,-0.000412,19.39800000000001
1772222462068919243,2026-02-27 15:01:02.068,-7.78772,2.49492,-29.8201,0.125945,0.324176,0.009372,19.399
1772222462070100589,2026-02-27 15:01:02.070,-7.53408,2.45524,-29.6399,0.127043,0.305894,0.003834,19.40100000000001
1772222462071280723,2026-02-27 15:01:02.071,-7.13023,2.28565,-29.5503,0.113086,0.271398,-0.001128,19.402
1772222462072489730,2026-02-27 15:01:02.072,-6.83932,2.21825,-29.4917,0.112667,0.258242,-0.000257,19.403000000000006
1772222462073627749,2026-02-27 15:01:02.073,-6.59804,2.15534,-29.7855,0.109564,0.239816,-0.002089,19.40400000000001
1772222462074822544,2026-02-27 15:01:02.074,-6.37387,2.16438,-30.1498,0.104688,0.224184,-0.005698,19.405
1772222462076017756,2026-02-27 15:01:02.076,-6.21809,2.02994,-30.4376,0.101276,0.209536,-0.005445,19.40700000000001
1772222462077196275,2026-02-27 15:01:02.077,-5.77525,1.9248,-29.9561,0.096035,0.18243,-0.01032,19.408
1772222462078394510,2026-02-27 15:01:02.078,-5.62053,1.77061,-30.3035,0.089247,0.170165,-0.010429,19.409000000000006
1772222462079544306,2026-02-27 15:01:02.079,-5.37366,1.71758,-31.1224,0.088674,0.156327,-0.00637,19.41000000000001
1772222462080700478,2026-02-27 15:01:02.080,-5.20239,1.60897,-31.7618,0.081137,0.141971,-0.002338,19.411
1772222462081898577,2026-02-27 15:01:02.081,-5.01298,1.51531,-31.991,0.077753,0.131168,-0.001465,19.412000000000006
1772222462083082029,2026-02-27 15:01:02.083,-4.85679,1.39057,-32.2218,0.070212,0.120675,-0.000682,19.414
1772222462084255267,2026-02-27 15:01:02.084,-4.59739,1.19658,-33.4568,0.057571,0.09655,0.000615,19.415000000000006
1772222462085470531,2026-02-27 15:01:02.085,-4.40434,1.12151,-34.2616,0.055794,0.085212,0.005492,19.41600000000001
1772222462086603852,2026-02-27 15:01:02.086,-4.24945,0.994964,-34.2808,0.047968,0.075663,0.005089,19.417
1772222462087734993,2026-02-27 15:01:02.087,-4.16438,0.891655,-34.3259,0.039906,0.066474,0.002151,19.418000000000006
1772222462088915712,2026-02-27 15:01:02.088,-3.44407,0.785681,-34.6072,0.032412,0.066316,0.003295,19.41900000000001
1772222462090102966,2026-02-27 15:01:02.090,-2.4785,0.637511,-35.1207,0.033518,0.109784,0.011365,19.421000000000006
1772222462091276238,2026-02-27 15:01:02.091,-0.927059,0.389871,-36.4,0.021758,0.180408,0.026278,19.42200000000001
1772222462092490305,2026-02-27 15:01:02.092,-0.114915,0.274931,-36.6528,0.032037,0.216295,0.028495,19.423000000000002
1772222462093626934,2026-02-27 15:01:02.093,0.332149,0.190858,-35.9645,0.028276,0.248427,0.02182,19.424000000000007
1772222462094805821,2026-02-27 15:01:02.094,0.649182,0.071725,-36.6375,0.025279,0.271834,0.026558,19.42500000000001
1772222462095978744,2026-02-27 15:01:02.095,1.00568,-0.014165,-36.9177,0.019418,0.289274,0.027051,19.426000000000002
1772222462097155489,2026-02-27 15:01:02.097,1.21536,-0.200002,-37.565,0.016458,0.310276,0.030582,19.42800000000001
1772222462098337605,2026-02-27 15:01:02.098,1.3939,-0.468833,-38.0797,0.010505,0.340638,0.023063,19.429000000000002
1772222462099567768,2026-02-27 15:01:02.099,1.38269,-0.622691,-38.3065,0.005703,0.357135,0.014183,19.430000000000007
1772222462100704654,2026-02-27 15:01:02.100,1.41981,-0.752075,-38.5484,0.009209,0.372513,0.008248,19.43100000000001
1772222462101897542,2026-02-27 15:01:02.101,1.2892,-0.929328,-39.8589,0.004408,0.389229,0.009075,19.432000000000002
1772222462103100848,2026-02-27 15:01:02.103,1.10095,-1.08937,-39.8321,0.006478,0.401011,-0.00149,19.43400000000001
1772222462104274634,2026-02-27 15:01:02.104,0.638937,-1.26499,-39.65,0.010888,0.427707,-0.023742,19.435000000000002
1772222462105479126,2026-02-27 15:01:02.105,0.182586,-1.38522,-39.5641,0.007981,0.439906,-0.035064,19.436000000000007
1772222462106612924,2026-02-27 15:01:02.106,-0.179808,-1.42335,-39.5998,0.013492,0.450568,-0.042631,19.437000000000012
1772222462107790803,2026-02-27 15:01:02.107,-0.624172,-1.47945,-39.7122,0.017135,0.460899,-0.051305,19.438000000000002
1772222462108964797,2026-02-27 15:01:02.108,-1.14865,-1.50565,-39.8732,0.017925,0.471757,-0.059158,19.439000000000007
1772222462110145287,2026-02-27 15:01:02.110,-1.6966,-1.50071,-39.2251,0.021355,0.479382,-0.072411,19.441000000000003
1772222462111320840,2026-02-27 15:01:02.111,-2.7306,-1.50451,-39.3605,0.02841,0.497055,-0.082053,19.442000000000007
1772222462112536986,2026-02-27 15:01:02.112,-3.2902,-1.46913,-39.9664,0.030664,0.505609,-0.081061,19.443000000000012
1772222462113670451,2026-02-27 15:01:02.113,-3.93552,-1.41835,-40.6091,0.032906,0.515199,-0.080903,19.444000000000003
1772222462114890318,2026-02-27 15:01:02.114,-4.44179,-1.41316,-40.8798,0.034121,0.521956,-0.081263,19.445000000000007
1772222462116093213,2026-02-27 15:01:02.116,-5.05583,-1.41119,-40.9597,0.028993,0.528304,-0.080304,19.447000000000003
1772222462117268436,2026-02-27 15:01:02.117,-6.21479,-1.37526,-41.5837,0.016669,0.538563,-0.075893,19.448000000000008
1772222462118443182,2026-02-27 15:01:02.118,-6.71588,-1.30357,-42.8546,0.015428,0.547913,-0.063406,19.449000000000012
1772222462119595002,2026-02-27 15:01:02.119,-7.26024,-1.29284,-42.6868,0.009857,0.553748,-0.062774,19.450000000000003
1772222462120728588,2026-02-27 15:01:02.120,-7.83082,-1.34963,-42.8964,0.000136,0.560411,-0.060762,19.451000000000008
1772222462121927055,2026-02-27 15:01:02.121,-8.38897,-1.36262,-42.8493,-0.010828,0.565325,-0.060728,19.452000000000012
1772222462123126600,2026-02-27 15:01:02.123,-8.85334,-1.38263,-43.0162,-0.015911,0.572482,-0.05843,19.454000000000008
1772222462124302556,2026-02-27 15:01:02.124,-9.69306,-1.34647,-43.491,-0.035937,0.580054,-0.04826,19.455000000000013
1772222462125495503,2026-02-27 15:01:02.125,-9.92229,-1.45661,-43.625,-0.047184,0.58899,-0.041157,19.456000000000003
1772222462126633858,2026-02-27 15:01:02.126,-10.1739,-1.50856,-42.9544,-0.052543,0.608257,-0.04449,19.457000000000008
1772222462127833325,2026-02-27 15:01:02.127,-10.4185,-1.55951,-43.7046,-0.063504,0.618628,-0.036633,19.458000000000013
1772222462129034761,2026-02-27 15:01:02.129,-10.7243,-1.55136,-44.2433,-0.064204,0.644948,-0.03545,19.460000000000008
1772222462130211573,2026-02-27 15:01:02.130,-11.0766,-1.58291,-45.14,-0.073572,0.651305,-0.030499,19.461000000000013
1772222462131389354,2026-02-27 15:01:02.131,-11.8199,-1.69159,-45.9698,-0.089843,0.661713,-0.027884,19.462000000000003
1772222462132652137,2026-02-27 15:01:02.132,-11.9122,-1.73306,-46.0936,-0.094466,0.66995,-0.027929,19.463000000000008
1772222462133857652,2026-02-27 15:01:02.133,-11.9528,-1.80149,-46.5451,-0.094296,0.698599,-0.026695,19.464
1772222462135060878,2026-02-27 15:01:02.135,-12.1876,-1.85649,-48.0126,-0.09718,0.731601,-0.017061,19.466000000000008
1772222462136238252,2026-02-27 15:01:02.136,-12.6195,-1.8619,-48.7502,-0.109335,0.739592,-0.015035,19.467
1772222462137416978,2026-02-27 15:01:02.137,-13.5014,-1.9315,-49.0297,-0.117146,0.763987,-0.021447,19.468000000000004
1772222462138535199,2026-02-27 15:01:02.138,-14.0946,-2.02435,-49.1455,-0.129341,0.769081,-0.024758,19.46900000000001
1772222462139668632,2026-02-27 15:01:02.139,-14.544,-2.06625,-49.3898,-0.13489,0.774006,-0.023141,19.47
1772222462140849474,2026-02-27 15:01:02.140,-15.0121,-2.11244,-49.674,-0.139898,0.778668,-0.018531,19.471000000000004
1772222462142058073,2026-02-27 15:01:02.142,-15.4666,-2.16334,-49.9695,-0.145926,0.78153,-0.012224,19.473
1772222462143237291,2026-02-27 15:01:02.143,-15.8848,-2.22512,-49.8902,-0.154764,0.78663,-0.010315,19.474000000000004
1772222462144418965,2026-02-27 15:01:02.144,-16.8187,-2.17138,-50.006,-0.168178,0.806959,-0.001644,19.47500000000001
1772222462145572831,2026-02-27 15:01:02.145,-17.3219,-2.10852,-50.5486,-0.170571,0.820077,0.005394,19.476
1772222462146709219,2026-02-27 15:01:02.146,-17.6412,-2.02108,-51.3116,-0.172872,0.834038,0.012422,19.477000000000004
1772222462147886498,2026-02-27 15:01:02.147,-18.0044,-1.99008,-51.7501,-0.178138,0.845961,0.016174,19.47800000000001
1772222462149091622,2026-02-27 15:01:02.149,-18.3769,-1.98752,-52.0655,-0.179932,0.868342,0.017123,19.480000000000004
1772222462150268244,2026-02-27 15:01:02.150,-18.7583,-1.97593,-52.3326,-0.17972,0.888051,0.016909,19.48100000000001
1772222462151446336,2026-02-27 15:01:02.151,-19.4697,-1.96266,-53.9794,-0.181559,0.929611,0.027929,19.482
1772222462152599625,2026-02-27 15:01:02.152,-19.8926,-1.89563,-53.8731,-0.178313,0.949184,0.023556,19.483000000000004
1772222462153776697,2026-02-27 15:01:02.153,-20.1809,-1.90499,-54.0319,-0.175161,0.968276,0.022767,19.48400000000001
1772222462154978154,2026-02-27 15:01:02.154,-20.6551,-1.9116,-53.6642,-0.176348,0.98973,0.018619,19.485
1772222462156183107,2026-02-27 15:01:02.156,-20.9753,-1.82296,-53.5068,-0.173136,1.01032,0.016133,19.48700000000001
1772222462157359423,2026-02-27 15:01:02.157,-21.6586,-1.70115,-53.6649,-0.170528,1.0515,0.01466,19.488
1772222462158563422,2026-02-27 15:01:02.158,-22.0386,-1.59176,-53.7271,-0.166359,1.0716,0.014475,19.489000000000004
1772222462159715688,2026-02-27 15:01:02.159,-22.4405,-1.48186,-52.9722,-0.160309,1.0961,0.004689,19.49000000000001
1772222462160872238,2026-02-27 15:01:02.160,-22.7835,-1.28289,-53.0897,-0.156097,1.11954,0.003812,19.491
1772222462162046759,2026-02-27 15:01:02.162,-23.2152,-1.18064,-53.2092,-0.152689,1.14233,0.002924,19.49300000000001
1772222462163246017,2026-02-27 15:01:02.163,-23.5614,-0.994033,-53.8488,-0.138986,1.16673,0.007706,19.494
1772222462164425450,2026-02-27 15:01:02.164,-24.4031,-0.766937,-54.4993,-0.12691,1.21288,0.010078,19.495000000000005
1772222462165557207,2026-02-27 15:01:02.165,-24.8173,-0.576284,-54.6375,-0.123511,1.23646,0.008993,19.49600000000001
1772222462166688963,2026-02-27 15:01:02.166,-25.2106,-0.399776,-54.7362,-0.111087,1.26152,0.008718,19.497
1772222462167871106,2026-02-27 15:01:02.167,-25.6485,-0.276158,-55.2663,-0.108302,1.28524,0.011437,19.498000000000005
1772222462169071576,2026-02-27 15:01:02.169,-25.9414,-0.089054,-55.9875,-0.096796,1.31067,0.016296,19.5
1772222462170266789,2026-02-27 15:01:02.170,-26.3699,0.073538,-55.8967,-0.082487,1.3355,0.011908,19.501000000000005
1772222462171443741,2026-02-27 15:01:02.171,-27.1793,0.336066,-55.4709,-0.069157,1.3855,0.005659,19.50200000000001
1772222462172602099,2026-02-27 15:01:02.172,-27.5957,0.459905,-55.3801,-0.060985,1.40959,0.004116,19.503
1772222462173736764,2026-02-27 15:01:02.173,-28.0089,0.648298,-55.5276,-0.052101,1.43474,0.004824,19.504000000000005
1772222462174867437,2026-02-27 15:01:02.174,-28.3679,0.724612,-55.5927,-0.049096,1.45754,0.005184,19.50500000000001
1772222462176039816,2026-02-27 15:01:02.176,-28.7666,0.891576,-55.692,-0.041625,1.47989,0.00463,19.507000000000005
1772222462177238554,2026-02-27 15:01:02.177,-29.1256,0.995934,-54.5968,-0.033901,1.50187,-0.00407,19.50800000000001
1772222462178413137,2026-02-27 15:01:02.178,-29.8969,1.201,-55.3475,-0.021286,1.54709,0.001424,19.509
1772222462179555552,2026-02-27 15:01:02.179,-30.2175,1.26539,-55.9774,-0.015899,1.56539,0.007328,19.510000000000005
1772222462180687635,2026-02-27 15:01:02.180,-30.5459,1.31119,-56.3657,-0.012507,1.58681,0.010494,19.51100000000001
1772222462181864483,2026-02-27 15:01:02.181,-30.8222,1.36274,-56.5098,-0.008931,1.60513,0.010615,19.512
1772222462183063399,2026-02-27 15:01:02.183,-31.1392,1.42417,-56.6264,-0.002782,1.62215,0.012776,19.51400000000001
1772222462184263972,2026-02-27 15:01:02.184,-31.414,1.4737,-56.7905,0.000784,1.64123,0.012872,19.515
1772222462185440324,2026-02-27 15:01:02.185,-31.889,1.55802,-58.1405,0.004685,1.67542,0.022908,19.516000000000005
1772222462186593018,2026-02-27 15:01:02.186,-32.061,1.50427,-58.2903,0.005386,1.69002,0.023972,19.51700000000001
1772222462187728373,2026-02-27 15:01:02.187,-32.3895,1.47435,-57.8804,0.000332,1.70318,0.019581,19.518
1772222462188906059,2026-02-27 15:01:02.188,-32.5633,1.4733,-57.9048,0.001132,1.71575,0.016932,19.519000000000005
1772222462190105145,2026-02-27 15:01:02.190,-32.7766,1.40141,-58.0941,-0.001622,1.72535,0.01735,19.521
1772222462191306527,2026-02-27 15:01:02.191,-33.0025,1.38606,-58.427,-0.003375,1.73589,0.017947,19.522000000000006
1772222462192491144,2026-02-27 15:01:02.192,-33.2686,1.2028,-58.3176,-0.012673,1.74967,0.012745,19.52300000000001
1772222462193630711,2026-02-27 15:01:02.193,-33.3461,1.07251,-58.1403,-0.015225,1.75487,0.010335,19.524
1772222462194823808,2026-02-27 15:01:02.194,-33.4548,1.01505,-58.6068,-0.019441,1.75939,0.012729,19.525000000000006
1772222462196024960,2026-02-27 15:01:02.196,-33.4913,0.936884,-59.1945,-0.024415,1.76149,0.018228,19.527
1772222462197225402,2026-02-27 15:01:02.197,-33.5112,0.853832,-59.879,-0.030715,1.76043,0.022827,19.528000000000006
1772222462198405453,2026-02-27 15:01:02.198,-33.4365,0.680802,-60.168,-0.036078,1.75846,0.023302,19.52900000000001
1772222462199538624,2026-02-27 15:01:02.199,-33.2911,0.466349,-60.4528,-0.052411,1.74566,0.02557,19.53
1772222462200674424,2026-02-27 15:01:02.200,-33.1122,0.242226,-60.6246,-0.057349,1.73707,0.026985,19.531000000000006
1772222462201854196,2026-02-27 15:01:02.201,-32.9197,0.071043,-61.8165,-0.069673,1.72517,0.037578,19.53200000000001
1772222462203060025,2026-02-27 15:01:02.203,-32.7186,-0.061201,-61.5078,-0.076417,1.71117,0.033785,19.534000000000006
1772222462204260444,2026-02-27 15:01:02.204,-32.4904,-0.305903,-61.5554,-0.087267,1.69657,0.034553,19.53500000000001
1772222462205435187,2026-02-27 15:01:02.205,-32.2069,-0.463076,-61.1029,-0.095356,1.67773,0.030609,19.536
1772222462206588018,2026-02-27 15:01:02.206,-31.5725,-0.825147,-60.8989,-0.118808,1.63728,0.030062,19.537000000000006
1772222462207765330,2026-02-27 15:01:02.207,-31.2121,-0.986832,-60.9077,-0.127623,1.61566,0.031397,19.53800000000001
1772222462208964420,2026-02-27 15:01:02.208,-30.8459,-1.16622,-60.7282,-0.141063,1.59177,0.031692,19.539
1772222462210167111,2026-02-27 15:01:02.210,-30.4011,-1.29764,-59.6461,-0.148578,1.56784,0.022124,19.54100000000001
1772222462211373031,2026-02-27 15:01:02.211,-29.9765,-1.45844,-59.7297,-0.155402,1.5434,0.025815,19.542
1772222462212535918,2026-02-27 15:01:02.212,-29.0943,-1.81132,-60.0338,-0.170536,1.49161,0.032243,19.543000000000006
1772222462213683621,2026-02-27 15:01:02.213,-28.6932,-1.98731,-60.1573,-0.18076,1.46435,0.035461,19.54400000000001
1772222462214901536,2026-02-27 15:01:02.214,-28.1381,-2.10679,-60.0097,-0.187993,1.43767,0.035195,19.545
1772222462216101339,2026-02-27 15:01:02.216,-27.6918,-2.24286,-59.7879,-0.195189,1.40924,0.035689,19.54700000000001
1772222462217299951,2026-02-27 15:01:02.217,-27.1766,-2.32128,-59.6219,-0.198959,1.38204,0.035772,19.548000000000002
1772222462218489197,2026-02-27 15:01:02.218,-26.7522,-2.45761,-59.9131,-0.207339,1.35369,0.043019,19.549000000000007
1772222462219634483,2026-02-27 15:01:02.219,-26.2982,-2.63117,-60.1523,-0.213904,1.32653,0.045578,19.55000000000001
1772222462220858556,2026-02-27 15:01:02.220,-25.4753,-2.76693,-59.1546,-0.225648,1.27005,0.039562,19.551000000000002
1772222462222058873,2026-02-27 15:01:02.222,-24.9522,-2.85054,-58.6026,-0.223829,1.242,0.036989,19.55300000000001
1772222462223259511,2026-02-27 15:01:02.223,-24.5859,-2.8939,-58.2825,-0.227197,1.21571,0.034906,19.554000000000002
1772222462224435183,2026-02-27 15:01:02.224,-23.768,-2.92946,-57.9935,-0.230643,1.1639,0.035069,19.555000000000007
1772222462225591726,2026-02-27 15:01:02.225,-23.4216,-2.99549,-57.6933,-0.2316,1.13842,0.033012,19.55600000000001
1772222462226741694,2026-02-27 15:01:02.226,-23.0593,-2.94389,-56.6148,-0.2302,1.11399,0.024211,19.557000000000002
1772222462227913810,2026-02-27 15:01:02.227,-22.6044,-2.99015,-56.8154,-0.229705,1.09047,0.027595,19.558000000000007
1772222462229086809,2026-02-27 15:01:02.229,-22.2715,-3.00019,-56.6372,-0.235539,1.06688,0.02837,19.560000000000002
1772222462230259921,2026-02-27 15:01:02.230,-21.9076,-2.97913,-56.9432,-0.232132,1.0456,0.032239,19.561000000000007
1772222462231432709,2026-02-27 15:01:02.231,-21.2359,-2.79436,-56.5141,-0.231616,1.00352,0.032833,19.562000000000012
1772222462232586523,2026-02-27 15:01:02.232,-20.9337,-2.77697,-56.1631,-0.230103,0.984182,0.032544,19.563000000000002
1772222462233759599,2026-02-27 15:01:02.233,-20.5524,-2.64341,-55.8667,-0.227979,0.967325,0.031578,19.564000000000007
1772222462234956760,2026-02-27 15:01:02.234,-20.232,-2.48484,-56.5719,-0.226069,0.950718,0.040353,19.565000000000012
1772222462236157281,2026-02-27 15:01:02.236,-19.9196,-2.37982,-55.792,-0.223487,0.933848,0.03691,19.567000000000007
1772222462237356092,2026-02-27 15:01:02.237,-19.5973,-2.21396,-55.4304,-0.215363,0.918442,0.035494,19.568000000000012
1772222462238530696,2026-02-27 15:01:02.238,-19.3904,-2.00297,-54.3774,-0.211806,0.904554,0.030587,19.569000000000003
1772222462239677044,2026-02-27 15:01:02.239,-19.0882,-1.84116,-53.5932,-0.205271,0.887161,0.026634,19.570000000000007
1772222462240896006,2026-02-27 15:01:02.240,-18.6274,-1.36274,-52.6444,-0.184319,0.863128,0.023469,19.571000000000012
1772222462242095843,2026-02-27 15:01:02.242,-18.3634,-1.10284,-52.1006,-0.175587,0.85171,0.022191,19.573000000000008
1772222462243299487,2026-02-27 15:01:02.243,-18.2662,-0.784411,-50.7548,-0.162894,0.841175,0.013223,19.574000000000012
1772222462244645339,2026-02-27 15:01:02.244,-18.0042,-0.496195,-50.0093,-0.146748,0.83303,0.009617,19.575000000000003
1772222462245867226,2026-02-27 15:01:02.245,-17.7007,0.130631,-49.4893,-0.120536,0.817584,0.009785,19.576000000000008
1772222462247070925,2026-02-27 15:01:02.247,-17.5116,0.510023,-49.3278,-0.099801,0.812949,0.011546,19.578000000000003
1772222462248270157,2026-02-27 15:01:02.248,-17.3984,0.930168,-48.7117,-0.080061,0.808893,0.008894,19.579000000000008
1772222462249481198,2026-02-27 15:01:02.249,-17.3316,1.35889,-48.0487,-0.059006,0.80591,0.005242,19.580000000000013
1772222462250661057,2026-02-27 15:01:02.250,-17.2766,1.82349,-47.5011,-0.036089,0.805911,0.000694,19.581000000000003
1772222462251881539,2026-02-27 15:01:02.251,-17.1478,2.70046,-47.3528,0.016563,0.804679,0.002944,19.582000000000008
1772222462253082651,2026-02-27 15:01:02.253,-17.2641,3.19368,-46.3208,0.040843,0.806631,-0.004429,19.584000000000003
1772222462254283050,2026-02-27 15:01:02.254,-17.2229,3.69113,-45.5568,0.070537,0.811551,-0.010473,19.585000000000008
1772222462255622737,2026-02-27 15:01:02.255,-17.3346,4.20896,-44.5048,0.095014,0.817339,-0.017663,19.586000000000013
1772222462256838379,2026-02-27 15:01:02.256,-17.5149,5.33438,-43.1509,0.161986,0.833334,-0.025074,19.587000000000003
1772222462258037598,2026-02-27 15:01:02.258,-17.6775,5.89609,-42.6325,0.194031,0.843071,-0.028134,19.589
1772222462259219575,2026-02-27 15:01:02.259,-17.8563,6.4615,-41.9927,0.227409,0.856331,-0.030927,19.590000000000003
1772222462260427599,2026-02-27 15:01:02.260,-18.0252,7.08343,-40.3124,0.262783,0.868251,-0.043312,19.591000000000008
1772222462261553873,2026-02-27 15:01:02.261,-18.2409,7.70312,-40.2266,0.297975,0.884007,-0.042302,19.592
1772222462262689452,2026-02-27 15:01:02.262,-18.678,8.90579,-39.8202,0.371784,0.918627,-0.044841,19.593000000000004
1772222462263862521,2026-02-27 15:01:02.263,-18.9537,9.5562,-39.6712,0.408424,0.937121,-0.044182,19.59400000000001
1772222462265065848,2026-02-27 15:01:02.265,-19.2669,10.1911,-39.1766,0.441437,0.956874,-0.046832,19.596000000000004
1772222462266265784,2026-02-27 15:01:02.266,-19.4855,10.821,-38.7629,0.478435,0.976598,-0.049072,19.59700000000001
1772222462267478526,2026-02-27 15:01:02.267,-19.7927,11.4021,-38.5331,0.517212,0.997436,-0.051369,19.598
1772222462268615421,2026-02-27 15:01:02.268,-20.1499,12.0594,-39.0667,0.553316,1.02336,-0.046032,19.599000000000004
1772222462269751942,2026-02-27 15:01:02.269,-21.0266,13.3757,-38.7973,0.631556,1.07641,-0.050012,19.60000000000001
1772222462270887008,2026-02-27 15:01:02.270,-21.5168,13.9663,-38.0051,0.668052,1.10453,-0.057813,19.601
1772222462272096326,2026-02-27 15:01:02.272,-21.9859,14.6582,-37.4435,0.699726,1.13494,-0.064765,19.60300000000001
1772222462273301671,2026-02-27 15:01:02.273,-22.3592,15.3281,-37.1401,0.741375,1.16609,-0.068738,19.604
1772222462274518147,2026-02-27 15:01:02.274,-22.9629,15.9497,-37.1096,0.782947,1.1985,-0.072136,19.605000000000004
1772222462275686928,2026-02-27 15:01:02.275,-23.5494,16.6393,-36.997,0.824026,1.23454,-0.072323,19.60600000000001
1772222462276909032,2026-02-27 15:01:02.276,-24.728,17.8956,-35.7062,0.899207,1.30767,-0.086644,19.607
1772222462278119605,2026-02-27 15:01:02.278,-25.2785,18.2872,-36.0135,0.933354,1.34035,-0.088408,19.60900000000001
1772222462279321475,2026-02-27 15:01:02.279,-25.7575,18.924,-35.92,0.980733,1.38072,-0.087987,19.61
1772222462280533951,2026-02-27 15:01:02.280,-26.1585,19.25,-36.5856,0.979335,1.3891,-0.083829,19.611000000000004
1772222462281667916,2026-02-27 15:01:02.281,-27.1358,20.0329,-35.9197,1.04308,1.42935,-0.068501,19.61200000000001
1772222462282846523,2026-02-27 15:01:02.282,-27.8293,20.5225,-34.873,1.06548,1.41538,-0.080466,19.613
1772222462284047570,2026-02-27 15:01:02.284,-28.3506,20.9383,-32.4409,1.03559,1.28292,-0.088779,19.61500000000001
1772222462285187796,2026-02-27 15:01:02.285,-26.5701,20.9951,-36.4295,1.14933,1.62,-0.058524,19.616
1772222462286347434,2026-02-27 15:01:02.286,-28.0002,21.7224,-36.998,1.22204,1.72976,-0.052829,19.617000000000004
1772222462287572118,2026-02-27 15:01:02.287,-29.4088,22.5867,-37.1902,1.18354,1.65957,-0.069571,19.61800000000001
1772222462288708188,2026-02-27 15:01:02.288,-31.1739,23.2557,-37.148,1.25149,1.75209,-0.112989,19.619
1772222462289881413,2026-02-27 15:01:02.289,-31.7706,23.4034,-37.7776,1.2652,1.77862,-0.107258,19.620000000000005
1772222462291020293,2026-02-27 15:01:02.291,-32.3149,23.4459,-38.1434,1.26261,1.79929,-0.095955,19.622
1772222462292167369,2026-02-27 15:01:02.292,-32.8919,23.4685,-38.5292,1.25372,1.81169,-0.091713,19.623000000000005
1772222462293344816,2026-02-27 15:01:02.293,-33.5263,23.5023,-37.7397,1.27389,1.84464,-0.103355,19.62400000000001
1772222462294488863,2026-02-27 15:01:02.294,-34.1506,23.5623,-38.3684,1.2776,1.87286,-0.101522,19.625
1772222462295625884,2026-02-27 15:01:02.295,-34.7423,23.5374,-38.9505,1.28988,1.91198,-0.096507,19.626000000000005
1772222462296775905,2026-02-27 15:01:02.296,-36.0383,23.5913,-40.5863,1.29103,1.96717,-0.082062,19.62700000000001
1772222462297959573,2026-02-27 15:01:02.297,-36.4886,23.3378,-40.4593,1.2849,1.94735,-0.078716,19.628
1772222462299139403,2026-02-27 15:01:02.299,-36.6394,23.119,-40.0232,1.27109,1.9302,-0.075338,19.63000000000001
1772222462300323914,2026-02-27 15:01:02.300,-36.5391,22.9851,-40.1539,1.29652,2.0253,-0.059984,19.631
1772222462301522191,2026-02-27 15:01:02.301,-37.8307,22.9493,-36.5693,1.19642,1.70857,-0.072165,19.632000000000005
1772222462302656395,2026-02-27 15:01:02.302,-32.8149,21.0264,-24.4465,0.867074,1.01633,-0.088797,19.63300000000001
1772222462303837648,2026-02-27 15:01:02.303,-27.6194,19.6952,-21.3271,0.848914,1.07642,-0.037582,19.634
1772222462305016832,2026-02-27 15:01:02.305,-24.019,19.0061,-17.4998,0.739017,0.932239,-0.007932,19.63600000000001
1772222462306195671,2026-02-27 15:01:02.306,-20.3078,18.0544,-16.5092,0.850015,1.0542,0.001798,19.637
1772222462307376574,2026-02-27 15:01:02.307,-18.7423,18.003,-15.8686,0.897794,1.01439,-0.028145,19.638000000000005
1772222462308534420,2026-02-27 15:01:02.308,-17.0422,18.0783,-14.4649,0.82406,0.866033,-0.072266,19.63900000000001
1772222462309667177,2026-02-27 15:01:02.309,-15.2762,17.3863,-12.191,0.884895,0.879755,-0.109134,19.64
1772222462310810804,2026-02-27 15:01:02.310,-10.5745,15.418,-7.13402,0.656021,0.466911,-0.104241,19.641000000000005
1772222462312019938,2026-02-27 15:01:02.312,-8.45171,14.46,0.306397,0.506673,0.250736,-0.084255,19.643
1772222462313198929,2026-02-27 15:01:02.313,-5.39054,12.8351,3.75566,0.413409,0.240978,-0.049418,19.644000000000005
1772222462314379200,2026-02-27 15:01:02.314,-2.79956,11.0394,4.59206,0.368322,0.2243,-0.028617,19.64500000000001
1772222462315545288,2026-02-27 15:01:02.315,-0.477675,9.2685,2.54704,0.330318,0.173925,0.004657,19.646
1772222462316672689,2026-02-27 15:01:02.316,1.17533,7.56796,0.340358,0.331195,0.169255,0.020238,19.647000000000006
1772222462317824197,2026-02-27 15:01:02.317,3.2694,4.50021,-2.10183,0.285765,-0.0162,0.075511,19.64800000000001
1772222462318998738,2026-02-27 15:01:02.318,4.30572,3.17947,-1.10847,0.249429,-0.051811,0.089254,19.649
1772222462320173736,2026-02-27 15:01:02.320,5.56679,1.59248,-1.63465,0.231972,-0.050085,0.104499,19.65100000000001
1772222462321354262,2026-02-27 15:01:02.321,6.43647,0.213364,-0.286212,0.16469,-0.092371,0.127137,19.652
1772222462322542640,2026-02-27 15:01:02.322,6.75092,-0.43925,2.26341,0.105424,-0.067496,0.122121,19.653000000000006
1772222462323670727,2026-02-27 15:01:02.323,7.1669,-1.54723,4.18732,0.041403,-0.096072,0.124201,19.65400000000001
1772222462324821112,2026-02-27 15:01:02.324,7.93877,-3.73557,4.4476,-0.041722,-0.118039,0.122363,19.655
1772222462326016083,2026-02-27 15:01:02.326,7.69715,-3.72635,7.20161,-0.095117,-0.090017,0.084254,19.65700000000001
1772222462327190010,2026-02-27 15:01:02.327,7.61922,-4.35665,8.75825,-0.120147,-0.061213,0.05075,19.658
1772222462328383124,2026-02-27 15:01:02.328,7.4035,-4.9509,8.93659,-0.143059,-0.03257,0.015777,19.659000000000006
1772222462329535975,2026-02-27 15:01:02.329,7.15545,-5.42231,8.58094,-0.15247,-0.013775,-0.008722,19.66000000000001
1772222462330662112,2026-02-27 15:01:02.330,6.79972,-5.7863,8.29466,-0.155266,-0.000547,-0.025152,19.661
1772222462331830535,2026-02-27 15:01:02.331,6.58005,-6.32874,8.1672,-0.150945,0.015813,-0.017859,19.662000000000006
1772222462333006277,2026-02-27 15:01:02.333,6.8866,-6.66819,8.13747,-0.152784,0.018903,0.025679,19.664
1772222462334182588,2026-02-27 15:01:02.334,7.01294,-6.94306,8.06237,-0.160161,0.029922,0.085115,19.665000000000006
1772222462335355934,2026-02-27 15:01:02.335,7.39544,-7.3354,6.71636,-0.154999,0.046589,0.156847,19.66600000000001
1772222462336535950,2026-02-27 15:01:02.336,6.83944,-7.27771,7.47783,-0.172984,0.052129,0.191117,19.667
1772222462337664177,2026-02-27 15:01:02.337,4.89679,-6.93486,7.68863,-0.195005,0.039096,0.122418,19.668000000000006
1772222462338834576,2026-02-27 15:01:02.338,3.14009,-6.38569,8.2216,-0.148173,0.096315,0.01649,19.66900000000001
1772222462340014271,2026-02-27 15:01:02.340,2.15478,-6.11927,8.26637,-0.133335,0.133193,-0.007367,19.671000000000006
1772222462341189766,2026-02-27 15:01:02.341,1.15162,-5.81662,8.12499,-0.12207,0.166755,-0.018507,19.67200000000001
1772222462342361179,2026-02-27 15:01:02.342,0.33185,-5.61165,7.96386,-0.119154,0.19524,-0.020304,19.673000000000002
1772222462343557673,2026-02-27 15:01:02.343,-0.383797,-5.39348,8.85906,-0.110595,0.215386,-0.027521,19.674000000000007
1772222462344686843,2026-02-27 15:01:02.344,-0.891522,-5.22774,8.40372,-0.106788,0.22871,-0.0179,19.67500000000001
1772222462345857111,2026-02-27 15:01:02.345,-1.39357,-4.79076,8.62991,-0.11818,0.226667,0.00796,19.676000000000002
1772222462347054230,2026-02-27 15:01:02.347,-0.844693,-5.23298,10.8689,-0.192323,0.182156,0.029965,19.67800000000001
