abs_timestamp_ns,human_time,fx,fy,fz,tx,ty,tz,mocap_ref_time
1772222736181277179,2026-02-27 15:05:36.181,8.70398,-9.38722,-30.9721,-0.485369,-0.235375,-0.009899,23.50800000000001
1772222736182409596,2026-02-27 15:05:36.182,8.72532,-9.32166,-28.4771,-0.476787,-0.236768,-0.004454,23.509
1772222736183553381,2026-02-27 15:05:36.183,8.86993,-8.96764,-27.9409,-0.463438,-0.282212,0.010154,23.510000000000005
1772222736184694553,2026-02-27 15:05:36.184,8.48459,-8.10927,-22.0244,-0.400927,-0.360471,-0.000502,23.51100000000001
1772222736185826689,2026-02-27 15:05:36.185,8.28806,-7.59139,-20.3624,-0.38469,-0.366771,-0.005378,23.512
1772222736186974238,2026-02-27 15:05:36.186,8.03795,-7.32252,-18.4924,-0.374754,-0.3641,-0.007947,23.513000000000005
1772222736188102387,2026-02-27 15:05:36.188,8.23058,-7.0803,-17.5441,-0.369074,-0.347542,-0.001977,23.515
1772222736189248768,2026-02-27 15:05:36.189,9.08096,-6.90178,-20.8238,-0.421893,-0.361658,-0.00934,23.516000000000005
1772222736190425823,2026-02-27 15:05:36.190,9.54967,-7.14972,-21.4356,-0.416077,-0.375897,0.001575,23.51700000000001
1772222736191562160,2026-02-27 15:05:36.191,9.75441,-7.18476,-19.7407,-0.402456,-0.399537,0.017537,23.518
1772222736192719993,2026-02-27 15:05:36.192,10.0575,-6.70747,-19.1747,-0.402485,-0.428695,0.005557,23.519000000000005
1772222736193871458,2026-02-27 15:05:36.193,10.5707,-6.31785,-21.2685,-0.41267,-0.399754,-0.006148,23.52000000000001
1772222736195022645,2026-02-27 15:05:36.195,10.6933,-6.11337,-23.2342,-0.410491,-0.412201,-0.004609,23.522000000000006
1772222736196172144,2026-02-27 15:05:36.196,10.3358,-6.02226,-20.6679,-0.367689,-0.424259,0.006039,23.52300000000001
1772222736197301858,2026-02-27 15:05:36.197,10.3354,-5.57587,-19.1001,-0.346997,-0.446214,0.009832,23.524
1772222736198465663,2026-02-27 15:05:36.198,10.3571,-5.25816,-18.4551,-0.345265,-0.469809,-0.002291,23.525000000000006
1772222736199596975,2026-02-27 15:05:36.199,10.2738,-4.97302,-16.6668,-0.316677,-0.455031,-0.009267,23.52600000000001
1772222736200740465,2026-02-27 15:05:36.200,10.6557,-4.41074,-18.3126,-0.324558,-0.442042,0.000449,23.527
1772222736201873168,2026-02-27 15:05:36.201,11.0004,-4.36102,-19.7772,-0.314975,-0.449522,0.007688,23.528000000000006
1772222736203025216,2026-02-27 15:05:36.203,11.2731,-4.23598,-20.1971,-0.309631,-0.448894,0.013879,23.53
1772222736204175518,2026-02-27 15:05:36.204,11.3119,-4.08097,-20.0131,-0.2965,-0.444906,0.01789,23.531000000000006
1772222736205442765,2026-02-27 15:05:36.205,11.1719,-3.84842,-20.401,-0.295111,-0.43352,0.017956,23.53200000000001
1772222736206603318,2026-02-27 15:05:36.206,10.9032,-3.73498,-21.1193,-0.298613,-0.425822,0.011606,23.533
1772222736207765302,2026-02-27 15:05:36.207,10.2305,-3.8098,-21.3027,-0.288122,-0.411157,0.01377,23.534000000000006
1772222736208914321,2026-02-27 15:05:36.208,10.0023,-3.86124,-20.9149,-0.294262,-0.410805,0.012671,23.53500000000001
1772222736210065540,2026-02-27 15:05:36.210,9.71534,-4.0101,-19.8487,-0.289607,-0.402334,0.008185,23.537000000000006
1772222736211214077,2026-02-27 15:05:36.211,9.25951,-4.14149,-18.4342,-0.282146,-0.383709,0.009672,23.53800000000001
1772222736212387561,2026-02-27 15:05:36.212,8.93633,-4.20165,-18.0836,-0.28686,-0.373309,0.011257,23.539
1772222736213557201,2026-02-27 15:05:36.213,8.77235,-4.27825,-17.5587,-0.28949,-0.370318,0.011499,23.540000000000006
1772222736214701607,2026-02-27 15:05:36.214,8.40064,-4.39578,-15.5008,-0.263974,-0.360362,0.018506,23.54100000000001
1772222736215852819,2026-02-27 15:05:36.215,8.15103,-4.07264,-13.6731,-0.24932,-0.327985,0.017306,23.542
1772222736216985182,2026-02-27 15:05:36.216,8.00132,-3.97907,-13.1283,-0.232849,-0.31059,0.019109,23.543000000000006
1772222736218136140,2026-02-27 15:05:36.218,8.02964,-3.72691,-13.6017,-0.233748,-0.311066,0.019813,23.545
1772222736219283806,2026-02-27 15:05:36.219,8.14052,-3.61641,-14.3244,-0.248137,-0.316756,0.014283,23.546000000000006
1772222736220478862,2026-02-27 15:05:36.220,8.00708,-3.58517,-13.7275,-0.232448,-0.308201,0.017255,23.54700000000001
1772222736221609582,2026-02-27 15:05:36.221,8.29937,-3.48359,-14.2979,-0.227853,-0.311172,0.018252,23.548000000000002
1772222736222750720,2026-02-27 15:05:36.222,8.76033,-3.39457,-15.8841,-0.249115,-0.316057,0.011451,23.549000000000007
1772222736223903535,2026-02-27 15:05:36.223,8.46265,-3.18823,-14.8586,-0.20356,-0.288089,0.04765,23.55000000000001
1772222736225053442,2026-02-27 15:05:36.225,8.54086,-3.02493,-14.6261,-0.208049,-0.296367,0.039737,23.552000000000007
1772222736226204271,2026-02-27 15:05:36.226,8.31962,-2.89347,-13.1979,-0.19257,-0.290004,0.036679,23.55300000000001
1772222736227357258,2026-02-27 15:05:36.227,8.28564,-2.61637,-12.1758,-0.183304,-0.287417,0.030307,23.554000000000002
1772222736228508515,2026-02-27 15:05:36.228,8.0516,-2.50261,-11.1046,-0.16458,-0.283904,0.035278,23.555000000000007
1772222736229635744,2026-02-27 15:05:36.229,8.21455,-2.29495,-11.0495,-0.169975,-0.287683,0.029932,23.55600000000001
1772222736230778698,2026-02-27 15:05:36.230,8.12262,-2.2257,-11.3395,-0.179983,-0.298873,0.019995,23.557000000000002
1772222736231917054,2026-02-27 15:05:36.231,8.84641,-2.33442,-11.009,-0.15209,-0.267917,0.014487,23.558000000000007
1772222736233066803,2026-02-27 15:05:36.233,8.86654,-1.87646,-11.6688,-0.158734,-0.276427,0.034001,23.560000000000002
1772222736234217427,2026-02-27 15:05:36.234,8.30923,-1.55885,-11.7128,-0.135095,-0.278862,0.040339,23.561000000000007
1772222736235391059,2026-02-27 15:05:36.235,7.95756,-1.33521,-11.7888,-0.15411,-0.30382,0.023935,23.562000000000012
1772222736236561262,2026-02-27 15:05:36.236,8.15472,-1.36946,-10.9772,-0.143067,-0.30632,0.012986,23.563000000000002
1772222736237693837,2026-02-27 15:05:36.237,8.28823,-1.23404,-10.6591,-0.142795,-0.317688,0.004791,23.564000000000007
1772222736238856323,2026-02-27 15:05:36.238,8.05036,-1.09937,-9.85993,-0.125177,-0.311914,0.026656,23.565000000000012
1772222736239993281,2026-02-27 15:05:36.239,8.92373,-0.939426,-11.7991,-0.116649,-0.299542,0.036917,23.566000000000003
1772222736241154081,2026-02-27 15:05:36.241,9.50905,-0.844486,-12.9619,-0.173906,-0.320318,-0.002913,23.568000000000012
1772222736242307975,2026-02-27 15:05:36.242,9.03696,-1.13124,-10.3924,-0.127489,-0.303666,0.001688,23.569000000000003
1772222736243492519,2026-02-27 15:05:36.243,9.24467,-0.962777,-9.52515,-0.151719,-0.313555,-0.010608,23.570000000000007
1772222736244625344,2026-02-27 15:05:36.244,9.74304,-0.807243,-10.1045,-0.182537,-0.338449,-0.035535,23.571000000000012
1772222736245783682,2026-02-27 15:05:36.245,9.68156,-1.02554,-9.11553,-0.14047,-0.313578,-0.027944,23.572000000000003
1772222736246947510,2026-02-27 15:05:36.246,9.34132,-1.08018,-11.4808,-0.172357,-0.368109,-0.016334,23.573000000000008
1772222736248077558,2026-02-27 15:05:36.248,8.96552,-1.08888,-8.89697,-0.147337,-0.352242,-0.005443,23.575000000000003
1772222736249235127,2026-02-27 15:05:36.249,8.77087,-0.932723,-7.98078,-0.145472,-0.371295,-0.009543,23.576000000000008
1772222736250409290,2026-02-27 15:05:36.250,8.45376,-0.941755,-7.62529,-0.135047,-0.343062,-0.013647,23.577000000000012
1772222736251556514,2026-02-27 15:05:36.251,8.37724,-0.881435,-8.00656,-0.139881,-0.331476,-0.0179,23.578000000000003
1772222736252687577,2026-02-27 15:05:36.252,8.32661,-0.934235,-8.24041,-0.141624,-0.320362,-0.016309,23.579000000000008
1772222736253829483,2026-02-27 15:05:36.253,8.54325,-0.995983,-8.05735,-0.13549,-0.30899,-0.014912,23.580000000000013
1772222736254989214,2026-02-27 15:05:36.254,8.90874,-1.20023,-7.8954,-0.132939,-0.284047,-0.01589,23.581000000000003
1772222736256174694,2026-02-27 15:05:36.256,8.7966,-1.19233,-7.41223,-0.126846,-0.27904,-0.011658,23.583000000000013
1772222736257345764,2026-02-27 15:05:36.257,8.90921,-1.20016,-8.65796,-0.128977,-0.280401,-0.004748,23.584000000000003
1772222736258526889,2026-02-27 15:05:36.258,8.87924,-1.20253,-8.24634,-0.123959,-0.269453,-0.011185,23.585000000000008
1772222736259657005,2026-02-27 15:05:36.259,9.02434,-1.16562,-8.47427,-0.132174,-0.263086,-0.016767,23.586000000000013
1772222736260842691,2026-02-27 15:05:36.260,8.96108,-1.1558,-8.1088,-0.134303,-0.258192,-0.023049,23.587000000000003
1772222736262010605,2026-02-27 15:05:36.262,8.73436,-1.30322,-7.79546,-0.141022,-0.25069,-0.028207,23.589
1772222736263148052,2026-02-27 15:05:36.263,8.58274,-1.38398,-7.59765,-0.140802,-0.248792,-0.027652,23.590000000000003
1772222736264346449,2026-02-27 15:05:36.264,8.38298,-1.54699,-7.01964,-0.138884,-0.251963,-0.029357,23.591000000000008
1772222736265563531,2026-02-27 15:05:36.265,8.10658,-1.5782,-5.50238,-0.137161,-0.250658,-0.040965,23.592
1772222736266692311,2026-02-27 15:05:36.266,7.9858,-1.59438,-5.3391,-0.136441,-0.248506,-0.04126,23.593000000000004
1772222736267872198,2026-02-27 15:05:36.267,7.76792,-1.63732,-4.8881,-0.135026,-0.246712,-0.042189,23.59400000000001
1772222736269036280,2026-02-27 15:05:36.269,7.51118,-1.73748,-5.09278,-0.137462,-0.244909,-0.039725,23.596000000000004
1772222736270173258,2026-02-27 15:05:36.270,7.39398,-1.77467,-4.8371,-0.137812,-0.241842,-0.041727,23.59700000000001
1772222736271488933,2026-02-27 15:05:36.271,7.26183,-1.83559,-4.47651,-0.139301,-0.239646,-0.044327,23.598
1772222736272624776,2026-02-27 15:05:36.272,7.16159,-1.86476,-4.23062,-0.141219,-0.237217,-0.044867,23.599000000000004
1772222736273754061,2026-02-27 15:05:36.273,6.97912,-1.88898,-4.25392,-0.140738,-0.237666,-0.041782,23.60000000000001
1772222736274932083,2026-02-27 15:05:36.274,6.72362,-2.04503,-3.5211,-0.128582,-0.255699,-0.039085,23.601
1772222736276094249,2026-02-27 15:05:36.276,6.57828,-2.04293,-1.31075,-0.120985,-0.272245,-0.044211,23.60300000000001
1772222736277264265,2026-02-27 15:05:36.277,6.42031,-1.96878,-0.36274,-0.113402,-0.273244,-0.045947,23.604
1772222736278479154,2026-02-27 15:05:36.278,6.44871,-1.90118,0.261313,-0.112779,-0.275749,-0.047881,23.605000000000004
1772222736279587493,2026-02-27 15:05:36.279,6.51392,-1.8699,0.484402,-0.112397,-0.267383,-0.047254,23.60600000000001
1772222736280717722,2026-02-27 15:05:36.280,6.48748,-1.76619,0.535995,-0.110076,-0.259609,-0.045513,23.607
1772222736281873627,2026-02-27 15:05:36.281,6.40133,-1.65981,0.646764,-0.108471,-0.252537,-0.043708,23.608000000000004
1772222736283037787,2026-02-27 15:05:36.283,6.16806,-1.39906,1.27871,-0.094517,-0.236702,-0.043242,23.61
1772222736284166176,2026-02-27 15:05:36.284,5.93397,-1.24096,1.25525,-0.085674,-0.227506,-0.03957,23.611000000000004
1772222736285335905,2026-02-27 15:05:36.285,5.74459,-1.13299,0.789217,-0.087248,-0.223927,-0.037396,23.61200000000001
1772222736286519937,2026-02-27 15:05:36.286,5.43852,-1.06287,0.688697,-0.0891,-0.218074,-0.041637,23.613
1772222736287650601,2026-02-27 15:05:36.287,5.32788,-1.01523,0.691566,-0.084941,-0.207336,-0.045037,23.614000000000004
1772222736288797995,2026-02-27 15:05:36.288,5.06572,-0.916712,0.671508,-0.07911,-0.19219,-0.041959,23.61500000000001
1772222736289945564,2026-02-27 15:05:36.289,4.73068,-0.88566,0.814082,-0.078431,-0.181102,-0.03627,23.616
1772222736291103543,2026-02-27 15:05:36.291,4.14935,-0.780077,0.126885,-0.067119,-0.163872,-0.02197,23.61800000000001
1772222736292231354,2026-02-27 15:05:36.292,3.89933,-0.699894,0.216429,-0.063052,-0.163589,-0.020585,23.619
1772222736293375503,2026-02-27 15:05:36.293,3.63226,-0.649875,0.926404,-0.05483,-0.160944,-0.023513,23.620000000000005
1772222736294558552,2026-02-27 15:05:36.294,3.44814,-0.489377,1.24334,-0.049339,-0.152639,-0.02529,23.62100000000001
1772222736295688967,2026-02-27 15:05:36.295,3.26397,-0.428622,1.20932,-0.047559,-0.142995,-0.023355,23.622
1772222736296835312,2026-02-27 15:05:36.296,3.0659,-0.326483,1.2464,-0.04549,-0.145106,-0.026509,23.623000000000005
1772222736298000423,2026-02-27 15:05:36.298,2.89289,-0.10206,2.10343,-0.032867,-0.119014,-0.028931,23.625
1772222736299147429,2026-02-27 15:05:36.299,2.62103,0.021558,2.42877,-0.027486,-0.106478,-0.025827,23.626000000000005
1772222736300316968,2026-02-27 15:05:36.300,2.40254,0.150365,2.23785,-0.022089,-0.094634,-0.021529,23.62700000000001
1772222736301502706,2026-02-27 15:05:36.301,2.06779,0.172964,1.84255,-0.014719,-0.065056,-0.010511,23.628
1772222736302632551,2026-02-27 15:05:36.302,1.70728,0.288062,1.3229,-0.005506,-0.042087,0.000641,23.629000000000005
1772222736303779953,2026-02-27 15:05:36.303,1.35937,0.316306,1.33562,-0.005158,-0.035688,0.000987,23.63000000000001
1772222736304914687,2026-02-27 15:05:36.304,1.18297,0.401396,1.27665,-0.008037,-0.046472,-0.006701,23.631
1772222736306082712,2026-02-27 15:05:36.306,1.06065,0.370173,1.01944,-0.006737,-0.04507,-0.014473,23.63300000000001
1772222736307217114,2026-02-27 15:05:36.307,0.878365,0.376295,0.042924,-0.00499,-0.028473,0.001118,23.634
1772222736308388452,2026-02-27 15:05:36.308,0.613759,0.412478,0.41821,-0.00277,-0.016433,0.002643,23.635000000000005
1772222736309492174,2026-02-27 15:05:36.309,0.383572,0.433421,0.487495,-0.001314,-0.006907,0.004207,23.63600000000001
1772222736310624861,2026-02-27 15:05:36.310,0.170332,0.483259,1.0285,0.000509,-0.003298,-0.001128,23.637
1772222736311793076,2026-02-27 15:05:36.311,0.072557,0.495847,1.28819,0.000556,0.003151,-0.003581,23.638000000000005
1772222736313060384,2026-02-27 15:05:36.313,-0.07146,0.540896,1.37112,0.000689,0.006941,-0.004123,23.64
1772222736314201965,2026-02-27 15:05:36.314,-0.129826,0.541344,1.31322,0.001255,0.007356,-0.004757,23.641000000000005
1772222736315385716,2026-02-27 15:05:36.315,-0.152016,0.547082,2.34369,-3.7e-05,0.007603,-0.016165,23.64200000000001
1772222736316563923,2026-02-27 15:05:36.316,-0.101911,0.567301,2.03887,0.005607,0.009267,-0.012626,23.643
1772222736317697692,2026-02-27 15:05:36.317,-0.148852,0.612494,1.91335,0.007444,0.009071,-0.012175,23.644000000000005
1772222736318861460,2026-02-27 15:05:36.318,-0.181366,0.604238,1.34381,0.004561,0.00754,-0.006318,23.64500000000001
1772222736320003337,2026-02-27 15:05:36.320,-0.156038,0.659404,1.06395,0.007168,0.006452,-0.003823,23.647000000000006
1772222736321163824,2026-02-27 15:05:36.321,-0.050143,0.74852,0.952098,0.013129,0.005671,-0.004827,23.64800000000001
1772222736322292311,2026-02-27 15:05:36.322,-0.028696,0.788083,0.932369,0.010182,0.00413,-0.005081,23.649
1772222736323488500,2026-02-27 15:05:36.323,0.011415,0.819056,0.21622,0.009597,0.00401,0.00177,23.650000000000006
1772222736324616837,2026-02-27 15:05:36.324,0.051934,0.831277,-0.060213,0.012264,0.003315,0.003803,23.65100000000001
1772222736325770845,2026-02-27 15:05:36.325,0.079477,0.84946,0.127961,0.011166,0.001998,0.003043,23.652
1772222736326951860,2026-02-27 15:05:36.326,0.056622,0.83069,0.646785,0.010164,-0.000793,-0.001773,23.653000000000006
1772222736328121186,2026-02-27 15:05:36.328,0.152419,0.872793,0.987888,0.01202,-0.001525,-0.006907,23.655
1772222736329253767,2026-02-27 15:05:36.329,0.229143,0.845136,0.927144,0.016798,-0.001679,-0.00647,23.656000000000006
1772222736330430232,2026-02-27 15:05:36.330,0.231049,0.848212,0.982524,0.013886,-0.00449,-0.005817,23.65700000000001
1772222736331554461,2026-02-27 15:05:36.331,0.206441,0.828127,1.26845,0.010556,-0.00506,-0.009348,23.658
1772222736332682940,2026-02-27 15:05:36.332,0.192034,0.799878,2.04185,0.011519,-0.005716,-0.015521,23.659000000000006
1772222736333859927,2026-02-27 15:05:36.333,0.255447,0.815055,1.61394,0.012253,-0.005727,-0.012138,23.66000000000001
1772222736335063407,2026-02-27 15:05:36.335,0.263627,0.777175,1.42029,0.010332,-0.005189,-0.010609,23.662000000000006
1772222736336229857,2026-02-27 15:05:36.336,0.249509,0.690587,0.754284,0.00726,-0.006002,-0.005515,23.66300000000001
1772222736337364315,2026-02-27 15:05:36.337,0.280108,0.656029,0.711781,0.007056,-0.005884,-0.005153,23.664
1772222736338560715,2026-02-27 15:05:36.338,0.296739,0.647197,0.713155,0.006047,-0.006567,-0.005391,23.665000000000006
1772222736339690339,2026-02-27 15:05:36.339,0.308122,0.592003,0.654186,0.007296,-0.007342,-0.005636,23.66600000000001
1772222736340865719,2026-02-27 15:05:36.340,0.267639,0.603909,-0.414521,0.005706,-0.006059,0.005072,23.667
1772222736342071749,2026-02-27 15:05:36.342,0.263642,0.586567,-0.163241,0.00698,-0.005366,0.000948,23.66900000000001
1772222736343241650,2026-02-27 15:05:36.343,0.307774,0.509267,0.373473,0.003406,-0.006554,-0.003366,23.67
1772222736344373584,2026-02-27 15:05:36.344,0.265463,0.498014,0.573159,0.002364,-0.00569,-0.00605,23.671000000000006
1772222736345560721,2026-02-27 15:05:36.345,0.291597,0.435842,0.628752,0.001637,-0.007693,-0.005199,23.67200000000001
1772222736346692746,2026-02-27 15:05:36.346,0.239258,0.447845,0.507329,0.000984,-0.006107,-0.00548,23.673000000000002
1772222736347868807,2026-02-27 15:05:36.347,0.269093,0.415067,0.529371,0.000155,-0.007124,-0.005719,23.674000000000007
1772222736349072210,2026-02-27 15:05:36.349,0.244873,0.406042,1.46516,-0.000312,-0.006703,-0.015036,23.676000000000002
1772222736350242422,2026-02-27 15:05:36.350,0.291619,0.410215,1.23823,0.001374,-0.004941,-0.014322,23.677000000000007
1772222736351376644,2026-02-27 15:05:36.351,0.192214,0.374052,0.711404,-0.004383,-0.006339,-0.009122,23.67800000000001
1772222736352568357,2026-02-27 15:05:36.352,0.280962,0.341337,0.239968,-0.002008,-0.006268,-0.005129,23.679000000000002
1772222736353698578,2026-02-27 15:05:36.353,0.295477,0.381224,0.26219,-0.001376,-0.005371,-0.005317,23.680000000000007
1772222736354893895,2026-02-27 15:05:36.354,0.183902,0.33019,0.141862,-0.002878,-0.00516,-0.006023,23.68100000000001
1772222736356096560,2026-02-27 15:05:36.356,0.231946,0.36679,0.099724,-0.003207,-0.003899,-0.005653,23.683000000000007
1772222736357262500,2026-02-27 15:05:36.357,0.241449,0.272116,-0.961337,-0.003515,-0.006645,0.003992,23.68400000000001
1772222736358415067,2026-02-27 15:05:36.358,0.215851,0.26627,-0.661209,-0.005776,-0.005104,0.001536,23.685000000000002
1772222736359580231,2026-02-27 15:05:36.359,0.241326,0.268664,-0.461779,-0.005662,-0.006469,-0.000908,23.686000000000007
1772222736360750098,2026-02-27 15:05:36.360,0.204973,0.238298,-0.095268,-0.005176,-0.006705,-0.004106,23.687000000000012
1772222736361947646,2026-02-27 15:05:36.361,0.206617,0.234736,0.03504,-0.005803,-0.005573,-0.005348,23.688000000000002
1772222736363149613,2026-02-27 15:05:36.363,0.221264,0.227567,-0.004091,-0.005838,-0.006452,-0.005583,23.690000000000012
1772222736364312953,2026-02-27 15:05:36.364,0.236277,0.170362,-0.043076,-0.006217,-0.007406,-0.005852,23.691000000000003
1772222736365479719,2026-02-27 15:05:36.365,0.250221,0.17173,1.05896,-0.005551,-0.007108,-0.015494,23.692000000000007
1772222736366605086,2026-02-27 15:05:36.366,0.260955,0.135889,0.519667,-0.007232,-0.007502,-0.010934,23.693000000000012
1772222736367781199,2026-02-27 15:05:36.367,0.252788,0.140005,0.477186,-0.00917,-0.006991,-0.010785,23.694000000000003
1772222736368977531,2026-02-27 15:05:36.368,0.277054,0.097808,-0.129676,-0.010578,-0.008066,-0.00519,23.695000000000007
1772222736370180069,2026-02-27 15:05:36.370,0.2678,0.054753,-0.338561,-0.011583,-0.008394,-0.004485,23.697000000000003
1772222736371338556,2026-02-27 15:05:36.371,0.273864,0.019231,-0.40677,-0.014118,-0.008989,-0.003522,23.698000000000008
1772222736372501047,2026-02-27 15:05:36.372,0.301565,0.005337,-0.387664,-0.014505,-0.010547,-0.003306,23.699000000000012
1772222736373626130,2026-02-27 15:05:36.373,0.385768,-0.055702,-1.38357,-0.013462,-0.009798,0.006113,23.700000000000003
1772222736374796374,2026-02-27 15:05:36.374,0.404192,-0.064766,-1.38254,-0.015447,-0.011042,0.005862,23.701000000000008
1772222736375973261,2026-02-27 15:05:36.375,0.42854,-0.079705,-1.45542,-0.012261,-0.010557,0.004791,23.702000000000012
1772222736377175811,2026-02-27 15:05:36.377,0.378125,-0.134777,-0.856913,-0.019703,-0.012074,-0.00014,23.704000000000008
1772222736378337893,2026-02-27 15:05:36.378,0.3639,-0.113214,-0.557963,-0.015275,-0.010761,-0.002018,23.705000000000013
1772222736379495736,2026-02-27 15:05:36.379,0.367843,-0.165357,-0.61468,-0.016278,-0.010838,-0.00274,23.706000000000003
1772222736380618981,2026-02-27 15:05:36.380,0.399993,-0.200282,-0.621041,-0.017785,-0.011083,-0.001741,23.707000000000008
1772222736381791509,2026-02-27 15:05:36.381,0.320583,-0.189736,-0.059591,-0.018646,-0.011507,-0.006946,23.708000000000013
1772222736382990556,2026-02-27 15:05:36.382,0.334804,-0.198921,0.354488,-0.015326,-0.012548,-0.010917,23.709000000000003
1772222736384191612,2026-02-27 15:05:36.384,0.342763,-0.203886,0.070276,-0.016402,-0.011197,-0.00792,23.711000000000013
1772222736385359162,2026-02-27 15:05:36.385,0.376903,-0.21978,-0.797823,-0.019306,-0.010494,0.000259,23.712000000000003
1772222736386496018,2026-02-27 15:05:36.386,0.282961,-0.263953,-0.960047,-0.021719,-0.01056,-0.000278,23.713000000000008
1772222736387623170,2026-02-27 15:05:36.387,0.375261,-0.318442,-0.821744,-0.019028,-0.010453,0.000839,23.714
1772222736388796947,2026-02-27 15:05:36.388,0.254053,-0.312965,-0.904096,-0.023077,-0.010973,0.000361,23.715000000000003
1772222736389994392,2026-02-27 15:05:36.389,0.355359,-0.304987,-0.947819,-0.02224,-0.011329,0.001161,23.716000000000008
1772222736391202369,2026-02-27 15:05:36.391,0.256268,-0.292768,-2.03795,-0.023592,-0.009432,0.011887,23.718000000000004
1772222736392367944,2026-02-27 15:05:36.392,0.266774,-0.271033,-1.69668,-0.016151,-0.007434,0.006867,23.71900000000001
1772222736393491261,2026-02-27 15:05:36.393,0.21543,-0.261554,-1.28677,-0.020583,-0.006596,0.002964,23.72
1772222736394615987,2026-02-27 15:05:36.394,0.2358,-0.288807,-0.992664,-0.020035,-0.00838,0.001643,23.721000000000004
1772222736395757679,2026-02-27 15:05:36.395,0.209742,-0.257924,-0.974538,-0.021157,-0.007727,0.001865,23.72200000000001
1772222736396960152,2026-02-27 15:05:36.396,0.152796,-0.291724,-0.99872,-0.021808,-0.007154,0.00227,23.723
1772222736398166694,2026-02-27 15:05:36.398,0.157882,-0.26279,-1.07848,-0.016739,-0.005935,0.002327,23.72500000000001
1772222736399343650,2026-02-27 15:05:36.399,0.076539,-0.237198,-0.142173,-0.019041,-0.005755,-0.004196,23.726
1772222736400500926,2026-02-27 15:05:36.400,0.097723,-0.234801,-0.282206,-0.013813,-0.004116,-0.004199,23.727000000000004
1772222736401625889,2026-02-27 15:05:36.401,0.096685,-0.2157,-0.746235,-0.01675,-0.003349,0.001251,23.72800000000001
1772222736402797208,2026-02-27 15:05:36.402,0.021137,-0.25148,-1.21858,-0.019507,-0.003671,0.004592,23.729
1772222736403997957,2026-02-27 15:05:36.403,-0.002273,-0.221753,-1.19804,-0.016087,-0.003169,0.004697,23.730000000000004
1772222736405206360,2026-02-27 15:05:36.405,-0.002527,-0.206197,-1.16,-0.015976,-0.002383,0.005144,23.732
1772222736406376659,2026-02-27 15:05:36.406,-0.094131,-0.150077,-1.74908,-0.017194,-0.001506,0.010844,23.733000000000004
1772222736407493156,2026-02-27 15:05:36.407,-0.029871,-0.137469,-2.23043,-0.009649,1.2e-05,0.013461,23.73400000000001
1772222736408620716,2026-02-27 15:05:36.408,-0.066285,-0.133996,-2.00207,-0.014175,-5e-06,0.012447,23.735
1772222736409818655,2026-02-27 15:05:36.409,-0.132546,-0.164729,-1.6074,-0.013062,0.000337,0.008005,23.736000000000004
1772222736411014976,2026-02-27 15:05:36.411,-0.14408,-0.094794,-1.18323,-0.010543,0.001169,0.005547,23.738
1772222736412223941,2026-02-27 15:05:36.412,-0.1874,-0.120905,-1.07021,-0.011067,0.001631,0.00368,23.739000000000004
1772222736413390388,2026-02-27 15:05:36.413,-0.20303,-0.011395,-1.07795,-0.005163,0.001755,0.005148,23.74000000000001
1772222736414562574,2026-02-27 15:05:36.414,-0.30144,-0.005462,-0.92748,-0.007493,0.002332,0.003524,23.741
1772222736415736044,2026-02-27 15:05:36.415,-0.252463,0.042468,-0.009119,-0.001617,0.002903,-0.005682,23.742000000000004
1772222736416930587,2026-02-27 15:05:36.416,-0.275494,0.055307,-0.422224,-0.001025,0.005054,-0.001638,23.74300000000001
1772222736418127159,2026-02-27 15:05:36.418,-0.286187,0.096126,-0.470678,-0.002732,0.004486,-0.000595,23.745000000000005
1772222736419312814,2026-02-27 15:05:36.419,-0.219285,0.094318,-1.03029,-0.003127,0.003898,0.004184,23.74600000000001
1772222736420588910,2026-02-27 15:05:36.420,-0.30828,0.161542,-1.1725,-0.000862,0.005375,0.004005,23.747
1772222736421762104,2026-02-27 15:05:36.421,-0.291475,0.185042,-1.14804,-0.001637,0.005117,0.003368,23.748000000000005
1772222736422936097,2026-02-27 15:05:36.422,-0.324391,0.203771,-1.11066,-0.000582,0.005543,0.003861,23.74900000000001
1772222736424109792,2026-02-27 15:05:36.424,-0.186654,0.230614,-2.2288,0.003066,0.004837,0.01352,23.751000000000005
1772222736425307752,2026-02-27 15:05:36.425,-0.281609,0.266638,-1.95144,0.004548,0.005886,0.011413,23.75200000000001
1772222736426488276,2026-02-27 15:05:36.426,-0.319497,0.335624,-1.26057,0.004186,0.005223,0.005234,23.753
1772222736427621629,2026-02-27 15:05:36.427,-0.275021,0.374969,-1.01619,0.008821,0.004987,0.002475,23.754000000000005
1772222736428762271,2026-02-27 15:05:36.428,-0.327631,0.389193,-0.935662,0.005608,0.004705,0.002281,23.75500000000001
1772222736429962236,2026-02-27 15:05:36.429,-0.287248,0.39963,-0.972408,0.007361,0.004191,0.00186,23.756
1772222736431163177,2026-02-27 15:05:36.431,-0.289428,0.46321,-0.94976,0.009764,0.006924,0.001705,23.75800000000001
1772222736432345985,2026-02-27 15:05:36.432,-0.326768,0.43272,-0.169502,0.008095,0.005352,-0.005775,23.759
1772222736433524984,2026-02-27 15:05:36.433,-0.277418,0.471123,-0.169232,0.011674,0.004954,-0.005487,23.760000000000005
1772222736434660065,2026-02-27 15:05:36.434,-0.307915,0.522444,-0.60383,0.015108,0.00676,-0.001151,23.76100000000001
1772222736435873257,2026-02-27 15:05:36.435,-0.284404,0.544792,-1.01019,0.013892,0.006334,0.001808,23.762
1772222736437071807,2026-02-27 15:05:36.437,-0.376032,0.533047,-1.03246,0.009124,0.005584,0.00154,23.76400000000001
1772222736438277292,2026-02-27 15:05:36.438,-0.291829,0.518126,-1.01705,0.015621,0.005146,0.002916,23.765
1772222736439449174,2026-02-27 15:05:36.439,-0.273635,0.539596,-1.08568,0.015125,0.006225,0.004135,23.766000000000005
1772222736440600661,2026-02-27 15:05:36.440,-0.343634,0.567889,-1.95484,0.012696,0.007167,0.01219,23.76700000000001
1772222736441775678,2026-02-27 15:05:36.441,-0.376453,0.617164,-1.52499,0.012134,0.007631,0.008609,23.768
1772222736442979920,2026-02-27 15:05:36.442,-0.407256,0.584695,-1.43471,0.012222,0.007594,0.007166,23.769000000000005
1772222736444178982,2026-02-27 15:05:36.444,-0.37313,0.560485,-0.941429,0.013862,0.008533,0.003581,23.771
1772222736445373100,2026-02-27 15:05:36.445,-0.433121,0.608355,-0.844422,0.015461,0.01052,0.001135,23.772000000000006
1772222736446534668,2026-02-27 15:05:36.446,-0.429474,0.639491,-0.750444,0.018598,0.010635,0.002547,23.77300000000001
1772222736447661752,2026-02-27 15:05:36.447,-0.391101,0.619375,-0.830586,0.02077,0.009313,0.002536,23.774
1772222736448835131,2026-02-27 15:05:36.448,-0.429764,0.617632,0.294218,0.019077,0.009859,-0.00776,23.775000000000006
1772222736450031677,2026-02-27 15:05:36.450,-0.443046,0.594506,0.00946,0.019457,0.009566,-0.004706,23.777
1772222736451230848,2026-02-27 15:05:36.451,-0.412277,0.609616,0.047786,0.018634,0.009577,-0.004284,23.778000000000006
1772222736452418761,2026-02-27 15:05:36.452,-0.476359,0.599793,-0.582125,0.018292,0.010512,0.001573,23.77900000000001
1772222736453570493,2026-02-27 15:05:36.453,-0.489715,0.560024,-0.882888,0.013374,0.009961,0.003648,23.78
1772222736454766627,2026-02-27 15:05:36.454,-0.483191,0.538183,-0.800556,0.01617,0.010747,0.003724,23.781000000000006
1772222736455965272,2026-02-27 15:05:36.455,-0.456091,0.539517,-0.860625,0.017508,0.010522,0.003708,23.78200000000001
1772222736457161265,2026-02-27 15:05:36.457,-0.506424,0.489688,-1.64435,0.012319,0.01107,0.011063,23.784000000000006
1772222736458358723,2026-02-27 15:05:36.458,-0.43097,0.498137,-1.71529,0.016666,0.009847,0.013017,23.78500000000001
1772222736459531381,2026-02-27 15:05:36.459,-0.39097,0.454599,-1.14671,0.015625,0.009625,0.007071,23.786
1772222736460661485,2026-02-27 15:05:36.460,-0.388202,0.435366,-0.865572,0.018493,0.009259,0.004717,23.787000000000006
1772222736461835357,2026-02-27 15:05:36.461,-0.355271,0.416709,-0.639748,0.014879,0.008102,0.004327,23.78800000000001
1772222736463039907,2026-02-27 15:05:36.463,-0.333569,0.384117,-0.618635,0.013078,0.010052,0.004241,23.790000000000006
1772222736464243669,2026-02-27 15:05:36.464,-0.281892,0.359055,-0.620829,0.013933,0.006733,0.004691,23.79100000000001
1772222736465428311,2026-02-27 15:05:36.465,-0.343858,0.343321,-0.310474,0.013838,0.00673,0.000616,23.792
1772222736466558054,2026-02-27 15:05:36.466,-0.310005,0.32207,0.053778,0.009942,0.006125,-0.002277,23.793000000000006
1772222736467702254,2026-02-27 15:05:36.467,-0.214642,0.319445,-0.165877,0.013233,0.004983,0.000622,23.79400000000001
1772222736468919968,2026-02-27 15:05:36.468,-0.212048,0.303434,-0.678556,0.015267,0.00553,0.004422,23.795
1772222736470118792,2026-02-27 15:05:36.470,-0.181937,0.287413,-0.744516,0.014851,0.004731,0.005217,23.79700000000001
1772222736471314886,2026-02-27 15:05:36.471,-0.230117,0.332444,-0.726557,0.010547,0.004506,0.005192,23.798000000000002
1772222736472495916,2026-02-27 15:05:36.472,-0.221925,0.296944,-0.687204,0.011607,0.002819,0.005451,23.799000000000007
1772222736473642123,2026-02-27 15:05:36.473,-0.203092,0.236295,-0.665363,0.009599,0.002446,0.005169,23.80000000000001
1772222736474866894,2026-02-27 15:05:36.474,-0.162217,0.248987,-1.37986,0.014736,0.00328,0.012116,23.801000000000002
1772222736476062947,2026-02-27 15:05:36.476,-0.116822,0.270978,-1.43528,0.01561,0.004119,0.011436,23.80300000000001
1772222736477258460,2026-02-27 15:05:36.477,-0.13315,0.228797,-0.881003,0.012513,0.003218,0.007405,23.804000000000002
1772222736478447990,2026-02-27 15:05:36.478,-0.187742,0.177036,-0.566239,0.008249,0.002457,0.005581,23.805000000000007
1772222736479601140,2026-02-27 15:05:36.479,-0.134263,0.179198,-0.524091,0.009973,0.002209,0.005615,23.80600000000001
1772222736480773008,2026-02-27 15:05:36.480,-0.152893,0.222723,-0.506654,0.011542,0.002752,0.006111,23.807000000000002
1772222736481970246,2026-02-27 15:05:36.481,-0.15993,0.171468,0.452168,0.009516,0.002253,-0.003672,23.808000000000007
1772222736483174191,2026-02-27 15:05:36.483,-0.077799,0.174597,0.470388,0.011274,0.001418,-0.003017,23.810000000000002
1772222736484373870,2026-02-27 15:05:36.484,-0.045848,0.139461,0.366996,0.01106,0.001533,-0.00269,23.811000000000007
1772222736485640564,2026-02-27 15:05:36.485,-0.116507,0.133407,-0.201725,0.01269,0.002458,0.003247,23.812000000000012
1772222736486861613,2026-02-27 15:05:36.486,-0.126056,0.127173,-0.610257,0.006351,0.000645,0.006122,23.813000000000002
1772222736488058018,2026-02-27 15:05:36.488,-0.051328,0.116136,-0.63286,0.011893,0.001274,0.007022,23.815000000000012
1772222736489254843,2026-02-27 15:05:36.489,-0.105535,0.149613,-0.551382,0.008807,-0.000121,0.006646,23.816000000000003
1772222736490596189,2026-02-27 15:05:36.490,-0.069043,0.096778,-0.940587,0.008063,0.000183,0.010206,23.817000000000007
1772222736491785248,2026-02-27 15:05:36.491,-0.013436,0.14854,-1.30018,0.011987,0.000762,0.012641,23.818000000000012
1772222736492984466,2026-02-27 15:05:36.492,0.046527,0.097238,-0.954295,0.008891,-0.001062,0.009528,23.819000000000003
1772222736494183695,2026-02-27 15:05:36.494,0.011063,0.134382,-0.611487,0.008857,-0.002137,0.006782,23.821000000000012
1772222736495354415,2026-02-27 15:05:36.495,0.010097,0.131998,-0.416061,0.008901,-0.001012,0.004951,23.822000000000003
1772222736496552476,2026-02-27 15:05:36.496,0.083608,0.108225,-0.394723,0.007869,-0.002901,0.004915,23.823000000000008
1772222736497682177,2026-02-27 15:05:36.497,0.139301,0.124552,-0.346984,0.009385,-0.002562,0.00409,23.824000000000012
1772222736498857179,2026-02-27 15:05:36.498,0.047447,0.076087,0.67361,0.004337,-0.005242,-0.00628,23.825000000000003
1772222736500053371,2026-02-27 15:05:36.500,0.189106,0.111959,0.281981,0.008569,-0.005124,-0.001771,23.827000000000012
1772222736501248412,2026-02-27 15:05:36.501,0.130829,0.1471,0.28292,0.008076,-0.005782,-0.002146,23.828000000000003
1772222736502447760,2026-02-27 15:05:36.502,0.180861,0.137389,-0.376419,0.009866,-0.00535,0.002401,23.829000000000008
1772222736503595435,2026-02-27 15:05:36.503,0.246012,0.101188,-0.471926,0.007068,-0.00617,0.004594,23.830000000000013
1772222736504746698,2026-02-27 15:05:36.504,0.273783,0.117961,-0.429272,0.00756,-0.006173,0.004408,23.831000000000003
1772222736505944416,2026-02-27 15:05:36.505,0.231757,0.09201,-0.583925,0.008613,-0.005536,0.003063,23.832000000000008
1772222736507138477,2026-02-27 15:05:36.507,0.236722,0.07964,-1.52663,0.00467,-0.0063,0.013142,23.834000000000003
1772222736508334390,2026-02-27 15:05:36.508,0.218758,0.073262,-1.41582,0.005284,-0.006598,0.011732,23.835000000000008
1772222736509539877,2026-02-27 15:05:36.509,0.194331,0.036076,-1.40668,0.004044,-0.005873,0.010199,23.836000000000013
1772222736510670104,2026-02-27 15:05:36.510,0.223609,0.0796,-0.498033,0.005619,-0.005616,0.002193,23.837000000000003
1772222736511835821,2026-02-27 15:05:36.511,0.237781,0.053988,-0.392026,0.005165,-0.005571,0.001578,23.838000000000008
1772222736513031190,2026-02-27 15:05:36.513,0.171396,0.058668,-0.472227,0.003472,-0.00483,0.0011,23.840000000000003
1772222736514226149,2026-02-27 15:05:36.514,0.235786,0.072082,-0.508051,0.007229,-0.005571,0.000714,23.841000000000008
1772222736515420593,2026-02-27 15:05:36.515,0.193436,0.074831,0.139432,0.003803,-0.00468,-0.005183,23.842
1772222736516553845,2026-02-27 15:05:36.516,0.143227,0.035708,0.588007,0.003249,-0.005003,-0.008566,23.843000000000004
1772222736517683897,2026-02-27 15:05:36.517,0.176748,0.084402,-0.068725,0.006401,-0.003821,-0.004387,23.84400000000001
1772222736518830441,2026-02-27 15:05:36.518,0.23017,0.089045,-0.483914,0.004762,-0.003901,2.2e-05,23.845
1772222736519960876,2026-02-27 15:05:36.519,0.216497,0.080427,-0.568027,0.00499,-0.003618,0.000407,23.846000000000004
1772222736521171303,2026-02-27 15:05:36.521,0.189225,0.110361,-0.525015,0.004851,-0.002031,9e-06,23.848
1772222736522367325,2026-02-27 15:05:36.522,0.202236,0.105921,-0.564519,0.004827,-0.004046,-0.000207,23.849000000000004
1772222736523568389,2026-02-27 15:05:36.523,0.156025,0.131976,-0.625977,0.006554,-0.003134,-0.000178,23.85000000000001
1772222736524695919,2026-02-27 15:05:36.524,0.163285,0.146268,-1.21347,0.007144,-0.001942,0.005691,23.851
1772222736525849218,2026-02-27 15:05:36.525,0.113469,0.09254,-1.16657,0.00315,-0.002521,0.004359,23.852000000000004
1772222736527045082,2026-02-27 15:05:36.527,0.157015,0.163361,-0.667682,0.007093,-0.00214,2.6e-05,23.854
1772222736528240876,2026-02-27 15:05:36.528,0.198467,0.170583,-0.468733,0.007594,-0.001897,-0.002227,23.855000000000004
1772222736529435686,2026-02-27 15:05:36.529,0.121419,0.183864,-0.470579,0.002699,-0.002904,-0.002478,23.85600000000001
1772222736530695677,2026-02-27 15:05:36.530,0.172808,0.204099,-0.487793,0.005836,-0.00314,-0.00265,23.857
1772222736531848934,2026-02-27 15:05:36.531,0.177272,0.21092,0.623098,0.010439,-0.00288,-0.013478,23.858000000000004
1772222736533048263,2026-02-27 15:05:36.533,0.112763,0.214846,0.457276,0.007706,-0.001533,-0.01019,23.86
1772222736534246741,2026-02-27 15:05:36.534,0.129666,0.240844,0.351318,0.006905,-0.002919,-0.009599,23.861000000000004
1772222736535415672,2026-02-27 15:05:36.535,0.143431,0.285132,-0.190936,0.01032,-0.002198,-0.004268,23.86200000000001
1772222736536566347,2026-02-27 15:05:36.536,0.169494,0.239392,-0.594453,0.007995,-0.002721,-0.001794,23.863
1772222736537694292,2026-02-27 15:05:36.537,0.174555,0.252611,-0.489418,0.011037,-0.002646,-0.002096,23.864000000000004
1772222736538862678,2026-02-27 15:05:36.538,0.147736,0.28444,-0.530703,0.005048,-0.002416,-0.002429,23.86500000000001
1772222736540032173,2026-02-27 15:05:36.540,0.199255,0.292531,-1.10189,0.009861,-0.003021,0.00439,23.867000000000004
1772222736541227002,2026-02-27 15:05:36.541,0.147955,0.340801,-1.54602,0.010016,-0.002512,0.006759,23.86800000000001
1772222736542421501,2026-02-27 15:05:36.542,0.103473,0.313099,-1.25419,0.008854,-0.000898,0.0056,23.869
1772222736543565695,2026-02-27 15:05:36.543,0.107243,0.325057,-0.909047,0.012326,-0.001059,-0.000324,23.870000000000005
1772222736544693262,2026-02-27 15:05:36.544,0.105773,0.388262,-0.416326,0.010948,-0.00021,-0.004117,23.87100000000001
1772222736545886335,2026-02-27 15:05:36.545,0.122086,0.328908,-0.438882,0.01023,-0.000208,-0.003759,23.872
1772222736547081896,2026-02-27 15:05:36.547,0.088455,0.414683,-0.461106,0.012389,0.000308,-0.003454,23.87400000000001
1772222736548280185,2026-02-27 15:05:36.548,0.115583,0.381321,-0.32062,0.012908,2e-05,-0.006172,23.875
1772222736549489562,2026-02-27 15:05:36.549,0.06036,0.357956,0.746593,0.010992,-9.9e-05,-0.013933,23.876000000000005
1772222736550619029,2026-02-27 15:05:36.550,0.071876,0.30381,0.271128,0.00888,5.1e-05,-0.009793,23.87700000000001
1772222736551773781,2026-02-27 15:05:36.551,0.03708,0.27727,-0.416152,0.009113,0.000738,-0.004405,23.878
1772222736552968192,2026-02-27 15:05:36.552,0.111736,0.333003,-0.464733,0.00926,0.001249,-0.002953,23.879000000000005
1772222736554163279,2026-02-27 15:05:36.554,0.113435,0.333488,-0.485491,0.008285,0.000309,-0.002971,23.881
1772222736555358816,2026-02-27 15:05:36.555,0.122702,0.327014,-0.523612,0.011176,0.001113,-0.003166,23.882000000000005
1772222736556559234,2026-02-27 15:05:36.556,0.157813,0.291877,-0.502106,0.008065,-0.000457,-0.003449,23.88300000000001
1772222736557688803,2026-02-27 15:05:36.557,0.08905,0.287257,-1.32553,0.004452,-0.00051,0.003748,23.884
1772222736558857605,2026-02-27 15:05:36.558,0.136506,0.259792,-1.20053,0.007598,-0.001006,0.003635,23.885000000000005
1772222736560052278,2026-02-27 15:05:36.560,0.154963,0.279632,-0.739029,0.009853,-0.00124,-0.001399,23.887
1772222736561221015,2026-02-27 15:05:36.561,0.1693,0.319283,-0.497777,0.009251,-0.001107,-0.004044,23.888000000000005
1772222736562400411,2026-02-27 15:05:36.562,0.128061,0.293269,-0.397577,0.007077,-0.001185,-0.004024,23.88900000000001
1772222736563555769,2026-02-27 15:05:36.563,0.094707,0.264455,-0.440115,0.002597,-0.002199,-0.004123,23.89
1772222736564682009,2026-02-27 15:05:36.564,0.228485,0.253453,-0.380737,0.006937,-0.002743,-0.003219,23.891000000000005
1772222736565857119,2026-02-27 15:05:36.565,0.200917,0.262363,0.577001,0.007895,-0.001929,-0.012701,23.89200000000001
1772222736567055282,2026-02-27 15:05:36.567,0.132419,0.237304,0.380131,0.006588,-0.001982,-0.010889,23.894000000000005
1772222736568252477,2026-02-27 15:05:36.568,0.203925,0.282132,-0.152761,0.010433,-0.00227,-0.006842,23.89500000000001
1772222736569476780,2026-02-27 15:05:36.569,0.167019,0.256378,-0.507587,0.008785,-0.002327,-0.002579,23.896
1772222736570605109,2026-02-27 15:05:36.570,0.187271,0.243891,-0.542418,0.00744,-0.002068,-0.003503,23.897000000000006
1772222736571738173,2026-02-27 15:05:36.571,0.187231,0.226629,-0.466662,0.006673,-0.0017,-0.002638,23.89800000000001
1772222736572910007,2026-02-27 15:05:36.572,0.170794,0.254484,-0.72131,0.00321,-0.001976,-0.001327,23.899
1772222736574104227,2026-02-27 15:05:36.574,0.202102,0.193316,-1.63176,0.006135,-0.002828,0.007378,23.90100000000001
1772222736575294915,2026-02-27 15:05:36.575,0.197711,0.227632,-1.13807,0.004872,-0.003736,0.003387,23.902
1772222736576503534,2026-02-27 15:05:36.576,0.247868,0.196531,-1.06111,0.008672,-0.00312,0.001318,23.903000000000006
1772222736577630002,2026-02-27 15:05:36.577,0.17188,0.137304,-0.608703,0.001793,-0.002534,-0.00306,23.90400000000001
1772222736578776596,2026-02-27 15:05:36.578,0.230853,0.120792,-0.341688,-0.001115,-0.004286,-0.003417,23.905
1772222736579966593,2026-02-27 15:05:36.579,0.309716,0.093968,-0.362636,0.001722,-0.005939,-0.002977,23.906000000000006
1772222736581161997,2026-02-27 15:05:36.581,0.254933,0.111289,-0.36346,-0.000517,-0.007177,-0.003179,23.908
1772222736582356687,2026-02-27 15:05:36.582,0.248114,0.074316,0.705296,0.003111,-0.006488,-0.013861,23.909000000000006
1772222736583555933,2026-02-27 15:05:36.583,0.297541,0.083908,0.451648,0.00054,-0.008638,-0.009346,23.91000000000001
1772222736584684486,2026-02-27 15:05:36.584,0.31271,0.074824,0.384449,0.000803,-0.008184,-0.00833,23.911
1772222736585848368,2026-02-27 15:05:36.585,0.394775,0.065503,-0.449374,0.001937,-0.008707,-0.001975,23.912000000000006
1772222736587044592,2026-02-27 15:05:36.587,0.376636,0.042558,-0.350765,-0.00343,-0.008857,-0.00182,23.914
1772222736588239517,2026-02-27 15:05:36.588,0.379584,0.108448,-0.452795,0.001877,-0.009101,-0.001513,23.915000000000006
1772222736589435719,2026-02-27 15:05:36.589,0.356157,0.104291,-0.429168,-0.000119,-0.008501,-0.00218,23.91600000000001
1772222736590567778,2026-02-27 15:05:36.590,0.39477,0.121704,-1.36605,0.000424,-0.009015,0.007348,23.917
1772222736591695496,2026-02-27 15:05:36.591,0.414994,0.077,-1.40377,-0.001477,-0.009367,0.00683,23.918000000000006
1772222736592865282,2026-02-27 15:05:36.592,0.364168,0.100895,-0.790699,-0.000867,-0.008107,0.000155,23.91900000000001
1772222736594063842,2026-02-27 15:05:36.594,0.397813,0.080364,-0.452375,0.00074,-0.00867,-0.001569,23.921000000000006
1772222736595256481,2026-02-27 15:05:36.595,0.410354,0.103746,-0.398475,0.002584,-0.007442,-0.003435,23.92200000000001
1772222736596471054,2026-02-27 15:05:36.596,0.359373,0.117647,-0.400643,0.004869,-0.00769,-0.003135,23.923000000000002
1772222736597560908,2026-02-27 15:05:36.597,0.260721,0.05901,-0.343667,-0.003466,-0.00799,-0.003249,23.924000000000007
1772222736598687888,2026-02-27 15:05:36.598,0.254372,0.110705,-0.075285,-0.001726,-0.00795,-0.006878,23.92500000000001
1772222736599864840,2026-02-27 15:05:36.599,0.22267,0.04292,0.227954,-0.00215,-0.007094,-0.009742,23.926000000000002
1772222736601062432,2026-02-27 15:05:36.601,0.279259,0.076587,0.029214,5e-05,-0.006332,-0.007054,23.92800000000001
1772222736602261022,2026-02-27 15:05:36.602,0.22135,0.092459,-0.382596,-0.002627,-0.00383,-0.003488,23.929000000000002
1772222736603473870,2026-02-27 15:05:36.603,0.220315,0.04612,-0.549236,-0.002016,-0.005235,-0.00293,23.930000000000007
1772222736604570020,2026-02-27 15:05:36.604,0.212644,0.033342,-0.512069,-0.005035,-0.004927,-0.002553,23.93100000000001
1772222736605697819,2026-02-27 15:05:36.605,0.214931,0.06415,-0.490473,5.6e-05,-0.004082,-0.002432,23.932000000000002
1772222736606872031,2026-02-27 15:05:36.606,0.258876,0.028863,-1.73132,0.001175,-0.00412,0.006903,23.933000000000007
1772222736608048527,2026-02-27 15:05:36.608,0.242748,0.03473,-1.33876,0.00034,-0.003451,0.002832,23.935000000000002
1772222736609250617,2026-02-27 15:05:36.609,0.184175,0.068901,-1.30111,-0.00016,-0.003345,0.003107,23.936000000000007
1772222736610448161,2026-02-27 15:05:36.610,0.268577,0.078929,-0.716,-0.000112,-0.001149,-0.001985,23.937000000000012
1772222736611599123,2026-02-27 15:05:36.611,0.112981,0.068902,-0.519708,-0.003594,-0.001117,-0.004644,23.938000000000002
1772222736612732882,2026-02-27 15:05:36.612,0.092423,0.09685,-0.523683,-0.001167,-0.000415,-0.003938,23.939000000000007
1772222736613914695,2026-02-27 15:05:36.613,0.087239,0.116565,-0.522055,0.000911,-0.000405,-0.004093,23.940000000000012
1772222736615108498,2026-02-27 15:05:36.615,0.074692,0.151586,0.439576,0.001426,-0.000798,-0.0142,23.942000000000007
1772222736616304238,2026-02-27 15:05:36.616,0.102409,0.150289,0.371861,0.003062,0.00069,-0.01296,23.943000000000012
1772222736617510412,2026-02-27 15:05:36.617,0.094573,0.108296,0.287975,-0.000186,-0.001328,-0.012849,23.944000000000003
1772222736618639926,2026-02-27 15:05:36.618,0.100823,0.105251,-0.312434,0.001597,0.000577,-0.00805,23.945000000000007
1772222736619793251,2026-02-27 15:05:36.619,0.120517,0.112234,-0.68321,0.001564,0.000885,-0.004209,23.946000000000012
1772222736620969286,2026-02-27 15:05:36.620,0.162328,0.171739,-0.643355,0.002037,0.000275,-0.003946,23.947000000000003
1772222736622158740,2026-02-27 15:05:36.622,0.058055,0.115134,-0.703058,-0.002401,0.001075,-0.004696,23.949000000000012
1772222736623353540,2026-02-27 15:05:36.623,0.091964,0.116244,-1.11733,-0.002798,-5.7e-05,-0.000449,23.950000000000003
1772222736624560248,2026-02-27 15:05:36.624,-0.396724,-0.246801,-2.76899,0.012745,-0.046051,0.013617,23.951000000000008
1772222736625688375,2026-02-27 15:05:36.625,0.160537,-0.527626,-4.64837,-0.010235,-0.132142,0.040683,23.952000000000012
1772222736626835479,2026-02-27 15:05:36.626,0.826112,-0.804898,-4.67947,0.007145,-0.089758,0.024486,23.953000000000003
1772222736628006927,2026-02-27 15:05:36.628,1.22413,-0.993472,-6.31191,0.002815,-0.145377,0.036812,23.955000000000013
1772222736629198065,2026-02-27 15:05:36.629,1.45205,-0.898802,-6.37715,0.00829,-0.152783,0.038205,23.956000000000003
1772222736630393030,2026-02-27 15:05:36.630,1.77037,-0.820314,-6.2544,0.016824,-0.152735,0.03639,23.957000000000008
1772222736631576708,2026-02-27 15:05:36.631,1.97231,-0.715793,-6.47606,0.026362,-0.146603,0.030978,23.958000000000013
1772222736632704883,2026-02-27 15:05:36.632,1.98172,-0.438275,-5.34491,0.033887,-0.140849,0.017295,23.959000000000003
1772222736633851182,2026-02-27 15:05:36.633,1.95372,-0.267932,-5.41521,0.049578,-0.142534,0.019428,23.960000000000008
1772222736635021406,2026-02-27 15:05:36.635,2.1998,0.091063,-5.48212,0.068602,-0.144272,0.022008,23.962000000000003
1772222736636210893,2026-02-27 15:05:36.636,2.27791,0.102688,-5.79408,0.073673,-0.137823,0.020526,23.963000000000008
1772222736637411813,2026-02-27 15:05:36.637,2.35025,0.18621,-6.03612,0.080229,-0.132997,0.017685,23.964
1772222736638564695,2026-02-27 15:05:36.638,2.27417,0.132985,-6.07104,0.091013,-0.144155,0.019996,23.965000000000003
1772222736639786041,2026-02-27 15:05:36.639,2.30492,0.160929,-5.94189,0.095746,-0.152161,0.022206,23.966000000000008
1772222736640932967,2026-02-27 15:05:36.640,2.43715,0.186375,-6.7945,0.099662,-0.16074,0.0347,23.967
1772222736642124708,2026-02-27 15:05:36.642,2.49585,0.293854,-6.35153,0.099262,-0.167954,0.032292,23.96900000000001
1772222736643319778,2026-02-27 15:05:36.643,2.58825,0.386897,-5.7428,0.10054,-0.168791,0.026685,23.97
1772222736644529030,2026-02-27 15:05:36.644,2.58117,0.473493,-5.27371,0.100268,-0.170003,0.023376,23.971000000000004
1772222736645658184,2026-02-27 15:05:36.645,2.59221,0.513199,-4.96719,0.100291,-0.168334,0.023322,23.97200000000001
1772222736646833085,2026-02-27 15:05:36.646,2.6482,0.548736,-4.76514,0.099017,-0.170017,0.023633,23.973
1772222736648001671,2026-02-27 15:05:36.648,2.64736,0.563018,-3.65838,0.096744,-0.171614,0.019315,23.97500000000001
1772222736649178074,2026-02-27 15:05:36.649,2.66248,0.619942,-3.10452,0.092059,-0.172725,0.018494,23.976
1772222736650374382,2026-02-27 15:05:36.650,2.73712,0.627767,-3.15755,0.091211,-0.173413,0.020555,23.977000000000004
1772222736651568513,2026-02-27 15:05:36.651,2.77153,0.62932,-3.43443,0.088879,-0.175278,0.025489,23.97800000000001
1772222736652696627,2026-02-27 15:05:36.652,2.83308,0.650375,-3.71385,0.086709,-0.178464,0.030866,23.979
1772222736653871525,2026-02-27 15:05:36.653,2.8221,0.560523,-3.60171,0.07665,-0.181135,0.031783,23.980000000000004
1772222736655065322,2026-02-27 15:05:36.655,2.93095,0.61993,-3.28878,0.074623,-0.186034,0.033879,23.982
1772222736656254247,2026-02-27 15:05:36.656,2.95357,0.622727,-3.21741,0.070774,-0.185708,0.035316,23.983000000000004
1772222736657449502,2026-02-27 15:05:36.657,2.92376,0.662987,-4.21701,0.070066,-0.185644,0.044827,23.98400000000001
1772222736658570197,2026-02-27 15:05:36.658,2.9607,0.657428,-3.6021,0.068276,-0.187494,0.041074,23.985
1772222736659696499,2026-02-27 15:05:36.659,2.95785,0.641134,-3.55826,0.069474,-0.186772,0.040678,23.986000000000004
1772222736660891178,2026-02-27 15:05:36.660,2.95098,0.609119,-3.02058,0.069064,-0.187032,0.036257,23.98700000000001
1772222736662060265,2026-02-27 15:05:36.662,2.94856,0.625366,-2.72694,0.068265,-0.186815,0.034914,23.989000000000004
1772222736663253230,2026-02-27 15:05:36.663,2.93634,0.650028,-2.68316,0.066805,-0.187611,0.034299,23.99000000000001
1772222736664448175,2026-02-27 15:05:36.664,2.98787,0.620065,-2.60158,0.063117,-0.188131,0.034229,23.991
1772222736665568108,2026-02-27 15:05:36.665,2.95876,0.648225,-1.51319,0.063264,-0.188998,0.023343,23.992000000000004
1772222736666696198,2026-02-27 15:05:36.666,2.93402,0.611836,-1.78005,0.063218,-0.187108,0.026792,23.99300000000001
1772222736667871438,2026-02-27 15:05:36.667,2.9811,0.586403,-1.8607,0.062122,-0.188409,0.026703,23.994
1772222736669040950,2026-02-27 15:05:36.669,3.01874,0.633528,-2.36004,0.061709,-0.188137,0.031546,23.99600000000001
1772222736670234489,2026-02-27 15:05:36.670,3.06942,0.5582,-2.74122,0.060517,-0.18969,0.033827,23.997
1772222736671429533,2026-02-27 15:05:36.671,3.05961,0.564306,-2.70699,0.05794,-0.189923,0.034659,23.998000000000005
1772222736672577910,2026-02-27 15:05:36.672,3.08046,0.472989,-2.66866,0.053436,-0.192785,0.03478,23.99900000000001
1772222736673706221,2026-02-27 15:05:36.673,3.15252,0.420084,-3.36273,0.051024,-0.193992,0.041343,24.0
1772222736674882393,2026-02-27 15:05:36.674,3.18096,0.374575,-3.68584,0.046437,-0.195822,0.043832,24.001000000000005
1772222736676053099,2026-02-27 15:05:36.676,3.22853,0.34637,-3.47826,0.043432,-0.196347,0.043208,24.003
1772222736677227339,2026-02-27 15:05:36.677,3.29807,0.226674,-2.97424,0.039922,-0.201435,0.037616,24.004000000000005
1772222736678394731,2026-02-27 15:05:36.678,3.22151,0.154604,-2.80782,0.033831,-0.201805,0.036522,24.00500000000001
1772222736679541652,2026-02-27 15:05:36.679,3.26095,0.069316,-2.85599,0.028398,-0.204561,0.037422,24.006
1772222736680667683,2026-02-27 15:05:36.680,3.29418,0.002196,-2.96674,0.026645,-0.205612,0.038779,24.007000000000005
1772222736681840702,2026-02-27 15:05:36.681,3.26999,-0.06626,-2.81084,0.023266,-0.206818,0.036439,24.00800000000001
1772222736683009860,2026-02-27 15:05:36.683,3.31842,-0.161637,-1.91533,0.014783,-0.210089,0.02989,24.010000000000005
1772222736684178302,2026-02-27 15:05:36.684,3.36886,-0.250315,-2.58923,0.008522,-0.212433,0.03618,24.01100000000001
1772222736685376243,2026-02-27 15:05:36.685,3.3125,-0.314176,-3.23569,0.005228,-0.211939,0.041297,24.012
1772222736686561234,2026-02-27 15:05:36.686,3.37842,-0.432452,-3.48374,0.003156,-0.213667,0.041895,24.013000000000005
1772222736687687658,2026-02-27 15:05:36.687,3.38671,-0.505647,-3.50926,0.000383,-0.212419,0.042614,24.01400000000001
1772222736688883006,2026-02-27 15:05:36.688,3.39418,-0.588921,-3.5902,-0.003448,-0.215175,0.042267,24.015
1772222736690058179,2026-02-27 15:05:36.690,3.4376,-0.712207,-3.67287,-0.009122,-0.216476,0.042243,24.01700000000001
1772222736691238254,2026-02-27 15:05:36.691,3.44983,-0.779037,-4.70199,-0.008868,-0.217107,0.050191,24.018
1772222736692439523,2026-02-27 15:05:36.692,3.49233,-0.836962,-4.78712,-0.013444,-0.217175,0.050634,24.019000000000005
1772222736693602581,2026-02-27 15:05:36.693,3.37249,-0.983889,-4.2525,-0.02261,-0.218853,0.045837,24.02000000000001
1772222736694734109,2026-02-27 15:05:36.694,3.44318,-1.05782,-4.1167,-0.022647,-0.220081,0.043927,24.021
1772222736695910931,2026-02-27 15:05:36.695,3.39155,-1.07672,-4.21718,-0.024814,-0.220429,0.043423,24.022000000000006
1772222736697093864,2026-02-27 15:05:36.697,3.416,-1.1559,-4.26635,-0.029247,-0.221368,0.044541,24.024
1772222736698264815,2026-02-27 15:05:36.698,3.40324,-1.35215,-3.61748,-0.032988,-0.221968,0.035331,24.025000000000006
1772222736699474589,2026-02-27 15:05:36.699,3.45273,-1.36238,-3.72543,-0.034968,-0.223039,0.036281,24.02600000000001
1772222736700602717,2026-02-27 15:05:36.700,3.4507,-1.46139,-3.9341,-0.038289,-0.222293,0.036886,24.027
1772222736701729058,2026-02-27 15:05:36.701,3.35159,-1.54923,-4.64667,-0.042158,-0.222078,0.042612,24.028000000000006
1772222736702901426,2026-02-27 15:05:36.702,3.37274,-1.62615,-5.11571,-0.047641,-0.22194,0.0456,24.02900000000001
1772222736704070536,2026-02-27 15:05:36.704,3.4584,-1.70689,-5.21788,-0.046799,-0.22347,0.045918,24.031000000000006
1772222736705237459,2026-02-27 15:05:36.705,3.41784,-1.815,-5.46746,-0.052521,-0.223728,0.046269,24.03200000000001
1772222736706432815,2026-02-27 15:05:36.706,3.44749,-1.88001,-5.77524,-0.057242,-0.22406,0.049584,24.033
1772222736707566371,2026-02-27 15:05:36.707,3.4512,-1.94627,-6.81323,-0.057286,-0.222126,0.055779,24.034000000000006
1772222736708694146,2026-02-27 15:05:36.708,3.48146,-2.01258,-6.47365,-0.060869,-0.224319,0.05352,24.03500000000001
1772222736709865707,2026-02-27 15:05:36.709,3.41795,-2.10962,-6.44002,-0.064516,-0.224109,0.051093,24.036
1772222736711046305,2026-02-27 15:05:36.711,3.39145,-2.14683,-6.15485,-0.066666,-0.223574,0.047775,24.03800000000001
1772222736712217311,2026-02-27 15:05:36.712,3.39082,-2.29681,-6.22541,-0.071256,-0.223481,0.045848,24.039
1772222736713407850,2026-02-27 15:05:36.713,3.32516,-2.37487,-6.24757,-0.074493,-0.223419,0.045762,24.040000000000006
1772222736714579986,2026-02-27 15:05:36.714,3.33905,-2.35197,-6.30741,-0.072692,-0.221799,0.045747,24.04100000000001
1772222736715707998,2026-02-27 15:05:36.715,3.3434,-2.41694,-5.35534,-0.076045,-0.218143,0.033934,24.042
1772222736716887906,2026-02-27 15:05:36.716,3.28463,-2.43314,-5.89138,-0.077671,-0.2157,0.037864,24.043000000000006
1772222736718066596,2026-02-27 15:05:36.718,3.2976,-2.49437,-6.12989,-0.07906,-0.212943,0.036981,24.045
1772222736719236617,2026-02-27 15:05:36.719,3.09516,-2.63963,-7.26282,-0.084858,-0.210421,0.04435,24.046000000000006
1772222736720426057,2026-02-27 15:05:36.720,3.07508,-2.61379,-7.31886,-0.08113,-0.208605,0.043754,24.04700000000001
1772222736721561944,2026-02-27 15:05:36.721,3.00648,-2.66032,-7.49926,-0.080264,-0.20588,0.043219,24.048000000000002
1772222736722687364,2026-02-27 15:05:36.722,2.96595,-2.70555,-7.59821,-0.079988,-0.204118,0.042715,24.049000000000007
1772222736723860113,2026-02-27 15:05:36.723,2.95084,-2.74646,-8.74931,-0.076997,-0.199964,0.050824,24.05000000000001
1772222736725054736,2026-02-27 15:05:36.725,2.88503,-2.76104,-8.78563,-0.078478,-0.197928,0.049918,24.052000000000007
1772222736726251278,2026-02-27 15:05:36.726,2.84349,-2.71295,-8.31683,-0.07316,-0.19374,0.043868,24.05300000000001
1772222736727444635,2026-02-27 15:05:36.727,2.77074,-2.74715,-8.24772,-0.080864,-0.188264,0.038986,24.054000000000002
1772222736728595210,2026-02-27 15:05:36.728,2.69834,-2.74391,-8.27748,-0.078641,-0.184531,0.037295,24.055000000000007
1772222736729774320,2026-02-27 15:05:36.729,2.66213,-2.80551,-8.46386,-0.080451,-0.184291,0.037565,24.05600000000001
1772222736730969250,2026-02-27 15:05:36.730,2.59901,-2.84941,-8.65173,-0.078295,-0.18509,0.038171,24.057000000000002
1772222736732139184,2026-02-27 15:05:36.732,2.55383,-2.87148,-8.34071,-0.080365,-0.187473,0.033863,24.05900000000001
1772222736733306873,2026-02-27 15:05:36.733,2.52399,-2.94636,-8.29439,-0.077686,-0.192451,0.032927,24.060000000000002
1772222736734518235,2026-02-27 15:05:36.734,2.56851,-2.91606,-8.6453,-0.072019,-0.194947,0.037153,24.061000000000007
1772222736735645154,2026-02-27 15:05:36.735,2.62404,-2.82806,-9.22611,-0.067597,-0.19525,0.042286,24.062000000000012
1772222736736819309,2026-02-27 15:05:36.736,2.67996,-2.84059,-9.36856,-0.066335,-0.197228,0.042438,24.063000000000002
1772222736738014141,2026-02-27 15:05:36.738,2.69087,-2.87406,-9.28576,-0.067852,-0.201552,0.042065,24.065000000000012
1772222736739202631,2026-02-27 15:05:36.739,2.83478,-2.81541,-9.63475,-0.060834,-0.206877,0.043117,24.066000000000003
1772222736740378673,2026-02-27 15:05:36.740,2.9956,-2.76502,-10.8569,-0.055074,-0.209678,0.053222,24.067000000000007
1772222736741555850,2026-02-27 15:05:36.741,2.98287,-2.73442,-10.4958,-0.055142,-0.215152,0.050748,24.068000000000012
1772222736742686131,2026-02-27 15:05:36.742,3.10646,-2.74436,-10.7021,-0.054129,-0.222784,0.051335,24.069000000000003
1772222736743860140,2026-02-27 15:05:36.743,3.11511,-2.80635,-10.355,-0.057722,-0.230573,0.047684,24.070000000000007
1772222736745059864,2026-02-27 15:05:36.745,3.22161,-2.79047,-10.3116,-0.051965,-0.238209,0.047677,24.072000000000003
1772222736746255116,2026-02-27 15:05:36.746,3.48254,-2.8785,-10.8401,-0.045913,-0.256849,0.051225,24.073000000000008
1772222736747475436,2026-02-27 15:05:36.747,3.62619,-2.84901,-10.9903,-0.042334,-0.265219,0.052772,24.074000000000012
1772222736748606244,2026-02-27 15:05:36.748,3.66848,-2.8963,-10.2229,-0.039162,-0.275403,0.044393,24.075000000000003
1772222736749898243,2026-02-27 15:05:36.749,3.84764,-2.87019,-10.604,-0.036253,-0.2836,0.047055,24.076000000000008
1772222736751095784,2026-02-27 15:05:36.751,3.95561,-2.86818,-10.9544,-0.034564,-0.292634,0.047826,24.078000000000003
1772222736752294464,2026-02-27 15:05:36.752,4.26087,-2.95888,-12.3405,-0.031011,-0.311978,0.061085,24.079000000000008
1772222736753479321,2026-02-27 15:05:36.753,4.43495,-2.97747,-12.6527,-0.027425,-0.321968,0.062524,24.080000000000013
1772222736754609375,2026-02-27 15:05:36.754,4.53823,-3.00157,-12.8123,-0.027882,-0.334043,0.065098,24.081000000000003
1772222736755783439,2026-02-27 15:05:36.755,4.73029,-3.03031,-13.1069,-0.025967,-0.344326,0.066926,24.082000000000008
1772222736756981195,2026-02-27 15:05:36.756,4.88354,-3.04761,-13.868,-0.025166,-0.355935,0.074503,24.083000000000013
1772222736758171033,2026-02-27 15:05:36.758,5.03833,-3.133,-14.5813,-0.025133,-0.367458,0.080983,24.085000000000008
1772222736759344323,2026-02-27 15:05:36.759,5.38013,-3.21433,-14.6301,-0.02074,-0.390921,0.079664,24.086000000000013
1772222736760527190,2026-02-27 15:05:36.760,5.49897,-3.31501,-14.5457,-0.022921,-0.403605,0.079091,24.087000000000003
1772222736761655669,2026-02-27 15:05:36.761,5.69892,-3.26397,-14.6091,-0.020398,-0.415401,0.07984,24.088000000000008
1772222736762834971,2026-02-27 15:05:36.762,5.83478,-3.30795,-15.0474,-0.024537,-0.426644,0.081287,24.089
1772222736764035615,2026-02-27 15:05:36.764,6.05498,-3.28416,-15.33,-0.023214,-0.438374,0.084425,24.091000000000008
1772222736765208276,2026-02-27 15:05:36.765,6.16031,-3.35862,-15.4426,-0.019456,-0.451057,0.08624,24.092
1772222736766382010,2026-02-27 15:05:36.766,6.4478,-3.52521,-15.4345,-0.017676,-0.474196,0.085304,24.093000000000004
1772222736767527972,2026-02-27 15:05:36.767,6.52236,-3.45374,-15.8357,-0.019802,-0.48295,0.087302,24.09400000000001
1772222736768658274,2026-02-27 15:05:36.768,6.72786,-3.53746,-16.571,-0.015792,-0.493029,0.094444,24.095
1772222736769830861,2026-02-27 15:05:36.769,6.82476,-3.61196,-16.9787,-0.015988,-0.501658,0.097666,24.096000000000004
1772222736771028028,2026-02-27 15:05:36.771,6.9225,-3.62383,-17.1291,-0.016974,-0.509055,0.098892,24.098
1772222736772202540,2026-02-27 15:05:36.772,7.05631,-3.70468,-17.4241,-0.014522,-0.517287,0.100706,24.099000000000004
1772222736773375684,2026-02-27 15:05:36.773,7.16032,-3.757,-18.9481,-0.012593,-0.527942,0.112793,24.10000000000001
1772222736774527232,2026-02-27 15:05:36.774,7.20057,-3.78993,-18.9984,-0.012768,-0.532884,0.111085,24.101
1772222736775657579,2026-02-27 15:05:36.775,7.1811,-3.87273,-19.1915,-0.011811,-0.535755,0.112503,24.102000000000004
1772222736776837684,2026-02-27 15:05:36.776,7.23355,-3.8684,-18.8333,-0.011915,-0.538675,0.107588,24.10300000000001
1772222736778034285,2026-02-27 15:05:36.778,7.27632,-3.87517,-18.7946,-0.011536,-0.54036,0.104838,24.105000000000004
1772222736779236111,2026-02-27 15:05:36.779,7.21859,-3.98984,-19.1374,-0.009539,-0.540329,0.104233,24.10600000000001
1772222736780406870,2026-02-27 15:05:36.780,7.13884,-4.02574,-19.4506,-0.010615,-0.539734,0.105123,24.107
1772222736781534978,2026-02-27 15:05:36.781,7.07831,-4.04772,-19.0332,-0.00937,-0.537127,0.097246,24.108000000000004
1772222736782665672,2026-02-27 15:05:36.782,6.97931,-4.06518,-18.8495,-0.00889,-0.532256,0.093914,24.10900000000001
1772222736783839509,2026-02-27 15:05:36.783,6.93851,-4.17908,-19.3404,-0.010122,-0.528012,0.094156,24.11
1772222736785037766,2026-02-27 15:05:36.785,6.79041,-4.16527,-20.0202,-0.00811,-0.521308,0.098301,24.11200000000001
1772222736786224416,2026-02-27 15:05:36.786,6.75395,-4.21935,-20.6793,-0.007972,-0.513751,0.099527,24.113
1772222736787402190,2026-02-27 15:05:36.787,6.37132,-4.35352,-21.2731,-0.01073,-0.496063,0.096032,24.114000000000004
1772222736788528092,2026-02-27 15:05:36.788,6.20462,-4.35465,-21.4909,-0.007061,-0.485334,0.095068,24.11500000000001
1772222736789656860,2026-02-27 15:05:36.789,5.95545,-4.44093,-21.7687,-0.010919,-0.474497,0.093272,24.116
1772222736790854353,2026-02-27 15:05:36.790,5.84262,-4.52117,-23.0104,-0.009915,-0.461761,0.099487,24.117000000000004
1772222736792050444,2026-02-27 15:05:36.792,5.6504,-4.48043,-22.9422,-0.012011,-0.448933,0.091732,24.119
1772222736793242815,2026-02-27 15:05:36.793,5.43948,-4.55784,-22.9655,-0.0092,-0.437434,0.088907,24.120000000000005
1772222736794415305,2026-02-27 15:05:36.794,5.01275,-4.66799,-22.7514,-0.010924,-0.41109,0.077244,24.12100000000001
1772222736795553321,2026-02-27 15:05:36.795,4.79065,-4.74117,-22.922,-0.007475,-0.397581,0.075185,24.122
1772222736796684649,2026-02-27 15:05:36.796,4.57117,-4.78179,-23.1133,-0.010616,-0.384808,0.07279,24.123000000000005
1772222736797863843,2026-02-27 15:05:36.797,4.33071,-4.8451,-23.2229,-0.011656,-0.37103,0.070468,24.12400000000001
1772222736799060686,2026-02-27 15:05:36.799,4.07984,-4.85944,-22.4569,-0.016599,-0.357119,0.055336,24.126000000000005
1772222736800258563,2026-02-27 15:05:36.800,3.88541,-4.89438,-22.804,-0.013604,-0.345242,0.058539,24.12700000000001
1772222736801434304,2026-02-27 15:05:36.801,3.54107,-5.05729,-23.6446,-0.016244,-0.322278,0.058852,24.128
1772222736802553472,2026-02-27 15:05:36.802,3.33445,-5.13208,-24.2114,-0.018764,-0.31211,0.060974,24.129000000000005
1772222736803683516,2026-02-27 15:05:36.803,3.11637,-5.15594,-24.2761,-0.023709,-0.300438,0.057782,24.13000000000001
1772222736804860002,2026-02-27 15:05:36.804,2.94931,-5.20688,-24.4086,-0.020688,-0.289973,0.056188,24.131
1772222736806057043,2026-02-27 15:05:36.806,2.7682,-5.24863,-24.566,-0.023804,-0.280171,0.054902,24.13300000000001
1772222736807253382,2026-02-27 15:05:36.807,2.63776,-5.31531,-25.49,-0.025266,-0.270715,0.058957,24.134
1772222736808445078,2026-02-27 15:05:36.808,2.39265,-5.38063,-25.864,-0.026026,-0.253232,0.056655,24.135000000000005
1772222736809595213,2026-02-27 15:05:36.809,2.21672,-5.42808,-25.5078,-0.028391,-0.243572,0.051606,24.13600000000001
1772222736810768999,2026-02-27 15:05:36.810,2.08139,-5.47826,-25.3769,-0.028818,-0.236156,0.046909,24.137
1772222736811967637,2026-02-27 15:05:36.811,1.87509,-5.53809,-25.4029,-0.034654,-0.227294,0.043948,24.138000000000005
1772222736813166345,2026-02-27 15:05:36.813,1.79546,-5.60083,-25.6173,-0.032591,-0.220707,0.042504,24.14
1772222736814337853,2026-02-27 15:05:36.814,1.61981,-5.61023,-25.7731,-0.038398,-0.212544,0.040775,24.141000000000005
1772222736815538414,2026-02-27 15:05:36.815,1.35698,-5.78345,-24.9182,-0.040902,-0.19869,0.027799,24.14200000000001
1772222736816674268,2026-02-27 15:05:36.816,1.32521,-5.88497,-25.5508,-0.045343,-0.194377,0.030886,24.143
1772222736817893371,2026-02-27 15:05:36.817,1.2943,-5.95606,-25.8614,-0.045917,-0.189601,0.031678,24.144000000000005
1772222736819092208,2026-02-27 15:05:36.819,1.24975,-6.01769,-26.6535,-0.054656,-0.184603,0.033966,24.146
1772222736820291869,2026-02-27 15:05:36.820,1.18971,-6.10487,-26.7448,-0.052118,-0.180144,0.035597,24.147000000000006
1772222736821496613,2026-02-27 15:05:36.821,1.08814,-6.2822,-27.1316,-0.059698,-0.17693,0.034924,24.14800000000001
1772222736822632580,2026-02-27 15:05:36.822,1.09456,-6.35611,-27.1712,-0.066355,-0.174789,0.034474,24.149
1772222736823848895,2026-02-27 15:05:36.823,1.07062,-6.53236,-28.5682,-0.073503,-0.175838,0.045234,24.150000000000006
1772222736825047648,2026-02-27 15:05:36.825,1.09378,-6.634,-28.2599,-0.077308,-0.174188,0.0416,24.152
1772222736826246727,2026-02-27 15:05:36.826,1.03443,-6.74744,-28.3868,-0.082752,-0.174919,0.041826,24.153000000000006
1772222736827421263,2026-02-27 15:05:36.827,0.987659,-6.87212,-27.996,-0.089731,-0.175215,0.037586,24.15400000000001
1772222736828562005,2026-02-27 15:05:36.828,0.973707,-7.03206,-28.0275,-0.100567,-0.174677,0.035545,24.155
1772222736829719786,2026-02-27 15:05:36.829,0.988813,-7.13965,-28.2455,-0.110393,-0.17542,0.034095,24.156000000000006
1772222736830913273,2026-02-27 15:05:36.830,0.952275,-7.21471,-28.4234,-0.108112,-0.176658,0.036393,24.15700000000001
1772222736832110908,2026-02-27 15:05:36.832,0.893762,-7.38532,-27.6362,-0.117892,-0.176922,0.027381,24.159000000000006
1772222736833309521,2026-02-27 15:05:36.833,0.872559,-7.48992,-27.7058,-0.120942,-0.176263,0.028506,24.16000000000001
1772222736834516546,2026-02-27 15:05:36.834,0.925878,-7.73232,-28.693,-0.130219,-0.176831,0.032739,24.161
1772222736835656641,2026-02-27 15:05:36.835,0.925878,-7.73232,-28.693,-0.130219,-0.176831,0.032739,24.162000000000006
1772222736836897398,2026-02-27 15:05:36.836,0.880572,-7.89109,-29.5179,-0.139991,-0.172908,0.036872,24.16300000000001
1772222736838096684,2026-02-27 15:05:36.838,0.771991,-8.04517,-29.6661,-0.14254,-0.171507,0.037335,24.165000000000006
1772222736839295067,2026-02-27 15:05:36.839,0.725497,-8.18767,-29.7856,-0.151055,-0.169414,0.036367,24.16600000000001
1772222736840483000,2026-02-27 15:05:36.840,0.750812,-8.25766,-30.3528,-0.154523,-0.16435,0.039057,24.167
1772222736841620207,2026-02-27 15:05:36.841,0.703334,-8.53279,-31.0094,-0.159224,-0.16,0.04268,24.168000000000006
1772222736842800293,2026-02-27 15:05:36.842,0.600761,-8.6904,-31.0605,-0.164337,-0.159359,0.040585,24.16900000000001
1772222736844001834,2026-02-27 15:05:36.844,0.555078,-8.73805,-30.7956,-0.168521,-0.15557,0.037169,24.171000000000006
1772222736845202750,2026-02-27 15:05:36.845,0.557181,-8.94021,-30.7647,-0.175074,-0.155347,0.035225,24.17200000000001
1772222736846390383,2026-02-27 15:05:36.846,0.517634,-9.08694,-30.9467,-0.18005,-0.152827,0.034712,24.173000000000002
1772222736847558456,2026-02-27 15:05:36.847,0.288958,-9.29701,-31.297,-0.193539,-0.144932,0.034133,24.174000000000007
1772222736848692730,2026-02-27 15:05:36.848,0.26695,-9.4577,-30.2552,-0.195997,-0.144538,0.024109,24.17500000000001
1772222736849872371,2026-02-27 15:05:36.849,0.183596,-9.54261,-30.873,-0.204634,-0.1422,0.027612,24.176000000000002
1772222736851045088,2026-02-27 15:05:36.851,0.181706,-9.64389,-31.0406,-0.207633,-0.14013,0.028226,24.17800000000001
1772222736852217366,2026-02-27 15:05:36.852,0.212047,-9.77509,-31.7347,-0.210314,-0.139425,0.034736,24.179000000000002
1772222736853399120,2026-02-27 15:05:36.853,0.142561,-9.93532,-32.0843,-0.221025,-0.137479,0.037659,24.180000000000007
1772222736854538718,2026-02-27 15:05:36.854,0.127869,-10.0752,-32.1087,-0.227543,-0.138368,0.037881,24.18100000000001
1772222736855667705,2026-02-27 15:05:36.855,0.119318,-10.1696,-32.2564,-0.229213,-0.138198,0.03857,24.182000000000002
1772222736856816556,2026-02-27 15:05:36.856,0.151794,-10.2802,-33.1807,-0.238989,-0.139924,0.048696,24.183000000000007
1772222736857987656,2026-02-27 15:05:36.857,0.150278,-10.3945,-33.2007,-0.244652,-0.140894,0.048305,24.18400000000001
1772222736859187027,2026-02-27 15:05:36.859,0.171211,-10.4709,-33.1403,-0.248717,-0.142789,0.048228,24.186000000000007
1772222736860489448,2026-02-27 15:05:36.860,0.189608,-10.5194,-32.7106,-0.251823,-0.14163,0.044714,24.187000000000012
1772222736861624320,2026-02-27 15:05:36.861,0.071767,-10.6977,-32.3985,-0.261608,-0.144283,0.042769,24.188000000000002
1772222736862797273,2026-02-27 15:05:36.862,0.109916,-10.7526,-32.5483,-0.264241,-0.14436,0.043862,24.189000000000007
1772222736864003178,2026-02-27 15:05:36.864,0.122317,-10.8564,-32.5173,-0.271128,-0.146535,0.044985,24.191000000000003
1772222736865201372,2026-02-27 15:05:36.865,0.14916,-10.8743,-32.0996,-0.272055,-0.146986,0.040265,24.192000000000007
1772222736866401966,2026-02-27 15:05:36.866,0.109891,-10.9187,-31.5913,-0.277817,-0.148408,0.036813,24.193000000000012
1772222736867555100,2026-02-27 15:05:36.867,0.128505,-11.0381,-32.39,-0.282415,-0.150601,0.043495,24.194000000000003
1772222736868688094,2026-02-27 15:05:36.868,0.109678,-11.1086,-32.9522,-0.283408,-0.149508,0.04846,24.195000000000007
1772222736869865541,2026-02-27 15:05:36.869,0.122849,-11.1938,-33.026,-0.290519,-0.152981,0.049977,24.196000000000012
1772222736871065375,2026-02-27 15:05:36.871,0.169925,-11.2019,-33.0489,-0.292469,-0.154813,0.050346,24.198000000000008
1772222736872238126,2026-02-27 15:05:36.872,0.150809,-11.3057,-33.1556,-0.296487,-0.15548,0.050808,24.199000000000012
1772222736873437527,2026-02-27 15:05:36.873,0.214657,-11.3217,-33.2869,-0.299151,-0.158177,0.05217,24.200000000000003
1772222736874607897,2026-02-27 15:05:36.874,0.223178,-11.4163,-33.9777,-0.307831,-0.161879,0.060791,24.201000000000008
1772222736875739134,2026-02-27 15:05:36.875,0.240993,-11.5201,-34.0101,-0.311814,-0.165895,0.062392,24.202000000000012
1772222736876903392,2026-02-27 15:05:36.876,0.302129,-11.5524,-33.5221,-0.317686,-0.170132,0.059131,24.203000000000003
1772222736878092416,2026-02-27 15:05:36.878,0.298589,-11.6437,-33.3653,-0.320602,-0.174605,0.059816,24.205000000000013
1772222736879267554,2026-02-27 15:05:36.879,0.346541,-11.6503,-33.3971,-0.323863,-0.177552,0.061452,24.206000000000003
1772222736880439028,2026-02-27 15:05:36.880,0.407046,-11.6286,-33.4695,-0.3266,-0.181897,0.063106,24.207000000000008
1772222736881621938,2026-02-27 15:05:36.881,0.397931,-11.6868,-32.6263,-0.335884,-0.187542,0.05489,24.208000000000013
1772222736882778855,2026-02-27 15:05:36.882,0.499259,-11.7234,-32.8106,-0.330887,-0.190369,0.058702,24.209000000000003
1772222736883957759,2026-02-27 15:05:36.883,0.463462,-11.7814,-32.9009,-0.335277,-0.192752,0.059653,24.210000000000008
1772222736885137512,2026-02-27 15:05:36.885,0.474212,-11.8305,-33.5155,-0.338073,-0.19485,0.066302,24.212000000000003
1772222736886320706,2026-02-27 15:05:36.886,0.474948,-11.8572,-34.0146,-0.337439,-0.197338,0.070975,24.213000000000008
1772222736887513117,2026-02-27 15:05:36.887,0.556889,-11.8519,-34.1143,-0.335032,-0.199324,0.070957,24.214
1772222736888660533,2026-02-27 15:05:36.888,0.556889,-11.8519,-34.1143,-0.335032,-0.199324,0.070957,24.215000000000003
1772222736889862353,2026-02-27 15:05:36.889,0.508316,-11.8895,-34.8081,-0.334579,-0.196832,0.077389,24.216000000000008
1772222736891042381,2026-02-27 15:05:36.891,0.504612,-11.8875,-35.4749,-0.333076,-0.194641,0.0798,24.218000000000004
1772222736892253144,2026-02-27 15:05:36.892,0.451006,-11.86,-35.2595,-0.329653,-0.1928,0.078086,24.21900000000001
1772222736893478577,2026-02-27 15:05:36.893,0.420613,-11.8459,-34.9741,-0.329829,-0.191634,0.07483,24.22
1772222736894618016,2026-02-27 15:05:36.894,0.346487,-11.8811,-34.7085,-0.326452,-0.185342,0.068568,24.221000000000004
1772222736895775730,2026-02-27 15:05:36.895,0.292322,-11.9208,-34.8694,-0.325188,-0.181765,0.068248,24.22200000000001
1772222736896958186,2026-02-27 15:05:36.896,0.20377,-11.9084,-35.0263,-0.321331,-0.177353,0.067379,24.223
1772222736898140006,2026-02-27 15:05:36.898,0.122289,-11.8853,-35.0467,-0.325769,-0.17276,0.063848,24.22500000000001
1772222736899320721,2026-02-27 15:05:36.899,0.058307,-11.8975,-34.3052,-0.322403,-0.165614,0.053357,24.226
1772222736900672209,2026-02-27 15:05:36.900,0.040409,-12.0026,-34.7173,-0.319052,-0.164345,0.057406,24.227000000000004
1772222736901880324,2026-02-27 15:05:36.901,-0.104677,-12.0827,-35.509,-0.319599,-0.151971,0.060015,24.22800000000001
1772222736903062440,2026-02-27 15:05:36.903,-0.16906,-12.0844,-35.6933,-0.319391,-0.147456,0.0601,24.230000000000004
1772222736904240433,2026-02-27 15:05:36.904,-0.250442,-12.0297,-35.8054,-0.317153,-0.14107,0.058571,24.23100000000001
1772222736905421863,2026-02-27 15:05:36.905,-0.385382,-12.1125,-35.8558,-0.317222,-0.133307,0.056748,24.232
1772222736906687777,2026-02-27 15:05:36.906,-0.518034,-12.1109,-35.8563,-0.319649,-0.12709,0.056467,24.233000000000004
1772222736907882710,2026-02-27 15:05:36.907,-0.674843,-12.1517,-36.7607,-0.320302,-0.113587,0.060733,24.23400000000001
1772222736909020397,2026-02-27 15:05:36.909,-0.826004,-12.1585,-36.7104,-0.320507,-0.105977,0.059016,24.236000000000004
1772222736910216038,2026-02-27 15:05:36.910,-0.908083,-12.1886,-36.2042,-0.322271,-0.100657,0.053015,24.23700000000001
1772222736911396201,2026-02-27 15:05:36.911,-1.00633,-12.1937,-35.8765,-0.321994,-0.093674,0.049519,24.238
1772222736912540263,2026-02-27 15:05:36.912,-1.08696,-12.173,-35.7399,-0.322215,-0.087888,0.047211,24.239000000000004
1772222736913677639,2026-02-27 15:05:36.913,-1.24561,-12.2154,-35.7047,-0.322647,-0.076051,0.044762,24.24000000000001
1772222736914826064,2026-02-27 15:05:36.914,-1.24707,-12.1925,-34.8397,-0.324175,-0.072247,0.037047,24.241
1772222736916012088,2026-02-27 15:05:36.916,-1.33333,-12.1658,-34.5981,-0.324024,-0.068546,0.034202,24.24300000000001
1772222736917194124,2026-02-27 15:05:36.917,-1.35578,-12.1575,-34.783,-0.323366,-0.064908,0.034504,24.244
1772222736918374331,2026-02-27 15:05:36.918,-1.35856,-12.2388,-35.2176,-0.32535,-0.063364,0.038642,24.245000000000005
1772222736919532659,2026-02-27 15:05:36.919,-1.39819,-12.2022,-35.687,-0.322338,-0.059389,0.042061,24.24600000000001
1772222736920666996,2026-02-27 15:05:36.920,-1.42752,-12.2863,-35.7449,-0.327176,-0.058591,0.041245,24.247
1772222736921823924,2026-02-27 15:05:36.921,-1.46935,-12.3137,-35.8587,-0.326122,-0.057196,0.039911,24.248000000000005
1772222736923008953,2026-02-27 15:05:36.923,-1.43489,-12.35,-35.9706,-0.327658,-0.05706,0.041485,24.25
1772222736924190250,2026-02-27 15:05:36.924,-1.41771,-12.454,-37.0226,-0.328957,-0.056972,0.04978,24.251000000000005
1772222736925390929,2026-02-27 15:05:36.925,-1.38661,-12.4908,-36.7482,-0.330356,-0.05726,0.04517,24.25200000000001
1772222736926565356,2026-02-27 15:05:36.926,-1.39026,-12.5211,-36.7183,-0.329251,-0.058087,0.043712,24.253
1772222736927699545,2026-02-27 15:05:36.927,-1.34228,-12.631,-36.3551,-0.333382,-0.061046,0.037802,24.254000000000005
1772222736928857885,2026-02-27 15:05:36.928,-1.29684,-12.6718,-36.4168,-0.334263,-0.06256,0.037937,24.25500000000001
1772222736930062867,2026-02-27 15:05:36.930,-1.27792,-12.7316,-36.5815,-0.335003,-0.062942,0.03822,24.257000000000005
1772222736931262937,2026-02-27 15:05:36.931,-1.27634,-12.8476,-36.6625,-0.341331,-0.06391,0.03778,24.25800000000001
1772222736932478683,2026-02-27 15:05:36.932,-1.26264,-12.8275,-35.6204,-0.340548,-0.064727,0.02792,24.259
1772222736933618207,2026-02-27 15:05:36.933,-1.24813,-12.9494,-36.0325,-0.344733,-0.065234,0.031596,24.260000000000005
1772222736934772232,2026-02-27 15:05:36.934,-1.22485,-13.1048,-36.7854,-0.351502,-0.067847,0.037388,24.26100000000001
1772222736935973350,2026-02-27 15:05:36.935,-1.15671,-13.1584,-37.15,-0.353494,-0.068511,0.040291,24.262
1772222736937173016,2026-02-27 15:05:36.937,-1.13488,-13.2207,-37.1324,-0.356816,-0.068869,0.040617,24.26400000000001
1772222736938370733,2026-02-27 15:05:36.938,-1.16447,-13.3191,-37.1761,-0.362744,-0.069406,0.040653,24.265
1772222736939573045,2026-02-27 15:05:36.939,-1.15879,-13.4366,-37.1619,-0.366484,-0.070875,0.041392,24.266000000000005
1772222736940723794,2026-02-27 15:05:36.940,-1.06295,-13.4552,-37.9925,-0.370939,-0.070391,0.050166,24.26700000000001
1772222736941948458,2026-02-27 15:05:36.941,-1.09871,-13.6461,-38.0473,-0.382091,-0.073184,0.051569,24.268
1772222736943147280,2026-02-27 15:05:36.943,-1.12143,-13.752,-37.5771,-0.3876,-0.073292,0.047825,24.27000000000001
1772222736944347245,2026-02-27 15:05:36.944,-1.10616,-13.8775,-37.2386,-0.396478,-0.074744,0.04542,24.271
1772222736945532848,2026-02-27 15:05:36.945,-1.05875,-13.9356,-37.075,-0.400362,-0.077205,0.045193,24.272000000000006
1772222736946666461,2026-02-27 15:05:36.946,-0.953281,-14.1052,-36.9721,-0.412134,-0.083102,0.047716,24.27300000000001
1772222736947868452,2026-02-27 15:05:36.947,-0.875242,-14.2302,-36.6713,-0.417684,-0.087019,0.045148,24.274
1772222736949068555,2026-02-27 15:05:36.949,-0.865947,-14.1879,-35.7532,-0.422384,-0.088548,0.041538,24.27600000000001
1772222736950205395,2026-02-27 15:05:36.950,-0.849602,-14.3374,-36.1334,-0.430359,-0.093422,0.046269,24.277
1772222736951423207,2026-02-27 15:05:36.951,-0.811999,-14.4208,-36.2548,-0.43517,-0.096168,0.049066,24.278000000000006
1772222736952603506,2026-02-27 15:05:36.952,-0.744805,-14.4702,-36.7691,-0.443388,-0.098343,0.055839,24.27900000000001
1772222736953738158,2026-02-27 15:05:36.953,-0.654354,-14.6273,-36.7297,-0.45577,-0.106388,0.058575,24.28
1772222736954913862,2026-02-27 15:05:36.954,-0.528915,-14.6751,-36.6137,-0.457561,-0.112522,0.059663,24.281000000000006
1772222736956112363,2026-02-27 15:05:36.956,-0.584571,-14.7864,-36.4074,-0.46395,-0.116555,0.06181,24.283
1772222736957287831,2026-02-27 15:05:36.957,-0.451322,-14.8037,-37.6205,-0.47072,-0.119099,0.072913,24.284000000000006
1772222736958500540,2026-02-27 15:05:36.958,-0.376111,-14.8781,-37.1575,-0.476225,-0.122745,0.070461,24.28500000000001
1772222736959631746,2026-02-27 15:05:36.959,-0.319133,-14.9369,-37.1633,-0.47853,-0.127793,0.071275,24.286
1772222736960788236,2026-02-27 15:05:36.960,-0.205964,-15.0592,-36.3064,-0.487829,-0.137688,0.06751,24.287000000000006
1772222736961915960,2026-02-27 15:05:36.961,-0.122067,-15.1184,-36.2531,-0.494955,-0.142226,0.068446,24.28800000000001
1772222736963117830,2026-02-27 15:05:36.963,-0.118154,-15.2922,-36.3072,-0.501085,-0.149453,0.070007,24.290000000000006
1772222736964314606,2026-02-27 15:05:36.964,0.017072,-15.2973,-36.1553,-0.50646,-0.154723,0.071686,24.29100000000001
1772222736965528067,2026-02-27 15:05:36.965,0.068728,-15.3374,-35.2313,-0.513627,-0.162382,0.066982,24.292
1772222736966663153,2026-02-27 15:05:36.966,0.246305,-15.5348,-35.2816,-0.528817,-0.177173,0.07092,24.293000000000006
1772222736967818703,2026-02-27 15:05:36.967,0.376595,-15.6306,-35.7981,-0.535666,-0.18395,0.078156,24.29400000000001
1772222736969126348,2026-02-27 15:05:36.969,0.536929,-15.6252,-36.0302,-0.534604,-0.192581,0.085994,24.296000000000006
1772222736970324457,2026-02-27 15:05:36.970,0.730325,-15.6741,-35.9636,-0.541535,-0.202126,0.08824,24.29700000000001
1772222736971553377,2026-02-27 15:05:36.971,0.801708,-15.7245,-35.9612,-0.549949,-0.207281,0.090637,24.298000000000002
1772222736972685697,2026-02-27 15:05:36.972,1.00354,-15.784,-36.3092,-0.561999,-0.221877,0.099875,24.299000000000007
1772222736973863953,2026-02-27 15:05:36.973,1.1359,-15.8782,-37.0548,-0.563048,-0.229568,0.108187,24.30000000000001
1772222736975068412,2026-02-27 15:05:36.975,1.28585,-15.9424,-36.7224,-0.569394,-0.235424,0.107137,24.302000000000007
1772222736976268090,2026-02-27 15:05:36.976,1.25584,-15.9978,-36.6741,-0.573072,-0.242492,0.10547,24.30300000000001
1772222736977477045,2026-02-27 15:05:36.977,1.37845,-16.1059,-36.3684,-0.582717,-0.252537,0.10503,24.304000000000002
1772222736978608361,2026-02-27 15:05:36.978,1.40686,-16.2426,-36.2491,-0.588513,-0.261452,0.105017,24.305000000000007
1772222736979746656,2026-02-27 15:05:36.979,1.67004,-16.3344,-36.4181,-0.597361,-0.279738,0.10887,24.30600000000001
1772222736980875600,2026-02-27 15:05:36.980,1.85745,-16.4757,-36.3371,-0.598473,-0.291475,0.1123,24.307000000000002
1772222736982075488,2026-02-27 15:05:36.982,1.94433,-16.4214,-35.4043,-0.605843,-0.299046,0.103142,24.30900000000001
1772222736983273007,2026-02-27 15:05:36.983,2.08128,-16.5475,-35.7583,-0.608024,-0.31049,0.110614,24.310000000000002
1772222736984486111,2026-02-27 15:05:36.984,2.19897,-16.5994,-35.8182,-0.614148,-0.321223,0.113295,24.311000000000007
1772222736985616248,2026-02-27 15:05:36.985,2.45146,-16.607,-36.3436,-0.614745,-0.334103,0.122435,24.312000000000012
1772222736986750722,2026-02-27 15:05:36.986,2.7333,-16.6854,-36.6999,-0.621303,-0.356185,0.13013,24.313000000000002
1772222736987881300,2026-02-27 15:05:36.987,2.98369,-16.6965,-36.7695,-0.621747,-0.368362,0.131825,24.314000000000007
1772222736989081725,2026-02-27 15:05:36.989,3.1228,-16.7286,-36.9482,-0.623169,-0.378185,0.13431,24.316000000000003
1772222736990273664,2026-02-27 15:05:36.990,3.16284,-16.7665,-38.1449,-0.625706,-0.385583,0.145838,24.317000000000007
1772222736991517664,2026-02-27 15:05:36.991,3.31781,-16.8096,-38.2929,-0.626825,-0.394594,0.146824,24.318000000000012
1772222736992654941,2026-02-27 15:05:36.992,3.42404,-16.8105,-38.4153,-0.625106,-0.401733,0.147052,24.319000000000003
1772222736993807846,2026-02-27 15:05:36.993,3.41493,-16.8945,-38.0724,-0.627225,-0.410433,0.140878,24.320000000000007
1772222736994983981,2026-02-27 15:05:36.994,3.42538,-16.9488,-38.2731,-0.624369,-0.411035,0.140587,24.321000000000012
1772222736996181173,2026-02-27 15:05:36.996,3.41814,-16.9746,-38.5232,-0.620722,-0.412245,0.141602,24.323000000000008
1772222736997378672,2026-02-27 15:05:36.997,3.4413,-17.0244,-38.7545,-0.620381,-0.410171,0.139701,24.324000000000012
1772222736998561637,2026-02-27 15:05:36.998,3.33107,-17.0007,-38.3935,-0.616987,-0.406797,0.13423,24.325000000000003
1772222736999695027,2026-02-27 15:05:36.999,3.2691,-16.9733,-38.0369,-0.6148,-0.40258,0.129547,24.326000000000008
1772222737000867194,2026-02-27 15:05:37.000,3.02598,-17.0653,-38.9383,-0.614906,-0.388362,0.129991,24.327000000000012
1772222737002059514,2026-02-27 15:05:37.002,2.96683,-17.0914,-39.508,-0.612344,-0.37933,0.133246,24.329000000000008
1772222737003256768,2026-02-27 15:05:37.003,2.7716,-17.0919,-39.6402,-0.615505,-0.369554,0.13115,24.330000000000013
1772222737004477787,2026-02-27 15:05:37.004,2.66206,-17.0936,-39.5892,-0.613331,-0.359427,0.129639,24.331000000000003
1772222737005607928,2026-02-27 15:05:37.005,2.53047,-17.0678,-39.5724,-0.612606,-0.348091,0.127019,24.332000000000008
1772222737006745648,2026-02-27 15:05:37.006,2.29793,-17.0819,-39.584,-0.6133,-0.337001,0.125249,24.333000000000013
1772222737007895683,2026-02-27 15:05:37.007,1.94091,-17.0625,-40.1388,-0.615931,-0.309467,0.125545,24.334000000000003
1772222737009091613,2026-02-27 15:05:37.009,1.75375,-17.0247,-39.9957,-0.61614,-0.295972,0.122128,24.336000000000013
1772222737010288644,2026-02-27 15:05:37.010,1.53278,-17.0524,-39.4239,-0.617386,-0.282754,0.115281,24.337000000000003
1772222737011443106,2026-02-27 15:05:37.011,1.32499,-16.958,-39.2226,-0.618794,-0.266499,0.109096,24.338000000000008
1772222737012607494,2026-02-27 15:05:37.012,1.11138,-16.9053,-39.1088,-0.614418,-0.252146,0.107264,24.339
1772222737013796805,2026-02-27 15:05:37.013,0.939927,-16.8936,-39.0867,-0.613825,-0.238238,0.103767,24.340000000000003
1772222737014984574,2026-02-27 15:05:37.014,0.48057,-16.8765,-37.9302,-0.613205,-0.209347,0.088238,24.341000000000008
1772222737016183673,2026-02-27 15:05:37.016,0.241959,-16.7467,-38.2822,-0.610005,-0.191328,0.085913,24.343000000000004
1772222737017381898,2026-02-27 15:05:37.017,0.072407,-16.7491,-38.1143,-0.607909,-0.179628,0.085115,24.34400000000001
1772222737018570042,2026-02-27 15:05:37.018,-0.226392,-16.8109,-38.7039,-0.606243,-0.164087,0.08772,24.345
1772222737019724021,2026-02-27 15:05:37.019,-0.425431,-16.7497,-39.0113,-0.604148,-0.148742,0.087939,24.346000000000004
1772222737020878417,2026-02-27 15:05:37.020,-0.644526,-16.7444,-38.9924,-0.60205,-0.133964,0.08491,24.34700000000001
1772222737022060308,2026-02-27 15:05:37.022,-1.01725,-16.6544,-38.9735,-0.59462,-0.105231,0.078927,24.349000000000004
1772222737023264969,2026-02-27 15:05:37.023,-1.21184,-16.6095,-39.6641,-0.592405,-0.090468,0.081712,24.35000000000001
1772222737024477896,2026-02-27 15:05:37.024,-1.48652,-16.5858,-40.1366,-0.588766,-0.075423,0.082113,24.351
1772222737025614804,2026-02-27 15:05:37.025,-1.70569,-16.6137,-40.0676,-0.586871,-0.061085,0.077601,24.352000000000004
1772222737026811236,2026-02-27 15:05:37.026,-1.88954,-16.5666,-39.6718,-0.582032,-0.045287,0.070125,24.35300000000001
1772222737027986310,2026-02-27 15:05:37.027,-2.40989,-16.5587,-39.4374,-0.58047,-0.016634,0.058412,24.354
1772222737029189031,2026-02-27 15:05:37.029,-2.56681,-16.5559,-39.5162,-0.573116,-0.002065,0.055192,24.35600000000001
1772222737030393484,2026-02-27 15:05:37.030,-2.77193,-16.5913,-39.6199,-0.570002,0.012532,0.052303,24.357
1772222737031561582,2026-02-27 15:05:37.031,-3.04888,-16.6026,-39.5265,-0.568388,0.027128,0.046982,24.358000000000004
1772222737032694658,2026-02-27 15:05:37.032,-3.27052,-16.5831,-38.6147,-0.564313,0.0408,0.035114,24.35900000000001
1772222737033847589,2026-02-27 15:05:37.033,-3.49532,-16.5874,-39.1921,-0.562441,0.055311,0.036026,24.36
1772222737035024863,2026-02-27 15:05:37.035,-3.81243,-16.5697,-39.8966,-0.557574,0.079862,0.034708,24.36200000000001
1772222737036228095,2026-02-27 15:05:37.036,-3.98647,-16.5842,-40.0933,-0.556596,0.09108,0.033476,24.363
1772222737037427653,2026-02-27 15:05:37.037,-4.14276,-16.6092,-40.1303,-0.557551,0.101415,0.029512,24.364000000000004
1772222737038574673,2026-02-27 15:05:37.038,-4.37548,-16.6227,-40.0528,-0.558863,0.111744,0.026508,24.36500000000001
1772222737039712852,2026-02-27 15:05:37.039,-4.45882,-16.6561,-40.1329,-0.553945,0.121759,0.023456,24.366
1772222737040904442,2026-02-27 15:05:37.040,-4.5903,-16.6659,-41.2495,-0.556422,0.128304,0.031945,24.367000000000004
1772222737042094317,2026-02-27 15:05:37.042,-4.81429,-16.6746,-40.8789,-0.554648,0.141707,0.024847,24.369
1772222737043295583,2026-02-27 15:05:37.043,-4.86821,-16.6885,-40.2692,-0.556562,0.147032,0.018678,24.370000000000005
1772222737044508019,2026-02-27 15:05:37.044,-4.98178,-16.7301,-39.9198,-0.557865,0.151038,0.014768,24.37100000000001
1772222737045646293,2026-02-27 15:05:37.045,-5.02131,-16.7455,-39.8535,-0.558318,0.154182,0.013908,24.372
1772222737046849149,2026-02-27 15:05:37.046,-5.03048,-16.6959,-39.8257,-0.558277,0.157586,0.012837,24.373000000000005
1772222737048027134,2026-02-27 15:05:37.048,-5.10181,-16.7588,-38.8844,-0.564734,0.157091,0.005332,24.375
1772222737049222199,2026-02-27 15:05:37.049,-5.07435,-16.7769,-38.5481,-0.56604,0.157236,0.003753,24.376000000000005
1772222737050425623,2026-02-27 15:05:37.050,-5.06627,-16.7763,-38.7446,-0.569664,0.154431,0.005529,24.37700000000001
1772222737051570352,2026-02-27 15:05:37.051,-5.02807,-16.8089,-39.1177,-0.572882,0.151753,0.009528,24.378
1772222737052708510,2026-02-27 15:05:37.052,-4.92876,-16.8241,-39.3732,-0.573622,0.146846,0.014506,24.379000000000005
1772222737053886745,2026-02-27 15:05:37.053,-4.8549,-16.8444,-39.3855,-0.576295,0.142902,0.016372,24.38000000000001
1772222737055062378,2026-02-27 15:05:37.055,-4.6298,-16.9387,-39.1189,-0.582842,0.128793,0.019189,24.382000000000005
1772222737056257101,2026-02-27 15:05:37.056,-4.48493,-16.9105,-39.2638,-0.585786,0.120985,0.022728,24.38300000000001
1772222737057470725,2026-02-27 15:05:37.057,-4.31857,-16.9706,-40.1049,-0.589524,0.111083,0.0331,24.384
1772222737058604834,2026-02-27 15:05:37.058,-4.20975,-17.0395,-39.6452,-0.594001,0.101992,0.03116,24.385000000000005
1772222737059735696,2026-02-27 15:05:37.059,-4.06303,-17.0942,-39.5268,-0.594523,0.092201,0.031888,24.38600000000001
1772222737060902237,2026-02-27 15:05:37.060,-3.89388,-17.111,-39.0267,-0.601154,0.080124,0.029963,24.387
1772222737062104217,2026-02-27 15:05:37.062,-3.56311,-17.1555,-38.8464,-0.606287,0.058583,0.033695,24.38900000000001
1772222737063287889,2026-02-27 15:05:37.063,-3.39326,-17.3004,-38.6825,-0.613606,0.044638,0.036441,24.39
1772222737064496913,2026-02-27 15:05:37.064,-3.16792,-17.3129,-38.7196,-0.62222,0.031911,0.038859,24.391000000000005
1772222737065633704,2026-02-27 15:05:37.065,-2.96088,-17.3841,-37.4091,-0.621845,0.016469,0.03176,24.39200000000001
1772222737066836214,2026-02-27 15:05:37.066,-2.73967,-17.4065,-37.7377,-0.623182,0.002633,0.038668,24.393
1772222737068010720,2026-02-27 15:05:37.068,-2.5008,-17.4395,-37.797,-0.627071,-0.012468,0.041615,24.39500000000001
1772222737069188970,2026-02-27 15:05:37.069,-2.04708,-17.5213,-38.4666,-0.635536,-0.04184,0.05701,24.396
1772222737070391203,2026-02-27 15:05:37.070,-1.84065,-17.5384,-38.4636,-0.637719,-0.05501,0.059813,24.397000000000006
1772222737071584755,2026-02-27 15:05:37.071,-1.59027,-17.5784,-38.4237,-0.641305,-0.070036,0.063237,24.39800000000001
1772222737072718698,2026-02-27 15:05:37.072,-1.38046,-17.5993,-38.4204,-0.644153,-0.082065,0.066005,24.399
1772222737073898742,2026-02-27 15:05:37.073,-1.19897,-17.6669,-39.3494,-0.647951,-0.092458,0.077389,24.400000000000006
1772222737075072488,2026-02-27 15:05:37.075,-1.08363,-17.7324,-39.5122,-0.652896,-0.103983,0.080257,24.402
1772222737076261446,2026-02-27 15:05:37.076,-0.784339,-17.8673,-39.0041,-0.656633,-0.120924,0.080681,24.403000000000006
1772222737077434769,2026-02-27 15:05:37.077,-0.651798,-17.902,-38.7671,-0.655997,-0.128136,0.078916,24.40400000000001
1772222737078564646,2026-02-27 15:05:37.078,-0.617659,-17.9645,-38.6686,-0.661583,-0.133329,0.079091,24.405
1772222737079839204,2026-02-27 15:05:37.079,-0.520142,-18.0465,-38.7261,-0.662723,-0.138349,0.081786,24.406000000000006
1772222737081014633,2026-02-27 15:05:37.081,-0.536162,-18.1157,-38.7221,-0.670408,-0.141194,0.083777,24.408
1772222737082192917,2026-02-27 15:05:37.082,-0.515627,-18.2129,-37.7432,-0.674059,-0.143456,0.077161,24.409000000000006
1772222737083392997,2026-02-27 15:05:37.083,-0.488665,-18.3263,-38.1762,-0.676871,-0.143307,0.081055,24.41000000000001
1772222737084574981,2026-02-27 15:05:37.084,-0.493407,-18.3596,-38.4399,-0.678151,-0.140372,0.084028,24.411
1772222737085706051,2026-02-27 15:05:37.085,-0.603629,-18.4456,-38.8858,-0.684238,-0.137935,0.089401,24.412000000000006
1772222737086859399,2026-02-27 15:05:37.086,-0.646479,-18.4932,-38.9581,-0.688213,-0.133545,0.090919,24.41300000000001
1772222737088031247,2026-02-27 15:05:37.088,-0.762346,-18.5358,-38.9754,-0.690912,-0.126743,0.090153,24.415000000000006
1772222737089203456,2026-02-27 15:05:37.089,-1.01424,-18.5825,-39.0434,-0.691178,-0.108661,0.087822,24.41600000000001
1772222737090404171,2026-02-27 15:05:37.090,-1.13335,-18.6067,-40.001,-0.697592,-0.097915,0.096879,24.417
1772222737091579195,2026-02-27 15:05:37.091,-1.38225,-18.6323,-39.6413,-0.698596,-0.085427,0.091231,24.418000000000006
1772222737092710799,2026-02-27 15:05:37.092,-1.62259,-18.6492,-39.649,-0.699291,-0.06968,0.088968,24.41900000000001
1772222737093890209,2026-02-27 15:05:37.093,-1.82439,-18.6894,-39.1969,-0.700603,-0.055451,0.081808,24.42
1772222737095062848,2026-02-27 15:05:37.095,-2.08574,-18.7307,-38.94,-0.69946,-0.038531,0.076508,24.42200000000001
1772222737096262907,2026-02-27 15:05:37.096,-2.64811,-18.739,-38.9454,-0.701078,-0.003519,0.070283,24.423000000000002
1772222737097475990,2026-02-27 15:05:37.097,-2.89588,-18.7882,-38.9893,-0.702966,0.01438,0.067289,24.424000000000007
1772222737098575245,2026-02-27 15:05:37.098,-3.21407,-18.8369,-38.0305,-0.704649,0.033022,0.053989,24.42500000000001
1772222737099705912,2026-02-27 15:05:37.099,-3.46745,-18.8172,-38.0726,-0.703791,0.051569,0.050871,24.426000000000002
1772222737100883288,2026-02-27 15:05:37.100,-3.79825,-18.9016,-38.1254,-0.708008,0.070083,0.048911,24.427000000000007
1772222737102055218,2026-02-27 15:05:37.102,-3.98299,-18.9492,-38.6034,-0.71025,0.086257,0.050146,24.429000000000002
1772222737103225975,2026-02-27 15:05:37.103,-4.45693,-19.055,-39.0114,-0.716083,0.119687,0.046308,24.430000000000007
1772222737104428177,2026-02-27 15:05:37.104,-4.66291,-19.077,-38.9654,-0.718021,0.135971,0.042096,24.43100000000001
1772222737105565582,2026-02-27 15:05:37.105,-4.94049,-19.1695,-38.8737,-0.723507,0.149879,0.039796,24.432000000000002
1772222737106696364,2026-02-27 15:05:37.106,-5.14282,-19.1547,-39.2122,-0.726635,0.164369,0.041373,24.433000000000007
1772222737107874766,2026-02-27 15:05:37.107,-5.36771,-19.2573,-39.8452,-0.731324,0.178151,0.044209,24.43400000000001
1772222737109046470,2026-02-27 15:05:37.109,-5.52606,-19.2391,-39.5599,-0.730907,0.192516,0.037853,24.436000000000007
1772222737110218878,2026-02-27 15:05:37.110,-5.93612,-19.3366,-38.725,-0.741551,0.213557,0.027277,24.437000000000012
1772222737111412299,2026-02-27 15:05:37.111,-6.0667,-19.3628,-38.4768,-0.742752,0.225016,0.023433,24.438000000000002
1772222737112571309,2026-02-27 15:05:37.112,-6.29353,-19.3607,-38.5006,-0.746931,0.234466,0.023321,24.439000000000007
1772222737113702297,2026-02-27 15:05:37.113,-6.44923,-19.3654,-38.4728,-0.750702,0.242409,0.02173,24.440000000000012
1772222737114877696,2026-02-27 15:05:37.114,-6.53466,-19.3444,-38.4406,-0.747372,0.250256,0.020051,24.441000000000003
1772222737116062974,2026-02-27 15:05:37.116,-6.69462,-19.351,-37.3143,-0.750218,0.256889,0.009281,24.443000000000012
1772222737117234342,2026-02-27 15:05:37.117,-6.9071,-19.4082,-37.9504,-0.754915,0.268928,0.012586,24.444000000000003
1772222737118426472,2026-02-27 15:05:37.118,-6.95013,-19.4182,-38.6047,-0.755184,0.272396,0.016032,24.445000000000007
1772222737119563621,2026-02-27 15:05:37.119,-6.98677,-19.4322,-38.9,-0.755067,0.274789,0.017558,24.446000000000012
1772222737120694597,2026-02-27 15:05:37.120,-7.08343,-19.4792,-38.9757,-0.755521,0.277356,0.01643,24.447000000000003
1772222737121894252,2026-02-27 15:05:37.121,-7.1013,-19.5004,-39.0531,-0.754079,0.27646,0.015788,24.448000000000008
1772222737123077850,2026-02-27 15:05:37.123,-7.16847,-19.4798,-39.1762,-0.754697,0.278167,0.015732,24.450000000000003
1772222737124250800,2026-02-27 15:05:37.124,-7.21724,-19.5607,-40.2672,-0.758858,0.277514,0.023366,24.451000000000008
1772222737125443587,2026-02-27 15:05:37.125,-7.09925,-19.5749,-40.2645,-0.754899,0.274218,0.023425,24.452000000000012
1772222737126561282,2026-02-27 15:05:37.126,-7.0567,-19.5448,-39.7879,-0.753543,0.269051,0.019087,24.453000000000003
1772222737127692402,2026-02-27 15:05:37.127,-6.92219,-19.6465,-39.5726,-0.754024,0.261367,0.017469,24.454000000000008
1772222737128841469,2026-02-27 15:05:37.128,-6.83351,-19.6022,-39.5365,-0.753307,0.252901,0.018245,24.455000000000013
1772222737130041025,2026-02-27 15:05:37.130,-6.64363,-19.5964,-39.6461,-0.752099,0.242109,0.019761,24.457000000000008
1772222737131240012,2026-02-27 15:05:37.131,-6.28923,-19.7013,-39.1193,-0.752298,0.216649,0.017392,24.458000000000013
1772222737132436227,2026-02-27 15:05:37.132,-6.10336,-19.6883,-38.7962,-0.75419,0.200932,0.014676,24.459000000000003
1772222737133580705,2026-02-27 15:05:37.133,-5.86058,-19.6703,-39.2636,-0.751994,0.185387,0.02119,24.460000000000008
1772222737134711818,2026-02-27 15:05:37.134,-5.58653,-19.6352,-39.7095,-0.751258,0.168337,0.027485,24.461000000000013
1772222737135893039,2026-02-27 15:05:37.135,-5.326,-19.6086,-40.2193,-0.750615,0.151383,0.034172,24.462000000000003
1772222737137091330,2026-02-27 15:05:37.137,-4.99208,-19.5919,-40.3989,-0.746266,0.133151,0.037459,24.464
1772222737138266440,2026-02-27 15:05:37.138,-4.58387,-19.5462,-40.6263,-0.743968,0.10048,0.041507,24.465000000000003
1772222737139473496,2026-02-27 15:05:37.139,-4.34355,-19.5285,-40.8107,-0.736504,0.085144,0.045508,24.466000000000008
1772222737140605449,2026-02-27 15:05:37.140,-4.10966,-19.5523,-42.0022,-0.732193,0.070407,0.056977,24.467
1772222737141734729,2026-02-27 15:05:37.141,-3.86747,-19.473,-41.7385,-0.726411,0.055329,0.054597,24.468000000000004
1772222737142910106,2026-02-27 15:05:37.142,-3.68775,-19.4417,-41.9035,-0.721479,0.042825,0.055352,24.46900000000001
1772222737144107215,2026-02-27 15:05:37.144,-3.54373,-19.3924,-41.54,-0.717322,0.030364,0.052994,24.471000000000004
1772222737145279159,2026-02-27 15:05:37.145,-3.2042,-19.2764,-41.5981,-0.704767,0.009885,0.053615,24.47200000000001
1772222737146483411,2026-02-27 15:05:37.146,-3.0792,-19.2201,-41.6793,-0.699704,0.001642,0.053972,24.473
1772222737147613623,2026-02-27 15:05:37.147,-2.93821,-19.1548,-41.7257,-0.69619,-0.007622,0.055182,24.474000000000004
1772222737148793844,2026-02-27 15:05:37.148,-2.81171,-19.0931,-40.7179,-0.689779,-0.013571,0.044816,24.47500000000001
1772222737149991786,2026-02-27 15:05:37.149,-2.76199,-19.0118,-41.1364,-0.680502,-0.018805,0.04701,24.476
1772222737151165410,2026-02-27 15:05:37.151,-2.64533,-18.9562,-41.2385,-0.675767,-0.02333,0.047511,24.47800000000001
1772222737152339696,2026-02-27 15:05:37.152,-2.50418,-18.8025,-42.1878,-0.667346,-0.032462,0.056275,24.479
1772222737153525424,2026-02-27 15:05:37.153,-2.42814,-18.7772,-42.2007,-0.663163,-0.034627,0.055504,24.480000000000004
1772222737154654172,2026-02-27 15:05:37.154,-2.35936,-18.7125,-42.2058,-0.662967,-0.037905,0.056405,24.48100000000001
1772222737155830986,2026-02-27 15:05:37.155,-2.40091,-18.6366,-42.2617,-0.657965,-0.038768,0.055703,24.482
1772222737157029008,2026-02-27 15:05:37.157,-2.33331,-18.5222,-42.8665,-0.652382,-0.038954,0.061494,24.48400000000001
1772222737158201303,2026-02-27 15:05:37.158,-2.34997,-18.4772,-43.2226,-0.649254,-0.038991,0.063106,24.485
1772222737159395822,2026-02-27 15:05:37.159,-2.3857,-18.318,-42.7459,-0.639244,-0.03365,0.056131,24.486000000000004
1772222737160557105,2026-02-27 15:05:37.160,-2.51509,-18.2991,-42.3136,-0.641114,-0.030771,0.051886,24.48700000000001
1772222737161688455,2026-02-27 15:05:37.161,-2.57165,-18.2746,-42.1764,-0.639654,-0.025777,0.049613,24.488
1772222737162864020,2026-02-27 15:05:37.162,-2.63046,-18.2668,-42.287,-0.634782,-0.019129,0.048098,24.489000000000004
1772222737164062765,2026-02-27 15:05:37.164,-2.76768,-18.2978,-42.2391,-0.640656,-0.012074,0.046462,24.491
1772222737165235116,2026-02-27 15:05:37.165,-2.8493,-18.3323,-42.0708,-0.644132,-0.00302,0.042316,24.492000000000004
1772222737166410311,2026-02-27 15:05:37.166,-3.16919,-18.3326,-41.5763,-0.646917,0.019268,0.03469,24.49300000000001
1772222737167536153,2026-02-27 15:05:37.167,-3.35548,-18.4411,-41.6149,-0.65405,0.030826,0.033752,24.494
1772222737168667738,2026-02-27 15:05:37.168,-3.53704,-18.5216,-42.0801,-0.658806,0.045651,0.036011,24.495000000000005
1772222737169844054,2026-02-27 15:05:37.169,-3.76819,-18.5417,-42.1579,-0.663438,0.060299,0.034918,24.49600000000001
1772222737171044210,2026-02-27 15:05:37.171,-4.0363,-18.6619,-42.0381,-0.670687,0.077401,0.03146,24.498000000000005
1772222737172217283,2026-02-27 15:05:37.172,-4.19735,-18.7235,-41.9394,-0.680637,0.091214,0.028167,24.49900000000001
1772222737173391815,2026-02-27 15:05:37.173,-4.70119,-18.845,-42.7239,-0.69619,0.126516,0.031588,24.5
1772222737174528567,2026-02-27 15:05:37.174,-4.9918,-18.9554,-42.2544,-0.707187,0.144237,0.024194,24.501000000000005
1772222737175657162,2026-02-27 15:05:37.175,-5.14509,-19.0253,-42.1322,-0.71327,0.160553,0.020736,24.50200000000001
1772222737176835635,2026-02-27 15:05:37.176,-5.447,-19.0822,-41.4627,-0.719948,0.179441,0.010998,24.503
1772222737178009163,2026-02-27 15:05:37.178,-5.68213,-19.2714,-40.9181,-0.732069,0.194736,0.004652,24.50500000000001
1772222737179206975,2026-02-27 15:05:37.179,-5.92592,-19.3256,-40.6118,-0.743326,0.213008,0.000577,24.506
1772222737180381899,2026-02-27 15:05:37.180,-6.31775,-19.4803,-40.4239,-0.756696,0.24455,-0.007408,24.507000000000005
1772222737181528088,2026-02-27 15:05:37.181,-6.55602,-19.6359,-39.337,-0.770709,0.258552,-0.019008,24.50800000000001
1772222737182659448,2026-02-27 15:05:37.182,-6.72989,-19.7219,-38.9487,-0.778854,0.270792,-0.02294,24.509
1772222737183832813,2026-02-27 15:05:37.183,-6.89749,-19.8929,-38.9796,-0.792532,0.282873,-0.025345,24.510000000000005
1772222737185030619,2026-02-27 15:05:37.185,-6.96601,-19.966,-39.2251,-0.799989,0.292523,-0.022364,24.512
1772222737186227736,2026-02-27 15:05:37.186,-7.10333,-20.0959,-39.4717,-0.810545,0.300366,-0.019627,24.513000000000005
1772222737187402182,2026-02-27 15:05:37.187,-7.27681,-20.2287,-39.1626,-0.831398,0.3106,-0.021516,24.51400000000001
1772222737188656518,2026-02-27 15:05:37.188,-7.43758,-20.3243,-39.0049,-0.842966,0.314417,-0.021689,24.515
1772222737189854978,2026-02-27 15:05:37.189,-7.43394,-20.3615,-39.0669,-0.849754,0.316071,-0.018708,24.516000000000005
1772222737191056963,2026-02-27 15:05:37.191,-7.33195,-20.4849,-39.8038,-0.856827,0.316784,-0.011923,24.518
1772222737192243030,2026-02-27 15:05:37.192,-7.36557,-20.5163,-39.2865,-0.865108,0.315799,-0.013717,24.519000000000005
1772222737193417276,2026-02-27 15:05:37.193,-7.2963,-20.6194,-38.4684,-0.878256,0.310594,-0.014841,24.52000000000001
1772222737194527364,2026-02-27 15:05:37.194,-7.26177,-20.6832,-38.1791,-0.885102,0.305405,-0.01587,24.521
1772222737195656775,2026-02-27 15:05:37.195,-7.14739,-20.6409,-38.0347,-0.888905,0.299169,-0.013042,24.522000000000006
1772222737196857221,2026-02-27 15:05:37.196,-6.98295,-20.7081,-37.8942,-0.890814,0.291188,-0.009385,24.52300000000001
1772222737198057977,2026-02-27 15:05:37.198,-6.90374,-20.6614,-37.742,-0.892352,0.284572,-0.007759,24.525000000000006
1772222737199257343,2026-02-27 15:05:37.199,-6.83826,-20.5857,-36.2152,-0.884011,0.270907,-0.013583,24.52600000000001
1772222737200432016,2026-02-27 15:05:37.200,-6.3479,-20.2964,-36.0313,-0.880137,0.253483,-0.006213,24.527
1772222737201585701,2026-02-27 15:05:37.201,-6.02492,-20.1354,-36.5276,-0.881329,0.243827,-0.001337,24.528000000000006
1772222737202770937,2026-02-27 15:05:37.202,-5.7212,-20.028,-37.3985,-0.899081,0.243187,-0.002294,24.52900000000001
1772222737203969432,2026-02-27 15:05:37.203,-5.51297,-20.1078,-37.9145,-0.903342,0.227148,-0.004512,24.53
1772222737205168118,2026-02-27 15:05:37.205,-4.66132,-20.3269,-38.5598,-0.918072,0.215146,-0.023117,24.53200000000001
1772222737206349433,2026-02-27 15:05:37.206,-3.83711,-20.4183,-38.9748,-0.925581,0.222473,-0.070268,24.533
1772222737207570475,2026-02-27 15:05:37.207,-2.63527,-19.8741,-39.8477,-0.92489,0.224067,-0.124117,24.534000000000006
1772222737208768272,2026-02-27 15:05:37.208,-2.21266,-19.597,-39.7513,-0.920781,0.225519,-0.140749,24.53500000000001
1772222737209967100,2026-02-27 15:05:37.209,-1.73192,-19.3681,-39.0954,-0.906164,0.224754,-0.154957,24.536
1772222737211165251,2026-02-27 15:05:37.211,-1.39955,-19.1766,-38.6965,-0.893452,0.219727,-0.164733,24.53800000000001
1772222737212339284,2026-02-27 15:05:37.212,-1.11353,-19.096,-38.206,-0.8817,0.208354,-0.166942,24.539
1772222737213550935,2026-02-27 15:05:37.213,-0.992621,-19.1625,-37.5897,-0.853623,0.17425,-0.157279,24.540000000000006
1772222737214686461,2026-02-27 15:05:37.214,-0.970129,-19.3046,-36.9787,-0.848473,0.149254,-0.154415,24.54100000000001
1772222737215902039,2026-02-27 15:05:37.215,-0.950025,-19.413,-36.2555,-0.84342,0.124896,-0.149986,24.542
1772222737217103084,2026-02-27 15:05:37.217,-0.920598,-19.5336,-36.5612,-0.844278,0.098276,-0.134906,24.54400000000001
1772222737218301507,2026-02-27 15:05:37.218,-0.977844,-19.6724,-36.8171,-0.846048,0.073427,-0.11831,24.545
1772222737219506306,2026-02-27 15:05:37.219,-1.06589,-19.809,-37.5749,-0.855157,0.031644,-0.07859,24.546000000000006
1772222737220645969,2026-02-27 15:05:37.220,-1.12921,-19.854,-37.6813,-0.858536,0.01297,-0.059846,24.54700000000001
1772222737221865522,2026-02-27 15:05:37.221,-1.19037,-19.8856,-37.8346,-0.861833,-0.004157,-0.040076,24.548000000000002
1772222737223067158,2026-02-27 15:05:37.223,-1.16886,-19.8161,-38.0158,-0.85687,-0.020608,-0.018441,24.55000000000001
1772222737224266938,2026-02-27 15:05:37.224,-1.32854,-19.7335,-39.2701,-0.856954,-0.036956,0.013926,24.551000000000002
1772222737225441669,2026-02-27 15:05:37.225,-1.48823,-19.6797,-39.0077,-0.857766,-0.05144,0.032332,24.552000000000007
1772222737226578998,2026-02-27 15:05:37.226,-1.51734,-19.3796,-38.7212,-0.841061,-0.077899,0.06695,24.55300000000001
1772222737227733292,2026-02-27 15:05:37.227,-1.49808,-19.3049,-38.7179,-0.828325,-0.089024,0.073182,24.554000000000002
1772222737228908888,2026-02-27 15:05:37.228,-1.40901,-19.2107,-38.7525,-0.821779,-0.096991,0.075769,24.555000000000007
1772222737230111199,2026-02-27 15:05:37.230,-1.3706,-19.0058,-38.8171,-0.810951,-0.103573,0.07679,24.557000000000002
1772222737231312149,2026-02-27 15:05:37.231,-1.31115,-18.768,-38.8995,-0.800496,-0.107169,0.077541,24.558000000000007
1772222737232511580,2026-02-27 15:05:37.232,-1.26093,-18.4578,-38.1387,-0.76987,-0.113583,0.07179,24.55900000000001
1772222737233645632,2026-02-27 15:05:37.233,-1.20638,-18.4013,-38.3711,-0.76233,-0.115989,0.073564,24.560000000000002
1772222737234822222,2026-02-27 15:05:37.234,-1.24157,-18.2795,-39.0085,-0.749689,-0.114079,0.078235,24.561000000000007
1772222737236017832,2026-02-27 15:05:37.236,-1.15346,-18.1412,-39.5075,-0.736759,-0.116134,0.08384,24.563000000000002
1772222737237221266,2026-02-27 15:05:37.237,-1.20351,-18.0488,-39.6089,-0.726466,-0.113214,0.084249,24.564000000000007
1772222737238394859,2026-02-27 15:05:37.238,-1.25187,-18.0212,-39.7932,-0.71729,-0.111903,0.08479,24.565000000000012
1772222737239549837,2026-02-27 15:05:37.239,-1.36382,-17.845,-40.6263,-0.699553,-0.104282,0.091583,24.566000000000003
1772222737240691799,2026-02-27 15:05:37.240,-1.35006,-17.8543,-41.4509,-0.692314,-0.100455,0.096764,24.567000000000007
1772222737241913831,2026-02-27 15:05:37.241,-1.45947,-17.8661,-41.3758,-0.686973,-0.094662,0.09475,24.568000000000012
1772222737243119248,2026-02-27 15:05:37.243,-1.55353,-17.8524,-41.313,-0.681747,-0.089896,0.091467,24.570000000000007
1772222737244318931,2026-02-27 15:05:37.244,-1.61891,-17.8268,-41.302,-0.679291,-0.082355,0.086764,24.571000000000012
1772222737245532420,2026-02-27 15:05:37.245,-1.7783,-17.9811,-41.4257,-0.669213,-0.071929,0.087398,24.572000000000003
1772222737246682560,2026-02-27 15:05:37.246,-1.8713,-18.0506,-41.6276,-0.668859,-0.06655,0.087015,24.573000000000008
1772222737247863132,2026-02-27 15:05:37.247,-1.97415,-18.133,-41.7228,-0.670523,-0.060311,0.08578,24.574000000000012
1772222737249063805,2026-02-27 15:05:37.249,-2.09524,-18.1435,-40.7863,-0.664952,-0.054179,0.07656,24.576000000000008
1772222737250263287,2026-02-27 15:05:37.250,-2.14744,-18.2862,-41.2369,-0.668052,-0.048119,0.079952,24.577000000000012
1772222737251438377,2026-02-27 15:05:37.251,-2.30257,-18.2715,-41.3398,-0.666544,-0.041432,0.079923,24.578000000000003
