abs_timestamp_ns,human_time,fx,fy,fz,tx,ty,tz,mocap_ref_time
1772222727231378963,2026-02-27 15:05:27.231,8.85857,0.522549,-10.8895,-0.086247,-0.416591,-0.03689,14.558000000000007
1772222727232492188,2026-02-27 15:05:27.232,8.83719,-0.503278,-10.2128,-0.09539,-0.411381,-0.021957,14.559000000000012
1772222727233619628,2026-02-27 15:05:27.233,8.87824,-1.18608,-10.4137,-0.110544,-0.403483,-0.013289,14.560000000000002
1772222727234792271,2026-02-27 15:05:27.234,8.91009,-1.48015,-8.94116,-0.101929,-0.388888,-0.006713,14.561000000000007
1772222727235984933,2026-02-27 15:05:27.235,9.74365,-1.57191,-14.4968,-0.12961,-0.448617,0.007099,14.562000000000012
1772222727237197138,2026-02-27 15:05:27.237,9.83534,-1.75654,-14.1771,-0.062474,-0.422527,0.03505,14.564000000000007
1772222727238373998,2026-02-27 15:05:27.238,11.4648,-0.846925,-22.0101,0.016947,-0.438262,0.086024,14.565000000000012
1772222727239492178,2026-02-27 15:05:27.239,11.6353,-0.30203,-24.1533,0.046419,-0.44991,0.094592,14.566000000000003
1772222727240631410,2026-02-27 15:05:27.240,12.3906,0.408953,-26.0231,0.080652,-0.45919,0.097579,14.567000000000007
1772222727241834151,2026-02-27 15:05:27.241,12.9041,0.984078,-26.7368,0.109143,-0.485353,0.099904,14.568000000000012
1772222727243036805,2026-02-27 15:05:27.243,13.2755,1.38705,-27.0956,0.114364,-0.529524,0.108174,14.570000000000007
1772222727244245135,2026-02-27 15:05:27.244,14.1198,1.16108,-27.8043,0.103862,-0.564617,0.09894,14.571000000000012
1772222727245412257,2026-02-27 15:05:27.245,16.9292,-0.837546,-41.3589,0.09139,-0.36419,0.088076,14.572000000000003
1772222727246578470,2026-02-27 15:05:27.246,14.8705,-1.10113,-41.7086,0.072213,-0.50181,0.124744,14.573000000000008
1772222727247715218,2026-02-27 15:05:27.247,14.0471,-1.34592,-37.3508,0.080686,-0.545034,0.13151,14.574000000000012
1772222727248932164,2026-02-27 15:05:27.248,13.911,-1.60592,-33.356,0.066955,-0.614671,0.131411,14.575000000000003
1772222727250134498,2026-02-27 15:05:27.250,13.409,-1.97978,-30.1387,0.022757,-0.624258,0.11497,14.577000000000012
1772222727251304152,2026-02-27 15:05:27.251,12.6054,-2.49296,-26.5,-0.020899,-0.603746,0.090088,14.578000000000003
1772222727252586493,2026-02-27 15:05:27.252,11.8112,-3.78344,-22.5763,-0.088211,-0.555107,0.087084,14.579000000000008
1772222727253740445,2026-02-27 15:05:27.253,11.5739,-4.20643,-20.2051,-0.115529,-0.540352,0.0969,14.580000000000013
1772222727254940340,2026-02-27 15:05:27.254,11.2151,-4.49966,-17.9596,-0.126284,-0.530144,0.107629,14.581000000000003
1772222727256140497,2026-02-27 15:05:27.256,12.2279,-5.27297,-21.9545,-0.132354,-0.481994,0.102511,14.583000000000013
1772222727257294264,2026-02-27 15:05:27.257,12.2991,-5.60603,-28.1726,-0.202522,-0.499612,0.082917,14.584000000000003
1772222727258478762,2026-02-27 15:05:27.258,11.9092,-5.35598,-22.7282,-0.191138,-0.485558,0.066441,14.585000000000008
1772222727259606121,2026-02-27 15:05:27.259,11.2199,-5.33604,-21.4273,-0.188523,-0.465029,0.068805,14.586000000000013
1772222727260811353,2026-02-27 15:05:27.260,10.4279,-5.40091,-18.823,-0.201356,-0.421573,0.055001,14.587000000000003
1772222727262015982,2026-02-27 15:05:27.262,10.1274,-5.52366,-17.1862,-0.212125,-0.384775,0.044125,14.588999999999999
1772222727263217538,2026-02-27 15:05:27.263,10.0221,-5.66682,-15.4291,-0.219658,-0.364884,0.040135,14.590000000000003
1772222727264392649,2026-02-27 15:05:27.264,9.97365,-5.86285,-13.3197,-0.222562,-0.362156,0.054145,14.591000000000008
1772222727265590389,2026-02-27 15:05:27.265,10.0197,-5.93539,-13.1738,-0.226224,-0.365594,0.053494,14.591999999999999
1772222727266826645,2026-02-27 15:05:27.266,9.9167,-5.77348,-12.9594,-0.227114,-0.368049,0.048224,14.593000000000004
1772222727267997161,2026-02-27 15:05:27.267,9.76802,-5.6144,-12.1523,-0.235534,-0.366606,0.026429,14.594000000000008
1772222727269170738,2026-02-27 15:05:27.269,9.94883,-5.58713,-13.9639,-0.250045,-0.354563,0.013538,14.596000000000004
1772222727270318954,2026-02-27 15:05:27.270,9.73474,-5.56753,-14.9903,-0.250885,-0.338233,0.008144,14.597000000000008
1772222727271503266,2026-02-27 15:05:27.271,8.97991,-5.42216,-15.9034,-0.241268,-0.322859,0.02521,14.597999999999999
1772222727272635913,2026-02-27 15:05:27.272,8.68351,-5.43617,-16.0011,-0.248511,-0.309574,0.020482,14.599000000000004
1772222727273798797,2026-02-27 15:05:27.273,8.25317,-5.45643,-15.8339,-0.251733,-0.29567,0.01562,14.600000000000009
1772222727274977381,2026-02-27 15:05:27.274,7.87331,-5.55054,-15.3853,-0.256672,-0.286078,0.0113,14.600999999999999
1772222727276157495,2026-02-27 15:05:27.276,7.48964,-5.65823,-15.6541,-0.261262,-0.274083,0.014027,14.603000000000009
1772222727277325107,2026-02-27 15:05:27.277,7.0229,-5.68326,-15.2897,-0.261699,-0.264438,0.013259,14.604
1772222727278495793,2026-02-27 15:05:27.278,6.29003,-5.58869,-13.3652,-0.261631,-0.246952,0.00385,14.605000000000004
1772222727279620701,2026-02-27 15:05:27.279,5.86355,-5.54065,-12.6057,-0.261703,-0.236975,-0.001166,14.606000000000009
1772222727280774938,2026-02-27 15:05:27.280,5.57014,-5.45538,-12.0038,-0.260401,-0.225422,-0.003329,14.607
1772222727281973348,2026-02-27 15:05:27.281,5.32161,-5.37831,-11.6715,-0.257521,-0.214025,-0.004567,14.608000000000004
1772222727283146263,2026-02-27 15:05:27.283,5.01961,-5.25374,-11.1196,-0.25307,-0.20262,-0.005167,14.61
1772222727284333113,2026-02-27 15:05:27.284,4.71194,-5.19727,-10.4657,-0.245133,-0.188714,-0.0087,14.611000000000004
1772222727285546214,2026-02-27 15:05:27.285,4.36801,-5.06642,-8.91632,-0.243062,-0.179756,-0.015785,14.612000000000009
1772222727286748061,2026-02-27 15:05:27.286,3.81348,-4.84289,-8.14283,-0.230523,-0.157014,-0.009658,14.613
1772222727287925693,2026-02-27 15:05:27.287,3.59308,-4.77264,-7.93715,-0.225519,-0.150282,-0.003823,14.614000000000004
1772222727289103098,2026-02-27 15:05:27.289,3.42004,-4.61536,-7.39811,-0.217139,-0.143899,-0.00198,14.616
1772222727290284668,2026-02-27 15:05:27.290,3.29619,-4.43481,-6.70911,-0.212388,-0.139674,-0.001394,14.617000000000004
1772222727291586425,2026-02-27 15:05:27.291,3.17165,-4.23592,-6.14058,-0.206556,-0.136004,-0.001047,14.61800000000001
1772222727292810011,2026-02-27 15:05:27.292,3.03186,-3.91282,-6.30239,-0.195247,-0.128039,0.008636,14.619
1772222727293987718,2026-02-27 15:05:27.293,3.04808,-3.77739,-5.52079,-0.188588,-0.127279,0.004774,14.620000000000005
1772222727295166293,2026-02-27 15:05:27.295,2.9907,-3.58185,-5.03459,-0.180432,-0.125117,0.005534,14.622
1772222727296357242,2026-02-27 15:05:27.296,2.95988,-3.38558,-4.00422,-0.174674,-0.125077,0.000794,14.623000000000005
1772222727297495967,2026-02-27 15:05:27.297,2.83066,-3.0668,-2.82153,-0.160425,-0.123618,-0.002088,14.62400000000001
1772222727298629985,2026-02-27 15:05:27.298,2.77367,-2.87036,-2.62974,-0.155204,-0.121912,-0.003253,14.625
1772222727299758039,2026-02-27 15:05:27.299,2.73314,-2.8291,-2.33422,-0.159134,-0.123592,-0.005238,14.626000000000005
1772222727300936659,2026-02-27 15:05:27.300,2.67149,-2.66312,-1.25846,-0.152929,-0.125321,-0.013975,14.62700000000001
1772222727302117422,2026-02-27 15:05:27.302,2.59887,-2.57414,-0.765505,-0.150708,-0.124205,-0.014651,14.629000000000005
1772222727303296171,2026-02-27 15:05:27.303,2.54466,-2.55781,-0.593595,-0.14938,-0.124996,-0.012981,14.63000000000001
1772222727304486665,2026-02-27 15:05:27.304,2.4504,-2.39397,-0.715233,-0.139798,-0.128323,-0.00347,14.631
1772222727305624530,2026-02-27 15:05:27.305,2.40242,-2.38009,-0.411648,-0.136496,-0.130391,-0.003168,14.632000000000005
1772222727306779463,2026-02-27 15:05:27.306,2.38704,-2.20584,-0.115542,-0.127179,-0.129726,-0.00122,14.63300000000001
1772222727307958030,2026-02-27 15:05:27.307,2.37264,-2.04738,0.057321,-0.117669,-0.129658,0.000877,14.634
1772222727309137109,2026-02-27 15:05:27.309,2.3726,-1.93008,-0.085442,-0.111411,-0.129048,0.004402,14.63600000000001
1772222727310318040,2026-02-27 15:05:27.310,2.40395,-1.8089,-0.841039,-0.10296,-0.129978,0.011487,14.637
1772222727311501456,2026-02-27 15:05:27.311,2.50824,-1.47818,-0.212619,-0.087033,-0.1271,0.006905,14.638000000000005
1772222727312664900,2026-02-27 15:05:27.312,2.45529,-1.30231,0.333161,-0.080255,-0.125357,0.004672,14.63900000000001
1772222727313867962,2026-02-27 15:05:27.313,2.42269,-1.20642,0.506921,-0.072113,-0.121576,0.003458,14.64
1772222727315062744,2026-02-27 15:05:27.315,2.46551,-1.06119,0.461758,-0.066533,-0.123724,0.004491,14.64200000000001
1772222727316261417,2026-02-27 15:05:27.316,2.46979,-0.966803,0.586067,-0.062276,-0.122014,0.004459,14.643
1772222727317484702,2026-02-27 15:05:27.317,2.38877,-0.906213,0.673408,-0.058697,-0.119907,0.003562,14.644000000000005
1772222727318649625,2026-02-27 15:05:27.318,2.40134,-0.785518,1.85546,-0.05299,-0.120905,-0.005632,14.64500000000001
1772222727319832257,2026-02-27 15:05:27.319,2.38988,-0.664123,1.60198,-0.046422,-0.118086,-0.000691,14.646
1772222727321033873,2026-02-27 15:05:27.321,2.36493,-0.618118,1.04199,-0.04336,-0.114573,0.004178,14.64800000000001
1772222727322231622,2026-02-27 15:05:27.322,2.29061,-0.536723,0.862064,-0.037742,-0.10559,0.007139,14.649000000000001
1772222727323436958,2026-02-27 15:05:27.323,2.15265,-0.462664,0.953909,-0.034501,-0.100925,0.008589,14.650000000000006
1772222727324658381,2026-02-27 15:05:27.324,2.08493,-0.341849,0.918198,-0.029538,-0.099416,0.007901,14.65100000000001
1772222727325837961,2026-02-27 15:05:27.325,1.9405,-0.255208,0.092604,-0.025442,-0.086323,0.016009,14.652000000000001
1772222727327035836,2026-02-27 15:05:27.327,1.84357,-0.149871,0.054709,-0.020959,-0.085188,0.015537,14.65400000000001
1772222727328211013,2026-02-27 15:05:27.328,1.72422,-0.106122,0.204426,-0.018172,-0.079362,0.014401,14.655000000000001
1772222727329421487,2026-02-27 15:05:27.329,1.55495,-0.054232,0.818316,-0.015238,-0.061329,0.011025,14.656000000000006
1772222727330689641,2026-02-27 15:05:27.330,1.27534,-0.005092,1.15878,-0.012914,-0.052617,0.008328,14.65700000000001
1772222727331941320,2026-02-27 15:05:27.331,0.97708,0.041138,1.35806,-0.008717,-0.045345,0.005408,14.658000000000001
1772222727333147035,2026-02-27 15:05:27.333,0.920361,0.026218,1.35789,-0.010157,-0.035703,0.005472,14.66000000000001
1772222727334348272,2026-02-27 15:05:27.334,0.625155,0.000657,1.77714,-0.013187,-0.027435,-0.000311,14.661000000000001
1772222727335545801,2026-02-27 15:05:27.335,0.494564,0.048494,2.45913,-0.009282,-0.02182,-0.004962,14.662000000000006
1772222727336710823,2026-02-27 15:05:27.336,0.227493,0.07416,1.91925,-0.011217,-0.010301,-0.000821,14.663000000000011
1772222727337839294,2026-02-27 15:05:27.337,0.142178,0.053081,1.42654,-0.007379,-0.00534,0.003009,14.664000000000001
1772222727339042821,2026-02-27 15:05:27.339,0.051133,0.068444,1.34357,-0.009678,-0.002082,0.002927,14.666000000000011
1772222727340240078,2026-02-27 15:05:27.340,-0.019168,0.05526,1.42936,-0.010162,0.00052,0.002104,14.667000000000002
1772222727341474941,2026-02-27 15:05:27.341,-0.084906,0.025827,1.39124,-0.012404,0.001402,0.001403,14.668000000000006
1772222727342707564,2026-02-27 15:05:27.342,-0.070593,0.082839,1.37418,-0.011332,0.002129,0.001001,14.669000000000011
1772222727343886192,2026-02-27 15:05:27.343,-0.132088,0.039524,0.729117,-0.01287,0.002067,0.005965,14.670000000000002
1772222727345060119,2026-02-27 15:05:27.345,-0.065619,0.096919,0.649632,-0.007832,0.004615,0.006196,14.672000000000011
1772222727346259371,2026-02-27 15:05:27.346,-0.103809,0.102907,1.16418,-0.008368,0.002539,0.002039,14.673000000000002
1772222727347481663,2026-02-27 15:05:27.347,-0.067225,0.116763,1.38267,-0.007514,0.00032,-0.000152,14.674000000000007
1772222727348651973,2026-02-27 15:05:27.348,-0.053185,0.160232,1.30279,-0.006882,-0.000679,-0.000366,14.675000000000011
1772222727349798157,2026-02-27 15:05:27.349,-0.011928,0.16972,1.33096,-0.005764,-0.001192,-0.001406,14.676000000000002
1772222727350974289,2026-02-27 15:05:27.350,0.018874,0.160845,2.28885,-0.004518,-0.000262,-0.010713,14.677000000000007
1772222727352175830,2026-02-27 15:05:27.352,0.035281,0.203,2.18033,-0.004887,-0.001054,-0.009687,14.679000000000002
1772222727353377178,2026-02-27 15:05:27.353,0.066036,0.170938,2.13712,-0.006056,-0.002633,-0.00932,14.680000000000007
1772222727354710914,2026-02-27 15:05:27.354,-0.047059,0.122134,1.49088,-0.009648,-0.00112,-0.004396,14.681000000000012
1772222727355891304,2026-02-27 15:05:27.355,-0.064818,0.134184,1.12411,-0.006448,-0.000625,-0.001104,14.682000000000002
1772222727357063053,2026-02-27 15:05:27.357,-0.028201,0.063176,1.06649,-0.008833,-0.000931,-0.001669,14.684000000000012
1772222727358239760,2026-02-27 15:05:27.358,-0.059252,0.031404,1.06331,-0.008456,-0.000766,-0.001237,14.685000000000002
1772222727359409520,2026-02-27 15:05:27.359,-0.03285,0.033924,0.465402,-0.008872,0.000487,0.003091,14.686000000000007
1772222727360561502,2026-02-27 15:05:27.360,-0.096622,-0.059105,-0.051997,-0.015913,0.0005,0.006915,14.687000000000012
1772222727361725193,2026-02-27 15:05:27.361,-0.082404,-0.071504,0.512911,-0.012567,0.000966,0.001722,14.688000000000002
1772222727363028846,2026-02-27 15:05:27.363,-0.044658,-0.078082,0.799828,-0.011493,0.000417,-0.001532,14.690000000000012
1772222727364225077,2026-02-27 15:05:27.364,-0.097245,-0.097719,0.950969,-0.014908,7.4e-05,-0.003205,14.691000000000003
1772222727365422116,2026-02-27 15:05:27.365,-0.057879,-0.104522,0.848451,-0.011993,0.000668,-0.002808,14.692000000000007
1772222727366608664,2026-02-27 15:05:27.366,-0.086764,-0.103244,0.887962,-0.013,-5.6e-05,-0.002779,14.693000000000012
1772222727367764222,2026-02-27 15:05:27.367,-0.079954,-0.113549,1.95397,-0.015017,-0.000413,-0.013345,14.694000000000003
1772222727368961795,2026-02-27 15:05:27.368,-0.057969,-0.157528,1.41706,-0.014782,0.000195,-0.008983,14.695000000000007
1772222727370158495,2026-02-27 15:05:27.370,-0.07075,-0.116708,1.32858,-0.014871,0.000561,-0.007941,14.697000000000003
1772222727371356269,2026-02-27 15:05:27.371,-0.064985,-0.165651,0.828628,-0.015351,-0.000241,-0.003119,14.698000000000008
1772222727372564306,2026-02-27 15:05:27.372,-0.096005,-0.114892,0.495844,-0.011538,0.001348,-0.001919,14.699000000000012
1772222727373724216,2026-02-27 15:05:27.373,-0.141575,-0.172525,0.47799,-0.016213,0.001913,-0.002682,14.700000000000003
1772222727374850474,2026-02-27 15:05:27.374,-0.088065,-0.135669,0.449283,-0.01461,0.001159,-0.001168,14.701000000000008
1772222727376047528,2026-02-27 15:05:27.376,-0.13026,-0.221092,-0.625826,-0.021392,0.000909,0.007049,14.703000000000003
1772222727377244203,2026-02-27 15:05:27.377,-0.088332,-0.212668,-0.428729,-0.016024,0.000436,0.005336,14.704000000000008
1772222727378416155,2026-02-27 15:05:27.378,-0.075383,-0.220321,-0.447102,-0.015083,0.000497,0.005119,14.705000000000013
1772222727379576537,2026-02-27 15:05:27.379,-0.07875,-0.204174,0.073932,-0.016449,-6.6e-05,5.8e-05,14.706000000000003
1772222727380738465,2026-02-27 15:05:27.380,-0.137102,-0.14253,0.359,-0.016333,0.002523,-0.003172,14.707000000000008
1772222727381866014,2026-02-27 15:05:27.381,-0.113098,-0.203154,0.353904,-0.015764,0.000509,-0.002325,14.708000000000013
1772222727383064883,2026-02-27 15:05:27.383,-0.071427,-0.178436,0.258068,-0.013261,0.001147,-0.002986,14.710000000000008
1772222727384262779,2026-02-27 15:05:27.384,-0.035607,-0.170064,0.972697,-0.013596,0.000806,-0.009445,14.711000000000013
1772222727385483236,2026-02-27 15:05:27.385,-0.099832,-0.181079,1.31456,-0.014661,-0.00126,-0.012208,14.712000000000003
1772222727386638626,2026-02-27 15:05:27.386,-0.031624,-0.199894,0.639879,-0.015216,-0.001479,-0.005375,14.713000000000008
1772222727387785239,2026-02-27 15:05:27.387,0.002173,-0.201354,0.092808,-0.013026,-0.000752,-0.002458,14.713999999999999
1772222727388924243,2026-02-27 15:05:27.388,-0.046052,-0.188515,0.045707,-0.011734,-0.001178,-0.001561,14.715000000000003
1772222727390053468,2026-02-27 15:05:27.390,-0.063925,-0.242708,0.104711,-0.017651,-0.002703,-0.00165,14.716999999999999
1772222727391181604,2026-02-27 15:05:27.391,-0.014774,-0.205253,0.085033,-0.013428,-0.002349,-0.001371,14.718000000000004
1772222727392309023,2026-02-27 15:05:27.392,-0.028131,-0.180589,-0.085755,-0.01267,-0.001825,-0.000155,14.719000000000008
1772222727393437548,2026-02-27 15:05:27.393,0.023668,-0.220269,-1.07596,-0.016712,-0.002967,0.007938,14.719999999999999
1772222727394590442,2026-02-27 15:05:27.394,0.051746,-0.220698,-0.743946,-0.012352,-0.003921,0.004152,14.721000000000004
1772222727395728468,2026-02-27 15:05:27.395,0.050451,-0.206834,-0.214838,-0.014725,-0.003513,0.000979,14.722000000000008
1772222727396859333,2026-02-27 15:05:27.396,0.059393,-0.21366,-0.054115,-0.012747,-0.003286,-0.00168,14.722999999999999
1772222727397985591,2026-02-27 15:05:27.397,0.04088,-0.269148,-0.075612,-0.017056,-0.003499,-0.001799,14.724000000000004
1772222727399112927,2026-02-27 15:05:27.399,0.005683,-0.231651,-0.061349,-0.015238,-0.003428,-0.000859,14.725999999999999
1772222727400239116,2026-02-27 15:05:27.400,-0.006965,-0.258437,-0.118113,-0.015113,-0.0028,-0.001545,14.727000000000004
1772222727401367096,2026-02-27 15:05:27.401,0.03067,-0.266824,0.978443,-0.013855,-0.005009,-0.010305,14.728000000000009
1772222727402483949,2026-02-27 15:05:27.402,0.000345,-0.297181,0.692362,-0.018093,-0.005058,-0.007347,14.729
1772222727403614474,2026-02-27 15:05:27.403,0.052701,-0.295113,0.572798,-0.01412,-0.004381,-0.007368,14.730000000000004
1772222727404765344,2026-02-27 15:05:27.404,0.065142,-0.296488,-0.297084,-0.015018,-0.004704,0.001101,14.731000000000009
1772222727405910784,2026-02-27 15:05:27.405,0.021268,-0.306441,-0.316327,-0.014171,-0.00308,0.00089,14.732
1772222727407108053,2026-02-27 15:05:27.407,0.037522,-0.330481,-0.377307,-0.014977,-0.004357,0.000836,14.734000000000009
1772222727408304920,2026-02-27 15:05:27.408,0.033236,-0.326596,-0.380091,-0.019508,-0.005341,0.000973,14.735
1772222727409515768,2026-02-27 15:05:27.409,0.027983,-0.338044,-1.18695,-0.018531,-0.003312,0.009272,14.736000000000004
1772222727410658960,2026-02-27 15:05:27.410,0.021577,-0.364805,-1.43968,-0.020733,-0.004362,0.010373,14.737000000000009
1772222727411812437,2026-02-27 15:05:27.411,0.073065,-0.314025,-0.810535,-0.015588,-0.005276,0.004859,14.738
1772222727412941021,2026-02-27 15:05:27.412,0.045835,-0.267568,-0.512305,-0.011985,-0.004381,0.00299,14.739000000000004
1772222727414111073,2026-02-27 15:05:27.414,0.033471,-0.261929,-0.339447,-0.013536,-0.004071,0.00135,14.741
1772222727415307567,2026-02-27 15:05:27.415,0.014814,-0.249884,-0.401984,-0.011873,-0.00453,0.001588,14.742000000000004
1772222727416519947,2026-02-27 15:05:27.416,-0.007682,-0.269753,-0.368092,-0.015297,-0.004689,0.002394,14.74300000000001
1772222727417662275,2026-02-27 15:05:27.417,0.0005,-0.292872,-0.123493,-0.01374,-0.004675,-0.00066,14.744
1772222727418816135,2026-02-27 15:05:27.418,-2.9e-05,-0.212402,0.243131,-0.009188,-0.003956,-0.003533,14.745000000000005
1772222727419944273,2026-02-27 15:05:27.419,-0.059238,-0.177048,0.126537,-0.008756,-0.003655,-0.001404,14.74600000000001
1772222727421141844,2026-02-27 15:05:27.421,-0.026414,-0.160244,-0.371037,-0.007435,-0.003447,0.00325,14.748000000000005
1772222727422337455,2026-02-27 15:05:27.422,-0.097466,-0.119692,-0.497007,-0.006957,-0.002286,0.003663,14.74900000000001
1772222727423551657,2026-02-27 15:05:27.423,-0.054272,-0.046622,-0.495821,-0.005734,-0.001365,0.003691,14.75
1772222727424695728,2026-02-27 15:05:27.424,-0.152724,-0.073715,-0.534364,-0.00671,-0.000278,0.003033,14.751000000000005
1772222727425853031,2026-02-27 15:05:27.425,-0.073133,-0.013161,-1.74042,-0.002615,-0.000316,0.013549,14.75200000000001
1772222727426982202,2026-02-27 15:05:27.426,-0.102468,-0.047687,-1.29746,-0.005715,-0.000709,0.010955,14.753
1772222727428153493,2026-02-27 15:05:27.428,-0.115048,0.041179,-1.29378,8.4e-05,0.000511,0.010689,14.75500000000001
1772222727429332830,2026-02-27 15:05:27.429,-0.222379,0.052172,-0.737415,-0.001802,-0.000254,0.006123,14.756
1772222727430550903,2026-02-27 15:05:27.430,-0.27058,0.043602,-0.499335,-0.006399,0.000946,0.003599,14.757000000000005
1772222727431693681,2026-02-27 15:05:27.431,-0.254183,0.066136,-0.443678,-0.001678,0.001874,0.004786,14.75800000000001
1772222727432864342,2026-02-27 15:05:27.432,-0.281442,0.080378,-0.402231,-0.002256,0.002874,0.004591,14.759
1772222727433993047,2026-02-27 15:05:27.433,-0.271419,0.087478,0.411538,0.001305,0.001822,-0.004483,14.760000000000005
1772222727435194188,2026-02-27 15:05:27.435,-0.265221,0.132198,0.495052,0.004564,0.002705,-0.004575,14.762
1772222727436391276,2026-02-27 15:05:27.436,-0.287695,0.145379,0.401899,0.002313,0.00316,-0.002951,14.763000000000005
1772222727437562292,2026-02-27 15:05:27.437,-0.24614,0.125481,-0.099303,-0.000512,0.002213,0.002033,14.76400000000001
1772222727438709059,2026-02-27 15:05:27.438,-0.350986,0.122848,-0.5898,-0.002754,0.002336,0.004976,14.765
1772222727439883366,2026-02-27 15:05:27.439,-0.355706,0.073737,-0.548276,-0.000816,0.003573,0.004997,14.766000000000005
1772222727441024296,2026-02-27 15:05:27.441,-0.25948,0.103094,-0.590843,0.001456,0.002096,0.005645,14.768
1772222727442220122,2026-02-27 15:05:27.442,-0.306942,0.181803,-0.977236,0.005399,0.003087,0.008773,14.769000000000005
1772222727443419560,2026-02-27 15:05:27.443,-0.229702,0.09111,-1.6536,0.001113,0.002793,0.015697,14.77000000000001
1772222727444569914,2026-02-27 15:05:27.444,-0.279424,0.135674,-1.28795,0.00112,0.002213,0.012543,14.771
1772222727445703416,2026-02-27 15:05:27.445,-0.228035,0.088259,-1.03042,0.002232,0.001695,0.010738,14.772000000000006
1772222727446873139,2026-02-27 15:05:27.446,-0.215308,0.095206,-0.511901,0.000171,0.001021,0.006075,14.77300000000001
1772222727448028034,2026-02-27 15:05:27.448,-0.295617,0.043126,-0.591339,-0.002586,0.000649,0.005356,14.775000000000006
1772222727449240529,2026-02-27 15:05:27.449,-0.185332,0.063377,-0.59961,-0.000362,-0.000179,0.007067,14.77600000000001
1772222727450439635,2026-02-27 15:05:27.450,-0.212977,0.013669,-0.495035,-0.002348,-0.000977,0.006443,14.777000000000001
1772222727451560735,2026-02-27 15:05:27.451,-0.232265,0.047583,0.549389,0.001747,0.001827,-0.003588,14.778000000000006
1772222727452690300,2026-02-27 15:05:27.452,-0.162944,0.028789,0.027108,0.005127,0.000698,0.001929,14.77900000000001
1772222727453865218,2026-02-27 15:05:27.453,-0.200283,-0.048557,0.127017,0.000979,-1e-05,0.001887,14.780000000000001
1772222727455027705,2026-02-27 15:05:27.455,-0.130342,-0.049528,-0.697025,0.000182,-0.001144,0.009723,14.78200000000001
1772222727456220524,2026-02-27 15:05:27.456,-0.139046,-0.092143,-0.63881,-0.003697,-0.002774,0.009893,14.783000000000001
1772222727457416936,2026-02-27 15:05:27.457,-0.062151,-0.070131,-0.618725,0.000461,-0.003034,0.01039,14.784000000000006
1772222727458564813,2026-02-27 15:05:27.458,-0.14099,-0.074691,-0.600905,-0.003255,-0.002557,0.010358,14.78500000000001
1772222727459697697,2026-02-27 15:05:27.459,-0.077051,-0.106814,-1.6375,0.000222,-0.00187,0.019834,14.786000000000001
1772222727460872088,2026-02-27 15:05:27.460,-0.089963,-0.085114,-1.54406,7.4e-05,-0.000792,0.017963,14.787000000000006
1772222727462029025,2026-02-27 15:05:27.462,-0.100471,-0.016108,-0.981925,0.001668,-0.00054,0.013006,14.789000000000001
1772222727463158202,2026-02-27 15:05:27.463,-0.07044,-0.097516,-0.684518,-0.002033,-0.003513,0.01094,14.790000000000006
1772222727464347132,2026-02-27 15:05:27.464,-0.143289,-0.107046,-0.477652,-0.00346,-0.002604,0.010192,14.791000000000011
1772222727465560365,2026-02-27 15:05:27.465,-0.11465,-0.090388,-0.500016,-0.002986,-0.002603,0.01061,14.792000000000002
1772222727466693554,2026-02-27 15:05:27.466,-0.172961,-0.10718,-0.538827,-0.002538,-0.001831,0.010183,14.793000000000006
1772222727467859431,2026-02-27 15:05:27.467,-0.067663,-0.121632,0.007324,-0.000373,-0.002377,0.004916,14.794000000000011
1772222727469100870,2026-02-27 15:05:27.469,-0.120341,-0.091714,0.213602,0.001416,-0.002217,0.004471,14.796000000000006
1772222727470297953,2026-02-27 15:05:27.470,-0.135779,-0.082645,-0.051635,0.003321,-0.000954,0.007777,14.797000000000011
1772222727471508912,2026-02-27 15:05:27.471,-0.044606,-0.115939,-0.499096,0.004406,-0.001636,0.011124,14.798000000000002
1772222727472642101,2026-02-27 15:05:27.472,-0.070082,-0.083022,-0.60725,0.003266,-0.002118,0.011934,14.799000000000007
1772222727473844382,2026-02-27 15:05:27.473,-0.151863,-0.103159,-0.566008,0.000748,-0.001298,0.011501,14.800000000000011
1772222727475017400,2026-02-27 15:05:27.475,-0.072173,-0.065686,-0.58953,0.00403,-0.001714,0.012392,14.802000000000007
1772222727476151360,2026-02-27 15:05:27.476,-0.134166,-0.107605,-1.67541,-0.000555,-0.000659,0.022374,14.803000000000011
1772222727477352747,2026-02-27 15:05:27.477,-0.080685,-0.09142,-1.11793,0.003998,-0.001039,0.018488,14.804000000000002
1772222727478551883,2026-02-27 15:05:27.478,-0.162629,-0.077908,-1.11464,0.002036,-0.000367,0.017639,14.805000000000007
1772222727479687959,2026-02-27 15:05:27.479,-0.061976,-0.0698,-0.636716,0.005288,-0.002591,0.013465,14.806000000000012
1772222727480870619,2026-02-27 15:05:27.480,-0.091287,-0.087873,-0.45564,0.004866,-0.002231,0.010568,14.807000000000002
1772222727482040712,2026-02-27 15:05:27.482,-0.065646,-0.070289,-0.396592,0.006004,-0.001853,0.01104,14.809000000000012
1772222727483172270,2026-02-27 15:05:27.483,-0.061922,-0.073016,-0.356187,0.004376,-0.001652,0.011022,14.810000000000002
1772222727484372135,2026-02-27 15:05:27.484,-0.089729,-0.046267,0.671551,0.004833,-0.001955,9.9e-05,14.811000000000007
1772222727485535052,2026-02-27 15:05:27.485,0.037034,-0.03413,0.514534,0.006986,-0.003277,0.002789,14.812000000000012
1772222727486670982,2026-02-27 15:05:27.486,-0.016433,-0.051985,0.470822,0.004824,-0.003617,0.002959,14.813000000000002
1772222727487853868,2026-02-27 15:05:27.487,-0.00047,-0.042177,0.006788,0.006387,-0.003117,0.008705,14.814000000000007
1772222727489025471,2026-02-27 15:05:27.489,-0.034157,-0.020098,-0.352193,0.004458,-0.003499,0.010426,14.816000000000003
1772222727490159595,2026-02-27 15:05:27.490,-0.035742,-0.016538,-0.352802,0.004147,-0.0052,0.010447,14.817000000000007
1772222727491362219,2026-02-27 15:05:27.491,0.085046,-0.035674,-0.35346,0.008078,-0.006219,0.011106,14.818000000000012
1772222727492571363,2026-02-27 15:05:27.492,0.099891,-0.010292,-0.915474,0.006177,-0.004615,0.016078,14.819000000000003
1772222727493706404,2026-02-27 15:05:27.493,0.105165,-0.043176,-1.36513,0.006161,-0.005217,0.019448,14.820000000000007
1772222727494873233,2026-02-27 15:05:27.494,0.108898,-0.029499,-1.08419,0.003094,-0.005943,0.016779,14.821000000000012
1772222727496045427,2026-02-27 15:05:27.496,0.08153,-0.033665,-0.367937,0.004204,-0.006463,0.009956,14.823000000000008
1772222727497181594,2026-02-27 15:05:27.497,0.094648,0.006609,-0.308819,0.005851,-0.005784,0.00725,14.824000000000012
1772222727498382606,2026-02-27 15:05:27.498,0.186456,-0.011271,-0.213304,0.008126,-0.007515,0.008596,14.825000000000003
1772222727499568213,2026-02-27 15:05:27.499,0.173023,-0.002416,-0.276141,0.007828,-0.007962,0.008788,14.826000000000008
1772222727500717514,2026-02-27 15:05:27.500,0.14782,-0.022868,-0.123805,0.005751,-0.007391,0.007114,14.827000000000012
1772222727501901247,2026-02-27 15:05:27.501,0.135262,-0.053828,0.8527,0.005475,-0.008061,-0.002178,14.828000000000003
1772222727503071500,2026-02-27 15:05:27.503,0.12705,-0.033064,0.312934,0.007089,-0.00544,0.002661,14.830000000000013
1772222727504206654,2026-02-27 15:05:27.504,0.194998,-0.06709,-0.164697,0.00486,-0.00739,0.007236,14.831000000000003
1772222727505408475,2026-02-27 15:05:27.505,0.196758,-0.098704,-0.297861,0.003945,-0.00856,0.008851,14.832000000000008
1772222727506571050,2026-02-27 15:05:27.506,0.19975,-0.084772,-0.247772,0.003102,-0.008352,0.007369,14.833000000000013
1772222727507722382,2026-02-27 15:05:27.507,0.226636,-0.133031,-0.255161,0.003439,-0.008632,0.008616,14.834000000000003
1772222727508902025,2026-02-27 15:05:27.508,0.244539,-0.093817,-0.330643,0.003413,-0.008497,0.007728,14.835000000000008
1772222727510072384,2026-02-27 15:05:27.510,0.207502,-0.149499,-1.16969,-0.00115,-0.009218,0.01422,14.837000000000003
1772222727511209790,2026-02-27 15:05:27.511,0.330703,-0.154259,-1.06773,0.001281,-0.010011,0.014693,14.838000000000008
1772222727512382182,2026-02-27 15:05:27.512,0.271931,-0.108753,-0.538031,0.00558,-0.008561,0.008491,14.838999999999999
1772222727513538046,2026-02-27 15:05:27.513,0.306946,-0.129887,-0.198428,0.001023,-0.009535,0.006216,14.840000000000003
1772222727514677442,2026-02-27 15:05:27.514,0.290866,-0.072777,-0.191456,0.002714,-0.008225,0.005208,14.841000000000008
1772222727515882145,2026-02-27 15:05:27.515,0.287694,-0.103447,-0.210204,0.003793,-0.008664,0.004999,14.841999999999999
1772222727517062198,2026-02-27 15:05:27.517,0.288965,-0.141364,0.615144,-0.001095,-0.009676,-0.003199,14.844000000000008
1772222727518219191,2026-02-27 15:05:27.518,0.265429,-0.111041,0.854475,0.000769,-0.010504,-0.005549,14.844999999999999
1772222727519418026,2026-02-27 15:05:27.519,0.266429,-0.112586,0.7006,0.00169,-0.009173,-0.003713,14.846000000000004
1772222727520568422,2026-02-27 15:05:27.520,0.262574,-0.093424,0.071386,0.00266,-0.007326,-0.000851,14.847000000000008
1772222727521701262,2026-02-27 15:05:27.521,0.30609,-0.063053,-0.225368,0.002482,-0.009654,0.004135,14.847999999999999
1772222727522887811,2026-02-27 15:05:27.522,0.315516,-0.003431,-0.25818,0.005843,-0.008759,0.003133,14.849000000000004
1772222727524066686,2026-02-27 15:05:27.524,0.209728,-0.025808,-0.294943,0.001971,-0.008104,0.002002,14.850999999999999
1772222727525221767,2026-02-27 15:05:27.525,0.302242,0.03621,-0.406984,0.00704,-0.007268,0.004151,14.852000000000004
1772222727526425916,2026-02-27 15:05:27.526,0.249049,0.007066,-1.31546,0.003257,-0.00784,0.011924,14.853000000000009
1772222727527562474,2026-02-27 15:05:27.527,0.215084,0.022459,-0.8432,0.003121,-0.006673,0.008133,14.854
1772222727528696452,2026-02-27 15:05:27.528,0.193665,0.050425,-0.729304,0.005598,-0.006369,0.006349,14.855000000000004
1772222727529879605,2026-02-27 15:05:27.529,0.131876,0.048213,-0.29946,0.005292,-0.004634,0.002743,14.856000000000009
1772222727531057950,2026-02-27 15:05:27.531,0.092538,0.068156,-0.255141,0.005113,-0.003361,-0.001067,14.858000000000004
1772222727532216646,2026-02-27 15:05:27.532,0.095471,0.166337,-0.220771,0.009355,-0.003157,0.000158,14.859000000000009
1772222727533415383,2026-02-27 15:05:27.533,0.067782,0.164539,-0.24144,0.009303,-0.002186,0.000146,14.86
1772222727534564487,2026-02-27 15:05:27.534,-0.05345,0.175822,0.992278,0.005345,-0.000779,-0.011591,14.861000000000004
1772222727535696935,2026-02-27 15:05:27.535,-0.029798,0.181881,0.619449,0.008871,-0.001179,-0.007242,14.862000000000009
1772222727536872050,2026-02-27 15:05:27.536,-0.089744,0.23068,0.663367,0.010115,0.000637,-0.007798,14.863
1772222727538045549,2026-02-27 15:05:27.538,-0.050186,0.210899,0.012618,0.009525,0.001006,-0.001587,14.865000000000009
1772222727539208411,2026-02-27 15:05:27.539,-0.127406,0.271285,-0.306105,0.013977,0.00331,0.000509,14.866
1772222727540338165,2026-02-27 15:05:27.540,-0.20019,0.264134,-0.244325,0.007343,0.002855,-0.000192,14.867000000000004
1772222727541554477,2026-02-27 15:05:27.541,-0.166781,0.275707,-0.182693,0.011705,0.004226,0.000114,14.86800000000001
1772222727542684810,2026-02-27 15:05:27.542,-0.172562,0.348682,-1.10473,0.014233,0.005791,0.007367,14.869
1772222727543861204,2026-02-27 15:05:27.543,-0.195796,0.346307,-1.19109,0.012212,0.005642,0.007932,14.870000000000005
1772222727545062453,2026-02-27 15:05:27.545,-0.224996,0.314303,-1.0649,0.010674,0.004676,0.007129,14.872
1772222727546228778,2026-02-27 15:05:27.546,-0.206301,0.364901,-0.243607,0.010959,0.004687,-8.5e-05,14.873000000000005
1772222727547374598,2026-02-27 15:05:27.547,-0.22234,0.340359,-0.155793,0.016633,0.004973,-0.00078,14.87400000000001
1772222727548571438,2026-02-27 15:05:27.548,-0.235838,0.364073,-0.216831,0.017095,0.00568,-0.000794,14.875
1772222727549703949,2026-02-27 15:05:27.549,-0.228472,0.343642,-0.158005,0.013399,0.005115,-0.000633,14.876000000000005
1772222727550879236,2026-02-27 15:05:27.550,-0.178564,0.361838,0.255294,0.015017,0.00506,-0.004447,14.87700000000001
1772222727552082219,2026-02-27 15:05:27.552,-0.232202,0.403299,0.971286,0.016087,0.006533,-0.011261,14.879000000000005
1772222727553241627,2026-02-27 15:05:27.553,-0.21665,0.401091,0.480431,0.016239,0.004374,-0.004671,14.88000000000001
1772222727554372100,2026-02-27 15:05:27.554,-0.27056,0.368866,-0.139162,0.012211,0.004725,-0.000604,14.881
1772222727555561079,2026-02-27 15:05:27.555,-0.19335,0.424159,-0.205752,0.0169,0.004706,0.000726,14.882000000000005
1772222727556692359,2026-02-27 15:05:27.556,-0.267246,0.383983,-0.163963,0.016524,0.004799,0.000333,14.88300000000001
1772222727557883496,2026-02-27 15:05:27.557,-0.236287,0.398397,-0.161878,0.016351,0.005178,0.000101,14.884
1772222727559088572,2026-02-27 15:05:27.559,-0.237236,0.348962,-0.287204,0.017606,0.005662,0.000666,14.88600000000001
1772222727560252332,2026-02-27 15:05:27.560,-0.268379,0.369963,-0.893855,0.015912,0.006251,0.006083,14.887
1772222727561381468,2026-02-27 15:05:27.561,-0.26126,0.333727,-0.862284,0.0176,0.005706,0.007615,14.888000000000005
1772222727562561881,2026-02-27 15:05:27.562,-0.318521,0.378843,-0.363978,0.015382,0.006953,0.002756,14.88900000000001
1772222727563697669,2026-02-27 15:05:27.563,-0.288754,0.311348,-0.084719,0.013084,0.005885,0.000474,14.89
1772222727564870220,2026-02-27 15:05:27.564,-0.337546,0.289125,-0.064857,0.01481,0.006536,0.000527,14.891000000000005
1772222727566080403,2026-02-27 15:05:27.566,-0.284428,0.323988,-0.080607,0.017733,0.006892,0.000136,14.893
1772222727567245708,2026-02-27 15:05:27.567,-0.28656,0.304007,0.890881,0.018833,0.006127,-0.008274,14.894000000000005
1772222727568373483,2026-02-27 15:05:27.568,-0.269117,0.311563,0.885227,0.017273,0.005483,-0.007452,14.89500000000001
1772222727569563801,2026-02-27 15:05:27.569,-0.222452,0.317262,0.824005,0.017048,0.005744,-0.007304,14.896
1772222727570695551,2026-02-27 15:05:27.570,-0.28487,0.289829,0.379028,0.014346,0.006105,-0.001824,14.897000000000006
1772222727571871453,2026-02-27 15:05:27.571,-0.254397,0.274182,-0.072139,0.016433,0.00644,0.001998,14.89800000000001
1772222727573078726,2026-02-27 15:05:27.573,-0.307138,0.255263,-0.071118,0.013956,0.006286,0.001542,14.900000000000006
1772222727574247958,2026-02-27 15:05:27.574,-0.186591,0.236728,-0.112382,0.018209,0.005074,0.002188,14.90100000000001
1772222727575379680,2026-02-27 15:05:27.575,-0.219978,0.243444,-0.485411,0.015166,0.004126,0.006014,14.902000000000001
1772222727576631625,2026-02-27 15:05:27.576,-0.142837,0.236711,-1.14863,0.017001,0.003214,0.011206,14.903000000000006
1772222727577805548,2026-02-27 15:05:27.577,-0.14339,0.237032,-0.727181,0.013849,0.001713,0.008832,14.90400000000001
1772222727578975674,2026-02-27 15:05:27.578,-0.144567,0.203768,-0.522635,0.013369,0.001074,0.005509,14.905000000000001
1772222727580156797,2026-02-27 15:05:27.580,-0.023574,0.19877,-0.111975,0.015244,-0.000117,0.002304,14.90700000000001
1772222727581318697,2026-02-27 15:05:27.581,0.019133,0.141791,0.076728,0.01365,-0.001652,0.001487,14.908000000000001
1772222727582486211,2026-02-27 15:05:27.582,0.012597,0.162821,0.062163,0.016389,-0.002031,0.000703,14.909000000000006
1772222727583612941,2026-02-27 15:05:27.583,0.021666,0.124803,0.119561,0.011922,-0.002614,0.001051,14.91000000000001
1772222727584739156,2026-02-27 15:05:27.584,0.041289,0.176021,1.18235,0.015523,-0.004275,-0.008712,14.911000000000001
1772222727585889482,2026-02-27 15:05:27.585,0.096763,0.146804,0.74811,0.013004,-0.004782,-0.004558,14.912000000000006
1772222727587095716,2026-02-27 15:05:27.587,0.028572,0.085734,0.683121,0.011495,-0.003757,-0.004209,14.914000000000001
1772222727588262854,2026-02-27 15:05:27.588,0.076409,0.112244,-0.051101,0.013812,-0.003829,0.002472,14.915000000000006
1772222727589412174,2026-02-27 15:05:27.589,0.078236,0.108821,-0.086969,0.014452,-0.002326,0.0018,14.916000000000011
1772222727590567892,2026-02-27 15:05:27.590,0.038307,0.083777,-0.068317,0.011945,-0.003351,0.001782,14.917000000000002
1772222727591692862,2026-02-27 15:05:27.591,0.070916,0.079771,-0.067423,0.011323,-0.002425,0.001735,14.918000000000006
1772222727592861634,2026-02-27 15:05:27.592,0.011279,0.052967,-1.00357,0.010451,-0.001682,0.01082,14.919000000000011
1772222727594049470,2026-02-27 15:05:27.594,0.052873,0.061138,-0.914369,0.011248,-0.001623,0.009798,14.921000000000006
1772222727595224663,2026-02-27 15:05:27.595,0.032171,0.05332,-0.368823,0.011004,-0.00175,0.004122,14.922000000000011
1772222727596376355,2026-02-27 15:05:27.596,-0.076981,0.014256,-0.049574,0.006117,-0.000928,0.001448,14.923000000000002
1772222727597491729,2026-02-27 15:05:27.597,0.071251,-0.005697,0.080661,0.010448,-0.001602,0.000884,14.924000000000007
1772222727598615471,2026-02-27 15:05:27.598,-0.022557,0.047612,-0.073126,0.009383,-0.000402,-0.000867,14.925000000000011
1772222727599789420,2026-02-27 15:05:27.599,0.001033,0.018119,-0.058802,0.010822,-0.000855,0.000216,14.926000000000002
1772222727600986489,2026-02-27 15:05:27.600,0.039895,0.024017,0.595073,0.010144,-0.000628,-0.006295,14.927000000000007
1772222727602191019,2026-02-27 15:05:27.602,-0.04908,0.023567,1.04367,0.007856,-0.000558,-0.00989,14.929000000000002
1772222727603354975,2026-02-27 15:05:27.603,0.012691,0.007731,0.317096,0.010894,-0.000246,-0.004295,14.930000000000007
1772222727604498405,2026-02-27 15:05:27.604,0.038716,0.028881,-0.097723,0.008356,-0.000652,-8.9e-05,14.931000000000012
1772222727605624252,2026-02-27 15:05:27.605,0.010893,0.011275,-0.140141,0.008186,-8.3e-05,9.5e-05,14.932000000000002
1772222727606797653,2026-02-27 15:05:27.606,0.022018,-0.01029,-0.180399,0.009341,-0.000994,9.3e-05,14.933000000000007
1772222727607996305,2026-02-27 15:05:27.607,0.027536,-0.013249,-0.140331,0.006737,-0.001354,6.1e-05,14.934000000000012
1772222727609203188,2026-02-27 15:05:27.609,0.024265,0.020495,-0.226333,0.009219,9e-06,0.00092,14.936000000000007
1772222727610367514,2026-02-27 15:05:27.610,-0.041167,0.046467,-0.905117,0.004269,-0.00058,0.004561,14.937000000000012
1772222727611498878,2026-02-27 15:05:27.611,0.007749,0.002014,-0.822154,0.006966,-0.001287,0.004621,14.938000000000002
1772222727612622880,2026-02-27 15:05:27.612,0.008621,0.079523,-0.365826,0.011212,0.000372,0.000493,14.939000000000007
1772222727613793538,2026-02-27 15:05:27.613,0.035733,0.079189,-0.166023,0.011315,0.000142,-0.00197,14.940000000000012
1772222727614991205,2026-02-27 15:05:27.614,0.01004,0.060036,-0.147751,0.009849,0.000721,-0.001781,14.941000000000003
1772222727616197845,2026-02-27 15:05:27.616,-0.003804,0.036324,-0.144334,0.00902,-0.000346,-0.002427,14.943000000000012
1772222727617367598,2026-02-27 15:05:27.617,0.028686,0.060128,0.98205,0.008258,-0.000302,-0.012721,14.944000000000003
1772222727618491612,2026-02-27 15:05:27.618,0.055838,0.129207,0.724082,0.01065,-0.000419,-0.010439,14.945000000000007
1772222727619616225,2026-02-27 15:05:27.619,0.026806,0.130369,0.743409,0.009965,-0.000957,-0.010418,14.946000000000012
1772222727620787037,2026-02-27 15:05:27.620,0.000849,0.030168,0.164434,0.006493,0.000404,-0.006171,14.947000000000003
1772222727621984274,2026-02-27 15:05:27.621,0.051306,0.119003,-0.322143,0.01323,0.001018,-0.00287,14.948000000000008
1772222727623192501,2026-02-27 15:05:27.623,0.053921,0.116991,-0.257325,0.01194,0.001023,-0.003505,14.950000000000003
1772222727624362098,2026-02-27 15:05:27.624,0.100645,0.041015,-0.175537,0.009547,-0.00015,-0.003561,14.951000000000008
1772222727625491315,2026-02-27 15:05:27.625,0.106406,0.077057,-0.89248,0.010238,-0.0012,0.003353,14.952000000000012
1772222727626617266,2026-02-27 15:05:27.626,0.113574,0.042391,-1.19212,0.008629,-0.001986,0.005492,14.953000000000003
1772222727627788910,2026-02-27 15:05:27.627,0.117762,0.006149,-1.02054,0.005834,-0.002404,0.004017,14.954000000000008
1772222727628987937,2026-02-27 15:05:27.628,0.146939,0.037198,-0.523689,0.008823,-0.003107,-0.000121,14.955000000000013
1772222727630202209,2026-02-27 15:05:27.630,0.091999,0.066047,-0.262369,0.006754,-0.002065,-0.002979,14.957000000000008
1772222727631373245,2026-02-27 15:05:27.631,0.134131,-0.007087,-0.155968,0.006007,-0.003443,-0.00362,14.958000000000013
1772222727632498487,2026-02-27 15:05:27.632,0.122684,-0.017969,-0.15897,0.004938,-0.00277,-0.003227,14.959000000000003
1772222727633622926,2026-02-27 15:05:27.633,0.12491,-0.086409,0.042721,0.002916,-0.003446,-0.006177,14.960000000000008
1772222727634793807,2026-02-27 15:05:27.634,0.173528,-0.004037,0.906519,0.008665,-0.002995,-0.013259,14.961000000000013
1772222727635996053,2026-02-27 15:05:27.635,0.130277,-0.074627,0.447996,0.00408,-0.003749,-0.008911,14.962000000000003
1772222727637205178,2026-02-27 15:05:27.637,0.103024,-0.075243,0.357944,0.00368,-0.003335,-0.007679,14.963999999999999
1772222727638380161,2026-02-27 15:05:27.638,0.157085,-0.119644,-0.409874,0.004231,-0.003129,-0.002168,14.965000000000003
1772222727639552236,2026-02-27 15:05:27.639,0.188704,-0.155034,-0.367274,0.003071,-0.003197,-0.002419,14.966000000000008
1772222727640677963,2026-02-27 15:05:27.640,0.124443,-0.171619,-0.423644,0.001579,-0.000404,-0.00335,14.966999999999999
1772222727641853154,2026-02-27 15:05:27.641,0.136969,-0.176332,-0.390193,0.000898,-0.002022,-0.002263,14.968000000000004
1772222727643051394,2026-02-27 15:05:27.643,0.122048,-0.178416,-1.55667,0.001511,-0.001189,0.007995,14.969999999999999
1772222727644256703,2026-02-27 15:05:27.644,0.091198,-0.178714,-1.09078,-0.001022,-0.001728,0.00502,14.971000000000004
1772222727645422043,2026-02-27 15:05:27.645,0.125839,-0.188507,-0.648229,0.002036,0.000347,-6.8e-05,14.972000000000008
1772222727646576201,2026-02-27 15:05:27.646,0.097319,-0.223242,-0.347137,-0.000111,0.000132,-0.002723,14.972999999999999
1772222727647712262,2026-02-27 15:05:27.647,0.057874,-0.248751,-0.324357,-0.002611,-0.000899,-0.003379,14.974000000000004
1772222727648929369,2026-02-27 15:05:27.648,0.026016,-0.230832,-0.388232,-0.000925,-0.000102,-0.002936,14.975000000000009
1772222727650126952,2026-02-27 15:05:27.650,0.054996,-0.232089,-0.484405,0.000732,0.00061,-0.003623,14.977000000000004
1772222727651332141,2026-02-27 15:05:27.651,-0.007124,-0.266157,0.38037,-0.002922,-0.000359,-0.011735,14.978000000000009
1772222727652502018,2026-02-27 15:05:27.652,0.021574,-0.284074,0.319346,-0.001711,0.000529,-0.011569,14.979
1772222727653641802,2026-02-27 15:05:27.653,-0.000256,-0.253858,-0.194163,-0.001014,0.001942,-0.007772,14.980000000000004
1772222727654859749,2026-02-27 15:05:27.654,-0.042919,-0.242311,-0.58526,-0.005655,0.001308,-0.004413,14.981000000000009
1772222727656059550,2026-02-27 15:05:27.656,0.046205,-0.262297,-0.666704,0.000817,0.002375,-0.00376,14.983000000000004
1772222727657267705,2026-02-27 15:05:27.657,0.053719,-0.282612,-0.587694,-0.003201,0.001624,-0.003591,14.984000000000009
1772222727658445627,2026-02-27 15:05:27.658,0.065028,-0.287536,-0.860332,-0.005875,0.001264,-0.002519,14.985
1772222727659606191,2026-02-27 15:05:27.659,0.112974,-0.358371,-1.63947,-0.004576,-0.000273,0.004724,14.986000000000004
1772222727660778201,2026-02-27 15:05:27.660,0.088506,-0.31381,-1.25624,-0.002584,0.000441,0.002228,14.987000000000009
1772222727661964552,2026-02-27 15:05:27.661,0.134965,-0.340563,-1.10132,-0.0046,-0.000673,0.000325,14.988
1772222727663168068,2026-02-27 15:05:27.663,0.087766,-0.315367,-0.671948,-0.005677,-0.000705,-0.003265,14.990000000000009
1772222727664375782,2026-02-27 15:05:27.664,0.098406,-0.322445,-0.454899,-0.005325,-0.001028,-0.005279,14.991
1772222727665562187,2026-02-27 15:05:27.665,0.122244,-0.332084,-0.440193,-0.005054,-0.00372,-0.004389,14.992000000000004
1772222727666692615,2026-02-27 15:05:27.666,0.151351,-0.282862,-0.399113,-0.004989,-0.003667,-0.004355,14.99300000000001
1772222727667888693,2026-02-27 15:05:27.667,0.179342,-0.320533,0.766287,-0.005538,-0.005237,-0.014417,14.994
1772222727669086297,2026-02-27 15:05:27.669,0.213576,-0.30431,0.337523,-0.005167,-0.0056,-0.01102,14.99600000000001
1772222727670294604,2026-02-27 15:05:27.670,0.250608,-0.258603,0.380479,-0.002843,-0.006251,-0.011148,14.997
1772222727671484258,2026-02-27 15:05:27.671,0.346011,-0.256249,-0.426922,-0.00294,-0.008354,-0.002646,14.998000000000005
1772222727672623556,2026-02-27 15:05:27.672,0.365799,-0.21715,-0.358364,0.000301,-0.009113,-0.003586,14.99900000000001
1772222727673794350,2026-02-27 15:05:27.673,0.389284,-0.196492,-0.318494,-0.003738,-0.0101,-0.003636,15.0
1772222727674992601,2026-02-27 15:05:27.674,0.372528,-0.201087,-0.36251,-0.00349,-0.01133,-0.003203,15.001000000000005
1772222727676193091,2026-02-27 15:05:27.676,0.468519,-0.151171,-1.27084,-0.001967,-0.011857,0.00528,15.003
1772222727677400536,2026-02-27 15:05:27.677,0.424304,-0.142472,-1.29336,-0.001654,-0.011336,0.00551,15.004000000000005
1772222727678585438,2026-02-27 15:05:27.678,0.40234,-0.132354,-0.685833,-0.002091,-0.012004,-0.000331,15.00500000000001
1772222727679716343,2026-02-27 15:05:27.679,0.456117,-0.133272,-0.399634,-0.000952,-0.011511,-0.003392,15.006
1772222727680893086,2026-02-27 15:05:27.680,0.362834,-0.193414,-0.2759,-0.006678,-0.013088,-0.004254,15.007000000000005
1772222727682070557,2026-02-27 15:05:27.682,0.414707,-0.17438,-0.211904,-0.004183,-0.012939,-0.004401,15.009
1772222727683270980,2026-02-27 15:05:27.683,0.440161,-0.172699,-0.251451,-0.002191,-0.012788,-0.004397,15.010000000000005
1772222727684571749,2026-02-27 15:05:27.684,0.413332,-0.181283,0.826539,-0.002636,-0.011983,-0.013639,15.01100000000001
1772222727685710241,2026-02-27 15:05:27.685,0.390792,-0.250679,0.483726,-0.003234,-0.011098,-0.011102,15.012
1772222727686928382,2026-02-27 15:05:27.686,0.373747,-0.254598,0.278722,-0.007911,-0.011967,-0.008088,15.013000000000005
1772222727688131733,2026-02-27 15:05:27.688,0.373953,-0.23617,-0.198852,-0.005324,-0.011175,-0.003387,15.015
1772222727689340229,2026-02-27 15:05:27.689,0.387795,-0.275322,-0.285371,-0.005279,-0.012287,-0.002592,15.016000000000005
1772222727690500929,2026-02-27 15:05:27.690,0.342794,-0.23503,-0.287088,-0.009604,-0.01062,-0.002661,15.01700000000001
1772222727691661892,2026-02-27 15:05:27.691,0.339883,-0.3174,-0.305217,-0.008226,-0.010001,-0.002908,15.018
1772222727692806919,2026-02-27 15:05:27.692,0.417562,-0.356598,-1.38346,-0.00998,-0.010038,0.006434,15.019000000000005
1772222727694005403,2026-02-27 15:05:27.694,0.354015,-0.387582,-0.977299,-0.010832,-0.010429,0.003248,15.021
1772222727695191687,2026-02-27 15:05:27.695,0.295347,-0.352694,-0.960066,-0.011331,-0.010702,0.003517,15.022000000000006
1772222727696397657,2026-02-27 15:05:27.696,0.348636,-0.321051,-0.43589,-0.011199,-0.010543,-0.00176,15.02300000000001
1772222727697590317,2026-02-27 15:05:27.697,0.291551,-0.338563,-0.239714,-0.012967,-0.010711,-0.004013,15.024000000000001
1772222727698723115,2026-02-27 15:05:27.698,0.273071,-0.312258,-0.259846,-0.010865,-0.009824,-0.003968,15.025000000000006
1772222727699896489,2026-02-27 15:05:27.699,-0.271224,-0.591135,-0.545757,-0.014078,-0.079671,0.023922,15.02600000000001
1772222727701101623,2026-02-27 15:05:27.701,0.561991,-1.12643,-1.29813,-0.008368,-0.089708,0.03262,15.028000000000006
1772222727702302045,2026-02-27 15:05:27.702,0.83267,-1.21288,-1.87993,-0.022508,-0.082699,0.028279,15.02900000000001
1772222727703484670,2026-02-27 15:05:27.703,1.01597,-1.53666,-2.7872,-0.015171,-0.11073,0.039604,15.030000000000001
1772222727704648589,2026-02-27 15:05:27.704,1.40664,-1.87783,-4.64831,-0.005059,-0.118367,0.048534,15.031000000000006
1772222727705774684,2026-02-27 15:05:27.705,1.62814,-1.86576,-4.77276,0.009898,-0.123243,0.050227,15.03200000000001
1772222727706973521,2026-02-27 15:05:27.706,1.72571,-1.8166,-4.92576,0.017496,-0.127141,0.049263,15.033000000000001
1772222727708173711,2026-02-27 15:05:27.708,1.80184,-1.774,-4.93754,0.021474,-0.129849,0.048292,15.03500000000001
1772222727709381403,2026-02-27 15:05:27.709,1.92111,-1.67319,-5.46323,0.024168,-0.130939,0.051266,15.036000000000001
1772222727710572886,2026-02-27 15:05:27.710,2.08609,-1.46455,-5.67525,0.030044,-0.134435,0.050063,15.037000000000006
1772222727711722723,2026-02-27 15:05:27.711,2.14166,-1.38081,-5.29963,0.035036,-0.135862,0.045925,15.038000000000011
1772222727712923484,2026-02-27 15:05:27.712,2.17819,-1.28528,-4.97026,0.041684,-0.137362,0.042669,15.039000000000001
1772222727714124599,2026-02-27 15:05:27.714,2.21369,-1.23914,-4.70024,0.042752,-0.138381,0.042006,15.041000000000011
1772222727715324178,2026-02-27 15:05:27.715,2.23334,-1.21658,-4.57635,0.045226,-0.139151,0.041925,15.042000000000002
1772222727716524219,2026-02-27 15:05:27.716,2.27415,-1.19084,-4.47389,0.045805,-0.139244,0.041986,15.043000000000006
1772222727717684703,2026-02-27 15:05:27.717,2.27466,-1.23177,-3.22615,0.039051,-0.139494,0.031406,15.044000000000011
1772222727718811134,2026-02-27 15:05:27.718,2.24649,-1.21091,-3.54173,0.033193,-0.14096,0.035644,15.045000000000002
1772222727720011297,2026-02-27 15:05:27.720,2.23333,-1.21984,-3.34919,0.024683,-0.141428,0.036863,15.047000000000011
1772222727721210836,2026-02-27 15:05:27.721,2.30527,-1.30987,-3.83267,0.016231,-0.141016,0.04209,15.048000000000002
1772222727722414157,2026-02-27 15:05:27.722,2.28887,-1.36919,-3.82544,0.011237,-0.139313,0.043864,15.049000000000007
1772222727723693278,2026-02-27 15:05:27.723,2.26397,-1.39171,-3.60252,0.002977,-0.13762,0.043576,15.050000000000011
1772222727724942950,2026-02-27 15:05:27.724,2.09574,-1.59816,-3.36997,-0.018782,-0.13499,0.043833,15.051000000000002
1772222727726143428,2026-02-27 15:05:27.726,2.19787,-1.58998,-4.20722,-0.019157,-0.13232,0.05395,15.053000000000011
1772222727727342877,2026-02-27 15:05:27.727,2.10324,-1.67488,-3.82557,-0.028857,-0.129245,0.050928,15.054000000000002
1772222727728499713,2026-02-27 15:05:27.728,2.06068,-1.69021,-3.61538,-0.034475,-0.125567,0.049606,15.055000000000007
1772222727729664613,2026-02-27 15:05:27.729,1.92541,-1.78067,-2.47081,-0.046291,-0.117459,0.038789,15.056000000000012
1772222727730804149,2026-02-27 15:05:27.730,1.85648,-1.75131,-2.3375,-0.050656,-0.111049,0.036808,15.057000000000002
1772222727732002199,2026-02-27 15:05:27.732,1.81232,-1.86538,-2.28474,-0.054375,-0.107169,0.034742,15.059000000000012
1772222727733200058,2026-02-27 15:05:27.733,1.77324,-1.88449,-2.13095,-0.060007,-0.102364,0.032726,15.060000000000002
1772222727734401389,2026-02-27 15:05:27.734,1.62745,-1.92679,-1.38802,-0.061889,-0.098167,0.02455,15.061000000000007
1772222727735603169,2026-02-27 15:05:27.735,1.58048,-1.9078,-1.00022,-0.066242,-0.094272,0.021021,15.062000000000012
1772222727736739640,2026-02-27 15:05:27.736,1.50155,-1.98631,-1.41239,-0.075746,-0.087545,0.02434,15.063000000000002
1772222727737932939,2026-02-27 15:05:27.737,1.47549,-2.08901,-1.86095,-0.079192,-0.085056,0.02736,15.064000000000007
1772222727739135859,2026-02-27 15:05:27.739,1.37571,-2.10302,-1.87257,-0.078103,-0.081314,0.025874,15.066000000000003
1772222727740334758,2026-02-27 15:05:27.740,1.4003,-2.10353,-1.81689,-0.081634,-0.079672,0.026647,15.067000000000007
1772222727741552962,2026-02-27 15:05:27.741,1.35946,-2.1482,-1.83761,-0.087839,-0.0785,0.026273,15.068000000000012
1772222727742722502,2026-02-27 15:05:27.742,1.33682,-2.263,-2.95828,-0.090267,-0.077522,0.035579,15.069000000000003
1772222727743896119,2026-02-27 15:05:27.743,1.29556,-2.30968,-2.52579,-0.093117,-0.076512,0.031468,15.070000000000007
1772222727745068413,2026-02-27 15:05:27.745,1.31514,-2.30377,-2.4179,-0.095941,-0.077539,0.030408,15.072000000000003
1772222727746266815,2026-02-27 15:05:27.746,1.33089,-2.30085,-2.06918,-0.097084,-0.076132,0.026917,15.073000000000008
1772222727747492631,2026-02-27 15:05:27.747,1.28852,-2.37653,-1.87527,-0.099239,-0.076489,0.025045,15.074000000000012
1772222727748653188,2026-02-27 15:05:27.748,1.23057,-2.42445,-2.0632,-0.098722,-0.07671,0.025603,15.075000000000003
1772222727749783930,2026-02-27 15:05:27.749,1.31929,-2.45812,-2.16549,-0.098521,-0.077592,0.025922,15.076000000000008
1772222727750987645,2026-02-27 15:05:27.750,1.23335,-2.47853,-1.02624,-0.100757,-0.079214,0.016313,15.077000000000012
1772222727752185280,2026-02-27 15:05:27.752,1.30078,-2.54916,-1.41625,-0.10223,-0.079143,0.020047,15.079000000000008
1772222727753381714,2026-02-27 15:05:27.753,1.2459,-2.48319,-1.49521,-0.097321,-0.079151,0.019747,15.080000000000013
1772222727754562101,2026-02-27 15:05:27.754,1.33208,-2.56016,-2.10392,-0.10051,-0.081257,0.025692,15.081000000000003
1772222727755727026,2026-02-27 15:05:27.755,1.39065,-2.65067,-2.57918,-0.10088,-0.086163,0.029898,15.082000000000008
1772222727756902929,2026-02-27 15:05:27.756,1.42277,-2.63292,-2.75258,-0.101741,-0.087661,0.031507,15.083000000000013
1772222727758102842,2026-02-27 15:05:27.758,1.47446,-2.67368,-2.75633,-0.101324,-0.091568,0.032161,15.085000000000008
1772222727759301281,2026-02-27 15:05:27.759,1.4982,-2.71055,-3.59166,-0.10312,-0.094696,0.041501,15.086000000000013
1772222727760495181,2026-02-27 15:05:27.760,1.50567,-2.80621,-3.87785,-0.107449,-0.099153,0.044467,15.087000000000003
1772222727761660094,2026-02-27 15:05:27.761,1.6888,-2.83705,-3.38781,-0.105686,-0.107371,0.041572,15.088000000000008
1772222727762793821,2026-02-27 15:05:27.762,1.75136,-2.88713,-3.19011,-0.103945,-0.110288,0.039562,15.088999999999999
1772222727763971073,2026-02-27 15:05:27.763,1.83553,-2.92798,-3.17786,-0.105765,-0.115712,0.040823,15.090000000000003
1772222727765142568,2026-02-27 15:05:27.765,1.88974,-2.96919,-3.26715,-0.106021,-0.11999,0.04206,15.091999999999999
1772222727766341587,2026-02-27 15:05:27.766,1.95805,-3.00061,-3.34172,-0.106851,-0.125107,0.044158,15.093000000000004
1772222727767528139,2026-02-27 15:05:27.767,1.99939,-3.08447,-3.13681,-0.110277,-0.130271,0.04378,15.094000000000008
1772222727768690844,2026-02-27 15:05:27.768,2.17572,-3.20509,-3.01916,-0.11154,-0.140939,0.044665,15.094999999999999
1772222727769826986,2026-02-27 15:05:27.769,2.21619,-3.21951,-3.28384,-0.111689,-0.145819,0.047762,15.096000000000004
1772222727771001278,2026-02-27 15:05:27.771,2.2788,-3.27699,-3.87913,-0.113833,-0.151399,0.054668,15.097999999999999
1772222727772171846,2026-02-27 15:05:27.772,2.33307,-3.36838,-4.0615,-0.113823,-0.154983,0.057744,15.099000000000004
1772222727773368668,2026-02-27 15:05:27.773,2.43995,-3.37508,-4.2271,-0.110192,-0.158346,0.058569,15.100000000000009
1772222727774564516,2026-02-27 15:05:27.774,2.49851,-3.50031,-4.31545,-0.11297,-0.163871,0.05951,15.100999999999999
1772222727775725581,2026-02-27 15:05:27.775,2.5986,-3.63805,-5.70551,-0.115515,-0.171838,0.072774,15.102000000000004
1772222727776901756,2026-02-27 15:05:27.776,2.65355,-3.7174,-5.52862,-0.11626,-0.174482,0.070685,15.103000000000009
1772222727778084461,2026-02-27 15:05:27.778,2.70608,-3.72689,-5.59427,-0.114984,-0.177208,0.071536,15.105000000000004
1772222727779280762,2026-02-27 15:05:27.779,2.7184,-3.79963,-5.33957,-0.11018,-0.179128,0.06706,15.106000000000009
1772222727780487920,2026-02-27 15:05:27.780,2.74347,-3.84466,-5.20538,-0.110418,-0.181699,0.065206,15.107
1772222727781633682,2026-02-27 15:05:27.781,2.75938,-3.93337,-5.31251,-0.111694,-0.183826,0.065949,15.108000000000004
1772222727782771507,2026-02-27 15:05:27.782,2.8563,-4.03399,-5.64178,-0.108751,-0.186842,0.066831,15.109000000000009
1772222727783965893,2026-02-27 15:05:27.783,2.8615,-4.10505,-4.82138,-0.110636,-0.189171,0.059548,15.11
1772222727785164278,2026-02-27 15:05:27.785,2.79822,-4.19864,-5.0279,-0.114013,-0.190274,0.059578,15.112000000000009
1772222727786360515,2026-02-27 15:05:27.786,2.85881,-4.21233,-5.25762,-0.108889,-0.192769,0.060836,15.113
1772222727787558719,2026-02-27 15:05:27.787,2.95798,-4.28207,-5.93956,-0.109726,-0.193672,0.065701,15.114000000000004
1772222727788725920,2026-02-27 15:05:27.788,2.94045,-4.36575,-6.80129,-0.104039,-0.194488,0.07002,15.115000000000009
1772222727789858811,2026-02-27 15:05:27.789,2.93509,-4.45857,-6.96359,-0.102126,-0.196551,0.069954,15.116
1772222727791030908,2026-02-27 15:05:27.791,2.93361,-4.55557,-7.11218,-0.107054,-0.197495,0.070585,15.11800000000001
1772222727792228519,2026-02-27 15:05:27.792,2.94757,-4.59539,-7.6807,-0.102893,-0.196548,0.073733,15.119
1772222727793424917,2026-02-27 15:05:27.793,3.01194,-4.67527,-8.55549,-0.101311,-0.198407,0.080066,15.120000000000005
1772222727794695630,2026-02-27 15:05:27.794,3.04824,-4.71439,-8.47355,-0.097901,-0.19827,0.077148,15.12100000000001
1772222727795836524,2026-02-27 15:05:27.795,2.96289,-4.86403,-8.21137,-0.100564,-0.19997,0.070821,15.122
1772222727797034161,2026-02-27 15:05:27.797,2.9193,-4.92176,-8.14184,-0.101323,-0.200312,0.069347,15.12400000000001
1772222727798232285,2026-02-27 15:05:27.798,2.96764,-4.99649,-8.34976,-0.096951,-0.201839,0.070346,15.125
1772222727799435443,2026-02-27 15:05:27.799,2.97177,-5.06657,-8.55333,-0.096482,-0.200624,0.070399,15.126000000000005
1772222727800560674,2026-02-27 15:05:27.800,2.9551,-5.13638,-8.71621,-0.095725,-0.202535,0.070324,15.12700000000001
1772222727801725670,2026-02-27 15:05:27.801,2.98567,-5.22719,-8.42131,-0.089328,-0.200256,0.063044,15.128
1772222727802857189,2026-02-27 15:05:27.802,2.89315,-5.25934,-8.60155,-0.090669,-0.197846,0.062275,15.129000000000005
1772222727804001423,2026-02-27 15:05:27.804,2.90295,-5.37691,-9.40256,-0.09003,-0.198204,0.066481,15.131
1772222727805155098,2026-02-27 15:05:27.805,2.83613,-5.40394,-9.86251,-0.089109,-0.196957,0.068174,15.132000000000005
1772222727806327104,2026-02-27 15:05:27.806,2.88861,-5.45131,-10.0225,-0.085159,-0.196546,0.068107,15.13300000000001
1772222727807517477,2026-02-27 15:05:27.807,2.8623,-5.51974,-10.2227,-0.084392,-0.195694,0.06755,15.134
1772222727808661570,2026-02-27 15:05:27.808,2.86452,-5.60375,-10.3915,-0.084358,-0.195438,0.068475,15.135000000000005
1772222727809816934,2026-02-27 15:05:27.809,2.83252,-5.72565,-11.6595,-0.082633,-0.197,0.075476,15.13600000000001
1772222727810988768,2026-02-27 15:05:27.810,2.77593,-5.79306,-11.7591,-0.082539,-0.196304,0.074981,15.137
1772222727812183578,2026-02-27 15:05:27.812,2.83474,-5.81223,-11.4478,-0.078265,-0.196738,0.07136,15.13900000000001
1772222727813356567,2026-02-27 15:05:27.813,2.77142,-5.84389,-11.2643,-0.076878,-0.196206,0.068083,15.14
1772222727814548839,2026-02-27 15:05:27.814,2.78208,-5.89802,-11.368,-0.075315,-0.197169,0.068465,15.141000000000005
1772222727815690031,2026-02-27 15:05:27.815,2.76084,-5.95169,-11.608,-0.076392,-0.197039,0.06765,15.14200000000001
1772222727816844095,2026-02-27 15:05:27.816,2.75553,-6.03046,-11.4413,-0.070061,-0.198678,0.064228,15.143
1772222727818016373,2026-02-27 15:05:27.818,2.78029,-6.06334,-11.1422,-0.069159,-0.199175,0.059047,15.14500000000001
1772222727819189176,2026-02-27 15:05:27.819,2.69339,-6.12648,-11.6081,-0.067238,-0.199019,0.06162,15.146
1772222727820362001,2026-02-27 15:05:27.820,2.77376,-6.11822,-12.1866,-0.061708,-0.200239,0.06652,15.147000000000006
1772222727821559102,2026-02-27 15:05:27.821,2.75104,-6.2003,-12.7788,-0.061479,-0.201089,0.06981,15.14800000000001
1772222727822698901,2026-02-27 15:05:27.822,2.75932,-6.26878,-13.1715,-0.056827,-0.201722,0.07094,15.149000000000001
1772222727823853083,2026-02-27 15:05:27.823,2.75827,-6.31841,-13.4505,-0.053629,-0.200889,0.070173,15.150000000000006
1772222727825026079,2026-02-27 15:05:27.825,2.79178,-6.40187,-13.7179,-0.048369,-0.201764,0.070939,15.152000000000001
1772222727826197830,2026-02-27 15:05:27.826,2.76144,-6.41003,-15.1225,-0.045577,-0.201436,0.08027,15.153000000000006
1772222727827369993,2026-02-27 15:05:27.827,2.79878,-6.44844,-14.8465,-0.044384,-0.202998,0.075515,15.15400000000001
1772222727828557308,2026-02-27 15:05:27.828,2.74952,-6.50175,-15.0442,-0.040951,-0.203182,0.074625,15.155000000000001
1772222727829695145,2026-02-27 15:05:27.829,2.72848,-6.60643,-14.7341,-0.040632,-0.204214,0.070715,15.156000000000006
1772222727830865382,2026-02-27 15:05:27.830,2.76911,-6.71063,-14.8626,-0.03318,-0.205834,0.069036,15.15700000000001
1772222727832004613,2026-02-27 15:05:27.832,2.75316,-6.71708,-15.1047,-0.030685,-0.205767,0.068745,15.159000000000006
1772222727833177624,2026-02-27 15:05:27.833,2.77641,-6.74452,-15.2285,-0.028275,-0.207184,0.069148,15.16000000000001
1772222727834349909,2026-02-27 15:05:27.834,2.76417,-6.82487,-14.4057,-0.027275,-0.208145,0.058493,15.161000000000001
1772222727835546528,2026-02-27 15:05:27.835,2.73663,-6.84058,-14.6677,-0.026853,-0.207944,0.061138,15.162000000000006
1772222727836681106,2026-02-27 15:05:27.836,2.79743,-6.88708,-14.8597,-0.022606,-0.210857,0.062813,15.163000000000011
1772222727837854275,2026-02-27 15:05:27.837,2.73801,-6.91387,-15.5931,-0.024706,-0.211262,0.068798,15.164000000000001
1772222727838991513,2026-02-27 15:05:27.838,2.74427,-6.99226,-16.1751,-0.020548,-0.214347,0.073904,15.165000000000006
1772222727840163620,2026-02-27 15:05:27.840,2.78798,-6.94709,-16.4008,-0.019572,-0.216508,0.074259,15.167000000000002
1772222727841336194,2026-02-27 15:05:27.841,2.78562,-6.96063,-16.5037,-0.018394,-0.2173,0.074447,15.168000000000006
1772222727842523260,2026-02-27 15:05:27.842,2.81828,-7.00504,-17.1634,-0.012709,-0.2194,0.082307,15.169000000000011
1772222727843653767,2026-02-27 15:05:27.843,2.83494,-7.02704,-17.7397,-0.010717,-0.220107,0.086505,15.170000000000002
1772222727844811717,2026-02-27 15:05:27.844,2.83355,-7.05578,-17.2337,-0.009156,-0.224677,0.080676,15.171000000000006
1772222727845952238,2026-02-27 15:05:27.845,2.9181,-7.05414,-17.0709,-0.003119,-0.226254,0.078092,15.172000000000011
1772222727847125715,2026-02-27 15:05:27.847,2.85558,-7.05124,-16.9666,-0.00252,-0.226211,0.077558,15.174000000000007
1772222727848298279,2026-02-27 15:05:27.848,2.89212,-7.00349,-17.1348,0.001064,-0.227245,0.078629,15.175000000000011
1772222727849481076,2026-02-27 15:05:27.849,2.82985,-7.03265,-17.2561,0.003023,-0.227456,0.078412,15.176000000000002
1772222727850612883,2026-02-27 15:05:27.850,2.86899,-7.0373,-17.2902,0.004999,-0.228568,0.077572,15.177000000000007
1772222727851749824,2026-02-27 15:05:27.851,2.85243,-7.08146,-16.3961,0.006556,-0.229654,0.068488,15.178000000000011
1772222727852922145,2026-02-27 15:05:27.852,2.83754,-7.03583,-17.1985,0.011853,-0.229126,0.073094,15.179000000000002
1772222727854058573,2026-02-27 15:05:27.854,2.91869,-7.0467,-17.8371,0.01271,-0.22909,0.07762,15.181000000000012
1772222727855244001,2026-02-27 15:05:27.855,2.83132,-7.14646,-18.0856,0.014448,-0.227481,0.078132,15.182000000000002
1772222727856421341,2026-02-27 15:05:27.856,2.82003,-7.19116,-18.261,0.015416,-0.226324,0.076952,15.183000000000007
1772222727857566868,2026-02-27 15:05:27.857,2.79338,-7.24332,-18.4436,0.016293,-0.225064,0.076837,15.184000000000012
1772222727858697705,2026-02-27 15:05:27.858,2.7728,-7.2675,-18.6355,0.016102,-0.223005,0.074987,15.185000000000002
1772222727859866980,2026-02-27 15:05:27.859,2.74608,-7.36494,-19.8351,0.016706,-0.220701,0.084091,15.186000000000007
1772222727861004712,2026-02-27 15:05:27.861,2.59533,-7.53512,-19.8699,0.010521,-0.215675,0.079374,15.188000000000002
1772222727862184807,2026-02-27 15:05:27.862,2.63372,-7.61369,-19.5056,0.01278,-0.213514,0.073758,15.189000000000007
1772222727863364103,2026-02-27 15:05:27.863,2.52403,-7.67137,-19.3812,0.011005,-0.210862,0.069936,15.190000000000012
1772222727864554168,2026-02-27 15:05:27.864,2.52392,-7.75966,-19.4738,0.008146,-0.207648,0.068448,15.191000000000003
1772222727865686285,2026-02-27 15:05:27.865,2.33132,-7.9019,-19.6528,0.000394,-0.203932,0.066881,15.192000000000007
1772222727866828358,2026-02-27 15:05:27.866,2.31318,-7.99574,-19.8943,-0.000296,-0.200445,0.066427,15.193000000000012
1772222727867990912,2026-02-27 15:05:27.867,2.13285,-8.22517,-19.0757,-0.009619,-0.19207,0.055642,15.194000000000003
1772222727869171569,2026-02-27 15:05:27.869,2.02782,-8.37053,-19.4385,-0.014692,-0.186743,0.054596,15.196000000000012
1772222727870351255,2026-02-27 15:05:27.870,1.9716,-8.56027,-19.9683,-0.021375,-0.181001,0.057424,15.197000000000003
1772222727871549450,2026-02-27 15:05:27.871,1.86981,-8.72358,-20.5503,-0.032147,-0.17534,0.05847,15.198000000000008
1772222727872681532,2026-02-27 15:05:27.872,1.84625,-8.80188,-20.7267,-0.035302,-0.169424,0.057334,15.199000000000012
1772222727873822595,2026-02-27 15:05:27.873,1.68351,-8.98321,-20.8212,-0.042274,-0.162759,0.055535,15.200000000000003
1772222727874992969,2026-02-27 15:05:27.874,1.50214,-9.19919,-21.2523,-0.056966,-0.147882,0.051976,15.201000000000008
1772222727876172199,2026-02-27 15:05:27.876,1.38505,-9.42011,-22.2506,-0.065035,-0.140298,0.05771,15.203000000000003
1772222727877346438,2026-02-27 15:05:27.877,1.16777,-9.526,-21.8885,-0.074341,-0.131389,0.05124,15.204000000000008
1772222727878545418,2026-02-27 15:05:27.878,1.0876,-9.70965,-21.8807,-0.083409,-0.123174,0.046391,15.205000000000013
1772222727879677595,2026-02-27 15:05:27.879,0.954042,-9.87967,-21.453,-0.092048,-0.11558,0.039481,15.206000000000003
1772222727880843170,2026-02-27 15:05:27.880,0.841086,-10.0295,-21.309,-0.100594,-0.106144,0.035592,15.207000000000008
1772222727882023606,2026-02-27 15:05:27.882,0.535001,-10.3788,-21.4171,-0.11888,-0.088218,0.028884,15.209000000000003
1772222727883206452,2026-02-27 15:05:27.883,0.355183,-10.4754,-21.4058,-0.128163,-0.076443,0.026433,15.210000000000008
1772222727884388198,2026-02-27 15:05:27.884,0.20897,-10.612,-20.3227,-0.1393,-0.067001,0.012568,15.211000000000013
1772222727885542296,2026-02-27 15:05:27.885,0.029277,-10.7714,-20.6904,-0.147162,-0.056467,0.012058,15.212000000000003
1772222727886675718,2026-02-27 15:05:27.886,-0.07512,-10.926,-20.6441,-0.158006,-0.047215,0.007421,15.213000000000008
1772222727887843468,2026-02-27 15:05:27.887,-0.235018,-11.08,-21.2322,-0.166518,-0.035997,0.009535,15.213999999999999
1772222727889017213,2026-02-27 15:05:27.889,-0.505157,-11.3057,-21.4743,-0.184252,-0.014097,0.004888,15.216000000000008
1772222727890156987,2026-02-27 15:05:27.890,-0.703573,-11.4713,-21.4596,-0.193392,-0.004607,0.001809,15.216999999999999
1772222727891338393,2026-02-27 15:05:27.891,-0.771703,-11.5963,-21.3394,-0.202364,0.004176,-0.001464,15.218000000000004
1772222727892531389,2026-02-27 15:05:27.892,-1.00915,-11.7356,-22.1162,-0.215193,0.01479,0.004147,15.219000000000008
1772222727893665053,2026-02-27 15:05:27.893,-1.14748,-11.8697,-22.2476,-0.223408,0.024656,0.001839,15.219999999999999
1772222727894822869,2026-02-27 15:05:27.894,-1.2639,-11.8862,-22.056,-0.229715,0.035029,-0.002985,15.221000000000004
1772222727895999515,2026-02-27 15:05:27.896,-1.5379,-12.0749,-21.0652,-0.250162,0.051544,-0.015876,15.222999999999999
1772222727897137568,2026-02-27 15:05:27.897,-1.71792,-12.1191,-20.8008,-0.256441,0.06098,-0.019555,15.224000000000004
1772222727898318443,2026-02-27 15:05:27.898,-1.78897,-12.2069,-20.7473,-0.264539,0.068677,-0.021954,15.225000000000009
1772222727899511634,2026-02-27 15:05:27.899,-1.92894,-12.3013,-20.5306,-0.271471,0.074121,-0.024596,15.225999999999999
1772222727900642420,2026-02-27 15:05:27.900,-2.0654,-12.3862,-20.1652,-0.27824,0.081829,-0.031242,15.227000000000004
1772222727901799436,2026-02-27 15:05:27.901,-2.17698,-12.4031,-19.2993,-0.287001,0.088302,-0.039747,15.228000000000009
1772222727902969293,2026-02-27 15:05:27.902,-2.22852,-12.4329,-19.6589,-0.289278,0.096037,-0.037747,15.229
1772222727904248124,2026-02-27 15:05:27.904,-2.3875,-12.5226,-20.3062,-0.296696,0.108481,-0.03584,15.231000000000009
1772222727905429088,2026-02-27 15:05:27.905,-2.45725,-12.5897,-20.3596,-0.300473,0.113599,-0.037304,15.232
1772222727906577548,2026-02-27 15:05:27.906,-2.58572,-12.6253,-20.3218,-0.303751,0.120125,-0.040385,15.233000000000004
1772222727907710475,2026-02-27 15:05:27.907,-2.61499,-12.6834,-20.3144,-0.306424,0.1255,-0.041601,15.234000000000009
1772222727908895550,2026-02-27 15:05:27.908,-2.68829,-12.7155,-20.3851,-0.308337,0.130841,-0.043444,15.235
1772222727910080168,2026-02-27 15:05:27.910,-2.75648,-12.7905,-21.5206,-0.308591,0.134073,-0.034942,15.237000000000009
1772222727911220890,2026-02-27 15:05:27.911,-2.81189,-12.9038,-21.249,-0.312198,0.1403,-0.042467,15.238
1772222727912418056,2026-02-27 15:05:27.912,-2.83366,-12.9321,-20.686,-0.316469,0.142947,-0.047842,15.239000000000004
1772222727913575777,2026-02-27 15:05:27.913,-2.88663,-12.9718,-20.5025,-0.318361,0.144636,-0.051214,15.240000000000009
1772222727914707982,2026-02-27 15:05:27.914,-2.93782,-13.0265,-20.5038,-0.321082,0.145573,-0.051287,15.241
1772222727915891429,2026-02-27 15:05:27.915,-3.01958,-13.0797,-20.5219,-0.323185,0.146335,-0.051975,15.242000000000004
1772222727917073162,2026-02-27 15:05:27.917,-2.97633,-13.1221,-20.6231,-0.321805,0.146886,-0.051845,15.244
1772222727918216515,2026-02-27 15:05:27.918,-2.98236,-13.1545,-19.8584,-0.323757,0.145285,-0.059998,15.245000000000005
1772222727919416415,2026-02-27 15:05:27.919,-3.01546,-13.1318,-19.9356,-0.323379,0.143837,-0.05763,15.24600000000001
1772222727920566434,2026-02-27 15:05:27.920,-2.9191,-13.1997,-20.5162,-0.324194,0.142559,-0.052701,15.247
1772222727921700057,2026-02-27 15:05:27.921,-2.81361,-13.2379,-20.9305,-0.324765,0.139698,-0.04828,15.248000000000005
1772222727922877266,2026-02-27 15:05:27.922,-2.80409,-13.204,-21.0613,-0.323924,0.136224,-0.046988,15.24900000000001
1772222727924055731,2026-02-27 15:05:27.924,-2.76436,-13.2231,-21.1462,-0.323056,0.133781,-0.046373,15.251000000000005
1772222727925220992,2026-02-27 15:05:27.925,-2.66732,-13.2337,-21.6334,-0.322204,0.127541,-0.040183,15.25200000000001
1772222727926416904,2026-02-27 15:05:27.926,-2.61051,-13.2405,-22.3047,-0.320106,0.123893,-0.03387,15.253
1772222727927566238,2026-02-27 15:05:27.927,-2.56294,-13.2483,-22.1466,-0.317775,0.120949,-0.036071,15.254000000000005
1772222727928699274,2026-02-27 15:05:27.928,-2.53458,-13.2271,-21.9972,-0.314321,0.117587,-0.036938,15.25500000000001
1772222727929875285,2026-02-27 15:05:27.929,-2.44256,-13.2089,-21.7377,-0.313683,0.112862,-0.039103,15.256
1772222727931059292,2026-02-27 15:05:27.931,-2.47239,-13.2373,-21.5327,-0.311308,0.109866,-0.039321,15.25800000000001
1772222727932231555,2026-02-27 15:05:27.932,-2.33624,-13.2881,-21.8532,-0.308978,0.103017,-0.036676,15.259
1772222727933432079,2026-02-27 15:05:27.933,-2.29397,-13.2565,-21.9161,-0.304188,0.099178,-0.036132,15.260000000000005
1772222727934573451,2026-02-27 15:05:27.934,-2.22924,-13.2644,-21.0129,-0.299649,0.097472,-0.046235,15.26100000000001
1772222727935706551,2026-02-27 15:05:27.935,-2.21371,-13.2957,-21.6046,-0.300048,0.092801,-0.039904,15.262
1772222727936889443,2026-02-27 15:05:27.936,-2.17736,-13.3134,-21.6688,-0.297872,0.090729,-0.039252,15.263000000000005
1772222727938080442,2026-02-27 15:05:27.938,-2.14884,-13.2887,-22.4593,-0.294307,0.088462,-0.033388,15.265
1772222727939250210,2026-02-27 15:05:27.939,-2.17042,-13.3188,-22.8593,-0.291084,0.085271,-0.031362,15.266000000000005
1772222727940446260,2026-02-27 15:05:27.940,-2.11631,-13.3335,-22.9806,-0.288204,0.085365,-0.031195,15.26700000000001
1772222727941561693,2026-02-27 15:05:27.941,-2.13301,-13.372,-23.1403,-0.286568,0.084631,-0.031676,15.268
1772222727942693171,2026-02-27 15:05:27.942,-2.0947,-13.3556,-24.3037,-0.283472,0.085611,-0.021601,15.269000000000005
1772222727943869586,2026-02-27 15:05:27.943,-2.14036,-13.363,-24.2907,-0.282261,0.085892,-0.023687,15.27000000000001
1772222727945079849,2026-02-27 15:05:27.945,-2.11917,-13.4424,-24.3645,-0.27823,0.086272,-0.024558,15.272000000000006
1772222727946260640,2026-02-27 15:05:27.946,-2.22302,-13.4558,-23.7186,-0.279217,0.088278,-0.033386,15.27300000000001
1772222727947471938,2026-02-27 15:05:27.947,-2.30463,-13.4807,-23.7489,-0.279148,0.092094,-0.035134,15.274000000000001
1772222727948605359,2026-02-27 15:05:27.948,-2.37642,-13.5249,-23.8887,-0.277617,0.094438,-0.035624,15.275000000000006
1772222727949737971,2026-02-27 15:05:27.949,-2.43763,-13.562,-23.9865,-0.279247,0.09872,-0.036402,15.27600000000001
1772222727950914173,2026-02-27 15:05:27.950,-2.46431,-13.6216,-23.4455,-0.280458,0.101649,-0.044521,15.277000000000001
1772222727952117302,2026-02-27 15:05:27.952,-2.55094,-13.6299,-22.987,-0.281134,0.105671,-0.049424,15.27900000000001
1772222727953288460,2026-02-27 15:05:27.953,-2.65172,-13.6635,-23.7377,-0.283901,0.114017,-0.046991,15.280000000000001
1772222727954497925,2026-02-27 15:05:27.954,-2.73308,-13.7218,-24.1463,-0.287428,0.119472,-0.043939,15.281000000000006
1772222727955629232,2026-02-27 15:05:27.955,-2.78132,-13.717,-24.2018,-0.288415,0.123895,-0.044881,15.28200000000001
1772222727956806678,2026-02-27 15:05:27.956,-2.90254,-13.7526,-24.1509,-0.290735,0.127846,-0.046833,15.283000000000001
1772222727958011576,2026-02-27 15:05:27.958,-2.93421,-13.8243,-24.06,-0.293818,0.131873,-0.048424,15.28500000000001
1772222727959187947,2026-02-27 15:05:27.959,-2.98127,-13.7698,-24.0795,-0.295764,0.136007,-0.048695,15.286000000000001
1772222727960330196,2026-02-27 15:05:27.960,-3.14562,-13.7658,-24.432,-0.300922,0.143356,-0.045166,15.287000000000006
1772222727961512215,2026-02-27 15:05:27.961,-3.13776,-13.7592,-24.3243,-0.302768,0.146418,-0.046047,15.288000000000011
1772222727962644705,2026-02-27 15:05:27.962,-3.21162,-13.7556,-23.6812,-0.305267,0.14809,-0.051279,15.289000000000001
1772222727963821617,2026-02-27 15:05:27.963,-3.29874,-13.7255,-23.2623,-0.307685,0.149549,-0.053404,15.290000000000006
1772222727965023825,2026-02-27 15:05:27.965,-3.28279,-13.6719,-23.2019,-0.307274,0.151803,-0.053162,15.292000000000002
1772222727966201879,2026-02-27 15:05:27.966,-3.31,-13.6576,-23.0836,-0.308823,0.152628,-0.052691,15.293000000000006
1772222727967347124,2026-02-27 15:05:27.967,-3.32432,-13.6073,-21.7176,-0.316256,0.152637,-0.062737,15.294000000000011
1772222727968528973,2026-02-27 15:05:27.968,-3.31906,-13.5907,-21.9203,-0.318158,0.15156,-0.059876,15.295000000000002
1772222727969662346,2026-02-27 15:05:27.969,-3.30627,-13.5481,-21.8418,-0.318165,0.151334,-0.059387,15.296000000000006
1772222727970838666,2026-02-27 15:05:27.970,-3.31833,-13.5017,-22.2929,-0.318685,0.14966,-0.052754,15.297000000000011
1772222727972052656,2026-02-27 15:05:27.972,-3.22953,-13.4974,-22.54,-0.319602,0.146591,-0.049067,15.299000000000007
1772222727973234059,2026-02-27 15:05:27.973,-3.22182,-13.4334,-22.4603,-0.318174,0.145244,-0.048729,15.300000000000011
1772222727974373148,2026-02-27 15:05:27.974,-3.21196,-13.4024,-22.3231,-0.31892,0.142731,-0.047979,15.301000000000002
1772222727975576798,2026-02-27 15:05:27.975,-3.11656,-13.3655,-22.9621,-0.320693,0.139172,-0.040447,15.302000000000007
1772222727976709768,2026-02-27 15:05:27.976,-3.05659,-13.2937,-23.1699,-0.316644,0.135891,-0.036364,15.303000000000011
1772222727977890256,2026-02-27 15:05:27.977,-2.97463,-13.2892,-22.8765,-0.317414,0.133173,-0.037504,15.304000000000002
1772222727979069826,2026-02-27 15:05:27.979,-2.86472,-13.2348,-22.3405,-0.313183,0.12977,-0.04116,15.306000000000012
1772222727980254335,2026-02-27 15:05:27.980,-2.9369,-13.1896,-21.9665,-0.312267,0.126834,-0.042534,15.307000000000002
1772222727981403453,2026-02-27 15:05:27.981,-2.83946,-13.0397,-21.8287,-0.307857,0.122002,-0.041412,15.308000000000007
1772222727982536532,2026-02-27 15:05:27.982,-2.78968,-13.0291,-21.7355,-0.307735,0.117805,-0.040037,15.309000000000012
1772222727983672007,2026-02-27 15:05:27.983,-2.711,-13.0389,-21.4797,-0.306987,0.114857,-0.041595,15.310000000000002
1772222727984851027,2026-02-27 15:05:27.984,-2.69055,-12.9845,-20.4992,-0.305051,0.111529,-0.048208,15.311000000000007
1772222727986054428,2026-02-27 15:05:27.986,-2.7589,-12.922,-20.9138,-0.306152,0.109531,-0.044298,15.313000000000002
1772222727987240275,2026-02-27 15:05:27.987,-2.57641,-12.8581,-20.97,-0.29836,0.107331,-0.040998,15.314000000000007
1772222727988401971,2026-02-27 15:05:27.988,-2.54536,-12.8141,-21.5459,-0.299525,0.101921,-0.033991,15.315000000000012
1772222727989538573,2026-02-27 15:05:27.989,-2.48624,-12.762,-21.4095,-0.296487,0.099553,-0.032754,15.316000000000003
1772222727990674844,2026-02-27 15:05:27.990,-2.4203,-12.7316,-21.3514,-0.294888,0.097919,-0.032044,15.317000000000007
1772222727991855277,2026-02-27 15:05:27.991,-2.4344,-12.72,-21.2731,-0.297105,0.095598,-0.031785,15.318000000000012
1772222727993055308,2026-02-27 15:05:27.993,-2.30488,-12.6512,-22.3448,-0.292566,0.092686,-0.019885,15.320000000000007
1772222727994227861,2026-02-27 15:05:27.994,-2.29976,-12.6207,-21.9995,-0.291285,0.091268,-0.022837,15.321000000000012
1772222727995397201,2026-02-27 15:05:27.995,-2.20522,-12.5219,-21.2446,-0.289675,0.085983,-0.025939,15.322000000000003
1772222727996502005,2026-02-27 15:05:27.996,-2.14189,-12.5392,-20.9431,-0.288984,0.082745,-0.028318,15.323000000000008
1772222727997635234,2026-02-27 15:05:27.997,-2.1442,-12.5188,-20.7236,-0.291103,0.080715,-0.027772,15.324000000000012
1772222727998816023,2026-02-27 15:05:27.998,-2.04647,-12.489,-20.6736,-0.291106,0.078321,-0.025825,15.325000000000003
1772222728000016349,2026-02-27 15:05:28.000,-1.97639,-12.4925,-20.5946,-0.292006,0.075327,-0.025371,15.327000000000012
1772222728001225805,2026-02-27 15:05:28.001,-1.96987,-12.48,-19.7358,-0.294938,0.072188,-0.032384,15.328000000000003
1772222728002402750,2026-02-27 15:05:28.002,-1.92646,-12.4844,-19.5889,-0.298174,0.069254,-0.030005,15.329000000000008
1772222728003569174,2026-02-27 15:05:28.003,-1.90473,-12.4931,-20.0509,-0.299325,0.068608,-0.024738,15.330000000000013
1772222728004745642,2026-02-27 15:05:28.004,-1.81144,-12.4949,-20.3784,-0.299952,0.067994,-0.021132,15.331000000000003
1772222728005945578,2026-02-27 15:05:28.005,-1.80814,-12.512,-20.3439,-0.302348,0.067047,-0.020306,15.332000000000008
1772222728007158533,2026-02-27 15:05:28.007,-1.80416,-12.5327,-20.3207,-0.303444,0.067972,-0.020771,15.334000000000003
1772222728008340104,2026-02-27 15:05:28.008,-1.82849,-12.5689,-20.2349,-0.305977,0.067958,-0.021636,15.335000000000008
1772222728009495800,2026-02-27 15:05:28.009,-1.79747,-12.5723,-21.1997,-0.310082,0.07259,-0.014227,15.336000000000013
1772222728010629819,2026-02-27 15:05:28.010,-1.87899,-12.6153,-20.7649,-0.313276,0.075635,-0.018775,15.337000000000003
1772222728011807561,2026-02-27 15:05:28.011,-1.88927,-12.6475,-20.5167,-0.31471,0.07758,-0.022554,15.338000000000008
1772222728013100563,2026-02-27 15:05:28.013,-1.89912,-12.6513,-20.054,-0.316204,0.08165,-0.027941,15.340000000000003
1772222728014276068,2026-02-27 15:05:28.014,-2.02534,-12.7173,-19.8351,-0.318058,0.085167,-0.030652,15.341000000000008
1772222728015444419,2026-02-27 15:05:28.015,-2.14099,-12.7133,-19.7449,-0.325914,0.093517,-0.032533,15.341999999999999
1772222728016602381,2026-02-27 15:05:28.016,-2.20155,-12.6864,-19.6263,-0.328334,0.098273,-0.035317,15.343000000000004
1772222728017789882,2026-02-27 15:05:28.017,-2.31775,-12.7327,-18.4319,-0.332347,0.10282,-0.047158,15.344000000000008
1772222728018991526,2026-02-27 15:05:28.018,-2.35605,-12.7149,-18.6942,-0.336883,0.10675,-0.044648,15.344999999999999
1772222728020203125,2026-02-27 15:05:28.020,-2.47404,-12.7394,-18.5846,-0.339756,0.113007,-0.046182,15.347000000000008
1772222728021380410,2026-02-27 15:05:28.021,-2.49108,-12.7355,-19.0356,-0.344716,0.118525,-0.042761,15.347999999999999
1772222728022495798,2026-02-27 15:05:28.022,-2.6506,-12.7416,-18.9647,-0.351725,0.128499,-0.044852,15.349000000000004
1772222728023629592,2026-02-27 15:05:28.023,-2.70827,-12.7163,-18.7937,-0.35611,0.133282,-0.04637,15.350000000000009
1772222728024806997,2026-02-27 15:05:28.024,-2.83461,-12.7361,-18.6374,-0.361539,0.139288,-0.048989,15.350999999999999
1772222728026016420,2026-02-27 15:05:28.026,-2.93618,-12.6977,-19.2753,-0.367763,0.144774,-0.042212,15.353000000000009
1772222728027226589,2026-02-27 15:05:28.027,-2.93335,-12.6753,-19.119,-0.372068,0.149879,-0.044418,15.354
1772222728028399784,2026-02-27 15:05:28.028,-3.16119,-12.6468,-18.1142,-0.375139,0.160352,-0.052269,15.355000000000004
1772222728029571791,2026-02-27 15:05:28.029,-3.25853,-12.6017,-17.5518,-0.377057,0.165902,-0.057556,15.356000000000009
1772222728030752725,2026-02-27 15:05:28.030,-3.33153,-12.6006,-17.2068,-0.382556,0.169804,-0.060914,15.357
1772222728031959646,2026-02-27 15:05:28.031,-3.39143,-12.5762,-17.0189,-0.385651,0.176098,-0.061776,15.358000000000004
1772222728033159858,2026-02-27 15:05:28.033,-3.45145,-12.566,-16.7437,-0.390124,0.180477,-0.063666,15.36
1772222728034342974,2026-02-27 15:05:28.034,-3.52398,-12.4687,-16.0753,-0.390972,0.185503,-0.06949,15.361000000000004
1772222728035497316,2026-02-27 15:05:28.035,-3.67679,-12.3777,-15.2413,-0.401715,0.192515,-0.073282,15.362000000000009
1772222728036630483,2026-02-27 15:05:28.036,-3.76517,-12.2965,-15.2564,-0.400657,0.195566,-0.071083,15.363
1772222728037809987,2026-02-27 15:05:28.037,-3.74671,-12.2261,-15.4776,-0.405397,0.197633,-0.06853,15.364000000000004
1772222728039011647,2026-02-27 15:05:28.039,-3.82193,-12.1729,-15.2588,-0.409963,0.202013,-0.068071,15.366
1772222728040217968,2026-02-27 15:05:28.040,-3.81715,-12.1466,-14.8463,-0.413909,0.20342,-0.069004,15.367000000000004
1772222728041399665,2026-02-27 15:05:28.041,-3.80503,-12.0408,-14.5226,-0.414406,0.20501,-0.068595,15.36800000000001
1772222728042576162,2026-02-27 15:05:28.042,-3.81964,-11.8459,-14.8792,-0.420104,0.205462,-0.05791,15.369
1772222728043758711,2026-02-27 15:05:28.043,-3.78451,-11.72,-14.0832,-0.421608,0.204957,-0.061291,15.370000000000005
1772222728044960350,2026-02-27 15:05:28.044,-3.8086,-11.6239,-13.7198,-0.426445,0.204801,-0.061123,15.37100000000001
1772222728046160430,2026-02-27 15:05:28.046,-3.80799,-11.5268,-12.9416,-0.431767,0.203652,-0.065221,15.373000000000005
1772222728047361051,2026-02-27 15:05:28.047,-3.75814,-11.3906,-12.2985,-0.42739,0.202528,-0.066634,15.37400000000001
1772222728048497724,2026-02-27 15:05:28.048,-3.67019,-11.1722,-11.6628,-0.428625,0.198932,-0.064051,15.375
1772222728049631503,2026-02-27 15:05:28.049,-3.67293,-11.0036,-11.3988,-0.429701,0.197875,-0.064032,15.376000000000005
1772222728050813840,2026-02-27 15:05:28.050,-3.63619,-10.9458,-10.1186,-0.429256,0.195778,-0.072886,15.37700000000001
1772222728052014462,2026-02-27 15:05:28.052,-3.65568,-10.7997,-9.93216,-0.429912,0.194809,-0.070342,15.379000000000005
1772222728053212684,2026-02-27 15:05:28.053,-3.52504,-10.7069,-9.73182,-0.426147,0.192533,-0.069288,15.38000000000001
1772222728054394618,2026-02-27 15:05:28.054,-3.49803,-10.5347,-10.0359,-0.425059,0.191097,-0.063139,15.381
1772222728055583907,2026-02-27 15:05:28.055,-3.4633,-10.3159,-10.0021,-0.424217,0.187719,-0.058894,15.382000000000005
1772222728056757658,2026-02-27 15:05:28.056,-3.37498,-10.2318,-9.73797,-0.416018,0.185601,-0.058122,15.38300000000001
1772222728057957109,2026-02-27 15:05:28.057,-3.38975,-10.0565,-9.57708,-0.417082,0.185041,-0.057943,15.384
1772222728059158804,2026-02-27 15:05:28.059,-3.29578,-9.9405,-9.95569,-0.406872,0.18412,-0.052147,15.38600000000001
1772222728060370004,2026-02-27 15:05:28.060,-3.24008,-9.83423,-10.2724,-0.405537,0.181978,-0.047109,15.387
1772222728061557636,2026-02-27 15:05:28.061,-3.24992,-9.60046,-9.38786,-0.394284,0.18217,-0.054158,15.388000000000005
1772222728062728843,2026-02-27 15:05:28.062,-3.23585,-9.43046,-8.86152,-0.390369,0.183693,-0.0565,15.38900000000001
1772222728063925941,2026-02-27 15:05:28.063,-3.2651,-9.31555,-8.56225,-0.385972,0.184114,-0.05852,15.39
1772222728065123232,2026-02-27 15:05:28.065,-3.22006,-9.24104,-8.43768,-0.381803,0.183196,-0.058548,15.39200000000001
1772222728066336208,2026-02-27 15:05:28.066,-3.13979,-9.12465,-8.24294,-0.378551,0.184407,-0.059868,15.393
1772222728067565826,2026-02-27 15:05:28.067,-3.28036,-9.07623,-8.15489,-0.375799,0.184647,-0.061154,15.394000000000005
1772222728068806362,2026-02-27 15:05:28.068,-3.19977,-8.87712,-7.23919,-0.366621,0.183799,-0.066576,15.39500000000001
1772222728070007870,2026-02-27 15:05:28.070,-3.21972,-8.79916,-7.10178,-0.365777,0.183836,-0.065788,15.397000000000006
1772222728071208151,2026-02-27 15:05:28.071,-3.22387,-8.67864,-7.59963,-0.360872,0.184953,-0.060995,15.39800000000001
1772222728072413186,2026-02-27 15:05:28.072,-3.22799,-8.59523,-7.55997,-0.358671,0.186394,-0.060687,15.399000000000001
1772222728073615264,2026-02-27 15:05:28.073,-3.13171,-8.48327,-7.41504,-0.351898,0.184895,-0.060437,15.400000000000006
1772222728074851159,2026-02-27 15:05:28.074,-3.07167,-8.2875,-7.06708,-0.348452,0.185397,-0.060321,15.40100000000001
1772222728076052500,2026-02-27 15:05:28.076,-3.06656,-8.21404,-8.02979,-0.347272,0.183092,-0.050076,15.403000000000006
1772222728077253668,2026-02-27 15:05:28.077,-3.10463,-8.11037,-7.6125,-0.346525,0.183073,-0.051674,15.40400000000001
1772222728078598200,2026-02-27 15:05:28.078,-3.07629,-7.99411,-7.50684,-0.340791,0.183068,-0.051875,15.405000000000001
1772222728079844705,2026-02-27 15:05:28.079,-3.11748,-7.80982,-6.42217,-0.335374,0.182968,-0.061931,15.406000000000006
1772222728081047351,2026-02-27 15:05:28.081,-3.03626,-7.65718,-6.23959,-0.328339,0.1824,-0.06121,15.408000000000001
1772222728082246810,2026-02-27 15:05:28.082,-3.04127,-7.60587,-6.13781,-0.326675,0.183226,-0.061101,15.409000000000006
1772222728083605792,2026-02-27 15:05:28.083,-3.02219,-7.49882,-5.99558,-0.324272,0.181829,-0.060903,15.41000000000001
1772222728084846971,2026-02-27 15:05:28.084,-3.05233,-7.28895,-4.81298,-0.318003,0.182421,-0.070249,15.411000000000001
1772222728086048256,2026-02-27 15:05:28.086,-3.00144,-7.16915,-4.84273,-0.31453,0.18292,-0.068455,15.413000000000011
1772222728087247895,2026-02-27 15:05:28.087,-3.01978,-7.12051,-5.19562,-0.312395,0.181588,-0.064276,15.414000000000001
1772222728088478163,2026-02-27 15:05:28.088,-2.99289,-7.03504,-5.54549,-0.309276,0.182261,-0.060324,15.415000000000006
1772222728089634162,2026-02-27 15:05:28.089,-2.98666,-6.87074,-5.44308,-0.301309,0.18128,-0.06,15.416000000000011
1772222728090810572,2026-02-27 15:05:28.090,-3.06666,-6.85651,-5.29598,-0.300326,0.180492,-0.060901,15.417000000000002
1772222728092010327,2026-02-27 15:05:28.092,-2.969,-6.74742,-5.3681,-0.297516,0.181042,-0.05875,15.419000000000011
1772222728093211141,2026-02-27 15:05:28.093,-3.00905,-6.68333,-6.15946,-0.296416,0.179795,-0.049902,15.420000000000002
1772222728094417706,2026-02-27 15:05:28.094,-3.00626,-6.57291,-5.62397,-0.293883,0.180764,-0.053782,15.421000000000006
1772222728095597534,2026-02-27 15:05:28.095,-2.99365,-6.38206,-4.97676,-0.285237,0.179488,-0.058894,15.422000000000011
1772222728096733751,2026-02-27 15:05:28.096,-3.00512,-6.32615,-4.68432,-0.282862,0.17917,-0.059923,15.423000000000002
1772222728097932852,2026-02-27 15:05:28.097,-2.97673,-6.22638,-4.63665,-0.276596,0.17913,-0.060581,15.424000000000007
1772222728099131277,2026-02-27 15:05:28.099,-2.96808,-6.13021,-4.54226,-0.275601,0.178223,-0.059379,15.426000000000002
1772222728100302455,2026-02-27 15:05:28.100,-2.93794,-6.03151,-4.49469,-0.269988,0.178189,-0.060052,15.427000000000007
1772222728101512783,2026-02-27 15:05:28.101,-2.9104,-5.88554,-3.3085,-0.264402,0.176549,-0.069872,15.428000000000011
1772222728102675265,2026-02-27 15:05:28.102,-2.89314,-5.73951,-3.39337,-0.255988,0.173557,-0.065783,15.429000000000002
1772222728103849594,2026-02-27 15:05:28.103,-2.92989,-5.71319,-4.00432,-0.256372,0.173007,-0.059677,15.430000000000007
1772222728105024044,2026-02-27 15:05:28.105,-2.88875,-5.60221,-4.26485,-0.253676,0.172849,-0.056948,15.432000000000002
1772222728106196094,2026-02-27 15:05:28.106,-2.80356,-5.5331,-4.14211,-0.248522,0.171027,-0.056542,15.433000000000007
1772222728107375017,2026-02-27 15:05:28.107,-2.80259,-5.46712,-4.07763,-0.243507,0.170974,-0.056792,15.434000000000012
1772222728108555566,2026-02-27 15:05:28.108,-2.78442,-5.33604,-4.79927,-0.236969,0.168671,-0.048841,15.435000000000002
1772222728109688593,2026-02-27 15:05:28.109,-2.75147,-5.26976,-4.98612,-0.231639,0.167837,-0.047948,15.436000000000007
1772222728110833348,2026-02-27 15:05:28.110,-2.82854,-5.19533,-4.97037,-0.228272,0.170143,-0.050382,15.437000000000012
1772222728112013566,2026-02-27 15:05:28.112,-2.76015,-5.12167,-4.34921,-0.223933,0.169745,-0.05464,15.439000000000007
1772222728113182100,2026-02-27 15:05:28.113,-2.74799,-5.11514,-4.15996,-0.216967,0.170782,-0.058253,15.440000000000012
1772222728114351549,2026-02-27 15:05:28.114,-2.78437,-5.04721,-3.98799,-0.214227,0.172397,-0.059563,15.441000000000003
1772222728115506845,2026-02-27 15:05:28.115,-2.85801,-4.97574,-3.9722,-0.211846,0.175277,-0.062029,15.442000000000007
1772222728116646189,2026-02-27 15:05:28.116,-2.83313,-4.87471,-3.60803,-0.206478,0.17467,-0.064442,15.443000000000012
1772222728117795184,2026-02-27 15:05:28.117,-2.84653,-4.82614,-2.79814,-0.203306,0.177323,-0.072906,15.444000000000003
1772222728118963925,2026-02-27 15:05:28.118,-2.83389,-4.786,-3.22134,-0.198231,0.180475,-0.070075,15.445000000000007
1772222728120132952,2026-02-27 15:05:28.120,-2.89231,-4.72195,-3.40292,-0.195292,0.183246,-0.0703,15.447000000000003
1772222728121306513,2026-02-27 15:05:28.121,-2.94676,-4.69084,-3.81935,-0.193979,0.185635,-0.065791,15.448000000000008
1772222728122577410,2026-02-27 15:05:28.122,-3.01866,-4.63841,-3.83719,-0.192078,0.189837,-0.066181,15.449000000000012
1772222728123708618,2026-02-27 15:05:28.123,-3.08153,-4.55728,-3.76539,-0.188642,0.193194,-0.067748,15.450000000000003
1772222728124857078,2026-02-27 15:05:28.124,-3.08442,-4.50843,-3.73619,-0.186332,0.194758,-0.06896,15.451000000000008
1772222728126025878,2026-02-27 15:05:28.126,-3.11164,-4.49144,-4.81687,-0.18557,0.198381,-0.059317,15.453000000000003
1772222728127194472,2026-02-27 15:05:28.127,-3.20783,-4.42582,-4.38156,-0.182844,0.201539,-0.063675,15.454000000000008
1772222728128373693,2026-02-27 15:05:28.128,-3.1944,-4.37271,-4.3689,-0.179818,0.204892,-0.065343,15.455000000000013
1772222728129502442,2026-02-27 15:05:28.129,-3.30696,-4.38072,-3.77535,-0.177569,0.207272,-0.072206,15.456000000000003
1772222728130663558,2026-02-27 15:05:28.130,-3.32456,-4.23295,-3.36067,-0.174474,0.213631,-0.076189,15.457000000000008
1772222728131810990,2026-02-27 15:05:28.131,-3.35488,-4.20219,-3.3131,-0.172977,0.21577,-0.077197,15.458000000000013
1772222728132980242,2026-02-27 15:05:28.132,-3.37527,-4.14438,-3.22025,-0.169639,0.218013,-0.078775,15.459000000000003
1772222728134176639,2026-02-27 15:05:28.134,-3.46017,-4.08785,-2.28371,-0.168109,0.220651,-0.088225,15.461000000000013
1772222728135373674,2026-02-27 15:05:28.135,-3.43164,-4.05636,-2.11791,-0.168463,0.22125,-0.088577,15.462000000000003
1772222728136562327,2026-02-27 15:05:28.136,-3.47419,-4.01817,-2.13717,-0.167604,0.223518,-0.088771,15.463000000000008
1772222728137728976,2026-02-27 15:05:28.137,-3.49885,-3.95055,-2.87981,-0.165448,0.224621,-0.080985,15.463999999999999
1772222728138903418,2026-02-27 15:05:28.138,-3.49653,-3.93546,-2.7976,-0.166949,0.224469,-0.081175,15.465000000000003
1772222728140074195,2026-02-27 15:05:28.140,-3.47568,-3.83266,-2.69102,-0.163584,0.22514,-0.081652,15.466999999999999
1772222728141272140,2026-02-27 15:05:28.141,-3.43447,-3.80503,-2.54866,-0.164291,0.223543,-0.081573,15.468000000000004
1772222728142489144,2026-02-27 15:05:28.142,-3.49671,-3.78289,-2.85996,-0.16758,0.223403,-0.077919,15.469000000000008
1772222728143654890,2026-02-27 15:05:28.143,-3.38282,-3.64423,-3.08899,-0.16072,0.221105,-0.073371,15.469999999999999
1772222728144786342,2026-02-27 15:05:28.144,-3.34432,-3.59985,-2.77044,-0.160934,0.219706,-0.075313,15.471000000000004
1772222728145955155,2026-02-27 15:05:28.145,-3.29643,-3.59413,-2.41987,-0.159101,0.21792,-0.078923,15.472000000000008
1772222728147150344,2026-02-27 15:05:28.147,-3.3154,-3.53195,-2.15181,-0.154441,0.216645,-0.079255,15.474000000000004
1772222728148345823,2026-02-27 15:05:28.148,-3.31661,-3.49502,-2.16225,-0.155193,0.215011,-0.077736,15.475000000000009
1772222728149559282,2026-02-27 15:05:28.149,-3.33584,-3.46365,-2.00546,-0.156302,0.212525,-0.076967,15.475999999999999
1772222728150725346,2026-02-27 15:05:28.150,-3.2954,-3.38976,-0.843425,-0.150888,0.209725,-0.086192,15.477000000000004
1772222728151902851,2026-02-27 15:05:28.151,-3.25084,-3.34451,-1.23988,-0.149995,0.208357,-0.08146,15.478000000000009
1772222728153099595,2026-02-27 15:05:28.153,-3.21474,-3.28134,-1.20385,-0.147567,0.207739,-0.080511,15.480000000000004
1772222728154294840,2026-02-27 15:05:28.154,-3.15291,-3.27911,-1.82005,-0.145673,0.20656,-0.076342,15.481000000000009
1772222728155481905,2026-02-27 15:05:28.155,-3.12362,-3.30821,-2.08267,-0.145596,0.20461,-0.073499,15.482
1772222728156649387,2026-02-27 15:05:28.156,-3.07328,-3.25011,-1.90401,-0.145443,0.201431,-0.072706,15.483000000000004
1772222728157783129,2026-02-27 15:05:28.157,-3.14623,-3.27543,-1.90525,-0.145398,0.202495,-0.072694,15.484000000000009
1772222728158959015,2026-02-27 15:05:28.158,-3.07519,-3.25894,-2.82589,-0.146771,0.201029,-0.06256,15.485
1772222728160130527,2026-02-27 15:05:28.160,-3.06253,-3.285,-2.81245,-0.14495,0.201991,-0.064473,15.487000000000009
1772222728161327472,2026-02-27 15:05:28.161,-3.09093,-3.26685,-2.71106,-0.146803,0.20073,-0.064624,15.488
1772222728162540542,2026-02-27 15:05:28.162,-3.05098,-3.24357,-2.16309,-0.141873,0.20064,-0.070208,15.489000000000004
1772222728163702374,2026-02-27 15:05:28.163,-3.05063,-3.23005,-1.65451,-0.1449,0.200673,-0.073402,15.490000000000009
1772222728164835373,2026-02-27 15:05:28.164,-3.0997,-3.2352,-1.55509,-0.149538,0.200757,-0.07342,15.491
1772222728166037328,2026-02-27 15:05:28.166,-3.13779,-3.19916,-1.43302,-0.151914,0.202294,-0.073598,15.49300000000001
1772222728167235966,2026-02-27 15:05:28.167,-3.08911,-3.21185,-0.965765,-0.150481,0.200658,-0.079515,15.494
1772222728168432949,2026-02-27 15:05:28.168,-3.1334,-3.22539,-0.32478,-0.147546,0.202509,-0.084022,15.495000000000005
1772222728169576833,2026-02-27 15:05:28.169,-3.13656,-3.20641,-0.589628,-0.150421,0.20326,-0.081024,15.49600000000001
1772222728170750298,2026-02-27 15:05:28.170,-3.18655,-3.21202,-1.28698,-0.154292,0.207089,-0.074259,15.497
1772222728171926167,2026-02-27 15:05:28.171,-3.26022,-3.22061,-1.26922,-0.159647,0.208145,-0.07434,15.498000000000005
1772222728173123978,2026-02-27 15:05:28.173,-3.24847,-3.2449,-1.26427,-0.158162,0.208552,-0.074973,15.5
1772222728174321454,2026-02-27 15:05:28.174,-3.29268,-3.20875,-1.24211,-0.156005,0.212706,-0.075146,15.501000000000005
1772222728175530137,2026-02-27 15:05:28.175,-3.32601,-3.22506,-1.31862,-0.158431,0.214343,-0.076108,15.50200000000001
1772222728176701114,2026-02-27 15:05:28.176,-3.35177,-3.28043,-1.90849,-0.159614,0.218781,-0.073122,15.503
1772222728177838816,2026-02-27 15:05:28.177,-3.40623,-3.3361,-1.86272,-0.165887,0.221177,-0.074331,15.504000000000005
1772222728178994762,2026-02-27 15:05:28.178,-3.464,-3.37795,-1.39387,-0.16608,0.224918,-0.080744,15.50500000000001
1772222728180191536,2026-02-27 15:05:28.180,-3.52168,-3.35278,-1.23219,-0.16428,0.229716,-0.083633,15.507000000000005
1772222728181386564,2026-02-27 15:05:28.181,-3.56133,-3.38235,-1.13138,-0.166143,0.231339,-0.083634,15.50800000000001
1772222728182571460,2026-02-27 15:05:28.182,-3.64527,-3.4505,-1.21147,-0.167067,0.232067,-0.084125,15.509
1772222728183741845,2026-02-27 15:05:28.183,-3.84186,-3.52519,-0.541623,-0.161467,0.233689,-0.093417,15.510000000000005
1772222728184877042,2026-02-27 15:05:28.184,-3.86544,-3.6626,-0.8654,-0.156783,0.225878,-0.087461,15.51100000000001
1772222728186046137,2026-02-27 15:05:28.186,-3.80498,-3.65693,-1.11041,-0.137061,0.21245,-0.080179,15.513000000000005
1772222728187230503,2026-02-27 15:05:28.187,-3.67813,-3.60593,-1.83678,-0.118136,0.190074,-0.064728,15.51400000000001
1772222728188427001,2026-02-27 15:05:28.188,-3.60676,-3.45832,-2.18315,-0.104184,0.158179,-0.045741,15.515
1772222728189567007,2026-02-27 15:05:28.189,-3.12039,-3.02944,-1.83905,-0.087246,0.118361,-0.028411,15.516000000000005
1772222728190734275,2026-02-27 15:05:28.190,-2.0148,-2.22163,-1.11703,-0.059043,0.060855,-0.007741,15.51700000000001
1772222728191868668,2026-02-27 15:05:28.191,-1.43088,-1.77678,-1.47098,-0.049868,0.038128,0.001263,15.518
1772222728193066077,2026-02-27 15:05:28.193,-0.774389,-1.33637,-1.78847,-0.034987,0.022178,0.005349,15.52000000000001
1772222728194262340,2026-02-27 15:05:28.194,-0.219666,-0.910027,-1.3958,-0.023392,0.008088,0.00316,15.521
1772222728195476880,2026-02-27 15:05:28.195,0.17654,-0.557911,-0.897153,-0.014138,-0.005881,-0.000254,15.522000000000006
1772222728196613244,2026-02-27 15:05:28.196,0.504555,-0.220504,-0.568079,-0.004137,-0.016112,-0.002703,15.52300000000001
1772222728197779881,2026-02-27 15:05:28.197,1.05852,0.391754,-0.330906,0.019712,-0.030607,-0.002264,15.524000000000001
1772222728198914125,2026-02-27 15:05:28.198,1.17124,0.57963,-0.182572,0.025412,-0.0338,-0.002618,15.525000000000006
1772222728200111739,2026-02-27 15:05:28.200,1.13222,0.653404,-0.064113,0.028508,-0.03504,-0.005183,15.527000000000001
1772222728201307071,2026-02-27 15:05:28.201,1.036,0.685097,1.13059,0.025327,-0.034179,-0.01393,15.528000000000006
1772222728202516137,2026-02-27 15:05:28.202,0.954646,0.693621,0.831071,0.026833,-0.02916,-0.011738,15.52900000000001
1772222728203651815,2026-02-27 15:05:28.203,0.796718,0.630907,0.821926,0.026489,-0.025223,-0.010685,15.530000000000001
1772222728204813309,2026-02-27 15:05:28.204,0.484371,0.291287,0.261395,0.014761,-0.018287,-0.004089,15.531000000000006
1772222728205952358,2026-02-27 15:05:28.205,0.253769,0.103528,0.362192,0.007645,-0.014232,-0.004855,15.53200000000001
1772222728207150536,2026-02-27 15:05:28.207,0.22768,-0.05432,0.278596,0.008792,-0.00952,-0.004379,15.534000000000006
1772222728208350277,2026-02-27 15:05:28.208,-0.017326,-0.150624,0.294988,0.002593,-0.005035,-0.004693,15.53500000000001
1772222728209571318,2026-02-27 15:05:28.209,-0.062153,-0.320469,-0.78984,-0.002844,-0.003135,0.005179,15.536000000000001
1772222728210710263,2026-02-27 15:05:28.210,-0.136739,-0.366084,-0.624634,-0.001232,-5.2e-05,0.001644,15.537000000000006
1772222728211850254,2026-02-27 15:05:28.211,-0.225778,-0.520809,-0.124077,-0.008109,0.002386,-0.003848,15.538000000000011
1772222728212984294,2026-02-27 15:05:28.212,-0.195116,-0.556203,0.093055,-0.009869,0.001933,-0.005931,15.539000000000001
1772222728214181555,2026-02-27 15:05:28.214,-0.220769,-0.558095,0.035572,-0.010568,0.002143,-0.006607,15.541000000000011
1772222728215379281,2026-02-27 15:05:28.215,-0.146697,-0.566522,-0.046914,-0.010537,0.001218,-0.006258,15.542000000000002
1772222728216558771,2026-02-27 15:05:28.216,-0.103021,-0.55678,-0.124702,-0.010091,-4.6e-05,-0.006719,15.543000000000006
1772222728217698491,2026-02-27 15:05:28.217,-0.119012,-0.58478,0.597876,-0.013006,-0.000574,-0.014711,15.544000000000011
1772222728218852919,2026-02-27 15:05:28.218,-0.016573,-0.692315,0.536588,-0.01329,-0.002051,-0.014418,15.545000000000002
1772222728219987543,2026-02-27 15:05:28.219,-0.005846,-0.693485,0.112803,-0.016679,-0.003506,-0.008941,15.546000000000006
1772222728221184764,2026-02-27 15:05:28.221,0.035342,-0.74676,-0.37857,-0.019064,-0.00452,-0.005455,15.548000000000002
1772222728222380078,2026-02-27 15:05:28.222,0.009419,-0.781006,-0.402467,-0.020648,-0.004722,-0.005075,15.549000000000007
1772222728223564571,2026-02-27 15:05:28.223,0.035389,-0.846581,-0.479438,-0.018468,-0.004301,-0.005556,15.550000000000011
1772222728224699728,2026-02-27 15:05:28.224,0.075703,-0.871597,-0.435775,-0.022458,-0.003759,-0.006087,15.551000000000002
1772222728225872063,2026-02-27 15:05:28.225,0.009446,-0.931948,-0.610852,-0.024646,-0.00348,-0.00452,15.552000000000007
1772222728227007098,2026-02-27 15:05:28.227,-0.012487,-0.949758,-1.0193,-0.025562,-0.003648,-0.001342,15.554000000000002
1772222728228179720,2026-02-27 15:05:28.228,0.003522,-0.976412,-0.970057,-0.02602,-0.00361,-0.00263,15.555000000000007
1772222728229376437,2026-02-27 15:05:28.229,0.025422,-0.975223,-0.510082,-0.025189,-0.003859,-0.007493,15.556000000000012
1772222728230569825,2026-02-27 15:05:28.230,0.038855,-0.949504,-0.278886,-0.026567,-0.004868,-0.008655,15.557000000000002
1772222728231706230,2026-02-27 15:05:28.231,0.081273,-0.939899,-0.275363,-0.02611,-0.00575,-0.009076,15.558000000000007
1772222728232886374,2026-02-27 15:05:28.232,0.12215,-0.928282,-0.251791,-0.025642,-0.007389,-0.009473,15.559000000000012
1772222728234024424,2026-02-27 15:05:28.234,0.154433,-0.785034,0.929966,-0.022024,-0.009009,-0.0187,15.561000000000007
1772222728235216426,2026-02-27 15:05:28.235,0.167857,-0.708069,0.645875,-0.019937,-0.008808,-0.015578,15.562000000000012
1772222728236412049,2026-02-27 15:05:28.236,0.192301,-0.686672,0.68802,-0.019103,-0.010516,-0.015728,15.563000000000002
1772222728237563939,2026-02-27 15:05:28.237,0.218831,-0.628889,0.123411,-0.016245,-0.012534,-0.010165,15.564000000000007
1772222728238693430,2026-02-27 15:05:28.238,0.279141,-0.579139,-0.131336,-0.015228,-0.012884,-0.008364,15.565000000000012
1772222728239878667,2026-02-27 15:05:28.239,0.331927,-0.524717,-0.017088,-0.014782,-0.014357,-0.006989,15.566000000000003
1772222728241024495,2026-02-27 15:05:28.241,0.3377,-0.394647,0.027857,-0.011266,-0.01468,-0.007458,15.568000000000012
1772222728242217207,2026-02-27 15:05:28.242,0.31973,-0.344824,-0.778011,-0.012165,-0.015285,0.000455,15.569000000000003
1772222728243414118,2026-02-27 15:05:28.243,0.359584,-0.349613,-0.950147,-0.009918,-0.015813,0.002099,15.570000000000007
1772222728244563091,2026-02-27 15:05:28.244,0.310603,-0.272229,-0.796749,-0.008434,-0.01559,0.000359,15.571000000000012
1772222728245690428,2026-02-27 15:05:28.245,0.357016,-0.236214,-0.381686,-0.00507,-0.015065,-0.003628,15.572000000000003
1772222728246864160,2026-02-27 15:05:28.246,0.30017,-0.257541,0.005923,-0.007133,-0.013533,-0.007091,15.573000000000008
1772222728248021428,2026-02-27 15:05:28.248,0.25775,-0.232571,0.170759,-0.009266,-0.014106,-0.007639,15.575000000000003
1772222728249215491,2026-02-27 15:05:28.249,0.224412,-0.26529,0.107603,-0.006628,-0.012256,-0.007218,15.576000000000008
1772222728250412761,2026-02-27 15:05:28.250,0.213225,-0.278539,0.45793,-0.00922,-0.01179,-0.011145,15.577000000000012
1772222728251568294,2026-02-27 15:05:28.251,0.11651,-0.277813,1.06611,-0.008199,-0.010245,-0.017164,15.578000000000003
1772222728252698770,2026-02-27 15:05:28.252,0.116729,-0.326224,0.795519,-0.013172,-0.010142,-0.013387,15.579000000000008
1772222728253857446,2026-02-27 15:05:28.253,0.119486,-0.361861,0.582227,-0.01249,-0.008865,-0.011822,15.580000000000013
1772222728255026563,2026-02-27 15:05:28.255,0.095882,-0.361963,-0.064009,-0.011078,-0.008065,-0.00638,15.582000000000008
1772222728256224181,2026-02-27 15:05:28.256,0.128754,-0.379881,-0.044968,-0.013104,-0.009045,-0.006212,15.583000000000013
1772222728257421161,2026-02-27 15:05:28.257,0.12675,-0.364905,-0.063016,-0.011046,-0.007143,-0.006412,15.584000000000003
1772222728258563095,2026-02-27 15:05:28.258,0.087663,-0.35868,-0.106254,-0.012694,-0.006988,-0.006233,15.585000000000008
1772222728259690851,2026-02-27 15:05:28.259,0.164822,-0.431274,-1.2477,-0.013718,-0.006511,0.003491,15.586000000000013
1772222728260873776,2026-02-27 15:05:28.260,0.117972,-0.42235,-0.835951,-0.014906,-0.006951,-0.00054,15.587000000000003
1772222728262040741,2026-02-27 15:05:28.262,0.082775,-0.437742,-0.36259,-0.015259,-0.00697,-0.004547,15.588999999999999
1772222728263238524,2026-02-27 15:05:28.263,0.095779,-0.448612,-0.100435,-0.01523,-0.00597,-0.007207,15.590000000000003
1772222728264438286,2026-02-27 15:05:28.264,0.042434,-0.434966,-0.120835,-0.016836,-0.00532,-0.007437,15.591000000000008
1772222728265604064,2026-02-27 15:05:28.265,0.087867,-0.460789,-0.103874,-0.017928,-0.005854,-0.006842,15.591999999999999
1772222728266738083,2026-02-27 15:05:28.266,0.02765,-0.510517,-0.15968,-0.02192,-0.004801,-0.008033,15.593000000000004
1772222728267896729,2026-02-27 15:05:28.267,0.006772,-0.553882,0.76751,-0.018748,-0.004561,-0.0158,15.594000000000008
1772222728269067478,2026-02-27 15:05:28.269,0.02466,-0.516952,0.660069,-0.018162,-0.002521,-0.0148,15.596000000000004
1772222728270262821,2026-02-27 15:05:28.270,-0.030935,-0.498443,0.115899,-0.016653,-0.001859,-0.009483,15.597000000000008
1772222728271480428,2026-02-27 15:05:28.271,-0.13033,-0.548728,-0.365622,-0.017957,-0.004949,-0.004788,15.597999999999999
1772222728272607628,2026-02-27 15:05:28.272,-0.706784,-1.04354,-4.04412,-0.058463,-0.174155,0.022691,15.599000000000004
1772222728273736882,2026-02-27 15:05:28.273,0.869794,-1.55035,-5.33849,-0.062179,-0.130478,0.023915,15.600000000000009
1772222728274911727,2026-02-27 15:05:28.274,1.28885,-1.80531,-6.85062,-0.098886,-0.205405,0.040569,15.600999999999999
1772222728276078630,2026-02-27 15:05:28.276,2.38853,-2.77323,-10.2127,-0.070814,-0.231972,0.063747,15.603000000000009
1772222728277281333,2026-02-27 15:05:28.277,2.50364,-2.88003,-10.6157,-0.046443,-0.237655,0.061434,15.604
1772222728278490341,2026-02-27 15:05:28.278,2.52687,-2.67108,-10.221,-0.024715,-0.243158,0.055027,15.605000000000004
1772222728279623255,2026-02-27 15:05:28.279,2.64413,-2.34113,-9.83117,-0.007152,-0.244808,0.046351,15.606000000000009
1772222728280751452,2026-02-27 15:05:28.280,2.66254,-2.00393,-9.61126,0.010279,-0.245317,0.038475,15.607
1772222728281931767,2026-02-27 15:05:28.281,2.75292,-1.69635,-9.65045,0.025933,-0.242278,0.033085,15.608000000000004
1772222728283099120,2026-02-27 15:05:28.283,2.90759,-1.44129,-9.71074,0.061422,-0.239584,0.029108,15.61
1772222728284294704,2026-02-27 15:05:28.284,2.93164,-1.39301,-8.50103,0.073475,-0.24116,0.01917,15.611000000000004
1772222728285503311,2026-02-27 15:05:28.285,3.0775,-1.38447,-8.84259,0.077808,-0.246306,0.025265,15.612000000000009
1772222728286634698,2026-02-27 15:05:28.286,3.1834,-1.38781,-8.58777,0.076633,-0.252454,0.026906,15.613
1772222728287808379,2026-02-27 15:05:28.287,3.36875,-1.41339,-8.7985,0.06779,-0.261805,0.0341,15.614000000000004
1772222728288990665,2026-02-27 15:05:28.288,3.54487,-1.47115,-8.54264,0.054614,-0.270125,0.038229,15.615000000000009
1772222728290149437,2026-02-27 15:05:28.290,3.80709,-1.63658,-7.58882,0.020425,-0.286606,0.043599,15.617000000000004
1772222728291343169,2026-02-27 15:05:28.291,3.85459,-1.77215,-7.02723,0.003659,-0.293481,0.04719,15.61800000000001
1772222728292562909,2026-02-27 15:05:28.292,4.00404,-1.84705,-7.49942,-0.00633,-0.298738,0.060129,15.619
1772222728293691050,2026-02-27 15:05:28.293,4.07366,-1.91757,-6.87722,-0.018008,-0.302754,0.061063,15.620000000000005
1772222728294843424,2026-02-27 15:05:28.294,4.07344,-2.00245,-6.40408,-0.028285,-0.302658,0.062984,15.62100000000001
1772222728296019107,2026-02-27 15:05:28.296,4.10888,-1.96116,-5.34131,-0.037788,-0.303301,0.058897,15.623000000000005
1772222728297168551,2026-02-27 15:05:28.297,4.11678,-1.92376,-4.04779,-0.049613,-0.301987,0.056796,15.62400000000001
1772222728298360348,2026-02-27 15:05:28.298,4.06689,-1.86821,-3.70251,-0.053775,-0.298391,0.05669,15.625
1772222728299561617,2026-02-27 15:05:28.299,4.09943,-1.86204,-3.39482,-0.05491,-0.294021,0.056542,15.626000000000005
1772222728300690587,2026-02-27 15:05:28.300,4.06013,-1.79652,-2.49199,-0.054913,-0.292609,0.049174,15.62700000000001
1772222728301868459,2026-02-27 15:05:28.301,4.09658,-1.76011,-1.89116,-0.053134,-0.289113,0.04479,15.628
1772222728303046898,2026-02-27 15:05:28.303,4.09627,-1.72648,-2.00215,-0.052289,-0.28868,0.046254,15.63000000000001
1772222728304192852,2026-02-27 15:05:28.304,4.15437,-1.65535,-2.77934,-0.04804,-0.288995,0.053401,15.631
1772222728305386850,2026-02-27 15:05:28.305,4.26535,-1.64883,-2.91927,-0.045591,-0.291952,0.053359,15.632000000000005
1772222728306562412,2026-02-27 15:05:28.306,4.25662,-1.65454,-3.03896,-0.043078,-0.295409,0.052972,15.63300000000001
1772222728307691520,2026-02-27 15:05:28.307,4.29035,-1.65136,-3.26441,-0.039168,-0.298801,0.05339,15.634
1772222728308867375,2026-02-27 15:05:28.308,4.37216,-1.65791,-3.61378,-0.036255,-0.303087,0.054127,15.635000000000005
1772222728310044863,2026-02-27 15:05:28.310,4.50945,-1.73917,-4.92515,-0.033384,-0.308909,0.061972,15.637
1772222728311201421,2026-02-27 15:05:28.311,4.67807,-1.73783,-5.19458,-0.02633,-0.320091,0.056917,15.638000000000005
1772222728312399152,2026-02-27 15:05:28.312,4.80775,-1.77346,-5.06967,-0.021433,-0.326052,0.050676,15.63900000000001
1772222728313568426,2026-02-27 15:05:28.313,5.03601,-1.76372,-5.2121,-0.019742,-0.3331,0.048051,15.64
1772222728314698488,2026-02-27 15:05:28.314,5.12654,-1.7709,-5.61306,-0.0152,-0.340372,0.047337,15.641000000000005
1772222728315871544,2026-02-27 15:05:28.315,5.30646,-1.81292,-6.14843,-0.009799,-0.348163,0.045651,15.64200000000001
1772222728317046404,2026-02-27 15:05:28.317,5.52118,-1.77543,-6.44631,-0.008644,-0.356565,0.044894,15.644000000000005
1772222728318211309,2026-02-27 15:05:28.318,5.87509,-1.81206,-6.43354,-0.002489,-0.371664,0.037558,15.64500000000001
1772222728319404424,2026-02-27 15:05:28.319,6.14479,-1.85381,-6.79374,-0.000524,-0.381759,0.037161,15.646
1772222728320564863,2026-02-27 15:05:28.320,6.27406,-1.8625,-7.72293,0.002271,-0.389762,0.042516,15.647000000000006
1772222728321692821,2026-02-27 15:05:28.321,6.47076,-1.82881,-8.42018,0.000645,-0.3979,0.046611,15.64800000000001
1772222728322868122,2026-02-27 15:05:28.322,6.70506,-1.83713,-8.68809,0.005066,-0.405269,0.047809,15.649000000000001
1772222728324063481,2026-02-27 15:05:28.324,6.97624,-1.78336,-8.99943,0.007036,-0.412922,0.049377,15.65100000000001
1772222728325230245,2026-02-27 15:05:28.325,7.33325,-1.76649,-10.2079,0.011174,-0.42541,0.060751,15.652000000000001
1772222728326426951,2026-02-27 15:05:28.326,7.41718,-1.81765,-10.8496,0.006851,-0.432796,0.065253,15.653000000000006
1772222728327561421,2026-02-27 15:05:28.327,7.57503,-1.802,-10.8507,0.01138,-0.438076,0.065986,15.65400000000001
1772222728328693485,2026-02-27 15:05:28.328,7.72963,-1.78424,-10.5866,0.009836,-0.444923,0.063133,15.655000000000001
1772222728329867919,2026-02-27 15:05:28.329,7.89991,-1.75774,-10.4431,0.013506,-0.451615,0.06352,15.656000000000006
1772222728331073993,2026-02-27 15:05:28.331,8.02097,-1.7696,-10.5429,0.015835,-0.457364,0.063524,15.658000000000001
1772222728332246322,2026-02-27 15:05:28.332,8.143,-1.83855,-10.8618,0.014716,-0.468262,0.06872,15.659000000000006
1772222728333440364,2026-02-27 15:05:28.333,8.15053,-1.86987,-10.8354,0.015157,-0.472607,0.06772,15.66000000000001
1772222728334568678,2026-02-27 15:05:28.334,8.13114,-1.85691,-10.1335,0.016674,-0.476043,0.063082,15.661000000000001
1772222728335708787,2026-02-27 15:05:28.335,8.2212,-1.9153,-10.7989,0.011337,-0.480958,0.068147,15.662000000000006
1772222728336937331,2026-02-27 15:05:28.336,8.17642,-2.01286,-11.0697,0.015018,-0.485461,0.072172,15.663000000000011
1772222728338117634,2026-02-27 15:05:28.338,8.1526,-2.08927,-11.785,0.014234,-0.48874,0.078617,15.665000000000006
1772222728339355707,2026-02-27 15:05:28.339,8.07475,-2.2131,-12.3421,0.01471,-0.49541,0.082455,15.666000000000011
1772222728340572018,2026-02-27 15:05:28.340,7.95326,-2.30208,-12.6132,0.015793,-0.498503,0.083036,15.667000000000002
1772222728341702184,2026-02-27 15:05:28.341,7.9374,-2.43645,-12.8469,0.015419,-0.501632,0.084376,15.668000000000006
1772222728342877778,2026-02-27 15:05:28.342,7.87432,-2.45715,-14.1971,0.018067,-0.502241,0.094614,15.669000000000011
1772222728344084358,2026-02-27 15:05:28.344,7.79359,-2.58823,-14.115,0.018708,-0.50593,0.091071,15.671000000000006
1772222728345257230,2026-02-27 15:05:28.345,7.60922,-2.80937,-14.137,0.021196,-0.509055,0.084521,15.672000000000011
1772222728346479035,2026-02-27 15:05:28.346,7.4523,-2.8834,-14.1526,0.019855,-0.509919,0.080061,15.673000000000002
1772222728347611267,2026-02-27 15:05:28.347,7.3895,-2.92712,-14.4957,0.029142,-0.51052,0.079874,15.674000000000007
1772222728348746158,2026-02-27 15:05:28.348,7.29617,-3.05265,-14.7067,0.03202,-0.512021,0.077689,15.675000000000011
1772222728349879082,2026-02-27 15:05:28.349,7.21751,-3.12084,-15.0715,0.03073,-0.512626,0.07705,15.676000000000002
1772222728351085399,2026-02-27 15:05:28.351,7.17221,-3.19422,-14.5139,0.033258,-0.515067,0.06953,15.678000000000011
1772222728352253009,2026-02-27 15:05:28.352,7.05479,-3.25372,-15.2991,0.033216,-0.516508,0.067657,15.679000000000002
1772222728353403209,2026-02-27 15:05:28.353,7.10241,-3.35865,-16.1777,0.035894,-0.517165,0.074629,15.680000000000007
1772222728354566634,2026-02-27 15:05:28.354,7.01449,-3.41775,-16.8794,0.038745,-0.518331,0.079037,15.681000000000012
1772222728355698441,2026-02-27 15:05:28.355,7.00312,-3.50962,-17.2661,0.040306,-0.518197,0.079024,15.682000000000002
1772222728356875536,2026-02-27 15:05:28.356,6.88802,-3.67248,-17.639,0.040885,-0.518741,0.07967,15.683000000000007
1772222728358082369,2026-02-27 15:05:28.358,6.92531,-3.67534,-18.0094,0.046041,-0.519112,0.080624,15.685000000000002
1772222728359252872,2026-02-27 15:05:28.359,6.89094,-3.70243,-18.7694,0.047252,-0.518258,0.084708,15.686000000000007
1772222728360390461,2026-02-27 15:05:28.360,6.88196,-3.8106,-20.029,0.0547,-0.516487,0.08772,15.687000000000012
1772222728361553894,2026-02-27 15:05:28.361,6.80937,-3.86805,-20.2598,0.056788,-0.516083,0.085505,15.688000000000002
1772222728362688407,2026-02-27 15:05:28.362,6.72118,-4.00167,-20.2576,0.052222,-0.515341,0.081532,15.689000000000007
1772222728363866085,2026-02-27 15:05:28.363,6.74343,-4.01752,-20.5038,0.058969,-0.513195,0.079134,15.690000000000012
1772222728365075369,2026-02-27 15:05:28.365,6.69638,-4.07712,-20.9096,0.059418,-0.509645,0.078861,15.692000000000007
1772222728366254262,2026-02-27 15:05:28.366,6.77716,-4.12716,-21.261,0.06145,-0.507446,0.076895,15.693000000000012
1772222728367394922,2026-02-27 15:05:28.367,6.71599,-4.27669,-20.9852,0.063861,-0.498153,0.062815,15.694000000000003
1772222728368533822,2026-02-27 15:05:28.368,6.79247,-4.29205,-21.8145,0.065675,-0.493295,0.065475,15.695000000000007
1772222728369666500,2026-02-27 15:05:28.369,6.76401,-4.41344,-22.2424,0.065763,-0.489586,0.062358,15.696000000000012
1772222728370842192,2026-02-27 15:05:28.370,6.77148,-4.46764,-23.242,0.065534,-0.486703,0.065784,15.697000000000003
1772222728372045694,2026-02-27 15:05:28.372,6.84056,-4.52867,-23.8759,0.068697,-0.482509,0.066646,15.699000000000012
1772222728373225573,2026-02-27 15:05:28.373,6.92384,-4.62956,-24.2436,0.069738,-0.480764,0.063987,15.700000000000003
1772222728374385517,2026-02-27 15:05:28.374,7.00462,-4.75544,-25.0414,0.074175,-0.471982,0.058909,15.701000000000008
1772222728375540388,2026-02-27 15:05:28.375,7.11201,-4.81523,-26.2999,0.070408,-0.47027,0.064638,15.702000000000012
1772222728376672952,2026-02-27 15:05:28.376,7.21338,-4.94194,-26.7082,0.06999,-0.46942,0.061915,15.703000000000003
1772222728377849199,2026-02-27 15:05:28.377,7.25039,-4.96807,-26.8901,0.071194,-0.466673,0.058773,15.704000000000008
1772222728379021578,2026-02-27 15:05:28.379,7.33674,-5.07386,-26.6654,0.06748,-0.465099,0.052494,15.706000000000003
1772222728380209017,2026-02-27 15:05:28.380,7.4478,-5.14231,-26.6728,0.066924,-0.463894,0.047661,15.707000000000008
1772222728381374476,2026-02-27 15:05:28.381,7.52058,-5.23541,-27.013,0.060232,-0.463764,0.043394,15.708000000000013
1772222728382512710,2026-02-27 15:05:28.382,7.65132,-5.29925,-27.3702,0.060287,-0.460741,0.042403,15.709000000000003
1772222728383645986,2026-02-27 15:05:28.383,7.73848,-5.37058,-27.1719,0.055818,-0.460051,0.03698,15.710000000000008
1772222728384822202,2026-02-27 15:05:28.384,7.74421,-5.34788,-26.8971,0.06134,-0.457188,0.029524,15.711000000000013
1772222728386025847,2026-02-27 15:05:28.386,7.84615,-5.43531,-27.4427,0.058486,-0.459255,0.032078,15.713000000000008
1772222728387232066,2026-02-27 15:05:28.387,7.94323,-5.47057,-27.9435,0.057624,-0.461074,0.034086,15.713999999999999
1772222728388399062,2026-02-27 15:05:28.388,7.9601,-5.66936,-29.0933,0.056341,-0.464583,0.038486,15.715000000000003
1772222728389571871,2026-02-27 15:05:28.389,7.96403,-5.71919,-29.4341,0.057255,-0.465441,0.03766,15.716000000000008
1772222728390750351,2026-02-27 15:05:28.390,7.87279,-5.82655,-29.6772,0.058278,-0.468403,0.037158,15.716999999999999
1772222728391956739,2026-02-27 15:05:28.391,7.81409,-5.88517,-29.953,0.057704,-0.471855,0.038542,15.718000000000004
1772222728393168519,2026-02-27 15:05:28.393,7.79819,-5.94845,-31.2879,0.058168,-0.473581,0.049563,15.719999999999999
1772222728394342904,2026-02-27 15:05:28.394,7.7121,-6.01517,-31.1895,0.056984,-0.473814,0.046618,15.721000000000004
1772222728395540988,2026-02-27 15:05:28.395,7.5965,-6.1165,-31.2382,0.051925,-0.472414,0.044126,15.722000000000008
1772222728396674137,2026-02-27 15:05:28.396,7.52945,-6.18321,-31.3665,0.053017,-0.468405,0.041884,15.722999999999999
1772222728397851034,2026-02-27 15:05:28.397,7.48552,-6.17345,-31.4786,0.053305,-0.468253,0.043351,15.724000000000004
1772222728399050541,2026-02-27 15:05:28.399,7.57003,-6.22926,-31.6823,0.047518,-0.463966,0.043402,15.725999999999999
1772222728400256786,2026-02-27 15:05:28.400,7.60508,-6.22613,-31.8413,0.039171,-0.457815,0.042602,15.727000000000004
1772222728401425826,2026-02-27 15:05:28.401,7.49792,-6.35366,-31.9968,0.036794,-0.433561,0.029066,15.728000000000009
1772222728402585251,2026-02-27 15:05:28.402,7.43257,-6.45777,-32.3644,0.035021,-0.427208,0.025935,15.729
1772222728403763096,2026-02-27 15:05:28.403,7.3627,-6.4533,-33.1798,0.035771,-0.42257,0.029105,15.730000000000004
1772222728404961825,2026-02-27 15:05:28.404,7.31467,-6.47573,-33.6854,0.035764,-0.420458,0.031587,15.731000000000009
1772222728406165727,2026-02-27 15:05:28.406,7.33638,-6.44629,-33.7051,0.030506,-0.415617,0.031397,15.733000000000004
1772222728407343422,2026-02-27 15:05:28.407,7.41791,-6.52451,-34.1014,0.025967,-0.396004,0.02707,15.734000000000009
1772222728408504716,2026-02-27 15:05:28.408,7.18034,-6.71364,-35.5676,0.022333,-0.363576,0.02381,15.735
1772222728409639704,2026-02-27 15:05:28.409,7.02384,-6.85192,-36.5246,0.022025,-0.352353,0.023549,15.736000000000004
1772222728410824691,2026-02-27 15:05:28.410,6.83248,-6.99979,-36.5696,0.021149,-0.346379,0.017465,15.737000000000009
1772222728412008479,2026-02-27 15:05:28.412,6.63519,-7.15755,-36.5516,0.020848,-0.342707,0.011032,15.739000000000004
1772222728413220007,2026-02-27 15:05:28.413,6.55184,-7.30191,-36.6136,0.024051,-0.336859,0.004965,15.740000000000009
1772222728414392716,2026-02-27 15:05:28.414,6.26077,-7.44955,-36.825,0.020428,-0.32507,-0.000872,15.741
1772222728415562857,2026-02-27 15:05:28.415,6.12809,-7.60147,-37.037,0.015651,-0.31632,-0.003149,15.742000000000004
1772222728416742812,2026-02-27 15:05:28.416,6.04214,-7.74695,-37.2575,0.010359,-0.308269,-0.007163,15.74300000000001
1772222728417944865,2026-02-27 15:05:28.417,5.96992,-7.85413,-36.4313,0.004643,-0.301737,-0.01869,15.744
