abs_timestamp_ns,human_time,fx,fy,fz,tx,ty,tz,mocap_ref_time
1772222740140988160,2026-02-27 15:05:40.140,13.2847,-6.87214,-10.2513,-0.414146,-0.512314,-0.098098,27.467
1772222740142158930,2026-02-27 15:05:40.142,12.8305,-6.905,-9.50153,-0.411646,-0.5031,-0.098384,27.46900000000001
1772222740143329835,2026-02-27 15:05:40.143,12.439,-6.92663,-8.19092,-0.408175,-0.494816,-0.103268,27.47
1772222740144602557,2026-02-27 15:05:40.144,11.7096,-6.9364,-6.1022,-0.401828,-0.485008,-0.103215,27.471000000000004
1772222740145760323,2026-02-27 15:05:40.145,11.4007,-6.89681,-5.13685,-0.397651,-0.481222,-0.101813,27.47200000000001
1772222740146929215,2026-02-27 15:05:40.146,11.0248,-6.81984,-4.26396,-0.383613,-0.475236,-0.098308,27.473
1772222740148098139,2026-02-27 15:05:40.148,10.7856,-6.69488,-2.35605,-0.370015,-0.470691,-0.106446,27.47500000000001
1772222740149267085,2026-02-27 15:05:40.149,10.5168,-6.46096,-2.13898,-0.358461,-0.464873,-0.099055,27.476
1772222740150436799,2026-02-27 15:05:40.150,10.2822,-6.22054,-1.7778,-0.341211,-0.455448,-0.094526,27.477000000000004
1772222740151586760,2026-02-27 15:05:40.151,10.0725,-5.58322,-1.90807,-0.32134,-0.452093,-0.086501,27.47800000000001
1772222740152718614,2026-02-27 15:05:40.152,9.82329,-5.3138,-1.39541,-0.299947,-0.446113,-0.086424,27.479
1772222740153865807,2026-02-27 15:05:40.153,9.66811,-5.03049,-0.95286,-0.289957,-0.454289,-0.095217,27.480000000000004
1772222740155033874,2026-02-27 15:05:40.155,9.63372,-4.73323,-0.533965,-0.276458,-0.451895,-0.09947,27.482
1772222740156201747,2026-02-27 15:05:40.156,9.50974,-4.46306,-0.88955,-0.264825,-0.448341,-0.094558,27.483000000000004
1772222740157369132,2026-02-27 15:05:40.157,9.40143,-4.2575,-1.12028,-0.252926,-0.441576,-0.089877,27.48400000000001
1772222740158537165,2026-02-27 15:05:40.158,9.26103,-3.98705,-0.886081,-0.237262,-0.422358,-0.084139,27.485
1772222740159665196,2026-02-27 15:05:40.159,8.71985,-3.42749,-0.113153,-0.209027,-0.395974,-0.080125,27.486000000000004
1772222740160809021,2026-02-27 15:05:40.160,8.41298,-3.14466,0.139991,-0.195427,-0.387379,-0.081422,27.48700000000001
1772222740161996028,2026-02-27 15:05:40.161,8.23465,-2.80047,0.219578,-0.179975,-0.380413,-0.080655,27.488
1772222740163190988,2026-02-27 15:05:40.163,7.98219,-2.45636,0.137953,-0.155249,-0.354142,-0.07298,27.49000000000001
1772222740164363491,2026-02-27 15:05:40.164,7.58379,-2.10877,0.326696,-0.138783,-0.341008,-0.070602,27.491
1772222740165554602,2026-02-27 15:05:40.165,7.23515,-1.82462,1.186,-0.132155,-0.342753,-0.08456,27.492000000000004
1772222740166684878,2026-02-27 15:05:40.166,6.89663,-1.33813,0.909466,-0.102991,-0.310931,-0.078138,27.49300000000001
1772222740167852307,2026-02-27 15:05:40.167,6.55025,-1.0997,0.281021,-0.112042,-0.310565,-0.07707,27.494
1772222740169021493,2026-02-27 15:05:40.169,6.299,-0.962031,0.287925,-0.08289,-0.268645,-0.063407,27.49600000000001
1772222740170220145,2026-02-27 15:05:40.170,5.82822,-0.689973,0.408811,-0.06877,-0.241776,-0.050427,27.497
1772222740171415479,2026-02-27 15:05:40.171,5.32064,-0.363636,0.277094,-0.067026,-0.202835,-0.03349,27.498000000000005
1772222740172563620,2026-02-27 15:05:40.172,4.33714,-0.21282,0.560894,-0.044708,-0.149271,-0.014442,27.49900000000001
1772222740173692332,2026-02-27 15:05:40.173,5.14253,-0.196059,-0.837244,-0.065028,-0.205836,-0.07932,27.5
1772222740174865043,2026-02-27 15:05:40.174,4.40263,0.026991,0.203914,-0.045604,-0.161024,-0.041514,27.501000000000005
1772222740176061422,2026-02-27 15:05:40.176,3.68477,0.211965,-0.273076,-0.041078,-0.2124,-0.050014,27.503
1772222740177260004,2026-02-27 15:05:40.177,3.597,0.29985,0.19147,-0.03103,-0.170695,-0.04153,27.504000000000005
1772222740178477043,2026-02-27 15:05:40.178,2.90595,0.374467,0.877033,-0.014179,-0.116402,-0.027292,27.50500000000001
1772222740179605669,2026-02-27 15:05:40.179,2.70526,0.643268,0.358058,-0.020425,-0.128476,-0.036665,27.506
1772222740180736339,2026-02-27 15:05:40.180,2.19203,0.698368,1.72128,-0.008949,-0.114634,-0.052645,27.507000000000005
1772222740181911223,2026-02-27 15:05:40.181,1.99329,0.786988,1.88174,-0.005369,-0.095506,-0.045771,27.50800000000001
1772222740183106212,2026-02-27 15:05:40.183,1.70468,0.92789,1.81791,0.00348,-0.06231,-0.025798,27.510000000000005
1772222740184275247,2026-02-27 15:05:40.184,1.08846,0.977623,1.17893,0.013391,-0.038547,-0.009472,27.51100000000001
1772222740185480863,2026-02-27 15:05:40.185,0.688812,0.990189,0.680936,0.013423,-0.032867,-0.005965,27.512
1772222740186608938,2026-02-27 15:05:40.186,0.436727,1.05413,0.642263,0.010019,-0.022198,-0.010097,27.513000000000005
1772222740187739042,2026-02-27 15:05:40.187,-0.249651,1.06495,0.756922,0.013714,0.006102,-0.006778,27.51400000000001
1772222740188886453,2026-02-27 15:05:40.188,-0.456873,1.05913,0.541433,0.012655,0.014572,-0.002232,27.515
1772222740190083619,2026-02-27 15:05:40.190,-0.684517,1.02156,-0.356024,0.011859,0.020922,0.003679,27.51700000000001
1772222740191278047,2026-02-27 15:05:40.191,-0.887335,0.998226,0.013132,0.01088,0.025401,-0.000374,27.518
1772222740192485983,2026-02-27 15:05:40.192,-0.986449,1.00122,0.151107,0.016014,0.028261,-0.002738,27.519000000000005
1772222740193612482,2026-02-27 15:05:40.193,-1.12688,0.995397,0.618718,0.011349,0.029721,-0.006368,27.52000000000001
1772222740194763032,2026-02-27 15:05:40.194,-1.26172,1.05276,0.623778,0.014169,0.033014,-0.007315,27.521
1772222740195958423,2026-02-27 15:05:40.195,-1.22641,1.13185,0.616873,0.017671,0.033364,-0.005946,27.522000000000006
1772222740197153435,2026-02-27 15:05:40.197,-1.22886,1.18426,0.555801,0.018991,0.032861,-0.005914,27.524
1772222740198347999,2026-02-27 15:05:40.198,-1.16076,1.22442,1.6854,0.020336,0.030308,-0.016562,27.525000000000006
1772222740199525612,2026-02-27 15:05:40.199,-1.08791,1.30087,1.28087,0.023138,0.030073,-0.013519,27.52600000000001
1772222740200653721,2026-02-27 15:05:40.200,-1.04262,1.31345,1.21809,0.021315,0.02637,-0.013342,27.527
1772222740201803999,2026-02-27 15:05:40.201,-0.88098,1.41397,0.287239,0.024231,0.022149,-0.00437,27.528000000000006
1772222740202994532,2026-02-27 15:05:40.202,-0.728555,1.44588,0.274082,0.026944,0.018906,-0.004982,27.52900000000001
1772222740204165487,2026-02-27 15:05:40.204,-0.604759,1.4282,0.171118,0.029566,0.015999,-0.00438,27.531000000000006
1772222740205362333,2026-02-27 15:05:40.205,-0.641059,1.40114,0.209755,0.02543,0.014796,-0.004421,27.53200000000001
1772222740206555039,2026-02-27 15:05:40.206,-0.606976,1.33889,-0.683456,0.021209,0.013356,0.004364,27.533
1772222740207684059,2026-02-27 15:05:40.207,-0.479298,1.21875,-0.640336,0.020889,0.010127,0.004291,27.534000000000006
1772222740208856988,2026-02-27 15:05:40.208,-0.434068,1.15717,-0.203554,0.018065,0.009331,-0.000274,27.53500000000001
1772222740210052508,2026-02-27 15:05:40.210,-0.450071,1.19775,0.061489,0.01776,0.009482,-0.003523,27.537000000000006
1772222740211249774,2026-02-27 15:05:40.211,-0.40798,1.10809,0.166563,0.016896,0.008082,-0.003962,27.53800000000001
1772222740212418030,2026-02-27 15:05:40.212,-0.377071,1.04074,0.105112,0.016464,0.007769,-0.003842,27.539
1772222740213574325,2026-02-27 15:05:40.213,-0.334436,0.932539,0.109451,0.011248,0.007432,-0.004668,27.540000000000006
1772222740214702667,2026-02-27 15:05:40.214,-0.342131,0.903042,0.504888,0.011801,0.006215,-0.009131,27.54100000000001
1772222740215895991,2026-02-27 15:05:40.215,-0.341584,0.75242,0.802817,0.003373,0.005205,-0.01156,27.542
1772222740217090991,2026-02-27 15:05:40.217,-0.300855,0.647674,0.397264,0.000983,0.005059,-0.008708,27.54400000000001
1772222740218286223,2026-02-27 15:05:40.218,-0.25464,0.576235,-0.121901,0.001701,0.003511,-0.003896,27.545
1772222740219490376,2026-02-27 15:05:40.219,-0.208434,0.551013,-0.190378,0.00059,0.002602,-0.002702,27.546000000000006
1772222740220616162,2026-02-27 15:05:40.220,-0.232983,0.482328,-0.204547,-0.001207,0.002337,-0.003835,27.54700000000001
1772222740221746970,2026-02-27 15:05:40.221,-0.194011,0.426434,-0.36633,-0.003504,0.002435,-0.004026,27.548000000000002
1772222740222875423,2026-02-27 15:05:40.222,-0.065215,0.308206,-1.48443,-0.008005,0.001791,0.005173,27.549000000000007
1772222740224070681,2026-02-27 15:05:40.224,-0.078871,0.334971,-0.960164,-0.007739,-0.001219,0.002759,27.551000000000002
1772222740225265259,2026-02-27 15:05:40.225,0.05473,0.225463,-1.05717,-0.007985,-0.002538,0.00237,27.552000000000007
1772222740226472720,2026-02-27 15:05:40.226,-0.059508,0.222636,-0.605269,-0.011615,-0.002252,-0.001883,27.55300000000001
1772222740227563398,2026-02-27 15:05:40.227,0.027729,0.254674,-0.35075,-0.007316,-0.002992,-0.002955,27.554000000000002
1772222740228691698,2026-02-27 15:05:40.228,0.063223,0.219886,-0.39839,-0.010453,-0.004552,-0.001995,27.555000000000007
1772222740229839572,2026-02-27 15:05:40.229,0.089039,0.189604,-0.457122,-0.00901,-0.005398,-0.002229,27.55600000000001
1772222740231029974,2026-02-27 15:05:40.231,0.1262,0.099077,0.577514,-0.013198,-0.008148,-0.011174,27.558000000000007
1772222740232224840,2026-02-27 15:05:40.232,0.093435,0.036152,0.447355,-0.017288,-0.008452,-0.010275,27.55900000000001
1772222740233422393,2026-02-27 15:05:40.233,0.188347,0.065373,0.356399,-0.014065,-0.008979,-0.008366,27.560000000000002
1772222740234569531,2026-02-27 15:05:40.234,0.182113,0.039682,-0.245293,-0.014416,-0.009263,-0.003585,27.561000000000007
1772222740235703345,2026-02-27 15:05:40.235,0.280021,-0.013695,-0.658241,-0.016713,-0.010317,0.000556,27.562000000000012
1772222740236875261,2026-02-27 15:05:40.236,0.292553,-0.05308,-0.740295,-0.015685,-0.010874,0.000725,27.563000000000002
1772222740238070995,2026-02-27 15:05:40.238,0.275218,-0.060542,-0.781987,-0.01966,-0.010257,0.000615,27.565000000000012
1772222740239265623,2026-02-27 15:05:40.239,0.374357,-0.079824,-1.14582,-0.018174,-0.011954,0.006812,27.566000000000003
1772222740240474459,2026-02-27 15:05:40.240,0.292605,-0.095056,-1.70165,-0.017895,-0.012081,0.01061,27.567000000000007
1772222740241562765,2026-02-27 15:05:40.241,0.319379,-0.09481,-1.48579,-0.01812,-0.012492,0.008793,27.568000000000012
1772222740242688903,2026-02-27 15:05:40.242,0.357555,-0.085348,-1.13675,-0.017571,-0.013013,0.005357,27.569000000000003
1772222740243849162,2026-02-27 15:05:40.243,0.300996,-0.040438,-0.785818,-0.013334,-0.011167,0.00161,27.570000000000007
1772222740245021372,2026-02-27 15:05:40.245,0.33557,-0.075943,-0.768204,-0.016131,-0.012165,0.001964,27.572000000000003
1772222740246215916,2026-02-27 15:05:40.246,0.243341,-0.073197,-0.792564,-0.019823,-0.01119,0.002127,27.573000000000008
1772222740247408492,2026-02-27 15:05:40.247,0.230496,-0.080382,-0.70846,-0.016311,-0.012564,0.001843,27.574000000000012
1772222740248562700,2026-02-27 15:05:40.248,0.255791,-0.02179,0.348651,-0.01297,-0.010214,-0.00692,27.575000000000003
1772222740249690853,2026-02-27 15:05:40.249,0.249357,-0.013855,-0.10463,-0.014353,-0.011201,-0.003117,27.576000000000008
1772222740250851098,2026-02-27 15:05:40.250,0.236874,0.009123,-0.133418,-0.014881,-0.010285,-0.001857,27.577000000000012
1772222740252122655,2026-02-27 15:05:40.252,0.292204,-0.051569,-0.907027,-0.015429,-0.010658,0.004481,27.579000000000008
1772222740253316691,2026-02-27 15:05:40.253,0.273737,-0.040957,-0.928722,-0.013766,-0.010359,0.004729,27.580000000000013
1772222740254524353,2026-02-27 15:05:40.254,0.24437,0.024385,-0.88732,-0.013346,-0.00929,0.004584,27.581000000000003
1772222740255650617,2026-02-27 15:05:40.255,0.256887,0.018028,-0.910058,-0.012733,-0.009789,0.005008,27.582000000000008
1772222740256802622,2026-02-27 15:05:40.256,0.312156,0.042323,-2.03036,-0.011172,-0.009841,0.014658,27.583000000000013
1772222740257977321,2026-02-27 15:05:40.257,0.250037,0.025832,-1.71596,-0.011629,-0.008872,0.013125,27.584000000000003
1772222740259171067,2026-02-27 15:05:40.259,0.313488,0.036741,-1.18744,-0.010323,-0.010006,0.007236,27.586000000000013
1772222740260374476,2026-02-27 15:05:40.260,0.192634,0.088071,-0.87334,-0.010722,-0.009079,0.005562,27.587000000000003
1772222740261573082,2026-02-27 15:05:40.261,0.187665,0.074969,-0.833998,-0.009522,-0.009487,0.005824,27.588000000000008
1772222740262701570,2026-02-27 15:05:40.262,0.138235,0.085192,-0.850234,-0.012106,-0.008269,0.004922,27.589
1772222740263846708,2026-02-27 15:05:40.263,0.202502,0.066368,-0.832287,-0.009556,-0.009608,0.0056,27.590000000000003
1772222740265016354,2026-02-27 15:05:40.265,0.224419,0.129488,0.147469,-0.004901,-0.00879,-0.003792,27.592
1772222740266208760,2026-02-27 15:05:40.266,0.199585,0.129126,-0.048543,-0.005973,-0.009127,-0.001981,27.593000000000004
1772222740267405310,2026-02-27 15:05:40.267,0.232499,0.078398,-0.380885,-0.006059,-0.00882,0.002268,27.59400000000001
1772222740268567942,2026-02-27 15:05:40.268,0.230069,0.083027,-0.939517,-0.007804,-0.008856,0.006627,27.595
1772222740269695684,2026-02-27 15:05:40.269,0.231767,0.083512,-0.960274,-0.008779,-0.009797,0.006609,27.596000000000004
1772222740270841064,2026-02-27 15:05:40.270,0.208076,0.097315,-0.981669,-0.005155,-0.009511,0.006903,27.59700000000001
1772222740272024853,2026-02-27 15:05:40.272,0.281881,0.038462,-1.01124,-0.005804,-0.009926,0.008514,27.599000000000004
1772222740273216976,2026-02-27 15:05:40.273,0.316752,0.004905,-1.96944,-0.007518,-0.008895,0.014945,27.60000000000001
1772222740274412195,2026-02-27 15:05:40.274,0.29629,0.06671,-1.53074,-0.003142,-0.009985,0.013418,27.601
1772222740275561829,2026-02-27 15:05:40.275,0.308881,0.027323,-1.4831,-0.003054,-0.01111,0.012366,27.602000000000004
1772222740276688010,2026-02-27 15:05:40.276,0.318555,0.017862,-1.07062,-0.002657,-0.010307,0.008521,27.60300000000001
1772222740277847829,2026-02-27 15:05:40.277,0.34388,0.037476,-0.833624,-0.003075,-0.012017,0.006529,27.604
1772222740279029843,2026-02-27 15:05:40.279,0.311367,-0.044957,-0.773912,-0.007898,-0.011209,0.006422,27.60600000000001
1772222740280219700,2026-02-27 15:05:40.280,0.30212,-0.021934,-0.796632,-0.00452,-0.011581,0.006931,27.607
1772222740281414158,2026-02-27 15:05:40.281,0.3461,0.011204,0.353411,-0.003891,-0.011265,-0.003754,27.608000000000004
1772222740282562661,2026-02-27 15:05:40.282,0.296358,-0.023402,0.088669,-0.006887,-0.011987,-0.000952,27.60900000000001
1772222740283691074,2026-02-27 15:05:40.283,0.343036,-0.033396,0.025883,-0.007551,-0.012314,-0.000601,27.61
1772222740284862329,2026-02-27 15:05:40.284,0.339251,-0.061928,-0.516262,-0.003366,-0.011605,0.004717,27.611000000000004
1772222740286054915,2026-02-27 15:05:40.286,0.343529,-0.094837,-0.85892,-0.009195,-0.012433,0.006961,27.613
1772222740287247544,2026-02-27 15:05:40.287,0.408829,-0.083824,-0.862022,-0.005784,-0.011834,0.007845,27.614000000000004
1772222740288444432,2026-02-27 15:05:40.288,0.394958,-0.139752,-0.861496,-0.00717,-0.013512,0.007605,27.61500000000001
1772222740289571380,2026-02-27 15:05:40.289,0.431928,-0.125304,-1.57417,-0.005915,-0.012538,0.014046,27.616
1772222740290699533,2026-02-27 15:05:40.290,0.529823,-0.148228,-1.8012,-0.007918,-0.012813,0.014669,27.617000000000004
1772222740291876505,2026-02-27 15:05:40.291,0.49543,-0.162898,-1.65249,-0.006733,-0.012258,0.013711,27.61800000000001
1772222740293067201,2026-02-27 15:05:40.293,0.437156,-0.117046,-0.932546,-0.004338,-0.011935,0.006309,27.620000000000005
1772222740294260443,2026-02-27 15:05:40.294,0.408489,-0.131347,-0.744715,-0.007044,-0.014003,0.005327,27.62100000000001
1772222740295428210,2026-02-27 15:05:40.295,0.44513,-0.152803,-0.741694,-0.009726,-0.014228,0.004816,27.622
1772222740296571626,2026-02-27 15:05:40.296,0.42472,-0.208986,-0.839465,-0.011767,-0.01314,0.004043,27.623000000000005
1772222740297697153,2026-02-27 15:05:40.297,0.455324,-0.226306,-0.51747,-0.009168,-0.014662,0.001708,27.62400000000001
1772222740298873768,2026-02-27 15:05:40.298,0.447053,-0.160497,0.30856,-0.009454,-0.014417,-0.006349,27.625
1772222740300046619,2026-02-27 15:05:40.300,0.48296,-0.211317,-0.235129,-0.009589,-0.014484,-0.000932,27.62700000000001
1772222740301221885,2026-02-27 15:05:40.301,0.475304,-0.271145,-0.772606,-0.015022,-0.014101,0.003109,27.628
1772222740302416646,2026-02-27 15:05:40.302,0.476279,-0.286931,-0.89585,-0.01483,-0.014698,0.003258,27.629000000000005
1772222740303570687,2026-02-27 15:05:40.303,0.513382,-0.292229,-0.816034,-0.012857,-0.014658,0.003746,27.63000000000001
1772222740304698143,2026-02-27 15:05:40.304,0.490076,-0.260839,-0.795969,-0.01008,-0.015288,0.003855,27.631
1772222740305873131,2026-02-27 15:05:40.305,0.511791,-0.308386,-0.853502,-0.01167,-0.014318,0.00331,27.632000000000005
1772222740307042971,2026-02-27 15:05:40.307,0.559406,-0.329897,-1.99595,-0.012713,-0.014119,0.013083,27.634
1772222740308217523,2026-02-27 15:05:40.308,0.573219,-0.37248,-1.63958,-0.014166,-0.015068,0.008319,27.635000000000005
1772222740309414041,2026-02-27 15:05:40.309,0.535548,-0.370886,-1.07935,-0.013729,-0.014694,0.003528,27.63600000000001
1772222740310571814,2026-02-27 15:05:40.310,0.498874,-0.417198,-0.822302,-0.018253,-0.014987,0.001225,27.637
1772222740311699770,2026-02-27 15:05:40.311,0.535327,-0.37031,-0.803895,-0.015936,-0.016011,0.001731,27.638000000000005
1772222740312877162,2026-02-27 15:05:40.312,0.530788,-0.45162,-0.816416,-0.019406,-0.015819,0.000325,27.63900000000001
1772222740314045692,2026-02-27 15:05:40.314,0.560558,-0.469538,-0.792574,-0.019474,-0.015682,-0.000119,27.641000000000005
1772222740315227566,2026-02-27 15:05:40.315,0.566028,-0.444546,0.201301,-0.015448,-0.016132,-0.008654,27.64200000000001
1772222740316421940,2026-02-27 15:05:40.316,0.553125,-0.438537,0.039293,-0.01966,-0.014927,-0.009052,27.643
1772222740317568567,2026-02-27 15:05:40.317,0.602176,-0.478727,-0.445068,-0.020351,-0.016216,-0.003384,27.644000000000005
1772222740318693825,2026-02-27 15:05:40.318,0.652635,-0.521238,-0.863956,-0.020666,-0.017351,-0.001521,27.64500000000001
1772222740319867181,2026-02-27 15:05:40.319,0.6386,-0.497892,-0.928885,-0.019889,-0.016073,-0.000898,27.646
1772222740321047919,2026-02-27 15:05:40.321,0.65273,-0.521955,-0.843535,-0.020665,-0.016972,-0.001516,27.64800000000001
1772222740322227441,2026-02-27 15:05:40.322,0.594499,-0.50322,-1.20733,-0.024283,-0.016556,0.000808,27.649
1772222740323426146,2026-02-27 15:05:40.323,0.658355,-0.536294,-2.00448,-0.022041,-0.016253,0.007833,27.650000000000006
1772222740324570353,2026-02-27 15:05:40.324,0.704387,-0.498151,-1.59401,-0.019327,-0.016855,0.004488,27.65100000000001
1772222740325697843,2026-02-27 15:05:40.325,0.752014,-0.525621,-1.33381,-0.022622,-0.018341,0.00198,27.652
1772222740326869952,2026-02-27 15:05:40.326,0.61204,-0.498954,-1.06596,-0.025134,-0.016099,-0.002136,27.653000000000006
1772222740328039624,2026-02-27 15:05:40.328,0.68713,-0.527932,-0.846315,-0.020937,-0.015883,-0.004125,27.655
1772222740329210226,2026-02-27 15:05:40.329,0.705606,-0.536901,-0.768431,-0.023893,-0.017301,-0.003711,27.656000000000006
1772222740330404495,2026-02-27 15:05:40.330,0.700185,-0.471057,-0.78206,-0.019855,-0.014774,-0.004487,27.65700000000001
1772222740331567761,2026-02-27 15:05:40.331,0.599732,-0.449676,0.321663,-0.021494,-0.016428,-0.014926,27.658
1772222740332695244,2026-02-27 15:05:40.332,0.609374,-0.502065,0.012239,-0.024541,-0.017217,-0.011338,27.659000000000006
1772222740333889371,2026-02-27 15:05:40.333,0.599135,-0.445994,-0.092692,-0.019649,-0.016793,-0.010623,27.66000000000001
1772222740335058205,2026-02-27 15:05:40.335,0.665718,-0.41665,-0.689541,-0.018523,-0.015832,-0.006265,27.662000000000006
1772222740336224405,2026-02-27 15:05:40.336,0.671965,-0.371096,-0.860155,-0.019211,-0.0148,-0.005086,27.66300000000001
1772222740337422831,2026-02-27 15:05:40.337,0.638918,-0.385511,-0.902273,-0.01742,-0.014245,-0.004856,27.664
1772222740338560744,2026-02-27 15:05:40.338,0.570386,-0.393355,-0.802176,-0.021138,-0.015779,-0.005034,27.665000000000006
1772222740339686383,2026-02-27 15:05:40.339,0.611457,-0.380451,-1.67353,-0.020919,-0.014591,0.003854,27.66600000000001
1772222740340886398,2026-02-27 15:05:40.340,0.560166,-0.333016,-1.73383,-0.017756,-0.0148,0.003732,27.667
1772222740342056187,2026-02-27 15:05:40.342,0.556276,-0.299854,-1.66136,-0.015546,-0.013641,0.002112,27.66900000000001
1772222740343224964,2026-02-27 15:05:40.343,0.516767,-0.283193,-0.782932,-0.015901,-0.012676,-0.004656,27.67
1772222740344422042,2026-02-27 15:05:40.344,0.435905,-0.237442,-0.754053,-0.012433,-0.011736,-0.006005,27.671000000000006
1772222740345550896,2026-02-27 15:05:40.345,0.395898,-0.231935,-0.732037,-0.01374,-0.011018,-0.006433,27.67200000000001
1772222740346678224,2026-02-27 15:05:40.346,0.435566,-0.155926,-0.674225,-0.012181,-0.010659,-0.005714,27.673000000000002
1772222740347873568,2026-02-27 15:05:40.347,0.409103,-0.160185,-0.209353,-0.009501,-0.01062,-0.01137,27.674000000000007
1772222740349055950,2026-02-27 15:05:40.349,0.332504,-0.087742,0.467112,-0.011542,-0.009217,-0.015463,27.676000000000002
1772222740350226176,2026-02-27 15:05:40.350,0.321735,-0.043681,-0.177932,-0.009809,-0.0096,-0.010193,27.677000000000007
1772222740351422668,2026-02-27 15:05:40.351,0.307575,-0.001424,-0.651524,-0.006742,-0.008104,-0.006109,27.67800000000001
1772222740352574745,2026-02-27 15:05:40.352,0.277842,-0.03463,-0.653185,-0.012206,-0.007785,-0.00623,27.679000000000002
1772222740353703711,2026-02-27 15:05:40.353,0.292578,0.022016,-0.594773,-0.006597,-0.006817,-0.005432,27.680000000000007
1772222740354882187,2026-02-27 15:05:40.354,0.222837,0.08004,-0.614602,-0.007924,-0.007136,-0.005821,27.68100000000001
1772222740356064476,2026-02-27 15:05:40.356,0.208846,0.101838,-0.658873,-0.006825,-0.004912,-0.005195,27.683000000000007
1772222740357234321,2026-02-27 15:05:40.357,0.218503,0.169054,-1.26546,-0.002636,-0.00644,0.000593,27.68400000000001
1772222740358531070,2026-02-27 15:05:40.358,0.149619,0.140431,-1.24236,-0.003892,-0.004995,-6e-05,27.685000000000002
1772222740359663635,2026-02-27 15:05:40.359,0.191518,0.211599,-0.722945,0.000705,-0.004239,-0.004372,27.686000000000007
1772222740360835509,2026-02-27 15:05:40.360,0.131256,0.262428,-0.501075,0.000392,-0.004512,-0.007394,27.687000000000012
1772222740362035113,2026-02-27 15:05:40.362,0.059483,0.302473,-0.46476,-8.4e-05,-0.003149,-0.006914,27.689000000000007
1772222740363213524,2026-02-27 15:05:40.363,0.128667,0.376856,-0.422147,0.002168,-0.002257,-0.006856,27.690000000000012
1772222740364390465,2026-02-27 15:05:40.364,0.002178,0.360684,0.601962,0.000881,-0.001863,-0.017581,27.691000000000003
1772222740365560871,2026-02-27 15:05:40.365,-0.018019,0.42358,0.38114,0.004134,-0.001483,-0.014818,27.692000000000007
1772222740366687509,2026-02-27 15:05:40.366,-0.005621,0.449323,0.341109,0.005624,-0.001184,-0.014806,27.693000000000012
1772222740367886683,2026-02-27 15:05:40.367,-0.024321,0.430084,-0.160999,0.00369,-0.001143,-0.009784,27.694000000000003
1772222740369083782,2026-02-27 15:05:40.369,0.021483,0.487952,-0.486366,0.005037,-0.000797,-0.006517,27.696000000000012
1772222740370260811,2026-02-27 15:05:40.370,-0.064382,0.48517,-0.524098,0.005551,0.001348,-0.007153,27.697000000000003
1772222740371471151,2026-02-27 15:05:40.371,-0.03903,0.52224,-0.46856,0.005835,5.7e-05,-0.006237,27.698000000000008
1772222740372570522,2026-02-27 15:05:40.372,-0.079342,0.531662,-1.07442,0.002104,0.000751,-0.001078,27.699000000000012
1772222740373699354,2026-02-27 15:05:40.373,-0.079785,0.500053,-1.50702,0.004685,0.001653,0.002979,27.700000000000003
1772222740374872083,2026-02-27 15:05:40.374,-0.094045,0.607218,-1.26293,0.009377,0.001375,7.9e-05,27.701000000000008
1772222740376068894,2026-02-27 15:05:40.376,-0.11976,0.569038,-0.856177,0.005942,0.001923,-0.003201,27.703000000000003
1772222740377250310,2026-02-27 15:05:40.377,-0.20652,0.548179,-0.570347,0.005122,0.004036,-0.006685,27.704000000000008
1772222740378433230,2026-02-27 15:05:40.378,-0.130864,0.553526,-0.340579,0.008235,0.003567,-0.007167,27.705000000000013
1772222740379559208,2026-02-27 15:05:40.379,-0.131205,0.572179,-0.343853,0.007702,0.002464,-0.006726,27.706000000000003
1772222740380685849,2026-02-27 15:05:40.380,-0.117302,0.596625,-0.294654,0.008242,0.002571,-0.007965,27.707000000000008
1772222740381882492,2026-02-27 15:05:40.381,-0.233878,0.640615,0.781191,0.008349,0.003521,-0.017119,27.708000000000013
1772222740383078448,2026-02-27 15:05:40.383,-0.214649,0.597699,0.289217,0.009578,0.004308,-0.013352,27.710000000000008
1772222740384260268,2026-02-27 15:05:40.384,-0.194841,0.620514,-0.375872,0.01219,0.006142,-0.007923,27.711000000000013
1772222740385431645,2026-02-27 15:05:40.385,-0.205693,0.595237,-0.429635,0.010013,0.005484,-0.006074,27.712000000000003
1772222740386582053,2026-02-27 15:05:40.386,-0.195582,0.57367,-0.42506,0.011508,0.004755,-0.006688,27.713000000000008
1772222740387710844,2026-02-27 15:05:40.387,-0.235166,0.596051,-0.470862,0.010292,0.005505,-0.006074,27.714
1772222740388882943,2026-02-27 15:05:40.388,-0.280086,0.571216,-0.39041,0.010068,0.00617,-0.006032,27.715000000000003
1772222740390081762,2026-02-27 15:05:40.390,-0.27815,0.592727,-1.45559,0.008935,0.006571,0.004255,27.717
1772222740391263319,2026-02-27 15:05:40.391,-0.386219,0.603142,-1.25404,0.005032,0.007453,0.000921,27.718000000000004
1772222740392447178,2026-02-27 15:05:40.392,-0.385396,0.615384,-0.673561,0.007548,0.007887,-0.003619,27.71900000000001
1772222740393595733,2026-02-27 15:05:40.393,-0.318753,0.5911,-0.350637,0.008539,0.007865,-0.006035,27.72
1772222740394724005,2026-02-27 15:05:40.394,-0.369204,0.584916,-0.30869,0.011358,0.009478,-0.006165,27.721000000000004
1772222740395897870,2026-02-27 15:05:40.395,-0.353017,0.593072,-0.310116,0.010459,0.008824,-0.005966,27.72200000000001
1772222740397092378,2026-02-27 15:05:40.397,-0.406656,0.606486,-0.370885,0.009496,0.009847,-0.00621,27.724000000000004
1772222740398260630,2026-02-27 15:05:40.398,-0.361588,0.642244,0.488895,0.015879,0.009655,-0.012655,27.72500000000001
1772222740399432012,2026-02-27 15:05:40.399,-0.391408,0.676569,0.575895,0.015446,0.009159,-0.01364,27.726
1772222740400565984,2026-02-27 15:05:40.400,-0.477572,0.676131,0.117303,0.01227,0.011669,-0.009249,27.727000000000004
1772222740401693284,2026-02-27 15:05:40.401,-0.418542,0.662168,-0.378213,0.014391,0.011037,-0.004811,27.72800000000001
1772222740402864576,2026-02-27 15:05:40.402,-0.474809,0.646187,-0.320565,0.012251,0.010322,-0.004576,27.729
1772222740404058581,2026-02-27 15:05:40.404,-0.43522,0.689884,-0.342491,0.014225,0.010244,-0.004117,27.73100000000001
1772222740405228054,2026-02-27 15:05:40.405,-0.484243,0.733505,-0.301026,0.016413,0.01137,-0.004227,27.732
1772222740406399163,2026-02-27 15:05:40.406,-0.413866,0.699142,-1.36281,0.016946,0.011136,0.005823,27.733000000000004
1772222740407538626,2026-02-27 15:05:40.407,-0.396927,0.735233,-0.911891,0.01994,0.012072,0.002499,27.73400000000001
1772222740408667061,2026-02-27 15:05:40.408,-0.47792,0.717244,-0.847046,0.016142,0.011002,0.001439,27.735
1772222740409838862,2026-02-27 15:05:40.409,-0.379706,0.740887,-0.314452,0.020474,0.010512,-0.001629,27.736000000000004
1772222740411034468,2026-02-27 15:05:40.411,-0.449915,0.78037,-0.13629,0.018759,0.010723,-0.004285,27.738
1772222740412233979,2026-02-27 15:05:40.412,-0.494253,0.756832,-0.105036,0.017867,0.010646,-0.002992,27.739000000000004
1772222740413405412,2026-02-27 15:05:40.413,-0.404155,0.754898,-0.064282,0.022206,0.010052,-0.002495,27.74000000000001
1772222740414535411,2026-02-27 15:05:40.414,-0.4258,0.792507,0.987889,0.026658,0.011139,-0.013766,27.741
1772222740415663059,2026-02-27 15:05:40.415,-0.431158,0.781631,0.715886,0.023551,0.010715,-0.009706,27.742000000000004
1772222740416836551,2026-02-27 15:05:40.416,-0.389649,0.757588,0.672494,0.024731,0.010731,-0.009101,27.74300000000001
1772222740418030446,2026-02-27 15:05:40.418,-0.476372,0.745019,0.166896,0.020465,0.010769,-0.003874,27.745000000000005
1772222740419223678,2026-02-27 15:05:40.419,-0.393394,0.748058,-0.195962,0.024732,0.011062,-0.000831,27.74600000000001
1772222740420394117,2026-02-27 15:05:40.420,-0.429026,0.78511,-0.1894,0.027547,0.011298,-0.001799,27.747
1772222740421527923,2026-02-27 15:05:40.421,-0.369581,0.769065,-0.101046,0.025231,0.009938,0.000315,27.748000000000005
1772222740422656013,2026-02-27 15:05:40.422,-0.430563,0.742742,-0.923447,0.024403,0.010289,0.007549,27.74900000000001
1772222740423831032,2026-02-27 15:05:40.423,-0.410953,0.748773,-1.05477,0.023135,0.010212,0.008938,27.75
1772222740425026882,2026-02-27 15:05:40.425,-0.399579,0.725773,-0.92449,0.023352,0.009491,0.007725,27.75200000000001
1772222740426221154,2026-02-27 15:05:40.426,-0.353004,0.728875,-0.548559,0.02681,0.009771,0.00349,27.753
1772222740427397374,2026-02-27 15:05:40.427,-0.312818,0.72179,0.025541,0.024034,0.007738,-0.000307,27.754000000000005
1772222740428543949,2026-02-27 15:05:40.428,-0.420319,0.65102,0.005081,0.020143,0.008134,-0.00081,27.75500000000001
1772222740429672565,2026-02-27 15:05:40.429,-0.284381,0.673901,-0.022789,0.023716,0.006703,0.000915,27.756
1772222740430846907,2026-02-27 15:05:40.430,-0.319915,0.706925,0.207876,0.02659,0.008432,-0.003157,27.757000000000005
1772222740432041055,2026-02-27 15:05:40.432,-0.310928,0.681977,1.02005,0.023717,0.007332,-0.00918,27.759
1772222740433235934,2026-02-27 15:05:40.433,-0.385363,0.662721,0.633898,0.0198,0.006281,-0.00665,27.760000000000005
1772222740434418658,2026-02-27 15:05:40.434,-0.306401,0.651924,-0.040959,0.021593,0.007658,0.000419,27.76100000000001
1772222740435535003,2026-02-27 15:05:40.435,-0.23292,0.579433,-0.210201,0.021475,0.005691,0.001553,27.762
1772222740436663539,2026-02-27 15:05:40.436,-0.253054,0.574582,-0.227616,0.018172,0.005542,0.000844,27.763000000000005
1772222740437861860,2026-02-27 15:05:40.437,-0.174446,0.563313,-0.210522,0.02112,0.004675,0.001732,27.76400000000001
1772222740439059116,2026-02-27 15:05:40.439,-0.187033,0.539002,-0.211333,0.01963,0.003618,0.00171,27.766000000000005
1772222740440256344,2026-02-27 15:05:40.440,-0.159023,0.495866,-1.27688,0.019384,0.0037,0.012183,27.76700000000001
1772222740441449943,2026-02-27 15:05:40.441,-0.109263,0.514682,-0.960845,0.021973,0.00344,0.007699,27.768
1772222740442598521,2026-02-27 15:05:40.442,-0.13804,0.446663,-0.443378,0.018357,0.002415,0.00299,27.769000000000005
1772222740443728968,2026-02-27 15:05:40.443,-0.067914,0.420252,-0.120654,0.018041,0.002401,0.000544,27.77000000000001
1772222740444904686,2026-02-27 15:05:40.444,-0.066403,0.404097,-0.162923,0.017269,0.001625,0.00072,27.771
1772222740446079859,2026-02-27 15:05:40.446,-0.045626,0.325259,-0.101905,0.014169,0.001427,0.000637,27.77300000000001
1772222740447275090,2026-02-27 15:05:40.447,-0.009063,0.338403,-0.122393,0.016902,0.000723,0.000893,27.774
1772222740448480151,2026-02-27 15:05:40.448,-0.0161,0.286411,0.913511,0.014227,0.000616,-0.008226,27.775000000000006
1772222740449608735,2026-02-27 15:05:40.449,0.031657,0.261559,0.804091,0.012462,-0.001048,-0.007058,27.77600000000001
1772222740450783152,2026-02-27 15:05:40.450,0.008752,0.228176,0.199697,0.013004,-0.000671,-0.001837,27.777
1772222740451981472,2026-02-27 15:05:40.451,0.017107,0.208605,-0.232307,0.012113,-0.000291,0.001943,27.778000000000006
1772222740453179555,2026-02-27 15:05:40.453,0.086924,0.201703,-0.229153,0.01347,-0.000849,0.001724,27.78
1772222740454349924,2026-02-27 15:05:40.454,0.060783,0.21761,-0.233012,0.011909,-0.001163,0.002145,27.781000000000006
1772222740455550227,2026-02-27 15:05:40.455,0.110713,0.175637,-0.52252,0.009965,-0.002454,0.005971,27.78200000000001
1772222740456681225,2026-02-27 15:05:40.456,0.080883,0.180272,-1.26847,0.008793,-0.002282,0.010892,27.783
1772222740457875585,2026-02-27 15:05:40.457,0.110775,0.211188,-0.909672,0.012052,-0.002401,0.009237,27.784000000000006
1772222740459073414,2026-02-27 15:05:40.459,0.137087,0.178774,-0.704404,0.012267,-0.003258,0.005917,27.786
1772222740460269241,2026-02-27 15:05:40.460,0.133193,0.161622,-0.299431,0.011599,-0.002912,0.003124,27.787000000000006
1772222740461440692,2026-02-27 15:05:40.461,0.118809,0.216001,-0.162387,0.01234,-0.001035,0.000876,27.78800000000001
1772222740462554889,2026-02-27 15:05:40.462,0.100517,0.178746,-0.301861,0.014307,-0.00196,0.000417,27.789
1772222740463692284,2026-02-27 15:05:40.463,0.13919,0.203653,-0.239203,0.016826,-0.000553,0.000474,27.790000000000006
1772222740464906237,2026-02-27 15:05:40.464,0.073166,0.252277,0.945051,0.013496,-0.00084,-0.009767,27.79100000000001
1772222740466105472,2026-02-27 15:05:40.466,0.083437,0.183038,0.472251,0.011606,-0.001288,-0.006046,27.793000000000006
1772222740467404016,2026-02-27 15:05:40.467,0.108593,0.201824,0.450087,0.013387,-0.001296,-0.005598,27.79400000000001
1772222740468539346,2026-02-27 15:05:40.468,0.062062,0.230248,-0.348291,0.013952,0.001107,0.001242,27.795
1772222740469675485,2026-02-27 15:05:40.469,0.084756,0.251065,-0.362235,0.016733,0.000514,0.000446,27.796000000000006
1772222740470891413,2026-02-27 15:05:40.470,0.046206,0.256921,-0.324498,0.014121,0.000489,0.000651,27.79700000000001
1772222740472087738,2026-02-27 15:05:40.472,0.077217,0.272168,-0.32265,0.013627,0.000302,0.000421,27.799000000000007
1772222740473280521,2026-02-27 15:05:40.473,-0.023315,0.285584,-1.31946,0.012317,0.001428,0.00929,27.80000000000001
1772222740474471921,2026-02-27 15:05:40.474,0.109933,0.274854,-1.28821,0.017653,0.000669,0.008281,27.801000000000002
1772222740475605175,2026-02-27 15:05:40.475,0.049008,0.304624,-0.681274,0.016329,0.002068,0.002424,27.802000000000007
1772222740476737696,2026-02-27 15:05:40.476,0.013581,0.290643,-0.316285,0.010762,0.001449,-0.000887,27.80300000000001
1772222740477914922,2026-02-27 15:05:40.477,0.043949,0.305428,-0.270982,0.016117,0.001861,-0.001193,27.804000000000002
1772222740479116337,2026-02-27 15:05:40.479,0.006141,0.277192,-0.247829,0.013606,0.001966,-0.001869,27.80600000000001
1772222740480296292,2026-02-27 15:05:40.480,0.04742,0.31973,-0.346702,0.015898,0.002066,-0.002091,27.807000000000002
1772222740481486975,2026-02-27 15:05:40.481,0.073479,0.330918,0.673369,0.018258,0.002447,-0.011532,27.808000000000007
1772222740482640571,2026-02-27 15:05:40.482,0.052044,0.313453,0.455172,0.01544,0.001151,-0.009554,27.80900000000001
1772222740483770953,2026-02-27 15:05:40.483,0.041052,0.320301,0.068055,0.016669,0.002414,-0.006333,27.810000000000002
1772222740484932156,2026-02-27 15:05:40.484,0.048827,0.301911,-0.388498,0.01577,0.002421,-0.001919,27.811000000000007
1772222740486066669,2026-02-27 15:05:40.486,0.024097,0.282663,-0.491906,0.014935,0.002991,-0.001785,27.813000000000002
1772222740487238555,2026-02-27 15:05:40.487,0.068297,0.306992,-0.410073,0.014207,0.002527,-0.00176,27.814000000000007
1772222740488407937,2026-02-27 15:05:40.488,0.055737,0.314897,-0.407992,0.013273,0.002081,-0.002187,27.815000000000012
1772222740489566198,2026-02-27 15:05:40.489,0.111543,0.257887,-1.51109,0.01329,0.000592,0.007844,27.816000000000003
1772222740490695947,2026-02-27 15:05:40.490,0.094936,0.26412,-1.06981,0.01248,0.000872,0.002526,27.817000000000007
1772222740491855400,2026-02-27 15:05:40.491,0.07496,0.243692,-1.0686,0.008416,-5.2e-05,0.002028,27.818000000000012
1772222740493031876,2026-02-27 15:05:40.493,0.134456,0.286387,-0.495997,0.01154,0.001718,-0.001045,27.820000000000007
1772222740494208232,2026-02-27 15:05:40.494,0.15831,0.257744,-0.279174,0.01143,-0.000449,-0.003061,27.821000000000012
1772222740495395087,2026-02-27 15:05:40.495,0.188622,0.306272,-0.319167,0.011806,-0.000213,-0.003069,27.822000000000003
1772222740496557290,2026-02-27 15:05:40.496,0.216983,0.243309,-0.33663,0.011081,-0.002609,-0.003536,27.823000000000008
1772222740497713873,2026-02-27 15:05:40.497,0.267858,0.272122,0.673998,0.016219,-0.001692,-0.014432,27.824000000000012
1772222740498867801,2026-02-27 15:05:40.498,0.191202,0.252821,0.490836,0.011681,-0.002353,-0.011809,27.825000000000003
1772222740500065869,2026-02-27 15:05:40.500,0.22776,0.216389,0.471872,0.008559,-0.003546,-0.012121,27.827000000000012
1772222740501258078,2026-02-27 15:05:40.501,0.273754,0.258801,-0.074088,0.010702,-0.003024,-0.006194,27.828000000000003
1772222740502427868,2026-02-27 15:05:40.502,0.320873,0.235868,-0.414839,0.010518,-0.004885,-0.003834,27.829000000000008
1772222740503549381,2026-02-27 15:05:40.503,0.334185,0.195513,-0.375314,0.01026,-0.005428,-0.003626,27.830000000000013
1772222740504677738,2026-02-27 15:05:40.504,0.252734,0.257303,-0.493375,0.009918,-0.00356,-0.0045,27.831000000000003
1772222740505828337,2026-02-27 15:05:40.505,0.305838,0.231976,-1.02557,0.00769,-0.004995,0.002186,27.832000000000008
1772222740507004197,2026-02-27 15:05:40.507,0.322455,0.20831,-1.47176,0.009387,-0.005139,0.005159,27.834000000000003
1772222740508180326,2026-02-27 15:05:40.508,0.375695,0.207024,-1.18945,0.01084,-0.004074,0.002735,27.835000000000008
1772222740509356438,2026-02-27 15:05:40.509,0.373208,0.207364,-0.734996,0.009017,-0.005222,-0.001519,27.836000000000013
1772222740510557096,2026-02-27 15:05:40.510,0.397944,0.158865,-0.303989,0.007859,-0.006469,-0.005173,27.837000000000003
1772222740511685010,2026-02-27 15:05:40.511,0.363027,0.145374,-0.304022,0.004473,-0.006141,-0.005449,27.838000000000008
1772222740512837543,2026-02-27 15:05:40.512,0.363079,0.146206,-0.304258,0.004151,-0.006706,-0.005447,27.839
1772222740514011914,2026-02-27 15:05:40.514,0.482815,0.127784,-0.150805,0.007483,-0.008491,-0.006626,27.841000000000008
1772222740515186679,2026-02-27 15:05:40.515,0.417798,0.140191,0.764068,0.006783,-0.006385,-0.015949,27.842
1772222740516355132,2026-02-27 15:05:40.516,0.424378,0.124875,0.367696,0.00493,-0.008074,-0.011495,27.843000000000004
1772222740517565828,2026-02-27 15:05:40.517,0.471363,0.117736,-0.283742,0.007031,-0.007815,-0.005009,27.84400000000001
1772222740518694789,2026-02-27 15:05:40.518,0.522645,0.089945,-0.449788,0.004931,-0.008917,-0.004532,27.845
1772222740519847896,2026-02-27 15:05:40.519,0.520183,0.091239,-0.364485,0.005281,-0.009111,-0.005114,27.846000000000004
1772222740521022892,2026-02-27 15:05:40.521,0.5314,0.086293,-0.326569,0.005583,-0.010174,-0.004652,27.848
1772222740522198544,2026-02-27 15:05:40.522,0.528531,0.104598,-0.430429,0.007632,-0.009783,-0.004234,27.849000000000004
1772222740523374191,2026-02-27 15:05:40.523,0.5786,0.095914,-1.4496,0.005411,-0.008413,0.005357,27.85000000000001
1772222740524558065,2026-02-27 15:05:40.524,0.570412,0.085788,-1.20756,0.00637,-0.010545,0.002551,27.851
1772222740525697476,2026-02-27 15:05:40.525,0.570412,0.085788,-1.20756,0.00637,-0.010545,0.002551,27.852000000000004
1772222740526893563,2026-02-27 15:05:40.526,0.507782,0.083568,-0.343784,0.003587,-0.010332,-0.00533,27.85300000000001
1772222740528071749,2026-02-27 15:05:40.528,0.501111,0.088054,-0.303014,0.005559,-0.010722,-0.005254,27.855000000000004
1772222740529250293,2026-02-27 15:05:40.529,0.549907,0.092205,-0.303547,0.004037,-0.01045,-0.005102,27.85600000000001
1772222740530432402,2026-02-27 15:05:40.530,0.506884,0.069539,-0.300987,0.002844,-0.011869,-0.005733,27.857
1772222740531552328,2026-02-27 15:05:40.531,0.523378,0.150667,0.670002,0.004358,-0.009738,-0.013921,27.858000000000004
1772222740532682483,2026-02-27 15:05:40.532,0.522541,0.105277,0.52331,0.004326,-0.011895,-0.013353,27.85900000000001
1772222740533833100,2026-02-27 15:05:40.533,0.487349,0.092605,0.060906,0.003723,-0.009847,-0.008085,27.86
1772222740534978090,2026-02-27 15:05:40.534,0.518386,0.109543,-0.383479,0.006052,-0.009472,-0.005305,27.861000000000004
1772222740536150718,2026-02-27 15:05:40.536,0.510419,0.114607,-0.406011,0.003471,-0.009713,-0.005147,27.863
1772222740537318597,2026-02-27 15:05:40.537,0.508638,0.099146,-0.407238,0.004008,-0.00974,-0.00493,27.864000000000004
1772222740538497193,2026-02-27 15:05:40.538,0.476059,0.117295,-0.385911,0.005391,-0.009133,-0.005083,27.86500000000001
1772222740539625597,2026-02-27 15:05:40.539,0.47795,0.103303,-1.56636,0.006287,-0.007105,0.004284,27.866
1772222740540773260,2026-02-27 15:05:40.540,0.440653,0.073743,-1.09309,0.000639,-0.008133,-3.8e-05,27.867000000000004
1772222740541941143,2026-02-27 15:05:40.541,0.466404,0.092895,-0.981659,0.001167,-0.009281,-0.001448,27.86800000000001
1772222740543109603,2026-02-27 15:05:40.543,0.469009,0.086024,-0.56831,0.004822,-0.007364,-0.005235,27.870000000000005
1772222740544277215,2026-02-27 15:05:40.544,0.44217,0.067562,-0.339264,0.002106,-0.007537,-0.006226,27.87100000000001
1772222740545447000,2026-02-27 15:05:40.545,0.444953,0.098716,-0.381307,0.001669,-0.007105,-0.006036,27.872
1772222740546597035,2026-02-27 15:05:40.546,0.337691,0.045418,-0.380492,-0.002748,-0.007439,-0.006732,27.873000000000005
1772222740547728080,2026-02-27 15:05:40.547,0.388768,0.056369,0.746497,0.001302,-0.00596,-0.01675,27.87400000000001
1772222740548856704,2026-02-27 15:05:40.548,0.404029,0.050617,0.418954,0.002155,-0.006632,-0.013284,27.875
1772222740550050770,2026-02-27 15:05:40.550,0.422031,0.071042,0.383223,0.002335,-0.005195,-0.013961,27.87700000000001
1772222740551220443,2026-02-27 15:05:40.551,0.4319,0.037793,-0.164797,-4e-06,-0.006709,-0.008119,27.878
1772222740552390610,2026-02-27 15:05:40.552,0.418709,0.032023,-0.448464,0.000172,-0.007545,-0.005265,27.879000000000005
1772222740553536525,2026-02-27 15:05:40.553,-0.69242,-0.892185,-1.4701,0.040788,-0.079522,0.004771,27.88000000000001
1772222740554663038,2026-02-27 15:05:40.554,0.558384,-0.455182,-1.97691,0.036539,-0.07943,0.026781,27.881
1772222740555807602,2026-02-27 15:05:40.555,0.805574,-0.917787,-4.3416,0.090256,-0.083772,0.017943,27.882000000000005
1772222740556975715,2026-02-27 15:05:40.556,0.997929,-0.403026,-5.11016,0.068293,-0.120443,0.031023,27.88300000000001
1772222740558144027,2026-02-27 15:05:40.558,1.32762,-0.182976,-5.53698,0.06843,-0.108231,0.025841,27.885000000000005
1772222740559312022,2026-02-27 15:05:40.559,1.57828,0.160984,-5.14555,0.053089,-0.116025,0.021625,27.88600000000001
1772222740560489379,2026-02-27 15:05:40.560,1.80458,0.255353,-4.97015,0.054225,-0.114126,0.014164,27.887
1772222740561617565,2026-02-27 15:05:40.561,2.07701,0.444414,-4.91536,0.087104,-0.124426,0.011141,27.888000000000005
1772222740562781127,2026-02-27 15:05:40.562,2.13791,0.521434,-4.93279,0.099368,-0.132385,0.011301,27.88900000000001
1772222740563981443,2026-02-27 15:05:40.563,2.30756,0.629122,-4.44311,0.107589,-0.138737,0.00881,27.89
1772222740565178803,2026-02-27 15:05:40.565,2.3128,0.73451,-3.52519,0.10653,-0.147148,0.005202,27.89200000000001
1772222740566348965,2026-02-27 15:05:40.566,2.48285,0.825286,-3.66087,0.102146,-0.151545,0.007403,27.893
1772222740567554040,2026-02-27 15:05:40.567,2.54744,0.822839,-3.8396,0.104987,-0.162241,0.013039,27.894000000000005
1772222740568683934,2026-02-27 15:05:40.568,2.86424,1.00014,-4.1613,0.115827,-0.179289,0.022872,27.89500000000001
1772222740569856603,2026-02-27 15:05:40.569,3.03935,1.04301,-4.01783,0.115999,-0.18723,0.026201,27.896
1772222740571026783,2026-02-27 15:05:40.571,3.07336,1.05133,-3.84798,0.113797,-0.194907,0.028057,27.89800000000001
1772222740572224672,2026-02-27 15:05:40.572,3.22239,1.12337,-3.75189,0.120325,-0.201061,0.029575,27.899
1772222740573419767,2026-02-27 15:05:40.573,3.33672,1.08574,-4.74004,0.117957,-0.205192,0.040704,27.900000000000006
1772222740574560249,2026-02-27 15:05:40.574,3.3948,1.15659,-4.15279,0.117663,-0.210372,0.038114,27.90100000000001
1772222740575860591,2026-02-27 15:05:40.575,3.59134,1.28359,-3.38065,0.117977,-0.218812,0.03564,27.902
1772222740577055794,2026-02-27 15:05:40.577,3.6445,1.25728,-2.84404,0.113734,-0.223608,0.034379,27.90400000000001
1772222740578249884,2026-02-27 15:05:40.578,3.7077,1.29275,-2.70574,0.11439,-0.227693,0.035154,27.905
1772222740579432789,2026-02-27 15:05:40.579,3.81053,1.32244,-2.511,0.110193,-0.23252,0.036485,27.906000000000006
1772222740580573126,2026-02-27 15:05:40.580,3.78731,1.34225,-2.38035,0.109623,-0.236541,0.038124,27.90700000000001
1772222740581701974,2026-02-27 15:05:40.581,3.93813,1.4248,-1.05385,0.107762,-0.243971,0.031624,27.908
1772222740582846164,2026-02-27 15:05:40.582,3.98977,1.39898,-1.04649,0.102755,-0.246738,0.033444,27.909000000000006
1772222740584024531,2026-02-27 15:05:40.584,4.05124,1.45463,-1.34942,0.106,-0.250403,0.039589,27.911
1772222740585218539,2026-02-27 15:05:40.585,4.14188,1.45802,-1.70616,0.105048,-0.253085,0.044489,27.912000000000006
1772222740586412811,2026-02-27 15:05:40.586,4.1627,1.4335,-1.62628,0.100363,-0.256224,0.044456,27.91300000000001
1772222740587575670,2026-02-27 15:05:40.587,4.22856,1.43083,-1.57087,0.101727,-0.257904,0.04557,27.914
1772222740588706320,2026-02-27 15:05:40.588,4.28987,1.45249,-1.8909,0.099878,-0.261283,0.050935,27.915000000000006
1772222740589901215,2026-02-27 15:05:40.589,4.35899,1.44925,-2.49933,0.098805,-0.261478,0.056947,27.91600000000001
1772222740591096207,2026-02-27 15:05:40.591,4.37669,1.39084,-2.15767,0.094287,-0.264116,0.054261,27.918000000000006
1772222740592288896,2026-02-27 15:05:40.592,4.35725,1.38885,-1.91801,0.093329,-0.267249,0.051653,27.91900000000001
1772222740593492570,2026-02-27 15:05:40.593,4.326,1.32379,-1.57512,0.091298,-0.268463,0.04881,27.92
1772222740594623461,2026-02-27 15:05:40.594,4.38447,1.32822,-1.41462,0.093687,-0.272232,0.049401,27.921000000000006
1772222740595775309,2026-02-27 15:05:40.595,4.41542,1.34828,-1.13469,0.088695,-0.276158,0.04993,27.92200000000001
1772222740596972643,2026-02-27 15:05:40.596,4.4495,1.27195,-1.02524,0.092028,-0.282007,0.055213,27.923000000000002
1772222740598166017,2026-02-27 15:05:40.598,4.53091,1.37177,0.268746,0.091515,-0.285102,0.047426,27.92500000000001
1772222740599335058,2026-02-27 15:05:40.599,4.56676,1.37203,-0.048594,0.089172,-0.28659,0.05233,27.926000000000002
1772222740600524169,2026-02-27 15:05:40.600,4.65706,1.37185,-0.055659,0.087332,-0.288342,0.053544,27.927000000000007
1772222740601652903,2026-02-27 15:05:40.601,4.64889,1.36361,-0.619446,0.087424,-0.288409,0.05879,27.92800000000001
1772222740602805529,2026-02-27 15:05:40.602,4.69689,1.33485,-0.73847,0.081773,-0.288051,0.05813,27.929000000000002
1772222740603975084,2026-02-27 15:05:40.603,4.74027,1.32555,-0.760214,0.082416,-0.287628,0.058522,27.930000000000007
1772222740605172553,2026-02-27 15:05:40.605,4.75559,1.33382,-0.696622,0.081535,-0.288286,0.058117,27.932000000000002
1772222740606367177,2026-02-27 15:05:40.606,4.7885,1.35405,-1.76128,0.07979,-0.288095,0.068377,27.933000000000007
1772222740607575363,2026-02-27 15:05:40.607,4.81288,1.30689,-1.70736,0.081481,-0.28879,0.06649,27.93400000000001
1772222740608704612,2026-02-27 15:05:40.608,4.78281,1.2585,-1.70385,0.081433,-0.289225,0.065847,27.935000000000002
1772222740609858446,2026-02-27 15:05:40.609,4.74639,1.14375,-1.02574,0.074628,-0.290396,0.058151,27.936000000000007
1772222740611052742,2026-02-27 15:05:40.611,4.79833,1.13058,-1.0213,0.077217,-0.290869,0.057751,27.938000000000002
1772222740612231728,2026-02-27 15:05:40.612,4.77066,1.09814,-1.12218,0.076936,-0.291467,0.057483,27.939000000000007
1772222740613428658,2026-02-27 15:05:40.613,4.72785,1.07807,-1.04348,0.073807,-0.294757,0.057523,27.940000000000012
1772222740614558484,2026-02-27 15:05:40.614,4.78395,1.09536,-0.519166,0.077077,-0.297034,0.052339,27.941000000000003
1772222740615683666,2026-02-27 15:05:40.615,4.76279,1.09203,0.057548,0.074888,-0.299785,0.047964,27.942000000000007
1772222740616843393,2026-02-27 15:05:40.616,4.76173,1.06848,-0.583263,0.071348,-0.292713,0.052544,27.943000000000012
1772222740618044983,2026-02-27 15:05:40.618,4.76929,0.998757,-0.990472,0.070773,-0.292037,0.055673,27.945000000000007
1772222740619238660,2026-02-27 15:05:40.619,4.71995,1.00826,-0.986288,0.068189,-0.29044,0.054776,27.946000000000012
1772222740620434466,2026-02-27 15:05:40.620,4.75025,0.987595,-0.860577,0.0678,-0.288972,0.054359,27.947000000000003
1772222740621564369,2026-02-27 15:05:40.621,4.71174,0.990259,-0.858373,0.066804,-0.286933,0.053906,27.948000000000008
1772222740622692512,2026-02-27 15:05:40.622,4.74853,0.950846,-0.815837,0.064004,-0.286422,0.053607,27.949000000000012
1772222740623837733,2026-02-27 15:05:40.623,4.61991,0.923446,-1.40324,0.056011,-0.28234,0.058666,27.950000000000003
1772222740625038287,2026-02-27 15:05:40.625,4.62982,0.900194,-1.34153,0.0575,-0.281925,0.058707,27.952000000000012
1772222740626235875,2026-02-27 15:05:40.626,4.61739,0.870282,-0.781515,0.053863,-0.281668,0.0538,27.953000000000003
1772222740627430978,2026-02-27 15:05:40.627,4.62046,0.815039,-0.622385,0.052905,-0.280242,0.051251,27.954000000000008
1772222740628560588,2026-02-27 15:05:40.628,4.58396,0.850733,-0.65053,0.050814,-0.278511,0.052274,27.955000000000013
1772222740629688359,2026-02-27 15:05:40.629,4.60995,0.767062,-0.646002,0.047046,-0.277577,0.051482,27.956000000000003
1772222740630835111,2026-02-27 15:05:40.630,4.51977,0.69075,0.533821,0.043151,-0.273842,0.041966,27.957000000000008
1772222740632031562,2026-02-27 15:05:40.632,4.48439,0.677843,0.290447,0.041314,-0.272557,0.044778,27.959000000000003
1772222740633226373,2026-02-27 15:05:40.633,4.41574,0.600615,0.148663,0.03515,-0.271797,0.044129,27.960000000000008
1772222740634423512,2026-02-27 15:05:40.634,4.47977,0.613994,-0.416826,0.036798,-0.270093,0.049991,27.961000000000013
1772222740635560973,2026-02-27 15:05:40.635,4.46628,0.540344,-0.720007,0.031967,-0.270124,0.052467,27.962000000000003
1772222740636686426,2026-02-27 15:05:40.636,4.41267,0.486965,-0.822327,0.031184,-0.268825,0.052377,27.963000000000008
1772222740637870206,2026-02-27 15:05:40.637,4.49655,0.404046,-0.841105,0.027493,-0.268693,0.052194,27.964
1772222740639059759,2026-02-27 15:05:40.639,4.43693,0.377954,-1.53827,0.024743,-0.269465,0.058832,27.966000000000008
1772222740640254618,2026-02-27 15:05:40.640,4.41558,0.406969,-1.97057,0.024798,-0.267666,0.062654,27.967
1772222740641449487,2026-02-27 15:05:40.641,4.38145,0.327977,-1.67225,0.018108,-0.26951,0.060119,27.968000000000004
1772222740642562894,2026-02-27 15:05:40.642,4.42311,0.271711,-1.32944,0.015914,-0.271809,0.057465,27.96900000000001
1772222740643691149,2026-02-27 15:05:40.643,4.35642,0.223368,-1.04376,0.012661,-0.270393,0.053914,27.97
1772222740644864268,2026-02-27 15:05:40.644,4.43618,0.245147,-0.939147,0.014565,-0.271966,0.053788,27.971000000000004
1772222740646039835,2026-02-27 15:05:40.646,4.48477,0.202822,-0.984976,0.012048,-0.273651,0.054538,27.973
1772222740647234433,2026-02-27 15:05:40.647,4.44167,0.161966,-0.853571,0.010442,-0.27453,0.052884,27.974000000000004
1772222740648428844,2026-02-27 15:05:40.648,4.46431,0.141515,0.060274,0.009311,-0.273677,0.043929,27.97500000000001
1772222740649570061,2026-02-27 15:05:40.649,4.44411,0.140812,-0.420459,0.007505,-0.274369,0.048774,27.976
1772222740650698435,2026-02-27 15:05:40.650,4.46171,0.11629,-0.595181,0.006656,-0.275255,0.050572,27.977000000000004
1772222740651856874,2026-02-27 15:05:40.651,4.43749,0.117345,-1.0796,0.006472,-0.275384,0.056084,27.97800000000001
1772222740653025770,2026-02-27 15:05:40.653,4.44815,0.097791,-1.26884,0.002734,-0.277087,0.056765,27.980000000000004
1772222740654217325,2026-02-27 15:05:40.654,4.51586,0.060316,-1.25242,0.00386,-0.27844,0.057613,27.98100000000001
1772222740655416084,2026-02-27 15:05:40.655,4.47938,0.049598,-1.37166,0.007286,-0.278851,0.057213,27.982
1772222740656560173,2026-02-27 15:05:40.656,4.51928,0.097794,-2.43383,0.003483,-0.278031,0.067005,27.983000000000004
1772222740657686467,2026-02-27 15:05:40.657,4.54205,0.020409,-2.17639,0.003039,-0.280649,0.064985,27.98400000000001
1772222740658834077,2026-02-27 15:05:40.658,4.54003,0.086485,-2.15445,0.004477,-0.279612,0.064836,27.985
1772222740660004049,2026-02-27 15:05:40.660,4.55744,0.044247,-1.35873,0.002788,-0.283521,0.058216,27.98700000000001
1772222740661195369,2026-02-27 15:05:40.661,4.56954,0.021016,-1.31365,0.003308,-0.284052,0.057599,27.988
1772222740662372255,2026-02-27 15:05:40.662,4.52391,0.047535,-1.29437,0.00375,-0.283885,0.057657,27.989000000000004
1772222740663561865,2026-02-27 15:05:40.663,4.53108,0.044966,-1.3519,0.001141,-0.285011,0.056941,27.99000000000001
1772222740664690658,2026-02-27 15:05:40.664,4.61332,0.059636,-0.485211,0.004527,-0.285999,0.04935,27.991
1772222740665836828,2026-02-27 15:05:40.665,4.61166,0.108606,-0.350957,0.005237,-0.285373,0.047534,27.992000000000004
1772222740667011094,2026-02-27 15:05:40.667,4.66119,0.068786,-0.961126,0.005171,-0.286665,0.053787,27.994
1772222740668200988,2026-02-27 15:05:40.668,4.64492,0.034845,-1.39395,0.0064,-0.289069,0.057659,27.995000000000005
1772222740669397137,2026-02-27 15:05:40.669,4.70733,0.065688,-1.4594,0.005386,-0.289433,0.058443,27.99600000000001
1772222740670559718,2026-02-27 15:05:40.670,4.67716,0.035349,-1.41855,0.004484,-0.290779,0.058254,27.997
1772222740671688603,2026-02-27 15:05:40.671,4.72687,0.05986,-1.45679,0.00731,-0.293095,0.058098,27.998000000000005
1772222740672865851,2026-02-27 15:05:40.672,4.73207,0.074029,-1.7154,0.007022,-0.292489,0.060295,27.99900000000001
1772222740674035283,2026-02-27 15:05:40.674,4.79528,0.04273,-2.1886,0.006761,-0.294458,0.064276,28.001000000000005
1772222740675230889,2026-02-27 15:05:40.675,4.80231,0.09043,-2.08173,0.008418,-0.29603,0.063561,28.00200000000001
1772222740676425749,2026-02-27 15:05:40.676,4.79253,0.060196,-1.64924,0.00994,-0.295922,0.059761,28.003
1772222740677569512,2026-02-27 15:05:40.677,4.83497,0.053275,-1.51734,0.009341,-0.297395,0.05832,28.004000000000005
1772222740678696187,2026-02-27 15:05:40.678,4.85877,0.090712,-1.49795,0.010928,-0.298323,0.058598,28.00500000000001
1772222740679854345,2026-02-27 15:05:40.679,4.89719,0.088764,-1.52057,0.011924,-0.300741,0.059047,28.006
1772222740681039980,2026-02-27 15:05:40.681,4.83203,0.13958,-0.431546,0.014118,-0.30252,0.048037,28.00800000000001
1772222740682228502,2026-02-27 15:05:40.682,4.87835,0.132669,-0.868082,0.014977,-0.30302,0.052705,28.009
1772222740683422097,2026-02-27 15:05:40.683,4.93649,0.135939,-0.948759,0.014738,-0.30553,0.052661,28.010000000000005
1772222740684563116,2026-02-27 15:05:40.684,4.92517,0.130152,-1.39513,0.014523,-0.306152,0.058617,28.01100000000001
1772222740685688824,2026-02-27 15:05:40.685,5.01416,0.114813,-1.79244,0.016405,-0.307204,0.06053,28.012
1772222740686956382,2026-02-27 15:05:40.686,4.96529,0.178266,-1.69393,0.016774,-0.308306,0.060885,28.013000000000005
1772222740688124395,2026-02-27 15:05:40.688,5.0289,0.22732,-1.73583,0.020108,-0.310121,0.061377,28.015
1772222740689320889,2026-02-27 15:05:40.689,5.12041,0.1819,-2.53453,0.021641,-0.312322,0.068614,28.016000000000005
1772222740690532203,2026-02-27 15:05:40.690,5.14094,0.123307,-2.74046,0.019924,-0.314024,0.068873,28.01700000000001
1772222740691663417,2026-02-27 15:05:40.691,5.14483,0.237896,-2.64008,0.023327,-0.314361,0.069279,28.018
1772222740692836832,2026-02-27 15:05:40.692,5.11946,0.202349,-2.14633,0.023818,-0.315855,0.065307,28.019000000000005
1772222740694004819,2026-02-27 15:05:40.694,5.10863,0.176044,-1.96445,0.02109,-0.317305,0.062159,28.021
1772222740695174895,2026-02-27 15:05:40.695,5.20382,0.257333,-1.79824,0.027324,-0.320177,0.062201,28.022000000000006
1772222740696369067,2026-02-27 15:05:40.696,5.22527,0.261487,-1.85639,0.025435,-0.320264,0.061694,28.02300000000001
1772222740697578154,2026-02-27 15:05:40.697,5.23707,0.273335,-1.50651,0.029197,-0.322985,0.058161,28.024
1772222740698705944,2026-02-27 15:05:40.698,5.21192,0.267738,-0.839086,0.029628,-0.323112,0.052571,28.025000000000006
1772222740699879190,2026-02-27 15:05:40.699,5.25617,0.262374,-1.20661,0.030844,-0.324191,0.056013,28.02600000000001
1772222740701046642,2026-02-27 15:05:40.701,5.25799,0.298407,-1.48482,0.031016,-0.325647,0.058039,28.028000000000006
1772222740702221487,2026-02-27 15:05:40.702,5.38365,0.300451,-2.02969,0.034278,-0.329255,0.063985,28.02900000000001
1772222740703417854,2026-02-27 15:05:40.703,5.42434,0.295427,-2.02763,0.03495,-0.33073,0.063782,28.03
1772222740704569106,2026-02-27 15:05:40.704,5.39241,0.299916,-2.00445,0.034936,-0.332414,0.0632,28.031000000000006
1772222740705696088,2026-02-27 15:05:40.705,5.44618,0.321216,-2.0712,0.03643,-0.333954,0.064266,28.03200000000001
1772222740706870803,2026-02-27 15:05:40.706,5.47138,0.298026,-3.05471,0.036001,-0.335169,0.074599,28.033
1772222740708039939,2026-02-27 15:05:40.708,5.45679,0.274426,-2.72688,0.033312,-0.337376,0.070908,28.03500000000001
1772222740709230085,2026-02-27 15:05:40.709,5.55201,0.337521,-2.17243,0.037255,-0.340844,0.067483,28.036
1772222740710425265,2026-02-27 15:05:40.710,5.53234,0.302369,-1.95561,0.036384,-0.343836,0.065272,28.037000000000006
1772222740711554029,2026-02-27 15:05:40.711,5.57219,0.329773,-1.93849,0.037598,-0.34431,0.065947,28.03800000000001
1772222740712682658,2026-02-27 15:05:40.712,5.63967,0.360523,-1.92136,0.038542,-0.346698,0.066631,28.039
1772222740713854349,2026-02-27 15:05:40.713,5.66699,0.347113,-1.96305,0.038799,-0.348263,0.066827,28.040000000000006
1772222740715023487,2026-02-27 15:05:40.715,5.66266,0.361613,-1.06978,0.041752,-0.348807,0.058002,28.042
1772222740716191608,2026-02-27 15:05:40.716,5.62019,0.391442,-1.12928,0.039238,-0.351439,0.06056,28.043000000000006
1772222740717387306,2026-02-27 15:05:40.717,5.66414,0.404016,-1.60936,0.04086,-0.352673,0.065669,28.04400000000001
1772222740718570753,2026-02-27 15:05:40.718,5.68354,0.32983,-2.08428,0.04089,-0.353249,0.06985,28.045
1772222740719698795,2026-02-27 15:05:40.719,5.68154,0.364522,-2.06547,0.041449,-0.353389,0.070108,28.046000000000006
1772222740720872447,2026-02-27 15:05:40.720,5.68016,0.333622,-2.08455,0.041554,-0.354389,0.069885,28.04700000000001
1772222740722042597,2026-02-27 15:05:40.722,5.69105,0.377901,-2.1032,0.043171,-0.354824,0.06972,28.049000000000007
1772222740723210385,2026-02-27 15:05:40.723,5.69654,0.382328,-3.11754,0.040003,-0.355963,0.078295,28.05000000000001
1772222740724409486,2026-02-27 15:05:40.724,5.78143,0.382653,-2.89369,0.045718,-0.356967,0.075728,28.051000000000002
1772222740725578199,2026-02-27 15:05:40.725,5.76346,0.391133,-2.65139,0.046153,-0.35668,0.072891,28.052000000000007
1772222740726705685,2026-02-27 15:05:40.726,5.72825,0.376575,-2.30796,0.046417,-0.356697,0.070108,28.05300000000001
1772222740727886287,2026-02-27 15:05:40.727,5.74038,0.384727,-2.13006,0.046877,-0.356619,0.067863,28.054000000000002
1772222740729080016,2026-02-27 15:05:40.729,5.729,0.359722,-2.21194,0.045697,-0.357492,0.067799,28.05600000000001
1772222740730254230,2026-02-27 15:05:40.730,5.76322,0.342059,-2.12983,0.047902,-0.359187,0.067886,28.057000000000002
1772222740731468382,2026-02-27 15:05:40.731,5.76186,0.420854,-1.06941,0.048742,-0.359996,0.058292,28.058000000000007
1772222740732568043,2026-02-27 15:05:40.732,5.73607,0.374368,-1.59442,0.048867,-0.360961,0.063776,28.05900000000001
1772222740733693966,2026-02-27 15:05:40.733,5.68908,0.369153,-1.71819,0.045171,-0.361082,0.063656,28.060000000000002
1772222740734890012,2026-02-27 15:05:40.734,5.81686,0.368005,-2.25855,0.04843,-0.363561,0.068943,28.061000000000007
1772222740736078579,2026-02-27 15:05:40.736,5.79714,0.31726,-2.47974,0.044401,-0.365464,0.071312,28.063000000000002
1772222740737246744,2026-02-27 15:05:40.737,5.82245,0.338542,-2.50261,0.045217,-0.367168,0.071766,28.064000000000007
1772222740738444890,2026-02-27 15:05:40.738,5.83684,0.284066,-2.58681,0.044508,-0.36944,0.072128,28.065000000000012
1772222740739577726,2026-02-27 15:05:40.739,5.93733,0.232847,-3.58461,0.044008,-0.370476,0.08175,28.066000000000003
1772222740740705641,2026-02-27 15:05:40.740,5.88869,0.227145,-3.55792,0.040349,-0.370225,0.080428,28.067000000000007
1772222740741881485,2026-02-27 15:05:40.741,5.9228,0.2447,-3.59108,0.043438,-0.373024,0.079438,28.068000000000012
1772222740743051035,2026-02-27 15:05:40.743,5.91847,0.243703,-3.05897,0.042262,-0.372653,0.075858,28.070000000000007
1772222740744219733,2026-02-27 15:05:40.744,5.8992,0.19073,-2.83911,0.041603,-0.375108,0.073208,28.071000000000012
1772222740745415241,2026-02-27 15:05:40.745,5.95751,0.190187,-2.85806,0.042008,-0.375349,0.073176,28.072000000000003
1772222740746578861,2026-02-27 15:05:40.746,5.98092,0.079524,-2.94237,0.038008,-0.377107,0.073425,28.073000000000008
1772222740747707033,2026-02-27 15:05:40.747,5.95541,0.124701,-2.35217,0.039434,-0.377553,0.067205,28.074000000000012
1772222740748879922,2026-02-27 15:05:40.748,5.9383,0.083586,-1.97232,0.037589,-0.378072,0.065021,28.075000000000003
1772222740750064679,2026-02-27 15:05:40.750,5.96183,0.072073,-2.30806,0.03617,-0.378557,0.066503,28.077000000000012
1772222740751238084,2026-02-27 15:05:40.751,5.98018,-0.048353,-3.25637,0.033154,-0.37943,0.074397,28.078000000000003
1772222740752431216,2026-02-27 15:05:40.752,6.01556,-0.05104,-3.3213,0.030895,-0.380193,0.074945,28.079000000000008
1772222740753571977,2026-02-27 15:05:40.753,6.0342,-0.110256,-3.3403,0.028887,-0.381324,0.074652,28.080000000000013
1772222740754697977,2026-02-27 15:05:40.754,6.00469,-0.189566,-3.38887,0.027614,-0.383113,0.075667,28.081000000000003
1772222740755872304,2026-02-27 15:05:40.755,6.03878,-0.157792,-3.5202,0.026218,-0.383826,0.077069,28.082000000000008
1772222740757068842,2026-02-27 15:05:40.757,6.04595,-0.221242,-4.51952,0.021927,-0.384671,0.086441,28.084000000000003
1772222740758239229,2026-02-27 15:05:40.758,6.04704,-0.286609,-4.12794,0.018012,-0.38761,0.082311,28.085000000000008
1772222740759437002,2026-02-27 15:05:40.759,6.07754,-0.374075,-3.65469,0.014987,-0.387571,0.078384,28.086000000000013
1772222740760571503,2026-02-27 15:05:40.760,6.0971,-0.383142,-3.43908,0.010785,-0.390134,0.076301,28.087000000000003
1772222740761699564,2026-02-27 15:05:40.761,6.11986,-0.410853,-3.48991,0.012538,-0.391153,0.078006,28.088000000000008
1772222740762872691,2026-02-27 15:05:40.762,6.19812,-0.43571,-3.41682,0.008245,-0.394143,0.079224,28.089
1772222740764067303,2026-02-27 15:05:40.764,6.11045,-0.533363,-3.47804,0.002241,-0.394637,0.078641,28.091000000000008
1772222740765259698,2026-02-27 15:05:40.765,6.1844,-0.556198,-2.66406,0.000434,-0.400266,0.072461,28.092
1772222740766449759,2026-02-27 15:05:40.766,6.22347,-0.593829,-2.69148,-0.00401,-0.401439,0.073395,28.093000000000004
1772222740767576221,2026-02-27 15:05:40.767,6.25165,-0.70305,-3.3002,-0.007831,-0.403733,0.079132,28.09400000000001
1772222740768705015,2026-02-27 15:05:40.768,6.3213,-0.690229,-3.64928,-0.005155,-0.404627,0.083034,28.095
1772222740769877244,2026-02-27 15:05:40.769,6.32624,-0.772944,-3.69753,-0.008347,-0.406617,0.083991,28.096000000000004
1772222740771072997,2026-02-27 15:05:40.771,6.37173,-0.777482,-3.72103,-0.010608,-0.410149,0.084382,28.098
1772222740772270341,2026-02-27 15:05:40.772,6.39736,-0.815399,-4.48343,-0.013347,-0.413854,0.091827,28.099000000000004
1772222740773474421,2026-02-27 15:05:40.773,6.5226,-0.933384,-4.92519,-0.014736,-0.416003,0.094227,28.10000000000001
1772222740774573515,2026-02-27 15:05:40.774,6.54824,-0.944089,-4.78089,-0.016058,-0.41926,0.09388,28.101
1772222740775699748,2026-02-27 15:05:40.775,6.55527,-0.948443,-4.34484,-0.015954,-0.42092,0.089442,28.102000000000004
1772222740776896918,2026-02-27 15:05:40.776,6.60037,-1.03986,-4.19124,-0.018101,-0.422701,0.087724,28.10300000000001
1772222740778089855,2026-02-27 15:05:40.778,6.56029,-1.04778,-4.08217,-0.021109,-0.424464,0.086271,28.105000000000004
1772222740779281754,2026-02-27 15:05:40.779,6.65515,-1.06345,-4.35241,-0.017904,-0.427919,0.08746,28.10600000000001
1772222740780470479,2026-02-27 15:05:40.780,6.62751,-1.11325,-4.19498,-0.019858,-0.429111,0.084949,28.107
1772222740781600919,2026-02-27 15:05:40.781,6.68174,-1.13209,-3.4693,-0.015789,-0.429758,0.077072,28.108000000000004
1772222740782732275,2026-02-27 15:05:40.782,6.64741,-1.17243,-3.98855,-0.01822,-0.431733,0.081461,28.10900000000001
1772222740783908192,2026-02-27 15:05:40.783,6.66801,-1.18311,-4.31422,-0.023505,-0.432089,0.081159,28.11
1772222740785101625,2026-02-27 15:05:40.785,6.7016,-1.24572,-4.8899,-0.018573,-0.433832,0.088607,28.11200000000001
1772222740786291085,2026-02-27 15:05:40.786,6.73198,-1.28903,-5.22338,-0.018915,-0.437905,0.089717,28.113
1772222740787480080,2026-02-27 15:05:40.787,6.74255,-1.34411,-5.34152,-0.022211,-0.438537,0.088916,28.114000000000004
1772222740788605425,2026-02-27 15:05:40.788,6.74908,-1.362,-5.4871,-0.018791,-0.43965,0.089551,28.11500000000001
1772222740789777823,2026-02-27 15:05:40.789,6.83031,-1.43231,-6.77593,-0.021785,-0.44181,0.099832,28.116
1772222740790972363,2026-02-27 15:05:40.790,6.84812,-1.45929,-6.67416,-0.023186,-0.442728,0.096643,28.117000000000004
1772222740792167002,2026-02-27 15:05:40.792,6.82224,-1.47627,-6.77382,-0.024003,-0.443299,0.096158,28.119
1772222740793338265,2026-02-27 15:05:40.793,6.81516,-1.5565,-6.28478,-0.024084,-0.444792,0.089787,28.120000000000005
1772222740794518042,2026-02-27 15:05:40.794,6.8266,-1.62656,-6.34555,-0.023595,-0.446721,0.089748,28.12100000000001
1772222740795645848,2026-02-27 15:05:40.795,6.77775,-1.69762,-6.53094,-0.026135,-0.446383,0.08979,28.122
1772222740796927506,2026-02-27 15:05:40.796,6.80204,-1.76049,-6.67582,-0.029158,-0.446939,0.090034,28.123000000000005
1772222740798121464,2026-02-27 15:05:40.798,6.82145,-1.83906,-5.9551,-0.030113,-0.449589,0.082494,28.125
1772222740799290227,2026-02-27 15:05:40.799,6.7818,-1.86552,-5.95226,-0.03197,-0.449868,0.081828,28.126000000000005
1772222740800480912,2026-02-27 15:05:40.800,6.78835,-2.01049,-6.85688,-0.037113,-0.452175,0.089076,28.12700000000001
1772222740801606694,2026-02-27 15:05:40.801,6.78475,-2.05388,-7.39532,-0.039191,-0.453042,0.093426,28.128
1772222740802777102,2026-02-27 15:05:40.802,6.73591,-2.13899,-7.52609,-0.043464,-0.454411,0.094334,28.129000000000005
1772222740803971614,2026-02-27 15:05:40.803,6.82789,-2.19061,-7.59366,-0.045337,-0.455674,0.095478,28.13000000000001
1772222740805165537,2026-02-27 15:05:40.805,6.82504,-2.25327,-7.69912,-0.05002,-0.45695,0.095735,28.132000000000005
1772222740806360761,2026-02-27 15:05:40.806,6.78193,-2.43273,-8.97799,-0.057541,-0.459597,0.107013,28.13300000000001
1772222740807533100,2026-02-27 15:05:40.807,6.8198,-2.44014,-8.80952,-0.066212,-0.459856,0.102631,28.134
1772222740808661368,2026-02-27 15:05:40.808,6.84674,-2.5685,-8.62703,-0.063152,-0.462674,0.102966,28.135000000000005
1772222740809833820,2026-02-27 15:05:40.809,6.80319,-2.67736,-8.28143,-0.065819,-0.463276,0.099657,28.13600000000001
1772222740811029846,2026-02-27 15:05:40.811,6.8411,-2.7152,-8.23135,-0.06957,-0.464473,0.098087,28.138000000000005
1772222740812208285,2026-02-27 15:05:40.812,6.82038,-2.71804,-8.40325,-0.072263,-0.464994,0.099235,28.13900000000001
1772222740813379542,2026-02-27 15:05:40.813,6.73962,-2.90336,-8.5846,-0.079847,-0.465043,0.098281,28.14
1772222740814545982,2026-02-27 15:05:40.814,6.77728,-2.90008,-7.64596,-0.080777,-0.463887,0.088703,28.141000000000005
1772222740815673487,2026-02-27 15:05:40.815,6.73082,-2.9716,-8.1763,-0.082111,-0.462784,0.091771,28.14200000000001
1772222740816850684,2026-02-27 15:05:40.816,6.71313,-3.06344,-8.301,-0.085058,-0.460975,0.092001,28.143
1772222740818046475,2026-02-27 15:05:40.818,6.73076,-3.10518,-9.02658,-0.087122,-0.459664,0.097058,28.14500000000001
1772222740819225860,2026-02-27 15:05:40.819,6.68441,-3.19558,-9.46431,-0.088219,-0.457654,0.09845,28.146
1772222740820397238,2026-02-27 15:05:40.820,6.60178,-3.3243,-9.65346,-0.090491,-0.450648,0.096034,28.147000000000006
1772222740821534387,2026-02-27 15:05:40.821,6.57229,-3.34642,-9.83461,-0.092312,-0.446363,0.095623,28.14800000000001
1772222740822660337,2026-02-27 15:05:40.822,6.42627,-3.41271,-10.9219,-0.095507,-0.441133,0.102615,28.149
1772222740823860740,2026-02-27 15:05:40.823,6.33038,-3.48044,-11.1668,-0.099373,-0.435796,0.102337,28.150000000000006
1772222740825060048,2026-02-27 15:05:40.825,6.28034,-3.55959,-11.1349,-0.099938,-0.43056,0.10054,28.152
1772222740826241709,2026-02-27 15:05:40.826,6.14545,-3.63771,-10.8583,-0.10379,-0.427337,0.095045,28.153000000000006
1772222740827426258,2026-02-27 15:05:40.827,6.02058,-3.72731,-10.5334,-0.104099,-0.420668,0.088732,28.15400000000001
1772222740828579636,2026-02-27 15:05:40.828,5.91947,-3.79351,-10.7721,-0.110863,-0.414634,0.087322,28.155
1772222740829710773,2026-02-27 15:05:40.829,5.84388,-3.80919,-10.845,-0.111369,-0.408138,0.085927,28.156000000000006
1772222740830891340,2026-02-27 15:05:40.830,5.77005,-3.84247,-10.2819,-0.106336,-0.403659,0.08096,28.15700000000001
1772222740832088172,2026-02-27 15:05:40.832,5.62477,-3.85861,-9.86798,-0.114234,-0.394408,0.073056,28.159000000000006
1772222740833261880,2026-02-27 15:05:40.833,5.50559,-3.96412,-10.3674,-0.118124,-0.387199,0.07431,28.16000000000001
1772222740834435234,2026-02-27 15:05:40.834,5.34612,-4.1113,-11.2587,-0.1215,-0.379146,0.079405,28.161
1772222740835546265,2026-02-27 15:05:40.835,5.28721,-4.04669,-11.2434,-0.114976,-0.37669,0.080437,28.162000000000006
1772222740836677127,2026-02-27 15:05:40.836,5.22789,-4.10615,-11.352,-0.120942,-0.369839,0.078015,28.16300000000001
1772222740837852619,2026-02-27 15:05:40.837,5.21129,-4.13592,-11.4273,-0.117259,-0.36564,0.07734,28.164
1772222740839054911,2026-02-27 15:05:40.839,5.06813,-4.11566,-11.5527,-0.117919,-0.356857,0.074442,28.16600000000001
1772222740840251858,2026-02-27 15:05:40.840,4.87656,-4.18662,-12.5998,-0.122553,-0.352416,0.084451,28.167
1772222740841442864,2026-02-27 15:05:40.841,4.70977,-4.1343,-12.7999,-0.128733,-0.33519,0.074039,28.168000000000006
1772222740842605706,2026-02-27 15:05:40.842,4.60678,-4.17901,-12.39,-0.124529,-0.333159,0.070512,28.16900000000001
1772222740843740270,2026-02-27 15:05:40.843,4.48911,-4.23647,-12.4475,-0.13119,-0.327405,0.066233,28.17
1772222740844871786,2026-02-27 15:05:40.844,4.41313,-4.28894,-12.196,-0.123229,-0.329117,0.0685,28.171000000000006
1772222740846068748,2026-02-27 15:05:40.846,4.39112,-4.35849,-12.6837,-0.12664,-0.318353,0.065197,28.173000000000002
1772222740847238289,2026-02-27 15:05:40.847,4.2745,-4.41189,-12.9992,-0.127836,-0.314447,0.063268,28.174000000000007
1772222740848411029,2026-02-27 15:05:40.848,3.9972,-4.45112,-12.1964,-0.133063,-0.306135,0.051653,28.17500000000001
1772222740849544170,2026-02-27 15:05:40.849,3.99529,-4.52168,-12.3406,-0.118315,-0.301837,0.052848,28.176000000000002
1772222740850675575,2026-02-27 15:05:40.850,3.85158,-4.50897,-13.3645,-0.119831,-0.285235,0.053588,28.177000000000007
1772222740851850085,2026-02-27 15:05:40.851,3.59488,-4.50376,-13.706,-0.116698,-0.286667,0.055345,28.17800000000001
1772222740853049747,2026-02-27 15:05:40.853,3.54318,-4.38205,-13.4467,-0.106757,-0.281809,0.053583,28.180000000000007
1772222740854247344,2026-02-27 15:05:40.854,3.56401,-4.22611,-13.3216,-0.103593,-0.272991,0.050456,28.18100000000001
1772222740855418493,2026-02-27 15:05:40.855,3.48192,-4.16328,-14.0122,-0.113567,-0.250042,0.043624,28.182000000000002
1772222740856545861,2026-02-27 15:05:40.856,2.97538,-4.60361,-18.3893,-0.150712,-0.2149,0.046791,28.183000000000007
1772222740857679070,2026-02-27 15:05:40.857,2.64466,-4.98339,-18.7935,-0.150786,-0.229173,0.051246,28.18400000000001
1772222740858853876,2026-02-27 15:05:40.858,2.5901,-5.35078,-18.9739,-0.14735,-0.238846,0.053756,28.185000000000002
1772222740859986089,2026-02-27 15:05:40.859,2.47547,-5.68765,-19.0585,-0.142111,-0.245989,0.054021,28.186000000000007
1772222740861122619,2026-02-27 15:05:40.861,2.33667,-5.90527,-19.3113,-0.137991,-0.245802,0.052003,28.188000000000002
1772222740862240418,2026-02-27 15:05:40.862,2.13726,-6.03072,-19.7669,-0.138836,-0.238908,0.04954,28.189000000000007
1772222740863355235,2026-02-27 15:05:40.863,2.06872,-6.00444,-20.2118,-0.136458,-0.229358,0.046052,28.190000000000012
1772222740864477385,2026-02-27 15:05:40.864,1.70667,-5.95481,-19.3648,-0.138463,-0.203883,0.031164,28.191000000000003
1772222740865592151,2026-02-27 15:05:40.865,1.55794,-5.89834,-19.8926,-0.134472,-0.19277,0.03411,28.192000000000007
1772222740866698612,2026-02-27 15:05:40.866,1.47882,-5.88527,-19.9204,-0.131506,-0.182085,0.032341,28.193000000000012
1772222740867874915,2026-02-27 15:05:40.867,1.42583,-5.84782,-20.5706,-0.130454,-0.173325,0.035342,28.194000000000003
1772222740869071238,2026-02-27 15:05:40.869,1.38009,-5.8789,-20.8122,-0.124902,-0.167411,0.035245,28.196000000000012
1772222740870269521,2026-02-27 15:05:40.870,1.33533,-5.89433,-20.8486,-0.126992,-0.162056,0.034478,28.197000000000003
1772222740871441041,2026-02-27 15:05:40.871,1.18596,-5.94367,-20.9748,-0.129837,-0.159226,0.034578,28.198000000000008
1772222740872591719,2026-02-27 15:05:40.872,1.05644,-6.10284,-22.286,-0.132749,-0.152896,0.044793,28.199000000000012
1772222740873722732,2026-02-27 15:05:40.873,1.00957,-6.19612,-22.3378,-0.135384,-0.150322,0.043151,28.200000000000003
1772222740874850797,2026-02-27 15:05:40.874,0.908469,-6.25984,-22.3963,-0.139199,-0.14612,0.042359,28.201000000000008
1772222740876049483,2026-02-27 15:05:40.876,0.855775,-6.30491,-22.0007,-0.141064,-0.141785,0.037779,28.203000000000003
1772222740877252388,2026-02-27 15:05:40.877,0.686609,-6.36446,-21.8026,-0.148125,-0.137027,0.034743,28.204000000000008
1772222740878433561,2026-02-27 15:05:40.878,0.565486,-6.41268,-22.0142,-0.149231,-0.124267,0.032746,28.205000000000013
1772222740879583121,2026-02-27 15:05:40.879,0.477135,-6.56999,-22.1479,-0.156259,-0.118289,0.030905,28.206000000000003
1772222740880713898,2026-02-27 15:05:40.880,0.348727,-6.64343,-21.6911,-0.155117,-0.110477,0.023194,28.207000000000008
1772222740881887270,2026-02-27 15:05:40.881,0.227505,-6.68539,-21.5924,-0.161009,-0.102795,0.020066,28.208000000000013
1772222740883086939,2026-02-27 15:05:40.883,0.076404,-6.80448,-22.0493,-0.164708,-0.096348,0.020943,28.210000000000008
1772222740884289028,2026-02-27 15:05:40.884,-0.032649,-6.8984,-22.724,-0.165962,-0.088859,0.024288,28.211000000000013
1772222740885476534,2026-02-27 15:05:40.885,-0.160187,-7.05718,-23.4167,-0.168359,-0.086296,0.027008,28.212000000000003
1772222740886621923,2026-02-27 15:05:40.886,-0.303791,-7.09838,-23.6823,-0.170165,-0.079859,0.026787,28.213000000000008
1772222740887816338,2026-02-27 15:05:40.887,-0.528475,-7.32907,-24.004,-0.173384,-0.070788,0.025554,28.214
1772222740889017796,2026-02-27 15:05:40.889,-0.688603,-7.29692,-24.1884,-0.174039,-0.06262,0.025425,28.216000000000008
1772222740890222386,2026-02-27 15:05:40.890,-0.750727,-7.42441,-25.7287,-0.177855,-0.049,0.030452,28.217
1772222740891410172,2026-02-27 15:05:40.891,-0.919255,-7.51899,-25.6217,-0.183521,-0.043372,0.025867,28.218000000000004
1772222740892554345,2026-02-27 15:05:40.892,-1.15946,-7.7301,-25.5811,-0.186156,-0.032118,0.019067,28.21900000000001
1772222740893699886,2026-02-27 15:05:40.893,-1.15946,-7.7301,-25.5811,-0.186156,-0.032118,0.019067,28.22
1772222740894895196,2026-02-27 15:05:40.894,-1.35015,-7.89785,-25.8686,-0.190478,-0.023361,0.015713,28.221000000000004
1772222740896083693,2026-02-27 15:05:40.896,-1.3942,-7.95995,-26.1488,-0.19196,-0.019799,0.014825,28.223
1772222740897284914,2026-02-27 15:05:40.897,-1.4817,-8.07956,-26.3921,-0.194556,-0.016371,0.014356,28.224000000000004
1772222740898474350,2026-02-27 15:05:40.898,-1.62386,-8.20976,-25.5455,-0.197294,-0.011376,0.002739,28.22500000000001
1772222740899624079,2026-02-27 15:05:40.899,-1.70044,-8.25031,-25.9312,-0.198424,-0.008495,0.005472,28.226
1772222740900803018,2026-02-27 15:05:40.900,-1.76175,-8.39975,-26.8631,-0.206884,-0.004079,0.010435,28.227000000000004
1772222740902002994,2026-02-27 15:05:40.902,-1.8403,-8.40879,-27.2656,-0.205839,0.000727,0.012766,28.229
1772222740903202871,2026-02-27 15:05:40.903,-1.88465,-8.56449,-27.3527,-0.211873,2.2e-05,0.013183,28.230000000000004
1772222740904403576,2026-02-27 15:05:40.904,-1.8822,-8.63507,-27.4734,-0.21658,0.001768,0.012738,28.23100000000001
1772222740905601024,2026-02-27 15:05:40.905,-1.8322,-8.69522,-27.561,-0.219226,0.000437,0.013661,28.232
1772222740906952444,2026-02-27 15:05:40.906,-1.87726,-8.86291,-28.8313,-0.229226,0.001346,0.023565,28.233000000000004
1772222740908153722,2026-02-27 15:05:40.908,-1.84693,-8.91111,-28.8838,-0.229837,-0.000657,0.022228,28.235
1772222740909351800,2026-02-27 15:05:40.909,-1.92425,-9.06317,-28.5866,-0.237751,-0.003421,0.019665,28.236000000000004
1772222740910545648,2026-02-27 15:05:40.910,-1.84336,-9.18767,-28.5945,-0.242378,-0.007918,0.017594,28.23700000000001
1772222740911679968,2026-02-27 15:05:40.911,-1.84631,-9.31248,-28.8035,-0.247846,-0.011752,0.017996,28.238
1772222740912858157,2026-02-27 15:05:40.912,-1.86612,-9.37994,-29.05,-0.250988,-0.013897,0.018015,28.239000000000004
1772222740914059591,2026-02-27 15:05:40.914,-1.79655,-9.48291,-28.9042,-0.25807,-0.017458,0.017263,28.241
1772222740915259645,2026-02-27 15:05:40.915,-1.83932,-9.5599,-28.272,-0.262373,-0.018777,0.010475,28.242000000000004
1772222740916492082,2026-02-27 15:05:40.916,-1.81152,-9.60349,-28.8265,-0.265378,-0.020804,0.014155,28.24300000000001
1772222740917623407,2026-02-27 15:05:40.917,-1.77275,-9.74967,-30.0751,-0.268583,-0.022972,0.021233,28.244
1772222740918792636,2026-02-27 15:05:40.918,-1.75192,-9.83932,-30.2966,-0.271853,-0.025829,0.023801,28.245000000000005
1772222740919992882,2026-02-27 15:05:40.919,-1.859,-9.94132,-30.5376,-0.280207,-0.026674,0.022443,28.24600000000001
1772222740921194745,2026-02-27 15:05:40.921,-1.77446,-10.0032,-30.6875,-0.279262,-0.028929,0.023827,28.248000000000005
1772222740922397636,2026-02-27 15:05:40.922,-1.80132,-10.0028,-30.8709,-0.279005,-0.029291,0.023752,28.24900000000001
1772222740923543064,2026-02-27 15:05:40.923,-1.8216,-10.1637,-32.1227,-0.283423,-0.031208,0.034242,28.25
1772222740924677122,2026-02-27 15:05:40.924,-1.7764,-10.2535,-31.9695,-0.286213,-0.034119,0.032528,28.251000000000005
1772222740925848126,2026-02-27 15:05:40.925,-1.88454,-10.2125,-31.5107,-0.285291,-0.03221,0.027516,28.25200000000001
1772222740927048183,2026-02-27 15:05:40.927,-1.84944,-10.236,-31.2069,-0.288555,-0.031687,0.024584,28.254000000000005
1772222740928248162,2026-02-27 15:05:40.928,-1.8701,-10.2561,-31.1058,-0.287741,-0.032566,0.024671,28.25500000000001
1772222740929449993,2026-02-27 15:05:40.929,-1.8817,-10.1559,-30.3996,-0.282142,-0.040443,0.025784,28.256
1772222740930611418,2026-02-27 15:05:40.930,-1.81889,-10.025,-28.8611,-0.264777,-0.054825,0.028101,28.257000000000005
1772222740931771070,2026-02-27 15:05:40.931,-1.79234,-9.65432,-28.0768,-0.265913,-0.029752,0.011448,28.25800000000001
1772222740932971318,2026-02-27 15:05:40.932,-1.68235,-9.57772,-29.6449,-0.298928,0.009491,0.004586,28.259
1772222740934170585,2026-02-27 15:05:40.934,-1.88437,-9.69341,-30.1781,-0.288418,-0.018041,0.016937,28.26100000000001
1772222740935369180,2026-02-27 15:05:40.935,-1.76908,-9.84197,-31.5305,-0.305058,-0.005403,0.02106,28.262
1772222740936544614,2026-02-27 15:05:40.936,-1.96646,-10.2281,-32.9652,-0.313837,-0.010479,0.024334,28.263000000000005
1772222740937679913,2026-02-27 15:05:40.937,-2.31911,-10.8444,-34.3949,-0.314166,-0.033081,0.029508,28.26400000000001
1772222740938837057,2026-02-27 15:05:40.938,-2.40531,-10.9783,-35.099,-0.309916,-0.040177,0.034204,28.265
1772222740940037956,2026-02-27 15:05:40.940,-2.44907,-11.0369,-36.3081,-0.305424,-0.035691,0.038683,28.26700000000001
1772222740941244910,2026-02-27 15:05:40.941,-2.60654,-11.0283,-36.3475,-0.299299,-0.025306,0.032321,28.268
1772222740942446616,2026-02-27 15:05:40.942,-2.80235,-10.9374,-36.333,-0.293622,-0.010472,0.027048,28.269000000000005
1772222740943601682,2026-02-27 15:05:40.943,-2.89958,-10.8903,-36.0973,-0.28673,0.005044,0.019482,28.27000000000001
1772222740944752962,2026-02-27 15:05:40.944,-3.13811,-10.7138,-36.1805,-0.271663,0.034464,0.011215,28.271
1772222740945949572,2026-02-27 15:05:40.945,-3.23509,-10.641,-36.2219,-0.266674,0.04551,0.00845,28.272000000000006
1772222740947150815,2026-02-27 15:05:40.947,-3.47851,-10.6483,-36.3705,-0.261833,0.056742,0.006087,28.274
1772222740948350303,2026-02-27 15:05:40.948,-3.59222,-10.7345,-35.3976,-0.257369,0.06541,-0.00557,28.275000000000006
1772222740949554984,2026-02-27 15:05:40.949,-3.74635,-10.7551,-35.8905,-0.2588,0.074476,-0.002086,28.27600000000001
1772222740950691111,2026-02-27 15:05:40.950,-4.01374,-11.0405,-36.905,-0.26386,0.094283,-6.1e-05,28.277
1772222740951848782,2026-02-27 15:05:40.951,-4.2114,-11.0906,-37.284,-0.264527,0.106074,0.001547,28.278000000000006
1772222740953048806,2026-02-27 15:05:40.953,-4.41994,-11.2181,-37.4022,-0.274106,0.116884,0.000101,28.28
1772222740954252470,2026-02-27 15:05:40.954,-4.62188,-11.3343,-37.4355,-0.280654,0.128524,-0.001672,28.281000000000006
1772222740955473208,2026-02-27 15:05:40.955,-4.77442,-11.4114,-37.4687,-0.283944,0.139201,-0.003155,28.28200000000001
1772222740956605422,2026-02-27 15:05:40.956,-4.90958,-11.4791,-38.4524,-0.282537,0.151883,0.004085,28.283
1772222740957742702,2026-02-27 15:05:40.957,-5.20815,-11.6692,-38.3965,-0.293234,0.17208,0.000879,28.284000000000006
1772222740958875883,2026-02-27 15:05:40.958,-5.3526,-11.8009,-37.8924,-0.298051,0.180656,-0.005042,28.28500000000001
1772222740960075083,2026-02-27 15:05:40.960,-5.54688,-11.8541,-37.5297,-0.305377,0.190391,-0.008263,28.287000000000006
1772222740961274432,2026-02-27 15:05:40.961,-5.71629,-11.968,-37.5003,-0.309592,0.198845,-0.010136,28.28800000000001
1772222740962476899,2026-02-27 15:05:40.962,-5.82866,-11.982,-37.624,-0.311781,0.207779,-0.010114,28.289
1772222740963615876,2026-02-27 15:05:40.963,-5.96705,-12.0123,-37.6814,-0.316377,0.215206,-0.011145,28.290000000000006
1772222740964755071,2026-02-27 15:05:40.964,-6.25141,-12.1511,-36.7619,-0.324879,0.22579,-0.021995,28.29100000000001
1772222740965938490,2026-02-27 15:05:40.965,-6.304,-12.243,-37.1034,-0.328573,0.230976,-0.019795,28.292
1772222740967146736,2026-02-27 15:05:40.967,-6.35695,-12.3006,-37.4466,-0.332362,0.235648,-0.017358,28.29400000000001
1772222740968346252,2026-02-27 15:05:40.968,-6.43014,-12.3574,-37.9845,-0.334621,0.237573,-0.013235,28.295
1772222740969561846,2026-02-27 15:05:40.969,-6.52177,-12.3904,-38.0905,-0.342782,0.239968,-0.013252,28.296000000000006
1772222740970696959,2026-02-27 15:05:40.970,-6.55546,-12.4738,-38.1922,-0.345033,0.242267,-0.013416,28.29700000000001
1772222740971877819,2026-02-27 15:05:40.971,-6.5528,-12.4922,-38.2382,-0.345822,0.242631,-0.012621,28.298000000000002
1772222740973078090,2026-02-27 15:05:40.973,-6.47509,-12.5808,-39.3003,-0.348249,0.24234,-0.002666,28.30000000000001
1772222740974278979,2026-02-27 15:05:40.974,-6.51738,-12.5882,-39.0124,-0.351195,0.240181,-0.006575,28.301000000000002
1772222740975487549,2026-02-27 15:05:40.975,-6.47334,-12.6111,-39.0323,-0.351948,0.238313,-0.006611,28.302000000000007
1772222740976622274,2026-02-27 15:05:40.976,-6.46046,-12.6189,-38.6251,-0.354153,0.236867,-0.00984,28.30300000000001
1772222740977782106,2026-02-27 15:05:40.977,-6.44812,-12.7315,-38.5582,-0.357842,0.229205,-0.011116,28.304000000000002
1772222740978982772,2026-02-27 15:05:40.978,-6.32169,-12.7818,-38.7294,-0.35677,0.225129,-0.009518,28.305000000000007
1772222740980191219,2026-02-27 15:05:40.980,-6.32206,-12.7551,-38.8011,-0.354053,0.219351,-0.007905,28.307000000000002
1772222740981392517,2026-02-27 15:05:40.981,-6.34257,-12.8406,-37.8178,-0.36028,0.214024,-0.015565,28.308000000000007
1772222740982574908,2026-02-27 15:05:40.982,-6.16789,-12.8006,-38.1107,-0.35432,0.209045,-0.013682,28.30900000000001
1772222740983724998,2026-02-27 15:05:40.983,-5.87164,-12.8513,-38.8814,-0.357089,0.196637,-0.007555,28.310000000000002
1772222740984906104,2026-02-27 15:05:40.984,-5.70318,-12.8279,-39.3578,-0.357107,0.194175,-0.005942,28.311000000000007
1772222740986106183,2026-02-27 15:05:40.986,-5.50386,-12.876,-39.3849,-0.353519,0.19197,-0.010474,28.313000000000002
1772222740987312942,2026-02-27 15:05:40.987,-5.24907,-12.8728,-39.4376,-0.353361,0.188776,-0.017431,28.314000000000007
1772222740988530220,2026-02-27 15:05:40.988,-4.98363,-12.8806,-39.4949,-0.349325,0.188446,-0.026499,28.315000000000012
1772222740989697094,2026-02-27 15:05:40.989,-4.74056,-12.8585,-40.0696,-0.344278,0.190099,-0.031134,28.316000000000003
1772222740990913409,2026-02-27 15:05:40.990,-4.21493,-12.7578,-40.5008,-0.335795,0.192577,-0.047495,28.317000000000007
1772222740992114287,2026-02-27 15:05:40.992,-3.9941,-12.7225,-40.1949,-0.329536,0.191376,-0.056041,28.319000000000003
1772222740993312999,2026-02-27 15:05:40.993,-3.88382,-12.6492,-40.0348,-0.322293,0.187004,-0.061312,28.320000000000007
1772222740994523998,2026-02-27 15:05:40.994,-3.83214,-12.7206,-39.9324,-0.323693,0.180973,-0.061477,28.321000000000012
1772222740995666006,2026-02-27 15:05:40.995,-3.76189,-12.7481,-40.014,-0.321605,0.172888,-0.058208,28.322000000000003
1772222740996869979,2026-02-27 15:05:40.996,-3.81995,-12.8337,-40.2524,-0.316722,0.156187,-0.046895,28.323000000000008
1772222740998074046,2026-02-27 15:05:40.998,-3.99319,-12.9342,-39.276,-0.321466,0.144617,-0.047734,28.325000000000003
1772222740999277820,2026-02-27 15:05:40.999,-4.06306,-13.0381,-39.8164,-0.323917,0.134367,-0.034064,28.326000000000008
1772222741000489052,2026-02-27 15:05:41.000,-4.19227,-13.0936,-40.0495,-0.326995,0.12479,-0.024031,28.327000000000012
1772222741001624599,2026-02-27 15:05:41.001,-4.28328,-13.2525,-40.7854,-0.331205,0.115835,-0.00862,28.328000000000003
1772222741002762828,2026-02-27 15:05:41.002,-4.484,-13.3824,-41.1081,-0.341461,0.106879,0.005261,28.329000000000008
1772222741003899316,2026-02-27 15:05:41.003,-4.55705,-13.5169,-41.3379,-0.348765,0.104173,0.008621,28.330000000000013
1772222741005100056,2026-02-27 15:05:41.005,-4.61945,-13.479,-41.4668,-0.3477,0.104487,0.012682,28.332000000000008
1772222741006281688,2026-02-27 15:05:41.006,-4.62907,-13.4866,-42.7222,-0.347788,0.107225,0.024123,28.333000000000013
1772222741007496099,2026-02-27 15:05:41.007,-4.76275,-13.5793,-42.5777,-0.353126,0.109713,0.023225,28.334000000000003
1772222741008632654,2026-02-27 15:05:41.008,-4.85297,-13.583,-42.6533,-0.354885,0.114068,0.022063,28.335000000000008
1772222741009787290,2026-02-27 15:05:41.009,-5.12321,-13.6302,-42.0338,-0.355023,0.126038,0.014021,28.336000000000013
1772222741010981598,2026-02-27 15:05:41.010,-5.16936,-13.6805,-42.1246,-0.355072,0.133021,0.012369,28.337000000000003
1772222741012171890,2026-02-27 15:05:41.012,-5.34896,-13.6543,-42.1575,-0.354781,0.14108,0.010858,28.339
1772222741013374459,2026-02-27 15:05:41.013,-5.49217,-13.7346,-42.2499,-0.356145,0.150485,0.009181,28.340000000000003
1772222741014563078,2026-02-27 15:05:41.014,-5.69336,-13.768,-41.712,-0.355139,0.159843,0.001338,28.341000000000008
1772222741015697705,2026-02-27 15:05:41.015,-5.80753,-13.771,-41.4231,-0.357121,0.171429,-0.002498,28.342
1772222741017026882,2026-02-27 15:05:41.017,-6.19883,-13.9233,-42.3091,-0.36399,0.194686,-0.001843,28.34400000000001
1772222741018169288,2026-02-27 15:05:41.018,-6.39075,-13.9793,-42.8497,-0.364379,0.208551,-0.000356,28.345
1772222741019392916,2026-02-27 15:05:41.019,-6.5372,-14.0794,-42.9851,-0.36815,0.221286,-0.001739,28.346000000000004
1772222741020570103,2026-02-27 15:05:41.020,-6.81513,-14.1747,-42.9896,-0.371379,0.237251,-0.004718,28.34700000000001
1772222741021699803,2026-02-27 15:05:41.021,-7.06167,-14.2543,-43.0615,-0.375127,0.253038,-0.006684,28.348
1772222741022859265,2026-02-27 15:05:41.022,-7.59788,-14.4651,-44.3628,-0.388214,0.284593,-0.00219,28.349000000000004
1772222741024055042,2026-02-27 15:05:41.024,-7.81571,-14.5496,-44.0515,-0.392132,0.301455,-0.00975,28.351
1772222741025254788,2026-02-27 15:05:41.025,-8.05757,-14.6833,-44.0054,-0.397814,0.317349,-0.014288,28.352000000000004
1772222741026470206,2026-02-27 15:05:41.026,-8.34859,-14.7578,-43.6204,-0.403075,0.33402,-0.020932,28.35300000000001
1772222741027572860,2026-02-27 15:05:41.027,-8.51872,-14.8679,-43.4712,-0.408468,0.350177,-0.025439,28.354
1772222741028704651,2026-02-27 15:05:41.028,-8.78515,-14.9703,-43.5776,-0.414986,0.366538,-0.02856,28.355000000000004
1772222741029867074,2026-02-27 15:05:41.029,-9.26848,-15.1688,-43.6961,-0.426293,0.397892,-0.033435,28.35600000000001
1772222741031064742,2026-02-27 15:05:41.031,-9.58288,-15.2807,-42.6711,-0.431971,0.412477,-0.047827,28.358000000000004
1772222741032268187,2026-02-27 15:05:41.032,-9.85718,-15.3755,-42.9834,-0.441129,0.427863,-0.047676,28.35900000000001
1772222741033480416,2026-02-27 15:05:41.033,-10.1037,-15.5385,-43.0981,-0.444814,0.443904,-0.049286,28.36
1772222741034611810,2026-02-27 15:05:41.034,-10.3783,-15.6632,-43.7137,-0.452973,0.458492,-0.046295,28.361000000000004
1772222741035749281,2026-02-27 15:05:41.035,-10.5631,-15.7942,-44.0628,-0.461921,0.474129,-0.046448,28.36200000000001
1772222741036910027,2026-02-27 15:05:41.036,-11.0602,-15.9613,-44.1593,-0.475964,0.500909,-0.051916,28.363
1772222741038105543,2026-02-27 15:05:41.038,-11.345,-16.0491,-44.3088,-0.482107,0.514927,-0.054785,28.36500000000001
1772222741039305127,2026-02-27 15:05:41.039,-11.4774,-16.1439,-45.0726,-0.480142,0.532487,-0.049851,28.366
1772222741040512946,2026-02-27 15:05:41.040,-11.6469,-16.3147,-45.1763,-0.492556,0.54571,-0.050363,28.367000000000004
1772222741041646164,2026-02-27 15:05:41.041,-11.9566,-16.4226,-45.0562,-0.502389,0.559753,-0.054226,28.36800000000001
1772222741042794882,2026-02-27 15:05:41.042,-12.2322,-16.5532,-44.6701,-0.508994,0.574531,-0.061121,28.369
1772222741043967303,2026-02-27 15:05:41.043,-12.6437,-16.7548,-44.2316,-0.525611,0.599863,-0.070453,28.370000000000005
1772222741045164385,2026-02-27 15:05:41.045,-12.8448,-16.7393,-44.2355,-0.526032,0.611914,-0.073298,28.372
1772222741046365691,2026-02-27 15:05:41.046,-12.9987,-16.8361,-44.1583,-0.534648,0.625011,-0.073169,28.373000000000005
1772222741047570658,2026-02-27 15:05:41.047,-13.1858,-17.061,-43.8651,-0.543779,0.635243,-0.078281,28.37400000000001
1772222741048703748,2026-02-27 15:05:41.048,-13.3213,-17.2034,-43.0965,-0.551805,0.646092,-0.087373,28.375
1772222741049855703,2026-02-27 15:05:41.049,-13.4789,-17.2732,-43.4575,-0.558078,0.655223,-0.085652,28.376000000000005
1772222741051040325,2026-02-27 15:05:41.051,-13.7116,-17.4233,-44.251,-0.574472,0.670299,-0.083831,28.378
1772222741052240019,2026-02-27 15:05:41.052,-13.8078,-17.5249,-44.2515,-0.581173,0.676019,-0.081067,28.379000000000005
1772222741053445303,2026-02-27 15:05:41.053,-13.9122,-17.7372,-44.158,-0.591531,0.680365,-0.0805,28.38000000000001
1772222741054576210,2026-02-27 15:05:41.054,-13.9987,-17.8427,-44.1187,-0.602097,0.684189,-0.080979,28.381
1772222741055709152,2026-02-27 15:05:41.055,-14.0003,-18.0295,-44.0761,-0.612123,0.686674,-0.081731,28.382000000000005
1772222741056860096,2026-02-27 15:05:41.056,-14.0288,-18.0903,-45.0944,-0.61973,0.687343,-0.069663,28.38300000000001
1772222741058034141,2026-02-27 15:05:41.058,-13.9547,-18.2119,-44.5399,-0.638228,0.681878,-0.071267,28.385000000000005
1772222741059228419,2026-02-27 15:05:41.059,-13.8772,-18.2705,-43.9476,-0.640019,0.677541,-0.074621,28.38600000000001
1772222741060427418,2026-02-27 15:05:41.060,-13.8197,-18.4304,-43.5382,-0.651701,0.671576,-0.075525,28.387
1772222741061569825,2026-02-27 15:05:41.061,-13.7488,-18.544,-43.4931,-0.661524,0.664245,-0.073563,28.388000000000005
1772222741062700647,2026-02-27 15:05:41.062,-13.6559,-18.6372,-43.4861,-0.667931,0.657078,-0.071768,28.38900000000001
1772222741063850177,2026-02-27 15:05:41.063,-13.4638,-18.6879,-43.3944,-0.673557,0.649033,-0.070144,28.39
1772222741065024912,2026-02-27 15:05:41.065,-13.1287,-18.8395,-42.3047,-0.685329,0.626768,-0.07507,28.39200000000001
1772222741066219161,2026-02-27 15:05:41.066,-12.9401,-18.9329,-42.445,-0.689699,0.616182,-0.072249,28.393
1772222741067416629,2026-02-27 15:05:41.067,-12.8325,-19.0282,-43.0502,-0.694347,0.607409,-0.063905,28.394000000000005
1772222741068569320,2026-02-27 15:05:41.068,-12.6947,-19.0886,-43.4987,-0.700936,0.596011,-0.057824,28.39500000000001
1772222741069701806,2026-02-27 15:05:41.069,-12.4369,-19.1372,-43.4758,-0.700012,0.583861,-0.05458,28.396
1772222741070853002,2026-02-27 15:05:41.070,-12.2536,-19.1748,-43.5964,-0.703363,0.571453,-0.051666,28.397000000000006
1772222741072027518,2026-02-27 15:05:41.072,-11.8267,-19.2173,-44.0789,-0.703661,0.547063,-0.042656,28.399
1772222741073222943,2026-02-27 15:05:41.073,-11.6688,-19.3143,-44.893,-0.707024,0.531774,-0.033478,28.400000000000006
1772222741074422446,2026-02-27 15:05:41.074,-11.4313,-19.2699,-44.7426,-0.703139,0.520008,-0.034103,28.40100000000001
1772222741075576475,2026-02-27 15:05:41.075,-11.3302,-19.2792,-44.5678,-0.704394,0.508908,-0.032862,28.402
1772222741076708752,2026-02-27 15:05:41.076,-11.2167,-19.2925,-44.3837,-0.705649,0.495405,-0.033084,28.403000000000006
1772222741077864073,2026-02-27 15:05:41.077,-11.0656,-19.3282,-44.2468,-0.704101,0.48248,-0.032035,28.40400000000001
1772222741079036159,2026-02-27 15:05:41.079,-10.6653,-19.342,-44.5979,-0.698636,0.459487,-0.027307,28.406000000000006
1772222741080231308,2026-02-27 15:05:41.080,-10.5349,-19.3523,-44.6653,-0.697289,0.449282,-0.026175,28.40700000000001
1772222741081405774,2026-02-27 15:05:41.081,-10.3375,-19.3081,-43.7185,-0.69259,0.439204,-0.033395,28.408
1772222741082554948,2026-02-27 15:05:41.082,-10.2189,-19.2601,-44.287,-0.689381,0.43016,-0.02714,28.409000000000006
1772222741083698155,2026-02-27 15:05:41.083,-10.092,-19.2683,-44.4839,-0.685788,0.420515,-0.024756,28.41000000000001
1772222741084871113,2026-02-27 15:05:41.084,-9.95864,-19.3123,-45.2379,-0.686792,0.411936,-0.01833,28.411
1772222741086004948,2026-02-27 15:05:41.086,-9.78965,-19.3045,-45.7586,-0.676971,0.399002,-0.012757,28.41300000000001
1772222741087190025,2026-02-27 15:05:41.087,-9.66123,-19.2691,-45.8733,-0.672721,0.392649,-0.01034,28.414
1772222741088383772,2026-02-27 15:05:41.088,-9.57425,-19.2788,-46.0987,-0.667205,0.388229,-0.009697,28.415000000000006
1772222741089494245,2026-02-27 15:05:41.089,-9.48932,-19.2347,-47.1832,-0.661912,0.385772,0.000935,28.41600000000001
1772222741090629522,2026-02-27 15:05:41.090,-9.57018,-19.2494,-47.2583,-0.659872,0.383023,-0.000266,28.417
1772222741091786197,2026-02-27 15:05:41.091,-9.53245,-19.2039,-47.3627,-0.651092,0.382971,0.000719,28.418000000000006
1772222741092923497,2026-02-27 15:05:41.092,-9.60983,-19.162,-47.0835,-0.643981,0.383929,-0.004479,28.41900000000001
1772222741094114306,2026-02-27 15:05:41.094,-9.68956,-19.1259,-47.1532,-0.635975,0.390484,-0.009081,28.421000000000006
1772222741095285799,2026-02-27 15:05:41.095,-9.70695,-19.0541,-47.3116,-0.625771,0.394295,-0.009176,28.42200000000001
1772222741096491825,2026-02-27 15:05:41.096,-9.87647,-18.9794,-47.5114,-0.61804,0.400251,-0.009717,28.423000000000002
1772222741097627686,2026-02-27 15:05:41.097,-9.85094,-18.989,-47.1585,-0.613993,0.405637,-0.016586,28.424000000000007
1772222741098784344,2026-02-27 15:05:41.098,-9.97421,-18.9948,-46.817,-0.609838,0.411534,-0.022099,28.42500000000001
1772222741099957379,2026-02-27 15:05:41.099,-10.1445,-19.0378,-47.3345,-0.610448,0.419315,-0.021158,28.426000000000002
1772222741101132495,2026-02-27 15:05:41.101,-10.2857,-19.0867,-48.4617,-0.60403,0.432904,-0.016668,28.42800000000001
1772222741102312504,2026-02-27 15:05:41.102,-10.3475,-19.0747,-48.6418,-0.59852,0.438421,-0.016906,28.429000000000002
1772222741103508376,2026-02-27 15:05:41.103,-10.4523,-19.091,-48.7717,-0.598097,0.445685,-0.018949,28.430000000000007
1772222741104639817,2026-02-27 15:05:41.104,-10.5665,-19.1504,-48.9444,-0.599945,0.45225,-0.020858,28.43100000000001
1772222741105822247,2026-02-27 15:05:41.105,-10.6173,-19.16,-49.1081,-0.59393,0.456869,-0.02044,28.432000000000002
1772222741107016875,2026-02-27 15:05:41.107,-10.752,-19.1914,-49.9642,-0.593831,0.466358,-0.017361,28.43400000000001
1772222741108196879,2026-02-27 15:05:41.108,-10.8436,-19.1971,-50.0348,-0.593964,0.4724,-0.019153,28.435000000000002
1772222741109380639,2026-02-27 15:05:41.109,-10.8582,-19.194,-49.5945,-0.589274,0.474231,-0.023955,28.436000000000007
1772222741110565956,2026-02-27 15:05:41.110,-10.9139,-19.2192,-49.4532,-0.588473,0.47858,-0.026898,28.437000000000012
1772222741111696975,2026-02-27 15:05:41.111,-10.9845,-19.2468,-49.6164,-0.587486,0.480577,-0.026972,28.438000000000002
1772222741112854155,2026-02-27 15:05:41.112,-10.9944,-19.2291,-49.6928,-0.586716,0.483736,-0.02767,28.439000000000007
1772222741114055628,2026-02-27 15:05:41.114,-11.1151,-19.3016,-48.9474,-0.586454,0.486677,-0.03923,28.441000000000003
1772222741115235653,2026-02-27 15:05:41.115,-11.1562,-19.3464,-49.1801,-0.585247,0.489013,-0.037874,28.442000000000007
1772222741116417825,2026-02-27 15:05:41.116,-11.1229,-19.3327,-49.3606,-0.584799,0.489381,-0.038195,28.443000000000012
1772222741117559437,2026-02-27 15:05:41.117,-11.1224,-19.3628,-50.1894,-0.585532,0.490044,-0.032927,28.444000000000003
1772222741118691332,2026-02-27 15:05:41.118,-11.2215,-19.3887,-50.6361,-0.589202,0.492041,-0.03046,28.445000000000007
1772222741119847261,2026-02-27 15:05:41.119,-11.2168,-19.4065,-50.796,-0.589988,0.491254,-0.030993,28.446000000000012
1772222741121020514,2026-02-27 15:05:41.121,-11.1086,-19.417,-50.8717,-0.586342,0.489397,-0.031425,28.448000000000008
1772222741122193391,2026-02-27 15:05:41.122,-11.1047,-19.4908,-51.5666,-0.587394,0.484583,-0.024966,28.449000000000012
1772222741123394542,2026-02-27 15:05:41.123,-11.0426,-19.4711,-52.1615,-0.586025,0.482674,-0.020989,28.450000000000003
1772222741124625795,2026-02-27 15:05:41.124,-11.0217,-19.5444,-51.96,-0.59164,0.477927,-0.024181,28.451000000000008
1772222741125781969,2026-02-27 15:05:41.125,-10.8736,-19.5261,-51.6703,-0.589597,0.473133,-0.027612,28.452000000000012
1772222741126966735,2026-02-27 15:05:41.126,-10.5383,-19.4984,-51.4092,-0.589663,0.475879,-0.03858,28.453000000000003
1772222741128151549,2026-02-27 15:05:41.128,-9.43988,-19.2769,-51.4435,-0.597235,0.507958,-0.092713,28.455000000000013
1772222741129329959,2026-02-27 15:05:41.129,-8.82064,-19.0603,-51.4485,-0.591352,0.525297,-0.124057,28.456000000000003
1772222741130519353,2026-02-27 15:05:41.130,-7.9685,-18.8074,-51.2192,-0.591844,0.546903,-0.162845,28.457000000000008
1772222741131649594,2026-02-27 15:05:41.131,-7.2086,-18.4419,-50.0497,-0.589171,0.570479,-0.208438,28.458000000000013
1772222741132804439,2026-02-27 15:05:41.132,-6.46125,-18.0526,-50.3219,-0.584259,0.590114,-0.235905,28.459000000000003
1772222741133974196,2026-02-27 15:05:41.133,-5.83421,-17.7237,-50.2477,-0.577993,0.60814,-0.260529,28.460000000000008
1772222741135144436,2026-02-27 15:05:41.135,-4.86888,-17.3306,-50.3738,-0.572379,0.628269,-0.287817,28.462000000000003
1772222741136320899,2026-02-27 15:05:41.136,-4.47994,-17.2041,-49.9851,-0.570023,0.632426,-0.299302,28.463000000000008
1772222741137512193,2026-02-27 15:05:41.137,-4.21394,-17.1642,-49.7466,-0.568549,0.632779,-0.306964,28.464
1772222741138640078,2026-02-27 15:05:41.138,-4.05685,-17.2218,-49.4317,-0.574451,0.630131,-0.311481,28.465000000000003
1772222741139814255,2026-02-27 15:05:41.139,-3.94414,-17.293,-50.2758,-0.576335,0.625919,-0.303696,28.466000000000008
1772222741141013345,2026-02-27 15:05:41.141,-3.95663,-17.4942,-49.7832,-0.578617,0.618961,-0.307743,28.468000000000004
1772222741142207472,2026-02-27 15:05:41.142,-4.0929,-17.8526,-48.8345,-0.590943,0.598094,-0.311129,28.46900000000001
1772222741143403385,2026-02-27 15:05:41.143,-4.22462,-18.0904,-48.3555,-0.597647,0.58555,-0.310659,28.47
1772222741144562351,2026-02-27 15:05:41.144,-4.47199,-18.2923,-48.1369,-0.604715,0.573764,-0.304926,28.471000000000004
1772222741145693158,2026-02-27 15:05:41.145,-4.77269,-18.5096,-48.0248,-0.608757,0.560349,-0.298502,28.47200000000001
1772222741146868240,2026-02-27 15:05:41.146,-5.02653,-18.7028,-47.9492,-0.614555,0.546307,-0.289575,28.473
1772222741148048765,2026-02-27 15:05:41.148,-5.38957,-18.9194,-47.1124,-0.622764,0.532405,-0.285358,28.47500000000001
1772222741149221488,2026-02-27 15:05:41.149,-6.05254,-19.2445,-46.9018,-0.637301,0.504681,-0.252039,28.476
1772222741150413737,2026-02-27 15:05:41.150,-6.37597,-19.3394,-47.3612,-0.646413,0.489761,-0.226924,28.477000000000004
1772222741151572238,2026-02-27 15:05:41.151,-6.7155,-19.4431,-47.7988,-0.654626,0.475875,-0.202002,28.47800000000001
1772222741152702720,2026-02-27 15:05:41.152,-7.0473,-19.4513,-47.8228,-0.657879,0.460929,-0.177753,28.479
1772222741153876435,2026-02-27 15:05:41.153,-7.38028,-19.4582,-47.7807,-0.666946,0.444998,-0.154641,28.480000000000004
1772222741155066911,2026-02-27 15:05:41.155,-7.70082,-19.6248,-47.8393,-0.679372,0.430938,-0.131778,28.482
1772222741156238504,2026-02-27 15:05:41.156,-8.23382,-19.6971,-48.8792,-0.684353,0.40164,-0.077501,28.483000000000004
1772222741157433730,2026-02-27 15:05:41.157,-8.49811,-19.7647,-48.4066,-0.692601,0.385983,-0.060832,28.48400000000001
1772222741158562659,2026-02-27 15:05:41.158,-8.75499,-19.7419,-48.2372,-0.698616,0.374425,-0.0443,28.485
1772222741159691406,2026-02-27 15:05:41.159,-8.98237,-19.8406,-47.7423,-0.704958,0.363759,-0.033886,28.486000000000004
1772222741160890589,2026-02-27 15:05:41.160,-9.25268,-19.8371,-47.5225,-0.711955,0.357462,-0.025118,28.48700000000001
1772222741162078395,2026-02-27 15:05:41.162,-9.28154,-19.7961,-47.5003,-0.710841,0.353679,-0.01922,28.489000000000004
1772222741163256694,2026-02-27 15:05:41.163,-9.42448,-19.6411,-47.431,-0.708296,0.361218,-0.02057,28.49000000000001
1772222741164449781,2026-02-27 15:05:41.164,-9.55065,-19.5471,-46.1491,-0.709063,0.364615,-0.033263,28.491
1772222741165560605,2026-02-27 15:05:41.165,-9.61072,-19.4165,-46.4307,-0.704743,0.368827,-0.030508,28.492000000000004
1772222741166692049,2026-02-27 15:05:41.166,-9.66393,-19.3612,-46.4409,-0.703095,0.374629,-0.032001,28.49300000000001
1772222741167864520,2026-02-27 15:05:41.167,-9.76848,-19.289,-47.0808,-0.701264,0.380727,-0.027608,28.494
1772222741169061973,2026-02-27 15:05:41.169,-9.82425,-19.2662,-47.2473,-0.697622,0.387806,-0.026831,28.49600000000001
1772222741170263423,2026-02-27 15:05:41.170,-9.94771,-19.1975,-47.1835,-0.693642,0.400395,-0.03021,28.497
1772222741171474930,2026-02-27 15:05:41.171,-10.0724,-19.1193,-47.1747,-0.692258,0.407719,-0.031667,28.498000000000005
1772222741172572713,2026-02-27 15:05:41.172,-10.1332,-19.0889,-47.8314,-0.691014,0.414029,-0.02457,28.49900000000001
1772222741173705156,2026-02-27 15:05:41.173,-10.2212,-19.0957,-48.0119,-0.692159,0.419895,-0.025162,28.5
1772222741174880935,2026-02-27 15:05:41.174,-10.3153,-19.0364,-47.8578,-0.692128,0.427369,-0.027024,28.501000000000005
1772222741176080383,2026-02-27 15:05:41.176,-10.4452,-19.0408,-47.3721,-0.69151,0.434356,-0.032971,28.503
1772222741177275882,2026-02-27 15:05:41.177,-10.709,-18.8994,-46.9423,-0.689383,0.451729,-0.03977,28.504000000000005
1772222741178478242,2026-02-27 15:05:41.178,-10.8762,-18.8167,-46.9916,-0.686724,0.461642,-0.041671,28.50500000000001
1772222741179610715,2026-02-27 15:05:41.179,-11.0745,-18.7849,-46.9151,-0.683779,0.472825,-0.044167,28.506
1772222741180792085,2026-02-27 15:05:41.180,-11.4104,-18.7261,-46.6767,-0.684019,0.485499,-0.050201,28.507000000000005
1772222741181990693,2026-02-27 15:05:41.181,-11.5451,-18.6368,-45.9022,-0.674208,0.497359,-0.059231,28.50800000000001
1772222741183163918,2026-02-27 15:05:41.183,-11.8037,-18.4534,-46.3178,-0.666532,0.510696,-0.05797,28.510000000000005
1772222741184339292,2026-02-27 15:05:41.184,-12.266,-18.3066,-47.1882,-0.658728,0.539711,-0.059017,28.51100000000001
1772222741185522791,2026-02-27 15:05:41.185,-12.396,-18.2199,-47.2273,-0.650427,0.554379,-0.061952,28.512
1772222741186655622,2026-02-27 15:05:41.186,-12.6274,-18.1421,-47.4289,-0.640731,0.570711,-0.065134,28.513000000000005
1772222741187833720,2026-02-27 15:05:41.187,-12.8846,-18.0309,-47.4066,-0.635032,0.585257,-0.068643,28.51400000000001
1772222741189030893,2026-02-27 15:05:41.189,-13.1308,-17.9948,-47.5112,-0.632128,0.601426,-0.071498,28.516000000000005
1772222741190204479,2026-02-27 15:05:41.190,-13.3851,-17.9495,-48.7539,-0.624931,0.619247,-0.065081,28.51700000000001
1772222741191379705,2026-02-27 15:05:41.191,-13.9561,-17.8842,-48.4879,-0.619476,0.651894,-0.075199,28.518
1772222741192535844,2026-02-27 15:05:41.192,-14.1997,-17.7708,-48.0269,-0.61392,0.668778,-0.083424,28.519000000000005
1772222741193668106,2026-02-27 15:05:41.193,-14.4105,-17.7422,-47.8479,-0.60833,0.686096,-0.088884,28.52000000000001
1772222741194843847,2026-02-27 15:05:41.194,-14.7177,-17.7721,-47.8677,-0.610488,0.703117,-0.092667,28.521
1772222741196038116,2026-02-27 15:05:41.196,-14.9888,-17.7397,-48.047,-0.602123,0.720659,-0.096312,28.52300000000001
1772222741197211018,2026-02-27 15:05:41.197,-15.2598,-17.7103,-48.0459,-0.600238,0.739506,-0.0998,28.524
1772222741198386350,2026-02-27 15:05:41.198,-15.7596,-17.7416,-47.3399,-0.5952,0.773347,-0.114709,28.525000000000006
1772222741199553479,2026-02-27 15:05:41.199,-16.0669,-17.8689,-47.487,-0.591902,0.789499,-0.11742,28.52600000000001
1772222741200684642,2026-02-27 15:05:41.200,-16.1761,-17.942,-48.1663,-0.593592,0.804711,-0.116326,28.527
1772222741201865028,2026-02-27 15:05:41.201,-16.4978,-18.0092,-48.6548,-0.593881,0.820831,-0.116909,28.528000000000006
1772222741203063378,2026-02-27 15:05:41.203,-16.716,-18.071,-48.8194,-0.59065,0.836062,-0.119846,28.53
1772222741204238082,2026-02-27 15:05:41.204,-16.9612,-18.1134,-48.8671,-0.590898,0.848725,-0.1223,28.531000000000006
1772222741205413864,2026-02-27 15:05:41.205,-17.2238,-18.2957,-49.3971,-0.59117,0.873446,-0.12548,28.53200000000001
1772222741206528653,2026-02-27 15:05:41.206,-17.4707,-18.4132,-50.1731,-0.593761,0.88406,-0.122627,28.533
1772222741207658325,2026-02-27 15:05:41.207,-17.6168,-18.5454,-49.9681,-0.594392,0.894295,-0.129291,28.534000000000006
1772222741208831898,2026-02-27 15:05:41.208,-17.7152,-18.6514,-49.7758,-0.598057,0.902013,-0.134078,28.53500000000001
1772222741210029635,2026-02-27 15:05:41.210,-17.8227,-18.7524,-49.5139,-0.598429,0.909701,-0.140031,28.537000000000006
1772222741211215353,2026-02-27 15:05:41.211,-17.9376,-18.8453,-49.3771,-0.602725,0.915668,-0.142683,28.53800000000001
1772222741212390216,2026-02-27 15:05:41.212,-18.0999,-19.0957,-49.5232,-0.614047,0.923499,-0.146152,28.539
1772222741213527966,2026-02-27 15:05:41.213,-18.1854,-19.1847,-49.6463,-0.618032,0.927561,-0.146364,28.540000000000006
1772222741214659304,2026-02-27 15:05:41.214,-18.1406,-19.2689,-48.4769,-0.61821,0.928087,-0.156909,28.54100000000001
1772222741215834160,2026-02-27 15:05:41.215,-18.1946,-19.3373,-49.078,-0.621507,0.930468,-0.15244,28.542
1772222741217039174,2026-02-27 15:05:41.217,-18.2611,-19.4332,-49.1253,-0.623904,0.931831,-0.151696,28.54400000000001
1772222741218232308,2026-02-27 15:05:41.218,-18.2051,-19.5462,-49.8522,-0.629978,0.932288,-0.146558,28.545
1772222741219429037,2026-02-27 15:05:41.219,-18.2317,-19.7105,-50.2019,-0.636126,0.931482,-0.143311,28.546000000000006
1772222741220560382,2026-02-27 15:05:41.220,-18.2277,-19.8584,-50.2582,-0.645304,0.928991,-0.141444,28.54700000000001
1772222741221691408,2026-02-27 15:05:41.221,-18.1914,-19.9916,-50.306,-0.649774,0.926152,-0.140548,28.548000000000002
1772222741222871107,2026-02-27 15:05:41.222,-18.1509,-20.042,-51.3319,-0.655238,0.925892,-0.130168,28.549000000000007
1772222741224044907,2026-02-27 15:05:41.224,-18.1336,-20.1642,-51.4202,-0.663234,0.923122,-0.129565,28.551000000000002
1772222741225237656,2026-02-27 15:05:41.225,-18.1876,-20.2806,-51.3937,-0.672581,0.922056,-0.128054,28.552000000000007
1772222741226411431,2026-02-27 15:05:41.226,-18.1481,-20.5359,-50.6918,-0.682883,0.918671,-0.133121,28.55300000000001
1772222741227553858,2026-02-27 15:05:41.227,-18.1646,-20.6599,-50.7143,-0.687986,0.918932,-0.133089,28.554000000000002
1772222741228683091,2026-02-27 15:05:41.228,-18.1046,-20.8273,-50.7681,-0.700445,0.918398,-0.131575,28.555000000000007
1772222741229884353,2026-02-27 15:05:41.229,-18.2217,-20.9775,-50.7359,-0.706849,0.919953,-0.130876,28.55600000000001
1772222741231083068,2026-02-27 15:05:41.231,-18.2586,-21.0783,-50.2694,-0.717208,0.921822,-0.134315,28.558000000000007
1772222741232267646,2026-02-27 15:05:41.232,-18.2745,-21.2421,-49.7822,-0.724396,0.924304,-0.137518,28.55900000000001
1772222741233576566,2026-02-27 15:05:41.233,-18.3476,-21.5542,-50.4392,-0.742078,0.930114,-0.131418,28.560000000000002
1772222741234735824,2026-02-27 15:05:41.234,-18.418,-21.6836,-50.8261,-0.751636,0.934587,-0.125735,28.561000000000007
1772222741235895432,2026-02-27 15:05:41.235,-18.4318,-21.8323,-50.9564,-0.760483,0.939324,-0.124855,28.562000000000012
1772222741237098252,2026-02-27 15:05:41.237,-18.4495,-21.7561,-51.04,-0.762875,0.93946,-0.127892,28.564000000000007
1772222741238290971,2026-02-27 15:05:41.238,-18.5307,-21.8668,-50.916,-0.759536,0.945328,-0.124865,28.565000000000012
1772222741239492603,2026-02-27 15:05:41.239,-18.6531,-22.3092,-51.8923,-0.782171,0.958769,-0.113649,28.566000000000003
1772222741240626320,2026-02-27 15:05:41.240,-18.798,-22.5056,-51.3831,-0.799474,0.966259,-0.117926,28.567000000000007
1772222741241807257,2026-02-27 15:05:41.241,-18.9001,-22.6897,-51.3385,-0.808308,0.972898,-0.119082,28.568000000000012
1772222741243007000,2026-02-27 15:05:41.243,-18.9866,-22.5841,-50.8229,-0.818852,0.977565,-0.127098,28.570000000000007
1772222741244207191,2026-02-27 15:05:41.244,-19.1325,-22.6629,-50.3053,-0.820166,0.986144,-0.125433,28.571000000000012
1772222741245385694,2026-02-27 15:05:41.245,-19.3657,-23.0399,-50.0836,-0.842129,1.00529,-0.126344,28.572000000000003
1772222741246546505,2026-02-27 15:05:41.246,-19.4984,-23.2286,-49.9073,-0.855892,1.01553,-0.126075,28.573000000000008
1772222741247680040,2026-02-27 15:05:41.247,-19.6976,-23.2333,-48.8944,-0.863309,1.0249,-0.138517,28.574000000000012
1772222741248857807,2026-02-27 15:05:41.248,-19.812,-23.1757,-48.9286,-0.866286,1.0309,-0.139872,28.575000000000003
1772222741250060919,2026-02-27 15:05:41.250,-19.7517,-23.3529,-48.4266,-0.875814,1.03576,-0.135727,28.577000000000012
1772222741251258591,2026-02-27 15:05:41.251,-19.8951,-23.5195,-49.0589,-0.890324,1.03858,-0.130451,28.578000000000003
1772222741252475931,2026-02-27 15:05:41.252,-20.2526,-23.6159,-49.3946,-0.901196,1.06517,-0.129829,28.579000000000008
1772222741253606918,2026-02-27 15:05:41.253,-20.2883,-23.5863,-49.364,-0.900628,1.06949,-0.134527,28.580000000000013
1772222741254787089,2026-02-27 15:05:41.254,-20.4035,-23.6799,-49.0385,-0.902054,1.0767,-0.13148,28.581000000000003
1772222741255987046,2026-02-27 15:05:41.255,-20.5017,-23.8639,-49.6191,-0.90878,1.0843,-0.127187,28.582000000000008
1772222741257190053,2026-02-27 15:05:41.257,-20.5953,-23.9542,-49.9197,-0.917691,1.093,-0.125316,28.584000000000003
1772222741258364868,2026-02-27 15:05:41.258,-20.6296,-24.0114,-49.6022,-0.926143,1.09853,-0.127548,28.585000000000008
1772222741259549304,2026-02-27 15:05:41.259,-20.8386,-24.0417,-48.5722,-0.932548,1.10791,-0.133133,28.586000000000013
1772222741260683013,2026-02-27 15:05:41.260,-20.8533,-24.1717,-48.2516,-0.944726,1.10983,-0.136079,28.587000000000003
1772222741261859595,2026-02-27 15:05:41.261,-20.8893,-24.2732,-48.0122,-0.954196,1.11305,-0.135802,28.588000000000008
1772222741263059889,2026-02-27 15:05:41.263,-20.9599,-24.3054,-47.9946,-0.959046,1.11748,-0.135724,28.590000000000003
1772222741264259984,2026-02-27 15:05:41.264,-21.075,-24.2994,-47.9065,-0.962356,1.12455,-0.137063,28.591000000000008
1772222741265435508,2026-02-27 15:05:41.265,-21.1421,-24.2087,-46.971,-0.959211,1.13014,-0.149292,28.592
1772222741266591100,2026-02-27 15:05:41.266,-21.2852,-24.3168,-47.1695,-0.963486,1.1373,-0.144236,28.593000000000004
1772222741267769657,2026-02-27 15:05:41.267,-21.3001,-24.4622,-47.6652,-0.970142,1.14185,-0.140302,28.59400000000001
1772222741268971354,2026-02-27 15:05:41.268,-21.3574,-24.5341,-47.8148,-0.973661,1.14592,-0.139458,28.595
1772222741270171472,2026-02-27 15:05:41.270,-21.37,-24.597,-47.7707,-0.97928,1.14798,-0.14025,28.59700000000001
1772222741271354885,2026-02-27 15:05:41.271,-21.4388,-24.6436,-47.7756,-0.985866,1.15032,-0.139985,28.598
1772222741272559087,2026-02-27 15:05:41.272,-21.5053,-24.6167,-48.7896,-0.994165,1.15104,-0.131919,28.599000000000004
1772222741273693926,2026-02-27 15:05:41.273,-21.3979,-24.6443,-48.5801,-0.987025,1.14921,-0.13213,28.60000000000001
1772222741274873010,2026-02-27 15:05:41.274,-21.4304,-24.7022,-48.5875,-0.988481,1.14537,-0.131266,28.601
1772222741276075600,2026-02-27 15:05:41.276,-21.397,-24.7749,-48.0077,-0.99332,1.14506,-0.136014,28.60300000000001
1772222741277280292,2026-02-27 15:05:41.277,-21.4081,-24.784,-47.7316,-0.997231,1.14328,-0.138052,28.604
1772222741278479103,2026-02-27 15:05:41.278,-21.3236,-24.8561,-47.759,-0.999602,1.13648,-0.137035,28.605000000000004
1772222741279625361,2026-02-27 15:05:41.279,-21.3236,-24.8561,-47.759,-0.999602,1.13648,-0.137035,28.60600000000001
1772222741280823572,2026-02-27 15:05:41.280,-21.1827,-24.8164,-47.0624,-0.997972,1.12981,-0.143624,28.607
1772222741282026705,2026-02-27 15:05:41.282,-21.1813,-24.7981,-46.8889,-0.994884,1.1276,-0.14513,28.60900000000001
1772222741283201521,2026-02-27 15:05:41.283,-21.1216,-24.7408,-47.0296,-0.991892,1.12259,-0.142083,28.61
1772222741284374853,2026-02-27 15:05:41.284,-20.9991,-24.7711,-47.5873,-0.992409,1.11926,-0.137525,28.611000000000004
1772222741285533832,2026-02-27 15:05:41.285,-20.8525,-24.7014,-48.0105,-0.985753,1.10685,-0.131498,28.61200000000001
1772222741286667243,2026-02-27 15:05:41.286,-20.7392,-24.6577,-48.1145,-0.980794,1.1006,-0.130758,28.613
1772222741287846557,2026-02-27 15:05:41.287,-20.6275,-24.5953,-48.0635,-0.977328,1.09345,-0.128871,28.614000000000004
1772222741289047149,2026-02-27 15:05:41.289,-20.5918,-24.5701,-48.306,-0.976888,1.08615,-0.126117,28.616
1772222741290249935,2026-02-27 15:05:41.290,-20.3939,-24.5509,-49.1976,-0.973849,1.07769,-0.116909,28.617000000000004
1772222741291425502,2026-02-27 15:05:41.291,-20.3127,-24.5045,-48.8523,-0.971405,1.06938,-0.119768,28.61800000000001
1772222741292578925,2026-02-27 15:05:41.292,-20.1405,-24.4199,-48.4671,-0.961773,1.05584,-0.12198,28.619
1772222741293713787,2026-02-27 15:05:41.293,-20.0536,-24.3465,-48.3538,-0.958526,1.05023,-0.123483,28.620000000000005
1772222741294891254,2026-02-27 15:05:41.294,-20.0194,-24.357,-48.464,-0.957313,1.04457,-0.122178,28.62100000000001
1772222741296065903,2026-02-27 15:05:41.296,-19.941,-24.2292,-48.4882,-0.949862,1.04016,-0.12109,28.623000000000005
1772222741297268579,2026-02-27 15:05:41.297,-19.8877,-24.1862,-48.6089,-0.94336,1.03565,-0.120959,28.62400000000001
1772222741298444264,2026-02-27 15:05:41.298,-19.8729,-24.097,-47.7098,-0.936939,1.03326,-0.130505,28.625
1772222741299601946,2026-02-27 15:05:41.299,-19.8695,-23.9377,-48.1462,-0.927558,1.02791,-0.125685,28.626000000000005
1772222741300733665,2026-02-27 15:05:41.300,-19.8328,-23.9022,-48.8155,-0.922265,1.02611,-0.11951,28.62700000000001
1772222741301911807,2026-02-27 15:05:41.301,-19.89,-23.782,-49.1952,-0.915124,1.02542,-0.117325,28.628
1772222741303113468,2026-02-27 15:05:41.303,-19.8509,-23.6884,-49.2468,-0.906299,1.02562,-0.118211,28.63000000000001
1772222741304313241,2026-02-27 15:05:41.304,-19.8267,-23.6334,-49.1859,-0.905559,1.02377,-0.118118,28.631
1772222741305496982,2026-02-27 15:05:41.305,-19.8391,-23.5412,-49.1832,-0.901047,1.02273,-0.118376,28.632000000000005
1772222741306633773,2026-02-27 15:05:41.306,-19.7333,-23.3125,-50.169,-0.879793,1.02206,-0.109429,28.63300000000001
1772222741307813784,2026-02-27 15:05:41.307,-19.8159,-23.1815,-49.9639,-0.877677,1.02202,-0.109793,28.634
1772222741309020262,2026-02-27 15:05:41.309,-19.8777,-23.0824,-49.5198,-0.872066,1.02259,-0.11533,28.63600000000001
1772222741310223585,2026-02-27 15:05:41.310,-19.8741,-22.969,-49.1528,-0.864043,1.02208,-0.118096,28.637
1772222741311424936,2026-02-27 15:05:41.311,-19.8143,-22.757,-49.0396,-0.852063,1.02355,-0.119004,28.638000000000005
1772222741312564802,2026-02-27 15:05:41.312,-19.8226,-22.4534,-49.0319,-0.830497,1.02464,-0.119035,28.63900000000001
1772222741313702534,2026-02-27 15:05:41.313,-19.7961,-22.2875,-48.7029,-0.824671,1.0245,-0.122284,28.64
1772222741314880793,2026-02-27 15:05:41.314,-19.7894,-22.1633,-47.8609,-0.81416,1.0248,-0.129016,28.641000000000005
1772222741316081391,2026-02-27 15:05:41.316,-19.8933,-21.9859,-48.226,-0.80507,1.0266,-0.125907,28.643
1772222741317282183,2026-02-27 15:05:41.317,-19.905,-21.78,-48.4339,-0.792349,1.02802,-0.12459,28.644000000000005
1772222741318480977,2026-02-27 15:05:41.318,-19.8289,-21.5863,-48.9898,-0.784564,1.02688,-0.119954,28.64500000000001
1772222741319628248,2026-02-27 15:05:41.319,-19.9077,-21.4406,-48.9917,-0.77654,1.02746,-0.119458,28.646
1772222741320822770,2026-02-27 15:05:41.320,-19.868,-21.0824,-48.9361,-0.756125,1.0285,-0.12055,28.647000000000006
1772222741322025835,2026-02-27 15:05:41.322,-19.8872,-20.8703,-48.9291,-0.742675,1.02802,-0.120985,28.649
1772222741323225640,2026-02-27 15:05:41.323,-19.8779,-20.6522,-50.0527,-0.728822,1.02826,-0.110311,28.650000000000006
1772222741324428943,2026-02-27 15:05:41.324,-19.8254,-20.5033,-49.6101,-0.721731,1.02862,-0.115212,28.65100000000001
1772222741325587626,2026-02-27 15:05:41.325,-19.8881,-20.3174,-49.5778,-0.713696,1.02895,-0.116816,28.652
1772222741326745657,2026-02-27 15:05:41.326,-19.8253,-19.891,-48.7712,-0.68999,1.0282,-0.123568,28.653000000000006
1772222741327946531,2026-02-27 15:05:41.327,-19.7963,-19.7099,-48.718,-0.677305,1.02925,-0.124702,28.65400000000001
1772222741329122657,2026-02-27 15:05:41.329,-19.8247,-19.544,-48.6301,-0.671957,1.02937,-0.125504,28.656000000000006
1772222741330330168,2026-02-27 15:05:41.330,-19.6969,-19.3842,-48.5388,-0.659284,1.02813,-0.12601,28.65700000000001
1772222741331523800,2026-02-27 15:05:41.331,-19.7919,-19.2346,-47.6163,-0.654532,1.02822,-0.136374,28.658
1772222741332659903,2026-02-27 15:05:41.332,-19.7662,-18.9669,-47.595,-0.635448,1.02887,-0.135413,28.659000000000006
1772222741333811982,2026-02-27 15:05:41.333,-19.683,-18.8639,-48.0232,-0.630509,1.02932,-0.131699,28.66000000000001
1772222741334987152,2026-02-27 15:05:41.334,-19.6812,-18.7461,-48.3,-0.623927,1.02896,-0.129509,28.661
1772222741336159172,2026-02-27 15:05:41.336,-19.7202,-18.7083,-48.1957,-0.620454,1.02996,-0.129778,28.66300000000001
1772222741337329625,2026-02-27 15:05:41.337,-19.717,-18.563,-48.0635,-0.615506,1.03116,-0.131036,28.664
1772222741338522431,2026-02-27 15:05:41.338,-19.7387,-18.4195,-48.2362,-0.610368,1.03354,-0.12926,28.665000000000006
1772222741339654032,2026-02-27 15:05:41.339,-19.6602,-18.3788,-48.636,-0.610759,1.03311,-0.123951,28.66600000000001
1772222741340825784,2026-02-27 15:05:41.340,-19.6984,-18.3289,-48.0754,-0.609334,1.03469,-0.128713,28.667
1772222741341995951,2026-02-27 15:05:41.341,-19.726,-18.2506,-47.5864,-0.611951,1.03579,-0.132087,28.668000000000006
1772222741343168044,2026-02-27 15:05:41.343,-19.6658,-18.1728,-47.0077,-0.609551,1.0359,-0.136197,28.67
1772222741344495318,2026-02-27 15:05:41.344,-19.6215,-18.1508,-46.5687,-0.612485,1.03564,-0.137948,28.671000000000006
1772222741345625326,2026-02-27 15:05:41.345,-19.5956,-18.1197,-46.0119,-0.620237,1.03622,-0.139305,28.67200000000001
1772222741346773188,2026-02-27 15:05:41.346,-19.5662,-18.1198,-45.6751,-0.623044,1.0347,-0.141094,28.673000000000002
1772222741347944302,2026-02-27 15:05:41.347,-19.5977,-18.1437,-44.3046,-0.629379,1.03525,-0.151795,28.674000000000007
1772222741349115507,2026-02-27 15:05:41.349,-19.5786,-18.1702,-44.4334,-0.637073,1.03512,-0.147993,28.676000000000002
1772222741350285997,2026-02-27 15:05:41.350,-19.5787,-18.2214,-44.245,-0.643873,1.03521,-0.149129,28.677000000000007
1772222741351474865,2026-02-27 15:05:41.351,-19.5274,-18.2647,-44.6425,-0.651041,1.03445,-0.144627,28.67800000000001
1772222741352606079,2026-02-27 15:05:41.352,-19.5096,-18.3466,-44.3342,-0.664816,1.03627,-0.145682,28.679000000000002
1772222741353754092,2026-02-27 15:05:41.353,-19.4236,-18.4484,-44.1637,-0.670538,1.03639,-0.146882,28.680000000000007
1772222741354925207,2026-02-27 15:05:41.354,-19.574,-18.5497,-44.0363,-0.679843,1.03987,-0.148524,28.68100000000001
1772222741356096593,2026-02-27 15:05:41.356,-19.4117,-18.7058,-44.8079,-0.688719,1.03919,-0.139478,28.683000000000007
1772222741357267839,2026-02-27 15:05:41.357,-19.4588,-18.833,-44.5569,-0.699657,1.04133,-0.141138,28.68400000000001
1772222741358439536,2026-02-27 15:05:41.358,-19.4799,-18.959,-44.398,-0.707946,1.0436,-0.144092,28.685000000000002
1772222741359593345,2026-02-27 15:05:41.359,-19.6466,-19.2482,-43.465,-0.72901,1.05268,-0.154256,28.686000000000007
1772222741360743261,2026-02-27 15:05:41.360,-19.6751,-19.4395,-43.2681,-0.739698,1.05688,-0.156872,28.687000000000012
1772222741361940215,2026-02-27 15:05:41.361,-19.8393,-19.636,-43.1844,-0.753901,1.06256,-0.158291,28.688000000000002
1772222741363139501,2026-02-27 15:05:41.363,-19.9151,-19.9028,-43.1721,-0.766496,1.06937,-0.160888,28.690000000000012
1772222741364343005,2026-02-27 15:05:41.364,-20.039,-20.0987,-42.5103,-0.77945,1.07828,-0.169508,28.691000000000003
1772222741365562606,2026-02-27 15:05:41.365,-20.1973,-20.3233,-42.0909,-0.789486,1.08774,-0.175214,28.692000000000007
1772222741366688420,2026-02-27 15:05:41.366,-20.4826,-20.736,-42.5191,-0.82034,1.10832,-0.173904,28.693000000000012
1772222741367881611,2026-02-27 15:05:41.367,-20.6024,-21.0126,-42.9625,-0.834806,1.11843,-0.172336,28.694000000000003
1772222741369079838,2026-02-27 15:05:41.369,-20.8348,-21.3121,-42.8249,-0.853648,1.12994,-0.176063,28.696000000000012
1772222741370277891,2026-02-27 15:05:41.370,-20.9686,-21.5049,-42.6592,-0.864813,1.14318,-0.177073,28.697000000000003
1772222741371449254,2026-02-27 15:05:41.371,-21.0925,-21.7344,-42.5257,-0.880103,1.15449,-0.179679,28.698000000000008
1772222741372556581,2026-02-27 15:05:41.372,-21.3461,-21.9709,-42.4872,-0.896323,1.16638,-0.180588,28.699000000000012
1772222741373690084,2026-02-27 15:05:41.373,-21.5773,-22.3999,-42.773,-0.926213,1.18746,-0.179013,28.700000000000003
1772222741374865645,2026-02-27 15:05:41.374,-21.7927,-22.5693,-42.6326,-0.937376,1.19519,-0.179682,28.701000000000008
1772222741376038388,2026-02-27 15:05:41.376,-21.9249,-22.5828,-41.9668,-0.944516,1.20775,-0.188555,28.703000000000003
1772222741377237352,2026-02-27 15:05:41.377,-22.0713,-22.8822,-41.5105,-0.955459,1.21914,-0.187288,28.704000000000008
1772222741378432524,2026-02-27 15:05:41.378,-22.3346,-23.0764,-41.3996,-0.975636,1.22878,-0.187109,28.705000000000013
1772222741379560714,2026-02-27 15:05:41.379,-22.3458,-23.3012,-41.2723,-0.99043,1.23754,-0.188451,28.706000000000003
1772222741380694593,2026-02-27 15:05:41.380,-22.6741,-23.6472,-39.7413,-1.02304,1.25716,-0.197342,28.707000000000008
1772222741381895200,2026-02-27 15:05:41.381,-22.8216,-23.9082,-39.8843,-1.04097,1.26698,-0.195226,28.708000000000013
1772222741383096884,2026-02-27 15:05:41.383,-22.9404,-24.0023,-39.5577,-1.05699,1.27521,-0.193138,28.710000000000008
1772222741384298768,2026-02-27 15:05:41.384,-22.9154,-24.3253,-39.8847,-1.07459,1.27141,-0.187627,28.711000000000013
1772222741385505906,2026-02-27 15:05:41.385,-23.1287,-24.3279,-40.3329,-1.08245,1.29148,-0.181811,28.712000000000003
1772222741386638473,2026-02-27 15:05:41.386,-23.1034,-24.0944,-40.5935,-1.07147,1.28238,-0.182116,28.713000000000008
1772222741387790044,2026-02-27 15:05:41.387,-23.1397,-24.3692,-40.2366,-1.08805,1.29835,-0.193742,28.714
1772222741388987159,2026-02-27 15:05:41.388,-23.4448,-24.6562,-40.732,-1.10589,1.31163,-0.184745,28.715000000000003
1772222741390187027,2026-02-27 15:05:41.390,-23.6558,-24.7604,-41.0364,-1.10677,1.32209,-0.172636,28.717
1772222741391360389,2026-02-27 15:05:41.391,-23.9163,-24.9713,-40.9613,-1.12252,1.3308,-0.173022,28.718000000000004
1772222741392560195,2026-02-27 15:05:41.392,-24.0432,-25.2157,-40.5854,-1.13816,1.34112,-0.178484,28.71900000000001
1772222741393693271,2026-02-27 15:05:41.393,-24.4713,-25.4545,-40.0727,-1.15706,1.36504,-0.183754,28.72
1772222741394865448,2026-02-27 15:05:41.394,-24.7241,-25.5906,-39.9513,-1.16868,1.37618,-0.184668,28.721000000000004
1772222741396049405,2026-02-27 15:05:41.396,-24.836,-25.7294,-40.0479,-1.17429,1.38999,-0.185698,28.723
1772222741397247503,2026-02-27 15:05:41.397,-25.075,-25.7752,-40.2945,-1.1749,1.40283,-0.188918,28.724000000000004
1772222741398446016,2026-02-27 15:05:41.398,-25.3171,-25.8745,-39.4736,-1.18148,1.41563,-0.196827,28.72500000000001
1772222741399563437,2026-02-27 15:05:41.399,-25.5206,-25.9408,-40.1145,-1.18197,1.42996,-0.195617,28.726
1772222741400696218,2026-02-27 15:05:41.400,-26.0259,-26.1513,-41.1145,-1.18715,1.45949,-0.193127,28.727000000000004
1772222741401851705,2026-02-27 15:05:41.401,-26.2326,-26.217,-41.4549,-1.18821,1.47344,-0.194318,28.72800000000001
1772222741403049499,2026-02-27 15:05:41.403,-26.421,-26.1566,-41.617,-1.18119,1.48451,-0.197489,28.730000000000004
1772222741404247223,2026-02-27 15:05:41.404,-26.6706,-26.2149,-41.7774,-1.18418,1.49881,-0.198385,28.73100000000001
1772222741405469790,2026-02-27 15:05:41.405,-26.9331,-26.3001,-42.0349,-1.1864,1.51411,-0.19998,28.732
1772222741406601481,2026-02-27 15:05:41.406,-27.1794,-26.3399,-43.4962,-1.18212,1.53089,-0.19143,28.733000000000004
1772222741407732679,2026-02-27 15:05:41.407,-27.6392,-26.3299,-43.5427,-1.17503,1.55803,-0.200203,28.73400000000001
1772222741408905942,2026-02-27 15:05:41.408,-27.8486,-26.3624,-43.2125,-1.17341,1.57053,-0.207334,28.735
1772222741410106503,2026-02-27 15:05:41.410,-28.0002,-26.2763,-43.0928,-1.16445,1.58224,-0.212889,28.73700000000001
1772222741411306886,2026-02-27 15:05:41.411,-28.237,-26.2723,-43.2038,-1.16211,1.59428,-0.214866,28.738
1772222741412513055,2026-02-27 15:05:41.412,-28.4481,-26.2162,-43.4128,-1.1516,1.60638,-0.216927,28.739000000000004
1772222741413644397,2026-02-27 15:05:41.413,-28.6036,-26.1248,-43.4709,-1.14758,1.61733,-0.217327,28.74000000000001
1772222741414792573,2026-02-27 15:05:41.414,-28.8235,-25.8399,-42.6927,-1.1248,1.63167,-0.229597,28.741
1772222741415993435,2026-02-27 15:05:41.415,-28.986,-25.7017,-42.8935,-1.11436,1.63703,-0.229828,28.742000000000004
1772222741417195556,2026-02-27 15:05:41.417,-28.9825,-25.4759,-43.4753,-1.10251,1.64248,-0.227297,28.744
1772222741418393293,2026-02-27 15:05:41.418,-29.0583,-25.3499,-44.0415,-1.09051,1.64585,-0.224306,28.745000000000005
1772222741419570332,2026-02-27 15:05:41.419,-29.1055,-25.1761,-44.1338,-1.07508,1.64874,-0.225023,28.74600000000001
1772222741420702158,2026-02-27 15:05:41.420,-29.064,-24.9848,-44.2884,-1.06008,1.64987,-0.225371,28.747
1772222741421850440,2026-02-27 15:05:41.421,-29.0086,-24.5274,-44.6216,-1.0287,1.64725,-0.222503,28.748000000000005
1772222741423050533,2026-02-27 15:05:41.423,-29.0025,-24.3213,-45.6211,-1.01488,1.64479,-0.215357,28.75
1772222741424248896,2026-02-27 15:05:41.424,-28.9577,-24.125,-45.4038,-0.995581,1.64055,-0.216396,28.751000000000005
1772222741425447267,2026-02-27 15:05:41.425,-28.9163,-23.8898,-45.3697,-0.979943,1.63423,-0.217772,28.75200000000001
1772222741426559794,2026-02-27 15:05:41.426,-28.7812,-23.6278,-45.0648,-0.962306,1.62814,-0.219641,28.753
1772222741427688761,2026-02-27 15:05:41.427,-28.6482,-23.409,-45.0326,-0.943744,1.61931,-0.22034,28.754000000000005
1772222741428876177,2026-02-27 15:05:41.428,-28.3999,-22.9403,-45.2264,-0.916934,1.60025,-0.217136,28.75500000000001
1772222741430075279,2026-02-27 15:05:41.430,-28.1559,-22.6984,-45.329,-0.896488,1.5889,-0.215533,28.757000000000005
1772222741431275420,2026-02-27 15:05:41.431,-28.0859,-22.4435,-44.2899,-0.883358,1.57676,-0.224443,28.75800000000001
1772222741432488174,2026-02-27 15:05:41.432,-27.8041,-22.1865,-44.7449,-0.865141,1.56431,-0.218807,28.759
1772222741433619931,2026-02-27 15:05:41.433,-27.6707,-21.9279,-44.8378,-0.848662,1.55198,-0.216127,28.760000000000005
1772222741434770141,2026-02-27 15:05:41.434,-27.412,-21.6888,-45.5468,-0.831639,1.53917,-0.209152,28.76100000000001
1772222741435943125,2026-02-27 15:05:41.435,-26.9589,-21.2252,-45.8805,-0.803043,1.5111,-0.202768,28.762
1772222741437141897,2026-02-27 15:05:41.437,-26.7578,-20.9531,-45.8641,-0.786025,1.49616,-0.201077,28.76400000000001
1772222741438340795,2026-02-27 15:05:41.438,-26.5154,-20.7233,-45.9067,-0.772482,1.48211,-0.199765,28.765
1772222741439556465,2026-02-27 15:05:41.439,-26.3338,-20.5014,-46.7469,-0.761297,1.46752,-0.188865,28.766000000000005
1772222741440685759,2026-02-27 15:05:41.440,-26.0219,-20.2433,-46.8504,-0.740661,1.45224,-0.187016,28.76700000000001
1772222741441850636,2026-02-27 15:05:41.441,-25.5157,-19.7592,-46.221,-0.717453,1.41923,-0.188063,28.768
1772222741443029681,2026-02-27 15:05:41.443,-25.2304,-19.4864,-45.943,-0.700558,1.40307,-0.188823,28.77000000000001
1772222741444234452,2026-02-27 15:05:41.444,-25.0008,-19.3613,-45.718,-0.691942,1.3854,-0.188317,28.771
1772222741445406123,2026-02-27 15:05:41.445,-24.6782,-19.1234,-45.7272,-0.677603,1.36806,-0.18568,28.772000000000006
1772222741446565259,2026-02-27 15:05:41.446,-24.4023,-18.8945,-45.7308,-0.661102,1.35271,-0.183858,28.77300000000001
1772222741447696877,2026-02-27 15:05:41.447,-24.1167,-18.6845,-45.4007,-0.651433,1.33338,-0.186863,28.774
1772222741448845851,2026-02-27 15:05:41.448,-23.8305,-18.5299,-44.7139,-0.63784,1.31629,-0.191149,28.775000000000006
1772222741450024167,2026-02-27 15:05:41.450,-23.2445,-18.1973,-45.376,-0.617874,1.28043,-0.181527,28.777
1772222741451223171,2026-02-27 15:05:41.451,-22.9814,-18.1035,-45.8625,-0.613193,1.2621,-0.175114,28.778000000000006
1772222741452425594,2026-02-27 15:05:41.452,-22.7157,-18.015,-45.9563,-0.605178,1.24475,-0.172492,28.77900000000001
1772222741453566900,2026-02-27 15:05:41.453,-22.4188,-17.8616,-46.024,-0.597628,1.22709,-0.170698,28.78
1772222741454808710,2026-02-27 15:05:41.454,-22.1312,-17.7703,-45.9084,-0.593733,1.20948,-0.169122,28.781000000000006
1772222741455982580,2026-02-27 15:05:41.455,-21.5796,-17.6205,-47.0621,-0.584597,1.17722,-0.156501,28.78200000000001
1772222741457175925,2026-02-27 15:05:41.457,-21.4224,-17.5762,-46.6409,-0.581435,1.16295,-0.158404,28.784000000000006
1772222741458372775,2026-02-27 15:05:41.458,-21.2525,-17.5712,-46.7217,-0.579603,1.1492,-0.158299,28.78500000000001
1772222741459560118,2026-02-27 15:05:41.459,-21.0722,-17.5122,-46.2061,-0.578197,1.13751,-0.162153,28.786
1772222741460691395,2026-02-27 15:05:41.460,-20.8956,-17.466,-45.9717,-0.574045,1.12598,-0.163335,28.787000000000006
1772222741461863804,2026-02-27 15:05:41.461,-20.7431,-17.4748,-45.9751,-0.575229,1.11683,-0.162676,28.78800000000001
1772222741463036847,2026-02-27 15:05:41.463,-20.5028,-17.5784,-45.8035,-0.579828,1.10255,-0.163939,28.790000000000006
1772222741464230611,2026-02-27 15:05:41.464,-20.4494,-17.7104,-44.8348,-0.583936,1.09866,-0.175283,28.79100000000001
1772222741465429149,2026-02-27 15:05:41.465,-20.4431,-17.7609,-44.8464,-0.592702,1.09609,-0.177175,28.792
1772222741466571339,2026-02-27 15:05:41.466,-20.4615,-17.8667,-44.7784,-0.597652,1.09561,-0.178563,28.793000000000006
1772222741467702792,2026-02-27 15:05:41.467,-20.3783,-17.9971,-45.2096,-0.60471,1.09602,-0.175015,28.79400000000001
1772222741468853345,2026-02-27 15:05:41.468,-20.425,-18.1381,-45.4227,-0.613258,1.09775,-0.174106,28.795
1772222741470025945,2026-02-27 15:05:41.470,-20.5717,-18.4358,-45.008,-0.633848,1.10673,-0.179649,28.79700000000001
1772222741471219282,2026-02-27 15:05:41.471,-20.6571,-18.6303,-44.7495,-0.650461,1.11265,-0.182777,28.798000000000002
1772222741472420593,2026-02-27 15:05:41.472,-20.7818,-18.7508,-44.8876,-0.660905,1.12002,-0.181041,28.799000000000007
1772222741473566175,2026-02-27 15:05:41.473,-20.847,-18.9732,-45.2737,-0.67525,1.12808,-0.178769,28.80000000000001
1772222741474695782,2026-02-27 15:05:41.474,-20.9528,-19.1586,-44.5337,-0.692698,1.13431,-0.183987,28.801000000000002
1772222741475844382,2026-02-27 15:05:41.475,-21.0822,-19.3671,-43.8476,-0.710323,1.143,-0.190342,28.802000000000007
1772222741477019222,2026-02-27 15:05:41.477,-21.3768,-19.7793,-42.5774,-0.743378,1.16078,-0.199842,28.804000000000002
1772222741478213514,2026-02-27 15:05:41.478,-21.5272,-19.9246,-42.0704,-0.764269,1.17003,-0.200773,28.805000000000007
1772222741479410285,2026-02-27 15:05:41.479,-21.6293,-20.196,-41.7165,-0.785968,1.17801,-0.203164,28.80600000000001
1772222741480562182,2026-02-27 15:05:41.480,-21.8094,-20.4058,-41.2089,-0.801837,1.18665,-0.203999,28.807000000000002
1772222741481693454,2026-02-27 15:05:41.481,-21.9515,-20.5767,-39.6839,-0.820337,1.19463,-0.214144,28.808000000000007
1772222741482857957,2026-02-27 15:05:41.482,-22.0221,-20.862,-39.693,-0.842553,1.20146,-0.210774,28.80900000000001
1772222741484037337,2026-02-27 15:05:41.484,-22.1923,-21.2167,-39.5302,-0.882271,1.21553,-0.203493,28.811000000000007
1772222741485230850,2026-02-27 15:05:41.485,-22.2144,-21.4627,-39.2879,-0.9028,1.22084,-0.201001,28.812000000000012
1772222741486431721,2026-02-27 15:05:41.486,-22.3612,-21.6878,-38.9282,-0.920392,1.22718,-0.201091,28.813000000000002
1772222741487567124,2026-02-27 15:05:41.487,-22.403,-21.873,-38.5898,-0.938862,1.23246,-0.200808,28.814000000000007
1772222741488699107,2026-02-27 15:05:41.488,-22.4432,-22.0917,-38.2746,-0.958221,1.23733,-0.200141,28.815000000000012
1772222741489870354,2026-02-27 15:05:41.489,-22.5196,-22.2811,-38.9469,-0.982611,1.24106,-0.188964,28.816000000000003
1772222741491048125,2026-02-27 15:05:41.491,-22.508,-22.8338,-38.2697,-1.01939,1.24719,-0.188266,28.818000000000012
1772222741492243991,2026-02-27 15:05:41.492,-22.5543,-23.0131,-37.6211,-1.03352,1.24908,-0.191722,28.819000000000003
1772222741493441361,2026-02-27 15:05:41.493,-22.6078,-23.189,-37.1124,-1.04964,1.25226,-0.192533,28.820000000000007
1772222741494563118,2026-02-27 15:05:41.494,-22.6467,-23.4531,-36.7741,-1.07159,1.25347,-0.19252,28.821000000000012
1772222741495692172,2026-02-27 15:05:41.495,-22.735,-23.5558,-36.6693,-1.08898,1.25615,-0.19095,28.822000000000003
1772222741496858395,2026-02-27 15:05:41.496,-22.738,-23.7411,-36.5055,-1.10065,1.25849,-0.188462,28.823000000000008
1772222741498085390,2026-02-27 15:05:41.498,-22.8052,-24.1006,-35.3038,-1.12531,1.26412,-0.196034,28.825000000000003
1772222741499280873,2026-02-27 15:05:41.499,-22.8546,-24.2426,-35.4745,-1.13876,1.26773,-0.192455,28.826000000000008
1772222741500495467,2026-02-27 15:05:41.500,-22.9995,-24.3789,-35.9327,-1.15235,1.27247,-0.188783,28.827000000000012
1772222741501629492,2026-02-27 15:05:41.501,-23.0003,-24.5169,-36.316,-1.15991,1.27751,-0.183323,28.828000000000003
1772222741502805692,2026-02-27 15:05:41.502,-23.1303,-24.6312,-36.3654,-1.16997,1.28241,-0.182768,28.829000000000008
1772222741503977572,2026-02-27 15:05:41.503,-23.1681,-24.7514,-36.2924,-1.17635,1.28823,-0.181711,28.830000000000013
1772222741505148955,2026-02-27 15:05:41.505,-23.3951,-24.9382,-36.3813,-1.19546,1.30126,-0.181901,28.832000000000008
1772222741506346976,2026-02-27 15:05:41.506,-23.4456,-24.9953,-37.4386,-1.19587,1.30765,-0.172765,28.833000000000013
1772222741507562998,2026-02-27 15:05:41.507,-23.589,-25.0923,-37.0501,-1.20115,1.31554,-0.176595,28.834000000000003
1772222741508691715,2026-02-27 15:05:41.508,-23.6772,-25.1503,-37.1045,-1.20294,1.3219,-0.177808,28.835000000000008
1772222741509869098,2026-02-27 15:05:41.509,-23.8101,-25.2191,-36.6672,-1.20701,1.32876,-0.182842,28.836000000000013
1772222741511040792,2026-02-27 15:05:41.511,-23.9041,-25.1762,-36.5034,-1.20123,1.33604,-0.185867,28.838000000000008
1772222741512216720,2026-02-27 15:05:41.512,-24.0958,-25.3115,-36.7154,-1.20634,1.34622,-0.185139,28.839
1772222741513414154,2026-02-27 15:05:41.513,-24.1029,-25.2485,-36.8737,-1.1991,1.35175,-0.185333,28.840000000000003
1772222741514578102,2026-02-27 15:05:41.514,-24.3086,-25.308,-35.8126,-1.2024,1.35635,-0.195694,28.841000000000008
1772222741515709489,2026-02-27 15:05:41.515,-24.3911,-25.3342,-36.1937,-1.20471,1.36279,-0.193667,28.842
1772222741516885852,2026-02-27 15:05:41.516,-24.4235,-25.3537,-36.356,-1.20036,1.36672,-0.193502,28.843000000000004
1772222741518058651,2026-02-27 15:05:41.518,-24.5071,-25.2918,-37.1425,-1.19471,1.37218,-0.188264,28.845
1772222741519237881,2026-02-27 15:05:41.519,-24.6889,-25.2788,-37.8133,-1.18948,1.38134,-0.185347,28.846000000000004
1772222741520437990,2026-02-27 15:05:41.520,-24.6832,-25.2904,-38.0517,-1.18079,1.3874,-0.18561,28.84700000000001
1772222741521580069,2026-02-27 15:05:41.521,-24.8702,-25.2397,-38.2379,-1.1778,1.39396,-0.1854,28.848
1772222741522711346,2026-02-27 15:05:41.522,-24.7851,-25.1611,-39.129,-1.16208,1.40063,-0.178619,28.849000000000004
1772222741523889623,2026-02-27 15:05:41.523,-24.8791,-25.0936,-39.7118,-1.15341,1.40548,-0.176391,28.85000000000001
1772222741525062033,2026-02-27 15:05:41.525,-24.9057,-25.0028,-39.7364,-1.14499,1.41057,-0.178375,28.852000000000004
1772222741526240439,2026-02-27 15:05:41.526,-25.0574,-24.897,-39.3315,-1.12839,1.41995,-0.183567,28.85300000000001
1772222741527440844,2026-02-27 15:05:41.527,-25.1282,-24.6802,-39.3388,-1.1143,1.42521,-0.184905,28.854
1772222741528572461,2026-02-27 15:05:41.528,-25.1798,-24.6064,-39.5809,-1.10674,1.43012,-0.184883,28.855000000000004
1772222741529701458,2026-02-27 15:05:41.529,-25.2773,-24.569,-39.664,-1.10144,1.43267,-0.184567,28.85600000000001
1772222741530882508,2026-02-27 15:05:41.530,-25.2105,-24.4808,-39.7511,-1.08383,1.43683,-0.185579,28.857
1772222741532054094,2026-02-27 15:05:41.532,-25.34,-24.3827,-39.01,-1.07467,1.44139,-0.192822,28.85900000000001
1772222741533236608,2026-02-27 15:05:41.533,-25.3675,-24.1727,-39.8746,-1.05462,1.44878,-0.187092,28.86
1772222741534437492,2026-02-27 15:05:41.534,-25.4171,-24.1121,-40.5411,-1.04697,1.45276,-0.181317,28.861000000000004
1772222741535569711,2026-02-27 15:05:41.535,-25.5127,-24.0435,-40.7876,-1.0405,1.45629,-0.180851,28.86200000000001
1772222741536700711,2026-02-27 15:05:41.536,-25.4702,-23.9717,-40.8049,-1.02696,1.45879,-0.180385,28.863
1772222741537874839,2026-02-27 15:05:41.537,-25.5332,-23.8238,-40.9603,-1.01564,1.46302,-0.181035,28.864000000000004
1772222741539059721,2026-02-27 15:05:41.539,-25.5414,-23.7403,-40.9898,-1.00433,1.46616,-0.182092,28.866
1772222741540241799,2026-02-27 15:05:41.540,-25.5914,-23.5678,-42.032,-0.984908,1.47426,-0.177346,28.867000000000004
1772222741541441232,2026-02-27 15:05:41.541,-25.6482,-23.5048,-42.0895,-0.978059,1.47689,-0.177633,28.86800000000001
1772222741542570282,2026-02-27 15:05:41.542,-25.675,-23.4142,-41.4548,-0.96883,1.47995,-0.183906,28.869
1772222741543702406,2026-02-27 15:05:41.543,-25.6725,-23.3686,-41.3622,-0.962585,1.48096,-0.188415,28.870000000000005
1772222741544882167,2026-02-27 15:05:41.544,-25.6997,-23.3403,-41.3078,-0.956217,1.4835,-0.190181,28.87100000000001
1772222741546069975,2026-02-27 15:05:41.546,-25.7652,-23.3068,-41.3086,-0.951161,1.48638,-0.193053,28.873000000000005
1772222741547241530,2026-02-27 15:05:41.547,-25.7233,-23.2383,-40.4894,-0.940578,1.48691,-0.205617,28.87400000000001
1772222741548441973,2026-02-27 15:05:41.548,-25.7169,-23.2605,-40.3215,-0.937396,1.4871,-0.209321,28.875
1772222741549604596,2026-02-27 15:05:41.549,-25.7023,-23.2521,-40.4359,-0.93602,1.48698,-0.210425,28.876000000000005
1772222741550734529,2026-02-27 15:05:41.550,-25.6686,-23.3181,-40.8793,-0.93556,1.4861,-0.207925,28.87700000000001
1772222741551917417,2026-02-27 15:05:41.551,-25.6587,-23.3711,-41.1519,-0.938247,1.4851,-0.20687,28.878
1772222741553090323,2026-02-27 15:05:41.553,-25.6093,-23.4146,-41.1001,-0.941045,1.4832,-0.208632,28.88000000000001
1772222741554273984,2026-02-27 15:05:41.554,-25.4939,-23.5598,-40.9589,-0.948647,1.4783,-0.211776,28.881
1772222741555484013,2026-02-27 15:05:41.555,-25.5292,-23.6183,-41.1126,-0.958243,1.47607,-0.210758,28.882000000000005
1772222741556616038,2026-02-27 15:05:41.556,-25.3497,-23.6988,-41.8548,-0.956458,1.47334,-0.205683,28.88300000000001
1772222741557794494,2026-02-27 15:05:41.557,-25.3797,-23.8117,-41.3492,-0.967237,1.46959,-0.209035,28.884
1772222741558992333,2026-02-27 15:05:41.558,-25.3217,-23.9587,-40.9699,-0.977179,1.4657,-0.21144,28.885000000000005
1772222741560165792,2026-02-27 15:05:41.560,-25.3372,-24.0325,-40.4984,-0.986354,1.46339,-0.215641,28.887
1772222741561351516,2026-02-27 15:05:41.561,-25.2626,-24.2528,-39.9278,-1.00619,1.45703,-0.216664,28.888000000000005
1772222741562563040,2026-02-27 15:05:41.562,-25.2395,-24.3645,-39.7269,-1.01794,1.45507,-0.216844,28.88900000000001
1772222741563694565,2026-02-27 15:05:41.563,-25.2557,-24.5006,-39.5361,-1.03286,1.45173,-0.215785,28.89
1772222741564972856,2026-02-27 15:05:41.564,-25.137,-24.6231,-38.1111,-1.04325,1.44826,-0.225339,28.891000000000005
1772222741566145233,2026-02-27 15:05:41.566,-25.0634,-24.7433,-38.246,-1.05706,1.44488,-0.220847,28.893
1772222741567315710,2026-02-27 15:05:41.567,-25.0113,-24.9248,-38.263,-1.085,1.43542,-0.213527,28.894000000000005
1772222741568524569,2026-02-27 15:05:41.568,-24.869,-25.1493,-38.2286,-1.09939,1.42983,-0.209871,28.89500000000001
1772222741569655977,2026-02-27 15:05:41.569,-24.867,-25.3277,-38.003,-1.11686,1.42539,-0.208009,28.896
1772222741570838927,2026-02-27 15:05:41.570,-24.7657,-25.4477,-37.7331,-1.12729,1.42089,-0.205999,28.897000000000006
1772222741572036730,2026-02-27 15:05:41.572,-24.6813,-25.5261,-37.4402,-1.14198,1.41707,-0.204684,28.899
1772222741573210345,2026-02-27 15:05:41.573,-24.6787,-25.6495,-38.0391,-1.15574,1.41254,-0.194838,28.900000000000006
1772222741574388912,2026-02-27 15:05:41.574,-24.5103,-25.8208,-37.5453,-1.17873,1.40396,-0.1934,28.90100000000001
1772222741575569838,2026-02-27 15:05:41.575,-24.503,-25.8887,-36.8411,-1.19362,1.39893,-0.19927,28.902
1772222741576700859,2026-02-27 15:05:41.576,-24.4201,-25.9272,-36.3135,-1.18886,1.39135,-0.198621,28.903000000000006
1772222741577877179,2026-02-27 15:05:41.577,-24.354,-25.932,-35.939,-1.20142,1.38982,-0.1972,28.90400000000001
1772222741579067820,2026-02-27 15:05:41.579,-24.2836,-26.1325,-35.7898,-1.21084,1.38482,-0.195468,28.906000000000006
1772222741580266000,2026-02-27 15:05:41.580,-24.2464,-26.178,-35.1124,-1.23368,1.37544,-0.200818,28.90700000000001
1772222741581480655,2026-02-27 15:05:41.581,-24.237,-26.2336,-34.0707,-1.23584,1.3729,-0.201355,28.908
1772222741582610506,2026-02-27 15:05:41.582,-24.1355,-26.2867,-34.2415,-1.24265,1.36961,-0.197144,28.909000000000006
1772222741583746635,2026-02-27 15:05:41.583,-24.1688,-26.3144,-34.251,-1.25464,1.36824,-0.193318,28.91000000000001
1772222741584877871,2026-02-27 15:05:41.584,-24.1034,-26.2935,-34.6204,-1.25846,1.36412,-0.186731,28.911
1772222741586074803,2026-02-27 15:05:41.586,-24.0485,-26.2343,-34.431,-1.26189,1.35852,-0.184692,28.91300000000001
1772222741587245884,2026-02-27 15:05:41.587,-23.8634,-26.0538,-34.3731,-1.24074,1.34554,-0.176554,28.914
1772222741588421903,2026-02-27 15:05:41.588,-23.2521,-24.9391,-34.6707,-1.18616,1.30798,-0.183722,28.915000000000006
1772222741589555417,2026-02-27 15:05:41.589,-23.1474,-24.9276,-35.4957,-1.20222,1.30435,-0.189212,28.91600000000001
1772222741590684994,2026-02-27 15:05:41.590,-23.0584,-25.0281,-34.5129,-1.20272,1.30189,-0.18341,28.917
1772222741591859416,2026-02-27 15:05:41.591,-23.0495,-25.2055,-34.1468,-1.20227,1.28653,-0.164702,28.918000000000006
1772222741593059805,2026-02-27 15:05:41.593,-22.8904,-25.2005,-33.503,-1.20684,1.27525,-0.163508,28.92
1772222741594244523,2026-02-27 15:05:41.594,-22.7718,-25.0791,-33.0356,-1.21288,1.26817,-0.166689,28.921000000000006
1772222741595419353,2026-02-27 15:05:41.595,-22.7382,-24.6806,-32.2461,-1.20929,1.26452,-0.168916,28.92200000000001
1772222741596577460,2026-02-27 15:05:41.596,-22.6739,-24.4031,-32.0123,-1.19489,1.26482,-0.169443,28.923000000000002
1772222741597708856,2026-02-27 15:05:41.597,-22.6451,-24.1933,-31.0203,-1.18108,1.26499,-0.180258,28.924000000000007
1772222741598884407,2026-02-27 15:05:41.598,-22.5066,-24.0819,-31.0708,-1.16914,1.25961,-0.177838,28.92500000000001
1772222741600081750,2026-02-27 15:05:41.600,-22.3933,-23.9541,-31.2711,-1.15744,1.25312,-0.177601,28.927000000000007
1772222741601254362,2026-02-27 15:05:41.601,-22.2434,-23.7775,-31.9319,-1.14096,1.24637,-0.171954,28.92800000000001
1772222741602440378,2026-02-27 15:05:41.602,-22.0874,-23.4807,-32.7428,-1.11655,1.23574,-0.164823,28.929000000000002
1772222741603591257,2026-02-27 15:05:41.603,-22.0021,-23.3359,-33.0766,-1.10483,1.2295,-0.162929,28.930000000000007
1772222741604727164,2026-02-27 15:05:41.604,-21.8863,-23.2367,-33.2532,-1.09726,1.21922,-0.160376,28.93100000000001
1772222741605905292,2026-02-27 15:05:41.605,-21.8104,-23.1954,-34.0932,-1.09292,1.2101,-0.153157,28.932000000000002
1772222741607108515,2026-02-27 15:05:41.607,-21.6638,-23.1469,-35.0351,-1.08033,1.20236,-0.145237,28.93400000000001
1772222741608280161,2026-02-27 15:05:41.608,-21.6634,-23.0388,-35.1378,-1.07087,1.19748,-0.14475,28.935000000000002
1772222741609471573,2026-02-27 15:05:41.609,-21.5177,-22.8885,-35.3452,-1.05118,1.18557,-0.146197,28.936000000000007
1772222741610601630,2026-02-27 15:05:41.610,-21.4033,-22.796,-35.4844,-1.03452,1.18002,-0.145643,28.937000000000012
1772222741611771745,2026-02-27 15:05:41.611,-21.3594,-22.6624,-35.9227,-1.02229,1.1756,-0.143379,28.938000000000002
1772222741612970222,2026-02-27 15:05:41.612,-21.2464,-22.571,-36.311,-1.00796,1.17188,-0.142183,28.939000000000007
1772222741614167664,2026-02-27 15:05:41.614,-21.1851,-22.4514,-36.6143,-0.990552,1.16945,-0.141492,28.941000000000003
1772222741615361168,2026-02-27 15:05:41.615,-21.08,-22.2197,-36.7073,-0.963804,1.16312,-0.144453,28.942000000000007
1772222741616528167,2026-02-27 15:05:41.616,-21.0171,-22.0847,-37.1391,-0.945999,1.16129,-0.142757,28.943000000000012
1772222741617660024,2026-02-27 15:05:41.617,-20.9154,-21.9166,-38.0643,-0.929995,1.15742,-0.137287,28.944000000000003
1772222741618836423,2026-02-27 15:05:41.618,-20.8565,-21.8104,-38.4611,-0.917598,1.15418,-0.135037,28.945000000000007
1772222741620034564,2026-02-27 15:05:41.620,-20.7687,-21.7064,-38.8242,-0.904162,1.15165,-0.134697,28.947000000000003
1772222741621222088,2026-02-27 15:05:41.621,-20.7715,-21.6652,-39.1701,-0.89065,1.1489,-0.134113,28.948000000000008
1772222741622397199,2026-02-27 15:05:41.622,-20.649,-21.5406,-40.9005,-0.865005,1.14638,-0.126377,28.949000000000012
1772222741623534404,2026-02-27 15:05:41.623,-20.6206,-21.4567,-41.0647,-0.856585,1.14609,-0.12882,28.950000000000003
1772222741624665352,2026-02-27 15:05:41.624,-20.6064,-21.4478,-41.3588,-0.847764,1.14637,-0.130086,28.951000000000008
1772222741625843501,2026-02-27 15:05:41.625,-20.6034,-21.353,-41.0097,-0.832033,1.14715,-0.135934,28.952000000000012
1772222741627042392,2026-02-27 15:05:41.627,-20.567,-21.3434,-41.0423,-0.821146,1.14831,-0.139601,28.954000000000008
1772222741628224354,2026-02-27 15:05:41.628,-20.6553,-21.2939,-41.2273,-0.812157,1.15014,-0.142241,28.955000000000013
1772222741629395466,2026-02-27 15:05:41.629,-20.593,-21.3508,-41.8009,-0.799801,1.15335,-0.147112,28.956000000000003
1772222741630527142,2026-02-27 15:05:41.630,-20.5481,-21.3625,-41.3829,-0.789911,1.15266,-0.154386,28.957000000000008
1772222741631657337,2026-02-27 15:05:41.631,-20.5701,-21.3879,-41.2634,-0.785141,1.15473,-0.160019,28.958000000000013
1772222741632836164,2026-02-27 15:05:41.632,-20.5212,-21.4151,-41.6491,-0.778178,1.15495,-0.159705,28.959000000000003
1772222741634034823,2026-02-27 15:05:41.634,-20.53,-21.4744,-42.2483,-0.776116,1.15533,-0.158316,28.961000000000013
1772222741635233719,2026-02-27 15:05:41.635,-20.4708,-21.5544,-42.7273,-0.779606,1.15359,-0.156783,28.962000000000003
1772222741636426118,2026-02-27 15:05:41.636,-20.3852,-21.7511,-42.861,-0.783401,1.15085,-0.161323,28.963000000000008
1772222741637575700,2026-02-27 15:05:41.637,-20.3624,-21.8623,-42.9732,-0.786083,1.14945,-0.162989,28.964
1772222741638702909,2026-02-27 15:05:41.638,-20.3156,-21.9713,-42.9452,-0.793564,1.14779,-0.164474,28.965000000000003
1772222741639902749,2026-02-27 15:05:41.639,-20.2307,-22.1443,-43.9987,-0.799797,1.14512,-0.156104,28.966000000000008
1772222741641103448,2026-02-27 15:05:41.641,-20.2006,-22.295,-43.3437,-0.811354,1.1424,-0.160315,28.968000000000004
1772222741642288768,2026-02-27 15:05:41.642,-20.2119,-22.4512,-43.2189,-0.82671,1.13919,-0.161667,28.96900000000001
1772222741643480847,2026-02-27 15:05:41.643,-20.1339,-22.8083,-42.2529,-0.850284,1.13206,-0.167315,28.97
1772222741644618483,2026-02-27 15:05:41.644,-20.026,-22.9643,-42.1807,-0.861614,1.12711,-0.166304,28.971000000000004
1772222741645811196,2026-02-27 15:05:41.645,-19.9407,-23.1585,-41.9457,-0.87678,1.12255,-0.165511,28.97200000000001
1772222741647015134,2026-02-27 15:05:41.647,-19.8373,-23.3297,-41.7471,-0.892732,1.11773,-0.165389,28.974000000000004
1772222741648215944,2026-02-27 15:05:41.648,-19.8607,-23.5676,-40.4917,-0.910329,1.114,-0.174738,28.97500000000001
1772222741649392741,2026-02-27 15:05:41.649,-19.7789,-23.7893,-40.4573,-0.929984,1.10785,-0.171576,28.976
1772222741650548697,2026-02-27 15:05:41.650,-19.5413,-24.2759,-40.7893,-0.966326,1.09684,-0.162718,28.977000000000004
1772222741651686818,2026-02-27 15:05:41.651,-19.4833,-24.5822,-40.9087,-0.987946,1.09042,-0.158002,28.97800000000001
1772222741652902395,2026-02-27 15:05:41.652,-19.4115,-24.8311,-40.6238,-1.01165,1.08322,-0.156061,28.979
1772222741654102780,2026-02-27 15:05:41.654,-19.261,-25.0605,-40.4077,-1.03091,1.0771,-0.152407,28.98100000000001
1772222741655294276,2026-02-27 15:05:41.655,-19.3105,-25.3245,-40.3038,-1.05068,1.07241,-0.150888,28.982
1772222741656503545,2026-02-27 15:05:41.656,-19.0829,-25.8347,-40.8755,-1.09511,1.06016,-0.136981,28.983000000000004
1772222741657634444,2026-02-27 15:05:41.657,-19.0586,-26.0593,-40.6268,-1.11578,1.05538,-0.135633,28.98400000000001
1772222741658811966,2026-02-27 15:05:41.658,-19.0637,-26.3706,-40.1287,-1.13667,1.05198,-0.138262,28.985
1772222741660011160,2026-02-27 15:05:41.660,-19.0194,-26.6292,-39.7082,-1.15878,1.05009,-0.138205,28.98700000000001
1772222741661210216,2026-02-27 15:05:41.661,-19.0604,-26.9231,-39.4338,-1.18031,1.05011,-0.137788,28.988
1772222741662395874,2026-02-27 15:05:41.662,-19.1023,-27.5202,-39.353,-1.22866,1.05313,-0.133978,28.989000000000004
1772222741663550211,2026-02-27 15:05:41.663,-19.3257,-27.8176,-39.1047,-1.25497,1.05959,-0.136446,28.99000000000001
1772222741664684251,2026-02-27 15:05:41.664,-19.4233,-27.9435,-38.1337,-1.26995,1.06614,-0.145734,28.991
1772222741665865304,2026-02-27 15:05:41.665,-19.5511,-28.3146,-38.4863,-1.28968,1.0763,-0.139575,28.992000000000004
1772222741667065423,2026-02-27 15:05:41.667,-19.7112,-28.618,-38.5486,-1.31505,1.08557,-0.137791,28.994
1772222741668265078,2026-02-27 15:05:41.668,-19.9621,-28.9256,-39.0267,-1.33902,1.10109,-0.134756,28.995000000000005
1772222741669443259,2026-02-27 15:05:41.669,-20.2141,-29.2011,-39.0168,-1.36005,1.11612,-0.134568,28.99600000000001
1772222741670595413,2026-02-27 15:05:41.670,-20.701,-29.6482,-38.8191,-1.40192,1.14659,-0.139603,28.997
1772222741671773899,2026-02-27 15:05:41.671,-21.0212,-29.8574,-38.6045,-1.41865,1.16591,-0.139415,28.998000000000005
1772222741672975741,2026-02-27 15:05:41.672,-21.3484,-30.0197,-39.9209,-1.42341,1.18428,-0.131874,28.99900000000001
1772222741674176726,2026-02-27 15:05:41.674,-21.5664,-29.8903,-39.5817,-1.40658,1.19477,-0.127024,29.001000000000005
1772222741675356682,2026-02-27 15:05:41.675,-21.663,-29.7685,-39.8638,-1.39047,1.18719,-0.12084,29.00200000000001
1772222741676632062,2026-02-27 15:05:41.676,-21.9317,-29.9642,-38.5468,-1.44606,1.23145,-0.163331,29.003
1772222741677813290,2026-02-27 15:05:41.677,-22.3691,-30.3312,-37.9554,-1.465,1.25734,-0.158614,29.004000000000005
1772222741679007127,2026-02-27 15:05:41.679,-22.7317,-30.6653,-37.5594,-1.4856,1.27667,-0.155247,29.006
1772222741680213160,2026-02-27 15:05:41.680,-23.1015,-30.9799,-37.2258,-1.51836,1.29605,-0.155574,29.007000000000005
1772222741681387526,2026-02-27 15:05:41.681,-23.4832,-30.9979,-36.0926,-1.52449,1.31915,-0.164613,29.00800000000001
1772222741682550401,2026-02-27 15:05:41.682,-24.0802,-30.3485,-35.8033,-1.50447,1.34043,-0.168569,29.009
1772222741683699160,2026-02-27 15:05:41.683,-24.3476,-30.0588,-36.0438,-1.50219,1.38214,-0.181355,29.010000000000005
1772222741684910411,2026-02-27 15:05:41.684,-24.7111,-30.1114,-36.0885,-1.50806,1.41326,-0.187556,29.01100000000001
1772222741686110833,2026-02-27 15:05:41.686,-24.838,-29.9386,-35.2929,-1.49146,1.43287,-0.196081,29.013000000000005
1772222741687283145,2026-02-27 15:05:41.687,-25.2312,-30.1011,-35.5748,-1.48661,1.4325,-0.181683,29.01400000000001
1772222741688479433,2026-02-27 15:05:41.688,-25.9829,-30.1738,-35.3886,-1.52293,1.49413,-0.184582,29.015
1772222741689611812,2026-02-27 15:05:41.689,-26.178,-30.1079,-36.0616,-1.51085,1.50673,-0.180897,29.016000000000005
1772222741690748269,2026-02-27 15:05:41.690,-26.4195,-29.844,-36.0053,-1.48661,1.50283,-0.185998,29.01700000000001
1772222741691882704,2026-02-27 15:05:41.691,-26.643,-29.6107,-35.564,-1.48659,1.53067,-0.19745,29.018
1772222741693060768,2026-02-27 15:05:41.693,-26.9069,-29.451,-35.0067,-1.48969,1.55606,-0.211446,29.02000000000001
1772222741694193683,2026-02-27 15:05:41.694,-27.2689,-29.4714,-34.5569,-1.49015,1.57588,-0.215367,29.021
1772222741695336769,2026-02-27 15:05:41.695,-27.5832,-29.6087,-34.2637,-1.49496,1.60011,-0.217059,29.022000000000006
1772222741696535890,2026-02-27 15:05:41.696,-28.1339,-29.7253,-33.7804,-1.49983,1.63489,-0.223359,29.02300000000001
1772222741697669276,2026-02-27 15:05:41.697,-28.4186,-29.5611,-32.429,-1.49992,1.65276,-0.237369,29.024
1772222741698838347,2026-02-27 15:05:41.698,-28.7005,-29.4547,-32.4546,-1.50148,1.66962,-0.237021,29.025000000000006
1772222741700016957,2026-02-27 15:05:41.700,-28.9874,-29.2816,-32.3479,-1.49991,1.68727,-0.241207,29.027
1772222741701195507,2026-02-27 15:05:41.701,-29.1472,-29.1745,-32.8007,-1.48969,1.70181,-0.240029,29.028000000000006
1772222741702367987,2026-02-27 15:05:41.702,-29.268,-29.1204,-33.0876,-1.4849,1.71304,-0.242719,29.02900000000001
1772222741703557366,2026-02-27 15:05:41.703,-29.3824,-28.88,-33.1014,-1.46312,1.72975,-0.248731,29.03
1772222741704692053,2026-02-27 15:05:41.704,-29.4385,-28.8025,-33.1895,-1.45518,1.73333,-0.250515,29.031000000000006
1772222741705847074,2026-02-27 15:05:41.705,-29.4329,-28.6386,-34.1835,-1.44356,1.73663,-0.244161,29.03200000000001
1772222741707025422,2026-02-27 15:05:41.707,-29.3988,-28.5574,-34.2728,-1.43288,1.73603,-0.245448,29.034000000000006
1772222741708207193,2026-02-27 15:05:41.708,-29.3397,-28.4215,-34.3903,-1.42048,1.73337,-0.24859,29.03500000000001
1772222741709378655,2026-02-27 15:05:41.709,-29.217,-28.3051,-33.9586,-1.40898,1.72805,-0.254659,29.036
1772222741710543882,2026-02-27 15:05:41.710,-28.9333,-28.0297,-33.8238,-1.38427,1.71092,-0.258094,29.037000000000006
1772222741711675219,2026-02-27 15:05:41.711,-28.8072,-27.8875,-34.0467,-1.37345,1.70113,-0.257624,29.03800000000001
1772222741712847479,2026-02-27 15:05:41.712,-28.5244,-27.667,-34.225,-1.3505,1.68901,-0.256674,29.039
1772222741714025852,2026-02-27 15:05:41.714,-28.3834,-27.528,-33.8654,-1.34019,1.67328,-0.261369,29.04100000000001
1772222741715206255,2026-02-27 15:05:41.715,-28.1271,-27.3375,-33.3717,-1.32548,1.65588,-0.264201,29.042
1772222741716393179,2026-02-27 15:05:41.716,-27.7585,-27.1888,-33.8925,-1.30886,1.63711,-0.260998,29.043000000000006
1772222741717544007,2026-02-27 15:05:41.717,-27.1759,-26.6792,-34.9572,-1.26995,1.59782,-0.248062,29.04400000000001
1772222741718674543,2026-02-27 15:05:41.718,-26.8317,-26.4771,-35.2309,-1.25362,1.57468,-0.245474,29.045
1772222741719829113,2026-02-27 15:05:41.719,-26.4613,-26.2586,-35.4008,-1.23647,1.55211,-0.243041,29.046000000000006
1772222741721007418,2026-02-27 15:05:41.721,-26.0868,-26.1077,-35.6144,-1.21558,1.52911,-0.239945,29.048000000000002
1772222741722186267,2026-02-27 15:05:41.722,-25.7371,-25.8599,-35.9059,-1.19503,1.50666,-0.237481,29.049000000000007
1772222741723364244,2026-02-27 15:05:41.723,-25.3258,-25.6702,-37.2408,-1.17804,1.48104,-0.225007,29.05000000000001
1772222741724530031,2026-02-27 15:05:41.724,-24.6591,-25.239,-37.3635,-1.13961,1.43494,-0.222229,29.051000000000002
1772222741725661909,2026-02-27 15:05:41.725,-24.2995,-25.0987,-37.0753,-1.12677,1.41122,-0.224779,29.052000000000007
1772222741726815595,2026-02-27 15:05:41.726,-23.9669,-24.906,-37.1187,-1.10821,1.3871,-0.22307,29.05300000000001
1772222741728016526,2026-02-27 15:05:41.728,-23.5841,-24.7434,-37.3356,-1.09048,1.36415,-0.219614,29.055000000000007
1772222741729152745,2026-02-27 15:05:41.729,-23.2675,-24.6091,-37.5949,-1.07532,1.34152,-0.216218,29.05600000000001
1772222741730345455,2026-02-27 15:05:41.730,-23.0005,-24.4307,-37.8315,-1.06316,1.31979,-0.213474,29.057000000000002
1772222741731528050,2026-02-27 15:05:41.731,-22.6033,-24.3331,-37.0368,-1.04492,1.29723,-0.218257,29.058000000000007
1772222741732675867,2026-02-27 15:05:41.732,-22.3152,-24.2003,-37.4288,-1.03439,1.27611,-0.213543,29.05900000000001
1772222741733874718,2026-02-27 15:05:41.733,-21.6878,-24.0135,-38.4717,-1.01484,1.23403,-0.2018,29.060000000000002
1772222741735053902,2026-02-27 15:05:41.735,-21.4261,-23.8161,-38.9419,-0.999407,1.21422,-0.194219,29.062000000000012
1772222741736234809,2026-02-27 15:05:41.736,-21.1147,-23.7501,-39.0763,-0.993121,1.19406,-0.191652,29.063000000000002
1772222741737416529,2026-02-27 15:05:41.737,-20.7474,-23.6031,-39.1186,-0.980029,1.17591,-0.186987,29.064000000000007
1772222741738607529,2026-02-27 15:05:41.738,-20.4621,-23.5251,-39.272,-0.973688,1.15788,-0.184653,29.065000000000012
1772222741739786690,2026-02-27 15:05:41.739,-19.9412,-23.4035,-40.3912,-0.961284,1.12398,-0.167861,29.066000000000003
1772222741740966628,2026-02-27 15:05:41.740,-19.6653,-23.4394,-40.2146,-0.959247,1.10686,-0.16636,29.067000000000007
1772222741742148508,2026-02-27 15:05:41.742,-19.4335,-23.4354,-39.9276,-0.956958,1.09088,-0.166259,29.069000000000003
1772222741743328728,2026-02-27 15:05:41.743,-19.1183,-23.4436,-39.4988,-0.95527,1.07235,-0.165894,29.070000000000007
1772222741744514758,2026-02-27 15:05:41.744,-18.9379,-23.477,-39.3053,-0.955296,1.05753,-0.164192,29.071000000000012
1772222741745655748,2026-02-27 15:05:41.745,-18.4719,-23.5366,-39.2086,-0.960761,1.02752,-0.156841,29.072000000000003
1772222741746873938,2026-02-27 15:05:41.746,-18.2645,-23.623,-39.1615,-0.963077,1.01557,-0.154501,29.073000000000008
1772222741748076753,2026-02-27 15:05:41.748,-18.0646,-23.7098,-38.0993,-0.968046,1.00264,-0.16125,29.075000000000003
1772222741749276478,2026-02-27 15:05:41.749,-17.9138,-23.8082,-38.4361,-0.976515,0.989403,-0.153652,29.076000000000008
1772222741750488590,2026-02-27 15:05:41.750,-17.7609,-23.8999,-38.5423,-0.983846,0.980503,-0.150024,29.077000000000012
