abs_timestamp_ns,human_time,fx,fy,fz,tx,ty,tz,mocap_ref_time
1772224116194015963,2026-02-27 15:28:36.194,5.72877,-1.4861,4.03985,-0.208989,-0.010592,-0.029995,23.534000000000006
1772224116195183447,2026-02-27 15:28:36.195,5.26518,-1.29449,3.3826,-0.252551,-0.077181,-0.035031,23.53500000000001
1772224116196354250,2026-02-27 15:28:36.196,5.52628,-1.37467,4.28061,-0.214321,-0.029175,-0.037209,23.536
1772224116197562337,2026-02-27 15:28:36.197,5.50268,-1.41025,4.51453,-0.202539,-0.018486,-0.034649,23.537000000000006
1772224116198691831,2026-02-27 15:28:36.198,5.4619,-1.35287,5.64235,-0.21232,-0.02297,-0.042868,23.53800000000001
1772224116199838335,2026-02-27 15:28:36.199,5.11141,-1.34507,5.30334,-0.218469,-0.033431,-0.039406,23.539
1772224116201007056,2026-02-27 15:28:36.201,5.30689,-1.39971,5.29742,-0.201628,-0.006237,-0.032983,23.54100000000001
1772224116202178554,2026-02-27 15:28:36.202,5.34909,-1.40283,4.99245,-0.183423,0.014092,-0.028187,23.542
1772224116203346737,2026-02-27 15:28:36.203,5.08874,-1.35686,4.54886,-0.208091,-0.024063,-0.029058,23.543000000000006
1772224116204524551,2026-02-27 15:28:36.204,5.23296,-1.3274,4.78866,-0.19031,-0.001227,-0.029388,23.54400000000001
1772224116205652104,2026-02-27 15:28:36.205,5.00968,-1.19622,4.44704,-0.190111,-0.023355,-0.0378,23.545
1772224116206797601,2026-02-27 15:28:36.206,5.33533,-1.26706,3.9019,-0.170999,0.009596,-0.029233,23.546000000000006
1772224116207966179,2026-02-27 15:28:36.207,4.94239,-1.28937,4.35591,-0.177248,5.5e-05,-0.028759,23.54700000000001
1772224116209136427,2026-02-27 15:28:36.209,5.03868,-1.23956,4.40282,-0.176763,-0.004424,-0.029538,23.549000000000007
1772224116210307815,2026-02-27 15:28:36.210,5.17052,-1.27597,5.01139,-0.166838,0.021448,-0.030544,23.55000000000001
1772224116211484582,2026-02-27 15:28:36.211,5.00115,-1.24098,5.25588,-0.162268,0.03102,-0.027351,23.551000000000002
1772224116212613512,2026-02-27 15:28:36.212,4.68647,-1.16665,4.8254,-0.180574,-0.005539,-0.033186,23.552000000000007
1772224116213742315,2026-02-27 15:28:36.213,5.01182,-1.27356,5.18162,-0.15554,0.047786,-0.03073,23.55300000000001
1772224116214871189,2026-02-27 15:28:36.214,4.90397,-1.19215,5.86069,-0.169964,0.021755,-0.039987,23.554000000000002
1772224116216050121,2026-02-27 15:28:36.216,4.85287,-1.17022,5.60218,-0.174888,0.017544,-0.035216,23.55600000000001
1772224116217226201,2026-02-27 15:28:36.217,4.91216,-1.27533,5.86983,-0.160168,0.04202,-0.030732,23.557000000000002
1772224116218406349,2026-02-27 15:28:36.218,4.79975,-1.18124,5.32964,-0.156616,0.036823,-0.026277,23.558000000000007
1772224116219549403,2026-02-27 15:28:36.219,4.69572,-1.15744,4.96352,-0.162857,0.029207,-0.027278,23.55900000000001
1772224116220678136,2026-02-27 15:28:36.220,4.83753,-1.1501,5.09288,-0.146917,0.046143,-0.026562,23.560000000000002
1772224116221833757,2026-02-27 15:28:36.221,4.63152,-1.04176,4.77396,-0.162234,0.011055,-0.030202,23.561000000000007
1772224116223012595,2026-02-27 15:28:36.223,4.89091,-1.12024,4.46598,-0.149752,0.041177,-0.02114,23.563000000000002
1772224116224191738,2026-02-27 15:28:36.224,4.73547,-1.16991,4.28805,-0.14975,0.04763,-0.015933,23.564000000000007
1772224116225376027,2026-02-27 15:28:36.225,4.65532,-1.14227,4.39924,-0.142214,0.049756,-0.013976,23.565000000000012
1772224116226546046,2026-02-27 15:28:36.226,4.66612,-1.0943,4.81747,-0.144675,0.044964,-0.019045,23.566000000000003
1772224116227674551,2026-02-27 15:28:36.227,4.56604,-1.04197,5.22879,-0.145586,0.046889,-0.026256,23.567000000000007
1772224116228830804,2026-02-27 15:28:36.228,4.51495,-1.05176,5.22045,-0.146701,0.05131,-0.025045,23.568000000000012
1772224116230008624,2026-02-27 15:28:36.230,4.53472,-1.08092,5.27192,-0.14364,0.052178,-0.023284,23.570000000000007
1772224116231189878,2026-02-27 15:28:36.231,4.44122,-1.12411,5.39991,-0.14271,0.050051,-0.027618,23.571000000000012
1772224116232371208,2026-02-27 15:28:36.232,4.49381,-1.04673,6.1969,-0.131438,0.063562,-0.033112,23.572000000000003
1772224116233550775,2026-02-27 15:28:36.233,4.50091,-1.1128,5.9508,-0.134575,0.061611,-0.029907,23.573000000000008
1772224116234678957,2026-02-27 15:28:36.234,4.46418,-1.05417,5.28988,-0.134434,0.062066,-0.02232,23.574000000000012
1772224116235829885,2026-02-27 15:28:36.235,4.37215,-1.06781,5.22772,-0.137915,0.06282,-0.022607,23.575000000000003
1772224116237009080,2026-02-27 15:28:36.237,4.40706,-1.03863,5.22931,-0.13409,0.06308,-0.022534,23.577000000000012
1772224116238188735,2026-02-27 15:28:36.238,4.35223,-1.05755,5.1903,-0.134948,0.063861,-0.022991,23.578000000000003
1772224116239356819,2026-02-27 15:28:36.239,4.37111,-1.05209,5.21195,-0.130984,0.064,-0.022906,23.579000000000008
1772224116240540373,2026-02-27 15:28:36.240,4.37672,-1.01617,4.22093,-0.133597,0.063852,-0.014731,23.580000000000013
1772224116241666762,2026-02-27 15:28:36.241,4.42576,-1.01436,4.51155,-0.130489,0.064326,-0.018384,23.581000000000003
1772224116242822930,2026-02-27 15:28:36.242,4.37462,-1.03851,5.02695,-0.130264,0.065153,-0.022577,23.582000000000008
1772224116243990176,2026-02-27 15:28:36.243,4.26316,-1.02668,5.24912,-0.132859,0.066406,-0.025875,23.583000000000013
1772224116245157801,2026-02-27 15:28:36.245,4.3131,-1.00515,5.27238,-0.129711,0.065793,-0.026018,23.585000000000008
1772224116246325790,2026-02-27 15:28:36.246,4.30016,-1.01483,5.23299,-0.129798,0.066263,-0.02626,23.586000000000013
1772224116247503399,2026-02-27 15:28:36.247,4.24511,-0.983601,5.21402,-0.130633,0.066931,-0.026676,23.587000000000003
1772224116248632369,2026-02-27 15:28:36.248,4.1575,-0.921864,5.99158,-0.12849,0.068068,-0.033612,23.588000000000008
1772224116249788118,2026-02-27 15:28:36.249,4.12721,-0.938175,6.03446,-0.12831,0.068442,-0.034009,23.589
1772224116250956645,2026-02-27 15:28:36.250,4.22491,-0.976071,5.52604,-0.128875,0.068336,-0.030745,23.590000000000003
1772224116252125223,2026-02-27 15:28:36.252,4.17159,-0.943398,5.11717,-0.128512,0.069017,-0.027507,23.592
1772224116253304214,2026-02-27 15:28:36.253,4.11663,-0.912881,5.11861,-0.129347,0.070064,-0.027919,23.593000000000004
1772224116254480993,2026-02-27 15:28:36.254,4.13688,-0.907296,5.06445,-0.130896,0.0694,-0.029047,23.59400000000001
1772224116255609756,2026-02-27 15:28:36.255,4.17056,-0.908897,5.06715,-0.127288,0.068474,-0.02919,23.595
1772224116256766452,2026-02-27 15:28:36.256,4.15721,-0.847036,4.18181,-0.128423,0.069216,-0.021555,23.596000000000004
1772224116257946087,2026-02-27 15:28:36.257,4.14725,-0.845167,4.4673,-0.125085,0.070689,-0.024547,23.59700000000001
1772224116259122920,2026-02-27 15:28:36.259,4.13053,-0.819214,4.68605,-0.125514,0.070065,-0.026965,23.599000000000004
1772224116260294724,2026-02-27 15:28:36.260,4.09138,-0.830467,5.01063,-0.129453,0.069244,-0.030258,23.60000000000001
1772224116261480375,2026-02-27 15:28:36.261,4.14905,-0.83157,5.088,-0.123166,0.069207,-0.032253,23.601
1772224116262607037,2026-02-27 15:28:36.262,4.02703,-0.778784,4.96584,-0.125262,0.07083,-0.032717,23.602000000000004
1772224116263764232,2026-02-27 15:28:36.263,4.14362,-0.761821,5.09499,-0.126245,0.068869,-0.033548,23.60300000000001
1772224116264944457,2026-02-27 15:28:36.264,4.02454,-0.732227,6.12487,-0.125288,0.069605,-0.041858,23.604
1772224116266112896,2026-02-27 15:28:36.266,4.04451,-0.708584,5.71894,-0.124876,0.069737,-0.03887,23.60600000000001
1772224116267280808,2026-02-27 15:28:36.267,4.02089,-0.711308,5.70173,-0.126872,0.069578,-0.039548,23.607
1772224116268475127,2026-02-27 15:28:36.268,4.05344,-0.710429,5.16222,-0.125347,0.06957,-0.034705,23.608000000000004
1772224116269607032,2026-02-27 15:28:36.269,4.0041,-0.696874,4.88564,-0.12734,0.069663,-0.033156,23.60900000000001
1772224116270766179,2026-02-27 15:28:36.270,4.05449,-0.689951,4.89081,-0.124946,0.067511,-0.033737,23.61
1772224116271935163,2026-02-27 15:28:36.271,4.02677,-0.624956,4.91169,-0.125179,0.068205,-0.033903,23.611000000000004
1772224116273103690,2026-02-27 15:28:36.273,3.99519,-0.6364,4.00238,-0.124909,0.069692,-0.025652,23.613
1772224116274272335,2026-02-27 15:28:36.274,4.03796,-0.643067,3.98828,-0.124562,0.068402,-0.026515,23.614000000000004
1772224116275439585,2026-02-27 15:28:36.275,4.05114,-0.618293,4.06983,-0.124358,0.068713,-0.026465,23.61500000000001
1772224116276587280,2026-02-27 15:28:36.276,3.98671,-0.615398,4.52324,-0.124957,0.067985,-0.030664,23.616
1772224116277855293,2026-02-27 15:28:36.277,4.02309,-0.587632,4.85328,-0.123638,0.067104,-0.034291,23.617000000000004
1772224116279025153,2026-02-27 15:28:36.279,3.94552,-0.625819,4.80755,-0.127599,0.067533,-0.033955,23.619
1772224116280192833,2026-02-27 15:28:36.280,3.99243,-0.570408,4.70833,-0.121641,0.068085,-0.03389,23.620000000000005
1772224116281360500,2026-02-27 15:28:36.281,4.02335,-0.60807,5.22594,-0.124956,0.067819,-0.038407,23.62100000000001
1772224116282545800,2026-02-27 15:28:36.282,3.89432,-0.51886,5.73369,-0.123435,0.068208,-0.04161,23.622
1772224116283674953,2026-02-27 15:28:36.283,3.90076,-0.570534,5.40864,-0.124524,0.068157,-0.038639,23.623000000000005
1772224116284828878,2026-02-27 15:28:36.284,3.88639,-0.556679,4.61653,-0.126282,0.067488,-0.032893,23.62400000000001
1772224116285996347,2026-02-27 15:28:36.285,3.94907,-0.526318,4.60637,-0.122437,0.067551,-0.030915,23.625
1772224116287164929,2026-02-27 15:28:36.287,3.95928,-0.548601,4.63136,-0.120941,0.067202,-0.031524,23.62700000000001
1772224116288333718,2026-02-27 15:28:36.288,3.96,-0.548832,4.54616,-0.120638,0.067392,-0.030927,23.628
1772224116289511622,2026-02-27 15:28:36.289,3.92728,-0.529155,4.60349,-0.120227,0.067067,-0.030425,23.629000000000005
1772224116290637818,2026-02-27 15:28:36.290,3.91549,-0.583172,3.52216,-0.12157,0.067645,-0.020829,23.63000000000001
1772224116291796197,2026-02-27 15:28:36.291,3.90713,-0.563601,3.95416,-0.120679,0.067265,-0.024609,23.631
1772224116292965284,2026-02-27 15:28:36.292,3.87313,-0.546659,4.40577,-0.121136,0.067487,-0.028403,23.632000000000005
1772224116294167391,2026-02-27 15:28:36.294,3.84105,-0.528165,4.61735,-0.121657,0.066967,-0.029756,23.634
1772224116295334653,2026-02-27 15:28:36.295,3.85377,-0.568982,4.57613,-0.120629,0.067169,-0.029576,23.635000000000005
1772224116296514269,2026-02-27 15:28:36.296,3.88007,-0.534388,4.53089,-0.11907,0.06738,-0.028713,23.63600000000001
1772224116297643358,2026-02-27 15:28:36.297,3.87962,-0.583478,4.59581,-0.119718,0.066737,-0.029349,23.637
1772224116298800805,2026-02-27 15:28:36.298,3.83566,-0.481351,5.37579,-0.116901,0.068179,-0.03649,23.638000000000005
1772224116299969830,2026-02-27 15:28:36.299,3.80621,-0.511824,5.27858,-0.117532,0.067418,-0.034195,23.63900000000001
1772224116301138102,2026-02-27 15:28:36.301,3.83444,-0.491344,4.67569,-0.113947,0.067423,-0.028904,23.641000000000005
1772224116302306081,2026-02-27 15:28:36.302,3.85885,-0.519401,4.35044,-0.116473,0.066744,-0.025952,23.64200000000001
1772224116303486196,2026-02-27 15:28:36.303,3.83341,-0.554848,4.40776,-0.118699,0.066928,-0.025547,23.643
1772224116304615386,2026-02-27 15:28:36.304,3.83446,-0.538322,4.36425,-0.118922,0.066768,-0.025138,23.644000000000005
1772224116305760582,2026-02-27 15:28:36.305,3.91302,-0.550423,4.38158,-0.115652,0.066467,-0.024252,23.64500000000001
1772224116306939349,2026-02-27 15:28:36.306,3.85536,-0.496385,3.34269,-0.115652,0.068276,-0.014964,23.646
1772224116308108344,2026-02-27 15:28:36.308,3.84285,-0.507364,3.56157,-0.111785,0.06859,-0.017116,23.64800000000001
1772224116309277259,2026-02-27 15:28:36.309,3.83085,-0.536904,3.86607,-0.113859,0.069412,-0.020217,23.649
1772224116310485759,2026-02-27 15:28:36.310,3.84718,-0.561708,4.32794,-0.118781,0.066833,-0.022613,23.650000000000006
1772224116311612546,2026-02-27 15:28:36.311,3.83223,-0.535865,4.43133,-0.114066,0.066451,-0.022642,23.65100000000001
1772224116312758485,2026-02-27 15:28:36.312,3.82216,-0.515847,4.44741,-0.115239,0.068124,-0.022026,23.652
1772224116313939753,2026-02-27 15:28:36.313,3.84602,-0.512986,4.42814,-0.112915,0.068083,-0.021999,23.653000000000006
1772224116315107627,2026-02-27 15:28:36.315,3.83089,-0.526146,5.41824,-0.112433,0.067823,-0.030195,23.655
1772224116316274916,2026-02-27 15:28:36.316,3.796,-0.553541,4.91756,-0.113468,0.068519,-0.025372,23.656000000000006
1772224116317443156,2026-02-27 15:28:36.317,3.80082,-0.523219,4.91579,-0.115201,0.068583,-0.025183,23.65700000000001
1772224116318589302,2026-02-27 15:28:36.318,3.85426,-0.46662,4.47818,-0.111629,0.067481,-0.020206,23.658
1772224116319718509,2026-02-27 15:28:36.319,3.80886,-0.45875,4.24134,-0.108776,0.069888,-0.018147,23.659000000000006
1772224116320877802,2026-02-27 15:28:36.320,3.90075,-0.510492,4.28328,-0.111267,0.068243,-0.018232,23.66000000000001
1772224116322060390,2026-02-27 15:28:36.322,3.81982,-0.515052,4.26106,-0.113364,0.069654,-0.018265,23.662000000000006
1772224116323232851,2026-02-27 15:28:36.323,3.88391,-0.52982,3.35526,-0.111031,0.06923,-0.010211,23.66300000000001
1772224116324401296,2026-02-27 15:28:36.324,3.94217,-0.496622,3.50491,-0.11198,0.068098,-0.011214,23.664
1772224116325543789,2026-02-27 15:28:36.325,3.90988,-0.479885,3.51042,-0.109947,0.069452,-0.012015,23.665000000000006
1772224116326673072,2026-02-27 15:28:36.326,3.84599,-0.512767,4.00638,-0.110452,0.069997,-0.016441,23.66600000000001
1772224116327836213,2026-02-27 15:28:36.327,3.82458,-0.402222,4.24024,-0.108687,0.070439,-0.017918,23.667
1772224116328976234,2026-02-27 15:28:36.328,3.78761,-0.463623,4.32541,-0.11239,0.069933,-0.018808,23.668000000000006
1772224116330136467,2026-02-27 15:28:36.330,3.78234,-0.461265,4.32595,-0.110107,0.070486,-0.018764,23.67
1772224116331296550,2026-02-27 15:28:36.331,3.79136,-0.48619,4.95177,-0.111391,0.069942,-0.024223,23.671000000000006
1772224116332467574,2026-02-27 15:28:36.332,3.78497,-0.433684,5.27657,-0.110623,0.069428,-0.027192,23.67200000000001
1772224116333537848,2026-02-27 15:28:36.333,3.76403,-0.505093,5.04341,-0.112171,0.070502,-0.025901,23.673000000000002
1772224116334644206,2026-02-27 15:28:36.334,3.7492,-0.511349,4.65631,-0.115583,0.070753,-0.022981,23.674000000000007
1772224116335777555,2026-02-27 15:28:36.335,3.7984,-0.421008,4.30723,-0.110128,0.070629,-0.018978,23.67500000000001
1772224116336928966,2026-02-27 15:28:36.336,3.83261,-0.425456,4.21076,-0.110433,0.071354,-0.019711,23.676000000000002
1772224116338072383,2026-02-27 15:28:36.338,3.83438,-0.476073,4.27971,-0.111728,0.07071,-0.021,23.67800000000001
1772224116339222871,2026-02-27 15:28:36.339,3.76537,-0.518027,4.20732,-0.113777,0.070638,-0.019571,23.679000000000002
1772224116340373390,2026-02-27 15:28:36.340,3.84678,-0.493138,3.27857,-0.112126,0.070367,-0.011106,23.680000000000007
1772224116341528894,2026-02-27 15:28:36.341,3.78219,-0.474666,3.71336,-0.111965,0.070413,-0.015516,23.68100000000001
1772224116342632202,2026-02-27 15:28:36.342,3.79432,-0.481373,3.75977,-0.111327,0.069905,-0.016334,23.682000000000002
1772224116343766030,2026-02-27 15:28:36.343,3.77016,-0.388672,4.18782,-0.108982,0.071445,-0.019425,23.683000000000007
1772224116344928100,2026-02-27 15:28:36.344,3.6967,-0.413643,4.42166,-0.110501,0.071564,-0.021224,23.68400000000001
1772224116346089412,2026-02-27 15:28:36.346,3.76168,-0.484014,4.3526,-0.112177,0.07065,-0.023067,23.686000000000007
1772224116347255713,2026-02-27 15:28:36.347,3.63868,-0.479043,4.34767,-0.1159,0.071083,-0.022868,23.687000000000012
1772224116348422092,2026-02-27 15:28:36.348,3.66448,-0.434227,5.38645,-0.113634,0.071328,-0.032067,23.688000000000002
1772224116349561311,2026-02-27 15:28:36.349,3.63136,-0.412397,5.12312,-0.111346,0.071001,-0.029138,23.689000000000007
1772224116350667835,2026-02-27 15:28:36.350,3.5968,-0.44216,5.10546,-0.114842,0.070922,-0.029857,23.690000000000012
1772224116351808793,2026-02-27 15:28:36.351,3.67149,-0.481364,4.54531,-0.112891,0.07015,-0.024838,23.691000000000003
1772224116353002230,2026-02-27 15:28:36.353,2.79462,-0.923933,2.13116,-0.033376,-0.087753,-0.026156,23.693000000000012
1772224116354154804,2026-02-27 15:28:36.354,3.71487,-0.277435,3.96348,-0.10108,0.028043,-0.042564,23.694000000000003
1772224116355346878,2026-02-27 15:28:36.355,3.60398,-0.298856,4.07215,-0.104263,0.040984,-0.040577,23.695000000000007
1772224116356575106,2026-02-27 15:28:36.356,3.42784,-0.357413,3.52215,-0.103848,0.04109,-0.03162,23.696000000000012
1772224116357698253,2026-02-27 15:28:36.357,3.5955,-0.357364,3.71652,-0.108074,0.063774,-0.026056,23.697000000000003
1772224116358877987,2026-02-27 15:28:36.358,3.58653,-0.4424,3.99297,-0.111918,0.068385,-0.021609,23.698000000000008
1772224116360057538,2026-02-27 15:28:36.360,3.46231,-0.497097,4.10398,-0.107635,0.065033,-0.020085,23.700000000000003
1772224116361235879,2026-02-27 15:28:36.361,3.60638,-0.512528,4.21271,-0.112656,0.062166,-0.024236,23.701000000000008
1772224116362432896,2026-02-27 15:28:36.362,3.59874,-0.428015,4.10462,-0.112385,0.06409,-0.026404,23.702000000000012
1772224116363568536,2026-02-27 15:28:36.363,3.57954,-0.485727,4.05571,-0.114732,0.065359,-0.028442,23.703000000000003
1772224116364702389,2026-02-27 15:28:36.364,3.57597,-0.421688,4.37846,-0.113875,0.067145,-0.031013,23.704000000000008
1772224116365915207,2026-02-27 15:28:36.365,3.45009,-0.401772,5.22967,-0.115982,0.066685,-0.037119,23.705000000000013
1772224116367089760,2026-02-27 15:28:36.367,3.3761,-0.452778,4.91585,-0.116239,0.0647,-0.032982,23.707000000000008
1772224116368278651,2026-02-27 15:28:36.368,3.44988,-0.532802,4.01353,-0.113664,0.059098,-0.028729,23.708000000000013
1772224116369496231,2026-02-27 15:28:36.369,3.50846,-0.455367,3.9335,-0.110768,0.062373,-0.028538,23.709000000000003
1772224116370632088,2026-02-27 15:28:36.370,3.41346,-0.527784,3.77703,-0.102996,0.059673,-0.029475,23.710000000000008
1772224116371822843,2026-02-27 15:28:36.371,3.49783,-0.427197,3.90589,-0.107662,0.058761,-0.030549,23.711000000000013
1772224116373025186,2026-02-27 15:28:36.373,3.52721,-0.369217,4.11375,-0.112022,0.063152,-0.031217,23.713000000000008
1772224116374210468,2026-02-27 15:28:36.374,3.4237,-0.560659,3.09769,-0.099208,0.058578,-0.021875,23.714
1772224116375403910,2026-02-27 15:28:36.375,3.40659,-0.49938,3.32762,-0.106921,0.057265,-0.020138,23.715000000000003
1772224116376568733,2026-02-27 15:28:36.376,3.48202,-0.440332,3.9135,-0.112368,0.063217,-0.025582,23.716000000000008
1772224116377700487,2026-02-27 15:28:36.377,3.54447,-0.481902,4.29429,-0.115059,0.065022,-0.02765,23.717
1772224116378875986,2026-02-27 15:28:36.378,3.43781,-0.497639,4.22192,-0.115372,0.062337,-0.026322,23.718000000000004
1772224116380078615,2026-02-27 15:28:36.380,3.34543,-0.554471,3.92542,-0.108247,0.049318,-0.024839,23.72
1772224116381260677,2026-02-27 15:28:36.381,3.46936,-0.552322,4.87358,-0.107689,0.061318,-0.035233,23.721000000000004
1772224116382474363,2026-02-27 15:28:36.382,3.43015,-0.550051,4.63264,-0.100334,0.053942,-0.035718,23.72200000000001
1772224116383606766,2026-02-27 15:28:36.383,3.39071,-0.50579,4.62239,-0.10295,0.061476,-0.03734,23.723
1772224116384736435,2026-02-27 15:28:36.384,3.41654,-0.423462,4.3478,-0.10471,0.064393,-0.032629,23.724000000000004
1772224116386044809,2026-02-27 15:28:36.386,3.43056,-0.437878,3.97516,-0.100063,0.059393,-0.028406,23.726
1772224116387239850,2026-02-27 15:28:36.387,3.41181,-0.430542,4.02039,-0.103948,0.061951,-0.026137,23.727000000000004
1772224116388432795,2026-02-27 15:28:36.388,3.45492,-0.433668,3.97268,-0.105242,0.058607,-0.025099,23.72800000000001
1772224116389568015,2026-02-27 15:28:36.389,3.46116,-0.433545,3.72386,-0.107602,0.057323,-0.021425,23.729
1772224116390698986,2026-02-27 15:28:36.390,3.58244,-0.547197,3.02761,-0.112641,0.055161,-0.014538,23.730000000000004
1772224116391874380,2026-02-27 15:28:36.391,3.51361,-0.519128,3.30257,-0.1125,0.051441,-0.016409,23.73100000000001
1772224116393073953,2026-02-27 15:28:36.393,3.5006,-0.497448,3.45268,-0.113297,0.052531,-0.017621,23.733000000000004
1772224116394263133,2026-02-27 15:28:36.394,3.47126,-0.470017,3.84547,-0.113669,0.055044,-0.02169,23.73400000000001
1772224116395472578,2026-02-27 15:28:36.395,3.5565,-0.456767,3.84581,-0.111172,0.057255,-0.021285,23.735
1772224116396570387,2026-02-27 15:28:36.396,3.51174,-0.432007,3.74389,-0.109455,0.058544,-0.021285,23.736000000000004
1772224116397700822,2026-02-27 15:28:36.397,3.51282,-0.4477,3.82719,-0.111172,0.057205,-0.021692,23.73700000000001
1772224116398876261,2026-02-27 15:28:36.398,3.50447,-0.463682,4.77604,-0.113306,0.056203,-0.02996,23.738
1772224116400082356,2026-02-27 15:28:36.400,3.42914,-0.467034,4.40362,-0.116799,0.056131,-0.026351,23.74000000000001
1772224116401268773,2026-02-27 15:28:36.401,3.53054,-0.469748,3.83812,-0.114575,0.054067,-0.020451,23.741
1772224116402481723,2026-02-27 15:28:36.402,3.57195,-0.541079,3.56881,-0.117984,0.052826,-0.01986,23.742000000000004
1772224116403613288,2026-02-27 15:28:36.403,3.54868,-0.556765,3.58419,-0.116524,0.050431,-0.01914,23.74300000000001
1772224116404790915,2026-02-27 15:28:36.404,3.6011,-0.553889,3.52655,-0.119024,0.050134,-0.019675,23.744
1772224116405986387,2026-02-27 15:28:36.405,3.56576,-0.51577,3.44355,-0.116235,0.05,-0.019406,23.745000000000005
1772224116407173403,2026-02-27 15:28:36.407,3.54101,-0.530774,2.69978,-0.120169,0.050569,-0.011784,23.747
1772224116408359341,2026-02-27 15:28:36.408,3.56909,-0.527987,2.62707,-0.11946,0.048822,-0.01308,23.748000000000005
1772224116409550370,2026-02-27 15:28:36.409,3.56546,-0.561529,3.12394,-0.120856,0.048378,-0.017543,23.74900000000001
1772224116410681613,2026-02-27 15:28:36.410,3.55897,-0.50757,3.35124,-0.119439,0.047093,-0.021181,23.75
1772224116411880319,2026-02-27 15:28:36.411,3.55288,-0.570269,3.49361,-0.124403,0.046391,-0.02144,23.751000000000005
1772224116413079968,2026-02-27 15:28:36.413,3.56172,-0.536921,3.39157,-0.122893,0.04328,-0.021405,23.753
1772224116414260589,2026-02-27 15:28:36.414,3.55255,-0.562861,3.7919,-0.128153,0.03994,-0.02702,23.754000000000005
1772224116415446731,2026-02-27 15:28:36.415,3.47879,-0.539369,4.36232,-0.131533,0.039953,-0.030567,23.75500000000001
1772224116416600511,2026-02-27 15:28:36.416,3.49853,-0.57956,4.0397,-0.132851,0.038101,-0.028001,23.756
1772224116417731128,2026-02-27 15:28:36.417,3.55673,-0.559646,3.72114,-0.131416,0.036564,-0.025796,23.757000000000005
1772224116418861867,2026-02-27 15:28:36.418,3.60145,-0.530876,3.21004,-0.129341,0.035148,-0.022179,23.75800000000001
1772224116420058714,2026-02-27 15:28:36.420,3.5719,-0.56073,3.14526,-0.12994,0.033613,-0.021776,23.760000000000005
1772224116421244674,2026-02-27 15:28:36.421,3.4971,-0.582741,3.16521,-0.135716,0.032939,-0.022273,23.76100000000001
1772224116422431249,2026-02-27 15:28:36.422,3.57511,-0.558327,3.06291,-0.131891,0.030973,-0.021824,23.762
1772224116423540126,2026-02-27 15:28:36.423,3.59883,-0.581985,2.049,-0.136197,0.030265,-0.013304,23.763000000000005
1772224116424670753,2026-02-27 15:28:36.424,3.58865,-0.576326,2.45911,-0.135092,0.028913,-0.01687,23.76400000000001
1772224116425843321,2026-02-27 15:28:36.425,3.64518,-0.608929,2.30411,-0.132646,0.028784,-0.017807,23.765
1772224116427042454,2026-02-27 15:28:36.427,3.61238,-0.55563,2.76925,-0.135146,0.026618,-0.020727,23.76700000000001
1772224116428224217,2026-02-27 15:28:36.428,3.58925,-0.608395,3.01158,-0.139364,0.02525,-0.023881,23.768
1772224116429414054,2026-02-27 15:28:36.429,3.61913,-0.621434,2.88412,-0.140102,0.022748,-0.023099,23.769000000000005
1772224116430538076,2026-02-27 15:28:36.430,3.49864,-0.598949,2.82717,-0.144669,0.021492,-0.024408,23.77000000000001
1772224116431668336,2026-02-27 15:28:36.431,3.62518,-0.624365,3.84295,-0.143414,0.018238,-0.033043,23.771
1772224116432843179,2026-02-27 15:28:36.432,3.59508,-0.619987,3.62658,-0.142847,0.016943,-0.031189,23.772000000000006
1772224116434046553,2026-02-27 15:28:36.434,3.64577,-0.616047,3.56905,-0.144694,0.016641,-0.031709,23.774
1772224116435232406,2026-02-27 15:28:36.435,3.58659,-0.64427,3.00619,-0.147732,0.016426,-0.026935,23.775000000000006
1772224116436420455,2026-02-27 15:28:36.436,3.67314,-0.67153,2.61887,-0.146615,0.013475,-0.023515,23.77600000000001
1772224116437576657,2026-02-27 15:28:36.437,3.66411,-0.664919,2.62051,-0.149178,0.012472,-0.023971,23.777
1772224116438705445,2026-02-27 15:28:36.438,3.67453,-0.635131,2.51909,-0.147357,0.011063,-0.023957,23.778000000000006
1772224116439881007,2026-02-27 15:28:36.439,3.68413,-0.685138,2.05907,-0.150109,0.009331,-0.019149,23.77900000000001
1772224116441079443,2026-02-27 15:28:36.441,3.64481,-0.710505,1.53208,-0.154028,0.009954,-0.016746,23.781000000000006
1772224116442267845,2026-02-27 15:28:36.442,3.70849,-0.696051,1.76758,-0.152485,0.007901,-0.01829,23.78200000000001
1772224116443446625,2026-02-27 15:28:36.443,3.72117,-0.753635,2.33317,-0.155626,0.005611,-0.024029,23.783
1772224116444597130,2026-02-27 15:28:36.444,3.63597,-0.750457,2.38701,-0.157974,0.003029,-0.026523,23.784000000000006
1772224116445774492,2026-02-27 15:28:36.445,3.72682,-0.718762,2.40164,-0.154069,0.002117,-0.025172,23.78500000000001
1772224116446970846,2026-02-27 15:28:36.446,3.72081,-0.728032,2.24322,-0.157086,-0.000243,-0.026143,23.786
1772224116448172290,2026-02-27 15:28:36.448,3.79006,-0.75028,2.3502,-0.156793,-0.001765,-0.026748,23.78800000000001
1772224116449359323,2026-02-27 15:28:36.449,3.66353,-0.741041,2.803,-0.162965,-0.004753,-0.031418,23.789
1772224116450543319,2026-02-27 15:28:36.450,3.67945,-0.76212,2.73719,-0.164743,-0.007721,-0.030827,23.790000000000006
1772224116451675113,2026-02-27 15:28:36.451,3.75233,-0.797998,2.26576,-0.163399,-0.01039,-0.027022,23.79100000000001
1772224116452849803,2026-02-27 15:28:36.452,3.74212,-0.754427,2.0706,-0.165125,-0.012471,-0.025396,23.792
1772224116454049247,2026-02-27 15:28:36.454,3.76238,-0.746461,1.99555,-0.167318,-0.014645,-0.026526,23.79400000000001
1772224116455223091,2026-02-27 15:28:36.455,3.80251,-0.766094,2.02435,-0.16706,-0.017476,-0.027778,23.795
1772224116456397561,2026-02-27 15:28:36.456,3.8204,-0.779168,0.976597,-0.170989,-0.022931,-0.020471,23.796000000000006
1772224116457556562,2026-02-27 15:28:36.457,3.82329,-0.795189,1.11241,-0.17365,-0.025226,-0.022777,23.79700000000001
1772224116458687453,2026-02-27 15:28:36.458,3.83942,-0.769793,1.0919,-0.174432,-0.026237,-0.022785,23.798000000000002
1772224116459905316,2026-02-27 15:28:36.459,3.82421,-0.808834,1.44671,-0.177213,-0.029234,-0.027528,23.799000000000007
1772224116461076772,2026-02-27 15:28:36.461,3.80411,-0.846738,1.68603,-0.182629,-0.030566,-0.030276,23.801000000000002
1772224116462276418,2026-02-27 15:28:36.462,3.89824,-0.848051,1.70959,-0.180555,-0.033233,-0.030447,23.802000000000007
1772224116463450074,2026-02-27 15:28:36.463,3.88147,-0.862862,1.47761,-0.186597,-0.038305,-0.02977,23.80300000000001
1772224116464557962,2026-02-27 15:28:36.464,3.86504,-0.870658,2.04655,-0.189428,-0.040313,-0.036102,23.804000000000002
1772224116465687031,2026-02-27 15:28:36.465,3.90191,-0.858951,2.32631,-0.188573,-0.041394,-0.038278,23.805000000000007
1772224116466859348,2026-02-27 15:28:36.466,3.89504,-0.880487,2.02766,-0.19207,-0.04546,-0.03654,23.80600000000001
1772224116468056943,2026-02-27 15:28:36.468,3.93619,-0.930571,1.57182,-0.196069,-0.048538,-0.032395,23.808000000000007
1772224116469253729,2026-02-27 15:28:36.469,3.94559,-0.897471,1.05765,-0.197592,-0.050163,-0.028615,23.80900000000001
1772224116470425953,2026-02-27 15:28:36.470,3.97009,-0.921603,0.950257,-0.202961,-0.054434,-0.028109,23.810000000000002
1772224116471558531,2026-02-27 15:28:36.471,3.98843,-0.962979,0.871557,-0.20453,-0.056114,-0.028621,23.811000000000007
1772224116472687569,2026-02-27 15:28:36.472,4.02509,-0.930834,0.654458,-0.20692,-0.057764,-0.026633,23.812000000000012
1772224116473863892,2026-02-27 15:28:36.473,4.04193,-0.963551,-0.251811,-0.210633,-0.061157,-0.019071,23.813000000000002
1772224116475061567,2026-02-27 15:28:36.475,4.03427,-1.04096,0.014978,-0.215639,-0.063427,-0.022877,23.815000000000012
1772224116476243324,2026-02-27 15:28:36.476,4.03476,-1.0217,0.055965,-0.217129,-0.065474,-0.023059,23.816000000000003
1772224116477415929,2026-02-27 15:28:36.477,4.09847,-1.02387,0.472694,-0.21661,-0.068512,-0.027509,23.817000000000007
1772224116478560345,2026-02-27 15:28:36.478,4.09149,-1.03057,0.362213,-0.220935,-0.071979,-0.02654,23.818000000000012
1772224116479686925,2026-02-27 15:28:36.479,4.1334,-1.03465,0.339388,-0.221246,-0.074389,-0.026122,23.819000000000003
1772224116480861501,2026-02-27 15:28:36.480,4.12232,-1.03971,0.334731,-0.224567,-0.077676,-0.025715,23.820000000000007
1772224116482057157,2026-02-27 15:28:36.482,4.14513,-1.0528,1.40712,-0.224357,-0.081862,-0.034048,23.822000000000003
1772224116483255411,2026-02-27 15:28:36.483,4.09247,-1.09749,1.04693,-0.226793,-0.085654,-0.032312,23.823000000000008
1772224116484431404,2026-02-27 15:28:36.484,4.13438,-1.07873,0.455202,-0.235845,-0.090577,-0.029564,23.824000000000012
1772224116485581071,2026-02-27 15:28:36.485,4.15743,-1.06839,0.146209,-0.233909,-0.093807,-0.025809,23.825000000000003
1772224116486710966,2026-02-27 15:28:36.486,4.13471,-1.10271,0.113702,-0.236769,-0.095533,-0.027362,23.826000000000008
1772224116487882471,2026-02-27 15:28:36.487,4.15836,-1.11175,-0.03639,-0.240741,-0.098272,-0.026437,23.827000000000012
1772224116489080277,2026-02-27 15:28:36.489,4.11951,-1.10777,-0.095212,-0.241416,-0.096805,-0.026909,23.829000000000008
1772224116490280892,2026-02-27 15:28:36.490,4.21676,-1.12547,-0.757257,-0.241898,-0.09839,-0.021985,23.830000000000013
1772224116491484138,2026-02-27 15:28:36.491,4.29204,-1.13542,-1.04477,-0.245798,-0.098418,-0.021633,23.831000000000003
1772224116492612461,2026-02-27 15:28:36.492,4.26783,-1.13554,-0.73828,-0.250619,-0.101414,-0.025351,23.832000000000008
1772224116493781615,2026-02-27 15:28:36.493,4.21928,-1.13938,-0.309978,-0.247736,-0.102935,-0.025433,23.833000000000013
1772224116494916384,2026-02-27 15:28:36.494,4.14307,-1.18773,-0.374896,-0.253692,-0.107851,-0.028707,23.834000000000003
1772224116496213401,2026-02-27 15:28:36.496,4.31188,-1.22386,-0.451464,-0.254008,-0.105469,-0.028908,23.836000000000013
1772224116497398528,2026-02-27 15:28:36.497,4.26482,-1.21027,-0.547444,-0.252695,-0.107051,-0.029943,23.837000000000003
1772224116498554424,2026-02-27 15:28:36.498,4.18251,-1.14539,0.364593,-0.249847,-0.110594,-0.038857,23.838000000000008
1772224116499682329,2026-02-27 15:28:36.499,4.18777,-1.20904,-0.179955,-0.255273,-0.112999,-0.036923,23.839
1772224116500853481,2026-02-27 15:28:36.500,4.24679,-1.1801,-0.274993,-0.258546,-0.111164,-0.037943,23.840000000000003
1772224116502051084,2026-02-27 15:28:36.502,4.31305,-1.09691,-1.1766,-0.272348,-0.112527,-0.034643,23.842
1772224116503249580,2026-02-27 15:28:36.503,4.44587,-1.08071,-1.65097,-0.282761,-0.097172,-0.033497,23.843000000000004
1772224116504433106,2026-02-27 15:28:36.504,4.42069,-1.16693,-1.77583,-0.284104,-0.095533,-0.03002,23.84400000000001
1772224116505552902,2026-02-27 15:28:36.505,4.52526,-1.31651,-2.09375,-0.28253,-0.09,-0.021202,23.845
1772224116506681759,2026-02-27 15:28:36.506,4.55181,-1.3788,-3.33249,-0.285542,-0.087147,-0.009225,23.846000000000004
1772224116507854701,2026-02-27 15:28:36.507,4.53084,-1.39531,-3.19831,-0.29117,-0.090913,-0.011559,23.84700000000001
1772224116509051517,2026-02-27 15:28:36.509,4.49491,-1.40723,-3.36052,-0.29295,-0.09079,-0.011887,23.849000000000004
1772224116510233668,2026-02-27 15:28:36.510,4.53097,-1.37817,-3.02934,-0.297462,-0.092653,-0.016048,23.85000000000001
1772224116511416336,2026-02-27 15:28:36.511,4.58028,-1.4068,-2.84608,-0.300439,-0.093961,-0.019237,23.851
1772224116512534782,2026-02-27 15:28:36.512,4.66186,-1.38463,-2.95776,-0.308605,-0.096575,-0.021174,23.852000000000004
1772224116513662518,2026-02-27 15:28:36.513,4.65498,-1.37407,-3.0143,-0.313102,-0.100979,-0.022292,23.85300000000001
1772224116514836594,2026-02-27 15:28:36.514,4.61217,-1.41503,-2.18154,-0.31937,-0.105094,-0.031939,23.854
1772224116516032865,2026-02-27 15:28:36.516,4.63311,-1.38603,-2.07171,-0.319455,-0.110779,-0.033286,23.85600000000001
1772224116517228794,2026-02-27 15:28:36.517,4.60661,-1.44591,-2.18906,-0.322208,-0.115773,-0.03442,23.857
1772224116518423608,2026-02-27 15:28:36.518,4.60915,-1.43592,-2.54096,-0.324869,-0.121789,-0.030731,23.858000000000004
1772224116519600573,2026-02-27 15:28:36.519,4.67518,-1.39538,-2.96878,-0.333351,-0.129389,-0.03126,23.85900000000001
1772224116520729489,2026-02-27 15:28:36.520,4.68651,-1.3959,-3.22164,-0.342402,-0.122656,-0.033405,23.86
1772224116521898894,2026-02-27 15:28:36.521,4.69054,-1.39197,-3.18863,-0.341101,-0.126558,-0.032233,23.861000000000004
1772224116523094146,2026-02-27 15:28:36.523,4.68308,-1.39046,-3.54931,-0.345717,-0.123632,-0.030218,23.863
1772224116524289476,2026-02-27 15:28:36.524,4.67209,-1.42345,-4.18635,-0.346829,-0.127702,-0.023281,23.864000000000004
1772224116525484073,2026-02-27 15:28:36.525,4.61379,-1.44965,-3.71922,-0.347331,-0.133323,-0.026562,23.86500000000001
1772224116526625218,2026-02-27 15:28:36.526,4.65962,-1.49825,-3.14404,-0.355565,-0.143759,-0.034217,23.866
1772224116527750669,2026-02-27 15:28:36.527,4.60533,-1.51052,-2.92554,-0.360875,-0.14864,-0.037101,23.867000000000004
1772224116528883528,2026-02-27 15:28:36.528,4.64017,-1.4956,-2.96084,-0.362991,-0.150148,-0.038008,23.86800000000001
1772224116530004712,2026-02-27 15:28:36.530,4.61142,-1.5234,-2.94916,-0.364837,-0.153966,-0.040118,23.870000000000005
1772224116531125483,2026-02-27 15:28:36.531,4.57535,-1.48577,-2.77825,-0.369179,-0.165445,-0.042038,23.87100000000001
1772224116532245128,2026-02-27 15:28:36.532,4.70159,-1.53065,-1.90807,-0.370256,-0.156169,-0.053137,23.872
1772224116533366373,2026-02-27 15:28:36.533,4.704,-1.50385,-2.61041,-0.374392,-0.15113,-0.05175,23.873000000000005
1772224116534489738,2026-02-27 15:28:36.534,4.65569,-1.55854,-3.13526,-0.375316,-0.149037,-0.046325,23.87400000000001
1772224116535622979,2026-02-27 15:28:36.535,4.65569,-1.55854,-3.13526,-0.375316,-0.149037,-0.046325,23.875
1772224116536770199,2026-02-27 15:28:36.536,4.6634,-1.658,-3.48391,-0.383565,-0.151079,-0.043301,23.876000000000005
1772224116537944854,2026-02-27 15:28:36.537,4.70452,-1.70452,-3.66584,-0.389995,-0.147214,-0.043643,23.87700000000001
1772224116539142713,2026-02-27 15:28:36.539,4.67727,-1.76957,-3.63197,-0.392446,-0.14859,-0.042821,23.879000000000005
1772224116540314267,2026-02-27 15:28:36.540,4.71524,-1.76845,-4.47947,-0.397826,-0.149738,-0.034861,23.88000000000001
1772224116541500313,2026-02-27 15:28:36.541,4.7882,-1.84307,-4.59377,-0.402456,-0.150818,-0.036155,23.881
1772224116542626582,2026-02-27 15:28:36.542,4.6966,-1.83523,-3.95638,-0.407592,-0.155844,-0.040906,23.882000000000005
1772224116543762748,2026-02-27 15:28:36.543,4.6835,-1.86093,-3.72544,-0.40932,-0.157121,-0.045288,23.88300000000001
1772224116544887948,2026-02-27 15:28:36.544,4.62769,-1.89236,-3.55595,-0.412831,-0.159377,-0.046714,23.884
1772224116546010783,2026-02-27 15:28:36.546,4.62064,-1.88796,-3.20085,-0.402087,-0.171,-0.047822,23.88600000000001
1772224116547131988,2026-02-27 15:28:36.547,4.59667,-1.91368,-2.97614,-0.392197,-0.178285,-0.0508,23.887
1772224116548253748,2026-02-27 15:28:36.548,4.54272,-1.87241,-2.27105,-0.390509,-0.187577,-0.059368,23.888000000000005
1772224116549374555,2026-02-27 15:28:36.549,4.53038,-1.7312,-1.69487,-0.393874,-0.191476,-0.070085,23.88900000000001
1772224116550486485,2026-02-27 15:28:36.550,4.59951,-1.58093,-2.12572,-0.411925,-0.196732,-0.073783,23.89
1772224116551615626,2026-02-27 15:28:36.551,4.74815,-1.61017,-3.15959,-0.417897,-0.177195,-0.067609,23.891000000000005
1772224116552736210,2026-02-27 15:28:36.552,4.76165,-1.68719,-3.31498,-0.410982,-0.163192,-0.061615,23.89200000000001
1772224116553858106,2026-02-27 15:28:36.553,4.80133,-1.83908,-3.65319,-0.414973,-0.153771,-0.056365,23.893
1772224116554976872,2026-02-27 15:28:36.554,4.66242,-1.87927,-3.54724,-0.408088,-0.160134,-0.050883,23.894000000000005
1772224116556097851,2026-02-27 15:28:36.556,4.69089,-1.89173,-3.74351,-0.407875,-0.162065,-0.048845,23.896
1772224116557219688,2026-02-27 15:28:36.557,4.77579,-1.98162,-4.99386,-0.411553,-0.153523,-0.04108,23.897000000000006
1772224116558340490,2026-02-27 15:28:36.558,4.78932,-2.00093,-4.91304,-0.418392,-0.147138,-0.044283,23.89800000000001
1772224116559475758,2026-02-27 15:28:36.559,4.79327,-1.9989,-5.05721,-0.419982,-0.138844,-0.04388,23.899
1772224116560592947,2026-02-27 15:28:36.560,4.92333,-2.11444,-4.81918,-0.424351,-0.125298,-0.045462,23.900000000000006
1772224116561710347,2026-02-27 15:28:36.561,5.03051,-2.08719,-4.99164,-0.421102,-0.118229,-0.043291,23.90100000000001
1772224116562828184,2026-02-27 15:28:36.562,4.90687,-2.11551,-5.11814,-0.418626,-0.116467,-0.039649,23.902
1772224116563948944,2026-02-27 15:28:36.563,4.92284,-2.19226,-5.15816,-0.419501,-0.11533,-0.036554,23.903000000000006
1772224116565068266,2026-02-27 15:28:36.565,4.94369,-2.22972,-4.35459,-0.418834,-0.112991,-0.044067,23.905
1772224116566185681,2026-02-27 15:28:36.566,4.96198,-2.30788,-4.5001,-0.419738,-0.111473,-0.040397,23.906000000000006
1772224116567306488,2026-02-27 15:28:36.567,5.04419,-2.28977,-4.71378,-0.421166,-0.110625,-0.038673,23.90700000000001
1772224116568426888,2026-02-27 15:28:36.568,5.04623,-2.35801,-5.26079,-0.424061,-0.108092,-0.032917,23.908
1772224116569566929,2026-02-27 15:28:36.569,5.11876,-2.3674,-5.78052,-0.419941,-0.105796,-0.027645,23.909000000000006
1772224116570688220,2026-02-27 15:28:36.570,5.10166,-2.37711,-5.8378,-0.422944,-0.103867,-0.028404,23.91000000000001
1772224116571809385,2026-02-27 15:28:36.571,5.14192,-2.39964,-5.74369,-0.423046,-0.104588,-0.027098,23.911
1772224116572926221,2026-02-27 15:28:36.572,5.15273,-2.33791,-6.20321,-0.418848,-0.103467,-0.021912,23.912000000000006
1772224116574045234,2026-02-27 15:28:36.574,5.19218,-2.40581,-6.69604,-0.421019,-0.105074,-0.018207,23.914
1772224116575163283,2026-02-27 15:28:36.575,5.13403,-2.36046,-6.50163,-0.420724,-0.102312,-0.019999,23.915000000000006
1772224116576329760,2026-02-27 15:28:36.576,5.29834,-2.3764,-6.2986,-0.415973,-0.101393,-0.022253,23.91600000000001
1772224116577524656,2026-02-27 15:28:36.577,5.29596,-2.36334,-6.04049,-0.415157,-0.099112,-0.024256,23.917
1772224116578648430,2026-02-27 15:28:36.578,5.31993,-2.41377,-5.92515,-0.413512,-0.097126,-0.022947,23.918000000000006
1772224116579772853,2026-02-27 15:28:36.579,5.31887,-2.4302,-5.9345,-0.413322,-0.096571,-0.02147,23.91900000000001
1772224116580939379,2026-02-27 15:28:36.580,5.23752,-2.5145,-5.97199,-0.416296,-0.097371,-0.022395,23.92
1772224116582110018,2026-02-27 15:28:36.582,5.29096,-2.48595,-5.02291,-0.412834,-0.096606,-0.030155,23.92200000000001
1772224116583276960,2026-02-27 15:28:36.583,5.36447,-2.49299,-5.42201,-0.411286,-0.096559,-0.024836,23.923000000000002
1772224116584486266,2026-02-27 15:28:36.584,5.39478,-2.52539,-5.52578,-0.41149,-0.097579,-0.02449,23.924000000000007
1772224116585619662,2026-02-27 15:28:36.585,5.39164,-2.5071,-6.21596,-0.410899,-0.094756,-0.018481,23.92500000000001
1772224116586765640,2026-02-27 15:28:36.586,5.46114,-2.56452,-6.23674,-0.409251,-0.09463,-0.018104,23.926000000000002
1772224116587951660,2026-02-27 15:28:36.587,5.47365,-2.57326,-6.23858,-0.407995,-0.093618,-0.017678,23.927000000000007
1772224116589121500,2026-02-27 15:28:36.589,5.48781,-2.56263,-6.22409,-0.408891,-0.095023,-0.016816,23.929000000000002
1772224116590289188,2026-02-27 15:28:36.590,5.47622,-2.63461,-7.13621,-0.41129,-0.094277,-0.008228,23.930000000000007
1772224116591488290,2026-02-27 15:28:36.591,5.51506,-2.62537,-7.00208,-0.409499,-0.09404,-0.009846,23.93100000000001
1772224116592617649,2026-02-27 15:28:36.592,5.54654,-2.65924,-6.92347,-0.411631,-0.09504,-0.009442,23.932000000000002
1772224116593766682,2026-02-27 15:28:36.593,5.56798,-2.67494,-6.20932,-0.412482,-0.095877,-0.015909,23.933000000000007
1772224116594949842,2026-02-27 15:28:36.594,5.57462,-2.71081,-6.12902,-0.410768,-0.09681,-0.015625,23.93400000000001
1772224116596074069,2026-02-27 15:28:36.596,5.61844,-2.70333,-6.16573,-0.41,-0.09675,-0.016078,23.936000000000007
1772224116597243443,2026-02-27 15:28:36.597,5.60734,-2.73123,-6.10927,-0.411829,-0.096093,-0.015463,23.937000000000012
1772224116598442561,2026-02-27 15:28:36.598,5.64106,-2.77003,-5.51621,-0.410892,-0.097091,-0.021977,23.938000000000002
1772224116599602929,2026-02-27 15:28:36.599,5.62041,-2.79177,-5.15526,-0.411312,-0.097975,-0.024337,23.939000000000007
1772224116600731772,2026-02-27 15:28:36.600,5.72576,-2.8011,-5.75213,-0.408451,-0.097408,-0.019767,23.940000000000012
1772224116602019534,2026-02-27 15:28:36.602,5.71461,-2.82256,-6.12702,-0.409394,-0.099198,-0.015487,23.942000000000007
1772224116603197778,2026-02-27 15:28:36.603,5.75424,-2.77968,-6.20538,-0.406448,-0.098723,-0.015688,23.943000000000012
1772224116604368777,2026-02-27 15:28:36.604,5.77133,-2.82193,-6.12568,-0.408657,-0.09963,-0.015496,23.944000000000003
1772224116605533280,2026-02-27 15:28:36.605,5.74891,-2.87482,-6.02141,-0.412604,-0.100415,-0.016167,23.945000000000007
1772224116606659339,2026-02-27 15:28:36.606,5.79659,-2.81955,-6.12899,-0.407315,-0.099847,-0.014839,23.946000000000012
1772224116607795858,2026-02-27 15:28:36.607,5.77938,-2.88726,-6.6234,-0.410544,-0.101587,-0.011122,23.947000000000003
1772224116608967657,2026-02-27 15:28:36.608,5.84323,-2.8389,-6.57184,-0.407499,-0.103604,-0.012505,23.948000000000008
1772224116610127109,2026-02-27 15:28:36.610,5.82394,-2.86206,-6.14184,-0.408548,-0.104493,-0.016123,23.950000000000003
1772224116611300450,2026-02-27 15:28:36.611,5.85957,-2.86544,-5.85942,-0.407471,-0.106173,-0.018718,23.951000000000008
1772224116612486899,2026-02-27 15:28:36.612,5.84599,-2.85671,-5.94245,-0.407448,-0.106433,-0.018534,23.952000000000012
1772224116613609837,2026-02-27 15:28:36.613,5.83784,-2.80147,-5.87741,-0.404792,-0.106946,-0.01904,23.953000000000003
1772224116614739368,2026-02-27 15:28:36.614,5.86656,-2.83699,-4.81811,-0.405681,-0.109836,-0.028506,23.954000000000008
1772224116615860735,2026-02-27 15:28:36.615,5.85121,-2.85857,-5.03385,-0.404944,-0.110709,-0.026678,23.955000000000013
1772224116617031337,2026-02-27 15:28:36.617,5.81793,-2.87157,-4.93045,-0.404742,-0.111468,-0.02702,23.957000000000008
1772224116618203880,2026-02-27 15:28:36.618,5.89874,-2.86379,-5.57236,-0.404418,-0.112535,-0.022053,23.958000000000013
1772224116619373933,2026-02-27 15:28:36.619,5.82408,-2.85178,-5.85138,-0.402573,-0.112369,-0.019986,23.959000000000003
1772224116620526507,2026-02-27 15:28:36.620,5.83621,-2.84115,-5.74721,-0.402789,-0.113408,-0.020346,23.960000000000008
1772224116621652133,2026-02-27 15:28:36.621,5.89218,-2.87176,-5.74064,-0.402262,-0.115033,-0.02121,23.961000000000013
1772224116622779532,2026-02-27 15:28:36.622,5.87896,-2.8421,-6.30195,-0.400617,-0.116198,-0.016318,23.962000000000003
1772224116623904065,2026-02-27 15:28:36.623,5.86714,-2.86424,-6.59522,-0.400859,-0.118019,-0.015181,23.963000000000008
1772224116625080681,2026-02-27 15:28:36.625,5.8427,-2.86683,-6.47988,-0.397623,-0.11834,-0.017168,23.965000000000003
1772224116626250623,2026-02-27 15:28:36.626,5.92108,-2.86276,-6.00298,-0.397027,-0.120333,-0.021391,23.966000000000008
1772224116627437400,2026-02-27 15:28:36.627,5.88651,-2.85959,-5.65457,-0.397282,-0.121464,-0.02501,23.967
1772224116628570020,2026-02-27 15:28:36.628,5.92163,-2.84599,-5.50466,-0.395156,-0.122547,-0.025948,23.968000000000004
1772224116629700281,2026-02-27 15:28:36.629,5.84289,-2.8285,-5.53685,-0.394178,-0.125619,-0.027553,23.96900000000001
1772224116630853799,2026-02-27 15:28:36.630,5.92591,-2.82725,-5.27092,-0.39364,-0.126851,-0.030627,23.97
1772224116632036631,2026-02-27 15:28:36.632,5.86878,-2.84974,-4.487,-0.39202,-0.126058,-0.038483,23.97200000000001
1772224116633207916,2026-02-27 15:28:36.633,5.89206,-2.85899,-4.86933,-0.388258,-0.127446,-0.035836,23.973
1772224116634378755,2026-02-27 15:28:36.634,5.92661,-2.84256,-4.94167,-0.391058,-0.129306,-0.034208,23.974000000000004
1772224116635563087,2026-02-27 15:28:36.635,5.86873,-2.85734,-5.43369,-0.393964,-0.128372,-0.030899,23.97500000000001
1772224116636692089,2026-02-27 15:28:36.636,5.8979,-2.85598,-5.51589,-0.388091,-0.129122,-0.030398,23.976
1772224116637836426,2026-02-27 15:28:36.637,5.93583,-2.85994,-5.4689,-0.386426,-0.130418,-0.031196,23.977000000000004
1772224116638969358,2026-02-27 15:28:36.638,5.92337,-2.85275,-5.4464,-0.38736,-0.130485,-0.031619,23.97800000000001
1772224116640151087,2026-02-27 15:28:36.640,5.96015,-2.85089,-6.46135,-0.385309,-0.130852,-0.022538,23.980000000000004
1772224116641320237,2026-02-27 15:28:36.641,5.95452,-2.88194,-6.13492,-0.385113,-0.13149,-0.025776,23.98100000000001
1772224116642538185,2026-02-27 15:28:36.642,5.96896,-2.8751,-6.11536,-0.384716,-0.130638,-0.02556,23.982
1772224116643667555,2026-02-27 15:28:36.643,5.97211,-2.87922,-5.71901,-0.382018,-0.130803,-0.029986,23.983000000000004
1772224116644826316,2026-02-27 15:28:36.644,5.94444,-2.90076,-5.46048,-0.383101,-0.128916,-0.03224,23.98400000000001
1772224116645966178,2026-02-27 15:28:36.645,6.01293,-2.89137,-5.58123,-0.379705,-0.128327,-0.032064,23.985
1772224116647174373,2026-02-27 15:28:36.647,5.94668,-2.86997,-5.50641,-0.383223,-0.127913,-0.031413,23.98700000000001
1772224116648368752,2026-02-27 15:28:36.648,5.95305,-2.91189,-4.873,-0.382659,-0.127368,-0.037921,23.988
1772224116649563493,2026-02-27 15:28:36.649,5.94689,-2.87639,-4.74812,-0.380774,-0.126761,-0.038226,23.989000000000004
1772224116650694659,2026-02-27 15:28:36.650,5.95724,-2.91736,-4.86042,-0.38367,-0.125268,-0.036691,23.99000000000001
1772224116651850940,2026-02-27 15:28:36.651,6.02993,-2.94076,-5.82245,-0.382668,-0.12342,-0.029379,23.991
1772224116652989478,2026-02-27 15:28:36.652,6.01244,-2.964,-5.94806,-0.380608,-0.122796,-0.028777,23.992000000000004
1772224116654200590,2026-02-27 15:28:36.654,6.06427,-2.94499,-5.95159,-0.383327,-0.122487,-0.028218,23.994
1772224116655397442,2026-02-27 15:28:36.655,5.98908,-3.00266,-5.95377,-0.388052,-0.121323,-0.028325,23.995000000000005
1772224116656574346,2026-02-27 15:28:36.656,6.06041,-2.97605,-6.30116,-0.385269,-0.121059,-0.024643,23.99600000000001
1772224116657702885,2026-02-27 15:28:36.657,6.04613,-3.0643,-7.0964,-0.386759,-0.120172,-0.018331,23.997
1772224116658862889,2026-02-27 15:28:36.658,6.06876,-3.01617,-6.64009,-0.385279,-0.11864,-0.022544,23.998000000000005
1772224116660005071,2026-02-27 15:28:36.660,6.06638,-3.06681,-6.33514,-0.385865,-0.118541,-0.02562,24.0
1772224116661174287,2026-02-27 15:28:36.661,6.09861,-3.05383,-6.20734,-0.387316,-0.118155,-0.026451,24.001000000000005
1772224116662370479,2026-02-27 15:28:36.662,6.06831,-3.06931,-6.29439,-0.386518,-0.117778,-0.025625,24.00200000000001
1772224116663564316,2026-02-27 15:28:36.663,6.106,-3.05854,-6.33331,-0.388985,-0.117575,-0.02593,24.003
1772224116664690585,2026-02-27 15:28:36.664,6.11036,-3.09455,-6.38077,-0.390545,-0.117229,-0.024948,24.004000000000005
1772224116665838366,2026-02-27 15:28:36.665,6.11862,-3.12339,-5.46583,-0.391751,-0.116284,-0.034115,24.00500000000001
1772224116666989578,2026-02-27 15:28:36.666,6.13813,-3.15112,-5.83879,-0.391376,-0.11489,-0.029875,24.006
1772224116668122283,2026-02-27 15:28:36.668,6.15809,-3.17612,-6.42598,-0.396233,-0.114851,-0.024345,24.00800000000001
1772224116669316538,2026-02-27 15:28:36.669,6.14853,-3.21931,-6.72809,-0.396628,-0.114413,-0.021768,24.009
1772224116670526255,2026-02-27 15:28:36.670,6.13876,-3.19832,-6.74872,-0.397794,-0.113504,-0.021801,24.010000000000005
1772224116671653451,2026-02-27 15:28:36.671,6.18568,-3.22625,-6.82865,-0.397925,-0.113108,-0.021895,24.01100000000001
1772224116672807441,2026-02-27 15:28:36.672,6.19778,-3.26839,-6.8882,-0.401442,-0.112004,-0.022262,24.012
1772224116673948286,2026-02-27 15:28:36.673,6.2173,-3.32584,-7.77805,-0.404335,-0.111066,-0.013899,24.013000000000005
1772224116675089920,2026-02-27 15:28:36.675,6.23247,-3.30034,-7.67689,-0.405749,-0.112068,-0.013852,24.015
1772224116676284487,2026-02-27 15:28:36.676,6.20978,-3.28833,-7.24403,-0.405256,-0.112921,-0.017843,24.016000000000005
1772224116677490472,2026-02-27 15:28:36.677,6.26073,-3.31969,-7.0604,-0.408243,-0.113093,-0.021052,24.01700000000001
1772224116678619744,2026-02-27 15:28:36.678,6.24946,-3.36267,-6.91641,-0.411129,-0.113786,-0.021467,24.018
1772224116679748303,2026-02-27 15:28:36.679,6.25943,-3.36464,-6.89516,-0.41081,-0.116368,-0.02163,24.019000000000005
1772224116680873928,2026-02-27 15:28:36.680,6.12621,-3.4309,-6.04873,-0.413934,-0.133582,-0.027553,24.02000000000001
1772224116682019862,2026-02-27 15:28:36.682,6.13663,-3.35178,-5.28967,-0.406685,-0.137686,-0.03436,24.022000000000006
1772224116683148025,2026-02-27 15:28:36.683,6.23461,-3.3056,-5.75374,-0.412456,-0.13944,-0.035168,24.02300000000001
1772224116684343224,2026-02-27 15:28:36.684,6.24224,-3.28437,-6.1816,-0.414284,-0.133593,-0.035095,24.024
1772224116685560810,2026-02-27 15:28:36.685,6.38046,-3.27261,-6.88735,-0.418975,-0.127244,-0.03276,24.025000000000006
1772224116686691991,2026-02-27 15:28:36.686,6.32112,-3.334,-6.83557,-0.415616,-0.129317,-0.031348,24.02600000000001
1772224116687853560,2026-02-27 15:28:36.687,6.32276,-3.3548,-6.81587,-0.415422,-0.127259,-0.031163,24.027
1772224116688988988,2026-02-27 15:28:36.688,6.12523,-3.41512,-6.3456,-0.410004,-0.142836,-0.028982,24.028000000000006
1772224116690129442,2026-02-27 15:28:36.690,6.11856,-3.46671,-7.00504,-0.407404,-0.157819,-0.02183,24.03
1772224116691328253,2026-02-27 15:28:36.691,6.24976,-3.51323,-6.77471,-0.422965,-0.158443,-0.029595,24.031000000000006
1772224116692540959,2026-02-27 15:28:36.692,6.41293,-3.39373,-7.25091,-0.427687,-0.146957,-0.034214,24.03200000000001
1772224116693667118,2026-02-27 15:28:36.693,6.47052,-3.32534,-7.14121,-0.427289,-0.127909,-0.037843,24.033
1772224116694844542,2026-02-27 15:28:36.694,6.44968,-3.37075,-7.23219,-0.427643,-0.122433,-0.036287,24.034000000000006
1772224116696018877,2026-02-27 15:28:36.696,6.18646,-3.47976,-6.31383,-0.411601,-0.146804,-0.033922,24.036
1772224116697160756,2026-02-27 15:28:36.697,6.21025,-3.49981,-6.25719,-0.412992,-0.154274,-0.036609,24.037000000000006
1772224116698360998,2026-02-27 15:28:36.698,6.24569,-3.52275,-5.4626,-0.418647,-0.157217,-0.049521,24.03800000000001
1772224116699563997,2026-02-27 15:28:36.699,6.30825,-3.41474,-5.37308,-0.418463,-0.165193,-0.05082,24.039
1772224116700692062,2026-02-27 15:28:36.700,6.28379,-3.42042,-5.32203,-0.425036,-0.174443,-0.05313,24.040000000000006
1772224116701865828,2026-02-27 15:28:36.701,6.49485,-3.42364,-6.16755,-0.431668,-0.16435,-0.051018,24.04100000000001
1772224116703029043,2026-02-27 15:28:36.703,6.41837,-3.38471,-6.73752,-0.430314,-0.14718,-0.044447,24.043000000000006
1772224116704170880,2026-02-27 15:28:36.704,6.41999,-3.43378,-6.94862,-0.430052,-0.147632,-0.043297,24.04400000000001
1772224116705368485,2026-02-27 15:28:36.705,6.4881,-3.49372,-6.8727,-0.422247,-0.145192,-0.041705,24.045
1772224116706563982,2026-02-27 15:28:36.706,6.37386,-3.507,-7.40241,-0.427267,-0.155679,-0.036334,24.046000000000006
1772224116707694631,2026-02-27 15:28:36.707,6.50237,-3.60774,-8.01086,-0.429171,-0.148189,-0.033105,24.04700000000001
1772224116708895027,2026-02-27 15:28:36.708,6.53468,-3.55876,-7.76864,-0.431911,-0.139473,-0.035714,24.048000000000002
1772224116710125208,2026-02-27 15:28:36.710,6.62753,-3.63908,-7.40352,-0.432542,-0.146265,-0.041715,24.05000000000001
1772224116711253057,2026-02-27 15:28:36.711,6.58291,-3.64561,-7.04814,-0.429988,-0.14761,-0.043133,24.051000000000002
1772224116712448127,2026-02-27 15:28:36.712,6.50695,-3.63292,-6.68164,-0.421854,-0.149047,-0.042902,24.052000000000007
1772224116713602830,2026-02-27 15:28:36.713,6.40988,-3.57464,-6.3601,-0.427131,-0.172905,-0.046663,24.05300000000001
1772224116714731104,2026-02-27 15:28:36.714,6.50316,-3.55806,-6.13231,-0.425147,-0.177681,-0.053304,24.054000000000002
1772224116715910737,2026-02-27 15:28:36.715,6.45703,-3.53542,-4.89206,-0.425723,-0.190719,-0.066068,24.055000000000007
1772224116717076346,2026-02-27 15:28:36.717,6.39918,-3.38902,-4.51251,-0.421834,-0.200016,-0.068302,24.057000000000002
1772224116718217002,2026-02-27 15:28:36.718,6.56663,-3.36484,-4.76721,-0.417238,-0.203402,-0.069232,24.058000000000007
1772224116719412213,2026-02-27 15:28:36.719,6.60716,-3.24912,-4.69071,-0.405608,-0.208272,-0.074173,24.05900000000001
1772224116720561788,2026-02-27 15:28:36.720,6.92461,-2.99533,-5.93429,-0.424497,-0.190465,-0.080048,24.060000000000002
1772224116721690725,2026-02-27 15:28:36.721,7.00597,-2.93695,-5.14997,-0.402992,-0.162887,-0.076175,24.061000000000007
1772224116722866095,2026-02-27 15:28:36.722,7.01174,-2.86174,-5.78448,-0.410419,-0.157512,-0.069674,24.062000000000012
1772224116724048949,2026-02-27 15:28:36.724,7.07936,-2.91562,-7.38688,-0.398322,-0.108484,-0.049533,24.064000000000007
1772224116725190273,2026-02-27 15:28:36.725,6.90045,-3.05631,-6.96815,-0.399934,-0.110677,-0.042443,24.065000000000012
1772224116726326925,2026-02-27 15:28:36.726,6.55317,-3.19737,-5.68405,-0.388422,-0.159946,-0.047471,24.066000000000003
1772224116727522983,2026-02-27 15:28:36.727,6.63941,-3.31034,-5.35248,-0.395439,-0.176351,-0.058408,24.067000000000007
1772224116728651183,2026-02-27 15:28:36.728,6.65248,-3.30214,-4.65806,-0.399487,-0.200412,-0.065869,24.068000000000012
1772224116729824207,2026-02-27 15:28:36.729,6.65773,-3.19878,-4.60049,-0.413622,-0.20642,-0.072612,24.069000000000003
1772224116730992784,2026-02-27 15:28:36.730,6.87832,-3.03006,-3.97074,-0.410562,-0.186431,-0.077232,24.070000000000007
1772224116732137563,2026-02-27 15:28:36.732,7.0808,-2.75425,-4.09766,-0.413022,-0.174521,-0.088389,24.072000000000003
1772224116733266516,2026-02-27 15:28:36.733,7.09213,-2.70575,-4.72619,-0.414379,-0.153857,-0.082005,24.073000000000008
1772224116734483232,2026-02-27 15:28:36.734,6.90361,-2.74181,-5.131,-0.399565,-0.152132,-0.069467,24.074000000000012
1772224116735612164,2026-02-27 15:28:36.735,6.95302,-2.76347,-5.49038,-0.392311,-0.132133,-0.056823,24.075000000000003
1772224116736739893,2026-02-27 15:28:36.736,6.85395,-2.9028,-5.56584,-0.396201,-0.154161,-0.052579,24.076000000000008
1772224116737912710,2026-02-27 15:28:36.737,6.81288,-3.09033,-5.01176,-0.393638,-0.169286,-0.053568,24.077000000000012
1772224116739093814,2026-02-27 15:28:36.739,6.94951,-3.06979,-4.63481,-0.413624,-0.183747,-0.0626,24.079000000000008
1772224116740236819,2026-02-27 15:28:36.740,7.14422,-2.96769,-5.36048,-0.414429,-0.181222,-0.056915,24.080000000000013
1772224116741434060,2026-02-27 15:28:36.741,7.10042,-2.82142,-4.99264,-0.417248,-0.186019,-0.063857,24.081000000000003
1772224116742566641,2026-02-27 15:28:36.742,7.04635,-2.73369,-4.4505,-0.407835,-0.191782,-0.068749,24.082000000000008
1772224116743695441,2026-02-27 15:28:36.743,7.05549,-2.69973,-4.0199,-0.404159,-0.186974,-0.075115,24.083000000000013
1772224116744868157,2026-02-27 15:28:36.744,7.06618,-2.57803,-4.12203,-0.404234,-0.183963,-0.078147,24.084000000000003
1772224116746035761,2026-02-27 15:28:36.746,7.16851,-2.52148,-4.3802,-0.407279,-0.172398,-0.075564,24.086000000000013
1772224116747185752,2026-02-27 15:28:36.747,7.04222,-2.59311,-4.94405,-0.404259,-0.149325,-0.060318,24.087000000000003
1772224116748317774,2026-02-27 15:28:36.748,7.08935,-2.73411,-3.86303,-0.39844,-0.154821,-0.066457,24.088000000000008
1772224116749528625,2026-02-27 15:28:36.749,7.06384,-2.76879,-4.42865,-0.412506,-0.164576,-0.065213,24.089
1772224116750654664,2026-02-27 15:28:36.750,7.08815,-2.80109,-4.37293,-0.410055,-0.164117,-0.067305,24.090000000000003
1772224116751827391,2026-02-27 15:28:36.751,7.05133,-2.82968,-4.69515,-0.405937,-0.172793,-0.061708,24.091000000000008
1772224116753028130,2026-02-27 15:28:36.753,6.98369,-2.81354,-4.39559,-0.404392,-0.189822,-0.058218,24.093000000000004
1772224116754165413,2026-02-27 15:28:36.754,7.04623,-2.79626,-4.03608,-0.408295,-0.205743,-0.067074,24.09400000000001
1772224116755303554,2026-02-27 15:28:36.755,7.00964,-2.77802,-3.50468,-0.4029,-0.205293,-0.070275,24.095
1772224116756510919,2026-02-27 15:28:36.756,7.13935,-2.64928,-5.03568,-0.417679,-0.205011,-0.067165,24.096000000000004
1772224116757641648,2026-02-27 15:28:36.757,7.11836,-2.69942,-4.89866,-0.401466,-0.196397,-0.065185,24.09700000000001
1772224116758811851,2026-02-27 15:28:36.758,6.98531,-2.6341,-4.84673,-0.403553,-0.209668,-0.064677,24.098
1772224116760008708,2026-02-27 15:28:36.760,7.04235,-2.62163,-4.04437,-0.396335,-0.198672,-0.068118,24.10000000000001
1772224116761142987,2026-02-27 15:28:36.761,7.82123,-2.55347,-4.29736,-0.399882,-0.187025,-0.089631,24.101
1772224116762275592,2026-02-27 15:28:36.762,8.21298,-2.54317,-4.33472,-0.400243,-0.172964,-0.104398,24.102000000000004
1772224116763403462,2026-02-27 15:28:36.763,8.23196,-2.48219,-4.05608,-0.399001,-0.167324,-0.109406,24.10300000000001
1772224116764559742,2026-02-27 15:28:36.764,8.3853,-2.49414,-3.53491,-0.396338,-0.155752,-0.116592,24.104
1772224116765691079,2026-02-27 15:28:36.765,8.45178,-2.41046,-3.03269,-0.397718,-0.151723,-0.124727,24.105000000000004
1772224116766863231,2026-02-27 15:28:36.766,8.43075,-2.35988,-3.4232,-0.394918,-0.141911,-0.117515,24.10600000000001
1772224116768058114,2026-02-27 15:28:36.768,8.47052,-2.34423,-3.5789,-0.39417,-0.144859,-0.115419,24.108000000000004
1772224116769207018,2026-02-27 15:28:36.769,8.57031,-2.29991,-4.53975,-0.401659,-0.144784,-0.115071,24.10900000000001
1772224116770346551,2026-02-27 15:28:36.770,8.46589,-2.37461,-4.65316,-0.405603,-0.142482,-0.113737,24.11
1772224116771536849,2026-02-27 15:28:36.771,8.58893,-2.41165,-4.65659,-0.403414,-0.132168,-0.109239,24.111000000000004
1772224116772668672,2026-02-27 15:28:36.772,8.7339,-2.39574,-5.39863,-0.417825,-0.142858,-0.111786,24.11200000000001
1772224116773815094,2026-02-27 15:28:36.773,8.53727,-2.47571,-5.50556,-0.397048,-0.131953,-0.100612,24.113
1772224116774994813,2026-02-27 15:28:36.774,8.60688,-2.49559,-5.56917,-0.406158,-0.146817,-0.107287,24.114000000000004
1772224116776128503,2026-02-27 15:28:36.776,9.21908,-2.33934,-6.64748,-0.40712,-0.134527,-0.111767,24.116
1772224116777267891,2026-02-27 15:28:36.777,11.0229,-1.84701,-16.5923,-0.540389,0.22042,-0.018031,24.117000000000004
1772224116778440421,2026-02-27 15:28:36.778,8.71629,-2.55499,-17.0155,-0.537574,0.208996,0.031166,24.11800000000001
1772224116779598926,2026-02-27 15:28:36.779,7.1949,-3.79307,-18.1057,-0.470977,0.056229,0.043405,24.119
1772224116780738759,2026-02-27 15:28:36.780,7.27823,-4.46128,-18.4976,-0.482096,0.101938,0.042073,24.120000000000005
1772224116781894324,2026-02-27 15:28:36.781,6.98316,-5.04599,-17.7843,-0.51907,0.103122,0.029775,24.12100000000001
1772224116783076998,2026-02-27 15:28:36.783,7.0568,-5.52763,-17.0937,-0.555664,0.116398,0.038283,24.123000000000005
1772224116784233779,2026-02-27 15:28:36.784,7.62426,-6.33562,-17.5201,-0.620779,0.106407,0.077078,24.12400000000001
1772224116785363973,2026-02-27 15:28:36.785,8.07157,-6.60527,-18.3307,-0.65083,0.114457,0.092138,24.125
1772224116786554358,2026-02-27 15:28:36.786,8.45028,-6.67028,-18.8929,-0.670626,0.133174,0.100921,24.126000000000005
1772224116787685763,2026-02-27 15:28:36.787,8.68305,-6.59979,-19.3388,-0.684795,0.140127,0.103811,24.12700000000001
1772224116788841413,2026-02-27 15:28:36.788,8.8517,-6.40124,-19.6635,-0.68739,0.141449,0.100794,24.128
1772224116790019039,2026-02-27 15:28:36.790,8.80135,-6.1836,-20.2127,-0.685688,0.138925,0.097295,24.13000000000001
1772224116791192370,2026-02-27 15:28:36.791,8.65256,-5.98072,-20.7908,-0.676691,0.139761,0.089018,24.131
1772224116792342353,2026-02-27 15:28:36.792,8.66532,-5.94711,-20.6001,-0.673409,0.144398,0.085075,24.132000000000005
1772224116793535087,2026-02-27 15:28:36.793,8.73184,-5.88038,-20.2373,-0.675003,0.149966,0.082808,24.13300000000001
1772224116794666020,2026-02-27 15:28:36.794,8.72876,-5.86143,-19.8025,-0.67772,0.148309,0.081532,24.134
1772224116795820956,2026-02-27 15:28:36.795,8.72096,-5.79636,-19.5175,-0.680841,0.140651,0.081138,24.135000000000005
1772224116796998689,2026-02-27 15:28:36.796,8.6852,-5.77171,-19.1276,-0.683317,0.12638,0.080053,24.13600000000001
1772224116798171929,2026-02-27 15:28:36.798,8.60421,-5.83365,-17.2725,-0.680622,0.093703,0.066255,24.138000000000005
1772224116799318695,2026-02-27 15:28:36.799,8.60874,-5.76468,-17.1819,-0.67405,0.079957,0.067965,24.13900000000001
1772224116800512295,2026-02-27 15:28:36.800,8.54074,-5.75556,-16.8554,-0.668214,0.066431,0.064455,24.14
1772224116801643686,2026-02-27 15:28:36.801,8.42097,-5.61513,-16.8571,-0.662943,0.053558,0.064261,24.141000000000005
1772224116802799910,2026-02-27 15:28:36.802,8.42438,-5.4467,-16.6013,-0.649406,0.039175,0.059651,24.14200000000001
1772224116803976982,2026-02-27 15:28:36.803,8.41217,-5.17448,-16.0664,-0.635415,0.027132,0.052886,24.143
1772224116805152344,2026-02-27 15:28:36.805,8.31481,-5.02009,-15.4613,-0.622978,0.01555,0.044395,24.14500000000001
1772224116806310022,2026-02-27 15:28:36.806,8.2354,-4.64991,-15.0478,-0.590659,-0.011901,0.037842,24.146
1772224116807441188,2026-02-27 15:28:36.807,8.16912,-4.57442,-14.4502,-0.58135,-0.0272,0.030344,24.147000000000006
1772224116808596438,2026-02-27 15:28:36.808,8.089,-4.37563,-13.8531,-0.571532,-0.041638,0.022919,24.14800000000001
1772224116809750757,2026-02-27 15:28:36.809,8.09912,-4.23146,-12.7888,-0.5599,-0.056553,0.012939,24.149
1772224116810928944,2026-02-27 15:28:36.810,8.00771,-4.09692,-11.9398,-0.546585,-0.068844,0.004597,24.150000000000006
1772224116812108314,2026-02-27 15:28:36.812,7.97972,-3.98102,-11.2523,-0.54051,-0.081778,-0.001031,24.152
1772224116813243717,2026-02-27 15:28:36.813,7.88765,-3.80294,-10.3519,-0.524624,-0.100795,-0.011088,24.153000000000006
1772224116814393554,2026-02-27 15:28:36.814,7.84835,-3.73816,-9.5382,-0.517529,-0.109557,-0.020341,24.15400000000001
1772224116815561765,2026-02-27 15:28:36.815,7.84349,-3.66422,-8.62465,-0.51192,-0.11603,-0.029191,24.155
1772224116816688718,2026-02-27 15:28:36.816,7.74243,-3.58229,-8.68446,-0.502768,-0.119448,-0.029306,24.156000000000006
1772224116817950365,2026-02-27 15:28:36.817,7.67881,-3.50617,-8.6712,-0.497499,-0.122661,-0.028208,24.15700000000001
1772224116819126296,2026-02-27 15:28:36.819,7.61624,-3.49757,-8.92113,-0.496664,-0.124673,-0.024413,24.159000000000006
1772224116820260158,2026-02-27 15:28:36.820,7.59879,-3.48696,-8.73376,-0.491716,-0.125272,-0.024823,24.16000000000001
1772224116821408583,2026-02-27 15:28:36.821,7.59526,-3.50374,-8.714,-0.489882,-0.123793,-0.024589,24.161
1772224116822567053,2026-02-27 15:28:36.822,7.59449,-3.47431,-8.71048,-0.488729,-0.120507,-0.021819,24.162000000000006
1772224116823735635,2026-02-27 15:28:36.823,7.62898,-3.49459,-9.66811,-0.484218,-0.116364,-0.011879,24.16300000000001
1772224116824930051,2026-02-27 15:28:36.824,7.61583,-3.51239,-9.34869,-0.484259,-0.111735,-0.013911,24.164
1772224116826125298,2026-02-27 15:28:36.826,7.60947,-3.5807,-9.36704,-0.486386,-0.107702,-0.01107,24.16600000000001
1772224116827317149,2026-02-27 15:28:36.827,7.59356,-3.63432,-8.88695,-0.485674,-0.100658,-0.012624,24.167
1772224116828482274,2026-02-27 15:28:36.828,7.58667,-3.63701,-8.92407,-0.486696,-0.095777,-0.00996,24.168000000000006
1772224116829607964,2026-02-27 15:28:36.829,7.6361,-3.66926,-8.91448,-0.488156,-0.093459,-0.008144,24.16900000000001
1772224116830780904,2026-02-27 15:28:36.830,7.59524,-3.66828,-9.02487,-0.486602,-0.088774,-0.006723,24.17
1772224116831977919,2026-02-27 15:28:36.831,7.53288,-3.67493,-8.1318,-0.488773,-0.085518,-0.012701,24.171000000000006
1772224116833172625,2026-02-27 15:28:36.833,7.59156,-3.69712,-8.2887,-0.486284,-0.081804,-0.010059,24.173000000000002
1772224116834339994,2026-02-27 15:28:36.834,7.62191,-3.75524,-8.9657,-0.485515,-0.074363,-0.002674,24.174000000000007
1772224116835493196,2026-02-27 15:28:36.835,7.64572,-3.70347,-9.28367,-0.486857,-0.072254,0.002446,24.17500000000001
1772224116836620204,2026-02-27 15:28:36.836,7.60243,-3.73258,-9.31189,-0.48583,-0.068939,0.003692,24.176000000000002
1772224116837786157,2026-02-27 15:28:36.837,7.63663,-3.69214,-9.35879,-0.485178,-0.064719,0.004901,24.177000000000007
1772224116838981514,2026-02-27 15:28:36.838,7.60556,-3.72867,-9.32018,-0.483514,-0.061534,0.005335,24.17800000000001
1772224116840180184,2026-02-27 15:28:36.840,7.5923,-3.6534,-9.72262,-0.481852,-0.060151,0.010942,24.180000000000007
1772224116841349582,2026-02-27 15:28:36.841,7.47009,-3.67055,-9.99109,-0.482546,-0.0552,0.014397,24.18100000000001
1772224116842493902,2026-02-27 15:28:36.842,7.51038,-3.68142,-9.54712,-0.477586,-0.053987,0.012349,24.182000000000002
1772224116843618194,2026-02-27 15:28:36.843,7.49359,-3.66022,-9.1624,-0.472165,-0.051737,0.009886,24.183000000000007
1772224116844789244,2026-02-27 15:28:36.844,7.50384,-3.66755,-8.92906,-0.47182,-0.051675,0.008516,24.18400000000001
1772224116845987160,2026-02-27 15:28:36.845,7.4117,-3.68193,-8.91965,-0.470448,-0.050108,0.010066,24.185000000000002
1772224116847185619,2026-02-27 15:28:36.847,7.35202,-3.66511,-8.83825,-0.470403,-0.049276,0.009929,24.187000000000012
1772224116848366183,2026-02-27 15:28:36.848,7.21479,-3.60896,-7.7206,-0.462774,-0.048184,0.000973,24.188000000000002
1772224116849498645,2026-02-27 15:28:36.849,7.23204,-3.56754,-7.93208,-0.45769,-0.047778,0.005668,24.189000000000007
1772224116850623223,2026-02-27 15:28:36.850,7.149,-3.58541,-7.89259,-0.454688,-0.047678,0.005789,24.190000000000012
1772224116851818737,2026-02-27 15:28:36.851,7.08863,-3.56182,-8.26686,-0.453443,-0.049101,0.009949,24.191000000000003
1772224116853015216,2026-02-27 15:28:36.853,7.13181,-3.55232,-8.33386,-0.447502,-0.049558,0.011306,24.193000000000012
1772224116854211427,2026-02-27 15:28:36.854,7.04084,-3.49987,-8.18717,-0.441726,-0.049191,0.010728,24.194000000000003
1772224116855380764,2026-02-27 15:28:36.855,6.92087,-3.49818,-7.9312,-0.436632,-0.048499,0.008899,24.195000000000007
1772224116856491618,2026-02-27 15:28:36.856,6.99427,-3.46658,-8.7021,-0.434292,-0.050276,0.018137,24.196000000000012
1772224116857614984,2026-02-27 15:28:36.857,6.93473,-3.49682,-8.42817,-0.43129,-0.051937,0.016684,24.197000000000003
1772224116858810024,2026-02-27 15:28:36.858,6.87809,-3.48165,-8.28357,-0.427346,-0.051249,0.01645,24.198000000000008
1772224116860006222,2026-02-27 15:28:36.860,6.84757,-3.43543,-7.76151,-0.42302,-0.050001,0.011512,24.200000000000003
1772224116861174651,2026-02-27 15:28:36.861,6.77206,-3.44305,-7.44242,-0.418561,-0.049638,0.009466,24.201000000000008
1772224116862343998,2026-02-27 15:28:36.862,6.77869,-3.39962,-7.35454,-0.414974,-0.048196,0.008733,24.202000000000012
1772224116863498122,2026-02-27 15:28:36.863,6.6526,-3.36067,-7.15672,-0.407732,-0.047066,0.009711,24.203000000000003
1772224116864622448,2026-02-27 15:28:36.864,6.58834,-3.32783,-6.40545,-0.403828,-0.046574,0.003846,24.204000000000008
1772224116865793594,2026-02-27 15:28:36.865,6.56857,-3.32059,-6.00864,-0.403716,-0.044942,0.00235,24.205000000000013
1772224116866992494,2026-02-27 15:28:36.866,6.49753,-3.31214,-6.12283,-0.398614,-0.044156,0.004349,24.206000000000003
1772224116868187418,2026-02-27 15:28:36.868,6.52475,-3.29396,-6.39679,-0.396606,-0.043188,0.009133,24.208000000000013
1772224116869356621,2026-02-27 15:28:36.869,6.44676,-3.31264,-6.76759,-0.393392,-0.042881,0.01287,24.209000000000003
1772224116870564462,2026-02-27 15:28:36.870,6.31114,-3.27064,-6.60755,-0.386783,-0.040119,0.013369,24.210000000000008
1772224116871776954,2026-02-27 15:28:36.871,6.27011,-3.26347,-6.54668,-0.382892,-0.039928,0.013509,24.211000000000013
1772224116872974531,2026-02-27 15:28:36.872,6.27521,-3.2517,-6.47384,-0.379561,-0.038514,0.015096,24.212000000000003
1772224116874170294,2026-02-27 15:28:36.874,6.21994,-3.2321,-7.29394,-0.376489,-0.037666,0.022214,24.214
1772224116875351463,2026-02-27 15:28:36.875,6.17578,-3.22662,-6.78204,-0.373463,-0.03692,0.018732,24.215000000000003
1772224116876494654,2026-02-27 15:28:36.876,6.08425,-3.19272,-6.1268,-0.365099,-0.036724,0.015278,24.216000000000008
1772224116877629877,2026-02-27 15:28:36.877,6.06817,-3.18436,-5.74045,-0.361397,-0.037331,0.012387,24.217
1772224116878828788,2026-02-27 15:28:36.878,5.93341,-3.17397,-5.66324,-0.360865,-0.035977,0.012717,24.218000000000004
1772224116880026217,2026-02-27 15:28:36.880,5.95905,-3.17289,-5.53799,-0.354631,-0.03578,0.012686,24.22
1772224116881224625,2026-02-27 15:28:36.881,5.89,-3.1497,-5.37113,-0.351943,-0.035725,0.012031,24.221000000000004
1772224116882406861,2026-02-27 15:28:36.882,5.88877,-3.15648,-4.3125,-0.350717,-0.034957,0.002801,24.22200000000001
1772224116883580287,2026-02-27 15:28:36.883,5.77399,-3.07362,-4.31176,-0.340943,-0.033305,0.006082,24.223
1772224116884711822,2026-02-27 15:28:36.884,5.78892,-3.11346,-4.73875,-0.33871,-0.033096,0.009278,24.224000000000004
1772224116885926284,2026-02-27 15:28:36.885,5.76137,-3.0473,-4.8658,-0.333499,-0.031957,0.01341,24.22500000000001
1772224116887125994,2026-02-27 15:28:36.887,5.72075,-2.99032,-4.76058,-0.329898,-0.032071,0.012959,24.227000000000004
1772224116888327393,2026-02-27 15:28:36.888,5.70799,-2.98327,-4.57741,-0.326597,-0.032086,0.01314,24.22800000000001
1772224116889528894,2026-02-27 15:28:36.889,5.66697,-2.95935,-4.93698,-0.320126,-0.02996,0.018635,24.229
1772224116890671972,2026-02-27 15:28:36.890,5.56473,-2.96638,-5.08787,-0.319389,-0.029036,0.019676,24.230000000000004
1772224116891872216,2026-02-27 15:28:36.891,5.60049,-2.92309,-4.74167,-0.312817,-0.028116,0.020208,24.23100000000001
1772224116893069187,2026-02-27 15:28:36.893,5.5538,-2.88265,-4.23908,-0.308235,-0.027725,0.01507,24.233000000000004
1772224116894255424,2026-02-27 15:28:36.894,5.51112,-2.84615,-3.8176,-0.304696,-0.025597,0.01304,24.23400000000001
1772224116895429912,2026-02-27 15:28:36.895,5.44354,-2.87454,-3.54507,-0.303309,-0.025422,0.011744,24.235
1772224116896600975,2026-02-27 15:28:36.896,5.4455,-2.79515,-3.30193,-0.293959,-0.023879,0.012521,24.236000000000004
1772224116897729863,2026-02-27 15:28:36.897,5.36119,-2.78344,-2.91812,-0.291303,-0.022227,0.009828,24.23700000000001
1772224116898900995,2026-02-27 15:28:36.898,5.36665,-2.77642,-1.95777,-0.287104,-0.021361,0.003384,24.238
1772224116900099361,2026-02-27 15:28:36.900,5.31478,-2.67897,-2.22096,-0.282369,-0.020348,0.006396,24.24000000000001
1772224116901295271,2026-02-27 15:28:36.901,5.27981,-2.7097,-2.2074,-0.28037,-0.019241,0.0075,24.241
1772224116902486353,2026-02-27 15:28:36.902,5.26448,-2.65013,-2.39756,-0.273904,-0.018228,0.012042,24.242000000000004
1772224116903627579,2026-02-27 15:28:36.903,5.22038,-2.59176,-2.21505,-0.269646,-0.017959,0.012285,24.24300000000001
1772224116904753898,2026-02-27 15:28:36.904,5.17693,-2.56677,-2.06755,-0.265287,-0.01794,0.011642,24.244
1772224116905930327,2026-02-27 15:28:36.905,5.07083,-2.57359,-1.94208,-0.264484,-0.016646,0.010911,24.245000000000005
1772224116907129183,2026-02-27 15:28:36.907,5.12798,-2.48571,-2.71129,-0.254629,-0.016126,0.020312,24.247
1772224116908326159,2026-02-27 15:28:36.908,5.08765,-2.48055,-2.23653,-0.253225,-0.016701,0.016153,24.248000000000005
1772224116909513920,2026-02-27 15:28:36.909,5.03596,-2.45314,-1.3072,-0.245439,-0.017595,0.011332,24.24900000000001
1772224116910658473,2026-02-27 15:28:36.910,4.99034,-2.42745,-0.90409,-0.24199,-0.018146,0.008899,24.25
1772224116911789596,2026-02-27 15:28:36.911,4.99167,-2.39665,-0.707961,-0.237498,-0.017687,0.007188,24.251000000000005
1772224116912964232,2026-02-27 15:28:36.912,4.97899,-2.35655,-0.522135,-0.233962,-0.017656,0.006966,24.25200000000001
1772224116914161282,2026-02-27 15:28:36.914,4.84114,-2.32655,-0.350407,-0.232938,-0.017621,0.005254,24.254000000000005
1772224116915360849,2026-02-27 15:28:36.915,4.89565,-2.31203,0.675998,-0.226334,-0.018904,-0.001735,24.25500000000001
1772224116916550751,2026-02-27 15:28:36.916,4.77089,-2.22256,1.1068,-0.216098,-0.019357,-0.002011,24.256
1772224116917690414,2026-02-27 15:28:36.917,4.76766,-2.16898,0.818447,-0.213558,-0.019084,0.001755,24.257000000000005
1772224116918869246,2026-02-27 15:28:36.918,4.67749,-2.24631,0.578243,-0.212679,-0.019888,0.004012,24.25800000000001
1772224116920066991,2026-02-27 15:28:36.920,4.68967,-2.15151,0.662877,-0.207128,-0.021336,0.003814,24.260000000000005
1772224116921263539,2026-02-27 15:28:36.921,4.64439,-2.14438,1.0164,-0.203178,-0.02039,0.002826,24.26100000000001
1772224116922483285,2026-02-27 15:28:36.922,4.59883,-2.13356,1.16382,-0.204114,-0.02138,0.001866,24.262
1772224116923611454,2026-02-27 15:28:36.923,4.58824,-2.08759,0.547659,-0.192662,-0.022423,0.009503,24.263000000000005
1772224116924738821,2026-02-27 15:28:36.924,4.57525,-2.06437,1.0607,-0.191096,-0.023561,0.005797,24.26400000000001
1772224116925912888,2026-02-27 15:28:36.925,4.51517,-2.03148,1.38962,-0.186312,-0.023257,0.002282,24.265
1772224116927111476,2026-02-27 15:28:36.927,4.48546,-1.9987,1.88086,-0.183736,-0.024092,-0.001191,24.26700000000001
1772224116928415648,2026-02-27 15:28:36.928,4.4657,-1.98678,2.22657,-0.178727,-0.025466,-0.004061,24.268
1772224116929598229,2026-02-27 15:28:36.929,4.43432,-1.95042,2.52534,-0.169371,-0.027024,-0.005775,24.269000000000005
1772224116930728250,2026-02-27 15:28:36.930,4.40098,-1.93123,2.68829,-0.169263,-0.02716,-0.005865,24.27000000000001
1772224116931864031,2026-02-27 15:28:36.931,4.33222,-1.9955,3.79439,-0.171764,-0.028583,-0.016602,24.271
1772224116932986652,2026-02-27 15:28:36.932,4.28493,-1.88199,3.61122,-0.164638,-0.028999,-0.013255,24.272000000000006
1772224116934108889,2026-02-27 15:28:36.934,4.28758,-1.8659,3.72424,-0.160918,-0.030075,-0.0148,24.274
1772224116935228566,2026-02-27 15:28:36.935,4.29896,-1.83602,3.39542,-0.15853,-0.030704,-0.011068,24.275000000000006
1772224116936348008,2026-02-27 15:28:36.936,4.24257,-1.81832,3.22876,-0.158526,-0.031011,-0.010686,24.27600000000001
1772224116937479547,2026-02-27 15:28:36.937,4.19522,-1.80653,3.55332,-0.154213,-0.032546,-0.013564,24.277
1772224116938605805,2026-02-27 15:28:36.938,4.17916,-1.76264,3.73887,-0.150013,-0.033656,-0.013751,24.278000000000006
1772224116939721388,2026-02-27 15:28:36.939,4.15259,-1.72638,3.02611,-0.147406,-0.033375,-0.007437,24.27900000000001
1772224116940842929,2026-02-27 15:28:36.940,4.16671,-1.66711,3.09217,-0.142093,-0.034119,-0.007895,24.28
1772224116941963229,2026-02-27 15:28:36.941,4.06735,-1.69337,3.22792,-0.14399,-0.033982,-0.010383,24.281000000000006
1772224116943083177,2026-02-27 15:28:36.943,4.1089,-1.68934,3.77493,-0.139188,-0.032959,-0.015784,24.283
1772224116944201321,2026-02-27 15:28:36.944,4.10235,-1.63933,4.10044,-0.137455,-0.031776,-0.018759,24.284000000000006
1772224116945322246,2026-02-27 15:28:36.945,4.07532,-1.6265,4.25026,-0.132819,-0.030177,-0.019649,24.28500000000001
1772224116946439850,2026-02-27 15:28:36.946,4.03974,-1.61064,4.24994,-0.134369,-0.02697,-0.0197,24.286
1772224116947576106,2026-02-27 15:28:36.947,4.02275,-1.56615,4.55633,-0.13006,-0.018114,-0.02253,24.287000000000006
1772224116948697207,2026-02-27 15:28:36.948,3.96058,-1.52383,5.1049,-0.129384,-0.012892,-0.025436,24.28800000000001
1772224116949817487,2026-02-27 15:28:36.949,4.01945,-1.49788,4.73342,-0.124665,-0.007215,-0.020948,24.289
1772224116950938680,2026-02-27 15:28:36.950,3.98584,-1.49999,4.48021,-0.125784,-0.002489,-0.016464,24.290000000000006
1772224116952058180,2026-02-27 15:28:36.952,3.97657,-1.51851,4.05438,-0.128641,0.004221,-0.010456,24.292
1772224116953178932,2026-02-27 15:28:36.953,4.00342,-1.44578,3.93892,-0.122921,0.012444,-0.007722,24.293000000000006
1772224116954299303,2026-02-27 15:28:36.954,4.03244,-1.47763,3.93412,-0.117874,0.022404,-0.006307,24.29400000000001
1772224116955419905,2026-02-27 15:28:36.955,4.03521,-1.4834,4.10255,-0.113962,0.036063,-0.003351,24.295
1772224116956562088,2026-02-27 15:28:36.956,3.71078,-1.37628,2.87211,-0.107836,0.006526,-0.006846,24.296000000000006
1772224116957679783,2026-02-27 15:28:36.957,3.96039,-1.41792,3.38311,-0.123082,0.021896,-0.013046,24.29700000000001
1772224116958799881,2026-02-27 15:28:36.958,3.75249,-1.36238,3.0793,-0.137931,-0.031509,-0.013218,24.298000000000002
1772224116959919789,2026-02-27 15:28:36.959,4.04557,-1.41313,3.66854,-0.12619,0.007132,-0.01342,24.299000000000007
1772224116961039560,2026-02-27 15:28:36.961,3.89133,-1.38355,4.06689,-0.12382,0.024494,-0.011811,24.301000000000002
1772224116962160513,2026-02-27 15:28:36.962,3.79979,-1.33915,4.24375,-0.116514,0.031145,-0.007311,24.302000000000007
1772224116963280527,2026-02-27 15:28:36.963,3.59605,-1.28182,4.10732,-0.123348,0.006633,-0.010006,24.30300000000001
1772224116964399266,2026-02-27 15:28:36.964,3.66176,-1.21895,4.12707,-0.119809,0.015939,-0.012413,24.304000000000002
1772224116965480382,2026-02-27 15:28:36.965,3.57882,-1.27007,4.9126,-0.116169,0.012784,-0.020594,24.305000000000007
1772224116966601551,2026-02-27 15:28:36.966,3.77214,-1.31214,4.7364,-0.112294,0.03273,-0.013993,24.30600000000001
1772224116967722077,2026-02-27 15:28:36.967,3.71443,-1.30141,4.23911,-0.107918,0.039644,-0.006124,24.307000000000002
1772224116968842370,2026-02-27 15:28:36.968,3.62753,-1.21347,3.8341,-0.106622,0.027962,-0.003912,24.308000000000007
1772224116969963840,2026-02-27 15:28:36.969,3.64176,-1.12839,3.89416,-0.103675,0.031547,-0.006609,24.30900000000001
1772224116971084242,2026-02-27 15:28:36.971,3.59212,-1.0814,3.86618,-0.101134,0.030569,-0.008638,24.311000000000007
1772224116972203183,2026-02-27 15:28:36.972,3.56884,-1.11051,3.84442,-0.105938,0.02584,-0.008896,24.312000000000012
1772224116973323401,2026-02-27 15:28:36.973,3.58434,-1.06414,3.56203,-0.10114,0.034924,-0.002449,24.313000000000002
1772224116974445500,2026-02-27 15:28:36.974,3.64369,-1.09368,3.06654,-0.09389,0.044484,0.002576,24.314000000000007
1772224116975543745,2026-02-27 15:28:36.975,3.51786,-1.123,3.38799,-0.098771,0.04583,0.002687,24.315000000000012
1772224116976663286,2026-02-27 15:28:36.976,3.4035,-1.05297,3.87732,-0.103181,0.030123,-0.007904,24.316000000000003
1772224116977783896,2026-02-27 15:28:36.977,3.53782,-1.06768,4.12972,-0.093568,0.042059,-0.007827,24.317000000000007
1772224116978981508,2026-02-27 15:28:36.978,3.33041,-1.03262,3.87253,-0.096053,0.023575,-0.00718,24.318000000000012
1772224116980181836,2026-02-27 15:28:36.980,3.4874,-1.05641,3.99021,-0.090047,0.044092,-0.005049,24.320000000000007
1772224116981376815,2026-02-27 15:28:36.981,3.3838,-1.03776,4.05741,-0.092991,0.038614,-0.006631,24.321000000000012
1772224116982597684,2026-02-27 15:28:36.982,3.3037,-1.03808,5.12435,-0.093787,0.043863,-0.014209,24.322000000000003
1772224116983726896,2026-02-27 15:28:36.983,3.38466,-0.978293,4.63711,-0.090136,0.05217,-0.00749,24.323000000000008
1772224116984854428,2026-02-27 15:28:36.984,3.15843,-0.958759,3.99863,-0.096105,0.030496,-0.00494,24.324000000000012
1772224116986046001,2026-02-27 15:28:36.986,3.36075,-0.970033,3.92002,-0.090301,0.047472,-0.003956,24.326000000000008
1772224116987241819,2026-02-27 15:28:36.987,3.28093,-1.01383,3.93295,-0.091685,0.052435,-0.002962,24.327000000000012
1772224116988439351,2026-02-27 15:28:36.988,3.32733,-0.973578,3.96154,-0.087795,0.052242,-0.000731,24.328000000000003
1772224116989693805,2026-02-27 15:28:36.989,3.31345,-0.947735,3.89591,-0.087983,0.051824,-0.000102,24.329000000000008
1772224116990842507,2026-02-27 15:28:36.990,3.24011,-0.957368,3.0505,-0.08708,0.057045,0.007739,24.330000000000013
1772224116991975802,2026-02-27 15:28:36.991,3.21333,-0.926255,3.15383,-0.088505,0.057508,0.007365,24.331000000000003
1772224116993107867,2026-02-27 15:28:36.993,3.28053,-0.917858,3.68457,-0.083679,0.057205,0.004525,24.333000000000013
1772224116994292118,2026-02-27 15:28:36.994,3.20691,-0.909181,3.88047,-0.084642,0.057176,0.002311,24.334000000000003
1772224116995499055,2026-02-27 15:28:36.995,3.23707,-0.927584,3.9651,-0.085353,0.057319,0.001886,24.335000000000008
1772224116996684088,2026-02-27 15:28:36.996,3.18478,-0.914749,3.84344,-0.086327,0.05834,0.001607,24.336000000000013
1772224116997831816,2026-02-27 15:28:36.997,3.18301,-0.917021,4.48747,-0.083578,0.058178,-0.003318,24.337000000000003
1772224116999031818,2026-02-27 15:28:36.999,3.14875,-0.898644,4.76854,-0.083098,0.058209,-0.005901,24.339
1772224117000213084,2026-02-27 15:28:37.000,3.15888,-0.848537,4.53366,-0.081514,0.055134,-0.004221,24.340000000000003
1772224117001383642,2026-02-27 15:28:37.001,3.15039,-0.844532,4.0819,-0.080314,0.057537,-0.000416,24.341000000000008
1772224117002548431,2026-02-27 15:28:37.002,3.09036,-0.891547,3.73332,-0.083746,0.058238,0.002736,24.342
1772224117003685423,2026-02-27 15:28:37.003,3.15326,-0.828021,3.74599,-0.079987,0.05816,0.004317,24.343000000000004
1772224117004826321,2026-02-27 15:28:37.004,3.11013,-0.836658,3.75059,-0.080098,0.058461,0.003478,24.34400000000001
1772224117005957700,2026-02-27 15:28:37.005,3.15419,-0.844639,3.62298,-0.079473,0.058129,0.004464,24.345
1772224117007079776,2026-02-27 15:28:37.007,3.11773,-0.833756,2.73477,-0.078411,0.057742,0.012573,24.34700000000001
1772224117008258181,2026-02-27 15:28:37.008,3.1442,-0.818883,3.04176,-0.078171,0.05829,0.009315,24.348
1772224117009485986,2026-02-27 15:28:37.009,3.16057,-0.878238,3.14891,-0.079828,0.057723,0.008451,24.349000000000004
1772224117010618368,2026-02-27 15:28:37.010,3.12203,-0.80888,3.49941,-0.077349,0.058376,0.004688,24.35000000000001
1772224117011764662,2026-02-27 15:28:37.011,3.05335,-0.801244,3.63374,-0.080273,0.057223,0.002412,24.351
1772224117012893405,2026-02-27 15:28:37.012,3.0397,-0.760309,3.61027,-0.080344,0.057585,0.00285,24.352000000000004
1772224117014092057,2026-02-27 15:28:37.014,3.08408,-0.735009,3.64988,-0.075564,0.056779,0.0034,24.354
1772224117015296576,2026-02-27 15:28:37.015,3.06469,-0.74674,4.52458,-0.077349,0.057206,-0.005983,24.355000000000004
1772224117016506634,2026-02-27 15:28:37.016,3.07039,-0.731391,4.32629,-0.078922,0.056688,-0.003762,24.35600000000001
1772224117017639038,2026-02-27 15:28:37.017,3.09169,-0.743758,4.2613,-0.075426,0.057,-0.002894,24.357
1772224117018779379,2026-02-27 15:28:37.018,3.03918,-0.79049,3.39623,-0.079641,0.056591,0.004454,24.358000000000004
1772224117019910436,2026-02-27 15:28:37.019,3.04456,-0.743989,3.41459,-0.076069,0.056908,0.004984,24.35900000000001
1772224117021109044,2026-02-27 15:28:37.021,3.07503,-0.728374,3.33546,-0.075599,0.0569,0.004728,24.361000000000004
1772224117022305938,2026-02-27 15:28:37.022,3.07017,-0.739812,3.37433,-0.075041,0.055361,0.004994,24.36200000000001
1772224117023516804,2026-02-27 15:28:37.023,3.0648,-0.78369,2.72695,-0.075206,0.056003,0.010583,24.363
1772224117024648657,2026-02-27 15:28:37.024,3.06776,-0.734228,2.44655,-0.074612,0.056278,0.013026,24.364000000000004
1772224117025780336,2026-02-27 15:28:37.025,3.0289,-0.746894,3.00921,-0.074276,0.055488,0.007817,24.36500000000001
1772224117026911589,2026-02-27 15:28:37.026,2.9686,-0.748735,3.26841,-0.074297,0.057037,0.005406,24.366
1772224117028069421,2026-02-27 15:28:37.028,2.9594,-0.759599,3.37848,-0.077273,0.056195,0.003921,24.36800000000001
1772224117029244182,2026-02-27 15:28:37.029,2.92696,-0.7405,3.29005,-0.075594,0.056619,0.004998,24.369
1772224117030445953,2026-02-27 15:28:37.030,2.94802,-0.717693,3.35282,-0.073452,0.055281,0.004885,24.370000000000005
1772224117031607443,2026-02-27 15:28:37.031,2.96328,-0.712732,3.49039,-0.073336,0.056306,0.002592,24.37100000000001
1772224117032740725,2026-02-27 15:28:37.032,2.9526,-0.690917,3.89795,-0.071799,0.055548,-0.000539,24.372
1772224117033884730,2026-02-27 15:28:37.033,2.94057,-0.699048,3.66338,-0.071608,0.055458,0.001048,24.373000000000005
1772224117035057837,2026-02-27 15:28:37.035,2.89076,-0.717959,3.2705,-0.073226,0.055893,0.004867,24.375
1772224117036229620,2026-02-27 15:28:37.036,2.86745,-0.753383,3.18149,-0.075482,0.055699,0.005836,24.376000000000005
1772224117037544502,2026-02-27 15:28:37.037,2.90899,-0.742829,3.12009,-0.074389,0.054816,0.006034,24.37700000000001
1772224117038674018,2026-02-27 15:28:37.038,2.87245,-0.722089,3.13749,-0.071706,0.05542,0.00655,24.378
1772224117039804744,2026-02-27 15:28:37.039,2.96301,-0.753247,2.16663,-0.067516,0.055886,0.015425,24.379000000000005
1772224117040939137,2026-02-27 15:28:37.040,2.88992,-0.744938,2.4435,-0.069443,0.055677,0.013237,24.38000000000001
1772224117042120727,2026-02-27 15:28:37.042,2.92282,-0.729902,2.38835,-0.070263,0.054917,0.012336,24.382000000000005
1772224117043294655,2026-02-27 15:28:37.043,2.90085,-0.737761,2.96235,-0.070529,0.055565,0.008587,24.38300000000001
1772224117044495120,2026-02-27 15:28:37.044,2.82505,-0.728367,3.09779,-0.069874,0.056091,0.006366,24.384
1772224117045625761,2026-02-27 15:28:37.045,2.83651,-0.733914,3.17631,-0.069894,0.055222,0.00684,24.385000000000005
1772224117046787248,2026-02-27 15:28:37.046,2.83428,-0.749722,3.11453,-0.068393,0.055754,0.007035,24.38600000000001
1772224117047934306,2026-02-27 15:28:37.047,2.82702,-0.767228,3.85285,-0.068956,0.05607,-5.5e-05,24.387
1772224117049064234,2026-02-27 15:28:37.049,2.81019,-0.724769,3.99989,-0.068979,0.056049,-0.000796,24.38900000000001
1772224117050260753,2026-02-27 15:28:37.050,2.81053,-0.740207,3.85233,-0.068472,0.055644,-1.5e-05,24.39
1772224117051482199,2026-02-27 15:28:37.051,2.80007,-0.814567,3.42956,-0.06882,0.055865,0.005474,24.391000000000005
1772224117052610458,2026-02-27 15:28:37.052,2.75706,-0.82142,2.94058,-0.071643,0.0567,0.008357,24.39200000000001
1772224117053740530,2026-02-27 15:28:37.053,2.80241,-0.778878,2.91627,-0.067085,0.055354,0.009311,24.393
1772224117054892134,2026-02-27 15:28:37.054,2.78813,-0.755765,2.94067,-0.066604,0.056437,0.008699,24.394000000000005
1772224117056028636,2026-02-27 15:28:37.056,2.73381,-0.821293,2.7183,-0.068188,0.055845,0.011323,24.396
1772224117057212357,2026-02-27 15:28:37.057,2.80774,-0.793449,1.96885,-0.064193,0.055731,0.017377,24.397000000000006
1772224117058409794,2026-02-27 15:28:37.058,2.84363,-0.783292,2.31409,-0.062676,0.055777,0.014593,24.39800000000001
1772224117059563704,2026-02-27 15:28:37.059,2.77031,-0.873392,2.50591,-0.064657,0.055041,0.012952,24.399
1772224117060693702,2026-02-27 15:28:37.060,2.71441,-0.843712,2.81183,-0.066709,0.0557,0.009485,24.400000000000006
1772224117061842060,2026-02-27 15:28:37.061,2.63262,-0.848991,2.98457,-0.069405,0.057105,0.007624,24.40100000000001
1772224117062995310,2026-02-27 15:28:37.062,2.63612,-0.880835,2.97526,-0.066731,0.055227,0.009179,24.402
1772224117064124182,2026-02-27 15:28:37.064,2.68745,-0.861433,2.95828,-0.063272,0.055557,0.009004,24.40400000000001
1772224117065319437,2026-02-27 15:28:37.065,2.71421,-0.865453,4.00086,-0.061987,0.054591,-0.000863,24.405
1772224117066530063,2026-02-27 15:28:37.066,2.66001,-0.917553,3.56725,-0.066434,0.056626,0.002835,24.406000000000006
1772224117067660133,2026-02-27 15:28:37.067,2.70437,-0.942542,3.6233,-0.062005,0.056131,0.003995,24.40700000000001
1772224117068822793,2026-02-27 15:28:37.068,2.61828,-0.954722,3.06493,-0.065936,0.055585,0.007927,24.408
1772224117069962730,2026-02-27 15:28:37.069,2.71004,-0.92312,2.82819,-0.060461,0.055232,0.010445,24.409000000000006
1772224117071104476,2026-02-27 15:28:37.071,2.67831,-0.957042,2.80691,-0.064307,0.056864,0.010328,24.411
1772224117072299312,2026-02-27 15:28:37.072,2.67286,-0.968943,2.76504,-0.062463,0.05607,0.010565,24.412000000000006
1772224117073510245,2026-02-27 15:28:37.073,2.70525,-0.98532,2.0419,-0.059828,0.057568,0.018716,24.41300000000001
1772224117074642899,2026-02-27 15:28:37.074,2.6906,-0.960079,2.0617,-0.059998,0.057525,0.018746,24.414
1772224117075820615,2026-02-27 15:28:37.075,2.72147,-0.96064,2.0418,-0.06061,0.056936,0.018713,24.415000000000006
1772224117076975830,2026-02-27 15:28:37.076,2.71028,-0.959031,2.77751,-0.059755,0.057273,0.01209,24.41600000000001
1772224117078118750,2026-02-27 15:28:37.078,2.62179,-0.991208,2.8582,-0.060419,0.057679,0.011934,24.418000000000006
1772224117079314218,2026-02-27 15:28:37.079,2.60694,-0.98425,2.8003,-0.059092,0.058919,0.011496,24.41900000000001
1772224117080527026,2026-02-27 15:28:37.080,2.63725,-1.0017,2.77518,-0.059507,0.058879,0.012302,24.42
1772224117081656581,2026-02-27 15:28:37.081,2.61197,-1.0388,3.1654,-0.063257,0.058477,0.008381,24.421000000000006
1772224117082832137,2026-02-27 15:28:37.082,2.58805,-0.995539,3.8124,-0.062813,0.058614,0.002801,24.42200000000001
1772224117083979128,2026-02-27 15:28:37.083,2.65143,-1.02898,3.14106,-0.061195,0.058919,0.009241,24.423000000000002
1772224117085120598,2026-02-27 15:28:37.085,2.63972,-1.03676,2.70764,-0.060092,0.059407,0.013292,24.42500000000001
1772224117086316113,2026-02-27 15:28:37.086,2.65039,-1.01162,2.67369,-0.062807,0.060411,0.012141,24.426000000000002
1772224117087527476,2026-02-27 15:28:37.087,2.67795,-0.976057,2.67109,-0.057018,0.059528,0.012919,24.427000000000007
1772224117088656784,2026-02-27 15:28:37.088,2.68347,-0.997089,2.73049,-0.059417,0.060091,0.013092,24.42800000000001
1772224117089830649,2026-02-27 15:28:37.089,2.67477,-1.05704,2.73095,-0.062442,0.058991,0.012804,24.429000000000002
1772224117090998152,2026-02-27 15:28:37.090,2.70392,-1.0186,2.1734,-0.060019,0.05751,0.017273,24.430000000000007
1772224117092140581,2026-02-27 15:28:37.092,0.70622,-1.27594,1.17704,-0.041612,-0.182189,-0.020385,24.432000000000002
1772224117093337597,2026-02-27 15:28:37.093,2.79002,-0.851033,2.64569,-0.052106,0.004414,-0.028455,24.433000000000007
1772224117094540176,2026-02-27 15:28:37.094,3.25917,-0.826358,2.76578,-0.050721,0.035732,-0.028868,24.43400000000001
1772224117095672311,2026-02-27 15:28:37.095,3.05892,-0.859234,2.80266,-0.063457,0.038468,-0.013681,24.435000000000002
1772224117096848952,2026-02-27 15:28:37.096,2.59971,-0.872036,2.62118,-0.064568,-0.003067,-0.007161,24.436000000000007
1772224117098029226,2026-02-27 15:28:37.098,2.90345,-0.811829,4.23132,-0.062705,0.040795,-0.020701,24.438000000000002
1772224117099172000,2026-02-27 15:28:37.099,2.69534,-0.806374,4.01144,-0.055301,0.031387,-0.018696,24.439000000000007
1772224117100373266,2026-02-27 15:28:37.100,2.45461,-0.808849,3.69099,-0.058418,0.006389,-0.021205,24.440000000000012
1772224117101566894,2026-02-27 15:28:37.101,2.81656,-0.80635,3.21324,-0.062764,0.03064,-0.015078,24.441000000000003
1772224117102696005,2026-02-27 15:28:37.102,2.88555,-0.893706,2.79041,-0.060484,0.042093,-0.005697,24.442000000000007
1772224117103870792,2026-02-27 15:28:37.103,2.7563,-0.946475,2.64514,-0.064082,0.04058,0.000409,24.443000000000012
1772224117105046545,2026-02-27 15:28:37.105,2.68785,-0.952072,2.38274,-0.063631,0.015747,-0.007221,24.445000000000007
1772224117106187658,2026-02-27 15:28:37.106,2.85659,-0.926315,2.02931,-0.065469,0.032899,-0.00523,24.446000000000012
1772224117107386719,2026-02-27 15:28:37.107,2.7885,-0.961122,1.59001,-0.06791,0.029249,-0.00075,24.447000000000003
1772224117108561573,2026-02-27 15:28:37.108,2.76933,-0.95014,1.75982,-0.067548,0.018047,-0.002173,24.448000000000008
1772224117109691268,2026-02-27 15:28:37.109,2.873,-0.880287,2.09125,-0.067736,0.017552,-0.009056,24.449000000000012
1772224117110878100,2026-02-27 15:28:37.110,2.90344,-0.864955,2.46109,-0.070352,0.026781,-0.012472,24.450000000000003
1772224117112057419,2026-02-27 15:28:37.112,2.77717,-0.865682,2.53791,-0.069558,0.009422,-0.018917,24.452000000000012
1772224117113199136,2026-02-27 15:28:37.113,2.88759,-0.886415,2.48209,-0.069518,0.013199,-0.019291,24.453000000000003
1772224117114396209,2026-02-27 15:28:37.114,2.93107,-0.89486,2.52764,-0.063983,0.012897,-0.019602,24.454000000000008
1772224117115561892,2026-02-27 15:28:37.115,2.90076,-0.905104,3.3701,-0.065838,0.006121,-0.027393,24.455000000000013
1772224117116693795,2026-02-27 15:28:37.116,2.90427,-0.951165,2.95117,-0.065929,0.003588,-0.025693,24.456000000000003
1772224117117867791,2026-02-27 15:28:37.117,2.95136,-0.911354,2.93274,-0.066884,0.002956,-0.025933,24.457000000000008
1772224117119046188,2026-02-27 15:28:37.119,2.92491,-0.916039,2.20188,-0.066488,-0.003295,-0.023445,24.459000000000003
1772224117120199822,2026-02-27 15:28:37.120,2.9944,-0.96644,2.35764,-0.068327,-0.008651,-0.02552,24.460000000000008
1772224117121398098,2026-02-27 15:28:37.121,3.01038,-0.94354,2.33783,-0.068144,-0.007965,-0.025534,24.461000000000013
1772224117122563994,2026-02-27 15:28:37.122,3.01243,-0.921635,2.36983,-0.0709,-0.012671,-0.027629,24.462000000000003
1772224117123696564,2026-02-27 15:28:37.123,3.08219,-0.87086,1.42634,-0.065192,-0.014465,-0.019898,24.463000000000008
1772224117124870861,2026-02-27 15:28:37.124,3.09113,-0.906808,1.54836,-0.069917,-0.017161,-0.023332,24.464
1772224117126054519,2026-02-27 15:28:37.126,3.12085,-0.900562,2.03639,-0.069698,-0.023972,-0.029591,24.466000000000008
1772224117127198057,2026-02-27 15:28:37.127,3.09313,-0.919719,2.39822,-0.06686,-0.023742,-0.031894,24.467
1772224117128395349,2026-02-27 15:28:37.128,3.04733,-0.949871,2.50566,-0.064865,-0.030249,-0.032967,24.468000000000004
1772224117129576156,2026-02-27 15:28:37.129,3.05075,-0.900993,2.4686,-0.065821,-0.030931,-0.033613,24.46900000000001
1772224117130705585,2026-02-27 15:28:37.130,3.12571,-0.939446,2.4177,-0.061762,-0.034527,-0.034848,24.47
1772224117131881429,2026-02-27 15:28:37.131,3.11054,-0.930603,3.09302,-0.066076,-0.03745,-0.041985,24.471000000000004
1772224117133068091,2026-02-27 15:28:37.133,3.11565,-0.966128,3.19935,-0.069211,-0.03843,-0.042854,24.473
1772224117134210353,2026-02-27 15:28:37.134,3.13867,-0.923673,2.8164,-0.065747,-0.040875,-0.040169,24.474000000000004
1772224117135338798,2026-02-27 15:28:37.135,3.14818,-0.988752,2.38725,-0.068906,-0.043969,-0.037049,24.47500000000001
1772224117136550839,2026-02-27 15:28:37.136,3.19161,-0.961073,2.32661,-0.068993,-0.045956,-0.037064,24.476
1772224117137678151,2026-02-27 15:28:37.137,3.20227,-0.980628,2.39126,-0.069105,-0.048375,-0.037652,24.477000000000004
1772224117138834837,2026-02-27 15:28:37.138,3.17522,-0.962321,2.35468,-0.07032,-0.050029,-0.038502,24.47800000000001
1772224117140018935,2026-02-27 15:28:37.140,3.25656,-0.967363,1.3253,-0.068898,-0.052248,-0.030298,24.480000000000004
1772224117141160668,2026-02-27 15:28:37.141,3.277,-0.949923,1.6505,-0.071892,-0.051178,-0.033404,24.48100000000001
1772224117142289418,2026-02-27 15:28:37.142,3.34485,-0.988926,1.63091,-0.069795,-0.051599,-0.033211,24.482
1772224117143482117,2026-02-27 15:28:37.143,3.31216,-0.942652,1.92503,-0.07431,-0.048704,-0.034851,24.483000000000004
1772224117144611443,2026-02-27 15:28:37.144,3.40744,-1.03443,2.05875,-0.077023,-0.04776,-0.036448,24.48400000000001
1772224117145738293,2026-02-27 15:28:37.145,3.37669,-1.01722,1.97047,-0.075677,-0.046766,-0.035389,24.485
1772224117147013923,2026-02-27 15:28:37.147,3.42458,-1.01215,1.83749,-0.081776,-0.046336,-0.033912,24.48700000000001
1772224117148171003,2026-02-27 15:28:37.148,3.46445,-1.00946,2.59736,-0.082768,-0.044784,-0.041034,24.488
1772224117149313154,2026-02-27 15:28:37.149,3.48899,-1.03969,2.26034,-0.085003,-0.043745,-0.036186,24.489000000000004
1772224117150522391,2026-02-27 15:28:37.150,3.46057,-1.00823,2.1303,-0.089399,-0.042192,-0.035272,24.49000000000001
1772224117151653614,2026-02-27 15:28:37.151,3.54597,-1.02136,1.48311,-0.090517,-0.042131,-0.029515,24.491
1772224117152826670,2026-02-27 15:28:37.152,3.53724,-1.02854,1.00979,-0.096553,-0.043375,-0.026038,24.492000000000004
1772224117154019078,2026-02-27 15:28:37.154,3.59467,-1.01318,1.00458,-0.095723,-0.042637,-0.024991,24.494
1772224117155181295,2026-02-27 15:28:37.155,3.64714,-1.01021,0.769903,-0.102819,-0.042394,-0.023592,24.495000000000005
1772224117156323066,2026-02-27 15:28:37.156,3.64038,-1.03462,-0.033383,-0.107773,-0.042509,-0.016244,24.49600000000001
1772224117157538042,2026-02-27 15:28:37.157,3.72678,-1.06679,-0.336926,-0.1112,-0.042662,-0.013344,24.497
1772224117158665434,2026-02-27 15:28:37.158,3.72216,-1.03008,-0.382932,-0.109351,-0.042807,-0.012451,24.498000000000005
1772224117159838708,2026-02-27 15:28:37.159,3.73047,-1.06963,-0.057307,-0.114385,-0.043411,-0.015812,24.49900000000001
1772224117161029270,2026-02-27 15:28:37.161,3.76716,-1.0754,0.076977,-0.117568,-0.043617,-0.017748,24.501000000000005
1772224117162196305,2026-02-27 15:28:37.162,3.75974,-1.10447,-0.100706,-0.124972,-0.042988,-0.015886,24.50200000000001
1772224117163338006,2026-02-27 15:28:37.163,3.92326,-1.08467,-0.210496,-0.124301,-0.042035,-0.014107,24.503
1772224117164562434,2026-02-27 15:28:37.164,3.89158,-1.08245,-0.140729,-0.129496,-0.042816,-0.015855,24.504000000000005
1772224117165689406,2026-02-27 15:28:37.165,3.82123,-1.1123,0.499013,-0.134181,-0.042311,-0.02071,24.50500000000001
1772224117166862687,2026-02-27 15:28:37.166,3.85692,-1.09894,-0.017093,-0.138712,-0.041193,-0.016634,24.506
1772224117168057981,2026-02-27 15:28:37.168,3.91861,-1.09997,-0.239445,-0.139029,-0.041409,-0.013592,24.50800000000001
1772224117169216601,2026-02-27 15:28:37.169,3.98387,-1.11869,-1.08086,-0.147725,-0.040391,-0.006611,24.509
1772224117170356841,2026-02-27 15:28:37.170,4.014,-1.1033,-1.33005,-0.145674,-0.039457,-0.00566,24.510000000000005
1772224117171559807,2026-02-27 15:28:37.171,4.0438,-1.13446,-1.31935,-0.153009,-0.041434,-0.004531,24.51100000000001
1772224117172691405,2026-02-27 15:28:37.172,4.09295,-1.16308,-1.52519,-0.15317,-0.041036,-0.004057,24.512
1772224117173866256,2026-02-27 15:28:37.173,4.10943,-1.21567,-2.62907,-0.159988,-0.041462,0.005626,24.513000000000005
1772224117175058926,2026-02-27 15:28:37.175,4.16153,-1.21388,-2.41078,-0.164052,-0.041945,0.00329,24.515
1772224117176199649,2026-02-27 15:28:37.176,4.17819,-1.22357,-2.2173,-0.171831,-0.04304,0.001313,24.516000000000005
1772224117177343746,2026-02-27 15:28:37.177,4.19395,-1.23313,-2.02097,-0.173439,-0.043728,-0.000752,24.51700000000001
1772224117178538760,2026-02-27 15:28:37.178,4.17648,-1.23832,-2.10374,-0.177736,-0.044436,-0.00087,24.518
1772224117179663741,2026-02-27 15:28:37.179,4.19758,-1.28076,-2.22737,-0.180299,-0.046295,-0.000786,24.519000000000005
1772224117180835055,2026-02-27 15:28:37.180,4.25145,-1.26111,-2.3448,-0.183015,-0.047138,-0.001556,24.52000000000001
1772224117182031349,2026-02-27 15:28:37.182,4.26923,-1.27492,-1.66531,-0.187418,-0.048032,-0.00918,24.522000000000006
1772224117183211215,2026-02-27 15:28:37.183,4.34499,-1.24993,-1.91027,-0.19237,-0.049519,-0.009213,24.52300000000001
1772224117184353335,2026-02-27 15:28:37.184,4.35575,-1.23384,-2.40982,-0.194992,-0.051343,-0.004601,24.524
1772224117185498727,2026-02-27 15:28:37.185,4.45006,-1.28211,-2.87856,-0.201806,-0.054531,-0.001617,24.525000000000006
1772224117186625529,2026-02-27 15:28:37.186,4.46136,-1.27218,-3.01969,-0.204658,-0.054305,-0.001972,24.52600000000001
1772224117187796124,2026-02-27 15:28:37.187,4.45454,-1.31665,-3.07467,-0.207569,-0.05539,-0.003136,24.527
1772224117188991890,2026-02-27 15:28:37.188,4.46146,-1.31862,-3.17281,-0.209856,-0.056709,-0.003864,24.528000000000006
1772224117190162534,2026-02-27 15:28:37.190,4.55787,-1.27336,-3.37067,-0.212063,-0.057243,-0.001478,24.53
1772224117191310505,2026-02-27 15:28:37.191,4.54291,-1.25542,-3.99324,-0.215346,-0.061533,-9.9e-05,24.531000000000006
1772224117192472004,2026-02-27 15:28:37.192,4.5015,-1.29746,-3.87661,-0.222786,-0.062642,-0.00295,24.53200000000001
1772224117193597866,2026-02-27 15:28:37.193,4.59589,-1.21772,-3.50971,-0.222332,-0.065376,-0.005912,24.533
1772224117194746328,2026-02-27 15:28:37.194,4.66121,-1.2541,-3.42647,-0.225355,-0.067565,-0.009371,24.534000000000006
1772224117195940006,2026-02-27 15:28:37.195,4.5664,-1.29889,-3.4466,-0.228399,-0.067244,-0.009848,24.53500000000001
1772224117197135800,2026-02-27 15:28:37.197,4.6402,-1.30446,-3.60526,-0.233871,-0.070107,-0.010693,24.537000000000006
1772224117198299213,2026-02-27 15:28:37.198,4.65097,-1.26314,-2.59331,-0.237802,-0.073228,-0.022543,24.53800000000001
1772224117199472630,2026-02-27 15:28:37.199,4.70763,-1.25771,-3.07951,-0.234885,-0.074988,-0.019549,24.539
1772224117200595007,2026-02-27 15:28:37.200,4.75701,-1.23429,-3.09572,-0.237247,-0.076776,-0.020237,24.540000000000006
1772224117201766894,2026-02-27 15:28:37.201,4.76632,-1.21781,-3.68807,-0.237916,-0.078249,-0.016921,24.54100000000001
1772224117202962763,2026-02-27 15:28:37.202,4.80239,-1.25221,-3.91818,-0.239779,-0.079825,-0.016034,24.542
1772224117204156850,2026-02-27 15:28:37.204,4.89647,-1.23795,-3.90774,-0.242447,-0.08214,-0.017591,24.54400000000001
1772224117205313919,2026-02-27 15:28:37.205,4.92037,-1.24695,-4.04146,-0.246058,-0.085471,-0.019204,24.545
1772224117206479541,2026-02-27 15:28:37.206,4.90413,-1.18176,-4.92294,-0.246522,-0.085875,-0.012173,24.546000000000006
1772224117207606027,2026-02-27 15:28:37.207,4.89506,-1.25701,-4.93198,-0.249311,-0.087964,-0.014164,24.54700000000001
1772224117208776322,2026-02-27 15:28:37.208,4.92477,-1.14061,-4.90212,-0.249091,-0.088771,-0.015579,24.548000000000002
1772224117209974238,2026-02-27 15:28:37.209,4.96759,-1.19933,-4.45735,-0.251237,-0.090718,-0.021387,24.549000000000007
1772224117211171368,2026-02-27 15:28:37.211,4.94054,-1.18434,-4.29025,-0.252393,-0.091259,-0.025345,24.551000000000002
1772224117212330656,2026-02-27 15:28:37.212,5.00183,-1.16473,-4.2687,-0.254407,-0.095652,-0.028751,24.552000000000007
1772224117213497229,2026-02-27 15:28:37.213,5.01728,-1.20352,-4.26646,-0.255955,-0.098087,-0.029203,24.55300000000001
1772224117214621583,2026-02-27 15:28:37.214,5.0297,-1.1623,-3.88316,-0.256489,-0.099114,-0.034953,24.554000000000002
1772224117215795003,2026-02-27 15:28:37.215,4.99629,-1.15995,-3.37661,-0.25799,-0.101011,-0.041064,24.555000000000007
1772224117216989442,2026-02-27 15:28:37.216,4.95391,-1.19782,-3.73513,-0.262944,-0.102492,-0.039631,24.55600000000001
1772224117218183545,2026-02-27 15:28:37.218,5.04791,-1.18106,-3.99031,-0.259197,-0.104945,-0.037565,24.558000000000007
1772224117219348499,2026-02-27 15:28:37.219,5.06787,-1.1677,-4.59352,-0.258889,-0.108641,-0.035704,24.55900000000001
1772224117220495316,2026-02-27 15:28:37.220,5.02569,-1.12452,-4.48449,-0.260898,-0.110335,-0.037109,24.560000000000002
1772224117221619623,2026-02-27 15:28:37.221,5.05866,-1.14168,-4.59919,-0.261625,-0.111719,-0.038262,24.561000000000007
1772224117222791690,2026-02-27 15:28:37.222,5.03568,-1.14238,-4.61299,-0.264578,-0.113579,-0.039573,24.562000000000012
1772224117223986280,2026-02-27 15:28:37.223,5.10155,-1.12287,-5.61398,-0.262337,-0.11529,-0.032603,24.563000000000002
1772224117225180058,2026-02-27 15:28:37.225,5.15216,-1.13484,-5.25682,-0.261583,-0.117672,-0.037303,24.565000000000012
1772224117226358299,2026-02-27 15:28:37.226,5.07877,-1.05852,-4.81687,-0.264276,-0.119692,-0.04277,24.566000000000003
1772224117227491407,2026-02-27 15:28:37.227,5.04643,-1.07174,-4.59594,-0.264999,-0.12141,-0.045617,24.567000000000007
1772224117228614113,2026-02-27 15:28:37.228,5.07694,-1.10568,-4.60601,-0.26517,-0.122066,-0.047147,24.568000000000012
1772224117229814883,2026-02-27 15:28:37.229,5.09536,-1.09593,-4.70139,-0.26671,-0.124623,-0.048267,24.569000000000003
1772224117231012447,2026-02-27 15:28:37.231,5.12153,-1.07724,-4.71553,-0.265236,-0.125208,-0.049094,24.571000000000012
1772224117232212500,2026-02-27 15:28:37.232,5.1071,-1.10487,-3.78,-0.26518,-0.127206,-0.058379,24.572000000000003
1772224117233368532,2026-02-27 15:28:37.233,5.12641,-1.081,-3.97103,-0.26601,-0.127833,-0.057209,24.573000000000008
1772224117234493151,2026-02-27 15:28:37.234,5.09275,-1.0588,-4.56922,-0.266382,-0.127264,-0.053039,24.574000000000012
1772224117235619975,2026-02-27 15:28:37.235,5.16913,-1.08504,-4.99774,-0.264941,-0.126881,-0.049464,24.575000000000003
1772224117236790446,2026-02-27 15:28:37.236,5.16053,-1.07963,-5.04458,-0.267208,-0.12693,-0.048674,24.576000000000008
1772224117237988014,2026-02-27 15:28:37.237,5.18937,-1.08174,-5.08385,-0.26588,-0.125639,-0.048705,24.577000000000012
1772224117239182240,2026-02-27 15:28:37.239,5.22762,-1.0894,-5.20883,-0.267517,-0.124138,-0.048216,24.579000000000008
1772224117240371196,2026-02-27 15:28:37.240,5.25298,-1.15183,-6.23656,-0.271456,-0.121472,-0.037419,24.580000000000013
1772224117241493316,2026-02-27 15:28:37.241,5.25594,-1.08918,-6.1256,-0.272276,-0.120618,-0.038851,24.581000000000003
1772224117242617719,2026-02-27 15:28:37.242,5.19878,-1.16186,-5.88587,-0.27829,-0.117689,-0.041672,24.582000000000008
1772224117243767586,2026-02-27 15:28:37.243,5.23233,-1.11724,-5.69189,-0.274632,-0.116841,-0.042991,24.583000000000013
1772224117244965938,2026-02-27 15:28:37.244,5.32046,-1.15533,-5.647,-0.273768,-0.115078,-0.043259,24.584000000000003
1772224117246165209,2026-02-27 15:28:37.246,5.32393,-1.22427,-5.75628,-0.280108,-0.114634,-0.042431,24.586000000000013
1772224117247333938,2026-02-27 15:28:37.247,5.3238,-1.17795,-5.87174,-0.283716,-0.111751,-0.040452,24.587000000000003
1772224117248495937,2026-02-27 15:28:37.248,5.40557,-1.21786,-5.07514,-0.283965,-0.109254,-0.046745,24.588000000000008
1772224117249620353,2026-02-27 15:28:37.249,5.40837,-1.25257,-5.59541,-0.287262,-0.107433,-0.042022,24.589
1772224117250791415,2026-02-27 15:28:37.250,5.42804,-1.20008,-5.75448,-0.287245,-0.104972,-0.039352,24.590000000000003
1772224117251989829,2026-02-27 15:28:37.251,5.51461,-1.23365,-6.33324,-0.288144,-0.103242,-0.034658,24.591000000000008
1772224117253185230,2026-02-27 15:28:37.253,5.48384,-1.26509,-6.60279,-0.292067,-0.102341,-0.031057,24.593000000000004
1772224117254355003,2026-02-27 15:28:37.254,5.53015,-1.26284,-6.68325,-0.290684,-0.099631,-0.030924,24.59400000000001
1772224117255623652,2026-02-27 15:28:37.255,5.54349,-1.29062,-6.92227,-0.298697,-0.096822,-0.028939,24.595
1772224117256797063,2026-02-27 15:28:37.256,5.63359,-1.35665,-7.92636,-0.29964,-0.094913,-0.018308,24.596000000000004
1772224117257992166,2026-02-27 15:28:37.257,5.63955,-1.31373,-7.80039,-0.30157,-0.093122,-0.018927,24.59700000000001
1772224117259186958,2026-02-27 15:28:37.259,5.69445,-1.3483,-7.90467,-0.304012,-0.091381,-0.018471,24.599000000000004
1772224117260357028,2026-02-27 15:28:37.260,5.75423,-1.37071,-7.55494,-0.305265,-0.090331,-0.021997,24.60000000000001
1772224117261491114,2026-02-27 15:28:37.261,5.73712,-1.38437,-7.3843,-0.308891,-0.086503,-0.023316,24.601
1772224117262625414,2026-02-27 15:28:37.262,5.71215,-1.40696,-7.5543,-0.313652,-0.083512,-0.022484,24.602000000000004
1772224117263846567,2026-02-27 15:28:37.263,5.84658,-1.38684,-7.64452,-0.313345,-0.08253,-0.020685,24.60300000000001
1772224117265042319,2026-02-27 15:28:37.265,5.81782,-1.44309,-7.08394,-0.315557,-0.080511,-0.025594,24.605000000000004
1772224117266238868,2026-02-27 15:28:37.266,5.79913,-1.45319,-6.91391,-0.319494,-0.078385,-0.02689,24.60600000000001
1772224117267415068,2026-02-27 15:28:37.267,5.9344,-1.5172,-7.60491,-0.320888,-0.074915,-0.020416,24.607
1772224117268580142,2026-02-27 15:28:37.268,5.99547,-1.55328,-8.14389,-0.323458,-0.07277,-0.015728,24.608000000000004
1772224117269777462,2026-02-27 15:28:37.269,5.98988,-1.51887,-8.30121,-0.325222,-0.07068,-0.013511,24.60900000000001
1772224117270975878,2026-02-27 15:28:37.270,6.01246,-1.50366,-8.34066,-0.326046,-0.067528,-0.013602,24.61
1772224117272175694,2026-02-27 15:28:37.272,6.06968,-1.47439,-8.48821,-0.328376,-0.064738,-0.012722,24.61200000000001
1772224117273361941,2026-02-27 15:28:37.273,6.08851,-1.48858,-8.62381,-0.32816,-0.062004,-0.010502,24.613
1772224117274551838,2026-02-27 15:28:37.274,6.12733,-1.59135,-9.53898,-0.332646,-0.060462,-0.001377,24.614000000000004
1772224117275727777,2026-02-27 15:28:37.275,6.24092,-1.5517,-9.31306,-0.334043,-0.055075,-0.004396,24.61500000000001
1772224117276903374,2026-02-27 15:28:37.276,6.27474,-1.56119,-9.03539,-0.335596,-0.052068,-0.006267,24.616
1772224117278101860,2026-02-27 15:28:37.278,6.2858,-1.59075,-8.95056,-0.33834,-0.048291,-0.006784,24.61800000000001
1772224117279301313,2026-02-27 15:28:37.279,6.35298,-1.5839,-9.03664,-0.339503,-0.045651,-0.005862,24.619
1772224117280488133,2026-02-27 15:28:37.280,6.4138,-1.64462,-9.21816,-0.342144,-0.039369,-0.002761,24.620000000000005
1772224117281635054,2026-02-27 15:28:37.281,6.44199,-1.67039,-8.42971,-0.343646,-0.03681,-0.011184,24.62100000000001
1772224117282836551,2026-02-27 15:28:37.282,6.4643,-1.68744,-8.74232,-0.349012,-0.032961,-0.007063,24.622
1772224117284033723,2026-02-27 15:28:37.284,6.53865,-1.71764,-8.85325,-0.347515,-0.030312,-0.005269,24.62400000000001
1772224117285231079,2026-02-27 15:28:37.285,6.55536,-1.69713,-9.48333,-0.348486,-0.025866,0.00092,24.625
1772224117286404582,2026-02-27 15:28:37.286,6.64234,-1.80119,-9.89203,-0.349821,-0.022345,0.004566,24.626000000000005
1772224117287524390,2026-02-27 15:28:37.287,6.80168,-1.78608,-10.0308,-0.350812,-0.016518,0.007716,24.62700000000001
1772224117288673102,2026-02-27 15:28:37.288,6.75922,-1.83349,-10.1194,-0.35478,-0.012513,0.008591,24.628
1772224117289897455,2026-02-27 15:28:37.289,6.83546,-1.82818,-10.8477,-0.3568,-0.009437,0.017458,24.629000000000005
1772224117291097562,2026-02-27 15:28:37.291,6.87383,-1.82074,-11.1899,-0.356442,-0.006017,0.020198,24.631
1772224117292270882,2026-02-27 15:28:37.292,6.95985,-1.81093,-11.2481,-0.358178,-0.001962,0.020026,24.632000000000005
1772224117293416035,2026-02-27 15:28:37.293,7.02249,-1.8933,-10.637,-0.360434,0.003954,0.017156,24.63300000000001
1772224117294575422,2026-02-27 15:28:37.294,7.02393,-1.91743,-10.6163,-0.358953,0.008274,0.017333,24.634
1772224117295721579,2026-02-27 15:28:37.295,7.06902,-1.96322,-10.7441,-0.363118,0.010313,0.018162,24.635000000000005
1772224117296891374,2026-02-27 15:28:37.296,7.10954,-1.97459,-10.8202,-0.365762,0.013544,0.02055,24.63600000000001
1772224117298061083,2026-02-27 15:28:37.298,7.14404,-1.98202,-10.7255,-0.366683,0.015404,0.018609,24.638000000000005
1772224117299231423,2026-02-27 15:28:37.299,7.15671,-2.01527,-10.0172,-0.367987,0.018648,0.013131,24.63900000000001
1772224117300396129,2026-02-27 15:28:37.300,7.32078,-2.03184,-10.8166,-0.367412,0.024057,0.020849,24.64
1772224117301569301,2026-02-27 15:28:37.301,7.31035,-2.07555,-11.2833,-0.372095,0.025993,0.026641,24.641000000000005
1772224117302716408,2026-02-27 15:28:37.302,7.24323,-2.15543,-11.4209,-0.378952,0.028295,0.028518,24.64200000000001
1772224117303891069,2026-02-27 15:28:37.303,7.45834,-2.13252,-11.5086,-0.375582,0.029183,0.030339,24.643
1772224117305061848,2026-02-27 15:28:37.305,7.41836,-2.13011,-11.575,-0.375308,0.032358,0.031139,24.64500000000001
1772224117306231842,2026-02-27 15:28:37.306,7.50978,-2.21763,-11.6996,-0.380989,0.032884,0.031484,24.646
1772224117307402284,2026-02-27 15:28:37.307,7.61942,-2.24958,-12.4418,-0.383852,0.03645,0.039425,24.647000000000006
1772224117308566152,2026-02-27 15:28:37.308,7.62434,-2.25455,-12.5915,-0.383909,0.038349,0.040589,24.64800000000001
1772224117309707719,2026-02-27 15:28:37.309,7.61977,-2.27385,-12.2047,-0.388801,0.040162,0.037248,24.649
1772224117310908743,2026-02-27 15:28:37.310,7.64616,-2.29119,-12.0303,-0.388179,0.040667,0.035616,24.650000000000006
1772224117312119683,2026-02-27 15:28:37.312,7.64584,-2.30787,-12.0626,-0.393838,0.041002,0.037174,24.652
1772224117313250429,2026-02-27 15:28:37.313,7.62898,-2.39912,-12.1431,-0.397742,0.041867,0.036781,24.653000000000006
1772224117314482978,2026-02-27 15:28:37.314,7.80252,-2.39852,-12.2125,-0.39687,0.040594,0.038604,24.65400000000001
1772224117315625205,2026-02-27 15:28:37.315,7.75157,-2.38963,-11.4351,-0.398288,0.04033,0.031565,24.655
1772224117316779985,2026-02-27 15:28:37.316,7.78332,-2.47281,-11.6306,-0.40439,0.039592,0.033199,24.656000000000006
1772224117317917761,2026-02-27 15:28:37.317,7.79655,-2.47846,-12.1753,-0.406515,0.040395,0.038599,24.65700000000001
1772224117319041383,2026-02-27 15:28:37.319,7.85385,-2.49139,-12.6085,-0.409892,0.039349,0.042537,24.659000000000006
1772224117320161623,2026-02-27 15:28:37.320,7.86214,-2.52844,-12.6727,-0.413074,0.038753,0.042846,24.66000000000001
1772224117321284945,2026-02-27 15:28:37.321,7.88123,-2.52123,-12.6989,-0.415289,0.037735,0.043648,24.661
1772224117322406080,2026-02-27 15:28:37.322,7.89875,-2.56394,-12.7447,-0.416551,0.03739,0.044422,24.662000000000006
1772224117323543638,2026-02-27 15:28:37.323,7.97205,-2.65119,-13.9952,-0.420955,0.038367,0.05507,24.66300000000001
1772224117324668533,2026-02-27 15:28:37.324,7.97205,-2.65119,-13.9952,-0.420955,0.038367,0.05507,24.664
1772224117325841958,2026-02-27 15:28:37.325,8.01589,-2.74753,-13.6564,-0.427956,0.03958,0.052879,24.665000000000006
1772224117327014269,2026-02-27 15:28:37.327,8.02293,-2.78638,-13.3794,-0.432361,0.03936,0.050781,24.667
1772224117328215321,2026-02-27 15:28:37.328,8.05974,-2.83984,-13.2822,-0.436893,0.038164,0.051348,24.668000000000006
1772224117329415500,2026-02-27 15:28:37.329,8.08717,-2.90654,-13.4432,-0.440941,0.039341,0.054095,24.66900000000001
1772224117330592314,2026-02-27 15:28:37.330,8.18731,-3.08415,-13.6433,-0.449538,0.041481,0.056609,24.67
1772224117331737526,2026-02-27 15:28:37.331,8.19331,-3.14763,-12.7613,-0.454903,0.044431,0.049211,24.671000000000006
1772224117332865490,2026-02-27 15:28:37.332,8.26577,-3.23726,-13.303,-0.457516,0.044682,0.054317,24.67200000000001
1772224117333988912,2026-02-27 15:28:37.333,8.29123,-3.33689,-13.3568,-0.461441,0.045993,0.056253,24.673000000000002
1772224117335110985,2026-02-27 15:28:37.335,8.35181,-3.3693,-14.0507,-0.464044,0.046636,0.062802,24.67500000000001
1772224117336233870,2026-02-27 15:28:37.336,8.35348,-3.47248,-14.3809,-0.467765,0.049492,0.0665,24.676000000000002
1772224117337357490,2026-02-27 15:28:37.337,8.37841,-3.5191,-14.3666,-0.472606,0.048605,0.067235,24.677000000000007
1772224117338479643,2026-02-27 15:28:37.338,8.33028,-3.67042,-14.3138,-0.473741,0.046433,0.068285,24.67800000000001
1772224117339602280,2026-02-27 15:28:37.339,8.56781,-3.78239,-15.3307,-0.481563,0.042592,0.07447,24.679000000000002
1772224117340724558,2026-02-27 15:28:37.340,8.59787,-3.75545,-15.716,-0.493689,0.05779,0.077191,24.680000000000007
1772224117341847054,2026-02-27 15:28:37.341,8.61834,-3.83423,-15.6,-0.492619,0.058432,0.081485,24.68100000000001
1772224117342969078,2026-02-27 15:28:37.342,8.52147,-3.9859,-14.8357,-0.493007,0.050731,0.076219,24.682000000000002
1772224117344091187,2026-02-27 15:28:37.344,8.59211,-3.96175,-14.6024,-0.492314,0.050009,0.07186,24.68400000000001
1772224117345213499,2026-02-27 15:28:37.345,8.51011,-4.07627,-14.1031,-0.489574,0.046241,0.070097,24.685000000000002
1772224117346332424,2026-02-27 15:28:37.346,8.48786,-4.21455,-13.7973,-0.488946,0.024427,0.066271,24.686000000000007
1772224117347470629,2026-02-27 15:28:37.347,8.53674,-4.20657,-13.6934,-0.48553,0.010146,0.059541,24.687000000000012
1772224117348590169,2026-02-27 15:28:37.348,8.70097,-4.10499,-11.966,-0.468566,-0.006208,0.042259,24.688000000000002
1772224117349712659,2026-02-27 15:28:37.349,9.1708,-3.74926,-13.495,-0.50311,0.051657,0.049793,24.689000000000007
1772224117350834046,2026-02-27 15:28:37.350,9.05593,-3.60966,-13.9801,-0.497338,0.039572,0.055095,24.690000000000012
1772224117351954685,2026-02-27 15:28:37.351,9.2726,-3.5534,-15.0199,-0.51108,0.075874,0.068763,24.691000000000003
1772224117353075198,2026-02-27 15:28:37.353,8.69386,-3.92264,-13.3835,-0.478711,0.03649,0.066788,24.693000000000012
1772224117354197659,2026-02-27 15:28:37.354,8.9916,-3.87006,-14.0514,-0.487665,0.052034,0.066927,24.694000000000003
1772224117355321158,2026-02-27 15:28:37.355,8.89501,-4.03014,-13.2878,-0.474139,0.050255,0.062713,24.695000000000007
1772224117356444174,2026-02-27 15:28:37.356,9.16055,-3.75535,-15.001,-0.508516,0.055364,0.068233,24.696000000000012
1772224117357590391,2026-02-27 15:28:37.357,9.48716,-3.71339,-15.9885,-0.52036,0.070055,0.083077,24.697000000000003
1772224117358712515,2026-02-27 15:28:37.358,9.56001,-3.91653,-15.835,-0.515486,0.100338,0.095473,24.698000000000008
1772224117359834724,2026-02-27 15:28:37.359,9.15153,-4.12075,-14.4569,-0.510245,0.071924,0.091763,24.699000000000012
1772224117360956996,2026-02-27 15:28:37.360,9.6527,-3.96031,-15.5808,-0.533644,0.124261,0.093944,24.700000000000003
1772224117362079513,2026-02-27 15:28:37.362,8.78119,-4.54515,-12.4095,-0.485495,0.039918,0.080198,24.702000000000012
1772224117363201992,2026-02-27 15:28:37.363,9.32994,-4.09888,-14.5282,-0.524894,0.05053,0.070288,24.703000000000003
1772224117364428560,2026-02-27 15:28:37.364,10.0132,-3.8147,-15.2657,-0.530982,0.093909,0.076987,24.704000000000008
1772224117365571079,2026-02-27 15:28:37.365,9.41322,-4.14974,-13.1235,-0.516276,0.061899,0.08424,24.705000000000013
1772224117366701068,2026-02-27 15:28:37.366,9.39473,-4.30074,-12.2743,-0.497955,0.032916,0.066444,24.706000000000003
1772224117367825504,2026-02-27 15:28:37.367,9.80953,-4.00091,-13.1762,-0.506953,0.036901,0.058577,24.707000000000008
1772224117368996662,2026-02-27 15:28:37.368,9.67155,-4.03126,-13.0628,-0.503482,0.045038,0.063138,24.708000000000013
1772224117370167945,2026-02-27 15:28:37.370,9.821,-3.70229,-13.5349,-0.515026,0.033933,0.059907,24.710000000000008
1772224117371346813,2026-02-27 15:28:37.371,9.94912,-3.57494,-13.2294,-0.514763,0.041023,0.054204,24.711000000000013
1772224117372516546,2026-02-27 15:28:37.372,10.309,-3.28934,-14.4939,-0.530785,0.077312,0.05557,24.712000000000003
1772224117373641234,2026-02-27 15:28:37.373,9.87789,-3.57136,-13.7849,-0.520308,0.07098,0.077512,24.713000000000008
1772224117374763217,2026-02-27 15:28:37.374,9.83687,-3.50195,-14.0031,-0.526305,0.061597,0.066361,24.714
1772224117375889268,2026-02-27 15:28:37.375,9.82018,-3.70152,-13.1857,-0.518429,0.065664,0.063399,24.715000000000003
1772224117377032197,2026-02-27 15:28:37.377,9.83477,-3.58817,-13.4738,-0.550679,0.083206,0.06257,24.717
1772224117378192777,2026-02-27 15:28:37.378,9.89133,-3.64469,-12.9744,-0.528918,0.053988,0.058335,24.718000000000004
1772224117379338544,2026-02-27 15:28:37.379,10.0724,-3.50523,-13.6773,-0.527111,0.057931,0.057472,24.71900000000001
1772224117380514607,2026-02-27 15:28:37.380,10.1063,-3.49961,-13.1603,-0.537599,0.083841,0.062901,24.72
1772224117381636586,2026-02-27 15:28:37.381,9.74655,-3.51309,-11.615,-0.518006,0.038222,0.033645,24.721000000000004
1772224117382761608,2026-02-27 15:28:37.382,10.167,-3.17906,-12.7952,-0.5411,0.062631,0.034011,24.72200000000001
1772224117383908189,2026-02-27 15:28:37.383,9.919,-3.14652,-12.5415,-0.517019,0.016732,0.028666,24.723
1772224117385061041,2026-02-27 15:28:37.385,9.83558,-3.45337,-11.5182,-0.519153,0.042114,0.041074,24.72500000000001
1772224117386214474,2026-02-27 15:28:37.386,10.1216,-3.09168,-13.2504,-0.558553,0.068083,0.040435,24.726
1772224117387397083,2026-02-27 15:28:37.387,10.519,-2.74044,-14.5555,-0.572147,0.09032,0.038423,24.727000000000004
1772224117388561505,2026-02-27 15:28:37.388,10.0084,-3.10792,-12.9632,-0.535579,0.035555,0.040122,24.72800000000001
1772224117389690030,2026-02-27 15:28:37.389,10.4582,-2.90977,-14.5996,-0.562267,0.085812,0.051858,24.729
1772224117390818839,2026-02-27 15:28:37.390,10.2164,-3.22054,-13.6008,-0.536212,0.054325,0.051684,24.730000000000004
1772224117391970315,2026-02-27 15:28:37.391,10.6845,-2.75091,-15.8122,-0.586169,0.08394,0.062208,24.73100000000001
1772224117393125265,2026-02-27 15:28:37.393,11.3007,-2.44493,-17.3012,-0.631981,0.175165,0.089637,24.733000000000004
1772224117394278454,2026-02-27 15:28:37.394,10.7239,-3.07621,-15.9819,-0.621405,0.15695,0.104725,24.73400000000001
1772224117395482872,2026-02-27 15:28:37.395,10.6232,-3.3961,-15.7014,-0.62934,0.154865,0.111035,24.735
1772224117396615361,2026-02-27 15:28:37.396,10.4691,-3.76658,-15.7094,-0.635033,0.151132,0.108289,24.736000000000004
1772224117397764419,2026-02-27 15:28:37.397,10.6999,-4.13527,-15.2079,-0.661512,0.149357,0.108772,24.73700000000001
1772224117398902534,2026-02-27 15:28:37.398,10.7404,-4.18729,-14.8922,-0.677415,0.145556,0.112676,24.738
1772224117400055189,2026-02-27 15:28:37.400,10.8783,-4.22188,-15.3196,-0.686994,0.149636,0.118916,24.74000000000001
1772224117401206796,2026-02-27 15:28:37.401,11.0856,-4.18193,-15.7975,-0.693344,0.154397,0.123906,24.741
1772224117402358014,2026-02-27 15:28:37.402,11.124,-4.14466,-16.3698,-0.69541,0.160652,0.12751,24.742000000000004
1772224117403513183,2026-02-27 15:28:37.403,11.0801,-4.05489,-16.3595,-0.69969,0.16181,0.125561,24.74300000000001
1772224117404637814,2026-02-27 15:28:37.404,11.1037,-4.05319,-16.3661,-0.696369,0.162314,0.123684,24.744
1772224117405765120,2026-02-27 15:28:37.405,11.0926,-4.07489,-16.7889,-0.701784,0.171019,0.125979,24.745000000000005
1772224117406887764,2026-02-27 15:28:37.406,11.1915,-4.21605,-17.7844,-0.711356,0.175101,0.138064,24.74600000000001
1772224117408041499,2026-02-27 15:28:37.408,11.168,-4.31299,-17.5244,-0.718488,0.181426,0.138564,24.748000000000005
1772224117409190992,2026-02-27 15:28:37.409,11.203,-4.40468,-17.4878,-0.726238,0.184699,0.142148,24.74900000000001
1772224117410345635,2026-02-27 15:28:37.410,11.195,-4.52307,-17.1678,-0.735772,0.188059,0.142655,24.75
1772224117411513883,2026-02-27 15:28:37.411,11.1836,-4.65489,-17.0153,-0.74317,0.191191,0.143966,24.751000000000005
1772224117412638585,2026-02-27 15:28:37.412,11.1565,-4.79131,-17.0814,-0.749721,0.193479,0.147544,24.75200000000001
1772224117413766589,2026-02-27 15:28:37.413,11.1433,-4.9574,-17.2174,-0.759714,0.199182,0.152431,24.753
1772224117414896340,2026-02-27 15:28:37.414,11.1063,-5.02939,-16.1864,-0.760947,0.2021,0.144154,24.754000000000005
1772224117416046077,2026-02-27 15:28:37.416,11.0926,-5.11566,-16.3516,-0.762947,0.199456,0.147439,24.756
1772224117417196934,2026-02-27 15:28:37.417,11.0979,-5.12597,-16.4701,-0.766892,0.204135,0.146785,24.757000000000005
1772224117418346062,2026-02-27 15:28:37.418,11.1837,-5.10976,-17.0327,-0.767453,0.206324,0.152158,24.75800000000001
1772224117419510554,2026-02-27 15:28:37.419,11.0275,-5.29672,-16.8068,-0.75732,0.192632,0.151618,24.759
1772224117420634996,2026-02-27 15:28:37.420,10.4563,-5.65043,-14.6664,-0.707474,0.126339,0.134888,24.760000000000005
1772224117421763075,2026-02-27 15:28:37.421,11.1213,-4.91048,-15.1612,-0.697155,0.123214,0.106496,24.76100000000001
1772224117422891013,2026-02-27 15:28:37.422,10.4541,-5.01468,-13.4764,-0.637829,0.030365,0.090302,24.762
1772224117424044745,2026-02-27 15:28:37.424,11.3046,-4.03694,-15.2766,-0.676351,0.086982,0.077453,24.76400000000001
1772224117425197583,2026-02-27 15:28:37.425,11.119,-3.62739,-14.4125,-0.658206,0.070482,0.0571,24.765
1772224117426351319,2026-02-27 15:28:37.426,11.2551,-3.16318,-14.1425,-0.643961,0.049633,0.044152,24.766000000000005
1772224117427543052,2026-02-27 15:28:37.427,11.0826,-3.18462,-12.8292,-0.614952,0.028723,0.036912,24.76700000000001
1772224117428677442,2026-02-27 15:28:37.428,10.9733,-3.03698,-12.7082,-0.594164,0.027408,0.028393,24.768
1772224117429814674,2026-02-27 15:28:37.429,10.9008,-2.89595,-13.1558,-0.629259,0.060897,0.030233,24.769000000000005
1772224117430967448,2026-02-27 15:28:37.430,10.5429,-2.9692,-12.1176,-0.595782,0.014666,0.017197,24.77000000000001
1772224117432183748,2026-02-27 15:28:37.432,10.9745,-2.88659,-12.7265,-0.628972,0.080276,0.033993,24.772000000000006
1772224117433385401,2026-02-27 15:28:37.433,10.7608,-3.0598,-13.0693,-0.647311,0.105753,0.057843,24.77300000000001
1772224117434560367,2026-02-27 15:28:37.434,10.8775,-3.15821,-13.7192,-0.641311,0.119466,0.077576,24.774
1772224117435695322,2026-02-27 15:28:37.435,10.5126,-3.61225,-13.5589,-0.620252,0.091019,0.08682,24.775000000000006
1772224117436830930,2026-02-27 15:28:37.436,10.836,-3.73845,-14.6718,-0.64417,0.117717,0.095519,24.77600000000001
1772224117437972205,2026-02-27 15:28:37.437,10.4708,-4.04212,-13.6826,-0.622489,0.085538,0.096188,24.777
1772224117439189971,2026-02-27 15:28:37.439,10.4725,-4.09227,-13.1921,-0.620088,0.071479,0.086224,24.77900000000001
1772224117440388982,2026-02-27 15:28:37.440,10.7862,-3.8236,-14.6444,-0.636074,0.093705,0.087715,24.78
1772224117441572080,2026-02-27 15:28:37.441,10.7355,-3.69795,-14.0384,-0.61862,0.072382,0.079219,24.781000000000006
1772224117442705215,2026-02-27 15:28:37.442,10.6653,-3.69288,-13.6008,-0.610817,0.061863,0.074484,24.78200000000001
1772224117443880347,2026-02-27 15:28:37.443,10.9789,-3.20197,-13.7049,-0.612136,0.073651,0.053808,24.783
1772224117445024027,2026-02-27 15:28:37.445,11.2448,-2.94337,-15.3139,-0.632269,0.112101,0.067079,24.78500000000001
1772224117446224574,2026-02-27 15:28:37.446,11.1849,-3.02529,-15.5271,-0.639847,0.148177,0.084835,24.786
1772224117447426915,2026-02-27 15:28:37.447,10.9537,-3.35195,-15.7791,-0.651058,0.159294,0.097705,24.787000000000006
1772224117448560461,2026-02-27 15:28:37.448,10.7552,-3.76287,-14.6019,-0.634258,0.142732,0.09521,24.78800000000001
1772224117449693645,2026-02-27 15:28:37.449,10.8655,-3.84075,-15.1677,-0.667692,0.184684,0.100514,24.789
1772224117450844203,2026-02-27 15:28:37.450,10.7836,-4.08663,-15.1477,-0.646308,0.160856,0.104018,24.790000000000006
1772224117451996703,2026-02-27 15:28:37.451,10.9374,-4.15619,-16.5708,-0.681683,0.185613,0.124851,24.79100000000001
1772224117453130400,2026-02-27 15:28:37.453,10.7896,-4.35651,-15.7289,-0.67183,0.175794,0.12372,24.793000000000006
1772224117454330518,2026-02-27 15:28:37.454,11.3774,-3.92504,-17.5373,-0.70259,0.21635,0.133548,24.79400000000001
1772224117455547946,2026-02-27 15:28:37.455,11.1945,-4.03421,-17.3982,-0.692012,0.206437,0.13703,24.795
1772224117456680530,2026-02-27 15:28:37.456,11.7407,-3.62407,-19.6708,-0.735124,0.268611,0.158633,24.796000000000006
1772224117457834432,2026-02-27 15:28:37.457,11.3432,-4.00668,-20.057,-0.720821,0.262288,0.173783,24.79700000000001
1772224117458974640,2026-02-27 15:28:37.458,11.292,-4.3642,-20.2177,-0.733692,0.287425,0.176514,24.798000000000002
1772224117460109960,2026-02-27 15:28:37.460,11.4287,-4.61575,-20.0941,-0.760891,0.313096,0.188655,24.80000000000001
1772224117461308443,2026-02-27 15:28:37.461,11.3785,-4.78268,-20.3275,-0.770656,0.31197,0.192548,24.801000000000002
1772224117462520638,2026-02-27 15:28:37.462,11.3534,-5.18273,-19.6909,-0.771211,0.311254,0.201237,24.802000000000007
1772224117463655156,2026-02-27 15:28:37.463,11.1816,-5.44115,-19.5331,-0.784009,0.295345,0.200396,24.80300000000001
1772224117464820280,2026-02-27 15:28:37.464,11.1433,-5.81608,-18.3174,-0.764727,0.280286,0.195745,24.804000000000002
1772224117465971855,2026-02-27 15:28:37.465,11.6544,-5.28295,-18.5619,-0.788615,0.298482,0.183732,24.805000000000007
1772224117467115462,2026-02-27 15:28:37.467,11.8067,-4.93769,-19.2571,-0.80655,0.309484,0.186968,24.807000000000002
1772224117468312583,2026-02-27 15:28:37.468,11.6913,-4.91551,-19.3256,-0.787233,0.297537,0.19165,24.808000000000007
1772224117469525666,2026-02-27 15:28:37.469,11.7521,-4.76589,-19.6991,-0.777667,0.296341,0.187011,24.80900000000001
1772224117470666364,2026-02-27 15:28:37.470,11.2484,-5.11545,-18.3076,-0.743944,0.245864,0.169257,24.810000000000002
1772224117471848928,2026-02-27 15:28:37.471,11.1762,-5.12824,-17.2122,-0.71329,0.211152,0.145212,24.811000000000007
1772224117473004279,2026-02-27 15:28:37.473,12.1038,-3.93051,-20.8081,-0.796262,0.31058,0.172811,24.813000000000002
1772224117474323270,2026-02-27 15:28:37.474,11.6443,-4.32491,-19.1649,-0.748142,0.26582,0.180353,24.814000000000007
1772224117475534144,2026-02-27 15:28:37.475,12.1456,-3.97761,-20.5561,-0.776612,0.295032,0.185078,24.815000000000012
1772224117476645879,2026-02-27 15:28:37.476,12.671,-3.46617,-22.8161,-0.853692,0.385172,0.209898,24.816000000000003
1772224117477852082,2026-02-27 15:28:37.477,12.0333,-4.18684,-21.535,-0.833789,0.362195,0.22479,24.817000000000007
1772224117479010010,2026-02-27 15:28:37.479,11.5508,-5.38234,-20.5066,-0.834293,0.337155,0.224488,24.819000000000003
1772224117480151022,2026-02-27 15:28:37.480,11.5299,-5.71496,-20.4626,-0.857332,0.343946,0.222904,24.820000000000007
1772224117481348158,2026-02-27 15:28:37.481,11.724,-5.89009,-19.9648,-0.87115,0.349876,0.22473,24.821000000000012
1772224117482565370,2026-02-27 15:28:37.482,11.854,-5.91092,-19.6943,-0.886999,0.356806,0.229911,24.822000000000003
1772224117483699317,2026-02-27 15:28:37.483,12.0563,-5.90043,-20.1777,-0.898482,0.361515,0.238622,24.823000000000008
1772224117484893862,2026-02-27 15:28:37.484,12.1238,-5.84131,-20.4904,-0.904886,0.363462,0.242765,24.824000000000012
1772224117486028801,2026-02-27 15:28:37.486,12.1732,-5.67838,-21.2266,-0.900824,0.358545,0.237026,24.826000000000008
1772224117487163123,2026-02-27 15:28:37.487,12.1491,-5.70847,-21.2675,-0.902952,0.35374,0.230406,24.827000000000012
1772224117488363157,2026-02-27 15:28:37.488,12.139,-5.68314,-21.2701,-0.899195,0.351633,0.227758,24.828000000000003
1772224117489571096,2026-02-27 15:28:37.489,12.1458,-5.70237,-21.2925,-0.902249,0.350683,0.227895,24.829000000000008
1772224117490724669,2026-02-27 15:28:37.490,12.2583,-5.79339,-22.1277,-0.909149,0.348696,0.237245,24.830000000000013
1772224117491893221,2026-02-27 15:28:37.491,12.3235,-5.8164,-21.7022,-0.914299,0.347888,0.234344,24.831000000000003
1772224117493033814,2026-02-27 15:28:37.493,12.2654,-5.99493,-21.2069,-0.926571,0.343696,0.232435,24.833000000000013
1772224117494173642,2026-02-27 15:28:37.494,12.2324,-5.97312,-20.8948,-0.928688,0.341108,0.231137,24.834000000000003
1772224117495376618,2026-02-27 15:28:37.495,12.1827,-6.05886,-20.8834,-0.933592,0.340127,0.232105,24.835000000000008
1772224117496567174,2026-02-27 15:28:37.496,12.1316,-6.09538,-20.8272,-0.93749,0.339967,0.232493,24.836000000000013
1772224117497703726,2026-02-27 15:28:37.497,12.0941,-6.12339,-20.7637,-0.940643,0.339699,0.231831,24.837000000000003
1772224117498882876,2026-02-27 15:28:37.498,12.1304,-6.11548,-19.791,-0.937346,0.338637,0.223465,24.838000000000008
1772224117500069165,2026-02-27 15:28:37.500,12.0611,-6.13814,-19.7612,-0.940185,0.336108,0.221565,24.840000000000003
1772224117501215115,2026-02-27 15:28:37.501,12.0896,-6.11672,-20.2145,-0.938182,0.334793,0.225644,24.841000000000008
1772224117502415897,2026-02-27 15:28:37.502,12.0545,-6.1593,-20.5748,-0.940241,0.333745,0.22755,24.842
1772224117503567559,2026-02-27 15:28:37.503,12.1241,-6.16406,-20.5032,-0.939823,0.331481,0.226095,24.843000000000004
1772224117504699575,2026-02-27 15:28:37.504,12.1233,-6.16311,-20.4384,-0.940127,0.330912,0.225493,24.84400000000001
1772224117505878624,2026-02-27 15:28:37.505,12.1486,-6.13026,-20.4421,-0.936903,0.332031,0.223196,24.845
1772224117507066481,2026-02-27 15:28:37.507,12.1685,-6.12213,-21.2767,-0.945832,0.333237,0.232135,24.84700000000001
1772224117508219940,2026-02-27 15:28:37.508,12.2462,-6.12091,-21.1191,-0.941429,0.334637,0.230328,24.848
1772224117509418320,2026-02-27 15:28:37.509,12.324,-6.08739,-20.6898,-0.944533,0.335496,0.227043,24.849000000000004
1772224117510554051,2026-02-27 15:28:37.510,12.3021,-6.11249,-20.3506,-0.94854,0.337216,0.22477,24.85000000000001
1772224117511689039,2026-02-27 15:28:37.511,12.3592,-6.11796,-20.1843,-0.952989,0.339968,0.224264,24.851
1772224117512868693,2026-02-27 15:28:37.512,12.3679,-6.12556,-20.2168,-0.955646,0.341894,0.226075,24.852000000000004
1772224117514048044,2026-02-27 15:28:37.514,12.4997,-6.14913,-20.1252,-0.963372,0.349938,0.227891,24.854
1772224117515200251,2026-02-27 15:28:37.515,12.4693,-6.15954,-19.3324,-0.964879,0.354486,0.221833,24.855000000000004
1772224117516342792,2026-02-27 15:28:37.516,12.5447,-6.20697,-19.723,-0.967464,0.358023,0.225713,24.85600000000001
1772224117517558415,2026-02-27 15:28:37.517,12.5958,-6.20725,-19.7839,-0.969053,0.360972,0.22899,24.857
1772224117518697699,2026-02-27 15:28:37.518,12.6589,-6.17966,-20.1433,-0.973427,0.363809,0.234191,24.858000000000004
1772224117519895513,2026-02-27 15:28:37.519,12.5788,-6.18754,-20.4633,-0.978202,0.368015,0.236029,24.85900000000001
1772224117521074776,2026-02-27 15:28:37.521,12.6521,-6.16811,-20.3352,-0.978285,0.370764,0.238588,24.861000000000004
1772224117522221832,2026-02-27 15:28:37.522,12.704,-6.1978,-20.3321,-0.975814,0.370268,0.23839,24.86200000000001
1772224117523359680,2026-02-27 15:28:37.523,12.5816,-6.27766,-20.9665,-0.975473,0.363434,0.244583,24.863
1772224117524560369,2026-02-27 15:28:37.524,12.4396,-6.45493,-19.8182,-0.949138,0.334661,0.234221,24.864000000000004
1772224117525717689,2026-02-27 15:28:37.525,12.1376,-6.56473,-18.6443,-0.901089,0.289634,0.213806,24.86500000000001
1772224117526922500,2026-02-27 15:28:37.526,12.0573,-6.43358,-17.4083,-0.881408,0.261073,0.1896,24.866
1772224117528088948,2026-02-27 15:28:37.528,12.2444,-5.60977,-16.263,-0.843656,0.233497,0.171701,24.86800000000001
1772224117529235972,2026-02-27 15:28:37.529,12.046,-5.33264,-15.4783,-0.807164,0.179128,0.150908,24.869
1772224117530383016,2026-02-27 15:28:37.530,13.2033,-3.85269,-19.114,-0.916363,0.317814,0.166051,24.870000000000005
1772224117531549963,2026-02-27 15:28:37.531,12.6952,-3.74873,-17.6566,-0.893754,0.299514,0.157268,24.87100000000001
1772224117532681594,2026-02-27 15:28:37.532,12.7235,-3.84625,-17.494,-0.888051,0.300133,0.170428,24.872
1772224117533830623,2026-02-27 15:28:37.533,12.3543,-4.37588,-17.0778,-0.875576,0.278525,0.180774,24.873000000000005
1772224117535007802,2026-02-27 15:28:37.535,12.2228,-4.73209,-17.0747,-0.855603,0.269509,0.183986,24.875
1772224117536164288,2026-02-27 15:28:37.536,12.4421,-4.81496,-19.0589,-0.919474,0.325587,0.228176,24.876000000000005
1772224117537295558,2026-02-27 15:28:37.537,12.3728,-4.91162,-19.2954,-0.926581,0.330595,0.239129,24.87700000000001
1772224117538481304,2026-02-27 15:28:37.538,12.3575,-5.02241,-19.699,-0.941851,0.335254,0.250426,24.878
1772224117539610970,2026-02-27 15:28:37.539,12.1355,-5.45792,-19.0279,-0.927296,0.323564,0.250523,24.879000000000005
1772224117540742357,2026-02-27 15:28:37.540,12.0349,-5.80242,-19.362,-0.919867,0.316855,0.251745,24.88000000000001
1772224117541902117,2026-02-27 15:28:37.541,12.0011,-5.75116,-18.863,-0.912856,0.303848,0.237458,24.881
1772224117543092096,2026-02-27 15:28:37.543,11.7192,-5.81612,-16.9914,-0.877459,0.260725,0.20305,24.88300000000001
1772224117544236144,2026-02-27 15:28:37.544,11.7549,-5.4546,-15.8738,-0.823612,0.188878,0.166531,24.884
1772224117545406995,2026-02-27 15:28:37.545,12.2358,-4.60988,-17.0955,-0.797098,0.172331,0.159159,24.885000000000005
1772224117546544965,2026-02-27 15:28:37.546,12.0941,-4.27964,-17.6003,-0.826866,0.185177,0.159822,24.88600000000001
1772224117547677310,2026-02-27 15:28:37.547,12.2301,-4.09145,-16.9735,-0.809488,0.214619,0.156486,24.887
1772224117548826614,2026-02-27 15:28:37.548,12.548,-3.45385,-17.439,-0.876787,0.283851,0.161427,24.888000000000005
1772224117550018232,2026-02-27 15:28:37.550,11.8734,-3.96027,-16.3378,-0.811601,0.232372,0.161501,24.89
1772224117551165307,2026-02-27 15:28:37.551,12.0389,-4.26847,-18.018,-0.843053,0.24892,0.196997,24.891000000000005
1772224117552299613,2026-02-27 15:28:37.552,10.991,-5.61819,-14.4588,-0.71893,0.134176,0.173445,24.89200000000001
1772224117553485864,2026-02-27 15:28:37.553,10.9113,-5.85395,-13.5654,-0.701856,0.076941,0.163534,24.893
1772224117554619263,2026-02-27 15:28:37.554,11.5669,-4.98573,-15.6248,-0.786896,0.142137,0.175335,24.894000000000005
1772224117555766373,2026-02-27 15:28:37.555,11.7904,-4.13549,-16.8957,-0.822873,0.187233,0.176321,24.89500000000001
1772224117556938272,2026-02-27 15:28:37.556,13.8863,-1.33519,-25.2544,-1.03746,0.428044,0.269468,24.896
1772224117558133117,2026-02-27 15:28:37.558,12.4409,-4.39282,-21.0447,-0.949143,0.386239,0.327667,24.89800000000001
1772224117559284468,2026-02-27 15:28:37.559,11.3476,-5.32611,-20.3306,-0.946035,0.341958,0.285329,24.899
1772224117560475312,2026-02-27 15:28:37.560,11.0751,-5.91877,-20.0785,-0.971004,0.351318,0.269684,24.900000000000006
1772224117561609131,2026-02-27 15:28:37.561,11.1274,-6.38462,-19.7333,-0.998855,0.37552,0.285091,24.90100000000001
1772224117562757653,2026-02-27 15:28:37.562,11.3418,-6.6035,-19.9879,-1.03018,0.384925,0.304844,24.902
