abs_timestamp_ns,human_time,fx,fy,fz,tx,ty,tz,mocap_ref_time
1772223608560479501,2026-02-27 15:20:08.560,0.786845,0.657718,0.987783,0.049961,0.009039,0.076551,5.442000000000007
1772223608561613144,2026-02-27 15:20:08.561,0.755226,0.693109,0.945183,0.051121,0.009106,0.076801,5.443000000000012
1772223608562780750,2026-02-27 15:20:08.562,0.744921,0.67734,1.82134,0.050252,0.009247,0.070426,5.444000000000003
1772223608563916397,2026-02-27 15:20:08.563,0.726251,0.705077,1.76037,0.052353,0.009375,0.070461,5.445000000000007
1772223608565116771,2026-02-27 15:20:08.565,0.75116,0.727039,1.31711,0.050122,0.009168,0.075937,5.447000000000003
1772223608566312576,2026-02-27 15:20:08.566,0.724634,0.712071,0.93327,0.050854,0.008795,0.07853,5.4480000000000075
1772223608567523959,2026-02-27 15:20:08.567,0.767436,0.722025,0.867647,0.051285,0.007922,0.079352,5.449000000000012
1772223608568663120,2026-02-27 15:20:08.568,0.672196,0.740652,1.00334,0.048047,0.010254,0.080029,5.450000000000003
1772223608569809098,2026-02-27 15:20:08.569,0.794109,0.775236,0.628217,0.052549,0.008009,0.085026,5.451000000000008
1772223608570945233,2026-02-27 15:20:08.570,0.745643,0.75658,0.044514,0.051537,0.008444,0.090033,5.452000000000012
1772223608572116102,2026-02-27 15:20:08.572,0.716702,0.788385,0.40345,0.049203,0.008337,0.087868,5.454000000000008
1772223608573298112,2026-02-27 15:20:08.573,0.764204,0.776609,0.65971,0.05185,0.007861,0.08633,5.4550000000000125
1772223608574486048,2026-02-27 15:20:08.574,0.770772,0.80577,0.96458,0.05312,0.00682,0.083349,5.456000000000003
1772223608575620072,2026-02-27 15:20:08.575,0.796983,0.773431,1.17366,0.052653,0.00637,0.082574,5.457000000000008
1772223608576788005,2026-02-27 15:20:08.576,0.79289,0.843531,1.19086,0.053772,0.005711,0.083084,5.458000000000013
1772223608577923518,2026-02-27 15:20:08.577,0.776458,0.853312,1.20943,0.054139,0.005642,0.083332,5.459000000000003
1772223608579121833,2026-02-27 15:20:08.579,0.707103,0.805906,2.29255,0.052069,0.004434,0.073024,5.461000000000013
1772223608580318724,2026-02-27 15:20:08.580,0.745212,0.852591,1.73516,0.057816,0.005109,0.077743,5.462000000000003
1772223608581530800,2026-02-27 15:20:08.581,0.733498,0.826595,1.87635,0.055041,0.004445,0.077765,5.463000000000008
1772223608582664116,2026-02-27 15:20:08.582,0.737049,0.861663,1.29129,0.050902,0.004103,0.082932,5.463999999999999
1772223608583832479,2026-02-27 15:20:08.583,0.787475,0.867968,1.13433,0.054203,0.003293,0.085464,5.465000000000003
1772223608584970537,2026-02-27 15:20:08.584,0.81368,0.8372,1.13638,0.055003,0.002454,0.085249,5.466000000000008
1772223608586172328,2026-02-27 15:20:08.586,0.748367,0.841879,1.14105,0.052031,0.002443,0.084162,5.4680000000000035
1772223608587369444,2026-02-27 15:20:08.587,0.812152,0.844312,0.199772,0.054121,0.002255,0.094548,5.469000000000008
1772223608588551389,2026-02-27 15:20:08.588,0.785169,0.8084,0.350881,0.05258,0.002799,0.093091,5.469999999999999
1772223608589686911,2026-02-27 15:20:08.589,0.837121,0.861219,0.340449,0.05596,0.002602,0.091877,5.471000000000004
1772223608590848636,2026-02-27 15:20:08.590,0.789805,0.867367,1.21496,0.052263,0.002552,0.085478,5.472000000000008
1772223608591984120,2026-02-27 15:20:08.591,0.736295,0.830511,1.24367,0.050659,0.003305,0.083964,5.472999999999999
1772223608593182514,2026-02-27 15:20:08.593,-0.606999,0.956296,-0.210715,-0.031384,-0.339851,0.088478,5.4750000000000085
1772223608594380960,2026-02-27 15:20:08.594,0.528547,0.415775,0.705956,0.032882,-0.141519,0.095177,5.475999999999999
1772223608595560654,2026-02-27 15:20:08.595,-0.094994,0.449268,0.859425,0.000882,-0.220899,0.077998,5.477000000000004
1772223608596698656,2026-02-27 15:20:08.596,0.351951,0.19044,1.83553,0.054814,-0.095915,0.073769,5.478000000000009
1772223608597866010,2026-02-27 15:20:08.597,0.165443,0.208287,0.920013,0.027683,-0.120113,0.080222,5.478999999999999
1772223608599001298,2026-02-27 15:20:08.599,0.102691,0.186573,0.225479,0.018653,-0.143899,0.088573,5.481000000000009
1772223608600199351,2026-02-27 15:20:08.600,0.253667,0.125466,-0.084231,0.026857,-0.127622,0.093765,5.481999999999999
1772223608601396132,2026-02-27 15:20:08.601,0.21179,0.132158,-0.282735,0.02187,-0.136925,0.095426,5.483000000000004
1772223608602570468,2026-02-27 15:20:08.602,0.273185,0.109616,-0.375296,0.022426,-0.134337,0.097437,5.484000000000009
1772223608603704902,2026-02-27 15:20:08.603,0.315704,0.20587,-0.589239,0.023411,-0.136599,0.099111,5.484999999999999
1772223608604870938,2026-02-27 15:20:08.604,0.341932,0.196608,-1.3033,0.02188,-0.137809,0.105518,5.486000000000004
1772223608606006425,2026-02-27 15:20:08.606,0.322025,0.190347,-1.46623,0.020166,-0.136644,0.105383,5.4879999999999995
1772223608607198883,2026-02-27 15:20:08.607,0.354953,0.271435,-1.01916,0.021201,-0.138573,0.102501,5.489000000000004
1772223608608396230,2026-02-27 15:20:08.608,0.328006,0.27012,-0.886053,0.019574,-0.138928,0.100638,5.490000000000009
1772223608609562074,2026-02-27 15:20:08.609,0.321069,0.242157,-1.01274,0.017069,-0.13941,0.101153,5.491
1772223608610690170,2026-02-27 15:20:08.610,0.341633,0.263784,-1.01029,0.020496,-0.139623,0.101015,5.492000000000004
1772223608611872527,2026-02-27 15:20:08.611,0.332434,0.238063,-1.03172,0.017698,-0.14105,0.100958,5.493000000000009
1772223608613028915,2026-02-27 15:20:08.613,0.346681,0.275118,-0.353314,0.020779,-0.140898,0.09393,5.4950000000000045
1772223608614222768,2026-02-27 15:20:08.614,0.309817,0.327011,-0.373155,0.024983,-0.138744,0.094025,5.496000000000009
1772223608615421518,2026-02-27 15:20:08.615,0.305394,0.330924,-0.951399,0.024858,-0.137467,0.098388,5.497
1772223608616567334,2026-02-27 15:20:08.616,0.328089,0.383342,-1.25428,0.03004,-0.135539,0.10152,5.498000000000005
1772223608617833868,2026-02-27 15:20:08.617,0.342209,0.403261,-1.25263,0.032164,-0.132216,0.101519,5.499000000000009
1772223608619002869,2026-02-27 15:20:08.619,0.279168,0.462275,-1.26984,0.038031,-0.124726,0.101375,5.501000000000005
1772223608620146377,2026-02-27 15:20:08.620,0.320966,0.517998,-1.8734,0.044492,-0.120238,0.107097,5.5020000000000095
1772223608621349562,2026-02-27 15:20:08.621,0.310273,0.570605,-2.1948,0.046717,-0.116637,0.109725,5.503
1772223608622565470,2026-02-27 15:20:08.622,0.252474,0.563541,-1.97935,0.047311,-0.112438,0.1079,5.504000000000005
1772223608623693469,2026-02-27 15:20:08.623,0.276072,0.657202,-1.67223,0.051028,-0.107811,0.104912,5.50500000000001
1772223608624855101,2026-02-27 15:20:08.624,0.22159,0.682493,-1.37097,0.055113,-0.104464,0.102595,5.506
1772223608626026760,2026-02-27 15:20:08.626,0.244955,0.789448,-1.24413,0.06114,-0.096589,0.102505,5.50800000000001
1772223608627219065,2026-02-27 15:20:08.627,0.222638,0.814435,-1.2833,0.066158,-0.093261,0.102565,5.509
1772223608628416208,2026-02-27 15:20:08.628,0.224507,0.843301,-1.05306,0.064794,-0.091878,0.10159,5.510000000000005
1772223608629562687,2026-02-27 15:20:08.629,0.161577,0.905381,-0.152538,0.068298,-0.089823,0.094723,5.51100000000001
1772223608630686422,2026-02-27 15:20:08.630,0.141733,1.00084,-0.569314,0.073021,-0.088254,0.099545,5.5120000000000005
1772223608631869100,2026-02-27 15:20:08.631,0.111926,0.984166,-0.575154,0.073176,-0.087491,0.100396,5.513000000000005
1772223608633038142,2026-02-27 15:20:08.633,0.148955,1.08607,-1.19498,0.077612,-0.089165,0.108323,5.515000000000001
1772223608634233843,2026-02-27 15:20:08.634,0.069331,1.10065,-1.11703,0.07857,-0.089944,0.108665,5.516000000000005
1772223608635434014,2026-02-27 15:20:08.635,0.13682,1.1314,-1.0999,0.079515,-0.092333,0.109349,5.51700000000001
1772223608636569714,2026-02-27 15:20:08.636,0.130461,1.1865,-1.08805,0.081163,-0.093012,0.110715,5.518000000000001
1772223608637700322,2026-02-27 15:20:08.637,0.212977,1.21151,-2.17116,0.083091,-0.093084,0.121019,5.5190000000000055
1772223608638881479,2026-02-27 15:20:08.638,0.181054,1.25831,-1.9718,0.084743,-0.09055,0.118607,5.52000000000001
1772223608640050464,2026-02-27 15:20:08.640,0.137865,1.37088,-1.58156,0.091022,-0.093934,0.118236,5.522000000000006
1772223608641193148,2026-02-27 15:20:08.641,0.13176,1.445,-1.4394,0.090884,-0.096856,0.118185,5.52300000000001
1772223608642391860,2026-02-27 15:20:08.642,0.133295,1.48245,-1.4479,0.09403,-0.099773,0.119591,5.524000000000001
1772223608643561409,2026-02-27 15:20:08.643,0.066028,1.52679,-1.50438,0.09548,-0.102315,0.121827,5.525000000000006
1772223608644702015,2026-02-27 15:20:08.644,0.041502,1.61393,-1.59117,0.09795,-0.105893,0.122587,5.5260000000000105
1772223608645901725,2026-02-27 15:20:08.645,0.010621,1.59775,-0.896936,0.099607,-0.107955,0.115995,5.527000000000001
1772223608647073442,2026-02-27 15:20:08.647,0.009684,1.67595,-1.06247,0.102636,-0.114024,0.119519,5.529000000000011
1772223608648220558,2026-02-27 15:20:08.648,-0.067922,1.75984,-1.60881,0.106174,-0.114881,0.125162,5.530000000000001
1772223608649421892,2026-02-27 15:20:08.649,-0.088836,1.7658,-2.05211,0.107637,-0.119493,0.130586,5.531000000000006
1772223608650560002,2026-02-27 15:20:08.650,-0.181545,1.87923,-2.18788,0.11275,-0.124521,0.132517,5.532000000000011
1772223608651704944,2026-02-27 15:20:08.651,-0.233101,1.91403,-2.17773,0.11353,-0.127183,0.133909,5.533000000000001
1772223608652906388,2026-02-27 15:20:08.652,-0.298006,1.89246,-2.3493,0.114521,-0.130973,0.134985,5.534000000000006
1772223608654076570,2026-02-27 15:20:08.654,-0.385422,1.99461,-3.44981,0.120879,-0.137293,0.147527,5.536000000000001
1772223608655212858,2026-02-27 15:20:08.655,-0.405151,1.9956,-3.14745,0.124162,-0.142276,0.144858,5.537000000000006
1772223608656414235,2026-02-27 15:20:08.656,-0.415268,2.05736,-3.21756,0.126474,-0.145613,0.146239,5.538000000000011
1772223608657565242,2026-02-27 15:20:08.657,-0.519143,2.12221,-2.77822,0.127494,-0.149451,0.144092,5.5390000000000015
1772223608658696426,2026-02-27 15:20:08.658,-0.589056,2.16919,-2.73739,0.129326,-0.15334,0.143849,5.540000000000006
1772223608659882240,2026-02-27 15:20:08.659,-0.585167,2.22579,-2.87692,0.136776,-0.158074,0.146805,5.541000000000011
1772223608661056573,2026-02-27 15:20:08.661,-0.693794,2.2141,-3.01069,0.136794,-0.162467,0.148134,5.543000000000006
1772223608662193345,2026-02-27 15:20:08.662,-0.772381,2.28351,-2.23595,0.142203,-0.169537,0.141601,5.544000000000011
1772223608663394046,2026-02-27 15:20:08.663,-0.853541,2.33887,-2.80563,0.14617,-0.171958,0.147677,5.545000000000002
1772223608664551461,2026-02-27 15:20:08.664,-0.881406,2.44632,-2.89136,0.149421,-0.176653,0.14827,5.5460000000000065
1772223608665681532,2026-02-27 15:20:08.665,-0.9704,2.45969,-3.54493,0.15014,-0.181093,0.154457,5.547000000000011
1772223608666871457,2026-02-27 15:20:08.666,-0.994405,2.48452,-3.81663,0.151446,-0.186632,0.158502,5.548000000000002
1772223608668049569,2026-02-27 15:20:08.668,-1.10795,2.54223,-3.9246,0.153573,-0.191134,0.159078,5.550000000000011
1772223608669190922,2026-02-27 15:20:08.669,-1.19902,2.59246,-4.16399,0.157248,-0.198715,0.161138,5.551000000000002
1772223608670388249,2026-02-27 15:20:08.670,-1.25407,2.64689,-5.22112,0.161468,-0.198003,0.170306,5.552000000000007
1772223608671561566,2026-02-27 15:20:08.671,-1.20024,2.67545,-5.33588,0.166212,-0.203839,0.17255,5.5530000000000115
1772223608672721106,2026-02-27 15:20:08.672,-1.2077,2.7446,-5.46352,0.170871,-0.20206,0.173661,5.554000000000002
1772223608673918219,2026-02-27 15:20:08.673,-1.29012,2.75858,-5.21047,0.172526,-0.202098,0.172182,5.555000000000007
1772223608675093792,2026-02-27 15:20:08.675,-1.33545,2.78854,-5.04775,0.175924,-0.204527,0.172208,5.557000000000002
1772223608676237813,2026-02-27 15:20:08.676,-1.3987,2.88227,-5.30909,0.182873,-0.207531,0.174904,5.558000000000007
1772223608677434148,2026-02-27 15:20:08.677,-1.46102,2.92077,-5.58103,0.191422,-0.207606,0.176273,5.559000000000012
1772223608678591252,2026-02-27 15:20:08.678,-1.4487,2.9463,-5.4587,0.192327,-0.208084,0.173169,5.560000000000002
1772223608679737997,2026-02-27 15:20:08.679,-1.53746,2.99875,-5.01257,0.194607,-0.209787,0.17015,5.561000000000007
1772223608680920962,2026-02-27 15:20:08.680,-1.54034,3.08959,-5.54798,0.203514,-0.211331,0.174602,5.562000000000012
1772223608682090549,2026-02-27 15:20:08.682,-1.65547,3.14346,-6.32536,0.206008,-0.220344,0.184067,5.564000000000007
1772223608683225548,2026-02-27 15:20:08.683,-1.67615,3.14386,-6.58056,0.208501,-0.222531,0.185732,5.565000000000012
1772223608684422987,2026-02-27 15:20:08.684,-1.76106,3.19851,-6.74775,0.212599,-0.224991,0.186268,5.5660000000000025
1772223608685561650,2026-02-27 15:20:08.685,-1.75992,3.21673,-6.8539,0.217886,-0.225873,0.187197,5.567000000000007
1772223608686689584,2026-02-27 15:20:08.686,-1.88296,3.24775,-6.94659,0.217208,-0.231038,0.188364,5.568000000000012
1772223608687867483,2026-02-27 15:20:08.687,-1.93215,3.27925,-8.01596,0.219589,-0.238986,0.199095,5.569000000000003
1772223608689031632,2026-02-27 15:20:08.689,-1.95499,3.25658,-7.77165,0.22208,-0.238197,0.196067,5.571000000000012
1772223608690177509,2026-02-27 15:20:08.690,-2.01993,3.30006,-7.65111,0.227839,-0.242254,0.193172,5.572000000000003
1772223608691311872,2026-02-27 15:20:08.691,-2.0438,3.36949,-7.45527,0.228322,-0.246618,0.191057,5.5730000000000075
1772223608692522529,2026-02-27 15:20:08.692,-2.23385,3.40561,-7.38926,0.223705,-0.251581,0.192481,5.574000000000012
1772223608693653219,2026-02-27 15:20:08.693,-2.24816,3.46116,-7.25185,0.223062,-0.260791,0.192933,5.575000000000003
1772223608694778953,2026-02-27 15:20:08.694,-2.32074,3.51079,-7.42977,0.227805,-0.264903,0.191996,5.576000000000008
1772223608695987139,2026-02-27 15:20:08.695,-2.29102,3.45629,-6.78313,0.225098,-0.265611,0.183289,5.577000000000012
1772223608697159934,2026-02-27 15:20:08.697,-2.36629,3.4771,-7.09356,0.225096,-0.260382,0.183948,5.579000000000008
1772223608698296137,2026-02-27 15:20:08.698,-2.59378,3.61423,-6.76406,0.215097,-0.294728,0.190619,5.5800000000000125
1772223608699509607,2026-02-27 15:20:08.699,-2.89915,3.65343,-6.31577,0.204808,-0.31275,0.191757,5.581000000000003
1772223608700640536,2026-02-27 15:20:08.700,-3.0752,3.61784,-5.79688,0.185595,-0.322574,0.185247,5.582000000000008
1772223608701815864,2026-02-27 15:20:08.701,-3.19603,3.48912,-5.13044,0.175566,-0.336303,0.17856,5.583000000000013
1772223608703025599,2026-02-27 15:20:08.703,-3.26549,3.3153,-4.89827,0.177272,-0.33866,0.174004,5.585000000000008
1772223608704191957,2026-02-27 15:20:08.704,-3.18997,3.1682,-6.32306,0.171179,-0.331967,0.183333,5.586000000000013
1772223608705325443,2026-02-27 15:20:08.705,-3.15549,3.26994,-6.00129,0.165557,-0.326181,0.180779,5.587000000000003
1772223608706547986,2026-02-27 15:20:08.706,-3.0993,3.34108,-6.17553,0.172233,-0.327982,0.182993,5.588000000000008
1772223608707679704,2026-02-27 15:20:08.707,-3.08398,3.62606,-5.66586,0.164581,-0.325948,0.18259,5.588999999999999
1772223608708853725,2026-02-27 15:20:08.708,-3.21152,3.73693,-5.75281,0.162532,-0.32746,0.182868,5.590000000000003
1772223608710060424,2026-02-27 15:20:08.710,-3.33013,3.83988,-4.8208,0.159576,-0.340485,0.182785,5.591999999999999
1772223608711225440,2026-02-27 15:20:08.711,-3.18881,3.52856,-6.65854,0.17829,-0.317736,0.179223,5.5930000000000035
1772223608712361901,2026-02-27 15:20:08.712,-2.62342,3.4218,-8.77261,0.208644,-0.265599,0.170698,5.594000000000008
1772223608713567260,2026-02-27 15:20:08.713,-2.31552,3.73987,-10.2552,0.238541,-0.247804,0.185618,5.594999999999999
1772223608714697759,2026-02-27 15:20:08.714,-2.32069,4.22031,-10.4539,0.247473,-0.241059,0.201239,5.596000000000004
1772223608715876045,2026-02-27 15:20:08.715,-2.40647,4.4671,-11.1995,0.256127,-0.244578,0.218974,5.597000000000008
1772223608717045777,2026-02-27 15:20:08.717,-2.47705,4.63659,-11.9943,0.279666,-0.248186,0.226264,5.599000000000004
1772223608718218529,2026-02-27 15:20:08.718,-2.59245,4.68586,-12.3766,0.29986,-0.256239,0.226048,5.6000000000000085
1772223608719361783,2026-02-27 15:20:08.719,-2.92842,4.66436,-12.6925,0.330244,-0.274622,0.224616,5.600999999999999
1772223608720561967,2026-02-27 15:20:08.720,-3.04992,4.52714,-13.7089,0.335264,-0.286241,0.2333,5.602000000000004
1772223608721737542,2026-02-27 15:20:08.721,-3.23408,4.49838,-13.5969,0.343877,-0.29481,0.23141,5.603000000000009
1772223608722936790,2026-02-27 15:20:08.722,-3.3402,4.43822,-13.5139,0.345885,-0.301884,0.230777,5.603999999999999
1772223608724138901,2026-02-27 15:20:08.724,-3.38569,4.40415,-13.0325,0.346678,-0.307652,0.225385,5.606000000000009
1772223608725306505,2026-02-27 15:20:08.725,-3.23275,4.37809,-13.3739,0.360366,-0.293794,0.226243,5.606999999999999
1772223608726483239,2026-02-27 15:20:08.726,-3.17085,4.43302,-13.5398,0.36306,-0.287102,0.230374,5.608000000000004
1772223608727758074,2026-02-27 15:20:08.727,-3.1275,4.48359,-13.7494,0.366977,-0.28108,0.234953,5.609000000000009
1772223608728959060,2026-02-27 15:20:08.728,-3.12019,4.54717,-13.0981,0.364314,-0.284117,0.231701,5.609999999999999
1772223608730145968,2026-02-27 15:20:08.730,-3.12805,4.63657,-12.8001,0.363969,-0.285672,0.232789,5.612000000000009
1772223608731314856,2026-02-27 15:20:08.731,-3.25376,4.72554,-13.3337,0.353803,-0.29346,0.238499,5.6129999999999995
1772223608732503074,2026-02-27 15:20:08.732,-3.23902,4.61248,-13.8656,0.347694,-0.299641,0.241518,5.614000000000004
1772223608733636831,2026-02-27 15:20:08.733,-3.20336,4.6176,-14.3466,0.347101,-0.294053,0.240498,5.615000000000009
1772223608734818134,2026-02-27 15:20:08.734,-3.32597,4.66937,-14.1704,0.33687,-0.303176,0.240402,5.616
1772223608736016471,2026-02-27 15:20:08.736,-3.21088,4.69454,-14.5005,0.332311,-0.297845,0.241275,5.618000000000009
1772223608737196799,2026-02-27 15:20:08.737,-3.16962,4.77011,-14.794,0.330563,-0.296972,0.242576,5.619
1772223608738348685,2026-02-27 15:20:08.738,-3.13619,4.86679,-15.6963,0.330403,-0.293468,0.24996,5.6200000000000045
1772223608739571993,2026-02-27 15:20:08.739,-3.14425,4.93533,-15.8572,0.325014,-0.291589,0.249345,5.621000000000009
1772223608740703159,2026-02-27 15:20:08.740,-3.13041,5.09189,-15.3169,0.327518,-0.291966,0.247856,5.622
1772223608741879558,2026-02-27 15:20:08.741,-3.17648,5.17071,-15.2091,0.327044,-0.293618,0.246718,5.623000000000005
1772223608743095930,2026-02-27 15:20:08.743,-3.16753,5.21189,-15.3507,0.32636,-0.291083,0.246606,5.625
1772223608744268735,2026-02-27 15:20:08.744,-3.19055,5.27801,-15.3851,0.329378,-0.292811,0.245657,5.626000000000005
1772223608745406763,2026-02-27 15:20:08.745,-3.28466,5.40709,-14.3485,0.327836,-0.290874,0.236253,5.6270000000000095
1772223608746533912,2026-02-27 15:20:08.746,-3.29477,5.45243,-14.5969,0.325434,-0.293693,0.239769,5.628
1772223608747665382,2026-02-27 15:20:08.747,-3.34494,5.54632,-14.6001,0.328603,-0.292114,0.240317,5.629000000000005
1772223608748840649,2026-02-27 15:20:08.748,-3.38444,5.58089,-14.7792,0.323133,-0.298303,0.245364,5.63000000000001
1772223608750042318,2026-02-27 15:20:08.750,-3.44072,5.61046,-15.0123,0.325159,-0.295185,0.246775,5.632000000000005
1772223608751224202,2026-02-27 15:20:08.751,-3.43888,5.59992,-15.1719,0.329318,-0.288594,0.246669,5.63300000000001
1772223608752384778,2026-02-27 15:20:08.752,-3.43789,5.69417,-15.1305,0.330641,-0.285422,0.246723,5.634
1772223608753541742,2026-02-27 15:20:08.753,-3.52035,5.79335,-15.7701,0.332306,-0.28308,0.254161,5.635000000000005
1772223608754676378,2026-02-27 15:20:08.754,-3.50153,5.85466,-15.8799,0.335302,-0.286257,0.255515,5.63600000000001
1772223608755853795,2026-02-27 15:20:08.755,-3.58321,5.83619,-15.5853,0.335765,-0.287285,0.253816,5.6370000000000005
1772223608757052063,2026-02-27 15:20:08.757,-3.57684,5.79832,-15.2326,0.33692,-0.288245,0.249753,5.63900000000001
1772223608758234625,2026-02-27 15:20:08.758,-3.65192,5.79179,-14.93,0.341064,-0.288833,0.247065,5.640000000000001
1772223608759396677,2026-02-27 15:20:08.759,-3.69812,5.83756,-14.7008,0.344918,-0.290676,0.246283,5.641000000000005
1772223608760568523,2026-02-27 15:20:08.760,-3.7646,5.88084,-14.5828,0.345115,-0.2936,0.246671,5.64200000000001
1772223608761700022,2026-02-27 15:20:08.761,-3.84932,5.86558,-14.3045,0.346571,-0.295586,0.244361,5.643000000000001
1772223608762873417,2026-02-27 15:20:08.762,-3.88635,5.86921,-13.4869,0.349675,-0.29763,0.237669,5.6440000000000055
1772223608764058798,2026-02-27 15:20:08.764,-3.87988,5.88921,-13.7975,0.352298,-0.300744,0.241664,5.646000000000001
1772223608765230179,2026-02-27 15:20:08.765,-3.96878,5.89533,-13.8223,0.356728,-0.302898,0.242257,5.647000000000006
1772223608766394669,2026-02-27 15:20:08.766,-4.06643,5.94951,-14.3601,0.358685,-0.308986,0.24944,5.64800000000001
1772223608767568743,2026-02-27 15:20:08.767,-4.12448,5.9401,-14.297,0.361124,-0.313265,0.248977,5.649000000000001
1772223608768747637,2026-02-27 15:20:08.768,-4.12565,5.97943,-14.2608,0.364942,-0.316568,0.249789,5.650000000000006
1772223608769946124,2026-02-27 15:20:08.769,-4.20863,6.00257,-14.2249,0.365277,-0.321509,0.250163,5.6510000000000105
1772223608771154454,2026-02-27 15:20:08.771,-4.2606,6.02716,-15.3106,0.366339,-0.324034,0.260348,5.653000000000006
1772223608772329272,2026-02-27 15:20:08.772,-4.39563,5.99488,-14.8272,0.366978,-0.328759,0.257554,5.654000000000011
1772223608773492476,2026-02-27 15:20:08.773,-4.47241,6.01553,-14.2194,0.371322,-0.336247,0.254729,5.655000000000001
1772223608774626438,2026-02-27 15:20:08.774,-4.61214,6.0025,-13.984,0.370422,-0.340252,0.25241,5.656000000000006
1772223608775777762,2026-02-27 15:20:08.775,-4.60036,6.05226,-13.9855,0.374976,-0.344418,0.252801,5.657000000000011
1772223608776979894,2026-02-27 15:20:08.776,-4.69782,6.03231,-14.0074,0.376293,-0.348191,0.252704,5.658000000000001
1772223608778188015,2026-02-27 15:20:08.778,-4.72439,6.05346,-13.9896,0.378652,-0.35168,0.253055,5.660000000000011
1772223608779357247,2026-02-27 15:20:08.779,-4.79579,6.06368,-13.1314,0.376557,-0.356008,0.245906,5.661000000000001
1772223608780505366,2026-02-27 15:20:08.780,-4.92693,6.0691,-13.1459,0.376983,-0.363117,0.247586,5.662000000000006
1772223608781637439,2026-02-27 15:20:08.781,-5.01218,6.10957,-13.7353,0.377274,-0.365234,0.25335,5.663000000000011
1772223608782816877,2026-02-27 15:20:08.782,-5.06189,6.09463,-14.1589,0.380554,-0.367425,0.255802,5.6640000000000015
1772223608784014385,2026-02-27 15:20:08.784,-5.0985,6.10589,-14.2823,0.382161,-0.371201,0.255851,5.666000000000011
1772223608785219758,2026-02-27 15:20:08.785,-5.17795,6.08994,-14.2644,0.382568,-0.373735,0.255944,5.667000000000002
1772223608786385317,2026-02-27 15:20:08.786,-5.21536,6.12673,-14.6348,0.377429,-0.382033,0.259001,5.668000000000006
1772223608787493852,2026-02-27 15:20:08.787,-5.22137,6.05648,-15.4282,0.376386,-0.385221,0.264962,5.669000000000011
1772223608788624189,2026-02-27 15:20:08.788,-5.29283,6.13104,-15.2785,0.370064,-0.386155,0.260096,5.670000000000002
1772223608789824498,2026-02-27 15:20:08.789,-5.32078,6.10405,-15.1365,0.376973,-0.390434,0.260384,5.6710000000000065
1772223608791022696,2026-02-27 15:20:08.791,-5.33086,6.12623,-14.8493,0.373633,-0.391616,0.256663,5.673000000000002
1772223608792230029,2026-02-27 15:20:08.792,-5.46573,6.02242,-14.8003,0.368201,-0.392194,0.254683,5.674000000000007
1772223608793401205,2026-02-27 15:20:08.793,-5.42298,6.05035,-14.9621,0.369399,-0.393815,0.254634,5.675000000000011
1772223608794573485,2026-02-27 15:20:08.794,-5.46186,6.12186,-15.0565,0.369193,-0.393016,0.253345,5.676000000000002
1772223608795751730,2026-02-27 15:20:08.795,-5.49852,6.06973,-14.2059,0.362876,-0.392204,0.244264,5.677000000000007
1772223608796953567,2026-02-27 15:20:08.796,-5.48169,6.09649,-14.8347,0.366192,-0.392289,0.247197,5.6780000000000115
1772223608798151218,2026-02-27 15:20:08.798,-5.53304,6.07545,-14.874,0.364026,-0.3915,0.246709,5.680000000000007
1772223608799337339,2026-02-27 15:20:08.799,-5.58003,6.12229,-15.5808,0.358259,-0.390817,0.25158,5.681000000000012
1772223608800504697,2026-02-27 15:20:08.800,-5.57935,6.16914,-15.9152,0.356255,-0.388147,0.252834,5.682000000000002
1772223608801637279,2026-02-27 15:20:08.801,-5.56189,6.18919,-15.9548,0.356749,-0.386139,0.252794,5.683000000000007
1772223608802813340,2026-02-27 15:20:08.802,-5.55124,6.29446,-16.1111,0.356524,-0.382757,0.25185,5.684000000000012
1772223608803992547,2026-02-27 15:20:08.803,-5.51145,6.29382,-17.0004,0.356642,-0.383112,0.260315,5.685000000000002
1772223608805184994,2026-02-27 15:20:08.805,-5.50977,6.37195,-17.0698,0.358833,-0.380558,0.258617,5.687000000000012
1772223608806366606,2026-02-27 15:20:08.806,-5.4428,6.36452,-17.0119,0.355642,-0.379821,0.25917,5.688000000000002
1772223608807498392,2026-02-27 15:20:08.807,-5.56955,6.44334,-16.4975,0.360424,-0.374189,0.252109,5.689000000000007
1772223608808630599,2026-02-27 15:20:08.808,-5.5697,6.40768,-16.5086,0.35047,-0.373194,0.250152,5.690000000000012
1772223608809829796,2026-02-27 15:20:08.809,-5.53545,6.46933,-16.6053,0.356138,-0.371957,0.249786,5.6910000000000025
1772223608811030298,2026-02-27 15:20:08.811,-5.52982,6.48063,-16.6525,0.354912,-0.370402,0.250782,5.693000000000012
1772223608812232834,2026-02-27 15:20:08.812,-5.56782,6.53228,-16.2788,0.357282,-0.369397,0.246587,5.694000000000003
1772223608813408733,2026-02-27 15:20:08.813,-5.55492,6.57166,-15.79,0.355424,-0.369252,0.243412,5.695000000000007
1772223608814576487,2026-02-27 15:20:08.814,-5.49664,6.5696,-16.488,0.355992,-0.366141,0.247657,5.696000000000012
1772223608815746660,2026-02-27 15:20:08.815,-5.50976,6.57964,-17.1335,0.3536,-0.365292,0.252805,5.697000000000003
1772223608816947772,2026-02-27 15:20:08.816,-5.54992,6.60062,-17.3311,0.34946,-0.363479,0.251548,5.6980000000000075
1772223608818146603,2026-02-27 15:20:08.818,-5.57626,6.58349,-17.3431,0.353167,-0.363418,0.253546,5.700000000000003
1772223608819350320,2026-02-27 15:20:08.819,-5.54536,6.61276,-17.3393,0.353755,-0.361885,0.253109,5.701000000000008
1772223608820503510,2026-02-27 15:20:08.820,-5.55413,6.65373,-18.5459,0.353706,-0.358892,0.263319,5.702000000000012
1772223608821635943,2026-02-27 15:20:08.821,-5.58503,6.61793,-18.1953,0.353203,-0.357803,0.259425,5.703000000000003
1772223608822810994,2026-02-27 15:20:08.822,-5.54992,6.62916,-18.2784,0.352348,-0.35666,0.259757,5.704000000000008
1772223608824013589,2026-02-27 15:20:08.824,-5.58751,6.64656,-17.8261,0.35384,-0.355316,0.255991,5.706000000000003
1772223608825212210,2026-02-27 15:20:08.825,-5.58576,6.70826,-17.6903,0.354004,-0.353527,0.253939,5.707000000000008
1772223608826386513,2026-02-27 15:20:08.826,-5.58416,6.75583,-17.836,0.355284,-0.352134,0.254531,5.708000000000013
1772223608827569667,2026-02-27 15:20:08.827,-5.57598,6.78081,-17.9466,0.354147,-0.349417,0.255909,5.709000000000003
1772223608828741334,2026-02-27 15:20:08.828,-5.56801,6.75412,-17.0929,0.35294,-0.34961,0.246727,5.710000000000008
1772223608829941028,2026-02-27 15:20:08.829,-5.65698,6.77199,-17.2718,0.354499,-0.347993,0.249047,5.711000000000013
1772223608831141129,2026-02-27 15:20:08.831,-5.61227,6.81157,-17.3706,0.355805,-0.347318,0.248792,5.713000000000008
1772223608832345669,2026-02-27 15:20:08.832,-5.65155,6.85487,-18.0244,0.35715,-0.346905,0.255335,5.713999999999999
1772223608833537330,2026-02-27 15:20:08.833,-5.60661,6.83192,-18.3485,0.357935,-0.34782,0.258352,5.715000000000003
1772223608834759154,2026-02-27 15:20:08.834,-5.62873,6.89638,-18.4273,0.361256,-0.348599,0.25801,5.716000000000008
1772223608835893512,2026-02-27 15:20:08.835,-5.68832,6.84962,-18.4086,0.360517,-0.349567,0.258028,5.716999999999999
1772223608837099109,2026-02-27 15:20:08.837,-5.7317,6.8953,-19.0336,0.363516,-0.349365,0.263346,5.719000000000008
1772223608838276572,2026-02-27 15:20:08.838,-5.77259,6.90664,-19.4872,0.364051,-0.350151,0.267207,5.719999999999999
1772223608839581476,2026-02-27 15:20:08.839,-5.77712,6.92672,-18.9684,0.367562,-0.352564,0.262704,5.721000000000004
1772223608840756419,2026-02-27 15:20:08.840,-5.76179,6.96392,-18.7604,0.373449,-0.351088,0.2593,5.722000000000008
1772223608841959585,2026-02-27 15:20:08.841,-5.80869,6.94239,-18.6643,0.372906,-0.351739,0.260007,5.722999999999999
1772223608843130181,2026-02-27 15:20:08.843,-5.78764,6.9841,-18.7508,0.375461,-0.353996,0.260912,5.7250000000000085
1772223608844305926,2026-02-27 15:20:08.844,-5.82424,6.97656,-18.7778,0.376622,-0.356458,0.261829,5.725999999999999
1772223608845492763,2026-02-27 15:20:08.845,-5.87633,7.00841,-18.645,0.378425,-0.357827,0.260086,5.727000000000004
1772223608846643115,2026-02-27 15:20:08.846,-5.92887,6.99118,-18.4472,0.37958,-0.359839,0.257706,5.728000000000009
1772223608847788065,2026-02-27 15:20:08.847,-5.89358,7.02309,-18.5356,0.382736,-0.36108,0.259021,5.728999999999999
1772223608848937044,2026-02-27 15:20:08.848,-5.8924,6.96213,-19.1425,0.384081,-0.362672,0.264685,5.730000000000004
1772223608850135367,2026-02-27 15:20:08.850,-5.9115,6.97466,-19.3955,0.387325,-0.36257,0.266125,5.731999999999999
1772223608851305893,2026-02-27 15:20:08.851,-5.97054,6.95894,-19.479,0.388088,-0.361985,0.266325,5.733000000000004
1772223608852509929,2026-02-27 15:20:08.852,-6.00585,6.96731,-19.509,0.388706,-0.364414,0.267664,5.734000000000009
1772223608853647556,2026-02-27 15:20:08.853,-5.97981,6.99182,-20.6299,0.390225,-0.364253,0.277326,5.734999999999999
1772223608854803395,2026-02-27 15:20:08.854,-5.96154,6.99833,-20.3936,0.392626,-0.365437,0.275595,5.736000000000004
1772223608855983796,2026-02-27 15:20:08.855,-6.01985,6.98402,-20.5061,0.392399,-0.365781,0.277054,5.737000000000009
1772223608857161525,2026-02-27 15:20:08.857,-6.01192,6.99122,-20.0392,0.393921,-0.364789,0.271134,5.739000000000004
1772223608858346569,2026-02-27 15:20:08.858,-6.03021,7.03333,-19.9078,0.395202,-0.364068,0.269761,5.740000000000009
1772223608859501565,2026-02-27 15:20:08.859,-6.02438,7.04393,-19.9913,0.394626,-0.362146,0.270104,5.741
1772223608860633023,2026-02-27 15:20:08.860,-6.02136,7.07854,-20.0196,0.398084,-0.363741,0.271483,5.742000000000004
1772223608861817150,2026-02-27 15:20:08.861,-6.09231,7.04815,-19.4699,0.400869,-0.362476,0.265228,5.743000000000009
1772223608862995294,2026-02-27 15:20:08.862,-6.15057,7.06529,-19.1864,0.398021,-0.362942,0.265161,5.744
1772223608864173520,2026-02-27 15:20:08.864,-6.11592,7.11076,-19.4778,0.398982,-0.361571,0.266286,5.746000000000009
1772223608865354823,2026-02-27 15:20:08.865,-6.0393,7.10437,-19.9059,0.399254,-0.363428,0.269667,5.747
1772223608866633910,2026-02-27 15:20:08.866,-6.0167,7.09143,-20.4154,0.400053,-0.361835,0.272991,5.748000000000005
1772223608867863874,2026-02-27 15:20:08.867,-6.00207,7.08272,-20.5636,0.401279,-0.361202,0.27398,5.749000000000009
1772223608869043470,2026-02-27 15:20:08.869,-6.03348,7.08365,-20.6246,0.402856,-0.360433,0.273986,5.751000000000005
1772223608870226709,2026-02-27 15:20:08.870,-6.02695,7.10981,-20.8446,0.40299,-0.357338,0.276609,5.7520000000000095
1772223608871418118,2026-02-27 15:20:08.871,-5.99141,7.06043,-21.8182,0.405672,-0.356459,0.285679,5.753
1772223608872625417,2026-02-27 15:20:08.872,-6.0013,7.12744,-21.5419,0.40462,-0.354564,0.280698,5.754000000000005
1772223608873759572,2026-02-27 15:20:08.873,-5.96523,7.06938,-21.0731,0.410881,-0.35363,0.278031,5.75500000000001
1772223608874942000,2026-02-27 15:20:08.874,-5.96952,7.10229,-20.9844,0.413085,-0.352086,0.277055,5.756
1772223608876121815,2026-02-27 15:20:08.876,-5.93828,7.05252,-21.1341,0.412745,-0.352746,0.278212,5.75800000000001
1772223608877300828,2026-02-27 15:20:08.877,-5.93722,7.03364,-21.216,0.413582,-0.351453,0.278367,5.759
1772223608878450133,2026-02-27 15:20:08.878,-5.86496,7.05683,-21.295,0.415466,-0.35064,0.278323,5.760000000000005
1772223608879627445,2026-02-27 15:20:08.879,-5.95665,6.97248,-20.7708,0.41459,-0.349587,0.272603,5.76100000000001
1772223608880783372,2026-02-27 15:20:08.880,-5.88147,7.0096,-20.9295,0.41657,-0.347997,0.272297,5.7620000000000005
1772223608881968863,2026-02-27 15:20:08.881,-5.87388,6.97541,-21.5375,0.416493,-0.347825,0.278129,5.763000000000005
1772223608883162737,2026-02-27 15:20:08.883,-5.85268,6.96376,-21.8768,0.416364,-0.347178,0.280261,5.765000000000001
1772223608884333260,2026-02-27 15:20:08.884,-5.82165,6.9279,-21.9149,0.416489,-0.3465,0.279981,5.766000000000005
1772223608885501628,2026-02-27 15:20:08.885,-5.84945,6.94087,-22.0106,0.418169,-0.344202,0.279098,5.76700000000001
1772223608886660432,2026-02-27 15:20:08.886,-5.85239,6.95918,-23.0059,0.410283,-0.341098,0.284543,5.768000000000001
1772223608887815826,2026-02-27 15:20:08.887,-5.74509,6.93083,-23.1797,0.415058,-0.341073,0.28682,5.7690000000000055
1772223608888989009,2026-02-27 15:20:08.888,-5.75426,6.8987,-23.0859,0.413902,-0.338929,0.284881,5.77000000000001
1772223608890168187,2026-02-27 15:20:08.890,-5.73011,6.86781,-22.7549,0.413825,-0.340353,0.280994,5.772000000000006
1772223608891346939,2026-02-27 15:20:08.891,-5.7354,6.86126,-22.6329,0.413212,-0.334953,0.277977,5.77300000000001
1772223608892509689,2026-02-27 15:20:08.892,-5.66442,6.86295,-22.7236,0.417898,-0.330599,0.276852,5.774000000000001
1772223608893665427,2026-02-27 15:20:08.893,-5.63591,6.84325,-22.9286,0.41551,-0.328246,0.277054,5.775000000000006
1772223608894796625,2026-02-27 15:20:08.894,-5.63815,6.87524,-22.7467,0.41645,-0.327465,0.274191,5.7760000000000105
1772223608895945323,2026-02-27 15:20:08.895,-5.60288,6.8816,-22.0921,0.417722,-0.326116,0.267707,5.777000000000001
1772223608897117305,2026-02-27 15:20:08.897,-5.62189,6.94523,-22.5535,0.411219,-0.326585,0.269291,5.779000000000011
1772223608898288065,2026-02-27 15:20:08.898,-5.6051,6.93592,-22.7563,0.416947,-0.325702,0.272689,5.780000000000001
1772223608899479705,2026-02-27 15:20:08.899,-5.56151,6.8608,-23.3696,0.416031,-0.323916,0.276297,5.781000000000006
1772223608900639446,2026-02-27 15:20:08.900,-5.50977,6.91029,-23.633,0.417072,-0.321134,0.276343,5.782000000000011
1772223608901774273,2026-02-27 15:20:08.901,-5.47766,6.90272,-23.6715,0.41838,-0.317573,0.276274,5.783000000000001
1772223608902923306,2026-02-27 15:20:08.902,-5.49549,6.91215,-23.7928,0.415487,-0.316754,0.275936,5.784000000000006
1772223608904094596,2026-02-27 15:20:08.904,-5.44305,6.97054,-24.9386,0.418565,-0.316002,0.286466,5.786000000000001
1772223608905267358,2026-02-27 15:20:08.905,-5.48288,6.98773,-24.7476,0.418405,-0.313216,0.282073,5.787000000000006
1772223608906440433,2026-02-27 15:20:08.906,-5.45552,6.97278,-24.7686,0.418983,-0.313836,0.282273,5.788000000000011
1772223608907624870,2026-02-27 15:20:08.907,-5.4085,6.99263,-24.0916,0.420038,-0.315043,0.275408,5.7890000000000015
1772223608908757991,2026-02-27 15:20:08.908,-5.44927,6.94489,-24.1331,0.420629,-0.311572,0.275557,5.790000000000006
1772223608909916475,2026-02-27 15:20:08.909,-5.48853,6.99962,-24.0828,0.419359,-0.310979,0.273892,5.791000000000011
1772223608911115091,2026-02-27 15:20:08.911,-5.47787,7.05491,-23.906,0.415193,-0.318933,0.274473,5.793000000000006
1772223608912312763,2026-02-27 15:20:08.912,-5.4745,7.02868,-23.0069,0.416276,-0.31782,0.264706,5.794000000000011
1772223608913531302,2026-02-27 15:20:08.913,-5.47288,7.07448,-23.0938,0.412729,-0.316112,0.262233,5.795000000000002
1772223608914692786,2026-02-27 15:20:08.914,-5.28372,7.06298,-24.0773,0.422188,-0.301704,0.267753,5.7960000000000065
1772223608915842476,2026-02-27 15:20:08.915,-5.31359,7.13046,-24.5538,0.420211,-0.299909,0.271962,5.797000000000011
1772223608917013567,2026-02-27 15:20:08.917,-5.28652,7.24247,-24.8571,0.420676,-0.295866,0.27179,5.799000000000007
1772223608918184573,2026-02-27 15:20:08.918,-5.28556,7.24652,-24.8046,0.429116,-0.298416,0.27353,5.800000000000011
1772223608919384628,2026-02-27 15:20:08.919,-5.30257,7.263,-24.9916,0.43499,-0.301862,0.274261,5.801000000000002
1772223608920539368,2026-02-27 15:20:08.920,-5.37481,7.28096,-25.3473,0.439085,-0.305787,0.278746,5.802000000000007
1772223608921708927,2026-02-27 15:20:08.921,-5.50717,7.27381,-25.6815,0.446799,-0.313645,0.282971,5.8030000000000115
1772223608922841658,2026-02-27 15:20:08.922,-5.60801,7.25444,-25.5528,0.448807,-0.31705,0.281686,5.804000000000002
1772223608923967779,2026-02-27 15:20:08.923,-5.61637,7.2821,-25.1745,0.458129,-0.321871,0.28026,5.805000000000007
1772223608925127195,2026-02-27 15:20:08.925,-5.64976,7.30441,-24.9853,0.462807,-0.324055,0.279458,5.807000000000002
1772223608926327601,2026-02-27 15:20:08.926,-5.76697,7.26263,-25.1515,0.46165,-0.327439,0.279437,5.808000000000007
1772223608927563341,2026-02-27 15:20:08.927,-5.78486,7.3082,-25.1873,0.462911,-0.328611,0.278642,5.809000000000012
1772223608928717453,2026-02-27 15:20:08.928,-5.8425,7.31313,-24.1081,0.469251,-0.334852,0.27245,5.810000000000002
1772223608929870623,2026-02-27 15:20:08.929,-5.8853,7.39459,-24.5612,0.469938,-0.337243,0.276164,5.811000000000007
1772223608931072232,2026-02-27 15:20:08.931,-5.9052,7.41126,-24.5842,0.470324,-0.340342,0.27644,5.813000000000002
1772223608932269041,2026-02-27 15:20:08.932,-5.90066,7.43283,-25.2605,0.465767,-0.343186,0.279868,5.814000000000007
1772223608933481035,2026-02-27 15:20:08.933,-5.92983,7.51793,-25.5495,0.462365,-0.343468,0.280132,5.815000000000012
1772223608934643618,2026-02-27 15:20:08.934,-5.92036,7.58955,-25.4857,0.4661,-0.350446,0.279743,5.8160000000000025
1772223608935777341,2026-02-27 15:20:08.935,-6.00531,7.65821,-25.459,0.464189,-0.352164,0.278334,5.817000000000007
1772223608936953240,2026-02-27 15:20:08.936,-5.94076,7.63047,-26.3267,0.464476,-0.355246,0.286613,5.818000000000012
1772223608938146213,2026-02-27 15:20:08.938,-5.97574,7.67432,-26.3585,0.465046,-0.359734,0.28501,5.820000000000007
1772223608939346136,2026-02-27 15:20:08.939,-6.04858,7.77013,-26.356,0.463974,-0.3619,0.284261,5.821000000000012
1772223608940562453,2026-02-27 15:20:08.940,-6.09191,7.74876,-25.8445,0.464199,-0.36573,0.280559,5.822000000000003
1772223608941726909,2026-02-27 15:20:08.941,-6.20357,7.8343,-25.7405,0.460785,-0.368925,0.276432,5.8230000000000075
1772223608942902644,2026-02-27 15:20:08.942,-6.20501,7.83798,-25.7209,0.460153,-0.370812,0.27646,5.824000000000012
1772223608944099997,2026-02-27 15:20:08.944,-6.21594,7.86528,-25.7647,0.463219,-0.373265,0.276985,5.826000000000008
1772223608945298111,2026-02-27 15:20:08.945,-6.22077,7.91649,-25.2209,0.462099,-0.374539,0.271544,5.827000000000012
1772223608946509726,2026-02-27 15:20:08.946,-6.26445,7.95682,-24.8675,0.460481,-0.374931,0.267059,5.828000000000003
1772223608947663599,2026-02-27 15:20:08.947,-6.32811,7.96684,-25.108,0.456153,-0.377941,0.269059,5.829000000000008
1772223608948800556,2026-02-27 15:20:08.948,-6.3329,8.00541,-25.5009,0.453282,-0.388257,0.275795,5.8300000000000125
1772223608949999236,2026-02-27 15:20:08.949,-6.32627,7.93804,-25.4385,0.448937,-0.390603,0.275306,5.831000000000003
1772223608951294727,2026-02-27 15:20:08.951,-6.28824,7.97474,-25.5199,0.444433,-0.386269,0.27211,5.833000000000013
1772223608952501945,2026-02-27 15:20:08.952,-6.3057,7.9499,-25.3763,0.439074,-0.385665,0.271637,5.834000000000003
1772223608953640563,2026-02-27 15:20:08.953,-6.21352,8.04264,-25.9811,0.439508,-0.371721,0.271316,5.835000000000008
1772223608954789425,2026-02-27 15:20:08.954,-6.16947,8.19294,-26.3226,0.438511,-0.376323,0.276786,5.836000000000013
1772223608955923685,2026-02-27 15:20:08.955,-6.2364,8.19185,-25.933,0.429031,-0.383876,0.275457,5.837000000000003
1772223608957122053,2026-02-27 15:20:08.957,-6.33563,8.16629,-25.5527,0.419754,-0.385677,0.269348,5.838999999999999
1772223608958320030,2026-02-27 15:20:08.958,-6.11943,8.03478,-25.9245,0.432829,-0.370893,0.268787,5.840000000000003
1772223608959536780,2026-02-27 15:20:08.959,-6.01853,8.16569,-26.229,0.43484,-0.363944,0.269212,5.841000000000008
1772223608960695029,2026-02-27 15:20:08.960,-6.02644,8.28245,-26.2171,0.433685,-0.360978,0.2705,5.841999999999999
1772223608961829986,2026-02-27 15:20:08.961,-6.29827,8.31628,-24.6678,0.42699,-0.382206,0.259103,5.8430000000000035
1772223608963026846,2026-02-27 15:20:08.963,-6.3179,8.18455,-25.0187,0.429216,-0.385362,0.259797,5.844999999999999
1772223608964227771,2026-02-27 15:20:08.964,-6.11699,8.0706,-25.6519,0.447897,-0.364613,0.259139,5.846000000000004
1772223608965425831,2026-02-27 15:20:08.965,-6.17211,8.2626,-26.0882,0.445703,-0.368763,0.266313,5.847000000000008
1772223608966578137,2026-02-27 15:20:08.966,-6.13593,8.28128,-26.3698,0.447693,-0.371311,0.272207,5.847999999999999
1772223608967744346,2026-02-27 15:20:08.967,-6.3361,8.35282,-26.2573,0.443379,-0.374627,0.269605,5.849000000000004
1772223608968876979,2026-02-27 15:20:08.968,-6.36728,8.15765,-25.9031,0.45043,-0.388018,0.268351,5.8500000000000085
1772223608970058975,2026-02-27 15:20:08.970,-6.31094,8.20916,-26.6935,0.457211,-0.374988,0.274907,5.852000000000004
1772223608971262567,2026-02-27 15:20:08.971,-6.31445,8.1856,-27.0507,0.457877,-0.378229,0.279674,5.853000000000009
1772223608972486044,2026-02-27 15:20:08.972,-6.27725,8.22585,-27.0022,0.462138,-0.375492,0.278896,5.853999999999999
1772223608973621604,2026-02-27 15:20:08.973,-6.26486,8.40841,-26.9682,0.462548,-0.370127,0.273809,5.855000000000004
1772223608974794526,2026-02-27 15:20:08.974,-6.25819,8.46441,-26.6511,0.465629,-0.366763,0.272316,5.856000000000009
1772223608975930796,2026-02-27 15:20:08.975,-6.25482,8.49352,-27.0504,0.474884,-0.364264,0.271626,5.856999999999999
1772223608977127924,2026-02-27 15:20:08.977,-6.36415,8.51521,-27.025,0.479364,-0.368554,0.273795,5.859000000000009
1772223608978325446,2026-02-27 15:20:08.978,-6.41001,8.58169,-26.9819,0.483317,-0.372648,0.273384,5.859999999999999
1772223608979534308,2026-02-27 15:20:08.979,-6.54903,8.56754,-25.9455,0.481611,-0.378862,0.266822,5.861000000000004
1772223608980671348,2026-02-27 15:20:08.980,-6.54251,8.54275,-26.2288,0.482306,-0.385645,0.269541,5.862000000000009
1772223608981838946,2026-02-27 15:20:08.981,-6.6143,8.51229,-26.3363,0.477672,-0.39174,0.272918,5.8629999999999995
1772223608982975870,2026-02-27 15:20:08.982,-6.69933,8.49306,-26.1384,0.46928,-0.401497,0.272821,5.864000000000004
1772223608984175079,2026-02-27 15:20:08.984,-6.75006,8.47335,-25.6475,0.461358,-0.403305,0.271903,5.866
1772223608985372652,2026-02-27 15:20:08.985,-7.09289,8.61704,-24.0351,0.426835,-0.446267,0.270423,5.867000000000004
1772223608986561148,2026-02-27 15:20:08.986,-6.97255,8.38182,-23.5749,0.421032,-0.427457,0.269222,5.868000000000009
1772223608987702246,2026-02-27 15:20:08.987,-6.34647,8.09561,-26.3449,0.449904,-0.374749,0.27725,5.869
1772223608988862276,2026-02-27 15:20:08.988,-6.14727,8.61346,-26.493,0.437567,-0.354253,0.281686,5.8700000000000045
1772223608989999037,2026-02-27 15:20:08.989,-6.08493,8.71855,-26.4803,0.440749,-0.349835,0.277016,5.871000000000009
1772223608991198007,2026-02-27 15:20:08.991,-6.00813,8.83797,-27.1916,0.46059,-0.325724,0.272429,5.873000000000005
1772223608992396318,2026-02-27 15:20:08.992,-6.0742,8.87693,-27.4443,0.4652,-0.335642,0.273448,5.874000000000009
1772223608993569538,2026-02-27 15:20:08.993,-6.25088,8.85307,-27.7189,0.464975,-0.349132,0.274008,5.875
1772223608994707711,2026-02-27 15:20:08.994,-6.27301,8.85412,-27.8217,0.478169,-0.362192,0.274437,5.876000000000005
1772223608995873414,2026-02-27 15:20:08.995,-6.55761,8.6752,-26.859,0.497736,-0.377423,0.27033,5.8770000000000095
1772223608997010549,2026-02-27 15:20:08.997,-6.70855,8.57225,-26.7857,0.500341,-0.382526,0.271171,5.879000000000005
1772223608998209371,2026-02-27 15:20:08.998,-6.71144,8.5485,-27.2283,0.518179,-0.384905,0.277519,5.88000000000001
1772223608999408308,2026-02-27 15:20:08.999,-6.71437,8.50488,-27.4738,0.524592,-0.386444,0.28115,5.881
1772223609000561182,2026-02-27 15:20:09.000,-6.76781,8.45092,-27.4735,0.534204,-0.384689,0.28154,5.882000000000005
1772223609001692004,2026-02-27 15:20:09.001,-6.76117,8.50621,-27.3954,0.539164,-0.379809,0.282495,5.88300000000001
1772223609002865984,2026-02-27 15:20:09.002,-6.79659,8.42639,-27.3169,0.540514,-0.379345,0.282963,5.884
1772223609004003417,2026-02-27 15:20:09.004,-6.76822,8.47684,-28.4458,0.543881,-0.375565,0.29091,5.88600000000001
1772223609005179425,2026-02-27 15:20:09.005,-6.71858,8.46176,-28.07,0.540404,-0.375715,0.286311,5.8870000000000005
1772223609006381758,2026-02-27 15:20:09.006,-6.76084,8.48591,-27.9561,0.53374,-0.376157,0.283929,5.888000000000005
1772223609007562637,2026-02-27 15:20:09.007,-6.78843,8.48563,-27.422,0.528961,-0.378393,0.279687,5.88900000000001
1772223609008694972,2026-02-27 15:20:09.008,-6.78488,8.48579,-27.2605,0.526103,-0.380857,0.276547,5.890000000000001
1772223609009871309,2026-02-27 15:20:09.009,-6.76523,8.47922,-27.1753,0.521875,-0.384549,0.275691,5.891000000000005
1772223609011027549,2026-02-27 15:20:09.011,-6.78715,8.48722,-27.1876,0.51539,-0.392638,0.273764,5.893000000000001
1772223609012221647,2026-02-27 15:20:09.012,-6.94715,8.49569,-26.0061,0.512275,-0.395767,0.2636,5.8940000000000055
1772223609013422140,2026-02-27 15:20:09.013,-6.89157,8.50345,-26.3495,0.508086,-0.399252,0.266124,5.89500000000001
1772223609014572718,2026-02-27 15:20:09.014,-6.87707,8.46952,-26.2674,0.504619,-0.404699,0.265724,5.896000000000001
1772223609015704644,2026-02-27 15:20:09.015,-6.94143,8.47909,-26.8479,0.503455,-0.405827,0.270137,5.897000000000006
1772223609016888546,2026-02-27 15:20:09.016,-6.92587,8.42554,-27.0245,0.49655,-0.408875,0.271825,5.89800000000001
1772223609018048010,2026-02-27 15:20:09.018,-6.94953,8.42436,-27.0624,0.494232,-0.409978,0.271144,5.900000000000006
1772223609019246483,2026-02-27 15:20:09.019,-6.89591,8.3944,-26.9408,0.488925,-0.411432,0.271075,5.9010000000000105
1772223609020467029,2026-02-27 15:20:09.020,-6.91844,8.39834,-27.7829,0.48965,-0.412888,0.278352,5.902000000000001
1772223609021561439,2026-02-27 15:20:09.021,-6.91435,8.36603,-27.7826,0.486828,-0.415193,0.278094,5.903000000000006
1772223609022690843,2026-02-27 15:20:09.022,-6.8868,8.38495,-27.6715,0.48638,-0.416902,0.276671,5.904000000000011
1772223609023884255,2026-02-27 15:20:09.023,-6.91134,8.3311,-27.2381,0.481877,-0.417705,0.272327,5.905000000000001
1772223609025049862,2026-02-27 15:20:09.025,-6.95365,8.35516,-26.9472,0.479809,-0.418688,0.26801,5.907000000000011
1772223609026243624,2026-02-27 15:20:09.026,-6.87712,8.3603,-26.9835,0.479312,-0.418833,0.267514,5.908000000000001
1772223609027443796,2026-02-27 15:20:09.027,-6.89942,8.32478,-27.0644,0.476749,-0.419604,0.267207,5.909000000000006
1772223609028608861,2026-02-27 15:20:09.028,-6.87169,8.35464,-26.7073,0.476799,-0.418853,0.262482,5.910000000000011
1772223609029743410,2026-02-27 15:20:09.029,-6.88009,8.30416,-26.0472,0.471095,-0.417846,0.257775,5.911000000000001
1772223609030917588,2026-02-27 15:20:09.030,-6.88496,8.25815,-26.4305,0.469704,-0.417214,0.26028,5.912000000000006
1772223609032066288,2026-02-27 15:20:09.032,-6.82171,8.3172,-27.2162,0.470035,-0.412101,0.26554,5.9140000000000015
1772223609033262095,2026-02-27 15:20:09.033,-6.7833,8.30965,-27.321,0.468076,-0.410786,0.266037,5.915000000000006
1772223609034482195,2026-02-27 15:20:09.034,-6.80331,8.30016,-27.2764,0.465738,-0.408101,0.265338,5.916000000000011
1772223609035611969,2026-02-27 15:20:09.035,-6.77205,8.29747,-27.2917,0.465777,-0.407564,0.264662,5.917000000000002
1772223609036744085,2026-02-27 15:20:09.036,-6.74641,8.24814,-27.2889,0.461915,-0.407145,0.264107,5.918000000000006
1772223609037908006,2026-02-27 15:20:09.037,-6.61335,8.19437,-28.2536,0.460503,-0.408594,0.271792,5.919000000000011
1772223609039083501,2026-02-27 15:20:09.039,-6.67566,8.20819,-27.841,0.455448,-0.406501,0.26744,5.9210000000000065
1772223609040281510,2026-02-27 15:20:09.040,-6.67353,8.17347,-27.2844,0.450483,-0.408622,0.262956,5.922000000000011
1772223609041496415,2026-02-27 15:20:09.041,-6.74238,8.12913,-26.9468,0.446261,-0.408889,0.260723,5.923000000000002
1772223609042633496,2026-02-27 15:20:09.042,-6.71959,8.16574,-27.0065,0.443946,-0.408922,0.260435,5.924000000000007
1772223609043834470,2026-02-27 15:20:09.043,-6.70092,8.15607,-26.9649,0.44164,-0.409973,0.260196,5.925000000000011
1772223609045017195,2026-02-27 15:20:09.045,-6.68735,8.18274,-26.8434,0.440558,-0.411165,0.260265,5.927000000000007
1772223609046161311,2026-02-27 15:20:09.046,-6.73173,8.20199,-25.9186,0.43634,-0.410442,0.252382,5.9280000000000115
1772223609047362625,2026-02-27 15:20:09.047,-6.69868,8.16376,-26.0255,0.43643,-0.408619,0.253326,5.929000000000002
1772223609048562403,2026-02-27 15:20:09.048,-6.68774,8.17449,-26.5724,0.435712,-0.406661,0.259174,5.930000000000007
1772223609049699594,2026-02-27 15:20:09.049,-6.6613,8.21003,-26.9812,0.433942,-0.405918,0.262535,5.931000000000012
1772223609050901398,2026-02-27 15:20:09.050,-6.63451,8.24417,-27.0224,0.435508,-0.405712,0.262759,5.932000000000002
1772223609052076435,2026-02-27 15:20:09.052,-6.64966,8.2227,-27.0882,0.434985,-0.40734,0.263374,5.934000000000012
1772223609053215025,2026-02-27 15:20:09.053,-6.64923,8.27429,-27.543,0.437485,-0.406689,0.267679,5.935000000000002
1772223609054418183,2026-02-27 15:20:09.054,-6.60864,8.23956,-28.0633,0.440391,-0.408198,0.272774,5.936000000000007
1772223609055559990,2026-02-27 15:20:09.055,-6.64981,8.26228,-27.705,0.442515,-0.408357,0.270918,5.937000000000012
1772223609056697647,2026-02-27 15:20:09.056,-6.65617,8.24799,-27.4217,0.443464,-0.408595,0.268103,5.938000000000002
1772223609057882285,2026-02-27 15:20:09.057,-6.66846,8.24973,-27.1398,0.448092,-0.405989,0.265761,5.939000000000007
1772223609059061372,2026-02-27 15:20:09.059,-6.67004,8.29808,-27.038,0.44877,-0.404589,0.265838,5.9410000000000025
1772223609060203399,2026-02-27 15:20:09.060,-6.61126,8.32143,-27.2262,0.453547,-0.398177,0.267213,5.942000000000007
1772223609061403986,2026-02-27 15:20:09.061,-6.63021,8.32929,-27.1012,0.455229,-0.396365,0.266878,5.943000000000012
1772223609062660456,2026-02-27 15:20:09.062,-6.68707,8.35666,-26.0827,0.454287,-0.396026,0.260414,5.944000000000003
1772223609063853808,2026-02-27 15:20:09.063,-6.59772,8.2889,-26.7129,0.452842,-0.394927,0.263562,5.945000000000007
1772223609065036409,2026-02-27 15:20:09.065,-6.5683,8.31555,-26.7567,0.455345,-0.390748,0.26438,5.947000000000003
1772223609066185120,2026-02-27 15:20:09.066,-6.53836,8.3459,-27.5702,0.456378,-0.386414,0.270723,5.9480000000000075
1772223609067389446,2026-02-27 15:20:09.067,-6.48744,8.35781,-27.7093,0.458168,-0.380847,0.270578,5.949000000000012
1772223609068534502,2026-02-27 15:20:09.068,-6.45959,8.36984,-27.6815,0.460597,-0.377841,0.269736,5.950000000000003
1772223609069688762,2026-02-27 15:20:09.069,-6.4658,8.36589,-27.6979,0.460264,-0.372992,0.269222,5.951000000000008
1772223609070891584,2026-02-27 15:20:09.070,-6.43229,8.33384,-28.778,0.459146,-0.371563,0.278797,5.952000000000012
1772223609072069648,2026-02-27 15:20:09.072,-6.41636,8.34474,-28.6405,0.462579,-0.363718,0.276902,5.954000000000008
1772223609073213111,2026-02-27 15:20:09.073,-6.427,8.43768,-28.3051,0.45918,-0.357498,0.269077,5.9550000000000125
1772223609074415822,2026-02-27 15:20:09.074,-6.34913,8.43674,-28.0295,0.462934,-0.354948,0.267943,5.956000000000003
1772223609075570789,2026-02-27 15:20:09.075,-6.34815,8.43033,-28.0887,0.465174,-0.350991,0.267894,5.957000000000008
1772223609076704407,2026-02-27 15:20:09.076,-6.30894,8.43359,-28.0288,0.463335,-0.346619,0.268229,5.958000000000013
1772223609077888131,2026-02-27 15:20:09.077,-6.24855,8.41095,-28.0237,0.464263,-0.344243,0.267742,5.959000000000003
1772223609079071070,2026-02-27 15:20:09.079,-6.22496,8.39133,-27.4143,0.464349,-0.343002,0.261843,5.961000000000013
1772223609080217026,2026-02-27 15:20:09.080,-6.20844,8.33662,-27.3823,0.462113,-0.335859,0.260173,5.962000000000003
1772223609081420688,2026-02-27 15:20:09.081,-6.19238,8.32516,-27.7328,0.464557,-0.332941,0.264243,5.963000000000008
1772223609082540242,2026-02-27 15:20:09.082,-6.07565,8.35486,-28.2402,0.464177,-0.330203,0.267495,5.963999999999999
1772223609083674911,2026-02-27 15:20:09.083,-6.10389,8.38241,-28.2557,0.460458,-0.326775,0.266534,5.965000000000003
1772223609084854544,2026-02-27 15:20:09.084,-6.101,8.36258,-28.1933,0.464883,-0.325811,0.266635,5.966000000000008
1772223609086046535,2026-02-27 15:20:09.086,-5.98991,8.37619,-28.2957,0.464488,-0.322731,0.267109,5.9680000000000035
1772223609087215729,2026-02-27 15:20:09.087,-5.98773,8.42034,-29.4591,0.463253,-0.31595,0.273839,5.969000000000008
1772223609088410467,2026-02-27 15:20:09.088,-6.01062,8.39858,-28.9573,0.468365,-0.316034,0.272089,5.969999999999999
1772223609089564102,2026-02-27 15:20:09.089,-5.99156,8.37035,-28.8356,0.465621,-0.316157,0.272074,5.971000000000004
1772223609090699689,2026-02-27 15:20:09.090,-5.996,8.3865,-28.3994,0.465534,-0.315968,0.267622,5.972000000000008
1772223609091878276,2026-02-27 15:20:09.091,-6.01223,8.40878,-28.2796,0.461513,-0.314375,0.264611,5.972999999999999
1772223609093061095,2026-02-27 15:20:09.093,-5.985,8.41116,-28.2484,0.466739,-0.315104,0.266443,5.9750000000000085
1772223609094235595,2026-02-27 15:20:09.094,-5.99483,8.36928,-28.2279,0.469352,-0.316522,0.266513,5.975999999999999
1772223609095431135,2026-02-27 15:20:09.095,-6.01306,8.39391,-27.2155,0.470088,-0.318628,0.257958,5.977000000000004
1772223609096570106,2026-02-27 15:20:09.096,-5.99841,8.37272,-27.516,0.470849,-0.320091,0.260373,5.978000000000009
1772223609097703587,2026-02-27 15:20:09.097,-6.1255,8.43283,-27.5824,0.468456,-0.321297,0.260623,5.978999999999999
1772223609098885416,2026-02-27 15:20:09.098,-6.17079,8.43082,-28.1549,0.470784,-0.32172,0.267223,5.980000000000004
1772223609100075395,2026-02-27 15:20:09.100,-6.11368,8.42173,-28.4582,0.47654,-0.32534,0.270396,5.981999999999999
1772223609101245190,2026-02-27 15:20:09.101,-6.13882,8.54053,-28.6996,0.481823,-0.327388,0.270057,5.983000000000004
1772223609102440935,2026-02-27 15:20:09.102,-6.15118,8.47259,-28.5672,0.487474,-0.332383,0.271788,5.984000000000009
1772223609103568986,2026-02-27 15:20:09.103,-6.14697,8.44466,-29.2492,0.487385,-0.334466,0.27954,5.984999999999999
1772223609104700470,2026-02-27 15:20:09.104,-6.16594,8.42986,-29.5268,0.488464,-0.338183,0.28139,5.986000000000004
1772223609105879232,2026-02-27 15:20:09.105,-6.143,8.45329,-29.397,0.494522,-0.340806,0.28056,5.987000000000009
1772223609107088181,2026-02-27 15:20:09.107,-6.19901,8.45632,-28.9552,0.49422,-0.344479,0.278109,5.989000000000004
1772223609108260779,2026-02-27 15:20:09.108,-6.2767,8.44564,-28.6784,0.501203,-0.351849,0.276207,5.990000000000009
1772223609109474037,2026-02-27 15:20:09.109,-6.31619,8.47209,-28.8077,0.504853,-0.353332,0.277339,5.991
1772223609110607816,2026-02-27 15:20:09.110,-6.34145,8.4754,-28.7751,0.506433,-0.356454,0.278521,5.992000000000004
1772223609111744852,2026-02-27 15:20:09.111,-6.37331,8.46338,-28.556,0.510577,-0.358888,0.276213,5.993000000000009
1772223609112921587,2026-02-27 15:20:09.112,-6.43466,8.51407,-27.8637,0.507458,-0.360484,0.269568,5.994
1772223609114111528,2026-02-27 15:20:09.114,-6.41802,8.4804,-28.2822,0.511638,-0.364555,0.274584,5.996000000000009
1772223609115279096,2026-02-27 15:20:09.115,-6.45403,8.43115,-28.9599,0.513933,-0.369905,0.281594,5.997
1772223609116491103,2026-02-27 15:20:09.116,-6.48793,8.42245,-29.1087,0.515072,-0.372372,0.282442,5.998000000000005
1772223609117622544,2026-02-27 15:20:09.117,-6.53411,8.43757,-29.2136,0.515074,-0.375068,0.282672,5.999000000000009
1772223609118799695,2026-02-27 15:20:09.118,-6.49974,8.4695,-29.3138,0.519219,-0.376139,0.282718,6.0
1772223609120011516,2026-02-27 15:20:09.120,-6.52358,8.45333,-29.317,0.515812,-0.378197,0.282894,6.0020000000000095
1772223609121191485,2026-02-27 15:20:09.121,-6.56604,8.42128,-30.3987,0.51359,-0.380215,0.292327,6.003
1772223609122333923,2026-02-27 15:20:09.122,-6.50896,8.40471,-30.2322,0.513633,-0.381452,0.288765,6.004000000000005
1772223609123520593,2026-02-27 15:20:09.123,-6.53104,8.44766,-29.7191,0.514723,-0.381715,0.281849,6.00500000000001
1772223609124655159,2026-02-27 15:20:09.124,-6.54791,8.45378,-29.5574,0.516112,-0.380112,0.278966,6.006
1772223609125830449,2026-02-27 15:20:09.125,-6.5269,8.47493,-29.6183,0.514333,-0.380171,0.278895,6.007000000000005
1772223609127047215,2026-02-27 15:20:09.127,-6.53267,8.52718,-29.5759,0.51113,-0.379768,0.27845,6.009
1772223609128224190,2026-02-27 15:20:09.128,-6.54572,8.51584,-29.6149,0.511686,-0.378167,0.278204,6.010000000000005
1772223609129368089,2026-02-27 15:20:09.129,-6.5314,8.56134,-28.8138,0.511667,-0.37371,0.267916,6.01100000000001
1772223609130530051,2026-02-27 15:20:09.130,-6.54887,8.58443,-28.9819,0.509831,-0.370783,0.268618,6.0120000000000005
1772223609131663127,2026-02-27 15:20:09.131,-6.4881,8.56536,-29.4506,0.507082,-0.36919,0.271864,6.013000000000005
1772223609132839304,2026-02-27 15:20:09.132,-6.40968,8.5169,-29.8697,0.503866,-0.366424,0.273803,6.01400000000001
1772223609134055727,2026-02-27 15:20:09.134,-6.36431,8.56954,-29.845,0.504969,-0.364017,0.273379,6.016000000000005
1772223609135235530,2026-02-27 15:20:09.135,-6.32617,8.57343,-29.8942,0.50509,-0.35968,0.271775,6.01700000000001
1772223609136381534,2026-02-27 15:20:09.136,-6.29899,8.63132,-30.1868,0.500633,-0.352898,0.27293,6.018000000000001
1772223609137551815,2026-02-27 15:20:09.137,-6.2928,8.66037,-30.9287,0.498731,-0.350049,0.277364,6.0190000000000055
1772223609138686687,2026-02-27 15:20:09.138,-6.26774,8.65133,-30.6234,0.496553,-0.344278,0.27439,6.02000000000001
1772223609139846951,2026-02-27 15:20:09.139,-6.24655,8.66608,-30.496,0.496127,-0.341346,0.270559,6.021000000000001
1772223609141057023,2026-02-27 15:20:09.141,-6.23901,8.73589,-30.1835,0.494802,-0.337075,0.266402,6.02300000000001
1772223609142237889,2026-02-27 15:20:09.142,-6.15915,8.71593,-29.863,0.492282,-0.334206,0.264291,6.024000000000001
1772223609143383879,2026-02-27 15:20:09.143,-6.212,8.73197,-29.9685,0.485567,-0.324957,0.261429,6.025000000000006
1772223609144534765,2026-02-27 15:20:09.144,-6.11361,8.73613,-29.9457,0.489006,-0.321927,0.261628,6.0260000000000105
1772223609145668800,2026-02-27 15:20:09.145,-6.15508,8.78098,-28.8803,0.490885,-0.317924,0.25135,6.027000000000001
1772223609146850058,2026-02-27 15:20:09.146,-6.10264,8.77838,-29.2593,0.486985,-0.313537,0.253312,6.028000000000006
1772223609148053684,2026-02-27 15:20:09.148,-6.0733,8.80398,-29.2647,0.484661,-0.309422,0.25106,6.030000000000001
1772223609149238374,2026-02-27 15:20:09.149,-6.02613,8.77495,-29.8351,0.487611,-0.305972,0.257762,6.031000000000006
1772223609150398690,2026-02-27 15:20:09.150,-5.9607,8.75746,-29.9873,0.485677,-0.297956,0.256403,6.032000000000011
1772223609151526302,2026-02-27 15:20:09.151,-5.91974,8.73067,-30.0136,0.487815,-0.295858,0.257645,6.033000000000001
1772223609152660429,2026-02-27 15:20:09.152,-5.93555,8.7981,-30.0469,0.486346,-0.290598,0.256495,6.034000000000006
1772223609153837406,2026-02-27 15:20:09.153,-5.8933,8.77488,-30.8514,0.486346,-0.28833,0.264525,6.035000000000011
1772223609155041836,2026-02-27 15:20:09.155,-5.81076,8.77269,-30.8641,0.490369,-0.285975,0.263878,6.037000000000006
1772223609156222772,2026-02-27 15:20:09.156,-5.82486,8.80842,-30.8535,0.492582,-0.282427,0.262409,6.038000000000011
1772223609157392242,2026-02-27 15:20:09.157,-5.85974,8.75213,-30.0914,0.487195,-0.279152,0.25454,6.0390000000000015
1772223609158568941,2026-02-27 15:20:09.158,-5.84038,8.73905,-30.0463,0.491371,-0.278096,0.254191,6.040000000000006
1772223609159702927,2026-02-27 15:20:09.159,-5.82195,8.77882,-29.9697,0.494591,-0.278458,0.255172,6.041000000000011
1772223609160921057,2026-02-27 15:20:09.160,-5.81916,8.79264,-30.0695,0.495008,-0.277495,0.254904,6.042000000000002
1772223609162110044,2026-02-27 15:20:09.162,-5.824,8.74413,-29.5553,0.499015,-0.278302,0.251201,6.044000000000011
1772223609163287876,2026-02-27 15:20:09.163,-5.83951,8.84865,-29.094,0.498241,-0.277492,0.24594,6.045000000000002
1772223609164444940,2026-02-27 15:20:09.164,-5.83845,8.80265,-29.6277,0.504878,-0.277682,0.253238,6.0460000000000065
1772223609165602056,2026-02-27 15:20:09.165,-5.86149,8.78877,-30.1626,0.504276,-0.279555,0.257022,6.047000000000011
1772223609166784063,2026-02-27 15:20:09.166,-5.8568,8.77193,-30.2514,0.507699,-0.28066,0.258331,6.048000000000002
1772223609167984525,2026-02-27 15:20:09.167,-5.88977,8.82504,-30.3235,0.504457,-0.281194,0.25657,6.049000000000007
1772223609169193617,2026-02-27 15:20:09.169,-5.87385,8.78839,-30.252,0.511984,-0.284662,0.258499,6.051000000000002
1772223609170365982,2026-02-27 15:20:09.170,-5.91694,8.80699,-31.4367,0.516581,-0.28639,0.268469,6.052000000000007
1772223609171500415,2026-02-27 15:20:09.171,-5.93054,8.81725,-30.9704,0.517379,-0.289435,0.265597,6.0530000000000115
1772223609172636256,2026-02-27 15:20:09.172,-5.99316,8.90659,-31.1806,0.519798,-0.290411,0.266486,6.054000000000002
1772223609173943641,2026-02-27 15:20:09.173,-5.99914,8.8783,-30.8208,0.513873,-0.293371,0.260825,6.055000000000007
1772223609175149755,2026-02-27 15:20:09.175,-6.03346,8.83722,-30.5013,0.521666,-0.297099,0.262072,6.057000000000002
1772223609176325947,2026-02-27 15:20:09.176,-6.04327,8.84646,-30.6272,0.525248,-0.298824,0.262755,6.058000000000007
1772223609177494197,2026-02-27 15:20:09.177,-6.08279,8.82974,-30.6164,0.525026,-0.305084,0.263931,6.059000000000012
1772223609178625809,2026-02-27 15:20:09.178,-6.11758,8.83339,-29.6858,0.526222,-0.308642,0.25536,6.060000000000002
1772223609179805243,2026-02-27 15:20:09.179,-6.19173,8.84803,-29.9965,0.521929,-0.310794,0.255608,6.061000000000007
1772223609181014278,2026-02-27 15:20:09.181,-6.13967,8.78874,-29.9823,0.52806,-0.313363,0.257002,6.063000000000002
1772223609182220950,2026-02-27 15:20:09.182,-6.15749,8.85344,-30.5836,0.526694,-0.313963,0.261609,6.064000000000007
1772223609183391923,2026-02-27 15:20:09.183,-6.15751,8.92764,-31.0212,0.538411,-0.316608,0.26682,6.065000000000012
1772223609184571289,2026-02-27 15:20:09.184,-6.20827,8.91185,-31.0836,0.539825,-0.319175,0.266874,6.0660000000000025
1772223609185750770,2026-02-27 15:20:09.185,-6.22493,8.91206,-31.2882,0.545589,-0.323029,0.267162,6.067000000000007
1772223609186950494,2026-02-27 15:20:09.186,-6.241,8.89971,-31.847,0.545262,-0.327829,0.274611,6.068000000000012
1772223609188124578,2026-02-27 15:20:09.188,-6.26344,8.85336,-32.1594,0.547381,-0.330826,0.278787,6.070000000000007
1772223609189302849,2026-02-27 15:20:09.189,-6.30893,8.85163,-32.044,0.551226,-0.334465,0.276661,6.071000000000012
1772223609190488288,2026-02-27 15:20:09.190,-6.57772,8.89807,-31.3776,0.550615,-0.339808,0.27343,6.072000000000003
1772223609191626265,2026-02-27 15:20:09.191,-6.52526,8.92309,-31.4139,0.557339,-0.343407,0.273161,6.0730000000000075
1772223609192848628,2026-02-27 15:20:09.192,-6.57454,8.95555,-31.4562,0.558444,-0.345517,0.273238,6.074000000000012
1772223609194049876,2026-02-27 15:20:09.194,-6.54189,8.99183,-31.4439,0.560657,-0.34883,0.274624,6.076000000000008
1772223609195261798,2026-02-27 15:20:09.195,-6.61398,8.9538,-31.4234,0.558662,-0.35081,0.274216,6.077000000000012
1772223609196429582,2026-02-27 15:20:09.196,-6.62742,9.01209,-30.9325,0.560134,-0.352842,0.270743,6.078000000000003
1772223609197589328,2026-02-27 15:20:09.197,-6.64768,9.06146,-31.0134,0.56172,-0.355336,0.270594,6.079000000000008
1772223609198769119,2026-02-27 15:20:09.198,-6.65294,9.11825,-31.6168,0.561288,-0.35549,0.275628,6.0800000000000125
1772223609199970006,2026-02-27 15:20:09.199,-6.63906,9.09884,-31.8528,0.561423,-0.358088,0.277443,6.081000000000003
1772223609201169741,2026-02-27 15:20:09.201,-6.66023,9.11209,-31.9069,0.564408,-0.358567,0.276435,6.083000000000013
1772223609202351055,2026-02-27 15:20:09.202,-6.67724,9.14112,-31.9322,0.564562,-0.359933,0.277111,6.084000000000003
1772223609203504997,2026-02-27 15:20:09.203,-6.66748,9.17781,-32.9824,0.565515,-0.361932,0.28514,6.085000000000008
1772223609204640502,2026-02-27 15:20:09.204,-6.69838,9.19796,-32.6864,0.563073,-0.364334,0.28318,6.086000000000013
1772223609205821776,2026-02-27 15:20:09.205,-6.74358,9.2586,-32.6244,0.562785,-0.36506,0.282851,6.087000000000003
1772223609207028902,2026-02-27 15:20:09.207,-6.77721,9.26245,-32.0252,0.559663,-0.367878,0.278053,6.088999999999999
1772223609208244521,2026-02-27 15:20:09.208,-6.76628,9.29018,-31.5994,0.557697,-0.370029,0.275084,6.090000000000003
1772223609209424895,2026-02-27 15:20:09.209,-6.76923,9.31556,-31.2068,0.55305,-0.375839,0.273811,6.091000000000008
1772223609210586515,2026-02-27 15:20:09.210,-6.83532,9.37479,-30.5297,0.537239,-0.380663,0.271859,6.091999999999999
1772223609211760921,2026-02-27 15:20:09.211,-7.02903,9.44106,-28.654,0.515656,-0.399527,0.263045,6.0930000000000035
1772223609212964304,2026-02-27 15:20:09.212,-7.05979,9.3939,-27.2494,0.491795,-0.415976,0.258217,6.094000000000008
1772223609214168540,2026-02-27 15:20:09.214,-6.94012,9.34372,-26.8146,0.480761,-0.398245,0.257438,6.096000000000004
1772223609215363651,2026-02-27 15:20:09.215,-6.29119,9.03587,-28.8179,0.508432,-0.331606,0.263921,6.097000000000008
1772223609216498189,2026-02-27 15:20:09.216,-5.9854,9.54004,-28.6593,0.476757,-0.330764,0.282657,6.097999999999999
1772223609217633380,2026-02-27 15:20:09.217,-5.85915,9.77322,-28.4313,0.463704,-0.314837,0.285317,6.099000000000004
1772223609218813453,2026-02-27 15:20:09.218,-5.28089,9.68435,-29.6903,0.490842,-0.267761,0.292439,6.1000000000000085
1772223609220014936,2026-02-27 15:20:09.220,-5.32483,9.94681,-29.5659,0.476247,-0.280816,0.297051,6.102000000000004
1772223609221209382,2026-02-27 15:20:09.221,-6.01902,10.2731,-26.27,0.421781,-0.374505,0.312091,6.103000000000009
1772223609222390513,2026-02-27 15:20:09.222,-6.11297,9.87083,-22.9642,0.404642,-0.398806,0.312683,6.103999999999999
1772223609223572455,2026-02-27 15:20:09.223,-5.78587,9.472,-15.9062,0.328174,-0.414038,0.307961,6.105000000000004
1772223609224746833,2026-02-27 15:20:09.224,-5.57304,9.13961,-14.0432,0.312464,-0.382919,0.301055,6.106000000000009
1772223609225947688,2026-02-27 15:20:09.225,-5.18657,9.07217,-12.4731,0.299714,-0.339424,0.302668,6.106999999999999
1772223609227150340,2026-02-27 15:20:09.227,-4.70689,9.01454,-11.0238,0.312611,-0.302476,0.315054,6.109000000000009
1772223609228357392,2026-02-27 15:20:09.228,-4.90152,9.378,-10.0151,0.28841,-0.294547,0.314868,6.109999999999999
1772223609229501670,2026-02-27 15:20:09.229,-4.98451,9.58528,-8.28573,0.282373,-0.29599,0.301993,6.111000000000004
1772223609230634637,2026-02-27 15:20:09.230,-5.44477,10.2017,-6.79449,0.25735,-0.310536,0.291788,6.112000000000009
1772223609231810193,2026-02-27 15:20:09.231,-5.2018,9.91176,-8.25696,0.216491,-0.32506,0.266978,6.1129999999999995
1772223609233013794,2026-02-27 15:20:09.233,-5.38956,9.99967,-7.53266,0.185699,-0.308611,0.231827,6.115000000000009
1772223609234191489,2026-02-27 15:20:09.234,-5.35771,9.81602,-7.84164,0.152878,-0.324693,0.208023,6.116
1772223609235395922,2026-02-27 15:20:09.235,-5.3712,9.77829,-7.44163,0.145428,-0.320484,0.19306,6.117000000000004
1772223609236602791,2026-02-27 15:20:09.236,-5.51264,9.8634,-7.37947,0.146694,-0.332221,0.195346,6.118000000000009
1772223609237805006,2026-02-27 15:20:09.237,-5.76775,10.4894,-6.71629,0.179262,-0.335148,0.21978,6.119
1772223609239007067,2026-02-27 15:20:09.239,-5.64897,10.5384,-6.96504,0.19279,-0.325153,0.218667,6.121000000000009
1772223609240209921,2026-02-27 15:20:09.240,-5.675,10.6287,-6.70287,0.216274,-0.30979,0.214439,6.122
1772223609241416878,2026-02-27 15:20:09.241,-5.58794,10.7771,-6.48136,0.226536,-0.309736,0.215662,6.123000000000005
1772223609242606282,2026-02-27 15:20:09.242,-5.69599,10.8158,-7.0337,0.236958,-0.314105,0.212947,6.124000000000009
1772223609243778847,2026-02-27 15:20:09.243,-5.65317,10.7015,-7.47769,0.229184,-0.31126,0.202585,6.125
1772223609244978576,2026-02-27 15:20:09.244,-5.63461,10.5921,-6.87286,0.213125,-0.316199,0.189983,6.126000000000005
1772223609246177966,2026-02-27 15:20:09.246,-5.78275,10.5429,-5.22907,0.197168,-0.310574,0.174082,6.128
1772223609247387911,2026-02-27 15:20:09.247,-5.71132,10.4972,-4.9912,0.19115,-0.308722,0.175062,6.129000000000005
1772223609248573300,2026-02-27 15:20:09.248,-5.50858,10.1936,-6.15581,0.211811,-0.291525,0.187343,6.13000000000001
1772223609249722144,2026-02-27 15:20:09.249,-5.57188,10.409,-6.0798,0.206505,-0.308608,0.196654,6.131
1772223609250941830,2026-02-27 15:20:09.250,-5.61169,10.4381,-5.69748,0.211309,-0.302705,0.194566,6.132000000000005
1772223609252143159,2026-02-27 15:20:09.252,-5.55218,10.3885,-5.85375,0.213719,-0.304809,0.187452,6.134
1772223609253354271,2026-02-27 15:20:09.253,-5.41052,10.2036,-6.43936,0.226439,-0.311982,0.190738,6.135000000000005
1772223609254582560,2026-02-27 15:20:09.254,-5.52768,10.149,-7.51887,0.22359,-0.313666,0.202748,6.13600000000001
1772223609255825125,2026-02-27 15:20:09.255,-5.42307,10.0029,-6.49876,0.201043,-0.318782,0.185687,6.1370000000000005
1772223609257030567,2026-02-27 15:20:09.257,-5.44587,9.92602,-5.61719,0.19906,-0.31708,0.181592,6.13900000000001
1772223609258229941,2026-02-27 15:20:09.258,-5.57648,9.88249,-4.57485,0.174492,-0.319298,0.172979,6.140000000000001
1772223609259435497,2026-02-27 15:20:09.259,-5.66468,9.693,-3.93078,0.152008,-0.308062,0.157263,6.141000000000005
1772223609260640827,2026-02-27 15:20:09.260,-5.55601,9.49479,-3.6181,0.139404,-0.300041,0.143425,6.14200000000001
1772223609261879224,2026-02-27 15:20:09.261,-5.31603,9.33225,-2.4139,0.121297,-0.281557,0.127615,6.143000000000001
1772223609263078754,2026-02-27 15:20:09.263,-4.94044,9.19342,-2.72363,0.126687,-0.268107,0.13326,6.14500000000001
1772223609264276356,2026-02-27 15:20:09.264,-4.71432,9.14346,-2.69272,0.124438,-0.256908,0.135683,6.146000000000001
1772223609265621380,2026-02-27 15:20:09.265,-4.88036,9.28643,-3.08368,0.129586,-0.251718,0.142505,6.147000000000006
1772223609266861722,2026-02-27 15:20:09.266,-5.13013,9.28439,-3.87094,0.151648,-0.277851,0.166347,6.14800000000001
1772223609268060790,2026-02-27 15:20:09.268,-4.88615,9.13725,-4.68358,0.156263,-0.294274,0.169652,6.150000000000006
1772223609269258144,2026-02-27 15:20:09.269,-4.91441,9.10504,-4.81392,0.148393,-0.286214,0.157973,6.1510000000000105
1772223609270597197,2026-02-27 15:20:09.270,-4.54355,8.91455,-5.6917,0.16308,-0.279532,0.160372,6.152000000000001
1772223609271779198,2026-02-27 15:20:09.271,-4.38697,8.78103,-6.88372,0.173219,-0.288858,0.18169,6.153000000000006
1772223609272977058,2026-02-27 15:20:09.272,-4.51948,8.86848,-6.81254,0.169739,-0.295729,0.17932,6.154000000000011
1772223609274177495,2026-02-27 15:20:09.274,-4.68536,8.81858,-6.08318,0.158895,-0.311292,0.172105,6.156000000000006
1772223609275380348,2026-02-27 15:20:09.275,-4.73207,8.71582,-5.75705,0.151429,-0.315373,0.165112,6.157000000000011
1772223609276576589,2026-02-27 15:20:09.276,-4.88613,8.61447,-5.37428,0.146958,-0.321444,0.164925,6.158000000000001
1772223609277715806,2026-02-27 15:20:09.277,-4.79145,8.31081,-4.93557,0.128214,-0.324452,0.162463,6.159000000000006
1772223609278893754,2026-02-27 15:20:09.278,-4.7213,8.2592,-4.20942,0.138872,-0.319886,0.158251,6.160000000000011
1772223609280093162,2026-02-27 15:20:09.280,-4.66334,8.3081,-4.70669,0.143056,-0.317587,0.16315,6.162000000000006
1772223609281289755,2026-02-27 15:20:09.281,-4.60265,8.26883,-4.37963,0.131017,-0.317608,0.156188,6.163000000000011
1772223609282502321,2026-02-27 15:20:09.282,-4.55959,8.15429,-4.67837,0.120265,-0.314117,0.1516,6.1640000000000015
1772223609283671025,2026-02-27 15:20:09.283,-4.17,7.78769,-5.21415,0.11971,-0.289047,0.148146,6.165000000000006
1772223609284805867,2026-02-27 15:20:09.284,-3.9719,7.71962,-5.41802,0.115057,-0.277386,0.145689,6.166000000000011
1772223609285961608,2026-02-27 15:20:09.285,-3.89027,7.73586,-5.86898,0.127509,-0.273635,0.150307,6.167000000000002
1772223609287235039,2026-02-27 15:20:09.287,-4.03996,7.73725,-7.096,0.125929,-0.277119,0.162978,6.169000000000011
1772223609288409330,2026-02-27 15:20:09.288,-4.2312,7.80935,-7.11549,0.133902,-0.283133,0.162519,6.170000000000002
1772223609289603621,2026-02-27 15:20:09.289,-4.55064,7.76824,-6.50824,0.146418,-0.308382,0.162158,6.1710000000000065
1772223609290734674,2026-02-27 15:20:09.290,-4.66992,7.65557,-5.97282,0.142352,-0.310731,0.157497,6.172000000000011
1772223609291883368,2026-02-27 15:20:09.291,-4.75829,7.55554,-5.50617,0.134226,-0.311817,0.150761,6.173000000000002
1772223609293052200,2026-02-27 15:20:09.293,-4.85605,7.41014,-5.03735,0.123467,-0.311871,0.146713,6.175000000000011
1772223609294222147,2026-02-27 15:20:09.294,-4.77336,7.35113,-4.79779,0.117158,-0.306859,0.141218,6.176000000000002
1772223609295391007,2026-02-27 15:20:09.295,-4.71581,7.23478,-4.16046,0.107593,-0.299609,0.133902,6.177000000000007
1772223609296577676,2026-02-27 15:20:09.296,-4.59607,7.18283,-3.95727,0.094916,-0.291982,0.127557,6.1780000000000115
1772223609297710300,2026-02-27 15:20:09.297,-4.56298,7.12498,-4.27808,0.091907,-0.287577,0.129978,6.179000000000002
1772223609298862189,2026-02-27 15:20:09.298,-4.45445,7.07857,-4.7825,0.08807,-0.286532,0.132507,6.180000000000007
1772223609300032604,2026-02-27 15:20:09.300,-4.43626,7.03139,-4.9107,0.083899,-0.284687,0.130149,6.182000000000002
1772223609301201930,2026-02-27 15:20:09.301,-4.35974,6.95238,-4.85993,0.082848,-0.284581,0.128785,6.183000000000007
1772223609302370449,2026-02-27 15:20:09.302,-4.36534,6.95191,-4.84069,0.081269,-0.282774,0.125748,6.184000000000012
1772223609303515956,2026-02-27 15:20:09.303,-4.27119,6.89709,-4.77407,0.078453,-0.283476,0.125012,6.185000000000002
1772223609304680764,2026-02-27 15:20:09.304,-4.22219,6.83702,-4.80754,0.069962,-0.28464,0.126695,6.186000000000007
1772223609305827072,2026-02-27 15:20:09.305,-4.22136,6.8344,-4.61245,0.069031,-0.284076,0.12485,6.187000000000012
1772223609307024267,2026-02-27 15:20:09.307,-4.20297,6.73297,-3.97751,0.06013,-0.282294,0.117659,6.189000000000007
1772223609308195199,2026-02-27 15:20:09.308,-4.03497,6.61465,-3.94198,0.055198,-0.271295,0.109561,6.190000000000012
1772223609309394959,2026-02-27 15:20:09.309,-3.78851,6.54543,-4.05944,0.051339,-0.25657,0.103463,6.1910000000000025
1772223609310567322,2026-02-27 15:20:09.310,-3.60075,6.46643,-4.37713,0.052111,-0.244417,0.099982,6.192000000000007
1772223609311732183,2026-02-27 15:20:09.311,-3.40704,6.50594,-4.34206,0.057327,-0.236706,0.095635,6.193000000000012
1772223609312883041,2026-02-27 15:20:09.312,-3.41296,6.53482,-4.9467,0.060901,-0.239893,0.100996,6.194000000000003
1772223609314083541,2026-02-27 15:20:09.314,-3.43429,6.62298,-5.01452,0.060088,-0.244933,0.104922,6.196000000000012
1772223609315282487,2026-02-27 15:20:09.315,-3.53366,6.67202,-5.54263,0.064275,-0.246665,0.114013,6.197000000000003
1772223609316498675,2026-02-27 15:20:09.316,-3.56456,6.61148,-5.91856,0.065305,-0.247855,0.118528,6.1980000000000075
1772223609317662234,2026-02-27 15:20:09.317,-3.74327,6.65223,-5.59693,0.061095,-0.249675,0.121546,6.199000000000012
1772223609318803508,2026-02-27 15:20:09.318,-3.6947,6.68691,-5.41324,0.064687,-0.247795,0.121899,6.200000000000003
1772223609319978561,2026-02-27 15:20:09.319,-3.72955,6.67374,-5.88239,0.058228,-0.245581,0.127892,6.201000000000008
1772223609321175727,2026-02-27 15:20:09.321,-3.77001,6.67909,-6.02663,0.05782,-0.243516,0.131217,6.203000000000003
1772223609322371675,2026-02-27 15:20:09.322,-3.74716,6.79672,-5.69185,0.058738,-0.243181,0.129972,6.204000000000008
1772223609323541121,2026-02-27 15:20:09.323,-3.85691,6.79113,-5.26075,0.052779,-0.242283,0.128849,6.2050000000000125
1772223609324704932,2026-02-27 15:20:09.324,-3.79243,6.76616,-4.5809,0.051529,-0.241697,0.127857,6.206000000000003
1772223609325884175,2026-02-27 15:20:09.325,-3.86419,6.79216,-4.48996,0.049322,-0.242042,0.129203,6.207000000000008
1772223609327081139,2026-02-27 15:20:09.327,-3.90389,6.7823,-4.48199,0.0469,-0.241891,0.13088,6.209000000000003
1772223609328252346,2026-02-27 15:20:09.328,-3.8711,6.74867,-4.15396,0.04741,-0.244162,0.130641,6.210000000000008
1772223609329475169,2026-02-27 15:20:09.329,-3.89053,6.82447,-3.1826,0.048123,-0.245976,0.125291,6.211000000000013
1772223609330634704,2026-02-27 15:20:09.330,-3.91937,6.81275,-3.51047,0.047525,-0.24706,0.131745,6.212000000000003
1772223609331775646,2026-02-27 15:20:09.331,-3.94947,6.80585,-3.90451,0.045587,-0.249995,0.14201,6.213000000000008
1772223609332929438,2026-02-27 15:20:09.332,-3.91509,6.83879,-3.92437,0.047758,-0.251399,0.145268,6.213999999999999
1772223609334127406,2026-02-27 15:20:09.334,-3.94854,6.85641,-3.81379,0.048477,-0.250009,0.147061,6.216000000000008
1772223609335329219,2026-02-27 15:20:09.335,-3.96409,6.93463,-3.74782,0.052532,-0.251235,0.149602,6.216999999999999
1772223609336545604,2026-02-27 15:20:09.336,-3.98989,6.95418,-3.58425,0.052923,-0.253926,0.152542,6.2180000000000035
1772223609337712817,2026-02-27 15:20:09.337,-4.14304,7.07502,-3.80461,0.054918,-0.260502,0.164035,6.219000000000008
1772223609338893270,2026-02-27 15:20:09.338,-4.19949,7.12591,-3.57741,0.056478,-0.261233,0.166613,6.219999999999999
1772223609340092265,2026-02-27 15:20:09.340,-4.30739,7.20506,-2.72616,0.057025,-0.263143,0.16381,6.222000000000008
1772223609341287151,2026-02-27 15:20:09.341,-4.40075,7.21419,-2.25654,0.058631,-0.266975,0.163364,6.222999999999999
1772223609342501794,2026-02-27 15:20:09.342,-4.38667,7.27445,-1.9237,0.06038,-0.268608,0.165555,6.224000000000004
1772223609343655683,2026-02-27 15:20:09.343,-4.53779,7.34831,-1.71729,0.064224,-0.269637,0.168028,6.2250000000000085
1772223609344785917,2026-02-27 15:20:09.344,-4.50887,7.46673,-0.517348,0.07048,-0.274223,0.165519,6.225999999999999
1772223609345988541,2026-02-27 15:20:09.345,-4.6631,7.57288,-0.169741,0.075217,-0.273686,0.168298,6.227000000000004
1772223609347184819,2026-02-27 15:20:09.347,-4.60854,7.62957,-0.191744,0.080165,-0.276428,0.172061,6.228999999999999
1772223609348384456,2026-02-27 15:20:09.348,-4.71402,7.6472,-0.521508,0.080299,-0.27808,0.178598,6.230000000000004
1772223609349566095,2026-02-27 15:20:09.349,-4.70778,7.76628,-0.789367,0.088118,-0.280032,0.185754,6.231000000000009
1772223609350740292,2026-02-27 15:20:09.350,-4.68824,7.83178,-0.652758,0.096601,-0.285502,0.193375,6.231999999999999
1772223609351914023,2026-02-27 15:20:09.351,-4.7617,7.96275,-0.606555,0.105469,-0.287893,0.195872,6.233000000000004
1772223609353111071,2026-02-27 15:20:09.353,-4.77962,7.96557,-0.646122,0.107942,-0.292423,0.201962,6.234999999999999
1772223609354307147,2026-02-27 15:20:09.354,-4.78178,8.05884,-1.44619,0.116412,-0.294105,0.212668,6.236000000000004
1772223609355518742,2026-02-27 15:20:09.355,-4.79625,8.07501,-0.938437,0.120119,-0.300098,0.212919,6.237000000000009
1772223609356660483,2026-02-27 15:20:09.356,-4.81646,8.19305,-0.892254,0.130592,-0.303518,0.215641,6.2379999999999995
1772223609357794765,2026-02-27 15:20:09.357,-4.92301,8.31761,-0.190962,0.137825,-0.312439,0.217295,6.239000000000004
1772223609358971614,2026-02-27 15:20:09.358,-4.88144,8.36784,-0.278982,0.147223,-0.316366,0.221992,6.240000000000009
1772223609360167504,2026-02-27 15:20:09.360,-4.93484,8.47216,-0.362867,0.154274,-0.31945,0.225644,6.242000000000004
1772223609361363921,2026-02-27 15:20:09.361,-4.96962,8.50239,-0.410891,0.157907,-0.324807,0.229869,6.243000000000009
1772223609362562686,2026-02-27 15:20:09.362,-4.97528,8.5728,0.580375,0.163463,-0.328214,0.224857,6.244
1772223609363730646,2026-02-27 15:20:09.363,-5.0307,8.62253,0.15188,0.168998,-0.336458,0.234317,6.2450000000000045
1772223609364865598,2026-02-27 15:20:09.364,-4.97751,8.62349,-0.562906,0.175614,-0.342873,0.24438,6.246000000000009
1772223609366067677,2026-02-27 15:20:09.366,-4.97006,8.66011,-0.845676,0.182547,-0.3459,0.250624,6.248000000000005
1772223609367263866,2026-02-27 15:20:09.367,-4.95605,8.69358,-1.02751,0.186601,-0.350258,0.253675,6.249000000000009
1772223609368476836,2026-02-27 15:20:09.368,-4.96356,8.73609,-1.1434,0.188445,-0.352664,0.255849,6.25
1772223609369608309,2026-02-27 15:20:09.369,-4.90366,8.67574,-1.14442,0.195508,-0.35704,0.259626,6.251000000000005
1772223609370774129,2026-02-27 15:20:09.370,-4.87132,8.68956,-2.28894,0.201748,-0.362251,0.273076,6.2520000000000095
1772223609371909115,2026-02-27 15:20:09.371,-4.86603,8.74247,-2.26168,0.208243,-0.365654,0.27544,6.253
1772223609373106690,2026-02-27 15:20:09.373,-4.85054,8.70213,-1.9849,0.210641,-0.367858,0.273722,6.25500000000001
1772223609374302972,2026-02-27 15:20:09.374,-4.84576,8.65307,-1.81721,0.21163,-0.370711,0.272994,6.256
1772223609375508789,2026-02-27 15:20:09.375,-4.84992,8.65876,-1.86796,0.217789,-0.372182,0.274831,6.257000000000005
1772223609376645161,2026-02-27 15:20:09.376,-4.84547,8.69052,-2.04578,0.222496,-0.371887,0.277406,6.25800000000001
1772223609377807105,2026-02-27 15:20:09.377,-4.73436,8.6642,-1.83744,0.227042,-0.375965,0.277172,6.259
1772223609378947413,2026-02-27 15:20:09.378,-4.79396,8.64788,-1.37891,0.230221,-0.376869,0.272403,6.260000000000005
1772223609380144972,2026-02-27 15:20:09.380,-4.80429,8.62548,-1.81859,0.229581,-0.37809,0.277286,6.2620000000000005
1772223609381341283,2026-02-27 15:20:09.381,-4.72035,8.62685,-2.09611,0.233214,-0.377417,0.279715,6.263000000000005
1772223609382550834,2026-02-27 15:20:09.382,-4.72014,8.58241,-2.65679,0.235016,-0.378804,0.284566,6.26400000000001
1772223609383688603,2026-02-27 15:20:09.383,-4.70294,8.57407,-2.89074,0.235248,-0.379108,0.286141,6.265000000000001
1772223609384842048,2026-02-27 15:20:09.384,-4.64938,8.51101,-2.96746,0.23748,-0.380036,0.285667,6.266000000000005
1772223609385974960,2026-02-27 15:20:09.385,-4.66158,8.53331,-3.08915,0.238253,-0.378766,0.285616,6.26700000000001
1772223609387173872,2026-02-27 15:20:09.387,-4.63241,8.42495,-4.1887,0.237237,-0.380116,0.294972,6.2690000000000055
1772223609388346229,2026-02-27 15:20:09.388,-4.6399,8.37502,-3.80419,0.233786,-0.379335,0.288882,6.27000000000001
1772223609389561508,2026-02-27 15:20:09.389,-4.64785,8.39663,-3.88756,0.237475,-0.379144,0.289354,6.271000000000001
1772223609390700302,2026-02-27 15:20:09.390,-4.65999,8.36604,-3.42046,0.235137,-0.378533,0.283136,6.272000000000006
1772223609391859455,2026-02-27 15:20:09.391,-4.67032,8.2701,-3.25511,0.23324,-0.378201,0.279505,6.27300000000001
1772223609392993729,2026-02-27 15:20:09.392,-4.6812,8.22572,-3.1836,0.231655,-0.37816,0.277784,6.274000000000001
1772223609394192838,2026-02-27 15:20:09.394,-4.66421,8.24853,-3.19539,0.23153,-0.378051,0.276494,6.2760000000000105
1772223609395390479,2026-02-27 15:20:09.395,-4.69625,8.16053,-2.17489,0.227607,-0.377806,0.266475,6.277000000000001
1772223609396571936,2026-02-27 15:20:09.396,-4.70673,8.13139,-2.22739,0.227407,-0.376614,0.265133,6.278000000000006
1772223609397717168,2026-02-27 15:20:09.397,-4.72292,8.09173,-2.24377,0.222247,-0.377372,0.26416,6.279000000000011
1772223609398948714,2026-02-27 15:20:09.398,-4.66999,7.94808,-2.91636,0.216964,-0.377935,0.26721,6.280000000000001
1772223609400129981,2026-02-27 15:20:09.400,-4.65912,7.87506,-2.92195,0.213262,-0.378412,0.26474,6.282000000000011
1772223609401322304,2026-02-27 15:20:09.401,-4.73071,7.86641,-2.87348,0.212474,-0.378276,0.26329,6.283000000000001
1772223609402540033,2026-02-27 15:20:09.402,-4.79008,7.81478,-2.74911,0.202049,-0.37746,0.259075,6.284000000000006
1772223609403669929,2026-02-27 15:20:09.403,-4.78113,7.78081,-2.97799,0.203675,-0.379126,0.263042,6.285000000000011
1772223609404840573,2026-02-27 15:20:09.404,-4.79043,7.75333,-3.45388,0.194303,-0.378387,0.263631,6.286000000000001
1772223609405981032,2026-02-27 15:20:09.405,-4.85638,7.57331,-2.62508,0.191583,-0.380354,0.254815,6.287000000000006
1772223609407170661,2026-02-27 15:20:09.407,-4.86453,7.49068,-2.13784,0.187272,-0.379995,0.248539,6.2890000000000015
1772223609408372759,2026-02-27 15:20:09.408,-4.93,7.46135,-1.89638,0.182831,-0.380436,0.245404,6.290000000000006
1772223609409566889,2026-02-27 15:20:09.409,-4.93161,7.41205,-1.75395,0.182877,-0.381104,0.242263,6.291000000000011
1772223609410699016,2026-02-27 15:20:09.410,-5.01687,7.34363,-1.58105,0.175194,-0.380786,0.240068,6.292000000000002
1772223609411867942,2026-02-27 15:20:09.411,-4.98348,7.29293,-1.37822,0.171713,-0.383345,0.236895,6.293000000000006
1772223609413010914,2026-02-27 15:20:09.413,-5.14337,7.18737,-0.577488,0.16549,-0.38748,0.225553,6.295000000000002
1772223609414202140,2026-02-27 15:20:09.414,-5.32121,7.0986,-0.388051,0.162409,-0.392993,0.220603,6.2960000000000065
1772223609415402229,2026-02-27 15:20:09.415,-5.38603,7.02904,-0.821772,0.159461,-0.397674,0.221011,6.297000000000011
1772223609416576015,2026-02-27 15:20:09.416,-5.51644,6.92696,-0.868708,0.157602,-0.400866,0.218236,6.298000000000002
1772223609417703502,2026-02-27 15:20:09.417,-5.60536,6.8864,-0.697839,0.154659,-0.406757,0.213259,6.299000000000007
1772223609418882527,2026-02-27 15:20:09.418,-5.72713,6.81036,-0.555787,0.14882,-0.409307,0.209436,6.300000000000011
1772223609420038387,2026-02-27 15:20:09.420,-5.8555,6.70058,-1.20263,0.147057,-0.416857,0.211091,6.302000000000007
1772223609421211661,2026-02-27 15:20:09.421,-5.91604,6.60809,-0.929027,0.144144,-0.421709,0.206111,6.3030000000000115
1772223609422407739,2026-02-27 15:20:09.422,-6.07697,6.58773,-0.722224,0.141895,-0.423997,0.201808,6.304000000000002
1772223609423566494,2026-02-27 15:20:09.423,-6.18585,6.48572,-0.100788,0.134089,-0.427465,0.193074,6.305000000000007
1772223609424694038,2026-02-27 15:20:09.424,-6.22019,6.44102,0.25954,0.1332,-0.430388,0.187526,6.306000000000012
1772223609425881253,2026-02-27 15:20:09.425,-6.27264,6.37349,0.479264,0.1285,-0.432511,0.184583,6.307000000000002
1772223609427046862,2026-02-27 15:20:09.427,-6.35468,6.327,0.712375,0.117433,-0.437662,0.179025,6.309000000000012
1772223609428238770,2026-02-27 15:20:09.428,-6.49267,6.25587,1.48644,0.109525,-0.439928,0.16868,6.310000000000002
1772223609429435471,2026-02-27 15:20:09.429,-6.52672,6.29243,1.89805,0.108541,-0.441574,0.164679,6.311000000000007
1772223609430565149,2026-02-27 15:20:09.430,-6.55112,6.17676,1.83185,0.099892,-0.44363,0.16487,6.312000000000012
1772223609431697417,2026-02-27 15:20:09.431,-6.60179,6.17354,1.62057,0.092611,-0.443414,0.165479,6.313000000000002
1772223609432887299,2026-02-27 15:20:09.432,-6.61868,6.15313,1.30092,0.089117,-0.444331,0.167378,6.314000000000007
1772223609434065148,2026-02-27 15:20:09.434,-6.67627,6.08156,1.38809,0.079214,-0.442036,0.162692,6.3160000000000025
1772223609435258640,2026-02-27 15:20:09.435,-6.66891,6.07598,1.57842,0.07534,-0.442015,0.161427,6.317000000000007
1772223609436478012,2026-02-27 15:20:09.436,-6.74455,6.06897,1.60852,0.070992,-0.441551,0.159462,6.318000000000012
1772223609437609220,2026-02-27 15:20:09.437,-6.69439,6.00815,0.660809,0.064275,-0.439961,0.164053,6.319000000000003
1772223609438742907,2026-02-27 15:20:09.438,-6.7914,5.94578,1.14552,0.065154,-0.440222,0.15817,6.320000000000007
1772223609439905920,2026-02-27 15:20:09.439,-6.80465,5.88539,1.18792,0.065424,-0.439857,0.154751,6.321000000000012
1772223609441046334,2026-02-27 15:20:09.441,-6.92097,5.77057,1.85358,0.061144,-0.443594,0.142486,6.3230000000000075
1772223609442180384,2026-02-27 15:20:09.442,-6.96776,5.7497,1.86882,0.061934,-0.445043,0.139984,6.324000000000012
1772223609443377524,2026-02-27 15:20:09.443,-7.064,5.69115,1.86337,0.059144,-0.446473,0.13719,6.325000000000003
1772223609444566216,2026-02-27 15:20:09.444,-7.11278,5.62394,1.88651,0.059946,-0.449712,0.133415,6.326000000000008
1772223609445693840,2026-02-27 15:20:09.445,-7.12797,5.64278,3.04187,0.060398,-0.450138,0.121698,6.327000000000012
1772223609446875552,2026-02-27 15:20:09.446,-7.24777,5.5801,2.73848,0.063643,-0.449421,0.121195,6.328000000000003
1772223609448077329,2026-02-27 15:20:09.448,-7.2722,5.48152,2.25647,0.059292,-0.450943,0.119753,6.3300000000000125
1772223609449206387,2026-02-27 15:20:09.449,-7.27392,5.43544,1.98867,0.061189,-0.451982,0.120277,6.331000000000003
1772223609450376272,2026-02-27 15:20:09.450,-7.33709,5.40306,2.06845,0.058012,-0.450923,0.117053,6.332000000000008
1772223609451570755,2026-02-27 15:20:09.451,-7.32331,5.31103,2.05744,0.0532,-0.450843,0.115392,6.333000000000013
1772223609452700343,2026-02-27 15:20:09.452,-7.32491,5.29249,2.04087,0.05503,-0.448993,0.114957,6.334000000000003
1772223609453884147,2026-02-27 15:20:09.453,-7.29024,5.27054,1.47832,0.051865,-0.445845,0.120055,6.335000000000008
1772223609455060353,2026-02-27 15:20:09.455,-7.18668,5.21555,1.42578,0.056221,-0.438742,0.119495,6.337000000000003
1772223609456226781,2026-02-27 15:20:09.456,-7.1863,5.2069,1.78489,0.056956,-0.434995,0.114521,6.338000000000008
1772223609457432751,2026-02-27 15:20:09.457,-7.1176,5.17299,2.03039,0.055312,-0.429589,0.111493,6.338999999999999
1772223609458571960,2026-02-27 15:20:09.458,-7.09457,5.23223,1.87246,0.052896,-0.42324,0.107649,6.340000000000003
1772223609459697856,2026-02-27 15:20:09.459,-7.0155,5.14976,1.95035,0.056347,-0.421368,0.108714,6.341000000000008
1772223609460887858,2026-02-27 15:20:09.460,-7.00892,5.15611,1.87608,0.057073,-0.417195,0.107771,6.341999999999999
1772223609462064096,2026-02-27 15:20:09.462,-6.90794,5.17733,2.85267,0.064546,-0.408848,0.096334,6.344000000000008
1772223609463240933,2026-02-27 15:20:09.463,-6.88564,5.17918,2.64469,0.063217,-0.406633,0.100205,6.344999999999999
1772223609464415076,2026-02-27 15:20:09.464,-6.83873,5.11108,2.56812,0.065432,-0.401763,0.099859,6.346000000000004
1772223609465559521,2026-02-27 15:20:09.465,-6.78697,5.12929,1.99487,0.061938,-0.399049,0.103468,6.347000000000008
1772223609466687261,2026-02-27 15:20:09.466,-6.67975,5.15087,1.86062,0.067478,-0.3888,0.103093,6.347999999999999
1772223609467838522,2026-02-27 15:20:09.467,-6.70602,5.12875,1.93407,0.061821,-0.386769,0.100852,6.349000000000004
1772223609469007704,2026-02-27 15:20:09.469,-6.62298,5.10572,1.97503,0.060515,-0.382003,0.101143,6.350999999999999
1772223609470177548,2026-02-27 15:20:09.470,-6.46575,5.10045,0.764097,0.06501,-0.369288,0.109899,6.352000000000004
1772223609471355987,2026-02-27 15:20:09.471,-6.39775,5.13524,1.26006,0.066801,-0.365626,0.106077,6.353000000000009
1772223609472561402,2026-02-27 15:20:09.472,-6.39187,5.12786,1.27277,0.065459,-0.362955,0.10729,6.353999999999999
1772223609473687668,2026-02-27 15:20:09.473,-6.3988,5.10526,1.93648,0.077813,-0.358398,0.103139,6.355000000000004
1772223609474812193,2026-02-27 15:20:09.474,-6.41483,5.09472,2.094,0.072914,-0.357224,0.100546,6.356000000000009
1772223609475983266,2026-02-27 15:20:09.475,-6.23932,5.18613,2.05632,0.081978,-0.342673,0.101515,6.356999999999999
1772223609477153000,2026-02-27 15:20:09.477,-6.26242,5.17754,2.23895,0.079656,-0.339598,0.10153,6.359000000000009
1772223609478328379,2026-02-27 15:20:09.478,-6.24688,5.21625,3.26115,0.078937,-0.342465,0.091454,6.359999999999999
1772223609479509898,2026-02-27 15:20:09.479,-6.13965,5.19403,3.42095,0.078985,-0.336775,0.092453,6.361000000000004
1772223609480637994,2026-02-27 15:20:09.480,-6.1412,5.1567,3.31443,0.081958,-0.333055,0.093449,6.362000000000009
1772223609481788115,2026-02-27 15:20:09.481,-6.05934,5.14248,2.94246,0.086737,-0.331642,0.097967,6.3629999999999995
1772223609482961131,2026-02-27 15:20:09.482,-6.05226,5.1949,2.47031,0.079884,-0.323668,0.101527,6.364000000000004
1772223609484139144,2026-02-27 15:20:09.484,-5.90288,5.19859,2.53242,0.087302,-0.318056,0.102404,6.366
1772223609485314387,2026-02-27 15:20:09.485,-5.91687,5.21172,2.66312,0.084474,-0.321903,0.100781,6.367000000000004
1772223609486478437,2026-02-27 15:20:09.486,-5.91043,5.24239,2.40458,0.083701,-0.3109,0.103247,6.368000000000009
1772223609487596132,2026-02-27 15:20:09.487,-5.74654,5.21146,1.61571,0.083869,-0.307232,0.109272,6.369
1772223609488730945,2026-02-27 15:20:09.488,-5.72677,5.23154,1.81886,0.081517,-0.307307,0.106132,6.3700000000000045
1772223609489902601,2026-02-27 15:20:09.489,-5.60421,5.2266,1.74772,0.081764,-0.297459,0.102033,6.371000000000009
1772223609491071522,2026-02-27 15:20:09.491,-5.67026,5.26527,2.07371,0.082349,-0.298709,0.098672,6.373000000000005
1772223609492245809,2026-02-27 15:20:09.492,-5.60833,5.25844,2.04817,0.077939,-0.285991,0.096627,6.374000000000009
1772223609493421045,2026-02-27 15:20:09.493,-5.56171,5.25942,2.0582,0.078975,-0.293846,0.095037,6.375
1772223609494551832,2026-02-27 15:20:09.494,-5.54798,5.21596,2.00176,0.075184,-0.281809,0.094502,6.376000000000005
1772223609495677296,2026-02-27 15:20:09.495,-5.49356,5.24512,3.06814,0.0774,-0.282568,0.084239,6.3770000000000095
1772223609496822218,2026-02-27 15:20:09.496,-5.57341,5.27149,2.76204,0.077339,-0.289577,0.08701,6.378
1772223609498006509,2026-02-27 15:20:09.498,-5.52277,5.20802,3.0031,0.089331,-0.289269,0.088394,6.38000000000001
1772223609499175940,2026-02-27 15:20:09.499,-5.43772,5.11356,2.33182,0.087684,-0.279337,0.095003,6.381
1772223609500351601,2026-02-27 15:20:09.500,-5.35777,5.12845,2.34762,0.097968,-0.275773,0.096632,6.382000000000005
1772223609501547949,2026-02-27 15:20:09.501,-5.30897,5.16089,2.26183,0.098907,-0.271867,0.097603,6.38300000000001
1772223609502675988,2026-02-27 15:20:09.502,-5.25719,5.15935,2.22167,0.098007,-0.268951,0.097702,6.384
1772223609503826304,2026-02-27 15:20:09.503,-5.10147,5.16067,1.26092,0.093543,-0.250236,0.105255,6.385000000000005
1772223609504999391,2026-02-27 15:20:09.504,-5.03365,5.20322,1.21334,0.091689,-0.250027,0.103249,6.38600000000001
1772223609506175336,2026-02-27 15:20:09.506,-4.97962,5.18742,1.69512,0.079474,-0.252087,0.097483,6.388000000000005
1772223609507350537,2026-02-27 15:20:09.507,-4.91927,5.18321,1.85176,0.074169,-0.241467,0.09235,6.38900000000001
1772223609508569780,2026-02-27 15:20:09.508,-4.8873,5.13228,2.05354,0.077172,-0.24305,0.089725,6.390000000000001
1772223609509827268,2026-02-27 15:20:09.509,-4.89072,5.14934,2.07037,0.067553,-0.242341,0.089747,6.391000000000005
1772223609511024482,2026-02-27 15:20:09.511,-4.86459,5.09121,2.09909,0.071041,-0.246564,0.091775,6.393000000000001
1772223609512193930,2026-02-27 15:20:09.512,-4.76175,5.02341,2.58689,0.071639,-0.233694,0.083224,6.3940000000000055
1772223609513366955,2026-02-27 15:20:09.513,-4.76816,4.99748,2.71201,0.077304,-0.236172,0.083011,6.39500000000001
1772223609514579987,2026-02-27 15:20:09.514,-4.7173,5.02683,2.44817,0.079146,-0.230173,0.086433,6.396000000000001
1772223609515707665,2026-02-27 15:20:09.515,-4.63482,5.00214,2.11359,0.080913,-0.233114,0.091181,6.397000000000006
1772223609516879343,2026-02-27 15:20:09.516,-4.63663,5.00156,1.9278,0.083799,-0.231431,0.091756,6.39800000000001
1772223609518074368,2026-02-27 15:20:09.518,-4.6057,4.90439,1.91009,0.087381,-0.234024,0.091575,6.400000000000006
1772223609519271650,2026-02-27 15:20:09.519,-4.55184,4.87835,1.97707,0.081496,-0.22739,0.090704,6.4010000000000105
1772223609520478242,2026-02-27 15:20:09.520,-4.52123,4.88957,0.844001,0.079734,-0.220663,0.099115,6.402000000000001
1772223609521603998,2026-02-27 15:20:09.521,-4.43639,4.85763,1.31348,0.077151,-0.223243,0.095875,6.403000000000006
1772223609522730160,2026-02-27 15:20:09.522,-4.40042,4.86626,1.23913,0.076954,-0.220981,0.094926,6.404000000000011
1772223609523904318,2026-02-27 15:20:09.523,-4.34531,4.87008,1.74168,0.074326,-0.214272,0.089892,6.405000000000001
1772223609525097514,2026-02-27 15:20:09.525,-4.32943,4.83369,1.78298,0.072232,-0.208254,0.086762,6.407000000000011
1772223609526297617,2026-02-27 15:20:09.526,-4.31566,4.86659,1.84368,0.064721,-0.21424,0.083106,6.408000000000001
1772223609527476533,2026-02-27 15:20:09.527,-4.17966,4.80734,1.81934,0.057443,-0.20667,0.080795,6.409000000000006
1772223609528604217,2026-02-27 15:20:09.528,-4.11924,4.82037,2.72407,0.057627,-0.198974,0.070476,6.410000000000011
1772223609529731901,2026-02-27 15:20:09.529,-4.20468,4.8089,2.62132,0.060219,-0.212056,0.073275,6.411000000000001
1772223609530902187,2026-02-27 15:20:09.530,-4.10909,4.80387,2.59583,0.062951,-0.201699,0.074814,6.412000000000006
1772223609532094858,2026-02-27 15:20:09.532,-4.17875,4.72114,2.13145,0.065258,-0.215907,0.083144,6.4140000000000015
1772223609533263517,2026-02-27 15:20:09.533,-4.07674,4.73897,1.83029,0.070061,-0.200205,0.08664,6.415000000000006
1772223609534435225,2026-02-27 15:20:09.534,-4.11549,4.76259,1.80452,0.06857,-0.201186,0.084081,6.416000000000011
1772223609535558901,2026-02-27 15:20:09.535,-4.09775,4.74521,1.82651,0.063913,-0.20774,0.083433,6.417000000000002
1772223609536686467,2026-02-27 15:20:09.536,-4.1334,4.72412,1.29513,0.061996,-0.200283,0.086842,6.418000000000006
1772223609537858244,2026-02-27 15:20:09.537,-4.12832,4.69195,0.973342,0.055151,-0.212798,0.08861,6.419000000000011
1772223609539052757,2026-02-27 15:20:09.539,-4.20714,4.60395,1.3172,0.049004,-0.213587,0.085262,6.4210000000000065
1772223609540220773,2026-02-27 15:20:09.540,-4.22316,4.59367,1.7199,0.052853,-0.223635,0.082728,6.422000000000011
1772223609541391937,2026-02-27 15:20:09.541,-4.19674,4.56392,2.25901,0.054075,-0.226671,0.081356,6.423000000000002
1772223609542570128,2026-02-27 15:20:09.542,-4.2393,4.55253,2.24128,0.04908,-0.224893,0.080592,6.424000000000007
1772223609543695962,2026-02-27 15:20:09.543,-4.24713,4.55321,2.27201,0.052587,-0.232807,0.082088,6.425000000000011
1772223609544889552,2026-02-27 15:20:09.544,-4.28494,4.54674,2.31052,0.048998,-0.225731,0.079169,6.426000000000002
1772223609546083142,2026-02-27 15:20:09.546,-4.17632,4.53716,3.21386,0.050282,-0.231885,0.07203,6.4280000000000115
1772223609547252124,2026-02-27 15:20:09.547,-4.21698,4.56195,2.74624,0.052229,-0.23077,0.075037,6.429000000000002
1772223609548421899,2026-02-27 15:20:09.548,-4.15913,4.54918,1.82317,0.04753,-0.220199,0.079357,6.430000000000007
1772223609549525328,2026-02-27 15:20:09.549,-4.20999,4.58646,1.85202,0.051471,-0.234851,0.083996,6.431000000000012
1772223609550653160,2026-02-27 15:20:09.550,-4.22207,4.55454,1.79382,0.047355,-0.231236,0.083386,6.432000000000002
1772223609551826130,2026-02-27 15:20:09.551,-4.20883,4.53145,1.75208,0.053367,-0.231726,0.083903,6.433000000000007
1772223609553020856,2026-02-27 15:20:09.553,-4.23915,4.52848,1.75526,0.060782,-0.228844,0.083819,6.435000000000002
1772223609554200204,2026-02-27 15:20:09.554,-4.19148,4.55911,0.61438,0.063947,-0.229446,0.096711,6.436000000000007
1772223609555376646,2026-02-27 15:20:09.555,-4.20083,4.61662,0.807364,0.071184,-0.231247,0.095538,6.437000000000012
1772223609556541038,2026-02-27 15:20:09.556,-4.30324,4.64474,1.48388,0.070725,-0.23438,0.091323,6.438000000000002
1772223609557668974,2026-02-27 15:20:09.557,-4.32663,4.58245,1.69867,0.06413,-0.240104,0.089019,6.439000000000007
1772223609558843870,2026-02-27 15:20:09.558,-4.36489,4.48541,1.7499,0.062469,-0.238601,0.08725,6.440000000000012
1772223609560038994,2026-02-27 15:20:09.560,-4.29889,4.48121,1.76931,0.064804,-0.239347,0.087708,6.442000000000007
1772223609561227269,2026-02-27 15:20:09.561,-4.30353,4.43851,1.70104,0.059599,-0.242103,0.088436,6.443000000000012
1772223609562398958,2026-02-27 15:20:09.562,-4.28212,4.48959,2.71064,0.062193,-0.243931,0.080546,6.444000000000003
1772223609563547897,2026-02-27 15:20:09.563,-4.25094,4.5215,2.41794,0.064022,-0.243158,0.081906,6.445000000000007
1772223609564673563,2026-02-27 15:20:09.564,-4.33471,4.52358,2.0717,0.057973,-0.243859,0.084425,6.446000000000012
1772223609565846502,2026-02-27 15:20:09.565,-4.26185,4.50182,1.55497,0.054865,-0.244835,0.088735,6.447000000000003
1772223609567041652,2026-02-27 15:20:09.567,-4.26514,4.46951,1.47452,0.06274,-0.243734,0.089037,6.449000000000012
1772223609568236230,2026-02-27 15:20:09.568,-4.26175,4.4621,1.70331,0.060391,-0.251217,0.091142,6.450000000000003
1772223609569406857,2026-02-27 15:20:09.569,-4.29516,4.45715,1.7421,0.06316,-0.256245,0.094517,6.451000000000008
1772223609570543427,2026-02-27 15:20:09.570,-4.28394,4.43585,0.783159,0.065392,-0.253984,0.101245,6.452000000000012
1772223609571670914,2026-02-27 15:20:09.571,-4.27643,4.41306,1.18981,0.065675,-0.254334,0.09826,6.453000000000003
1772223609572842887,2026-02-27 15:20:09.572,-4.29795,4.44257,1.15335,0.06877,-0.254406,0.097693,6.454000000000008
1772223609574037067,2026-02-27 15:20:09.574,-4.27643,4.36422,1.62203,0.06772,-0.256646,0.094491,6.456000000000003
1772223609575234370,2026-02-27 15:20:09.575,-4.27917,4.38416,1.83376,0.066598,-0.258511,0.093129,6.457000000000008
1772223609576429111,2026-02-27 15:20:09.576,-4.32343,4.4322,1.80812,0.064888,-0.261898,0.093609,6.458000000000013
1772223609577561115,2026-02-27 15:20:09.577,-4.28276,4.35955,1.76886,0.066062,-0.262531,0.093558,6.459000000000003
1772223609578689068,2026-02-27 15:20:09.578,-4.33951,4.34048,2.88808,0.063546,-0.265311,0.083933,6.460000000000008
1772223609579861209,2026-02-27 15:20:09.579,-4.30774,4.35799,2.54462,0.064268,-0.265868,0.086749,6.461000000000013
1772223609581058134,2026-02-27 15:20:09.581,-4.35132,4.36561,2.6235,0.063617,-0.265147,0.087011,6.463000000000008
1772223609582256502,2026-02-27 15:20:09.582,-4.34179,4.31396,1.97759,0.063097,-0.265192,0.092378,6.463999999999999
1772223609583427121,2026-02-27 15:20:09.583,-4.31428,4.31255,1.75999,0.065993,-0.262949,0.094832,6.465000000000003
1772223609584559517,2026-02-27 15:20:09.584,-4.35313,4.35432,1.7187,0.063615,-0.264445,0.094613,6.466000000000008
1772223609585685519,2026-02-27 15:20:09.585,-4.27757,4.30847,1.70194,0.069258,-0.263308,0.094637,6.466999999999999
1772223609586862498,2026-02-27 15:20:09.586,-4.33305,4.41528,0.99649,0.070002,-0.265144,0.102711,6.4680000000000035
1772223609588039206,2026-02-27 15:20:09.588,-4.32232,4.41236,0.82326,0.071563,-0.266589,0.104371,6.469999999999999
1772223609589243106,2026-02-27 15:20:09.589,-4.31408,4.42075,0.961471,0.074616,-0.265017,0.102138,6.471000000000004
1772223609590470049,2026-02-27 15:20:09.590,-4.36866,4.36805,1.71291,0.073392,-0.266891,0.095935,6.472000000000008
1772223609591567779,2026-02-27 15:20:09.591,-4.36449,4.36963,1.83985,0.075048,-0.269863,0.095229,6.472999999999999
1772223609592717858,2026-02-27 15:20:09.592,-4.37699,4.36029,1.86103,0.073996,-0.269952,0.095008,6.474000000000004
1772223609593895709,2026-02-27 15:20:09.593,-4.39505,4.35711,1.87766,0.073934,-0.271745,0.095479,6.4750000000000085
1772223609595095259,2026-02-27 15:20:09.595,-4.45309,4.33959,2.24837,0.071567,-0.272299,0.091393,6.477000000000004
1772223609596290179,2026-02-27 15:20:09.596,-4.46956,4.36173,2.91244,0.074467,-0.271938,0.086496,6.478000000000009
1772223609597492819,2026-02-27 15:20:09.597,-4.46681,4.43163,2.38908,0.07544,-0.272948,0.091833,6.478999999999999
1772223609598626458,2026-02-27 15:20:09.598,-4.46374,4.43406,1.73127,0.077894,-0.273326,0.096013,6.480000000000004
1772223609599816604,2026-02-27 15:20:09.599,-4.47046,4.44093,1.62144,0.080161,-0.274658,0.097309,6.481000000000009
1772223609601014725,2026-02-27 15:20:09.601,-4.49874,4.42698,1.74013,0.07743,-0.276716,0.09757,6.483000000000004
1772223609602213880,2026-02-27 15:20:09.602,-4.51765,4.45696,1.69474,0.078559,-0.2779,0.098254,6.484000000000009
1772223609603389196,2026-02-27 15:20:09.603,-4.58158,4.47925,1.63386,0.080553,-0.2786,0.098108,6.484999999999999
1772223609604549040,2026-02-27 15:20:09.604,-4.67042,4.45575,0.915182,0.077118,-0.280669,0.104757,6.486000000000004
1772223609605678864,2026-02-27 15:20:09.605,-4.68293,4.46616,0.911046,0.080721,-0.28239,0.10551,6.487000000000009
1772223609606829370,2026-02-27 15:20:09.606,-4.6947,4.53824,1.40366,0.082301,-0.283264,0.101815,6.4879999999999995
1772223609607998044,2026-02-27 15:20:09.607,-4.68274,4.51406,1.55849,0.082525,-0.283611,0.099968,6.489000000000004
1772223609609185947,2026-02-27 15:20:09.609,-4.68896,4.50394,1.58117,0.083743,-0.28554,0.099606,6.491
1772223609610315917,2026-02-27 15:20:09.610,-4.73835,4.53473,1.53939,0.085492,-0.286519,0.099679,6.492000000000004
1772223609611474104,2026-02-27 15:20:09.611,-4.77285,4.56847,2.21809,0.089772,-0.287204,0.092502,6.493000000000009
1772223609612592849,2026-02-27 15:20:09.612,-4.8362,4.58968,2.1289,0.091741,-0.287137,0.093609,6.494
1772223609613723195,2026-02-27 15:20:09.613,-4.86387,4.55806,1.89809,0.092078,-0.287732,0.094564,6.4950000000000045
1772223609614873634,2026-02-27 15:20:09.614,-4.90622,4.55098,1.19421,0.090497,-0.286138,0.099265,6.496000000000009
1772223609616040669,2026-02-27 15:20:09.616,-4.85793,4.56124,0.639592,0.096979,-0.287345,0.103577,6.498000000000005
1772223609617208812,2026-02-27 15:20:09.617,-4.86134,4.59725,0.512511,0.099138,-0.287306,0.104428,6.499000000000009
1772223609618397943,2026-02-27 15:20:09.618,-4.88091,4.59446,0.306647,0.101968,-0.28818,0.104823,6.5
1772223609619531949,2026-02-27 15:20:09.619,-4.8901,4.55881,-0.505516,0.108298,-0.29073,0.11094,6.501000000000005
1772223609620657540,2026-02-27 15:20:09.620,-4.92075,4.58413,-1.212,0.111476,-0.292759,0.116232,6.5020000000000095
1772223609621924635,2026-02-27 15:20:09.621,-4.96851,4.54528,-1.05574,0.111839,-0.293277,0.11399,6.503
1772223609623091596,2026-02-27 15:20:09.623,-5.00675,4.52065,-1.06716,0.114541,-0.295227,0.112582,6.50500000000001
1772223609624259876,2026-02-27 15:20:09.624,-5.05406,4.5498,-0.871211,0.119589,-0.296737,0.110726,6.506
1772223609625470932,2026-02-27 15:20:09.625,-5.02137,4.52077,-1.05472,0.123282,-0.300556,0.110938,6.507000000000005
1772223609626601173,2026-02-27 15:20:09.626,-5.04119,4.51784,-1.22411,0.125784,-0.301232,0.111985,6.50800000000001
1772223609627730754,2026-02-27 15:20:09.627,-5.0965,4.45533,-1.44676,0.124579,-0.303939,0.111448,6.509
1772223609628855951,2026-02-27 15:20:09.628,-5.04376,4.45667,-0.643517,0.127483,-0.306439,0.104056,6.510000000000005
1772223609630024763,2026-02-27 15:20:09.630,-5.09546,4.42458,-1.26506,0.127668,-0.306799,0.108648,6.5120000000000005
1772223609631224474,2026-02-27 15:20:09.631,-5.12576,4.44361,-1.44696,0.12935,-0.307148,0.108402,6.513000000000005
1772223609632415443,2026-02-27 15:20:09.632,-5.13393,4.44096,-2.18247,0.128772,-0.310232,0.114869,6.51400000000001
1772223609633534433,2026-02-27 15:20:09.633,-5.25427,4.38751,-2.69371,0.124511,-0.314433,0.11759,6.515000000000001
1772223609634661979,2026-02-27 15:20:09.634,-5.25324,4.37494,-2.83808,0.123739,-0.317106,0.11774,6.516000000000005
1772223609635805677,2026-02-27 15:20:09.635,-5.26075,4.34889,-3.0664,0.121876,-0.318353,0.118225,6.51700000000001
1772223609636973793,2026-02-27 15:20:09.636,-5.22349,4.35186,-4.28424,0.1252,-0.319114,0.127226,6.518000000000001
1772223609638142201,2026-02-27 15:20:09.638,-5.24371,4.33203,-4.32364,0.121458,-0.320231,0.126717,6.52000000000001
1772223609639309679,2026-02-27 15:20:09.639,-5.17404,4.3463,-4.51083,0.122905,-0.323032,0.127508,6.521000000000001
1772223609640511661,2026-02-27 15:20:09.640,-5.29861,4.35132,-4.20698,0.118994,-0.323976,0.120847,6.522000000000006
1772223609641639501,2026-02-27 15:20:09.641,-5.29404,4.30131,-4.31313,0.117002,-0.325362,0.121378,6.52300000000001
1772223609642783326,2026-02-27 15:20:09.642,-5.29408,4.28636,-4.52148,0.118151,-0.325773,0.122139,6.524000000000001
1772223609643951430,2026-02-27 15:20:09.643,-5.27139,4.32525,-4.80865,0.117103,-0.326574,0.122407,6.525000000000006
1772223609645121955,2026-02-27 15:20:09.645,-5.2934,4.30234,-4.39013,0.118019,-0.326731,0.117533,6.527000000000001
1772223609646315850,2026-02-27 15:20:09.646,-5.30741,4.30833,-4.19676,0.117123,-0.326046,0.115913,6.528000000000006
1772223609647493412,2026-02-27 15:20:09.647,-5.30468,4.3262,-4.70702,0.119069,-0.32602,0.119311,6.529000000000011
1772223609648622393,2026-02-27 15:20:09.648,-5.3463,4.34339,-5.81709,0.117535,-0.328175,0.126849,6.530000000000001
1772223609649764313,2026-02-27 15:20:09.649,-5.33052,4.35296,-5.8082,0.121488,-0.329153,0.12887,6.531000000000006
1772223609650930596,2026-02-27 15:20:09.650,-5.31212,4.37685,-6.01106,0.121648,-0.329609,0.128771,6.532000000000011
1772223609652097777,2026-02-27 15:20:09.652,-5.35624,4.37071,-6.22174,0.12279,-0.329686,0.129769,6.534000000000006
1772223609653233324,2026-02-27 15:20:09.653,-5.33961,4.40907,-6.45488,0.124654,-0.327653,0.13137,6.535000000000011
1772223609654421164,2026-02-27 15:20:09.654,-5.37476,4.40369,-7.53524,0.126205,-0.328061,0.140869,6.536000000000001
1772223609655564475,2026-02-27 15:20:09.655,-5.40948,4.48758,-7.34429,0.123259,-0.327429,0.13627,6.537000000000006
1772223609656693087,2026-02-27 15:20:09.656,-5.44875,4.54398,-7.04606,0.130473,-0.328261,0.134515,6.538000000000011
1772223609657871365,2026-02-27 15:20:09.657,-5.43256,4.55297,-6.92354,0.133816,-0.329627,0.134668,6.5390000000000015
1772223609659067360,2026-02-27 15:20:09.659,-5.47171,4.55993,-7.17356,0.133757,-0.329295,0.135405,6.541000000000011
1772223609660260751,2026-02-27 15:20:09.660,-5.48423,4.59698,-7.31914,0.141114,-0.326263,0.136315,6.542000000000002
1772223609661471349,2026-02-27 15:20:09.661,-5.46957,4.64094,-7.50464,0.142049,-0.327451,0.136693,6.543000000000006
1772223609662603396,2026-02-27 15:20:09.662,-5.48015,4.74528,-7.0431,0.149708,-0.328068,0.131841,6.544000000000011
1772223609663733332,2026-02-27 15:20:09.663,-5.52061,4.76861,-7.15382,0.149128,-0.32732,0.133074,6.545000000000002
1772223609664909426,2026-02-27 15:20:09.664,-5.50223,4.76374,-7.86463,0.156381,-0.328141,0.139454,6.5460000000000065
1772223609666103813,2026-02-27 15:20:09.666,-5.49312,4.8603,-8.21212,0.160528,-0.327926,0.143025,6.548000000000002
1772223609667298854,2026-02-27 15:20:09.667,-5.52727,4.83175,-8.36132,0.162837,-0.328153,0.144066,6.549000000000007
1772223609668497087,2026-02-27 15:20:09.668,-5.59373,4.87267,-8.40884,0.165266,-0.329009,0.145018,6.550000000000011
1772223609669632276,2026-02-27 15:20:09.669,-5.55834,4.9046,-8.55395,0.169072,-0.330263,0.145675,6.551000000000002
1772223609670800877,2026-02-27 15:20:09.670,-5.56527,5.01301,-9.71429,0.178911,-0.328423,0.155529,6.552000000000007
1772223609671975093,2026-02-27 15:20:09.671,-5.56114,5.04359,-9.56333,0.182088,-0.328708,0.154416,6.5530000000000115
1772223609673188513,2026-02-27 15:20:09.673,-5.66881,5.16053,-9.25745,0.186381,-0.332319,0.15101,6.555000000000007
1772223609674395458,2026-02-27 15:20:09.674,-5.77058,5.19325,-8.70411,0.184255,-0.337877,0.149934,6.556000000000012
1772223609675664161,2026-02-27 15:20:09.675,-5.74603,5.187,-8.74924,0.190139,-0.332471,0.148012,6.557000000000002
1772223609676877356,2026-02-27 15:20:09.676,-5.73954,5.32699,-9.11863,0.199183,-0.327317,0.149061,6.558000000000007
1772223609678078026,2026-02-27 15:20:09.678,-5.73869,5.33244,-8.91512,0.200531,-0.331603,0.149055,6.560000000000002
1772223609679279698,2026-02-27 15:20:09.679,-5.83348,5.45013,-8.26197,0.200427,-0.331393,0.142266,6.561000000000007
1772223609680491932,2026-02-27 15:20:09.680,-5.78552,5.52622,-8.73832,0.206721,-0.332112,0.147073,6.562000000000012
1772223609681686278,2026-02-27 15:20:09.681,-5.80681,5.53708,-9.03091,0.212226,-0.329945,0.148508,6.563000000000002
1772223609682903427,2026-02-27 15:20:09.682,-5.77021,5.61814,-10.1206,0.222624,-0.32734,0.15708,6.564000000000007
1772223609684103292,2026-02-27 15:20:09.684,-5.73918,5.66246,-10.5297,0.232981,-0.323319,0.158086,6.5660000000000025
1772223609685300717,2026-02-27 15:20:09.685,-5.73036,5.72017,-10.8051,0.238856,-0.319771,0.160166,6.567000000000007
1772223609686638865,2026-02-27 15:20:09.686,-5.75839,5.74107,-10.8559,0.242486,-0.322124,0.161772,6.568000000000012
1772223609687832284,2026-02-27 15:20:09.687,-5.82443,5.88734,-12.0094,0.256356,-0.321826,0.173715,6.569000000000003
1772223609689036178,2026-02-27 15:20:09.689,-5.80047,5.96034,-12.1799,0.264304,-0.323428,0.175333,6.571000000000012
1772223609690236473,2026-02-27 15:20:09.690,-5.85316,5.92328,-11.7853,0.270902,-0.323927,0.17122,6.572000000000003
1772223609691437453,2026-02-27 15:20:09.691,-5.91279,5.98885,-11.7618,0.277773,-0.322052,0.170992,6.5730000000000075
1772223609692557657,2026-02-27 15:20:09.692,-5.83047,6.04243,-11.9884,0.287303,-0.32242,0.172122,6.574000000000012
1772223609693690459,2026-02-27 15:20:09.693,-5.88565,6.11158,-12.1104,0.296388,-0.32349,0.175534,6.575000000000003
1772223609694864651,2026-02-27 15:20:09.694,-6.01055,6.16436,-11.455,0.296119,-0.323739,0.168305,6.576000000000008
1772223609696063262,2026-02-27 15:20:09.696,-5.92553,6.21366,-11.4515,0.309245,-0.322924,0.168761,6.578000000000003
1772223609697260173,2026-02-27 15:20:09.697,-5.9469,6.2937,-11.8531,0.314865,-0.321975,0.171263,6.579000000000008
1772223609698474057,2026-02-27 15:20:09.698,-5.94422,6.29514,-12.4176,0.316662,-0.321577,0.176749,6.5800000000000125
1772223609699609233,2026-02-27 15:20:09.699,-5.90753,6.34077,-13.1,0.324652,-0.319212,0.182063,6.581000000000003
1772223609700777415,2026-02-27 15:20:09.700,-5.97834,6.37074,-13.4736,0.32982,-0.320661,0.186315,6.582000000000008
1772223609701973719,2026-02-27 15:20:09.701,-5.9766,6.42009,-13.6052,0.335638,-0.320164,0.188092,6.583000000000013
1772223609703172822,2026-02-27 15:20:09.703,-6.01168,6.49471,-14.0554,0.33987,-0.320996,0.191637,6.585000000000008
1772223609704371156,2026-02-27 15:20:09.704,-6.03875,6.58812,-14.904,0.34118,-0.324593,0.19986,6.586000000000013
1772223609705504354,2026-02-27 15:20:09.705,-6.07662,6.64313,-14.7231,0.349355,-0.324874,0.19741,6.587000000000003
1772223609706641100,2026-02-27 15:20:09.706,-6.1251,6.70593,-14.5203,0.355298,-0.326348,0.194527,6.588000000000008
1772223609707804264,2026-02-27 15:20:09.707,-6.13374,6.73334,-14.3741,0.355487,-0.330489,0.193839,6.588999999999999
1772223609709006510,2026-02-27 15:20:09.709,-6.1469,6.75657,-14.5041,0.356245,-0.329207,0.195066,6.591000000000008
1772223609710205008,2026-02-27 15:20:09.710,-6.17822,6.77881,-14.792,0.35824,-0.330881,0.195431,6.591999999999999
1772223609711404819,2026-02-27 15:20:09.711,-6.16335,6.81586,-15.0041,0.361401,-0.327342,0.197048,6.5930000000000035
1772223609712560912,2026-02-27 15:20:09.712,-6.23134,6.88436,-14.1811,0.366551,-0.327389,0.18957,6.594000000000008
1772223609713692931,2026-02-27 15:20:09.713,-6.21776,6.97882,-14.8897,0.371578,-0.326224,0.195505,6.594999999999999
1772223609714863785,2026-02-27 15:20:09.714,-6.22745,6.99069,-15.6391,0.373065,-0.327412,0.201134,6.596000000000004
1772223609716065125,2026-02-27 15:20:09.716,-6.19135,6.95725,-15.9845,0.377001,-0.32875,0.204424,6.597999999999999
1772223609717262413,2026-02-27 15:20:09.717,-6.27223,6.97564,-16.0531,0.378593,-0.331047,0.205365,6.599000000000004
1772223609718474177,2026-02-27 15:20:09.718,-6.34855,7.00121,-16.2363,0.382208,-0.328803,0.205363,6.6000000000000085
1772223609719608706,2026-02-27 15:20:09.719,-6.30154,7.02371,-16.5044,0.389198,-0.327926,0.206402,6.600999999999999
1772223609720762193,2026-02-27 15:20:09.720,-6.29816,7.06357,-17.5825,0.392741,-0.329175,0.215746,6.602000000000004
1772223609721960951,2026-02-27 15:20:09.721,-6.31697,7.09284,-17.6074,0.393871,-0.329979,0.216435,6.603000000000009
1772223609723162029,2026-02-27 15:20:09.723,-6.33573,7.11881,-17.3612,0.400273,-0.329828,0.21331,6.605000000000004
1772223609724362150,2026-02-27 15:20:09.724,-6.34937,7.16213,-17.1517,0.403183,-0.331691,0.212478,6.606000000000009
1772223609725566323,2026-02-27 15:20:09.725,-6.36454,7.17204,-17.2144,0.403538,-0.332142,0.212685,6.606999999999999
1772223609726700494,2026-02-27 15:20:09.726,-6.3313,7.24013,-17.5679,0.409493,-0.333737,0.214153,6.608000000000004
1772223609727870482,2026-02-27 15:20:09.727,-6.34318,7.24604,-17.2141,0.412223,-0.33454,0.209941,6.609000000000009
1772223609729070760,2026-02-27 15:20:09.729,-6.48336,7.24273,-16.8039,0.407244,-0.334789,0.20566,6.611000000000004
1772223609730266775,2026-02-27 15:20:09.730,-6.35758,7.2738,-17.2517,0.411738,-0.336292,0.209319,6.612000000000009
1772223609731484289,2026-02-27 15:20:09.731,-6.36833,7.29812,-17.6175,0.412442,-0.335758,0.212348,6.6129999999999995
1772223609732619341,2026-02-27 15:20:09.732,-6.33622,7.30103,-18.2385,0.414287,-0.336717,0.217168,6.614000000000004
1772223609733919808,2026-02-27 15:20:09.733,-6.32436,7.36336,-18.3888,0.410147,-0.338098,0.218114,6.615000000000009
1772223609735122581,2026-02-27 15:20:09.735,-6.31755,7.39266,-18.6282,0.404496,-0.337908,0.217019,6.617000000000004
1772223609736321877,2026-02-27 15:20:09.736,-6.31659,7.3778,-18.6803,0.408898,-0.338823,0.21901,6.618000000000009
1772223609737531522,2026-02-27 15:20:09.737,-6.25914,7.38166,-19.7771,0.410339,-0.337389,0.228208,6.619
1772223609738667025,2026-02-27 15:20:09.738,-6.23882,7.43516,-19.6971,0.408846,-0.337421,0.225249,6.6200000000000045
1772223609739880302,2026-02-27 15:20:09.739,-6.25775,7.44363,-19.2802,0.408683,-0.337519,0.22058,6.621000000000009
1772223609741078782,2026-02-27 15:20:09.741,-6.17656,7.4955,-19.213,0.411454,-0.337538,0.220016,6.623000000000005
1772223609742278013,2026-02-27 15:20:09.742,-6.22903,7.51141,-19.3193,0.409186,-0.338395,0.220389,6.624000000000009
1772223609743492087,2026-02-27 15:20:09.743,-6.2322,7.56416,-19.348,0.41017,-0.338694,0.22171,6.625
1772223609744627988,2026-02-27 15:20:09.744,-6.18846,7.6054,-19.5322,0.412112,-0.338399,0.22207,6.626000000000005
1772223609745786703,2026-02-27 15:20:09.745,-6.31592,7.72472,-18.9887,0.414212,-0.337037,0.216551,6.6270000000000095
1772223609746988509,2026-02-27 15:20:09.746,-6.23252,7.75866,-19.158,0.417775,-0.336129,0.217984,6.628
1772223609748185639,2026-02-27 15:20:09.748,-6.23357,7.71325,-19.7613,0.415347,-0.336422,0.222921,6.63000000000001
1772223609749383311,2026-02-27 15:20:09.749,-6.21084,7.7539,-20.2315,0.414561,-0.337391,0.2263,6.631
1772223609750579834,2026-02-27 15:20:09.750,-6.12107,7.78469,-20.435,0.421688,-0.336825,0.226935,6.632000000000005
1772223609751716306,2026-02-27 15:20:09.751,-6.13718,7.845,-20.6464,0.418138,-0.336864,0.227855,6.63300000000001
1772223609752890565,2026-02-27 15:20:09.752,-6.19433,7.8459,-21.2602,0.421124,-0.334522,0.234626,6.634
1772223609754089152,2026-02-27 15:20:09.754,-6.14304,7.91726,-21.9371,0.423483,-0.333215,0.238778,6.63600000000001
1772223609755221578,2026-02-27 15:20:09.755,-6.18312,7.88889,-21.7878,0.421323,-0.332546,0.23753,6.6370000000000005
1772223609756421287,2026-02-27 15:20:09.756,-6.07888,7.9744,-21.6512,0.427316,-0.331053,0.235987,6.638000000000005
1772223609757562044,2026-02-27 15:20:09.757,-6.07418,8.03682,-21.4164,0.430084,-0.330907,0.234495,6.63900000000001
1772223609758694767,2026-02-27 15:20:09.758,-6.061,8.04426,-21.3926,0.431143,-0.330065,0.234088,6.640000000000001
1772223609759864198,2026-02-27 15:20:09.759,-6.0534,8.05549,-21.6685,0.436362,-0.328292,0.236156,6.641000000000005
1772223609761064463,2026-02-27 15:20:09.761,-6.08664,8.10611,-21.7454,0.439587,-0.326707,0.235563,6.643000000000001
1772223609762262920,2026-02-27 15:20:09.762,-6.14715,8.16844,-20.9509,0.442418,-0.325403,0.229275,6.6440000000000055
1772223609763477626,2026-02-27 15:20:09.763,-6.0266,8.18141,-21.4821,0.44548,-0.323773,0.233232,6.64500000000001
1772223609764609351,2026-02-27 15:20:09.764,-6.0153,8.19301,-21.6292,0.447488,-0.324257,0.234054,6.646000000000001
1772223609765744376,2026-02-27 15:20:09.765,-6.05546,8.28363,-22.4525,0.451724,-0.321133,0.241831,6.647000000000006
1772223609766905016,2026-02-27 15:20:09.766,-6.05007,8.31518,-22.5128,0.455507,-0.321796,0.241902,6.64800000000001
1772223609768108476,2026-02-27 15:20:09.768,-6.02274,8.33244,-22.6606,0.45758,-0.321237,0.242917,6.650000000000006
1772223609769306977,2026-02-27 15:20:09.769,-6.02841,8.33528,-22.7209,0.460505,-0.320691,0.242942,6.6510000000000105
1772223609770520746,2026-02-27 15:20:09.770,-6.04882,8.38571,-23.8668,0.463424,-0.319418,0.253284,6.652000000000001
1772223609771652409,2026-02-27 15:20:09.771,-6.03011,8.43967,-23.7516,0.467766,-0.318841,0.251527,6.653000000000006
1772223609772806270,2026-02-27 15:20:09.772,-6.13385,8.56337,-23.4453,0.467594,-0.317736,0.247958,6.654000000000011
1772223609773990907,2026-02-27 15:20:09.773,-6.13192,8.54685,-23.1582,0.474985,-0.318986,0.248066,6.655000000000001
1772223609775195298,2026-02-27 15:20:09.775,-6.23316,8.58845,-23.2402,0.475439,-0.317994,0.247882,6.657000000000011
1772223609776397644,2026-02-27 15:20:09.776,-6.19886,8.64946,-23.183,0.479485,-0.316539,0.248845,6.658000000000001
1772223609777575686,2026-02-27 15:20:09.777,-6.21306,8.64442,-23.245,0.484275,-0.3183,0.249156,6.659000000000006
1772223609778726507,2026-02-27 15:20:09.778,-6.23884,8.70278,-22.5958,0.486455,-0.316448,0.243384,6.660000000000011
1772223609779878890,2026-02-27 15:20:09.779,-6.2637,8.78099,-22.7694,0.492759,-0.313608,0.245358,6.661000000000001
1772223609781079596,2026-02-27 15:20:09.781,-6.26295,8.8477,-23.2386,0.496026,-0.312188,0.248813,6.663000000000011
1772223609782281565,2026-02-27 15:20:09.782,-6.32157,8.85373,-23.8007,0.498089,-0.313073,0.253723,6.6640000000000015
1772223609783476386,2026-02-27 15:20:09.783,-6.3219,8.92434,-23.8263,0.502767,-0.315197,0.254732,6.665000000000006
1772223609784609706,2026-02-27 15:20:09.784,-6.30076,8.94562,-23.9293,0.506819,-0.315034,0.255184,6.666000000000011
1772223609785744668,2026-02-27 15:20:09.785,-6.42016,8.96503,-24.0519,0.508708,-0.314173,0.255008,6.667000000000002
1772223609786896605,2026-02-27 15:20:09.786,-6.43695,9.08514,-25.2256,0.519864,-0.31573,0.266868,6.668000000000006
1772223609788087293,2026-02-27 15:20:09.788,-6.45353,9.12848,-24.9382,0.524443,-0.317057,0.263544,6.670000000000002
1772223609789288563,2026-02-27 15:20:09.789,-6.51129,9.16401,-24.9955,0.529789,-0.317877,0.263049,6.6710000000000065
1772223609790502728,2026-02-27 15:20:09.790,-6.52205,9.23528,-24.7339,0.532938,-0.317812,0.260526,6.672000000000011
1772223609791643480,2026-02-27 15:20:09.791,-6.58744,9.21013,-24.6288,0.533331,-0.320091,0.259796,6.673000000000002
1772223609792812826,2026-02-27 15:20:09.792,-6.5711,9.25147,-24.7993,0.539436,-0.319909,0.261335,6.674000000000007
1772223609793988098,2026-02-27 15:20:09.793,-6.68888,9.34376,-24.9486,0.544062,-0.32343,0.262161,6.675000000000011
1772223609795186562,2026-02-27 15:20:09.795,-6.72452,9.33109,-23.8775,0.544188,-0.327188,0.253853,6.677000000000007
1772223609796389418,2026-02-27 15:20:09.796,-6.77667,9.39445,-24.3643,0.545739,-0.325147,0.256641,6.6780000000000115
1772223609797570767,2026-02-27 15:20:09.797,-6.7006,9.43632,-24.4287,0.550006,-0.326895,0.257555,6.679000000000002
1772223609798721584,2026-02-27 15:20:09.798,-6.71634,9.42175,-25.0598,0.551301,-0.330396,0.263696,6.680000000000007
1772223609799874972,2026-02-27 15:20:09.799,-6.75138,9.41305,-25.4232,0.554658,-0.331543,0.266375,6.681000000000012
1772223609801049397,2026-02-27 15:20:09.801,-6.8186,9.47539,-25.6325,0.557525,-0.334845,0.267082,6.683000000000007
1772223609802250557,2026-02-27 15:20:09.802,-6.86995,9.47647,-25.7179,0.55937,-0.337198,0.267566,6.684000000000012
1772223609803470582,2026-02-27 15:20:09.803,-6.88039,9.47616,-26.401,0.558467,-0.340835,0.275347,6.685000000000002
1772223609804605624,2026-02-27 15:20:09.804,-6.89321,9.52248,-26.7381,0.55868,-0.343313,0.276944,6.686000000000007
1772223609805756208,2026-02-27 15:20:09.805,-6.91634,9.52012,-26.6272,0.560933,-0.344189,0.275582,6.687000000000012
1772223609806934551,2026-02-27 15:20:09.806,-6.95666,9.56297,-26.0821,0.560667,-0.348122,0.269788,6.688000000000002
1772223609808114243,2026-02-27 15:20:09.808,-6.97799,9.52736,-26.0308,0.56236,-0.349618,0.268158,6.690000000000012
1772223609809315688,2026-02-27 15:20:09.809,-6.93051,9.5699,-26.1393,0.560736,-0.351751,0.26916,6.6910000000000025
1772223609810528908,2026-02-27 15:20:09.810,-6.97213,9.62926,-26.2641,0.560408,-0.352478,0.269365,6.692000000000007
1772223609811664903,2026-02-27 15:20:09.811,-7.02926,9.61724,-26.0626,0.562566,-0.356205,0.2664,6.693000000000012
1772223609812845368,2026-02-27 15:20:09.812,-6.98201,9.67036,-25.4155,0.563501,-0.357159,0.261025,6.694000000000003
1772223609814018372,2026-02-27 15:20:09.814,-7.01545,9.69827,-26.0356,0.561199,-0.360363,0.265203,6.696000000000012
1772223609815212153,2026-02-27 15:20:09.815,-7.07896,9.74075,-26.6218,0.559601,-0.36143,0.270475,6.697000000000003
1772223609816410146,2026-02-27 15:20:09.816,-7.05283,9.72567,-26.7479,0.561779,-0.361113,0.271278,6.6980000000000075
1772223609817575372,2026-02-27 15:20:09.817,-7.03883,9.73528,-26.8869,0.563148,-0.361603,0.270807,6.699000000000012
1772223609818706817,2026-02-27 15:20:09.818,-7.05033,9.75971,-26.9283,0.561991,-0.36221,0.270789,6.700000000000003
1772223609819861049,2026-02-27 15:20:09.819,-7.03421,9.80402,-27.0981,0.561622,-0.36414,0.271799,6.701000000000008
1772223609821036192,2026-02-27 15:20:09.821,-7.0393,9.81304,-27.8721,0.561462,-0.365123,0.278013,6.703000000000003
1772223609822239436,2026-02-27 15:20:09.822,-7.08246,9.839,-28.0152,0.562203,-0.365154,0.277989,6.704000000000008
1772223609823444980,2026-02-27 15:20:09.823,-7.07926,9.85305,-27.5614,0.563724,-0.366415,0.274024,6.7050000000000125
1772223609824569604,2026-02-27 15:20:09.824,-7.10949,9.83673,-27.3888,0.562966,-0.36661,0.272406,6.706000000000003
1772223609825701599,2026-02-27 15:20:09.825,-7.03981,9.85181,-27.3899,0.562503,-0.370532,0.272636,6.707000000000008
1772223609826874661,2026-02-27 15:20:09.826,-7.08492,9.91092,-27.4935,0.564125,-0.369758,0.272873,6.708000000000013
1772223609828048224,2026-02-27 15:20:09.828,-7.13589,9.87421,-26.7507,0.567253,-0.372716,0.265072,6.710000000000008
1772223609829249851,2026-02-27 15:20:09.829,-7.16758,9.94337,-26.9408,0.569587,-0.372414,0.266135,6.711000000000013
1772223609830448692,2026-02-27 15:20:09.830,-7.1783,9.95198,-26.9921,0.567324,-0.373593,0.267583,6.712000000000003
1772223609831563422,2026-02-27 15:20:09.831,-7.11784,9.88954,-27.6096,0.569088,-0.375438,0.271937,6.713000000000008
1772223609832695453,2026-02-27 15:20:09.832,-7.04023,9.89409,-28.0393,0.570747,-0.373868,0.275728,6.713999999999999
1772223609833875715,2026-02-27 15:20:09.833,-7.03484,9.9414,-28.0887,0.568783,-0.373959,0.276966,6.715000000000003
1772223609835052473,2026-02-27 15:20:09.835,-6.92245,9.95534,-28.2484,0.567374,-0.37104,0.279952,6.716999999999999
1772223609836246822,2026-02-27 15:20:09.836,-6.84278,9.99063,-28.6106,0.56761,-0.368442,0.285886,6.7180000000000035
1772223609837445855,2026-02-27 15:20:09.837,-6.77077,9.94785,-29.4474,0.568834,-0.364917,0.292809,6.719000000000008
1772223609838600629,2026-02-27 15:20:09.838,-6.67761,10.0031,-29.1713,0.567489,-0.361666,0.291366,6.719999999999999
1772223609839736019,2026-02-27 15:20:09.839,-6.64498,10.0108,-29.1273,0.568271,-0.357696,0.29112,6.721000000000004
1772223609840910388,2026-02-27 15:20:09.840,-6.59648,10.028,-28.8297,0.565947,-0.356077,0.28927,6.722000000000008
1772223609842085418,2026-02-27 15:20:09.842,-6.43786,10.0896,-28.935,0.566942,-0.348121,0.290552,6.724000000000004
1772223609843282212,2026-02-27 15:20:09.843,-6.34204,10.1124,-28.9663,0.565603,-0.345089,0.292555,6.7250000000000085
1772223609844496362,2026-02-27 15:20:09.844,-6.31472,10.1099,-29.151,0.569174,-0.342488,0.293113,6.725999999999999
1772223609845728880,2026-02-27 15:20:09.845,-6.28775,10.1352,-28.1644,0.566091,-0.340586,0.285446,6.727000000000004
1772223609846909773,2026-02-27 15:20:09.846,-6.22295,10.1279,-28.6452,0.567952,-0.336828,0.29089,6.728000000000009
1772223609848092349,2026-02-27 15:20:09.848,-6.11045,10.142,-29.4168,0.571277,-0.331847,0.297452,6.730000000000004
1772223609849286536,2026-02-27 15:20:09.849,-6.09389,10.0789,-29.7504,0.57438,-0.328464,0.298947,6.731000000000009
1772223609850503139,2026-02-27 15:20:09.850,-6.05593,10.005,-30.1587,0.586521,-0.325887,0.299944,6.731999999999999
1772223609851633619,2026-02-27 15:20:09.851,-6.05167,10.0325,-30.4067,0.588305,-0.323011,0.300668,6.733000000000004
1772223609852812713,2026-02-27 15:20:09.852,-5.99256,10.0444,-30.5208,0.590064,-0.32019,0.302922,6.734000000000009
1772223609853996483,2026-02-27 15:20:09.853,-5.97084,10.0492,-31.5156,0.594079,-0.316663,0.312221,6.734999999999999
1772223609855145748,2026-02-27 15:20:09.855,-5.84401,10.1153,-31.5868,0.600923,-0.310562,0.311557,6.737000000000009
1772223609856359194,2026-02-27 15:20:09.856,-5.91302,10.0834,-31.117,0.597488,-0.308546,0.307891,6.7379999999999995
1772223609857568693,2026-02-27 15:20:09.857,-5.8077,10.1508,-30.8763,0.602406,-0.306882,0.305943,6.739000000000004
1772223609858723387,2026-02-27 15:20:09.858,-5.75337,10.1678,-30.8205,0.603901,-0.306147,0.30704,6.740000000000009
1772223609859920290,2026-02-27 15:20:09.859,-5.7657,10.2372,-30.8808,0.605341,-0.303099,0.307036,6.741
1772223609861098482,2026-02-27 15:20:09.861,-5.76479,10.2471,-30.389,0.609117,-0.300772,0.303725,6.743000000000009
1772223609862295409,2026-02-27 15:20:09.862,-5.80276,10.2486,-29.922,0.610164,-0.299631,0.300806,6.744
1772223609863508147,2026-02-27 15:20:09.863,-5.74859,10.2679,-30.2233,0.613864,-0.299095,0.30368,6.7450000000000045
1772223609864642579,2026-02-27 15:20:09.864,-5.76253,10.2741,-30.5084,0.61608,-0.29651,0.306959,6.746000000000009
1772223609865836430,2026-02-27 15:20:09.865,-5.7047,10.3243,-31.1178,0.615733,-0.295217,0.310008,6.747
1772223609867014978,2026-02-27 15:20:09.867,-5.73508,10.294,-31.0258,0.619683,-0.296129,0.311651,6.749000000000009
1772223609868190053,2026-02-27 15:20:09.868,-5.68749,10.2658,-31.0668,0.624419,-0.295689,0.312106,6.75
1772223609869399800,2026-02-27 15:20:09.869,-5.66455,10.2697,-31.0174,0.625758,-0.295892,0.314076,6.751000000000005
1772223609870541809,2026-02-27 15:20:09.870,-5.66034,10.2921,-32.032,0.628548,-0.297162,0.323002,6.7520000000000095
1772223609871711323,2026-02-27 15:20:09.871,-5.65378,10.2355,-31.6962,0.630557,-0.296833,0.31849,6.753
1772223609872859906,2026-02-27 15:20:09.872,-5.62223,10.219,-31.6787,0.634373,-0.297967,0.319211,6.754000000000005
1772223609874034135,2026-02-27 15:20:09.874,-5.60765,10.2548,-30.9921,0.637101,-0.296849,0.314087,6.756
1772223609875212555,2026-02-27 15:20:09.875,-5.62589,10.2177,-31.0547,0.638097,-0.297947,0.314294,6.757000000000005
1772223609876411682,2026-02-27 15:20:09.876,-5.64417,10.1813,-31.061,0.638121,-0.2996,0.315161,6.75800000000001
1772223609877574238,2026-02-27 15:20:09.877,-5.64823,10.1846,-31.0853,0.639421,-0.299982,0.315825,6.759
1772223609878706184,2026-02-27 15:20:09.878,-5.65265,10.1769,-30.0363,0.637745,-0.297766,0.304799,6.760000000000005
1772223609879905914,2026-02-27 15:20:09.879,-5.65067,10.1448,-30.2439,0.64263,-0.297939,0.308829,6.76100000000001
1772223609881081438,2026-02-27 15:20:09.881,-5.62067,10.1768,-30.8715,0.64143,-0.295292,0.314613,6.763000000000005
1772223609882256928,2026-02-27 15:20:09.882,-5.55504,10.123,-31.1264,0.639428,-0.294799,0.319483,6.76400000000001
1772223609883431627,2026-02-27 15:20:09.883,-5.54877,10.1536,-31.1124,0.636391,-0.295477,0.320304,6.765000000000001
1772223609884626364,2026-02-27 15:20:09.884,-5.52181,10.1352,-31.2202,0.633363,-0.293489,0.321194,6.766000000000005
1772223609885802038,2026-02-27 15:20:09.885,-5.51689,10.2614,-31.0741,0.626497,-0.29161,0.320315,6.76700000000001
1772223609887005663,2026-02-27 15:20:09.887,-5.46543,10.1832,-31.4567,0.629746,-0.290221,0.329477,6.7690000000000055
1772223609888195051,2026-02-27 15:20:09.888,-5.33253,10.1991,-31.2594,0.617714,-0.286616,0.333485,6.77000000000001
1772223609889388131,2026-02-27 15:20:09.889,-5.18128,10.1261,-31.1648,0.616228,-0.275904,0.332151,6.771000000000001
1772223609890577409,2026-02-27 15:20:09.890,-5.07175,10.1793,-31.0291,0.618796,-0.266343,0.330822,6.772000000000006
1772223609891712859,2026-02-27 15:20:09.891,-5.07964,10.259,-31.0496,0.613841,-0.261214,0.330678,6.77300000000001
1772223609892868432,2026-02-27 15:20:09.892,-5.05673,10.3265,-31.0618,0.6114,-0.259471,0.332541,6.774000000000001
1772223609894063420,2026-02-27 15:20:09.894,-5.03229,10.399,-30.9704,0.605429,-0.262058,0.333812,6.7760000000000105
1772223609895235477,2026-02-27 15:20:09.895,-4.90897,10.3368,-29.8356,0.596354,-0.261804,0.328372,6.777000000000001
1772223609896437712,2026-02-27 15:20:09.896,-4.62705,10.234,-30.6527,0.603739,-0.245685,0.333599,6.778000000000006
1772223609897572496,2026-02-27 15:20:09.897,-4.59211,10.3246,-30.8541,0.605013,-0.241192,0.336681,6.779000000000011
1772223609898703971,2026-02-27 15:20:09.898,-4.6082,10.3678,-31.6692,0.600217,-0.238639,0.342747,6.780000000000001
1772223609899882757,2026-02-27 15:20:09.899,-4.62022,10.4462,-32.0117,0.600318,-0.240491,0.345201,6.781000000000006
1772223609901083077,2026-02-27 15:20:09.901,-4.6615,10.4902,-32.083,0.604089,-0.241943,0.346805,6.783000000000001
1772223609902266474,2026-02-27 15:20:09.902,-4.65883,10.4113,-32.233,0.601872,-0.245268,0.347749,6.784000000000006
1772223609903478402,2026-02-27 15:20:09.903,-4.65048,10.4455,-33.2541,0.603769,-0.244795,0.357699,6.785000000000011
1772223609904610957,2026-02-27 15:20:09.904,-4.66025,10.384,-32.8775,0.60438,-0.245469,0.356192,6.786000000000001
1772223609905742323,2026-02-27 15:20:09.905,-4.7176,10.3984,-32.9727,0.600186,-0.243938,0.354788,6.787000000000006
1772223609906917580,2026-02-27 15:20:09.906,-4.61011,10.3331,-32.335,0.605562,-0.244492,0.351319,6.788000000000011
1772223609908101050,2026-02-27 15:20:09.908,-4.67303,10.3489,-32.0862,0.607301,-0.242754,0.347453,6.790000000000006
1772223609909273258,2026-02-27 15:20:09.909,-4.58292,10.3052,-32.0268,0.602942,-0.23818,0.347891,6.791000000000011
1772223609910488970,2026-02-27 15:20:09.910,-4.59549,10.3091,-32.0507,0.59776,-0.236012,0.348174,6.792000000000002
1772223609911624501,2026-02-27 15:20:09.911,-4.54669,10.324,-31.3322,0.599126,-0.234759,0.341298,6.793000000000006
1772223609912805533,2026-02-27 15:20:09.912,-4.45396,10.3656,-31.192,0.59763,-0.232653,0.341923,6.794000000000011
1772223609914003874,2026-02-27 15:20:09.914,-4.4435,10.3908,-31.4287,0.596142,-0.2305,0.343873,6.7960000000000065
1772223609915179660,2026-02-27 15:20:09.915,-4.43688,10.4187,-31.9559,0.591976,-0.227427,0.349655,6.797000000000011
1772223609916360095,2026-02-27 15:20:09.916,-4.36891,10.4578,-32.407,0.587012,-0.222657,0.356475,6.798000000000002
1772223609917568165,2026-02-27 15:20:09.917,-4.28906,10.5386,-32.3548,0.58607,-0.219054,0.358138,6.799000000000007
1772223609918699763,2026-02-27 15:20:09.918,-4.24764,10.5766,-32.3824,0.583142,-0.216134,0.359296,6.800000000000011
1772223609919875962,2026-02-27 15:20:09.919,-4.26044,10.6316,-32.569,0.578568,-0.213681,0.362729,6.801000000000002
1772223609921077130,2026-02-27 15:20:09.921,-4.18323,10.6384,-33.3721,0.582071,-0.211717,0.370834,6.8030000000000115
1772223609922251902,2026-02-27 15:20:09.922,-4.14098,10.655,-32.8543,0.581393,-0.207635,0.369748,6.804000000000002
1772223609923449983,2026-02-27 15:20:09.923,-4.10444,10.7112,-32.3262,0.582291,-0.205798,0.36705,6.805000000000007
1772223609924561383,2026-02-27 15:20:09.924,-4.09383,10.7152,-32.1186,0.584337,-0.202117,0.366721,6.806000000000012
1772223609925696700,2026-02-27 15:20:09.925,-4.0213,10.6726,-32.1424,0.584788,-0.201953,0.367505,6.807000000000002
1772223609926893945,2026-02-27 15:20:09.926,-3.98318,10.7475,-31.9665,0.586352,-0.200449,0.368912,6.808000000000007
1772223609928098239,2026-02-27 15:20:09.928,-3.90915,10.765,-31.927,0.587899,-0.196784,0.36952,6.810000000000002
1772223609929276559,2026-02-27 15:20:09.929,-3.87142,10.8142,-31.2311,0.589128,-0.191354,0.366223,6.811000000000007
1772223609930470792,2026-02-27 15:20:09.930,-3.83988,10.8103,-31.1141,0.593376,-0.189997,0.367404,6.812000000000012
1772223609931604145,2026-02-27 15:20:09.931,-3.83013,10.7903,-31.583,0.59147,-0.1894,0.373701,6.813000000000002
1772223609932780926,2026-02-27 15:20:09.932,-3.76132,10.7861,-31.3984,0.589898,-0.191226,0.376746,6.814000000000007
1772223609933979518,2026-02-27 15:20:09.933,-3.70941,10.7611,-31.0262,0.593144,-0.184877,0.376454,6.815000000000012
1772223609935172997,2026-02-27 15:20:09.935,-3.67316,10.6908,-30.6711,0.586249,-0.186255,0.377962,6.817000000000007
1772223609936351680,2026-02-27 15:20:09.936,-3.31861,10.6547,-32.1989,0.60289,-0.152102,0.387201,6.818000000000012
1772223609937536637,2026-02-27 15:20:09.937,-3.22579,10.8188,-32.8178,0.606691,-0.141017,0.38916,6.819000000000003
1772223609938670840,2026-02-27 15:20:09.938,-3.29565,10.9839,-33.0495,0.59853,-0.144965,0.392682,6.820000000000007
1772223609939853083,2026-02-27 15:20:09.939,-3.32029,11.1023,-33.0237,0.601261,-0.147749,0.391806,6.821000000000012
1772223609941053863,2026-02-27 15:20:09.941,-3.30832,11.1499,-32.9073,0.605166,-0.150764,0.39287,6.8230000000000075
1772223609942229649,2026-02-27 15:20:09.942,-3.39857,11.1591,-32.9449,0.60893,-0.154032,0.395383,6.824000000000012
1772223609943408227,2026-02-27 15:20:09.943,-3.41068,11.0921,-32.9735,0.626893,-0.158973,0.397497,6.825000000000003
1772223609944533621,2026-02-27 15:20:09.944,-3.47376,10.9806,-32.5652,0.635862,-0.160929,0.394496,6.826000000000008
1772223609945663057,2026-02-27 15:20:09.945,-3.61476,10.9429,-31.9369,0.641415,-0.160601,0.388606,6.827000000000012
1772223609946842408,2026-02-27 15:20:09.946,-3.59638,10.9173,-32.2479,0.653206,-0.160492,0.390151,6.828000000000003
1772223609948045265,2026-02-27 15:20:09.948,-3.60722,10.859,-32.3703,0.65763,-0.161193,0.390374,6.8300000000000125
1772223609949221324,2026-02-27 15:20:09.949,-3.63643,10.7139,-32.8132,0.659072,-0.162346,0.392678,6.831000000000003
1772223609950397794,2026-02-27 15:20:09.950,-3.66952,10.6223,-32.9171,0.665535,-0.165882,0.390001,6.832000000000008
1772223609951529164,2026-02-27 15:20:09.951,-3.69799,10.5758,-33.0318,0.665162,-0.168029,0.388671,6.833000000000013
1772223609952660937,2026-02-27 15:20:09.952,-3.66498,10.5744,-33.0681,0.663903,-0.168998,0.387979,6.834000000000003
1772223609953834886,2026-02-27 15:20:09.953,-3.72568,10.5862,-34.1487,0.663257,-0.170858,0.397264,6.835000000000008
1772223609955011672,2026-02-27 15:20:09.955,-3.75077,10.5664,-33.814,0.659953,-0.171816,0.392485,6.837000000000003
1772223609956227696,2026-02-27 15:20:09.956,-3.73114,10.574,-33.8363,0.657424,-0.173406,0.39265,6.838000000000008
1772223609957537474,2026-02-27 15:20:09.957,-3.69699,10.5583,-33.0962,0.660528,-0.16831,0.385756,6.838999999999999
1772223609958667265,2026-02-27 15:20:09.958,-3.70807,10.5774,-33.1593,0.655452,-0.165742,0.385807,6.840000000000003
1772223609959866847,2026-02-27 15:20:09.959,-3.71476,10.6125,-33.2393,0.65406,-0.164243,0.385521,6.841000000000008
1772223609961066005,2026-02-27 15:20:09.961,-3.69635,10.6671,-33.2851,0.653477,-0.163305,0.386343,6.8430000000000035
1772223609962255898,2026-02-27 15:20:09.962,-3.68724,10.6539,-32.4336,0.652691,-0.161768,0.377576,6.844000000000008
1772223609963432104,2026-02-27 15:20:09.963,-3.66157,10.7872,-32.6884,0.650633,-0.159529,0.38233,6.844999999999999
1772223609964582274,2026-02-27 15:20:09.964,-3.60927,10.7581,-33.3004,0.650977,-0.157956,0.388979,6.846000000000004
1772223609965714577,2026-02-27 15:20:09.965,-3.60236,10.702,-33.7095,0.651799,-0.15499,0.392536,6.847000000000008
1772223609966845101,2026-02-27 15:20:09.966,-3.60175,10.6994,-33.7171,0.652096,-0.153277,0.393793,6.847999999999999
1772223609968044568,2026-02-27 15:20:09.968,-3.56012,10.7893,-33.8804,0.655679,-0.151403,0.394202,6.8500000000000085
1772223609969246176,2026-02-27 15:20:09.969,-3.49398,10.782,-33.9439,0.654095,-0.150113,0.394714,6.850999999999999
1772223609970422642,2026-02-27 15:20:09.970,-3.47965,10.7734,-35.0473,0.656359,-0.145528,0.404965,6.852000000000004
1772223609971574281,2026-02-27 15:20:09.971,-3.47736,10.735,-34.7979,0.654533,-0.143862,0.404162,6.853000000000009
1772223609972746689,2026-02-27 15:20:09.972,-3.44862,10.7476,-34.5961,0.655065,-0.142368,0.401476,6.853999999999999
1772223609973946418,2026-02-27 15:20:09.973,-3.42239,10.7443,-34.2333,0.655181,-0.1407,0.399074,6.855000000000004
1772223609975145417,2026-02-27 15:20:09.975,-3.40356,10.7622,-34.1268,0.654397,-0.138305,0.398439,6.856999999999999
1772223609976321503,2026-02-27 15:20:09.976,-3.28131,10.7708,-34.2681,0.655275,-0.136114,0.398708,6.858000000000004
1772223609977504738,2026-02-27 15:20:09.977,-3.24305,10.76,-34.2951,0.653632,-0.13271,0.399862,6.859000000000009
1772223609978636785,2026-02-27 15:20:09.978,-3.20846,10.7799,-33.4032,0.654745,-0.13002,0.391357,6.859999999999999
1772223609979810645,2026-02-27 15:20:09.979,-3.14129,10.7736,-33.8807,0.654994,-0.12796,0.396153,6.861000000000004
1772223609981013769,2026-02-27 15:20:09.981,-3.15724,10.7609,-33.8646,0.651324,-0.124499,0.396676,6.8629999999999995
1772223609982215523,2026-02-27 15:20:09.982,-3.09794,10.777,-34.4163,0.648756,-0.122829,0.403317,6.864000000000004
1772223609983390251,2026-02-27 15:20:09.983,-3.00336,10.7494,-34.5363,0.648665,-0.118547,0.406533,6.865000000000009
1772223609984528626,2026-02-27 15:20:09.984,-2.93739,10.7931,-34.58,0.646783,-0.117936,0.407087,6.866
1772223609985658429,2026-02-27 15:20:09.985,-2.96751,10.7416,-34.546,0.641516,-0.11631,0.407815,6.867000000000004
1772223609986840753,2026-02-27 15:20:09.986,-2.85912,10.7812,-35.5086,0.644905,-0.1143,0.418605,6.868000000000009
1772223609988041230,2026-02-27 15:20:09.988,-2.84172,10.7846,-35.3103,0.643725,-0.113265,0.416317,6.8700000000000045
1772223609989175133,2026-02-27 15:20:09.989,-2.76467,10.7714,-35.2991,0.642436,-0.112273,0.417939,6.871000000000009
1772223609990364108,2026-02-27 15:20:09.990,-2.78386,10.8284,-34.785,0.641968,-0.111527,0.413971,6.872
1772223609991539653,2026-02-27 15:20:09.991,-2.71916,10.8035,-34.4048,0.643606,-0.11041,0.412226,6.873000000000005
1772223609992673135,2026-02-27 15:20:09.992,-2.72556,10.7745,-34.3734,0.639487,-0.110679,0.41343,6.874000000000009
1772223609993850744,2026-02-27 15:20:09.993,-2.6865,10.8028,-34.4779,0.641986,-0.111165,0.414066,6.875
1772223609995052649,2026-02-27 15:20:09.995,-2.76481,10.7606,-33.8656,0.635607,-0.110766,0.407024,6.8770000000000095
1772223609996255637,2026-02-27 15:20:09.996,-2.76039,10.7396,-33.4508,0.636522,-0.110723,0.405975,6.878
1772223609997430564,2026-02-27 15:20:09.997,-2.73045,10.8117,-34.0198,0.643693,-0.112288,0.412479,6.879000000000005
1772223609998551538,2026-02-27 15:20:09.998,-2.71419,10.7581,-34.3966,0.643211,-0.114342,0.417166,6.88000000000001
1772223609999682305,2026-02-27 15:20:09.999,-2.66509,10.7475,-34.4354,0.641258,-0.115423,0.416872,6.881
1772223610000858958,2026-02-27 15:20:10.000,-2.77206,10.6614,-34.5157,0.642766,-0.115777,0.416452,6.882000000000005
1772223610002039807,2026-02-27 15:20:10.002,-2.78887,10.6741,-34.5788,0.643131,-0.117364,0.416678,6.884
1772223610003240547,2026-02-27 15:20:10.003,-2.77877,10.688,-34.5887,0.643535,-0.11915,0.418205,6.885000000000005
1772223610004414998,2026-02-27 15:20:10.004,-2.84588,10.6656,-35.1836,0.643779,-0.120157,0.421768,6.88600000000001
1772223610005549123,2026-02-27 15:20:10.005,-2.88883,10.6108,-35.2406,0.64268,-0.122199,0.420884,6.8870000000000005
1772223610006701171,2026-02-27 15:20:10.006,-2.88049,10.6382,-34.7912,0.64786,-0.123003,0.417845,6.888000000000005
1772223610007877593,2026-02-27 15:20:10.007,-2.88397,10.655,-34.6067,0.649022,-0.122821,0.414562,6.88900000000001
1772223610009079961,2026-02-27 15:20:10.009,-2.91879,10.6456,-34.6903,0.650501,-0.124725,0.414804,6.891000000000005
1772223610010282117,2026-02-27 15:20:10.010,-2.96285,10.6395,-34.7712,0.650704,-0.12537,0.414581,6.89200000000001
1772223610011474393,2026-02-27 15:20:10.011,-3.01611,10.648,-33.8916,0.65064,-0.12529,0.404419,6.893000000000001
1772223610012605474,2026-02-27 15:20:10.012,-2.99341,10.6533,-34.2139,0.649325,-0.125362,0.406982,6.8940000000000055
1772223610013780806,2026-02-27 15:20:10.013,-2.98314,10.6806,-34.3146,0.652111,-0.125075,0.406989,6.89500000000001
1772223610014978947,2026-02-27 15:20:10.014,-3.01607,10.6861,-34.9225,0.650954,-0.124513,0.412624,6.896000000000001
1772223610016177732,2026-02-27 15:20:10.016,-3.03957,10.7157,-35.3002,0.646507,-0.122963,0.414038,6.89800000000001
1772223610017377722,2026-02-27 15:20:10.017,-3.02598,10.7721,-35.356,0.643033,-0.121714,0.413084,6.899000000000001
1772223610018535744,2026-02-27 15:20:10.018,-2.95763,10.7799,-35.3428,0.645451,-0.120155,0.414579,6.900000000000006
1772223610019668515,2026-02-27 15:20:10.019,-2.96958,10.8381,-36.0614,0.64336,-0.118082,0.421623,6.9010000000000105
1772223610020844278,2026-02-27 15:20:10.020,-3.00853,10.8601,-36.3367,0.638205,-0.11681,0.422873,6.902000000000001
1772223610021978167,2026-02-27 15:20:10.021,-2.9002,10.9095,-36.0248,0.64072,-0.115328,0.4224,6.903000000000006
1772223610023177165,2026-02-27 15:20:10.023,-2.92368,10.9185,-35.7395,0.638251,-0.11358,0.41908,6.905000000000001
1772223610024378574,2026-02-27 15:20:10.024,-2.91915,10.9445,-35.5009,0.636569,-0.111638,0.41681,6.906000000000006
1772223610025548269,2026-02-27 15:20:10.025,-2.84446,11.0136,-35.3973,0.63686,-0.109596,0.416838,6.907000000000011
1772223610026702880,2026-02-27 15:20:10.026,-2.82465,11.0613,-35.3794,0.631723,-0.105104,0.417115,6.908000000000001
1772223610027885028,2026-02-27 15:20:10.027,-2.77563,11.0954,-35.2062,0.630141,-0.103465,0.415648,6.909000000000006
1772223610029086569,2026-02-27 15:20:10.029,-2.75856,11.111,-34.3935,0.625953,-0.101642,0.409572,6.911000000000001
1772223610030289187,2026-02-27 15:20:10.030,-2.70071,11.126,-34.831,0.624072,-0.099232,0.414357,6.912000000000006
1772223610031479353,2026-02-27 15:20:10.031,-2.67976,11.1283,-34.9253,0.622787,-0.097409,0.416376,6.913000000000011
1772223610032623909,2026-02-27 15:20:10.032,-2.61364,11.1227,-35.5025,0.618812,-0.095399,0.420603,6.9140000000000015
1772223610033820700,2026-02-27 15:20:10.033,-2.51476,11.173,-35.6237,0.618297,-0.089283,0.424036,6.915000000000006
1772223610035023933,2026-02-27 15:20:10.035,-2.43342,11.1236,-35.5505,0.61483,-0.088327,0.425411,6.917000000000002
1772223610036225519,2026-02-27 15:20:10.036,-2.42603,11.181,-35.5163,0.613297,-0.085177,0.426446,6.918000000000006
1772223610037426003,2026-02-27 15:20:10.037,-2.36896,11.1674,-36.6451,0.6094,-0.082842,0.437201,6.919000000000011
1772223610038559205,2026-02-27 15:20:10.038,-2.18394,11.1678,-36.2913,0.61171,-0.078925,0.436853,6.920000000000002
1772223610039704475,2026-02-27 15:20:10.039,-2.1299,11.1945,-35.7336,0.612461,-0.075729,0.432841,6.9210000000000065
1772223610040901221,2026-02-27 15:20:10.040,-2.12948,11.2041,-35.6238,0.608364,-0.071969,0.431483,6.922000000000011
1772223610042105056,2026-02-27 15:20:10.042,-2.03867,11.1808,-35.5509,0.613204,-0.069549,0.433446,6.924000000000007
1772223610043308444,2026-02-27 15:20:10.043,-2.01183,11.1937,-35.5989,0.610405,-0.066372,0.434586,6.925000000000011
1772223610044497651,2026-02-27 15:20:10.044,-1.94533,11.2002,-35.508,0.61347,-0.063295,0.436756,6.926000000000002
1772223610045631683,2026-02-27 15:20:10.045,-1.87034,11.1772,-34.7155,0.611383,-0.058365,0.43104,6.927000000000007
1772223610046804441,2026-02-27 15:20:10.046,-1.76277,11.1616,-34.7495,0.615948,-0.056223,0.433791,6.9280000000000115
1772223610048008593,2026-02-27 15:20:10.048,-1.71201,11.1958,-35.3145,0.618381,-0.052108,0.439653,6.930000000000007
1772223610049185009,2026-02-27 15:20:10.049,-1.68786,11.1636,-35.6914,0.617432,-0.049565,0.444482,6.931000000000012
1772223610050388213,2026-02-27 15:20:10.050,-1.62556,11.1724,-35.7161,0.617909,-0.046365,0.445468,6.932000000000002
1772223610051549674,2026-02-27 15:20:10.051,-1.49837,11.1061,-35.7497,0.622497,-0.040417,0.448338,6.933000000000007
1772223610052682795,2026-02-27 15:20:10.052,-1.41538,11.0747,-36.0177,0.62588,-0.039399,0.452453,6.934000000000012
1772223610053839019,2026-02-27 15:20:10.053,-1.41341,10.9593,-36.5221,0.627203,-0.038603,0.458107,6.935000000000002
1772223610055018943,2026-02-27 15:20:10.055,-1.42007,10.8521,-35.6151,0.631499,-0.044929,0.453397,6.937000000000012
1772223610056193638,2026-02-27 15:20:10.056,-1.63771,10.603,-33.5624,0.620309,-0.076539,0.445784,6.938000000000002
1772223610057374491,2026-02-27 15:20:10.057,-1.96747,10.204,-30.6925,0.61137,-0.111598,0.431227,6.939000000000007
1772223610058635934,2026-02-27 15:20:10.058,-2.42531,10.1409,-27.824,0.598137,-0.132395,0.416622,6.940000000000012
1772223610059813476,2026-02-27 15:20:10.059,-4.27568,10.2374,-16.986,0.42945,-0.312992,0.384212,6.9410000000000025
1772223610060994860,2026-02-27 15:20:10.060,-4.76962,9.81541,-14.0653,0.371242,-0.31942,0.346731,6.942000000000007
1772223610062173501,2026-02-27 15:20:10.062,-4.9588,9.34318,-11.3544,0.326631,-0.301829,0.303091,6.944000000000003
1772223610063354674,2026-02-27 15:20:10.063,-5.23118,9.27471,-9.8745,0.273421,-0.291949,0.281831,6.945000000000007
1772223610064533349,2026-02-27 15:20:10.064,-5.6075,9.32602,-7.77161,0.192604,-0.281584,0.247424,6.946000000000012
1772223610065662122,2026-02-27 15:20:10.065,-5.6075,9.32602,-7.77161,0.192604,-0.281584,0.247424,6.947000000000003
1772223610066858664,2026-02-27 15:20:10.066,-5.66594,9.48234,-6.94217,0.174402,-0.278591,0.237749,6.9480000000000075
1772223610068035944,2026-02-27 15:20:10.068,-5.92867,9.81422,-6.24415,0.168883,-0.287408,0.238695,6.950000000000003
1772223610069338975,2026-02-27 15:20:10.069,-5.94883,9.92818,-5.91303,0.164678,-0.280872,0.2283,6.951000000000008
1772223610070525885,2026-02-27 15:20:10.070,-5.78408,9.64128,-7.92543,0.195639,-0.310184,0.24789,6.952000000000012
1772223610071662799,2026-02-27 15:20:10.071,-5.21356,9.37596,-10.9604,0.22038,-0.355725,0.262111,6.953000000000003
1772223610072818197,2026-02-27 15:20:10.072,-5.45652,9.57729,-10.5211,0.190714,-0.369008,0.229072,6.954000000000008
1772223610073995426,2026-02-27 15:20:10.073,-5.71433,9.65548,-10.1581,0.188352,-0.38142,0.199909,6.9550000000000125
1772223610075173362,2026-02-27 15:20:10.075,-5.82386,9.69447,-9.35396,0.180443,-0.381621,0.178701,6.957000000000008
1772223610076351632,2026-02-27 15:20:10.076,-5.85076,9.7317,-8.53888,0.182479,-0.376355,0.175732,6.958000000000013
1772223610077535715,2026-02-27 15:20:10.077,-6.05705,9.873,-7.10583,0.178187,-0.359723,0.180651,6.959000000000003
1772223610078689300,2026-02-27 15:20:10.078,-5.72583,9.72575,-7.19533,0.184257,-0.34756,0.177287,6.960000000000008
1772223610079885858,2026-02-27 15:20:10.079,-5.74751,10.0117,-6.27877,0.173194,-0.334281,0.170696,6.961000000000013
1772223610081063505,2026-02-27 15:20:10.081,-5.82063,10.1933,-6.03706,0.185389,-0.326539,0.174954,6.963000000000008
1772223610082241946,2026-02-27 15:20:10.082,-5.66081,10.1026,-7.14374,0.188665,-0.325097,0.179804,6.963999999999999
1772223610083420128,2026-02-27 15:20:10.083,-5.65619,10.064,-6.70079,0.170935,-0.306147,0.164418,6.965000000000003
1772223610084650146,2026-02-27 15:20:10.084,-4.96475,9.59053,-7.27783,0.15406,-0.286827,0.145076,6.966000000000008
1772223610085840786,2026-02-27 15:20:10.085,-5.23495,9.48767,-7.44848,0.164788,-0.306014,0.170795,6.966999999999999
1772223610087041061,2026-02-27 15:20:10.087,-5.23436,9.56033,-8.11998,0.17117,-0.306169,0.18363,6.969000000000008
1772223610088213737,2026-02-27 15:20:10.088,-5.03956,9.635,-8.18532,0.180045,-0.309433,0.185253,6.969999999999999
1772223610089344084,2026-02-27 15:20:10.089,-5.20295,9.81567,-7.89263,0.18375,-0.300424,0.184054,6.971000000000004
1772223610090673001,2026-02-27 15:20:10.090,-5.08024,9.68426,-7.09801,0.194147,-0.306538,0.184873,6.972000000000008
1772223610091870955,2026-02-27 15:20:10.091,-5.19745,9.82454,-6.66037,0.195428,-0.300763,0.180072,6.972999999999999
1772223610093047092,2026-02-27 15:20:10.093,-5.44339,9.84343,-5.80479,0.177084,-0.31927,0.17781,6.9750000000000085
1772223610094223535,2026-02-27 15:20:10.094,-5.09271,9.44053,-5.90319,0.146827,-0.29514,0.145798,6.975999999999999
1772223610095398849,2026-02-27 15:20:10.095,-4.75361,9.33317,-4.72705,0.117755,-0.25877,0.09976,6.977000000000004
1772223610096540950,2026-02-27 15:20:10.096,-4.37755,9.18108,-4.87403,0.101869,-0.251689,0.088263,6.978000000000009
1772223610097675081,2026-02-27 15:20:10.097,-6.09189,10.0554,-2.67795,0.087621,-0.206452,0.071586,6.978999999999999
1772223610098831987,2026-02-27 15:20:10.098,-3.96634,8.89272,-8.56295,0.115526,-0.376283,0.134122,6.980000000000004
1772223610100008921,2026-02-27 15:20:10.100,-5.02607,9.49253,-6.35569,0.10871,-0.302272,0.134808,6.981999999999999
1772223610101190024,2026-02-27 15:20:10.101,-4.14172,9.43081,-7.40624,0.124056,-0.31658,0.130168,6.983000000000004
1772223610102380915,2026-02-27 15:20:10.102,-3.95186,9.30352,-7.85073,0.150378,-0.292938,0.135496,6.984000000000009
1772223610103560936,2026-02-27 15:20:10.103,-3.84742,9.14848,-8.33772,0.146506,-0.285134,0.135526,6.984999999999999
1772223610104707497,2026-02-27 15:20:10.104,-4.24879,9.04557,-7.1103,0.118707,-0.276977,0.119652,6.986000000000004
1772223610105868360,2026-02-27 15:20:10.105,-3.69611,8.77852,-7.21504,0.111044,-0.261812,0.112338,6.987000000000009
1772223610107063016,2026-02-27 15:20:10.107,-3.41696,8.61921,-7.58646,0.102583,-0.253826,0.110522,6.989000000000004
1772223610108257969,2026-02-27 15:20:10.108,-3.31133,8.81311,-7.75595,0.117602,-0.256215,0.115738,6.990000000000009
1772223610109469257,2026-02-27 15:20:10.109,-2.68085,8.78315,-9.41582,0.143636,-0.274002,0.138966,6.991
1772223610110581267,2026-02-27 15:20:10.110,-2.95218,9.28624,-9.53056,0.160266,-0.268601,0.1443,6.992000000000004
1772223610111713263,2026-02-27 15:20:10.111,-2.82029,9.10768,-10.0517,0.172784,-0.288952,0.137144,6.993000000000009
1772223610112868799,2026-02-27 15:20:10.112,-3.19542,9.28139,-9.28859,0.168404,-0.293994,0.131022,6.994
1772223610114064229,2026-02-27 15:20:10.114,-2.69813,9.00288,-9.58948,0.17919,-0.290835,0.132522,6.996000000000009
1772223610115258706,2026-02-27 15:20:10.115,-3.00954,8.85109,-9.4041,0.159471,-0.289812,0.136562,6.997
1772223610116469074,2026-02-27 15:20:10.116,-3.48628,8.92889,-8.08037,0.135354,-0.283233,0.124614,6.998000000000005
1772223610117569533,2026-02-27 15:20:10.117,-3.67538,8.85081,-6.96366,0.12325,-0.273745,0.111657,6.999000000000009
1772223610118700003,2026-02-27 15:20:10.118,-3.84802,8.6502,-6.13407,0.106791,-0.255777,0.095897,7.0
1772223610119894527,2026-02-27 15:20:10.119,-3.82937,8.62116,-7.04416,0.106377,-0.251208,0.104477,7.001000000000005
1772223610121089500,2026-02-27 15:20:10.121,-3.63761,8.50935,-7.23648,0.108151,-0.251464,0.103387,7.003
1772223610122283445,2026-02-27 15:20:10.122,-4.0762,8.61761,-6.59901,0.101588,-0.254344,0.097545,7.004000000000005
1772223610123497965,2026-02-27 15:20:10.123,-4.29729,8.53721,-5.69175,0.099026,-0.262528,0.085381,7.00500000000001
1772223610124685944,2026-02-27 15:20:10.124,-4.01254,8.22997,-5.88947,0.100846,-0.26838,0.085281,7.006
1772223610125881315,2026-02-27 15:20:10.125,-4.84531,8.23969,-4.32662,0.072499,-0.266148,0.072753,7.007000000000005
1772223610127081666,2026-02-27 15:20:10.127,-4.96663,8.2736,-3.65324,0.071546,-0.256075,0.063002,7.009
1772223610128277267,2026-02-27 15:20:10.128,-4.43117,7.89159,-3.42776,0.065037,-0.258327,0.051403,7.010000000000005
1772223610129483135,2026-02-27 15:20:10.129,-3.66106,7.52379,-4.52534,0.07632,-0.254308,0.063576,7.01100000000001
1772223610130632361,2026-02-27 15:20:10.130,-3.85176,7.76446,-4.8836,0.071904,-0.259063,0.077054,7.0120000000000005
1772223610131798630,2026-02-27 15:20:10.131,-4.1464,8.06998,-5.2186,0.075412,-0.268384,0.077417,7.013000000000005
1772223610132994764,2026-02-27 15:20:10.132,-4.82858,8.12398,-4.09069,0.068734,-0.25411,0.061658,7.01400000000001
1772223610134191037,2026-02-27 15:20:10.134,-5.00201,7.91289,-3.69124,0.076328,-0.266314,0.068824,7.016000000000005
1772223610135386399,2026-02-27 15:20:10.135,-5.04826,7.75357,-3.80845,0.077646,-0.281009,0.092869,7.01700000000001
1772223610136565445,2026-02-27 15:20:10.136,-2.45421,6.80877,-6.10283,0.119379,-0.225064,0.119334,7.018000000000001
1772223610137702546,2026-02-27 15:20:10.137,-1.17306,6.71767,-8.0206,0.157961,-0.151087,0.127878,7.0190000000000055
1772223610138915688,2026-02-27 15:20:10.138,0.958076,7.21247,-9.89952,0.219619,-0.047689,0.131836,7.02000000000001
1772223610140110254,2026-02-27 15:20:10.140,1.46539,7.42236,-10.4618,0.243238,-0.018228,0.137387,7.022000000000006
1772223610141307544,2026-02-27 15:20:10.141,1.37745,7.65901,-10.7279,0.249477,-0.017534,0.143948,7.02300000000001
1772223610142520759,2026-02-27 15:20:10.142,0.967152,7.94653,-10.5666,0.240283,-0.036106,0.151348,7.024000000000001
1772223610143654726,2026-02-27 15:20:10.143,0.623565,8.01573,-10.5434,0.241561,-0.036611,0.14992,7.025000000000006
1772223610144807758,2026-02-27 15:20:10.144,-0.723823,8.12458,-7.63159,0.208104,-0.069301,0.127578,7.0260000000000105
1772223610146010261,2026-02-27 15:20:10.146,-1.2128,8.05611,-7.02894,0.19471,-0.079004,0.120114,7.028000000000006
1772223610147205182,2026-02-27 15:20:10.147,-1.51021,7.98264,-6.50589,0.185474,-0.082536,0.113342,7.029000000000011
1772223610148405062,2026-02-27 15:20:10.148,-1.80453,7.91811,-6.6791,0.17608,-0.090192,0.113297,7.030000000000001
1772223610149572975,2026-02-27 15:20:10.149,-1.93164,7.87588,-6.65376,0.168156,-0.09046,0.111704,7.031000000000006
1772223610150705440,2026-02-27 15:20:10.150,-2.1983,7.82933,-6.52759,0.152226,-0.100644,0.105951,7.032000000000011
1772223610151861379,2026-02-27 15:20:10.151,-2.34782,7.81521,-6.49111,0.142497,-0.11102,0.102156,7.033000000000001
1772223610153059697,2026-02-27 15:20:10.153,-2.48883,7.73558,-7.10678,0.130791,-0.122177,0.107755,7.035000000000011
1772223610154254251,2026-02-27 15:20:10.154,-2.64122,7.62194,-7.12219,0.122291,-0.131184,0.105806,7.036000000000001
1772223610155425077,2026-02-27 15:20:10.155,-2.75515,7.53453,-6.87656,0.114753,-0.140493,0.101455,7.037000000000006
1772223610156568650,2026-02-27 15:20:10.156,-2.82175,7.41156,-6.45771,0.107432,-0.145437,0.09581,7.038000000000011
1772223610157698456,2026-02-27 15:20:10.157,-2.84121,7.39533,-6.18741,0.105746,-0.150497,0.091516,7.0390000000000015
1772223610158849119,2026-02-27 15:20:10.158,-2.90789,7.3676,-6.40561,0.09955,-0.160986,0.089737,7.040000000000006
1772223610160046721,2026-02-27 15:20:10.160,-2.99972,7.44618,-6.4112,0.09246,-0.166323,0.08976,7.042000000000002
1772223610161244927,2026-02-27 15:20:10.161,-3.20145,7.46613,-6.05852,0.087863,-0.16897,0.084684,7.043000000000006
1772223610162439181,2026-02-27 15:20:10.162,-3.20617,7.53624,-5.40465,0.085277,-0.1723,0.077819,7.044000000000011
1772223610163559378,2026-02-27 15:20:10.163,-3.28133,7.53529,-5.72493,0.080852,-0.174463,0.079547,7.045000000000002
1772223610164690843,2026-02-27 15:20:10.164,-3.29882,7.56238,-5.6713,0.07549,-0.174722,0.080347,7.0460000000000065
1772223610165837452,2026-02-27 15:20:10.165,-3.3589,7.65998,-5.81658,0.072451,-0.171138,0.083655,7.047000000000011
1772223610167033761,2026-02-27 15:20:10.167,-3.38305,7.72222,-5.57444,0.074503,-0.170378,0.084082,7.049000000000007
1772223610168235291,2026-02-27 15:20:10.168,-3.41865,7.80652,-5.47702,0.071478,-0.168566,0.084539,7.050000000000011
1772223610169430415,2026-02-27 15:20:10.169,-3.47886,7.80737,-5.45394,0.071366,-0.167356,0.087129,7.051000000000002
1772223610170567812,2026-02-27 15:20:10.170,-3.40798,7.86698,-6.40137,0.072565,-0.164021,0.098535,7.052000000000007
1772223610171714538,2026-02-27 15:20:10.171,-3.41823,7.96927,-6.05561,0.075628,-0.162959,0.095632,7.0530000000000115
1772223610172886772,2026-02-27 15:20:10.172,-3.38573,8.09655,-5.56332,0.077292,-0.161952,0.095333,7.054000000000002
1772223610174080894,2026-02-27 15:20:10.174,-3.41383,8.16367,-5.29315,0.080033,-0.163099,0.094542,7.056000000000012
1772223610175275063,2026-02-27 15:20:10.175,-3.43492,8.2754,-5.38808,0.083328,-0.162077,0.096752,7.057000000000002
1772223610176486326,2026-02-27 15:20:10.176,-3.38683,8.3145,-5.43643,0.087536,-0.162091,0.098303,7.058000000000007
1772223610177621162,2026-02-27 15:20:10.177,-3.37211,8.33974,-5.44868,0.087054,-0.162139,0.100214,7.059000000000012
1772223610178756133,2026-02-27 15:20:10.178,-3.42287,8.41411,-4.57416,0.090637,-0.161686,0.094213,7.060000000000002
1772223610179906753,2026-02-27 15:20:10.179,-3.38072,8.49543,-4.69295,0.0892,-0.164484,0.099947,7.061000000000007
1772223610181207000,2026-02-27 15:20:10.181,-3.44352,8.55511,-5.10563,0.090644,-0.166212,0.106892,7.063000000000002
1772223610182405530,2026-02-27 15:20:10.182,-3.38551,8.59553,-5.40395,0.089899,-0.169764,0.112094,7.064000000000007
1772223610183568819,2026-02-27 15:20:10.183,-3.39131,8.61888,-5.31426,0.089705,-0.1718,0.113895,7.065000000000012
1772223610184701093,2026-02-27 15:20:10.184,-3.45696,8.66286,-5.2049,0.088912,-0.175273,0.115547,7.0660000000000025
1772223610185853293,2026-02-27 15:20:10.185,-3.4293,8.6573,-5.40346,0.085493,-0.180339,0.123967,7.067000000000007
1772223610187029372,2026-02-27 15:20:10.187,-3.37307,8.77747,-5.98593,0.08912,-0.179609,0.132501,7.069000000000003
1772223610188209092,2026-02-27 15:20:10.188,-3.39509,8.7918,-5.57851,0.08762,-0.181549,0.132317,7.070000000000007
1772223610189409162,2026-02-27 15:20:10.189,-3.3451,8.83076,-5.42065,0.088942,-0.182867,0.133298,7.071000000000012
1772223610190563149,2026-02-27 15:20:10.190,-3.37702,8.89995,-5.10999,0.09198,-0.183417,0.135733,7.072000000000003
1772223610191690926,2026-02-27 15:20:10.191,-3.28039,8.99186,-4.79832,0.091802,-0.183045,0.138241,7.0730000000000075
1772223610192861704,2026-02-27 15:20:10.192,-3.27542,8.99277,-4.89472,0.093663,-0.184265,0.143796,7.074000000000012
1772223610194030341,2026-02-27 15:20:10.194,-3.19745,9.1143,-4.94206,0.10197,-0.183129,0.151852,7.076000000000008
1772223610195226131,2026-02-27 15:20:10.195,-3.12194,9.16592,-3.81754,0.104609,-0.183825,0.148464,7.077000000000012
1772223610196421035,2026-02-27 15:20:10.196,-3.11314,9.20049,-4.26093,0.106606,-0.185356,0.157269,7.078000000000003
1772223610197570713,2026-02-27 15:20:10.197,-3.02342,9.24804,-4.24894,0.110575,-0.184696,0.162236,7.079000000000008
1772223610198699707,2026-02-27 15:20:10.198,-3.03378,9.32651,-4.75586,0.115106,-0.185504,0.171511,7.0800000000000125
1772223610199848163,2026-02-27 15:20:10.199,-2.96088,9.3222,-4.94628,0.119949,-0.187491,0.176192,7.081000000000003
1772223610201019960,2026-02-27 15:20:10.201,-3.00829,9.35658,-4.74582,0.126522,-0.190753,0.183156,7.083000000000013
1772223610202209730,2026-02-27 15:20:10.202,-2.95849,9.39871,-4.62547,0.126519,-0.193554,0.186676,7.084000000000003
1772223610203403983,2026-02-27 15:20:10.203,-2.99075,9.42715,-5.41404,0.128639,-0.19571,0.198313,7.085000000000008
1772223610204549526,2026-02-27 15:20:10.204,-2.96244,9.41145,-5.27862,0.132791,-0.196268,0.19974,7.086000000000013
1772223610205741582,2026-02-27 15:20:10.205,-2.92337,9.4589,-5.06811,0.136735,-0.198724,0.202115,7.087000000000003
1772223610206939365,2026-02-27 15:20:10.206,-2.9903,9.41854,-4.03407,0.134908,-0.203961,0.199324,7.088000000000008
1772223610208118492,2026-02-27 15:20:10.208,-2.95324,9.50069,-3.80474,0.139412,-0.206557,0.201957,7.090000000000003
1772223610209315392,2026-02-27 15:20:10.209,-2.91298,9.43252,-3.68313,0.137703,-0.210382,0.201985,7.091000000000008
1772223610210521908,2026-02-27 15:20:10.210,-2.90921,9.38603,-3.5972,0.138324,-0.213774,0.204418,7.091999999999999
1772223610211648722,2026-02-27 15:20:10.211,-2.87643,9.38202,-2.95332,0.13851,-0.215268,0.199438,7.0930000000000035
1772223610212820549,2026-02-27 15:20:10.212,-2.84386,9.31513,-2.59527,0.139139,-0.217793,0.197709,7.094000000000008
1772223610213988559,2026-02-27 15:20:10.213,-2.80379,9.28083,-2.93338,0.140449,-0.219852,0.202879,7.094999999999999
1772223610215167567,2026-02-27 15:20:10.215,-2.84691,9.26527,-3.89836,0.147663,-0.231524,0.216572,7.097000000000008
1772223610216365365,2026-02-27 15:20:10.216,-2.85259,9.26204,-3.97241,0.152106,-0.23736,0.218636,7.097999999999999
1772223610217572181,2026-02-27 15:20:10.217,-2.9065,9.15526,-3.94723,0.150579,-0.244392,0.220617,7.099000000000004
1772223610218699086,2026-02-27 15:20:10.218,-2.91163,9.11863,-3.99963,0.154473,-0.250466,0.222452,7.1000000000000085
1772223610219867227,2026-02-27 15:20:10.219,-2.86501,8.99975,-4.32382,0.162976,-0.253684,0.22903,7.100999999999999
1772223610221058187,2026-02-27 15:20:10.221,-2.89827,9.01052,-5.35832,0.178472,-0.263882,0.244553,7.103000000000009
1772223610222250958,2026-02-27 15:20:10.222,-2.88108,9.06301,-5.54984,0.185222,-0.270609,0.249194,7.103999999999999
1772223610223447885,2026-02-27 15:20:10.223,-2.94295,9.02406,-5.15734,0.185556,-0.276813,0.248029,7.105000000000004
1772223610224579652,2026-02-27 15:20:10.224,-2.904,8.97695,-4.94753,0.188224,-0.283227,0.247181,7.106000000000009
1772223610225707204,2026-02-27 15:20:10.225,-2.93303,8.85165,-5.01733,0.18532,-0.287732,0.248165,7.106999999999999
1772223610226882413,2026-02-27 15:20:10.226,-2.85849,8.78166,-5.23762,0.1894,-0.291157,0.251089,7.108000000000004
1772223610228075605,2026-02-27 15:20:10.228,-2.86944,8.72228,-4.36425,0.192098,-0.294638,0.245245,7.109999999999999
1772223610229264501,2026-02-27 15:20:10.229,-2.7807,8.65816,-4.65245,0.192006,-0.296299,0.249082,7.111000000000004
1772223610230480893,2026-02-27 15:20:10.230,-2.77672,8.61504,-4.81601,0.199081,-0.300988,0.252602,7.112000000000009
1772223610231569087,2026-02-27 15:20:10.231,-2.79918,8.47155,-5.53843,0.201994,-0.303525,0.263557,7.1129999999999995
1772223610232694222,2026-02-27 15:20:10.232,-2.82016,8.47669,-6.04366,0.209931,-0.307163,0.269495,7.114000000000004
1772223610233869658,2026-02-27 15:20:10.233,-2.84717,8.41592,-6.126,0.211992,-0.310563,0.272729,7.115000000000009
1772223610235039149,2026-02-27 15:20:10.235,-2.86854,8.39012,-6.19272,0.215577,-0.317065,0.276707,7.117000000000004
1772223610236228063,2026-02-27 15:20:10.236,-2.96209,8.18272,-6.93723,0.219204,-0.326499,0.287561,7.118000000000009
1772223610237419280,2026-02-27 15:20:10.237,-2.90922,8.07398,-7.47046,0.228077,-0.327232,0.295063,7.119
1772223610238575381,2026-02-27 15:20:10.238,-2.89189,8.0328,-7.35614,0.230407,-0.328656,0.296445,7.1200000000000045
1772223610239704490,2026-02-27 15:20:10.239,-2.96371,7.96443,-6.98803,0.229544,-0.333453,0.295851,7.121000000000009
1772223610240880751,2026-02-27 15:20:10.240,-3.0135,7.86124,-6.67104,0.228502,-0.335001,0.293863,7.122
1772223610242048039,2026-02-27 15:20:10.242,-3.01689,7.81722,-6.47473,0.231763,-0.337661,0.295125,7.124000000000009
1772223610243220192,2026-02-27 15:20:10.243,-3.08561,7.64737,-6.336,0.225617,-0.342078,0.295085,7.125
1772223610244412861,2026-02-27 15:20:10.244,-3.10598,7.59344,-6.08575,0.220438,-0.344019,0.290641,7.126000000000005
1772223610245577698,2026-02-27 15:20:10.245,-3.07385,7.46936,-5.10125,0.219237,-0.344177,0.283385,7.1270000000000095
1772223610246703440,2026-02-27 15:20:10.246,-3.08518,7.40905,-5.3986,0.21452,-0.343055,0.285001,7.128
1772223610247877314,2026-02-27 15:20:10.247,-2.99068,7.33558,-5.3287,0.212237,-0.342654,0.283824,7.129000000000005
1772223610249045092,2026-02-27 15:20:10.249,-2.99067,7.26466,-5.86048,0.207138,-0.338712,0.283967,7.131
1772223610250221639,2026-02-27 15:20:10.250,-2.48077,7.12067,-6.92525,0.21922,-0.318668,0.281255,7.132000000000005
1772223610251418400,2026-02-27 15:20:10.251,-2.42331,7.11717,-7.28362,0.223754,-0.31533,0.283631,7.13300000000001
1772223610252570438,2026-02-27 15:20:10.252,-2.41851,7.18159,-7.45636,0.233523,-0.314167,0.288882,7.134
1772223610253694601,2026-02-27 15:20:10.253,-2.4011,7.22649,-8.60765,0.238718,-0.312665,0.300309,7.135000000000005
1772223610254890392,2026-02-27 15:20:10.254,-2.43799,7.31863,-8.24345,0.24258,-0.315862,0.30071,7.13600000000001
1772223610256060141,2026-02-27 15:20:10.256,-2.64367,7.31222,-7.21526,0.237237,-0.323201,0.294981,7.138000000000005
1772223610257233973,2026-02-27 15:20:10.257,-2.79023,7.20366,-6.62531,0.229896,-0.328713,0.290987,7.13900000000001
1772223610258427239,2026-02-27 15:20:10.258,-2.91594,7.15774,-6.1793,0.224641,-0.328364,0.287533,7.140000000000001
1772223610259560617,2026-02-27 15:20:10.259,-3.00793,7.10857,-5.91098,0.219723,-0.327676,0.283322,7.141000000000005
1772223610260686765,2026-02-27 15:20:10.260,-3.08736,7.03185,-5.67227,0.211053,-0.324516,0.280451,7.14200000000001
1772223610261863900,2026-02-27 15:20:10.261,-3.07071,7.02727,-4.58806,0.206832,-0.321611,0.270225,7.143000000000001
1772223610263036912,2026-02-27 15:20:10.263,-3.08364,7.06155,-4.39507,0.207117,-0.318043,0.268815,7.14500000000001
1772223610264203212,2026-02-27 15:20:10.264,-3.00965,7.05941,-5.01523,0.209032,-0.310104,0.273905,7.146000000000001
1772223610265396394,2026-02-27 15:20:10.265,-3.02784,7.00989,-5.46946,0.211119,-0.312348,0.277987,7.147000000000006
1772223610266568597,2026-02-27 15:20:10.266,-2.98485,7.00182,-5.62908,0.213055,-0.312324,0.277696,7.14800000000001
1772223610267699203,2026-02-27 15:20:10.267,-2.96135,6.97378,-5.71226,0.215144,-0.313547,0.278111,7.149000000000001
1772223610268870012,2026-02-27 15:20:10.268,-3.00333,6.98654,-5.64858,0.217766,-0.31676,0.277639,7.150000000000006
1772223610270041734,2026-02-27 15:20:10.270,-3.1074,6.97115,-5.74455,0.210306,-0.320792,0.279037,7.152000000000001
1772223610271232137,2026-02-27 15:20:10.271,-3.2488,6.90589,-5.35041,0.197988,-0.334163,0.276464,7.153000000000006
1772223610272428800,2026-02-27 15:20:10.272,-3.4652,6.81912,-4.94818,0.191639,-0.337407,0.273046,7.154000000000011
1772223610273569461,2026-02-27 15:20:10.273,-3.47637,6.72658,-4.35154,0.190799,-0.340032,0.268867,7.155000000000001
1772223610274697835,2026-02-27 15:20:10.274,-3.51857,6.71376,-3.93933,0.182988,-0.3392,0.26445,7.156000000000006
1772223610275868954,2026-02-27 15:20:10.275,-3.46869,6.62406,-4.01891,0.180237,-0.332904,0.261186,7.157000000000011
1772223610277053804,2026-02-27 15:20:10.277,-3.40603,6.61963,-4.15926,0.18061,-0.332014,0.261065,7.159000000000006
1772223610278218718,2026-02-27 15:20:10.278,-3.3646,6.63695,-3.27924,0.189469,-0.329595,0.254851,7.160000000000011
1772223610279414788,2026-02-27 15:20:10.279,-3.31022,6.66288,-3.78523,0.191824,-0.332435,0.260841,7.161000000000001
1772223610280560088,2026-02-27 15:20:10.280,-3.39429,6.68447,-3.94325,0.194698,-0.335111,0.26305,7.162000000000006
1772223610281684052,2026-02-27 15:20:10.281,-3.28543,6.69204,-4.67491,0.201845,-0.335219,0.269788,7.163000000000011
1772223610282881503,2026-02-27 15:20:10.282,-3.28801,6.73517,-4.85835,0.206587,-0.33946,0.273079,7.1640000000000015
1772223610284057092,2026-02-27 15:20:10.284,-3.30976,6.66718,-4.84658,0.207684,-0.340787,0.274385,7.166000000000011
1772223610285223551,2026-02-27 15:20:10.285,-3.36192,6.65361,-4.92163,0.208754,-0.343903,0.276357,7.167000000000002
1772223610286416692,2026-02-27 15:20:10.286,-3.3326,6.70971,-5.69331,0.211526,-0.344757,0.285628,7.168000000000006
1772223610287567399,2026-02-27 15:20:10.287,-3.31946,6.68577,-5.80234,0.212646,-0.344523,0.286849,7.169000000000011
1772223610288703366,2026-02-27 15:20:10.288,-3.40032,6.66718,-5.7024,0.21403,-0.344979,0.286976,7.170000000000002
1772223610289872547,2026-02-27 15:20:10.289,-3.42419,6.71211,-5.18557,0.214769,-0.345405,0.282622,7.1710000000000065
1772223610291069858,2026-02-27 15:20:10.291,-3.4563,6.68105,-5.03464,0.214547,-0.346005,0.281216,7.173000000000002
1772223610292344680,2026-02-27 15:20:10.292,-3.47397,6.77094,-5.04243,0.222596,-0.343079,0.28289,7.174000000000007
1772223610293573592,2026-02-27 15:20:10.293,-3.46774,6.76942,-5.09354,0.225155,-0.343959,0.284633,7.175000000000011
1772223610294703028,2026-02-27 15:20:10.294,-3.54825,6.82869,-4.55608,0.225596,-0.342985,0.28009,7.176000000000002
1772223610295898396,2026-02-27 15:20:10.295,-3.47665,6.85984,-4.15848,0.233204,-0.337972,0.276098,7.177000000000007
1772223610297097681,2026-02-27 15:20:10.297,-3.47667,6.86161,-4.47121,0.234406,-0.337572,0.280431,7.179000000000002
1772223610298264894,2026-02-27 15:20:10.298,-3.46949,6.97263,-5.17591,0.236921,-0.333573,0.28885,7.180000000000007
1772223610299474552,2026-02-27 15:20:10.299,-3.43511,6.9652,-5.34059,0.237878,-0.330577,0.289351,7.181000000000012
1772223610300602885,2026-02-27 15:20:10.300,-3.51552,6.99403,-5.29959,0.235051,-0.32968,0.288936,7.182000000000002
1772223610301736648,2026-02-27 15:20:10.301,-3.52322,7.06695,-5.11625,0.235888,-0.331282,0.288909,7.183000000000007
1772223610302862010,2026-02-27 15:20:10.302,-3.56199,7.00886,-4.88018,0.225426,-0.334093,0.286289,7.184000000000012
1772223610304058313,2026-02-27 15:20:10.304,-3.63059,7.04038,-5.60705,0.214963,-0.336981,0.290681,7.186000000000007
1772223610305227781,2026-02-27 15:20:10.305,-3.83863,6.96022,-4.36217,0.181512,-0.332151,0.269097,7.187000000000012
1772223610306422863,2026-02-27 15:20:10.306,-3.68663,6.87079,-3.58762,0.175936,-0.325489,0.256784,7.188000000000002
1772223610307582779,2026-02-27 15:20:10.307,-3.65663,6.73588,-3.37683,0.168284,-0.325929,0.255374,7.189000000000007
1772223610308709249,2026-02-27 15:20:10.308,-3.68562,6.80907,-3.29641,0.160719,-0.320216,0.252027,7.190000000000012
1772223610309880046,2026-02-27 15:20:10.309,-3.67269,6.85918,-3.0367,0.152463,-0.316389,0.246193,7.1910000000000025
1772223610311078999,2026-02-27 15:20:10.311,-3.76462,6.93038,-2.75508,0.140567,-0.31838,0.242589,7.193000000000012
1772223610312249239,2026-02-27 15:20:10.312,-3.50754,6.70745,-2.26749,0.154214,-0.31704,0.234952,7.194000000000003
1772223610313437176,2026-02-27 15:20:10.313,-3.48255,6.65209,-2.68564,0.159146,-0.319877,0.246357,7.195000000000007
1772223610314559524,2026-02-27 15:20:10.314,-3.39379,6.71325,-3.58721,0.171767,-0.313355,0.257757,7.196000000000012
1772223610315683995,2026-02-27 15:20:10.315,-3.30689,6.62376,-4.60535,0.192054,-0.315903,0.268453,7.197000000000003
1772223610316881635,2026-02-27 15:20:10.316,-3.35988,6.74415,-4.94318,0.201108,-0.317834,0.273708,7.1980000000000075
1772223610318077746,2026-02-27 15:20:10.318,-3.40584,6.82644,-5.14326,0.212558,-0.319967,0.276717,7.200000000000003
1772223610319247267,2026-02-27 15:20:10.319,-3.53437,6.84554,-5.34534,0.20851,-0.325767,0.278827,7.201000000000008
1772223610320426783,2026-02-27 15:20:10.320,-3.50785,6.83739,-5.50351,0.198493,-0.320488,0.274587,7.202000000000012
1772223610321559369,2026-02-27 15:20:10.321,-3.58646,6.76702,-4.86183,0.185856,-0.313628,0.262833,7.203000000000003
1772223610322685345,2026-02-27 15:20:10.322,-3.59633,6.6474,-4.2295,0.166448,-0.311758,0.252221,7.204000000000008
1772223610323854379,2026-02-27 15:20:10.323,-3.61489,6.62817,-3.51069,0.151649,-0.307119,0.241131,7.2050000000000125
1772223610325049054,2026-02-27 15:20:10.325,-3.49109,6.56046,-3.24382,0.146984,-0.301512,0.234795,7.207000000000008
1772223610326218592,2026-02-27 15:20:10.326,-3.32726,6.47501,-3.50559,0.150837,-0.296964,0.235164,7.208000000000013
1772223610327389269,2026-02-27 15:20:10.327,-3.27889,6.56387,-3.52046,0.148891,-0.297111,0.237488,7.209000000000003
1772223610328533822,2026-02-27 15:20:10.328,-3.42066,6.62296,-2.55524,0.153571,-0.295683,0.22988,7.210000000000008
1772223610329659934,2026-02-27 15:20:10.329,-3.35752,6.65519,-3.16144,0.161868,-0.295281,0.232899,7.211000000000013
1772223610330804944,2026-02-27 15:20:10.330,-3.40934,6.63699,-3.22568,0.159052,-0.295997,0.233048,7.212000000000003
1772223610331997932,2026-02-27 15:20:10.331,-3.35132,6.59009,-3.78853,0.161895,-0.296109,0.238507,7.213000000000008
1772223610333186888,2026-02-27 15:20:10.333,-3.34976,6.52519,-3.82951,0.154947,-0.297941,0.238117,7.215000000000003
1772223610334357754,2026-02-27 15:20:10.334,-3.32675,6.42335,-3.74249,0.147872,-0.295784,0.233857,7.216000000000008
1772223610335535133,2026-02-27 15:20:10.335,-3.31644,6.49116,-3.54603,0.141344,-0.291373,0.228454,7.216999999999999
1772223610336661259,2026-02-27 15:20:10.336,-3.22991,6.42695,-4.58859,0.137531,-0.289928,0.235383,7.2180000000000035
1772223610337822856,2026-02-27 15:20:10.337,-3.07887,6.36641,-4.64835,0.139333,-0.286946,0.232661,7.219000000000008
1772223610339022539,2026-02-27 15:20:10.339,-3.06417,6.41962,-4.65483,0.136196,-0.284384,0.230438,7.221000000000004
1772223610340202026,2026-02-27 15:20:10.340,-3.07091,6.41744,-4.08786,0.131483,-0.282944,0.224439,7.222000000000008
1772223610341372125,2026-02-27 15:20:10.341,-2.95568,6.29865,-4.19438,0.135112,-0.282724,0.219409,7.222999999999999
1772223610342533808,2026-02-27 15:20:10.342,-2.87748,6.27216,-4.30717,0.13305,-0.284026,0.221187,7.224000000000004
1772223610343658266,2026-02-27 15:20:10.343,-2.86357,6.25038,-4.45477,0.139043,-0.285272,0.222297,7.2250000000000085
1772223610344852626,2026-02-27 15:20:10.344,-2.89505,6.23219,-3.95032,0.143246,-0.285075,0.216902,7.225999999999999
1772223610346044677,2026-02-27 15:20:10.346,-2.87169,6.20411,-3.79048,0.143097,-0.286843,0.217412,7.228000000000009
1772223610347223877,2026-02-27 15:20:10.347,-2.83367,6.18624,-4.11443,0.146175,-0.28834,0.220492,7.228999999999999
1772223610348394884,2026-02-27 15:20:10.348,-2.8468,6.12116,-5.16331,0.14862,-0.290568,0.231504,7.230000000000004
1772223610349527074,2026-02-27 15:20:10.349,-2.8796,6.14393,-5.14729,0.148387,-0.292783,0.232,7.231000000000009
1772223610350653131,2026-02-27 15:20:10.350,-2.95544,6.12359,-5.08849,0.14781,-0.293984,0.23207,7.231999999999999
1772223610351823002,2026-02-27 15:20:10.351,-2.95011,6.13692,-4.95777,0.145027,-0.294517,0.230601,7.233000000000004
1772223610353022650,2026-02-27 15:20:10.353,-2.98686,6.12685,-4.92193,0.141001,-0.295691,0.230997,7.234999999999999
1772223610354220995,2026-02-27 15:20:10.354,-3.00923,6.11191,-5.79565,0.137399,-0.296093,0.236644,7.236000000000004
1772223610355356357,2026-02-27 15:20:10.355,-2.97593,6.05467,-5.18165,0.133353,-0.296019,0.229798,7.237000000000009
1772223610356532688,2026-02-27 15:20:10.356,-2.94174,6.04536,-4.92959,0.137992,-0.293382,0.225912,7.2379999999999995
1772223610357661692,2026-02-27 15:20:10.357,-2.92981,6.03697,-4.82605,0.138623,-0.292747,0.225748,7.239000000000004
1772223610358858771,2026-02-27 15:20:10.358,-2.89411,6.05106,-4.91146,0.141991,-0.293451,0.226624,7.240000000000009
1772223610360053941,2026-02-27 15:20:10.360,-2.88094,6.09639,-4.92298,0.141315,-0.295178,0.228355,7.242000000000004
1772223610361251922,2026-02-27 15:20:10.361,-2.98387,6.15638,-4.81743,0.140629,-0.295289,0.227424,7.243000000000009
1772223610362422742,2026-02-27 15:20:10.362,-2.94161,6.14517,-3.93184,0.141829,-0.296737,0.219812,7.244
1772223610363571945,2026-02-27 15:20:10.363,-2.92503,6.13377,-3.93357,0.142467,-0.296129,0.217023,7.2450000000000045
1772223610364706571,2026-02-27 15:20:10.364,-2.88349,6.10818,-4.46409,0.136719,-0.293737,0.220168,7.246000000000009
1772223610365832536,2026-02-27 15:20:10.365,-2.80369,6.0639,-4.732,0.135829,-0.294709,0.220801,7.247
1772223610367025134,2026-02-27 15:20:10.367,-2.83021,6.06055,-4.77134,0.130256,-0.293399,0.220229,7.249000000000009
1772223610368218025,2026-02-27 15:20:10.368,-2.76174,6.10224,-4.75569,0.132587,-0.292361,0.221322,7.25
1772223610369386737,2026-02-27 15:20:10.369,-2.77835,6.28042,-5.35318,0.136845,-0.290833,0.228856,7.251000000000005
1772223610370526929,2026-02-27 15:20:10.370,-2.75905,6.27362,-5.43806,0.134199,-0.293584,0.229207,7.2520000000000095
1772223610371652493,2026-02-27 15:20:10.371,-2.71293,6.24581,-5.32327,0.133147,-0.293759,0.227287,7.253
1772223610372825268,2026-02-27 15:20:10.372,-2.5686,6.1667,-4.98908,0.136889,-0.288569,0.220512,7.254000000000005
1772223610374018712,2026-02-27 15:20:10.374,-2.30078,6.00829,-4.86926,0.136662,-0.278309,0.215695,7.256
1772223610375213516,2026-02-27 15:20:10.375,-1.9501,6.07835,-4.73572,0.14106,-0.263999,0.212494,7.257000000000005
1772223610376381503,2026-02-27 15:20:10.376,-1.90792,6.19153,-4.53617,0.138714,-0.256788,0.21334,7.25800000000001
1772223610377526944,2026-02-27 15:20:10.377,-1.74234,6.11984,-4.35048,0.139208,-0.252775,0.210482,7.259
1772223610378652864,2026-02-27 15:20:10.378,-1.79354,6.10724,-3.62961,0.140253,-0.24968,0.202974,7.260000000000005
1772223610379821666,2026-02-27 15:20:10.379,-1.79337,6.13817,-4.27085,0.145832,-0.245668,0.208034,7.26100000000001
1772223610381017754,2026-02-27 15:20:10.381,-1.84225,6.16955,-4.47661,0.153354,-0.24602,0.21176,7.263000000000005
1772223610382211247,2026-02-27 15:20:10.382,-1.91699,6.30684,-5.22071,0.161083,-0.249205,0.219793,7.26400000000001
1772223610383404380,2026-02-27 15:20:10.383,-2.00509,6.33176,-5.58944,0.166846,-0.251707,0.22323,7.265000000000001
1772223610384497960,2026-02-27 15:20:10.384,-2.09372,6.37033,-5.70062,0.172128,-0.253055,0.224652,7.266000000000005
1772223610385623572,2026-02-27 15:20:10.385,-2.06741,6.38685,-5.72654,0.173891,-0.251921,0.22572,7.26700000000001
1772223610386793970,2026-02-27 15:20:10.386,-1.96996,6.38042,-6.74131,0.171774,-0.248592,0.234833,7.268000000000001
1772223610387989736,2026-02-27 15:20:10.387,-1.84103,6.37881,-6.44491,0.175007,-0.244102,0.23065,7.2690000000000055
1772223610389181947,2026-02-27 15:20:10.389,-1.86102,6.41887,-6.33971,0.172372,-0.241337,0.230004,7.271000000000001
1772223610390351503,2026-02-27 15:20:10.390,-1.89546,6.41251,-5.77252,0.16825,-0.237416,0.223994,7.272000000000006
1772223610391531427,2026-02-27 15:20:10.391,-1.76766,6.36307,-5.43194,0.170145,-0.233536,0.222355,7.27300000000001
1772223610392656667,2026-02-27 15:20:10.392,-1.90805,6.39827,-5.28398,0.165341,-0.235991,0.220763,7.274000000000001
1772223610393852005,2026-02-27 15:20:10.393,-1.91235,6.3997,-5.27519,0.167638,-0.23545,0.21953,7.275000000000006
1772223610395047938,2026-02-27 15:20:10.395,-1.83899,6.27382,-4.374,0.161678,-0.229047,0.209443,7.277000000000001
1772223610396242676,2026-02-27 15:20:10.396,-1.64668,6.24955,-4.27451,0.159607,-0.222571,0.207312,7.278000000000006
1772223610397410350,2026-02-27 15:20:10.397,-1.58916,6.22384,-4.40412,0.159223,-0.217053,0.205608,7.279000000000011
1772223610398528407,2026-02-27 15:20:10.398,-1.59328,6.20841,-5.53413,0.164036,-0.212033,0.213762,7.280000000000001
1772223610399654953,2026-02-27 15:20:10.399,-1.57923,6.25278,-5.48074,0.162725,-0.213759,0.214874,7.281000000000006
1772223610400824471,2026-02-27 15:20:10.400,-1.75997,6.29658,-5.43064,0.161761,-0.216385,0.215902,7.282000000000011
1772223610402116843,2026-02-27 15:20:10.402,-1.99493,6.35034,-5.31775,0.160115,-0.226652,0.216247,7.284000000000006
1772223610403319742,2026-02-27 15:20:10.403,-2.09257,6.28246,-5.671,0.157101,-0.230329,0.219907,7.285000000000011
1772223610404503584,2026-02-27 15:20:10.404,-2.2552,6.24907,-5.85904,0.157923,-0.233042,0.216945,7.286000000000001
1772223610405627456,2026-02-27 15:20:10.405,-2.40504,6.22931,-5.54302,0.153066,-0.239954,0.214419,7.287000000000006
1772223610406804009,2026-02-27 15:20:10.406,-2.51043,6.22607,-5.17539,0.150712,-0.242444,0.21061,7.288000000000011
1772223610407999552,2026-02-27 15:20:10.408,-2.53624,6.21063,-5.0363,0.147695,-0.245096,0.207679,7.290000000000006
1772223610409192455,2026-02-27 15:20:10.409,-2.58889,6.24364,-4.86583,0.143338,-0.247248,0.206053,7.291000000000011
1772223610410378601,2026-02-27 15:20:10.410,-2.62115,6.19656,-4.69847,0.13785,-0.24888,0.201776,7.292000000000002
