abs_timestamp_ns,human_time,fx,fy,fz,tx,ty,tz,mocap_ref_time
1772223624085526971,2026-02-27 15:20:24.085,-3.68916,3.34295,-3.86745,0.079408,-0.183584,0.151024,20.967
1772223624086653778,2026-02-27 15:20:24.086,-3.81581,3.40113,-3.65134,0.080286,-0.184159,0.151915,20.968000000000004
1772223624087828774,2026-02-27 15:20:24.087,-3.9017,3.42042,-3.48674,0.07707,-0.186122,0.151173,20.96900000000001
1772223624089027206,2026-02-27 15:20:24.089,-3.89163,3.46229,-2.48062,0.077952,-0.188409,0.143681,20.971000000000004
1772223624090226789,2026-02-27 15:20:24.090,-4.07169,3.48528,-2.23628,0.076582,-0.189362,0.143062,20.97200000000001
1772223624091398580,2026-02-27 15:20:24.091,-4.05252,3.52885,-2.20959,0.078169,-0.192165,0.1453,20.973
1772223624092527579,2026-02-27 15:20:24.092,-4.08184,3.6537,-2.90495,0.079704,-0.1938,0.155097,20.974000000000004
1772223624093657103,2026-02-27 15:20:24.093,-4.13453,3.63819,-2.77687,0.079822,-0.195956,0.157147,20.97500000000001
1772223624094828359,2026-02-27 15:20:24.094,-4.18538,3.7199,-2.58403,0.079663,-0.197394,0.158626,20.976
1772223624096028206,2026-02-27 15:20:24.096,-4.27875,3.77539,-2.47289,0.0799,-0.197798,0.160064,20.97800000000001
1772223624097229174,2026-02-27 15:20:24.097,-4.25153,3.88019,-2.65376,0.08541,-0.198912,0.166332,20.979
1772223624098400898,2026-02-27 15:20:24.098,-4.31069,3.90162,-3.20884,0.082042,-0.198653,0.173046,20.980000000000004
1772223624099536527,2026-02-27 15:20:24.099,-4.41462,4.09229,-2.53195,0.089163,-0.197885,0.172439,20.98100000000001
1772223624100665566,2026-02-27 15:20:24.100,-4.41504,4.09201,-2.07541,0.091192,-0.198772,0.171251,20.982
1772223624101844090,2026-02-27 15:20:24.101,-4.45659,4.18294,-1.78943,0.093423,-0.199385,0.171111,20.983000000000004
1772223624103042466,2026-02-27 15:20:24.103,-4.46921,4.33558,-1.69907,0.099003,-0.196145,0.173242,20.985
1772223624104237261,2026-02-27 15:20:24.104,-4.51398,4.36292,-1.6737,0.103636,-0.196293,0.175745,20.986000000000004
1772223624105408702,2026-02-27 15:20:24.105,-4.53581,4.42449,-1.61413,0.106308,-0.195543,0.176083,20.98700000000001
1772223624106529915,2026-02-27 15:20:24.106,-4.64388,4.57816,-0.786549,0.110305,-0.191475,0.174144,20.988
1772223624107655771,2026-02-27 15:20:24.107,-4.57741,4.59093,-0.75811,0.111761,-0.192364,0.176309,20.989000000000004
1772223624108852815,2026-02-27 15:20:24.108,-4.65103,4.61967,-1.18634,0.11332,-0.191571,0.182559,20.99000000000001
1772223624110050923,2026-02-27 15:20:24.110,-4.62692,4.65507,-1.34489,0.116464,-0.19041,0.185302,20.992000000000004
1772223624111245367,2026-02-27 15:20:24.111,-4.66552,4.68996,-1.34531,0.121526,-0.187339,0.185617,20.99300000000001
1772223624112416479,2026-02-27 15:20:24.112,-4.65463,4.73112,-1.26598,0.123138,-0.185872,0.186116,20.994
1772223624113533987,2026-02-27 15:20:24.113,-4.67714,4.79336,-1.95924,0.12493,-0.181908,0.195798,20.995000000000005
1772223624114662661,2026-02-27 15:20:24.114,-4.66568,4.70366,-1.79366,0.124357,-0.182526,0.195403,20.99600000000001
1772223624115834919,2026-02-27 15:20:24.115,-4.71097,4.72639,-1.6396,0.125153,-0.180671,0.193593,20.997
1772223624117030798,2026-02-27 15:20:24.117,-4.68392,4.7377,-1.03328,0.129669,-0.178954,0.188434,20.99900000000001
1772223624118225559,2026-02-27 15:20:24.118,-4.69486,4.77185,-0.690747,0.127718,-0.176702,0.185796,21.0
1772223624119400825,2026-02-27 15:20:24.119,-4.68692,4.73136,-0.520276,0.129769,-0.175564,0.184822,21.001000000000005
1772223624120531636,2026-02-27 15:20:24.120,-4.68846,4.6577,-0.482434,0.133217,-0.170788,0.182454,21.00200000000001
1772223624121768802,2026-02-27 15:20:24.121,-4.68006,4.67855,0.197268,0.133918,-0.168824,0.175132,21.003
1772223624122965264,2026-02-27 15:20:24.122,-4.7177,4.6093,0.742819,0.13032,-0.165954,0.169317,21.004000000000005
1772223624124167565,2026-02-27 15:20:24.124,-4.66093,4.55896,0.46496,0.133233,-0.164571,0.171708,21.006
1772223624125363879,2026-02-27 15:20:24.125,-4.62241,4.51694,0.398354,0.131041,-0.162542,0.172618,21.007000000000005
1772223624126570892,2026-02-27 15:20:24.126,-4.63174,4.48793,0.005144,0.132707,-0.160595,0.173678,21.00800000000001
1772223624127721785,2026-02-27 15:20:24.127,-4.60904,4.40164,0.254397,0.130306,-0.157798,0.169818,21.009
1772223624128894986,2026-02-27 15:20:24.128,-4.61982,4.32279,0.364092,0.128486,-0.157044,0.168511,21.010000000000005
1772223624130088700,2026-02-27 15:20:24.130,-4.65781,4.29588,0.399256,0.126008,-0.158092,0.165938,21.012
1772223624131281352,2026-02-27 15:20:24.131,-4.92577,4.22691,-0.5811,0.12581,-0.16974,0.171449,21.013000000000005
1772223624132468365,2026-02-27 15:20:24.132,-5.28114,4.13366,-0.196063,0.119591,-0.181784,0.160543,21.01400000000001
1772223624133563029,2026-02-27 15:20:24.133,-5.6041,3.79255,0.53924,0.118934,-0.197745,0.146219,21.015
1772223624134705570,2026-02-27 15:20:24.134,-5.65897,3.72459,0.90846,0.121125,-0.199496,0.13944,21.016000000000005
1772223624135921507,2026-02-27 15:20:24.135,-5.68764,3.61028,0.97143,0.120019,-0.201565,0.135806,21.01700000000001
1772223624137115211,2026-02-27 15:20:24.137,-5.74642,3.51209,1.04751,0.119295,-0.202441,0.133262,21.019000000000005
1772223624138283269,2026-02-27 15:20:24.138,-5.73253,3.42088,1.16596,0.113223,-0.203495,0.130382,21.02000000000001
1772223624139479679,2026-02-27 15:20:24.139,-5.72029,3.37523,2.18298,0.115201,-0.204633,0.118153,21.021
1772223624140621395,2026-02-27 15:20:24.140,-5.69524,3.32544,2.10506,0.112625,-0.203469,0.11757,21.022000000000006
1772223624141814774,2026-02-27 15:20:24.141,-5.69995,3.09288,1.58609,0.102857,-0.201352,0.115428,21.02300000000001
1772223624143009826,2026-02-27 15:20:24.143,-5.5964,3.06714,1.35714,0.10408,-0.201764,0.116542,21.025000000000006
1772223624144205891,2026-02-27 15:20:24.144,-5.59947,3.01353,1.45787,0.101181,-0.199076,0.113479,21.02600000000001
1772223624145402579,2026-02-27 15:20:24.145,-5.51275,3.0073,1.5521,0.097753,-0.19637,0.111657,21.027
1772223624146630749,2026-02-27 15:20:24.146,-5.4105,2.95827,1.55661,0.095363,-0.193481,0.108064,21.028000000000006
1772223624147823682,2026-02-27 15:20:24.147,-5.31325,2.86169,0.555402,0.091095,-0.186596,0.11191,21.02900000000001
1772223624149019989,2026-02-27 15:20:24.149,-5.23243,2.79362,0.802624,0.088245,-0.18533,0.108467,21.031000000000006
1772223624150220439,2026-02-27 15:20:24.150,-5.19819,2.7811,1.08132,0.088347,-0.181038,0.103406,21.03200000000001
1772223624151416444,2026-02-27 15:20:24.151,-5.07787,2.77231,1.41769,0.087292,-0.179643,0.09899,21.033
1772223624152537578,2026-02-27 15:20:24.152,-4.95832,2.72915,1.60338,0.082396,-0.176824,0.095652,21.034000000000006
1772223624153682311,2026-02-27 15:20:24.153,-4.91464,2.6987,1.59113,0.079035,-0.174023,0.094423,21.03500000000001
1772223624154906381,2026-02-27 15:20:24.154,-4.75244,2.62585,1.67014,0.077921,-0.168202,0.089098,21.036
1772223624156103856,2026-02-27 15:20:24.156,-4.6074,2.63283,2.52336,0.076229,-0.156077,0.080729,21.03800000000001
1772223624157308046,2026-02-27 15:20:24.157,-4.48426,2.57616,2.01562,0.078504,-0.1536,0.084203,21.039
1772223624158647028,2026-02-27 15:20:24.158,-4.43014,2.57105,2.26039,0.074662,-0.160835,0.083905,21.040000000000006
1772223624159862777,2026-02-27 15:20:24.159,-4.20203,2.50418,1.49624,0.073202,-0.137499,0.086782,21.04100000000001
1772223624161057841,2026-02-27 15:20:24.161,-4.0632,2.51795,1.48805,0.073214,-0.134839,0.085385,21.043000000000006
1772223624162252734,2026-02-27 15:20:24.162,-3.99336,2.48014,1.41971,0.06922,-0.126457,0.083582,21.04400000000001
1772223624163467025,2026-02-27 15:20:24.163,-3.78205,2.50325,1.48416,0.068092,-0.125051,0.083679,21.045
1772223624164596319,2026-02-27 15:20:24.164,-3.48848,2.44611,0.73436,0.069985,-0.111101,0.087597,21.046000000000006
1772223624165752327,2026-02-27 15:20:24.165,-3.42894,2.43378,0.800744,0.067444,-0.104581,0.087015,21.04700000000001
1772223624166947267,2026-02-27 15:20:24.166,-3.33319,2.43495,1.40865,0.069408,-0.101004,0.08173,21.048000000000002
1772223624168142521,2026-02-27 15:20:24.168,-3.23611,2.3869,1.77441,0.066091,-0.097522,0.078952,21.05000000000001
1772223624169338668,2026-02-27 15:20:24.169,-3.12874,2.36388,1.82113,0.067761,-0.091291,0.078632,21.051000000000002
1772223624170541352,2026-02-27 15:20:24.170,-3.00571,2.39491,1.81079,0.071133,-0.082825,0.077877,21.052000000000007
1772223624171671727,2026-02-27 15:20:24.171,-2.84709,2.32888,2.6612,0.068898,-0.082417,0.069622,21.05300000000001
1772223624172844379,2026-02-27 15:20:24.172,-2.73156,2.31266,2.85591,0.068078,-0.073498,0.068436,21.054000000000002
1772223624174039875,2026-02-27 15:20:24.174,-2.60298,2.30223,2.75884,0.071488,-0.061481,0.068623,21.05600000000001
1772223624175234645,2026-02-27 15:20:24.175,-2.43665,2.31625,2.27318,0.07563,-0.056573,0.072126,21.057000000000002
1772223624176430390,2026-02-27 15:20:24.176,-2.42992,2.27819,2.02028,0.068796,-0.054913,0.076279,21.058000000000007
1772223624177563197,2026-02-27 15:20:24.177,-2.30515,2.33645,1.92458,0.073975,-0.042808,0.076328,21.05900000000001
1772223624178687860,2026-02-27 15:20:24.178,-2.16649,2.31641,2.04748,0.072453,-0.03979,0.076656,21.060000000000002
1772223624179902435,2026-02-27 15:20:24.179,-1.91899,2.31606,1.90658,0.077078,-0.025385,0.077814,21.061000000000007
1772223624181099685,2026-02-27 15:20:24.181,-1.87853,2.29066,1.18549,0.072544,-0.021453,0.085342,21.063000000000002
1772223624182296876,2026-02-27 15:20:24.182,-1.76002,2.25786,1.58058,0.074219,-0.025352,0.081296,21.064000000000007
1772223624183629321,2026-02-27 15:20:24.183,-1.71968,2.26268,1.64803,0.071429,-0.022688,0.08036,21.065000000000012
1772223624184808811,2026-02-27 15:20:24.184,-1.55497,2.28995,2.40682,0.074411,-0.008872,0.074361,21.066000000000003
1772223624186009415,2026-02-27 15:20:24.186,-1.49824,2.24254,2.4271,0.074212,0.00024,0.074814,21.068000000000012
1772223624187206017,2026-02-27 15:20:24.187,-1.43676,2.24983,2.48802,0.075029,0.00438,0.075199,21.069000000000003
1772223624188408070,2026-02-27 15:20:24.188,-1.26581,2.24529,2.54614,0.078182,0.007066,0.076438,21.070000000000007
1772223624189661546,2026-02-27 15:20:24.189,-1.20139,2.22608,3.70889,0.078487,0.012148,0.067137,21.071000000000012
1772223624190875585,2026-02-27 15:20:24.190,-1.05792,2.26944,3.38692,0.078932,0.016969,0.070256,21.072000000000003
1772223624192070881,2026-02-27 15:20:24.192,-1.02831,2.25317,2.82396,0.076763,0.018407,0.075407,21.074000000000012
1772223624193270409,2026-02-27 15:20:24.193,-0.933393,2.24615,2.57062,0.076802,0.020045,0.077108,21.075000000000003
1772223624194478783,2026-02-27 15:20:24.194,-0.901467,2.22516,2.61364,0.081912,0.021547,0.077186,21.076000000000008
1772223624195685850,2026-02-27 15:20:24.195,-0.864827,2.20296,2.69375,0.078579,0.021713,0.077339,21.077000000000012
1772223624196897970,2026-02-27 15:20:24.196,-0.797019,2.16501,1.86857,0.080132,0.023924,0.085581,21.078000000000003
1772223624198091889,2026-02-27 15:20:24.198,-0.818484,2.11286,1.72123,0.077433,0.023133,0.08608,21.080000000000013
1772223624199287213,2026-02-27 15:20:24.199,-0.764186,2.13131,1.8092,0.078638,0.02253,0.085287,21.081000000000003
1772223624200615621,2026-02-27 15:20:24.200,-0.76987,2.13163,2.32512,0.078123,0.022511,0.081079,21.082000000000008
1772223624201788170,2026-02-27 15:20:24.201,-0.731265,2.07619,2.67249,0.077566,0.020763,0.077815,21.083000000000013
1772223624202990422,2026-02-27 15:20:24.202,-0.732954,2.07809,2.67236,0.077898,0.020193,0.077833,21.084000000000003
1772223624204189080,2026-02-27 15:20:24.204,-0.748773,2.10405,2.58687,0.079007,0.020523,0.078468,21.086000000000013
1772223624205388592,2026-02-27 15:20:24.205,-0.764233,2.06249,2.99905,0.076541,0.019234,0.074377,21.087000000000003
1772223624206685666,2026-02-27 15:20:24.206,-0.79401,2.04238,3.56581,0.074259,0.019591,0.068448,21.088000000000008
1772223624207899347,2026-02-27 15:20:24.207,-0.719306,2.00482,3.06185,0.074918,0.017701,0.07413,21.089
1772223624209094490,2026-02-27 15:20:24.209,-0.671135,1.98117,2.56699,0.075334,0.016605,0.078327,21.091000000000008
1772223624210262185,2026-02-27 15:20:24.210,-0.682223,2.00276,2.42088,0.075767,0.018072,0.078893,21.092
1772223624211470838,2026-02-27 15:20:24.211,-0.705436,1.96652,2.40514,0.073544,0.017863,0.077979,21.093000000000004
1772223624212560257,2026-02-27 15:20:24.212,-0.755472,1.94571,2.36146,0.070395,0.018096,0.078117,21.09400000000001
1772223624213693648,2026-02-27 15:20:24.213,-0.643894,1.93734,1.38584,0.071513,0.017383,0.087584,21.095
1772223624214861918,2026-02-27 15:20:24.214,-0.660981,1.84502,1.77856,0.070321,0.017335,0.083463,21.096000000000004
1772223624216060665,2026-02-27 15:20:24.216,-0.660372,1.87854,1.73225,0.070209,0.017203,0.08431,21.098
1772223624217256800,2026-02-27 15:20:24.217,-0.723359,1.87766,2.21894,0.070274,0.017968,0.078196,21.099000000000004
1772223624218467799,2026-02-27 15:20:24.218,-0.681813,1.82056,2.43229,0.069342,0.016802,0.076761,21.10000000000001
1772223624219562198,2026-02-27 15:20:24.219,-0.644817,1.83241,2.41617,0.072403,0.016659,0.076377,21.101
1772223624220695398,2026-02-27 15:20:24.220,-0.64566,1.84751,2.37347,0.073799,0.018192,0.076795,21.102000000000004
1772223624221866372,2026-02-27 15:20:24.221,-0.649346,1.76098,3.25259,0.071203,0.01783,0.06672,21.10300000000001
1772223624223064782,2026-02-27 15:20:24.223,-0.59074,1.74748,3.13654,0.076003,0.015921,0.069307,21.105000000000004
1772223624224268455,2026-02-27 15:20:24.224,-0.572101,1.7527,2.99362,0.076046,0.01658,0.069425,21.10600000000001
1772223624225439355,2026-02-27 15:20:24.225,-0.574242,1.69074,2.62017,0.072251,0.015891,0.073389,21.107
1772223624226578781,2026-02-27 15:20:24.226,-0.600572,1.65948,2.14567,0.073161,0.015691,0.07742,21.108000000000004
1772223624227709522,2026-02-27 15:20:24.227,-0.596426,1.59022,2.12823,0.071721,0.015784,0.076911,21.10900000000001
1772223624228877967,2026-02-27 15:20:24.228,-0.58527,1.58353,2.03311,0.074287,0.016014,0.076044,21.11
1772223624230073201,2026-02-27 15:20:24.230,-0.608875,1.61727,1.63232,0.073373,0.015751,0.08118,21.11200000000001
1772223624231268223,2026-02-27 15:20:24.231,-0.588213,1.52514,1.09542,0.073596,0.015715,0.085526,21.113
1772223624232476972,2026-02-27 15:20:24.232,-0.585277,1.48867,1.40116,0.070845,0.015284,0.082204,21.114000000000004
1772223624233567803,2026-02-27 15:20:24.233,-0.624213,1.4917,1.58179,0.068934,0.016366,0.079281,21.11500000000001
1772223624234697750,2026-02-27 15:20:24.234,-0.608404,1.48143,1.92273,0.07189,0.01591,0.077174,21.116
1772223624235980239,2026-02-27 15:20:24.235,-0.569486,1.44278,1.99575,0.073335,0.014936,0.075507,21.117000000000004
1772223624237179140,2026-02-27 15:20:24.237,-0.599961,1.4279,1.99779,0.073515,0.014552,0.0751,21.119
1772223624238347823,2026-02-27 15:20:24.238,-0.584489,1.40088,2.04314,0.073371,0.015161,0.074448,21.120000000000005
1772223624239569525,2026-02-27 15:20:24.239,-0.610306,1.41036,3.05697,0.072382,0.014861,0.065613,21.12100000000001
1772223624240701946,2026-02-27 15:20:24.240,-0.605522,1.35897,2.48924,0.074506,0.015914,0.068501,21.122
1772223624241856002,2026-02-27 15:20:24.241,-0.623418,1.35447,1.92391,0.073315,0.017113,0.073922,21.123000000000005
1772223624243051430,2026-02-27 15:20:24.243,-0.524888,1.31644,1.79073,0.074768,0.015739,0.075958,21.125
1772223624244247974,2026-02-27 15:20:24.244,-0.519272,1.29543,1.79347,0.073018,0.016289,0.075473,21.126000000000005
1772223624245443655,2026-02-27 15:20:24.245,-0.494915,1.28213,1.77677,0.074911,0.015655,0.075064,21.12700000000001
1772223624246570165,2026-02-27 15:20:24.246,-0.557508,1.25115,1.75451,0.071033,0.016365,0.074979,21.128
1772223624247700243,2026-02-27 15:20:24.247,-0.448647,1.26037,0.825146,0.073262,0.015853,0.083648,21.129000000000005
1772223624248864992,2026-02-27 15:20:24.248,-0.493319,1.23483,0.999056,0.072749,0.016317,0.081816,21.13000000000001
1772223624250059726,2026-02-27 15:20:24.250,-0.507952,1.24181,1.39778,0.076473,0.015693,0.077009,21.132000000000005
1772223624251253547,2026-02-27 15:20:24.251,-0.561361,1.20266,1.65393,0.073603,0.017215,0.07494,21.13300000000001
1772223624252448391,2026-02-27 15:20:24.252,-0.477786,1.20128,1.78251,0.075376,0.018264,0.074343,21.134
1772223624253562712,2026-02-27 15:20:24.253,-0.476651,1.16992,1.67789,0.074808,0.016892,0.074704,21.135000000000005
1772223624254690211,2026-02-27 15:20:24.254,-0.463417,1.16085,1.64369,0.0764,0.0177,0.073839,21.13600000000001
1772223624255871854,2026-02-27 15:20:24.255,-0.514875,1.15276,2.59847,0.074272,0.017021,0.064531,21.137
1772223624257060169,2026-02-27 15:20:24.257,-0.512649,1.13647,2.41815,0.073772,0.016829,0.067191,21.13900000000001
1772223624258254227,2026-02-27 15:20:24.258,-0.495781,1.11385,2.06876,0.073854,0.015759,0.070838,21.14
1772223624259448273,2026-02-27 15:20:24.259,-0.447588,1.1027,1.53993,0.076324,0.017315,0.074173,21.141000000000005
1772223624260562784,2026-02-27 15:20:24.260,-0.462311,1.05949,1.51865,0.076978,0.018681,0.074353,21.14200000000001
1772223624261693252,2026-02-27 15:20:24.261,-0.483078,1.05425,1.55401,0.073339,0.019115,0.074939,21.143
1772223624262840285,2026-02-27 15:20:24.262,-0.481091,1.0558,1.44368,0.072338,0.017804,0.076158,21.144000000000005
1772223624264035721,2026-02-27 15:20:24.264,-0.387327,1.02383,0.541296,0.074603,0.017138,0.083764,21.146
1772223624265235512,2026-02-27 15:20:24.265,-0.434066,0.998269,0.991234,0.073181,0.017411,0.080146,21.147000000000006
1772223624266434008,2026-02-27 15:20:24.266,-0.486359,0.945026,0.937303,0.071448,0.01776,0.078794,21.14800000000001
1772223624267569953,2026-02-27 15:20:24.267,-0.430121,0.960149,1.44984,0.075008,0.017202,0.075504,21.149
1772223624268700198,2026-02-27 15:20:24.268,-0.487034,0.957731,1.55849,0.074296,0.018383,0.074281,21.150000000000006
1772223624269849944,2026-02-27 15:20:24.269,-0.489082,0.974256,1.51978,0.076032,0.01934,0.074079,21.15100000000001
1772223624271026722,2026-02-27 15:20:24.271,-0.469147,0.948299,1.55564,0.072626,0.01771,0.074667,21.153000000000006
1772223624272221132,2026-02-27 15:20:24.272,-0.516181,0.887694,2.65886,0.073096,0.016628,0.064615,21.15400000000001
1772223624273414640,2026-02-27 15:20:24.273,-0.488368,0.871656,2.35014,0.075527,0.017913,0.06851,21.155
1772223624274563114,2026-02-27 15:20:24.274,-0.488397,0.921113,2.33393,0.0762,0.018167,0.067898,21.156000000000006
1772223624275689648,2026-02-27 15:20:24.275,-0.450991,0.86983,1.74954,0.075733,0.017911,0.073287,21.15700000000001
1772223624276861858,2026-02-27 15:20:24.276,-0.425628,0.840131,1.44747,0.078725,0.018022,0.076141,21.158
1772223624278031687,2026-02-27 15:20:24.278,-0.531916,0.769572,1.4792,0.073201,0.017874,0.076922,21.16000000000001
1772223624279225043,2026-02-27 15:20:24.279,-0.480352,0.740466,1.49838,0.075344,0.017197,0.077369,21.161
1772223624280421255,2026-02-27 15:20:24.280,-0.479729,0.776602,0.823048,0.078639,0.018024,0.084335,21.162000000000006
1772223624281560816,2026-02-27 15:20:24.281,-0.497435,0.739074,0.587503,0.075047,0.017461,0.085836,21.16300000000001
1772223624282685429,2026-02-27 15:20:24.282,-0.476604,0.708167,0.720507,0.078156,0.018303,0.084438,21.164
1772223624283854868,2026-02-27 15:20:24.283,-0.478891,0.674143,1.10363,0.076716,0.018251,0.081826,21.165000000000006
1772223624285022415,2026-02-27 15:20:24.285,-0.47387,0.635189,1.52315,0.073022,0.018002,0.07662,21.167
1772223624286217200,2026-02-27 15:20:24.286,-0.532429,0.654406,1.48216,0.072734,0.017128,0.076435,21.168000000000006
1772223624287410839,2026-02-27 15:20:24.287,-0.555029,0.63361,1.43944,0.070603,0.01771,0.076573,21.16900000000001
1772223624288564487,2026-02-27 15:20:24.288,-0.491479,0.612443,1.66919,0.073558,0.016902,0.072881,21.17
1772223624289693694,2026-02-27 15:20:24.289,-0.47867,0.651699,2.52133,0.074707,0.01595,0.067209,21.171000000000006
1772223624290861579,2026-02-27 15:20:24.290,-0.431737,0.658489,2.05448,0.076984,0.016966,0.070379,21.17200000000001
1772223624292039527,2026-02-27 15:20:24.292,-0.461959,0.660393,1.39857,0.07648,0.018639,0.074058,21.174000000000007
1772223624293213765,2026-02-27 15:20:24.293,-0.417324,0.604967,1.34725,0.074824,0.016362,0.075682,21.17500000000001
1772223624294406284,2026-02-27 15:20:24.294,-0.3897,0.621625,1.36972,0.075637,0.016546,0.075488,21.176000000000002
1772223624295578680,2026-02-27 15:20:24.295,-0.398706,0.576398,1.40846,0.073044,0.016799,0.075646,21.177000000000007
1772223624296703852,2026-02-27 15:20:24.296,-0.453335,0.558427,1.3894,0.071543,0.016828,0.075197,21.17800000000001
1772223624297850523,2026-02-27 15:20:24.297,-0.307382,0.625871,0.282664,0.079739,0.018873,0.083439,21.179000000000002
1772223624299018573,2026-02-27 15:20:24.299,-0.300589,0.538137,0.721623,0.073393,0.01765,0.081379,21.18100000000001
1772223624300200698,2026-02-27 15:20:24.300,-0.360924,0.534533,1.16385,0.073108,0.019368,0.075857,21.182000000000002
1772223624301394378,2026-02-27 15:20:24.301,-0.381393,0.53026,1.41638,0.073101,0.018323,0.074525,21.183000000000007
1772223624302575169,2026-02-27 15:20:24.302,-0.40143,0.50662,1.43872,0.070003,0.019474,0.074027,21.18400000000001
1772223624303703196,2026-02-27 15:20:24.303,-0.3323,0.517307,1.39847,0.071791,0.018752,0.074233,21.185000000000002
1772223624304854735,2026-02-27 15:20:24.304,-0.351969,0.511278,1.40009,0.073998,0.019398,0.074065,21.186000000000007
1772223624306025083,2026-02-27 15:20:24.306,-0.389047,0.527263,2.35535,0.072385,0.019215,0.064765,21.188000000000002
1772223624307212590,2026-02-27 15:20:24.307,-0.30831,0.497944,2.24544,0.075509,0.018893,0.066421,21.189000000000007
1772223624308407942,2026-02-27 15:20:24.308,-0.311902,0.502457,1.71146,0.074425,0.019226,0.070162,21.190000000000012
1772223624309579500,2026-02-27 15:20:24.309,-0.276968,0.485398,1.32454,0.073926,0.018439,0.073338,21.191000000000003
1772223624310706786,2026-02-27 15:20:24.310,-0.339871,0.487951,1.24413,0.070926,0.019188,0.07283,21.192000000000007
1772223624311875160,2026-02-27 15:20:24.311,-0.320683,0.460606,1.24683,0.074662,0.018897,0.072675,21.193000000000012
1772223624313044840,2026-02-27 15:20:24.313,-0.268957,0.482002,0.963004,0.073178,0.018832,0.075674,21.195000000000007
1772223624314234993,2026-02-27 15:20:24.314,-0.189547,0.472193,0.32447,0.074688,0.018864,0.080215,21.196000000000012
1772223624315431529,2026-02-27 15:20:24.315,-0.186865,0.451272,0.668253,0.072048,0.01922,0.077341,21.197000000000003
1772223624316563633,2026-02-27 15:20:24.316,-0.253748,0.49018,0.82005,0.074207,0.018917,0.075825,21.198000000000008
1772223624317688623,2026-02-27 15:20:24.317,-0.247427,0.453125,1.22913,0.07439,0.017403,0.072422,21.199000000000012
1772223624318887038,2026-02-27 15:20:24.318,-0.276851,0.451557,1.33849,0.074374,0.018366,0.071202,21.200000000000003
1772223624320057347,2026-02-27 15:20:24.320,-0.253025,0.454299,1.30455,0.071517,0.018091,0.070047,21.202000000000012
1772223624321250411,2026-02-27 15:20:24.321,-0.245447,0.448984,1.34338,0.074091,0.018717,0.070533,21.203000000000003
1772223624322424708,2026-02-27 15:20:24.322,-0.269284,0.459117,2.3675,0.077668,0.017118,0.060323,21.204000000000008
1772223624323560123,2026-02-27 15:20:24.323,-0.227493,0.453476,2.0384,0.074344,0.016949,0.063892,21.205000000000013
1772223624324687985,2026-02-27 15:20:24.324,-0.215298,0.495607,2.03618,0.075622,0.017469,0.064353,21.206000000000003
1772223624325869304,2026-02-27 15:20:24.325,-0.294724,0.462536,1.45039,0.074784,0.017526,0.069592,21.207000000000008
1772223624327042703,2026-02-27 15:20:24.327,-0.254788,0.473459,1.22315,0.078119,0.017573,0.070374,21.209000000000003
1772223624328216995,2026-02-27 15:20:24.328,-0.271812,0.45375,1.32333,0.076661,0.015006,0.070436,21.210000000000008
1772223624329413073,2026-02-27 15:20:24.329,-0.257562,0.443949,1.32139,0.077263,0.016022,0.070846,21.211000000000013
1772223624330571413,2026-02-27 15:20:24.330,-0.160749,0.492821,0.401123,0.079121,0.01567,0.078043,21.212000000000003
1772223624331698866,2026-02-27 15:20:24.331,-0.277111,0.461924,0.476485,0.077111,0.015169,0.078527,21.213000000000008
1772223624332873761,2026-02-27 15:20:24.332,-0.284811,0.415189,0.507424,0.074862,0.015591,0.076761,21.214
1772223624334044679,2026-02-27 15:20:24.334,-0.259371,0.478682,1.22687,0.079122,0.015858,0.069787,21.216000000000008
1772223624335213814,2026-02-27 15:20:24.335,-0.301144,0.469539,1.43379,0.07644,0.015426,0.069016,21.217
1772223624336411026,2026-02-27 15:20:24.336,-0.262581,0.447991,1.39449,0.078613,0.014863,0.069014,21.218000000000004
1772223624337569108,2026-02-27 15:20:24.337,-0.277173,0.438655,1.37563,0.07918,0.015708,0.068793,21.21900000000001
1772223624338695033,2026-02-27 15:20:24.338,-0.29531,0.431208,1.8354,0.077942,0.014643,0.063703,21.22
1772223624339868801,2026-02-27 15:20:24.339,-0.266002,0.495401,2.41175,0.080194,0.013811,0.059827,21.221000000000004
1772223624341041402,2026-02-27 15:20:24.341,-0.299237,0.450323,1.8328,0.079359,0.014663,0.064171,21.223
1772223624342221327,2026-02-27 15:20:24.342,-0.293017,0.449636,1.39786,0.07891,0.014501,0.068405,21.224000000000004
1772223624343414321,2026-02-27 15:20:24.343,-0.224488,0.475552,1.27843,0.082423,0.015113,0.068379,21.22500000000001
1772223624344568916,2026-02-27 15:20:24.344,-0.253921,0.492154,1.31561,0.08217,0.015548,0.068841,21.226
1772223624345696806,2026-02-27 15:20:24.345,-0.290285,0.479958,1.35605,0.078795,0.015499,0.068594,21.227000000000004
1772223624346975834,2026-02-27 15:20:24.346,-0.265617,0.51728,1.31043,0.080364,0.014575,0.069476,21.22800000000001
1772223624348144958,2026-02-27 15:20:24.348,-0.259285,0.482849,0.836592,0.08033,0.014735,0.073461,21.230000000000004
1772223624349335425,2026-02-27 15:20:24.349,-0.247455,0.494081,0.770449,0.081374,0.014071,0.07431,21.23100000000001
1772223624350552053,2026-02-27 15:20:24.350,-1.42836,-0.045888,0.280093,0.109272,-0.194484,0.088587,21.232
1772223624351677681,2026-02-27 15:20:24.351,-0.570633,0.23502,0.970006,0.078397,-0.027112,0.088472,21.233000000000004
1772223624352851489,2026-02-27 15:20:24.352,-1.04344,-0.152268,-0.200102,0.124683,-0.108572,0.091781,21.23400000000001
1772223624354024103,2026-02-27 15:20:24.354,-0.880792,-0.064167,0.236103,0.1113,-0.057276,0.08858,21.236000000000004
1772223624355209411,2026-02-27 15:20:24.355,-1.05631,-0.136753,0.876876,0.119708,-0.074877,0.083453,21.23700000000001
1772223624356403308,2026-02-27 15:20:24.356,-1.144,-0.190545,0.484876,0.122542,-0.090663,0.089961,21.238
1772223624357576115,2026-02-27 15:20:24.357,-1.15363,-0.212396,0.33248,0.118707,-0.093372,0.094316,21.239000000000004
1772223624358708668,2026-02-27 15:20:24.358,-1.22477,-0.204534,-0.365493,0.11679,-0.100939,0.100884,21.24000000000001
1772223624359923809,2026-02-27 15:20:24.359,-1.25192,-0.22082,-0.767663,0.112977,-0.100411,0.10293,21.241
1772223624361096998,2026-02-27 15:20:24.361,-1.20077,-0.227367,-0.860844,0.108407,-0.104487,0.10452,21.24300000000001
1772223624362276100,2026-02-27 15:20:24.362,-1.25346,-0.244717,-0.937142,0.106258,-0.105597,0.103402,21.244
1772223624363486118,2026-02-27 15:20:24.363,-1.20146,-0.203251,-1.51265,0.105128,-0.106557,0.110544,21.245000000000005
1772223624364613179,2026-02-27 15:20:24.364,-1.24206,-0.173607,-1.94522,0.104817,-0.108638,0.114214,21.24600000000001
1772223624365744820,2026-02-27 15:20:24.365,-1.2847,-0.2455,-1.75638,0.101369,-0.111252,0.112989,21.247
1772223624366873726,2026-02-27 15:20:24.366,-1.40412,-0.225397,-1.45368,0.099791,-0.112463,0.109802,21.248000000000005
1772223624368053857,2026-02-27 15:20:24.368,-1.3982,-0.24306,-1.25466,0.101029,-0.114903,0.107398,21.25
1772223624369222421,2026-02-27 15:20:24.369,-1.42272,-0.254932,-1.132,0.106748,-0.119531,0.107449,21.251000000000005
1772223624370417950,2026-02-27 15:20:24.370,-1.44648,-0.271797,-1.17694,0.109494,-0.1208,0.108146,21.25200000000001
1772223624371552183,2026-02-27 15:20:24.371,-1.53363,-0.253549,-1.06431,0.108232,-0.121655,0.106118,21.253
1772223624372680578,2026-02-27 15:20:24.372,-1.47152,-0.26097,-0.071744,0.112761,-0.122583,0.097977,21.254000000000005
1772223624373856372,2026-02-27 15:20:24.373,-1.47588,-0.270347,-0.604916,0.116766,-0.123564,0.101837,21.25500000000001
1772223624375053118,2026-02-27 15:20:24.375,-1.53282,-0.238903,-0.566889,0.116257,-0.122322,0.102092,21.257000000000005
1772223624376226332,2026-02-27 15:20:24.376,-1.52502,-0.225813,-1.19736,0.11164,-0.120598,0.108033,21.25800000000001
1772223624377395220,2026-02-27 15:20:24.377,-1.46038,-0.167472,-1.16723,0.116714,-0.118436,0.107051,21.259
1772223624378516918,2026-02-27 15:20:24.378,-1.48151,-0.140011,-1.18977,0.114274,-0.117398,0.107212,21.260000000000005
1772223624379657937,2026-02-27 15:20:24.379,-1.50457,-0.113269,-1.10223,0.112514,-0.115615,0.106157,21.26100000000001
1772223624380831392,2026-02-27 15:20:24.380,-1.44439,-0.080656,-2.03373,0.112573,-0.112793,0.114984,21.262
1772223624382032815,2026-02-27 15:20:24.382,-1.3945,-0.049982,-1.72192,0.111032,-0.110038,0.111012,21.26400000000001
1772223624383205874,2026-02-27 15:20:24.383,-1.39528,-0.028964,-1.06585,0.105887,-0.104766,0.103937,21.265
1772223624384400710,2026-02-27 15:20:24.384,-1.34237,0.050336,-0.774815,0.103383,-0.102307,0.099963,21.266000000000005
1772223624385567681,2026-02-27 15:20:24.385,-1.30814,0.010552,-0.646504,0.101577,-0.10086,0.099079,21.26700000000001
1772223624386702384,2026-02-27 15:20:24.386,-1.33248,0.00401,-0.551643,0.095062,-0.098988,0.096628,21.268
1772223624387892991,2026-02-27 15:20:24.387,-1.29669,0.062177,-0.514197,0.09942,-0.096211,0.097564,21.269000000000005
1772223624389088000,2026-02-27 15:20:24.389,-1.32385,0.100439,0.274224,0.09731,-0.092553,0.088965,21.271
1772223624390261715,2026-02-27 15:20:24.390,-1.26862,0.128993,0.36095,0.100223,-0.089165,0.08858,21.272000000000006
1772223624391472684,2026-02-27 15:20:24.391,-1.30433,0.182744,0.065905,0.098816,-0.08739,0.09311,21.27300000000001
1772223624392602130,2026-02-27 15:20:24.392,-1.27851,0.135224,-0.357324,0.097456,-0.086596,0.095573,21.274
1772223624393728657,2026-02-27 15:20:24.393,-1.2044,0.188112,-0.336051,0.098593,-0.084396,0.095776,21.275000000000006
1772223624394900756,2026-02-27 15:20:24.394,-1.29983,0.209741,-0.194322,0.100247,-0.083927,0.095734,21.27600000000001
1772223624396100335,2026-02-27 15:20:24.396,-1.21659,0.22618,-0.19297,0.097245,-0.083268,0.095623,21.278000000000006
1772223624397274529,2026-02-27 15:20:24.397,-1.20136,0.300654,-1.2035,0.093307,-0.079737,0.10372,21.27900000000001
1772223624398479895,2026-02-27 15:20:24.398,-1.24367,0.302688,-0.665298,0.09082,-0.077898,0.09905,21.28
1772223624399610546,2026-02-27 15:20:24.399,-1.17532,0.326062,-0.535485,0.087557,-0.076555,0.097939,21.281000000000006
1772223624400740369,2026-02-27 15:20:24.400,-1.18911,0.35952,-0.094691,0.087276,-0.073387,0.092815,21.28200000000001
1772223624401913792,2026-02-27 15:20:24.401,-1.21118,0.371285,0.055735,0.083798,-0.073322,0.091348,21.283
1772223624403110555,2026-02-27 15:20:24.403,-1.25833,0.380075,0.120373,0.079595,-0.07228,0.090458,21.28500000000001
1772223624404282869,2026-02-27 15:20:24.404,-1.22011,0.444925,0.004092,0.086852,-0.073984,0.093148,21.286
1772223624405492493,2026-02-27 15:20:24.405,-1.29268,0.435311,1.10403,0.090541,-0.076617,0.083655,21.287000000000006
1772223624406621715,2026-02-27 15:20:24.406,-1.24709,0.445965,0.810449,0.090242,-0.077837,0.088184,21.28800000000001
1772223624407797342,2026-02-27 15:20:24.407,-1.27403,0.479465,0.757677,0.094616,-0.077895,0.090203,21.289
1772223624408997062,2026-02-27 15:20:24.408,-1.35504,0.458049,0.117533,0.101897,-0.08398,0.097817,21.290000000000006
1772223624410171379,2026-02-27 15:20:24.410,-1.32543,0.522716,-0.127761,0.103932,-0.082,0.101345,21.292
1772223624411345520,2026-02-27 15:20:24.411,-1.4469,0.527603,-0.167436,0.11018,-0.092028,0.104025,21.293000000000006
1772223624412553443,2026-02-27 15:20:24.412,-1.45301,0.513527,-0.165231,0.101647,-0.091764,0.103199,21.29400000000001
1772223624413687202,2026-02-27 15:20:24.413,-1.49346,0.52076,-1.02763,0.111745,-0.098915,0.110758,21.295
1772223624414875525,2026-02-27 15:20:24.414,-1.40431,0.642147,-1.07086,0.104296,-0.093006,0.111146,21.296000000000006
1772223624416072740,2026-02-27 15:20:24.416,-1.53972,0.601108,-1.01357,0.111238,-0.100931,0.111496,21.298000000000002
1772223624417244600,2026-02-27 15:20:24.417,-1.6616,0.600739,-0.387033,0.114714,-0.110023,0.108702,21.299000000000007
1772223624418418764,2026-02-27 15:20:24.418,-1.66904,0.554453,-0.229708,0.121534,-0.10949,0.109971,21.30000000000001
1772223624419573050,2026-02-27 15:20:24.419,-1.68658,0.575522,-0.314215,0.129995,-0.115313,0.113841,21.301000000000002
1772223624420705969,2026-02-27 15:20:24.420,-1.76076,0.544853,-0.310352,0.137399,-0.120407,0.116449,21.302000000000007
1772223624421834007,2026-02-27 15:20:24.421,-1.87742,0.567204,-0.002374,0.138394,-0.123625,0.115699,21.30300000000001
1772223624423031997,2026-02-27 15:20:24.423,-1.89949,0.601088,0.609631,0.146177,-0.128133,0.112667,21.305000000000007
1772223624424204692,2026-02-27 15:20:24.424,-1.97508,0.554402,0.155957,0.15241,-0.131802,0.116678,21.30600000000001
1772223624425375688,2026-02-27 15:20:24.425,-2.14105,0.455632,-0.626991,0.150842,-0.141151,0.126646,21.307000000000002
1772223624426552304,2026-02-27 15:20:24.426,-2.12172,0.434021,-0.838003,0.15974,-0.144237,0.128235,21.308000000000007
1772223624427676839,2026-02-27 15:20:24.427,-2.20411,0.468569,-0.864386,0.162103,-0.145757,0.128999,21.30900000000001
1772223624428846216,2026-02-27 15:20:24.428,-2.27204,0.435423,-0.92057,0.161704,-0.151822,0.130994,21.310000000000002
1772223624430042893,2026-02-27 15:20:24.430,-2.29257,0.418699,-1.0123,0.168323,-0.153986,0.132825,21.312000000000012
1772223624431217500,2026-02-27 15:20:24.431,-2.33069,0.435646,-2.16673,0.175489,-0.156212,0.144578,21.313000000000002
1772223624432387507,2026-02-27 15:20:24.432,-2.44594,0.444225,-1.92742,0.180572,-0.161296,0.145176,21.314000000000007
1772223624433526802,2026-02-27 15:20:24.433,-2.51149,0.528035,-1.30874,0.180242,-0.160572,0.14067,21.315000000000012
1772223624434653246,2026-02-27 15:20:24.434,-2.63497,0.563519,-1.0542,0.175093,-0.169485,0.141353,21.316000000000003
1772223624435823154,2026-02-27 15:20:24.435,-2.64937,0.557536,-1.13618,0.180525,-0.170494,0.141655,21.317000000000007
1772223624437018483,2026-02-27 15:20:24.437,-2.76911,0.512261,-1.2428,0.175792,-0.170891,0.14176,21.319000000000003
1772223624438188194,2026-02-27 15:20:24.438,-2.69891,0.562403,-1.18663,0.179459,-0.176038,0.142787,21.320000000000007
1772223624439357731,2026-02-27 15:20:24.439,-2.87516,0.650117,-0.113426,0.164783,-0.180684,0.136027,21.321000000000012
1772223624440528927,2026-02-27 15:20:24.440,-2.88136,0.665307,-0.225613,0.163834,-0.187672,0.137343,21.322000000000003
1772223624441655058,2026-02-27 15:20:24.441,-2.87284,0.739218,-0.550821,0.147737,-0.18423,0.139588,21.323000000000008
1772223624442824425,2026-02-27 15:20:24.442,-2.90617,0.724549,-0.82503,0.140394,-0.182996,0.140557,21.324000000000012
1772223624444025314,2026-02-27 15:20:24.444,-2.80394,0.746435,-0.796528,0.135854,-0.182619,0.139357,21.326000000000008
1772223624445225293,2026-02-27 15:20:24.445,-2.82719,0.71101,-0.755844,0.132659,-0.183381,0.139105,21.327000000000012
1772223624446394797,2026-02-27 15:20:24.446,-2.92151,0.668088,-1.1843,0.141063,-0.19215,0.148604,21.328000000000003
1772223624447534588,2026-02-27 15:20:24.447,-2.8253,0.716689,-1.78323,0.151392,-0.192398,0.157009,21.329000000000008
1772223624448661241,2026-02-27 15:20:24.448,-2.89313,0.740094,-1.31027,0.156072,-0.193602,0.156369,21.330000000000013
1772223624449835973,2026-02-27 15:20:24.449,-2.93521,0.812586,-1.00885,0.158823,-0.192722,0.157071,21.331000000000003
1772223624451028497,2026-02-27 15:20:24.451,-3.00771,0.735965,-0.676586,0.172806,-0.202169,0.156406,21.333000000000013
1772223624452228655,2026-02-27 15:20:24.452,-3.06228,0.725828,-0.610984,0.173674,-0.196641,0.155763,21.334000000000003
1772223624453399395,2026-02-27 15:20:24.453,-3.04487,0.669094,-0.669912,0.182335,-0.197863,0.159093,21.335000000000008
1772223624454533306,2026-02-27 15:20:24.454,-3.0858,0.765227,-0.536702,0.172216,-0.201937,0.159732,21.336000000000013
1772223624455772288,2026-02-27 15:20:24.455,-3.10925,0.638912,0.356303,0.177095,-0.200897,0.151071,21.337000000000003
1772223624456964270,2026-02-27 15:20:24.456,-3.11171,0.561081,-0.183421,0.185808,-0.200983,0.156255,21.338000000000008
1772223624458161521,2026-02-27 15:20:24.458,-2.99656,0.588723,-0.203687,0.18326,-0.198052,0.156524,21.340000000000003
1772223624459331928,2026-02-27 15:20:24.459,-3.0942,0.664746,-0.716807,0.177953,-0.197184,0.162835,21.341000000000008
1772223624460509848,2026-02-27 15:20:24.460,-3.10247,0.738824,-0.749735,0.169006,-0.198854,0.164195,21.342
1772223624461636909,2026-02-27 15:20:24.461,-2.99776,0.711529,-0.74346,0.168334,-0.199641,0.163481,21.343000000000004
1772223624462811209,2026-02-27 15:20:24.462,-2.9931,0.640273,-0.798283,0.173375,-0.198199,0.162852,21.34400000000001
1772223624464004031,2026-02-27 15:20:24.464,-2.92285,0.638583,-1.74469,0.173904,-0.187842,0.171116,21.346000000000004
1772223624465198327,2026-02-27 15:20:24.465,-2.96073,0.666233,-1.66132,0.180203,-0.19136,0.170956,21.34700000000001
1772223624466368734,2026-02-27 15:20:24.466,-3.01047,0.641601,-1.12997,0.179446,-0.190709,0.167394,21.348
1772223624467533909,2026-02-27 15:20:24.467,-2.95161,0.715242,-0.951034,0.187261,-0.185893,0.165669,21.349000000000004
1772223624468664930,2026-02-27 15:20:24.468,-2.91906,0.631872,-0.842847,0.195514,-0.187474,0.16522,21.35000000000001
1772223624469878903,2026-02-27 15:20:24.469,-2.96368,0.572694,-0.890385,0.196323,-0.185726,0.166246,21.351
1772223624471072223,2026-02-27 15:20:24.471,-2.98063,0.578938,-0.973403,0.204771,-0.182751,0.166986,21.35300000000001
1772223624472270248,2026-02-27 15:20:24.472,-2.98179,0.643921,-0.331272,0.201489,-0.183788,0.161983,21.354
1772223624473444205,2026-02-27 15:20:24.473,-3.02577,0.596895,-0.388466,0.204038,-0.179579,0.161514,21.355000000000004
1772223624474577166,2026-02-27 15:20:24.474,-2.87644,0.586373,-0.86567,0.20963,-0.174055,0.163758,21.35600000000001
1772223624475724120,2026-02-27 15:20:24.475,-2.78693,0.51409,-1.41918,0.214332,-0.169886,0.168098,21.357
1772223624476895390,2026-02-27 15:20:24.476,-2.84515,0.528039,-1.42513,0.209475,-0.167573,0.16864,21.358000000000004
1772223624478081387,2026-02-27 15:20:24.478,-2.76842,0.565627,-1.42366,0.214393,-0.167058,0.168926,21.36
1772223624479275212,2026-02-27 15:20:24.479,-2.81563,0.573682,-1.41164,0.21048,-0.165056,0.16992,21.361000000000004
1772223624480445441,2026-02-27 15:20:24.480,-2.77642,0.616439,-2.3504,0.208664,-0.161246,0.176571,21.36200000000001
1772223624481556604,2026-02-27 15:20:24.481,-2.77793,0.659809,-1.90921,0.203603,-0.158592,0.171139,21.363
1772223624482684692,2026-02-27 15:20:24.482,-2.82086,0.630736,-1.91555,0.199488,-0.156292,0.168674,21.364000000000004
1772223624483849327,2026-02-27 15:20:24.483,-2.73618,0.657425,-1.36559,0.199981,-0.154272,0.16273,21.36500000000001
1772223624485027408,2026-02-27 15:20:24.485,-2.72267,0.646067,-1.03714,0.193864,-0.153687,0.158915,21.367000000000004
1772223624486220975,2026-02-27 15:20:24.486,-2.63328,0.641125,-0.952077,0.188149,-0.152657,0.158346,21.36800000000001
1772223624487389940,2026-02-27 15:20:24.487,-2.58564,0.72038,-0.831336,0.178794,-0.14783,0.155171,21.369
1772223624488559601,2026-02-27 15:20:24.488,-2.56145,0.731754,0.307902,0.175327,-0.147285,0.145885,21.370000000000005
1772223624489686659,2026-02-27 15:20:24.489,-2.5063,0.763479,0.108739,0.167787,-0.145086,0.148134,21.37100000000001
1772223624490837342,2026-02-27 15:20:24.490,-2.47651,0.809235,0.147917,0.162968,-0.143177,0.148247,21.372
1772223624492009724,2026-02-27 15:20:24.492,-2.43885,0.838263,-0.269931,0.156608,-0.142392,0.152779,21.37400000000001
1772223624493182035,2026-02-27 15:20:24.493,-2.40772,0.900777,-0.487782,0.147299,-0.140301,0.154585,21.375
1772223624494351558,2026-02-27 15:20:24.494,-2.33007,0.969705,-0.409192,0.145954,-0.139189,0.155218,21.376000000000005
1772223624495529895,2026-02-27 15:20:24.495,-2.2593,1.10489,-0.179188,0.136675,-0.136181,0.154071,21.37700000000001
1772223624496655109,2026-02-27 15:20:24.496,-2.30208,1.11404,-0.74662,0.128402,-0.134577,0.159357,21.378
1772223624497828445,2026-02-27 15:20:24.497,-2.23291,1.12244,-0.943024,0.126238,-0.133248,0.161498,21.379000000000005
1772223624499000356,2026-02-27 15:20:24.499,-2.26178,1.20215,-0.703825,0.120335,-0.132009,0.158771,21.381
1772223624500173738,2026-02-27 15:20:24.500,-2.23239,1.21524,-0.291648,0.118643,-0.131829,0.154893,21.382000000000005
1772223624501363496,2026-02-27 15:20:24.501,-2.19979,1.24012,0.10218,0.117047,-0.129735,0.150768,21.38300000000001
1772223624502543091,2026-02-27 15:20:24.502,-2.20068,1.31865,0.299355,0.106956,-0.127615,0.148114,21.384
1772223624503678540,2026-02-27 15:20:24.503,-2.15604,1.30792,0.403318,0.106321,-0.127185,0.147907,21.385000000000005
1772223624504842182,2026-02-27 15:20:24.504,-2.19294,1.39105,0.687988,0.103695,-0.125215,0.144628,21.38600000000001
1772223624506019019,2026-02-27 15:20:24.506,-2.15796,1.41368,1.48986,0.104139,-0.124027,0.137365,21.388000000000005
1772223624507195589,2026-02-27 15:20:24.507,-2.11173,1.43875,1.15105,0.099755,-0.124532,0.139217,21.38900000000001
1772223624508368143,2026-02-27 15:20:24.508,-2.11681,1.45618,1.12622,0.096942,-0.12304,0.139776,21.39
1772223624509531448,2026-02-27 15:20:24.509,-2.11542,1.50446,0.446747,0.096475,-0.120174,0.144073,21.391000000000005
1772223624510660003,2026-02-27 15:20:24.510,-2.13963,1.51704,0.613565,0.093644,-0.119729,0.143265,21.39200000000001
1772223624511836074,2026-02-27 15:20:24.511,-2.11012,1.53275,0.656119,0.093482,-0.119727,0.143064,21.393
1772223624513018021,2026-02-27 15:20:24.513,-2.1026,1.5587,0.683395,0.091753,-0.11816,0.141961,21.39500000000001
1772223624514193647,2026-02-27 15:20:24.514,-2.10753,1.58127,-0.28722,0.09391,-0.116281,0.150429,21.396
1772223624515371674,2026-02-27 15:20:24.515,-2.12955,1.59056,0.066651,0.09017,-0.115669,0.145855,21.397000000000006
1772223624516538031,2026-02-27 15:20:24.516,-2.09069,1.59729,0.59059,0.090108,-0.115439,0.140567,21.39800000000001
1772223624517667155,2026-02-27 15:20:24.517,-2.13957,1.57411,0.849903,0.0906,-0.115174,0.138169,21.399
1772223624518840688,2026-02-27 15:20:24.518,-2.22642,1.62252,0.973838,0.089863,-0.113885,0.137638,21.400000000000006
1772223624520015937,2026-02-27 15:20:24.520,-2.13907,1.62082,0.935569,0.090953,-0.113589,0.137584,21.402
1772223624521192506,2026-02-27 15:20:24.521,-2.15811,1.63251,0.942178,0.092641,-0.114057,0.136579,21.403000000000006
1772223624522390605,2026-02-27 15:20:24.522,-2.20093,1.60096,1.77677,0.094573,-0.113209,0.127249,21.40400000000001
1772223624523530911,2026-02-27 15:20:24.523,-2.21932,1.66196,1.81548,0.095617,-0.113395,0.127553,21.405
1772223624524657433,2026-02-27 15:20:24.524,-2.20793,1.62341,1.38893,0.099479,-0.112629,0.130777,21.406000000000006
1772223624525810957,2026-02-27 15:20:24.525,-2.21381,1.61602,0.937974,0.097342,-0.114776,0.134146,21.40700000000001
1772223624526987086,2026-02-27 15:20:24.526,-2.2188,1.63504,0.903361,0.10007,-0.114399,0.133337,21.408
1772223624528162213,2026-02-27 15:20:24.528,-2.26888,1.59853,0.982314,0.101047,-0.1149,0.133631,21.41000000000001
1772223624529336563,2026-02-27 15:20:24.529,-2.28739,1.61069,0.939961,0.102388,-0.115546,0.133876,21.411
1772223624530515852,2026-02-27 15:20:24.530,-2.30504,1.6451,-0.075631,0.108148,-0.116147,0.143086,21.412000000000006
1772223624531645093,2026-02-27 15:20:24.531,-2.35659,1.60894,0.41294,0.106962,-0.117978,0.139737,21.41300000000001
1772223624532797668,2026-02-27 15:20:24.532,-2.42801,1.56901,0.478469,0.104974,-0.119205,0.138701,21.414
1772223624533974196,2026-02-27 15:20:24.533,-2.38022,1.64071,0.808659,0.1131,-0.120292,0.13545,21.415000000000006
1772223624535168674,2026-02-27 15:20:24.535,-2.50103,1.62837,0.983235,0.112887,-0.12099,0.133265,21.417
1772223624536364006,2026-02-27 15:20:24.536,-2.48012,1.63547,0.971401,0.114879,-0.122336,0.135235,21.418000000000006
1772223624537530544,2026-02-27 15:20:24.537,-2.48562,1.64245,0.966628,0.115546,-0.124605,0.135928,21.41900000000001
1772223624538665421,2026-02-27 15:20:24.538,-2.56147,1.63674,1.95678,0.120516,-0.127996,0.127698,21.42
1772223624539884371,2026-02-27 15:20:24.539,-2.58602,1.63993,1.59745,0.118742,-0.129819,0.132631,21.421000000000006
1772223624541080745,2026-02-27 15:20:24.541,-2.6264,1.63427,1.53024,0.121854,-0.131916,0.133565,21.423000000000002
1772223624542276553,2026-02-27 15:20:24.542,-2.64279,1.63501,0.953528,0.123252,-0.134245,0.140797,21.424000000000007
1772223624543486069,2026-02-27 15:20:24.543,-2.63666,1.63577,0.674974,0.127077,-0.135893,0.143095,21.42500000000001
1772223624544656290,2026-02-27 15:20:24.544,-2.64389,1.64546,0.726491,0.127105,-0.139286,0.144465,21.426000000000002
1772223624545871377,2026-02-27 15:20:24.545,-2.77931,1.60369,0.606975,0.129773,-0.146105,0.146747,21.427000000000007
1772223624547064515,2026-02-27 15:20:24.547,-2.86373,1.61276,-0.233102,0.130074,-0.148431,0.156631,21.429000000000002
1772223624548257398,2026-02-27 15:20:24.548,-2.85307,1.57992,-0.253073,0.135031,-0.152539,0.156761,21.430000000000007
1772223624549468760,2026-02-27 15:20:24.549,-2.88754,1.55587,-0.298072,0.135107,-0.15597,0.157223,21.43100000000001
1772223624550601495,2026-02-27 15:20:24.550,-2.96761,1.51188,0.341432,0.14065,-0.163771,0.152704,21.432000000000002
1772223624551754181,2026-02-27 15:20:24.551,-3.05657,1.55257,0.355346,0.144342,-0.166813,0.153548,21.433000000000007
1772223624552950038,2026-02-27 15:20:24.552,-3.09727,1.51612,0.301065,0.146247,-0.170267,0.155535,21.43400000000001
1772223624554146227,2026-02-27 15:20:24.554,-3.15048,1.46942,0.134685,0.149044,-0.173084,0.155976,21.436000000000007
1772223624555340029,2026-02-27 15:20:24.555,-3.18248,1.45572,0.540603,0.152242,-0.174943,0.153102,21.437000000000012
1772223624556542478,2026-02-27 15:20:24.556,-3.24382,1.46028,0.983233,0.154544,-0.177497,0.150693,21.438000000000002
1772223624557673891,2026-02-27 15:20:24.557,-3.2899,1.40042,0.179178,0.161589,-0.182333,0.158579,21.439000000000007
1772223624558845393,2026-02-27 15:20:24.558,-3.359,1.41445,-0.393625,0.161067,-0.184204,0.164949,21.440000000000012
1772223624560039922,2026-02-27 15:20:24.560,-3.3714,1.37699,-0.645239,0.165914,-0.186581,0.166216,21.442000000000007
1772223624561233151,2026-02-27 15:20:24.561,-3.43358,1.31819,-0.636715,0.164731,-0.189261,0.167734,21.443000000000012
1772223624562427175,2026-02-27 15:20:24.562,-3.43723,1.30927,-0.82975,0.165573,-0.192124,0.16918,21.444000000000003
1772223624563552095,2026-02-27 15:20:24.563,-3.54982,1.27805,-0.921238,0.16288,-0.193378,0.170207,21.445000000000007
1772223624564682397,2026-02-27 15:20:24.564,-3.58019,1.20948,-1.7886,0.169873,-0.198331,0.178473,21.446000000000012
1772223624565986765,2026-02-27 15:20:24.565,-3.58378,1.14956,-1.94477,0.170363,-0.200504,0.180535,21.447000000000003
1772223624567181514,2026-02-27 15:20:24.567,-3.68936,1.14536,-1.59709,0.168651,-0.202242,0.176716,21.449000000000012
1772223624568375909,2026-02-27 15:20:24.568,-3.67835,1.14104,-1.53225,0.174488,-0.203656,0.17646,21.450000000000003
1772223624569570481,2026-02-27 15:20:24.569,-3.75868,1.05922,-1.68833,0.170498,-0.205755,0.178031,21.451000000000008
1772223624570690173,2026-02-27 15:20:24.570,-3.69755,1.04516,-1.83706,0.174658,-0.20843,0.179316,21.452000000000012
1772223624571899907,2026-02-27 15:20:24.571,-3.81096,0.981638,-1.12324,0.177803,-0.213085,0.172612,21.453000000000003
1772223624573098787,2026-02-27 15:20:24.573,-3.85753,0.94303,-1.48474,0.175436,-0.212307,0.174707,21.455000000000013
1772223624574295024,2026-02-27 15:20:24.574,-3.85602,0.931757,-1.68382,0.179497,-0.215301,0.177283,21.456000000000003
1772223624575499980,2026-02-27 15:20:24.575,-3.8802,0.952551,-2.31774,0.179404,-0.216915,0.183816,21.457000000000008
1772223624576631863,2026-02-27 15:20:24.576,-3.97301,0.800225,-2.98198,0.176402,-0.220721,0.188326,21.458000000000013
1772223624577784455,2026-02-27 15:20:24.577,-3.96898,0.734175,-3.15575,0.180437,-0.221714,0.190213,21.459000000000003
1772223624578979033,2026-02-27 15:20:24.578,-4.04886,0.701349,-3.3239,0.177128,-0.223565,0.190534,21.460000000000008
1772223624580172846,2026-02-27 15:20:24.580,-3.96482,0.643289,-3.99772,0.180535,-0.225803,0.197449,21.462000000000003
1772223624581366781,2026-02-27 15:20:24.581,-4.12431,0.623519,-4.63722,0.177408,-0.225648,0.201167,21.463000000000008
1772223624582687900,2026-02-27 15:20:24.582,-4.02664,0.586335,-4.52857,0.183153,-0.228132,0.200668,21.464
1772223624583897262,2026-02-27 15:20:24.583,-4.07314,0.502099,-4.22508,0.185491,-0.232456,0.197726,21.465000000000003
1772223624585091496,2026-02-27 15:20:24.585,-4.13675,0.493238,-4.24872,0.185964,-0.234706,0.198001,21.467
1772223624586286064,2026-02-27 15:20:24.586,-4.1816,0.421349,-4.35932,0.186011,-0.235249,0.199217,21.468000000000004
1772223624587612554,2026-02-27 15:20:24.587,-4.29678,0.361492,-4.59584,0.184379,-0.238076,0.200623,21.46900000000001
1772223624588783396,2026-02-27 15:20:24.588,-4.3194,0.344525,-3.86558,0.192189,-0.24249,0.195064,21.47
1772223624589988458,2026-02-27 15:20:24.589,-4.39912,0.247525,-4.4449,0.190592,-0.244242,0.199216,21.471000000000004
1772223624591181479,2026-02-27 15:20:24.591,-4.4214,0.264796,-4.67825,0.193856,-0.246032,0.200699,21.473
1772223624592372645,2026-02-27 15:20:24.592,-4.43434,0.16668,-5.39735,0.1939,-0.250022,0.207793,21.474000000000004
1772223624593567735,2026-02-27 15:20:24.593,-4.48852,0.11934,-5.61886,0.191791,-0.251724,0.21022,21.47500000000001
1772223624594687930,2026-02-27 15:20:24.594,-4.53279,0.068392,-5.75111,0.195857,-0.255036,0.211775,21.476
1772223624595902091,2026-02-27 15:20:24.595,-4.67619,0.013632,-6.18989,0.198676,-0.260049,0.216204,21.477000000000004
1772223624597100093,2026-02-27 15:20:24.597,-4.67742,-0.074082,-7.35849,0.197399,-0.262854,0.226634,21.479
1772223624598297226,2026-02-27 15:20:24.598,-4.75864,-0.057491,-7.1363,0.20293,-0.264537,0.226953,21.480000000000004
1772223624599626258,2026-02-27 15:20:24.599,-4.76769,-0.09317,-7.373,0.204855,-0.269348,0.228843,21.48100000000001
1772223624600807180,2026-02-27 15:20:24.600,-4.98008,-0.178459,-6.92619,0.206635,-0.274968,0.225227,21.482
1772223624602006422,2026-02-27 15:20:24.602,-4.96589,-0.229836,-7.0572,0.210785,-0.278708,0.226756,21.48400000000001
1772223624603201977,2026-02-27 15:20:24.603,-5.03972,-0.282395,-7.09096,0.208972,-0.280886,0.228455,21.485
1772223624604400160,2026-02-27 15:20:24.604,-5.10401,-0.322266,-7.3339,0.215972,-0.283142,0.231506,21.486000000000004
1772223624605548097,2026-02-27 15:20:24.605,-5.10871,-0.317282,-6.72756,0.218427,-0.286905,0.225973,21.48700000000001
1772223624606677425,2026-02-27 15:20:24.606,-5.23818,-0.384599,-6.63248,0.21905,-0.291094,0.226565,21.488
1772223624607886835,2026-02-27 15:20:24.607,-5.27518,-0.350393,-7.52391,0.22933,-0.295155,0.235574,21.489000000000004
1772223624609080835,2026-02-27 15:20:24.609,-5.32947,-0.440876,-8.05106,0.226816,-0.29994,0.241051,21.491
1772223624610274939,2026-02-27 15:20:24.610,-5.44824,-0.479624,-8.17894,0.229846,-0.304004,0.244782,21.492000000000004
1772223624611480350,2026-02-27 15:20:24.611,-5.475,-0.491611,-8.37039,0.23388,-0.306795,0.246093,21.49300000000001
1772223624612612953,2026-02-27 15:20:24.612,-5.58043,-0.456086,-8.54624,0.239088,-0.310318,0.247946,21.494
1772223624613745477,2026-02-27 15:20:24.613,-5.62862,-0.507059,-9.83327,0.241809,-0.318192,0.260867,21.495000000000005
1772223624614917439,2026-02-27 15:20:24.614,-5.75728,-0.543964,-9.48379,0.241086,-0.32176,0.25987,21.49600000000001
1772223624616112813,2026-02-27 15:20:24.616,-5.76202,-0.583551,-9.65553,0.241389,-0.325996,0.261107,21.498000000000005
1772223624617307726,2026-02-27 15:20:24.617,-5.86863,-0.565526,-9.36208,0.243996,-0.330299,0.259536,21.49900000000001
1772223624618516725,2026-02-27 15:20:24.618,-5.93652,-0.604341,-9.38004,0.245889,-0.333184,0.258986,21.5
1772223624619647790,2026-02-27 15:20:24.619,-5.98425,-0.587108,-9.51766,0.245868,-0.336243,0.261128,21.501000000000005
1772223624620798484,2026-02-27 15:20:24.620,-6.1225,-0.611293,-9.85031,0.251524,-0.341724,0.265055,21.50200000000001
1772223624621974051,2026-02-27 15:20:24.621,-6.2297,-0.630118,-8.9908,0.251775,-0.345906,0.257745,21.503
1772223624623174023,2026-02-27 15:20:24.623,-6.27717,-0.614175,-9.51315,0.2549,-0.3467,0.26291,21.50500000000001
1772223624624304473,2026-02-27 15:20:24.624,-6.28611,-0.668643,-9.7101,0.257029,-0.350209,0.26501,21.506
1772223624625514934,2026-02-27 15:20:24.625,-6.39258,-0.631353,-10.4077,0.260154,-0.352434,0.271853,21.507000000000005
1772223624626645859,2026-02-27 15:20:24.626,-6.38847,-0.727954,-10.8388,0.259365,-0.354454,0.275419,21.50800000000001
1772223624627797108,2026-02-27 15:20:24.627,-6.44671,-0.699553,-11.2094,0.26907,-0.359582,0.279388,21.509
1772223624628988920,2026-02-27 15:20:24.628,-6.48438,-0.643595,-11.5164,0.269352,-0.359185,0.279484,21.510000000000005
1772223624630186209,2026-02-27 15:20:24.630,-6.50895,-0.717917,-12.2582,0.27306,-0.362574,0.290284,21.512
1772223624631382309,2026-02-27 15:20:24.631,-6.48424,-0.761509,-12.5539,0.275638,-0.364199,0.292083,21.513000000000005
1772223624632562842,2026-02-27 15:20:24.632,-6.52348,-0.751352,-12.6442,0.278527,-0.366078,0.293432,21.51400000000001
1772223624633696762,2026-02-27 15:20:24.633,-6.54096,-0.774696,-12.4631,0.284244,-0.366563,0.290879,21.515
1772223624634860393,2026-02-27 15:20:24.634,-6.6143,-0.763285,-12.3627,0.288115,-0.367671,0.29108,21.516000000000005
1772223624636064784,2026-02-27 15:20:24.636,-6.61386,-0.796775,-12.5476,0.289476,-0.367166,0.291408,21.518
1772223624637265091,2026-02-27 15:20:24.637,-6.64499,-0.794042,-12.7754,0.291676,-0.367159,0.291988,21.519000000000005
1772223624638482472,2026-02-27 15:20:24.638,-6.59502,-0.823614,-12.5382,0.299069,-0.367623,0.290527,21.52000000000001
1772223624639612270,2026-02-27 15:20:24.639,-6.59377,-0.811834,-12.0833,0.30253,-0.366626,0.28657,21.521
1772223624640751127,2026-02-27 15:20:24.640,-6.56108,-0.795003,-12.9024,0.311881,-0.364872,0.294181,21.522000000000006
1772223624641882994,2026-02-27 15:20:24.641,-6.54685,-0.833661,-13.6134,0.315985,-0.3639,0.300453,21.52300000000001
1772223624643080584,2026-02-27 15:20:24.643,-6.52925,-0.747387,-13.7627,0.323068,-0.360998,0.302008,21.525000000000006
1772223624644276339,2026-02-27 15:20:24.644,-6.54514,-0.704164,-13.9294,0.330446,-0.360616,0.302952,21.52600000000001
1772223624645485044,2026-02-27 15:20:24.645,-6.55161,-0.686943,-14.1417,0.335707,-0.35759,0.304621,21.527
1772223624646615993,2026-02-27 15:20:24.646,-6.56716,-0.728377,-14.2281,0.336674,-0.356791,0.305423,21.528000000000006
1772223624647749335,2026-02-27 15:20:24.647,-6.51743,-0.753889,-15.5522,0.337539,-0.354341,0.315098,21.52900000000001
1772223624648927052,2026-02-27 15:20:24.648,-6.55172,-0.870523,-15.4541,0.350325,-0.351586,0.316402,21.53
1772223624650124603,2026-02-27 15:20:24.650,-6.47385,-0.786674,-15.0359,0.35894,-0.350788,0.312317,21.53200000000001
1772223624651321212,2026-02-27 15:20:24.651,-6.48533,-0.766982,-14.968,0.364284,-0.348532,0.311596,21.533
1772223624652538943,2026-02-27 15:20:24.652,-6.50732,-0.723668,-15.1725,0.370043,-0.345943,0.312029,21.534000000000006
1772223624653670122,2026-02-27 15:20:24.653,-6.44589,-0.727282,-15.3468,0.376225,-0.344434,0.314352,21.53500000000001
1772223624654846320,2026-02-27 15:20:24.654,-6.47396,-0.767316,-14.7552,0.385182,-0.342334,0.308421,21.536
1772223624656026062,2026-02-27 15:20:24.656,-6.46377,-0.740736,-14.9707,0.39441,-0.340678,0.310829,21.53800000000001
1772223624657227547,2026-02-27 15:20:24.657,-6.47202,-0.787814,-15.2597,0.395003,-0.338559,0.311483,21.539
1772223624658424148,2026-02-27 15:20:24.658,-6.45761,-0.727966,-15.8143,0.403691,-0.336812,0.319047,21.540000000000006
1772223624659567479,2026-02-27 15:20:24.659,-6.40954,-0.769875,-16.4435,0.406255,-0.336638,0.322119,21.54100000000001
1772223624660699311,2026-02-27 15:20:24.660,-6.39166,-0.74935,-16.5376,0.411904,-0.334385,0.324502,21.542
1772223624661850547,2026-02-27 15:20:24.661,-6.40461,-0.725124,-16.8961,0.41976,-0.33289,0.326817,21.543000000000006
1772223624663029539,2026-02-27 15:20:24.663,-6.35228,-0.720457,-17.4584,0.425553,-0.33181,0.332352,21.545
1772223624664227887,2026-02-27 15:20:24.664,-6.2963,-0.834978,-18.2268,0.425954,-0.329999,0.338009,21.546000000000006
1772223624665407792,2026-02-27 15:20:24.665,-6.32522,-0.71981,-18.0735,0.431297,-0.329394,0.336567,21.54700000000001
1772223624666561632,2026-02-27 15:20:24.666,-6.28939,-0.708816,-17.9879,0.43437,-0.328777,0.336228,21.548000000000002
1772223624667689962,2026-02-27 15:20:24.667,-6.3839,-0.689044,-17.7848,0.436391,-0.328147,0.33302,21.549000000000007
1772223624668865473,2026-02-27 15:20:24.668,-6.2862,-0.661672,-18.0393,0.445744,-0.327891,0.33538,21.55000000000001
1772223624670043517,2026-02-27 15:20:24.670,-6.31557,-0.612831,-18.1856,0.447637,-0.326288,0.336,21.552000000000007
1772223624671240263,2026-02-27 15:20:24.671,-6.31544,-0.612692,-18.2275,0.453468,-0.326065,0.336522,21.55300000000001
1772223624672424424,2026-02-27 15:20:24.672,-6.37993,-0.577699,-17.4078,0.456432,-0.32728,0.329421,21.554000000000002
1772223624673559947,2026-02-27 15:20:24.673,-6.31357,-0.513871,-18.0484,0.463295,-0.32661,0.334539,21.555000000000007
1772223624674690563,2026-02-27 15:20:24.674,-6.35388,-0.488044,-18.1598,0.46175,-0.327559,0.335778,21.55600000000001
1772223624675970221,2026-02-27 15:20:24.675,-6.44431,-0.475718,-19.2544,0.467239,-0.329184,0.344343,21.557000000000002
1772223624677169300,2026-02-27 15:20:24.677,-6.44119,-0.441096,-19.3394,0.471347,-0.330792,0.345064,21.55900000000001
1772223624678370295,2026-02-27 15:20:24.678,-6.44504,-0.388098,-19.4693,0.473616,-0.330724,0.346352,21.560000000000002
1772223624679576906,2026-02-27 15:20:24.679,-6.46982,-0.320813,-19.5565,0.477255,-0.332062,0.347305,21.561000000000007
1772223624680725222,2026-02-27 15:20:24.680,-6.49095,-0.331375,-20.6441,0.477793,-0.334277,0.357863,21.562000000000012
1772223624681877270,2026-02-27 15:20:24.681,-6.5543,-0.292191,-20.6997,0.47959,-0.335526,0.356878,21.563000000000002
1772223624683048944,2026-02-27 15:20:24.683,-6.56944,-0.213103,-20.3582,0.481806,-0.339047,0.354441,21.565000000000012
1772223624684247378,2026-02-27 15:20:24.684,-6.62058,-0.130978,-20.23,0.482972,-0.340898,0.353356,21.566000000000003
1772223624685445343,2026-02-27 15:20:24.685,-6.61324,-0.11524,-20.272,0.485018,-0.342898,0.353624,21.567000000000007
1772223624686561284,2026-02-27 15:20:24.686,-6.68624,-0.102028,-20.4625,0.484949,-0.344621,0.354446,21.568000000000012
1772223624687693618,2026-02-27 15:20:24.687,-6.72047,-0.044908,-20.533,0.485901,-0.346599,0.355789,21.569000000000003
1772223624688887927,2026-02-27 15:20:24.688,-6.78989,-0.003278,-20.0774,0.486532,-0.348992,0.351239,21.570000000000007
1772223624690062909,2026-02-27 15:20:24.690,-6.84189,0.067318,-20.1665,0.487868,-0.35294,0.3522,21.572000000000003
1772223624691264220,2026-02-27 15:20:24.691,-6.92652,0.122301,-20.6,0.487666,-0.354663,0.355905,21.573000000000008
1772223624692479978,2026-02-27 15:20:24.692,-6.87821,0.135013,-21.1662,0.487319,-0.357395,0.361587,21.574000000000012
1772223624693611424,2026-02-27 15:20:24.693,-6.89264,0.19737,-21.3515,0.487685,-0.359478,0.361779,21.575000000000003
1772223624694737187,2026-02-27 15:20:24.694,-6.95455,0.255072,-21.4636,0.487941,-0.361997,0.363109,21.576000000000008
1772223624695888426,2026-02-27 15:20:24.695,-7.01965,0.312752,-21.5143,0.489505,-0.363387,0.364485,21.577000000000012
1772223624697058330,2026-02-27 15:20:24.697,-6.94881,0.351787,-22.8563,0.490494,-0.367705,0.373636,21.579000000000008
1772223624698255528,2026-02-27 15:20:24.698,-7.03943,0.390307,-22.4995,0.487774,-0.370221,0.371537,21.580000000000013
1772223624699470402,2026-02-27 15:20:24.699,-7.06958,0.393018,-22.5857,0.488046,-0.370952,0.372165,21.581000000000003
1772223624700598854,2026-02-27 15:20:24.700,-7.05912,0.487929,-22.256,0.487513,-0.373212,0.368358,21.582000000000008
1772223624701728971,2026-02-27 15:20:24.701,-7.08409,0.521191,-22.1739,0.48447,-0.374821,0.367968,21.583000000000013
1772223624702889913,2026-02-27 15:20:24.702,-7.11813,0.559542,-22.2614,0.486276,-0.37551,0.368863,21.584000000000003
1772223624704062507,2026-02-27 15:20:24.704,-7.12093,0.618016,-22.4928,0.481416,-0.379447,0.36958,21.586000000000013
1772223624705233719,2026-02-27 15:20:24.705,-7.20831,0.712083,-21.5625,0.482855,-0.378454,0.361026,21.587000000000003
1772223624706431261,2026-02-27 15:20:24.706,-7.16174,0.704474,-21.9056,0.483425,-0.379155,0.363818,21.588000000000008
1772223624707560746,2026-02-27 15:20:24.707,-7.09682,0.752928,-22.0759,0.481534,-0.380813,0.364981,21.589
1772223624708688767,2026-02-27 15:20:24.708,-7.08793,0.800637,-22.7017,0.481704,-0.380331,0.37042,21.590000000000003
1772223624709866561,2026-02-27 15:20:24.709,-7.11979,0.820297,-23.0161,0.47844,-0.379543,0.374681,21.591000000000008
1772223624711041525,2026-02-27 15:20:24.711,-6.99556,0.927048,-23.2024,0.479336,-0.376817,0.375612,21.593000000000004
1772223624712231559,2026-02-27 15:20:24.712,-6.93113,0.934962,-23.2435,0.479166,-0.373999,0.375938,21.59400000000001
1772223624713428078,2026-02-27 15:20:24.713,-6.85796,0.99221,-23.9273,0.478162,-0.371236,0.384246,21.595
1772223624714566260,2026-02-27 15:20:24.714,-6.73868,1.01826,-24.3019,0.48235,-0.36752,0.386153,21.596000000000004
1772223624715695729,2026-02-27 15:20:24.715,-6.62378,1.07869,-24.1736,0.47909,-0.364727,0.385441,21.59700000000001
1772223624716872258,2026-02-27 15:20:24.716,-6.5678,1.1549,-23.8515,0.480774,-0.361074,0.383259,21.598
1772223624718047243,2026-02-27 15:20:24.718,-6.42476,1.25424,-23.5425,0.486679,-0.351609,0.380608,21.60000000000001
1772223624719240410,2026-02-27 15:20:24.719,-6.30794,1.31137,-23.5595,0.484676,-0.346932,0.380451,21.601
1772223624720435954,2026-02-27 15:20:24.720,-6.255,1.35622,-23.6761,0.485404,-0.342067,0.379897,21.602000000000004
1772223624721562504,2026-02-27 15:20:24.721,-6.1418,1.38233,-23.5185,0.48907,-0.337984,0.37824,21.60300000000001
1772223624722695074,2026-02-27 15:20:24.722,-6.1578,1.46211,-22.7254,0.494049,-0.332429,0.372557,21.604
1772223624723876621,2026-02-27 15:20:24.723,-5.98292,1.48803,-23.174,0.49439,-0.327844,0.376435,21.605000000000004
1772223624725050941,2026-02-27 15:20:24.725,-5.89383,1.53022,-23.9813,0.502427,-0.321242,0.382439,21.607
1772223624726228626,2026-02-27 15:20:24.726,-5.79141,1.56568,-24.0818,0.505418,-0.318162,0.382789,21.608000000000004
1772223624727425020,2026-02-27 15:20:24.727,-5.74722,1.61501,-24.1976,0.509736,-0.312753,0.382309,21.60900000000001
1772223624728561121,2026-02-27 15:20:24.728,-5.70896,1.63638,-24.231,0.514834,-0.308723,0.381686,21.61
1772223624729688773,2026-02-27 15:20:24.729,-5.67505,1.61051,-24.2506,0.515371,-0.304801,0.381808,21.611000000000004
1772223624730887682,2026-02-27 15:20:24.730,-5.57928,1.63821,-25.3248,0.520295,-0.301022,0.391048,21.61200000000001
1772223624732060816,2026-02-27 15:20:24.732,-5.48734,1.70336,-25.1761,0.529432,-0.292656,0.387976,21.614000000000004
1772223624733244917,2026-02-27 15:20:24.733,-5.48912,1.72847,-24.7506,0.536584,-0.288456,0.382545,21.61500000000001
1772223624734447527,2026-02-27 15:20:24.734,-5.44102,1.79098,-24.4735,0.542044,-0.283333,0.381247,21.616
1772223624735596012,2026-02-27 15:20:24.735,-5.38934,1.82002,-24.5725,0.548497,-0.278266,0.381452,21.617000000000004
1772223624736734520,2026-02-27 15:20:24.736,-5.3389,1.85368,-24.6319,0.553674,-0.275838,0.381695,21.61800000000001
1772223624737862663,2026-02-27 15:20:24.737,-5.28141,1.89733,-24.5927,0.556026,-0.272034,0.382341,21.619
1772223624739055114,2026-02-27 15:20:24.739,-5.19328,1.98001,-23.7263,0.56706,-0.265112,0.375465,21.62100000000001
1772223624740230328,2026-02-27 15:20:24.740,-5.14717,1.98142,-23.8796,0.569054,-0.261255,0.377475,21.622
1772223624741425645,2026-02-27 15:20:24.741,-5.10377,2.03586,-24.4506,0.575216,-0.25697,0.381289,21.623000000000005
1772223624742569641,2026-02-27 15:20:24.742,-4.99276,2.0976,-24.8461,0.582843,-0.250925,0.386664,21.62400000000001
1772223624743696416,2026-02-27 15:20:24.743,-4.95584,2.12276,-24.9694,0.587925,-0.248401,0.387298,21.625
1772223624744869031,2026-02-27 15:20:24.744,-4.87378,2.18473,-25.0331,0.593343,-0.24386,0.388364,21.626000000000005
1772223624746041845,2026-02-27 15:20:24.746,-4.85737,2.15379,-24.9965,0.599328,-0.240557,0.389501,21.628
1772223624747230421,2026-02-27 15:20:24.747,-4.68392,2.16482,-25.9373,0.602642,-0.234076,0.400396,21.629000000000005
1772223624748430965,2026-02-27 15:20:24.748,-4.61328,2.28022,-25.5051,0.610173,-0.229305,0.397326,21.63000000000001
1772223624749574719,2026-02-27 15:20:24.749,-4.57088,2.09859,-25.4673,0.607422,-0.225421,0.394758,21.631
1772223624750701062,2026-02-27 15:20:24.750,-4.60594,2.04636,-24.8674,0.612691,-0.223376,0.390461,21.632000000000005
1772223624751882288,2026-02-27 15:20:24.751,-4.58141,2.02614,-24.7243,0.615222,-0.21984,0.390729,21.63300000000001
1772223624753056729,2026-02-27 15:20:24.753,-4.53559,2.04786,-24.7572,0.620603,-0.218364,0.393137,21.635000000000005
1772223624754225162,2026-02-27 15:20:24.754,-4.34991,2.04567,-24.8459,0.632539,-0.211213,0.395687,21.63600000000001
1772223624755400815,2026-02-27 15:20:24.755,-4.3586,2.12226,-23.7591,0.637564,-0.207294,0.38869,21.637
1772223624756562976,2026-02-27 15:20:24.756,-4.27143,2.11982,-24.1094,0.640821,-0.204901,0.392964,21.638000000000005
1772223624757691887,2026-02-27 15:20:24.757,-4.21212,2.11452,-24.1314,0.642173,-0.202304,0.393545,21.63900000000001
1772223624758866854,2026-02-27 15:20:24.758,-4.1305,2.06725,-24.6412,0.653159,-0.199946,0.400862,21.64
1772223624760050466,2026-02-27 15:20:24.760,-4.10135,2.06559,-24.9322,0.655368,-0.197684,0.405182,21.64200000000001
1772223624761219807,2026-02-27 15:20:24.761,-4.07229,2.04336,-24.8196,0.661433,-0.194087,0.407211,21.643
1772223624762414192,2026-02-27 15:20:24.762,-3.98962,2.05707,-24.8634,0.665541,-0.190936,0.408254,21.644000000000005
1772223624763567133,2026-02-27 15:20:24.763,-3.96756,2.01581,-25.6986,0.671838,-0.190259,0.418133,21.64500000000001
1772223624764695474,2026-02-27 15:20:24.764,-3.89159,2.00253,-25.7816,0.678012,-0.188501,0.418994,21.646
1772223624765870435,2026-02-27 15:20:24.765,-3.93562,2.00989,-25.5622,0.681919,-0.187542,0.419852,21.647000000000006
1772223624767063524,2026-02-27 15:20:24.767,-3.89092,1.99751,-25.1309,0.685263,-0.187276,0.416493,21.649
1772223624768232101,2026-02-27 15:20:24.768,-3.87744,1.9047,-24.7031,0.687629,-0.187074,0.416717,21.650000000000006
1772223624769430556,2026-02-27 15:20:24.769,-3.91969,1.91176,-24.7473,0.69312,-0.185946,0.417459,21.65100000000001
1772223624770563461,2026-02-27 15:20:24.770,-3.86504,1.8967,-24.7875,0.695037,-0.186032,0.417653,21.652
1772223624771690062,2026-02-27 15:20:24.771,-3.9275,1.81792,-24.2863,0.697092,-0.188138,0.415646,21.653000000000006
1772223624772887721,2026-02-27 15:20:24.772,-3.89025,1.76307,-23.878,0.696546,-0.189884,0.412417,21.65400000000001
1772223624774084284,2026-02-27 15:20:24.774,-3.95207,1.7195,-24.1232,0.697687,-0.190845,0.415536,21.656000000000006
1772223624775274378,2026-02-27 15:20:24.775,-3.86697,1.71101,-24.9675,0.702045,-0.192629,0.423679,21.65700000000001
1772223624776484600,2026-02-27 15:20:24.776,-3.83443,1.69525,-25.1395,0.700957,-0.194178,0.425052,21.658
1772223624777613974,2026-02-27 15:20:24.777,-3.95675,1.61977,-25.1841,0.696017,-0.19576,0.424976,21.659000000000006
1772223624778785942,2026-02-27 15:20:24.778,-3.86582,1.60431,-25.3077,0.700227,-0.198275,0.425615,21.66000000000001
1772223624779983941,2026-02-27 15:20:24.779,-3.94478,1.56825,-25.3132,0.695955,-0.198789,0.425982,21.661
1772223624781156180,2026-02-27 15:20:24.781,-3.86518,1.4991,-26.3953,0.691705,-0.201695,0.435723,21.66300000000001
1772223624782334743,2026-02-27 15:20:24.782,-3.91151,1.46205,-26.1912,0.690474,-0.204294,0.432224,21.664
1772223624783546682,2026-02-27 15:20:24.783,-4.00276,1.49687,-25.578,0.687478,-0.205112,0.42831,21.665000000000006
1772223624784673319,2026-02-27 15:20:24.784,-4.0039,1.48335,-25.523,0.687089,-0.207236,0.426008,21.66600000000001
1772223624785869906,2026-02-27 15:20:24.785,-4.024,1.42978,-25.6013,0.683762,-0.208031,0.425248,21.667
1772223624787137328,2026-02-27 15:20:24.787,-3.98808,1.39443,-25.7216,0.681604,-0.209424,0.424904,21.66900000000001
1772223624788306703,2026-02-27 15:20:24.788,-4.0716,1.40886,-24.7738,0.673395,-0.212536,0.416173,21.67
1772223624789500656,2026-02-27 15:20:24.789,-4.04561,1.34647,-24.9395,0.669396,-0.214033,0.416398,21.671000000000006
1772223624790652830,2026-02-27 15:20:24.790,-4.07885,1.26658,-25.0787,0.666186,-0.214195,0.415591,21.67200000000001
1772223624791866320,2026-02-27 15:20:24.791,-4.07592,1.27054,-25.7005,0.667668,-0.215506,0.420426,21.673000000000002
1772223624793066404,2026-02-27 15:20:24.793,-4.04935,1.27224,-26.0954,0.666346,-0.214835,0.421651,21.67500000000001
1772223624794239295,2026-02-27 15:20:24.794,-4.07928,1.17513,-26.1473,0.660772,-0.216338,0.419783,21.676000000000002
1772223624795436876,2026-02-27 15:20:24.795,-4.04286,1.12362,-26.2651,0.658182,-0.218324,0.419004,21.677000000000007
1772223624796563163,2026-02-27 15:20:24.796,-4.11039,1.08445,-26.845,0.658302,-0.218969,0.423413,21.67800000000001
1772223624797699428,2026-02-27 15:20:24.797,-4.0826,1.05407,-27.3242,0.656412,-0.219291,0.425004,21.679000000000002
1772223624798894003,2026-02-27 15:20:24.798,-4.13382,1.08093,-27.0995,0.653364,-0.218439,0.421464,21.680000000000007
1772223624800092744,2026-02-27 15:20:24.800,-4.13834,1.002,-26.8791,0.652874,-0.220472,0.418788,21.682000000000002
1772223624801266805,2026-02-27 15:20:24.801,-4.19151,0.932131,-26.4475,0.64858,-0.222062,0.411476,21.683000000000007
1772223624802474197,2026-02-27 15:20:24.802,-4.2205,0.932482,-26.4846,0.648867,-0.222047,0.410838,21.68400000000001
1772223624803605878,2026-02-27 15:20:24.803,-4.29118,0.873324,-26.5561,0.643177,-0.221844,0.408762,21.685000000000002
1772223624804780537,2026-02-27 15:20:24.804,-4.25105,0.881884,-26.5597,0.645928,-0.221434,0.406443,21.686000000000007
1772223624805952076,2026-02-27 15:20:24.805,-4.24587,0.838996,-25.5853,0.644947,-0.221079,0.39753,21.687000000000012
1772223624807155984,2026-02-27 15:20:24.807,-4.2938,0.800895,-26.1491,0.645151,-0.219568,0.399557,21.689000000000007
1772223624808332182,2026-02-27 15:20:24.808,-4.19057,0.79309,-26.7445,0.643156,-0.219421,0.403607,21.690000000000012
1772223624809512795,2026-02-27 15:20:24.809,-4.20834,0.786018,-26.9239,0.640795,-0.218636,0.402813,21.691000000000003
1772223624810643822,2026-02-27 15:20:24.810,-4.20779,0.752621,-26.9022,0.640246,-0.218874,0.402584,21.692000000000007
1772223624811842659,2026-02-27 15:20:24.811,-4.22087,0.808804,-26.9766,0.641271,-0.217941,0.401521,21.693000000000012
1772223624813041825,2026-02-27 15:20:24.813,-4.21455,0.737177,-26.9898,0.639506,-0.217284,0.400356,21.695000000000007
1772223624814215279,2026-02-27 15:20:24.814,-4.24902,0.728228,-28.0192,0.636205,-0.21623,0.408049,21.696000000000012
1772223624815390461,2026-02-27 15:20:24.815,-4.1685,0.745653,-27.8526,0.639443,-0.215945,0.40475,21.697000000000003
1772223624816535344,2026-02-27 15:20:24.816,-4.12843,0.733617,-27.3904,0.639897,-0.21461,0.399625,21.698000000000008
1772223624817665852,2026-02-27 15:20:24.817,-4.10015,0.71523,-27.143,0.639577,-0.214681,0.396099,21.699000000000012
1772223624818842186,2026-02-27 15:20:24.818,-4.14303,0.654892,-27.1378,0.639764,-0.213323,0.395223,21.700000000000003
1772223624820038338,2026-02-27 15:20:24.820,-4.15135,0.674584,-27.1989,0.638587,-0.212037,0.395161,21.702000000000012
1772223624821216310,2026-02-27 15:20:24.821,-4.1781,0.639642,-27.2142,0.637993,-0.211689,0.394276,21.703000000000003
1772223624822396736,2026-02-27 15:20:24.822,-4.1531,0.635876,-26.3577,0.641842,-0.211538,0.384985,21.704000000000008
1772223624823527217,2026-02-27 15:20:24.823,-4.17092,0.612376,-26.5912,0.639331,-0.210382,0.386279,21.705000000000013
1772223624824653971,2026-02-27 15:20:24.824,-4.08452,0.61329,-27.0839,0.64323,-0.209512,0.390513,21.706000000000003
1772223624825826661,2026-02-27 15:20:24.825,-4.15388,0.619849,-27.4519,0.644376,-0.207441,0.393764,21.707000000000008
1772223624827021947,2026-02-27 15:20:24.827,-4.13533,0.625047,-27.5381,0.643769,-0.20677,0.39454,21.709000000000003
1772223624828218917,2026-02-27 15:20:24.828,-4.13247,0.59024,-27.622,0.643191,-0.206627,0.394886,21.710000000000008
1772223624829391038,2026-02-27 15:20:24.829,-4.05447,0.592654,-27.7931,0.649125,-0.204646,0.396765,21.711000000000013
1772223624830528194,2026-02-27 15:20:24.830,-4.01465,0.590465,-28.6618,0.649566,-0.204057,0.405234,21.712000000000003
1772223624831657004,2026-02-27 15:20:24.831,-3.99706,0.575943,-28.3565,0.653483,-0.202445,0.402452,21.713000000000008
1772223624832830034,2026-02-27 15:20:24.832,-3.96457,0.605681,-28.3167,0.652445,-0.201841,0.402654,21.714
1772223624834027488,2026-02-27 15:20:24.834,-3.99904,0.571987,-27.9092,0.6526,-0.200748,0.39945,21.716000000000008
1772223624835227805,2026-02-27 15:20:24.835,-3.92076,0.605992,-27.7207,0.656241,-0.199088,0.399152,21.717
1772223624836400273,2026-02-27 15:20:24.836,-3.87328,0.592768,-27.8803,0.656491,-0.196942,0.401993,21.718000000000004
1772223624837561191,2026-02-27 15:20:24.837,-3.81694,0.655919,-27.9806,0.654414,-0.194489,0.40186,21.71900000000001
1772223624838690954,2026-02-27 15:20:24.838,-3.75901,0.665096,-26.9332,0.660675,-0.193688,0.394839,21.72
1772223624839864067,2026-02-27 15:20:24.839,-3.77254,0.736795,-27.3641,0.653262,-0.190513,0.398077,21.721000000000004
1772223624841060179,2026-02-27 15:20:24.841,-3.6892,0.688322,-27.3188,0.65951,-0.190226,0.401145,21.723
1772223624842261925,2026-02-27 15:20:24.842,-3.64562,0.73048,-28.0126,0.6587,-0.188238,0.407762,21.724000000000004
1772223624843435449,2026-02-27 15:20:24.843,-3.50404,0.727781,-28.2259,0.657183,-0.185162,0.412824,21.72500000000001
1772223624844587198,2026-02-27 15:20:24.844,-3.49419,0.783897,-28.277,0.655299,-0.181818,0.41444,21.726
1772223624845717325,2026-02-27 15:20:24.845,-3.45566,0.810429,-28.2312,0.656813,-0.180949,0.41704,21.727000000000004
1772223624846846562,2026-02-27 15:20:24.846,-3.37923,0.833123,-29.0151,0.655238,-0.178428,0.42505,21.72800000000001
1772223624848041920,2026-02-27 15:20:24.848,-3.33549,0.855655,-29.1557,0.656702,-0.176426,0.428164,21.730000000000004
1772223624849240852,2026-02-27 15:20:24.849,-3.23275,0.874078,-29.0104,0.657344,-0.173917,0.428172,21.73100000000001
1772223624850412744,2026-02-27 15:20:24.850,-3.14198,0.895987,-28.3716,0.654559,-0.171097,0.424112,21.732
1772223624851528103,2026-02-27 15:20:24.851,-3.11108,0.905715,-28.1942,0.654052,-0.16786,0.425206,21.733000000000004
1772223624852656837,2026-02-27 15:20:24.852,-3.0799,0.936055,-28.2799,0.654614,-0.166697,0.426006,21.73400000000001
1772223624853836208,2026-02-27 15:20:24.853,-2.92759,0.860221,-28.265,0.653341,-0.164627,0.427324,21.735
1772223624855005381,2026-02-27 15:20:24.855,-2.89589,0.934864,-27.9281,0.652372,-0.161493,0.425756,21.73700000000001
1772223624856203792,2026-02-27 15:20:24.856,-2.877,1.0148,-27.2249,0.654441,-0.158206,0.421259,21.738
1772223624857376419,2026-02-27 15:20:24.857,-2.68245,0.965173,-27.7147,0.651313,-0.154737,0.428209,21.739000000000004
1772223624858547059,2026-02-27 15:20:24.858,-2.63023,0.917864,-28.1978,0.651244,-0.152623,0.433834,21.74000000000001
1772223624859701091,2026-02-27 15:20:24.859,-2.63574,0.967258,-28.3332,0.64992,-0.149566,0.435852,21.741
1772223624860899005,2026-02-27 15:20:24.860,-2.56686,0.97469,-28.239,0.651373,-0.148187,0.437374,21.742000000000004
1772223624862096404,2026-02-27 15:20:24.862,-2.53113,0.98245,-28.1998,0.650198,-0.145335,0.437739,21.744
1772223624863299416,2026-02-27 15:20:24.863,-2.47374,0.981286,-28.2063,0.65091,-0.14462,0.438988,21.745000000000005
1772223624864483913,2026-02-27 15:20:24.864,-2.39027,0.949456,-28.7769,0.650644,-0.142498,0.44562,21.74600000000001
1772223624865611839,2026-02-27 15:20:24.865,-2.3765,0.940119,-28.783,0.651238,-0.141476,0.446668,21.747
1772223624866785630,2026-02-27 15:20:24.866,-2.34527,0.915188,-28.259,0.649334,-0.139463,0.441303,21.748000000000005
1772223624867983899,2026-02-27 15:20:24.867,-2.30709,0.853931,-28.0397,0.651968,-0.136683,0.439246,21.74900000000001
1772223624869185904,2026-02-27 15:20:24.869,-2.19696,0.88571,-28.0397,0.650737,-0.134517,0.439569,21.751000000000005
1772223624870361678,2026-02-27 15:20:24.870,-2.19329,0.865649,-28.1867,0.650901,-0.133216,0.440314,21.75200000000001
1772223624871527947,2026-02-27 15:20:24.871,-2.08447,0.860808,-27.2816,0.650635,-0.131834,0.433032,21.753
1772223624872663152,2026-02-27 15:20:24.872,-2.08266,0.809574,-27.3748,0.650247,-0.131137,0.434856,21.754000000000005
1772223624873879124,2026-02-27 15:20:24.873,-2.08422,0.826444,-27.4771,0.646455,-0.130592,0.434722,21.75500000000001
1772223624875077832,2026-02-27 15:20:24.875,-2.04059,0.768043,-27.9409,0.649216,-0.12871,0.440633,21.757000000000005
1772223624876279987,2026-02-27 15:20:24.876,-2.08083,0.709861,-28.3909,0.650262,-0.127901,0.444017,21.75800000000001
1772223624877473742,2026-02-27 15:20:24.877,-1.9148,0.642571,-28.4254,0.650383,-0.125951,0.443626,21.759
1772223624878612522,2026-02-27 15:20:24.878,-1.88531,0.590656,-28.4241,0.650723,-0.125108,0.443576,21.760000000000005
1772223624879804054,2026-02-27 15:20:24.879,-1.86628,0.564127,-28.8783,0.651741,-0.1241,0.447792,21.76100000000001
1772223624881004108,2026-02-27 15:20:24.881,-1.81794,0.538239,-29.5185,0.654068,-0.123315,0.452561,21.763000000000005
1772223624882203127,2026-02-27 15:20:24.882,-1.80699,0.477815,-29.2273,0.655074,-0.12203,0.448626,21.76400000000001
1772223624883377179,2026-02-27 15:20:24.883,-1.83813,0.443449,-29.0472,0.655509,-0.121131,0.445943,21.765
1772223624884528862,2026-02-27 15:20:24.884,-1.71034,0.444915,-28.5609,0.65685,-0.118904,0.44058,21.766000000000005
1772223624885660636,2026-02-27 15:20:24.885,-1.69575,0.417198,-28.6367,0.658635,-0.117177,0.439886,21.76700000000001
1772223624886841056,2026-02-27 15:20:24.886,-1.65187,0.374407,-28.7136,0.659701,-0.116817,0.439385,21.768
1772223624888039773,2026-02-27 15:20:24.888,-1.65429,0.2735,-28.7083,0.661291,-0.115282,0.438703,21.77000000000001
1772223624889242408,2026-02-27 15:20:24.889,-1.62507,0.268186,-27.751,0.662225,-0.116054,0.429418,21.771
1772223624890417013,2026-02-27 15:20:24.890,-1.57147,0.252417,-28.2393,0.662735,-0.113726,0.432716,21.772000000000006
1772223624891571037,2026-02-27 15:20:24.891,-1.47899,0.1824,-28.8387,0.665157,-0.111998,0.437659,21.77300000000001
1772223624892706119,2026-02-27 15:20:24.892,-1.42554,0.164871,-29.1495,0.670906,-0.10908,0.43902,21.774
1772223624893837856,2026-02-27 15:20:24.893,-1.37469,0.117089,-29.1497,0.668708,-0.108312,0.439121,21.775000000000006
1772223624895037789,2026-02-27 15:20:24.895,-1.35994,0.073059,-29.1298,0.669082,-0.106968,0.4393,21.777
1772223624896237038,2026-02-27 15:20:24.896,-1.30186,0.038445,-29.3048,0.671517,-0.106341,0.438339,21.778000000000006
1772223624897521704,2026-02-27 15:20:24.897,-1.24084,-0.028089,-30.1594,0.669594,-0.104407,0.447766,21.77900000000001
1772223624898668393,2026-02-27 15:20:24.898,-1.23221,-0.018619,-30.1674,0.673271,-0.103216,0.446113,21.78
1772223624899863776,2026-02-27 15:20:24.899,-1.15602,-0.104317,-29.669,0.671326,-0.100278,0.441727,21.781000000000006
1772223624901063980,2026-02-27 15:20:24.901,-1.11703,-0.111397,-29.4392,0.671707,-0.100424,0.440983,21.783
1772223624902262316,2026-02-27 15:20:24.902,-1.09543,-0.144917,-29.4947,0.671199,-0.097735,0.440231,21.784000000000006
1772223624903433904,2026-02-27 15:20:24.903,-1.08287,-0.170895,-29.4774,0.672337,-0.096366,0.440863,21.78500000000001
1772223624904582985,2026-02-27 15:20:24.904,-0.952093,-0.236336,-29.0577,0.672222,-0.094793,0.436259,21.786
1772223624905726057,2026-02-27 15:20:24.905,-0.935005,-0.234703,-28.7549,0.676571,-0.092587,0.433912,21.787000000000006
1772223624906905825,2026-02-27 15:20:24.906,-0.874946,-0.251904,-29.0823,0.672226,-0.092303,0.437224,21.78800000000001
1772223624908106844,2026-02-27 15:20:24.908,-0.838332,-0.273238,-29.4482,0.672038,-0.09101,0.440384,21.790000000000006
1772223624909304491,2026-02-27 15:20:24.909,-0.877568,-0.281889,-29.9498,0.667233,-0.090144,0.445137,21.79100000000001
1772223624910487282,2026-02-27 15:20:24.910,-0.770308,-0.292191,-29.9567,0.670216,-0.091598,0.446646,21.792
1772223624911632247,2026-02-27 15:20:24.911,-0.718981,-0.258667,-30.019,0.669222,-0.089576,0.446977,21.793000000000006
1772223624912826538,2026-02-27 15:20:24.912,-0.662714,-0.262233,-30.157,0.666643,-0.086441,0.449542,21.79400000000001
1772223624914027134,2026-02-27 15:20:24.914,-0.522185,-0.207377,-31.157,0.663696,-0.085222,0.459541,21.796000000000006
1772223624915227198,2026-02-27 15:20:24.915,-0.565893,-0.182665,-30.6717,0.660017,-0.086364,0.456583,21.79700000000001
1772223624916427007,2026-02-27 15:20:24.916,-0.468587,-0.12659,-30.7615,0.65858,-0.083855,0.45815,21.798000000000002
1772223624917583246,2026-02-27 15:20:24.917,-0.501889,0.009993,-29.6829,0.638816,-0.09833,0.456718,21.799000000000007
1772223624918729058,2026-02-27 15:20:24.918,-0.501889,0.009993,-29.6829,0.638816,-0.09833,0.456718,21.80000000000001
1772223624919951403,2026-02-27 15:20:24.919,-0.136994,-0.21951,-30.4577,0.648587,-0.065637,0.45311,21.801000000000002
1772223624921151656,2026-02-27 15:20:24.921,-0.033935,-0.129375,-30.6597,0.645115,-0.065922,0.452921,21.80300000000001
1772223624922356046,2026-02-27 15:20:24.922,-0.240867,0.090742,-29.0342,0.631632,-0.080794,0.448655,21.804000000000002
1772223624923555212,2026-02-27 15:20:24.923,0.044779,-0.18615,-29.8968,0.634245,-0.07233,0.450997,21.805000000000007
1772223624924687939,2026-02-27 15:20:24.924,0.117867,-0.085969,-30.3719,0.634939,-0.066123,0.455583,21.80600000000001
1772223624925866546,2026-02-27 15:20:24.925,0.054939,0.045196,-30.4797,0.626524,-0.072102,0.461952,21.807000000000002
1772223624927038985,2026-02-27 15:20:24.927,-0.09133,0.362087,-29.8574,0.602763,-0.093536,0.467287,21.80900000000001
1772223624928240267,2026-02-27 15:20:24.928,0.049795,0.141541,-30.0372,0.61451,-0.079492,0.465101,21.810000000000002
1772223624929440112,2026-02-27 15:20:24.929,-0.237894,0.633406,-28.4911,0.576484,-0.13062,0.470412,21.811000000000007
1772223624930561760,2026-02-27 15:20:24.930,-1.28722,1.91625,-25.5558,0.499212,-0.19011,0.492466,21.812000000000012
1772223624931701514,2026-02-27 15:20:24.931,-1.28722,1.91625,-25.5558,0.499212,-0.19011,0.492466,21.813000000000002
1772223624932895572,2026-02-27 15:20:24.932,-2.39626,3.63713,-18.3478,0.360933,-0.268825,0.486042,21.814000000000007
1772223624934068016,2026-02-27 15:20:24.934,-2.80388,3.57532,-16.5988,0.323398,-0.264764,0.470765,21.816000000000003
1772223624935236570,2026-02-27 15:20:24.935,-3.27936,3.47633,-15.2773,0.287233,-0.243175,0.449485,21.817000000000007
1772223624936406799,2026-02-27 15:20:24.936,-3.51158,3.34901,-14.3668,0.249919,-0.249978,0.43805,21.818000000000012
1772223624937554231,2026-02-27 15:20:24.937,-4.297,3.50025,-12.2051,0.180521,-0.245453,0.403222,21.819000000000003
1772223624938685612,2026-02-27 15:20:24.938,-4.57772,3.57928,-10.9106,0.162918,-0.250659,0.38377,21.820000000000007
1772223624939833187,2026-02-27 15:20:24.939,-4.92384,3.70847,-10.6827,0.144543,-0.258582,0.377704,21.821000000000012
1772223624941003135,2026-02-27 15:20:24.941,-5.11365,3.75398,-10.1962,0.128416,-0.272096,0.373057,21.823000000000008
1772223624942171664,2026-02-27 15:20:24.942,-5.45467,3.95177,-10.0747,0.123415,-0.281843,0.371545,21.824000000000012
1772223624943342612,2026-02-27 15:20:24.943,-5.54011,3.6976,-10.1677,0.127859,-0.299017,0.376025,21.825000000000003
1772223624944524520,2026-02-27 15:20:24.944,-5.67305,3.1485,-11.3836,0.139408,-0.319635,0.38102,21.826000000000008
1772223624945667048,2026-02-27 15:20:24.945,-5.77337,3.32944,-11.5308,0.132253,-0.344686,0.380252,21.827000000000012
1772223624946812699,2026-02-27 15:20:24.946,-5.93814,3.48254,-12.3633,0.130071,-0.366471,0.391144,21.828000000000003
1772223624947982571,2026-02-27 15:20:24.947,-5.79712,3.0928,-13.5137,0.151266,-0.329827,0.370035,21.829000000000008
1772223624949154984,2026-02-27 15:20:24.949,-5.65085,2.72321,-14.5773,0.164058,-0.368168,0.377053,21.831000000000003
1772223624950324071,2026-02-27 15:20:24.950,-5.74443,3.0533,-13.9768,0.182316,-0.353934,0.373515,21.832000000000008
1772223624951510126,2026-02-27 15:20:24.951,-6.1327,3.80812,-12.2482,0.179862,-0.363098,0.385013,21.833000000000013
1772223624952645685,2026-02-27 15:20:24.952,-6.2719,3.89954,-11.2992,0.186918,-0.360348,0.386413,21.834000000000003
1772223624953797422,2026-02-27 15:20:24.953,-6.76059,4.2559,-9.73217,0.173721,-0.356257,0.381433,21.835000000000008
1772223624954985094,2026-02-27 15:20:24.954,-6.86491,4.14479,-8.45705,0.174312,-0.336886,0.364129,21.836000000000013
1772223624956152352,2026-02-27 15:20:24.956,-6.83288,3.98731,-8.49533,0.17699,-0.32344,0.358092,21.838000000000008
1772223624957341803,2026-02-27 15:20:24.957,-6.92626,4.26491,-8.0523,0.168515,-0.31868,0.355088,21.839
1772223624958521087,2026-02-27 15:20:24.958,-7.67048,5.33604,-5.90942,0.121442,-0.299202,0.324819,21.840000000000003
1772223624959646255,2026-02-27 15:20:24.959,-6.88939,4.08044,-8.44303,0.158293,-0.30377,0.327188,21.841000000000008
1772223624960814015,2026-02-27 15:20:24.960,-6.71524,3.60182,-11.0355,0.213082,-0.346126,0.371392,21.842
1772223624961982592,2026-02-27 15:20:24.961,-6.47688,4.43992,-9.37018,0.175567,-0.329162,0.361768,21.843000000000004
1772223624963148640,2026-02-27 15:20:24.963,-6.92168,5.012,-8.93518,0.162236,-0.336771,0.367749,21.845
1772223624964317256,2026-02-27 15:20:24.964,-7.19071,5.31884,-8.11887,0.155959,-0.319685,0.351046,21.846000000000004
1772223624965516930,2026-02-27 15:20:24.965,-7.19725,4.94949,-7.83344,0.150847,-0.30844,0.332147,21.84700000000001
1772223624966645318,2026-02-27 15:20:24.966,-7.22882,4.8403,-7.77939,0.145708,-0.292135,0.323881,21.848
1772223624967793079,2026-02-27 15:20:24.967,-7.10403,4.7288,-6.72747,0.113518,-0.304352,0.317002,21.849000000000004
1772223624968990464,2026-02-27 15:20:24.968,-6.86989,4.57028,-7.56985,0.133363,-0.297925,0.323258,21.85000000000001
1772223624970186215,2026-02-27 15:20:24.970,-7.0849,4.91474,-6.87806,0.107895,-0.312643,0.320861,21.852000000000004
1772223624971381185,2026-02-27 15:20:24.971,-6.9984,4.81771,-7.06605,0.121711,-0.304205,0.316546,21.85300000000001
1772223624972559925,2026-02-27 15:20:24.972,-7.09888,4.77946,-6.04663,0.121019,-0.329952,0.315379,21.854
1772223624973687978,2026-02-27 15:20:24.973,-7.17241,4.80069,-6.00354,0.128912,-0.326931,0.312159,21.855000000000004
1772223624974838745,2026-02-27 15:20:24.974,-7.37774,4.97077,-5.79291,0.105966,-0.307271,0.306585,21.85600000000001
1772223624976013814,2026-02-27 15:20:24.976,-7.30992,4.8719,-6.00825,0.102104,-0.312008,0.305082,21.858000000000004
1772223624977207156,2026-02-27 15:20:24.977,-7.224,4.59923,-6.72297,0.103319,-0.326822,0.311571,21.85900000000001
1772223624978395045,2026-02-27 15:20:24.978,-7.56945,4.89139,-5.8274,0.083811,-0.333194,0.312536,21.86
1772223624979574783,2026-02-27 15:20:24.979,-7.40677,4.9563,-5.79972,0.07933,-0.31094,0.296475,21.861000000000004
1772223624980704085,2026-02-27 15:20:24.980,-7.4882,4.77684,-6.68225,0.087792,-0.341065,0.315788,21.86200000000001
1772223624981869663,2026-02-27 15:20:24.981,-7.34111,4.68293,-7.04539,0.102358,-0.354732,0.325573,21.863
1772223624983064992,2026-02-27 15:20:24.983,-6.80049,4.40127,-7.25461,0.09132,-0.347457,0.315044,21.86500000000001
1772223624984260994,2026-02-27 15:20:24.984,-6.11805,4.16048,-7.27626,0.063107,-0.318446,0.278671,21.866
1772223624985475432,2026-02-27 15:20:24.985,-5.49547,3.91127,-7.62764,0.041486,-0.292419,0.242969,21.867000000000004
1772223624986572457,2026-02-27 15:20:24.986,-5.13563,3.71784,-7.71882,0.012208,-0.276674,0.219118,21.86800000000001
1772223624987699256,2026-02-27 15:20:24.987,-4.30274,3.26946,-8.79075,-0.008739,-0.259872,0.210282,21.869
1772223624988877355,2026-02-27 15:20:24.988,-4.27452,3.46753,-8.24502,-0.006607,-0.259891,0.211148,21.870000000000005
1772223624990071586,2026-02-27 15:20:24.990,-4.10259,3.52764,-8.77742,0.000721,-0.253685,0.218966,21.872
1772223624991244697,2026-02-27 15:20:24.991,-3.9776,3.53561,-9.48577,0.01437,-0.24872,0.228973,21.873000000000005
1772223624992439238,2026-02-27 15:20:24.992,-3.8282,3.54548,-10.3567,0.036437,-0.242225,0.242661,21.87400000000001
1772223624993589106,2026-02-27 15:20:24.993,-3.80213,3.61401,-10.4743,0.043018,-0.241125,0.248721,21.875
1772223624994723650,2026-02-27 15:20:24.994,-3.99316,3.64934,-9.97423,0.053115,-0.246372,0.246852,21.876000000000005
1772223624995890319,2026-02-27 15:20:24.995,-4.39125,3.50942,-10.2157,0.055268,-0.26139,0.251197,21.87700000000001
1772223624997086133,2026-02-27 15:20:24.997,-4.64326,3.43147,-11.6258,0.062341,-0.270814,0.263839,21.879000000000005
1772223624998281709,2026-02-27 15:20:24.998,-5.05038,3.50411,-11.213,0.060877,-0.29309,0.264214,21.88000000000001
1772223624999490234,2026-02-27 15:20:24.999,-5.4227,3.6188,-10.7334,0.068138,-0.311579,0.270735,21.881
1772223625000621102,2026-02-27 15:20:25.000,-5.66124,3.56868,-10.2474,0.077485,-0.329262,0.270504,21.882000000000005
1772223625001754733,2026-02-27 15:20:25.001,-5.98396,3.46262,-10.5571,0.082977,-0.341601,0.270118,21.88300000000001
1772223625002933076,2026-02-27 15:20:25.002,-6.08431,3.34829,-10.4102,0.072028,-0.349407,0.265168,21.884
1772223625004130831,2026-02-27 15:20:25.004,-6.24558,3.34706,-10.1212,0.052441,-0.354637,0.256543,21.88600000000001
1772223625005302369,2026-02-27 15:20:25.005,-6.20798,3.1651,-8.86593,0.045203,-0.35442,0.238591,21.887
1772223625006508979,2026-02-27 15:20:25.006,-6.30231,3.0055,-8.60329,0.022991,-0.357817,0.231025,21.888000000000005
1772223625007735281,2026-02-27 15:20:25.007,-5.97198,2.64766,-8.86081,-0.014164,-0.351846,0.216389,21.88900000000001
1772223625008908176,2026-02-27 15:20:25.008,-5.85487,2.46895,-9.35525,-0.016858,-0.34459,0.214505,21.89
1772223625010103316,2026-02-27 15:20:25.010,-5.7044,2.3858,-9.38737,-0.023934,-0.33813,0.210267,21.89200000000001
1772223625011297684,2026-02-27 15:20:25.011,-5.63972,2.41273,-9.2982,-0.02589,-0.337554,0.209176,21.893
1772223625012504269,2026-02-27 15:20:25.012,-5.49971,2.44078,-9.37099,-0.019626,-0.33332,0.208713,21.894000000000005
1772223625013633599,2026-02-27 15:20:25.013,-5.27709,2.34335,-10.104,-0.019746,-0.320208,0.212842,21.89500000000001
1772223625014793468,2026-02-27 15:20:25.014,-4.53205,2.35335,-10.635,-0.008693,-0.285925,0.210567,21.896
1772223625015990762,2026-02-27 15:20:25.015,-4.3933,2.4857,-10.2901,-0.000618,-0.274523,0.208827,21.897000000000006
1772223625017189275,2026-02-27 15:20:25.017,-4.19216,2.57712,-9.97226,0.002763,-0.260817,0.204959,21.899
1772223625018383430,2026-02-27 15:20:25.018,-4.09102,2.69778,-9.78374,0.004532,-0.249152,0.20173,21.900000000000006
1772223625019560688,2026-02-27 15:20:25.019,-3.95813,2.74952,-9.6297,0.010704,-0.236604,0.201068,21.90100000000001
1772223625020692065,2026-02-27 15:20:25.020,-3.86756,2.80503,-9.60812,0.013562,-0.232077,0.198274,21.902
1772223625021842262,2026-02-27 15:20:25.021,-4.11537,2.93024,-8.06917,0.013847,-0.224547,0.186624,21.903000000000006
1772223625023040996,2026-02-27 15:20:25.023,-4.17145,2.96076,-8.28229,0.01523,-0.22218,0.188044,21.905
1772223625024239589,2026-02-27 15:20:25.024,-4.23951,2.97341,-8.09494,0.015975,-0.216342,0.184277,21.906000000000006
1772223625025434904,2026-02-27 15:20:25.025,-4.15769,2.93439,-8.62484,0.014798,-0.210176,0.184654,21.90700000000001
1772223625026569709,2026-02-27 15:20:25.026,-4.20369,3.13564,-8.99943,-0.0136,-0.206751,0.171549,21.908
1772223625027701653,2026-02-27 15:20:25.027,-4.31275,3.2643,-8.91527,-0.025373,-0.207934,0.160606,21.909000000000006
1772223625028864835,2026-02-27 15:20:25.028,-4.33666,3.31541,-9.04134,-0.046608,-0.202271,0.147447,21.91000000000001
1772223625030063402,2026-02-27 15:20:25.030,-4.37282,3.44452,-9.7308,-0.047961,-0.204345,0.156132,21.912000000000006
1772223625031258789,2026-02-27 15:20:25.031,-4.37635,3.4755,-9.40519,-0.05284,-0.203027,0.152791,21.91300000000001
1772223625032469899,2026-02-27 15:20:25.032,-4.39319,3.46293,-9.38629,-0.05034,-0.199159,0.153226,21.914
1772223625033561366,2026-02-27 15:20:25.033,-4.41578,3.45616,-8.91369,-0.049642,-0.198711,0.149445,21.915000000000006
1772223625034689461,2026-02-27 15:20:25.034,-4.52083,3.43831,-8.82355,-0.050872,-0.201602,0.14764,21.91600000000001
1772223625035860802,2026-02-27 15:20:25.035,-4.79274,3.51821,-8.97303,-0.038206,-0.21308,0.151397,21.917
1772223625037053800,2026-02-27 15:20:25.037,-4.92735,3.52803,-8.95544,-0.037083,-0.222102,0.15122,21.91900000000001
1772223625038221892,2026-02-27 15:20:25.038,-5.15152,3.51873,-7.9954,-0.040841,-0.231461,0.14339,21.92
1772223625039416851,2026-02-27 15:20:25.039,-5.25978,3.54506,-7.43378,-0.036858,-0.241189,0.141228,21.921000000000006
1772223625040559819,2026-02-27 15:20:25.040,-5.44091,3.52563,-7.39763,-0.038582,-0.246003,0.141163,21.92200000000001
1772223625041690403,2026-02-27 15:20:25.041,-5.56816,3.5237,-7.49619,-0.037229,-0.249519,0.143397,21.923000000000002
1772223625042839241,2026-02-27 15:20:25.042,-5.67589,3.50559,-7.63253,-0.03562,-0.249943,0.145336,21.924000000000007
1772223625044017688,2026-02-27 15:20:25.044,-5.71216,3.51406,-7.54079,-0.035634,-0.252363,0.146729,21.926000000000002
1772223625045212612,2026-02-27 15:20:25.045,-5.7351,3.51513,-7.48372,-0.0347,-0.255108,0.147262,21.927000000000007
1772223625046407708,2026-02-27 15:20:25.046,-5.84016,3.48097,-7.68697,-0.034524,-0.256678,0.149995,21.92800000000001
1772223625047568796,2026-02-27 15:20:25.047,-5.79765,3.52873,-8.63745,-0.034725,-0.256957,0.158444,21.929000000000002
1772223625048699935,2026-02-27 15:20:25.048,-5.73675,3.58965,-8.34635,-0.035731,-0.256357,0.154514,21.930000000000007
1772223625049848699,2026-02-27 15:20:25.049,-5.56689,3.66583,-8.27115,-0.035867,-0.252293,0.152942,21.93100000000001
1772223625051024704,2026-02-27 15:20:25.051,-5.47358,3.77148,-8.30736,-0.034655,-0.248415,0.15268,21.933000000000007
1772223625052221708,2026-02-27 15:20:25.052,-5.45751,3.81752,-8.34962,-0.031786,-0.251217,0.156193,21.93400000000001
1772223625053418692,2026-02-27 15:20:25.053,-5.51077,3.87248,-8.21076,-0.027319,-0.255298,0.159902,21.935000000000002
1772223625054555268,2026-02-27 15:20:25.054,-5.55635,3.92205,-8.03688,-0.019595,-0.25916,0.161552,21.936000000000007
1772223625055682287,2026-02-27 15:20:25.055,-5.66784,4.03691,-6.8491,-0.008314,-0.262494,0.154503,21.937000000000012
1772223625056849853,2026-02-27 15:20:25.056,-5.78635,4.03649,-6.63203,0.005675,-0.269732,0.162139,21.938000000000002
1772223625058045268,2026-02-27 15:20:25.058,-5.85828,4.02175,-7.05949,0.009511,-0.273692,0.16827,21.940000000000012
1772223625059244518,2026-02-27 15:20:25.059,-5.90705,4.0557,-7.13246,0.014446,-0.275904,0.173326,21.941000000000003
1772223625060439450,2026-02-27 15:20:25.060,-5.93546,4.05745,-7.01771,0.017657,-0.276952,0.174557,21.942000000000007
1772223625061568738,2026-02-27 15:20:25.061,-5.91554,4.09686,-7.03468,0.020512,-0.277109,0.177397,21.943000000000012
1772223625062716094,2026-02-27 15:20:25.062,-5.93031,4.13944,-6.96263,0.02499,-0.277261,0.179059,21.944000000000003
1772223625063865276,2026-02-27 15:20:25.063,-5.87901,4.22928,-7.80272,0.032228,-0.275458,0.189847,21.945000000000007
1772223625065054339,2026-02-27 15:20:25.065,-5.81011,4.29299,-7.8542,0.036859,-0.276546,0.198258,21.947000000000003
1772223625066249262,2026-02-27 15:20:25.066,-5.77569,4.30382,-7.50642,0.043857,-0.275682,0.198569,21.948000000000008
1772223625067444031,2026-02-27 15:20:25.067,-5.68984,4.36645,-7.34047,0.044089,-0.273351,0.201606,21.949000000000012
1772223625068568248,2026-02-27 15:20:25.068,-5.69066,4.39909,-7.36358,0.04978,-0.271719,0.205552,21.950000000000003
1772223625069696848,2026-02-27 15:20:25.069,-5.60061,4.53189,-7.46069,0.05949,-0.27184,0.211919,21.951000000000008
1772223625070846763,2026-02-27 15:20:25.070,-5.59612,4.51519,-7.54189,0.061549,-0.272132,0.218317,21.952000000000012
1772223625072025713,2026-02-27 15:20:25.072,-5.54881,4.6727,-6.82039,0.07543,-0.274439,0.221022,21.954000000000008
1772223625073227802,2026-02-27 15:20:25.073,-5.49134,4.72859,-7.42242,0.083147,-0.275471,0.229622,21.955000000000013
1772223625074422693,2026-02-27 15:20:25.074,-5.38038,4.73633,-7.6498,0.089708,-0.277564,0.237082,21.956000000000003
1772223625075561220,2026-02-27 15:20:25.075,-5.38453,4.74638,-8.32623,0.097949,-0.278801,0.247588,21.957000000000008
1772223625076688418,2026-02-27 15:20:25.076,-5.31021,4.79198,-8.56998,0.102129,-0.280881,0.254176,21.958000000000013
1772223625077862204,2026-02-27 15:20:25.077,-5.31424,4.80037,-8.72715,0.107258,-0.283261,0.259792,21.959000000000003
1772223625079045611,2026-02-27 15:20:25.079,-5.21334,4.79998,-9.15457,0.117894,-0.285955,0.270014,21.961000000000013
1772223625080242494,2026-02-27 15:20:25.080,-5.15697,4.80973,-10.4125,0.123471,-0.28632,0.285436,21.962000000000003
1772223625081438859,2026-02-27 15:20:25.081,-5.06984,4.77898,-10.2373,0.126304,-0.288833,0.287058,21.963000000000008
1772223625082556878,2026-02-27 15:20:25.082,-5.0179,4.8188,-10.4909,0.134655,-0.289536,0.292222,21.964
1772223625083685741,2026-02-27 15:20:25.083,-4.9963,4.80592,-10.1846,0.140484,-0.289921,0.292499,21.965000000000003
1772223625084859265,2026-02-27 15:20:25.084,-4.96546,4.84016,-10.204,0.144283,-0.290768,0.295786,21.966000000000008
1772223625086031485,2026-02-27 15:20:25.086,-4.86541,4.82409,-10.5151,0.154531,-0.294449,0.303721,21.968000000000004
1772223625087221479,2026-02-27 15:20:25.087,-4.81821,4.80064,-10.6872,0.157907,-0.295857,0.308591,21.96900000000001
1772223625088393267,2026-02-27 15:20:25.088,-4.79808,4.7715,-10.1061,0.163077,-0.297433,0.304103,21.97
1772223625089551806,2026-02-27 15:20:25.089,-4.81073,4.73327,-10.297,0.166913,-0.298825,0.308571,21.971000000000004
1772223625090682710,2026-02-27 15:20:25.090,-4.72233,4.65322,-10.503,0.171589,-0.300849,0.312549,21.97200000000001
1772223625091856791,2026-02-27 15:20:25.091,-4.76991,4.67081,-11.2285,0.175299,-0.301625,0.320819,21.973
1772223625093025237,2026-02-27 15:20:25.093,-4.67325,4.63956,-11.9077,0.184733,-0.304081,0.328937,21.97500000000001
1772223625094194224,2026-02-27 15:20:25.094,-4.67033,4.59166,-12.0522,0.188221,-0.305407,0.332553,21.976
1772223625095362882,2026-02-27 15:20:25.095,-4.68169,4.56687,-12.1723,0.192189,-0.30565,0.335557,21.977000000000004
1772223625096558006,2026-02-27 15:20:25.096,-4.6288,4.55786,-12.676,0.195935,-0.306849,0.341321,21.97800000000001
1772223625097687695,2026-02-27 15:20:25.097,-4.61351,4.47212,-13.4364,0.198382,-0.307824,0.348815,21.979
1772223625098844608,2026-02-27 15:20:25.098,-4.58301,4.45562,-13.1877,0.200949,-0.309331,0.348361,21.980000000000004
1772223625100013229,2026-02-27 15:20:25.100,-4.61297,4.39239,-12.8646,0.208979,-0.311795,0.34595,21.982
1772223625101188302,2026-02-27 15:20:25.101,-4.64277,4.37966,-12.8444,0.213382,-0.313647,0.346091,21.983000000000004
1772223625102374090,2026-02-27 15:20:25.102,-4.60704,4.34668,-12.9345,0.215433,-0.316115,0.347578,21.98400000000001
1772223625103558722,2026-02-27 15:20:25.103,-4.67878,4.32305,-13.0377,0.215145,-0.316378,0.347547,21.985
1772223625104686011,2026-02-27 15:20:25.104,-4.61049,4.23886,-13.0221,0.214639,-0.320068,0.34837,21.986000000000004
1772223625105840041,2026-02-27 15:20:25.105,-4.64754,4.21018,-12.1546,0.217218,-0.323117,0.340196,21.98700000000001
1772223625107029173,2026-02-27 15:20:25.107,-4.65898,4.08947,-12.6143,0.216543,-0.324869,0.345021,21.989000000000004
1772223625108208368,2026-02-27 15:20:25.108,-4.55532,4.08452,-13.2851,0.219059,-0.325987,0.351494,21.99000000000001
1772223625109382466,2026-02-27 15:20:25.109,-4.60353,4.0659,-13.5985,0.222033,-0.32686,0.352695,21.991
1772223625110541513,2026-02-27 15:20:25.110,-4.58768,4.03997,-13.6994,0.222514,-0.326633,0.352623,21.992000000000004
1772223625111670279,2026-02-27 15:20:25.111,-4.60428,3.97179,-13.6764,0.221039,-0.330231,0.35199,21.99300000000001
1772223625112822968,2026-02-27 15:20:25.112,-4.53121,3.9296,-13.6963,0.221175,-0.330639,0.352137,21.994
1772223625114014859,2026-02-27 15:20:25.114,-4.49451,3.79444,-14.6108,0.223968,-0.329153,0.358409,21.99600000000001
1772223625115150842,2026-02-27 15:20:25.115,-4.51928,3.83803,-14.4448,0.222329,-0.32696,0.35783,21.997
1772223625116338516,2026-02-27 15:20:25.116,-4.57036,3.83517,-13.9698,0.221384,-0.329131,0.353434,21.998000000000005
1772223625117558794,2026-02-27 15:20:25.117,-4.56214,3.76093,-13.7031,0.217409,-0.328662,0.349814,21.99900000000001
1772223625118687642,2026-02-27 15:20:25.118,-4.54443,3.71669,-13.6552,0.21618,-0.328642,0.348712,22.0
1772223625119841331,2026-02-27 15:20:25.119,-4.50376,3.7069,-13.6114,0.218139,-0.327096,0.348512,22.001000000000005
1772223625121021643,2026-02-27 15:20:25.121,-4.55393,3.67778,-13.0609,0.214162,-0.324061,0.341865,22.003
1772223625122190212,2026-02-27 15:20:25.122,-4.51563,3.68259,-12.6499,0.215677,-0.321747,0.338438,22.004000000000005
1772223625123365975,2026-02-27 15:20:25.123,-4.50368,3.70561,-12.9835,0.21515,-0.318663,0.339698,22.00500000000001
1772223625124573750,2026-02-27 15:20:25.124,-4.48454,3.67586,-13.2813,0.210691,-0.31657,0.341518,22.006
1772223625125700492,2026-02-27 15:20:25.125,-4.40033,3.69004,-13.6728,0.210489,-0.313064,0.34569,22.007000000000005
1772223625126880087,2026-02-27 15:20:25.126,-4.40734,3.67456,-13.7768,0.209388,-0.310881,0.346,22.00800000000001
1772223625128051862,2026-02-27 15:20:25.128,-4.29786,3.69862,-13.8095,0.206192,-0.303673,0.345117,22.010000000000005
1772223625129227915,2026-02-27 15:20:25.129,-4.28721,3.70414,-13.9332,0.204942,-0.300234,0.345396,22.01100000000001
1772223625130403198,2026-02-27 15:20:25.130,-4.23734,3.75737,-14.8892,0.204149,-0.295933,0.354827,22.012
1772223625131547032,2026-02-27 15:20:25.131,-4.18204,3.78261,-14.4691,0.206182,-0.291999,0.350112,22.013000000000005
1772223625132680905,2026-02-27 15:20:25.132,-4.21324,3.83009,-14.4756,0.202569,-0.289288,0.35089,22.01400000000001
1772223625133854344,2026-02-27 15:20:25.133,-4.1449,3.8807,-14.009,0.199625,-0.285657,0.34504,22.015
1772223625135028815,2026-02-27 15:20:25.135,-4.03393,3.98532,-13.8177,0.20027,-0.277702,0.344393,22.01700000000001
1772223625136207541,2026-02-27 15:20:25.136,-4.07397,4.01984,-13.7716,0.200484,-0.274298,0.343559,22.018
1772223625137384963,2026-02-27 15:20:25.137,-4.0439,4.02887,-13.8395,0.197342,-0.269795,0.344658,22.019000000000005
1772223625138541264,2026-02-27 15:20:25.138,-3.98376,4.06697,-12.8562,0.199625,-0.267501,0.334734,22.02000000000001
1772223625139673486,2026-02-27 15:20:25.139,-3.91624,4.13942,-13.0789,0.199517,-0.263615,0.33797,22.021
1772223625140843443,2026-02-27 15:20:25.140,-3.85699,4.14898,-13.0991,0.20163,-0.259864,0.338345,22.022000000000006
1772223625142031739,2026-02-27 15:20:25.142,-3.85177,4.25842,-13.6313,0.198994,-0.254964,0.345029,22.024
1772223625143202188,2026-02-27 15:20:25.143,-3.80784,4.30845,-14.0944,0.199976,-0.248638,0.347692,22.025000000000006
1772223625144398939,2026-02-27 15:20:25.144,-3.78216,4.32127,-14.1178,0.197838,-0.245093,0.348215,22.02600000000001
1772223625145544739,2026-02-27 15:20:25.145,-3.72444,4.38323,-14.1872,0.200281,-0.242015,0.349891,22.027
1772223625146698145,2026-02-27 15:20:25.146,-3.62946,4.47545,-14.8745,0.203808,-0.238142,0.355932,22.028000000000006
1772223625147890146,2026-02-27 15:20:25.147,-3.58085,4.51337,-15.2819,0.205338,-0.236499,0.359339,22.02900000000001
1772223625149063398,2026-02-27 15:20:25.149,-3.54047,4.58272,-15.0077,0.207253,-0.232935,0.358211,22.031000000000006
1772223625150233090,2026-02-27 15:20:25.150,-3.49699,4.64638,-14.5136,0.207912,-0.227863,0.354586,22.03200000000001
1772223625151430840,2026-02-27 15:20:25.151,-3.47826,4.64693,-14.4082,0.207333,-0.224926,0.354151,22.033
1772223625152559366,2026-02-27 15:20:25.152,-3.38069,4.80227,-14.4754,0.211781,-0.222045,0.355688,22.034000000000006
1772223625153692163,2026-02-27 15:20:25.153,-3.3517,4.84828,-14.5429,0.21375,-0.219347,0.356942,22.03500000000001
1772223625154906175,2026-02-27 15:20:25.154,-3.35745,4.9123,-14.4574,0.211951,-0.2159,0.356298,22.036
1772223625156080371,2026-02-27 15:20:25.156,-3.21761,4.95578,-13.7396,0.218517,-0.213682,0.35012,22.03800000000001
1772223625157253650,2026-02-27 15:20:25.157,-3.20202,5.05804,-14.3344,0.218432,-0.207781,0.357225,22.039
1772223625158449220,2026-02-27 15:20:25.158,-3.0053,5.09013,-14.9162,0.221718,-0.203984,0.363016,22.040000000000006
1772223625159561150,2026-02-27 15:20:25.159,-2.97485,5.18597,-15.1706,0.224646,-0.201218,0.364853,22.04100000000001
1772223625160690849,2026-02-27 15:20:25.160,-2.98213,5.21907,-15.1772,0.22324,-0.198191,0.365865,22.042
1772223625161869298,2026-02-27 15:20:25.161,-2.84814,5.30172,-15.2449,0.225296,-0.194472,0.367493,22.043000000000006
1772223625163068034,2026-02-27 15:20:25.163,-2.84555,5.36021,-15.3921,0.227963,-0.189653,0.368494,22.045
1772223625164240766,2026-02-27 15:20:25.164,-2.70712,5.42681,-16.2027,0.226449,-0.185013,0.377728,22.046000000000006
1772223625165436012,2026-02-27 15:20:25.165,-2.65858,5.45747,-16.3082,0.228353,-0.179788,0.378689,22.04700000000001
1772223625166567601,2026-02-27 15:20:25.166,-2.66927,5.55546,-15.7951,0.231758,-0.176268,0.375206,22.048000000000002
1772223625167697457,2026-02-27 15:20:25.167,-2.57409,5.60977,-15.742,0.231676,-0.172656,0.373659,22.049000000000007
1772223625168872226,2026-02-27 15:20:25.168,-2.47263,5.72947,-15.8079,0.234589,-0.169817,0.374931,22.05000000000001
1772223625170072287,2026-02-27 15:20:25.170,-2.44829,5.70994,-15.8825,0.232845,-0.165932,0.37712,22.052000000000007
1772223625171263263,2026-02-27 15:20:25.171,-2.31103,5.83399,-15.2691,0.237359,-0.160805,0.371272,22.05300000000001
1772223625172472381,2026-02-27 15:20:25.172,-2.3101,5.87876,-15.1548,0.237359,-0.157875,0.372596,22.054000000000002
1772223625173605494,2026-02-27 15:20:25.173,-2.24876,5.93953,-15.3342,0.23879,-0.154972,0.375472,22.055000000000007
1772223625174737796,2026-02-27 15:20:25.174,-2.2506,5.99025,-15.8396,0.237367,-0.15265,0.381139,22.05600000000001
1772223625175914676,2026-02-27 15:20:25.175,-2.12489,6.03223,-16.3116,0.238374,-0.150384,0.385302,22.057000000000002
1772223625177115982,2026-02-27 15:20:25.177,-2.07592,6.03414,-16.4574,0.238763,-0.148232,0.386025,22.05900000000001
1772223625178286692,2026-02-27 15:20:25.178,-2.01665,6.00909,-16.5838,0.2364,-0.143435,0.386855,22.060000000000002
1772223625179493056,2026-02-27 15:20:25.179,-1.98136,6.07013,-16.8874,0.242634,-0.141039,0.390213,22.061000000000007
1772223625180628671,2026-02-27 15:20:25.180,-1.87685,6.03201,-17.7501,0.240334,-0.142052,0.39774,22.062000000000012
1772223625181823648,2026-02-27 15:20:25.181,-1.90512,6.04294,-17.4601,0.240155,-0.139757,0.393826,22.063000000000002
1772223625183026532,2026-02-27 15:20:25.183,-1.80555,6.01574,-17.4122,0.242087,-0.138667,0.393164,22.065000000000012
1772223625184201480,2026-02-27 15:20:25.184,-1.81043,6.03154,-17.0366,0.242964,-0.137919,0.388691,22.066000000000003
1772223625185377601,2026-02-27 15:20:25.185,-1.76343,6.01611,-17.0208,0.243949,-0.135439,0.386512,22.067000000000007
1772223625186566882,2026-02-27 15:20:25.186,-1.71648,6.03773,-17.0401,0.24352,-0.134962,0.38647,22.068000000000012
1772223625187697079,2026-02-27 15:20:25.187,-1.71032,5.99901,-17.0141,0.24166,-0.134061,0.385553,22.069000000000003
1772223625188845458,2026-02-27 15:20:25.188,-1.67217,5.98614,-16.0729,0.240298,-0.1335,0.37554,22.070000000000007
1772223625190050006,2026-02-27 15:20:25.190,-1.63234,6.012,-16.4187,0.239148,-0.131744,0.378708,22.072000000000003
1772223625191224712,2026-02-27 15:20:25.191,-1.54758,5.93223,-17.1558,0.239529,-0.131436,0.382699,22.073000000000008
1772223625192404421,2026-02-27 15:20:25.192,-1.49585,5.93381,-17.4236,0.239574,-0.129854,0.383354,22.074000000000012
1772223625193527502,2026-02-27 15:20:25.193,-1.45499,5.95717,-17.4245,0.236233,-0.12829,0.383463,22.075000000000003
1772223625194659857,2026-02-27 15:20:25.194,-1.37759,5.92595,-17.4343,0.236159,-0.126981,0.382094,22.076000000000008
1772223625195872897,2026-02-27 15:20:25.195,-1.38131,5.92463,-17.4478,0.233572,-0.124962,0.380936,22.077000000000012
1772223625197074607,2026-02-27 15:20:25.197,-1.3067,5.93488,-18.4077,0.233511,-0.124196,0.387832,22.079000000000008
