abs_timestamp_ns,human_time,fx,fy,fz,tx,ty,tz,mocap_ref_time
1772223620018414286,2026-02-27 15:20:20.018,0.933303,-1.33706,-1.51721,0.068689,0.021436,0.065872,16.900000000000006
1772223620019579187,2026-02-27 15:20:20.019,0.941966,-1.34404,-1.13365,0.06875,0.021305,0.063301,16.90100000000001
1772223620020709939,2026-02-27 15:20:20.020,0.907545,-1.30926,-1.00114,0.070608,0.022114,0.061731,16.902
1772223620021858757,2026-02-27 15:20:20.021,0.914629,-1.34561,-0.98425,0.067116,0.021334,0.062082,16.903000000000006
1772223620023035602,2026-02-27 15:20:20.023,0.922335,-1.29971,-0.885253,0.068749,0.020909,0.062625,16.905
1772223620024228212,2026-02-27 15:20:20.024,0.946224,-1.3035,0.0728,0.072288,0.021256,0.053381,16.906000000000006
1772223620025423799,2026-02-27 15:20:20.025,0.85894,-1.24974,-0.342286,0.068188,0.021194,0.057205,16.90700000000001
1772223620026580725,2026-02-27 15:20:20.026,0.908652,-1.24404,-0.284117,0.070568,0.020192,0.057917,16.908
1772223620027709727,2026-02-27 15:20:20.027,0.849716,-1.27286,-0.806377,0.067209,0.02017,0.062703,16.909000000000006
1772223620028865896,2026-02-27 15:20:20.028,0.896311,-1.24816,-0.945526,0.071928,0.019759,0.065709,16.91000000000001
1772223620030042126,2026-02-27 15:20:20.030,0.884572,-1.24204,-0.878291,0.07068,0.019879,0.06466,16.912000000000006
1772223620031233863,2026-02-27 15:20:20.031,0.895712,-1.21643,-0.837011,0.072181,0.020559,0.064712,16.91300000000001
1772223620032546907,2026-02-27 15:20:20.032,0.925061,-1.20988,-1.79352,0.070687,0.019771,0.073977,16.914
1772223620033677742,2026-02-27 15:20:20.033,0.865205,-1.22787,-1.66146,0.071173,0.021295,0.072353,16.915000000000006
1772223620034861206,2026-02-27 15:20:20.034,0.876795,-1.19954,-1.58052,0.071066,0.019905,0.072425,16.91600000000001
1772223620036054176,2026-02-27 15:20:20.036,0.835101,-1.16409,-0.781874,0.072124,0.020503,0.065446,16.918000000000006
1772223620037244436,2026-02-27 15:20:20.037,0.825668,-1.20812,-0.694645,0.069235,0.019802,0.064357,16.91900000000001
1772223620038415669,2026-02-27 15:20:20.038,0.834445,-1.17872,-0.698471,0.07106,0.019159,0.065055,16.92
1772223620039579110,2026-02-27 15:20:20.039,0.807035,-1.14652,-0.696538,0.070599,0.019422,0.064648,16.921000000000006
1772223620040710981,2026-02-27 15:20:20.040,0.841406,-1.15336,-0.129129,0.071746,0.019238,0.058984,16.92200000000001
1772223620041885772,2026-02-27 15:20:20.041,0.836377,-1.13841,0.303384,0.072295,0.020563,0.055167,16.923000000000002
1772223620043080093,2026-02-27 15:20:20.043,0.84573,-1.1044,-0.207213,0.069769,0.01878,0.061494,16.92500000000001
1772223620044281348,2026-02-27 15:20:20.044,0.843984,-1.11653,-0.598483,0.071835,0.018195,0.065383,16.926000000000002
1772223620045486875,2026-02-27 15:20:20.045,0.803064,-1.12659,-0.642712,0.071045,0.018889,0.065776,16.927000000000007
1772223620046617762,2026-02-27 15:20:20.046,0.858086,-1.12571,-0.697695,0.073408,0.019006,0.065122,16.92800000000001
1772223620047748457,2026-02-27 15:20:20.047,0.802524,-1.10889,-0.665934,0.071155,0.018538,0.066208,16.929000000000002
1772223620048911033,2026-02-27 15:20:20.048,0.800286,-1.09167,-0.668398,0.072241,0.019128,0.066659,16.930000000000007
1772223620050106501,2026-02-27 15:20:20.050,0.822654,-1.10073,-1.10609,0.070775,0.018289,0.071294,16.932000000000002
1772223620051299414,2026-02-27 15:20:20.051,0.777803,-1.07361,-1.17225,0.071198,0.018081,0.071951,16.933000000000007
1772223620052520418,2026-02-27 15:20:20.052,0.814339,-1.06463,-0.67276,0.071783,0.017932,0.067312,16.93400000000001
1772223620053650644,2026-02-27 15:20:20.053,0.779408,-1.04436,-0.436667,0.072256,0.017211,0.065358,16.935000000000002
1772223620054784110,2026-02-27 15:20:20.054,0.75362,-1.06279,-0.438816,0.07079,0.017411,0.065541,16.936000000000007
1772223620055984968,2026-02-27 15:20:20.055,0.730846,-1.03499,-0.440839,0.069004,0.018824,0.065723,16.937000000000012
1772223620057156755,2026-02-27 15:20:20.057,0.735329,-1.05945,0.614072,0.072696,0.018303,0.05719,16.939000000000007
1772223620058355663,2026-02-27 15:20:20.058,0.823355,-1.05736,0.396197,0.073092,0.016728,0.059616,16.940000000000012
1772223620059579789,2026-02-27 15:20:20.059,0.793615,-1.0253,0.394576,0.073921,0.018124,0.059859,16.941000000000003
1772223620060709751,2026-02-27 15:20:20.060,0.79055,-1.00299,-0.130616,0.071636,0.017749,0.065308,16.942000000000007
1772223620061885688,2026-02-27 15:20:20.061,0.740498,-1.00406,-0.453493,0.069518,0.017066,0.067687,16.943000000000012
1772223620063057633,2026-02-27 15:20:20.063,0.723215,-1.02793,-0.352135,0.069668,0.017327,0.067739,16.945000000000007
1772223620064228083,2026-02-27 15:20:20.064,0.758686,-0.964421,-0.34042,0.07241,0.016902,0.069319,16.946000000000012
1772223620065423786,2026-02-27 15:20:20.065,0.73831,-0.951094,-0.948815,0.072625,0.018498,0.075177,16.947000000000003
1772223620066571601,2026-02-27 15:20:20.066,0.790269,-0.928631,-1.19802,0.075678,0.017916,0.079367,16.948000000000008
1772223620067698990,2026-02-27 15:20:20.067,0.69135,-0.937212,-0.943955,0.071963,0.016963,0.077359,16.949000000000012
1772223620068876769,2026-02-27 15:20:20.068,0.736564,-0.915361,-0.579317,0.075195,0.016717,0.074841,16.950000000000003
1772223620070046816,2026-02-27 15:20:20.070,0.739113,-0.884441,-0.278138,0.078087,0.016239,0.072527,16.952000000000012
1772223620071216535,2026-02-27 15:20:20.071,0.715937,-0.887555,-0.157716,0.074477,0.015913,0.072535,16.953000000000003
1772223620072397298,2026-02-27 15:20:20.072,0.761761,-0.846215,-0.10082,0.078392,0.014953,0.073513,16.954000000000008
1772223620073579133,2026-02-27 15:20:20.073,0.668176,-0.760384,0.046355,0.080183,0.016083,0.072647,16.955000000000013
1772223620074707100,2026-02-27 15:20:20.074,0.646675,-0.785255,0.93922,0.07728,0.015578,0.066677,16.956000000000003
1772223620075879155,2026-02-27 15:20:20.075,0.694937,-0.792282,0.522531,0.076842,0.014331,0.071338,16.957000000000008
1772223620077049840,2026-02-27 15:20:20.077,0.706056,-0.74858,0.482312,0.084291,0.014498,0.071701,16.959000000000003
1772223620078217867,2026-02-27 15:20:20.078,0.714655,-0.699361,-0.180497,0.083778,0.014628,0.079675,16.960000000000008
1772223620079415550,2026-02-27 15:20:20.079,0.696273,-0.636721,-0.085594,0.083528,0.013323,0.08064,16.961000000000013
1772223620080580023,2026-02-27 15:20:20.080,0.681681,-0.646056,-0.104453,0.084095,0.014168,0.080419,16.962000000000003
1772223620081709916,2026-02-27 15:20:20.081,0.678617,-0.60972,-0.114318,0.08464,0.01366,0.081949,16.963000000000008
1772223620082867381,2026-02-27 15:20:20.082,0.751756,-0.646718,-1.01402,0.082912,0.013636,0.092035,16.964
1772223620084040651,2026-02-27 15:20:20.084,0.693888,-0.58149,-0.751694,0.087252,0.013999,0.089343,16.966000000000008
1772223620085231887,2026-02-27 15:20:20.085,0.608898,-0.581981,-0.109707,0.080427,0.012226,0.087066,16.967
1772223620086430620,2026-02-27 15:20:20.086,0.652928,-0.526385,0.208961,0.084523,0.01241,0.085408,16.968000000000004
1772223620087556124,2026-02-27 15:20:20.087,0.545456,-0.481525,0.181417,0.081092,0.013557,0.08603,16.96900000000001
1772223620088682364,2026-02-27 15:20:20.088,-0.205192,-0.269257,-3.77735,0.076877,-0.089218,0.074948,16.97
1772223620089861439,2026-02-27 15:20:20.089,0.605278,-0.644928,-2.34205,0.107307,0.03952,0.091084,16.971000000000004
1772223620091038317,2026-02-27 15:20:20.091,0.374778,-0.588104,-1.35004,0.089996,0.021676,0.083581,16.973
1772223620092208874,2026-02-27 15:20:20.092,0.385103,-0.508031,-1.52793,0.085068,-0.022246,0.087492,16.974000000000004
1772223620093403612,2026-02-27 15:20:20.093,0.282153,-0.459304,-2.50243,0.096275,-0.04329,0.09293,16.97500000000001
1772223620094580846,2026-02-27 15:20:20.094,0.298111,-0.535121,-2.97914,0.09236,-0.04104,0.100403,16.976
1772223620095706718,2026-02-27 15:20:20.095,0.208381,-0.503337,-3.27416,0.089985,-0.058459,0.104151,16.977000000000004
1772223620096880524,2026-02-27 15:20:20.096,0.233906,-0.485011,-3.5516,0.093651,-0.057336,0.106403,16.97800000000001
1772223620098061608,2026-02-27 15:20:20.098,0.242183,-0.497536,-3.74504,0.099989,-0.062176,0.108199,16.980000000000004
1772223620099230587,2026-02-27 15:20:20.099,0.188548,-0.451281,-5.04257,0.107627,-0.066347,0.119936,16.98100000000001
1772223620100430244,2026-02-27 15:20:20.100,0.178081,-0.421353,-4.73991,0.112743,-0.071979,0.117327,16.982
1772223620101583910,2026-02-27 15:20:20.101,0.12823,-0.467841,-4.68436,0.11135,-0.076841,0.117831,16.983000000000004
1772223620102711863,2026-02-27 15:20:20.102,0.033047,-0.425622,-4.36545,0.116109,-0.079718,0.115664,16.98400000000001
1772223620103890283,2026-02-27 15:20:20.103,-0.017442,-0.371182,-4.24289,0.120297,-0.085158,0.115532,16.985
1772223620105071955,2026-02-27 15:20:20.105,-0.045113,-0.364171,-4.33222,0.123173,-0.089429,0.116694,16.98700000000001
1772223620106241604,2026-02-27 15:20:20.106,-0.16531,-0.348289,-4.54337,0.132757,-0.096068,0.11781,16.988
1772223620107430305,2026-02-27 15:20:20.107,-0.25295,-0.343011,-3.45643,0.139723,-0.102112,0.110368,16.989000000000004
1772223620108578591,2026-02-27 15:20:20.108,-0.24562,-0.305055,-3.85138,0.142124,-0.106144,0.114763,16.99000000000001
1772223620109706919,2026-02-27 15:20:20.109,-0.369779,-0.292939,-3.75548,0.146876,-0.109786,0.115474,16.991
1772223620110879838,2026-02-27 15:20:20.110,-0.43437,-0.31249,-4.38576,0.150014,-0.112992,0.121461,16.992000000000004
1772223620112079200,2026-02-27 15:20:20.112,-0.526652,-0.285241,-4.60691,0.150628,-0.116102,0.123815,16.994
1772223620113253757,2026-02-27 15:20:20.113,-0.588438,-0.208493,-4.65639,0.160753,-0.120032,0.125418,16.995000000000005
1772223620114446330,2026-02-27 15:20:20.114,-0.591636,-0.204468,-4.6218,0.166276,-0.121123,0.126641,16.99600000000001
1772223620115557735,2026-02-27 15:20:20.115,-0.638308,-0.191017,-5.57186,0.167341,-0.11912,0.1349,16.997
1772223620116684574,2026-02-27 15:20:20.116,-0.570393,-0.131606,-5.64161,0.175934,-0.118023,0.136942,16.998000000000005
1772223620117858070,2026-02-27 15:20:20.117,-0.744448,-0.108828,-5.5039,0.171942,-0.120849,0.136874,16.99900000000001
1772223620119052008,2026-02-27 15:20:20.119,-0.68536,-0.0105,-4.97897,0.179304,-0.122171,0.135008,17.001000000000005
1772223620120220595,2026-02-27 15:20:20.120,-0.682501,0.033985,-4.80133,0.184224,-0.120367,0.133069,17.00200000000001
1772223620121420243,2026-02-27 15:20:20.121,-0.784338,0.075215,-4.76302,0.189556,-0.11895,0.133475,17.003
1772223620122574276,2026-02-27 15:20:20.122,-0.759713,0.143209,-4.7906,0.197506,-0.117897,0.135129,17.004000000000005
1772223620123701680,2026-02-27 15:20:20.123,-0.791569,0.17515,-4.33915,0.202021,-0.117232,0.131653,17.00500000000001
1772223620124872625,2026-02-27 15:20:20.124,-0.903106,0.171262,-3.80799,0.201961,-0.117271,0.127949,17.006
1772223620126067857,2026-02-27 15:20:20.126,-0.831644,0.199661,-4.14117,0.209282,-0.117902,0.132815,17.00800000000001
1772223620127236085,2026-02-27 15:20:20.127,-0.868259,0.282458,-4.35649,0.215599,-0.113429,0.134964,17.009
1772223620128407133,2026-02-27 15:20:20.128,-0.91219,0.350729,-4.90767,0.227165,-0.11651,0.141846,17.010000000000005
1772223620129551490,2026-02-27 15:20:20.129,-0.962185,0.366252,-4.71212,0.226229,-0.118616,0.142857,17.01100000000001
1772223620130676318,2026-02-27 15:20:20.130,-1.02398,0.454644,-4.73317,0.232577,-0.119738,0.143079,17.012
1772223620131828348,2026-02-27 15:20:20.131,-1.06204,0.447654,-4.64266,0.233099,-0.122185,0.144689,17.013000000000005
1772223620133024696,2026-02-27 15:20:20.133,-1.10847,0.482625,-5.59832,0.237854,-0.123131,0.153933,17.015
1772223620134192487,2026-02-27 15:20:20.134,-1.15636,0.545052,-5.18481,0.241895,-0.125354,0.149855,17.016000000000005
1772223620135361611,2026-02-27 15:20:20.135,-1.25698,0.594324,-4.47775,0.243821,-0.131799,0.147262,17.01700000000001
1772223620136555062,2026-02-27 15:20:20.136,-1.35198,0.651539,-4.19351,0.249669,-0.13372,0.144238,17.018
1772223620137681780,2026-02-27 15:20:20.137,-1.3958,0.697543,-4.13771,0.247637,-0.136156,0.14474,17.019000000000005
1772223620138806144,2026-02-27 15:20:20.138,-1.41094,0.724818,-4.07516,0.252352,-0.137297,0.1447,17.02000000000001
1772223620140003566,2026-02-27 15:20:20.140,-1.47493,0.762876,-4.00097,0.253164,-0.13757,0.145674,17.022000000000006
1772223620141266807,2026-02-27 15:20:20.141,-1.53898,0.769927,-3.03545,0.252703,-0.142979,0.137774,17.02300000000001
1772223620142437065,2026-02-27 15:20:20.142,-1.60299,0.799532,-2.95416,0.255676,-0.148125,0.140788,17.024
1772223620143561724,2026-02-27 15:20:20.143,-1.72104,0.824156,-3.41511,0.256819,-0.149496,0.145571,17.025000000000006
1772223620144687934,2026-02-27 15:20:20.144,-1.79376,0.820458,-3.7287,0.256896,-0.150272,0.149723,17.02600000000001
1772223620145858945,2026-02-27 15:20:20.145,-1.83319,0.864242,-3.67059,0.258753,-0.152855,0.150092,17.027
1772223620147053798,2026-02-27 15:20:20.147,-1.84918,0.96009,-3.63164,0.2636,-0.154838,0.15052,17.02900000000001
1772223620148219933,2026-02-27 15:20:20.148,-1.96467,0.965296,-3.39675,0.258603,-0.15791,0.151301,17.03
1772223620149389494,2026-02-27 15:20:20.149,-2.03915,0.994307,-4.22361,0.258085,-0.166592,0.158925,17.031000000000006
1772223620150550201,2026-02-27 15:20:20.150,-2.17344,1.06316,-3.73962,0.252607,-0.172712,0.155652,17.03200000000001
1772223620151673841,2026-02-27 15:20:20.151,-2.27114,1.06088,-3.32793,0.239562,-0.179372,0.150633,17.033
1772223620152845658,2026-02-27 15:20:20.152,-2.32963,1.09576,-2.66771,0.239871,-0.182066,0.14597,17.034000000000006
1772223620154040251,2026-02-27 15:20:20.154,-2.4349,1.06199,-2.4898,0.237906,-0.185742,0.143133,17.036
1772223620155208198,2026-02-27 15:20:20.155,-2.43303,1.06257,-2.42821,0.230456,-0.187278,0.142606,17.037000000000006
1772223620156378666,2026-02-27 15:20:20.156,-2.54024,1.09649,-1.9803,0.221544,-0.192014,0.138545,17.03800000000001
1772223620157546863,2026-02-27 15:20:20.157,-2.61658,1.09586,-0.988576,0.213887,-0.199064,0.129255,17.039
1772223620158672882,2026-02-27 15:20:20.158,-2.62372,1.13718,-1.28266,0.216966,-0.199948,0.133896,17.040000000000006
1772223620159848197,2026-02-27 15:20:20.159,-2.69676,1.15434,-1.00297,0.20563,-0.205822,0.133738,17.04100000000001
1772223620161041222,2026-02-27 15:20:20.161,-2.71634,1.099,-1.66461,0.206684,-0.203209,0.138464,17.043000000000006
1772223620162224428,2026-02-27 15:20:20.162,-2.76116,1.12386,-1.6952,0.212932,-0.201672,0.140303,17.04400000000001
1772223620163412214,2026-02-27 15:20:20.163,-2.85164,1.17531,-1.41919,0.205669,-0.212086,0.140752,17.045
1772223620164556027,2026-02-27 15:20:20.164,-2.78504,1.118,-1.53918,0.20439,-0.210882,0.140571,17.046000000000006
1772223620165682873,2026-02-27 15:20:20.165,-2.79747,1.0894,-2.57925,0.205849,-0.204969,0.150398,17.04700000000001
1772223620166853260,2026-02-27 15:20:20.166,-2.80544,1.1033,-2.47872,0.215973,-0.210757,0.150977,17.048000000000002
1772223620168019138,2026-02-27 15:20:20.168,-2.85767,1.06441,-2.54861,0.22015,-0.208246,0.152492,17.05000000000001
1772223620169210104,2026-02-27 15:20:20.169,-2.84583,1.17677,-2.0747,0.223053,-0.201008,0.148916,17.051000000000002
1772223620170398722,2026-02-27 15:20:20.170,-3.07836,1.18831,-1.37262,0.212459,-0.219442,0.145651,17.052000000000007
1772223620171550627,2026-02-27 15:20:20.171,-2.97724,1.18096,-1.38227,0.213269,-0.21023,0.144609,17.05300000000001
1772223620172675601,2026-02-27 15:20:20.172,-3.07737,1.15352,-1.29375,0.212271,-0.219514,0.142896,17.054000000000002
1772223620173846392,2026-02-27 15:20:20.173,-3.16331,1.17248,-0.597871,0.205975,-0.223772,0.135368,17.055000000000007
1772223620175048710,2026-02-27 15:20:20.175,-3.10984,1.2074,-0.08,0.193455,-0.226126,0.130289,17.057000000000002
1772223620176243473,2026-02-27 15:20:20.176,-3.17145,1.18809,-0.180832,0.191613,-0.222381,0.129949,17.058000000000007
1772223620177433941,2026-02-27 15:20:20.177,-3.09297,1.07306,-0.933574,0.190101,-0.217994,0.136378,17.05900000000001
1772223620178547884,2026-02-27 15:20:20.178,-3.15693,1.07511,-0.968302,0.186699,-0.227019,0.137955,17.060000000000002
1772223620179674404,2026-02-27 15:20:20.179,-3.10648,1.21636,-0.785399,0.176132,-0.219971,0.137778,17.061000000000007
1772223620180866640,2026-02-27 15:20:20.180,-3.10209,1.20457,-0.575174,0.170289,-0.214895,0.136619,17.062000000000012
1772223620182066085,2026-02-27 15:20:20.182,-3.16162,1.21836,-0.567339,0.160229,-0.212041,0.137906,17.064000000000007
1772223620183257667,2026-02-27 15:20:20.183,-3.15864,1.0783,-1.55436,0.177709,-0.225309,0.149382,17.065000000000012
1772223620184445016,2026-02-27 15:20:20.184,-3.19601,1.14604,-0.91183,0.160775,-0.22569,0.143465,17.066000000000003
1772223620185594114,2026-02-27 15:20:20.185,-3.15495,1.1606,-0.387385,0.156902,-0.220749,0.13803,17.067000000000007
1772223620186727907,2026-02-27 15:20:20.186,-3.15292,1.17132,-0.265826,0.151861,-0.218704,0.134762,17.068000000000012
1772223620187854364,2026-02-27 15:20:20.187,-3.0887,1.14457,-0.113476,0.144327,-0.21537,0.136296,17.069000000000003
1772223620189052167,2026-02-27 15:20:20.189,-3.14755,1.09781,-0.126507,0.142861,-0.227065,0.137722,17.071000000000012
1772223620190243148,2026-02-27 15:20:20.190,-3.1511,1.1303,-0.104914,0.13406,-0.214839,0.137387,17.072000000000003
1772223620191412081,2026-02-27 15:20:20.191,-3.17586,1.12653,0.846984,0.143015,-0.21717,0.129175,17.073000000000008
1772223620192554861,2026-02-27 15:20:20.192,-3.03901,1.20797,0.78737,0.127242,-0.214696,0.128528,17.074000000000012
1772223620193682026,2026-02-27 15:20:20.193,-3.06795,1.11955,0.199649,0.127782,-0.209187,0.131305,17.075000000000003
1772223620194852567,2026-02-27 15:20:20.194,-2.99464,1.101,-0.091907,0.122217,-0.202832,0.132376,17.076000000000008
1772223620196046136,2026-02-27 15:20:20.196,-2.95149,1.1238,-0.136451,0.129241,-0.20119,0.13353,17.078000000000003
1772223620197241011,2026-02-27 15:20:20.197,-2.97107,1.08886,-0.081999,0.128955,-0.203406,0.134433,17.079000000000008
1772223620198409673,2026-02-27 15:20:20.198,-2.81964,1.17938,-0.01395,0.123448,-0.180028,0.134183,17.080000000000013
1772223620199547672,2026-02-27 15:20:20.199,-2.9272,1.03968,-1.155,0.13743,-0.193518,0.150052,17.081000000000003
1772223620200673938,2026-02-27 15:20:20.200,-2.94959,1.01795,-0.758155,0.158972,-0.203078,0.152575,17.082000000000008
1772223620201843207,2026-02-27 15:20:20.201,-2.89286,1.06145,-0.385797,0.154342,-0.189906,0.148847,17.083000000000013
1772223620203040106,2026-02-27 15:20:20.203,-2.84942,1.05824,-0.07232,0.162306,-0.183975,0.145226,17.085000000000008
1772223620204238393,2026-02-27 15:20:20.204,-2.83096,1.12964,0.169077,0.149691,-0.174652,0.139004,17.086000000000013
1772223620205428678,2026-02-27 15:20:20.205,-2.75554,1.14428,0.129228,0.131565,-0.16065,0.132164,17.087000000000003
1772223620206600767,2026-02-27 15:20:20.206,-2.68931,1.05285,0.350048,0.133702,-0.159836,0.129881,17.088000000000008
1772223620207730232,2026-02-27 15:20:20.207,-2.65144,1.08554,1.17983,0.128372,-0.155419,0.12439,17.089
1772223620208857473,2026-02-27 15:20:20.208,-2.58735,0.964855,0.853505,0.13848,-0.163993,0.131282,17.090000000000003
1772223620210050656,2026-02-27 15:20:20.210,-2.58485,1.01226,0.613259,0.139768,-0.15146,0.134218,17.092
1772223620211241416,2026-02-27 15:20:20.211,-2.42515,1.07254,0.191733,0.142269,-0.141397,0.14045,17.093000000000004
1772223620212409341,2026-02-27 15:20:20.212,-2.36962,1.10933,0.230258,0.141631,-0.131934,0.144363,17.09400000000001
1772223620213548028,2026-02-27 15:20:20.213,-2.04503,1.27215,0.354928,0.14423,-0.112038,0.151996,17.095
1772223620214673603,2026-02-27 15:20:20.214,-1.87742,1.32886,0.437699,0.144873,-0.10436,0.15572,17.096000000000004
1772223620215845846,2026-02-27 15:20:20.215,-1.77102,1.3284,-0.608872,0.146691,-0.096969,0.166971,17.09700000000001
1772223620217040717,2026-02-27 15:20:20.217,-1.71266,1.363,-0.197087,0.143601,-0.089439,0.163375,17.099000000000004
1772223620218235111,2026-02-27 15:20:20.218,-1.68975,1.32824,-0.102883,0.140811,-0.086523,0.164575,17.10000000000001
1772223620219403215,2026-02-27 15:20:20.219,-1.54096,1.40976,0.379566,0.136909,-0.079562,0.159702,17.101
1772223620220531489,2026-02-27 15:20:20.220,-1.50681,1.42931,0.703136,0.131737,-0.074882,0.153713,17.102000000000004
1772223620221658567,2026-02-27 15:20:20.221,-1.60836,1.42194,0.706254,0.131221,-0.074719,0.152901,17.10300000000001
1772223620222830660,2026-02-27 15:20:20.222,-1.49018,1.45948,0.830479,0.128827,-0.069519,0.149804,17.104
1772223620224029911,2026-02-27 15:20:20.224,-1.57193,1.45794,1.70486,0.131541,-0.073357,0.140407,17.10600000000001
1772223620225224918,2026-02-27 15:20:20.225,-1.56793,1.45449,1.90089,0.123471,-0.073766,0.137999,17.107
1772223620226395769,2026-02-27 15:20:20.226,-1.55959,1.42675,1.76721,0.123958,-0.069646,0.136786,17.108000000000004
1772223620227562104,2026-02-27 15:20:20.227,-1.6146,1.46453,0.95347,0.121002,-0.070328,0.142532,17.10900000000001
1772223620228691416,2026-02-27 15:20:20.228,-1.61734,1.4499,0.99684,0.121556,-0.070738,0.14214,17.11
1772223620229862845,2026-02-27 15:20:20.229,-1.54269,1.45679,1.12659,0.120123,-0.071823,0.141091,17.111000000000004
1772223620230996811,2026-02-27 15:20:20.230,-1.55962,1.4597,1.05553,0.118853,-0.067428,0.139475,17.11200000000001
1772223620232134877,2026-02-27 15:20:20.232,-1.60432,1.4508,0.794327,0.115739,-0.065264,0.141817,17.114000000000004
1772223620233328751,2026-02-27 15:20:20.233,-1.49609,1.47355,0.232024,0.11687,-0.065003,0.147245,17.11500000000001
1772223620234512520,2026-02-27 15:20:20.234,-1.42672,1.53749,0.489845,0.116258,-0.058901,0.142366,17.116
1772223620235647448,2026-02-27 15:20:20.235,-1.43451,1.45007,0.711349,0.114025,-0.064518,0.142482,17.117000000000004
1772223620236842274,2026-02-27 15:20:20.236,-1.47802,1.48801,1.47476,0.110234,-0.065105,0.134334,17.11800000000001
1772223620238040368,2026-02-27 15:20:20.238,-1.55159,1.54305,1.44187,0.106963,-0.062274,0.132782,17.120000000000005
1772223620239236811,2026-02-27 15:20:20.239,-1.48639,1.48696,1.48274,0.110941,-0.062001,0.130039,17.12100000000001
1772223620240378918,2026-02-27 15:20:20.240,-1.50263,1.51171,1.5288,0.106244,-0.061524,0.128914,17.122
1772223620241558573,2026-02-27 15:20:20.241,-1.49948,1.51592,2.15727,0.105223,-0.057768,0.119999,17.123000000000005
1772223620242715293,2026-02-27 15:20:20.242,-1.44917,1.49904,2.27128,0.098097,-0.056055,0.117927,17.12400000000001
1772223620243891241,2026-02-27 15:20:20.243,-1.40546,1.53719,1.61513,0.098935,-0.052019,0.122003,17.125
1772223620245088850,2026-02-27 15:20:20.245,-1.36827,1.54925,1.44214,0.097079,-0.051807,0.12356,17.12700000000001
1772223620246285307,2026-02-27 15:20:20.246,-1.38731,1.48925,1.49648,0.088901,-0.049623,0.121015,17.128
1772223620247488694,2026-02-27 15:20:20.247,-1.31212,1.51078,1.53732,0.094035,-0.048943,0.121531,17.129000000000005
1772223620248617804,2026-02-27 15:20:20.248,-1.23252,1.54111,0.685107,0.089312,-0.042113,0.127452,17.13000000000001
1772223620249747346,2026-02-27 15:20:20.249,-1.3021,1.50014,0.693873,0.087321,-0.043348,0.125742,17.131
1772223620250877108,2026-02-27 15:20:20.250,-1.18605,1.56062,0.788288,0.089584,-0.040909,0.124277,17.132000000000005
1772223620252156332,2026-02-27 15:20:20.252,-1.19904,1.5798,1.3282,0.086935,-0.039827,0.119395,17.134
1772223620253355064,2026-02-27 15:20:20.253,-1.18577,1.58321,1.5761,0.088053,-0.037492,0.115883,17.135000000000005
1772223620254558725,2026-02-27 15:20:20.254,-1.16824,1.56381,1.65463,0.084451,-0.032379,0.113191,17.13600000000001
1772223620255690604,2026-02-27 15:20:20.255,-1.19574,1.53239,1.70721,0.081906,-0.033891,0.114256,17.137
1772223620256867272,2026-02-27 15:20:20.256,-1.14168,1.52674,2.18127,0.083755,-0.031538,0.107438,17.138000000000005
1772223620258063493,2026-02-27 15:20:20.258,-1.0845,1.58809,2.71607,0.082461,-0.030359,0.103631,17.14
1772223620259263512,2026-02-27 15:20:20.259,-1.09425,1.56202,2.37469,0.082505,-0.030091,0.105994,17.141000000000005
1772223620260486730,2026-02-27 15:20:20.260,-1.09977,1.54617,2.17714,0.081039,-0.027702,0.108163,17.14200000000001
1772223620261615192,2026-02-27 15:20:20.261,-1.11949,1.52693,1.71987,0.079445,-0.027477,0.112573,17.143
1772223620262788048,2026-02-27 15:20:20.262,-1.14307,1.47549,1.64177,0.077425,-0.028281,0.111845,17.144000000000005
1772223620263983985,2026-02-27 15:20:20.263,-1.08527,1.48946,1.56408,0.079555,-0.02681,0.111586,17.14500000000001
1772223620265154568,2026-02-27 15:20:20.265,-1.09818,1.49392,1.54692,0.080229,-0.024807,0.111143,17.147000000000006
1772223620266324127,2026-02-27 15:20:20.266,-1.01864,1.50249,0.549642,0.077524,-0.02438,0.120528,17.14800000000001
1772223620267515237,2026-02-27 15:20:20.267,-1.06146,1.49397,0.963521,0.074276,-0.025971,0.116033,17.149
1772223620268643141,2026-02-27 15:20:20.268,-1.07439,1.50069,1.41857,0.076375,-0.027144,0.111871,17.150000000000006
1772223620269797242,2026-02-27 15:20:20.269,-1.13191,1.48447,1.61038,0.074278,-0.027872,0.110259,17.15100000000001
1772223620270993681,2026-02-27 15:20:20.270,-1.10351,1.52071,1.66136,0.072925,-0.029713,0.111785,17.152
1772223620272131919,2026-02-27 15:20:20.272,-1.11631,1.48976,1.61128,0.069155,-0.026679,0.109915,17.15400000000001
1772223620273313707,2026-02-27 15:20:20.273,-1.05944,1.47484,1.56908,0.075285,-0.027477,0.110632,17.155
1772223620274490963,2026-02-27 15:20:20.274,-1.13901,1.56854,2.65564,0.070565,-0.029648,0.102717,17.156000000000006
1772223620275620456,2026-02-27 15:20:20.275,-1.151,1.50043,2.31624,0.070068,-0.02347,0.101756,17.15700000000001
1772223620276752588,2026-02-27 15:20:20.276,-1.21165,1.54477,1.75627,0.069981,-0.036687,0.112168,17.158
1772223620277926910,2026-02-27 15:20:20.277,-1.17654,1.54197,1.41175,0.069921,-0.036127,0.115151,17.159000000000006
1772223620279094156,2026-02-27 15:20:20.279,-1.20962,1.52053,1.4711,0.067432,-0.042192,0.115016,17.161
1772223620280260917,2026-02-27 15:20:20.280,-1.26761,1.55426,1.45622,0.06759,-0.042104,0.113993,17.162000000000006
1772223620281428426,2026-02-27 15:20:20.281,-1.29622,1.52667,1.43523,0.06539,-0.045714,0.113777,17.16300000000001
1772223620282562031,2026-02-27 15:20:20.282,-1.30702,1.54221,0.821986,0.065692,-0.038815,0.117415,17.164
1772223620283689986,2026-02-27 15:20:20.283,-1.37731,1.57729,0.596778,0.067669,-0.044412,0.120466,17.165000000000006
1772223620284835420,2026-02-27 15:20:20.284,-1.3614,1.55617,1.03338,0.061775,-0.049061,0.118709,17.16600000000001
1772223620286002314,2026-02-27 15:20:20.286,-1.33112,1.54954,1.35836,0.066743,-0.046601,0.116158,17.168000000000006
1772223620287170404,2026-02-27 15:20:20.287,-1.39952,1.59935,1.47086,0.065657,-0.052917,0.117213,17.16900000000001
1772223620288306944,2026-02-27 15:20:20.288,-1.34598,1.54638,1.31353,0.065373,-0.049524,0.116582,17.17
1772223620289528250,2026-02-27 15:20:20.289,-1.4314,1.62183,1.34121,0.06706,-0.055361,0.115102,17.171000000000006
1772223620290654544,2026-02-27 15:20:20.290,-1.51169,1.59787,2.30174,0.063776,-0.056013,0.107916,17.17200000000001
1772223620291799239,2026-02-27 15:20:20.291,-1.51422,1.56017,1.87748,0.063342,-0.060969,0.113494,17.173000000000002
1772223620292967093,2026-02-27 15:20:20.292,-1.56447,1.57143,1.87317,0.060421,-0.059926,0.113877,17.174000000000007
1772223620294133390,2026-02-27 15:20:20.294,-1.53207,1.57458,1.29259,0.061624,-0.061258,0.118712,17.176000000000002
1772223620295298928,2026-02-27 15:20:20.295,-1.44927,1.5806,0.997931,0.06463,-0.063237,0.12052,17.177000000000007
1772223620296484661,2026-02-27 15:20:20.296,-1.48409,1.60584,1.02987,0.064401,-0.066203,0.121679,17.17800000000001
1772223620297612535,2026-02-27 15:20:20.297,-1.58451,1.62149,1.08073,0.060111,-0.070514,0.122602,17.179000000000002
1772223620298768047,2026-02-27 15:20:20.298,-1.50551,1.58417,0.054214,0.056082,-0.072225,0.133232,17.180000000000007
1772223620299934921,2026-02-27 15:20:20.299,-1.4969,1.59754,0.320706,0.056266,-0.074615,0.12979,17.18100000000001
1772223620301101800,2026-02-27 15:20:20.301,-1.51155,1.57726,0.315159,0.054457,-0.077367,0.130428,17.183000000000007
1772223620302268836,2026-02-27 15:20:20.302,-1.6308,1.56361,0.708664,0.052356,-0.078825,0.125771,17.18400000000001
1772223620303437188,2026-02-27 15:20:20.303,-1.61672,1.62287,0.961084,0.05608,-0.080125,0.12475,17.185000000000002
1772223620304584038,2026-02-27 15:20:20.304,-1.60125,1.67226,0.911561,0.053148,-0.08544,0.125827,17.186000000000007
1772223620305710416,2026-02-27 15:20:20.305,-1.68064,1.64145,0.927684,0.052796,-0.089128,0.126126,17.187000000000012
1772223620306854161,2026-02-27 15:20:20.306,-1.66221,1.59756,1.62238,0.05206,-0.0921,0.119455,17.188000000000002
1772223620308021106,2026-02-27 15:20:20.308,-1.70563,1.62729,1.79026,0.04898,-0.095512,0.118293,17.190000000000012
1772223620309198602,2026-02-27 15:20:20.309,-1.72406,1.59404,1.61305,0.049299,-0.098485,0.120375,17.191000000000003
1772223620310373095,2026-02-27 15:20:20.310,-1.76573,1.62369,1.09562,0.050266,-0.099815,0.124655,17.192000000000007
1772223620311545412,2026-02-27 15:20:20.311,-1.81733,1.52481,0.562223,0.049693,-0.100467,0.128179,17.193000000000012
1772223620312673499,2026-02-27 15:20:20.312,-1.79667,1.46874,0.29341,0.053164,-0.103457,0.12896,17.194000000000003
1772223620313846455,2026-02-27 15:20:20.313,-1.80637,1.46158,0.186351,0.056307,-0.105391,0.129852,17.195000000000007
1772223620314981804,2026-02-27 15:20:20.314,-1.86689,1.4009,-0.12105,0.05732,-0.106377,0.133137,17.196000000000012
1772223620316184294,2026-02-27 15:20:20.316,-1.82329,1.41803,-1.12905,0.061764,-0.108566,0.141235,17.198000000000008
1772223620317358599,2026-02-27 15:20:20.317,-1.83222,1.36023,-0.806255,0.061424,-0.112087,0.138442,17.199000000000012
1772223620318526590,2026-02-27 15:20:20.318,-1.88304,1.26102,-0.98841,0.063873,-0.114227,0.138186,17.200000000000003
1772223620319657531,2026-02-27 15:20:20.319,-1.91922,1.21903,-0.577299,0.067847,-0.117852,0.13449,17.201000000000008
1772223620320834640,2026-02-27 15:20:20.320,-1.9682,1.18412,-0.80686,0.0704,-0.118937,0.135296,17.202000000000012
1772223620322004199,2026-02-27 15:20:20.322,-1.93007,1.16386,-0.850525,0.072244,-0.120061,0.135935,17.204000000000008
1772223620323173479,2026-02-27 15:20:20.323,-2.04518,1.0686,-0.995765,0.070732,-0.122003,0.135866,17.205000000000013
1772223620324348117,2026-02-27 15:20:20.324,-2.04176,1.04651,-0.046613,0.075059,-0.123284,0.127941,17.206000000000003
1772223620325540783,2026-02-27 15:20:20.325,-2.01018,0.983788,-0.417605,0.07455,-0.125465,0.131765,17.207000000000008
1772223620326668746,2026-02-27 15:20:20.326,-1.99778,0.9045,-1.27219,0.077674,-0.129488,0.13799,17.208000000000013
1772223620327844116,2026-02-27 15:20:20.327,-1.96905,0.841911,-1.67486,0.079452,-0.130751,0.14055,17.209000000000003
1772223620329019703,2026-02-27 15:20:20.329,-2.03216,0.847564,-1.80208,0.08131,-0.13147,0.14121,17.211000000000013
1772223620330193251,2026-02-27 15:20:20.330,-2.00757,0.788974,-1.93346,0.08186,-0.134619,0.142645,17.212000000000003
1772223620331391105,2026-02-27 15:20:20.331,-2.12061,0.758975,-2.03863,0.085023,-0.136417,0.142942,17.213000000000008
1772223620332554831,2026-02-27 15:20:20.332,-2.08579,0.698037,-2.908,0.079845,-0.139181,0.151099,17.214
1772223620333684687,2026-02-27 15:20:20.333,-2.02959,0.607199,-3.15692,0.085392,-0.14389,0.152135,17.215000000000003
1772223620334859044,2026-02-27 15:20:20.334,-2.15388,0.615126,-2.73827,0.083722,-0.146249,0.149878,17.216000000000008
1772223620336052827,2026-02-27 15:20:20.336,-2.2089,0.552111,-2.58958,0.084849,-0.149652,0.14875,17.218000000000004
1772223620337247275,2026-02-27 15:20:20.337,-2.20231,0.53422,-2.60546,0.08733,-0.151333,0.148164,17.21900000000001
1772223620338416490,2026-02-27 15:20:20.338,-2.20543,0.490262,-2.83303,0.088916,-0.153315,0.14872,17.22
1772223620339572420,2026-02-27 15:20:20.339,-2.27404,0.46992,-2.82866,0.084083,-0.156933,0.150626,17.221000000000004
1772223620340704270,2026-02-27 15:20:20.340,-2.27354,0.422898,-2.10646,0.089148,-0.16187,0.143061,17.22200000000001
1772223620341870790,2026-02-27 15:20:20.341,-2.34609,0.339093,-2.47854,0.082821,-0.16489,0.146395,17.223
1772223620343039479,2026-02-27 15:20:20.343,-2.3176,0.297655,-2.761,0.087664,-0.169099,0.149355,17.22500000000001
1772223620344232773,2026-02-27 15:20:20.344,-2.35392,0.27715,-3.39294,0.085971,-0.171799,0.155429,17.226
1772223620345433161,2026-02-27 15:20:20.345,-2.39987,0.22643,-3.51935,0.08551,-0.174971,0.155823,17.227000000000004
1772223620346564793,2026-02-27 15:20:20.346,-2.4333,0.15128,-3.64917,0.085866,-0.17772,0.156846,17.22800000000001
1772223620347722664,2026-02-27 15:20:20.347,-2.49771,0.11603,-3.89192,0.085748,-0.183221,0.159372,17.229
1772223620348921874,2026-02-27 15:20:20.348,-2.5006,0.079764,-5.0,0.084505,-0.186516,0.169873,17.230000000000004
1772223620350091466,2026-02-27 15:20:20.350,-2.52973,0.034373,-4.77589,0.087131,-0.190133,0.16668,17.232
1772223620351285419,2026-02-27 15:20:20.351,-2.61499,0.039293,-4.84842,0.084397,-0.192871,0.167957,17.233000000000004
1772223620352488958,2026-02-27 15:20:20.352,-2.61222,-0.026302,-4.46269,0.085009,-0.19595,0.164987,17.23400000000001
1772223620353617109,2026-02-27 15:20:20.353,-2.63122,-0.044444,-4.35017,0.084558,-0.199108,0.163165,17.235
1772223620354750841,2026-02-27 15:20:20.354,-2.70983,-0.089514,-4.55098,0.084365,-0.203757,0.16549,17.236000000000004
1772223620355913831,2026-02-27 15:20:20.355,-2.69933,-0.171214,-4.71955,0.084407,-0.208166,0.166267,17.23700000000001
1772223620357107757,2026-02-27 15:20:20.357,-2.77794,-0.177523,-3.93238,0.081886,-0.209953,0.157532,17.239000000000004
1772223620358302068,2026-02-27 15:20:20.358,-2.74222,-0.192338,-4.09466,0.0837,-0.212949,0.160701,17.24000000000001
1772223620359517917,2026-02-27 15:20:20.359,-2.76565,-0.190875,-4.30492,0.087187,-0.214958,0.16177,17.241
1772223620360645833,2026-02-27 15:20:20.360,-2.78752,-0.219496,-4.99594,0.086102,-0.217785,0.1676,17.242000000000004
1772223620361790795,2026-02-27 15:20:20.361,-2.89179,-0.283696,-5.61873,0.082406,-0.220584,0.171944,17.24300000000001
1772223620363077944,2026-02-27 15:20:20.363,-2.88455,-0.350558,-5.72404,0.084517,-0.222709,0.172562,17.245000000000005
1772223620364275017,2026-02-27 15:20:20.364,-2.85793,-0.328307,-5.82845,0.084999,-0.225361,0.172979,17.24600000000001
1772223620365479782,2026-02-27 15:20:20.365,-2.90019,-0.381536,-6.33623,0.085373,-0.226419,0.178911,17.247
1772223620366607187,2026-02-27 15:20:20.366,-2.89793,-0.393015,-7.06076,0.087701,-0.227952,0.183916,17.248000000000005
1772223620367737528,2026-02-27 15:20:20.367,-2.9516,-0.395389,-6.94605,0.090895,-0.228059,0.181941,17.24900000000001
1772223620368864052,2026-02-27 15:20:20.368,-2.97514,-0.494842,-6.59216,0.090599,-0.23174,0.177445,17.25
1772223620370060639,2026-02-27 15:20:20.370,-2.99705,-0.51194,-6.50774,0.09143,-0.234139,0.176907,17.25200000000001
1772223620371259200,2026-02-27 15:20:20.371,-2.99926,-0.52289,-6.66416,0.091611,-0.236234,0.178987,17.253
1772223620372448052,2026-02-27 15:20:20.372,-3.00406,-0.502089,-6.80876,0.094314,-0.236606,0.179411,17.254000000000005
1772223620373609306,2026-02-27 15:20:20.373,-3.06446,-0.562029,-6.93384,0.094099,-0.23912,0.17959,17.25500000000001
1772223620374737875,2026-02-27 15:20:20.374,-3.13351,-0.557982,-6.00959,0.092323,-0.240615,0.171797,17.256
1772223620375882142,2026-02-27 15:20:20.375,-3.07036,-0.63407,-6.71492,0.092011,-0.245117,0.176944,17.257000000000005
1772223620377076561,2026-02-27 15:20:20.377,-3.1123,-0.65328,-7.38645,0.093565,-0.246325,0.183046,17.259
1772223620378271099,2026-02-27 15:20:20.378,-3.11843,-0.663283,-7.72718,0.091776,-0.247157,0.18518,17.260000000000005
1772223620379478093,2026-02-27 15:20:20.379,-3.16154,-0.735499,-7.91497,0.091819,-0.248087,0.185718,17.26100000000001
1772223620380606252,2026-02-27 15:20:20.380,-3.19051,-0.702098,-8.07911,0.09328,-0.247458,0.185897,17.262
1772223620381732305,2026-02-27 15:20:20.381,-3.17205,-0.757404,-8.2127,0.090595,-0.250464,0.18748,17.263000000000005
1772223620382877665,2026-02-27 15:20:20.382,-3.14408,-0.798352,-9.32313,0.090709,-0.252113,0.1954,17.26400000000001
1772223620384073456,2026-02-27 15:20:20.384,-3.11098,-0.818416,-9.37252,0.089623,-0.251387,0.196804,17.266000000000005
1772223620385267833,2026-02-27 15:20:20.385,-3.19043,-0.840159,-9.07717,0.090765,-0.251691,0.191903,17.26700000000001
1772223620386476054,2026-02-27 15:20:20.386,-3.18299,-0.911692,-8.92863,0.08675,-0.251959,0.190793,17.268
1772223620387602373,2026-02-27 15:20:20.387,-3.13869,-0.854268,-9.09268,0.093997,-0.251412,0.191493,17.269000000000005
1772223620388731594,2026-02-27 15:20:20.388,-3.11512,-0.91681,-9.2052,0.090638,-0.251764,0.193027,17.27000000000001
1772223620389891231,2026-02-27 15:20:20.389,-3.11417,-0.971436,-8.92397,0.090392,-0.250745,0.187365,17.271
1772223620391085987,2026-02-27 15:20:20.391,-3.10947,-1.0104,-8.7127,0.093429,-0.249422,0.186433,17.27300000000001
1772223620392282189,2026-02-27 15:20:20.392,-3.08608,-1.03763,-9.12304,0.09186,-0.249916,0.189998,17.274
1772223620393495873,2026-02-27 15:20:20.393,-3.0381,-0.998621,-9.63183,0.094354,-0.248472,0.193373,17.275000000000006
1772223620394625318,2026-02-27 15:20:20.394,-3.04375,-1.06164,-10.1703,0.09442,-0.246537,0.19793,17.27600000000001
1772223620395756291,2026-02-27 15:20:20.395,-2.9813,-1.04885,-10.4028,0.095199,-0.245424,0.199481,17.277
1772223620396892164,2026-02-27 15:20:20.396,-3.00867,-1.13123,-10.6861,0.09548,-0.245133,0.202288,17.278000000000006
1772223620398054374,2026-02-27 15:20:20.398,-2.98318,-1.17984,-10.8334,0.092556,-0.244524,0.202949,17.28
1772223620399250845,2026-02-27 15:20:20.399,-2.89403,-1.20968,-11.9501,0.098346,-0.24388,0.212417,17.281000000000006
1772223620400446636,2026-02-27 15:20:20.400,-2.93568,-1.1898,-11.6462,0.096897,-0.242205,0.20936,17.28200000000001
1772223620401596126,2026-02-27 15:20:20.401,-2.88691,-1.18553,-11.7617,0.101495,-0.241129,0.211914,17.283
1772223620402723349,2026-02-27 15:20:20.402,-2.87954,-1.22577,-11.433,0.102954,-0.240762,0.208463,17.284000000000006
1772223620403870175,2026-02-27 15:20:20.403,-2.85639,-1.25645,-11.3493,0.104741,-0.240658,0.208301,17.28500000000001
1772223620405038440,2026-02-27 15:20:20.405,-2.85076,-1.27805,-11.5709,0.11005,-0.238357,0.211445,17.287000000000006
1772223620406170423,2026-02-27 15:20:20.406,-2.90491,-1.27832,-11.658,0.108319,-0.238862,0.21204,17.28800000000001
1772223620407367108,2026-02-27 15:20:20.407,-2.8599,-1.3268,-10.788,0.115119,-0.238629,0.204062,17.289
1772223620408581891,2026-02-27 15:20:20.408,-2.83288,-1.29151,-11.1012,0.117566,-0.23783,0.208632,17.290000000000006
1772223620409717651,2026-02-27 15:20:20.409,-2.81071,-1.32206,-11.2119,0.121249,-0.236593,0.210309,17.29100000000001
1772223620410865724,2026-02-27 15:20:20.410,-2.80576,-1.33782,-11.9602,0.123549,-0.236229,0.215908,17.292
1772223620412035718,2026-02-27 15:20:20.412,-2.82377,-1.34552,-12.3802,0.127887,-0.2331,0.22128,17.29400000000001
1772223620413225400,2026-02-27 15:20:20.413,-2.76283,-1.37696,-12.4734,0.131601,-0.23522,0.223422,17.295
1772223620414420187,2026-02-27 15:20:20.414,-2.77125,-1.37132,-12.4854,0.134194,-0.23522,0.2254,17.296000000000006
1772223620415581995,2026-02-27 15:20:20.415,-2.75732,-1.35663,-13.2705,0.137644,-0.235856,0.233593,17.29700000000001
1772223620416711324,2026-02-27 15:20:20.416,-2.78907,-1.38722,-13.5576,0.139892,-0.234929,0.2371,17.298000000000002
1772223620417856887,2026-02-27 15:20:20.417,-2.80401,-1.37871,-13.512,0.145461,-0.23478,0.236612,17.299000000000007
1772223620419029687,2026-02-27 15:20:20.419,-2.82408,-1.41649,-13.0041,0.148851,-0.236592,0.233777,17.301000000000002
1772223620420226046,2026-02-27 15:20:20.420,-2.80985,-1.3917,-12.8998,0.15393,-0.236622,0.233733,17.302000000000007
1772223620421415722,2026-02-27 15:20:20.421,-2.82093,-1.38413,-13.0535,0.158783,-0.236453,0.235681,17.30300000000001
1772223620422572584,2026-02-27 15:20:20.422,-2.86102,-1.3936,-13.0534,0.157036,-0.236704,0.235452,17.304000000000002
1772223620423702146,2026-02-27 15:20:20.423,-2.82868,-1.37881,-12.9736,0.166275,-0.236804,0.236321,17.305000000000007
1772223620424861767,2026-02-27 15:20:20.424,-2.88382,-1.38316,-12.1652,0.16539,-0.237461,0.230807,17.30600000000001
1772223620426053560,2026-02-27 15:20:20.426,-2.83837,-1.33871,-12.7981,0.173356,-0.237469,0.237885,17.308000000000007
1772223620427184499,2026-02-27 15:20:20.427,-2.85821,-1.33904,-13.4101,0.177677,-0.237742,0.244489,17.30900000000001
1772223620428377365,2026-02-27 15:20:20.428,-2.90631,-1.30956,-13.5654,0.179704,-0.237764,0.246412,17.310000000000002
1772223620429570640,2026-02-27 15:20:20.429,-2.91997,-1.3346,-13.574,0.178842,-0.237678,0.247663,17.311000000000007
1772223620430738513,2026-02-27 15:20:20.430,-2.97748,-1.33334,-13.6258,0.1836,-0.237577,0.249475,17.312000000000012
1772223620431889362,2026-02-27 15:20:20.431,-2.9893,-1.37345,-13.6987,0.187155,-0.238797,0.251435,17.313000000000002
1772223620433064827,2026-02-27 15:20:20.433,-2.98126,-1.28844,-14.4663,0.1927,-0.23953,0.260151,17.315000000000012
1772223620434254344,2026-02-27 15:20:20.434,-3.02226,-1.24583,-14.5533,0.197121,-0.240237,0.261108,17.316000000000003
1772223620435448242,2026-02-27 15:20:20.435,-3.00616,-1.24101,-14.0405,0.199255,-0.24048,0.257588,17.317000000000007
1772223620436583558,2026-02-27 15:20:20.436,-3.04699,-1.23298,-13.9068,0.202536,-0.241436,0.25585,17.318000000000012
1772223620437712748,2026-02-27 15:20:20.437,-3.10931,-1.24637,-13.8932,0.203313,-0.24122,0.256753,17.319000000000003
1772223620438841465,2026-02-27 15:20:20.438,-3.07933,-1.21129,-13.9246,0.207781,-0.242462,0.258772,17.320000000000007
1772223620439979439,2026-02-27 15:20:20.439,-3.0727,-1.22825,-13.9936,0.209907,-0.244315,0.260075,17.321000000000012
1772223620441132804,2026-02-27 15:20:20.441,-3.18996,-1.17748,-13.1195,0.214839,-0.246335,0.25395,17.323000000000008
1772223620442333746,2026-02-27 15:20:20.442,-3.27398,-1.15828,-13.3809,0.213793,-0.247353,0.256207,17.324000000000012
1772223620443480006,2026-02-27 15:20:20.443,-3.2326,-1.14203,-13.802,0.220624,-0.24987,0.261908,17.325000000000003
1772223620444635172,2026-02-27 15:20:20.444,-3.24639,-1.12936,-14.3157,0.222498,-0.250881,0.265752,17.326000000000008
1772223620445807893,2026-02-27 15:20:20.445,-3.25311,-1.12322,-14.3484,0.224116,-0.251821,0.267711,17.327000000000012
1772223620446976814,2026-02-27 15:20:20.446,-3.28844,-1.1008,-14.433,0.226466,-0.252543,0.268184,17.328000000000003
1772223620448145950,2026-02-27 15:20:20.448,-3.33087,-1.08497,-14.6864,0.229961,-0.255917,0.272687,17.330000000000013
1772223620449334415,2026-02-27 15:20:20.449,-3.24916,-0.974963,-15.4851,0.235797,-0.257918,0.280101,17.331000000000003
1772223620450534493,2026-02-27 15:20:20.450,-3.28157,-1.03766,-15.1913,0.233751,-0.259878,0.278525,17.332000000000008
1772223620451666299,2026-02-27 15:20:20.451,-3.35556,-1.07712,-15.1699,0.233374,-0.260165,0.278127,17.333000000000013
1772223620452842732,2026-02-27 15:20:20.452,-3.32609,-1.04427,-14.8397,0.236987,-0.26163,0.274563,17.334000000000003
1772223620454012838,2026-02-27 15:20:20.454,-3.35942,-1.0581,-14.736,0.23751,-0.261823,0.274218,17.336000000000013
1772223620455193561,2026-02-27 15:20:20.455,-3.34308,-1.11022,-14.8741,0.234829,-0.265959,0.276459,17.337000000000003
1772223620456391594,2026-02-27 15:20:20.456,-3.39068,-1.08039,-14.8392,0.234952,-0.267108,0.277183,17.338000000000008
1772223620457575904,2026-02-27 15:20:20.457,-3.4271,-1.04657,-13.8643,0.238002,-0.26817,0.268228,17.339
1772223620458704805,2026-02-27 15:20:20.458,-3.45591,-1.04193,-14.4012,0.240114,-0.268895,0.272491,17.340000000000003
1772223620459889549,2026-02-27 15:20:20.459,-3.45377,-1.05917,-14.342,0.238379,-0.269473,0.272699,17.341000000000008
1772223620461058431,2026-02-27 15:20:20.461,-3.43362,-1.06275,-15.0117,0.238183,-0.272209,0.278547,17.343000000000004
1772223620462227398,2026-02-27 15:20:20.462,-3.47926,-1.09742,-15.3354,0.239075,-0.274216,0.281201,17.34400000000001
1772223620463423338,2026-02-27 15:20:20.463,-3.46643,-1.13658,-15.377,0.239459,-0.275145,0.281385,17.345
1772223620464582198,2026-02-27 15:20:20.464,-3.44462,-1.16512,-15.3773,0.236371,-0.275837,0.281303,17.346000000000004
1772223620465710225,2026-02-27 15:20:20.465,-3.41664,-1.10616,-16.31,0.234918,-0.277879,0.289989,17.34700000000001
1772223620466907373,2026-02-27 15:20:20.466,-3.42911,-1.10144,-16.4677,0.231035,-0.276114,0.28895,17.348
1772223620468077679,2026-02-27 15:20:20.468,-3.41316,-1.10755,-16.3873,0.23426,-0.278262,0.289295,17.35000000000001
1772223620469208653,2026-02-27 15:20:20.469,-3.39996,-1.15145,-15.7954,0.231887,-0.279024,0.282717,17.351
1772223620470418787,2026-02-27 15:20:20.470,-3.45775,-1.15292,-15.7516,0.231811,-0.277843,0.282113,17.352000000000004
1772223620471576218,2026-02-27 15:20:20.471,-3.39614,-1.17223,-15.7923,0.231113,-0.277913,0.282245,17.35300000000001
1772223620472826265,2026-02-27 15:20:20.472,-3.35195,-1.14797,-15.9737,0.232944,-0.277646,0.282167,17.354
1772223620474006610,2026-02-27 15:20:20.474,-3.37871,-1.15403,-15.596,0.231376,-0.27613,0.277206,17.35600000000001
1772223620475177678,2026-02-27 15:20:20.475,-3.37366,-1.04345,-15.5027,0.236087,-0.274602,0.275682,17.357
1772223620476314222,2026-02-27 15:20:20.476,-3.37639,-1.08937,-15.7692,0.232106,-0.275078,0.278852,17.358000000000004
1772223620477530386,2026-02-27 15:20:20.477,-3.37781,-1.0203,-16.2427,0.235698,-0.274223,0.282964,17.35900000000001
1772223620478660026,2026-02-27 15:20:20.478,-3.37391,-1.0072,-16.3669,0.235776,-0.273063,0.283312,17.36
1772223620479837243,2026-02-27 15:20:20.479,-3.34607,-1.04069,-16.3645,0.236566,-0.272767,0.283078,17.361000000000004
1772223620481023884,2026-02-27 15:20:20.481,-3.36346,-0.964004,-16.3691,0.237708,-0.272548,0.283789,17.363
1772223620482195173,2026-02-27 15:20:20.482,-3.40561,-0.969205,-17.4897,0.232445,-0.270594,0.292878,17.364000000000004
1772223620483369132,2026-02-27 15:20:20.483,-3.33426,-0.962524,-17.1983,0.237887,-0.270917,0.289276,17.36500000000001
1772223620484584977,2026-02-27 15:20:20.484,-3.34816,-0.923369,-17.2415,0.238782,-0.269236,0.289702,17.366
1772223620485715258,2026-02-27 15:20:20.485,-3.32491,-0.943213,-16.8021,0.240449,-0.267054,0.28501,17.367000000000004
1772223620486891279,2026-02-27 15:20:20.486,-3.33024,-0.907112,-16.633,0.241377,-0.267392,0.284082,17.36800000000001
1772223620488078894,2026-02-27 15:20:20.488,-3.33407,-0.905312,-16.75,0.244299,-0.266853,0.283433,17.370000000000005
1772223620489264374,2026-02-27 15:20:20.489,-3.32802,-0.862278,-16.7336,0.242987,-0.264681,0.284043,17.37100000000001
1772223620490402409,2026-02-27 15:20:20.490,-3.33165,-0.819839,-15.7715,0.247147,-0.262351,0.274185,17.372
1772223620491578592,2026-02-27 15:20:20.491,-3.3293,-0.821963,-15.9863,0.248058,-0.261023,0.275986,17.373000000000005
1772223620492707902,2026-02-27 15:20:20.492,-3.29452,-0.827494,-16.1111,0.247728,-0.25953,0.276506,17.37400000000001
1772223620493908611,2026-02-27 15:20:20.493,-3.2692,-0.790302,-16.6784,0.246882,-0.258586,0.282361,17.375
1772223620495078047,2026-02-27 15:20:20.495,-3.27116,-0.808235,-16.9949,0.250911,-0.255792,0.284357,17.37700000000001
1772223620496208736,2026-02-27 15:20:20.496,-3.21552,-0.792739,-17.2009,0.249124,-0.254172,0.284799,17.378
1772223620497344646,2026-02-27 15:20:20.497,-3.19172,-0.810426,-17.2567,0.253267,-0.251606,0.284366,17.379000000000005
1772223620498472989,2026-02-27 15:20:20.498,-3.18593,-0.74612,-17.7429,0.253891,-0.250146,0.290315,17.38000000000001
1772223620499587859,2026-02-27 15:20:20.499,-3.19364,-0.805947,-18.1562,0.253022,-0.249909,0.294309,17.381
1772223620500690918,2026-02-27 15:20:20.500,-3.16737,-0.707038,-18.0861,0.255076,-0.248858,0.293133,17.382000000000005
1772223620501869588,2026-02-27 15:20:20.501,-3.14923,-0.769912,-17.8378,0.258654,-0.248463,0.289663,17.38300000000001
1772223620503067162,2026-02-27 15:20:20.503,-3.13841,-0.76273,-17.5783,0.259447,-0.247439,0.287455,17.385000000000005
1772223620504239685,2026-02-27 15:20:20.504,-3.17379,-0.745088,-17.4348,0.261495,-0.245696,0.287368,17.38600000000001
1772223620505377765,2026-02-27 15:20:20.505,-3.17733,-0.743793,-17.4343,0.263124,-0.245139,0.287396,17.387
1772223620506569373,2026-02-27 15:20:20.506,-3.17466,-0.744974,-17.3697,0.261513,-0.245699,0.286764,17.388000000000005
1772223620507698082,2026-02-27 15:20:20.507,-3.16351,-0.709491,-16.4795,0.265285,-0.244041,0.278565,17.38900000000001
1772223620508869949,2026-02-27 15:20:20.508,-3.21681,-0.727919,-16.9284,0.266268,-0.242496,0.281752,17.39
1772223620510071774,2026-02-27 15:20:20.510,-3.10325,-0.730459,-16.9937,0.269326,-0.240523,0.282966,17.39200000000001
1772223620511264371,2026-02-27 15:20:20.511,-3.10854,-0.676757,-17.8152,0.271415,-0.23765,0.290449,17.393
1772223620512476926,2026-02-27 15:20:20.512,-3.09924,-0.649372,-17.7942,0.27357,-0.237354,0.290511,17.394000000000005
1772223620513590655,2026-02-27 15:20:20.513,-3.08904,-0.674035,-17.7483,0.275709,-0.236192,0.289904,17.39500000000001
1772223620514720023,2026-02-27 15:20:20.514,-3.10762,-0.665087,-17.7695,0.278015,-0.234762,0.290148,17.396
1772223620515894963,2026-02-27 15:20:20.515,-3.01217,-0.682353,-18.7908,0.274819,-0.234283,0.300127,17.397000000000006
1772223620517091160,2026-02-27 15:20:20.517,-3.09799,-0.715807,-18.5927,0.272577,-0.234831,0.297451,17.399
1772223620518285297,2026-02-27 15:20:20.518,-3.06813,-0.655151,-18.0331,0.281632,-0.233369,0.293458,17.400000000000006
1772223620519487657,2026-02-27 15:20:20.519,-3.02369,-0.633901,-17.8369,0.281258,-0.232524,0.29161,17.40100000000001
1772223620520616719,2026-02-27 15:20:20.520,-3.06119,-0.648475,-17.7362,0.284369,-0.230458,0.291927,17.402
1772223620521742760,2026-02-27 15:20:20.521,-3.07816,-0.620253,-17.818,0.285494,-0.23127,0.291943,17.403000000000006
1772223620522915220,2026-02-27 15:20:20.522,-3.04969,-0.573063,-17.7803,0.286518,-0.229515,0.292609,17.40400000000001
1772223620524109467,2026-02-27 15:20:20.524,-3.13726,-0.573357,-17.0861,0.287554,-0.231122,0.285825,17.406000000000006
1772223620525286265,2026-02-27 15:20:20.525,-3.08831,-0.539231,-17.1048,0.293064,-0.228506,0.286095,17.40700000000001
1772223620526476499,2026-02-27 15:20:20.526,-3.07985,-0.576685,-17.3638,0.290434,-0.227552,0.291411,17.408
1772223620527609129,2026-02-27 15:20:20.527,-3.02139,-0.543941,-17.8585,0.294187,-0.225847,0.295875,17.409000000000006
1772223620528781895,2026-02-27 15:20:20.528,-2.98692,-0.535485,-17.8679,0.29364,-0.22261,0.297504,17.41000000000001
1772223620529975067,2026-02-27 15:20:20.529,-2.873,-0.525935,-17.7729,0.296488,-0.21814,0.299198,17.411
1772223620531149256,2026-02-27 15:20:20.531,-2.79523,-0.463199,-17.7414,0.297369,-0.212681,0.301064,17.41300000000001
1772223620532321440,2026-02-27 15:20:20.532,-2.58385,-0.498605,-18.6015,0.299153,-0.201527,0.312282,17.414
1772223620533505342,2026-02-27 15:20:20.533,-2.4081,-0.410175,-18.17,0.299833,-0.197943,0.309225,17.415000000000006
1772223620534632368,2026-02-27 15:20:20.534,-2.37843,-0.321269,-18.0901,0.302799,-0.191392,0.309906,17.41600000000001
1772223620535807893,2026-02-27 15:20:20.535,-2.28523,-0.335251,-17.5186,0.299751,-0.187478,0.306834,17.417
1772223620537007412,2026-02-27 15:20:20.537,-2.17894,-0.30636,-17.3306,0.300168,-0.182483,0.306613,17.41900000000001
1772223620538177769,2026-02-27 15:20:20.538,-2.14297,-0.300748,-17.3599,0.299932,-0.177924,0.308215,17.42
1772223620539349375,2026-02-27 15:20:20.539,-2.04381,-0.239474,-17.2823,0.29438,-0.169375,0.309058,17.421000000000006
1772223620540527962,2026-02-27 15:20:20.540,-1.93056,-0.233226,-16.2227,0.298146,-0.16661,0.300221,17.42200000000001
1772223620541657020,2026-02-27 15:20:20.541,-1.87779,-0.169395,-16.6144,0.299543,-0.16169,0.304451,17.423000000000002
1772223620542830178,2026-02-27 15:20:20.542,-1.80804,-0.183461,-16.6161,0.297617,-0.157557,0.304941,17.424000000000007
1772223620544028118,2026-02-27 15:20:20.544,-1.76316,-0.126949,-17.1059,0.294997,-0.155148,0.31142,17.426000000000002
1772223620545198112,2026-02-27 15:20:20.545,-1.73258,-0.098618,-17.3814,0.298106,-0.151727,0.313416,17.427000000000007
1772223620546370984,2026-02-27 15:20:20.546,-1.64191,-0.145044,-17.4064,0.295015,-0.145265,0.314446,17.42800000000001
1772223620547552578,2026-02-27 15:20:20.547,-1.52549,-0.068523,-17.3796,0.297692,-0.142229,0.314019,17.429000000000002
1772223620548682178,2026-02-27 15:20:20.548,-1.53016,-0.147156,-18.0849,0.291734,-0.140512,0.321983,17.430000000000007
1772223620549859742,2026-02-27 15:20:20.549,-1.47046,-0.167972,-18.3879,0.295214,-0.138158,0.322022,17.43100000000001
1772223620551054917,2026-02-27 15:20:20.551,-1.42264,-0.15125,-18.1144,0.293526,-0.135782,0.320802,17.433000000000007
1772223620552226886,2026-02-27 15:20:20.552,-1.39756,-0.190209,-17.7125,0.295395,-0.132686,0.315641,17.43400000000001
1772223620553399736,2026-02-27 15:20:20.553,-1.31726,-0.21385,-17.3667,0.293848,-0.127747,0.31289,17.435000000000002
1772223620554557860,2026-02-27 15:20:20.554,-1.25463,-0.187632,-17.4269,0.294449,-0.125289,0.313025,17.436000000000007
1772223620555686768,2026-02-27 15:20:20.555,-1.19647,-0.190672,-17.4451,0.295819,-0.123833,0.312987,17.437000000000012
1772223620556858422,2026-02-27 15:20:20.556,-1.18674,-0.218207,-17.1375,0.291857,-0.121962,0.309394,17.438000000000002
1772223620558054087,2026-02-27 15:20:20.558,-1.1317,-0.160173,-16.5687,0.293179,-0.118166,0.303699,17.440000000000012
1772223620559230457,2026-02-27 15:20:20.559,-1.09596,-0.181393,-16.8696,0.29301,-0.116876,0.306255,17.441000000000003
1772223620560421775,2026-02-27 15:20:20.560,-1.03314,-0.20437,-17.7025,0.293075,-0.112069,0.312511,17.442000000000007
1772223620561551639,2026-02-27 15:20:20.561,-0.971585,-0.224513,-17.743,0.292699,-0.111573,0.312641,17.443000000000012
1772223620562678519,2026-02-27 15:20:20.562,-0.949235,-0.290481,-17.7568,0.290999,-0.109873,0.311669,17.444000000000003
1772223620563874953,2026-02-27 15:20:20.563,-0.90689,-0.268397,-17.7306,0.29286,-0.108091,0.311043,17.445000000000007
1772223620565070942,2026-02-27 15:20:20.565,-0.87184,-0.260384,-17.7926,0.29297,-0.104872,0.311375,17.447000000000003
1772223620566247118,2026-02-27 15:20:20.566,-0.839443,-0.291716,-18.8483,0.292191,-0.103639,0.320334,17.448000000000008
1772223620567439501,2026-02-27 15:20:20.567,-0.799569,-0.337631,-18.5182,0.293671,-0.101214,0.316832,17.449000000000012
1772223620568589204,2026-02-27 15:20:20.568,-0.779483,-0.322162,-18.1125,0.297209,-0.099195,0.311116,17.450000000000003
1772223620569719703,2026-02-27 15:20:20.569,-0.765409,-0.350271,-17.8761,0.296781,-0.09802,0.309274,17.451000000000008
1772223620570891851,2026-02-27 15:20:20.570,-0.722558,-0.295601,-17.9728,0.299823,-0.09563,0.308827,17.452000000000012
1772223620572029050,2026-02-27 15:20:20.572,-0.719025,-0.334685,-17.9908,0.299896,-0.093224,0.308546,17.454000000000008
1772223620573250192,2026-02-27 15:20:20.573,-0.734512,-0.376121,-17.9475,0.299925,-0.092994,0.308126,17.455000000000013
1772223620574439704,2026-02-27 15:20:20.574,-0.704296,-0.383718,-17.067,0.301131,-0.092043,0.301339,17.456000000000003
1772223620575598447,2026-02-27 15:20:20.575,-0.760953,-0.436266,-17.1648,0.301985,-0.090193,0.300638,17.457000000000008
1772223620576733019,2026-02-27 15:20:20.576,-0.667065,-0.441522,-17.686,0.303566,-0.087973,0.306061,17.458000000000013
1772223620577863009,2026-02-27 15:20:20.577,-0.684363,-0.398551,-18.0455,0.307652,-0.086308,0.308306,17.459000000000003
1772223620579061386,2026-02-27 15:20:20.579,-0.684866,-0.398064,-18.1118,0.313797,-0.085893,0.309461,17.461000000000013
1772223620580311631,2026-02-27 15:20:20.580,-0.715228,-0.383086,-18.1426,0.315827,-0.084168,0.307991,17.462000000000003
1772223620581511131,2026-02-27 15:20:20.581,-0.702793,-0.388583,-18.4872,0.324147,-0.083686,0.311375,17.463000000000008
1772223620582641021,2026-02-27 15:20:20.582,-0.680176,-0.428126,-19.1037,0.328934,-0.085882,0.315619,17.464
1772223620583800458,2026-02-27 15:20:20.583,-0.69087,-0.389784,-18.8245,0.331528,-0.086049,0.313508,17.465000000000003
1772223620585028237,2026-02-27 15:20:20.585,-0.759294,-0.450352,-18.6234,0.333998,-0.086327,0.31069,17.467
1772223620586225885,2026-02-27 15:20:20.586,-0.79546,-0.463341,-18.3124,0.33493,-0.087118,0.306635,17.468000000000004
1772223620587397597,2026-02-27 15:20:20.587,-0.82306,-0.493311,-18.1035,0.336659,-0.090116,0.305762,17.46900000000001
1772223620588494434,2026-02-27 15:20:20.588,-0.866172,-0.511309,-18.0954,0.339713,-0.094528,0.304416,17.47
1772223620589648247,2026-02-27 15:20:20.589,-0.922015,-0.525444,-18.1935,0.34406,-0.096176,0.303861,17.471000000000004
1772223620590843298,2026-02-27 15:20:20.590,-0.978158,-0.544742,-17.165,0.34735,-0.098345,0.296007,17.47200000000001
1772223620592040881,2026-02-27 15:20:20.592,-0.992801,-0.546909,-17.6923,0.349453,-0.100339,0.298788,17.474000000000004
1772223620593238192,2026-02-27 15:20:20.593,-1.02632,-0.523168,-17.6681,0.349567,-0.103135,0.298023,17.47500000000001
1772223620594412007,2026-02-27 15:20:20.594,-1.03863,-0.575367,-18.4147,0.351585,-0.105,0.303214,17.476
1772223620595563136,2026-02-27 15:20:20.595,-1.2043,-0.555805,-18.6641,0.353036,-0.107804,0.303467,17.477000000000004
1772223620596694533,2026-02-27 15:20:20.596,-1.2316,-0.53523,-18.7473,0.357001,-0.110361,0.303783,17.47800000000001
1772223620597891435,2026-02-27 15:20:20.597,-1.24759,-0.541701,-18.803,0.357907,-0.11085,0.30293,17.479
1772223620599091005,2026-02-27 15:20:20.599,-1.27952,-0.561947,-19.7602,0.355801,-0.114098,0.312025,17.48100000000001
1772223620600301918,2026-02-27 15:20:20.600,-1.28684,-0.488943,-19.8035,0.359238,-0.11575,0.309366,17.482
1772223620601505275,2026-02-27 15:20:20.601,-1.45883,-0.518291,-19.306,0.358258,-0.119584,0.304205,17.483000000000004
1772223620602636348,2026-02-27 15:20:20.602,-1.41916,-0.507721,-19.2046,0.359741,-0.120682,0.301302,17.48400000000001
1772223620603811222,2026-02-27 15:20:20.603,-1.49223,-0.547298,-19.1186,0.358407,-0.121533,0.300286,17.485
1772223620605015684,2026-02-27 15:20:20.605,-1.52511,-0.493236,-19.1763,0.360024,-0.122398,0.299709,17.48700000000001
1772223620606215404,2026-02-27 15:20:20.606,-1.53649,-0.500168,-19.2775,0.35864,-0.124193,0.29944,17.488
1772223620607393648,2026-02-27 15:20:20.607,-1.6101,-0.539521,-18.7172,0.354186,-0.12694,0.294163,17.489000000000004
1772223620608557219,2026-02-27 15:20:20.608,-1.63985,-0.535748,-18.6335,0.352555,-0.129178,0.293587,17.49000000000001
1772223620609688276,2026-02-27 15:20:20.609,-1.64728,-0.497241,-19.0953,0.35336,-0.128252,0.29571,17.491
1772223620610868413,2026-02-27 15:20:20.610,-1.68606,-0.518929,-19.5682,0.352693,-0.13003,0.299317,17.492000000000004
1772223620612065231,2026-02-27 15:20:20.612,-1.6398,-0.479718,-19.6309,0.352696,-0.129718,0.2997,17.494
1772223620613263863,2026-02-27 15:20:20.613,-1.68225,-0.483013,-19.6968,0.35063,-0.132801,0.300116,17.495000000000005
1772223620614435314,2026-02-27 15:20:20.614,-1.67246,-0.520525,-19.8017,0.347115,-0.133586,0.300398,17.49600000000001
1772223620615557869,2026-02-27 15:20:20.615,-1.66949,-0.415793,-20.816,0.345611,-0.134016,0.309054,17.497
1772223620616689313,2026-02-27 15:20:20.616,-1.69659,-0.466801,-20.4477,0.342075,-0.13539,0.305346,17.498000000000005
1772223620617863844,2026-02-27 15:20:20.617,-1.70916,-0.458062,-20.5755,0.341759,-0.135833,0.306142,17.49900000000001
1772223620619061711,2026-02-27 15:20:20.619,-1.71058,-0.460103,-20.0153,0.339301,-0.136221,0.301278,17.501000000000005
1772223620620260077,2026-02-27 15:20:20.620,-1.6803,-0.428196,-20.0038,0.339592,-0.136402,0.299585,17.50200000000001
1772223620621494908,2026-02-27 15:20:20.621,-1.7549,-0.382444,-20.1087,0.33458,-0.137548,0.299507,17.503
1772223620622653722,2026-02-27 15:20:20.622,-1.73601,-0.393519,-20.2126,0.333863,-0.137284,0.299841,17.504000000000005
1772223620623832994,2026-02-27 15:20:20.623,-1.72459,-0.422358,-19.1727,0.32976,-0.138024,0.290065,17.50500000000001
1772223620624973831,2026-02-27 15:20:20.624,-1.68753,-0.377364,-19.4929,0.329399,-0.137013,0.292432,17.506
1772223620626152272,2026-02-27 15:20:20.626,-1.68321,-0.330148,-19.5744,0.328747,-0.136747,0.292393,17.50800000000001
1772223620627351982,2026-02-27 15:20:20.627,-1.69122,-0.372871,-20.2242,0.324041,-0.135953,0.2981,17.509
1772223620628555666,2026-02-27 15:20:20.628,-1.61976,-0.380022,-20.5483,0.321087,-0.135776,0.301016,17.510000000000005
1772223620629729578,2026-02-27 15:20:20.629,-1.62852,-0.358297,-20.6908,0.32023,-0.135442,0.300931,17.51100000000001
1772223620630931069,2026-02-27 15:20:20.630,-1.63807,-0.405535,-20.7122,0.319245,-0.133498,0.301063,17.512
1772223620632133835,2026-02-27 15:20:20.632,-1.5939,-0.395942,-21.3846,0.317565,-0.132313,0.307454,17.51400000000001
1772223620633331305,2026-02-27 15:20:20.633,-1.55029,-0.453012,-21.7012,0.313917,-0.132573,0.309073,17.515
1772223620634518753,2026-02-27 15:20:20.634,-1.5376,-0.430252,-21.55,0.31479,-0.13114,0.307877,17.516000000000005
1772223620635650135,2026-02-27 15:20:20.635,-1.46211,-0.448095,-20.9251,0.31204,-0.129234,0.302743,17.51700000000001
1772223620636827123,2026-02-27 15:20:20.636,-1.50735,-0.423801,-20.8484,0.313165,-0.128336,0.300271,17.518
1772223620638025908,2026-02-27 15:20:20.638,-1.41591,-0.412193,-20.9138,0.31304,-0.12724,0.301238,17.52000000000001
1772223620639220550,2026-02-27 15:20:20.639,-1.4422,-0.416118,-20.9747,0.313298,-0.125327,0.301195,17.521
1772223620640420103,2026-02-27 15:20:20.640,-1.35432,-0.42067,-20.8583,0.3141,-0.124094,0.299282,17.522000000000006
1772223620641556013,2026-02-27 15:20:20.641,-1.34719,-0.397451,-20.487,0.316665,-0.121741,0.295669,17.52300000000001
1772223620642690728,2026-02-27 15:20:20.642,-1.33777,-0.423452,-20.5325,0.314548,-0.119097,0.296395,17.524
1772223620643869466,2026-02-27 15:20:20.643,-1.30048,-0.379034,-21.1282,0.316393,-0.116768,0.300559,17.525000000000006
1772223620645069805,2026-02-27 15:20:20.645,-1.30042,-0.348269,-21.1575,0.317239,-0.114818,0.302043,17.527
1772223620646266674,2026-02-27 15:20:20.646,-1.24245,-0.369592,-21.2534,0.320106,-0.11208,0.301538,17.528000000000006
1772223620647444365,2026-02-27 15:20:20.647,-1.18558,-0.404986,-21.1932,0.320931,-0.110853,0.301945,17.52900000000001
1772223620648599495,2026-02-27 15:20:20.648,-1.11323,-0.379794,-22.1876,0.322567,-0.107593,0.31118,17.53
1772223620649732018,2026-02-27 15:20:20.649,-1.15331,-0.42872,-21.9452,0.321288,-0.104885,0.308252,17.531000000000006
1772223620650863446,2026-02-27 15:20:20.650,-1.05675,-0.339459,-21.8999,0.325317,-0.102493,0.308106,17.53200000000001
1772223620652063344,2026-02-27 15:20:20.652,-1.02251,-0.316477,-21.3817,0.327953,-0.099975,0.303917,17.534000000000006
1772223620653265785,2026-02-27 15:20:20.653,-0.96212,-0.340689,-21.1696,0.327614,-0.09721,0.30287,17.53500000000001
1772223620654469679,2026-02-27 15:20:20.654,-0.920995,-0.318719,-21.2484,0.331076,-0.094491,0.302847,17.536
1772223620655604874,2026-02-27 15:20:20.655,-0.802405,-0.263271,-21.1737,0.33295,-0.089182,0.304519,17.537000000000006
1772223620656763506,2026-02-27 15:20:20.656,-0.870977,-0.280141,-20.459,0.328405,-0.087535,0.297561,17.53800000000001
1772223620657964675,2026-02-27 15:20:20.657,-0.707767,-0.32977,-20.1896,0.332579,-0.085693,0.297649,17.539
1772223620659165498,2026-02-27 15:20:20.659,-0.770477,-0.280547,-20.3304,0.330509,-0.082197,0.300316,17.54100000000001
1772223620660362800,2026-02-27 15:20:20.660,-0.584099,-0.259314,-20.7629,0.336661,-0.078638,0.305184,17.542
1772223620661535132,2026-02-27 15:20:20.661,-0.540802,-0.225341,-21.237,0.343021,-0.071908,0.309862,17.543000000000006
1772223620662673273,2026-02-27 15:20:20.662,-0.466598,-0.256487,-21.2382,0.344223,-0.069076,0.310426,17.54400000000001
1772223620663892107,2026-02-27 15:20:20.663,-0.462908,-0.083099,-21.2306,0.345422,-0.063865,0.312606,17.545
1772223620665090818,2026-02-27 15:20:20.665,-0.422072,-0.057881,-21.3431,0.346874,-0.062222,0.317666,17.54700000000001
1772223620666289871,2026-02-27 15:20:20.666,-0.306212,-0.070111,-21.8042,0.342223,-0.063646,0.32602,17.548000000000002
1772223620667492641,2026-02-27 15:20:20.667,-0.161243,-0.189427,-21.5333,0.353112,-0.05315,0.323316,17.549000000000007
1772223620668625033,2026-02-27 15:20:20.668,0.072339,-0.013041,-20.7752,0.361054,-0.042801,0.320932,17.55000000000001
1772223620669773726,2026-02-27 15:20:20.669,0.080192,0.010213,-20.3317,0.361297,-0.0402,0.321792,17.551000000000002
1772223620670946915,2026-02-27 15:20:20.670,0.195155,0.104724,-20.1824,0.362449,-0.037285,0.324404,17.552000000000007
1772223620672114400,2026-02-27 15:20:20.672,0.287623,0.034277,-20.4756,0.36959,-0.026144,0.323493,17.554000000000002
1772223620673307781,2026-02-27 15:20:20.673,0.315547,0.158821,-20.4812,0.36791,-0.020337,0.324488,17.555000000000007
1772223620674502332,2026-02-27 15:20:20.674,0.264327,0.461136,-18.9087,0.361423,-0.028915,0.319989,17.55600000000001
1772223620675632469,2026-02-27 15:20:20.675,0.249703,0.398184,-18.8411,0.359855,-0.035199,0.328177,17.557000000000002
1772223620676777676,2026-02-27 15:20:20.676,0.009852,1.05918,-16.8051,0.314911,-0.084532,0.342624,17.558000000000007
1772223620677948918,2026-02-27 15:20:20.677,-0.324012,1.37394,-14.956,0.290858,-0.120878,0.355793,17.55900000000001
1772223620679118231,2026-02-27 15:20:20.679,-0.629122,1.52906,-13.8345,0.257099,-0.140629,0.358607,17.561000000000007
1772223620680286532,2026-02-27 15:20:20.680,-1.24493,2.08281,-11.5429,0.198884,-0.187087,0.350602,17.562000000000012
1772223620681481305,2026-02-27 15:20:20.681,-1.30221,1.95422,-10.3967,0.187457,-0.194202,0.34252,17.563000000000002
1772223620682614141,2026-02-27 15:20:20.682,-1.51638,1.96309,-10.33,0.139936,-0.178455,0.316676,17.564000000000007
1772223620683759762,2026-02-27 15:20:20.683,-1.63417,1.97351,-9.97411,0.119947,-0.176306,0.30432,17.565000000000012
1772223620684925729,2026-02-27 15:20:20.684,-1.89114,2.12861,-9.15624,0.100161,-0.184117,0.289112,17.566000000000003
1772223620686092067,2026-02-27 15:20:20.686,-1.88531,2.13509,-8.81446,0.092848,-0.192631,0.282867,17.568000000000012
1772223620687262134,2026-02-27 15:20:20.687,-2.09377,2.35015,-8.30282,0.079762,-0.200061,0.284077,17.569000000000003
1772223620688391504,2026-02-27 15:20:20.688,-2.21888,2.33966,-8.1717,0.080752,-0.210346,0.285244,17.570000000000007
1772223620689649236,2026-02-27 15:20:20.689,-2.57414,2.49108,-7.51383,0.082561,-0.228391,0.285986,17.571000000000012
1772223620690793706,2026-02-27 15:20:20.690,-2.75397,2.57885,-6.68229,0.088203,-0.240656,0.282839,17.572000000000003
1772223620691960486,2026-02-27 15:20:20.691,-3.00981,2.76022,-6.50356,0.082847,-0.250082,0.285347,17.573000000000008
1772223620693126792,2026-02-27 15:20:20.693,-3.24479,2.82813,-6.24426,0.086526,-0.258962,0.285444,17.575000000000003
1772223620694293198,2026-02-27 15:20:20.694,-3.52823,2.99279,-6.28368,0.08813,-0.268001,0.287338,17.576000000000008
1772223620695481920,2026-02-27 15:20:20.695,-3.50028,2.87764,-6.70261,0.100483,-0.258332,0.277531,17.577000000000012
1772223620696605977,2026-02-27 15:20:20.696,-3.9336,3.14551,-5.7371,0.09639,-0.259572,0.271554,17.578000000000003
1772223620697732554,2026-02-27 15:20:20.697,-3.90431,3.21085,-5.56941,0.097379,-0.249949,0.264921,17.579000000000008
1772223620698899469,2026-02-27 15:20:20.698,-4.1812,3.67338,-5.56462,0.099631,-0.258952,0.275769,17.580000000000013
1772223620700065771,2026-02-27 15:20:20.700,-4.12332,3.47889,-5.6671,0.104673,-0.222988,0.255277,17.582000000000008
1772223620701232040,2026-02-27 15:20:20.701,-3.49883,2.70463,-7.94655,0.139858,-0.271088,0.282677,17.583000000000013
1772223620702397478,2026-02-27 15:20:20.702,-3.97496,3.62448,-5.73526,0.113065,-0.241511,0.269357,17.584000000000003
1772223620703499468,2026-02-27 15:20:20.703,-3.87161,3.64902,-5.33008,0.120563,-0.254777,0.2669,17.585000000000008
1772223620704656048,2026-02-27 15:20:20.704,-4.06888,3.60439,-5.11702,0.111875,-0.240934,0.248989,17.586000000000013
1772223620705826915,2026-02-27 15:20:20.705,-3.9826,3.42947,-5.42097,0.118604,-0.235471,0.246386,17.587000000000003
1772223620707025105,2026-02-27 15:20:20.707,-3.92969,3.40438,-4.72075,0.121796,-0.221702,0.233346,17.589
1772223620708218895,2026-02-27 15:20:20.708,-3.80334,3.30039,-5.39414,0.132006,-0.231037,0.243666,17.590000000000003
1772223620709414346,2026-02-27 15:20:20.709,-3.83768,3.6395,-5.19646,0.132083,-0.222398,0.244706,17.591000000000008
1772223620710568508,2026-02-27 15:20:20.710,-3.84535,3.76212,-5.50775,0.136707,-0.221846,0.248967,17.592
1772223620711695756,2026-02-27 15:20:20.711,-3.80929,3.85558,-6.06611,0.140923,-0.219508,0.247461,17.593000000000004
1772223620712866519,2026-02-27 15:20:20.712,-3.81524,3.8311,-5.91087,0.135679,-0.213624,0.242213,17.59400000000001
1772223620714035307,2026-02-27 15:20:20.714,-3.83422,3.76059,-5.91004,0.132701,-0.205077,0.235801,17.596000000000004
1772223620715264010,2026-02-27 15:20:20.715,-3.92594,3.97068,-5.76746,0.124568,-0.209422,0.238078,17.59700000000001
1772223620716432115,2026-02-27 15:20:20.716,-4.21778,4.18121,-5.26444,0.106588,-0.204795,0.234133,17.598
1772223620717582853,2026-02-27 15:20:20.717,-3.93134,3.72835,-5.91959,0.120605,-0.212138,0.236113,17.599000000000004
1772223620718741143,2026-02-27 15:20:20.718,-4.34637,4.2904,-3.8326,0.087696,-0.192238,0.206918,17.60000000000001
1772223620719944035,2026-02-27 15:20:20.719,-4.38388,4.18329,-3.79469,0.093977,-0.205374,0.20723,17.601
1772223620721104608,2026-02-27 15:20:20.721,-4.61915,4.50813,-2.78178,0.071379,-0.181346,0.191035,17.60300000000001
1772223620722298933,2026-02-27 15:20:20.722,-4.72623,4.53593,-2.53785,0.066256,-0.192315,0.18703,17.604
1772223620723514699,2026-02-27 15:20:20.723,-4.78386,4.59617,-2.05485,0.05479,-0.190972,0.177704,17.605000000000004
1772223620724640931,2026-02-27 15:20:20.724,-4.84746,4.67738,-0.834793,0.061089,-0.19131,0.168769,17.60600000000001
1772223620725786389,2026-02-27 15:20:20.725,-3.57007,3.83558,-3.09986,0.049551,-0.182702,0.160194,17.607
1772223620726981221,2026-02-27 15:20:20.726,-3.29648,3.93089,-3.62641,0.018661,-0.148682,0.131305,17.608000000000004
1772223620728177572,2026-02-27 15:20:20.728,-3.04321,3.93739,-4.41096,0.020717,-0.152202,0.121002,17.61
1772223620729373357,2026-02-27 15:20:20.729,-3.15848,3.97126,-4.37405,0.018418,-0.162187,0.123984,17.611000000000004
1772223620730566128,2026-02-27 15:20:20.730,-3.21692,4.01105,-4.63097,0.021271,-0.173824,0.135025,17.61200000000001
1772223620731695051,2026-02-27 15:20:20.731,-3.14291,4.25085,-6.31553,0.036638,-0.186825,0.159905,17.613
1772223620732860896,2026-02-27 15:20:20.732,-2.41272,4.51764,-9.13283,0.011447,-0.192919,0.142266,17.614000000000004
1772223620734055915,2026-02-27 15:20:20.734,-2.77243,4.66248,-8.92479,-0.002612,-0.217545,0.129496,17.616
1772223620735251286,2026-02-27 15:20:20.735,-2.93608,4.51068,-8.42091,-0.009845,-0.233565,0.113213,17.617000000000004
1772223620736419902,2026-02-27 15:20:20.736,-3.04135,4.31248,-8.15232,-0.01844,-0.250579,0.105057,17.61800000000001
1772223620737558892,2026-02-27 15:20:20.737,-3.29298,4.04497,-7.35295,-0.015716,-0.263767,0.103399,17.619
1772223620738685117,2026-02-27 15:20:20.738,-3.51306,3.87659,-6.86455,-0.017553,-0.276463,0.105562,17.620000000000005
1772223620739875739,2026-02-27 15:20:20.739,-3.79562,3.81294,-4.65653,-0.009505,-0.262763,0.101316,17.62100000000001
1772223620741070052,2026-02-27 15:20:20.741,-3.92459,3.88773,-3.68263,0.001994,-0.252564,0.105687,17.623000000000005
1772223620742264228,2026-02-27 15:20:20.742,-3.85741,3.92675,-3.67109,0.005977,-0.238323,0.107896,17.62400000000001
1772223620743478108,2026-02-27 15:20:20.743,-3.92425,3.97212,-3.58721,0.005549,-0.231234,0.110667,17.625
1772223620744606785,2026-02-27 15:20:20.744,-3.84434,4.01354,-3.98143,0.010781,-0.222437,0.112541,17.626000000000005
1772223620745741073,2026-02-27 15:20:20.745,-3.92606,4.10798,-3.80326,0.014349,-0.210111,0.110492,17.62700000000001
1772223620746866447,2026-02-27 15:20:20.746,-3.84871,4.16875,-3.82095,0.022701,-0.203133,0.110969,17.628
1772223620748062276,2026-02-27 15:20:20.748,-3.78675,4.20635,-3.91491,0.02531,-0.196479,0.11342,17.63000000000001
1772223620749260578,2026-02-27 15:20:20.749,-3.66071,4.221,-4.87024,0.028006,-0.185794,0.120202,17.631
1772223620750474782,2026-02-27 15:20:20.750,-3.75911,4.24713,-4.24349,0.026954,-0.178573,0.114508,17.632000000000005
1772223620751599744,2026-02-27 15:20:20.751,-3.85349,4.41194,-3.90796,0.034164,-0.174224,0.116418,17.63300000000001
1772223620752727421,2026-02-27 15:20:20.752,-4.24894,4.71492,-2.66961,0.042328,-0.168189,0.119708,17.634
1772223620753879118,2026-02-27 15:20:20.753,-3.48249,4.29015,-4.2214,-0.047626,-0.152159,0.054759,17.635000000000005
1772223620755009174,2026-02-27 15:20:20.755,-3.17329,4.00128,-4.20234,-0.059059,-0.153818,0.020473,17.637
1772223620756183949,2026-02-27 15:20:20.756,-3.13899,3.7483,-4.04401,-0.064056,-0.157639,0.001986,17.638000000000005
1772223620757329453,2026-02-27 15:20:20.757,-3.17365,3.52815,-2.79369,-0.084335,-0.159465,-0.016192,17.63900000000001
1772223620758559328,2026-02-27 15:20:20.758,-3.12837,3.36849,-2.96222,-0.095138,-0.159336,-0.015772,17.64
1772223620759731855,2026-02-27 15:20:20.759,-3.08012,3.24885,-2.74295,-0.096496,-0.154495,-0.014777,17.641000000000005
1772223620760901978,2026-02-27 15:20:20.760,-2.98394,3.2633,-3.36371,-0.082591,-0.141451,0.00394,17.64200000000001
1772223620762099374,2026-02-27 15:20:20.762,-2.88684,3.3052,-3.58243,-0.070387,-0.137206,0.019999,17.644000000000005
1772223620763294194,2026-02-27 15:20:20.763,-2.67489,3.37443,-3.87111,-0.053903,-0.129643,0.03494,17.64500000000001
1772223620764505321,2026-02-27 15:20:20.764,-2.59729,3.36441,-4.083,-0.044914,-0.128906,0.043281,17.646
1772223620765633599,2026-02-27 15:20:20.765,-2.53835,3.45151,-4.88116,-0.036749,-0.127767,0.057106,17.647000000000006
1772223620766780358,2026-02-27 15:20:20.766,-2.26387,3.52087,-5.31931,-0.020826,-0.122543,0.07003,17.64800000000001
1772223620767956524,2026-02-27 15:20:20.767,-2.21466,3.58513,-4.88649,-0.012756,-0.119055,0.069965,17.649
1772223620769090814,2026-02-27 15:20:20.769,-2.24769,3.68951,-4.3302,-0.011023,-0.121652,0.068928,17.65100000000001
1772223620770290546,2026-02-27 15:20:20.770,-2.23885,3.66261,-3.99648,-0.019465,-0.120805,0.061,17.652
1772223620771508745,2026-02-27 15:20:20.771,-2.34098,3.75295,-3.64583,-0.015313,-0.12028,0.057108,17.653000000000006
1772223620772635565,2026-02-27 15:20:20.772,-2.44634,3.70108,-3.39193,-0.017723,-0.123021,0.055134,17.65400000000001
1772223620773781038,2026-02-27 15:20:20.773,-2.38211,3.61718,-3.15964,-0.021278,-0.116652,0.047748,17.655
1772223620774948747,2026-02-27 15:20:20.774,-2.56095,3.59148,-2.66045,-0.033789,-0.122416,0.03213,17.656000000000006
1772223620776142611,2026-02-27 15:20:20.776,-2.63175,3.54172,-2.58177,-0.038107,-0.128783,0.028774,17.658
1772223620777341635,2026-02-27 15:20:20.777,-2.75675,3.55234,-3.17118,-0.037704,-0.129323,0.031319,17.659000000000006
1772223620778493560,2026-02-27 15:20:20.778,-2.74932,3.57374,-2.992,-0.039826,-0.135639,0.031689,17.66000000000001
1772223620779624657,2026-02-27 15:20:20.779,-2.64977,3.39995,-3.1801,-0.047323,-0.137178,0.025959,17.661
1772223620780751540,2026-02-27 15:20:20.780,-2.84038,3.44037,-2.72883,-0.044692,-0.145846,0.024815,17.662000000000006
1772223620781899977,2026-02-27 15:20:20.781,-2.50659,3.47484,-4.54892,-0.049552,-0.13822,0.03624,17.66300000000001
1772223620783092029,2026-02-27 15:20:20.783,-2.50197,3.45271,-4.46674,-0.055107,-0.137957,0.029529,17.665000000000006
1772223620784260411,2026-02-27 15:20:20.784,-2.48173,3.46772,-4.68133,-0.058259,-0.144489,0.02773,17.66600000000001
1772223620785470560,2026-02-27 15:20:20.785,-2.35689,3.51268,-4.32426,-0.057655,-0.147313,0.023236,17.667
1772223620786599224,2026-02-27 15:20:20.786,-2.34116,3.48744,-4.25919,-0.058763,-0.148022,0.022596,17.668000000000006
1772223620787726970,2026-02-27 15:20:20.787,-2.25599,3.49057,-4.37547,-0.058024,-0.149405,0.025084,17.66900000000001
1772223620788873440,2026-02-27 15:20:20.788,-2.27682,3.50755,-4.31498,-0.053121,-0.151866,0.028482,17.67
1772223620790047610,2026-02-27 15:20:20.790,-2.41949,3.62641,-3.2467,-0.043301,-0.1549,0.030323,17.67200000000001
1772223620791246447,2026-02-27 15:20:20.791,-2.51443,3.76259,-3.14587,-0.035709,-0.152489,0.033834,17.673000000000002
1772223620792385201,2026-02-27 15:20:20.792,-2.45988,3.76426,-3.29601,-0.028238,-0.151343,0.038773,17.674000000000007
1772223620793560123,2026-02-27 15:20:20.793,-2.47108,3.78769,-3.75103,-0.027285,-0.149069,0.046216,17.67500000000001
1772223620794688766,2026-02-27 15:20:20.794,-2.39265,3.85589,-4.15898,-0.025864,-0.145475,0.053008,17.676000000000002
1772223620795834317,2026-02-27 15:20:20.795,-2.43731,3.92968,-4.28555,-0.02451,-0.142938,0.05684,17.677000000000007
1772223620797002747,2026-02-27 15:20:20.797,-2.38737,4.016,-4.28156,-0.021968,-0.141308,0.06287,17.679000000000002
1772223620798133001,2026-02-27 15:20:20.798,-2.36153,4.05211,-4.75294,-0.018275,-0.139743,0.069931,17.680000000000007
1772223620799413206,2026-02-27 15:20:20.799,-2.3413,4.12812,-5.31415,-0.018573,-0.140058,0.07798,17.68100000000001
1772223620800592298,2026-02-27 15:20:20.800,-2.3682,4.11049,-5.09085,-0.016108,-0.140375,0.078166,17.682000000000002
1772223620801719830,2026-02-27 15:20:20.801,-2.3826,4.18561,-4.8987,-0.012687,-0.140463,0.080102,17.683000000000007
1772223620802866651,2026-02-27 15:20:20.802,-2.34674,4.24468,-4.59828,-0.011212,-0.138982,0.081143,17.68400000000001
1772223620804033445,2026-02-27 15:20:20.804,-2.31507,4.34505,-4.41589,-0.004701,-0.139636,0.088048,17.686000000000007
1772223620805214520,2026-02-27 15:20:20.805,-2.32094,4.38409,-4.45434,-0.003517,-0.140516,0.090866,17.687000000000012
1772223620806402911,2026-02-27 15:20:20.806,-2.31162,4.39753,-4.4316,-0.003127,-0.141532,0.093681,17.688000000000002
1772223620807580452,2026-02-27 15:20:20.807,-2.3072,4.49189,-3.47794,0.00035,-0.142798,0.088153,17.689000000000007
1772223620808710465,2026-02-27 15:20:20.808,-2.34488,4.51604,-3.93164,0.005159,-0.141593,0.095496,17.690000000000012
1772223620809854370,2026-02-27 15:20:20.809,-2.3207,4.57042,-3.84656,0.005217,-0.142651,0.098139,17.691000000000003
1772223620811026918,2026-02-27 15:20:20.811,-2.30928,4.6378,-4.66489,0.008301,-0.143163,0.11146,17.693000000000012
1772223620812216323,2026-02-27 15:20:20.812,-2.35326,4.65004,-4.72653,0.012476,-0.144275,0.114766,17.694000000000003
1772223620813410935,2026-02-27 15:20:20.813,-2.32197,4.70269,-4.70472,0.015107,-0.146603,0.117869,17.695000000000007
1772223620814586261,2026-02-27 15:20:20.814,-2.32867,4.69403,-4.60576,0.014343,-0.148859,0.121358,17.696000000000012
1772223620815713899,2026-02-27 15:20:20.815,-2.35571,4.72002,-5.4717,0.015151,-0.151393,0.132285,17.697000000000003
1772223620816862372,2026-02-27 15:20:20.816,-2.34375,4.68429,-5.39816,0.01912,-0.154154,0.133706,17.698000000000008
1772223620818035518,2026-02-27 15:20:20.818,-2.36012,4.84356,-4.81981,0.02646,-0.155411,0.132798,17.700000000000003
1772223620819226238,2026-02-27 15:20:20.819,-2.37141,4.86984,-4.45412,0.026342,-0.158211,0.132847,17.701000000000008
1772223620820421888,2026-02-27 15:20:20.820,-2.36781,4.90252,-4.3808,0.029157,-0.159041,0.134256,17.702000000000012
1772223620821553490,2026-02-27 15:20:20.821,-2.41043,4.93069,-4.31564,0.031851,-0.160688,0.136762,17.703000000000003
1772223620822678264,2026-02-27 15:20:20.822,-2.43191,4.8968,-4.33412,0.032507,-0.162327,0.13956,17.704000000000008
1772223620823853851,2026-02-27 15:20:20.823,-2.43794,4.99911,-3.84077,0.037548,-0.163293,0.135953,17.705000000000013
1772223620825044821,2026-02-27 15:20:20.825,-2.43539,5.1019,-3.63086,0.044088,-0.166045,0.138438,17.707000000000008
1772223620826237479,2026-02-27 15:20:20.826,-2.44012,5.07674,-3.93894,0.045054,-0.167565,0.145135,17.708000000000013
1772223620827430302,2026-02-27 15:20:20.827,-2.49763,5.09856,-4.33773,0.045307,-0.168787,0.149896,17.709000000000003
1772223620828569713,2026-02-27 15:20:20.828,-2.43476,5.14961,-4.35326,0.053164,-0.171108,0.152856,17.710000000000008
1772223620829696609,2026-02-27 15:20:20.829,-2.42967,5.21633,-4.41549,0.05653,-0.172852,0.153165,17.711000000000013
1772223620830868878,2026-02-27 15:20:20.830,-2.48443,5.22365,-4.38856,0.056775,-0.178017,0.155006,17.712000000000003
1772223620832058766,2026-02-27 15:20:20.832,-2.61524,5.29105,-5.64684,0.06215,-0.188252,0.166437,17.714
1772223620833252281,2026-02-27 15:20:20.833,-2.71422,5.29032,-5.22199,0.060129,-0.194832,0.163152,17.715000000000003
1772223620834383518,2026-02-27 15:20:20.834,-2.76405,5.38306,-5.3739,0.064507,-0.202868,0.164428,17.716000000000008
1772223620835573347,2026-02-27 15:20:20.835,-2.96095,5.44133,-5.02388,0.06664,-0.210287,0.160008,17.717
1772223620836703555,2026-02-27 15:20:20.836,-3.118,5.43038,-4.97598,0.065343,-0.219308,0.15809,17.718000000000004
1772223620837897495,2026-02-27 15:20:20.837,-3.30247,5.45166,-5.24221,0.066113,-0.226942,0.157549,17.71900000000001
1772223620839063838,2026-02-27 15:20:20.839,-3.61192,5.41934,-5.41268,0.071453,-0.249253,0.157419,17.721000000000004
1772223620840236910,2026-02-27 15:20:20.840,-3.72738,5.39661,-4.45042,0.072024,-0.259358,0.146632,17.72200000000001
1772223620841430289,2026-02-27 15:20:20.841,-3.92858,5.3308,-4.80378,0.072784,-0.268534,0.146883,17.723
1772223620842577379,2026-02-27 15:20:20.842,-4.06891,5.29069,-4.82379,0.071943,-0.275423,0.146161,17.724000000000004
1772223620843704302,2026-02-27 15:20:20.843,-4.05184,5.29508,-5.42735,0.076017,-0.282286,0.151348,17.72500000000001
1772223620844877928,2026-02-27 15:20:20.844,-4.0544,5.31467,-5.91284,0.079564,-0.280921,0.157341,17.726
1772223620846045813,2026-02-27 15:20:20.846,-4.07281,5.32859,-6.00852,0.080229,-0.282304,0.159477,17.72800000000001
1772223620847218855,2026-02-27 15:20:20.847,-4.13294,5.29263,-5.89689,0.080501,-0.290008,0.160742,17.729
1772223620848414572,2026-02-27 15:20:20.848,-4.13724,5.26444,-6.45784,0.079497,-0.289529,0.165518,17.730000000000004
1772223620849568820,2026-02-27 15:20:20.849,-4.12835,5.22616,-6.94705,0.080471,-0.288465,0.165654,17.73100000000001
1772223620850693527,2026-02-27 15:20:20.850,-4.06789,5.18699,-6.93774,0.07578,-0.286533,0.164194,17.732
1772223620851869901,2026-02-27 15:20:20.851,-4.01326,5.13484,-6.57018,0.075932,-0.285728,0.161124,17.733000000000004
1772223620853037800,2026-02-27 15:20:20.853,-4.0129,5.1169,-6.32793,0.074587,-0.286141,0.158236,17.735
1772223620854221138,2026-02-27 15:20:20.854,-3.95936,5.11574,-6.20629,0.071806,-0.285129,0.155208,17.736000000000004
1772223620855416369,2026-02-27 15:20:20.855,-3.91347,5.20952,-6.36438,0.071896,-0.276847,0.15481,17.73700000000001
1772223620856570677,2026-02-27 15:20:20.856,-3.74122,5.19788,-6.39623,0.072437,-0.270259,0.154174,17.738
1772223620857697745,2026-02-27 15:20:20.857,-3.77698,5.22669,-5.53227,0.071864,-0.267951,0.146523,17.739000000000004
1772223620858868579,2026-02-27 15:20:20.858,-3.87159,5.17915,-5.56713,0.069051,-0.276275,0.148093,17.74000000000001
1772223620860039248,2026-02-27 15:20:20.860,-3.98933,5.09597,-5.28784,0.067409,-0.27574,0.145449,17.742000000000004
1772223620861206093,2026-02-27 15:20:20.861,-4.12443,4.89274,-5.40434,0.063898,-0.276512,0.140803,17.74300000000001
1772223620862402546,2026-02-27 15:20:20.862,-4.04411,4.87143,-5.52904,0.065856,-0.271797,0.138512,17.744
1772223620863577951,2026-02-27 15:20:20.863,-4.09515,4.82652,-5.35078,0.068389,-0.266024,0.14264,17.745000000000005
1772223620864705416,2026-02-27 15:20:20.864,-3.74562,4.91849,-5.53966,0.091352,-0.260193,0.16179,17.74600000000001
1772223620865878434,2026-02-27 15:20:20.865,-3.61259,5.06647,-6.43876,0.11186,-0.247721,0.192513,17.747
1772223620867045805,2026-02-27 15:20:20.867,-3.42453,5.12985,-6.47132,0.135757,-0.238127,0.209226,17.74900000000001
1772223620868211682,2026-02-27 15:20:20.868,-3.18443,5.2585,-6.23625,0.15978,-0.236324,0.231765,17.75
1772223620869378229,2026-02-27 15:20:20.869,-3.08408,5.26102,-6.2351,0.168397,-0.232688,0.232477,17.751000000000005
1772223620870544203,2026-02-27 15:20:20.870,-3.03676,5.26401,-6.43748,0.17009,-0.230552,0.232557,17.75200000000001
1772223620871668452,2026-02-27 15:20:20.871,-3.00269,5.22642,-6.61346,0.170522,-0.229698,0.231562,17.753
1772223620872811262,2026-02-27 15:20:20.872,-2.94951,5.17694,-6.81453,0.164767,-0.229018,0.227845,17.754000000000005
1772223620873997455,2026-02-27 15:20:20.873,-2.93988,5.06804,-6.11625,0.158116,-0.230524,0.217155,17.75500000000001
1772223620875164596,2026-02-27 15:20:20.875,-2.91623,5.05321,-6.24281,0.151254,-0.230318,0.214354,17.757000000000005
1772223620876343560,2026-02-27 15:20:20.876,-2.92849,5.0332,-6.67037,0.1513,-0.232696,0.217355,17.75800000000001
1772223620877527053,2026-02-27 15:20:20.877,-2.96371,5.04096,-6.98664,0.148261,-0.233637,0.221854,17.759
1772223620878653839,2026-02-27 15:20:20.878,-2.94108,5.06105,-7.0532,0.151331,-0.23327,0.222942,17.760000000000005
1772223620879803968,2026-02-27 15:20:20.879,-3.02728,5.04789,-6.93187,0.148202,-0.235472,0.222591,17.76100000000001
1772223620880980819,2026-02-27 15:20:20.880,-3.03359,5.01967,-6.8332,0.148975,-0.236466,0.223092,17.762
1772223620882176162,2026-02-27 15:20:20.882,-3.03674,5.04201,-7.80415,0.150157,-0.235148,0.231547,17.76400000000001
1772223620883348710,2026-02-27 15:20:20.883,-3.0485,4.9773,-7.37351,0.153063,-0.233393,0.228159,17.765
1772223620884557589,2026-02-27 15:20:20.884,-3.00817,4.99945,-7.24831,0.149419,-0.231261,0.227682,17.766000000000005
1772223620885684116,2026-02-27 15:20:20.885,-3.09909,4.99664,-6.74581,0.149103,-0.229327,0.222207,17.76700000000001
1772223620886835299,2026-02-27 15:20:20.886,-3.0807,5.03061,-6.45932,0.147845,-0.227301,0.218899,17.768
1772223620888002051,2026-02-27 15:20:20.888,-3.09616,4.97107,-6.33455,0.141926,-0.226557,0.218168,17.77000000000001
1772223620889168860,2026-02-27 15:20:20.889,-3.17974,4.96676,-6.23856,0.140855,-0.224983,0.215657,17.771
1772223620890357091,2026-02-27 15:20:20.890,-3.23425,4.97031,-4.86695,0.139594,-0.223019,0.201866,17.772000000000006
1772223620891564007,2026-02-27 15:20:20.891,-3.25364,4.96287,-5.13503,0.138827,-0.220913,0.202319,17.77300000000001
1772223620892692481,2026-02-27 15:20:20.892,-3.3454,4.89421,-4.9929,0.135703,-0.217988,0.198885,17.774
1772223620893843712,2026-02-27 15:20:20.893,-3.35231,4.86242,-5.38477,0.130506,-0.214904,0.202559,17.775000000000006
1772223620895017123,2026-02-27 15:20:20.895,-3.35449,4.84249,-5.55319,0.129412,-0.21199,0.200254,17.777
1772223620896184191,2026-02-27 15:20:20.896,-3.35428,4.89801,-5.29069,0.121187,-0.206912,0.193987,17.778000000000006
1772223620897358288,2026-02-27 15:20:20.897,-3.38034,4.85629,-5.10421,0.115768,-0.203594,0.190074,17.77900000000001
1772223620898554156,2026-02-27 15:20:20.898,-3.41143,4.84024,-5.92967,0.111862,-0.200286,0.194622,17.78
1772223620899678751,2026-02-27 15:20:20.899,-3.42383,4.80871,-5.8661,0.107482,-0.19764,0.190885,17.781000000000006
1772223620900852521,2026-02-27 15:20:20.900,-3.42221,4.76952,-5.73604,0.102764,-0.195684,0.186321,17.78200000000001
1772223620902036028,2026-02-27 15:20:20.902,-3.52878,4.72501,-5.16297,0.091466,-0.193978,0.178722,17.784000000000006
1772223620903204992,2026-02-27 15:20:20.903,-3.50526,4.65327,-4.61734,0.093497,-0.191527,0.170218,17.78500000000001
1772223620904379444,2026-02-27 15:20:20.904,-3.56837,4.60292,-4.44138,0.089554,-0.18972,0.167865,17.786
1772223620905559709,2026-02-27 15:20:20.905,-3.57167,4.60031,-4.45054,0.087295,-0.187142,0.166066,17.787000000000006
1772223620906701214,2026-02-27 15:20:20.906,-3.57518,4.51164,-4.02345,0.082953,-0.184513,0.159717,17.78800000000001
1772223620907851683,2026-02-27 15:20:20.907,-3.64973,4.54774,-3.29229,0.080706,-0.18242,0.153482,17.789
1772223620909033916,2026-02-27 15:20:20.909,-3.63849,4.54201,-3.62686,0.084507,-0.181805,0.155067,17.79100000000001
1772223620910299337,2026-02-27 15:20:20.910,-3.58391,4.44207,-4.14046,0.07891,-0.17925,0.158815,17.792
1772223620911486789,2026-02-27 15:20:20.911,-3.65461,4.3665,-4.19855,0.078284,-0.178834,0.158122,17.793000000000006
1772223620912612213,2026-02-27 15:20:20.912,-3.67078,4.33944,-4.04786,0.078771,-0.17726,0.156904,17.79400000000001
1772223620913763695,2026-02-27 15:20:20.913,-3.67645,4.29188,-3.97665,0.075224,-0.177206,0.155137,17.795
1772223620914939412,2026-02-27 15:20:20.914,-3.62141,4.25826,-3.93679,0.076703,-0.176364,0.155555,17.796000000000006
1772223620916107068,2026-02-27 15:20:20.916,-3.63504,4.20355,-4.96469,0.076689,-0.175053,0.163276,17.798000000000002
1772223620917273016,2026-02-27 15:20:20.917,-3.70621,4.0772,-4.51163,0.072592,-0.175841,0.158938,17.799000000000007
1772223620918447735,2026-02-27 15:20:20.918,-3.75968,4.08823,-3.90852,0.073081,-0.175729,0.153762,17.80000000000001
1772223620919600104,2026-02-27 15:20:20.919,-3.65542,4.07554,-3.63026,0.076787,-0.175692,0.152217,17.801000000000002
1772223620920729481,2026-02-27 15:20:20.920,-3.74202,4.04315,-3.60657,0.075798,-0.175859,0.15139,17.802000000000007
1772223620921875467,2026-02-27 15:20:20.921,-3.72963,4.00613,-3.52867,0.080095,-0.17806,0.152169,17.80300000000001
1772223620923068051,2026-02-27 15:20:20.923,-3.90566,3.96778,-3.25135,0.073733,-0.183993,0.152357,17.805000000000007
1772223620924236224,2026-02-27 15:20:20.924,-3.95617,3.9504,-2.08019,0.077374,-0.189876,0.144429,17.80600000000001
1772223620925406745,2026-02-27 15:20:20.925,-4.11279,3.87392,-1.75582,0.077914,-0.200054,0.143964,17.807000000000002
1772223620926552332,2026-02-27 15:20:20.926,-4.19117,3.78034,-1.92048,0.076405,-0.20571,0.14691,17.808000000000007
1772223620927679572,2026-02-27 15:20:20.927,-4.22992,3.70909,-2.07042,0.078721,-0.208851,0.147974,17.80900000000001
1772223620928854103,2026-02-27 15:20:20.928,-4.35565,3.62252,-1.80657,0.07666,-0.213429,0.147528,17.810000000000002
1772223620930047880,2026-02-27 15:20:20.930,-4.42729,3.53765,-1.49093,0.070827,-0.218683,0.145304,17.812000000000012
1772223620931215808,2026-02-27 15:20:20.931,-4.54876,3.51398,-1.18274,0.073117,-0.222553,0.144568,17.813000000000002
1772223620932385448,2026-02-27 15:20:20.932,-4.69854,3.50099,-1.69966,0.071288,-0.230186,0.151272,17.814000000000007
1772223620933552117,2026-02-27 15:20:20.933,-4.85327,3.46182,-1.15216,0.068303,-0.234109,0.147792,17.815000000000012
1772223620934679199,2026-02-27 15:20:20.934,-4.86138,3.42114,-0.659587,0.071686,-0.238698,0.144127,17.816000000000003
1772223620935851513,2026-02-27 15:20:20.935,-4.96783,3.41954,-0.066742,0.072942,-0.24227,0.140322,17.817000000000007
1772223620937047981,2026-02-27 15:20:20.937,-5.00569,3.37952,0.353549,0.071063,-0.24648,0.138014,17.819000000000003
1772223620938215561,2026-02-27 15:20:20.938,-5.06975,3.33807,0.58253,0.069416,-0.249906,0.136889,17.820000000000007
1772223620939386963,2026-02-27 15:20:20.939,-5.18177,3.29555,1.03645,0.071283,-0.256379,0.135607,17.821000000000012
1772223620940577601,2026-02-27 15:20:20.940,-5.31758,3.28585,2.22287,0.071669,-0.256936,0.125029,17.822000000000003
1772223620941699932,2026-02-27 15:20:20.941,-5.29674,3.27407,1.91454,0.076714,-0.255669,0.128986,17.823000000000008
1772223620942871068,2026-02-27 15:20:20.942,-5.2714,3.30711,1.93478,0.078934,-0.25433,0.129241,17.824000000000012
1772223620944065768,2026-02-27 15:20:20.944,-5.36984,3.27786,1.37118,0.076501,-0.249672,0.134189,17.826000000000008
1772223620945232048,2026-02-27 15:20:20.945,-5.2845,3.3408,1.26048,0.08547,-0.24659,0.136392,17.827000000000012
1772223620946401888,2026-02-27 15:20:20.946,-5.25247,3.38443,1.33328,0.090689,-0.243646,0.138211,17.828000000000003
1772223620947549475,2026-02-27 15:20:20.947,-5.33395,3.41327,1.28941,0.089141,-0.241997,0.138406,17.829000000000008
1772223620948675264,2026-02-27 15:20:20.948,-5.29792,3.43198,0.432325,0.095537,-0.242284,0.148527,17.830000000000013
1772223620949849106,2026-02-27 15:20:20.949,-5.32084,3.47774,0.64468,0.097493,-0.242322,0.147229,17.831000000000003
1772223620951015441,2026-02-27 15:20:20.951,-5.25037,3.48235,0.662408,0.099907,-0.239633,0.148066,17.833000000000013
1772223620952207862,2026-02-27 15:20:20.952,-5.33762,3.46196,1.198,0.102706,-0.23823,0.143952,17.834000000000003
1772223620953401210,2026-02-27 15:20:20.953,-5.33141,3.48456,1.58161,0.105577,-0.23492,0.14162,17.835000000000008
1772223620954549494,2026-02-27 15:20:20.954,-5.2749,3.48186,1.5839,0.107602,-0.23309,0.141602,17.836000000000013
1772223620955676166,2026-02-27 15:20:20.955,-5.27213,3.50826,1.58364,0.108452,-0.229637,0.141795,17.837000000000003
1772223620956848593,2026-02-27 15:20:20.956,-5.22348,3.48769,2.19066,0.111166,-0.22635,0.136545,17.838000000000008
1772223620958040777,2026-02-27 15:20:20.958,-5.19559,3.55008,2.46521,0.111386,-0.224385,0.135195,17.840000000000003
1772223620959233687,2026-02-27 15:20:20.959,-5.15466,3.4886,2.25578,0.110019,-0.221067,0.136225,17.841000000000008
1772223620960421621,2026-02-27 15:20:20.960,-5.13226,3.48667,1.40988,0.109176,-0.214175,0.144382,17.842
1772223620961555171,2026-02-27 15:20:20.961,-5.08278,3.4818,1.33064,0.111182,-0.208063,0.144471,17.843000000000004
1772223620962682237,2026-02-27 15:20:20.962,-5.03205,3.44805,1.33242,0.110066,-0.205575,0.144364,17.84400000000001
1772223620963855679,2026-02-27 15:20:20.963,-5.00295,3.47424,1.28644,0.108063,-0.201653,0.1421,17.845
1772223620965048340,2026-02-27 15:20:20.965,-4.93559,3.5314,1.25696,0.106963,-0.199904,0.140533,17.84700000000001
1772223620966242414,2026-02-27 15:20:20.966,-4.94095,3.47019,0.29793,0.104028,-0.198016,0.146932,17.848
1772223620967427815,2026-02-27 15:20:20.967,-4.9544,3.43689,0.843248,0.10335,-0.195733,0.138203,17.849000000000004
1772223620968561254,2026-02-27 15:20:20.968,-5.3847,3.31498,1.35015,0.10288,-0.224923,0.130117,17.85000000000001
1772223620969687349,2026-02-27 15:20:20.969,-5.69013,3.28501,1.71427,0.090983,-0.231877,0.122428,17.851
1772223620970859039,2026-02-27 15:20:20.970,-5.79675,3.16111,1.62901,0.095236,-0.230268,0.116672,17.852000000000004
1772223620972044689,2026-02-27 15:20:20.972,-6.10101,3.0074,1.8458,0.102488,-0.25331,0.110329,17.854
1772223620973237029,2026-02-27 15:20:20.973,-6.16596,2.95461,1.81796,0.097575,-0.249331,0.104819,17.855000000000004
1772223620974425757,2026-02-27 15:20:20.974,-6.42284,2.7937,2.79364,0.096239,-0.277774,0.094066,17.85600000000001
1772223620975554418,2026-02-27 15:20:20.975,-6.37136,2.78705,2.61603,0.087525,-0.271553,0.093018,17.857
1772223620976682286,2026-02-27 15:20:20.976,-6.1045,2.74688,1.79904,0.094061,-0.247138,0.09836,17.858000000000004
1772223620977879100,2026-02-27 15:20:20.977,-6.08466,2.83501,1.45937,0.094254,-0.245366,0.10374,17.85900000000001
1772223620979072963,2026-02-27 15:20:20.979,-6.06478,2.83208,1.45259,0.093855,-0.250297,0.107847,17.861000000000004
1772223620980265487,2026-02-27 15:20:20.980,-5.81445,2.95952,1.377,0.086751,-0.222901,0.111232,17.86200000000001
1772223620981475315,2026-02-27 15:20:20.981,-6.02122,2.96065,0.789873,0.075444,-0.262262,0.111379,17.863
1772223620982603062,2026-02-27 15:20:20.982,-5.5353,2.98293,0.481926,0.05554,-0.192401,0.110978,17.864000000000004
1772223620983731623,2026-02-27 15:20:20.983,-5.92211,2.91255,0.848804,0.064477,-0.23858,0.102628,17.86500000000001
1772223620984859538,2026-02-27 15:20:20.984,-5.65824,2.92586,1.24301,0.072956,-0.20814,0.103706,17.866
1772223620986058216,2026-02-27 15:20:20.986,-5.59425,2.86834,1.37713,0.08239,-0.217048,0.102334,17.86800000000001
1772223620987249857,2026-02-27 15:20:20.987,-5.17978,2.99269,1.73462,0.068603,-0.165769,0.102589,17.869
1772223620988440984,2026-02-27 15:20:20.988,-5.40876,2.96323,1.71875,0.069494,-0.1993,0.103428,17.870000000000005
1772223620989545492,2026-02-27 15:20:20.989,-5.34502,2.74879,2.1408,0.091298,-0.204828,0.096144,17.87100000000001
1772223620990671975,2026-02-27 15:20:20.990,-5.45222,2.86364,3.06016,0.07426,-0.220978,0.087688,17.872
1772223620991843645,2026-02-27 15:20:20.991,-5.34368,2.75709,2.55245,0.083888,-0.222904,0.094567,17.873000000000005
1772223620993040902,2026-02-27 15:20:20.993,-4.98183,2.86942,2.48031,0.0813,-0.164425,0.0926,17.875
1772223620994233972,2026-02-27 15:20:20.994,-5.42377,2.75487,2.15772,0.083631,-0.233013,0.095181,17.876000000000005
1772223620995402480,2026-02-27 15:20:20.995,-5.08384,2.83643,2.01323,0.080012,-0.177064,0.101088,17.87700000000001
1772223620996555194,2026-02-27 15:20:20.996,-5.04127,2.79774,1.9968,0.08522,-0.200423,0.10021,17.878
1772223620997710582,2026-02-27 15:20:20.997,-4.88035,2.77124,2.10373,0.084745,-0.180138,0.10049,17.879000000000005
1772223620998880522,2026-02-27 15:20:20.998,-5.01277,2.72997,1.25698,0.084176,-0.206932,0.110504,17.88000000000001
1772223621000074703,2026-02-27 15:20:21.000,-4.8262,2.76622,1.50987,0.081388,-0.173446,0.107435,17.882000000000005
1772223621001270780,2026-02-27 15:20:21.001,-4.78423,2.74555,1.48191,0.081642,-0.176285,0.105509,17.88300000000001
1772223621002439904,2026-02-27 15:20:21.002,-4.7608,2.80578,1.90461,0.079385,-0.161577,0.100369,17.884
1772223621003565370,2026-02-27 15:20:21.003,-4.56706,2.82985,2.15778,0.075384,-0.154805,0.099585,17.885000000000005
1772223621004694268,2026-02-27 15:20:21.004,-4.37794,2.81578,1.99892,0.073662,-0.141927,0.099794,17.88600000000001
1772223621005869830,2026-02-27 15:20:21.005,-4.44192,2.90417,2.08614,0.074799,-0.153649,0.098417,17.887
1772223621007065217,2026-02-27 15:20:21.007,-4.18448,2.91145,2.75661,0.071677,-0.130182,0.090538,17.88900000000001
1772223621008258091,2026-02-27 15:20:21.008,-4.19298,2.91521,2.91298,0.068826,-0.130248,0.088223,17.89
1772223621009426645,2026-02-27 15:20:21.009,-4.16595,2.90479,2.68009,0.069699,-0.132948,0.089628,17.891000000000005
1772223621010553155,2026-02-27 15:20:21.010,-3.99148,2.9092,1.848,0.069166,-0.123708,0.096185,17.89200000000001
1772223621011683284,2026-02-27 15:20:21.011,-3.93102,2.88413,1.97426,0.069825,-0.109253,0.096217,17.893
1772223621012880508,2026-02-27 15:20:21.012,-3.93745,2.91954,1.91118,0.067732,-0.118869,0.096092,17.894000000000005
1772223621014075972,2026-02-27 15:20:21.014,-3.68363,2.82149,2.03121,0.065956,-0.098765,0.094554,17.896
1772223621015295676,2026-02-27 15:20:21.015,-4.00563,2.87613,1.73833,0.072054,-0.139464,0.097051,17.897000000000006
1772223621016486285,2026-02-27 15:20:21.016,-3.75697,2.824,1.00509,0.063551,-0.111446,0.104423,17.89800000000001
1772223621017616969,2026-02-27 15:20:21.017,-3.49316,2.83614,1.47814,0.062652,-0.103986,0.095225,17.899
1772223621018788632,2026-02-27 15:20:21.018,-3.38183,2.8503,1.93561,0.0638,-0.081838,0.091697,17.900000000000006
1772223621019982134,2026-02-27 15:20:21.019,-3.43198,2.85549,2.1769,0.06052,-0.088314,0.091676,17.90100000000001
1772223621021176692,2026-02-27 15:20:21.021,-3.32435,2.79358,2.12334,0.058266,-0.088737,0.09386,17.903000000000006
1772223621022422257,2026-02-27 15:20:21.022,-3.30435,2.78337,2.04193,0.062101,-0.089381,0.094101,17.90400000000001
1772223621023577979,2026-02-27 15:20:21.023,-3.2049,2.72185,3.05512,0.063759,-0.091744,0.082679,17.905
1772223621024707797,2026-02-27 15:20:21.024,-3.11772,2.72079,2.76974,0.0606,-0.079962,0.086287,17.906000000000006
1772223621025883539,2026-02-27 15:20:21.025,-3.13592,2.73473,2.8768,0.060038,-0.082494,0.085322,17.90700000000001
1772223621027076380,2026-02-27 15:20:21.027,-2.9369,2.69594,2.27223,0.063586,-0.055031,0.092207,17.909000000000006
1772223621028269521,2026-02-27 15:20:21.028,-2.96187,2.71287,1.95689,0.063544,-0.066293,0.093292,17.91000000000001
1772223621029437982,2026-02-27 15:20:21.029,-2.82163,2.71425,1.94493,0.061227,-0.05611,0.092578,17.911
1772223621030552243,2026-02-27 15:20:21.030,-2.62496,2.7436,1.97741,0.055924,-0.053507,0.091069,17.912000000000006
1772223621031685997,2026-02-27 15:20:21.031,-2.47951,2.73984,1.27221,0.056277,-0.038542,0.100204,17.91300000000001
1772223621032865546,2026-02-27 15:20:21.032,-2.50112,2.65944,1.23408,0.056594,-0.053683,0.099316,17.914
1772223621034061867,2026-02-27 15:20:21.034,-2.44005,2.64339,1.38113,0.053773,-0.034707,0.099224,17.91600000000001
1772223621035254849,2026-02-27 15:20:21.035,-2.04172,2.69698,2.05733,0.065434,-0.007616,0.094966,17.917
1772223621036434805,2026-02-27 15:20:21.036,-2.07808,2.72462,2.34769,0.064399,-0.002331,0.091003,17.918000000000006
1772223621037588988,2026-02-27 15:20:21.037,-2.06134,2.56634,2.39554,0.060571,-0.024097,0.095451,17.91900000000001
1772223621038717379,2026-02-27 15:20:21.038,-2.23897,2.58107,2.33293,0.063881,-0.052625,0.091322,17.92
1772223621039888900,2026-02-27 15:20:21.039,-2.06574,2.57911,2.90188,0.062163,-0.022633,0.086566,17.921000000000006
1772223621041082810,2026-02-27 15:20:21.041,-1.88785,2.63346,3.45812,0.067267,-0.009286,0.080514,17.923000000000002
1772223621042250639,2026-02-27 15:20:21.042,-2.02217,2.64757,2.98141,0.064713,-0.019471,0.084066,17.924000000000007
1772223621043418041,2026-02-27 15:20:21.043,-1.84694,2.61806,2.34509,0.061689,-0.010437,0.091731,17.92500000000001
1772223621044552443,2026-02-27 15:20:21.044,-1.82247,2.66715,2.23148,0.059712,-0.018715,0.093258,17.926000000000002
1772223621045680690,2026-02-27 15:20:21.045,-1.75088,2.69185,2.33132,0.066302,0.00229,0.091615,17.927000000000007
1772223621046827239,2026-02-27 15:20:21.046,-1.72669,2.67618,2.35411,0.062949,-0.0078,0.090831,17.92800000000001
1772223621048000280,2026-02-27 15:20:21.048,-1.82111,2.65919,2.30952,0.061723,-0.003837,0.091194,17.930000000000007
1772223621049167038,2026-02-27 15:20:21.049,-1.85262,2.64429,1.29478,0.057274,-0.021014,0.102342,17.93100000000001
1772223621050333338,2026-02-27 15:20:21.050,-1.69551,2.60059,1.74071,0.062965,-0.00038,0.097799,17.932000000000002
1772223621051516283,2026-02-27 15:20:21.051,-1.69933,2.61401,1.7143,0.055958,0.002557,0.095254,17.933000000000007
1772223621052673196,2026-02-27 15:20:21.052,-1.69187,2.64007,2.41233,0.059831,-0.008605,0.091198,17.93400000000001
1772223621053870288,2026-02-27 15:20:21.053,-1.70204,2.61528,2.38264,0.057019,-0.010021,0.092417,17.935000000000002
1772223621055041372,2026-02-27 15:20:21.055,-1.61068,2.64546,2.29152,0.062932,0.000531,0.091657,17.937000000000012
1772223621056241179,2026-02-27 15:20:21.056,-1.65879,2.6513,2.41891,0.059655,-0.007097,0.090308,17.938000000000002
1772223621057443211,2026-02-27 15:20:21.057,-1.94315,2.63829,3.39324,0.057637,-0.034118,0.082818,17.939000000000007
1772223621058591859,2026-02-27 15:20:21.058,-1.9494,2.58045,3.30576,0.057795,-0.036457,0.086839,17.940000000000012
1772223621059725295,2026-02-27 15:20:21.059,-1.87124,2.41785,2.47465,0.062797,-0.033668,0.089941,17.941000000000003
1772223621060906731,2026-02-27 15:20:21.060,-1.89502,2.42701,2.15023,0.058811,-0.040229,0.092358,17.942000000000007
1772223621062102531,2026-02-27 15:20:21.062,-1.75289,2.42199,2.02869,0.063898,-0.02585,0.093381,17.944000000000003
1772223621063296723,2026-02-27 15:20:21.063,-1.59744,2.47322,2.07419,0.063594,-0.010579,0.093538,17.945000000000007
1772223621064505881,2026-02-27 15:20:21.064,-1.5026,2.57373,2.1159,0.06479,-0.004043,0.093916,17.946000000000012
1772223621065634201,2026-02-27 15:20:21.065,-1.55457,2.60278,1.75343,0.058951,-0.001478,0.099154,17.947000000000003
1772223621066788191,2026-02-27 15:20:21.066,-1.63707,2.59289,1.45745,0.054962,-0.027032,0.102749,17.948000000000008
1772223621067983956,2026-02-27 15:20:21.067,-1.65918,2.55551,1.72344,0.057119,-0.017631,0.096598,17.949000000000012
1772223621069184193,2026-02-27 15:20:21.069,-1.66128,2.53334,2.06581,0.058357,-0.025802,0.09073,17.951000000000008
1772223621070381110,2026-02-27 15:20:21.070,-1.68417,2.51074,2.18975,0.055602,-0.024459,0.090294,17.952000000000012
1772223621071558830,2026-02-27 15:20:21.071,-1.65576,2.47452,2.10768,0.05766,-0.022276,0.09065,17.953000000000003
1772223621072687370,2026-02-27 15:20:21.072,-1.72456,2.45634,2.24802,0.057101,-0.027759,0.090614,17.954000000000008
1772223621073856624,2026-02-27 15:20:21.073,-1.75023,2.44945,3.09434,0.057262,-0.027712,0.08255,17.955000000000013
1772223621075052580,2026-02-27 15:20:21.075,-1.66661,2.43892,2.68048,0.060101,-0.029316,0.087051,17.957000000000008
1772223621076249081,2026-02-27 15:20:21.076,-1.73977,2.48183,2.67995,0.059964,-0.029287,0.086899,17.958000000000013
1772223621077446750,2026-02-27 15:20:21.077,-1.66725,2.42361,2.08465,0.058879,-0.027872,0.090939,17.959000000000003
1772223621078593980,2026-02-27 15:20:21.078,-1.66555,2.40759,1.87621,0.059375,-0.028279,0.091685,17.960000000000008
1772223621079727436,2026-02-27 15:20:21.079,-1.61621,2.37356,2.00129,0.052439,-0.025633,0.091096,17.961000000000013
1772223621080894589,2026-02-27 15:20:21.080,-1.59215,2.39544,1.98264,0.053916,-0.027348,0.090927,17.962000000000003
1772223621082092209,2026-02-27 15:20:21.082,-1.59559,2.41229,0.889759,0.051724,-0.032447,0.102113,17.964
1772223621083289608,2026-02-27 15:20:21.083,-1.56086,2.3994,1.11973,0.051801,-0.027767,0.0983,17.965000000000003
1772223621084494419,2026-02-27 15:20:21.084,-1.62084,2.32483,1.16291,0.049243,-0.032376,0.097478,17.966000000000008
1772223621085623205,2026-02-27 15:20:21.085,-1.63553,2.3483,1.61963,0.052435,-0.032965,0.093128,17.967
1772223621086750171,2026-02-27 15:20:21.086,-1.57688,2.32342,1.82854,0.054075,-0.02948,0.089547,17.968000000000004
1772223621087919942,2026-02-27 15:20:21.087,-1.6331,2.30827,1.88595,0.051613,-0.03076,0.089784,17.96900000000001
1772223621089115409,2026-02-27 15:20:21.089,-1.61288,2.30302,1.85977,0.052868,-0.034786,0.090696,17.971000000000004
1772223621090311740,2026-02-27 15:20:21.090,-1.59263,2.31858,2.6017,0.053557,-0.034077,0.083203,17.97200000000001
1772223621091518057,2026-02-27 15:20:21.091,-1.62786,2.33229,2.79234,0.051069,-0.0303,0.081945,17.973
1772223621092645730,2026-02-27 15:20:21.092,-1.60175,2.30545,2.62315,0.051842,-0.033026,0.082947,17.974000000000004
1772223621093806100,2026-02-27 15:20:21.093,-1.64162,2.28386,1.75866,0.048796,-0.032943,0.09032,17.97500000000001
1772223621095005432,2026-02-27 15:20:21.095,-1.63578,2.29233,1.74954,0.047835,-0.040427,0.091476,17.977000000000004
1772223621096200578,2026-02-27 15:20:21.096,-1.6434,2.26545,1.64565,0.050857,-0.041255,0.091911,17.97800000000001
1772223621097395159,2026-02-27 15:20:21.097,-1.57944,2.27611,1.63234,0.050069,-0.040335,0.090988,17.979
1772223621098575480,2026-02-27 15:20:21.098,-1.62191,2.26484,1.50509,0.045691,-0.038175,0.091453,17.980000000000004
1772223621099706317,2026-02-27 15:20:21.099,-1.61919,2.19256,1.07741,0.042418,-0.044295,0.097393,17.98100000000001
1772223621100908951,2026-02-27 15:20:21.100,-1.55328,2.21727,1.044,0.047246,-0.042181,0.096779,17.982
1772223621102078684,2026-02-27 15:20:21.102,-1.59147,2.20355,1.52169,0.048208,-0.042215,0.092165,17.98400000000001
1772223621103273083,2026-02-27 15:20:21.103,-1.65134,2.25637,1.7306,0.046576,-0.043597,0.091048,17.985
1772223621104477720,2026-02-27 15:20:21.104,-1.60478,2.21725,1.62361,0.044712,-0.046425,0.091799,17.986000000000004
1772223621105607992,2026-02-27 15:20:21.105,-1.67336,2.23308,1.65684,0.044684,-0.052046,0.092589,17.98700000000001
1772223621106736644,2026-02-27 15:20:21.106,-1.66734,2.23796,2.757,0.043091,-0.051045,0.083108,17.988
1772223621107908873,2026-02-27 15:20:21.107,-1.73424,2.1976,2.33127,0.042279,-0.051884,0.085661,17.989000000000004
1772223621109105707,2026-02-27 15:20:21.109,-1.69556,2.1801,2.2706,0.043165,-0.055089,0.085663,17.991
1772223621110301680,2026-02-27 15:20:21.110,-1.70708,2.19144,1.78495,0.043389,-0.055881,0.091405,17.992000000000004
1772223621111507565,2026-02-27 15:20:21.111,-1.72048,2.17534,1.41733,0.04216,-0.06052,0.094449,17.99300000000001
1772223621112637028,2026-02-27 15:20:21.112,-1.76538,2.17498,1.49285,0.039151,-0.064917,0.094945,17.994
1772223621113788446,2026-02-27 15:20:21.113,-1.82118,2.14677,1.51151,0.035613,-0.068681,0.094741,17.995000000000005
1772223621114984792,2026-02-27 15:20:21.114,-1.78757,2.11639,0.684829,0.037477,-0.069098,0.103052,17.99600000000001
1772223621116186163,2026-02-27 15:20:21.116,-1.7782,2.13049,0.496969,0.040137,-0.070345,0.103879,17.998000000000005
1772223621117353932,2026-02-27 15:20:21.117,-1.78959,2.13932,0.660526,0.036632,-0.072281,0.103509,17.99900000000001
1772223621118563780,2026-02-27 15:20:21.118,-1.79549,2.12692,1.11338,0.035355,-0.074591,0.099491,18.0
1772223621119693082,2026-02-27 15:20:21.119,-1.83436,2.13638,1.37594,0.036078,-0.077808,0.096523,18.001000000000005
1772223621120860291,2026-02-27 15:20:21.120,-1.86066,2.18758,1.39032,0.03378,-0.079389,0.09719,18.00200000000001
1772223621122002975,2026-02-27 15:20:21.122,-1.90977,2.1707,1.38445,0.033891,-0.081941,0.097887,18.004000000000005
1772223621123197793,2026-02-27 15:20:21.123,-1.9531,2.13042,1.79131,0.030078,-0.084136,0.094436,18.00500000000001
1772223621124394272,2026-02-27 15:20:21.124,-1.96259,2.15306,2.4132,0.029077,-0.086779,0.089475,18.006
1772223621125570387,2026-02-27 15:20:21.125,-1.95834,2.13751,2.06612,0.028546,-0.087729,0.092693,18.007000000000005
1772223621126696959,2026-02-27 15:20:21.126,-1.91136,2.13278,1.07773,0.032531,-0.087857,0.100962,18.00800000000001
1772223621127892149,2026-02-27 15:20:21.127,-1.91627,2.15439,0.859855,0.035201,-0.088214,0.103267,18.009
1772223621129088298,2026-02-27 15:20:21.129,-1.89533,2.11113,0.73095,0.038462,-0.089086,0.104523,18.01100000000001
1772223621130283234,2026-02-27 15:20:21.130,-1.88496,2.14256,0.55601,0.039929,-0.091046,0.10642,18.012
1772223621131488826,2026-02-27 15:20:21.131,-1.93987,2.19375,0.47906,0.043395,-0.091802,0.108871,18.013000000000005
1772223621132618688,2026-02-27 15:20:21.132,-1.95067,2.17754,-0.691745,0.046163,-0.093961,0.119847,18.01400000000001
1772223621133782940,2026-02-27 15:20:21.133,-1.9835,2.17114,-0.53202,0.05519,-0.099389,0.117444,18.015
1772223621135064679,2026-02-27 15:20:21.135,-2.06662,2.17047,-0.009201,0.054192,-0.101327,0.11501,18.01700000000001
1772223621136258462,2026-02-27 15:20:21.136,-2.09269,2.17299,0.084866,0.056795,-0.104294,0.113041,18.018
1772223621137472608,2026-02-27 15:20:21.137,-2.11879,2.17406,0.017038,0.060626,-0.105353,0.114183,18.019000000000005
1772223621138597575,2026-02-27 15:20:21.138,-2.21081,2.16446,-0.072,0.061361,-0.106819,0.115073,18.02000000000001
1772223621139727102,2026-02-27 15:20:21.139,-2.22033,2.10926,0.828389,0.061821,-0.113892,0.107971,18.021
1772223621140895260,2026-02-27 15:20:21.140,-2.21329,2.14294,0.673834,0.064274,-0.116047,0.109906,18.022000000000006
1772223621142088679,2026-02-27 15:20:21.142,-2.30331,2.1474,0.440503,0.066061,-0.116172,0.111152,18.024
1772223621143289025,2026-02-27 15:20:21.143,-2.26868,2.13342,-0.19047,0.066146,-0.1177,0.117423,18.025000000000006
1772223621144493970,2026-02-27 15:20:21.144,-2.25984,2.13551,-0.66455,0.069273,-0.120468,0.121536,18.02600000000001
1772223621145621386,2026-02-27 15:20:21.145,-2.23555,2.15762,-0.772525,0.071046,-0.121987,0.122603,18.027
1772223621146748614,2026-02-27 15:20:21.146,-2.29574,2.11918,-0.970738,0.069307,-0.127291,0.124472,18.028000000000006
1772223621147876332,2026-02-27 15:20:21.147,-2.36663,2.11601,-1.54811,0.070647,-0.128465,0.12851,18.02900000000001
1772223621149072916,2026-02-27 15:20:21.149,-2.30876,2.07057,-2.33816,0.075079,-0.128779,0.134522,18.031000000000006
1772223621150269288,2026-02-27 15:20:21.150,-2.3684,2.07488,-2.0931,0.072131,-0.131168,0.134026,18.03200000000001
1772223621151476568,2026-02-27 15:20:21.151,-2.3737,2.08034,-2.00418,0.072831,-0.133073,0.132843,18.033
1772223621152604086,2026-02-27 15:20:21.152,-2.42703,2.09874,-1.81247,0.073563,-0.13616,0.131342,18.034000000000006
1772223621153731497,2026-02-27 15:20:21.153,-2.45256,2.06796,-1.7496,0.075584,-0.13897,0.131032,18.03500000000001
1772223621154900115,2026-02-27 15:20:21.154,-2.42547,2.07096,-2.06954,0.078157,-0.139189,0.133462,18.036
1772223621156093599,2026-02-27 15:20:21.156,-2.53396,2.10966,-2.0132,0.076616,-0.144636,0.133625,18.03800000000001
1772223621157286757,2026-02-27 15:20:21.157,-2.56632,2.07905,-1.0937,0.076256,-0.148219,0.126704,18.039
1772223621158497546,2026-02-27 15:20:21.158,-2.62974,2.12312,-1.68976,0.0802,-0.150402,0.130609,18.040000000000006
1772223621159626408,2026-02-27 15:20:21.159,-2.56418,2.05093,-1.71004,0.07785,-0.150157,0.130682,18.04100000000001
1772223621160771391,2026-02-27 15:20:21.160,-2.60269,2.03114,-2.40243,0.077774,-0.152302,0.136749,18.042
1772223621161937832,2026-02-27 15:20:21.161,-2.64055,2.05405,-2.97141,0.079699,-0.150813,0.139692,18.043000000000006
1772223621163136431,2026-02-27 15:20:21.163,-2.62224,2.06554,-3.06896,0.082336,-0.153673,0.142295,18.045
1772223621164329160,2026-02-27 15:20:21.164,-2.65455,2.01704,-3.37955,0.080604,-0.152273,0.142913,18.046000000000006
1772223621165541670,2026-02-27 15:20:21.165,-2.60574,2.09799,-4.38447,0.088055,-0.154097,0.153879,18.04700000000001
1772223621166663606,2026-02-27 15:20:21.166,-2.63674,2.10319,-4.42654,0.087702,-0.156343,0.153902,18.048000000000002
1772223621167853614,2026-02-27 15:20:21.167,-2.71381,2.13531,-4.33308,0.093029,-0.158969,0.15203,18.049000000000007
1772223621169029569,2026-02-27 15:20:21.169,-2.72041,2.10676,-4.22193,0.094477,-0.159985,0.15063,18.051000000000002
1772223621170224634,2026-02-27 15:20:21.170,-2.81355,2.17034,-4.15352,0.09214,-0.165672,0.152073,18.052000000000007
1772223621171421082,2026-02-27 15:20:21.171,-2.88577,2.1693,-4.30706,0.095855,-0.169072,0.153653,18.05300000000001
1772223621172569091,2026-02-27 15:20:21.172,-2.96176,2.14967,-4.39838,0.096217,-0.170084,0.15494,18.054000000000002
1772223621173701533,2026-02-27 15:20:21.173,-3.08158,2.12863,-3.65342,0.093774,-0.178306,0.149285,18.055000000000007
1772223621174850708,2026-02-27 15:20:21.174,-3.06017,2.12105,-3.81685,0.096633,-0.181028,0.149493,18.05600000000001
1772223621176022656,2026-02-27 15:20:21.176,-3.17605,2.16139,-4.29288,0.097247,-0.182758,0.153415,18.058000000000007
1772223621177216694,2026-02-27 15:20:21.177,-3.18144,2.14651,-4.91623,0.098604,-0.179428,0.158599,18.05900000000001
1772223621178410174,2026-02-27 15:20:21.178,-3.1115,2.15947,-5.1721,0.10067,-0.181089,0.160629,18.060000000000002
1772223621179556215,2026-02-27 15:20:21.179,-3.18015,2.1886,-5.2461,0.102663,-0.184043,0.162438,18.061000000000007
1772223621180680992,2026-02-27 15:20:21.180,-3.178,2.24066,-5.40553,0.10166,-0.185457,0.16494,18.062000000000012
1772223621181826940,2026-02-27 15:20:21.181,-3.22091,2.2528,-5.58334,0.100964,-0.186998,0.167018,18.063000000000002
1772223621182992571,2026-02-27 15:20:21.182,-3.23496,2.28665,-6.54676,0.104807,-0.189116,0.174315,18.064000000000007
1772223621184180489,2026-02-27 15:20:21.184,-3.32936,2.31057,-6.67179,0.101885,-0.190019,0.174265,18.066000000000003
1772223621185374421,2026-02-27 15:20:21.185,-3.36525,2.31681,-6.26871,0.106179,-0.192423,0.17186,18.067000000000007
1772223621186569247,2026-02-27 15:20:21.186,-3.38826,2.34844,-6.20828,0.108312,-0.193426,0.171984,18.068000000000012
1772223621187710440,2026-02-27 15:20:21.187,-3.32285,2.34378,-6.5235,0.108309,-0.192712,0.173682,18.069000000000003
1772223621188878023,2026-02-27 15:20:21.188,-3.45907,2.41767,-6.71859,0.113077,-0.198621,0.175162,18.070000000000007
1772223621190043891,2026-02-27 15:20:21.190,-3.60415,2.4281,-5.47098,0.110591,-0.208406,0.167275,18.072000000000003
1772223621191240385,2026-02-27 15:20:21.191,-3.59252,2.41881,-6.14921,0.11786,-0.204202,0.171892,18.073000000000008
1772223621192435050,2026-02-27 15:20:21.192,-3.49691,2.41622,-6.35249,0.121511,-0.205936,0.172253,18.074000000000012
1772223621193582507,2026-02-27 15:20:21.193,-3.63294,2.45273,-6.82767,0.122999,-0.207738,0.179195,18.075000000000003
1772223621194728559,2026-02-27 15:20:21.194,-3.65158,2.47543,-7.00839,0.126232,-0.21377,0.185044,18.076000000000008
1772223621195874423,2026-02-27 15:20:21.195,-3.81018,2.56412,-6.79468,0.123989,-0.222035,0.185804,18.077000000000012
1772223621197042470,2026-02-27 15:20:21.197,-3.89376,2.615,-6.9341,0.134255,-0.222581,0.185599,18.079000000000008
1772223621198239056,2026-02-27 15:20:21.198,-3.95712,2.69086,-7.38742,0.130891,-0.234693,0.191945,18.080000000000013
1772223621199439507,2026-02-27 15:20:21.199,-4.01871,2.72763,-7.52822,0.132291,-0.234204,0.194721,18.081000000000003
1772223621200561570,2026-02-27 15:20:21.200,-4.16397,2.70348,-7.09197,0.130673,-0.240113,0.192736,18.082000000000008
1772223621201686502,2026-02-27 15:20:21.201,-4.21693,2.76765,-6.70484,0.131462,-0.241431,0.18942,18.083000000000013
1772223621202851900,2026-02-27 15:20:21.202,-4.43657,2.86804,-5.87039,0.133602,-0.246954,0.185703,18.084000000000003
1772223621204034291,2026-02-27 15:20:21.204,-4.51653,2.91077,-5.69292,0.129864,-0.255434,0.185918,18.086000000000013
1772223621205229407,2026-02-27 15:20:21.205,-4.60984,2.8868,-5.67002,0.129881,-0.258447,0.185162,18.087000000000003
1772223621206426767,2026-02-27 15:20:21.206,-4.60847,2.93246,-5.46658,0.129631,-0.257255,0.182071,18.088000000000008
1772223621207570006,2026-02-27 15:20:21.207,-4.68954,2.94966,-4.69316,0.13144,-0.261985,0.175613,18.089
1772223621208701634,2026-02-27 15:20:21.208,-4.77051,3.05383,-4.98991,0.128018,-0.264924,0.18001,18.090000000000003
1772223621209852899,2026-02-27 15:20:21.209,-4.8648,3.12225,-4.79046,0.128615,-0.27319,0.183338,18.091000000000008
1772223621211044714,2026-02-27 15:20:21.211,-5.032,3.21412,-5.15798,0.128834,-0.27792,0.189123,18.093000000000004
1772223621212237997,2026-02-27 15:20:21.212,-5.1649,3.21576,-5.13998,0.137386,-0.281996,0.18945,18.09400000000001
1772223621213438449,2026-02-27 15:20:21.213,-5.26076,3.33241,-4.72368,0.132541,-0.289666,0.190452,18.095
1772223621214568510,2026-02-27 15:20:21.214,-5.32249,3.30446,-4.71722,0.138429,-0.29116,0.189553,18.096000000000004
1772223621215696438,2026-02-27 15:20:21.215,-5.46058,3.2987,-5.33713,0.127532,-0.296671,0.19918,18.09700000000001
1772223621216867844,2026-02-27 15:20:21.216,-5.53523,3.3451,-5.08819,0.131391,-0.299465,0.195236,18.098
1772223621218044535,2026-02-27 15:20:21.218,-5.63423,3.38755,-4.67927,0.137804,-0.301415,0.19186,18.10000000000001
1772223621219235901,2026-02-27 15:20:21.219,-5.7302,3.54082,-4.12161,0.137205,-0.301106,0.190366,18.101
1772223621220430183,2026-02-27 15:20:21.220,-5.70357,3.55521,-4.27263,0.140557,-0.298279,0.192013,18.102000000000004
1772223621221572089,2026-02-27 15:20:21.221,-5.75798,3.43265,-4.76799,0.165695,-0.31389,0.196949,18.10300000000001
1772223621222700422,2026-02-27 15:20:21.222,-5.08736,3.79546,-4.78379,0.160381,-0.295934,0.20791,18.104
1772223621223879027,2026-02-27 15:20:21.223,-4.35224,4.01391,-3.98488,0.167497,-0.266491,0.207546,18.105000000000004
1772223621225071458,2026-02-27 15:20:21.225,-3.89283,4.20595,-4.18524,0.168119,-0.239549,0.22184,18.107
1772223621226264025,2026-02-27 15:20:21.226,-3.88535,4.38983,-4.50618,0.163987,-0.240283,0.233431,18.108000000000004
1772223621227476007,2026-02-27 15:20:21.227,-3.94239,4.45545,-4.7354,0.158343,-0.248777,0.23979,18.10900000000001
1772223621228570161,2026-02-27 15:20:21.228,-3.93734,4.44121,-4.67505,0.159541,-0.252334,0.239891,18.11
1772223621229697810,2026-02-27 15:20:21.229,-3.88131,4.47329,-4.66603,0.162507,-0.252012,0.235667,18.111000000000004
1772223621230871797,2026-02-27 15:20:21.230,-3.86153,4.45488,-4.65186,0.168948,-0.247766,0.234016,18.11200000000001
1772223621232039953,2026-02-27 15:20:21.232,-3.82306,4.51837,-4.84218,0.165457,-0.248581,0.238135,18.114000000000004
1772223621233215651,2026-02-27 15:20:21.233,-3.80513,4.64637,-5.21901,0.169068,-0.249119,0.249391,18.11500000000001
1772223621234390101,2026-02-27 15:20:21.234,-3.84448,4.7241,-5.02496,0.169216,-0.252384,0.250683,18.116
1772223621235556311,2026-02-27 15:20:21.235,-3.81615,4.77034,-4.62366,0.173569,-0.25116,0.24885,18.117000000000004
1772223621236683527,2026-02-27 15:20:21.236,-3.92336,4.8366,-4.28789,0.171333,-0.254481,0.246786,18.11800000000001
1772223621237828870,2026-02-27 15:20:21.237,-3.91703,4.79335,-4.03148,0.163289,-0.262466,0.244288,18.119
1772223621239014644,2026-02-27 15:20:21.239,-3.98289,4.68349,-4.11562,0.155319,-0.263849,0.240869,18.12100000000001
1772223621240200714,2026-02-27 15:20:21.240,-3.97583,4.52105,-3.2836,0.179932,-0.258638,0.246157,18.122
1772223621241393008,2026-02-27 15:20:21.241,-3.89166,4.4695,-4.11027,0.206881,-0.25056,0.268923,18.123000000000005
1772223621242580207,2026-02-27 15:20:21.242,-3.82079,4.52414,-4.43605,0.230795,-0.243735,0.286433,18.12400000000001
1772223621243706103,2026-02-27 15:20:21.243,-3.80119,4.62405,-5.19341,0.244083,-0.245505,0.306655,18.125
1772223621244882826,2026-02-27 15:20:21.244,-3.94138,4.72745,-5.63027,0.247655,-0.24589,0.314107,18.126000000000005
1772223621246148004,2026-02-27 15:20:21.246,-3.91927,4.79517,-5.91533,0.25975,-0.253925,0.314561,18.128
1772223621247334735,2026-02-27 15:20:21.247,-3.95247,4.72553,-5.96129,0.258241,-0.261236,0.311818,18.129000000000005
1772223621248551116,2026-02-27 15:20:21.248,-3.93604,4.59027,-7.00808,0.256732,-0.26234,0.319259,18.13000000000001
1772223621249680102,2026-02-27 15:20:21.249,-3.96198,4.54168,-7.20239,0.250827,-0.264149,0.317334,18.131
1772223621250902433,2026-02-27 15:20:21.250,-4.0046,4.52256,-7.10374,0.247055,-0.26819,0.317384,18.132000000000005
1772223621252069950,2026-02-27 15:20:21.252,-4.04828,4.49524,-6.72947,0.239787,-0.26815,0.312535,18.134
1772223621253244279,2026-02-27 15:20:21.253,-4.15962,4.56714,-6.32011,0.231405,-0.273761,0.311277,18.135000000000005
1772223621254438181,2026-02-27 15:20:21.254,-4.14673,4.61214,-6.31915,0.231404,-0.275509,0.311107,18.13600000000001
1772223621255577586,2026-02-27 15:20:21.255,-4.09455,4.59994,-6.48112,0.234938,-0.276178,0.311279,18.137
1772223621256707485,2026-02-27 15:20:21.256,-4.1296,4.62246,-5.97005,0.232562,-0.279348,0.307532,18.138000000000005
1772223621257836318,2026-02-27 15:20:21.257,-4.25677,4.65259,-5.38074,0.229448,-0.284897,0.303906,18.13900000000001
1772223621259037562,2026-02-27 15:20:21.259,-4.28172,4.65629,-6.11692,0.230844,-0.285602,0.310604,18.141000000000005
1772223621260177907,2026-02-27 15:20:21.260,-4.24922,4.64064,-6.65775,0.232252,-0.285632,0.315649,18.14200000000001
1772223621261316125,2026-02-27 15:20:21.261,-4.22,4.64036,-6.92034,0.234854,-0.285116,0.315534,18.143
1772223621262525313,2026-02-27 15:20:21.262,-4.24362,4.6873,-6.99193,0.23868,-0.284391,0.317312,18.144000000000005
1772223621263660275,2026-02-27 15:20:21.263,-4.28233,4.66485,-6.94197,0.233897,-0.287469,0.318577,18.14500000000001
1772223621264806485,2026-02-27 15:20:21.264,-4.30284,4.68351,-6.93311,0.233304,-0.291495,0.320146,18.146
1772223621265950065,2026-02-27 15:20:21.265,-4.52365,4.66704,-8.19577,0.229578,-0.300188,0.328376,18.147000000000006
1772223621267098090,2026-02-27 15:20:21.267,-4.96007,4.73434,-8.02399,0.218094,-0.320226,0.318136,18.149
1772223621268235018,2026-02-27 15:20:21.268,-5.1833,4.63851,-7.80453,0.215523,-0.336574,0.311261,18.150000000000006
1772223621269370999,2026-02-27 15:20:21.269,-5.49994,4.62064,-7.60317,0.207546,-0.346587,0.303622,18.15100000000001
1772223621270491612,2026-02-27 15:20:21.270,-5.6846,4.67709,-7.61194,0.206022,-0.356438,0.300879,18.152
1772223621271635378,2026-02-27 15:20:21.271,-5.83109,4.64004,-7.59599,0.196798,-0.363814,0.297237,18.153000000000006
1772223621272770620,2026-02-27 15:20:21.272,-5.92131,4.65452,-7.64676,0.19999,-0.371283,0.295311,18.15400000000001
1772223621273906264,2026-02-27 15:20:21.273,-6.01766,4.64745,-6.71777,0.196185,-0.377536,0.283286,18.155
1772223621275041547,2026-02-27 15:20:21.275,-6.26104,4.51774,-7.26885,0.188657,-0.383175,0.282122,18.15700000000001
1772223621276211179,2026-02-27 15:20:21.276,-6.49055,4.49849,-7.96948,0.187017,-0.38888,0.285539,18.158
1772223621277350076,2026-02-27 15:20:21.277,-6.60536,4.60255,-8.31583,0.181575,-0.400725,0.287669,18.159000000000006
1772223621278497276,2026-02-27 15:20:21.278,-6.86864,4.56961,-8.44233,0.178021,-0.408925,0.283935,18.16000000000001
1772223621279623750,2026-02-27 15:20:21.279,-6.95092,4.46183,-8.51036,0.178442,-0.4158,0.281434,18.161
1772223621280739644,2026-02-27 15:20:21.280,-7.08737,4.48344,-8.54084,0.177735,-0.421279,0.279225,18.162000000000006
1772223621281858674,2026-02-27 15:20:21.281,-7.12541,4.3962,-9.29465,0.178851,-0.423373,0.282255,18.16300000000001
1772223621282995934,2026-02-27 15:20:21.282,-7.25292,4.31452,-10.1011,0.185714,-0.42727,0.283963,18.164
1772223621284151514,2026-02-27 15:20:21.284,-7.57447,4.34504,-9.96638,0.181575,-0.444755,0.27715,18.16600000000001
1772223621285343996,2026-02-27 15:20:21.285,-7.8504,4.33648,-9.59255,0.17859,-0.454637,0.271613,18.167
1772223621286504373,2026-02-27 15:20:21.286,-7.98113,4.26012,-9.46087,0.184076,-0.464164,0.266636,18.168000000000006
1772223621287651803,2026-02-27 15:20:21.287,-8.09557,4.2721,-9.43814,0.179466,-0.472403,0.262262,18.16900000000001
1772223621288853314,2026-02-27 15:20:21.288,-8.29625,4.13104,-9.32024,0.1792,-0.477903,0.259024,18.17
1772223621289993671,2026-02-27 15:20:21.289,-8.37403,4.14531,-9.12224,0.184428,-0.479797,0.25676,18.171000000000006
1772223621291192028,2026-02-27 15:20:21.291,-8.55813,4.11157,-8.67088,0.187302,-0.487112,0.249362,18.173000000000002
1772223621292325870,2026-02-27 15:20:21.292,-8.63467,4.05595,-8.76634,0.183888,-0.486729,0.247964,18.174000000000007
1772223621293487524,2026-02-27 15:20:21.293,-8.63139,4.00575,-9.62434,0.18337,-0.485163,0.251485,18.17500000000001
1772223621294619055,2026-02-27 15:20:21.294,-8.70551,3.93636,-9.8333,0.183703,-0.486829,0.252047,18.176000000000002
1772223621295773384,2026-02-27 15:20:21.295,-8.739,3.97829,-9.81381,0.188794,-0.490313,0.252259,18.177000000000007
1772223621296919427,2026-02-27 15:20:21.296,-8.77044,3.94848,-10.0319,0.191113,-0.490938,0.251343,18.17800000000001
1772223621298067691,2026-02-27 15:20:21.298,-8.81589,3.94521,-10.1498,0.191655,-0.492917,0.250489,18.180000000000007
1772223621299201333,2026-02-27 15:20:21.299,-8.97962,3.8401,-11.0826,0.198501,-0.498675,0.258998,18.18100000000001
1772223621300387489,2026-02-27 15:20:21.300,-9.00964,3.83116,-10.9378,0.200671,-0.503352,0.258564,18.182000000000002
1772223621301500186,2026-02-27 15:20:21.301,-9.06174,3.83234,-10.4449,0.204282,-0.507561,0.254733,18.183000000000007
1772223621302641742,2026-02-27 15:20:21.302,-9.133,3.7397,-10.4025,0.203918,-0.507384,0.251105,18.18400000000001
1772223621303791829,2026-02-27 15:20:21.303,-9.17244,3.78184,-10.4006,0.207068,-0.508848,0.250812,18.185000000000002
1772223621304929180,2026-02-27 15:20:21.304,-9.17536,3.81902,-10.4674,0.207941,-0.509933,0.251687,18.186000000000007
1772223621306083389,2026-02-27 15:20:21.306,-9.27752,3.78461,-9.50837,0.21421,-0.516085,0.248206,18.188000000000002
1772223621307226488,2026-02-27 15:20:21.307,-9.29866,3.80112,-9.13401,0.21208,-0.519927,0.246738,18.189000000000007
1772223621308376787,2026-02-27 15:20:21.308,-9.32563,3.76451,-9.40824,0.214007,-0.517311,0.248292,18.190000000000012
1772223621309495615,2026-02-27 15:20:21.309,-9.37715,3.71776,-9.624,0.215114,-0.519889,0.253151,18.191000000000003
1772223621310633347,2026-02-27 15:20:21.310,-9.34244,3.69582,-10.119,0.217162,-0.5169,0.257544,18.192000000000007
1772223621311786959,2026-02-27 15:20:21.311,-9.40305,3.73959,-9.94176,0.213147,-0.522632,0.257915,18.193000000000012
1772223621312956503,2026-02-27 15:20:21.312,-9.3998,3.79567,-9.72714,0.212553,-0.528142,0.2592,18.194000000000003
1772223621314147650,2026-02-27 15:20:21.314,-9.62324,3.7659,-9.61192,0.20422,-0.532103,0.259046,18.196000000000012
1772223621315318201,2026-02-27 15:20:21.315,-9.51931,3.79339,-10.3691,0.207589,-0.532415,0.266349,18.197000000000003
1772223621316503664,2026-02-27 15:20:21.316,-9.60393,3.75613,-9.9002,0.209276,-0.531592,0.263027,18.198000000000008
1772223621317631763,2026-02-27 15:20:21.317,-9.58613,3.79532,-9.91902,0.208601,-0.531445,0.262798,18.199000000000012
1772223621318786250,2026-02-27 15:20:21.318,-9.60732,3.79211,-9.45733,0.212532,-0.533392,0.260825,18.200000000000003
1772223621319954261,2026-02-27 15:20:21.319,-9.6463,3.81733,-9.1894,0.213012,-0.535614,0.260197,18.201000000000008
1772223621321144972,2026-02-27 15:20:21.321,-9.73191,3.83853,-9.2443,0.210388,-0.537945,0.261916,18.203000000000003
1772223621322340363,2026-02-27 15:20:21.322,-9.69616,3.78751,-9.30971,0.224009,-0.539241,0.263418,18.204000000000008
1772223621323521959,2026-02-27 15:20:21.323,-9.7952,3.8046,-8.2635,0.228473,-0.537812,0.256016,18.205000000000013
1772223621324650211,2026-02-27 15:20:21.324,-9.80787,3.81904,-8.62144,0.232957,-0.540458,0.261094,18.206000000000003
1772223621325794863,2026-02-27 15:20:21.325,-9.78808,3.82614,-8.59395,0.24079,-0.541198,0.263626,18.207000000000008
1772223621326962173,2026-02-27 15:20:21.326,-9.85972,3.90583,-9.34438,0.249794,-0.54089,0.269675,18.208000000000013
1772223621328150713,2026-02-27 15:20:21.328,-9.81229,3.89656,-9.60763,0.255232,-0.540789,0.273028,18.210000000000008
1772223621329334709,2026-02-27 15:20:21.329,-9.96671,3.91784,-9.13946,0.259029,-0.550167,0.275741,18.211000000000013
1772223621330517012,2026-02-27 15:20:21.330,-10.0256,3.95416,-9.03887,0.263092,-0.551345,0.275953,18.212000000000003
1772223621331645583,2026-02-27 15:20:21.331,-10.0393,3.93969,-9.68274,0.262737,-0.555386,0.283981,18.213000000000008
1772223621332791463,2026-02-27 15:20:21.332,-10.1352,3.98462,-9.60626,0.262891,-0.558854,0.284371,18.214
1772223621333961658,2026-02-27 15:20:21.333,-10.1575,3.99791,-9.29564,0.263005,-0.559868,0.283512,18.215000000000003
1772223621335151549,2026-02-27 15:20:21.335,-10.1971,3.96731,-8.83499,0.265153,-0.559183,0.278467,18.217
1772223621336342918,2026-02-27 15:20:21.336,-10.2158,4.0422,-8.37418,0.269636,-0.558735,0.276723,18.218000000000004
1772223621337542489,2026-02-27 15:20:21.337,-10.278,4.11707,-8.20571,0.267121,-0.562142,0.2786,18.21900000000001
1772223621338666798,2026-02-27 15:20:21.338,-10.3353,4.12,-8.12279,0.264794,-0.564162,0.27802,18.22
1772223621339815735,2026-02-27 15:20:21.339,-10.3556,4.082,-7.84162,0.270415,-0.565045,0.275734,18.221000000000004
1772223621340986046,2026-02-27 15:20:21.340,-10.4253,4.11957,-7.18375,0.276247,-0.56493,0.271792,18.22200000000001
1772223621342177956,2026-02-27 15:20:21.342,-10.3863,4.13711,-7.64381,0.278866,-0.567495,0.276959,18.224000000000004
1772223621343357535,2026-02-27 15:20:21.343,-10.4672,4.12913,-8.37101,0.287847,-0.571099,0.285599,18.22500000000001
1772223621344541263,2026-02-27 15:20:21.344,-10.478,4.07646,-8.52076,0.295843,-0.575151,0.287003,18.226
1772223621345670634,2026-02-27 15:20:21.345,-10.4996,4.07469,-8.6187,0.303529,-0.575583,0.289905,18.227000000000004
1772223621346816940,2026-02-27 15:20:21.346,-10.4987,4.05967,-8.88671,0.316027,-0.575741,0.291081,18.22800000000001
1772223621347985815,2026-02-27 15:20:21.347,-10.5646,4.03595,-9.08738,0.323799,-0.57722,0.293956,18.229
1772223621349173038,2026-02-27 15:20:21.349,-10.5969,4.0377,-10.1896,0.331816,-0.582422,0.30707,18.23100000000001
1772223621350354656,2026-02-27 15:20:21.350,-10.6717,4.13162,-10.0559,0.347553,-0.592749,0.30879,18.232
1772223621351559796,2026-02-27 15:20:21.351,-10.7827,4.08179,-9.66476,0.352664,-0.595106,0.304912,18.233000000000004
1772223621352686616,2026-02-27 15:20:21.352,-10.8384,4.11906,-9.42484,0.35869,-0.5983,0.305697,18.23400000000001
1772223621353855328,2026-02-27 15:20:21.353,-10.8953,4.08017,-9.47403,0.36376,-0.592896,0.31361,18.235
1772223621354981705,2026-02-27 15:20:21.354,-11.0309,3.96924,-9.16309,0.361823,-0.57652,0.322269,18.236000000000004
1772223621356263493,2026-02-27 15:20:21.356,-11.0502,3.99816,-9.12442,0.368481,-0.576912,0.32289,18.238
1772223621357473569,2026-02-27 15:20:21.357,-11.2184,3.90293,-8.25708,0.36881,-0.584622,0.310932,18.239000000000004
1772223621358603019,2026-02-27 15:20:21.358,-11.2067,3.87011,-8.63243,0.370453,-0.58821,0.312284,18.24000000000001
1772223621359729927,2026-02-27 15:20:21.359,-11.1871,3.88909,-9.29574,0.373611,-0.59407,0.320401,18.241
1772223621360876094,2026-02-27 15:20:21.360,-11.216,3.85137,-9.76579,0.37182,-0.599557,0.32659,18.242000000000004
1772223621362045880,2026-02-27 15:20:21.362,-11.19,3.89371,-10.044,0.372708,-0.603502,0.328659,18.244
1772223621363236721,2026-02-27 15:20:21.363,-11.2342,3.89386,-10.1308,0.370652,-0.6081,0.329089,18.245000000000005
1772223621364428473,2026-02-27 15:20:21.364,-11.2129,3.85963,-10.7958,0.368949,-0.613156,0.334071,18.24600000000001
1772223621365551402,2026-02-27 15:20:21.365,-11.1602,3.89987,-11.5369,0.370098,-0.613593,0.338598,18.247
1772223621366681848,2026-02-27 15:20:21.366,-11.1855,3.81891,-11.3022,0.365004,-0.617268,0.33651,18.248000000000005
1772223621367828125,2026-02-27 15:20:21.367,-11.2012,3.78117,-11.2111,0.363772,-0.619689,0.33485,18.24900000000001
1772223621369004009,2026-02-27 15:20:21.369,-11.2297,3.79837,-10.8703,0.360684,-0.621334,0.332247,18.251000000000005
1772223621370173610,2026-02-27 15:20:21.370,-11.2135,3.80726,-10.8191,0.359495,-0.622948,0.330561,18.25200000000001
1772223621371372815,2026-02-27 15:20:21.371,-11.2459,3.74613,-10.9862,0.355091,-0.624582,0.330813,18.253
1772223621372550079,2026-02-27 15:20:21.372,-11.1674,3.76758,-11.0782,0.354386,-0.625278,0.329444,18.254000000000005
1772223621373680475,2026-02-27 15:20:21.373,-11.2155,3.7582,-10.1293,0.356132,-0.626092,0.321281,18.25500000000001
1772223621374828587,2026-02-27 15:20:21.374,-11.2203,3.74688,-10.5836,0.354621,-0.625966,0.325265,18.256
1772223621375999936,2026-02-27 15:20:21.376,-11.1475,3.71777,-10.6214,0.356483,-0.623902,0.325195,18.25800000000001
1772223621377174881,2026-02-27 15:20:21.377,-11.2075,3.73759,-11.3011,0.356047,-0.622366,0.329319,18.259
1772223621378369709,2026-02-27 15:20:21.378,-11.0879,3.63335,-11.5679,0.352219,-0.621338,0.329805,18.260000000000005
1772223621379535775,2026-02-27 15:20:21.379,-11.1106,3.61089,-11.6102,0.350731,-0.619625,0.329939,18.26100000000001
1772223621380666104,2026-02-27 15:20:21.380,-11.083,3.64324,-11.7158,0.352922,-0.618285,0.330763,18.262
1772223621381814044,2026-02-27 15:20:21.381,-11.007,3.64909,-12.6183,0.352844,-0.61524,0.338295,18.263000000000005
1772223621382983662,2026-02-27 15:20:21.382,-11.0217,3.66856,-12.6371,0.355936,-0.611928,0.335115,18.26400000000001
1772223621384154280,2026-02-27 15:20:21.384,-10.9681,3.63458,-12.6805,0.353505,-0.610185,0.335606,18.266000000000005
1772223621385346696,2026-02-27 15:20:21.385,-10.9454,3.60939,-12.0354,0.350687,-0.605608,0.327263,18.26700000000001
1772223621386526228,2026-02-27 15:20:21.386,-10.897,3.67608,-12.0701,0.351564,-0.602611,0.326586,18.268
1772223621387655038,2026-02-27 15:20:21.387,-10.8452,3.64223,-12.0603,0.350141,-0.6007,0.325203,18.269000000000005
1772223621388802917,2026-02-27 15:20:21.388,-10.8537,3.67666,-12.1397,0.350046,-0.598074,0.324928,18.27000000000001
1772223621389975720,2026-02-27 15:20:21.389,-10.8216,3.63428,-11.6088,0.348039,-0.596095,0.318487,18.271
1772223621391145161,2026-02-27 15:20:21.391,-10.7995,3.64818,-11.3397,0.346006,-0.593337,0.314702,18.27300000000001
1772223621392334848,2026-02-27 15:20:21.392,-10.7707,3.66177,-11.761,0.345087,-0.590175,0.316957,18.274
1772223621393513043,2026-02-27 15:20:21.393,-10.7097,3.65543,-12.6069,0.341064,-0.585019,0.321844,18.275000000000006
1772223621394643729,2026-02-27 15:20:21.394,-10.7219,3.62568,-12.783,0.337597,-0.582554,0.32056,18.27600000000001
1772223621395790932,2026-02-27 15:20:21.395,-10.6361,3.63775,-12.7581,0.340102,-0.57997,0.320332,18.277
1772223621396963690,2026-02-27 15:20:21.396,-10.5752,3.67991,-12.873,0.342768,-0.576375,0.319618,18.278000000000006
1772223621398133702,2026-02-27 15:20:21.398,-10.5535,3.66372,-12.995,0.336842,-0.574069,0.319371,18.28
1772223621399309131,2026-02-27 15:20:21.399,-10.5182,3.67935,-14.0709,0.335744,-0.572002,0.328324,18.281000000000006
1772223621400532194,2026-02-27 15:20:21.400,-10.4179,3.62639,-13.8055,0.33406,-0.566861,0.322292,18.28200000000001
1772223621401662809,2026-02-27 15:20:21.401,-10.4395,3.61641,-13.3511,0.329881,-0.56494,0.317947,18.283
1772223621402832956,2026-02-27 15:20:21.402,-10.3647,3.61775,-13.2926,0.331357,-0.562463,0.315582,18.284000000000006
1772223621404002594,2026-02-27 15:20:21.404,-10.3811,3.6235,-13.4336,0.329096,-0.559756,0.315215,18.286
1772223621405197865,2026-02-27 15:20:21.405,-10.3522,3.58596,-13.4491,0.325331,-0.557422,0.314415,18.287000000000006
1772223621406388750,2026-02-27 15:20:21.406,-10.2285,3.64945,-12.5704,0.328197,-0.552288,0.305236,18.28800000000001
1772223621407550502,2026-02-27 15:20:21.407,-10.2371,3.60057,-12.8225,0.329104,-0.54884,0.306537,18.289
1772223621408680995,2026-02-27 15:20:21.408,-10.2472,3.61883,-13.007,0.324982,-0.545714,0.306532,18.290000000000006
1772223621409827005,2026-02-27 15:20:21.409,-10.1709,3.65712,-13.6123,0.328442,-0.543146,0.312404,18.29100000000001
1772223621410999579,2026-02-27 15:20:21.411,-10.1492,3.65915,-13.9252,0.329082,-0.540972,0.313696,18.293000000000006
1772223621412168791,2026-02-27 15:20:21.412,-10.1396,3.68108,-14.0229,0.32861,-0.537141,0.313154,18.29400000000001
1772223621413362127,2026-02-27 15:20:21.413,-10.1554,3.70385,-14.1439,0.331333,-0.534748,0.31313,18.295
1772223621414544324,2026-02-27 15:20:21.414,-10.1176,3.7259,-14.7274,0.334323,-0.528653,0.318751,18.296000000000006
1772223621415673016,2026-02-27 15:20:21.415,-10.0306,3.73975,-14.9871,0.337402,-0.526432,0.321588,18.29700000000001
1772223621416823993,2026-02-27 15:20:21.416,-10.0724,3.79268,-14.8156,0.342629,-0.523722,0.320522,18.298000000000002
1772223621417996441,2026-02-27 15:20:21.417,-9.9751,3.81397,-14.5279,0.344968,-0.521817,0.317454,18.299000000000007
1772223621419164960,2026-02-27 15:20:21.419,-9.99973,3.87246,-14.2195,0.349015,-0.519209,0.314085,18.301000000000002
1772223621420357629,2026-02-27 15:20:21.420,-10.0241,3.89982,-14.1899,0.354068,-0.517026,0.312921,18.302000000000007
1772223621421535496,2026-02-27 15:20:21.421,-10.003,3.91871,-14.2152,0.358114,-0.51534,0.314033,18.30300000000001
1772223621422666341,2026-02-27 15:20:21.422,-9.9909,3.97808,-13.9827,0.363134,-0.515892,0.313019,18.304000000000002
1772223621423812509,2026-02-27 15:20:21.423,-10.0991,4.05443,-13.1749,0.365972,-0.516139,0.30765,18.305000000000007
1772223621424983254,2026-02-27 15:20:21.424,-10.0398,4.13654,-13.6833,0.375593,-0.514336,0.3114,18.30600000000001
1772223621426152613,2026-02-27 15:20:21.426,-10.0496,4.16,-13.6535,0.378314,-0.51469,0.313206,18.308000000000007
1772223621427322965,2026-02-27 15:20:21.427,-10.0744,4.19519,-14.2366,0.379329,-0.514973,0.318283,18.30900000000001
1772223621428519919,2026-02-27 15:20:21.428,-10.1089,4.2176,-14.3149,0.386192,-0.515444,0.3212,18.310000000000002
1772223621429650837,2026-02-27 15:20:21.429,-10.0229,4.27164,-14.3358,0.391539,-0.518242,0.32175,18.311000000000007
1772223621430798086,2026-02-27 15:20:21.430,-10.0618,4.29544,-14.2864,0.393897,-0.518569,0.323575,18.312000000000012
1772223621431966818,2026-02-27 15:20:21.431,-10.0473,4.34757,-15.2891,0.397208,-0.521224,0.333831,18.313000000000002
1772223621433141508,2026-02-27 15:20:21.433,-10.1465,4.32226,-15.0092,0.399232,-0.521987,0.331305,18.315000000000012
1772223621434310816,2026-02-27 15:20:21.434,-10.1515,4.38009,-15.008,0.404435,-0.524497,0.334477,18.316000000000003
1772223621435515882,2026-02-27 15:20:21.435,-10.1745,4.47924,-14.3456,0.413348,-0.528166,0.330025,18.317000000000007
1772223621436643848,2026-02-27 15:20:21.436,-10.2232,4.46187,-14.2907,0.412816,-0.530711,0.330741,18.318000000000012
1772223621437790047,2026-02-27 15:20:21.437,-10.1969,4.49897,-14.3422,0.418912,-0.531775,0.332784,18.319000000000003
1772223621438959580,2026-02-27 15:20:21.438,-10.2886,4.45832,-14.3171,0.417155,-0.534965,0.334761,18.320000000000007
1772223621440129427,2026-02-27 15:20:21.440,-10.2718,4.466,-13.5472,0.421634,-0.538191,0.329342,18.322000000000003
1772223621441297720,2026-02-27 15:20:21.441,-10.2434,4.47076,-13.452,0.424938,-0.541182,0.330563,18.323000000000008
1772223621442494205,2026-02-27 15:20:21.442,-10.2929,4.51461,-14.0786,0.43108,-0.547551,0.339251,18.324000000000012
1772223621443624726,2026-02-27 15:20:21.443,-10.3298,4.47795,-14.539,0.433858,-0.550808,0.344231,18.325000000000003
1772223621444771676,2026-02-27 15:20:21.444,-10.3497,4.49626,-14.6355,0.433891,-0.554458,0.34639,18.326000000000008
1772223621445942335,2026-02-27 15:20:21.445,-10.4146,4.53849,-14.6529,0.439875,-0.556387,0.349158,18.327000000000012
1772223621447112081,2026-02-27 15:20:21.447,-10.3878,4.52868,-14.7291,0.445344,-0.560007,0.348623,18.329000000000008
1772223621448285005,2026-02-27 15:20:21.448,-10.4265,4.51037,-15.0128,0.441119,-0.564197,0.35422,18.330000000000013
1772223621449482607,2026-02-27 15:20:21.449,-10.4606,4.49239,-15.7973,0.443933,-0.56855,0.362038,18.331000000000003
1772223621450612697,2026-02-27 15:20:21.450,-10.4893,4.51664,-15.4773,0.449952,-0.574278,0.359892,18.332000000000008
1772223621451759051,2026-02-27 15:20:21.451,-10.541,4.51743,-15.1006,0.448324,-0.577939,0.358015,18.333000000000013
1772223621452929717,2026-02-27 15:20:21.452,-10.5227,4.47925,-15.0196,0.449703,-0.58183,0.358115,18.334000000000003
1772223621454099522,2026-02-27 15:20:21.454,-10.5119,4.49453,-15.192,0.450738,-0.584384,0.359577,18.336000000000013
1772223621455270055,2026-02-27 15:20:21.455,-10.5601,4.46184,-15.2644,0.450391,-0.58752,0.361082,18.337000000000003
1772223621456477508,2026-02-27 15:20:21.456,-10.5386,4.45435,-15.351,0.452279,-0.590416,0.361955,18.338000000000008
1772223621457606641,2026-02-27 15:20:21.457,-10.5122,4.47553,-14.8526,0.454534,-0.59455,0.357422,18.339
1772223621458753262,2026-02-27 15:20:21.458,-10.4979,4.43746,-14.9556,0.454264,-0.596613,0.357575,18.340000000000003
1772223621459927360,2026-02-27 15:20:21.459,-10.5366,4.40103,-15.6695,0.454393,-0.598594,0.363838,18.341000000000008
1772223621461096117,2026-02-27 15:20:21.461,-10.5609,4.35397,-15.996,0.452628,-0.600698,0.366844,18.343000000000004
1772223621462264442,2026-02-27 15:20:21.462,-10.5538,4.38609,-16.0002,0.454464,-0.602477,0.367561,18.34400000000001
1772223621463475934,2026-02-27 15:20:21.463,-10.5406,4.3637,-16.1299,0.455262,-0.603188,0.368779,18.345
1772223621464606458,2026-02-27 15:20:21.464,-10.6235,4.33763,-17.2504,0.452375,-0.604495,0.377765,18.346000000000004
1772223621465737215,2026-02-27 15:20:21.465,-10.6406,4.28252,-17.3184,0.452914,-0.605041,0.378794,18.34700000000001
1772223621466986716,2026-02-27 15:20:21.466,-10.6126,4.2829,-17.3135,0.453617,-0.605265,0.378159,18.348
1772223621468156601,2026-02-27 15:20:21.468,-10.5792,4.24718,-16.9645,0.455139,-0.607003,0.374739,18.35000000000001
1772223621469327607,2026-02-27 15:20:21.469,-10.6806,4.2398,-16.702,0.452745,-0.607977,0.371485,18.351
1772223621470503872,2026-02-27 15:20:21.470,-10.5458,4.26094,-16.8181,0.458922,-0.607932,0.371271,18.352000000000004
1772223621471635387,2026-02-27 15:20:21.471,-10.594,4.22495,-17.0704,0.455948,-0.608671,0.372156,18.35300000000001
1772223621472782304,2026-02-27 15:20:21.472,-10.6864,4.08105,-17.0242,0.463352,-0.610761,0.36508,18.354
1772223621473952391,2026-02-27 15:20:21.473,-10.7273,4.08253,-16.7332,0.462443,-0.608369,0.360938,18.355000000000004
1772223621475134281,2026-02-27 15:20:21.475,-10.6349,4.13124,-17.2568,0.469245,-0.607926,0.366953,18.357
1772223621476312437,2026-02-27 15:20:21.476,-10.6198,4.21808,-17.4977,0.472405,-0.604111,0.369858,18.358000000000004
1772223621477513507,2026-02-27 15:20:21.477,-10.5695,4.29108,-18.0735,0.47381,-0.60374,0.374062,18.35900000000001
1772223621478641875,2026-02-27 15:20:21.478,-10.5715,4.22593,-18.2231,0.469752,-0.603501,0.374924,18.36
1772223621479809902,2026-02-27 15:20:21.479,-10.651,4.20429,-18.3642,0.468177,-0.602128,0.374399,18.361000000000004
1772223621480980367,2026-02-27 15:20:21.480,-10.5621,4.20469,-18.3104,0.466348,-0.603878,0.375648,18.36200000000001
1772223621482150801,2026-02-27 15:20:21.482,-10.5354,4.17775,-19.447,0.468173,-0.603044,0.384628,18.364000000000004
1772223621483321541,2026-02-27 15:20:21.483,-10.5639,4.20826,-19.0837,0.466168,-0.602591,0.381822,18.36500000000001
1772223621484544744,2026-02-27 15:20:21.484,-10.5707,4.19446,-19.2448,0.465073,-0.601551,0.381478,18.366
1772223621485675882,2026-02-27 15:20:21.485,-10.5148,4.17132,-18.5656,0.464241,-0.599959,0.374291,18.367000000000004
1772223621486847983,2026-02-27 15:20:21.486,-10.5276,4.22619,-18.7087,0.465884,-0.597886,0.374466,18.36800000000001
1772223621488017655,2026-02-27 15:20:21.488,-10.4804,4.21335,-18.741,0.460368,-0.59713,0.373006,18.370000000000005
1772223621489187790,2026-02-27 15:20:21.489,-10.5223,4.23467,-18.8614,0.456232,-0.59493,0.372429,18.37100000000001
1772223621490357789,2026-02-27 15:20:21.490,-10.4759,4.21789,-17.9159,0.461957,-0.59425,0.365335,18.372
1772223621491549317,2026-02-27 15:20:21.491,-10.5013,4.23038,-18.0405,0.462315,-0.592311,0.365693,18.373000000000005
1772223621492679997,2026-02-27 15:20:21.492,-10.4856,4.28622,-18.7209,0.462245,-0.588973,0.370201,18.37400000000001
1772223621493827501,2026-02-27 15:20:21.493,-10.4206,4.26314,-19.0773,0.463411,-0.586777,0.372082,18.375
1772223621494997486,2026-02-27 15:20:21.494,-10.4322,4.3016,-19.1167,0.463337,-0.585664,0.371856,18.376000000000005
1772223621496167856,2026-02-27 15:20:21.496,-10.3945,4.29274,-19.1156,0.461397,-0.583594,0.371759,18.378
1772223621497344335,2026-02-27 15:20:21.497,-10.3341,4.40287,-19.0838,0.462935,-0.581217,0.370304,18.379000000000005
1772223621498556900,2026-02-27 15:20:21.498,-10.3663,4.40342,-19.6054,0.462429,-0.578013,0.375316,18.38000000000001
1772223621499687416,2026-02-27 15:20:21.499,-10.3347,4.56131,-19.7482,0.465834,-0.573266,0.375733,18.381
1772223621500834179,2026-02-27 15:20:21.500,-10.2777,4.53924,-19.4628,0.466514,-0.571091,0.372837,18.382000000000005
1772223621502004647,2026-02-27 15:20:21.502,-10.2365,4.55954,-19.1521,0.467802,-0.568945,0.369147,18.384
1772223621503175006,2026-02-27 15:20:21.503,-10.2524,4.63008,-18.9728,0.469315,-0.56629,0.366722,18.385000000000005
1772223621504350815,2026-02-27 15:20:21.504,-10.2532,4.69234,-18.9339,0.471057,-0.563167,0.367195,18.38600000000001
1772223621505550614,2026-02-27 15:20:21.505,-10.1972,4.73957,-18.952,0.473747,-0.561077,0.367204,18.387
1772223621506681369,2026-02-27 15:20:21.506,-10.2676,4.86425,-17.8921,0.476782,-0.554463,0.357823,18.388000000000005
1772223621507830007,2026-02-27 15:20:21.507,-10.1701,4.83872,-18.398,0.477942,-0.551718,0.360875,18.38900000000001
1772223621509000287,2026-02-27 15:20:21.509,-10.1886,4.92622,-18.3291,0.475969,-0.547943,0.359592,18.391000000000005
1772223621510171259,2026-02-27 15:20:21.510,-10.1504,5.02101,-18.858,0.481708,-0.545848,0.366254,18.39200000000001
1772223621511342029,2026-02-27 15:20:21.511,-10.1957,5.02659,-18.9916,0.47873,-0.542527,0.367806,18.393
1772223621512523541,2026-02-27 15:20:21.512,-10.132,5.08659,-19.0468,0.48444,-0.540745,0.367438,18.394000000000005
1772223621513652733,2026-02-27 15:20:21.513,-10.1026,5.19334,-19.0266,0.487845,-0.534743,0.367899,18.39500000000001
1772223621514800789,2026-02-27 15:20:21.514,-10.0524,5.23435,-20.0271,0.491157,-0.53307,0.378066,18.396
1772223621515972592,2026-02-27 15:20:21.515,-10.0424,5.30856,-19.7706,0.492404,-0.531943,0.376329,18.397000000000006
1772223621517142412,2026-02-27 15:20:21.517,-9.98589,5.35303,-19.6868,0.494774,-0.528522,0.376366,18.399
1772223621518310860,2026-02-27 15:20:21.518,-10.0137,5.4147,-19.1517,0.497574,-0.527418,0.372481,18.400000000000006
1772223621519486656,2026-02-27 15:20:21.519,-9.97576,5.43571,-18.9862,0.501759,-0.523966,0.369394,18.40100000000001
1772223621520616070,2026-02-27 15:20:21.520,-9.96372,5.49268,-18.93,0.503148,-0.52228,0.370307,18.402
1772223621521761125,2026-02-27 15:20:21.521,-9.91388,5.52276,-18.9722,0.509605,-0.517205,0.371186,18.403000000000006
1772223621522930548,2026-02-27 15:20:21.522,-9.98675,5.57671,-18.2662,0.511681,-0.516174,0.365907,18.40400000000001
1772223621524099706,2026-02-27 15:20:21.524,-9.97111,5.68113,-17.9523,0.51574,-0.515126,0.364916,18.406000000000006
1772223621525268713,2026-02-27 15:20:21.525,-9.95992,5.67547,-18.1534,0.517919,-0.514673,0.367825,18.40700000000001
1772223621526437072,2026-02-27 15:20:21.526,-9.94635,5.69752,-18.5454,0.522209,-0.510769,0.37213,18.408
1772223621527583472,2026-02-27 15:20:21.527,-9.94092,5.75903,-19.075,0.525123,-0.507646,0.375514,18.409000000000006
1772223621528714206,2026-02-27 15:20:21.528,-9.87061,5.76435,-19.2074,0.528476,-0.504769,0.377567,18.41000000000001
1772223621529860685,2026-02-27 15:20:21.529,-9.77777,5.75733,-19.2469,0.533759,-0.502912,0.377999,18.411
1772223621531029550,2026-02-27 15:20:21.531,-9.80709,5.77096,-19.4076,0.535706,-0.499637,0.380916,18.41300000000001
1772223621532220950,2026-02-27 15:20:21.532,-9.77847,5.82403,-20.3928,0.542349,-0.497887,0.388829,18.414
1772223621533398107,2026-02-27 15:20:21.533,-9.76798,5.83095,-19.9874,0.542196,-0.497046,0.386044,18.415000000000006
1772223621534537424,2026-02-27 15:20:21.534,-9.75187,5.77065,-20.0299,0.54212,-0.496292,0.386393,18.41600000000001
1772223621535664643,2026-02-27 15:20:21.535,-9.64024,5.79949,-19.4891,0.548482,-0.494629,0.382266,18.417
1772223621536815051,2026-02-27 15:20:21.536,-9.65452,5.82344,-19.5946,0.54958,-0.493543,0.382877,18.418000000000006
1772223621537965085,2026-02-27 15:20:21.537,-9.665,5.79439,-19.7,0.549347,-0.491957,0.383421,18.41900000000001
1772223621539116607,2026-02-27 15:20:21.539,-9.69089,5.77429,-19.7016,0.548524,-0.490626,0.3836,18.421000000000006
1772223621540267495,2026-02-27 15:20:21.540,-9.64149,5.77466,-18.7272,0.55244,-0.491813,0.375025,18.42200000000001
1772223621541417947,2026-02-27 15:20:21.541,-9.57559,5.75394,-19.0927,0.551973,-0.491299,0.378174,18.423000000000002
1772223621542522758,2026-02-27 15:20:21.542,-9.59478,5.76562,-19.1591,0.55395,-0.491187,0.379049,18.424000000000007
1772223621543629384,2026-02-27 15:20:21.543,-9.52851,5.73196,-20.1862,0.551277,-0.490923,0.386697,18.42500000000001
1772223621544753115,2026-02-27 15:20:21.544,-9.487,5.72599,-20.2489,0.552252,-0.491829,0.387096,18.426000000000002
1772223621545885892,2026-02-27 15:20:21.545,-9.48907,5.71268,-20.3114,0.552788,-0.492994,0.387298,18.427000000000007
1772223621547017632,2026-02-27 15:20:21.547,-9.46905,5.70327,-20.4606,0.551088,-0.494044,0.388247,18.429000000000002
1772223621548149251,2026-02-27 15:20:21.548,-9.42729,5.63489,-21.2417,0.549474,-0.494873,0.395637,18.430000000000007
1772223621549286558,2026-02-27 15:20:21.549,-9.42282,5.58478,-21.5544,0.549392,-0.495517,0.396724,18.43100000000001
1772223621550418006,2026-02-27 15:20:21.550,-9.43774,5.57757,-21.4481,0.548369,-0.496366,0.395924,18.432000000000002
1772223621551515906,2026-02-27 15:20:21.551,-9.456,5.53946,-21.1416,0.547192,-0.498418,0.392458,18.433000000000007
1772223621552607779,2026-02-27 15:20:21.552,-9.41574,5.53168,-20.8632,0.546944,-0.498947,0.390451,18.43400000000001
1772223621553703718,2026-02-27 15:20:21.553,-9.38347,5.46851,-21.0273,0.545214,-0.502283,0.390535,18.435000000000002
1772223621554874697,2026-02-27 15:20:21.554,-9.53284,5.39089,-21.0683,0.539908,-0.503087,0.389815,18.436000000000007
1772223621556051890,2026-02-27 15:20:21.556,-9.47485,5.37597,-20.8959,0.54382,-0.505204,0.388701,18.438000000000002
1772223621557221392,2026-02-27 15:20:21.557,-9.48207,5.3782,-20.3071,0.543348,-0.506373,0.38263,18.439000000000007
1772223621558406907,2026-02-27 15:20:21.558,-9.48662,5.31994,-20.8025,0.540849,-0.50821,0.386575,18.440000000000012
1772223621559570368,2026-02-27 15:20:21.559,-9.47748,5.30252,-20.957,0.542303,-0.510434,0.388461,18.441000000000003
1772223621560662381,2026-02-27 15:20:21.560,-9.4014,5.23364,-21.8031,0.53913,-0.513575,0.393234,18.442000000000007
1772223621561754549,2026-02-27 15:20:21.561,-9.42365,5.23198,-21.825,0.535829,-0.514854,0.393184,18.443000000000012
1772223621562907318,2026-02-27 15:20:21.562,-9.39505,5.16998,-22.0089,0.536051,-0.517447,0.393289,18.444000000000003
1772223621564095853,2026-02-27 15:20:21.564,-9.37717,5.17862,-22.0311,0.534176,-0.519041,0.393469,18.446000000000012
1772223621565244126,2026-02-27 15:20:21.565,-9.3159,5.11856,-23.171,0.53256,-0.520716,0.402803,18.447000000000003
1772223621566460335,2026-02-27 15:20:21.566,-9.37494,5.07123,-22.9656,0.530921,-0.522652,0.399074,18.448000000000008
1772223621567575682,2026-02-27 15:20:21.567,-9.38347,5.04445,-23.072,0.528748,-0.523324,0.399611,18.449000000000012
1772223621568666175,2026-02-27 15:20:21.568,-9.44554,4.97664,-22.6297,0.522824,-0.522688,0.393739,18.450000000000003
1772223621569802636,2026-02-27 15:20:21.569,-9.41464,4.97762,-22.5405,0.520951,-0.52479,0.392482,18.451000000000008
1772223621570963442,2026-02-27 15:20:21.570,-9.37979,4.95952,-22.6351,0.51925,-0.526356,0.39132,18.452000000000012
1772223621572143509,2026-02-27 15:20:21.572,-9.42042,4.96775,-22.6583,0.517613,-0.526957,0.391523,18.454000000000008
1772223621573326155,2026-02-27 15:20:21.573,-9.36967,4.9188,-21.8732,0.516281,-0.528634,0.383567,18.455000000000013
1772223621574512869,2026-02-27 15:20:21.574,-9.38239,4.94228,-21.8897,0.516107,-0.528305,0.382929,18.456000000000003
1772223621575614780,2026-02-27 15:20:21.575,-9.37889,4.89063,-22.1369,0.516687,-0.527821,0.383408,18.457000000000008
1772223621576821598,2026-02-27 15:20:21.576,-9.35904,4.95133,-22.9615,0.513,-0.528409,0.391023,18.458000000000013
1772223621577972500,2026-02-27 15:20:21.577,-9.32562,4.89837,-22.977,0.511719,-0.528508,0.3903,18.459000000000003
1772223621579152368,2026-02-27 15:20:21.579,-9.39983,4.90823,-23.0596,0.507123,-0.528195,0.389988,18.461000000000013
1772223621580335177,2026-02-27 15:20:21.580,-9.34775,4.91088,-23.0334,0.509829,-0.528266,0.389391,18.462000000000003
1772223621581534371,2026-02-27 15:20:21.581,-9.3368,4.92306,-23.4183,0.507883,-0.528215,0.392128,18.463000000000008
1772223621582662342,2026-02-27 15:20:21.582,-9.31888,4.89724,-24.102,0.505616,-0.526689,0.396997,18.464
1772223621583831389,2026-02-27 15:20:21.583,-9.32086,4.93017,-23.7704,0.504974,-0.527228,0.392921,18.465000000000003
1772223621584995958,2026-02-27 15:20:21.584,-9.31404,4.93568,-23.196,0.501327,-0.525331,0.38587,18.466000000000008
1772223621586188250,2026-02-27 15:20:21.586,-9.23101,4.9676,-23.0362,0.503682,-0.524438,0.383615,18.468000000000004
1772223621587380116,2026-02-27 15:20:21.587,-9.26742,5.00331,-23.121,0.50224,-0.52272,0.38398,18.46900000000001
1772223621588559045,2026-02-27 15:20:21.588,-9.22938,4.97973,-23.1582,0.499868,-0.522002,0.383437,18.47
1772223621589685940,2026-02-27 15:20:21.589,-9.25554,5.02692,-23.1061,0.499218,-0.521535,0.381564,18.471000000000004
1772223621590862548,2026-02-27 15:20:21.590,-9.18823,5.04365,-22.0838,0.498448,-0.519053,0.371792,18.47200000000001
1772223621592034508,2026-02-27 15:20:21.592,-9.16059,5.09336,-22.4423,0.49681,-0.51754,0.373685,18.474000000000004
1772223621593231808,2026-02-27 15:20:21.593,-9.1992,5.08281,-23.0287,0.492951,-0.515354,0.379031,18.47500000000001
1772223621594427819,2026-02-27 15:20:21.594,-9.15856,5.10515,-23.3127,0.492813,-0.512308,0.379029,18.476
1772223621595572973,2026-02-27 15:20:21.595,-9.18247,5.11548,-23.2857,0.48639,-0.510404,0.377619,18.477000000000004
1772223621596720393,2026-02-27 15:20:21.596,-9.09333,5.17641,-23.2412,0.48729,-0.50849,0.377402,18.47800000000001
1772223621597897371,2026-02-27 15:20:21.597,-9.04869,5.13441,-24.017,0.481023,-0.506287,0.383811,18.479
1772223621599067558,2026-02-27 15:20:21.599,-9.024,5.15964,-23.9767,0.481311,-0.500301,0.380972,18.48100000000001
1772223621600263741,2026-02-27 15:20:21.600,-8.97339,5.21994,-24.0423,0.4838,-0.494109,0.378977,18.482
1772223621601474027,2026-02-27 15:20:21.601,-8.936,5.22164,-23.483,0.480145,-0.490132,0.37443,18.483000000000004
1772223621602604267,2026-02-27 15:20:21.602,-8.92239,5.2889,-23.3751,0.483643,-0.485826,0.370683,18.48400000000001
1772223621603738832,2026-02-27 15:20:21.603,-8.92653,5.33605,-23.3114,0.481073,-0.482777,0.37022,18.485
1772223621604908731,2026-02-27 15:20:21.604,-8.88006,5.36826,-23.3479,0.483335,-0.478132,0.369955,18.486000000000004
1772223621606078053,2026-02-27 15:20:21.606,-8.83652,5.373,-22.7813,0.486519,-0.478422,0.364549,18.488
1772223621607277963,2026-02-27 15:20:21.607,-8.77339,5.44345,-22.4282,0.491773,-0.473979,0.360946,18.489000000000004
1772223621608490568,2026-02-27 15:20:21.608,-8.77566,5.42607,-22.6665,0.489321,-0.471774,0.363071,18.49000000000001
1772223621609618100,2026-02-27 15:20:21.609,-8.75628,5.4453,-22.9253,0.490396,-0.468998,0.365472,18.491
1772223621610791816,2026-02-27 15:20:21.610,-8.72324,5.47317,-23.416,0.493772,-0.465379,0.369273,18.492000000000004
1772223621611966906,2026-02-27 15:20:21.611,-8.63463,5.54385,-23.3884,0.497683,-0.458731,0.368831,18.49300000000001
1772223621613142051,2026-02-27 15:20:21.613,-8.60011,5.56873,-23.3437,0.497286,-0.455866,0.368372,18.495000000000005
1772223621614344051,2026-02-27 15:20:21.614,-8.59759,5.59572,-23.3845,0.498457,-0.452605,0.368552,18.49600000000001
1772223621615556132,2026-02-27 15:20:21.615,-8.56559,5.64343,-24.4163,0.499545,-0.448612,0.377138,18.497
1772223621616685881,2026-02-27 15:20:21.616,-8.58131,5.67865,-23.9392,0.499267,-0.445815,0.372683,18.498000000000005
1772223621617862513,2026-02-27 15:20:21.617,-8.51144,5.70087,-24.0215,0.502763,-0.443304,0.373286,18.49900000000001
1772223621619036103,2026-02-27 15:20:21.619,-8.52591,5.7298,-23.3241,0.502527,-0.437873,0.366347,18.501000000000005
1772223621620226849,2026-02-27 15:20:21.620,-8.51871,5.75563,-23.4522,0.507561,-0.43513,0.367632,18.50200000000001
1772223621621423007,2026-02-27 15:20:21.621,-8.5025,5.79363,-23.4298,0.507861,-0.433662,0.367427,18.503
1772223621622562902,2026-02-27 15:20:21.622,-8.47496,5.84084,-23.404,0.509874,-0.431736,0.366824,18.504000000000005
1772223621623697427,2026-02-27 15:20:21.623,-8.50702,5.89897,-22.5829,0.515385,-0.428427,0.356713,18.50500000000001
1772223621624916014,2026-02-27 15:20:21.624,-8.45025,5.86613,-22.5926,0.514851,-0.42791,0.361551,18.506
1772223621626087882,2026-02-27 15:20:21.626,-8.37631,5.92143,-23.2974,0.52069,-0.424392,0.3672,18.50800000000001
1772223621627279980,2026-02-27 15:20:21.627,-8.40653,5.9226,-23.6224,0.523161,-0.423042,0.370275,18.509
1772223621628488977,2026-02-27 15:20:21.628,-8.39743,5.93096,-23.602,0.526163,-0.421072,0.370532,18.510000000000005
1772223621629624554,2026-02-27 15:20:21.629,-8.47816,5.92571,-23.6605,0.524716,-0.419294,0.369846,18.51100000000001
1772223621630817909,2026-02-27 15:20:21.630,-8.42074,5.94273,-23.6717,0.530405,-0.419266,0.372071,18.512
1772223621631993252,2026-02-27 15:20:21.631,-8.34143,5.97926,-24.3581,0.533522,-0.416509,0.377885,18.513000000000005
1772223621633179670,2026-02-27 15:20:21.633,-8.36754,5.97962,-24.6649,0.539231,-0.416053,0.381475,18.515
1772223621634376389,2026-02-27 15:20:21.634,-8.35958,6.00666,-24.4003,0.540812,-0.416151,0.378462,18.516000000000005
1772223621635570791,2026-02-27 15:20:21.635,-8.36937,5.97726,-24.0977,0.542951,-0.416041,0.375884,18.51700000000001
1772223621636719642,2026-02-27 15:20:21.636,-8.33518,5.9886,-23.9916,0.546678,-0.415048,0.375566,18.518
1772223621637904529,2026-02-27 15:20:21.637,-8.26279,5.96399,-24.0549,0.547245,-0.415621,0.376137,18.519000000000005
1772223621639079039,2026-02-27 15:20:21.639,-8.35523,5.96736,-24.0523,0.549088,-0.414998,0.375582,18.521
1772223621640278589,2026-02-27 15:20:21.640,-8.35609,6.04758,-23.2858,0.556319,-0.415177,0.370863,18.522000000000006
1772223621641490014,2026-02-27 15:20:21.641,-8.37113,6.04204,-23.6989,0.558409,-0.414884,0.374952,18.52300000000001
1772223621642623341,2026-02-27 15:20:21.642,-8.35465,6.03393,-23.8476,0.558338,-0.415378,0.37593,18.524
1772223621643815024,2026-02-27 15:20:21.643,-8.41046,6.02165,-24.4355,0.55929,-0.416085,0.381642,18.525000000000006
1772223621644998389,2026-02-27 15:20:21.644,-8.37944,5.99068,-24.6304,0.564248,-0.417624,0.383763,18.52600000000001
1772223621646169033,2026-02-27 15:20:21.646,-8.36499,6.00395,-24.6586,0.568218,-0.420503,0.385154,18.528000000000006
1772223621647367521,2026-02-27 15:20:21.647,-8.41369,6.00156,-24.7114,0.569064,-0.421512,0.386893,18.52900000000001
1772223621648561920,2026-02-27 15:20:21.648,-8.38718,5.99577,-25.852,0.569391,-0.423477,0.396321,18.53
1772223621649697841,2026-02-27 15:20:21.649,-8.46472,5.94417,-25.6135,0.568004,-0.426256,0.393704,18.531000000000006
1772223621650891105,2026-02-27 15:20:21.650,-8.46223,5.99648,-25.665,0.571572,-0.428202,0.395516,18.53200000000001
1772223621652065570,2026-02-27 15:20:21.652,-8.47411,5.95529,-25.1295,0.571397,-0.431325,0.391353,18.534000000000006
1772223621653239085,2026-02-27 15:20:21.653,-8.47312,5.97893,-24.9252,0.572219,-0.43672,0.391148,18.53500000000001
1772223621654434985,2026-02-27 15:20:21.654,-8.56488,5.93735,-24.9767,0.571754,-0.43917,0.392458,18.536
1772223621655557302,2026-02-27 15:20:21.655,-8.57404,5.94861,-25.037,0.568226,-0.443008,0.391993,18.537000000000006
1772223621656691496,2026-02-27 15:20:21.656,-8.55707,5.92245,-24.3774,0.568589,-0.44616,0.384484,18.53800000000001
1772223621657869413,2026-02-27 15:20:21.657,-8.62146,5.93033,-24.2578,0.568227,-0.448565,0.384619,18.539
1772223621659046023,2026-02-27 15:20:21.659,-8.58537,5.88188,-24.4333,0.564632,-0.451848,0.386372,18.54100000000001
1772223621660216245,2026-02-27 15:20:21.660,-8.6062,5.89117,-25.3909,0.563061,-0.456871,0.395515,18.542
1772223621661413560,2026-02-27 15:20:21.661,-8.62873,5.87597,-25.4756,0.559322,-0.459876,0.395653,18.543000000000006
1772223621662561343,2026-02-27 15:20:21.662,-8.67055,5.78901,-25.5601,0.557005,-0.462898,0.395792,18.54400000000001
1772223621663689612,2026-02-27 15:20:21.663,-8.65288,5.84854,-25.6394,0.555803,-0.464997,0.39535,18.545
1772223621664888800,2026-02-27 15:20:21.664,-8.6605,5.85871,-25.9025,0.552848,-0.467681,0.39797,18.546000000000006
1772223621666064148,2026-02-27 15:20:21.666,-8.61411,5.80475,-26.784,0.550354,-0.468675,0.40508,18.548000000000002
1772223621667254684,2026-02-27 15:20:21.667,-8.66882,5.82114,-26.4723,0.546592,-0.470878,0.400547,18.549000000000007
1772223621668472529,2026-02-27 15:20:21.668,-8.62991,5.83118,-26.0224,0.545533,-0.47233,0.397147,18.55000000000001
1772223621669603747,2026-02-27 15:20:21.669,-8.7222,5.80233,-25.8875,0.540378,-0.473308,0.394602,18.551000000000002
1772223621670738488,2026-02-27 15:20:21.670,-8.65986,5.78516,-26.0343,0.53934,-0.474698,0.395329,18.552000000000007
1772223621671868381,2026-02-27 15:20:21.671,-8.65642,5.76725,-26.1129,0.538565,-0.475104,0.394837,18.55300000000001
1772223621673054757,2026-02-27 15:20:21.673,-8.66444,5.78956,-26.1545,0.536101,-0.475701,0.394788,18.555000000000007
1772223621674228392,2026-02-27 15:20:21.674,-8.65792,5.83191,-25.588,0.536897,-0.475594,0.389154,18.55600000000001
1772223621675428033,2026-02-27 15:20:21.675,-8.67194,5.78989,-25.6001,0.531413,-0.475787,0.387526,18.557000000000002
1772223621676563448,2026-02-27 15:20:21.676,-8.62337,5.71549,-26.2041,0.532423,-0.476009,0.392916,18.558000000000007
1772223621677721685,2026-02-27 15:20:21.677,-8.54623,5.80372,-26.5421,0.534043,-0.475081,0.395103,18.55900000000001
1772223621678924741,2026-02-27 15:20:21.678,-8.5952,5.76319,-26.5377,0.531114,-0.473558,0.394173,18.560000000000002
1772223621680099140,2026-02-27 15:20:21.680,-8.60341,5.75152,-26.6586,0.529708,-0.473461,0.39386,18.562000000000012
1772223621681270101,2026-02-27 15:20:21.681,-8.49114,5.77108,-27.5655,0.532034,-0.4713,0.402294,18.563000000000002
1772223621682478870,2026-02-27 15:20:21.682,-8.50206,5.74169,-27.7314,0.532766,-0.469154,0.402817,18.564000000000007
1772223621683610031,2026-02-27 15:20:21.683,-8.51691,5.78084,-27.6001,0.533061,-0.467859,0.401411,18.565000000000012
1772223621684742797,2026-02-27 15:20:21.684,-8.48483,5.77232,-27.2694,0.532195,-0.465251,0.397668,18.566000000000003
1772223621685921034,2026-02-27 15:20:21.685,-8.53429,5.76435,-27.0271,0.528258,-0.464061,0.394521,18.567000000000007
1772223621687217734,2026-02-27 15:20:21.687,-8.45255,5.79377,-27.0812,0.533796,-0.460152,0.394091,18.569000000000003
1772223621688549215,2026-02-27 15:20:21.688,-8.44349,5.80047,-27.1846,0.532878,-0.456904,0.394392,18.570000000000007
1772223621689682151,2026-02-27 15:20:21.689,-8.40124,5.77122,-26.8496,0.533185,-0.455589,0.390038,18.571000000000012
1772223621690859451,2026-02-27 15:20:21.690,-8.39045,5.82307,-26.2485,0.53341,-0.452414,0.385436,18.572000000000003
1772223621692058807,2026-02-27 15:20:21.692,-8.34985,5.8322,-26.7375,0.533096,-0.450504,0.388745,18.574000000000012
1772223621693233394,2026-02-27 15:20:21.693,-8.31041,5.7738,-27.5353,0.535469,-0.446038,0.395923,18.575000000000003
1772223621694424898,2026-02-27 15:20:21.694,-8.30005,5.79716,-27.7186,0.534657,-0.443148,0.395982,18.576000000000008
1772223621695565679,2026-02-27 15:20:21.695,-8.27697,5.7962,-27.7555,0.533401,-0.44059,0.395456,18.577000000000012
1772223621696696580,2026-02-27 15:20:21.696,-8.25773,5.81532,-27.7806,0.538422,-0.438342,0.396581,18.578000000000003
1772223621697863577,2026-02-27 15:20:21.697,-8.20065,5.83035,-27.903,0.540867,-0.437058,0.396949,18.579000000000008
1772223621699068826,2026-02-27 15:20:21.699,-8.15305,5.82215,-29.023,0.540907,-0.43476,0.406518,18.581000000000003
1772223621700242953,2026-02-27 15:20:21.700,-8.15183,5.84881,-28.7527,0.546718,-0.432054,0.402918,18.582000000000008
1772223621701436505,2026-02-27 15:20:21.701,-8.20212,5.85758,-28.243,0.546509,-0.431165,0.399584,18.583000000000013
1772223621702571785,2026-02-27 15:20:21.702,-8.1741,5.85632,-28.1646,0.547566,-0.430839,0.397064,18.584000000000003
1772223621703701173,2026-02-27 15:20:21.703,-8.12091,5.92195,-28.2097,0.551335,-0.428532,0.398157,18.585000000000008
1772223621704859214,2026-02-27 15:20:21.704,-8.11345,5.8678,-28.2519,0.554206,-0.428366,0.398585,18.586000000000013
1772223621706059290,2026-02-27 15:20:21.706,-8.17656,5.88674,-28.2945,0.550995,-0.427395,0.398526,18.588000000000008
1772223621707235028,2026-02-27 15:20:21.707,-8.13861,5.97135,-27.6153,0.563863,-0.423586,0.392089,18.589
1772223621708412011,2026-02-27 15:20:21.708,-8.13935,5.97161,-27.8461,0.566087,-0.422652,0.393277,18.590000000000003
1772223621709558951,2026-02-27 15:20:21.709,-8.24072,5.91734,-28.646,0.570577,-0.421635,0.397215,18.591000000000008
1772223621710688916,2026-02-27 15:20:21.710,-8.13598,5.90757,-29.1319,0.5845,-0.420628,0.401003,18.592
1772223621711863216,2026-02-27 15:20:21.711,-8.13109,5.93804,-29.3053,0.589537,-0.419772,0.402936,18.593000000000004
1772223621713061816,2026-02-27 15:20:21.713,-8.16023,6.00123,-29.3324,0.590897,-0.416997,0.404027,18.595
1772223621714237036,2026-02-27 15:20:21.714,-8.15743,6.03905,-29.7764,0.601708,-0.418542,0.410245,18.596000000000004
1772223621715412481,2026-02-27 15:20:21.715,-8.19566,6.04767,-30.2745,0.601894,-0.418375,0.414698,18.59700000000001
1772223621716539180,2026-02-27 15:20:21.716,-8.15994,6.02954,-29.9792,0.607391,-0.420973,0.413489,18.598
1772223621717673176,2026-02-27 15:20:21.717,-8.23376,6.10582,-29.6908,0.610779,-0.42141,0.412955,18.599000000000004
1772223621718850425,2026-02-27 15:20:21.718,-8.23721,6.0938,-29.3293,0.614011,-0.424235,0.410697,18.60000000000001
1772223621720048681,2026-02-27 15:20:21.720,-8.34119,6.13727,-29.1802,0.613547,-0.424186,0.409356,18.602000000000004
1772223621721220024,2026-02-27 15:20:21.721,-8.28806,6.14168,-29.128,0.619802,-0.425324,0.411214,18.60300000000001
1772223621722391360,2026-02-27 15:20:21.722,-8.34861,6.18073,-29.0278,0.623876,-0.427638,0.411445,18.604
1772223621723528089,2026-02-27 15:20:21.723,-8.3887,6.21738,-28.0164,0.627583,-0.429075,0.403174,18.605000000000004
1772223621724656386,2026-02-27 15:20:21.724,-8.3568,6.16987,-28.4547,0.627809,-0.430093,0.408034,18.60600000000001
1772223621725831439,2026-02-27 15:20:21.725,-8.36759,6.23031,-28.419,0.630139,-0.432675,0.408821,18.607
1772223621727027586,2026-02-27 15:20:21.727,-8.34959,6.14101,-28.9643,0.63068,-0.433269,0.414462,18.60900000000001
1772223621728213929,2026-02-27 15:20:21.728,-8.38796,6.16839,-29.0618,0.632697,-0.435675,0.416873,18.61
1772223621729387167,2026-02-27 15:20:21.729,-8.51631,6.16634,-29.0061,0.633772,-0.43939,0.417268,18.611000000000004
1772223621730527174,2026-02-27 15:20:21.730,-8.44098,6.17622,-28.9881,0.63718,-0.441939,0.41799,18.61200000000001
1772223621731656707,2026-02-27 15:20:21.731,-8.44562,6.11973,-29.926,0.636821,-0.442809,0.427489,18.613
1772223621732831554,2026-02-27 15:20:21.732,-8.44223,6.13639,-29.712,0.638934,-0.444817,0.42598,18.614000000000004
1772223621734028497,2026-02-27 15:20:21.734,-8.44561,6.14018,-29.7123,0.639598,-0.445957,0.426015,18.616
1772223621735213296,2026-02-27 15:20:21.735,-8.46438,6.13391,-29.1529,0.642916,-0.447542,0.421511,18.617000000000004
1772223621736386398,2026-02-27 15:20:21.736,-8.54011,6.08373,-28.8585,0.639261,-0.452001,0.419543,18.61800000000001
1772223621737551981,2026-02-27 15:20:21.737,-8.52037,6.08907,-28.9019,0.643207,-0.451858,0.420232,18.619
1772223621738683557,2026-02-27 15:20:21.738,-8.53724,6.05214,-28.8392,0.642281,-0.45408,0.419843,18.620000000000005
1772223621739862266,2026-02-27 15:20:21.739,-8.57962,6.02498,-28.2249,0.64384,-0.455296,0.41298,18.62100000000001
1772223621741056532,2026-02-27 15:20:21.741,-8.55111,6.02426,-27.8081,0.646554,-0.456023,0.411765,18.623000000000005
1772223621742232764,2026-02-27 15:20:21.742,-8.57277,5.99244,-28.1455,0.644267,-0.458492,0.413272,18.62400000000001
1772223621743405373,2026-02-27 15:20:21.743,-8.58849,6.01256,-28.8474,0.645443,-0.462497,0.420892,18.625
1772223621744535597,2026-02-27 15:20:21.744,-8.60484,5.95638,-28.8706,0.645668,-0.462856,0.421295,18.626000000000005
1772223621745664905,2026-02-27 15:20:21.745,-8.64447,5.91423,-28.8694,0.643372,-0.463723,0.420833,18.62700000000001
1772223621746838170,2026-02-27 15:20:21.746,-8.6454,5.88368,-28.8279,0.642512,-0.465282,0.420632,18.628
1772223621748013511,2026-02-27 15:20:21.748,-8.64541,5.90259,-28.9772,0.642925,-0.466202,0.42165,18.63000000000001
1772223621749212211,2026-02-27 15:20:21.749,-8.60975,5.85485,-29.8891,0.638811,-0.466863,0.430209,18.631
1772223621750384539,2026-02-27 15:20:21.750,-8.63043,5.81886,-29.4975,0.637662,-0.469675,0.426163,18.632000000000005
1772223621751558120,2026-02-27 15:20:21.751,-8.68744,5.78318,-29.0994,0.635192,-0.469884,0.421007,18.63300000000001
1772223621752687935,2026-02-27 15:20:21.752,-8.68151,5.74587,-28.928,0.631743,-0.470297,0.419517,18.634
1772223621753859423,2026-02-27 15:20:21.753,-8.64764,5.74438,-29.0293,0.630467,-0.471263,0.419429,18.635000000000005
1772223621755049629,2026-02-27 15:20:21.755,-8.6582,5.7176,-29.046,0.628973,-0.47157,0.418743,18.637
1772223621756221491,2026-02-27 15:20:21.756,-8.6416,5.66978,-28.0849,0.623441,-0.472711,0.408459,18.638000000000005
1772223621757394415,2026-02-27 15:20:21.757,-8.61649,5.65554,-28.55,0.622951,-0.471493,0.411142,18.63900000000001
1772223621758548423,2026-02-27 15:20:21.758,-8.60728,5.63407,-28.5479,0.619251,-0.472065,0.41063,18.64
1772223621759677160,2026-02-27 15:20:21.759,-8.64169,5.64078,-29.13,0.612923,-0.472116,0.415114,18.641000000000005
1772223621760847534,2026-02-27 15:20:21.760,-8.56375,5.596,-29.4502,0.613297,-0.471567,0.417645,18.64200000000001
1772223621762018794,2026-02-27 15:20:21.762,-8.52667,5.55518,-29.4235,0.611147,-0.47031,0.416698,18.644000000000005
1772223621763191344,2026-02-27 15:20:21.763,-8.51687,5.56558,-29.5239,0.608628,-0.469895,0.41637,18.64500000000001
1772223621764384398,2026-02-27 15:20:21.764,-8.50325,5.52476,-30.3771,0.603945,-0.467309,0.42214,18.646
1772223621765555081,2026-02-27 15:20:21.765,-8.4733,5.50615,-30.6434,0.600902,-0.46609,0.422311,18.647000000000006
1772223621766695550,2026-02-27 15:20:21.766,-8.4224,5.47406,-30.5124,0.598204,-0.465302,0.420987,18.64800000000001
1772223621767845016,2026-02-27 15:20:21.767,-8.40024,5.42271,-30.1758,0.595091,-0.463781,0.416131,18.649
1772223621769015304,2026-02-27 15:20:21.769,-8.35005,5.4395,-30.0322,0.593734,-0.462375,0.412938,18.65100000000001
1772223621770185623,2026-02-27 15:20:21.770,-8.41624,5.37262,-29.9769,0.587068,-0.459328,0.410221,18.652
1772223621771377859,2026-02-27 15:20:21.771,-8.2895,5.39392,-30.0318,0.586121,-0.456725,0.409644,18.653000000000006
1772223621772562047,2026-02-27 15:20:21.772,-8.29435,5.35943,-29.7639,0.582082,-0.455519,0.405829,18.65400000000001
1772223621773692820,2026-02-27 15:20:21.773,-8.29289,5.36728,-29.1322,0.580068,-0.453057,0.39948,18.655
1772223621774864582,2026-02-27 15:20:21.774,-8.21779,5.30775,-29.5534,0.576754,-0.452585,0.401659,18.656000000000006
1772223621776035029,2026-02-27 15:20:21.776,-8.23257,5.27783,-29.6198,0.573277,-0.448962,0.402342,18.658
1772223621777206009,2026-02-27 15:20:21.777,-8.20244,5.27836,-30.2544,0.571882,-0.447898,0.405988,18.659000000000006
1772223621778400343,2026-02-27 15:20:21.778,-8.09647,5.29278,-30.33,0.56859,-0.443743,0.405336,18.66000000000001
1772223621779551605,2026-02-27 15:20:21.779,-8.11037,5.24695,-30.4101,0.564688,-0.441099,0.40494,18.661
1772223621780680567,2026-02-27 15:20:21.780,-8.03967,5.26977,-30.4482,0.567227,-0.439531,0.404921,18.662000000000006
1772223621781851228,2026-02-27 15:20:21.781,-7.9906,5.22401,-31.455,0.561545,-0.435816,0.412468,18.66300000000001
1772223621783022901,2026-02-27 15:20:21.783,-7.93464,5.20339,-31.2223,0.563214,-0.434228,0.408292,18.665000000000006
1772223621784193143,2026-02-27 15:20:21.784,-7.91538,5.20515,-31.2429,0.562937,-0.431859,0.408443,18.66600000000001
1772223621785384225,2026-02-27 15:20:21.785,-7.94521,5.17768,-30.5753,0.557438,-0.4276,0.39945,18.667
1772223621786548556,2026-02-27 15:20:21.786,-7.84912,5.23602,-30.5372,0.560582,-0.426378,0.40035,18.668000000000006
1772223621787678628,2026-02-27 15:20:21.787,-7.81388,5.19697,-30.5308,0.559086,-0.425504,0.399414,18.66900000000001
1772223621788847044,2026-02-27 15:20:21.788,-7.83138,5.18537,-30.6279,0.557369,-0.422072,0.398636,18.67
1772223621790018492,2026-02-27 15:20:21.790,-7.78572,5.21828,-29.7376,0.5589,-0.42118,0.39038,18.67200000000001
1772223621791212412,2026-02-27 15:20:21.791,-7.75496,5.21367,-29.7362,0.559575,-0.419127,0.390344,18.673000000000002
1772223621792382468,2026-02-27 15:20:21.792,-7.76649,5.25151,-29.808,0.559469,-0.41724,0.39201,18.674000000000007
1772223621793550200,2026-02-27 15:20:21.793,-7.68629,5.25738,-30.6925,0.562307,-0.415654,0.400059,18.67500000000001
1772223621794678993,2026-02-27 15:20:21.794,-7.64079,5.26132,-30.7853,0.564036,-0.413905,0.398926,18.676000000000002
1772223621795879316,2026-02-27 15:20:21.795,-7.68712,5.25347,-30.787,0.559698,-0.412882,0.398841,18.677000000000007
1772223621797074735,2026-02-27 15:20:21.797,-7.65241,5.29904,-30.7476,0.563312,-0.4124,0.399364,18.679000000000002
1772223621798270598,2026-02-27 15:20:21.798,-7.6524,5.31569,-31.1152,0.565925,-0.410859,0.402833,18.680000000000007
1772223621799555771,2026-02-27 15:20:21.799,-7.69124,5.27188,-31.4177,0.56581,-0.409641,0.405421,18.68100000000001
1772223621800682172,2026-02-27 15:20:21.800,-7.63426,5.32304,-31.2682,0.57082,-0.410904,0.404768,18.682000000000002
1772223621801881171,2026-02-27 15:20:21.801,-7.62678,5.32998,-30.9146,0.573274,-0.408958,0.400713,18.683000000000007
1772223621803078182,2026-02-27 15:20:21.803,-7.65631,5.36216,-30.7664,0.572843,-0.408316,0.399742,18.685000000000002
1772223621804277086,2026-02-27 15:20:21.804,-7.60511,5.36575,-30.8051,0.576184,-0.408389,0.399765,18.686000000000007
1772223621805448639,2026-02-27 15:20:21.805,-7.55486,5.35458,-30.8536,0.579072,-0.409038,0.401269,18.687000000000012
1772223621806575708,2026-02-27 15:20:21.806,-7.55486,5.35458,-30.8536,0.579072,-0.409038,0.401269,18.688000000000002
1772223621807725429,2026-02-27 15:20:21.807,-7.5884,5.36951,-30.2531,0.583507,-0.408023,0.396792,18.689000000000007
1772223621808901715,2026-02-27 15:20:21.808,-7.62689,5.35813,-30.1962,0.580778,-0.407692,0.397204,18.690000000000012
1772223621810097748,2026-02-27 15:20:21.810,-7.53178,5.43861,-30.8536,0.582612,-0.407443,0.401565,18.692000000000007
1772223621811294088,2026-02-27 15:20:21.811,-7.51679,5.39968,-31.0176,0.581964,-0.40853,0.404865,18.693000000000012
1772223621812484462,2026-02-27 15:20:21.812,-7.50113,5.39013,-31.0807,0.582233,-0.408082,0.405243,18.694000000000003
1772223621813626079,2026-02-27 15:20:21.813,-7.50192,5.40605,-31.1236,0.583308,-0.407115,0.405663,18.695000000000007
1772223621814820623,2026-02-27 15:20:21.814,-7.50229,5.45881,-32.0596,0.583403,-0.404973,0.414972,18.696000000000012
1772223621816016805,2026-02-27 15:20:21.816,-7.46979,5.40513,-32.0098,0.582461,-0.40451,0.413643,18.698000000000008
1772223621817212871,2026-02-27 15:20:21.817,-7.4537,5.47687,-31.9485,0.582346,-0.403364,0.413687,18.699000000000012
1772223621818409050,2026-02-27 15:20:21.818,-7.40338,5.46155,-31.5338,0.583737,-0.403471,0.409638,18.700000000000003
1772223621819536114,2026-02-27 15:20:21.819,-7.38697,5.46103,-31.2491,0.583862,-0.399797,0.406742,18.701000000000008
1772223621820666789,2026-02-27 15:20:21.820,-7.36994,5.49972,-31.2354,0.583173,-0.39888,0.407801,18.702000000000012
1772223621821840143,2026-02-27 15:20:21.821,-7.36486,5.46101,-31.2943,0.582592,-0.397228,0.407494,18.703000000000003
1772223621823038315,2026-02-27 15:20:21.823,-7.3803,5.46414,-30.7268,0.581148,-0.395809,0.401572,18.705000000000013
1772223621824240189,2026-02-27 15:20:21.824,-7.33481,5.48385,-30.3009,0.584381,-0.394917,0.399069,18.706000000000003
1772223621825437851,2026-02-27 15:20:21.825,-7.28449,5.50335,-30.5798,0.584522,-0.393295,0.401439,18.707000000000008
1772223621826562922,2026-02-27 15:20:21.826,-7.29855,5.51122,-31.3219,0.583698,-0.389977,0.409092,18.708000000000013
1772223621827694350,2026-02-27 15:20:21.827,-7.28286,5.49774,-31.3435,0.584932,-0.387073,0.409473,18.709000000000003
1772223621828871735,2026-02-27 15:20:21.828,-7.26793,5.52548,-31.2267,0.582546,-0.389387,0.41017,18.710000000000008
1772223621830067227,2026-02-27 15:20:21.830,-7.29875,5.52687,-31.207,0.582837,-0.389364,0.410205,18.712000000000003
1772223621831262187,2026-02-27 15:20:21.831,-7.35022,5.56733,-30.9757,0.579448,-0.396343,0.411699,18.713000000000008
1772223621832474430,2026-02-27 15:20:21.832,-7.2942,5.56213,-31.9426,0.578293,-0.3891,0.419756,18.714
1772223621833607701,2026-02-27 15:20:21.833,-7.23166,5.5053,-31.6978,0.577525,-0.377763,0.413871,18.715000000000003
1772223621834778956,2026-02-27 15:20:21.834,-7.20082,5.54455,-31.2814,0.577665,-0.373575,0.40956,18.716000000000008
1772223621835976170,2026-02-27 15:20:21.835,-7.2412,5.59523,-31.1649,0.578022,-0.370157,0.407281,18.717
1772223621837176322,2026-02-27 15:20:21.837,-7.11459,5.62211,-31.2106,0.580318,-0.370707,0.408537,18.71900000000001
1772223621838347893,2026-02-27 15:20:21.838,-7.14641,5.57488,-31.2598,0.580892,-0.370753,0.409796,18.72
1772223621839531071,2026-02-27 15:20:21.839,-7.1161,5.54174,-31.2865,0.580038,-0.371381,0.410805,18.721000000000004
1772223621840664839,2026-02-27 15:20:21.840,-7.13754,5.53427,-30.5169,0.589235,-0.37161,0.405667,18.72200000000001
1772223621841824317,2026-02-27 15:20:21.841,-7.18955,5.549,-30.6041,0.592478,-0.371672,0.40658,18.723
1772223621842992397,2026-02-27 15:20:21.842,-7.15561,5.53299,-31.1143,0.598084,-0.371644,0.413436,18.724000000000004
1772223621844190338,2026-02-27 15:20:21.844,-7.14869,5.51793,-31.4028,0.600802,-0.373864,0.417199,18.726
1772223621845386163,2026-02-27 15:20:21.845,-7.18095,5.48686,-31.3249,0.600868,-0.373884,0.417673,18.727000000000004
1772223621846672223,2026-02-27 15:20:21.846,-7.2013,5.49842,-31.3667,0.603507,-0.373403,0.417929,18.72800000000001
1772223621847889925,2026-02-27 15:20:21.847,-7.11245,5.4998,-32.0036,0.611882,-0.372654,0.425809,18.729
1772223621849087916,2026-02-27 15:20:21.849,-7.15428,5.52611,-32.3904,0.613196,-0.37229,0.42886,18.73100000000001
1772223621850285992,2026-02-27 15:20:21.850,-7.13092,5.49317,-32.1359,0.614366,-0.37143,0.427485,18.732
1772223621851493346,2026-02-27 15:20:21.851,-7.157,5.49174,-31.8139,0.616346,-0.372498,0.424958,18.733000000000004
1772223621852680285,2026-02-27 15:20:21.852,-7.17479,5.5342,-31.4923,0.615723,-0.372905,0.422385,18.73400000000001
1772223621853895630,2026-02-27 15:20:21.853,-7.17567,5.55405,-31.4526,0.620396,-0.37454,0.422754,18.735
1772223621855074762,2026-02-27 15:20:21.855,-7.19198,5.53247,-31.4938,0.620534,-0.375798,0.42275,18.73700000000001
1772223621856275011,2026-02-27 15:20:21.856,-7.12645,5.53028,-31.3695,0.621602,-0.378052,0.422623,18.738
1772223621857486403,2026-02-27 15:20:21.857,-7.18816,5.51228,-30.5048,0.623575,-0.378583,0.414844,18.739000000000004
1772223621858618098,2026-02-27 15:20:21.858,-7.19824,5.47432,-30.9825,0.622826,-0.380592,0.419279,18.74000000000001
1772223621859776042,2026-02-27 15:20:21.859,-7.21306,5.42432,-31.6402,0.62419,-0.38281,0.426435,18.741
1772223621860974643,2026-02-27 15:20:21.860,-7.19972,5.4194,-31.7486,0.624462,-0.38425,0.42746,18.742000000000004
1772223621862173736,2026-02-27 15:20:21.862,-7.21633,5.41492,-31.7724,0.624389,-0.385667,0.427901,18.744
1772223621863380014,2026-02-27 15:20:21.863,-7.27871,5.41951,-31.8549,0.625933,-0.386199,0.427934,18.745000000000005
1772223621864557693,2026-02-27 15:20:21.864,-7.24074,5.45024,-31.8788,0.627478,-0.388,0.428616,18.74600000000001
1772223621865690946,2026-02-27 15:20:21.865,-7.33621,5.36682,-32.6191,0.625552,-0.391693,0.435493,18.747
1772223621866863169,2026-02-27 15:20:21.866,-7.33761,5.37061,-32.5849,0.630101,-0.393346,0.436703,18.748000000000005
1772223621868063644,2026-02-27 15:20:21.868,-7.33597,5.40236,-32.1094,0.632072,-0.394775,0.432559,18.75
1772223621869262488,2026-02-27 15:20:21.869,-7.35026,5.41371,-31.8742,0.634772,-0.397451,0.430877,18.751000000000005
1772223621870478543,2026-02-27 15:20:21.870,-7.39868,5.37924,-31.8367,0.634451,-0.399838,0.431149,18.75200000000001
1772223621871609999,2026-02-27 15:20:21.871,-7.36341,5.37884,-31.8752,0.637084,-0.402084,0.430983,18.753
1772223621872770057,2026-02-27 15:20:21.872,-7.53212,5.37787,-31.1314,0.633758,-0.404711,0.425478,18.754000000000005
1772223621873971229,2026-02-27 15:20:21.873,-7.5192,5.45829,-31.0245,0.637912,-0.408072,0.424856,18.75500000000001
1772223621875167913,2026-02-27 15:20:21.875,-7.54726,5.46184,-31.2006,0.637183,-0.409735,0.426709,18.757000000000005
1772223621876365500,2026-02-27 15:20:21.876,-7.58339,5.41935,-31.6986,0.63637,-0.409638,0.431112,18.75800000000001
1772223621877560409,2026-02-27 15:20:21.877,-7.56892,5.44998,-32.1093,0.63745,-0.411776,0.434793,18.759
1772223621878687353,2026-02-27 15:20:21.878,-7.57397,5.43997,-32.1113,0.638007,-0.414074,0.435049,18.760000000000005
1772223621879863522,2026-02-27 15:20:21.879,-7.61973,5.47114,-32.154,0.637483,-0.416741,0.435098,18.76100000000001
1772223621881061911,2026-02-27 15:20:21.881,-7.62418,5.49548,-32.3322,0.638545,-0.419168,0.437424,18.763000000000005
1772223621882258554,2026-02-27 15:20:21.882,-7.59402,5.44977,-33.1014,0.63645,-0.419867,0.442904,18.76400000000001
1772223621883479687,2026-02-27 15:20:21.883,-7.63437,5.50612,-32.6395,0.637202,-0.420913,0.440681,18.765
1772223621884611299,2026-02-27 15:20:21.884,-7.68531,5.55378,-32.5297,0.638783,-0.422063,0.439352,18.766000000000005
1772223621885772902,2026-02-27 15:20:21.885,-7.66538,5.57478,-31.8664,0.637823,-0.424161,0.434389,18.76700000000001
1772223621886969308,2026-02-27 15:20:21.886,-7.72711,5.54526,-31.9068,0.638819,-0.424551,0.434199,18.768
1772223621888160596,2026-02-27 15:20:21.888,-7.70446,5.56615,-31.7872,0.639979,-0.425307,0.434726,18.77000000000001
1772223621889363532,2026-02-27 15:20:21.889,-7.71868,5.62788,-31.7455,0.638435,-0.427753,0.434368,18.771
1772223621890559651,2026-02-27 15:20:21.890,-7.77694,5.60763,-30.6418,0.637545,-0.429226,0.424109,18.772000000000006
1772223621891681809,2026-02-27 15:20:21.891,-7.79511,5.625,-30.9776,0.63848,-0.431921,0.428703,18.77300000000001
1772223621892892815,2026-02-27 15:20:21.892,-7.8051,5.62173,-31.3965,0.636672,-0.435003,0.433397,18.774
1772223621894094243,2026-02-27 15:20:21.894,-7.85569,5.62102,-31.5465,0.639142,-0.436221,0.43448,18.77600000000001
1772223621895291237,2026-02-27 15:20:21.895,-7.85921,5.62396,-31.4898,0.639478,-0.436783,0.435171,18.777
1772223621896630195,2026-02-27 15:20:21.896,-7.84734,5.56995,-31.4885,0.639441,-0.438683,0.43495,18.778000000000006
1772223621897788180,2026-02-27 15:20:21.897,-7.86376,5.63831,-32.1536,0.641276,-0.441285,0.443251,18.77900000000001
1772223621898969301,2026-02-27 15:20:21.898,-7.82391,5.60202,-32.0896,0.641088,-0.44394,0.442852,18.78
1772223621900166861,2026-02-27 15:20:21.900,-7.92326,5.56016,-32.0083,0.63872,-0.443998,0.442455,18.78200000000001
1772223621901363399,2026-02-27 15:20:21.901,-7.9003,5.56301,-31.4694,0.643131,-0.445708,0.438159,18.783
1772223621902566361,2026-02-27 15:20:21.902,-7.84899,5.58394,-31.191,0.64374,-0.447447,0.436198,18.784000000000006
1772223621903697800,2026-02-27 15:20:21.903,-7.92067,5.57931,-31.1128,0.646518,-0.449519,0.436582,18.78500000000001
1772223621904844275,2026-02-27 15:20:21.904,-7.92157,5.56528,-31.07,0.645775,-0.451055,0.436179,18.786
1772223621906043217,2026-02-27 15:20:21.906,-7.95202,5.53221,-30.6797,0.643664,-0.452036,0.432305,18.78800000000001
1772223621907240615,2026-02-27 15:20:21.907,-7.90391,5.55147,-30.1421,0.6505,-0.452243,0.428459,18.789
1772223621908436031,2026-02-27 15:20:21.908,-7.90158,5.53768,-30.4528,0.649973,-0.453564,0.432346,18.790000000000006
1772223621909561882,2026-02-27 15:20:21.909,-7.92721,5.55324,-30.6918,0.649976,-0.452934,0.434578,18.79100000000001
1772223621910690741,2026-02-27 15:20:21.910,-7.86432,5.53586,-31.3128,0.652057,-0.452429,0.439566,18.792
1772223621912011636,2026-02-27 15:20:21.912,-7.86608,5.56995,-31.2534,0.652296,-0.452376,0.439836,18.79400000000001
1772223621913207973,2026-02-27 15:20:21.913,-7.79135,5.59265,-31.2316,0.651919,-0.45249,0.439812,18.795
1772223621914407463,2026-02-27 15:20:21.914,-7.79246,5.57613,-31.3178,0.653081,-0.451762,0.440623,18.796000000000006
1772223621915570817,2026-02-27 15:20:21.915,-7.7503,5.55757,-32.3706,0.653703,-0.451771,0.449206,18.79700000000001
1772223621916701986,2026-02-27 15:20:21.916,-7.70753,5.51071,-32.0653,0.653868,-0.449712,0.446307,18.798000000000002
1772223621917872215,2026-02-27 15:20:21.917,-7.79167,5.57199,-31.5478,0.655938,-0.44856,0.441787,18.799000000000007
1772223621919067916,2026-02-27 15:20:21.919,-7.69021,5.57604,-31.2906,0.655863,-0.447598,0.440149,18.801000000000002
1772223621920266130,2026-02-27 15:20:21.920,-7.7387,5.53514,-31.335,0.652909,-0.445685,0.440466,18.802000000000007
1772223621921472328,2026-02-27 15:20:21.921,-7.71666,5.56961,-31.3508,0.657086,-0.443988,0.440099,18.80300000000001
1772223621922618195,2026-02-27 15:20:21.922,-7.71769,5.56807,-31.415,0.658687,-0.442292,0.440712,18.804000000000002
1772223621923799019,2026-02-27 15:20:21.923,-7.64086,5.56534,-30.5955,0.659989,-0.440515,0.434071,18.805000000000007
1772223621924995822,2026-02-27 15:20:21.924,-7.66591,5.5765,-30.659,0.660026,-0.438003,0.434447,18.80600000000001
1772223621926191981,2026-02-27 15:20:21.926,-7.64183,5.49628,-31.3183,0.65546,-0.436164,0.438601,18.808000000000007
1772223621927389811,2026-02-27 15:20:21.927,-7.58892,5.51463,-31.7245,0.661082,-0.434125,0.442076,18.80900000000001
1772223621928566456,2026-02-27 15:20:21.928,-7.57498,5.51955,-31.6881,0.662116,-0.431757,0.442931,18.810000000000002
1772223621929698222,2026-02-27 15:20:21.929,-7.6224,5.23391,-32.3105,0.673987,-0.432325,0.438871,18.811000000000007
1772223621930853346,2026-02-27 15:20:21.930,-7.47643,5.27643,-33.1102,0.686907,-0.424927,0.450492,18.812000000000012
1772223621932049785,2026-02-27 15:20:21.932,-7.40512,5.29497,-33.7199,0.683786,-0.419097,0.453603,18.814000000000007
1772223621933244696,2026-02-27 15:20:21.933,-7.3684,5.26877,-33.4779,0.686665,-0.417029,0.451168,18.815000000000012
1772223621934441814,2026-02-27 15:20:21.934,-7.39218,5.26044,-33.1425,0.689253,-0.414303,0.44988,18.816000000000003
1772223621935560308,2026-02-27 15:20:21.935,-7.36417,5.19089,-32.7652,0.687602,-0.413473,0.448278,18.817000000000007
1772223621936690554,2026-02-27 15:20:21.936,-7.40559,5.14813,-32.6336,0.685665,-0.413782,0.446606,18.818000000000012
1772223621937859928,2026-02-27 15:20:21.937,-7.27083,5.16697,-32.725,0.691803,-0.411819,0.448938,18.819000000000003
1772223621939001602,2026-02-27 15:20:21.939,-7.21871,5.10206,-32.6011,0.687888,-0.411632,0.448643,18.821000000000012
1772223621940198442,2026-02-27 15:20:21.940,-7.28295,5.13084,-31.5069,0.685048,-0.410044,0.439817,18.822000000000003
1772223621941393217,2026-02-27 15:20:21.941,-7.21614,5.11177,-31.8666,0.68845,-0.41041,0.445414,18.823000000000008
1772223621942567999,2026-02-27 15:20:21.942,-7.18581,5.10846,-31.8695,0.688796,-0.408917,0.446019,18.824000000000012
1772223621943699759,2026-02-27 15:20:21.943,-7.11257,5.00216,-32.2912,0.684459,-0.409242,0.451368,18.825000000000003
1772223621944853139,2026-02-27 15:20:21.944,-7.0933,4.84047,-32.2324,0.681755,-0.408998,0.451667,18.826000000000008
1772223621946051641,2026-02-27 15:20:21.946,-7.09387,4.82358,-32.2376,0.681952,-0.408449,0.452506,18.828000000000003
1772223621947250252,2026-02-27 15:20:21.947,-7.08206,4.78369,-32.1573,0.682026,-0.408804,0.452742,18.829000000000008
1772223621948465283,2026-02-27 15:20:21.948,-7.05303,4.73972,-33.1378,0.680823,-0.408907,0.462603,18.830000000000013
1772223621949568606,2026-02-27 15:20:21.949,-7.0253,4.67379,-32.9759,0.680472,-0.409998,0.459659,18.831000000000003
1772223621950700457,2026-02-27 15:20:21.950,-7.04846,4.65499,-32.857,0.676423,-0.410912,0.45987,18.832000000000008
1772223621951851098,2026-02-27 15:20:21.951,-7.0549,4.64065,-31.9471,0.677819,-0.412977,0.454661,18.833000000000013
1772223621953047758,2026-02-27 15:20:21.953,-7.04301,4.65188,-31.8836,0.677923,-0.414209,0.454289,18.835000000000008
1772223621954247845,2026-02-27 15:20:21.954,-7.06391,4.61507,-31.8809,0.679913,-0.41475,0.453905,18.836000000000013
1772223621955442694,2026-02-27 15:20:21.955,-7.08065,4.57671,-31.9071,0.679927,-0.415646,0.454747,18.837000000000003
1772223621956573232,2026-02-27 15:20:21.956,-7.07214,4.53727,-31.1777,0.677257,-0.41772,0.448903,18.838000000000008
1772223621957706139,2026-02-27 15:20:21.957,-7.07779,4.55495,-30.7904,0.677477,-0.417713,0.445717,18.839
1772223621958855900,2026-02-27 15:20:21.958,-7.07509,4.50836,-30.9904,0.675784,-0.420032,0.448142,18.840000000000003
1772223621960031995,2026-02-27 15:20:21.960,-7.10441,4.45079,-31.7202,0.677039,-0.422143,0.456967,18.842
1772223621961227199,2026-02-27 15:20:21.961,-7.10796,4.43958,-31.6858,0.676614,-0.424238,0.457859,18.843000000000004
1772223621962422772,2026-02-27 15:20:21.962,-7.14316,4.41338,-31.6247,0.67703,-0.426348,0.457725,18.84400000000001
1772223621963568596,2026-02-27 15:20:21.963,-7.13155,4.40869,-31.6031,0.677339,-0.427795,0.457542,18.845
1772223621964698346,2026-02-27 15:20:21.964,-7.20039,4.40311,-31.6793,0.67974,-0.429664,0.45975,18.846000000000004
1772223621965848696,2026-02-27 15:20:21.965,-7.20193,4.34415,-32.5482,0.6781,-0.430533,0.467976,18.84700000000001
1772223621967020558,2026-02-27 15:20:21.967,-7.23814,4.35014,-31.9991,0.681448,-0.433121,0.464994,18.849000000000004
1772223621968219199,2026-02-27 15:20:21.968,-7.23426,4.36467,-31.5211,0.682333,-0.435141,0.460399,18.85000000000001
1772223621969417767,2026-02-27 15:20:21.969,-7.2615,4.34588,-31.2851,0.685795,-0.434914,0.458681,18.851
1772223621970563609,2026-02-27 15:20:21.970,-7.21704,4.3398,-31.3728,0.685134,-0.43675,0.459686,18.852000000000004
1772223621971690733,2026-02-27 15:20:21.971,-7.30894,4.27919,-31.2953,0.684578,-0.438094,0.45997,18.85300000000001
1772223621972862868,2026-02-27 15:20:21.972,-7.26819,4.275,-31.2935,0.684928,-0.440135,0.45977,18.854
1772223621974032018,2026-02-27 15:20:21.974,-7.33654,4.29866,-30.5326,0.688078,-0.442677,0.455432,18.85600000000001
1772223621975228105,2026-02-27 15:20:21.975,-7.34016,4.30305,-30.5735,0.689063,-0.44401,0.455455,18.857
1772223621976423618,2026-02-27 15:20:21.976,-7.36649,4.28829,-31.1142,0.684877,-0.444029,0.459989,18.858000000000004
1772223621977568841,2026-02-27 15:20:21.977,-7.3477,4.26401,-31.2989,0.688548,-0.445048,0.463586,18.85900000000001
1772223621978698120,2026-02-27 15:20:21.978,-7.35281,4.25153,-31.3568,0.69072,-0.445661,0.463178,18.86
1772223621979847643,2026-02-27 15:20:21.979,-7.37747,4.31807,-31.3614,0.688207,-0.447029,0.463621,18.861000000000004
1772223621981018033,2026-02-27 15:20:21.981,-7.35944,4.2642,-32.0546,0.689277,-0.44852,0.470079,18.863
1772223621982213254,2026-02-27 15:20:21.982,-7.36894,4.23909,-32.2463,0.68774,-0.449572,0.47123,18.864000000000004
1772223621983409744,2026-02-27 15:20:21.983,-7.38677,4.26585,-32.056,0.687617,-0.449999,0.470082,18.86500000000001
1772223621984558398,2026-02-27 15:20:21.984,-7.40866,4.29426,-31.6302,0.68756,-0.450813,0.467152,18.866
1772223621985685619,2026-02-27 15:20:21.985,-7.42582,4.31986,-31.472,0.688094,-0.450879,0.464712,18.867000000000004
1772223621986855155,2026-02-27 15:20:21.986,-7.40133,4.2893,-31.2777,0.682778,-0.452134,0.462773,18.86800000000001
1772223621988036038,2026-02-27 15:20:21.988,-7.36267,4.36926,-31.403,0.685301,-0.453492,0.46344,18.870000000000005
1772223621989229999,2026-02-27 15:20:21.989,-7.39476,4.3357,-31.1162,0.679602,-0.453385,0.459632,18.87100000000001
1772223621990428540,2026-02-27 15:20:21.990,-7.50029,4.34315,-30.3564,0.6768,-0.453598,0.451943,18.872
1772223621991566650,2026-02-27 15:20:21.991,-7.39392,4.3527,-30.8314,0.677206,-0.455257,0.456358,18.873000000000005
1772223621992695592,2026-02-27 15:20:21.992,-7.36653,4.36913,-30.9734,0.674098,-0.454554,0.456198,18.87400000000001
1772223621993872852,2026-02-27 15:20:21.993,-7.36416,4.41977,-31.5323,0.671059,-0.453938,0.460542,18.875
1772223621995042115,2026-02-27 15:20:21.995,-7.32697,4.42935,-31.6315,0.669879,-0.45261,0.460213,18.87700000000001
1772223621996231055,2026-02-27 15:20:21.996,-7.34116,4.43594,-31.6029,0.664739,-0.451972,0.458628,18.878
1772223621997427658,2026-02-27 15:20:21.997,-7.31613,4.48683,-31.6424,0.667398,-0.451182,0.458664,18.879000000000005
1772223621998558634,2026-02-27 15:20:21.998,-7.30522,4.51492,-32.7015,0.664729,-0.447915,0.468023,18.88000000000001
1772223621999685418,2026-02-27 15:20:21.999,-7.30344,4.54431,-32.3859,0.66343,-0.447699,0.463269,18.881
1772223622000885276,2026-02-27 15:20:22.000,-7.32367,4.51972,-32.3835,0.660974,-0.445796,0.462762,18.882000000000005
1772223622002058620,2026-02-27 15:20:22.002,-7.25611,4.5878,-31.597,0.66147,-0.443427,0.454839,18.884
1772223622003250933,2026-02-27 15:20:22.003,-7.23617,4.60573,-31.592,0.660996,-0.441227,0.454157,18.885000000000005
1772223622004444214,2026-02-27 15:20:22.004,-7.19454,4.61319,-31.6121,0.662732,-0.440221,0.454361,18.88600000000001
1772223622005590514,2026-02-27 15:20:22.005,-7.19751,4.62816,-31.7095,0.660566,-0.437989,0.453597,18.887
1772223622006718802,2026-02-27 15:20:22.006,-7.14803,4.65836,-30.8354,0.661118,-0.436909,0.444665,18.888000000000005
1772223622007901122,2026-02-27 15:20:22.007,-7.13015,4.71015,-30.8114,0.661526,-0.434283,0.444239,18.88900000000001
1772223622009073715,2026-02-27 15:20:22.009,-7.11429,4.71582,-31.4551,0.660783,-0.43082,0.449364,18.891000000000005
1772223622010267589,2026-02-27 15:20:22.010,-7.03328,4.68271,-31.8138,0.661575,-0.42817,0.451642,18.89200000000001
1772223622011475281,2026-02-27 15:20:22.011,-7.01826,4.73711,-31.8951,0.663593,-0.425743,0.451838,18.893
1772223622012603439,2026-02-27 15:20:22.012,-6.98368,4.74713,-31.8522,0.662435,-0.424031,0.451584,18.894000000000005
1772223622013734672,2026-02-27 15:20:22.013,-6.96566,4.73379,-31.8702,0.66238,-0.422261,0.451315,18.89500000000001
1772223622014916783,2026-02-27 15:20:22.014,-6.98497,4.7439,-32.2429,0.661343,-0.419908,0.455341,18.896
1772223622016089040,2026-02-27 15:20:22.016,-6.86626,4.75544,-32.6436,0.665085,-0.417154,0.458086,18.89800000000001
1772223622017278035,2026-02-27 15:20:22.017,-6.87327,4.82163,-32.507,0.668838,-0.414821,0.456109,18.899
1772223622018481534,2026-02-27 15:20:22.018,-6.86462,4.82869,-32.1781,0.670631,-0.413245,0.452673,18.900000000000006
1772223622019614788,2026-02-27 15:20:22.019,-6.82826,4.78974,-32.01,0.666885,-0.413297,0.451791,18.90100000000001
1772223622020807176,2026-02-27 15:20:22.020,-6.82948,4.77155,-32.0957,0.66869,-0.411437,0.452599,18.902
1772223622021943124,2026-02-27 15:20:22.021,-6.8403,4.77839,-32.0937,0.667102,-0.411878,0.452156,18.903000000000006
1772223622023231419,2026-02-27 15:20:22.023,-6.78919,4.80596,-31.0182,0.671237,-0.409983,0.443822,18.905
1772223622024431251,2026-02-27 15:20:22.024,-6.79942,4.74743,-31.4759,0.671656,-0.409372,0.448456,18.906000000000006
1772223622025574791,2026-02-27 15:20:22.025,-6.79002,4.7741,-31.4345,0.673811,-0.408697,0.448523,18.90700000000001
1772223622026707304,2026-02-27 15:20:22.026,-6.73651,4.77886,-31.9592,0.67279,-0.408395,0.454161,18.908
1772223622027887715,2026-02-27 15:20:22.027,-6.77108,4.80034,-32.2383,0.676383,-0.40798,0.456457,18.909000000000006
1772223622029060864,2026-02-27 15:20:22.029,-6.79035,4.84505,-32.1212,0.682508,-0.407957,0.457539,18.911
1772223622030238003,2026-02-27 15:20:22.030,-6.79178,4.81258,-32.063,0.682284,-0.408,0.457978,18.912000000000006
1772223622031439428,2026-02-27 15:20:22.031,-6.71489,4.80738,-32.9496,0.685026,-0.408708,0.466267,18.91300000000001
1772223622032559505,2026-02-27 15:20:22.032,-6.72795,4.81494,-32.8839,0.68962,-0.408741,0.465771,18.914
1772223622033687010,2026-02-27 15:20:22.033,-6.807,4.86301,-32.6659,0.688876,-0.410208,0.466396,18.915000000000006
1772223622034886845,2026-02-27 15:20:22.034,-6.8383,4.87962,-32.2121,0.692638,-0.410703,0.462488,18.91600000000001
1772223622036062437,2026-02-27 15:20:22.036,-6.84376,4.89908,-31.6809,0.696457,-0.41216,0.459265,18.918000000000006
1772223622037246745,2026-02-27 15:20:22.037,-6.89238,4.84559,-31.6439,0.696983,-0.412873,0.459733,18.91900000000001
1772223622038444906,2026-02-27 15:20:22.038,-6.8758,4.90284,-31.5861,0.701296,-0.413031,0.46052,18.92
1772223622039565205,2026-02-27 15:20:22.039,-6.90165,4.86766,-31.0436,0.701813,-0.414914,0.4553,18.921000000000006
1772223622040695167,2026-02-27 15:20:22.040,-6.98618,4.86508,-30.5159,0.702441,-0.415164,0.452237,18.92200000000001
1772223622041869869,2026-02-27 15:20:22.041,-6.98648,4.93581,-30.7808,0.708676,-0.416338,0.455696,18.923000000000002
1772223622043043061,2026-02-27 15:20:22.043,-7.0316,4.93141,-30.9433,0.708831,-0.416956,0.458632,18.92500000000001
1772223622044211534,2026-02-27 15:20:22.044,-7.00287,4.93821,-31.3635,0.714933,-0.419376,0.464105,18.926000000000002
1772223622045408110,2026-02-27 15:20:22.045,-7.04996,4.91812,-31.3082,0.714391,-0.420785,0.464802,18.927000000000007
1772223622046558017,2026-02-27 15:20:22.046,-7.12208,4.91074,-31.2074,0.712624,-0.421197,0.46465,18.92800000000001
1772223622047687669,2026-02-27 15:20:22.047,-7.07786,4.86994,-31.1731,0.716935,-0.422094,0.466007,18.929000000000002
1772223622048887841,2026-02-27 15:20:22.048,-7.17278,4.86401,-32.1732,0.718735,-0.421127,0.475569,18.930000000000007
1772223622050061730,2026-02-27 15:20:22.050,-7.13828,4.81186,-31.6638,0.717889,-0.423813,0.472406,18.932000000000002
1772223622051230805,2026-02-27 15:20:22.051,-7.18149,4.86918,-31.1096,0.725169,-0.424654,0.468874,18.933000000000007
1772223622052432374,2026-02-27 15:20:22.052,-7.20302,4.86572,-30.7558,0.72453,-0.426069,0.467593,18.93400000000001
1772223622053567837,2026-02-27 15:20:22.053,-7.23084,4.86783,-30.7614,0.722862,-0.427542,0.468234,18.935000000000002
1772223622054697991,2026-02-27 15:20:22.054,-7.25402,4.83172,-30.7624,0.72582,-0.427516,0.468502,18.936000000000007
1772223622055872732,2026-02-27 15:20:22.055,-7.26404,4.78649,-30.6789,0.723566,-0.42708,0.468049,18.937000000000012
1772223622057055370,2026-02-27 15:20:22.057,-7.28187,4.85937,-29.7311,0.725273,-0.427979,0.460127,18.939000000000007
1772223622058224050,2026-02-27 15:20:22.058,-7.27401,4.85834,-29.9327,0.727795,-0.429231,0.463072,18.940000000000012
1772223622059421529,2026-02-27 15:20:22.059,-7.25606,4.81764,-30.4318,0.723178,-0.429414,0.467583,18.941000000000003
1772223622060562869,2026-02-27 15:20:22.060,-7.19421,4.78444,-30.7703,0.723604,-0.430265,0.469714,18.942000000000007
1772223622061692368,2026-02-27 15:20:22.061,-7.31394,4.80203,-30.7939,0.719655,-0.428483,0.46967,18.943000000000012
1772223622062870059,2026-02-27 15:20:22.062,-7.23773,4.77636,-30.8172,0.717951,-0.429985,0.470227,18.944000000000003
1772223622064070587,2026-02-27 15:20:22.064,-7.27059,4.72901,-30.8363,0.713683,-0.430083,0.469694,18.946000000000012
1772223622065245870,2026-02-27 15:20:22.065,-7.16222,4.75345,-31.8393,0.712135,-0.429683,0.476957,18.947000000000003
1772223622066442078,2026-02-27 15:20:22.066,-7.16925,4.73949,-31.6479,0.708184,-0.429569,0.47548,18.948000000000008
1772223622067601759,2026-02-27 15:20:22.067,-7.13568,4.76666,-31.3967,0.706576,-0.428994,0.4713,18.949000000000012
1772223622068732951,2026-02-27 15:20:22.068,-7.1429,4.75165,-31.1723,0.703301,-0.428523,0.467926,18.950000000000003
1772223622069907840,2026-02-27 15:20:22.069,-7.16112,4.69392,-31.0797,0.699025,-0.427992,0.465936,18.951000000000008
1772223622071080677,2026-02-27 15:20:22.071,-7.03045,4.69684,-31.209,0.69731,-0.425801,0.464228,18.953000000000003
1772223622072223680,2026-02-27 15:20:22.072,-7.03045,4.69684,-31.209,0.69731,-0.425801,0.464228,18.954000000000008
1772223622073395112,2026-02-27 15:20:22.073,-6.93383,4.66142,-30.2204,0.692021,-0.422525,0.453219,18.955000000000013
1772223622074561366,2026-02-27 15:20:22.074,-6.99771,4.64923,-30.6267,0.691095,-0.421228,0.455976,18.956000000000003
1772223622075708245,2026-02-27 15:20:22.075,-6.97231,4.66494,-30.7884,0.689606,-0.419212,0.45582,18.957000000000008
1772223622076910076,2026-02-27 15:20:22.076,-6.91266,4.64742,-31.3626,0.687814,-0.417812,0.459673,18.958000000000013
1772223622078085968,2026-02-27 15:20:22.078,-6.85499,4.6597,-31.5074,0.685374,-0.415051,0.460115,18.960000000000008
1772223622079265980,2026-02-27 15:20:22.079,-6.81267,4.62892,-31.592,0.683968,-0.41152,0.457596,18.961000000000013
1772223622080443442,2026-02-27 15:20:22.080,-6.81074,4.62321,-31.6544,0.679716,-0.408534,0.457637,18.962000000000003
1772223622081601163,2026-02-27 15:20:22.081,-6.75202,4.57528,-32.7424,0.681148,-0.40662,0.465522,18.963000000000008
1772223622082764740,2026-02-27 15:20:22.082,-6.64339,4.55858,-32.4706,0.678702,-0.406255,0.461486,18.964
1772223622083940995,2026-02-27 15:20:22.083,-6.69174,4.51616,-32.551,0.67672,-0.403411,0.461149,18.965000000000003
1772223622085113867,2026-02-27 15:20:22.085,-6.66877,4.49689,-31.9659,0.677119,-0.401978,0.455881,18.967
1772223622086285438,2026-02-27 15:20:22.086,-6.7093,4.46321,-31.9835,0.673651,-0.397802,0.45211,18.968000000000004
1772223622087472748,2026-02-27 15:20:22.087,-6.61591,4.42353,-32.0784,0.679034,-0.396574,0.45165,18.96900000000001
1772223622088616118,2026-02-27 15:20:22.088,-6.54295,4.37877,-32.2311,0.681757,-0.395123,0.450467,18.97
1772223622089792938,2026-02-27 15:20:22.089,-6.59786,4.33751,-31.5538,0.683552,-0.393407,0.443385,18.971000000000004
1772223622090993841,2026-02-27 15:20:22.090,-6.5553,4.32514,-31.546,0.685829,-0.390924,0.442515,18.97200000000001
1772223622092169986,2026-02-27 15:20:22.092,-6.51293,4.31277,-32.1813,0.687298,-0.386021,0.446577,18.974000000000004
1772223622093357361,2026-02-27 15:20:22.093,-6.51536,4.29685,-32.6469,0.686434,-0.384019,0.449255,18.97500000000001
1772223622094556366,2026-02-27 15:20:22.094,-6.45759,4.31163,-32.6681,0.687593,-0.3831,0.449656,18.976
1772223622095693722,2026-02-27 15:20:22.095,-6.48852,4.31136,-32.648,0.688526,-0.381946,0.449687,18.977000000000004
1772223622096867971,2026-02-27 15:20:22.096,-6.49413,4.31263,-32.6254,0.685621,-0.380864,0.449199,18.97800000000001
1772223622098042504,2026-02-27 15:20:22.098,-6.41065,4.37971,-32.8448,0.689387,-0.379517,0.452116,18.980000000000004
1772223622099217445,2026-02-27 15:20:22.099,-6.39814,4.33804,-33.2128,0.687401,-0.377454,0.455442,18.98100000000001
1772223622100423722,2026-02-27 15:20:22.100,-6.40736,4.40814,-33.1011,0.691157,-0.37663,0.454118,18.982
1772223622101590429,2026-02-27 15:20:22.101,-6.33991,4.4151,-32.6537,0.69142,-0.376028,0.451337,18.983000000000004
1772223622102719354,2026-02-27 15:20:22.102,-6.36016,4.42428,-32.4152,0.692824,-0.375173,0.449152,18.98400000000001
1772223622103873586,2026-02-27 15:20:22.103,-6.32878,4.43749,-32.4616,0.692947,-0.37384,0.450166,18.985
1772223622105050622,2026-02-27 15:20:22.105,-6.36237,4.45564,-32.3954,0.69467,-0.37305,0.449402,18.98700000000001
1772223622106225202,2026-02-27 15:20:22.106,-6.33265,4.47822,-31.2561,0.695513,-0.370923,0.440399,18.988
1772223622107428028,2026-02-27 15:20:22.107,-6.28301,4.49962,-31.5799,0.695646,-0.370054,0.443398,18.989000000000004
1772223622108578022,2026-02-27 15:20:22.108,-6.33436,4.5431,-31.542,0.699124,-0.367795,0.443938,18.99000000000001
1772223622109709415,2026-02-27 15:20:22.109,-6.28279,4.55036,-32.1075,0.698757,-0.368256,0.449581,18.991
1772223622110839357,2026-02-27 15:20:22.110,-6.22321,4.58072,-32.3667,0.700935,-0.366361,0.452214,18.992000000000004
1772223622112015805,2026-02-27 15:20:22.112,-6.23957,4.6031,-32.3053,0.702385,-0.363952,0.452264,18.994
1772223622113188642,2026-02-27 15:20:22.113,-6.23035,4.61239,-32.2083,0.704094,-0.362721,0.453189,18.995000000000005
1772223622114361691,2026-02-27 15:20:22.114,-6.16563,4.6594,-32.9296,0.706248,-0.360767,0.461126,18.99600000000001
1772223622115545886,2026-02-27 15:20:22.115,-6.18247,4.68619,-33.1002,0.708313,-0.360252,0.462374,18.997
1772223622116678223,2026-02-27 15:20:22.116,-6.25182,4.72244,-32.8891,0.706574,-0.358135,0.460986,18.998000000000005
1772223622117852497,2026-02-27 15:20:22.117,-6.12358,4.69528,-32.4284,0.711581,-0.358745,0.456567,18.99900000000001
1772223622119031224,2026-02-27 15:20:22.119,-6.17585,4.73647,-32.1183,0.714132,-0.355535,0.455942,19.001000000000005
1772223622120205106,2026-02-27 15:20:22.120,-6.13275,4.74344,-31.9927,0.713948,-0.355273,0.455555,19.00200000000001
1772223622121376070,2026-02-27 15:20:22.121,-6.08831,4.77979,-32.0192,0.721072,-0.352088,0.457132,19.003
1772223622122554138,2026-02-27 15:20:22.122,-6.08985,4.79499,-31.6078,0.719669,-0.352265,0.453283,19.004000000000005
1772223622123690534,2026-02-27 15:20:22.123,-6.04215,4.86105,-30.9871,0.721662,-0.350731,0.448954,19.00500000000001
1772223622124862995,2026-02-27 15:20:22.124,-6.00994,4.84122,-31.3404,0.723089,-0.348489,0.453425,19.006
1772223622126060915,2026-02-27 15:20:22.126,-5.96406,4.84725,-31.4989,0.723468,-0.347455,0.456084,19.00800000000001
1772223622127246227,2026-02-27 15:20:22.127,-5.98936,4.94401,-32.074,0.721372,-0.34467,0.459807,19.009
1772223622128420035,2026-02-27 15:20:22.128,-5.86303,4.90168,-32.0325,0.728695,-0.342987,0.463707,19.010000000000005
1772223622129571775,2026-02-27 15:20:22.129,-5.88198,4.89063,-32.0122,0.72634,-0.33954,0.463623,19.01100000000001
1772223622130706112,2026-02-27 15:20:22.130,-5.84772,4.85418,-32.02,0.729689,-0.339365,0.465141,19.012
1772223622131835236,2026-02-27 15:20:22.131,-5.67223,4.902,-33.1133,0.732597,-0.33588,0.474299,19.013000000000005
1772223622133031775,2026-02-27 15:20:22.133,-5.73706,4.83626,-32.5456,0.72569,-0.335399,0.471043,19.015
1772223622134307622,2026-02-27 15:20:22.134,-5.65293,4.86839,-32.5931,0.728291,-0.333913,0.472514,19.016000000000005
1772223622135491542,2026-02-27 15:20:22.135,-5.65556,4.90614,-31.8787,0.723589,-0.328045,0.465909,19.01700000000001
1772223622136628774,2026-02-27 15:20:22.136,-5.57188,4.85635,-31.7723,0.729516,-0.327185,0.468994,19.018
1772223622137823477,2026-02-27 15:20:22.137,-5.47932,4.84908,-31.79,0.729289,-0.325365,0.468896,19.019000000000005
1772223622138971964,2026-02-27 15:20:22.138,-5.47853,4.87878,-31.7745,0.72982,-0.323228,0.469754,19.02000000000001
1772223622140187272,2026-02-27 15:20:22.140,-5.44379,4.89806,-30.7854,0.729962,-0.320333,0.461919,19.022000000000006
1772223622141361831,2026-02-27 15:20:22.141,-5.39153,4.88056,-30.9287,0.728566,-0.317223,0.465356,19.02300000000001
1772223622142526177,2026-02-27 15:20:22.142,-5.30797,4.88001,-31.4378,0.723707,-0.31474,0.46852,19.024
1772223622143654875,2026-02-27 15:20:22.143,-5.20386,4.85328,-31.7479,0.724873,-0.31399,0.472773,19.025000000000006
1772223622144850530,2026-02-27 15:20:22.144,-5.15475,4.88834,-31.8142,0.724526,-0.311967,0.473758,19.02600000000001
1772223622146045057,2026-02-27 15:20:22.146,-5.1578,4.8876,-31.8565,0.721271,-0.310312,0.473857,19.028000000000006
1772223622147242493,2026-02-27 15:20:22.147,-5.07596,4.80477,-31.8385,0.718226,-0.309419,0.474339,19.02900000000001
1772223622148415494,2026-02-27 15:20:22.148,-4.92112,4.83166,-32.8925,0.711554,-0.30651,0.483112,19.03
1772223622149557163,2026-02-27 15:20:22.149,-4.90326,4.78274,-32.4666,0.708763,-0.304781,0.480236,19.031000000000006
1772223622150719623,2026-02-27 15:20:22.150,-4.88014,4.84691,-32.3263,0.701528,-0.302358,0.477157,19.03200000000001
1772223622151912071,2026-02-27 15:20:22.151,-4.83995,4.85326,-31.9689,0.701391,-0.301342,0.475608,19.033
1772223622153110978,2026-02-27 15:20:22.153,-4.76342,4.85518,-31.8544,0.70092,-0.299979,0.473889,19.03500000000001
1772223622154309213,2026-02-27 15:20:22.154,-4.73945,4.85409,-31.8941,0.693494,-0.297827,0.473452,19.036
1772223622155442408,2026-02-27 15:20:22.155,-4.68161,4.83353,-31.8148,0.688588,-0.296039,0.473749,19.037000000000006
1772223622156615458,2026-02-27 15:20:22.156,-4.71464,4.86033,-30.8805,0.681223,-0.294148,0.46429,19.03800000000001
1772223622157806687,2026-02-27 15:20:22.157,-4.56104,4.86964,-31.3503,0.682698,-0.292151,0.468221,19.039
1772223622159006469,2026-02-27 15:20:22.159,-4.50637,4.92064,-31.3961,0.67922,-0.291975,0.468971,19.04100000000001
1772223622160205176,2026-02-27 15:20:22.160,-4.4721,4.86933,-32.0433,0.675498,-0.290955,0.474454,19.042
1772223622161379001,2026-02-27 15:20:22.161,-4.4429,4.91691,-32.3067,0.667729,-0.28949,0.47392,19.043000000000006
1772223622162525080,2026-02-27 15:20:22.162,-4.3869,4.89897,-32.3777,0.664094,-0.288083,0.475451,19.04400000000001
1772223622163652490,2026-02-27 15:20:22.163,-4.3605,4.86593,-32.4587,0.660652,-0.287452,0.475292,19.045
1772223622164834352,2026-02-27 15:20:22.164,-4.32733,4.95155,-33.4977,0.659377,-0.28679,0.484749,19.046000000000006
1772223622166029371,2026-02-27 15:20:22.166,-4.23347,4.9766,-33.2777,0.657167,-0.285865,0.482421,19.048000000000002
1772223622167227041,2026-02-27 15:20:22.167,-4.25902,4.90873,-33.3148,0.650174,-0.286354,0.481384,19.049000000000007
1772223622168362014,2026-02-27 15:20:22.168,-4.23923,4.96111,-32.9077,0.651971,-0.286139,0.478456,19.05000000000001
1772223622169541896,2026-02-27 15:20:22.169,-4.21224,5.00617,-32.6406,0.647882,-0.283882,0.474863,19.051000000000002
1772223622170673447,2026-02-27 15:20:22.170,-4.15193,5.03537,-32.8023,0.649779,-0.282194,0.474983,19.052000000000007
1772223622171851568,2026-02-27 15:20:22.171,-4.11425,5.04539,-32.7641,0.646663,-0.281599,0.475341,19.05300000000001
1772223622173050279,2026-02-27 15:20:22.173,-4.00961,5.09641,-32.1947,0.644102,-0.28152,0.469374,19.055000000000007
1772223622174250445,2026-02-27 15:20:22.174,-4.04324,5.03038,-31.8551,0.643682,-0.281035,0.467179,19.05600000000001
1772223622175422816,2026-02-27 15:20:22.175,-3.96167,5.06453,-32.0916,0.643008,-0.279407,0.469332,19.057000000000002
1772223622176576565,2026-02-27 15:20:22.176,-3.96011,5.12791,-33.1125,0.639973,-0.274477,0.475928,19.058000000000007
1772223622177705681,2026-02-27 15:20:22.177,-3.90181,5.12756,-32.9832,0.643938,-0.274645,0.478401,19.05900000000001
1772223622178878597,2026-02-27 15:20:22.178,-3.84032,5.13961,-32.9641,0.643468,-0.273525,0.478783,19.060000000000002
1772223622180077763,2026-02-27 15:20:22.180,-3.86224,5.16492,-33.0103,0.642308,-0.270598,0.47957,19.062000000000012
1772223622181279947,2026-02-27 15:20:22.181,-3.74532,5.2286,-33.1845,0.644494,-0.269269,0.481818,19.063000000000002
1772223622182470230,2026-02-27 15:20:22.182,-3.72936,5.26422,-33.6601,0.649194,-0.264018,0.486499,19.064000000000007
1772223622183615624,2026-02-27 15:20:22.183,-3.62404,5.26732,-33.6021,0.648403,-0.263034,0.487295,19.065000000000012
1772223622184791961,2026-02-27 15:20:22.184,-3.64124,5.28895,-33.0297,0.646726,-0.261757,0.483734,19.066000000000003
1772223622185993042,2026-02-27 15:20:22.185,-3.63466,5.33081,-32.8645,0.649985,-0.259357,0.483663,19.067000000000007
1772223622187164330,2026-02-27 15:20:22.187,-3.55754,5.3647,-32.9053,0.650662,-0.256613,0.484015,19.069000000000003
1772223622188358838,2026-02-27 15:20:22.188,-3.46526,5.42408,-32.8449,0.649926,-0.254871,0.484414,19.070000000000007
1772223622189555737,2026-02-27 15:20:22.189,-3.4133,5.46411,-31.7349,0.654475,-0.250481,0.477145,19.071000000000012
1772223622190688884,2026-02-27 15:20:22.190,-3.36742,5.53457,-32.0174,0.656905,-0.247657,0.480214,19.072000000000003
1772223622191864204,2026-02-27 15:20:22.191,-3.39932,5.51715,-31.9862,0.658028,-0.245569,0.481727,19.073000000000008
1772223622193064903,2026-02-27 15:20:22.193,-3.36154,5.56285,-32.5744,0.658555,-0.243971,0.487801,19.075000000000003
1772223622194259687,2026-02-27 15:20:22.194,-3.31632,5.60061,-32.7542,0.660125,-0.241568,0.490684,19.076000000000008
1772223622195430120,2026-02-27 15:20:22.195,-3.29189,5.61725,-32.6703,0.662247,-0.240255,0.490537,19.077000000000012
1772223622196552014,2026-02-27 15:20:22.196,-3.2111,5.69641,-32.5949,0.666822,-0.235863,0.492101,19.078000000000003
1772223622197681402,2026-02-27 15:20:22.197,-3.20474,5.65898,-33.2099,0.668338,-0.23285,0.4992,19.079000000000008
1772223622198884313,2026-02-27 15:20:22.198,-3.17814,5.67969,-33.4234,0.670082,-0.233989,0.500841,19.080000000000013
1772223622200081220,2026-02-27 15:20:22.200,-3.13506,5.68107,-33.1261,0.670567,-0.230709,0.499233,19.082000000000008
1772223622201277720,2026-02-27 15:20:22.201,-3.2274,5.7126,-32.7102,0.671436,-0.228538,0.494606,19.083000000000013
1772223622202449653,2026-02-27 15:20:22.202,-3.21115,5.68296,-32.3455,0.674925,-0.227512,0.492062,19.084000000000003
1772223622203600665,2026-02-27 15:20:22.203,-3.21314,5.6154,-32.4782,0.689062,-0.225498,0.491365,19.085000000000008
1772223622204735669,2026-02-27 15:20:22.204,-3.28051,5.56986,-32.6781,0.700311,-0.223457,0.49126,19.086000000000013
1772223622205864847,2026-02-27 15:20:22.205,-3.24484,5.54686,-32.3557,0.701914,-0.22327,0.488872,19.087000000000003
1772223622207065748,2026-02-27 15:20:22.207,-3.21763,5.62343,-31.6141,0.706282,-0.221466,0.481683,19.089
1772223622208262416,2026-02-27 15:20:22.208,-3.20749,5.60208,-31.9016,0.709301,-0.220849,0.485406,19.090000000000003
1772223622209469981,2026-02-27 15:20:22.209,-3.20105,5.6297,-31.9652,0.71371,-0.21924,0.486091,19.091000000000008
1772223622210601817,2026-02-27 15:20:22.210,-3.24684,5.57693,-32.3426,0.715095,-0.219744,0.490829,19.092
1772223622211734649,2026-02-27 15:20:22.211,-3.21637,5.59264,-32.2207,0.719157,-0.220072,0.491191,19.093000000000004
1772223622212864320,2026-02-27 15:20:22.212,-3.25673,5.56642,-32.1327,0.716996,-0.22054,0.489929,19.09400000000001
1772223622214059697,2026-02-27 15:20:22.214,-3.28509,5.54834,-32.1261,0.717173,-0.219795,0.488863,19.096000000000004
1772223622215256559,2026-02-27 15:20:22.215,-3.29162,5.47475,-33.1269,0.724147,-0.219151,0.499091,19.09700000000001
1772223622216471505,2026-02-27 15:20:22.216,-3.217,5.51129,-32.7434,0.728542,-0.219049,0.493817,19.098
1772223622217607450,2026-02-27 15:20:22.217,-3.32433,5.4397,-32.0531,0.730995,-0.220667,0.487674,19.099000000000004
1772223622218779078,2026-02-27 15:20:22.218,-3.34301,5.41465,-31.7079,0.730893,-0.220235,0.484649,19.10000000000001
1772223622219976260,2026-02-27 15:20:22.219,-3.35673,5.4051,-31.7389,0.731474,-0.219782,0.483144,19.101
1772223622221177313,2026-02-27 15:20:22.221,-3.38781,5.33864,-31.6712,0.731971,-0.219112,0.482096,19.10300000000001
1772223622222376464,2026-02-27 15:20:22.222,-3.32577,5.33694,-31.6029,0.735639,-0.220256,0.481336,19.104
1772223622223595512,2026-02-27 15:20:22.223,-3.35796,5.29997,-30.8111,0.739159,-0.219724,0.472439,19.105000000000004
1772223622224784980,2026-02-27 15:20:22.224,-3.41873,5.26714,-30.8224,0.740812,-0.218615,0.470972,19.10600000000001
1772223622225987967,2026-02-27 15:20:22.225,-3.42465,5.20708,-31.236,0.738967,-0.21894,0.474953,19.107
1772223622227186651,2026-02-27 15:20:22.227,-3.39565,5.15803,-31.5758,0.741185,-0.218476,0.477325,19.10900000000001
1772223622228388288,2026-02-27 15:20:22.228,-3.41361,5.11872,-31.5772,0.742181,-0.218438,0.477547,19.11
1772223622229663720,2026-02-27 15:20:22.229,-3.38828,5.15251,-31.634,0.745051,-0.21749,0.477138,19.111000000000004
1772223622230882970,2026-02-27 15:20:22.230,-3.29364,5.0667,-32.0124,0.74451,-0.218247,0.479178,19.11200000000001
1772223622232079560,2026-02-27 15:20:22.232,-3.34248,5.0321,-32.5814,0.743052,-0.218015,0.485033,19.114000000000004
1772223622233276576,2026-02-27 15:20:22.233,-3.32857,4.97156,-32.3152,0.742421,-0.217659,0.481703,19.11500000000001
1772223622234506456,2026-02-27 15:20:22.234,-3.2485,4.92266,-32.1942,0.745832,-0.217093,0.479197,19.116
1772223622235636798,2026-02-27 15:20:22.235,-3.28292,4.90629,-31.5993,0.744194,-0.2171,0.47523,19.117000000000004
1772223622236812657,2026-02-27 15:20:22.236,-3.26938,4.87855,-31.6977,0.741105,-0.215031,0.47463,19.11800000000001
1772223622237987004,2026-02-27 15:20:22.237,-3.19823,4.80509,-31.7406,0.74166,-0.215867,0.47519,19.119
1772223622239197076,2026-02-27 15:20:22.239,-3.14394,4.74023,-31.6955,0.742929,-0.216217,0.474753,19.12100000000001
1772223622240391617,2026-02-27 15:20:22.240,-3.1077,4.71342,-30.7195,0.741132,-0.216615,0.465613,19.122
1772223622241545053,2026-02-27 15:20:22.241,-3.10363,4.67966,-31.135,0.735914,-0.216297,0.469734,19.123000000000005
1772223622242676246,2026-02-27 15:20:22.242,-3.02989,4.60514,-31.8657,0.734668,-0.214892,0.475823,19.12400000000001
1772223622243846980,2026-02-27 15:20:22.243,-2.93431,4.54906,-32.1556,0.734369,-0.214092,0.476841,19.125
1772223622245043374,2026-02-27 15:20:22.245,-2.9141,4.51931,-32.1147,0.732257,-0.213465,0.476782,19.12700000000001
1772223622246339268,2026-02-27 15:20:22.246,-2.89557,4.49062,-32.1979,0.726235,-0.212695,0.476786,19.128
1772223622247550651,2026-02-27 15:20:22.247,-2.8025,4.43416,-32.2723,0.725991,-0.211526,0.475998,19.129000000000005
1772223622248679510,2026-02-27 15:20:22.248,-2.70455,4.44863,-33.1899,0.721091,-0.211363,0.485591,19.13000000000001
1772223622249847938,2026-02-27 15:20:22.249,-2.66442,4.3889,-33.1484,0.717509,-0.209735,0.485459,19.131
1772223622251043496,2026-02-27 15:20:22.251,-2.63279,4.3667,-32.7145,0.714936,-0.209223,0.481335,19.13300000000001
1772223622252241375,2026-02-27 15:20:22.252,-2.53147,4.37301,-32.4983,0.714539,-0.209585,0.479688,19.134
1772223622253437931,2026-02-27 15:20:22.253,-2.50065,4.3684,-32.621,0.71065,-0.207385,0.4797,19.135000000000005
1772223622254558783,2026-02-27 15:20:22.254,-2.43767,4.39659,-32.5078,0.708344,-0.206593,0.481177,19.13600000000001
1772223622255706330,2026-02-27 15:20:22.255,-2.30583,4.41061,-32.0391,0.702606,-0.203016,0.478203,19.137
1772223622256895735,2026-02-27 15:20:22.256,-2.26522,4.39985,-31.6936,0.697178,-0.202264,0.475036,19.138000000000005
1772223622258092023,2026-02-27 15:20:22.258,-2.15472,4.41557,-32.0034,0.697361,-0.199161,0.479254,19.14
1772223622259286701,2026-02-27 15:20:22.259,-2.08341,4.4531,-32.2452,0.695717,-0.195696,0.482218,19.141000000000005
1772223622260497433,2026-02-27 15:20:22.260,-2.03549,4.44179,-32.8051,0.692646,-0.193782,0.486909,19.14200000000001
1772223622261626891,2026-02-27 15:20:22.261,-1.95172,4.42255,-32.8141,0.689706,-0.191456,0.488458,19.143
1772223622262778524,2026-02-27 15:20:22.262,-1.8203,4.51821,-32.7642,0.687654,-0.184716,0.490669,19.144000000000005
1772223622263975281,2026-02-27 15:20:22.263,-1.74136,4.52048,-32.8085,0.686478,-0.183709,0.491415,19.14500000000001
1772223622265170425,2026-02-27 15:20:22.265,-1.62252,4.53564,-33.7523,0.68615,-0.180752,0.502318,19.147000000000006
1772223622266365653,2026-02-27 15:20:22.266,-1.56255,4.59273,-33.2979,0.685477,-0.177687,0.498447,19.14800000000001
1772223622267575454,2026-02-27 15:20:22.267,-1.50738,4.57171,-33.3394,0.683475,-0.174219,0.498715,19.149
1772223622268706564,2026-02-27 15:20:22.268,-1.35028,4.61318,-32.5546,0.685191,-0.166432,0.494728,19.150000000000006
1772223622269877534,2026-02-27 15:20:22.269,-1.20313,4.5397,-32.5337,0.680698,-0.164231,0.494916,19.15100000000001
1772223622271072992,2026-02-27 15:20:22.271,-1.20471,4.58484,-32.5349,0.677777,-0.160608,0.495039,19.153000000000006
1772223622272242878,2026-02-27 15:20:22.272,-1.06537,4.59762,-32.5001,0.682296,-0.156932,0.496734,19.15400000000001
1772223622273437120,2026-02-27 15:20:22.273,-1.01237,4.5566,-31.3837,0.679805,-0.154786,0.488028,19.155
1772223622274693547,2026-02-27 15:20:22.274,-0.946601,4.56477,-31.6156,0.680242,-0.151967,0.489543,19.156000000000006
1772223622275911826,2026-02-27 15:20:22.275,-0.77751,4.56139,-32.1236,0.682269,-0.14704,0.496396,19.15700000000001
1772223622277113404,2026-02-27 15:20:22.277,-0.676883,4.53274,-32.4066,0.680526,-0.144078,0.499503,19.159000000000006
1772223622278310917,2026-02-27 15:20:22.278,-0.608773,4.52298,-32.3618,0.683503,-0.142185,0.499304,19.16000000000001
1772223622279519445,2026-02-27 15:20:22.279,-0.546839,4.5173,-32.2628,0.682273,-0.140702,0.499913,19.161
1772223622280688069,2026-02-27 15:20:22.280,-0.51765,4.46278,-32.281,0.6839,-0.137975,0.49985,19.162000000000006
1772223622281902834,2026-02-27 15:20:22.281,-0.344621,4.42938,-33.1457,0.685311,-0.135552,0.50822,19.16300000000001
1772223622283100708,2026-02-27 15:20:22.283,-0.303066,4.39974,-32.8877,0.686222,-0.133086,0.506383,19.165000000000006
1772223622284298529,2026-02-27 15:20:22.284,-0.267925,4.37627,-32.5163,0.688172,-0.132721,0.502745,19.16600000000001
1772223622285633510,2026-02-27 15:20:22.285,-0.246656,4.3425,-32.172,0.690343,-0.130931,0.500147,19.167
1772223622286814666,2026-02-27 15:20:22.286,-0.194349,4.25875,-32.0743,0.693467,-0.129439,0.498032,19.168000000000006
1772223622288012233,2026-02-27 15:20:22.288,-0.093594,4.19863,-32.1104,0.695154,-0.128776,0.497734,19.17
1772223622289153252,2026-02-27 15:20:22.289,-0.135911,4.17171,-31.9744,0.699826,-0.128091,0.49577,19.171000000000006
1772223622290364634,2026-02-27 15:20:22.290,-0.07528,4.13089,-31.1244,0.70086,-0.128175,0.487447,19.17200000000001
1772223622291562147,2026-02-27 15:20:22.291,-0.04817,4.08527,-31.5581,0.703377,-0.128646,0.491713,19.173000000000002
1772223622292694906,2026-02-27 15:20:22.292,-0.02602,3.95804,-32.3134,0.711128,-0.127399,0.49563,19.174000000000007
1772223622293874653,2026-02-27 15:20:22.293,-0.055194,3.90792,-32.6174,0.713944,-0.126156,0.495492,19.17500000000001
1772223622295076702,2026-02-27 15:20:22.295,-0.008069,3.84636,-32.5919,0.71847,-0.125771,0.495107,19.177000000000007
1772223622296273682,2026-02-27 15:20:22.296,0.005691,3.77168,-32.6073,0.718957,-0.125813,0.49442,19.17800000000001
1772223622297478990,2026-02-27 15:20:22.297,0.006927,3.78587,-32.7432,0.720678,-0.124487,0.493514,19.179000000000002
1772223622298608646,2026-02-27 15:20:22.298,0.03372,3.74335,-33.737,0.726306,-0.124574,0.502658,19.180000000000007
1772223622299743596,2026-02-27 15:20:22.299,0.087921,3.6122,-33.4618,0.726231,-0.126371,0.498034,19.18100000000001
1772223622300874179,2026-02-27 15:20:22.300,0.091743,3.62278,-32.8857,0.727432,-0.125923,0.494101,19.182000000000002
1772223622302072065,2026-02-27 15:20:22.302,0.102111,3.58161,-32.6384,0.728226,-0.125933,0.490595,19.18400000000001
1772223622303266340,2026-02-27 15:20:22.303,0.18797,3.56467,-32.6375,0.729209,-0.126036,0.490773,19.185000000000002
1772223622304477454,2026-02-27 15:20:22.304,0.16133,3.51332,-32.634,0.728176,-0.125897,0.490098,19.186000000000007
1772223622305610243,2026-02-27 15:20:22.305,0.19194,3.54401,-32.6142,0.728114,-0.125111,0.490308,19.187000000000012
1772223622306739011,2026-02-27 15:20:22.306,0.211609,3.47412,-31.7361,0.728917,-0.123408,0.480696,19.188000000000002
1772223622307908499,2026-02-27 15:20:22.307,0.302368,3.40431,-31.8894,0.728848,-0.122811,0.482647,19.189000000000007
1772223622309106537,2026-02-27 15:20:22.309,0.314193,3.3983,-32.32,0.727089,-0.121835,0.486192,19.191000000000003
1772223622310306229,2026-02-27 15:20:22.310,0.396487,3.41736,-32.7731,0.726896,-0.120602,0.490369,19.192000000000007
1772223622311515610,2026-02-27 15:20:22.311,0.442849,3.42044,-32.8538,0.727957,-0.118458,0.490504,19.193000000000012
1772223622312649247,2026-02-27 15:20:22.312,0.433274,3.44164,-32.7774,0.725498,-0.11791,0.491144,19.194000000000003
1772223622313798973,2026-02-27 15:20:22.313,0.554309,3.40153,-32.9418,0.720146,-0.115604,0.49466,19.195000000000007
1772223622314993051,2026-02-27 15:20:22.314,0.652692,3.39819,-33.7889,0.720671,-0.115062,0.503109,19.196000000000012
1772223622316194003,2026-02-27 15:20:22.316,0.632639,3.4216,-33.4458,0.716362,-0.11327,0.500215,19.198000000000008
1772223622317390949,2026-02-27 15:20:22.317,0.662437,3.43443,-33.2649,0.715551,-0.111739,0.500692,19.199000000000012
1772223622318568386,2026-02-27 15:20:22.318,0.677249,3.46976,-32.8444,0.7143,-0.109318,0.498736,19.200000000000003
1772223622319701829,2026-02-27 15:20:22.319,0.723914,3.45344,-32.6584,0.713656,-0.106235,0.49853,19.201000000000008
1772223622320862737,2026-02-27 15:20:22.320,0.902629,3.57426,-32.6614,0.709534,-0.101073,0.502601,19.202000000000012
1772223622322001491,2026-02-27 15:20:22.322,0.975686,3.61146,-32.7266,0.711511,-0.098711,0.503618,19.204000000000008
1772223622323222284,2026-02-27 15:20:22.323,1.0317,3.70009,-31.62,0.708606,-0.095211,0.496442,19.205000000000013
1772223622324420786,2026-02-27 15:20:22.324,1.10245,3.70825,-32.0195,0.706694,-0.093294,0.50167,19.206000000000003
1772223622325561393,2026-02-27 15:20:22.325,1.16658,3.73179,-31.8891,0.705014,-0.08985,0.503768,19.207000000000008
1772223622326695026,2026-02-27 15:20:22.326,1.19964,3.81179,-32.4458,0.707383,-0.086873,0.511394,19.208000000000013
1772223622327868783,2026-02-27 15:20:22.327,1.41577,3.84104,-32.6609,0.702645,-0.079012,0.516932,19.209000000000003
1772223622329068974,2026-02-27 15:20:22.329,1.50973,3.91431,-32.6517,0.701983,-0.075717,0.518996,19.211000000000013
1772223622330275547,2026-02-27 15:20:22.330,1.54901,3.86977,-32.7058,0.699766,-0.072163,0.521169,19.212000000000003
1772223622331483896,2026-02-27 15:20:22.331,1.5945,3.97323,-33.4586,0.699672,-0.066836,0.530742,19.213000000000008
1772223622332617261,2026-02-27 15:20:22.332,1.73977,4.03369,-33.4693,0.701913,-0.063823,0.533038,19.214
1772223622333779649,2026-02-27 15:20:22.333,1.76242,4.03255,-33.3564,0.699029,-0.061041,0.53448,19.215000000000003
1772223622334958051,2026-02-27 15:20:22.334,1.84502,4.08458,-32.6234,0.701002,-0.052886,0.532008,19.216000000000008
1772223622336158513,2026-02-27 15:20:22.336,2.0012,4.15472,-32.505,0.704009,-0.049977,0.533323,19.218000000000004
1772223622337357416,2026-02-27 15:20:22.337,2.03534,4.12909,-32.6139,0.704841,-0.045859,0.534681,19.21900000000001
1772223622338511974,2026-02-27 15:20:22.338,2.11875,4.1088,-32.7251,0.709019,-0.042185,0.536729,19.22
1772223622339661911,2026-02-27 15:20:22.339,2.19018,4.09277,-32.4821,0.716571,-0.038182,0.534563,19.221000000000004
1772223622340820789,2026-02-27 15:20:22.340,2.21374,4.17017,-32.2727,0.713921,-0.032804,0.536921,19.22200000000001
1772223622342000408,2026-02-27 15:20:22.342,2.34877,4.18769,-32.4327,0.720677,-0.029701,0.540491,19.224000000000004
1772223622343197075,2026-02-27 15:20:22.343,2.42027,4.2271,-32.8375,0.718976,-0.026591,0.546574,19.22500000000001
1772223622344397541,2026-02-27 15:20:22.344,2.47006,4.2298,-32.7908,0.721968,-0.02531,0.54918,19.226
1772223622345554554,2026-02-27 15:20:22.345,2.5093,4.22221,-32.5732,0.721994,-0.024868,0.550335,19.227000000000004
1772223622346685618,2026-02-27 15:20:22.346,2.49454,4.21603,-32.3135,0.718708,-0.026631,0.550868,19.22800000000001
1772223622347838263,2026-02-27 15:20:22.347,2.29727,4.43115,-31.2501,0.696027,-0.059457,0.563234,19.229
1772223622349016451,2026-02-27 15:20:22.349,0.829305,5.57057,-25.2904,0.602578,-0.189811,0.567117,19.23100000000001
1772223622350214967,2026-02-27 15:20:22.350,-0.226921,6.08779,-20.2846,0.47787,-0.299534,0.567441,19.232
1772223622351412785,2026-02-27 15:20:22.351,-0.708123,5.961,-17.7198,0.416038,-0.305993,0.537532,19.233000000000004
1772223622352561795,2026-02-27 15:20:22.352,-1.07779,5.99353,-14.4953,0.366354,-0.30903,0.504368,19.23400000000001
1772223622353691658,2026-02-27 15:20:22.353,-1.27244,5.48245,-13.5033,0.316417,-0.301043,0.473892,19.235
1772223622354841567,2026-02-27 15:20:22.354,-1.40742,5.24109,-12.4765,0.265954,-0.275387,0.441778,19.236000000000004
1772223622356012607,2026-02-27 15:20:22.356,-1.29967,4.79012,-11.6275,0.243251,-0.259322,0.407689,19.238
1772223622357211799,2026-02-27 15:20:22.357,-1.43526,5.27828,-10.6226,0.217774,-0.258691,0.401636,19.239000000000004
1772223622358531551,2026-02-27 15:20:22.358,-1.36826,5.26559,-10.6248,0.22531,-0.284738,0.411322,19.24000000000001
1772223622359661619,2026-02-27 15:20:22.359,-1.48056,5.54799,-10.3736,0.213668,-0.295252,0.418427,19.241
1772223622360826323,2026-02-27 15:20:22.360,-1.67734,5.69782,-9.9523,0.214232,-0.316676,0.427729,19.242000000000004
1772223622361997520,2026-02-27 15:20:22.361,-1.77463,5.40151,-9.26491,0.211764,-0.337779,0.424421,19.24300000000001
1772223622363190742,2026-02-27 15:20:22.363,-1.73467,4.9856,-9.76876,0.225738,-0.340607,0.424441,19.245000000000005
1772223622364389058,2026-02-27 15:20:22.364,-1.79229,5.05792,-9.94967,0.229226,-0.353192,0.430015,19.24600000000001
1772223622365573614,2026-02-27 15:20:22.365,-2.12451,5.44086,-9.34001,0.22005,-0.368986,0.428231,19.247
1772223622366719919,2026-02-27 15:20:22.366,-2.5427,5.93285,-7.59402,0.198957,-0.344476,0.39899,19.248000000000005
1772223622367868958,2026-02-27 15:20:22.367,-2.40883,5.57897,-7.82912,0.221363,-0.360071,0.392458,19.24900000000001
1772223622369036239,2026-02-27 15:20:22.369,-1.77772,5.37138,-10.8712,0.273372,-0.322264,0.424579,19.251000000000005
1772223622370234058,2026-02-27 15:20:22.370,-1.66871,5.4523,-10.6346,0.325709,-0.389106,0.449214,19.25200000000001
1772223622371405929,2026-02-27 15:20:22.371,-2.27365,6.61765,-8.5872,0.262649,-0.354277,0.421076,19.253
1772223622372570345,2026-02-27 15:20:22.372,-2.53481,6.47712,-7.53833,0.275662,-0.352181,0.403812,19.254000000000005
1772223622373704943,2026-02-27 15:20:22.373,-2.49845,5.95793,-6.59633,0.274017,-0.326902,0.381828,19.25500000000001
1772223622374894664,2026-02-27 15:20:22.374,-2.57618,5.64563,-6.72998,0.256574,-0.311165,0.379746,19.256
1772223622376061509,2026-02-27 15:20:22.376,-2.30634,5.36453,-7.61484,0.251199,-0.314639,0.387861,19.25800000000001
1772223622377256398,2026-02-27 15:20:22.377,-2.12388,5.40118,-8.55029,0.260414,-0.297422,0.389119,19.259
1772223622378470056,2026-02-27 15:20:22.378,-2.20692,5.84559,-8.03661,0.250753,-0.307606,0.387293,19.260000000000005
1772223622379564026,2026-02-27 15:20:22.379,-2.15993,5.91312,-8.02459,0.262267,-0.314692,0.389152,19.26100000000001
1772223622380690075,2026-02-27 15:20:22.380,-1.99803,5.68348,-8.57643,0.260748,-0.322642,0.392775,19.262
1772223622381887279,2026-02-27 15:20:22.381,-2.07485,5.90673,-8.79486,0.243314,-0.319276,0.3939,19.263000000000005
1772223622383056889,2026-02-27 15:20:22.383,-2.17104,5.69168,-7.8294,0.216678,-0.290875,0.369678,19.265
1772223622384253990,2026-02-27 15:20:22.384,-2.17297,5.48708,-7.64017,0.20757,-0.299796,0.361712,19.266000000000005
1772223622385448721,2026-02-27 15:20:22.385,-2.26468,5.67963,-6.55565,0.184156,-0.298506,0.346792,19.26700000000001
1772223622386559697,2026-02-27 15:20:22.386,-2.10733,5.43224,-6.76538,0.188815,-0.294201,0.348621,19.268
1772223622387687139,2026-02-27 15:20:22.387,-2.2319,5.65519,-6.33328,0.168409,-0.276302,0.337464,19.269000000000005
1772223622388817541,2026-02-27 15:20:22.388,-1.7961,5.2667,-7.34813,0.19533,-0.283406,0.342667,19.27000000000001
1772223622390004230,2026-02-27 15:20:22.390,-1.46979,5.37589,-7.11777,0.194793,-0.275258,0.336554,19.272000000000006
1772223622391180883,2026-02-27 15:20:22.391,-1.52961,5.77189,-7.03233,0.190204,-0.28212,0.341557,19.27300000000001
1772223622392376384,2026-02-27 15:20:22.392,-1.50439,5.89713,-7.22176,0.187611,-0.276441,0.336241,19.274
1772223622393562989,2026-02-27 15:20:22.393,-1.5776,5.83236,-7.47535,0.180487,-0.281534,0.336889,19.275000000000006
1772223622394695510,2026-02-27 15:20:22.394,-1.81258,6.0434,-6.34268,0.158871,-0.279994,0.326821,19.27600000000001
1772223622395909443,2026-02-27 15:20:22.395,-1.70974,5.83039,-6.25838,0.154743,-0.279642,0.320193,19.277
1772223622397080567,2026-02-27 15:20:22.397,-2.18287,6.0876,-4.57441,0.107802,-0.26511,0.295555,19.27900000000001
1772223622398273446,2026-02-27 15:20:22.398,-2.12465,5.98714,-5.51676,0.119147,-0.282386,0.306123,19.28
1772223622399482494,2026-02-27 15:20:22.399,-2.22147,6.14848,-4.53824,0.103605,-0.268455,0.295806,19.281000000000006
1772223622400609648,2026-02-27 15:20:22.400,-1.87956,5.95955,-5.00318,0.113046,-0.274132,0.299806,19.28200000000001
1772223622401740144,2026-02-27 15:20:22.401,-1.2878,5.67568,-5.62333,0.128632,-0.280009,0.306861,19.283
1772223622402870857,2026-02-27 15:20:22.402,-0.798622,5.78862,-5.92167,0.109408,-0.263045,0.284464,19.284000000000006
1772223622404044981,2026-02-27 15:20:22.404,0.293575,5.5522,-7.19383,0.085155,-0.249807,0.247062,19.286
1772223622405184093,2026-02-27 15:20:22.405,0.579952,5.25256,-7.66401,0.068487,-0.242831,0.228508,19.287000000000006
1772223622406384836,2026-02-27 15:20:22.406,0.730606,4.91106,-6.81567,0.041745,-0.246729,0.209618,19.28800000000001
1772223622407560959,2026-02-27 15:20:22.407,0.81346,4.73589,-6.9027,0.025783,-0.241007,0.206871,19.289
1772223622408687712,2026-02-27 15:20:22.408,0.683167,4.78239,-6.22722,0.024153,-0.234661,0.202943,19.290000000000006
1772223622409864144,2026-02-27 15:20:22.409,0.534777,4.77709,-6.28631,0.016094,-0.228361,0.205078,19.29100000000001
1772223622411039919,2026-02-27 15:20:22.411,0.427057,4.62854,-7.01559,0.040864,-0.225914,0.221372,19.293000000000006
1772223622412222134,2026-02-27 15:20:22.412,0.382667,4.75533,-6.81389,0.04944,-0.226038,0.225176,19.29400000000001
1772223622413418855,2026-02-27 15:20:22.413,0.319845,4.84465,-6.71899,0.060337,-0.227296,0.226629,19.295
1772223622414568967,2026-02-27 15:20:22.414,0.415084,4.81307,-7.85419,0.069039,-0.227738,0.235945,19.296000000000006
1772223622415700283,2026-02-27 15:20:22.415,0.520939,4.72906,-8.26724,0.074115,-0.223551,0.234373,19.29700000000001
1772223622416874918,2026-02-27 15:20:22.416,0.243074,4.71038,-7.93897,0.07594,-0.225696,0.230074,19.298000000000002
1772223622418045421,2026-02-27 15:20:22.418,0.098251,4.5932,-7.72049,0.078466,-0.235107,0.230406,19.30000000000001
1772223622419215754,2026-02-27 15:20:22.419,0.462909,4.40301,-8.0396,0.082359,-0.218559,0.22484,19.301000000000002
1772223622420413910,2026-02-27 15:20:22.420,0.070055,4.46325,-7.69387,0.072429,-0.238791,0.222605,19.302000000000007
1772223622421572558,2026-02-27 15:20:22.421,-0.065941,4.42008,-7.96522,0.072173,-0.244547,0.223018,19.30300000000001
1772223622422743390,2026-02-27 15:20:22.422,-0.353807,4.34718,-7.86531,0.076376,-0.260367,0.22224,19.304000000000002
1772223622423945026,2026-02-27 15:20:22.423,-0.388814,4.43976,-7.49071,0.074416,-0.27647,0.217164,19.305000000000007
1772223622425159370,2026-02-27 15:20:22.425,-0.423875,4.41574,-7.59319,0.065126,-0.280586,0.21335,19.307000000000002
1772223622426353750,2026-02-27 15:20:22.426,-0.251692,4.33222,-8.683,0.066009,-0.26803,0.21265,19.308000000000007
1772223622427567249,2026-02-27 15:20:22.427,-0.384928,4.5412,-8.57192,0.060395,-0.27752,0.213353,19.30900000000001
1772223622428701438,2026-02-27 15:20:22.428,-0.480857,4.59328,-8.01381,0.059059,-0.275815,0.214972,19.310000000000002
1772223622429878000,2026-02-27 15:20:22.429,-0.599606,4.61516,-7.51128,0.058398,-0.277649,0.218759,19.311000000000007
1772223622431048015,2026-02-27 15:20:22.431,-0.586175,4.62033,-7.4409,0.054276,-0.275904,0.217186,19.313000000000002
1772223622432222337,2026-02-27 15:20:22.432,-0.102186,4.42641,-8.61907,0.019522,-0.250583,0.194756,19.314000000000007
1772223622433418897,2026-02-27 15:20:22.433,0.201927,4.38982,-8.64866,-0.003296,-0.239167,0.174034,19.315000000000012
1772223622434574238,2026-02-27 15:20:22.434,0.22687,4.35771,-7.89991,-0.020269,-0.233472,0.155178,19.316000000000003
1772223622435703755,2026-02-27 15:20:22.435,0.333354,4.27894,-7.82027,-0.036003,-0.225888,0.142501,19.317000000000007
1772223622436878816,2026-02-27 15:20:22.436,0.383385,4.21379,-7.38217,-0.045976,-0.22652,0.137352,19.318000000000012
1772223622438071940,2026-02-27 15:20:22.438,0.377459,4.14549,-6.93288,-0.056711,-0.225195,0.133477,19.320000000000007
1772223622439242989,2026-02-27 15:20:22.439,0.191652,4.21288,-5.25709,-0.048038,-0.213275,0.129848,19.321000000000012
1772223622440441656,2026-02-27 15:20:22.440,0.132481,4.27038,-4.93225,-0.042504,-0.206424,0.133523,19.322000000000003
1772223622441567709,2026-02-27 15:20:22.441,0.03824,4.36478,-4.81194,-0.033596,-0.198173,0.140593,19.323000000000008
1772223622442698653,2026-02-27 15:20:22.442,0.009628,4.47045,-5.09461,-0.023956,-0.188423,0.150393,19.324000000000012
1772223622443896632,2026-02-27 15:20:22.443,-0.046449,4.57994,-5.36695,-0.016266,-0.181871,0.1583,19.325000000000003
1772223622445067429,2026-02-27 15:20:22.445,-0.052722,4.70264,-5.27572,-0.00988,-0.172414,0.16055,19.327000000000012
1772223622446238363,2026-02-27 15:20:22.446,-0.065467,4.82931,-4.9696,-0.003465,-0.163317,0.164211,19.328000000000003
1772223622447432325,2026-02-27 15:20:22.447,-0.165235,4.86752,-5.10003,-0.003415,-0.159822,0.168437,19.329000000000008
1772223622448570949,2026-02-27 15:20:22.448,-0.195937,4.91799,-5.60743,0.000629,-0.15687,0.174651,19.330000000000013
1772223622449700302,2026-02-27 15:20:22.449,-0.222493,5.0222,-5.0303,0.005051,-0.151536,0.170782,19.331000000000003
1772223622450878838,2026-02-27 15:20:22.450,-0.311847,4.98857,-4.67758,0.003139,-0.150744,0.169462,19.332000000000008
1772223622452066466,2026-02-27 15:20:22.452,-0.381858,4.989,-4.01186,0.004159,-0.147861,0.167285,19.334000000000003
1772223622453237392,2026-02-27 15:20:22.453,-0.539062,5.10443,-3.53708,0.007433,-0.14247,0.166192,19.335000000000008
1772223622454429293,2026-02-27 15:20:22.454,-0.535573,5.14709,-3.43485,0.007114,-0.13936,0.166216,19.336000000000013
1772223622455563773,2026-02-27 15:20:22.455,-0.607086,5.21637,-3.33415,0.007518,-0.135683,0.166304,19.337000000000003
1772223622456713054,2026-02-27 15:20:22.456,-0.647993,5.23194,-2.26466,0.006878,-0.134152,0.158346,19.338000000000008
1772223622457889632,2026-02-27 15:20:22.457,-0.718284,5.27329,-2.58177,0.007272,-0.132578,0.163131,19.339
1772223622459086341,2026-02-27 15:20:22.459,-0.706421,5.31443,-2.36092,0.006955,-0.131851,0.163678,19.341000000000008
1772223622460258902,2026-02-27 15:20:22.460,-0.76552,5.38543,-3.04172,0.004878,-0.130955,0.171008,19.342
1772223622461449739,2026-02-27 15:20:22.461,-0.73346,5.39675,-3.04315,0.005009,-0.128869,0.171393,19.343000000000004
1772223622462603959,2026-02-27 15:20:22.462,-0.668066,5.3865,-3.18665,0.005676,-0.125137,0.17187,19.34400000000001
1772223622463732070,2026-02-27 15:20:22.463,-0.650516,5.46963,-3.30553,0.007539,-0.120174,0.174795,19.345
1772223622464908252,2026-02-27 15:20:22.464,-0.556681,5.54151,-4.47394,0.010475,-0.111439,0.186029,19.346000000000004
1772223622466103451,2026-02-27 15:20:22.466,-0.390788,5.63455,-4.74936,0.014894,-0.104326,0.188596,19.348
1772223622467275114,2026-02-27 15:20:22.467,-0.417716,5.87635,-4.51597,0.020124,-0.099888,0.190624,19.349000000000004
1772223622468564730,2026-02-27 15:20:22.468,-0.40132,5.97909,-4.31946,0.024775,-0.097312,0.19212,19.35000000000001
1772223622469717553,2026-02-27 15:20:22.469,-0.45596,6.04298,-4.20365,0.028063,-0.096344,0.193159,19.351
1772223622470911466,2026-02-27 15:20:22.470,-0.406375,6.16182,-4.15185,0.03187,-0.094899,0.194991,19.352000000000004
1772223622472053130,2026-02-27 15:20:22.472,-0.540607,6.19,-4.06585,0.0312,-0.094252,0.197029,19.354
1772223622473228801,2026-02-27 15:20:22.473,-0.487418,6.28863,-3.48163,0.03565,-0.093728,0.195324,19.355000000000004
1772223622474411129,2026-02-27 15:20:22.474,-0.57567,6.33863,-3.0922,0.037512,-0.092917,0.197993,19.35600000000001
1772223622475572587,2026-02-27 15:20:22.475,-0.62305,6.43084,-3.30244,0.040594,-0.090175,0.20225,19.357
1772223622476707364,2026-02-27 15:20:22.476,-0.646314,6.49228,-3.80455,0.04247,-0.086624,0.207559,19.358000000000004
1772223622477899789,2026-02-27 15:20:22.477,-0.607198,6.56638,-3.85967,0.045604,-0.08418,0.210139,19.35900000000001
1772223622479096059,2026-02-27 15:20:22.479,-0.643336,6.63702,-3.85077,0.047964,-0.083486,0.211951,19.361000000000004
1772223622480292467,2026-02-27 15:20:22.480,-0.644036,6.66882,-3.73845,0.047535,-0.08228,0.213499,19.36200000000001
1772223622481480049,2026-02-27 15:20:22.481,-0.645729,6.64525,-4.64194,0.045125,-0.084022,0.223858,19.363
1772223622482609215,2026-02-27 15:20:22.482,-0.677101,6.67599,-4.10928,0.048998,-0.082971,0.220407,19.364000000000004
1772223622483780378,2026-02-27 15:20:22.483,-0.666337,6.64776,-4.27184,0.048163,-0.07921,0.220436,19.36500000000001
1772223622484983941,2026-02-27 15:20:22.484,-0.593858,6.70016,-3.84622,0.052962,-0.077354,0.218167,19.366
1772223622486166370,2026-02-27 15:20:22.486,-0.571471,6.76954,-3.57644,0.05385,-0.077659,0.21751,19.36800000000001
1772223622487339429,2026-02-27 15:20:22.487,-0.568176,6.75409,-3.54794,0.056313,-0.079315,0.219514,19.369
1772223622488518877,2026-02-27 15:20:22.488,-0.567303,6.77295,-3.49902,0.054147,-0.080962,0.221239,19.370000000000005
1772223622489649354,2026-02-27 15:20:22.489,-0.625837,6.78635,-2.43874,0.059315,-0.08216,0.211738,19.37100000000001
1772223622490823701,2026-02-27 15:20:22.490,-0.700973,6.7283,-2.29571,0.058092,-0.091287,0.214288,19.372
1772223622492018731,2026-02-27 15:20:22.492,-0.736719,6.68839,-2.0746,0.056151,-0.095481,0.214431,19.37400000000001
1772223622493188182,2026-02-27 15:20:22.493,-0.811243,6.59139,-2.3648,0.054602,-0.099999,0.217926,19.375
1772223622494358657,2026-02-27 15:20:22.494,-0.874112,6.41967,-2.20804,0.051041,-0.105305,0.218387,19.376000000000005
1772223622495552751,2026-02-27 15:20:22.495,-0.887357,6.29658,-2.03839,0.047933,-0.107454,0.217106,19.37700000000001
1772223622496709048,2026-02-27 15:20:22.496,-0.917158,6.2798,-1.99137,0.048121,-0.107086,0.21607,19.378
1772223622497885111,2026-02-27 15:20:22.497,-0.884692,6.26413,-2.34585,0.047939,-0.107673,0.220552,19.379000000000005
1772223622499057509,2026-02-27 15:20:22.499,-0.866775,6.19196,-2.67102,0.047041,-0.109574,0.223536,19.381
1772223622500229900,2026-02-27 15:20:22.500,-0.893713,6.171,-2.31156,0.044351,-0.108619,0.221318,19.382000000000005
1772223622501402420,2026-02-27 15:20:22.501,-0.894806,6.15123,-1.67697,0.046636,-0.108222,0.217855,19.38300000000001
1772223622502551561,2026-02-27 15:20:22.502,-0.828898,6.15797,-1.74391,0.051636,-0.104791,0.219333,19.384
1772223622503680149,2026-02-27 15:20:22.503,-0.6715,6.21504,-1.91185,0.054456,-0.103399,0.223919,19.385000000000005
1772223622504828767,2026-02-27 15:20:22.504,-0.539947,6.15696,-2.2863,0.061913,-0.103069,0.229097,19.38600000000001
1772223622506029455,2026-02-27 15:20:22.506,-0.452825,6.17498,-2.55261,0.068886,-0.103255,0.233117,19.388000000000005
1772223622507213076,2026-02-27 15:20:22.507,-0.367995,6.20914,-1.95914,0.076839,-0.10547,0.230197,19.38900000000001
1772223622508391836,2026-02-27 15:20:22.508,-0.154661,6.23507,-2.8853,0.086122,-0.113249,0.23886,19.39
1772223622509528102,2026-02-27 15:20:22.509,-0.1003,6.19412,-3.50969,0.089629,-0.115639,0.244339,19.391000000000005
1772223622510658667,2026-02-27 15:20:22.510,-0.053266,6.10737,-3.69409,0.087426,-0.120063,0.244396,19.39200000000001
1772223622511835605,2026-02-27 15:20:22.511,0.014516,6.01631,-3.7681,0.085284,-0.119289,0.243356,19.393
1772223622513035422,2026-02-27 15:20:22.513,0.025366,5.97799,-3.72036,0.086026,-0.120418,0.24232,19.39500000000001
1772223622514229936,2026-02-27 15:20:22.514,0.079114,5.86392,-3.75471,0.082404,-0.121078,0.241288,19.396
1772223622515401962,2026-02-27 15:20:22.515,0.059861,5.68792,-4.32076,0.077398,-0.126947,0.246427,19.397000000000006
1772223622516539896,2026-02-27 15:20:22.516,0.054029,5.57666,-4.33793,0.078891,-0.128085,0.245981,19.39800000000001
1772223622517670360,2026-02-27 15:20:22.517,-0.03988,5.44912,-3.91091,0.071487,-0.130147,0.242231,19.399
1772223622518844741,2026-02-27 15:20:22.518,0.103746,5.34952,-3.92887,0.078145,-0.13077,0.242661,19.400000000000006
1772223622520045149,2026-02-27 15:20:22.520,0.201389,5.28251,-4.0979,0.079066,-0.13466,0.243834,19.402
1772223622521243884,2026-02-27 15:20:22.521,0.166283,5.19356,-4.22942,0.079315,-0.138568,0.245078,19.403000000000006
1772223622522385313,2026-02-27 15:20:22.522,0.107087,4.94004,-3.5421,0.076038,-0.149114,0.23583,19.40400000000001
1772223622523573515,2026-02-27 15:20:22.523,0.011605,4.88278,-3.20765,0.069763,-0.152991,0.230624,19.405
1772223622524702924,2026-02-27 15:20:22.524,0.129704,4.73103,-3.44752,0.071456,-0.152959,0.230376,19.406000000000006
1772223622525878469,2026-02-27 15:20:22.525,0.159164,4.6304,-3.89075,0.069087,-0.151477,0.232765,19.40700000000001
1772223622527074741,2026-02-27 15:20:22.527,0.219413,4.49377,-4.33564,0.066515,-0.14912,0.235525,19.409000000000006
1772223622528266601,2026-02-27 15:20:22.528,0.220266,4.44244,-4.45532,0.061935,-0.148487,0.234898,19.41000000000001
1772223622529439142,2026-02-27 15:20:22.529,0.099198,4.42131,-4.38536,0.059996,-0.153932,0.232899,19.411
1772223622530549053,2026-02-27 15:20:22.530,0.193855,4.3421,-4.34725,0.064058,-0.15947,0.236835,19.412000000000006
1772223622531678333,2026-02-27 15:20:22.531,0.125545,4.33023,-5.16543,0.067473,-0.165111,0.246611,19.41300000000001
1772223622532850643,2026-02-27 15:20:22.532,0.10689,4.27537,-4.77641,0.071385,-0.16696,0.243285,19.414
1772223622534050978,2026-02-27 15:20:22.534,0.048068,4.1812,-4.79474,0.069664,-0.169897,0.242624,19.41600000000001
1772223622535247074,2026-02-27 15:20:22.535,0.039654,4.19377,-4.32344,0.072427,-0.176488,0.238994,19.417
1772223622536418464,2026-02-27 15:20:22.536,0.12147,4.11254,-4.3207,0.080427,-0.17629,0.239282,19.418000000000006
1772223622537558296,2026-02-27 15:20:22.537,0.484649,3.901,-5.31792,0.086256,-0.164523,0.237715,19.41900000000001
1772223622538687689,2026-02-27 15:20:22.538,0.558803,3.90755,-5.37842,0.086726,-0.164481,0.237866,19.42
1772223622539891000,2026-02-27 15:20:22.539,0.526646,3.95709,-4.37854,0.087629,-0.166834,0.228051,19.421000000000006
1772223622541091400,2026-02-27 15:20:22.541,0.476425,3.89778,-4.66013,0.082171,-0.173087,0.230007,19.423000000000002
1772223622542286807,2026-02-27 15:20:22.542,0.386323,3.85418,-4.47234,0.079818,-0.175918,0.228849,19.424000000000007
1772223622543489588,2026-02-27 15:20:22.543,0.281285,3.67206,-4.68057,0.068294,-0.179507,0.228507,19.42500000000001
1772223622544626652,2026-02-27 15:20:22.544,0.136575,3.56411,-4.0912,0.059656,-0.186146,0.224502,19.426000000000002
1772223622545816807,2026-02-27 15:20:22.545,-0.002472,3.46336,-3.71785,0.05335,-0.188438,0.219508,19.427000000000007
1772223622547017890,2026-02-27 15:20:22.547,-0.07115,3.30829,-3.58113,0.048648,-0.192108,0.216717,19.429000000000002
1772223622548216049,2026-02-27 15:20:22.548,-0.105693,3.12018,-4.22208,0.045456,-0.194469,0.224152,19.430000000000007
1772223622549387085,2026-02-27 15:20:22.549,-0.097716,3.11419,-4.27065,0.043827,-0.19391,0.222153,19.43100000000001
1772223622550547186,2026-02-27 15:20:22.550,-0.063246,3.13566,-3.84516,0.048085,-0.190473,0.21665,19.432000000000002
1772223622551676999,2026-02-27 15:20:22.551,-0.086452,3.24718,-3.68805,0.051474,-0.189861,0.214524,19.433000000000007
1772223622552852431,2026-02-27 15:20:22.552,-0.021544,3.28006,-3.72106,0.058889,-0.192019,0.217023,19.43400000000001
1772223622554049907,2026-02-27 15:20:22.554,-0.024714,3.25518,-3.76335,0.062859,-0.195402,0.220539,19.436000000000007
1772223622555248890,2026-02-27 15:20:22.555,-0.124878,3.30246,-3.73116,0.064956,-0.1985,0.221585,19.437000000000012
1772223622556420716,2026-02-27 15:20:22.556,-0.118613,3.2867,-3.36805,0.069472,-0.202591,0.219152,19.438000000000002
1772223622557569320,2026-02-27 15:20:22.557,-0.344874,3.25714,-3.15362,0.087941,-0.214403,0.226995,19.439000000000007
1772223622558699614,2026-02-27 15:20:22.558,-0.602469,3.21075,-3.45004,0.105117,-0.222638,0.241319,19.440000000000012
1772223622559876398,2026-02-27 15:20:22.559,-0.691783,3.1846,-4.46109,0.125119,-0.230122,0.259698,19.441000000000003
1772223622561085451,2026-02-27 15:20:22.561,-0.722474,3.23484,-5.00046,0.144937,-0.236248,0.271487,19.443000000000012
1772223622562280389,2026-02-27 15:20:22.562,-0.728134,3.32836,-5.24839,0.151956,-0.239289,0.275441,19.444000000000003
1772223622563469795,2026-02-27 15:20:22.563,-0.754642,3.3613,-5.37388,0.157308,-0.239178,0.276157,19.445000000000007
1772223622564601716,2026-02-27 15:20:22.564,-0.797453,3.35639,-6.43649,0.152365,-0.248564,0.282251,19.446000000000012
1772223622565770948,2026-02-27 15:20:22.565,-0.810089,3.33865,-6.02216,0.146893,-0.24553,0.274627,19.447000000000003
1772223622566966086,2026-02-27 15:20:22.566,-0.729446,3.2578,-6.2254,0.141278,-0.245679,0.271319,19.448000000000008
1772223622568161838,2026-02-27 15:20:22.568,-0.767054,3.1239,-5.64195,0.125916,-0.245081,0.262074,19.450000000000003
1772223622569358494,2026-02-27 15:20:22.569,-0.666903,3.05997,-5.30655,0.121206,-0.243524,0.25756,19.451000000000008
1772223622570557004,2026-02-27 15:20:22.570,-0.640077,2.98604,-5.09341,0.107227,-0.240019,0.252364,19.452000000000012
1772223622571688710,2026-02-27 15:20:22.571,-0.715118,3.06971,-5.05583,0.10063,-0.234169,0.249257,19.453000000000003
1772223622572865412,2026-02-27 15:20:22.572,-0.74311,3.14195,-3.88942,0.101426,-0.231738,0.239043,19.454000000000008
1772223622574066259,2026-02-27 15:20:22.574,-0.735976,3.15031,-3.9036,0.100544,-0.229255,0.238125,19.456000000000003
1772223622575266806,2026-02-27 15:20:22.575,-0.748127,3.15373,-4.06239,0.102493,-0.226509,0.237619,19.457000000000008
1772223622576437913,2026-02-27 15:20:22.576,-0.796039,3.1638,-4.46425,0.101068,-0.22374,0.242913,19.458000000000013
1772223622577587184,2026-02-27 15:20:22.577,-0.857759,3.16752,-4.73741,0.103172,-0.222729,0.247314,19.459000000000003
1772223622578887438,2026-02-27 15:20:22.578,-0.836027,3.15717,-4.74782,0.110563,-0.223686,0.249381,19.460000000000008
1772223622580087763,2026-02-27 15:20:22.580,-0.946797,3.19036,-4.74785,0.11772,-0.223797,0.252604,19.462000000000003
1772223622581290624,2026-02-27 15:20:22.581,-0.989693,3.32074,-5.12151,0.122929,-0.2249,0.260096,19.463000000000008
1772223622582475881,2026-02-27 15:20:22.582,-1.02251,3.28091,-5.85889,0.132116,-0.226415,0.267377,19.464
1772223622583621476,2026-02-27 15:20:22.583,-1.06299,3.30032,-5.54998,0.140689,-0.224073,0.267298,19.465000000000003
1772223622584835944,2026-02-27 15:20:22.584,-1.04839,3.31896,-5.22253,0.15198,-0.221064,0.264682,19.466000000000008
1772223622586033676,2026-02-27 15:20:22.586,-1.13201,3.40282,-5.05411,0.154089,-0.222517,0.263652,19.468000000000004
1772223622587227807,2026-02-27 15:20:22.587,-1.14796,3.44681,-4.9159,0.152754,-0.223654,0.264178,19.46900000000001
1772223622588421759,2026-02-27 15:20:22.588,-1.11565,3.42598,-5.09021,0.154279,-0.222216,0.262995,19.47
1772223622589564157,2026-02-27 15:20:22.589,-1.17684,3.34343,-3.7969,0.14724,-0.215945,0.248505,19.471000000000004
1772223622590708957,2026-02-27 15:20:22.590,-1.17684,3.34343,-3.7969,0.14724,-0.215945,0.248505,19.47200000000001
1772223622591925135,2026-02-27 15:20:22.591,-1.2886,3.40075,-3.94935,0.143236,-0.210107,0.249626,19.473
1772223622593120089,2026-02-27 15:20:22.593,-1.29688,3.45039,-4.47977,0.141191,-0.205034,0.252878,19.47500000000001
1772223622594314804,2026-02-27 15:20:22.594,-1.22829,3.51963,-4.46679,0.13983,-0.200391,0.254281,19.476
1772223622595494117,2026-02-27 15:20:22.595,-1.32167,3.52059,-4.20663,0.135564,-0.199052,0.251379,19.477000000000004
1772223622596624190,2026-02-27 15:20:22.596,-1.31139,3.55388,-3.72896,0.126564,-0.194472,0.246485,19.47800000000001
1772223622597789856,2026-02-27 15:20:22.597,-1.32848,3.5633,-4.48146,0.121873,-0.191403,0.252348,19.479
1772223622598990146,2026-02-27 15:20:22.598,-1.32818,3.65682,-4.1099,0.116156,-0.189227,0.24818,19.480000000000004
1772223622600185662,2026-02-27 15:20:22.600,-1.37642,3.70245,-3.74345,0.109356,-0.19135,0.244479,19.482
1772223622601354439,2026-02-27 15:20:22.601,-1.43612,3.59932,-2.9578,0.094521,-0.191927,0.235404,19.483000000000004
1772223622602539469,2026-02-27 15:20:22.602,-1.37754,3.60224,-2.25538,0.084209,-0.187747,0.22416,19.48400000000001
1772223622603667103,2026-02-27 15:20:22.603,-1.4618,3.52649,-2.21282,0.074557,-0.183154,0.220075,19.485
1772223622604811205,2026-02-27 15:20:22.604,-1.39707,3.51646,-2.14141,0.073982,-0.18018,0.218734,19.486000000000004
1772223622605979360,2026-02-27 15:20:22.605,-1.33682,3.52082,-1.45081,0.073056,-0.176849,0.209829,19.48700000000001
1772223622607146299,2026-02-27 15:20:22.607,-1.23289,3.48807,-1.26446,0.073721,-0.174633,0.206631,19.489000000000004
1772223622608341391,2026-02-27 15:20:22.608,-1.18181,3.54274,-1.46043,0.072168,-0.174843,0.20863,19.49000000000001
1772223622609524621,2026-02-27 15:20:22.609,-1.15935,3.56995,-1.79241,0.074536,-0.177859,0.212816,19.491
1772223622610665039,2026-02-27 15:20:22.610,-1.18949,3.54378,-2.27154,0.075781,-0.179759,0.217522,19.492000000000004
1772223622611883928,2026-02-27 15:20:22.611,-1.02979,3.50183,-2.75289,0.08568,-0.179089,0.220544,19.49300000000001
1772223622613055181,2026-02-27 15:20:22.613,-0.961733,3.44965,-2.96111,0.087962,-0.181239,0.221509,19.495000000000005
1772223622614225069,2026-02-27 15:20:22.614,-0.830554,3.42561,-3.24623,0.090209,-0.182447,0.22197,19.49600000000001
1772223622615393594,2026-02-27 15:20:22.615,-0.708411,3.37849,-4.36267,0.089153,-0.18399,0.227882,19.497
1772223622616541564,2026-02-27 15:20:22.616,-0.636715,3.26644,-3.88214,0.082835,-0.184586,0.219591,19.498000000000005
1772223622617669328,2026-02-27 15:20:22.617,-0.636393,3.19632,-3.3254,0.074755,-0.185323,0.211798,19.49900000000001
1772223622618812866,2026-02-27 15:20:22.618,-0.544551,3.08374,-3.2017,0.070309,-0.180691,0.2086,19.5
1772223622619980675,2026-02-27 15:20:22.619,-0.486848,3.0284,-3.25807,0.067433,-0.177655,0.207973,19.501000000000005
1772223622621159696,2026-02-27 15:20:22.621,-0.416903,2.98699,-3.15456,0.062403,-0.177909,0.207652,19.503
1772223622622327266,2026-02-27 15:20:22.622,-0.318241,2.95824,-3.16537,0.060434,-0.175544,0.206429,19.504000000000005
1772223622623514617,2026-02-27 15:20:22.623,-0.293942,2.86167,-2.45529,0.058494,-0.169213,0.194444,19.50500000000001
1772223622624642695,2026-02-27 15:20:22.624,-0.196099,2.85194,-2.42065,0.056016,-0.16834,0.192415,19.506
