abs_timestamp_ns,human_time,fx,fy,fz,tx,ty,tz,mocap_ref_time
1772223630026710441,2026-02-27 15:20:30.026,0.920752,-2.20002,-0.582716,0.057324,0.015366,0.087774,26.908
1772223630027885494,2026-02-27 15:20:30.027,0.983045,-2.2318,-1.59879,0.061454,0.016428,0.097271,26.909000000000006
1772223630029079606,2026-02-27 15:20:30.029,0.925609,-2.19846,-1.21664,0.05812,0.015212,0.094491,26.911
1772223630030276996,2026-02-27 15:20:30.030,0.955106,-2.14972,-1.11477,0.057543,0.015271,0.094544,26.912000000000006
1772223630031495720,2026-02-27 15:20:30.031,0.950359,-2.16448,-0.612818,0.056281,0.013708,0.089259,26.91300000000001
1772223630032624540,2026-02-27 15:20:30.032,0.934872,-2.19189,-0.308114,0.055515,0.014521,0.086188,26.914
1772223630033776843,2026-02-27 15:20:30.033,0.942891,-2.19612,-0.285818,0.057774,0.014197,0.086032,26.915000000000006
1772223630034972051,2026-02-27 15:20:30.034,0.983278,-2.2045,-0.226151,0.059083,0.014997,0.08648,26.91600000000001
1772223630036167880,2026-02-27 15:20:30.036,0.988211,-2.16263,0.620547,0.058977,0.014908,0.078422,26.918000000000006
1772223630037338087,2026-02-27 15:20:30.037,0.980627,-2.22413,0.726532,0.054995,0.014002,0.077527,26.91900000000001
1772223630038516668,2026-02-27 15:20:30.038,1.0244,-2.11659,0.182563,0.059218,0.016313,0.083296,26.92
1772223630039645626,2026-02-27 15:20:30.039,1.01125,-2.1207,-0.231276,0.059689,0.014913,0.087376,26.921000000000006
1772223630040789514,2026-02-27 15:20:30.040,1.112,-2.12806,-0.171176,0.059463,0.013593,0.087789,26.92200000000001
1772223630041957698,2026-02-27 15:20:30.041,1.10886,-2.14459,-0.167702,0.061304,0.014687,0.087379,26.923000000000002
1772223630043125086,2026-02-27 15:20:30.043,1.09223,-2.13411,-0.112887,0.06102,0.01425,0.088279,26.92500000000001
1772223630044293016,2026-02-27 15:20:30.044,1.07273,-2.15407,-0.290342,0.057548,0.013717,0.090253,26.926000000000002
1772223630045473964,2026-02-27 15:20:30.045,1.0717,-2.06816,-0.645291,0.059644,0.014049,0.094843,26.927000000000007
1772223630046602371,2026-02-27 15:20:30.046,1.05101,-2.10653,-0.4867,0.055514,0.013463,0.092067,26.92800000000001
1772223630047747771,2026-02-27 15:20:30.047,1.01454,-2.08746,-0.079729,0.056024,0.013493,0.088915,26.929000000000002
1772223630048916231,2026-02-27 15:20:30.048,1.0937,-2.05202,0.15273,0.058386,0.013644,0.087997,26.930000000000007
1772223630050083346,2026-02-27 15:20:30.050,1.08057,-2.06101,0.149591,0.057649,0.013746,0.088408,26.932000000000002
1772223630051249631,2026-02-27 15:20:30.051,1.05528,-2.032,0.156025,0.057185,0.01514,0.087343,26.933000000000007
1772223630052418074,2026-02-27 15:20:30.052,1.13126,-2.02556,0.109865,0.061861,0.014856,0.088661,26.93400000000001
1772223630053576212,2026-02-27 15:20:30.053,1.09499,-1.97254,0.912161,0.058785,0.013068,0.08399,26.935000000000002
1772223630054707230,2026-02-27 15:20:30.054,1.04117,-1.90969,1.01604,0.062409,0.01421,0.083744,26.936000000000007
1772223630055835347,2026-02-27 15:20:30.055,1.1057,-1.95966,0.43375,0.057128,0.01332,0.088601,26.937000000000012
1772223630057003276,2026-02-27 15:20:30.057,1.07773,-1.97491,0.297401,0.056603,0.012959,0.090664,26.939000000000007
1772223630058170102,2026-02-27 15:20:30.058,1.19999,-1.94579,0.316918,0.060225,0.012397,0.091346,26.940000000000012
1772223630059337402,2026-02-27 15:20:30.059,1.07881,-1.9269,0.33387,0.056288,0.013801,0.091331,26.941000000000003
1772223630060513227,2026-02-27 15:20:30.060,1.17007,-1.91065,0.330644,0.059761,0.011915,0.092241,26.942000000000007
1772223630061639285,2026-02-27 15:20:30.061,1.17374,-1.81091,-0.473165,0.063472,0.013981,0.100228,26.943000000000012
1772223630062784171,2026-02-27 15:20:30.062,1.1606,-1.78532,-0.307945,0.061059,0.012628,0.099669,26.944000000000003
1772223630063954340,2026-02-27 15:20:30.063,1.18601,-1.81838,0.225785,0.059054,0.011603,0.095846,26.945000000000007
1772223630065121677,2026-02-27 15:20:30.065,1.16393,-1.80578,0.500167,0.059818,0.010955,0.094334,26.947000000000003
1772223630066291863,2026-02-27 15:20:30.066,1.10607,-1.73891,0.564787,0.05924,0.010915,0.093573,26.948000000000008
1772223630067475460,2026-02-27 15:20:30.067,1.12468,-1.74941,0.606667,0.057255,0.010429,0.093332,26.949000000000012
1772223630068603258,2026-02-27 15:20:30.068,1.14012,-1.67744,1.13672,0.059523,0.010102,0.090289,26.950000000000003
1772223630069762507,2026-02-27 15:20:30.069,1.12962,-1.62487,1.77437,0.060029,0.010157,0.0862,26.951000000000008
1772223630070929769,2026-02-27 15:20:30.070,1.08305,-1.709,1.38751,0.056023,0.008226,0.088903,26.952000000000012
1772223630072097902,2026-02-27 15:20:30.072,1.16259,-1.60547,1.22323,0.060352,0.009062,0.092746,26.954000000000008
1772223630073265210,2026-02-27 15:20:30.073,1.16892,-1.62183,0.730062,0.060114,0.0083,0.096526,26.955000000000013
1772223630074433471,2026-02-27 15:20:30.074,1.20284,-1.60753,0.707162,0.058305,0.007748,0.0969,26.956000000000003
1772223630075598606,2026-02-27 15:20:30.075,1.19002,-1.56673,0.805037,0.056627,0.007559,0.097378,26.957000000000008
1772223630076744230,2026-02-27 15:20:30.076,1.2237,-1.53766,0.701582,0.062052,0.008756,0.098054,26.958000000000013
1772223630077915782,2026-02-27 15:20:30.077,1.18483,-1.50805,-0.220613,0.058015,0.008186,0.107974,26.959000000000003
1772223630079084977,2026-02-27 15:20:30.079,1.19758,-1.48456,0.237062,0.062223,0.007945,0.103625,26.961000000000013
1772223630080253207,2026-02-27 15:20:30.080,1.24002,-1.44264,0.190623,0.063204,0.008067,0.104685,26.962000000000003
1772223630081517330,2026-02-27 15:20:30.081,1.20722,-1.40989,0.748841,0.061586,0.00794,0.100084,26.963000000000008
1772223630082643883,2026-02-27 15:20:30.082,-0.346491,-3.24842,-3.17027,0.16861,-0.287739,0.157224,26.964
1772223630083811015,2026-02-27 15:20:30.083,0.941,-1.80551,-1.52787,0.039394,-0.088258,0.12601,26.965000000000003
1772223630084979457,2026-02-27 15:20:30.084,0.232461,-2.86388,-2.56131,0.136284,-0.157476,0.151825,26.966000000000008
1772223630086146618,2026-02-27 15:20:30.086,0.429353,-2.51075,-1.35586,0.097796,-0.071056,0.126977,26.968000000000004
1772223630087314792,2026-02-27 15:20:30.087,0.353444,-2.64918,-1.38662,0.119269,-0.090909,0.13216,26.96900000000001
1772223630088508640,2026-02-27 15:20:30.088,0.277333,-2.75055,-1.73334,0.126463,-0.091635,0.135535,26.97
1772223630089658018,2026-02-27 15:20:30.089,0.133679,-2.93179,-3.33387,0.1331,-0.116746,0.155442,26.971000000000004
1772223630090831635,2026-02-27 15:20:30.090,-0.037701,-2.96629,-3.66953,0.137928,-0.123894,0.162806,26.97200000000001
1772223630092026941,2026-02-27 15:20:30.092,-0.210934,-3.01639,-3.83474,0.136522,-0.131861,0.168642,26.974000000000004
1772223630093196849,2026-02-27 15:20:30.093,-0.240208,-3.06692,-4.06662,0.143129,-0.140328,0.173041,26.97500000000001
1772223630094393643,2026-02-27 15:20:30.094,-0.336254,-3.02639,-4.77709,0.144289,-0.148321,0.181627,26.976
1772223630095560313,2026-02-27 15:20:30.095,-0.368932,-3.07631,-5.42836,0.150489,-0.15458,0.18789,26.977000000000004
1772223630096687945,2026-02-27 15:20:30.096,-0.535379,-3.15441,-5.13975,0.151264,-0.170255,0.189634,26.97800000000001
1772223630097835117,2026-02-27 15:20:30.097,-0.643152,-3.17881,-4.99782,0.152867,-0.178406,0.189275,26.979
1772223630099030595,2026-02-27 15:20:30.099,-0.708059,-3.1625,-4.95082,0.155747,-0.18548,0.191222,26.98100000000001
1772223630100224689,2026-02-27 15:20:30.100,-0.882133,-3.26368,-5.03814,0.155012,-0.19298,0.194518,26.982
1772223630101417134,2026-02-27 15:20:30.101,-0.92543,-3.27603,-5.14128,0.156065,-0.199992,0.197596,26.983000000000004
1772223630102568633,2026-02-27 15:20:30.102,-1.05585,-3.31959,-5.11557,0.155182,-0.208113,0.199259,26.98400000000001
1772223630103695258,2026-02-27 15:20:30.103,-1.23162,-3.33082,-4.76169,0.155465,-0.220729,0.200384,26.985
1772223630104841751,2026-02-27 15:20:30.104,-1.32906,-3.3301,-4.86196,0.161082,-0.226305,0.203148,26.986000000000004
1772223630106016714,2026-02-27 15:20:30.106,-1.37734,-3.29018,-5.48634,0.162348,-0.230823,0.211278,26.988
1772223630107210332,2026-02-27 15:20:30.107,-1.4954,-3.36066,-5.71723,0.159622,-0.236108,0.214832,26.989000000000004
1772223630108407736,2026-02-27 15:20:30.108,-1.57688,-3.3064,-5.75709,0.165651,-0.239431,0.217839,26.99000000000001
1772223630109562070,2026-02-27 15:20:30.109,-1.66035,-3.23396,-5.90367,0.167558,-0.242769,0.221353,26.991
1772223630110690748,2026-02-27 15:20:30.110,-1.8061,-3.24847,-7.02502,0.168159,-0.248496,0.23351,26.992000000000004
1772223630111856739,2026-02-27 15:20:30.111,-1.79638,-3.26707,-6.90109,0.173246,-0.251061,0.233494,26.99300000000001
1772223630113051999,2026-02-27 15:20:30.113,-1.86263,-3.2252,-6.92866,0.175032,-0.25267,0.234455,26.995000000000005
1772223630114246802,2026-02-27 15:20:30.114,-1.91511,-3.24318,-6.52411,0.174598,-0.254859,0.231518,26.99600000000001
1772223630115442110,2026-02-27 15:20:30.115,-2.00554,-3.17063,-6.33666,0.178562,-0.257104,0.230761,26.997
1772223630116561364,2026-02-27 15:20:30.116,-2.02353,-3.14232,-6.42641,0.179995,-0.257338,0.232053,26.998000000000005
1772223630117690164,2026-02-27 15:20:30.117,-2.09524,-3.17916,-6.60493,0.178591,-0.259306,0.234111,26.99900000000001
1772223630118836025,2026-02-27 15:20:30.118,-2.15782,-3.12692,-6.02368,0.181932,-0.260674,0.229246,27.0
1772223630120029765,2026-02-27 15:20:30.120,-2.16377,-3.12598,-5.86443,0.184266,-0.259761,0.22681,27.00200000000001
1772223630121223502,2026-02-27 15:20:30.121,-2.19326,-3.08966,-6.17398,0.179829,-0.260083,0.230219,27.003
1772223630122398507,2026-02-27 15:20:30.122,-2.25279,-3.0191,-6.60858,0.182373,-0.259738,0.234372,27.004000000000005
1772223630123571017,2026-02-27 15:20:30.123,-2.25803,-2.94981,-7.24596,0.183996,-0.25724,0.238544,27.00500000000001
1772223630124700166,2026-02-27 15:20:30.124,-2.26276,-2.87853,-7.38301,0.186046,-0.257704,0.240909,27.006
1772223630125848463,2026-02-27 15:20:30.125,-2.21824,-2.83825,-7.4456,0.186702,-0.257396,0.241307,27.007000000000005
1772223630127043882,2026-02-27 15:20:30.127,-2.29601,-2.87655,-7.64121,0.184001,-0.256212,0.242858,27.009
1772223630128241705,2026-02-27 15:20:30.128,-2.20267,-2.79562,-8.59034,0.188335,-0.254057,0.251568,27.010000000000005
1772223630129435905,2026-02-27 15:20:30.129,-2.26579,-2.74613,-8.24598,0.189009,-0.252628,0.24861,27.01100000000001
1772223630130560932,2026-02-27 15:20:30.130,-2.22278,-2.70704,-8.32406,0.19129,-0.251013,0.248374,27.012
1772223630131687624,2026-02-27 15:20:30.131,-2.27226,-2.68041,-7.97556,0.19183,-0.250869,0.244773,27.013000000000005
1772223630132835160,2026-02-27 15:20:30.132,-2.25159,-2.61554,-7.97422,0.192006,-0.246889,0.244742,27.01400000000001
1772223630134033684,2026-02-27 15:20:30.134,-2.2882,-2.5627,-8.0983,0.191003,-0.245341,0.244893,27.016000000000005
1772223630135230521,2026-02-27 15:20:30.135,-2.26185,-2.54699,-8.18065,0.193738,-0.243654,0.2453,27.01700000000001
1772223630136425511,2026-02-27 15:20:30.136,-2.26423,-2.46974,-7.18443,0.196178,-0.242767,0.236319,27.018
1772223630137554360,2026-02-27 15:20:30.137,-2.31326,-2.44419,-7.63142,0.191322,-0.239288,0.238951,27.019000000000005
1772223630138682606,2026-02-27 15:20:30.138,-2.26817,-2.40343,-7.67544,0.196844,-0.239317,0.239894,27.02000000000001
1772223630139827871,2026-02-27 15:20:30.139,-2.17512,-2.3243,-8.71181,0.196929,-0.235685,0.249299,27.021
1772223630141017430,2026-02-27 15:20:30.141,-2.29582,-2.30752,-8.74692,0.194291,-0.233168,0.247983,27.02300000000001
1772223630142209927,2026-02-27 15:20:30.142,-2.20351,-2.22912,-8.82116,0.199149,-0.23211,0.250582,27.024
1772223630143403150,2026-02-27 15:20:30.143,-2.24095,-2.24296,-8.92178,0.198345,-0.230288,0.250282,27.025000000000006
1772223630144560038,2026-02-27 15:20:30.144,-2.19063,-2.16819,-9.68066,0.200014,-0.230086,0.257597,27.02600000000001
1772223630145688101,2026-02-27 15:20:30.145,-2.16817,-2.11684,-10.0182,0.200659,-0.227641,0.25954,27.027
1772223630146837719,2026-02-27 15:20:30.146,-2.16617,-2.07059,-9.97321,0.200679,-0.226245,0.258927,27.028000000000006
1772223630148030284,2026-02-27 15:20:30.148,-2.17317,-2.00929,-9.42591,0.203224,-0.22241,0.253282,27.03
1772223630149226144,2026-02-27 15:20:30.149,-2.17546,-1.9293,-9.42212,0.206066,-0.219467,0.252917,27.031000000000006
1772223630150421716,2026-02-27 15:20:30.150,-2.10804,-1.8869,-9.50626,0.204173,-0.218478,0.253442,27.03200000000001
1772223630151570462,2026-02-27 15:20:30.151,-2.20334,-1.84946,-9.59667,0.202319,-0.216892,0.254473,27.033
1772223630152696690,2026-02-27 15:20:30.152,-2.13878,-1.825,-9.43926,0.206541,-0.214778,0.25267,27.034000000000006
1772223630153845755,2026-02-27 15:20:30.153,-2.16114,-1.73585,-8.80786,0.20797,-0.212685,0.246457,27.03500000000001
1772223630155030169,2026-02-27 15:20:30.155,-2.1111,-1.59928,-9.39407,0.210449,-0.209934,0.252385,27.037000000000006
1772223630156226718,2026-02-27 15:20:30.156,-2.10521,-1.56788,-10.049,0.212106,-0.208149,0.259308,27.03800000000001
1772223630157425387,2026-02-27 15:20:30.157,-2.08941,-1.5105,-10.2367,0.213461,-0.207608,0.260102,27.039
1772223630158563785,2026-02-27 15:20:30.158,-2.09629,-1.44491,-10.3189,0.218771,-0.203945,0.26058,27.040000000000006
1772223630159690397,2026-02-27 15:20:30.159,-2.10772,-1.40541,-10.3912,0.218022,-0.203189,0.26225,27.04100000000001
1772223630160863665,2026-02-27 15:20:30.160,-2.1234,-1.36364,-10.455,0.219248,-0.202458,0.262688,27.042
1772223630162032591,2026-02-27 15:20:30.162,-2.06394,-1.19955,-11.3161,0.226088,-0.198472,0.27047,27.04400000000001
1772223630163228723,2026-02-27 15:20:30.163,-2.06463,-1.11826,-11.4063,0.227921,-0.196455,0.271968,27.045
1772223630164424145,2026-02-27 15:20:30.164,-2.06215,-1.02221,-10.9334,0.230336,-0.196647,0.268275,27.046000000000006
1772223630165560717,2026-02-27 15:20:30.165,-2.06964,-0.972897,-10.8587,0.234937,-0.193777,0.266479,27.04700000000001
1772223630166689633,2026-02-27 15:20:30.166,-2.07602,-0.918603,-11.033,0.238496,-0.193335,0.268406,27.048000000000002
1772223630167850474,2026-02-27 15:20:30.167,-2.00023,-0.812462,-10.9985,0.242897,-0.193651,0.269819,27.049000000000007
1772223630169021265,2026-02-27 15:20:30.169,-2.01014,-0.629081,-10.4282,0.251144,-0.192258,0.263983,27.051000000000002
1772223630170218463,2026-02-27 15:20:30.170,-2.06278,-0.614735,-10.4627,0.254051,-0.191737,0.266191,27.052000000000007
1772223630171418478,2026-02-27 15:20:30.171,-2.10668,-0.554584,-10.6441,0.254658,-0.191503,0.268935,27.05300000000001
1772223630172568062,2026-02-27 15:20:30.172,-2.04527,-0.471545,-11.2952,0.263246,-0.190236,0.275796,27.054000000000002
1772223630173697512,2026-02-27 15:20:30.173,-2.1277,-0.467544,-11.8383,0.262663,-0.191647,0.280681,27.055000000000007
1772223630174858603,2026-02-27 15:20:30.174,-2.09444,-0.470945,-11.9283,0.267525,-0.190675,0.282406,27.05600000000001
1772223630176028673,2026-02-27 15:20:30.176,-2.07048,-0.314523,-12.1088,0.275377,-0.192136,0.285555,27.058000000000007
1772223630177222584,2026-02-27 15:20:30.177,-2.07711,-0.261078,-12.4856,0.280486,-0.189979,0.290581,27.05900000000001
1772223630178418843,2026-02-27 15:20:30.178,-2.09407,-0.227019,-13.3472,0.284993,-0.19134,0.297939,27.060000000000002
1772223630179561632,2026-02-27 15:20:30.179,-2.09726,-0.142891,-13.1189,0.29048,-0.191177,0.297584,27.061000000000007
1772223630180688517,2026-02-27 15:20:30.180,-2.08737,-0.152094,-13.1118,0.2937,-0.189055,0.296759,27.062000000000012
1772223630181886098,2026-02-27 15:20:30.181,-1.98969,-0.127912,-12.7037,0.292779,-0.188986,0.296921,27.063000000000002
1772223630183056764,2026-02-27 15:20:30.183,-1.87566,0.078443,-12.7765,0.303405,-0.181322,0.303017,27.065000000000012
1772223630184254383,2026-02-27 15:20:30.184,-1.74156,0.126704,-12.8589,0.305194,-0.176495,0.306945,27.066000000000003
1772223630185469325,2026-02-27 15:20:30.185,-1.66243,0.22358,-13.0213,0.312097,-0.171134,0.310773,27.067000000000007
1772223630186559943,2026-02-27 15:20:30.186,-1.54071,0.274858,-12.0478,0.312552,-0.167671,0.305672,27.068000000000012
1772223630187689076,2026-02-27 15:20:30.187,-1.4762,0.378285,-12.5871,0.316772,-0.159373,0.314116,27.069000000000003
1772223630188820290,2026-02-27 15:20:30.188,-1.28515,0.424202,-12.6066,0.319621,-0.153275,0.318048,27.070000000000007
1772223630189938391,2026-02-27 15:20:30.189,-1.03895,0.588737,-13.6564,0.325012,-0.143467,0.333618,27.071000000000012
1772223630191175707,2026-02-27 15:20:30.191,-1.03444,0.662169,-13.758,0.326139,-0.138021,0.33696,27.073000000000008
1772223630192377159,2026-02-27 15:20:30.192,-0.933353,0.713277,-13.9582,0.330486,-0.133008,0.340253,27.074000000000012
1772223630193568862,2026-02-27 15:20:30.193,-0.8953,0.837589,-14.3778,0.337811,-0.129395,0.34273,27.075000000000003
1772223630194705653,2026-02-27 15:20:30.194,-0.707446,0.887774,-15.4787,0.342986,-0.120488,0.356543,27.076000000000008
1772223630195823323,2026-02-27 15:20:30.195,-0.541345,0.940354,-15.5232,0.346779,-0.119787,0.361007,27.077000000000012
1772223630196987560,2026-02-27 15:20:30.196,-0.465729,1.03693,-15.4159,0.347892,-0.113889,0.363788,27.078000000000003
1772223630198158877,2026-02-27 15:20:30.198,-0.382042,1.06145,-14.8384,0.354516,-0.109546,0.360301,27.080000000000013
1772223630199357071,2026-02-27 15:20:30.199,-0.363008,1.16065,-14.8725,0.360728,-0.104896,0.362949,27.081000000000003
1772223630200575780,2026-02-27 15:20:30.200,-0.393582,1.12777,-14.8473,0.360431,-0.103951,0.365292,27.082000000000008
1772223630201705691,2026-02-27 15:20:30.201,-0.279385,1.2083,-14.8983,0.363078,-0.10203,0.367405,27.083000000000013
1772223630202889548,2026-02-27 15:20:30.202,-0.26571,1.19563,-14.3901,0.366707,-0.100597,0.364735,27.084000000000003
1772223630204063559,2026-02-27 15:20:30.204,-0.21697,1.24541,-14.2939,0.371355,-0.097368,0.366118,27.086000000000013
1772223630205261006,2026-02-27 15:20:30.205,-0.203552,1.30192,-14.5378,0.37429,-0.094734,0.369446,27.087000000000003
1772223630206471471,2026-02-27 15:20:30.206,-0.168232,1.3135,-15.0791,0.376226,-0.091877,0.374685,27.088000000000008
1772223630207563919,2026-02-27 15:20:30.207,-0.146824,1.33108,-15.2298,0.38154,-0.089063,0.376378,27.089
1772223630208692480,2026-02-27 15:20:30.208,-0.136754,1.33788,-15.177,0.383874,-0.086318,0.377908,27.090000000000003
1772223630209893584,2026-02-27 15:20:30.209,-0.087354,1.38569,-15.2991,0.391091,-0.081606,0.37856,27.091000000000008
1772223630211066841,2026-02-27 15:20:30.211,-0.09716,1.463,-16.6053,0.390907,-0.079485,0.391522,27.093000000000004
1772223630212244610,2026-02-27 15:20:30.212,-0.060227,1.52354,-16.1203,0.396028,-0.080254,0.389357,27.09400000000001
1772223630213441410,2026-02-27 15:20:30.213,-0.089792,1.55667,-16.217,0.402334,-0.078806,0.392012,27.095
1772223630214561769,2026-02-27 15:20:30.214,0.009995,1.56185,-15.5668,0.399413,-0.079146,0.38927,27.096000000000004
1772223630215692694,2026-02-27 15:20:30.215,0.073743,1.51416,-15.4534,0.406061,-0.072791,0.388247,27.09700000000001
1772223630216869838,2026-02-27 15:20:30.216,0.070087,1.47445,-15.579,0.411296,-0.066626,0.389243,27.098
1772223630218046021,2026-02-27 15:20:30.218,0.06932,1.53919,-15.4843,0.411423,-0.065187,0.39038,27.10000000000001
1772223630219218227,2026-02-27 15:20:30.219,0.093117,1.61408,-14.6863,0.423245,-0.060701,0.384407,27.101
1772223630220414889,2026-02-27 15:20:30.220,0.162593,1.65743,-14.9753,0.426471,-0.05984,0.388558,27.102000000000004
1772223630221571531,2026-02-27 15:20:30.221,0.180462,1.64802,-15.0403,0.430953,-0.060104,0.389459,27.10300000000001
1772223630222702257,2026-02-27 15:20:30.222,0.132882,1.6624,-15.6151,0.434689,-0.059372,0.396507,27.104
1772223630223876470,2026-02-27 15:20:30.223,0.182328,1.65149,-16.0242,0.44074,-0.058518,0.400419,27.105000000000004
1772223630225051722,2026-02-27 15:20:30.225,0.170241,1.64336,-16.1345,0.445494,-0.058754,0.401959,27.107
1772223630226235217,2026-02-27 15:20:30.226,-0.10338,1.66794,-16.7835,0.467559,-0.065911,0.398495,27.108000000000004
1772223630227437068,2026-02-27 15:20:30.227,-0.133174,1.66965,-17.4075,0.465376,-0.063616,0.406633,27.10900000000001
1772223630228564454,2026-02-27 15:20:30.228,-0.102216,1.60099,-17.8025,0.472943,-0.06123,0.411609,27.11
1772223630229693625,2026-02-27 15:20:30.229,-0.059603,1.57054,-17.6457,0.474486,-0.058393,0.409722,27.111000000000004
1772223630230869777,2026-02-27 15:20:30.230,-0.1254,1.52139,-17.3426,0.48193,-0.056332,0.407248,27.11200000000001
1772223630232044837,2026-02-27 15:20:30.232,-0.080535,1.47931,-17.1012,0.485342,-0.057818,0.404863,27.114000000000004
1772223630233215858,2026-02-27 15:20:30.233,-0.113009,1.405,-17.0277,0.494164,-0.061609,0.406405,27.11500000000001
1772223630234413791,2026-02-27 15:20:30.234,-0.165805,1.40663,-16.9956,0.495371,-0.063947,0.407581,27.116
1772223630235546056,2026-02-27 15:20:30.235,-0.100891,1.38901,-16.8443,0.496346,-0.066992,0.406403,27.117000000000004
1772223630236676680,2026-02-27 15:20:30.236,-0.177948,1.38085,-15.8668,0.491222,-0.068359,0.399632,27.11800000000001
1772223630237850031,2026-02-27 15:20:30.237,-0.121216,1.32651,-16.496,0.4986,-0.063222,0.403145,27.119
1772223630239037554,2026-02-27 15:20:30.239,-0.100233,1.26031,-16.6352,0.498822,-0.060398,0.402769,27.12100000000001
1772223630240211645,2026-02-27 15:20:30.240,-0.05259,1.16779,-17.4949,0.503586,-0.058797,0.406993,27.122
1772223630241408374,2026-02-27 15:20:30.241,-0.090527,1.17406,-17.5721,0.507462,-0.058996,0.406418,27.123000000000005
1772223630242568944,2026-02-27 15:20:30.242,-0.114414,1.12322,-17.5666,0.510328,-0.06014,0.40563,27.12400000000001
1772223630243699318,2026-02-27 15:20:30.243,-0.110802,1.09137,-17.5704,0.507499,-0.062439,0.406011,27.125
1772223630244874888,2026-02-27 15:20:30.244,-0.160171,1.01166,-18.7481,0.509483,-0.063056,0.414795,27.126000000000005
1772223630246055737,2026-02-27 15:20:30.246,-0.181318,1.0068,-18.4668,0.510144,-0.063738,0.412207,27.128
1772223630247225111,2026-02-27 15:20:30.247,-0.221041,0.879381,-18.0955,0.512277,-0.065118,0.405168,27.129000000000005
1772223630248423177,2026-02-27 15:20:30.248,-0.246014,0.828396,-17.8735,0.508712,-0.066871,0.402024,27.13000000000001
1772223630249560537,2026-02-27 15:20:30.249,-0.248845,0.779812,-17.966,0.510974,-0.066598,0.40071,27.131
1772223630250689550,2026-02-27 15:20:30.250,-0.271003,0.7601,-18.0253,0.508529,-0.066968,0.400206,27.132000000000005
1772223630251867452,2026-02-27 15:20:30.251,-0.297103,0.691782,-18.0756,0.508035,-0.06687,0.398435,27.13300000000001
1772223630253065584,2026-02-27 15:20:30.253,-0.284227,0.662529,-17.4547,0.512279,-0.066264,0.390931,27.135000000000005
1772223630254236205,2026-02-27 15:20:30.254,-0.277104,0.607121,-17.6852,0.512555,-0.065233,0.388838,27.13600000000001
1772223630255371900,2026-02-27 15:20:30.255,-0.289749,0.616624,-18.3359,0.516355,-0.064375,0.391976,27.137
1772223630256563773,2026-02-27 15:20:30.256,-0.324953,0.574757,-18.8464,0.515235,-0.065234,0.395098,27.138000000000005
1772223630257696390,2026-02-27 15:20:30.257,-0.305822,0.544103,-19.0236,0.516344,-0.063128,0.394324,27.13900000000001
1772223630258867900,2026-02-27 15:20:30.258,-0.279427,0.528406,-19.0469,0.512049,-0.063027,0.394623,27.14
1772223630260066747,2026-02-27 15:20:30.260,-0.230291,0.513904,-19.0441,0.51106,-0.061652,0.394334,27.14200000000001
1772223630261239493,2026-02-27 15:20:30.261,-0.237301,0.452301,-20.1594,0.504505,-0.058282,0.402686,27.143
1772223630262430858,2026-02-27 15:20:30.262,-0.145805,0.398566,-19.8507,0.506957,-0.059533,0.399427,27.144000000000005
1772223630263570151,2026-02-27 15:20:30.263,-0.106458,0.392453,-19.7817,0.502781,-0.060296,0.398082,27.14500000000001
1772223630264700055,2026-02-27 15:20:30.264,-0.165391,0.324765,-19.3296,0.50008,-0.060542,0.394003,27.146
1772223630265880326,2026-02-27 15:20:30.265,-0.127871,0.347888,-19.2363,0.498401,-0.058056,0.392265,27.147000000000006
1772223630267080550,2026-02-27 15:20:30.267,-0.136092,0.288307,-19.3616,0.496,-0.059158,0.392561,27.149
1772223630268252299,2026-02-27 15:20:30.268,-0.028104,0.188646,-19.4108,0.490307,-0.057633,0.390781,27.150000000000006
1772223630269444482,2026-02-27 15:20:30.269,-0.030414,0.23203,-18.4682,0.487982,-0.05666,0.380369,27.15100000000001
1772223630270566040,2026-02-27 15:20:30.270,0.072056,0.141117,-18.8349,0.484158,-0.057004,0.383615,27.152
1772223630271699242,2026-02-27 15:20:30.271,0.020885,0.15314,-18.9281,0.482876,-0.056182,0.382065,27.153000000000006
1772223630272873854,2026-02-27 15:20:30.272,0.038311,0.145127,-19.5581,0.479748,-0.05518,0.38803,27.15400000000001
1772223630274072381,2026-02-27 15:20:30.274,0.114536,0.083218,-19.7439,0.47486,-0.054517,0.388379,27.156000000000006
1772223630275246329,2026-02-27 15:20:30.275,0.183673,0.025326,-19.8344,0.466789,-0.054489,0.38638,27.15700000000001
1772223630276440109,2026-02-27 15:20:30.276,0.178677,-0.023303,-19.8481,0.463868,-0.053679,0.385207,27.158
1772223630277559550,2026-02-27 15:20:30.277,0.125441,-0.054946,-20.7504,0.455547,-0.052976,0.3918,27.159000000000006
1772223630278689680,2026-02-27 15:20:30.278,0.236166,-0.070662,-20.8698,0.459808,-0.052184,0.391954,27.16000000000001
1772223630279863144,2026-02-27 15:20:30.279,0.216439,-0.092524,-20.698,0.454806,-0.052918,0.390245,27.161
1772223630281041873,2026-02-27 15:20:30.281,0.263873,-0.14159,-20.3119,0.453068,-0.052008,0.38416,27.16300000000001
1772223630282215360,2026-02-27 15:20:30.282,0.30639,-0.136013,-20.0842,0.453584,-0.051397,0.380635,27.164
1772223630283397712,2026-02-27 15:20:30.283,0.330276,-0.218257,-20.0254,0.444992,-0.051278,0.377437,27.165000000000006
1772223630284556551,2026-02-27 15:20:30.284,0.379973,-0.263775,-20.0219,0.442812,-0.051651,0.376918,27.16600000000001
1772223630285685744,2026-02-27 15:20:30.285,0.32546,-0.301563,-19.7655,0.440963,-0.051112,0.371683,27.167
1772223630286860626,2026-02-27 15:20:30.286,0.347314,-0.302041,-19.1754,0.441498,-0.050798,0.365595,27.168000000000006
1772223630288060367,2026-02-27 15:20:30.288,0.347182,-0.41612,-19.5726,0.438029,-0.051211,0.366956,27.17
1772223630289232544,2026-02-27 15:20:30.289,0.440327,-0.45272,-20.2896,0.435808,-0.049862,0.370906,27.171000000000006
1772223630290416626,2026-02-27 15:20:30.290,0.447979,-0.473826,-20.3237,0.433412,-0.050072,0.369756,27.17200000000001
1772223630291573067,2026-02-27 15:20:30.291,0.47332,-0.505312,-20.3806,0.429988,-0.050202,0.368983,27.173000000000002
1772223630292703864,2026-02-27 15:20:30.292,0.493066,-0.503286,-20.4741,0.430368,-0.04823,0.367831,27.174000000000007
1772223630293834457,2026-02-27 15:20:30.293,0.513484,-0.566758,-20.5288,0.429321,-0.047293,0.366865,27.17500000000001
1772223630294970385,2026-02-27 15:20:30.294,0.540347,-0.591963,-21.5268,0.423379,-0.048174,0.375999,27.176000000000002
1772223630296087625,2026-02-27 15:20:30.296,0.556638,-0.587932,-21.2513,0.422571,-0.047729,0.371208,27.17800000000001
1772223630297202617,2026-02-27 15:20:30.297,0.562993,-0.632226,-20.8509,0.420154,-0.044959,0.365969,27.179000000000002
1772223630298316877,2026-02-27 15:20:30.298,0.589054,-0.649919,-20.7315,0.416238,-0.044317,0.363142,27.180000000000007
1772223630299488072,2026-02-27 15:20:30.299,0.610848,-0.664417,-20.7864,0.414882,-0.043302,0.362193,27.18100000000001
1772223630300604842,2026-02-27 15:20:30.300,0.650113,-0.639143,-20.8441,0.412523,-0.04232,0.361662,27.182000000000002
1772223630301719161,2026-02-27 15:20:30.301,0.675416,-0.62429,-20.8192,0.409767,-0.040294,0.36094,27.183000000000007
1772223630302911393,2026-02-27 15:20:30.302,0.695134,-0.675273,-19.9605,0.410044,-0.040079,0.351125,27.18400000000001
1772223630304111866,2026-02-27 15:20:30.304,0.721283,-0.626673,-20.0713,0.407471,-0.037989,0.352485,27.186000000000007
1772223630305283888,2026-02-27 15:20:30.305,0.768185,-0.5719,-20.6541,0.405498,-0.035221,0.357638,27.187000000000012
1772223630306471803,2026-02-27 15:20:30.306,0.788449,-0.567741,-21.0565,0.406765,-0.033421,0.360183,27.188000000000002
1772223630307598876,2026-02-27 15:20:30.307,0.81639,-0.603522,-21.0805,0.402663,-0.031641,0.360663,27.189000000000007
1772223630308748535,2026-02-27 15:20:30.308,0.863626,-0.601385,-21.0963,0.403089,-0.029496,0.360178,27.190000000000012
1772223630309946642,2026-02-27 15:20:30.309,0.93676,-0.61529,-21.0717,0.404747,-0.026838,0.359923,27.191000000000003
1772223630311147907,2026-02-27 15:20:30.311,0.964143,-0.630865,-21.5088,0.402607,-0.025401,0.364505,27.193000000000012
1772223630312320224,2026-02-27 15:20:30.312,1.09137,-0.560352,-21.8677,0.403865,-0.021205,0.367013,27.194000000000003
1772223630313500931,2026-02-27 15:20:30.313,1.11615,-0.611135,-21.5929,0.398754,-0.020401,0.365295,27.195000000000007
1772223630314630309,2026-02-27 15:20:30.314,1.18934,-0.546584,-21.3011,0.400729,-0.015938,0.361579,27.196000000000012
1772223630315805445,2026-02-27 15:20:30.315,1.18952,-0.551232,-21.1094,0.400756,-0.013671,0.360367,27.197000000000003
1772223630317006152,2026-02-27 15:20:30.317,1.28395,-0.526331,-21.1006,0.399106,-0.011581,0.362402,27.199000000000012
1772223630318204281,2026-02-27 15:20:30.318,1.31575,-0.500363,-21.1972,0.401291,-0.007982,0.36191,27.200000000000003
1772223630319378688,2026-02-27 15:20:30.319,1.38161,-0.455528,-20.0656,0.401693,-0.001459,0.354315,27.201000000000008
1772223630320527164,2026-02-27 15:20:30.320,1.47914,-0.480868,-20.5475,0.40185,0.001506,0.359919,27.202000000000012
1772223630321658134,2026-02-27 15:20:30.321,1.51522,-0.490118,-20.4488,0.399914,0.004342,0.360506,27.203000000000003
1772223630322834026,2026-02-27 15:20:30.322,1.60842,-0.431423,-21.1181,0.404183,0.009111,0.366969,27.204000000000008
1772223630324038143,2026-02-27 15:20:30.324,1.69794,-0.450986,-21.2593,0.404444,0.010172,0.370236,27.206000000000003
1772223630325236183,2026-02-27 15:20:30.325,1.7531,-0.453838,-21.1191,0.405829,0.012396,0.370917,27.207000000000008
1772223630326410121,2026-02-27 15:20:30.326,1.86842,-0.400053,-21.1688,0.411244,0.020521,0.373195,27.208000000000013
1772223630327536029,2026-02-27 15:20:30.327,1.95221,-0.412624,-22.0876,0.412304,0.022301,0.383309,27.209000000000003
1772223630328665943,2026-02-27 15:20:30.328,1.98133,-0.420098,-21.9148,0.413659,0.026237,0.382071,27.210000000000008
1772223630329839350,2026-02-27 15:20:30.329,2.13869,-0.400942,-21.861,0.416624,0.029642,0.383955,27.211000000000013
1772223630331037796,2026-02-27 15:20:30.331,2.18265,-0.399779,-21.322,0.420748,0.031816,0.379796,27.213000000000008
1772223630332236121,2026-02-27 15:20:30.332,2.22152,-0.395212,-21.0692,0.422855,0.034901,0.378846,27.214
1772223630333409654,2026-02-27 15:20:30.333,2.32224,-0.378121,-20.9815,0.430586,0.039918,0.381923,27.215000000000003
1772223630334527022,2026-02-27 15:20:30.334,2.34512,-0.394786,-20.9688,0.433744,0.042322,0.383434,27.216000000000008
1772223630335654873,2026-02-27 15:20:30.335,2.37895,-0.387034,-20.3266,0.434994,0.043688,0.378866,27.217
1772223630336851054,2026-02-27 15:20:30.336,2.42859,-0.391712,-19.8686,0.437743,0.048169,0.377796,27.218000000000004
1772223630338021999,2026-02-27 15:20:30.338,2.5053,-0.4177,-20.1892,0.443755,0.048021,0.38068,27.22
1772223630339196037,2026-02-27 15:20:30.339,2.51711,-0.407084,-20.5472,0.446644,0.049268,0.385863,27.221000000000004
1772223630340369536,2026-02-27 15:20:30.340,2.58196,-0.47542,-20.777,0.449048,0.049233,0.393402,27.22200000000001
1772223630341527092,2026-02-27 15:20:30.341,2.59996,-0.451684,-20.7625,0.452793,0.048841,0.394565,27.223
1772223630342656673,2026-02-27 15:20:30.342,2.641,-0.479266,-20.7778,0.461116,0.051334,0.394442,27.224000000000004
1772223630343828958,2026-02-27 15:20:30.343,2.61302,-0.481198,-20.8917,0.461674,0.053071,0.396302,27.22500000000001
1772223630345026289,2026-02-27 15:20:30.345,2.65976,-0.520571,-21.7487,0.464447,0.053868,0.406294,27.227000000000004
1772223630346226846,2026-02-27 15:20:30.346,2.69058,-0.524442,-21.4408,0.468457,0.054246,0.403105,27.22800000000001
1772223630347398424,2026-02-27 15:20:30.347,2.71124,-0.553012,-20.9614,0.473247,0.052887,0.401753,27.229
1772223630348527101,2026-02-27 15:20:30.348,2.68854,-0.556494,-20.6358,0.473237,0.052234,0.40174,27.230000000000004
1772223630349661696,2026-02-27 15:20:30.349,2.71169,-0.568998,-20.6243,0.474787,0.05181,0.40326,27.23100000000001
1772223630350877255,2026-02-27 15:20:30.350,2.6706,-0.55463,-20.5601,0.469913,0.047466,0.405425,27.232
1772223630352075489,2026-02-27 15:20:30.352,2.61376,-0.45523,-20.3505,0.4669,0.036775,0.407006,27.23400000000001
1772223630353280076,2026-02-27 15:20:30.353,2.48137,-0.555087,-19.3898,0.463678,0.029079,0.396284,27.235
1772223630354474769,2026-02-27 15:20:30.354,2.59329,-0.652218,-20.2876,0.474528,0.051528,0.394923,27.236000000000004
1772223630355603848,2026-02-27 15:20:30.355,2.5685,-0.543734,-20.8677,0.472749,0.047223,0.402393,27.23700000000001
1772223630356783923,2026-02-27 15:20:30.356,2.49126,-0.502585,-21.0798,0.46983,0.040869,0.409425,27.238
1772223630357986911,2026-02-27 15:20:30.357,2.4536,-0.486391,-21.1196,0.468835,0.034487,0.412071,27.239000000000004
1772223630359188196,2026-02-27 15:20:30.359,2.53608,-0.571898,-21.3049,0.473861,0.037664,0.413001,27.241
1772223630360362663,2026-02-27 15:20:30.360,2.32979,-0.489713,-21.1712,0.474094,0.030441,0.413564,27.242000000000004
1772223630361527287,2026-02-27 15:20:30.361,1.18044,0.325612,-19.1477,0.406502,-0.063593,0.430936,27.24300000000001
1772223630362665190,2026-02-27 15:20:30.362,0.231759,0.961681,-15.5864,0.321137,-0.155821,0.440214,27.244
1772223630363884134,2026-02-27 15:20:30.363,-0.073547,0.987289,-12.7145,0.275687,-0.193729,0.439037,27.245000000000005
1772223630365084797,2026-02-27 15:20:30.365,-0.254006,0.85279,-10.916,0.237652,-0.196994,0.422864,27.247
1772223630366288698,2026-02-27 15:20:30.366,-0.611428,1.0158,-9.56883,0.20274,-0.196226,0.400516,27.248000000000005
1772223630367478981,2026-02-27 15:20:30.367,-1.23771,1.36923,-7.35758,0.13005,-0.199925,0.367498,27.24900000000001
1772223630368617593,2026-02-27 15:20:30.368,-1.54976,1.44279,-6.38697,0.107477,-0.199929,0.347487,27.25
1772223630369809475,2026-02-27 15:20:30.369,-1.82832,1.74121,-4.57462,0.07753,-0.198563,0.329365,27.251000000000005
1772223630371012111,2026-02-27 15:20:30.371,-2.27486,2.25298,-3.60296,0.047384,-0.193977,0.31158,27.253
1772223630372209927,2026-02-27 15:20:30.372,-2.58453,2.82947,-2.46872,0.003338,-0.150213,0.259859,27.254000000000005
1772223630373386813,2026-02-27 15:20:30.373,-1.25801,0.170509,-8.11562,0.087533,-0.263403,0.322922,27.25500000000001
1772223630374530873,2026-02-27 15:20:30.374,-2.01427,1.6702,-5.92264,0.03217,-0.203947,0.29813,27.256
1772223630375660387,2026-02-27 15:20:30.375,-1.91716,1.35846,-7.20224,0.060499,-0.226697,0.311375,27.257000000000005
1772223630376838902,2026-02-27 15:20:30.376,-2.20654,1.89056,-6.53718,0.05958,-0.22514,0.314719,27.25800000000001
1772223630378034145,2026-02-27 15:20:30.378,-2.24542,1.94089,-7.66211,0.072148,-0.226694,0.328532,27.260000000000005
1772223630379229023,2026-02-27 15:20:30.379,-2.34933,1.92508,-7.51122,0.096194,-0.229932,0.331353,27.26100000000001
1772223630380400158,2026-02-27 15:20:30.380,-2.6142,2.26389,-6.90736,0.102108,-0.231166,0.331951,27.262
1772223630381540262,2026-02-27 15:20:30.381,-2.44494,1.72424,-7.52106,0.131867,-0.214851,0.322416,27.263000000000005
1772223630382668620,2026-02-27 15:20:30.382,-2.55281,1.86733,-7.55718,0.148987,-0.231389,0.334462,27.26400000000001
1772223630383840954,2026-02-27 15:20:30.383,-2.75027,2.43519,-6.29956,0.133302,-0.217838,0.318388,27.265
1772223630385036122,2026-02-27 15:20:30.385,-2.45607,1.95029,-7.54254,0.162084,-0.236177,0.329894,27.26700000000001
1772223630386230770,2026-02-27 15:20:30.386,-2.98055,2.7136,-5.14568,0.136807,-0.21771,0.309554,27.268
1772223630387413358,2026-02-27 15:20:30.387,-3.16049,2.74651,-4.33751,0.131927,-0.237241,0.309242,27.269000000000005
1772223630388530868,2026-02-27 15:20:30.388,-3.33778,2.68071,-4.72444,0.12884,-0.214821,0.296519,27.27000000000001
1772223630389658482,2026-02-27 15:20:30.389,-3.43606,2.84508,-4.3761,0.112481,-0.211128,0.28877,27.271
1772223630390856800,2026-02-27 15:20:30.390,-3.64209,3.09932,-3.59989,0.106632,-0.213963,0.284248,27.272000000000006
1772223630392053943,2026-02-27 15:20:30.392,-3.65344,2.92622,-3.89174,0.10771,-0.216269,0.27893,27.274
1772223630393249013,2026-02-27 15:20:30.393,-3.68593,3.16201,-3.20001,0.095382,-0.199285,0.266131,27.275000000000006
1772223630394435706,2026-02-27 15:20:30.394,-3.84107,3.34775,-2.91941,0.082618,-0.198116,0.259356,27.27600000000001
1772223630395583235,2026-02-27 15:20:30.395,-3.66474,3.18647,-3.61582,0.093067,-0.202745,0.254586,27.277
1772223630396712623,2026-02-27 15:20:30.396,-3.95607,3.54916,-2.47663,0.077106,-0.181524,0.241044,27.278000000000006
1772223630397839080,2026-02-27 15:20:30.397,-3.89582,3.77287,-1.47574,0.064617,-0.172381,0.221421,27.27900000000001
1772223630399014604,2026-02-27 15:20:30.399,-3.95869,3.46347,-1.8088,0.081597,-0.1932,0.229033,27.281000000000006
1772223630400209369,2026-02-27 15:20:30.400,-3.62241,3.32648,-2.41282,0.084983,-0.187817,0.229278,27.28200000000001
1772223630401402704,2026-02-27 15:20:30.401,-3.72658,3.46737,-2.28123,0.088228,-0.194608,0.240123,27.283
1772223630402539214,2026-02-27 15:20:30.402,-3.69174,3.83182,-0.929023,0.096543,-0.180895,0.220939,27.284000000000006
1772223630403680388,2026-02-27 15:20:30.403,-3.69174,3.83182,-0.929023,0.096543,-0.180895,0.220939,27.28500000000001
1772223630404874649,2026-02-27 15:20:30.404,-3.67586,3.95878,-1.16824,0.093284,-0.172431,0.217042,27.286
1772223630406089761,2026-02-27 15:20:30.406,-3.64596,3.91178,-1.68001,0.085127,-0.173958,0.216996,27.28800000000001
1772223630407285693,2026-02-27 15:20:30.407,-3.45308,3.70126,-2.23483,0.078803,-0.1647,0.211923,27.289
1772223630408479318,2026-02-27 15:20:30.408,-3.29528,3.65325,-2.18107,0.06716,-0.163305,0.203455,27.290000000000006
1772223630409624340,2026-02-27 15:20:30.409,-3.04732,3.3273,-2.92563,0.052935,-0.165134,0.195619,27.29100000000001
1772223630410954643,2026-02-27 15:20:30.410,-2.75932,3.20337,-4.2863,0.037124,-0.160076,0.191881,27.292
1772223630412128176,2026-02-27 15:20:30.412,-2.80834,3.21567,-4.42635,0.025253,-0.150714,0.184614,27.29400000000001
1772223630413332430,2026-02-27 15:20:30.413,-2.60161,3.07363,-4.67431,0.033902,-0.157838,0.186065,27.295
1772223630414517267,2026-02-27 15:20:30.414,-2.64414,3.06913,-4.23822,0.029104,-0.151514,0.181433,27.296000000000006
1772223630415644565,2026-02-27 15:20:30.415,-2.37957,2.93613,-4.18264,0.038702,-0.144528,0.180696,27.29700000000001
1772223630416792015,2026-02-27 15:20:30.416,-2.29058,2.83888,-4.2124,0.031677,-0.1482,0.178775,27.298000000000002
1772223630417993519,2026-02-27 15:20:30.417,-2.24862,2.68302,-4.37167,0.018815,-0.14051,0.168368,27.299000000000007
1772223630419187370,2026-02-27 15:20:30.419,-2.05857,2.65577,-3.92304,0.024054,-0.13352,0.15675,27.301000000000002
1772223630420381426,2026-02-27 15:20:30.420,-1.97959,2.46202,-3.86568,0.021613,-0.136271,0.151067,27.302000000000007
1772223630421528428,2026-02-27 15:20:30.421,-1.99532,2.46302,-4.12626,0.020852,-0.140702,0.153333,27.30300000000001
1772223630422658506,2026-02-27 15:20:30.422,-2.05112,2.40332,-5.01939,0.027455,-0.151771,0.165318,27.304000000000002
1772223630423850037,2026-02-27 15:20:30.423,-1.8259,2.30134,-5.53151,0.026729,-0.149069,0.163301,27.305000000000007
1772223630425045209,2026-02-27 15:20:30.425,-1.63038,2.1707,-5.8191,0.029118,-0.139027,0.158374,27.307000000000002
1772223630426239873,2026-02-27 15:20:30.426,-1.74414,2.09433,-5.63414,0.018421,-0.144766,0.153875,27.308000000000007
1772223630427410073,2026-02-27 15:20:30.427,-1.62362,1.95924,-5.73942,0.018003,-0.146412,0.151554,27.30900000000001
1772223630428662623,2026-02-27 15:20:30.428,-1.56656,1.7418,-6.99579,0.016618,-0.141392,0.160218,27.310000000000002
1772223630429878982,2026-02-27 15:20:30.429,-1.55283,1.68176,-6.58765,0.015402,-0.142192,0.153767,27.311000000000007
1772223630431077223,2026-02-27 15:20:30.431,-1.63121,1.63273,-6.04175,0.01083,-0.147215,0.150648,27.313000000000002
1772223630432248917,2026-02-27 15:20:30.432,-1.62493,1.48664,-5.9046,0.000911,-0.143404,0.141618,27.314000000000007
1772223630433469497,2026-02-27 15:20:30.433,-1.43408,1.38423,-6.04474,0.005722,-0.138935,0.13906,27.315000000000012
1772223630434600060,2026-02-27 15:20:30.434,-1.41628,1.30223,-6.07111,0.006845,-0.135964,0.137048,27.316000000000003
1772223630435753422,2026-02-27 15:20:30.435,-1.40739,1.17477,-5.25339,0.005598,-0.135937,0.127145,27.317000000000007
1772223630436924470,2026-02-27 15:20:30.436,-1.45985,1.10569,-5.14271,0.002159,-0.136546,0.125426,27.318000000000012
1772223630438108716,2026-02-27 15:20:30.438,-1.48912,1.05778,-5.10961,-0.004026,-0.138161,0.12298,27.320000000000007
1772223630439303072,2026-02-27 15:20:30.439,-1.52943,1.02158,-5.43408,-0.005739,-0.141286,0.125592,27.321000000000012
1772223630440510313,2026-02-27 15:20:30.440,-1.61604,0.960071,-5.44909,-0.013431,-0.144375,0.123989,27.322000000000003
1772223630441694891,2026-02-27 15:20:30.441,-1.69705,0.861666,-5.23303,-0.018682,-0.148438,0.118285,27.323000000000008
1772223630442885243,2026-02-27 15:20:30.442,-1.80735,0.700992,-4.99202,-0.024637,-0.144891,0.108817,27.324000000000012
1772223630444055519,2026-02-27 15:20:30.444,-1.76266,0.672115,-5.51002,-0.030696,-0.141947,0.110028,27.326000000000008
1772223630445223501,2026-02-27 15:20:30.445,-1.69716,0.585709,-6.06963,-0.034871,-0.14179,0.111467,27.327000000000012
1772223630446392303,2026-02-27 15:20:30.446,-1.78072,0.620732,-5.59317,-0.035281,-0.145407,0.106716,27.328000000000003
1772223630447529041,2026-02-27 15:20:30.447,-1.67552,0.545251,-5.24315,-0.037692,-0.139181,0.097052,27.329000000000008
1772223630448657816,2026-02-27 15:20:30.448,-1.57224,0.501915,-5.25415,-0.037499,-0.139814,0.095909,27.330000000000013
1772223630449800894,2026-02-27 15:20:30.449,-1.57142,0.483633,-5.37669,-0.036341,-0.138714,0.096053,27.331000000000003
1772223630450968163,2026-02-27 15:20:30.450,-1.55371,0.522805,-5.33885,-0.037667,-0.138555,0.096482,27.332000000000008
1772223630452136179,2026-02-27 15:20:30.452,-1.51708,0.432697,-5.39539,-0.044024,-0.138014,0.092395,27.334000000000003
1772223630453304044,2026-02-27 15:20:30.453,-1.46545,0.431635,-4.46976,-0.040787,-0.138808,0.085052,27.335000000000008
1772223630454481293,2026-02-27 15:20:30.454,-1.48661,0.434143,-4.92679,-0.043218,-0.141394,0.089286,27.336000000000013
1772223630455615803,2026-02-27 15:20:30.455,-1.52974,0.410649,-5.30758,-0.046775,-0.140963,0.091143,27.337000000000003
1772223630456770816,2026-02-27 15:20:30.456,-1.6386,0.464801,-5.41974,-0.046295,-0.144881,0.09231,27.338000000000008
1772223630457938280,2026-02-27 15:20:30.457,-1.60689,0.484652,-5.15748,-0.04577,-0.148776,0.09273,27.339
1772223630459105321,2026-02-27 15:20:30.459,-1.59316,0.505056,-5.21662,-0.043004,-0.145459,0.092709,27.341000000000008
1772223630460271849,2026-02-27 15:20:30.460,-1.54853,0.519423,-5.36314,-0.038624,-0.138762,0.093884,27.342
1772223630461440861,2026-02-27 15:20:30.461,-1.49067,0.491416,-6.40219,-0.038703,-0.138498,0.103509,27.343000000000004
1772223630462589775,2026-02-27 15:20:30.462,-1.41781,0.588957,-6.19717,-0.036565,-0.132816,0.103807,27.34400000000001
1772223630463735478,2026-02-27 15:20:30.463,-1.42962,0.671258,-5.90019,-0.031382,-0.128564,0.102359,27.345
1772223630464903565,2026-02-27 15:20:30.464,-1.24753,0.708924,-5.66595,-0.028232,-0.125338,0.104772,27.346000000000004
1772223630466070579,2026-02-27 15:20:30.466,-1.25319,0.808469,-5.65155,-0.030472,-0.122962,0.10561,27.348
1772223630467238998,2026-02-27 15:20:30.467,-1.20879,0.833745,-5.54977,-0.031844,-0.124178,0.105644,27.349000000000004
1772223630468407679,2026-02-27 15:20:30.468,-1.22029,0.810884,-5.55771,-0.039466,-0.127178,0.103169,27.35000000000001
1772223630469526262,2026-02-27 15:20:30.469,-1.12989,0.954833,-4.99162,-0.030297,-0.117201,0.095435,27.351
1772223630470652216,2026-02-27 15:20:30.470,-1.02548,1.01001,-5.27467,-0.028544,-0.115959,0.098685,27.352000000000004
1772223630471779649,2026-02-27 15:20:30.471,-1.11795,1.18018,-5.61347,-0.035731,-0.11418,0.103166,27.35300000000001
1772223630472947366,2026-02-27 15:20:30.472,-0.972765,1.28582,-6.02904,-0.023945,-0.116486,0.111737,27.354
1772223630474116109,2026-02-27 15:20:30.474,-0.862457,1.34281,-6.38355,-0.025046,-0.108093,0.113497,27.35600000000001
1772223630475283362,2026-02-27 15:20:30.475,-0.947412,1.43911,-6.41786,-0.025179,-0.10539,0.115458,27.357
1772223630476469487,2026-02-27 15:20:30.476,-0.877586,1.52058,-6.31829,-0.021645,-0.108755,0.119273,27.358000000000004
1772223630477599992,2026-02-27 15:20:30.477,-0.878965,1.67813,-7.44235,-0.021569,-0.108325,0.132406,27.35900000000001
1772223630478744414,2026-02-27 15:20:30.478,-0.897623,1.75785,-6.76011,-0.020933,-0.111628,0.130763,27.36
1772223630479912948,2026-02-27 15:20:30.479,-0.905484,1.78587,-6.69938,-0.020763,-0.116146,0.130674,27.361000000000004
1772223630481081623,2026-02-27 15:20:30.481,-1.07924,1.89312,-5.89954,-0.014003,-0.121347,0.129569,27.363
1772223630482253785,2026-02-27 15:20:30.482,-1.24809,1.80822,-5.34218,-0.022248,-0.133344,0.127157,27.364000000000004
1772223630483421461,2026-02-27 15:20:30.483,-1.30058,1.85552,-5.19147,-0.020013,-0.13374,0.125853,27.36500000000001
1772223630484527985,2026-02-27 15:20:30.484,-1.44213,1.83022,-4.92183,-0.021992,-0.139837,0.12441,27.366
1772223630485656425,2026-02-27 15:20:30.485,-1.58129,1.89689,-3.58797,-0.019172,-0.145323,0.116218,27.367000000000004
1772223630486800567,2026-02-27 15:20:30.486,-1.65313,1.94663,-3.68427,-0.022936,-0.149201,0.121124,27.36800000000001
1772223630487967510,2026-02-27 15:20:30.487,-1.66136,1.98615,-3.56414,-0.021369,-0.15029,0.12148,27.369
1772223630489135048,2026-02-27 15:20:30.489,-1.66994,2.01326,-3.92502,-0.018783,-0.15135,0.130128,27.37100000000001
1772223630490314180,2026-02-27 15:20:30.490,-1.69775,2.0699,-4.0796,-0.015948,-0.154566,0.135109,27.372
1772223630491501963,2026-02-27 15:20:30.491,-1.74489,2.14973,-3.97629,-0.017119,-0.1558,0.137794,27.373000000000005
1772223630492631136,2026-02-27 15:20:30.492,-1.80757,2.20609,-3.92589,-0.017494,-0.157551,0.139188,27.37400000000001
1772223630493781981,2026-02-27 15:20:30.493,-1.68593,2.27533,-4.51794,-0.012534,-0.15914,0.149424,27.375
1772223630494963591,2026-02-27 15:20:30.494,-1.68326,2.34675,-4.62171,-0.009847,-0.162366,0.152926,27.376000000000005
1772223630496134046,2026-02-27 15:20:30.496,-1.76702,2.39445,-4.48766,-0.00704,-0.161394,0.154186,27.378
1772223630497328542,2026-02-27 15:20:30.497,-1.67355,2.48379,-4.17428,-0.003613,-0.158614,0.15353,27.379000000000005
1772223630498534065,2026-02-27 15:20:30.498,-1.70639,2.57023,-3.76485,-0.000407,-0.159919,0.153268,27.38000000000001
1772223630499662619,2026-02-27 15:20:30.499,-1.68436,2.70186,-3.56652,0.007287,-0.166826,0.157546,27.381
1772223630500815152,2026-02-27 15:20:30.500,-1.711,2.75053,-3.43811,0.004654,-0.166685,0.159523,27.382000000000005
1772223630501984590,2026-02-27 15:20:30.501,-1.85813,2.806,-3.17648,0.006792,-0.168695,0.159643,27.38300000000001
1772223630503158249,2026-02-27 15:20:30.503,-1.80759,2.89086,-2.48161,0.016689,-0.169304,0.156843,27.385000000000005
1772223630504365677,2026-02-27 15:20:30.504,-1.77898,2.88109,-2.78429,0.015871,-0.172144,0.16266,27.38600000000001
1772223630505555938,2026-02-27 15:20:30.505,-1.82685,2.96271,-2.8028,0.015663,-0.173956,0.165308,27.387
1772223630506685755,2026-02-27 15:20:30.506,-1.99421,3.07688,-3.14137,0.023742,-0.181174,0.176449,27.388000000000005
1772223630507843142,2026-02-27 15:20:30.507,-1.97058,3.08041,-3.19192,0.020203,-0.181422,0.177834,27.38900000000001
1772223630509017408,2026-02-27 15:20:30.509,-2.06299,3.07378,-3.1616,0.024529,-0.184727,0.179322,27.391000000000005
1772223630510204873,2026-02-27 15:20:30.510,-1.97821,3.13862,-3.31176,0.027988,-0.182819,0.180979,27.39200000000001
1772223630511371458,2026-02-27 15:20:30.511,-1.86752,3.15267,-4.37427,0.033071,-0.185889,0.194587,27.393
1772223630512494953,2026-02-27 15:20:30.512,-1.93599,3.21091,-3.95831,0.032797,-0.188035,0.192991,27.394000000000005
1772223630513625498,2026-02-27 15:20:30.513,-1.92181,3.20989,-3.97226,0.035678,-0.192248,0.195234,27.39500000000001
1772223630514774346,2026-02-27 15:20:30.514,-1.8794,3.25417,-3.34544,0.041676,-0.195622,0.193193,27.396
1772223630515950594,2026-02-27 15:20:30.515,-1.87922,3.27495,-3.40366,0.045655,-0.197612,0.196062,27.397000000000006
1772223630517124520,2026-02-27 15:20:30.517,-1.8403,3.23887,-3.45724,0.046392,-0.199308,0.198167,27.399
1772223630518298180,2026-02-27 15:20:30.518,-1.7589,3.24306,-3.48376,0.048464,-0.20033,0.199448,27.400000000000006
1772223630519559929,2026-02-27 15:20:30.519,-1.75081,3.29765,-2.714,0.053603,-0.198254,0.194208,27.40100000000001
1772223630520689566,2026-02-27 15:20:30.520,-1.73856,3.3464,-2.74,0.05745,-0.201245,0.198397,27.402
1772223630521858703,2026-02-27 15:20:30.521,-1.62049,3.38298,-3.59174,0.061184,-0.201448,0.207786,27.403000000000006
1772223630523032446,2026-02-27 15:20:30.523,-1.59252,3.42149,-3.97645,0.067828,-0.202487,0.214142,27.405
1772223630524205495,2026-02-27 15:20:30.524,-1.52758,3.43865,-3.94886,0.068651,-0.205643,0.216329,27.406000000000006
1772223630525382054,2026-02-27 15:20:30.525,-1.55476,3.40427,-3.89144,0.067078,-0.205463,0.216749,27.40700000000001
1772223630526553882,2026-02-27 15:20:30.526,-1.50753,3.42853,-3.95343,0.071515,-0.206461,0.217237,27.408
1772223630527681440,2026-02-27 15:20:30.527,-1.50651,3.39965,-4.39119,0.072149,-0.207812,0.221925,27.409000000000006
1772223630528829416,2026-02-27 15:20:30.528,-1.47312,3.36746,-4.66764,0.076075,-0.208751,0.227172,27.41000000000001
1772223630530006004,2026-02-27 15:20:30.530,-1.50184,3.38466,-4.5917,0.080367,-0.208838,0.228185,27.412000000000006
1772223630531180479,2026-02-27 15:20:30.531,-1.5137,3.42298,-4.34072,0.083589,-0.208241,0.227342,27.41300000000001
1772223630532354834,2026-02-27 15:20:30.532,-1.39381,3.45352,-4.34542,0.088179,-0.208615,0.228671,27.414
1772223630533553918,2026-02-27 15:20:30.533,-1.39734,3.5077,-4.55018,0.095604,-0.208682,0.232377,27.415000000000006
1772223630534682805,2026-02-27 15:20:30.534,-1.37712,3.47026,-4.76561,0.097892,-0.212762,0.234258,27.41600000000001
1772223630535852981,2026-02-27 15:20:30.535,-1.4706,3.49548,-3.71603,0.10207,-0.218839,0.226111,27.417
1772223630537045393,2026-02-27 15:20:30.537,-1.41955,3.42134,-4.29629,0.101469,-0.22038,0.230858,27.41900000000001
1772223630538219784,2026-02-27 15:20:30.538,-1.43764,3.36769,-4.47357,0.103647,-0.221526,0.22995,27.42
1772223630539408051,2026-02-27 15:20:30.539,-1.42797,3.36955,-5.02734,0.101575,-0.224526,0.233486,27.421000000000006
1772223630540543251,2026-02-27 15:20:30.540,-1.419,3.29998,-5.44283,0.1007,-0.224813,0.234695,27.42200000000001
1772223630541671563,2026-02-27 15:20:30.541,-1.43303,3.27934,-5.42406,0.098577,-0.227758,0.234701,27.423000000000002
1772223630542815424,2026-02-27 15:20:30.542,-1.52643,3.19239,-5.37474,0.097192,-0.233331,0.232866,27.424000000000007
1772223630543989230,2026-02-27 15:20:30.543,-1.55132,3.18196,-6.44369,0.094853,-0.234867,0.240376,27.42500000000001
1772223630545161783,2026-02-27 15:20:30.545,-1.52595,3.11982,-6.32689,0.094826,-0.23728,0.238078,27.427000000000007
1772223630546335273,2026-02-27 15:20:30.546,-1.55981,3.10874,-6.32512,0.09567,-0.238804,0.237705,27.42800000000001
1772223630547520366,2026-02-27 15:20:30.547,-1.59718,3.11451,-5.95244,0.096087,-0.240702,0.233487,27.429000000000002
1772223630548645265,2026-02-27 15:20:30.548,-1.64763,3.05866,-5.85611,0.093084,-0.239972,0.230902,27.430000000000007
1772223630549792971,2026-02-27 15:20:30.549,-1.57449,3.08733,-5.91798,0.097905,-0.242889,0.231413,27.43100000000001
1772223630550964703,2026-02-27 15:20:30.550,-1.66503,3.06458,-5.90806,0.096318,-0.247985,0.229365,27.432000000000002
1772223630552141350,2026-02-27 15:20:30.552,-1.68404,2.97383,-5.37329,0.095194,-0.249193,0.22214,27.43400000000001
1772223630553329874,2026-02-27 15:20:30.553,-1.68281,2.92344,-4.83004,0.090779,-0.251733,0.21659,27.435000000000002
1772223630554538297,2026-02-27 15:20:30.554,-1.69125,2.87943,-5.1037,0.090078,-0.251492,0.217896,27.436000000000007
1772223630555663841,2026-02-27 15:20:30.555,-1.68803,2.84188,-5.47476,0.091996,-0.248313,0.221934,27.437000000000012
1772223630556812106,2026-02-27 15:20:30.556,-1.75843,2.8036,-5.65177,0.084751,-0.250126,0.223439,27.438000000000002
1772223630557982233,2026-02-27 15:20:30.557,-1.80514,2.73016,-5.64654,0.080297,-0.249781,0.222262,27.439000000000007
1772223630559174740,2026-02-27 15:20:30.559,-1.7623,2.73609,-5.61776,0.081727,-0.248593,0.221201,27.441000000000003
1772223630560369872,2026-02-27 15:20:30.560,-1.71607,2.75166,-5.80546,0.085131,-0.243216,0.222352,27.442000000000007
1772223630561567141,2026-02-27 15:20:30.561,-1.64033,2.71422,-6.84736,0.083381,-0.243624,0.232363,27.443000000000012
1772223630562694560,2026-02-27 15:20:30.562,-1.67278,2.693,-6.37715,0.083322,-0.240801,0.228955,27.444000000000003
1772223630563842838,2026-02-27 15:20:30.563,-1.60372,2.70058,-6.44912,0.086043,-0.239053,0.231047,27.445000000000007
1772223630565009856,2026-02-27 15:20:30.565,-1.52545,2.76346,-5.86775,0.088711,-0.236224,0.226672,27.447000000000003
1772223630566205968,2026-02-27 15:20:30.566,-1.52892,2.73266,-5.97972,0.090401,-0.235896,0.228334,27.448000000000008
1772223630567401927,2026-02-27 15:20:30.567,-1.65093,2.71944,-5.77094,0.084986,-0.235675,0.2269,27.449000000000012
1772223630568570344,2026-02-27 15:20:30.568,-1.57491,2.70378,-5.95726,0.08724,-0.232259,0.227809,27.450000000000003
1772223630569697653,2026-02-27 15:20:30.569,-1.44122,2.74725,-5.1002,0.096782,-0.228376,0.219187,27.451000000000008
1772223630570848469,2026-02-27 15:20:30.570,-1.50963,2.7035,-5.31017,0.095647,-0.226733,0.223096,27.452000000000012
1772223630572022418,2026-02-27 15:20:30.572,-1.51221,2.69807,-5.66556,0.088934,-0.231081,0.230299,27.454000000000008
1772223630573214904,2026-02-27 15:20:30.573,-1.4861,2.71695,-5.91511,0.091282,-0.230309,0.234466,27.455000000000013
1772223630574408941,2026-02-27 15:20:30.574,-1.44055,2.68484,-5.89236,0.092448,-0.22689,0.234408,27.456000000000003
1772223630575562629,2026-02-27 15:20:30.575,-1.32447,2.6811,-5.9661,0.094184,-0.224896,0.236869,27.457000000000008
1772223630576687708,2026-02-27 15:20:30.576,-1.40272,2.68889,-5.93945,0.096708,-0.221318,0.239068,27.458000000000013
1772223630577857616,2026-02-27 15:20:30.577,-1.3943,2.68532,-6.58511,0.096808,-0.219179,0.247646,27.459000000000003
1772223630579027526,2026-02-27 15:20:30.579,-1.38765,2.69993,-6.62696,0.098809,-0.219635,0.251093,27.461000000000013
1772223630580216307,2026-02-27 15:20:30.580,-1.41497,2.7282,-6.19988,0.101999,-0.2182,0.248201,27.462000000000003
1772223630581411451,2026-02-27 15:20:30.581,-1.42921,2.71588,-5.89784,0.101011,-0.216788,0.245551,27.463000000000008
1772223630582624637,2026-02-27 15:20:30.582,-1.43971,2.67028,-5.68846,0.098133,-0.216349,0.244512,27.464
1772223630583827909,2026-02-27 15:20:30.583,-1.37821,2.65097,-5.73462,0.102938,-0.215997,0.245818,27.465000000000003
1772223630585000083,2026-02-27 15:20:30.585,-1.28892,2.62416,-5.70921,0.110015,-0.210364,0.249035,27.467
1772223630586194536,2026-02-27 15:20:30.586,-1.29176,2.68639,-5.01075,0.113533,-0.208715,0.245232,27.468000000000004
1772223630587394823,2026-02-27 15:20:30.587,-1.3148,2.69933,-5.47671,0.114092,-0.20617,0.251164,27.46900000000001
1772223630588567710,2026-02-27 15:20:30.588,-1.32429,2.72231,-5.5158,0.11711,-0.205949,0.25421,27.47
1772223630589697095,2026-02-27 15:20:30.589,-1.21916,2.73187,-6.21078,0.125235,-0.205867,0.261631,27.471000000000004
1772223630590875054,2026-02-27 15:20:30.590,-1.19794,2.78868,-6.38481,0.128846,-0.206775,0.263565,27.47200000000001
1772223630592046803,2026-02-27 15:20:30.592,-1.31394,2.71905,-6.51388,0.134897,-0.213297,0.267591,27.474000000000004
1772223630593234385,2026-02-27 15:20:30.593,-1.36051,2.63658,-6.65282,0.139375,-0.216653,0.270203,27.47500000000001
1772223630594428625,2026-02-27 15:20:30.594,-1.41552,2.59932,-7.60672,0.138696,-0.221142,0.281916,27.476
1772223630595566877,2026-02-27 15:20:30.595,-1.49567,2.61738,-7.45383,0.144249,-0.224359,0.280298,27.477000000000004
1772223630596693373,2026-02-27 15:20:30.596,-1.61252,2.51006,-7.47324,0.145868,-0.228331,0.282951,27.47800000000001
1772223630597888710,2026-02-27 15:20:30.597,-1.66865,2.54677,-7.0018,0.151335,-0.23231,0.279379,27.479
1772223630599069298,2026-02-27 15:20:30.599,-1.87663,2.51534,-6.84654,0.15662,-0.240619,0.280015,27.48100000000001
1772223630600264996,2026-02-27 15:20:30.600,-1.97794,2.46514,-6.77796,0.15771,-0.244801,0.281663,27.482
1772223630601433746,2026-02-27 15:20:30.601,-2.04044,2.42173,-6.81756,0.163794,-0.246505,0.281593,27.483000000000004
1772223630602574640,2026-02-27 15:20:30.602,-2.16581,2.43025,-6.00558,0.159968,-0.25058,0.275049,27.48400000000001
1772223630603703505,2026-02-27 15:20:30.603,-2.24799,2.46738,-5.70193,0.16402,-0.254686,0.275216,27.485
1772223630604860242,2026-02-27 15:20:30.604,-2.34445,2.44589,-5.87767,0.166258,-0.257129,0.276954,27.486000000000004
1772223630606031783,2026-02-27 15:20:30.606,-2.41117,2.46815,-6.62486,0.168314,-0.264426,0.285075,27.488
1772223630607210129,2026-02-27 15:20:30.607,-2.48968,2.46394,-6.55199,0.169137,-0.264087,0.286238,27.489000000000004
1772223630608406267,2026-02-27 15:20:30.608,-2.56812,2.44799,-6.5789,0.169205,-0.266804,0.286942,27.49000000000001
1772223630609578759,2026-02-27 15:20:30.609,-2.56661,2.45074,-6.51654,0.172471,-0.269215,0.286868,27.491
1772223630610707722,2026-02-27 15:20:30.610,-2.68171,2.47451,-6.67151,0.174953,-0.27184,0.291651,27.492000000000004
1772223630611892999,2026-02-27 15:20:30.611,-2.72829,2.49353,-7.34754,0.171881,-0.274548,0.298126,27.49300000000001
1772223630613064954,2026-02-27 15:20:30.613,-2.81119,2.52842,-6.88494,0.176306,-0.277728,0.295811,27.495000000000005
1772223630614238534,2026-02-27 15:20:30.614,-2.87069,2.53121,-6.42199,0.177954,-0.279899,0.293392,27.49600000000001
1772223630615432217,2026-02-27 15:20:30.615,-2.90975,2.52576,-6.1776,0.177556,-0.283677,0.293167,27.497
1772223630616578400,2026-02-27 15:20:30.616,-2.98414,2.53953,-6.12085,0.175909,-0.285954,0.293462,27.498000000000005
1772223630617708825,2026-02-27 15:20:30.617,-3.03013,2.53682,-6.17147,0.180974,-0.287679,0.295086,27.49900000000001
1772223630618880546,2026-02-27 15:20:30.618,-3.07166,2.51295,-6.13253,0.178799,-0.288895,0.29509,27.5
1772223630620052323,2026-02-27 15:20:30.620,-3.06337,2.59298,-5.40993,0.186663,-0.292224,0.29083,27.50200000000001
1772223630621226938,2026-02-27 15:20:30.621,-3.14994,2.54893,-5.35251,0.183298,-0.295609,0.290867,27.503
1772223630622356607,2026-02-27 15:20:30.622,-3.13436,2.57894,-5.84047,0.184006,-0.297156,0.297051,27.504000000000005
1772223630623562964,2026-02-27 15:20:30.623,-3.15205,2.57529,-6.07911,0.185828,-0.297818,0.299325,27.50500000000001
1772223630624692168,2026-02-27 15:20:30.624,-3.19897,2.58589,-6.05693,0.186814,-0.297684,0.298961,27.506
1772223630625862101,2026-02-27 15:20:30.625,-3.21635,2.5643,-6.18301,0.18823,-0.298191,0.299568,27.507000000000005
1772223630627033392,2026-02-27 15:20:30.627,-3.23213,2.55969,-6.08549,0.18655,-0.30016,0.30005,27.509
1772223630628201491,2026-02-27 15:20:30.628,-3.33478,2.51186,-6.96289,0.183192,-0.301954,0.309166,27.510000000000005
1772223630629404572,2026-02-27 15:20:30.629,-3.25829,2.48561,-6.87811,0.186381,-0.303422,0.30903,27.51100000000001
1772223630630652340,2026-02-27 15:20:30.630,-3.31059,2.4818,-6.3783,0.186419,-0.304659,0.304013,27.512
1772223630631832893,2026-02-27 15:20:30.631,-3.29904,2.44477,-6.12035,0.184614,-0.307667,0.301786,27.513000000000005
1772223630633016512,2026-02-27 15:20:30.633,-3.31465,2.47084,-6.05595,0.184463,-0.308093,0.301207,27.515
1772223630634184974,2026-02-27 15:20:30.634,-3.41519,2.39739,-6.02994,0.182848,-0.308784,0.299934,27.516000000000005
1772223630635377200,2026-02-27 15:20:30.635,-3.4149,2.38088,-5.56913,0.179625,-0.311092,0.294592,27.51700000000001
1772223630636560326,2026-02-27 15:20:30.636,-3.42313,2.43112,-4.98388,0.180456,-0.310484,0.289188,27.518
1772223630637693583,2026-02-27 15:20:30.637,-3.47118,2.37728,-5.30624,0.177982,-0.310105,0.291514,27.519000000000005
1772223630638886104,2026-02-27 15:20:30.638,-3.45164,2.34933,-5.51132,0.17227,-0.30991,0.291466,27.52000000000001
1772223630640059208,2026-02-27 15:20:30.640,-3.45656,2.30663,-5.97419,0.175384,-0.310539,0.297032,27.522000000000006
1772223630641227798,2026-02-27 15:20:30.641,-3.47222,2.26734,-5.98668,0.16991,-0.311868,0.295422,27.52300000000001
1772223630642427348,2026-02-27 15:20:30.642,-3.46322,2.24492,-6.00457,0.166853,-0.311688,0.294901,27.524
1772223630643579244,2026-02-27 15:20:30.643,-3.42621,2.24108,-6.02225,0.169475,-0.31242,0.29472,27.525000000000006
1772223630644724362,2026-02-27 15:20:30.644,-3.41926,2.19073,-7.09615,0.167559,-0.310806,0.303217,27.52600000000001
1772223630645895611,2026-02-27 15:20:30.645,-3.45618,2.22669,-6.63912,0.168211,-0.311142,0.298616,27.527
1772223630647066176,2026-02-27 15:20:30.647,-3.45157,2.20806,-6.61245,0.166158,-0.311919,0.297518,27.52900000000001
1772223630648234164,2026-02-27 15:20:30.648,-3.50239,2.18154,-5.86792,0.160296,-0.311152,0.289052,27.53
1772223630649427637,2026-02-27 15:20:30.649,-3.49894,2.14472,-5.79726,0.159108,-0.310638,0.287541,27.531000000000006
1772223630650560698,2026-02-27 15:20:30.650,-3.50825,2.13303,-5.81666,0.157393,-0.310346,0.287275,27.53200000000001
1772223630651685790,2026-02-27 15:20:30.651,-3.50456,2.11368,-5.72473,0.155679,-0.310562,0.285572,27.533
1772223630652860252,2026-02-27 15:20:30.652,-3.51476,2.11507,-4.74178,0.15467,-0.311753,0.275224,27.534000000000006
1772223630654058081,2026-02-27 15:20:30.654,-3.52436,2.15105,-4.79709,0.154593,-0.309889,0.274335,27.536
1772223630655227958,2026-02-27 15:20:30.655,-3.61783,2.02484,-5.24862,0.1473,-0.309717,0.277332,27.537000000000006
1772223630656423402,2026-02-27 15:20:30.656,-3.65377,2.01302,-5.46368,0.145488,-0.309201,0.278891,27.53800000000001
1772223630657573092,2026-02-27 15:20:30.657,-3.70672,1.96322,-5.45354,0.142487,-0.311118,0.276943,27.539
1772223630658701204,2026-02-27 15:20:30.658,-3.71024,1.94872,-5.40182,0.14371,-0.311544,0.275289,27.540000000000006
1772223630659871771,2026-02-27 15:20:30.659,-3.73298,1.94505,-5.35412,0.141078,-0.311701,0.273991,27.54100000000001
1772223630661069689,2026-02-27 15:20:30.661,-3.81095,1.94681,-5.70297,0.137292,-0.314236,0.277007,27.543000000000006
1772223630662240046,2026-02-27 15:20:30.662,-3.91329,1.88061,-5.75398,0.129541,-0.319133,0.274562,27.54400000000001
1772223630663429864,2026-02-27 15:20:30.663,-4.00608,1.92213,-5.42576,0.127829,-0.322998,0.270569,27.545
1772223630664570442,2026-02-27 15:20:30.664,-4.05129,1.86462,-4.96681,0.125229,-0.324484,0.265444,27.546000000000006
1772223630665697951,2026-02-27 15:20:30.665,-4.09331,1.82689,-4.84851,0.122351,-0.328016,0.262515,27.54700000000001
1772223630666872369,2026-02-27 15:20:30.666,-4.23996,1.81572,-4.71607,0.120145,-0.330381,0.260305,27.548000000000002
1772223630668071665,2026-02-27 15:20:30.668,-4.34902,1.80128,-4.57343,0.119243,-0.333829,0.25983,27.55000000000001
1772223630669243138,2026-02-27 15:20:30.669,-4.41676,1.81001,-3.35051,0.113706,-0.34064,0.246437,27.551000000000002
1772223630670432035,2026-02-27 15:20:30.670,-4.54594,1.80819,-3.72281,0.112731,-0.342693,0.249946,27.552000000000007
1772223630671557776,2026-02-27 15:20:30.671,-4.57479,1.78037,-3.65447,0.110235,-0.346499,0.248494,27.55300000000001
1772223630672686289,2026-02-27 15:20:30.672,-4.63927,1.73952,-4.10908,0.108102,-0.347697,0.252289,27.554000000000002
1772223630673884512,2026-02-27 15:20:30.673,-4.69576,1.72726,-4.19002,0.106288,-0.350508,0.251847,27.555000000000007
1772223630675081172,2026-02-27 15:20:30.675,-4.72652,1.71296,-4.04222,0.105201,-0.351641,0.250864,27.557000000000002
1772223630676253374,2026-02-27 15:20:30.676,-4.86483,1.70183,-3.81182,0.102674,-0.357333,0.249174,27.558000000000007
1772223630677446334,2026-02-27 15:20:30.677,-4.88302,1.72086,-4.66142,0.101219,-0.359308,0.257483,27.55900000000001
1772223630678564237,2026-02-27 15:20:30.678,-4.99261,1.70191,-4.44295,0.096449,-0.360359,0.254581,27.560000000000002
1772223630679692679,2026-02-27 15:20:30.679,-4.97496,1.71115,-4.25184,0.09852,-0.362861,0.25348,27.561000000000007
1772223630680867260,2026-02-27 15:20:30.680,-5.02786,1.75714,-3.66284,0.098607,-0.36422,0.247261,27.562000000000012
1772223630682061875,2026-02-27 15:20:30.682,-5.05902,1.7087,-3.24177,0.095721,-0.365584,0.244882,27.564000000000007
1772223630683234608,2026-02-27 15:20:30.683,-5.13642,1.69263,-2.9446,0.092955,-0.370003,0.242526,27.565000000000012
1772223630684411091,2026-02-27 15:20:30.684,-5.18077,1.70202,-2.80118,0.091679,-0.370417,0.242188,27.566000000000003
1772223630685564469,2026-02-27 15:20:30.685,-5.20974,1.71546,-2.14016,0.09421,-0.370931,0.23452,27.567000000000007
1772223630686693189,2026-02-27 15:20:30.686,-5.23588,1.6983,-1.70091,0.088948,-0.372984,0.232339,27.568000000000012
1772223630687868358,2026-02-27 15:20:30.687,-5.29053,1.71419,-1.79059,0.087649,-0.372895,0.233369,27.569000000000003
1772223630689005274,2026-02-27 15:20:30.689,-5.33269,1.67665,-2.0374,0.086583,-0.374501,0.236655,27.571000000000012
1772223630690200702,2026-02-27 15:20:30.690,-5.31648,1.72033,-2.23962,0.086182,-0.375657,0.239558,27.572000000000003
1772223630691378551,2026-02-27 15:20:30.691,-5.41888,1.71471,-2.1153,0.084391,-0.376617,0.238804,27.573000000000008
1772223630692539583,2026-02-27 15:20:30.692,-5.47146,1.69672,-1.90797,0.079682,-0.378078,0.237794,27.574000000000012
1772223630693692397,2026-02-27 15:20:30.693,-5.49704,1.72797,-2.01565,0.079185,-0.377429,0.2386,27.575000000000003
1772223630694905791,2026-02-27 15:20:30.694,-5.53611,1.74003,-2.83874,0.080919,-0.377823,0.24612,27.576000000000008
1772223630696103383,2026-02-27 15:20:30.696,-5.51829,1.77682,-2.26671,0.081985,-0.378004,0.24284,27.578000000000003
1772223630697275076,2026-02-27 15:20:30.697,-5.57104,1.82219,-1.58044,0.0811,-0.379157,0.237291,27.579000000000008
1772223630698449247,2026-02-27 15:20:30.698,-5.65679,1.8194,-1.35877,0.079737,-0.37815,0.234213,27.580000000000013
1772223630699594648,2026-02-27 15:20:30.699,-5.63757,1.86059,-1.18149,0.081028,-0.38001,0.235232,27.581000000000003
1772223630700766137,2026-02-27 15:20:30.700,-5.69873,1.86455,-1.08185,0.080323,-0.381088,0.235325,27.582000000000008
1772223630701964171,2026-02-27 15:20:30.701,-5.74542,1.89024,-1.0175,0.081426,-0.380173,0.23477,27.583000000000013
1772223630703165683,2026-02-27 15:20:30.703,-5.81504,1.87408,0.105222,0.079906,-0.380005,0.224706,27.585000000000008
1772223630704339801,2026-02-27 15:20:30.704,-5.8907,1.93491,0.008765,0.081143,-0.379185,0.226879,27.586000000000013
1772223630705484041,2026-02-27 15:20:30.705,-5.84998,1.93332,-0.432071,0.083313,-0.380823,0.232235,27.587000000000003
1772223630706613310,2026-02-27 15:20:30.706,-5.86063,1.95609,-0.647557,0.083399,-0.379913,0.234045,27.588000000000008
1772223630707785963,2026-02-27 15:20:30.707,-5.87052,1.94474,-0.561565,0.081059,-0.379997,0.23319,27.589
1772223630708982862,2026-02-27 15:20:30.708,-5.96167,1.99706,-0.502584,0.081942,-0.379284,0.233311,27.590000000000003
1772223630710177870,2026-02-27 15:20:30.710,-5.89478,2.02413,-0.415365,0.084199,-0.379419,0.232744,27.592
1772223630711350254,2026-02-27 15:20:30.711,-5.97284,2.04097,-1.18419,0.083636,-0.378887,0.241111,27.593000000000004
1772223630712530986,2026-02-27 15:20:30.712,-5.95014,1.99413,-0.923385,0.084392,-0.379763,0.238682,27.59400000000001
1772223630713658835,2026-02-27 15:20:30.713,-6.00003,2.05106,-0.425531,0.085186,-0.37806,0.234095,27.595
1772223630714835773,2026-02-27 15:20:30.714,-5.97716,2.05389,-0.0839,0.085322,-0.379042,0.231726,27.596000000000004
1772223630716033528,2026-02-27 15:20:30.716,-5.99664,2.08101,0.126927,0.085853,-0.379094,0.230599,27.598
1772223630717224657,2026-02-27 15:20:30.717,-6.08734,2.099,0.130956,0.087481,-0.377878,0.229824,27.599000000000004
1772223630718398123,2026-02-27 15:20:30.718,-6.09827,2.13711,0.49947,0.089779,-0.378241,0.226477,27.60000000000001
1772223630719528984,2026-02-27 15:20:30.719,-6.1418,2.09183,1.42104,0.089644,-0.378895,0.219303,27.601
1772223630720657217,2026-02-27 15:20:30.720,-6.21241,2.11871,1.09419,0.089952,-0.378875,0.222387,27.602000000000004
1772223630721834976,2026-02-27 15:20:30.721,-6.14552,2.14662,1.05147,0.092826,-0.379008,0.223044,27.60300000000001
1772223630723029689,2026-02-27 15:20:30.723,-6.27493,2.10842,0.553269,0.088339,-0.378697,0.226995,27.605000000000004
1772223630724229742,2026-02-27 15:20:30.724,-6.20988,2.15544,0.547985,0.091012,-0.379744,0.228121,27.60600000000001
1772223630725404118,2026-02-27 15:20:30.725,-6.29117,2.13806,0.696417,0.0921,-0.381153,0.227002,27.607
1772223630726535727,2026-02-27 15:20:30.726,-6.34667,2.1202,0.742371,0.090616,-0.381128,0.22595,27.608000000000004
1772223630727664775,2026-02-27 15:20:30.727,-6.35712,2.18278,-0.1737,0.093026,-0.381461,0.235365,27.60900000000001
1772223630728840503,2026-02-27 15:20:30.728,-6.44035,2.11427,0.21628,0.088321,-0.382618,0.231237,27.61
1772223630730010993,2026-02-27 15:20:30.730,-6.32303,2.16324,0.200947,0.09435,-0.383369,0.231113,27.61200000000001
1772223630731208149,2026-02-27 15:20:30.731,-6.36997,2.15233,0.685354,0.094043,-0.382149,0.225395,27.613
1772223630732379937,2026-02-27 15:20:30.732,-6.47854,2.21669,0.90187,0.088869,-0.383637,0.222749,27.614000000000004
1772223630733527478,2026-02-27 15:20:30.733,-6.48852,2.2101,0.940568,0.090744,-0.386321,0.223065,27.61500000000001
1772223630734653864,2026-02-27 15:20:30.734,-6.50961,2.20773,1.02394,0.086166,-0.387972,0.22241,27.616
1772223630735800193,2026-02-27 15:20:30.735,-6.60822,2.19835,1.8079,0.08488,-0.390805,0.214152,27.617000000000004
1772223630736999171,2026-02-27 15:20:30.736,-6.6813,2.19254,1.87618,0.08378,-0.39199,0.212727,27.61800000000001
1772223630738195113,2026-02-27 15:20:30.738,-6.67319,2.2065,1.76964,0.086453,-0.392855,0.213595,27.620000000000005
1772223630739364482,2026-02-27 15:20:30.739,-6.70307,2.14982,0.919926,0.084173,-0.395807,0.218662,27.62100000000001
1772223630740548113,2026-02-27 15:20:30.740,-6.76034,2.11888,0.943759,0.082583,-0.397319,0.217826,27.622
1772223630741857663,2026-02-27 15:20:30.741,-6.80817,2.14995,0.913888,0.08371,-0.399447,0.215987,27.623000000000005
1772223630743050012,2026-02-27 15:20:30.743,-6.898,2.13787,0.944135,0.077999,-0.401153,0.213818,27.625
1772223630744245911,2026-02-27 15:20:30.744,-6.90335,2.11361,0.640359,0.079995,-0.403661,0.21671,27.626000000000005
1772223630745416502,2026-02-27 15:20:30.745,-6.96815,2.09123,0.288177,0.077393,-0.406751,0.217173,27.62700000000001
1772223630746534150,2026-02-27 15:20:30.746,-7.03032,2.11069,0.539923,0.077531,-0.407847,0.212678,27.628
1772223630747661476,2026-02-27 15:20:30.747,-7.0433,2.05205,0.918092,0.074308,-0.409923,0.207486,27.629000000000005
1772223630748835583,2026-02-27 15:20:30.748,-7.08869,2.01179,1.09856,0.073703,-0.410629,0.204597,27.63000000000001
1772223630750028604,2026-02-27 15:20:30.750,-7.10806,1.95954,1.0441,0.069418,-0.412748,0.20321,27.632000000000005
1772223630751224381,2026-02-27 15:20:30.751,-7.12489,2.00421,0.959889,0.071344,-0.413944,0.200479,27.63300000000001
1772223630752393632,2026-02-27 15:20:30.752,-7.30699,1.97563,2.15411,0.065698,-0.417481,0.188131,27.634
1772223630753526717,2026-02-27 15:20:30.753,-7.33176,1.92731,1.63377,0.066841,-0.418299,0.18979,27.635000000000005
1772223630754651985,2026-02-27 15:20:30.754,-7.36982,1.95151,1.57922,0.064681,-0.419643,0.188489,27.63600000000001
1772223630755783701,2026-02-27 15:20:30.755,-7.38309,1.93141,0.995448,0.061475,-0.421518,0.19026,27.637
1772223630756980805,2026-02-27 15:20:30.756,-7.39872,1.89307,0.867702,0.061799,-0.422609,0.191055,27.638000000000005
1772223630758175354,2026-02-27 15:20:30.758,-7.45569,1.92835,0.91703,0.060357,-0.424217,0.189419,27.64
1772223630759346535,2026-02-27 15:20:30.759,-7.47615,1.84304,0.904753,0.056177,-0.426198,0.187824,27.641000000000005
1772223630760529901,2026-02-27 15:20:30.760,-7.56018,1.83162,-0.006727,0.053806,-0.426945,0.192878,27.64200000000001
1772223630761658814,2026-02-27 15:20:30.761,-7.54283,1.83816,-0.036139,0.053571,-0.427244,0.191147,27.643
1772223630762833423,2026-02-27 15:20:30.762,-7.59638,1.80285,-0.028089,0.051645,-0.427436,0.18963,27.644000000000005
1772223630764027430,2026-02-27 15:20:30.764,-7.60171,1.78606,0.600141,0.050402,-0.427864,0.183756,27.646
1772223630765221478,2026-02-27 15:20:30.765,-7.66429,1.85637,0.908168,0.049914,-0.42944,0.179955,27.647000000000006
1772223630766394507,2026-02-27 15:20:30.766,-7.63115,1.80637,1.01754,0.046721,-0.431798,0.178656,27.64800000000001
1772223630767527396,2026-02-27 15:20:30.767,-7.74603,1.80704,1.03109,0.045939,-0.432096,0.176154,27.649
1772223630768654701,2026-02-27 15:20:30.768,-7.76229,1.81507,1.43543,0.044815,-0.433146,0.170189,27.650000000000006
1772223630769851558,2026-02-27 15:20:30.769,-7.83992,1.85758,1.9319,0.038321,-0.433361,0.165271,27.65100000000001
1772223630771048400,2026-02-27 15:20:30.771,-7.83915,1.79615,1.63343,0.038135,-0.435913,0.167243,27.653000000000006
1772223630772229798,2026-02-27 15:20:30.772,-7.85019,1.78474,1.24165,0.040572,-0.433947,0.168117,27.65400000000001
1772223630773398546,2026-02-27 15:20:30.773,-7.8997,1.7676,0.744289,0.033426,-0.434683,0.171994,27.655
1772223630774536616,2026-02-27 15:20:30.774,-7.93426,1.7616,0.736622,0.032647,-0.439024,0.17291,27.656000000000006
1772223630775664305,2026-02-27 15:20:30.775,-7.96637,1.76753,0.718962,0.032633,-0.441466,0.172317,27.65700000000001
1772223630776837641,2026-02-27 15:20:30.776,-7.95096,1.75848,0.668139,0.033256,-0.441606,0.170795,27.658
1772223630778032502,2026-02-27 15:20:30.778,-7.86792,1.7154,-0.322451,0.034755,-0.441409,0.179391,27.66000000000001
1772223630779225663,2026-02-27 15:20:30.779,-7.98733,1.71659,0.129516,0.032765,-0.441701,0.175186,27.661
1772223630780393292,2026-02-27 15:20:30.780,-7.95853,1.73649,0.02936,0.032923,-0.443789,0.174946,27.662000000000006
1772223630781530975,2026-02-27 15:20:30.781,-8.00982,1.7467,0.74578,0.031826,-0.444625,0.16789,27.66300000000001
1772223630782657048,2026-02-27 15:20:30.782,-8.07292,1.72333,0.780898,0.030574,-0.448588,0.168393,27.664
1772223630783852811,2026-02-27 15:20:30.783,-8.10672,1.7586,0.807781,0.032735,-0.447968,0.167414,27.665000000000006
1772223630785046329,2026-02-27 15:20:30.785,-8.11922,1.75,0.751872,0.032334,-0.448449,0.16653,27.667
1772223630786242059,2026-02-27 15:20:30.786,-8.14256,1.67807,1.80275,0.028504,-0.450933,0.15807,27.668000000000006
1772223630787409230,2026-02-27 15:20:30.787,-8.15199,1.73403,1.5031,0.034316,-0.449937,0.16061,27.66900000000001
1772223630788530118,2026-02-27 15:20:30.788,-8.1811,1.75825,0.909845,0.035541,-0.451937,0.167204,27.67
1772223630789659944,2026-02-27 15:20:30.789,-8.18718,1.73341,0.505146,0.039143,-0.453513,0.17006,27.671000000000006
1772223630790831488,2026-02-27 15:20:30.790,-8.23199,1.71262,0.564232,0.037633,-0.455489,0.170104,27.67200000000001
1772223630792028663,2026-02-27 15:20:30.792,-8.25412,1.7111,0.500331,0.040163,-0.456546,0.170577,27.674000000000007
1772223630793222934,2026-02-27 15:20:30.793,-8.25007,1.72753,0.49937,0.043518,-0.457796,0.170886,27.67500000000001
1772223630794414137,2026-02-27 15:20:30.794,-8.22881,1.68866,-0.109144,0.048283,-0.459595,0.177051,27.676000000000002
1772223630795541412,2026-02-27 15:20:30.795,-8.31682,1.64762,-0.51966,0.053905,-0.462386,0.180643,27.677000000000007
1772223630796672093,2026-02-27 15:20:30.796,-8.39534,1.67781,-0.234898,0.059269,-0.463882,0.177579,27.67800000000001
1772223630797846095,2026-02-27 15:20:30.797,-8.40428,1.60269,-0.03203,0.065936,-0.466462,0.174843,27.679000000000002
1772223630799042406,2026-02-27 15:20:30.799,-8.46072,1.62277,-0.095396,0.06986,-0.468426,0.175176,27.68100000000001
1772223630800240944,2026-02-27 15:20:30.800,-8.46256,1.62621,-0.121697,0.075372,-0.469519,0.176364,27.682000000000002
1772223630801436801,2026-02-27 15:20:30.801,-8.55878,1.68817,-0.291037,0.077876,-0.472415,0.177096,27.683000000000007
1772223630802580133,2026-02-27 15:20:30.802,-8.68456,1.68401,0.514397,0.089507,-0.478097,0.172385,27.68400000000001
1772223630803708683,2026-02-27 15:20:30.803,-8.66464,1.71244,-0.125185,0.095724,-0.480009,0.177108,27.685000000000002
1772223630804884766,2026-02-27 15:20:30.804,-8.69505,1.75045,-0.19865,0.100761,-0.481585,0.179157,27.686000000000007
1772223630806080676,2026-02-27 15:20:30.806,-8.74056,1.73573,-0.834212,0.102328,-0.484301,0.185946,27.688000000000002
1772223630807276264,2026-02-27 15:20:30.807,-8.79437,1.72407,-1.09576,0.10532,-0.487431,0.188499,27.689000000000007
1772223630808468984,2026-02-27 15:20:30.808,-8.84893,1.76137,-1.21122,0.108031,-0.490105,0.190506,27.690000000000012
1772223630809600403,2026-02-27 15:20:30.809,-8.93663,1.77167,-1.47385,0.117604,-0.494292,0.193457,27.691000000000003
1772223630810765982,2026-02-27 15:20:30.810,-8.92865,1.793,-2.57814,0.119061,-0.495924,0.203589,27.692000000000007
1772223630811966819,2026-02-27 15:20:30.811,-8.9792,1.74274,-2.40515,0.124515,-0.498506,0.20213,27.693000000000012
1772223630813163659,2026-02-27 15:20:30.813,-8.98546,1.73426,-2.45599,0.125379,-0.500985,0.203652,27.695000000000007
1772223630814359350,2026-02-27 15:20:30.814,-9.06217,1.81378,-2.11092,0.12947,-0.502962,0.200627,27.696000000000012
1772223630815538352,2026-02-27 15:20:30.815,-9.09123,1.79915,-1.91611,0.132942,-0.504629,0.198918,27.697000000000003
1772223630816680995,2026-02-27 15:20:30.816,-9.11167,1.81629,-2.07295,0.13426,-0.507154,0.201054,27.698000000000008
1772223630817899673,2026-02-27 15:20:30.817,-9.10213,1.78747,-2.27219,0.139498,-0.512572,0.203677,27.699000000000012
1772223630819094740,2026-02-27 15:20:30.819,-9.24982,1.85538,-1.79527,0.137982,-0.513723,0.195503,27.701000000000008
1772223630820289135,2026-02-27 15:20:30.820,-9.25588,1.82978,-1.55293,0.142032,-0.516748,0.19597,27.702000000000012
1772223630821495954,2026-02-27 15:20:30.821,-9.25047,1.81666,-1.95486,0.146382,-0.519562,0.198434,27.703000000000003
1772223630822634677,2026-02-27 15:20:30.822,-9.25343,1.79608,-2.9372,0.150141,-0.522416,0.208684,27.704000000000008
1772223630823845543,2026-02-27 15:20:30.823,-9.29108,1.82075,-3.04621,0.153137,-0.523516,0.209806,27.705000000000013
1772223630825043146,2026-02-27 15:20:30.825,-9.32442,1.82582,-3.09184,0.154074,-0.524629,0.21048,27.707000000000008
1772223630826237748,2026-02-27 15:20:30.826,-9.3436,1.92146,-3.39351,0.153044,-0.524841,0.209717,27.708000000000013
1772223630827436681,2026-02-27 15:20:30.827,-9.36605,1.87356,-3.56107,0.160049,-0.52704,0.213849,27.709000000000003
1772223630828588805,2026-02-27 15:20:30.828,-9.37824,1.9338,-4.2205,0.163204,-0.526658,0.218285,27.710000000000008
1772223630829740921,2026-02-27 15:20:30.829,-9.33514,1.92822,-4.25664,0.168739,-0.528477,0.217954,27.711000000000013
1772223630830940025,2026-02-27 15:20:30.830,-9.43265,1.96625,-3.9144,0.170571,-0.528001,0.21526,27.712000000000003
1772223630832143328,2026-02-27 15:20:30.832,-9.38754,2.0069,-3.8434,0.169974,-0.528833,0.2138,27.714
1772223630833340774,2026-02-27 15:20:30.833,-9.3986,1.9971,-3.99263,0.169529,-0.528542,0.214773,27.715000000000003
1772223630834525325,2026-02-27 15:20:30.834,-9.47003,2.0052,-4.03767,0.174657,-0.527766,0.21553,27.716000000000008
1772223630835666901,2026-02-27 15:20:30.835,-9.44062,2.00513,-4.20323,0.175966,-0.52761,0.216088,27.717
1772223630836879396,2026-02-27 15:20:30.836,-9.4644,2.06741,-3.68531,0.176501,-0.528579,0.211534,27.718000000000004
1772223630838077327,2026-02-27 15:20:30.838,-9.48063,2.07888,-3.72388,0.176874,-0.529792,0.211127,27.72
1772223630839270718,2026-02-27 15:20:30.839,-9.45543,2.06723,-4.37221,0.176325,-0.529308,0.216924,27.721000000000004
1772223630840481967,2026-02-27 15:20:30.840,-9.43669,2.04038,-4.81389,0.178019,-0.528322,0.219239,27.72200000000001
1772223630841610712,2026-02-27 15:20:30.841,-9.46815,2.06019,-4.83787,0.178419,-0.529029,0.219701,27.723
1772223630842757188,2026-02-27 15:20:30.842,-9.46625,2.10872,-5.02035,0.179706,-0.528401,0.219643,27.724000000000004
1772223630843951341,2026-02-27 15:20:30.843,-9.50612,2.15314,-5.96189,0.183603,-0.527631,0.226717,27.72500000000001
1772223630845148917,2026-02-27 15:20:30.845,-9.51126,2.19102,-6.15664,0.180881,-0.528003,0.228291,27.727000000000004
1772223630846345122,2026-02-27 15:20:30.846,-9.50043,2.16839,-6.10733,0.182062,-0.528544,0.227051,27.72800000000001
1772223630847548861,2026-02-27 15:20:30.847,-9.49228,2.21206,-5.82118,0.183439,-0.528806,0.223843,27.729
1772223630848679621,2026-02-27 15:20:30.848,-9.55645,2.26705,-5.68056,0.184754,-0.530038,0.220829,27.730000000000004
1772223630849855347,2026-02-27 15:20:30.849,-9.57377,2.29347,-5.72534,0.186195,-0.52952,0.221492,27.73100000000001
1772223630851051772,2026-02-27 15:20:30.851,-9.5209,2.32977,-5.91163,0.190056,-0.529354,0.222312,27.733000000000004
1772223630852246849,2026-02-27 15:20:30.852,-9.57705,2.37813,-5.66565,0.188121,-0.52981,0.218628,27.73400000000001
1772223630853558386,2026-02-27 15:20:30.853,-9.60292,2.42234,-5.16844,0.190479,-0.528923,0.214278,27.735
1772223630854691424,2026-02-27 15:20:30.854,-9.58203,2.4491,-5.97657,0.192436,-0.529739,0.219655,27.736000000000004
1772223630855821801,2026-02-27 15:20:30.855,-9.55284,2.48516,-6.63741,0.190939,-0.529564,0.224173,27.73700000000001
1772223630857023147,2026-02-27 15:20:30.857,-9.53403,2.52759,-6.91407,0.19605,-0.530698,0.226292,27.739000000000004
1772223630858218136,2026-02-27 15:20:30.858,-9.57589,2.5514,-7.04074,0.196452,-0.529773,0.226895,27.74000000000001
1772223630859414167,2026-02-27 15:20:30.859,-9.56842,2.53494,-7.26649,0.194029,-0.532249,0.226957,27.741
1772223630860557356,2026-02-27 15:20:30.860,-9.55039,2.5587,-7.43837,0.199363,-0.532085,0.228683,27.742000000000004
1772223630861687195,2026-02-27 15:20:30.861,-9.5024,2.60662,-8.32257,0.201128,-0.534773,0.236388,27.74300000000001
1772223630862852976,2026-02-27 15:20:30.862,-9.57028,2.61497,-8.5129,0.199741,-0.535352,0.23716,27.744
1772223630864047269,2026-02-27 15:20:30.864,-9.53598,2.62705,-8.22445,0.20224,-0.535888,0.233736,27.74600000000001
1772223630865241319,2026-02-27 15:20:30.865,-9.58322,2.62317,-8.21201,0.20314,-0.537308,0.231672,27.747
1772223630866432085,2026-02-27 15:20:30.866,-9.54205,2.68386,-8.3264,0.204545,-0.537723,0.23379,27.748000000000005
1772223630867563639,2026-02-27 15:20:30.867,-9.57137,2.7516,-8.49225,0.205911,-0.537609,0.234206,27.74900000000001
1772223630868692626,2026-02-27 15:20:30.868,-9.59038,2.79527,-7.87463,0.204103,-0.539936,0.226676,27.75
1772223630869858943,2026-02-27 15:20:30.869,-9.57626,2.85619,-8.00627,0.204498,-0.541084,0.228149,27.751000000000005
1772223630871054447,2026-02-27 15:20:30.871,-9.54789,2.88834,-8.2538,0.207642,-0.539566,0.228911,27.753
1772223630872181563,2026-02-27 15:20:30.872,-9.5746,2.92281,-8.98077,0.205711,-0.538389,0.23404,27.754000000000005
1772223630873375263,2026-02-27 15:20:30.873,-9.55875,2.90102,-9.41526,0.20675,-0.539273,0.2383,27.75500000000001
1772223630874561563,2026-02-27 15:20:30.874,-9.59144,2.99227,-9.54453,0.207282,-0.54234,0.239208,27.756
1772223630875688916,2026-02-27 15:20:30.875,-9.47107,3.00253,-9.78299,0.209785,-0.540358,0.238823,27.757000000000005
1772223630876878507,2026-02-27 15:20:30.876,-9.49258,3.11725,-10.5824,0.21195,-0.538618,0.245952,27.75800000000001
1772223630878075204,2026-02-27 15:20:30.878,-9.48646,3.11968,-11.3747,0.213385,-0.539545,0.251965,27.760000000000005
1772223630879273543,2026-02-27 15:20:30.879,-9.5577,3.17733,-11.2239,0.211773,-0.539679,0.25038,27.76100000000001
1772223630880480583,2026-02-27 15:20:30.880,-9.43872,3.18972,-11.1683,0.21759,-0.539355,0.248758,27.762
1772223630881614382,2026-02-27 15:20:30.881,-9.48312,3.21387,-10.9702,0.217108,-0.539009,0.246327,27.763000000000005
1772223630882779707,2026-02-27 15:20:30.882,-9.39512,3.27711,-11.4243,0.222141,-0.536556,0.247839,27.76400000000001
1772223630883975985,2026-02-27 15:20:30.883,-9.32355,3.32036,-11.6205,0.223781,-0.537023,0.250104,27.765
1772223630885177091,2026-02-27 15:20:30.885,-9.31844,3.31708,-11.8274,0.22373,-0.536268,0.250614,27.76700000000001
1772223630886376465,2026-02-27 15:20:30.886,-9.33432,3.34032,-11.1068,0.226027,-0.537438,0.243196,27.768
1772223630887564259,2026-02-27 15:20:30.887,-9.31367,3.34566,-11.7083,0.227886,-0.535626,0.248207,27.769000000000005
1772223630888712363,2026-02-27 15:20:30.888,-9.24009,3.42366,-12.6971,0.233782,-0.534716,0.256743,27.77000000000001
1772223630889907805,2026-02-27 15:20:30.889,-9.17056,3.45125,-13.1212,0.23819,-0.534281,0.259775,27.771
1772223630891106390,2026-02-27 15:20:30.891,-9.10136,3.49344,-13.2679,0.241474,-0.533445,0.260802,27.77300000000001
1772223630892307702,2026-02-27 15:20:30.892,-9.07213,3.46113,-13.5094,0.242516,-0.533319,0.263644,27.774
1772223630893519990,2026-02-27 15:20:30.893,-9.05949,3.48784,-13.7158,0.244951,-0.533217,0.264228,27.775000000000006
1772223630894654358,2026-02-27 15:20:30.894,-9.03863,3.49913,-14.9473,0.248932,-0.532709,0.275367,27.77600000000001
1772223630895807975,2026-02-27 15:20:30.895,-9.03633,3.54883,-15.0128,0.248283,-0.533193,0.275991,27.777
1772223630897004290,2026-02-27 15:20:30.897,-9.05478,3.57822,-14.5609,0.251488,-0.536047,0.272318,27.77900000000001
1772223630898203838,2026-02-27 15:20:30.898,-9.15521,3.6599,-13.8215,0.247465,-0.542083,0.270698,27.78
1772223630899400208,2026-02-27 15:20:30.899,-9.47659,3.70608,-12.3481,0.229902,-0.572774,0.266897,27.781000000000006
1772223630900575925,2026-02-27 15:20:30.900,-9.66857,3.62142,-11.9267,0.221418,-0.5771,0.257255,27.78200000000001
1772223630901722333,2026-02-27 15:20:30.901,-9.72857,3.54692,-11.808,0.209304,-0.573011,0.247601,27.783
1772223630902939387,2026-02-27 15:20:30.902,-9.553,3.52888,-11.7143,0.201304,-0.55569,0.233659,27.784000000000006
1772223630904135925,2026-02-27 15:20:30.904,-9.36112,3.58764,-13.0504,0.205707,-0.533125,0.240076,27.786
1772223630905326653,2026-02-27 15:20:30.905,-9.3068,3.83553,-13.6307,0.206253,-0.53861,0.251061,27.787000000000006
1772223630906656124,2026-02-27 15:20:30.906,-9.22586,4.03545,-14.3219,0.21467,-0.533636,0.261097,27.78800000000001
1772223630907850308,2026-02-27 15:20:30.907,-9.33493,4.00652,-14.4345,0.225189,-0.547374,0.265779,27.789
1772223630909045474,2026-02-27 15:20:30.909,-9.23876,3.9554,-14.9967,0.237274,-0.538443,0.26572,27.79100000000001
1772223630910242043,2026-02-27 15:20:30.910,-9.22354,3.93626,-15.2318,0.247793,-0.541346,0.267971,27.792
1772223630911439923,2026-02-27 15:20:30.911,-9.26283,4.03026,-15.7679,0.246806,-0.551929,0.277925,27.793000000000006
1772223630912574039,2026-02-27 15:20:30.912,-9.30846,4.1336,-15.4134,0.253422,-0.548985,0.273812,27.79400000000001
1772223630913708933,2026-02-27 15:20:30.913,-9.15755,4.09132,-16.6433,0.277681,-0.52208,0.271209,27.795
1772223630914863394,2026-02-27 15:20:30.914,-9.03419,4.25983,-16.5361,0.283203,-0.526903,0.27404,27.796000000000006
1772223630916061064,2026-02-27 15:20:30.916,-9.02021,4.31381,-16.7162,0.290966,-0.522309,0.280464,27.798000000000002
1772223630917256451,2026-02-27 15:20:30.917,-8.98545,4.43365,-16.7215,0.302798,-0.52577,0.285079,27.799000000000007
1772223630918468911,2026-02-27 15:20:30.918,-8.95858,4.46873,-16.7481,0.309224,-0.525895,0.286486,27.80000000000001
1772223630919560267,2026-02-27 15:20:30.919,-9.01859,4.46226,-15.8461,0.317129,-0.523522,0.279668,27.801000000000002
1772223630920691890,2026-02-27 15:20:30.920,-8.99586,4.44789,-16.1906,0.322492,-0.521318,0.282954,27.802000000000007
1772223630921827302,2026-02-27 15:20:30.921,-9.01145,4.53185,-16.9813,0.3309,-0.522919,0.292171,27.80300000000001
1772223630923034375,2026-02-27 15:20:30.923,-8.97494,4.5765,-17.3676,0.337006,-0.520927,0.295691,27.805000000000007
1772223630924232228,2026-02-27 15:20:30.924,-8.98936,4.56502,-17.5846,0.339452,-0.517808,0.297927,27.80600000000001
1772223630925428503,2026-02-27 15:20:30.925,-8.99659,4.62107,-17.6376,0.341735,-0.518488,0.299913,27.807000000000002
1772223630926566164,2026-02-27 15:20:30.926,-8.92104,4.65857,-17.9276,0.349843,-0.51648,0.301366,27.808000000000007
1772223630927699522,2026-02-27 15:20:30.927,-8.94674,4.65535,-18.7698,0.349242,-0.512128,0.30874,27.80900000000001
1772223630928847312,2026-02-27 15:20:30.928,-9.02239,4.81478,-18.7441,0.349143,-0.521105,0.313715,27.810000000000002
1772223630930049700,2026-02-27 15:20:30.930,-8.96368,4.88363,-18.1887,0.349828,-0.525358,0.309832,27.812000000000012
1772223630931246593,2026-02-27 15:20:30.931,-9.03357,4.83748,-18.0728,0.349832,-0.523987,0.304336,27.813000000000002
1772223630932442930,2026-02-27 15:20:30.932,-9.00747,4.8001,-18.1767,0.349002,-0.520748,0.301615,27.814000000000007
1772223630933567352,2026-02-27 15:20:30.933,-9.0197,4.842,-18.2762,0.343096,-0.521754,0.300841,27.815000000000012
1772223630934700533,2026-02-27 15:20:30.934,-9.00718,4.99925,-18.1681,0.343543,-0.520464,0.303105,27.816000000000003
1772223630935873475,2026-02-27 15:20:30.935,-8.91377,5.02881,-17.7832,0.341231,-0.513609,0.291168,27.817000000000007
1772223630937067832,2026-02-27 15:20:30.937,-8.69714,5.11553,-19.0317,0.34943,-0.49725,0.296739,27.819000000000003
1772223630938270168,2026-02-27 15:20:30.938,-8.64789,5.22866,-19.4713,0.353419,-0.49018,0.302275,27.820000000000007
1772223630939483675,2026-02-27 15:20:30.939,-8.51791,5.38972,-20.2457,0.358361,-0.489353,0.312419,27.821000000000012
1772223630940619448,2026-02-27 15:20:30.940,-8.4668,5.44223,-20.459,0.3626,-0.487422,0.317487,27.822000000000003
1772223630941753736,2026-02-27 15:20:30.941,-8.43858,5.47673,-20.5465,0.369014,-0.487549,0.318859,27.823000000000008
1772223630942902735,2026-02-27 15:20:30.942,-8.5197,5.49498,-20.5787,0.370278,-0.489648,0.320451,27.824000000000012
1772223630944094458,2026-02-27 15:20:30.944,-8.49805,5.62403,-21.3534,0.375476,-0.491548,0.330258,27.826000000000008
1772223630945292426,2026-02-27 15:20:30.945,-8.54274,5.62822,-20.9165,0.374607,-0.489913,0.325572,27.827000000000012
1772223630946506762,2026-02-27 15:20:30.946,-8.54053,5.65972,-20.8532,0.373545,-0.489857,0.325172,27.828000000000003
1772223630947639347,2026-02-27 15:20:30.947,-8.59379,5.63223,-20.2416,0.370234,-0.486823,0.318575,27.829000000000008
1772223630948798390,2026-02-27 15:20:30.948,-8.70516,5.72052,-19.4054,0.358824,-0.493918,0.314102,27.830000000000013
1772223630949979272,2026-02-27 15:20:30.949,-8.72851,5.76217,-19.1894,0.353121,-0.481848,0.305841,27.831000000000003
1772223630951177041,2026-02-27 15:20:30.951,-8.89466,5.8899,-18.654,0.339859,-0.492608,0.303407,27.833000000000013
1772223630952374331,2026-02-27 15:20:30.952,-8.9616,5.84341,-17.4433,0.323873,-0.496333,0.29142,27.834000000000003
1772223630953567965,2026-02-27 15:20:30.953,-9.02193,5.80099,-17.5446,0.313864,-0.490297,0.284454,27.835000000000008
1772223630954698163,2026-02-27 15:20:30.954,-8.75352,5.71539,-18.3315,0.324357,-0.47012,0.285234,27.836000000000013
1772223630955851860,2026-02-27 15:20:30.955,-8.50591,5.87259,-20.0055,0.330158,-0.464478,0.305865,27.837000000000003
1772223630957042004,2026-02-27 15:20:30.957,-8.36673,5.87344,-20.8912,0.346448,-0.449703,0.312253,27.839
1772223630958238619,2026-02-27 15:20:30.958,-8.3113,6.01896,-21.1692,0.356797,-0.455304,0.318002,27.840000000000003
1772223630959415056,2026-02-27 15:20:30.959,-8.29094,5.99197,-21.5454,0.367548,-0.45421,0.323317,27.841000000000008
1772223630960558472,2026-02-27 15:20:30.960,-8.24225,5.97534,-21.9981,0.380934,-0.459125,0.331074,27.842
1772223630961688934,2026-02-27 15:20:30.961,-8.26631,5.92022,-22.8946,0.390925,-0.463991,0.340884,27.843000000000004
1772223630962838813,2026-02-27 15:20:30.962,-8.32015,5.85896,-22.4605,0.393722,-0.469596,0.339768,27.84400000000001
1772223630964012770,2026-02-27 15:20:30.964,-8.39669,5.72902,-21.7576,0.407734,-0.476273,0.338599,27.846000000000004
1772223630965310138,2026-02-27 15:20:30.965,-8.51576,5.71893,-21.5329,0.410434,-0.478795,0.338238,27.84700000000001
1772223630966530977,2026-02-27 15:20:30.966,-8.53228,5.7154,-21.5423,0.41522,-0.480542,0.339862,27.848
1772223630967664621,2026-02-27 15:20:30.967,-8.58035,5.71266,-21.5708,0.415751,-0.481743,0.340969,27.849000000000004
1772223630968834249,2026-02-27 15:20:30.968,-8.53124,5.66999,-21.5978,0.418422,-0.483199,0.342262,27.85000000000001
1772223630970008729,2026-02-27 15:20:30.970,-8.53391,5.70327,-21.1664,0.422658,-0.483693,0.338772,27.852000000000004
1772223630971205076,2026-02-27 15:20:30.971,-8.54782,5.71423,-21.1772,0.421059,-0.485253,0.340264,27.85300000000001
1772223630972351145,2026-02-27 15:20:30.972,-8.51582,5.666,-21.849,0.417661,-0.485177,0.346398,27.854
1772223630973561985,2026-02-27 15:20:30.973,-8.5898,5.6148,-22.311,0.413844,-0.487236,0.348031,27.855000000000004
1772223630974699611,2026-02-27 15:20:30.974,-8.54247,5.65806,-22.3157,0.416783,-0.489895,0.348981,27.85600000000001
1772223630975869511,2026-02-27 15:20:30.975,-8.56769,5.67542,-22.4619,0.415532,-0.491163,0.349344,27.857
1772223630977043036,2026-02-27 15:20:30.977,-8.49143,5.70983,-23.5095,0.418185,-0.495425,0.357191,27.85900000000001
1772223630978240593,2026-02-27 15:20:30.978,-8.541,5.6965,-23.5553,0.412142,-0.500282,0.357347,27.86
1772223630979443300,2026-02-27 15:20:30.979,-8.60042,5.70014,-23.5328,0.411433,-0.501748,0.356761,27.861000000000004
1772223630980607599,2026-02-27 15:20:30.980,-8.60605,5.70608,-23.1211,0.415461,-0.504943,0.353069,27.86200000000001
1772223630981744164,2026-02-27 15:20:30.981,-8.59484,5.6877,-22.8664,0.413124,-0.509055,0.351283,27.863
1772223630982917693,2026-02-27 15:20:30.982,-8.59682,5.70908,-22.8701,0.412601,-0.511293,0.351743,27.864000000000004
1772223630984053192,2026-02-27 15:20:30.984,-8.61833,5.74345,-23.0012,0.414376,-0.513992,0.353061,27.866
1772223630985252908,2026-02-27 15:20:30.985,-8.57454,5.73522,-22.5992,0.416741,-0.515791,0.35098,27.867000000000004
1772223630986474069,2026-02-27 15:20:30.986,-8.57126,5.70064,-22.1293,0.417267,-0.517872,0.34763,27.86800000000001
1772223630987574444,2026-02-27 15:20:30.987,-8.558,5.79327,-22.4849,0.420082,-0.516502,0.352428,27.869
1772223630988708460,2026-02-27 15:20:30.988,-8.6509,5.75253,-22.881,0.422452,-0.51763,0.356792,27.870000000000005
1772223630989883487,2026-02-27 15:20:30.989,-8.58526,5.75299,-23.4423,0.427578,-0.518938,0.362126,27.87100000000001
1772223630991057544,2026-02-27 15:20:30.991,-8.57112,5.81249,-23.6683,0.434414,-0.518337,0.366004,27.873000000000005
1772223630992253192,2026-02-27 15:20:30.992,-8.59895,5.81231,-23.7059,0.433357,-0.517905,0.368534,27.87400000000001
1772223630993473178,2026-02-27 15:20:30.993,-8.56497,5.84161,-23.7689,0.43814,-0.51708,0.369224,27.875
1772223630994612360,2026-02-27 15:20:30.994,-8.52103,5.80652,-24.8616,0.442818,-0.517044,0.381064,27.876000000000005
1772223630995743090,2026-02-27 15:20:30.995,-8.50698,5.81301,-24.519,0.446866,-0.516916,0.378768,27.87700000000001
1772223630996908074,2026-02-27 15:20:30.996,-8.47151,5.84194,-24.6756,0.451284,-0.515886,0.381317,27.878
1772223630998088607,2026-02-27 15:20:30.998,-8.44986,5.86974,-24.1196,0.459132,-0.511503,0.377881,27.88000000000001
1772223630999283033,2026-02-27 15:20:30.999,-8.52297,5.86009,-24.1923,0.459904,-0.50927,0.379569,27.881
1772223631000500758,2026-02-27 15:20:31.000,-8.4284,5.93461,-24.1741,0.469972,-0.506862,0.380808,27.882000000000005
1772223631001641620,2026-02-27 15:20:31.001,-8.4047,5.93745,-24.2664,0.472586,-0.506322,0.382714,27.88300000000001
1772223631002848981,2026-02-27 15:20:31.002,-8.39835,5.92619,-23.2989,0.477002,-0.504925,0.375193,27.884
1772223631004030093,2026-02-27 15:20:31.004,-8.41776,5.93537,-23.4943,0.480883,-0.502548,0.377283,27.88600000000001
1772223631005171798,2026-02-27 15:20:31.005,-8.38771,5.93776,-24.1164,0.488846,-0.501552,0.385834,27.887
1772223631006387795,2026-02-27 15:20:31.006,-8.41102,5.98351,-24.4959,0.494846,-0.498735,0.3913,27.888000000000005
1772223631007554502,2026-02-27 15:20:31.007,-8.37295,5.97812,-24.5377,0.497451,-0.498705,0.391733,27.88900000000001
1772223631008686707,2026-02-27 15:20:31.008,-8.42656,5.99092,-24.5067,0.501019,-0.497055,0.393333,27.89
1772223631009856194,2026-02-27 15:20:31.009,-8.39569,5.97469,-24.5904,0.506121,-0.497823,0.39402,27.891000000000005
1772223631011034847,2026-02-27 15:20:31.011,-8.27767,6.00722,-25.0371,0.513827,-0.496668,0.400916,27.893
1772223631012179195,2026-02-27 15:20:31.012,-8.29569,6.03649,-25.3719,0.521997,-0.496096,0.405833,27.894000000000005
1772223631013377910,2026-02-27 15:20:31.013,-8.34351,6.02984,-25.156,0.522266,-0.495991,0.403844,27.89500000000001
1772223631014567281,2026-02-27 15:20:31.014,-8.28591,6.01145,-24.8166,0.526198,-0.496215,0.402152,27.896
1772223631015701610,2026-02-27 15:20:31.015,-8.34469,5.99594,-24.6734,0.524729,-0.496559,0.401803,27.897000000000006
1772223631016887920,2026-02-27 15:20:31.016,-8.33075,6.00564,-24.741,0.530628,-0.496802,0.403172,27.89800000000001
1772223631018064050,2026-02-27 15:20:31.018,-8.37234,5.99747,-24.8302,0.529831,-0.496861,0.404194,27.900000000000006
1772223631019203236,2026-02-27 15:20:31.019,-8.40695,5.9973,-23.8379,0.531671,-0.498151,0.395634,27.90100000000001
1772223631020400917,2026-02-27 15:20:31.020,-8.3249,6.00294,-24.3391,0.53622,-0.498409,0.40118,27.902
1772223631021571487,2026-02-27 15:20:31.021,-8.31123,6.01239,-24.385,0.53661,-0.498689,0.402019,27.903000000000006
1772223631022704020,2026-02-27 15:20:31.022,-8.23563,5.98959,-25.0088,0.53866,-0.499435,0.40744,27.90400000000001
1772223631023896177,2026-02-27 15:20:31.023,-8.25168,5.98322,-25.2471,0.540473,-0.498961,0.409695,27.905
1772223631025075415,2026-02-27 15:20:31.025,-8.26147,5.99171,-25.2337,0.537252,-0.500705,0.410526,27.90700000000001
1772223631026214405,2026-02-27 15:20:31.026,-8.17863,5.92605,-25.4131,0.535606,-0.50019,0.410088,27.908
1772223631027413202,2026-02-27 15:20:31.027,-8.18398,5.93577,-26.5345,0.53211,-0.500257,0.419445,27.909000000000006
1772223631028570133,2026-02-27 15:20:31.028,-8.14129,5.89284,-26.4004,0.532249,-0.500085,0.417762,27.91000000000001
1772223631029702103,2026-02-27 15:20:31.029,-8.14195,5.875,-26.4201,0.527587,-0.499206,0.417418,27.911
1772223631030882219,2026-02-27 15:20:31.030,-8.11704,5.9052,-26.0706,0.528919,-0.497316,0.413981,27.912000000000006
1772223631032066297,2026-02-27 15:20:31.032,-8.03359,5.97049,-25.791,0.529895,-0.496925,0.412002,27.914
1772223631033208813,2026-02-27 15:20:31.033,-7.98587,5.88801,-25.9694,0.526149,-0.493819,0.411279,27.915000000000006
1772223631034407243,2026-02-27 15:20:31.034,-7.96734,5.89157,-26.1119,0.526836,-0.492029,0.411393,27.91600000000001
1772223631035561447,2026-02-27 15:20:31.035,-7.96811,5.90094,-25.4843,0.525468,-0.489565,0.405699,27.917
1772223631036692905,2026-02-27 15:20:31.036,-7.9223,5.86978,-25.3119,0.525053,-0.487466,0.404429,27.918000000000006
1772223631037871529,2026-02-27 15:20:31.037,-7.86759,5.90346,-25.6018,0.524019,-0.486204,0.405284,27.91900000000001
1772223631039047773,2026-02-27 15:20:31.039,-7.78959,5.87221,-26.5697,0.518811,-0.481349,0.413264,27.921000000000006
1772223631040193087,2026-02-27 15:20:31.040,-7.6994,5.86708,-26.6886,0.520201,-0.479733,0.41315,27.92200000000001
1772223631041388960,2026-02-27 15:20:31.041,-7.63744,5.87712,-26.7744,0.520999,-0.477106,0.414118,27.923000000000002
1772223631042561027,2026-02-27 15:20:31.042,-7.57144,5.83595,-26.8403,0.519502,-0.475296,0.415031,27.924000000000007
1772223631043691205,2026-02-27 15:20:31.043,-7.5759,5.83415,-27.0076,0.51849,-0.471951,0.415723,27.92500000000001
1772223631044868494,2026-02-27 15:20:31.044,-7.5025,5.82786,-27.9971,0.51894,-0.470444,0.42409,27.926000000000002
1772223631046044899,2026-02-27 15:20:31.046,-7.49544,5.79829,-27.6032,0.516615,-0.466504,0.419908,27.92800000000001
1772223631047211861,2026-02-27 15:20:31.047,-7.46058,5.80047,-27.2744,0.51616,-0.461031,0.416562,27.929000000000002
1772223631048405515,2026-02-27 15:20:31.048,-7.40979,5.74938,-27.2007,0.51496,-0.458581,0.414775,27.930000000000007
1772223631049566771,2026-02-27 15:20:31.049,-7.40796,5.76246,-27.3028,0.510503,-0.456897,0.414606,27.93100000000001
1772223631050698121,2026-02-27 15:20:31.050,-7.29484,5.77691,-27.3708,0.513671,-0.454895,0.416257,27.932000000000002
1772223631051872652,2026-02-27 15:20:31.051,-7.35406,5.74049,-27.449,0.510422,-0.451927,0.415475,27.933000000000007
1772223631053058232,2026-02-27 15:20:31.053,-7.26553,5.79512,-26.4515,0.512851,-0.449433,0.406619,27.935000000000002
1772223631054229493,2026-02-27 15:20:31.054,-7.18897,5.76185,-26.9214,0.511338,-0.444557,0.410252,27.936000000000007
1772223631055409471,2026-02-27 15:20:31.055,-7.15698,5.77484,-27.5663,0.510017,-0.441183,0.415574,27.937000000000012
1772223631056561002,2026-02-27 15:20:31.056,-7.12931,5.75702,-27.8892,0.50791,-0.439002,0.418284,27.938000000000002
1772223631057690168,2026-02-27 15:20:31.057,-7.10822,5.77507,-27.9088,0.506776,-0.437172,0.41822,27.939000000000007
1772223631058865967,2026-02-27 15:20:31.058,-7.04081,5.79868,-27.9587,0.510589,-0.43446,0.420129,27.940000000000012
1772223631060071595,2026-02-27 15:20:31.060,-7.0055,5.77544,-28.0603,0.51015,-0.432617,0.420217,27.942000000000007
1772223631061241803,2026-02-27 15:20:31.061,-6.90128,5.74804,-29.1063,0.511808,-0.429092,0.428091,27.943000000000012
1772223631062433044,2026-02-27 15:20:31.062,-6.93702,5.71505,-29.0013,0.508966,-0.4269,0.427419,27.944000000000003
1772223631063560918,2026-02-27 15:20:31.063,-6.87017,5.73724,-28.6331,0.510953,-0.424964,0.424404,27.945000000000007
1772223631064692008,2026-02-27 15:20:31.064,-6.90689,5.73967,-28.3773,0.512606,-0.424202,0.422669,27.946000000000012
1772223631065867501,2026-02-27 15:20:31.065,-6.86763,5.7634,-28.2901,0.515132,-0.422422,0.422093,27.947000000000003
1772223631067076294,2026-02-27 15:20:31.067,-6.86265,5.74273,-28.3117,0.513697,-0.42168,0.422239,27.949000000000012
1772223631068256320,2026-02-27 15:20:31.068,-6.82397,5.72902,-28.1366,0.517301,-0.417312,0.420821,27.950000000000003
1772223631069449309,2026-02-27 15:20:31.069,-6.83934,5.72989,-27.4039,0.520742,-0.414717,0.41486,27.951000000000008
1772223631070568413,2026-02-27 15:20:31.070,-6.8126,5.71459,-27.8746,0.525101,-0.413072,0.418702,27.952000000000012
1772223631071699907,2026-02-27 15:20:31.071,-6.85868,5.65975,-28.2428,0.528487,-0.412873,0.41899,27.953000000000003
1772223631072901558,2026-02-27 15:20:31.072,-6.98631,5.52757,-29.4444,0.550867,-0.41513,0.419685,27.954000000000008
1772223631074105936,2026-02-27 15:20:31.074,-6.80611,5.62841,-29.6307,0.547846,-0.407327,0.427044,27.956000000000003
1772223631075276135,2026-02-27 15:20:31.075,-6.7273,5.61023,-29.6402,0.55302,-0.403466,0.42917,27.957000000000008
1772223631076502303,2026-02-27 15:20:31.076,-6.73319,5.57991,-29.7233,0.556033,-0.402779,0.429591,27.958000000000013
1772223631077651537,2026-02-27 15:20:31.077,-6.66895,5.5504,-30.7404,0.558222,-0.403975,0.43908,27.959000000000003
1772223631078826586,2026-02-27 15:20:31.078,-6.67394,5.51901,-30.3897,0.558104,-0.404806,0.435211,27.960000000000008
1772223631080036957,2026-02-27 15:20:31.080,-6.65695,5.46097,-30.5181,0.557367,-0.405559,0.436163,27.962000000000003
1772223631081213897,2026-02-27 15:20:31.081,-6.60321,5.46003,-30.0456,0.556918,-0.405622,0.432539,27.963000000000008
1772223631082354614,2026-02-27 15:20:31.082,-6.58549,5.46463,-29.9222,0.560893,-0.404722,0.432669,27.964
1772223631083528630,2026-02-27 15:20:31.083,-6.65631,5.47234,-29.9483,0.554341,-0.404388,0.432984,27.965000000000003
1772223631084661157,2026-02-27 15:20:31.084,-6.51885,5.44292,-29.9797,0.557552,-0.404751,0.435295,27.966000000000008
1772223631085837690,2026-02-27 15:20:31.085,-6.66943,5.47571,-29.1762,0.555199,-0.404423,0.42703,27.967
1772223631087049371,2026-02-27 15:20:31.087,-6.57349,5.46869,-29.2205,0.558523,-0.403683,0.428074,27.96900000000001
1772223631088228812,2026-02-27 15:20:31.088,-6.55785,5.49465,-29.298,0.557701,-0.404294,0.430591,27.97
1772223631089376735,2026-02-27 15:20:31.089,-6.56395,5.40557,-30.1923,0.551938,-0.405442,0.439347,27.971000000000004
1772223631090561219,2026-02-27 15:20:31.090,-6.44914,5.45665,-30.3198,0.553721,-0.406225,0.44057,27.97200000000001
1772223631091768139,2026-02-27 15:20:31.091,-6.46632,5.41711,-30.2766,0.554082,-0.406565,0.440168,27.973
1772223631092967525,2026-02-27 15:20:31.092,-6.51715,5.44763,-30.3248,0.55095,-0.406817,0.440979,27.974000000000004
1772223631094138822,2026-02-27 15:20:31.094,-6.46551,5.45488,-30.7606,0.549643,-0.407847,0.445401,27.976
1772223631095329599,2026-02-27 15:20:31.095,-6.40753,5.37636,-31.102,0.544871,-0.410321,0.447636,27.977000000000004
1772223631096517115,2026-02-27 15:20:31.096,-6.46051,5.37528,-31.031,0.541894,-0.411592,0.44574,27.97800000000001
1772223631097645343,2026-02-27 15:20:31.097,-6.48249,5.40367,-30.5485,0.541187,-0.412394,0.443468,27.979
1772223631098798053,2026-02-27 15:20:31.098,-6.46404,5.36074,-30.4768,0.539,-0.413698,0.441738,27.980000000000004
1772223631099974120,2026-02-27 15:20:31.099,-6.46746,5.38175,-30.434,0.533629,-0.415604,0.44105,27.98100000000001
1772223631101144485,2026-02-27 15:20:31.101,-6.38237,5.36743,-30.4985,0.534605,-0.416839,0.441852,27.983000000000004
1772223631102311935,2026-02-27 15:20:31.102,-6.50118,5.38301,-29.6515,0.530565,-0.417688,0.433139,27.98400000000001
1772223631103496227,2026-02-27 15:20:31.103,-6.4283,5.34473,-30.0399,0.526401,-0.419255,0.436429,27.985
1772223631104625699,2026-02-27 15:20:31.104,-6.40925,5.33458,-29.9375,0.523452,-0.4203,0.43621,27.986000000000004
1772223631105753059,2026-02-27 15:20:31.105,-6.38247,5.37286,-30.5661,0.521952,-0.42049,0.442034,27.98700000000001
1772223631106928410,2026-02-27 15:20:31.106,-6.34395,5.35212,-30.8029,0.519528,-0.420891,0.443962,27.988
1772223631108103796,2026-02-27 15:20:31.108,-6.31325,5.38283,-30.8398,0.520115,-0.420117,0.443514,27.99000000000001
1772223631109298811,2026-02-27 15:20:31.109,-6.28519,5.36438,-30.8006,0.509657,-0.41929,0.443278,27.991
1772223631110480813,2026-02-27 15:20:31.110,-6.27346,5.39391,-31.6914,0.510273,-0.417679,0.45197,27.992000000000004
1772223631111610573,2026-02-27 15:20:31.111,-6.19473,5.4289,-31.7206,0.510007,-0.416649,0.450412,27.99300000000001
1772223631112767898,2026-02-27 15:20:31.112,-6.17501,5.43098,-31.6185,0.502613,-0.415248,0.450069,27.994
1772223631113945144,2026-02-27 15:20:31.113,-6.10498,5.40207,-31.1653,0.502323,-0.414134,0.446395,27.995000000000005
1772223631115120597,2026-02-27 15:20:31.115,-6.13869,5.44743,-30.9597,0.500091,-0.410329,0.442818,27.997
1772223631116313554,2026-02-27 15:20:31.116,-6.03975,5.46854,-30.7359,0.49556,-0.408419,0.442987,27.998000000000005
1772223631117496997,2026-02-27 15:20:31.117,-6.00841,5.52883,-30.7777,0.497,-0.405321,0.44339,27.99900000000001
1772223631118624190,2026-02-27 15:20:31.118,-6.00219,5.50257,-30.1535,0.49214,-0.404017,0.438041,28.0
1772223631119778210,2026-02-27 15:20:31.119,-5.97002,5.5115,-29.8747,0.491037,-0.401558,0.435986,28.001000000000005
1772223631120953654,2026-02-27 15:20:31.120,-5.94255,5.52493,-30.0283,0.48854,-0.39857,0.437718,28.00200000000001
1772223631122126332,2026-02-27 15:20:31.122,-5.90257,5.55007,-30.224,0.486452,-0.397004,0.43967,28.004000000000005
1772223631123319860,2026-02-27 15:20:31.123,-5.79552,5.56637,-30.7668,0.484639,-0.39225,0.44519,28.00500000000001
1772223631124499484,2026-02-27 15:20:31.124,-5.77312,5.58227,-30.77,0.483165,-0.389464,0.445752,28.006
1772223631125628547,2026-02-27 15:20:31.125,-5.73704,5.59183,-30.7677,0.481674,-0.387941,0.445471,28.007000000000005
1772223631126779728,2026-02-27 15:20:31.126,-5.73307,5.61927,-30.8457,0.481509,-0.385029,0.44817,28.00800000000001
1772223631127979829,2026-02-27 15:20:31.127,-5.58636,5.58504,-31.683,0.481596,-0.383151,0.455269,28.009
1772223631129173958,2026-02-27 15:20:31.129,-5.58616,5.57946,-31.3085,0.481038,-0.381282,0.450947,28.01100000000001
1772223631130345776,2026-02-27 15:20:31.130,-5.51923,5.61589,-30.8412,0.482815,-0.377987,0.448398,28.012
1772223631131523714,2026-02-27 15:20:31.131,-5.58607,5.63518,-30.6494,0.485501,-0.376423,0.44709,28.013000000000005
1772223631132652267,2026-02-27 15:20:31.132,-5.44772,5.58745,-30.6116,0.482778,-0.376664,0.447807,28.01400000000001
1772223631133804568,2026-02-27 15:20:31.133,-5.55952,5.60153,-30.6332,0.481088,-0.375586,0.447601,28.015
1772223631134978935,2026-02-27 15:20:31.134,-5.50026,5.5987,-30.6048,0.486328,-0.374253,0.450021,28.016000000000005
1772223631136154514,2026-02-27 15:20:31.136,-5.54069,5.61538,-29.7382,0.486963,-0.373117,0.441984,28.018
1772223631137323708,2026-02-27 15:20:31.137,-5.49979,5.624,-29.8558,0.488981,-0.371903,0.444701,28.019000000000005
1772223631138507582,2026-02-27 15:20:31.138,-5.36874,5.59859,-30.299,0.491774,-0.370797,0.450818,28.02000000000001
1772223631139634374,2026-02-27 15:20:31.139,-5.35612,5.60652,-30.7251,0.496292,-0.368257,0.454054,28.021
1772223631140787332,2026-02-27 15:20:31.140,-5.33225,5.57487,-30.6495,0.497732,-0.367572,0.455152,28.022000000000006
1772223631141964271,2026-02-27 15:20:31.141,-5.2912,5.5638,-30.731,0.500959,-0.364897,0.455533,28.02300000000001
1772223631143140230,2026-02-27 15:20:31.143,-5.30623,5.57235,-30.6194,0.499693,-0.364752,0.457074,28.025000000000006
1772223631144308985,2026-02-27 15:20:31.144,-5.20627,5.51424,-31.2666,0.499592,-0.362595,0.463002,28.02600000000001
1772223631145488401,2026-02-27 15:20:31.145,-5.13657,5.5349,-31.2771,0.508263,-0.358705,0.465441,28.027
1772223631146625554,2026-02-27 15:20:31.146,-5.08405,5.53467,-31.0396,0.510031,-0.357827,0.463643,28.028000000000006
1772223631147840873,2026-02-27 15:20:31.147,-5.02416,5.46211,-30.7154,0.514257,-0.356244,0.46125,28.02900000000001
1772223631149045804,2026-02-27 15:20:31.149,-4.99861,5.4615,-30.5275,0.514983,-0.355325,0.460699,28.031000000000006
1772223631150242340,2026-02-27 15:20:31.150,-4.92473,5.41598,-30.5913,0.516066,-0.353653,0.461449,28.03200000000001
1772223631151413253,2026-02-27 15:20:31.151,-4.90787,5.3885,-30.5921,0.521092,-0.352812,0.461944,28.033
1772223631152576384,2026-02-27 15:20:31.152,-4.86881,5.35682,-29.6049,0.524448,-0.350697,0.454584,28.034000000000006
1772223631153767519,2026-02-27 15:20:31.153,-4.8105,5.30768,-30.0536,0.527325,-0.350066,0.458172,28.03500000000001
1772223631154940125,2026-02-27 15:20:31.154,-4.83061,5.33266,-30.0472,0.525222,-0.348094,0.457059,28.036
1772223631156144102,2026-02-27 15:20:31.156,-4.75185,5.24008,-30.6048,0.53067,-0.347543,0.465092,28.03800000000001
1772223631157329118,2026-02-27 15:20:31.157,-4.67875,5.21286,-30.7324,0.532184,-0.346415,0.466262,28.039
1772223631158510227,2026-02-27 15:20:31.158,-4.66524,5.18441,-30.8159,0.534598,-0.343545,0.466841,28.040000000000006
1772223631159647580,2026-02-27 15:20:31.159,-4.65064,5.17236,-30.8279,0.53067,-0.341639,0.465427,28.04100000000001
1772223631160861764,2026-02-27 15:20:31.160,-4.57397,5.182,-31.7858,0.534461,-0.340612,0.47539,28.042
1772223631162058536,2026-02-27 15:20:31.162,-4.56467,5.12202,-31.5269,0.536088,-0.338556,0.473362,28.04400000000001
1772223631163253975,2026-02-27 15:20:31.163,-4.47928,5.15263,-31.6497,0.533818,-0.336742,0.473615,28.045
1772223631164426530,2026-02-27 15:20:31.164,-4.54183,5.06804,-31.0682,0.532333,-0.335891,0.468542,28.046000000000006
1772223631165577348,2026-02-27 15:20:31.165,-4.45834,5.094,-30.7855,0.535332,-0.331591,0.466313,28.04700000000001
1772223631166709121,2026-02-27 15:20:31.166,-4.42289,5.10391,-30.8075,0.534156,-0.329876,0.466663,28.048000000000002
1772223631167906027,2026-02-27 15:20:31.167,-4.41111,5.11099,-30.9236,0.531955,-0.328146,0.46567,28.049000000000007
1772223631169102656,2026-02-27 15:20:31.169,-4.31419,5.11466,-30.1074,0.536239,-0.327164,0.459734,28.051000000000002
1772223631170299045,2026-02-27 15:20:31.170,-4.371,5.09262,-30.0829,0.53149,-0.323968,0.458766,28.052000000000007
1772223631171482097,2026-02-27 15:20:31.171,-4.25648,5.08925,-30.1928,0.53453,-0.321612,0.460589,28.05300000000001
1772223631172611104,2026-02-27 15:20:31.172,-4.14871,5.14157,-30.9123,0.532579,-0.318118,0.468183,28.054000000000002
1772223631173747635,2026-02-27 15:20:31.173,-4.09264,5.08895,-30.969,0.529713,-0.316218,0.467575,28.055000000000007
1772223631174926116,2026-02-27 15:20:31.174,-4.05642,5.07818,-30.9063,0.528749,-0.312449,0.467507,28.05600000000001
1772223631176123840,2026-02-27 15:20:31.176,-3.95616,5.03255,-30.939,0.526008,-0.310482,0.466465,28.058000000000007
1772223631177322461,2026-02-27 15:20:31.177,-3.95245,5.07795,-31.3159,0.527838,-0.307168,0.471395,28.05900000000001
1772223631178529848,2026-02-27 15:20:31.178,-3.91808,5.08548,-31.6558,0.524959,-0.302477,0.473625,28.060000000000002
1772223631179675035,2026-02-27 15:20:31.179,-3.80656,5.10185,-31.7807,0.529108,-0.301057,0.474635,28.061000000000007
1772223631180870022,2026-02-27 15:20:31.180,-3.83576,5.06506,-31.2967,0.526331,-0.300126,0.47205,28.062000000000012
1772223631182066482,2026-02-27 15:20:31.182,-3.79125,5.11698,-31.0769,0.526835,-0.297725,0.469799,28.064000000000007
1772223631183263549,2026-02-27 15:20:31.183,-3.72349,5.12669,-31.1653,0.529895,-0.296932,0.471264,28.065000000000012
1772223631184435602,2026-02-27 15:20:31.184,-3.75921,5.09451,-31.1281,0.521518,-0.295146,0.471299,28.066000000000003
1772223631185594987,2026-02-27 15:20:31.185,-3.66002,5.13313,-31.1317,0.524202,-0.293,0.472354,28.067000000000007
1772223631186793934,2026-02-27 15:20:31.186,-3.56765,5.07045,-30.5032,0.52118,-0.290131,0.46674,28.068000000000012
1772223631188097146,2026-02-27 15:20:31.188,-3.4616,5.11875,-30.4522,0.522364,-0.286642,0.465639,28.070000000000007
1772223631189295551,2026-02-27 15:20:31.189,-3.46851,5.07293,-31.1055,0.517962,-0.284141,0.471963,28.071000000000012
1772223631190478728,2026-02-27 15:20:31.190,-3.39832,5.04593,-31.3852,0.516517,-0.281542,0.474461,28.072000000000003
1772223631191625290,2026-02-27 15:20:31.191,-3.36042,5.0694,-31.3611,0.514812,-0.279047,0.473966,28.073000000000008
1772223631192820354,2026-02-27 15:20:31.192,-3.18807,5.07997,-31.4865,0.51383,-0.275629,0.475014,28.074000000000012
1772223631194020683,2026-02-27 15:20:31.194,-3.19211,5.0835,-32.3107,0.509404,-0.273236,0.482552,28.076000000000008
1772223631195216850,2026-02-27 15:20:31.195,-3.08936,5.0557,-32.3622,0.515499,-0.27208,0.484909,28.077000000000012
1772223631196412260,2026-02-27 15:20:31.196,-3.04719,5.06031,-32.2275,0.516947,-0.270137,0.483255,28.078000000000003
1772223631197537682,2026-02-27 15:20:31.197,-2.99322,5.05308,-31.9976,0.509629,-0.265953,0.479073,28.079000000000008
1772223631198670041,2026-02-27 15:20:31.198,-2.8778,5.02735,-31.5035,0.509769,-0.262685,0.475588,28.080000000000013
1772223631199870415,2026-02-27 15:20:31.199,-2.8479,5.03936,-31.5032,0.505366,-0.260454,0.475452,28.081000000000003
1772223631201068673,2026-02-27 15:20:31.201,-2.75082,5.04577,-31.5496,0.509112,-0.257985,0.476911,28.083000000000013
1772223631202264402,2026-02-27 15:20:31.202,-2.64863,5.02811,-31.1018,0.509636,-0.255191,0.471079,28.084000000000003
1772223631203442279,2026-02-27 15:20:31.203,-2.65868,5.10848,-30.6128,0.507396,-0.251347,0.467876,28.085000000000008
1772223631204559129,2026-02-27 15:20:31.204,-2.57641,5.07321,-31.0226,0.502635,-0.247583,0.471487,28.086000000000013
1772223631205689241,2026-02-27 15:20:31.205,-2.46614,5.07541,-31.5815,0.503967,-0.24565,0.476455,28.087000000000003
1772223631206891680,2026-02-27 15:20:31.206,-2.35104,5.02128,-31.6653,0.50116,-0.24341,0.477076,28.088000000000008
1772223631208093668,2026-02-27 15:20:31.208,-2.33525,5.07381,-31.7583,0.503835,-0.240242,0.475985,28.090000000000003
1772223631209290755,2026-02-27 15:20:31.209,-2.25491,5.07238,-31.6358,0.501703,-0.237904,0.47614,28.091000000000008
1772223631210476499,2026-02-27 15:20:31.210,-2.25433,5.06889,-31.5811,0.496169,-0.236035,0.476879,28.092
1772223631211605123,2026-02-27 15:20:31.211,-2.23566,5.12555,-32.4692,0.495048,-0.233231,0.485101,28.093000000000004
1772223631212800175,2026-02-27 15:20:31.212,-2.14943,5.16683,-32.0583,0.490402,-0.229878,0.481523,28.09400000000001
1772223631213999603,2026-02-27 15:20:31.214,-2.16165,5.30931,-30.9848,0.480559,-0.235189,0.475451,28.096000000000004
1772223631215196050,2026-02-27 15:20:31.215,-2.1894,5.47476,-30.0595,0.467583,-0.23832,0.470076,28.09700000000001
1772223631216398280,2026-02-27 15:20:31.216,-2.44418,5.61363,-28.3405,0.434629,-0.258574,0.465731,28.098
1772223631217620674,2026-02-27 15:20:31.217,-2.02021,5.23562,-29.7905,0.44548,-0.205382,0.45708,28.099000000000004
1772223631218836309,2026-02-27 15:20:31.218,-1.78897,5.48704,-29.6186,0.43535,-0.1991,0.452816,28.10000000000001
1772223631220034407,2026-02-27 15:20:31.220,-1.71982,5.62996,-29.785,0.43247,-0.198495,0.456538,28.102000000000004
1772223631221232537,2026-02-27 15:20:31.221,-1.73869,5.68432,-29.7825,0.430847,-0.205135,0.455791,28.10300000000001
1772223631222431839,2026-02-27 15:20:31.222,-1.73635,5.65558,-29.9179,0.434156,-0.208151,0.45795,28.104
1772223631223555227,2026-02-27 15:20:31.223,-1.46447,5.30668,-31.954,0.463437,-0.176505,0.461107,28.105000000000004
1772223631224687215,2026-02-27 15:20:31.224,-1.58252,5.48368,-31.7707,0.456802,-0.202251,0.469094,28.10600000000001
1772223631225859738,2026-02-27 15:20:31.225,-1.6982,5.59435,-31.9904,0.464722,-0.206605,0.47467,28.107
1772223631227057257,2026-02-27 15:20:31.227,-1.82718,5.58829,-32.735,0.47298,-0.214825,0.482529,28.10900000000001
1772223631228254444,2026-02-27 15:20:31.228,-2.02015,5.41253,-33.2428,0.477785,-0.219144,0.488195,28.11
1772223631229472017,2026-02-27 15:20:31.229,-2.071,5.38352,-32.8783,0.490836,-0.224425,0.488975,28.111000000000004
1772223631230604919,2026-02-27 15:20:31.230,-2.07137,5.27325,-32.7052,0.498537,-0.228684,0.48774,28.11200000000001
1772223631231757983,2026-02-27 15:20:31.231,-2.08849,5.13215,-32.0046,0.511694,-0.230225,0.480882,28.113
1772223631232960340,2026-02-27 15:20:31.232,-2.14443,5.08094,-32.1407,0.517742,-0.229289,0.480069,28.114000000000004
1772223631234162813,2026-02-27 15:20:31.234,-2.12022,5.04698,-32.0845,0.520837,-0.227699,0.477973,28.116
1772223631235335192,2026-02-27 15:20:31.235,-2.0577,5.02426,-31.919,0.525393,-0.22681,0.474894,28.117000000000004
1772223631236519137,2026-02-27 15:20:31.236,-2.04521,5.02602,-31.1636,0.524388,-0.225447,0.465224,28.11800000000001
1772223631237651965,2026-02-27 15:20:31.237,-2.01125,4.96953,-31.4497,0.526285,-0.222537,0.465653,28.119
1772223631238807231,2026-02-27 15:20:31.238,-1.98242,4.93615,-32.1149,0.525605,-0.220189,0.470969,28.120000000000005
1772223631240006852,2026-02-27 15:20:31.240,-1.87482,4.98887,-32.3857,0.526726,-0.21896,0.472288,28.122
1772223631241207024,2026-02-27 15:20:31.241,-1.88097,4.9873,-32.2933,0.524811,-0.216191,0.470551,28.123000000000005
1772223631242406816,2026-02-27 15:20:31.242,-1.84653,4.98061,-32.4053,0.525479,-0.214154,0.469168,28.12400000000001
1772223631243561619,2026-02-27 15:20:31.243,-1.88612,4.96751,-32.4989,0.531507,-0.211937,0.468157,28.125
1772223631244693753,2026-02-27 15:20:31.244,-2.00804,5.00724,-34.1361,0.545858,-0.207136,0.476118,28.126000000000005
1772223631245841242,2026-02-27 15:20:31.245,-1.97923,5.08315,-34.1193,0.547695,-0.201898,0.480171,28.12700000000001
1772223631247009714,2026-02-27 15:20:31.247,-1.91599,5.12456,-33.5983,0.544337,-0.201119,0.475236,28.129000000000005
1772223631248177731,2026-02-27 15:20:31.248,-1.91053,5.18125,-33.2001,0.547108,-0.197939,0.473786,28.13000000000001
1772223631249345353,2026-02-27 15:20:31.249,-1.89263,5.21661,-33.1005,0.546427,-0.19551,0.474226,28.131
1772223631250533498,2026-02-27 15:20:31.250,-1.84657,5.25267,-32.9519,0.545123,-0.193271,0.47659,28.132000000000005
1772223631251660395,2026-02-27 15:20:31.251,-1.89685,5.3251,-32.173,0.543789,-0.191326,0.472546,28.13300000000001
1772223631252819737,2026-02-27 15:20:31.252,-1.88514,5.39832,-31.7831,0.542761,-0.190357,0.472117,28.134
1772223631253987161,2026-02-27 15:20:31.253,-1.86184,5.43146,-31.9799,0.542004,-0.187543,0.474305,28.135000000000005
1772223631255173851,2026-02-27 15:20:31.255,-1.7986,5.49293,-32.083,0.541167,-0.185941,0.477835,28.137
1772223631256365230,2026-02-27 15:20:31.256,-1.77394,5.49504,-32.5267,0.540105,-0.183909,0.483506,28.138000000000005
1772223631257536058,2026-02-27 15:20:31.257,-1.73126,5.51591,-32.4923,0.541613,-0.18116,0.484784,28.13900000000001
1772223631258664617,2026-02-27 15:20:31.258,-1.80698,5.60331,-32.2953,0.537274,-0.177108,0.485473,28.14
1772223631259808681,2026-02-27 15:20:31.259,-1.77824,5.60366,-32.3517,0.537277,-0.176922,0.487986,28.141000000000005
1772223631260979052,2026-02-27 15:20:31.260,-1.75161,5.60651,-33.0918,0.537124,-0.175079,0.495436,28.14200000000001
1772223631262146752,2026-02-27 15:20:31.262,-1.74595,5.61852,-32.6461,0.537645,-0.175754,0.492716,28.144000000000005
1772223631263314921,2026-02-27 15:20:31.263,-1.82779,5.63306,-32.6191,0.534358,-0.175428,0.494421,28.14500000000001
1772223631264517265,2026-02-27 15:20:31.264,-1.8149,5.60793,-32.0157,0.536632,-0.177058,0.489464,28.146
1772223631265648416,2026-02-27 15:20:31.265,-1.86756,5.53964,-31.6678,0.536136,-0.178355,0.489017,28.147000000000006
1772223631266802305,2026-02-27 15:20:31.266,-1.89119,5.55509,-31.5033,0.537528,-0.179756,0.488753,28.14800000000001
1772223631268000800,2026-02-27 15:20:31.268,-1.92335,5.54137,-31.4243,0.53739,-0.180319,0.489026,28.150000000000006
1772223631269197896,2026-02-27 15:20:31.269,-2.0066,5.53881,-30.355,0.539137,-0.183186,0.480984,28.15100000000001
1772223631270393620,2026-02-27 15:20:31.270,-2.00892,5.54353,-30.4532,0.539107,-0.18468,0.483518,28.152
1772223631271566235,2026-02-27 15:20:31.271,-2.10019,5.48094,-30.4076,0.53953,-0.185097,0.482509,28.153000000000006
1772223631272710068,2026-02-27 15:20:31.272,-2.10361,5.46071,-31.0251,0.540787,-0.189463,0.489726,28.15400000000001
1772223631273901525,2026-02-27 15:20:31.273,-2.10949,5.46734,-30.9607,0.54148,-0.191742,0.489177,28.155
1772223631275096212,2026-02-27 15:20:31.275,-2.22197,5.41971,-30.7795,0.541973,-0.19392,0.489144,28.15700000000001
1772223631276291505,2026-02-27 15:20:31.276,-2.28801,5.42867,-30.7165,0.542914,-0.196341,0.488636,28.158
1772223631277497013,2026-02-27 15:20:31.277,-2.32373,5.37322,-31.3061,0.540993,-0.198333,0.494485,28.159000000000006
1772223631278626495,2026-02-27 15:20:31.278,-2.37571,5.37464,-31.4158,0.543153,-0.200494,0.4956,28.16000000000001
1772223631279792572,2026-02-27 15:20:31.279,-2.55331,5.34739,-30.7717,0.54351,-0.203959,0.489907,28.161
1772223631280990978,2026-02-27 15:20:31.280,-2.60751,5.31469,-30.3158,0.543324,-0.207135,0.485302,28.162000000000006
1772223631282186153,2026-02-27 15:20:31.282,-2.67629,5.32388,-30.0779,0.544641,-0.20938,0.482976,28.164
1772223631283381985,2026-02-27 15:20:31.283,-2.72215,5.28894,-29.9962,0.542708,-0.212706,0.48261,28.165000000000006
1772223631284562710,2026-02-27 15:20:31.284,-2.82125,5.33201,-30.0626,0.541904,-0.214,0.479879,28.16600000000001
1772223631285676684,2026-02-27 15:20:31.285,-2.87665,5.26791,-29.5138,0.546032,-0.217735,0.476903,28.167
1772223631286876143,2026-02-27 15:20:31.286,-3.05864,5.24924,-29.183,0.548633,-0.224053,0.472416,28.168000000000006
1772223631288072673,2026-02-27 15:20:31.288,-3.18295,5.20919,-29.032,0.548528,-0.226882,0.470666,28.17
1772223631289245100,2026-02-27 15:20:31.289,-3.21173,5.16749,-29.6507,0.549973,-0.229764,0.474877,28.171000000000006
1772223631290445763,2026-02-27 15:20:31.290,-3.2752,5.09423,-29.7934,0.550633,-0.23326,0.474647,28.17200000000001
1772223631291685536,2026-02-27 15:20:31.291,-3.41962,5.05018,-29.7222,0.553055,-0.236394,0.472706,28.173000000000002
1772223631292889452,2026-02-27 15:20:31.292,-3.64944,4.92826,-29.8109,0.55381,-0.242612,0.46984,28.174000000000007
1772223631294087494,2026-02-27 15:20:31.294,-3.62069,4.90599,-30.7722,0.557325,-0.246274,0.476886,28.176000000000002
1772223631295284006,2026-02-27 15:20:31.295,-3.71476,4.86315,-30.5388,0.557631,-0.248777,0.471962,28.177000000000007
1772223631296494380,2026-02-27 15:20:31.296,-3.85315,4.83149,-30.6611,0.559451,-0.250738,0.471597,28.17800000000001
1772223631297625070,2026-02-27 15:20:31.297,-3.9261,4.79338,-30.2159,0.561164,-0.254225,0.465543,28.179000000000002
1772223631298797082,2026-02-27 15:20:31.298,-4.09922,4.71677,-29.9616,0.562089,-0.258724,0.460274,28.180000000000007
1772223631300075860,2026-02-27 15:20:31.300,-4.12364,4.60103,-30.0371,0.559624,-0.260766,0.459093,28.182000000000002
1772223631301259339,2026-02-27 15:20:31.301,-4.15672,4.59211,-30.0739,0.565342,-0.26377,0.458611,28.183000000000007
1772223631302427892,2026-02-27 15:20:31.302,-4.18746,4.55623,-29.3435,0.568207,-0.264371,0.449683,28.18400000000001
1772223631303561898,2026-02-27 15:20:31.303,-4.24182,4.52508,-29.4215,0.565951,-0.26664,0.448786,28.185000000000002
1772223631304691256,2026-02-27 15:20:31.304,-4.2639,4.42374,-29.5863,0.569078,-0.267478,0.449157,28.186000000000007
1772223631305855468,2026-02-27 15:20:31.305,-4.27611,4.35671,-30.521,0.571924,-0.26994,0.455117,28.187000000000012
1772223631307051174,2026-02-27 15:20:31.307,-4.24919,4.3248,-30.7374,0.57497,-0.269862,0.454173,28.189000000000007
1772223631308246655,2026-02-27 15:20:31.308,-4.2595,4.29906,-30.6573,0.571862,-0.271095,0.454162,28.190000000000012
1772223631309416657,2026-02-27 15:20:31.309,-4.23191,4.28259,-30.771,0.574062,-0.270794,0.453048,28.191000000000003
1772223631310572292,2026-02-27 15:20:31.310,-4.18301,4.25788,-31.2211,0.574164,-0.271703,0.456619,28.192000000000007
1772223631311699145,2026-02-27 15:20:31.311,-4.13539,4.18587,-31.9254,0.570307,-0.273106,0.461444,28.193000000000012
1772223631312881462,2026-02-27 15:20:31.312,-4.22079,4.18414,-31.6636,0.567978,-0.273037,0.458383,28.194000000000003
1772223631314052840,2026-02-27 15:20:31.314,-4.19818,4.15112,-31.2329,0.563729,-0.273391,0.451457,28.196000000000012
1772223631315251285,2026-02-27 15:20:31.315,-4.14888,4.10618,-31.0891,0.565783,-0.274092,0.451537,28.197000000000003
1772223631316446141,2026-02-27 15:20:31.316,-4.10898,4.11625,-31.2539,0.563288,-0.273888,0.451801,28.198000000000008
1772223631317568480,2026-02-27 15:20:31.317,-4.13475,4.08286,-31.3347,0.562032,-0.274668,0.451524,28.199000000000012
1772223631318697011,2026-02-27 15:20:31.318,-4.14946,4.12203,-31.3842,0.558413,-0.273238,0.449507,28.200000000000003
1772223631319843313,2026-02-27 15:20:31.319,-4.09648,4.03862,-30.9611,0.553192,-0.273864,0.443798,28.201000000000008
1772223631321042124,2026-02-27 15:20:31.321,-4.04004,4.0225,-30.8718,0.553517,-0.274515,0.442755,28.203000000000003
1772223631322173394,2026-02-27 15:20:31.322,-3.98991,4.01381,-31.5073,0.553981,-0.274428,0.449855,28.204000000000008
1772223631323371221,2026-02-27 15:20:31.323,-3.86358,3.94052,-31.709,0.552336,-0.274622,0.449814,28.205000000000013
1772223631324559950,2026-02-27 15:20:31.324,-3.91569,3.99971,-31.8,0.547176,-0.271879,0.447754,28.206000000000003
1772223631325688906,2026-02-27 15:20:31.325,-3.89364,3.97223,-31.7656,0.548627,-0.273088,0.448862,28.207000000000008
1772223631326838485,2026-02-27 15:20:31.326,-3.81589,3.96287,-32.6904,0.547134,-0.271572,0.456579,28.208000000000013
1772223631328027356,2026-02-27 15:20:31.328,-3.85561,4.00071,-32.6398,0.540559,-0.270852,0.454579,28.210000000000008
1772223631329223414,2026-02-27 15:20:31.329,-3.82229,3.93122,-32.5324,0.543723,-0.27112,0.454011,28.211000000000013
1772223631330418556,2026-02-27 15:20:31.330,-3.79057,3.99082,-32.2213,0.542998,-0.26936,0.450097,28.212000000000003
1772223631331571106,2026-02-27 15:20:31.331,-3.79468,3.98841,-31.8347,0.543411,-0.267674,0.447091,28.213000000000008
1772223631332699689,2026-02-27 15:20:31.332,-3.80694,3.99654,-31.7922,0.541834,-0.268493,0.446678,28.214
1772223631333855601,2026-02-27 15:20:31.333,-3.75778,4.01426,-31.7866,0.541402,-0.266507,0.445983,28.215000000000003
1772223631335045908,2026-02-27 15:20:31.335,-3.78576,4.05668,-31.3381,0.535338,-0.264212,0.439273,28.217
1772223631336241177,2026-02-27 15:20:31.336,-3.74294,4.02882,-30.8513,0.538569,-0.263961,0.436789,28.218000000000004
1772223631337440173,2026-02-27 15:20:31.337,-3.73991,4.10895,-31.3621,0.536416,-0.261416,0.440098,28.21900000000001
1772223631338586839,2026-02-27 15:20:31.338,-3.66931,4.06815,-31.3495,0.53687,-0.261623,0.44155,28.22
1772223631339714279,2026-02-27 15:20:31.339,-3.6904,4.08171,-31.8727,0.536782,-0.260217,0.446811,28.221000000000004
1772223631340871575,2026-02-27 15:20:31.340,-3.63247,4.16102,-31.9355,0.533519,-0.258105,0.447114,28.22200000000001
1772223631342061765,2026-02-27 15:20:31.342,-3.66851,4.16393,-31.9096,0.530911,-0.257385,0.446017,28.224000000000004
1772223631343259273,2026-02-27 15:20:31.343,-3.64685,4.19897,-31.9769,0.529546,-0.255709,0.447001,28.22500000000001
1772223631344471671,2026-02-27 15:20:31.344,-3.58522,4.18466,-32.9213,0.527988,-0.255615,0.45452,28.226
1772223631345601163,2026-02-27 15:20:31.345,-3.52502,4.21205,-32.5272,0.526445,-0.25487,0.450403,28.227000000000004
1772223631346730070,2026-02-27 15:20:31.346,-3.54997,4.20681,-32.8258,0.522418,-0.251853,0.452256,28.22800000000001
1772223631347899449,2026-02-27 15:20:31.347,-3.51405,4.29614,-32.1041,0.523312,-0.250949,0.444785,28.229
1772223631349074527,2026-02-27 15:20:31.349,-3.47699,4.29156,-32.1689,0.520721,-0.251142,0.445315,28.23100000000001
1772223631350271038,2026-02-27 15:20:31.350,-3.43387,4.31424,-32.2281,0.522564,-0.249736,0.445287,28.232
1772223631351481296,2026-02-27 15:20:31.351,-3.37905,4.34802,-32.3115,0.519619,-0.249216,0.445586,28.233000000000004
1772223631352609052,2026-02-27 15:20:31.352,-3.37158,4.35482,-31.4026,0.51799,-0.249345,0.437297,28.23400000000001
1772223631353740460,2026-02-27 15:20:31.353,-3.39485,4.3855,-31.7457,0.518081,-0.248312,0.439902,28.235
1772223631354871214,2026-02-27 15:20:31.354,-3.33801,4.3848,-32.14,0.5161,-0.246308,0.444279,28.236000000000004
1772223631356054810,2026-02-27 15:20:31.356,-3.26478,4.41202,-32.6122,0.513023,-0.247024,0.447996,28.238
1772223631357255415,2026-02-27 15:20:31.357,-3.27742,4.43314,-32.6645,0.514142,-0.245197,0.446701,28.239000000000004
1772223631358470470,2026-02-27 15:20:31.358,-3.23306,4.44199,-32.6169,0.512621,-0.246041,0.448823,28.24000000000001
1772223631359578347,2026-02-27 15:20:31.359,-3.2521,4.45212,-32.6571,0.509417,-0.245406,0.448527,28.241
1772223631360704945,2026-02-27 15:20:31.360,-3.20806,4.5416,-33.3571,0.504429,-0.24246,0.452716,28.242000000000004
1772223631361851372,2026-02-27 15:20:31.361,-3.15549,4.49609,-33.6233,0.50767,-0.242392,0.456425,28.24300000000001
1772223631363022183,2026-02-27 15:20:31.363,-3.09533,4.57303,-33.2983,0.506768,-0.240999,0.453582,28.245000000000005
1772223631364216728,2026-02-27 15:20:31.364,-3.1111,4.62383,-32.8343,0.501748,-0.237849,0.447742,28.24600000000001
1772223631365412645,2026-02-27 15:20:31.365,-3.0626,4.62858,-32.7512,0.505111,-0.237917,0.447834,28.247
1772223631366562964,2026-02-27 15:20:31.366,-3.03052,4.60851,-32.7558,0.504365,-0.237008,0.448628,28.248000000000005
1772223631367691341,2026-02-27 15:20:31.367,-2.99349,4.65101,-32.8159,0.503091,-0.235436,0.448547,28.24900000000001
1772223631368835924,2026-02-27 15:20:31.368,-2.99935,4.65133,-32.6891,0.505392,-0.233749,0.448002,28.25
1772223631370013660,2026-02-27 15:20:31.370,-2.95269,4.73153,-32.131,0.509425,-0.229931,0.444083,28.25200000000001
1772223631371206142,2026-02-27 15:20:31.371,-2.98157,4.71069,-32.0453,0.504407,-0.227513,0.443139,28.253
1772223631372401174,2026-02-27 15:20:31.372,-2.92258,4.72904,-32.7204,0.507991,-0.226571,0.45028,28.254000000000005
1772223631373662991,2026-02-27 15:20:31.373,-2.90459,4.76599,-32.8845,0.509227,-0.224543,0.450622,28.25500000000001
1772223631374844502,2026-02-27 15:20:31.374,-2.97402,4.75434,-32.8076,0.507431,-0.223057,0.451065,28.256
1772223631376024873,2026-02-27 15:20:31.376,-2.86564,4.77078,-32.7941,0.511918,-0.220683,0.452787,28.25800000000001
1772223631377217684,2026-02-27 15:20:31.377,-2.86074,4.80386,-33.8505,0.516737,-0.218154,0.462108,28.259
1772223631378395438,2026-02-27 15:20:31.378,-2.82204,4.82791,-33.3418,0.516111,-0.217874,0.459159,28.260000000000005
1772223631379554449,2026-02-27 15:20:31.379,-2.79228,4.80845,-33.427,0.517304,-0.216224,0.459939,28.26100000000001
1772223631380684560,2026-02-27 15:20:31.380,-2.7809,4.76332,-32.9967,0.517134,-0.214517,0.456485,28.262
1772223631381854968,2026-02-27 15:20:31.381,-2.63644,4.82454,-32.583,0.522761,-0.213577,0.453137,28.263000000000005
1772223631383047501,2026-02-27 15:20:31.383,-2.60828,4.80146,-32.5439,0.519421,-0.209506,0.453426,28.265
1772223631384239486,2026-02-27 15:20:31.384,-2.52887,4.84883,-32.6209,0.526044,-0.205386,0.453441,28.266000000000005
1772223631385437011,2026-02-27 15:20:31.385,-2.46778,4.85479,-31.8056,0.522185,-0.203332,0.447126,28.26700000000001
1772223631386562136,2026-02-27 15:20:31.386,-2.38036,4.86494,-31.7239,0.523708,-0.200166,0.447539,28.268
1772223631387692539,2026-02-27 15:20:31.387,-2.34726,4.82433,-31.6802,0.523502,-0.197401,0.447262,28.269000000000005
1772223631388824043,2026-02-27 15:20:31.388,-2.23864,4.84181,-31.8239,0.52275,-0.195238,0.450927,28.27000000000001
1772223631390000113,2026-02-27 15:20:31.390,-2.167,4.86318,-32.4523,0.523491,-0.190662,0.45712,28.272000000000006
1772223631391180086,2026-02-27 15:20:31.391,-1.9518,4.9065,-32.48,0.5251,-0.181638,0.459254,28.27300000000001
1772223631392378082,2026-02-27 15:20:31.392,-1.88416,4.92546,-32.4624,0.524377,-0.176513,0.459998,28.274
1772223631393561044,2026-02-27 15:20:31.393,-1.77736,4.94315,-32.4194,0.52301,-0.174344,0.463114,28.275000000000006
1772223631394698216,2026-02-27 15:20:31.394,-1.76248,4.96625,-33.1376,0.517157,-0.170688,0.47002,28.27600000000001
1772223631395909695,2026-02-27 15:20:31.395,-1.66773,4.99993,-32.6405,0.51992,-0.165135,0.469379,28.277
1772223631397083785,2026-02-27 15:20:31.397,-1.54216,5.09105,-31.1337,0.499954,-0.169572,0.46236,28.27900000000001
1772223631398279747,2026-02-27 15:20:31.398,-1.32768,5.06824,-31.5115,0.505679,-0.149206,0.462473,28.28
1772223631399474302,2026-02-27 15:20:31.399,-1.15085,5.05995,-31.923,0.505551,-0.134511,0.464055,28.281000000000006
1772223631400630558,2026-02-27 15:20:31.400,-0.913109,5.1152,-32.4186,0.51145,-0.118973,0.466558,28.28200000000001
1772223631401825717,2026-02-27 15:20:31.401,-0.83162,5.28065,-32.6039,0.511025,-0.115993,0.470291,28.283
1772223631403000126,2026-02-27 15:20:31.403,-0.753204,5.29491,-31.623,0.515383,-0.115268,0.46404,28.28500000000001
1772223631404193131,2026-02-27 15:20:31.404,-0.624756,5.23867,-32.0422,0.52344,-0.114152,0.473041,28.286
1772223631405395184,2026-02-27 15:20:31.405,-0.60146,5.22984,-32.5684,0.532286,-0.114122,0.48253,28.287000000000006
1772223631406577366,2026-02-27 15:20:31.406,-0.5802,5.19947,-32.4805,0.534366,-0.11305,0.484926,28.28800000000001
1772223631407727200,2026-02-27 15:20:31.407,-0.538228,5.18754,-32.4203,0.535986,-0.110549,0.485353,28.289
1772223631408907643,2026-02-27 15:20:31.408,-0.476851,5.17831,-32.2365,0.541249,-0.106578,0.485892,28.290000000000006
1772223631410104814,2026-02-27 15:20:31.410,-0.289969,5.17479,-32.8898,0.545564,-0.097026,0.493487,28.292
1772223631411408703,2026-02-27 15:20:31.411,-0.223888,5.12566,-32.8197,0.54603,-0.090699,0.492522,28.293000000000006
1772223631412562711,2026-02-27 15:20:31.412,-0.08872,5.25386,-32.8338,0.549097,-0.085034,0.492273,28.29400000000001
1772223631413695907,2026-02-27 15:20:31.413,0.049455,5.21042,-32.4183,0.548507,-0.078858,0.488451,28.295
1772223631414875114,2026-02-27 15:20:31.414,0.124699,5.2388,-31.8615,0.547684,-0.07404,0.484583,28.296000000000006
1772223631416049703,2026-02-27 15:20:31.416,0.222342,5.27301,-31.7972,0.546807,-0.06892,0.484486,28.298000000000002
1772223631417230083,2026-02-27 15:20:31.417,0.390734,5.32618,-31.7202,0.543248,-0.059792,0.485746,28.299000000000007
1772223631418431741,2026-02-27 15:20:31.418,0.484514,5.37867,-31.3988,0.542232,-0.055222,0.483673,28.30000000000001
1772223631419579146,2026-02-27 15:20:31.419,0.55989,5.44019,-30.7625,0.540673,-0.050534,0.480067,28.301000000000002
1772223631420711656,2026-02-27 15:20:31.420,0.59802,5.46152,-30.8068,0.539907,-0.046333,0.480808,28.302000000000007
1772223631421862180,2026-02-27 15:20:31.421,0.633222,5.48789,-30.6576,0.536899,-0.044558,0.482931,28.30300000000001
1772223631423037421,2026-02-27 15:20:31.423,0.659644,5.55582,-30.9829,0.534031,-0.042972,0.489097,28.305000000000007
1772223631424216207,2026-02-27 15:20:31.424,0.828837,5.54032,-30.9591,0.531311,-0.032827,0.489224,28.30600000000001
1772223631425414904,2026-02-27 15:20:31.425,0.937158,5.61558,-31.2193,0.529681,-0.02477,0.492109,28.307000000000002
1772223631426570306,2026-02-27 15:20:31.426,1.12767,5.67589,-31.3122,0.529074,-0.017194,0.494633,28.308000000000007
1772223631427699425,2026-02-27 15:20:31.427,1.13454,5.69398,-32.4181,0.526622,-0.016407,0.504859,28.30900000000001
1772223631428875449,2026-02-27 15:20:31.428,1.25923,5.7319,-32.3106,0.531003,-0.013169,0.504698,28.310000000000002
1772223631430048519,2026-02-27 15:20:31.430,1.25598,5.75086,-32.2648,0.531103,-0.013121,0.507086,28.312000000000012
1772223631431219526,2026-02-27 15:20:31.431,1.38402,5.70487,-31.6566,0.540517,-0.011983,0.505368,28.313000000000002
1772223631432417562,2026-02-27 15:20:31.432,1.12198,5.0687,-32.7596,0.56325,-0.015648,0.496762,28.314000000000007
1772223631433575782,2026-02-27 15:20:31.433,1.32565,5.47253,-33.2678,0.571355,-0.006645,0.507301,28.315000000000012
1772223631434707375,2026-02-27 15:20:31.434,1.31727,5.45827,-33.0232,0.582508,-0.01482,0.513983,28.316000000000003
1772223631435881328,2026-02-27 15:20:31.435,1.35574,5.34733,-32.101,0.574625,-0.015766,0.503365,28.317000000000007
1772223631437053943,2026-02-27 15:20:31.437,1.39612,5.45199,-31.9894,0.571889,-0.013334,0.501872,28.319000000000003
1772223631438235868,2026-02-27 15:20:31.438,1.15987,5.55749,-30.9425,0.54784,-0.036421,0.510599,28.320000000000007
1772223631439485518,2026-02-27 15:20:31.439,1.0214,5.72388,-29.8082,0.520201,-0.06176,0.515253,28.321000000000012
1772223631440618320,2026-02-27 15:20:31.440,0.801467,5.81264,-28.7326,0.482888,-0.082132,0.515756,28.322000000000003
1772223631441752169,2026-02-27 15:20:31.441,0.545521,6.10027,-26.0229,0.447524,-0.103546,0.512434,28.323000000000008
1772223631442890810,2026-02-27 15:20:31.442,1.27057,5.52232,-28.7222,0.469786,0.000728,0.507841,28.324000000000012
1772223631444010871,2026-02-27 15:20:31.444,-0.307072,6.39659,-23.133,0.373112,-0.162702,0.514001,28.326000000000008
1772223631445127616,2026-02-27 15:20:31.445,-1.91506,6.41071,-14.7572,0.299513,-0.252741,0.496067,28.327000000000012
1772223631446240945,2026-02-27 15:20:31.446,-3.14997,6.0473,-13.5678,0.247716,-0.239068,0.447667,28.328000000000003
1772223631447354200,2026-02-27 15:20:31.447,-3.82124,5.81822,-10.6841,0.198859,-0.269875,0.412,28.329000000000008
1772223631448479504,2026-02-27 15:20:31.448,-3.83439,5.40356,-9.67256,0.159387,-0.253953,0.376672,28.330000000000013
1772223631449589571,2026-02-27 15:20:31.449,-4.28147,5.35068,-8.54526,0.128761,-0.252214,0.347377,28.331000000000003
1772223631450692829,2026-02-27 15:20:31.450,-4.44807,5.34692,-7.72087,0.114813,-0.255537,0.33508,28.332000000000008
1772223631451865774,2026-02-27 15:20:31.451,-4.44536,5.06482,-7.99839,0.087529,-0.269022,0.328848,28.333000000000013
1772223631453045258,2026-02-27 15:20:31.453,-4.6007,4.70897,-8.76896,0.029178,-0.297059,0.298465,28.335000000000008
1772223631454214522,2026-02-27 15:20:31.454,-4.35376,4.45813,-9.33975,0.033886,-0.32562,0.289214,28.336000000000013
1772223631455374245,2026-02-27 15:20:31.455,-4.72074,4.72098,-8.89056,0.026809,-0.355583,0.299299,28.337000000000003
1772223631456578193,2026-02-27 15:20:31.456,-4.90938,4.80398,-7.971,0.04832,-0.349248,0.302878,28.338000000000008
1772223631457704020,2026-02-27 15:20:31.457,-4.85037,4.66867,-7.8187,0.064111,-0.33789,0.302801,28.339
1772223631458878935,2026-02-27 15:20:31.458,-4.94121,4.62019,-7.34227,0.073607,-0.316536,0.299338,28.340000000000003
1772223631460060618,2026-02-27 15:20:31.460,-5.15619,4.48745,-7.11002,0.117192,-0.327767,0.318538,28.342
1772223631461229957,2026-02-27 15:20:31.461,-5.34759,4.56947,-11.1034,0.171006,-0.354643,0.357962,28.343000000000004
1772223631462422269,2026-02-27 15:20:31.462,-5.162,4.79027,-11.4684,0.187903,-0.342644,0.346843,28.34400000000001
1772223631463570537,2026-02-27 15:20:31.463,-4.94787,4.97664,-11.4355,0.210625,-0.350889,0.343382,28.345
1772223631464696973,2026-02-27 15:20:31.464,-5.15004,5.32641,-10.296,0.193059,-0.345073,0.326348,28.346000000000004
1772223631465868694,2026-02-27 15:20:31.465,-5.37089,5.10811,-9.14723,0.162747,-0.352923,0.30682,28.34700000000001
1772223631467062148,2026-02-27 15:20:31.467,-5.25806,4.6814,-9.38293,0.180055,-0.344141,0.310254,28.349000000000004
1772223631468245678,2026-02-27 15:20:31.468,-6.3224,5.0268,-5.8667,0.195675,-0.32734,0.338268,28.35000000000001
1772223631469434427,2026-02-27 15:20:31.469,-6.67558,5.3641,-4.57919,0.179848,-0.329138,0.335642,28.351
1772223631470590221,2026-02-27 15:20:31.470,-6.05505,5.35257,-4.87961,0.130539,-0.256272,0.279169,28.352000000000004
1772223631471716291,2026-02-27 15:20:31.471,-5.1786,5.21239,-5.79754,0.127835,-0.22297,0.244852,28.35300000000001
1772223631472912449,2026-02-27 15:20:31.472,-5.25331,5.31517,-5.86469,0.106919,-0.209961,0.232107,28.354
1772223631474097833,2026-02-27 15:20:31.474,-4.85596,4.99078,-6.56045,0.088353,-0.204304,0.229777,28.35600000000001
1772223631475266696,2026-02-27 15:20:31.475,-4.92871,4.97094,-6.10518,0.063023,-0.218302,0.236146,28.357
1772223631476471445,2026-02-27 15:20:31.476,-4.98062,4.88259,-6.40436,0.078033,-0.224779,0.24513,28.358000000000004
1772223631477561716,2026-02-27 15:20:31.477,-5.49906,4.82459,-8.51112,0.199885,-0.258377,0.323326,28.35900000000001
1772223631478686462,2026-02-27 15:20:31.478,-5.70791,5.51602,-8.21641,0.228007,-0.303737,0.381427,28.36
1772223631479879264,2026-02-27 15:20:31.479,-6.22036,6.28401,-6.48169,0.203841,-0.289889,0.368927,28.361000000000004
1772223631481073642,2026-02-27 15:20:31.481,-6.63653,6.56255,-4.25072,0.172393,-0.264202,0.308203,28.363
1772223631482241126,2026-02-27 15:20:31.482,-7.00759,6.37877,-2.77676,0.132255,-0.254195,0.259865,28.364000000000004
1772223631483415591,2026-02-27 15:20:31.483,-6.1888,4.93118,-3.98252,0.109036,-0.243825,0.239999,28.36500000000001
1772223631484554277,2026-02-27 15:20:31.484,-1.66595,3.51827,-7.45097,0.06706,-0.190323,0.250569,28.366
1772223631485681920,2026-02-27 15:20:31.485,0.701067,3.31451,-6.30865,0.126461,0.013104,0.213125,28.367000000000004
1772223631486851876,2026-02-27 15:20:31.486,1.06653,4.35341,-6.14691,0.115746,0.042171,0.220817,28.36800000000001
1772223631488044882,2026-02-27 15:20:31.488,2.14937,4.88756,-6.87001,0.138567,0.066699,0.246476,28.370000000000005
1772223631489212275,2026-02-27 15:20:31.489,2.57147,4.96876,-8.10929,0.152505,0.077581,0.276697,28.37100000000001
1772223631490384061,2026-02-27 15:20:31.490,2.83435,5.14318,-8.71756,0.176005,0.094956,0.288287,28.372
1772223631491533514,2026-02-27 15:20:31.491,1.71367,5.3453,-7.54121,0.161605,0.073722,0.281157,28.373000000000005
1772223631492662796,2026-02-27 15:20:31.492,1.25769,5.2321,-6.72903,0.143146,0.057485,0.269271,28.37400000000001
1772223631493834904,2026-02-27 15:20:31.493,0.203081,4.92348,-6.1433,0.132754,0.041242,0.259586,28.375
1772223631495029014,2026-02-27 15:20:31.495,-1.56365,5.0717,-4.89846,0.106765,0.018397,0.242362,28.37700000000001
1772223631496197456,2026-02-27 15:20:31.496,-1.61205,5.1734,-4.0795,0.08524,-0.001906,0.227157,28.378
1772223631497373039,2026-02-27 15:20:31.497,-2.95347,5.27561,-2.8277,0.083848,0.015524,0.206379,28.379000000000005
1772223631498538063,2026-02-27 15:20:31.498,-2.83829,5.73574,-1.9845,0.070097,-0.006369,0.200875,28.38000000000001
1772223631499687579,2026-02-27 15:20:31.499,-1.53464,4.72484,-3.12685,0.115372,0.038404,0.205849,28.381
1772223631500860024,2026-02-27 15:20:31.500,-2.14636,5.16971,-2.87153,0.097725,0.036166,0.207527,28.382000000000005
1772223631502058205,2026-02-27 15:20:31.502,-0.093709,4.30317,-4.55697,0.118433,0.049843,0.223978,28.384
1772223631503231783,2026-02-27 15:20:31.503,0.009994,3.92274,-3.92917,0.130784,0.060893,0.219665,28.385000000000005
1772223631504402313,2026-02-27 15:20:31.504,-0.16978,3.90411,-4.47533,0.134504,0.045048,0.215072,28.38600000000001
1772223631505563391,2026-02-27 15:20:31.505,-0.249311,3.59378,-5.34542,0.140913,0.05216,0.214496,28.387
1772223631506693928,2026-02-27 15:20:31.506,-0.791702,3.63883,-4.46663,0.117543,0.042317,0.20771,28.388000000000005
1772223631507909565,2026-02-27 15:20:31.507,-0.568592,3.45828,-4.24308,0.115124,0.051766,0.205493,28.38900000000001
1772223631509106606,2026-02-27 15:20:31.509,-0.882274,3.76477,-3.2823,0.082438,0.045364,0.208344,28.391000000000005
1772223631510298153,2026-02-27 15:20:31.510,-0.478742,3.71524,-3.74712,0.055444,0.057224,0.229942,28.39200000000001
1772223631511477909,2026-02-27 15:20:31.511,-0.760486,4.02017,-2.86792,0.046545,0.05049,0.227891,28.393
1772223631512605189,2026-02-27 15:20:31.512,0.589058,3.06851,-3.83343,0.061151,0.080518,0.228702,28.394000000000005
1772223631513776117,2026-02-27 15:20:31.513,0.273097,3.13846,-2.92335,0.044827,0.076158,0.221456,28.39500000000001
1772223631514942313,2026-02-27 15:20:31.514,0.978959,2.90573,-3.05603,0.040284,0.078105,0.228205,28.396
1772223631516110299,2026-02-27 15:20:31.516,1.81546,2.91066,-3.16877,0.047602,0.093551,0.242756,28.39800000000001
1772223631517288936,2026-02-27 15:20:31.517,1.39742,3.26095,-2.65016,0.017434,0.07953,0.253729,28.399
1772223631518477472,2026-02-27 15:20:31.518,1.40586,2.74996,-2.42011,0.0395,0.08142,0.238413,28.400000000000006
1772223631519603446,2026-02-27 15:20:31.519,1.852,2.77168,-2.55013,0.020719,0.081849,0.246243,28.40100000000001
1772223631520776038,2026-02-27 15:20:31.520,1.95846,2.65093,-2.74187,0.022525,0.07779,0.251021,28.402
1772223631522012779,2026-02-27 15:20:31.522,1.97519,2.20083,-3.95695,0.035192,0.074628,0.247418,28.40400000000001
1772223631523223373,2026-02-27 15:20:31.523,2.11841,2.01591,-4.77047,0.049909,0.077779,0.248543,28.405
1772223631524394653,2026-02-27 15:20:31.524,4.62833,1.61386,-10.0186,0.150122,0.175187,0.256815,28.406000000000006
1772223631525528359,2026-02-27 15:20:31.525,4.39574,2.92018,-9.94332,0.14555,0.174905,0.275554,28.40700000000001
1772223631526655239,2026-02-27 15:20:31.526,4.57128,3.86634,-9.89054,0.136043,0.167583,0.301756,28.408
1772223631527848182,2026-02-27 15:20:31.527,4.42718,4.4565,-10.5549,0.140807,0.168793,0.322381,28.409000000000006
1772223631529043805,2026-02-27 15:20:31.529,2.96756,4.37814,-10.2044,0.161381,0.089985,0.347827,28.411
1772223631530240134,2026-02-27 15:20:31.530,1.48124,3.91916,-10.2204,0.181773,-0.000705,0.372839,28.412000000000006
1772223631531414300,2026-02-27 15:20:31.531,1.07237,3.51839,-8.96126,0.186018,0.005692,0.331677,28.41300000000001
1772223631532535406,2026-02-27 15:20:31.532,1.02723,3.28311,-8.70782,0.189716,0.01871,0.302334,28.414
1772223631533663223,2026-02-27 15:20:31.533,1.07053,3.08734,-8.54678,0.187056,0.029444,0.290328,28.415000000000006
1772223631534834461,2026-02-27 15:20:31.534,1.11871,2.78892,-8.62856,0.181864,0.031455,0.287176,28.41600000000001
1772223631536029531,2026-02-27 15:20:31.536,1.01532,2.74787,-7.67398,0.186194,0.029577,0.281237,28.418000000000006
1772223631537224381,2026-02-27 15:20:31.537,0.982363,2.76888,-7.98823,0.183951,0.029382,0.282331,28.41900000000001
1772223631538353920,2026-02-27 15:20:31.538,1.02469,2.87036,-8.51506,0.180404,0.035364,0.285112,28.42
1772223631539533207,2026-02-27 15:20:31.539,0.939138,2.93543,-8.47111,0.179772,0.036294,0.284339,28.421000000000006
1772223631540661795,2026-02-27 15:20:31.540,0.703018,3.05656,-8.14468,0.182908,0.03615,0.28372,28.42200000000001
1772223631541834039,2026-02-27 15:20:31.541,0.396384,3.0961,-8.00347,0.188236,0.030016,0.28313,28.423000000000002
1772223631542964359,2026-02-27 15:20:31.542,0.133008,3.15847,-7.64345,0.181159,0.024121,0.282812,28.424000000000007
1772223631544161156,2026-02-27 15:20:31.544,-0.094799,3.23972,-8.23997,0.176944,0.017477,0.288862,28.426000000000002
1772223631545332853,2026-02-27 15:20:31.545,-0.43018,3.27489,-7.75768,0.164127,0.012396,0.284875,28.427000000000007
1772223631546510674,2026-02-27 15:20:31.546,-0.81236,3.42103,-6.79678,0.155751,0.004754,0.273039,28.42800000000001
1772223631547644135,2026-02-27 15:20:31.547,-0.948313,3.45139,-6.14169,0.146863,0.00134,0.265243,28.429000000000002
1772223631548861467,2026-02-27 15:20:31.548,-1.20525,3.50489,-5.65339,0.133335,-0.002535,0.26055,28.430000000000007
1772223631550057983,2026-02-27 15:20:31.550,-1.36467,3.58305,-5.38068,0.124977,-0.005086,0.255144,28.432000000000002
1772223631551256799,2026-02-27 15:20:31.551,-1.51987,3.62831,-5.07254,0.118978,-0.009327,0.250666,28.433000000000007
1772223631552429176,2026-02-27 15:20:31.552,-1.95689,3.65316,-3.489,0.10531,-0.01709,0.233476,28.43400000000001
1772223631553576987,2026-02-27 15:20:31.553,-2.13204,3.69618,-3.18431,0.100224,-0.022943,0.229476,28.435000000000002
1772223631554708423,2026-02-27 15:20:31.554,-2.38162,3.68141,-2.95233,0.095898,-0.027207,0.227149,28.436000000000007
1772223631555836670,2026-02-27 15:20:31.555,-2.48855,3.65196,-3.29788,0.097738,-0.031282,0.226675,28.437000000000012
1772223631557035842,2026-02-27 15:20:31.557,-2.67582,3.58451,-3.01186,0.091876,-0.036434,0.222372,28.439000000000007
1772223631558233976,2026-02-27 15:20:31.558,-2.86371,3.56614,-2.62174,0.091565,-0.040906,0.218045,28.440000000000012
1772223631559408049,2026-02-27 15:20:31.559,-3.19916,3.47451,-2.0173,0.093529,-0.050859,0.208457,28.441000000000003
1772223631560533512,2026-02-27 15:20:31.560,-3.29188,3.40792,-2.77839,0.096622,-0.056032,0.212468,28.442000000000007
1772223631561660490,2026-02-27 15:20:31.561,-3.47021,3.41789,-2.21766,0.096884,-0.061528,0.206992,28.443000000000012
1772223631562836651,2026-02-27 15:20:31.562,-3.67382,3.3619,-1.97571,0.096897,-0.067471,0.203455,28.444000000000003
1772223631564032430,2026-02-27 15:20:31.564,-3.85969,3.37399,-1.23545,0.099826,-0.072244,0.195565,28.446000000000012
1772223631565229438,2026-02-27 15:20:31.565,-4.00206,3.34478,-0.806388,0.098863,-0.076283,0.191635,28.447000000000003
1772223631566399923,2026-02-27 15:20:31.566,-4.34365,3.40768,-0.59459,0.099456,-0.084882,0.189132,28.448000000000008
1772223631567527251,2026-02-27 15:20:31.567,-4.44715,3.48691,-0.470741,0.092406,-0.086698,0.188114,28.449000000000012
1772223631568656619,2026-02-27 15:20:31.568,-4.59076,3.63416,0.667591,0.089941,-0.088775,0.178417,28.450000000000003
1772223631569831933,2026-02-27 15:20:31.569,-4.66236,3.74359,0.567702,0.083724,-0.088844,0.180683,28.451000000000008
1772223631571030719,2026-02-27 15:20:31.571,-4.69179,3.81439,0.609066,0.076705,-0.091585,0.180015,28.453000000000003
1772223631572226788,2026-02-27 15:20:31.572,-4.79482,3.98064,0.130242,0.072684,-0.093647,0.184119,28.454000000000008
1772223631573400390,2026-02-27 15:20:31.573,-4.83679,4.01081,0.0071,0.064642,-0.096691,0.186745,28.455000000000013
1772223631574535544,2026-02-27 15:20:31.574,-4.99572,4.07539,0.155773,0.055144,-0.100558,0.184676,28.456000000000003
1772223631575664703,2026-02-27 15:20:31.575,-4.99576,4.17511,0.309494,0.05458,-0.101171,0.182891,28.457000000000008
1772223631576838025,2026-02-27 15:20:31.576,-5.06261,4.23303,-0.118912,0.048931,-0.101138,0.185596,28.458000000000013
1772223631578035211,2026-02-27 15:20:31.578,-5.04971,4.24426,-0.354081,0.045071,-0.101837,0.187103,28.460000000000008
