abs_timestamp_ns,human_time,fx,fy,fz,tx,ty,tz,mocap_ref_time
1772223968965858918,2026-02-27 15:26:08.965,4.7177,-6.76639,-18.7605,-0.369829,-0.312808,-0.262443,25.50800000000001
1772223968967051101,2026-02-27 15:26:08.967,4.66061,-6.77482,-19.6448,-0.373462,-0.303343,-0.2518,25.510000000000005
1772223968968249844,2026-02-27 15:26:08.968,4.52084,-6.74315,-18.9638,-0.376525,-0.294222,-0.25345,25.51100000000001
1772223968969448051,2026-02-27 15:26:08.969,4.35542,-6.62517,-18.7081,-0.379142,-0.286647,-0.252464,25.512
1772223968970571206,2026-02-27 15:26:08.970,4.28454,-6.67801,-18.0493,-0.376872,-0.280998,-0.253408,25.513000000000005
1772223968971699610,2026-02-27 15:26:08.971,4.08882,-6.62251,-17.4979,-0.378006,-0.275688,-0.250929,25.51400000000001
1772223968972888050,2026-02-27 15:26:08.972,3.75449,-6.63934,-16.7797,-0.373394,-0.266981,-0.242696,25.515
1772223968974081021,2026-02-27 15:26:08.974,3.68541,-6.66864,-16.3652,-0.373007,-0.26544,-0.24075,25.51700000000001
1772223968975261737,2026-02-27 15:26:08.975,3.6527,-6.62966,-14.9453,-0.372425,-0.261519,-0.249158,25.518
1772223968976494736,2026-02-27 15:26:08.976,3.60702,-6.57384,-15.0606,-0.370559,-0.257482,-0.243847,25.519000000000005
1772223968977624908,2026-02-27 15:26:08.977,3.52014,-6.58031,-14.668,-0.372954,-0.253197,-0.241776,25.52000000000001
1772223968978788685,2026-02-27 15:26:08.978,3.44798,-6.54101,-15.1465,-0.370035,-0.248589,-0.233869,25.521
1772223968979973758,2026-02-27 15:26:08.979,3.30378,-6.48138,-14.9384,-0.366978,-0.241985,-0.22513,25.522000000000006
1772223968981170420,2026-02-27 15:26:08.981,3.29132,-6.43706,-14.9657,-0.364118,-0.232682,-0.220494,25.524
1772223968982368776,2026-02-27 15:26:08.982,3.14361,-6.36135,-14.7592,-0.357989,-0.224774,-0.214478,25.525000000000006
1772223968983566662,2026-02-27 15:26:08.983,3.01903,-6.23368,-15.4889,-0.352981,-0.212945,-0.202209,25.52600000000001
1772223968984697154,2026-02-27 15:26:08.984,2.92868,-6.18913,-15.777,-0.348372,-0.205392,-0.19526,25.527
1772223968985851790,2026-02-27 15:26:08.985,2.81571,-6.09304,-15.2277,-0.343611,-0.203663,-0.19199,25.528000000000006
1772223968987021740,2026-02-27 15:26:08.987,2.68003,-6.05497,-13.696,-0.336113,-0.202274,-0.19561,25.53
1772223968988213180,2026-02-27 15:26:08.988,2.61527,-5.99391,-13.3166,-0.334096,-0.196246,-0.19431,25.531000000000006
1772223968989415800,2026-02-27 15:26:08.989,2.50621,-5.95554,-13.2223,-0.330764,-0.189737,-0.189931,25.53200000000001
1772223968990563358,2026-02-27 15:26:08.990,2.51815,-5.87177,-13.0405,-0.328863,-0.183621,-0.186212,25.533
1772223968991690704,2026-02-27 15:26:08.991,2.42608,-5.82081,-12.6381,-0.324697,-0.182275,-0.185416,25.534000000000006
1772223968992864722,2026-02-27 15:26:08.992,2.22481,-5.65842,-11.5357,-0.318542,-0.180489,-0.182793,25.53500000000001
1772223968994034340,2026-02-27 15:26:08.994,2.08779,-5.66129,-11.2067,-0.315182,-0.180596,-0.180327,25.537000000000006
1772223968995225761,2026-02-27 15:26:08.995,2.13977,-5.56089,-11.5333,-0.309998,-0.177069,-0.173378,25.53800000000001
1772223968996421478,2026-02-27 15:26:08.996,2.02792,-5.53321,-11.4372,-0.307078,-0.173425,-0.169395,25.539
1772223968997561016,2026-02-27 15:26:08.997,1.935,-5.48761,-11.2912,-0.304292,-0.167398,-0.166705,25.540000000000006
1772223968998691381,2026-02-27 15:26:08.998,1.87816,-5.40168,-11.3019,-0.301212,-0.15733,-0.161591,25.54100000000001
1772223968999838656,2026-02-27 15:26:08.999,1.85996,-5.27523,-11.5117,-0.292614,-0.144538,-0.156726,25.542
1772223969001015641,2026-02-27 15:26:09.001,1.62643,-4.99261,-12.7391,-0.280026,-0.112801,-0.132976,25.54400000000001
1772223969002210231,2026-02-27 15:26:09.002,1.37467,-4.91563,-12.1428,-0.274049,-0.121075,-0.128155,25.545
1772223969003519987,2026-02-27 15:26:09.003,1.23218,-4.83069,-10.7864,-0.270866,-0.136691,-0.133814,25.546000000000006
1772223969004648640,2026-02-27 15:26:09.004,1.19093,-4.7866,-9.42508,-0.267487,-0.15369,-0.139953,25.54700000000001
1772223969005825568,2026-02-27 15:26:09.005,1.18404,-4.83658,-8.57541,-0.270278,-0.164895,-0.145807,25.548000000000002
1772223969006994692,2026-02-27 15:26:09.006,1.22376,-5.09246,-7.57903,-0.277277,-0.168802,-0.15213,25.549000000000007
1772223969008169014,2026-02-27 15:26:09.008,1.28579,-5.09135,-6.58975,-0.275592,-0.164451,-0.159765,25.551000000000002
1772223969009363524,2026-02-27 15:26:09.009,1.25975,-5.0062,-6.45804,-0.273709,-0.155749,-0.1578,25.552000000000007
1772223969010561852,2026-02-27 15:26:09.010,1.12109,-4.91115,-6.41224,-0.266502,-0.152683,-0.152198,25.55300000000001
1772223969011689601,2026-02-27 15:26:09.011,1.02428,-4.75646,-6.8197,-0.260891,-0.148561,-0.142616,25.554000000000002
1772223969012863907,2026-02-27 15:26:09.012,0.954264,-4.63614,-6.86359,-0.256356,-0.144519,-0.135665,25.555000000000007
1772223969014055215,2026-02-27 15:26:09.014,0.803168,-4.48977,-6.09868,-0.24868,-0.139472,-0.130933,25.557000000000002
1772223969015250101,2026-02-27 15:26:09.015,0.743632,-4.47348,-5.71898,-0.246014,-0.138756,-0.129781,25.558000000000007
1772223969016444150,2026-02-27 15:26:09.016,0.739928,-4.44065,-5.5781,-0.24581,-0.136777,-0.126292,25.55900000000001
1772223969017576687,2026-02-27 15:26:09.017,0.675042,-4.46669,-5.99063,-0.248194,-0.136216,-0.119506,25.560000000000002
1772223969018703529,2026-02-27 15:26:09.018,0.662048,-4.39774,-5.30405,-0.241429,-0.134571,-0.121315,25.561000000000007
1772223969019850730,2026-02-27 15:26:09.019,0.631139,-4.41528,-4.82457,-0.238576,-0.134331,-0.122909,25.562000000000012
1772223969021023884,2026-02-27 15:26:09.021,0.516832,-4.33698,-4.29041,-0.237127,-0.132146,-0.12379,25.564000000000007
1772223969022200128,2026-02-27 15:26:09.022,0.37429,-4.18045,-3.49176,-0.231926,-0.126697,-0.121233,25.565000000000012
1772223969023395195,2026-02-27 15:26:09.023,0.290152,-4.13292,-3.07822,-0.231686,-0.12607,-0.119227,25.566000000000003
1772223969024572863,2026-02-27 15:26:09.024,0.097956,-4.12821,-2.49092,-0.228962,-0.132693,-0.119275,25.567000000000007
1772223969025703920,2026-02-27 15:26:09.025,0.049084,-4.13586,-0.850927,-0.227394,-0.136469,-0.130433,25.568000000000012
1772223969026923041,2026-02-27 15:26:09.026,0.01255,-4.15737,-0.746497,-0.228936,-0.140812,-0.127984,25.569000000000003
1772223969028094439,2026-02-27 15:26:09.028,-0.039346,-4.21462,-0.310084,-0.229405,-0.149401,-0.126559,25.571000000000012
1772223969029285591,2026-02-27 15:26:09.029,-0.041984,-4.20703,-0.106372,-0.226749,-0.153696,-0.126535,25.572000000000003
1772223969030491537,2026-02-27 15:26:09.030,-0.060615,-4.2389,0.431884,-0.226922,-0.159823,-0.128079,25.573000000000008
1772223969031621519,2026-02-27 15:26:09.031,-0.159027,-4.19508,0.800926,-0.227362,-0.162531,-0.128832,25.574000000000012
1772223969032795051,2026-02-27 15:26:09.032,-0.177873,-4.14776,1.19688,-0.224401,-0.165529,-0.130179,25.575000000000003
1772223969033962712,2026-02-27 15:26:09.033,-0.229289,-4.14328,0.725232,-0.221708,-0.168032,-0.123479,25.576000000000008
1772223969035131336,2026-02-27 15:26:09.035,-0.338879,-4.12426,1.6172,-0.217371,-0.173403,-0.12616,25.578000000000003
1772223969036320949,2026-02-27 15:26:09.036,-0.310095,-4.10846,2.55412,-0.218296,-0.176382,-0.132461,25.579000000000008
1772223969037536331,2026-02-27 15:26:09.037,-0.405362,-4.06867,3.26666,-0.216071,-0.17886,-0.135753,25.580000000000013
1772223969038662539,2026-02-27 15:26:09.038,-0.448996,-4.07368,3.87261,-0.216707,-0.182457,-0.138347,25.581000000000003
1772223969039838930,2026-02-27 15:26:09.039,-0.45852,-4.05008,4.24954,-0.210972,-0.184294,-0.139682,25.582000000000008
1772223969041007883,2026-02-27 15:26:09.041,-0.440243,-4.04192,4.54204,-0.209864,-0.186597,-0.140751,25.584000000000003
1772223969042135644,2026-02-27 15:26:09.042,-0.558381,-3.94878,6.15972,-0.207366,-0.186083,-0.151657,25.585000000000008
1772223969043325844,2026-02-27 15:26:09.043,-0.617397,-3.92261,5.98452,-0.204096,-0.17915,-0.146401,25.586000000000013
1772223969044531760,2026-02-27 15:26:09.044,-0.581856,-3.87398,5.64891,-0.199561,-0.168467,-0.141091,25.587000000000003
1772223969045659441,2026-02-27 15:26:09.045,-0.653058,-3.77503,5.22987,-0.195232,-0.159786,-0.132723,25.588000000000008
1772223969046831707,2026-02-27 15:26:09.046,-0.758905,-3.72561,5.38294,-0.192454,-0.150971,-0.127926,25.589
1772223969048000539,2026-02-27 15:26:09.048,-0.79283,-3.65178,5.44881,-0.187438,-0.142309,-0.125077,25.591000000000008
1772223969049185946,2026-02-27 15:26:09.049,-0.948552,-3.48463,5.60491,-0.184571,-0.125648,-0.117524,25.592
1772223969050383314,2026-02-27 15:26:09.050,-0.957458,-3.48842,4.64822,-0.178078,-0.115074,-0.104401,25.593000000000004
1772223969051560186,2026-02-27 15:26:09.051,-1.04283,-3.47121,5.24839,-0.178902,-0.106232,-0.10587,25.59400000000001
1772223969052688520,2026-02-27 15:26:09.052,-1.17947,-3.45435,5.2907,-0.179628,-0.097133,-0.103134,25.595
1772223969053864380,2026-02-27 15:26:09.053,-1.29752,-3.46785,5.8933,-0.184925,-0.088553,-0.105331,25.596000000000004
1772223969055033009,2026-02-27 15:26:09.055,-1.39715,-3.4494,6.20984,-0.181604,-0.073732,-0.103533,25.598
1772223969056201178,2026-02-27 15:26:09.056,-1.67463,-3.38867,6.43149,-0.175099,-0.049175,-0.093412,25.599000000000004
1772223969057396824,2026-02-27 15:26:09.057,-1.68748,-3.42941,6.51928,-0.178064,-0.060973,-0.091769,25.60000000000001
1772223969058570840,2026-02-27 15:26:09.058,-1.73737,-3.37503,7.75556,-0.170908,-0.049003,-0.099602,25.601
1772223969059700217,2026-02-27 15:26:09.059,-1.86279,-3.36,7.73781,-0.171326,-0.042869,-0.097069,25.602000000000004
1772223969060874406,2026-02-27 15:26:09.060,-1.89918,-3.36976,7.79923,-0.170788,-0.033043,-0.093738,25.60300000000001
1772223969062044291,2026-02-27 15:26:09.062,-1.97142,-3.35972,7.29998,-0.16901,-0.020192,-0.085578,25.605000000000004
1772223969063211708,2026-02-27 15:26:09.063,-2.16019,-3.34222,7.14497,-0.161759,-0.000735,-0.076928,25.60600000000001
1772223969064406686,2026-02-27 15:26:09.064,-2.24631,-3.32844,7.2257,-0.163109,0.001863,-0.073904,25.607
1772223969065567072,2026-02-27 15:26:09.065,-2.37218,-3.31935,7.31912,-0.161894,0.011575,-0.072614,25.608000000000004
1772223969066693750,2026-02-27 15:26:09.066,-2.46374,-3.2481,6.99494,-0.154523,0.024483,-0.062914,25.60900000000001
1772223969067866580,2026-02-27 15:26:09.067,-2.45245,-3.25976,6.6411,-0.150182,0.030073,-0.054999,25.61
1772223969069044881,2026-02-27 15:26:09.069,-2.53298,-3.19873,6.86584,-0.148539,0.031447,-0.055209,25.61200000000001
1772223969070214686,2026-02-27 15:26:09.070,-2.63905,-3.12935,7.8384,-0.141153,0.045996,-0.056986,25.613
1772223969071404904,2026-02-27 15:26:09.071,-2.71214,-3.06427,8.09293,-0.134599,0.05313,-0.05503,25.614000000000004
1772223969072560720,2026-02-27 15:26:09.072,-2.83104,-3.02545,8.13001,-0.130615,0.063155,-0.051142,25.61500000000001
1772223969073690313,2026-02-27 15:26:09.073,-2.87982,-2.93745,8.20881,-0.127824,0.068364,-0.047411,25.616
1772223969074863024,2026-02-27 15:26:09.074,-2.91259,-2.89032,8.43501,-0.121005,0.071523,-0.04736,25.617000000000004
1772223969076048603,2026-02-27 15:26:09.076,-2.91551,-2.83225,9.52375,-0.118695,0.074296,-0.054836,25.619
1772223969077221051,2026-02-27 15:26:09.077,-3.01801,-2.79514,9.16708,-0.115484,0.080824,-0.046867,25.620000000000005
1772223969078413962,2026-02-27 15:26:09.078,-2.97129,-2.77186,8.68518,-0.113451,0.082455,-0.041362,25.62100000000001
1772223969079576420,2026-02-27 15:26:09.079,-2.98902,-2.72917,8.52832,-0.110961,0.083949,-0.039035,25.622
1772223969080706255,2026-02-27 15:26:09.080,-3.05116,-2.71023,8.56509,-0.109949,0.084589,-0.038531,25.623000000000005
1772223969081880169,2026-02-27 15:26:09.081,-3.08837,-2.7254,8.58216,-0.111723,0.086995,-0.038154,25.62400000000001
1772223969083065463,2026-02-27 15:26:09.083,-3.0556,-2.67734,8.58082,-0.107456,0.086714,-0.037627,25.626000000000005
1772223969084235853,2026-02-27 15:26:09.084,-3.06998,-2.61692,7.8323,-0.103398,0.088831,-0.02876,25.62700000000001
1772223969085426089,2026-02-27 15:26:09.085,-3.10209,-2.58271,7.72939,-0.100952,0.090023,-0.028533,25.628
1772223969086560586,2026-02-27 15:26:09.086,-3.09078,-2.62393,8.30457,-0.103675,0.088718,-0.032554,25.629000000000005
1772223969087688592,2026-02-27 15:26:09.087,-3.18696,-2.63843,8.60834,-0.107065,0.090213,-0.035851,25.63000000000001
1772223969088863874,2026-02-27 15:26:09.088,-3.11365,-2.59862,8.68685,-0.10181,0.090545,-0.034868,25.631
1772223969090052737,2026-02-27 15:26:09.090,-3.14546,-2.58061,8.69982,-0.101095,0.091168,-0.033759,25.63300000000001
1772223969091246652,2026-02-27 15:26:09.091,-3.17287,-2.54841,8.70176,-0.101556,0.091431,-0.034166,25.634
1772223969092381598,2026-02-27 15:26:09.092,-3.26606,-2.51595,9.62271,-0.098954,0.091762,-0.041227,25.635000000000005
1772223969093569221,2026-02-27 15:26:09.093,-3.26176,-2.53388,9.42623,-0.09978,0.091754,-0.039229,25.63600000000001
1772223969094896167,2026-02-27 15:26:09.094,-3.23725,-2.57916,8.93372,-0.100834,0.091988,-0.035506,25.637
1772223969096084679,2026-02-27 15:26:09.096,-3.2349,-2.51437,8.52129,-0.098548,0.09399,-0.03141,25.63900000000001
1772223969097260178,2026-02-27 15:26:09.097,-3.22616,-2.53617,8.40063,-0.095131,0.094386,-0.031427,25.64
1772223969098440944,2026-02-27 15:26:09.098,-3.29535,-2.51218,8.42669,-0.097689,0.094615,-0.029495,25.641000000000005
1772223969099597225,2026-02-27 15:26:09.099,-3.31206,-2.46958,8.27785,-0.095507,0.095532,-0.028444,25.64200000000001
1772223969100735334,2026-02-27 15:26:09.100,-3.33866,-2.51181,7.36004,-0.099369,0.093598,-0.019185,25.643
1772223969101891454,2026-02-27 15:26:09.101,-3.41195,-2.50766,7.76779,-0.100627,0.09565,-0.022604,25.644000000000005
1772223969103074081,2026-02-27 15:26:09.103,-3.41977,-2.51898,7.83164,-0.098433,0.095041,-0.022943,25.646
1772223969104240568,2026-02-27 15:26:09.104,-3.44144,-2.4598,8.3012,-0.097934,0.095596,-0.026268,25.647000000000006
1772223969105414675,2026-02-27 15:26:09.105,-3.51417,-2.45111,8.19286,-0.097359,0.096521,-0.025429,25.64800000000001
1772223969106553384,2026-02-27 15:26:09.106,-3.49539,-2.49526,8.27269,-0.099899,0.096183,-0.025255,25.649
1772223969107679602,2026-02-27 15:26:09.107,-3.55188,-2.54367,8.23042,-0.101303,0.095218,-0.025287,25.650000000000006
1772223969108826933,2026-02-27 15:26:09.108,-3.57033,-2.44307,9.25138,-0.097406,0.097749,-0.034867,25.65100000000001
1772223969109995543,2026-02-27 15:26:09.109,-3.54732,-2.48798,8.85242,-0.098095,0.097777,-0.033004,25.652
1772223969111178368,2026-02-27 15:26:09.111,-3.60637,-2.48233,8.29198,-0.10122,0.097041,-0.028632,25.65400000000001
1772223969112434228,2026-02-27 15:26:09.112,-3.57252,-2.46719,8.00944,-0.101473,0.097061,-0.025814,25.655
1772223969113550409,2026-02-27 15:26:09.113,-3.6321,-2.45035,8.03417,-0.100779,0.09788,-0.026609,25.656000000000006
1772223969114678353,2026-02-27 15:26:09.114,-3.65023,-2.43958,7.91934,-0.098138,0.097968,-0.02767,25.65700000000001
1772223969115823863,2026-02-27 15:26:09.115,-3.69002,-2.44882,7.95974,-0.100527,0.097345,-0.027884,25.658
1772223969116999158,2026-02-27 15:26:09.116,-3.60833,-2.40975,7.06958,-0.097755,0.098015,-0.022158,25.659000000000006
1772223969118170537,2026-02-27 15:26:09.118,-3.66045,-2.42818,6.96498,-0.099928,0.097672,-0.022023,25.661
1772223969119346272,2026-02-27 15:26:09.119,-3.64433,-2.37481,7.45801,-0.096117,0.097842,-0.028702,25.662000000000006
1772223969120549200,2026-02-27 15:26:09.120,-3.6315,-2.40077,7.8077,-0.097145,0.097492,-0.032392,25.66300000000001
1772223969121683266,2026-02-27 15:26:09.121,-3.6277,-2.35238,7.83143,-0.098743,0.096817,-0.033019,25.664
1772223969122857521,2026-02-27 15:26:09.122,-3.63423,-2.34869,7.75911,-0.09515,0.096968,-0.034261,25.665000000000006
1772223969124032387,2026-02-27 15:26:09.124,-3.67557,-2.35756,7.76337,-0.096236,0.096708,-0.035114,25.667
1772223969125204988,2026-02-27 15:26:09.125,-3.66819,-2.35097,8.8346,-0.098451,0.095802,-0.046518,25.668000000000006
1772223969126378035,2026-02-27 15:26:09.126,-3.67898,-2.27957,8.47345,-0.096431,0.098101,-0.0441,25.66900000000001
1772223969127549916,2026-02-27 15:26:09.127,-3.69116,-2.26974,8.19936,-0.096123,0.097276,-0.042725,25.67
1772223969128685373,2026-02-27 15:26:09.128,-3.65921,-2.23402,7.6704,-0.094339,0.096166,-0.039544,25.671000000000006
1772223969129859039,2026-02-27 15:26:09.129,-3.71848,-2.26484,7.54468,-0.093694,0.09597,-0.039153,25.67200000000001
1772223969131035760,2026-02-27 15:26:09.131,-3.68704,-2.23519,7.55246,-0.09342,0.096931,-0.040227,25.674000000000007
1772223969132206532,2026-02-27 15:26:09.132,-3.68398,-2.25181,7.59918,-0.095463,0.095397,-0.0413,25.67500000000001
1772223969133381011,2026-02-27 15:26:09.133,-3.63846,-2.23791,6.45512,-0.095946,0.095077,-0.031275,25.676000000000002
1772223969134541595,2026-02-27 15:26:09.134,-3.71922,-2.26063,6.83202,-0.094471,0.09572,-0.036138,25.677000000000007
1772223969135670050,2026-02-27 15:26:09.135,-3.7005,-2.20503,6.74951,-0.095047,0.095894,-0.035965,25.67800000000001
1772223969136825452,2026-02-27 15:26:09.136,-3.77787,-2.22915,7.10579,-0.094879,0.096166,-0.040864,25.679000000000002
1772223969138001946,2026-02-27 15:26:09.138,-3.72877,-2.2422,7.39461,-0.092532,0.095486,-0.044312,25.68100000000001
1772223969139174163,2026-02-27 15:26:09.139,-3.75084,-2.24529,7.41354,-0.095832,0.094966,-0.044352,25.682000000000002
1772223969140368728,2026-02-27 15:26:09.140,-3.77152,-2.18451,7.31519,-0.091877,0.096074,-0.044722,25.683000000000007
1772223969141537041,2026-02-27 15:26:09.141,-3.84165,-2.21518,8.2876,-0.098407,0.095426,-0.053901,25.68400000000001
1772223969142672818,2026-02-27 15:26:09.142,-3.76219,-2.19353,8.299,-0.095893,0.094621,-0.052155,25.685000000000002
1772223969143870275,2026-02-27 15:26:09.143,-3.83409,-2.18589,8.17873,-0.094982,0.095721,-0.052601,25.686000000000007
1772223969145047212,2026-02-27 15:26:09.145,-3.796,-2.10701,7.5567,-0.093892,0.097166,-0.047581,25.688000000000002
1772223969146220366,2026-02-27 15:26:09.146,-3.80688,-2.17944,7.10534,-0.093886,0.096041,-0.044002,25.689000000000007
1772223969147394848,2026-02-27 15:26:09.147,-3.76782,-2.16914,7.0202,-0.091183,0.096477,-0.043161,25.690000000000012
1772223969148552468,2026-02-27 15:26:09.148,-3.76657,-2.13597,6.99821,-0.091609,0.096153,-0.042946,25.691000000000003
1772223969149682479,2026-02-27 15:26:09.149,-3.77975,-2.10869,6.5875,-0.09026,0.09593,-0.039274,25.692000000000007
1772223969150856495,2026-02-27 15:26:09.150,-3.79613,-2.14667,5.92215,-0.091369,0.096883,-0.034136,25.693000000000012
1772223969152050243,2026-02-27 15:26:09.152,-3.752,-2.13973,6.31895,-0.094421,0.095838,-0.035696,25.695000000000007
1772223969153249188,2026-02-27 15:26:09.153,-3.78583,-2.14236,6.56752,-0.092114,0.098471,-0.039377,25.696000000000012
1772223969154426281,2026-02-27 15:26:09.154,-3.77972,-2.12927,6.99664,-0.091907,0.096844,-0.042739,25.697000000000003
1772223969155574967,2026-02-27 15:26:09.155,-3.79708,-2.11937,6.95053,-0.090584,0.09734,-0.041874,25.698000000000008
1772223969156706898,2026-02-27 15:26:09.156,-3.8235,-2.05578,6.91076,-0.090506,0.098597,-0.042077,25.699000000000012
1772223969157836948,2026-02-27 15:26:09.157,-3.77888,-2.09873,7.01183,-0.091697,0.098416,-0.041879,25.700000000000003
1772223969159033239,2026-02-27 15:26:09.159,-3.85182,-2.06226,8.08564,-0.091912,0.098472,-0.050629,25.702000000000012
1772223969160231260,2026-02-27 15:26:09.160,-3.7913,-2.06173,7.62807,-0.090334,0.098631,-0.045759,25.703000000000003
1772223969161406669,2026-02-27 15:26:09.161,-3.69139,-2.01286,6.9569,-0.086808,0.096447,-0.039217,25.704000000000008
1772223969162533744,2026-02-27 15:26:09.162,-3.71621,-2.04937,6.79954,-0.087471,0.097954,-0.036997,25.705000000000013
1772223969163661931,2026-02-27 15:26:09.163,-3.69686,-2.01054,6.81686,-0.08945,0.097739,-0.036588,25.706000000000003
1772223969164838467,2026-02-27 15:26:09.164,-3.72483,-2.01019,6.73493,-0.089503,0.097572,-0.036616,25.707000000000008
1772223969166034453,2026-02-27 15:26:09.166,-3.68707,-1.98279,6.71202,-0.086671,0.098032,-0.035942,25.709000000000003
1772223969167233537,2026-02-27 15:26:09.167,-3.74007,-1.96536,5.79598,-0.089491,0.099812,-0.026881,25.710000000000008
1772223969168411063,2026-02-27 15:26:09.168,-3.66382,-1.95633,5.95566,-0.08769,0.097089,-0.026112,25.711000000000013
1772223969169527060,2026-02-27 15:26:09.169,-3.63227,-1.94477,6.49606,-0.085465,0.097121,-0.030693,25.712000000000003
1772223969170655505,2026-02-27 15:26:09.170,-3.62021,-1.88709,6.79127,-0.085953,0.097291,-0.032227,25.713000000000008
1772223969171830158,2026-02-27 15:26:09.171,-3.672,-1.95558,6.87317,-0.090061,0.096318,-0.032688,25.714
1772223969173026256,2026-02-27 15:26:09.173,-3.5385,-1.89835,6.80356,-0.084963,0.095307,-0.030727,25.716000000000008
1772223969174223494,2026-02-27 15:26:09.174,-3.52743,-1.92149,6.84063,-0.084136,0.095354,-0.030068,25.717
1772223969175414854,2026-02-27 15:26:09.175,-3.62447,-1.81963,7.87224,-0.080704,0.094824,-0.038493,25.718000000000004
1772223969176549155,2026-02-27 15:26:09.176,-3.5065,-1.87068,7.66929,-0.085824,0.094638,-0.035387,25.71900000000001
1772223969177682294,2026-02-27 15:26:09.177,-3.49112,-1.84245,7.29131,-0.08509,0.09384,-0.030435,25.72
1772223969178854520,2026-02-27 15:26:09.178,-3.47723,-1.85081,6.85942,-0.081672,0.095802,-0.026372,25.721000000000004
1772223969180052789,2026-02-27 15:26:09.180,-3.49247,-1.82356,6.72474,-0.081232,0.095389,-0.024485,25.723
1772223969181250827,2026-02-27 15:26:09.181,-3.45042,-1.82899,6.87627,-0.083164,0.093576,-0.022733,25.724000000000004
1772223969182423808,2026-02-27 15:26:09.182,-3.3949,-1.77882,6.78035,-0.081157,0.094556,-0.0202,25.72500000000001
1772223969183573819,2026-02-27 15:26:09.183,-3.41364,-1.77903,5.76006,-0.080183,0.095197,-0.010488,25.726
1772223969184701665,2026-02-27 15:26:09.184,-3.44306,-1.83175,6.33186,-0.083695,0.095344,-0.014106,25.727000000000004
1772223969185876097,2026-02-27 15:26:09.185,-3.47269,-1.81536,6.27202,-0.082655,0.09614,-0.014316,25.72800000000001
1772223969187072219,2026-02-27 15:26:09.187,-3.40169,-1.7758,6.71589,-0.078606,0.096086,-0.016354,25.730000000000004
1772223969188268609,2026-02-27 15:26:09.188,-3.46825,-1.8357,6.92578,-0.083618,0.094666,-0.017812,25.73100000000001
1772223969189440108,2026-02-27 15:26:09.189,-3.40435,-1.82246,6.91006,-0.080551,0.094717,-0.01501,25.732
1772223969190587357,2026-02-27 15:26:09.190,-3.36213,-1.89621,6.98403,-0.08133,0.094113,-0.01376,25.733000000000004
1772223969191767839,2026-02-27 15:26:09.191,-3.47697,-1.85319,8.00692,-0.08191,0.095462,-0.021042,25.73400000000001
1772223969192937799,2026-02-27 15:26:09.192,-3.38674,-1.80698,7.7034,-0.074402,0.0974,-0.017476,25.735
1772223969194138979,2026-02-27 15:26:09.194,-3.44461,-1.82416,7.80222,-0.075567,0.098004,-0.017218,25.73700000000001
1772223969195335579,2026-02-27 15:26:09.195,-3.42425,-1.81576,7.27273,-0.075651,0.097951,-0.010896,25.738
1772223969196523169,2026-02-27 15:26:09.196,-3.36303,-1.86907,6.95008,-0.074063,0.099725,-0.007928,25.739000000000004
1772223969197651847,2026-02-27 15:26:09.197,-3.39153,-1.86744,6.92044,-0.075095,0.09901,-0.006656,25.74000000000001
1772223969198849611,2026-02-27 15:26:09.198,-3.36219,-1.8848,7.01701,-0.076142,0.098979,-0.005796,25.741
1772223969200046161,2026-02-27 15:26:09.200,-3.39966,-1.89282,6.3229,-0.075152,0.099695,0.000683,25.74300000000001
1772223969201241682,2026-02-27 15:26:09.201,-3.36785,-1.87676,5.94724,-0.074141,0.100477,0.005389,25.744
1772223969202426777,2026-02-27 15:26:09.202,-3.32848,-1.93149,6.15633,-0.074749,0.098747,0.00461,25.745000000000005
1772223969203544112,2026-02-27 15:26:09.203,-3.29378,-1.90672,6.89693,-0.074306,0.098798,-0.002668,25.74600000000001
1772223969204673500,2026-02-27 15:26:09.204,-3.35333,-1.92284,7.12556,-0.075756,0.09883,-0.003616,25.747
1772223969205850611,2026-02-27 15:26:09.205,-3.3455,-1.87927,7.00243,-0.071242,0.100459,-0.003167,25.748000000000005
1772223969207055040,2026-02-27 15:26:09.207,-3.30044,-1.9038,7.14472,-0.073601,0.098797,-0.003152,25.75
1772223969208253130,2026-02-27 15:26:09.208,-3.31497,-1.86523,7.26002,-0.072978,0.100272,-0.005204,25.751000000000005
1772223969209425356,2026-02-27 15:26:09.209,-3.31598,-1.81985,8.13937,-0.071458,0.100375,-0.011926,25.75200000000001
1772223969210566670,2026-02-27 15:26:09.210,-3.32025,-1.81418,7.6375,-0.073199,0.100347,-0.006893,25.753
1772223969211698091,2026-02-27 15:26:09.211,-3.29166,-1.89341,7.08912,-0.075781,0.099394,-0.004091,25.754000000000005
1772223969212879201,2026-02-27 15:26:09.212,-3.25355,-1.79812,6.96153,-0.072505,0.099197,-0.002992,25.75500000000001
1772223969214075038,2026-02-27 15:26:09.214,-3.22972,-1.87789,7.07084,-0.077209,0.098053,-0.004352,25.757000000000005
1772223969215271404,2026-02-27 15:26:09.215,-3.24845,-1.81722,6.99233,-0.074551,0.098413,-0.004728,25.75800000000001
1772223969216471228,2026-02-27 15:26:09.216,-3.18089,-1.79047,6.9175,-0.07102,0.098642,-0.005363,25.759
1772223969217605420,2026-02-27 15:26:09.217,-3.24243,-1.81812,6.20647,-0.077332,0.099327,0.000103,25.760000000000005
1772223969218778760,2026-02-27 15:26:09.218,-3.19492,-1.796,6.20575,-0.072895,0.099468,0.000605,25.76100000000001
1772223969219984163,2026-02-27 15:26:09.219,-3.15782,-1.77252,6.73135,-0.071863,0.100281,-0.004871,25.762
1772223969221181375,2026-02-27 15:26:09.221,-3.19703,-1.84985,6.99396,-0.075621,0.099357,-0.008015,25.76400000000001
1772223969222480791,2026-02-27 15:26:09.222,-3.18466,-1.75731,6.99548,-0.074312,0.099379,-0.008157,25.765
1772223969223611313,2026-02-27 15:26:09.223,-3.20384,-1.76473,6.93013,-0.076307,0.100337,-0.010805,25.766000000000005
1772223969224784360,2026-02-27 15:26:09.224,-3.19272,-1.72358,7.78214,-0.074826,0.098815,-0.01646,25.76700000000001
1772223969225955125,2026-02-27 15:26:09.225,-3.21057,-1.68277,7.91783,-0.073217,0.100096,-0.018474,25.768
1772223969227126642,2026-02-27 15:26:09.227,-3.20251,-1.68791,7.68266,-0.073579,0.100645,-0.019908,25.77000000000001
1772223969228324800,2026-02-27 15:26:09.228,-3.12368,-1.6627,7.26502,-0.074401,0.099239,-0.01504,25.771
1772223969229503772,2026-02-27 15:26:09.229,-3.1279,-1.70741,6.96214,-0.0774,0.098559,-0.012505,25.772000000000006
1772223969230632701,2026-02-27 15:26:09.230,-3.11556,-1.66369,6.82593,-0.075143,0.09811,-0.013363,25.77300000000001
1772223969231797708,2026-02-27 15:26:09.231,-3.07247,-1.63791,6.85509,-0.074883,0.097058,-0.014618,25.774
1772223969232992104,2026-02-27 15:26:09.232,-3.111,-1.61551,6.5781,-0.074849,0.09818,-0.01283,25.775000000000006
1772223969234186361,2026-02-27 15:26:09.234,-3.09662,-1.61874,5.72473,-0.075719,0.097834,-0.006916,25.777
1772223969235382013,2026-02-27 15:26:09.235,-3.07454,-1.60008,6.07628,-0.074475,0.097424,-0.01075,25.778000000000006
1772223969236527882,2026-02-27 15:26:09.236,-3.06999,-1.57185,6.6536,-0.073111,0.096351,-0.018064,25.77900000000001
1772223969237670440,2026-02-27 15:26:09.237,-3.06999,-1.57185,6.6536,-0.073111,0.096351,-0.018064,25.78
1772223969238890423,2026-02-27 15:26:09.238,-3.06383,-1.57361,6.82702,-0.077289,0.094286,-0.019952,25.781000000000006
1772223969240084639,2026-02-27 15:26:09.240,-3.03826,-1.524,6.73527,-0.073652,0.095623,-0.021215,25.783
1772223969241285301,2026-02-27 15:26:09.241,-3.00785,-1.54136,6.9167,-0.075977,0.094841,-0.020965,25.784000000000006
1772223969242496666,2026-02-27 15:26:09.242,-3.04107,-1.46198,7.8555,-0.072596,0.09536,-0.030575,25.78500000000001
1772223969243629874,2026-02-27 15:26:09.243,-3.04739,-1.47129,7.55101,-0.075036,0.094161,-0.027787,25.786
1772223969244803883,2026-02-27 15:26:09.244,-3.03736,-1.47623,6.99077,-0.075203,0.095702,-0.023005,25.787000000000006
1772223969246002997,2026-02-27 15:26:09.246,-3.06091,-1.50784,6.71032,-0.077164,0.093807,-0.020826,25.789
1772223969247198084,2026-02-27 15:26:09.247,-3.02046,-1.46673,6.69712,-0.074532,0.094849,-0.021649,25.790000000000006
1772223969248393020,2026-02-27 15:26:09.248,-3.02267,-1.49823,6.63378,-0.07347,0.094793,-0.02125,25.79100000000001
1772223969249531932,2026-02-27 15:26:09.249,-3.06346,-1.45708,6.64972,-0.075201,0.094435,-0.020799,25.792
1772223969250660793,2026-02-27 15:26:09.250,-3.08048,-1.41047,5.82015,-0.075474,0.095724,-0.012275,25.793000000000006
1772223969251876852,2026-02-27 15:26:09.251,-3.07374,-1.4323,5.85133,-0.077531,0.096076,-0.014031,25.79400000000001
1772223969253074445,2026-02-27 15:26:09.253,-3.0499,-1.43196,6.40823,-0.078647,0.095471,-0.018237,25.796000000000006
1772223969254269963,2026-02-27 15:26:09.254,-3.09952,-1.42031,6.60504,-0.077607,0.095216,-0.020418,25.79700000000001
1772223969255483355,2026-02-27 15:26:09.255,-3.06421,-1.42547,6.73805,-0.074626,0.095422,-0.021803,25.798000000000002
1772223969256695364,2026-02-27 15:26:09.256,-3.08579,-1.36459,6.63719,-0.075867,0.096685,-0.022072,25.799000000000007
1772223969257907955,2026-02-27 15:26:09.257,-3.03842,-1.47947,7.37279,-0.076425,0.096836,-0.025401,25.80000000000001
1772223969259104295,2026-02-27 15:26:09.259,-3.17546,-1.50154,7.88,-0.072442,0.097034,-0.028392,25.802000000000007
1772223969260303115,2026-02-27 15:26:09.260,-3.18331,-1.51431,7.52807,-0.072645,0.099048,-0.024351,25.80300000000001
1772223969261639536,2026-02-27 15:26:09.261,-3.14563,-1.51757,7.22772,-0.074316,0.098668,-0.022006,25.804000000000002
1772223969262836793,2026-02-27 15:26:09.262,-3.12944,-1.53994,6.77717,-0.072948,0.097965,-0.018392,25.805000000000007
1772223969264023093,2026-02-27 15:26:09.264,-3.12797,-1.49169,6.79734,-0.073257,0.098422,-0.018369,25.807000000000002
1772223969265207521,2026-02-27 15:26:09.265,-3.16889,-1.48442,6.81087,-0.0749,0.098585,-0.017517,25.808000000000007
1772223969266407271,2026-02-27 15:26:09.266,-3.18929,-1.47205,6.82551,-0.073234,0.098513,-0.0166,25.80900000000001
1772223969267563436,2026-02-27 15:26:09.267,-3.21879,-1.41658,5.75857,-0.073206,0.09974,-0.006052,25.810000000000002
1772223969268693910,2026-02-27 15:26:09.268,-3.15041,-1.508,6.14912,-0.073627,0.099051,-0.009555,25.811000000000007
1772223969269867104,2026-02-27 15:26:09.269,-3.16094,-1.48929,6.72769,-0.072385,0.099614,-0.013901,25.812000000000012
1772223969271062428,2026-02-27 15:26:09.271,-3.17894,-1.51302,6.96711,-0.072505,0.099291,-0.016333,25.814000000000007
1772223969272264194,2026-02-27 15:26:09.272,-3.16575,-1.5032,6.97001,-0.07209,0.098623,-0.016742,25.815000000000012
1772223969273478014,2026-02-27 15:26:09.273,-3.15289,-1.51088,7.0083,-0.071799,0.098696,-0.0163,25.816000000000003
1772223969274610518,2026-02-27 15:26:09.274,-3.18173,-1.52848,7.01071,-0.071629,0.099447,-0.016727,25.817000000000007
1772223969275764306,2026-02-27 15:26:09.275,-3.21139,-1.45266,7.73076,-0.067677,0.10187,-0.023914,25.818000000000012
1772223969276962211,2026-02-27 15:26:09.276,-3.1813,-1.50173,7.79184,-0.069266,0.100457,-0.023937,25.819000000000003
1772223969278160293,2026-02-27 15:26:09.278,-3.19469,-1.54055,7.24612,-0.067448,0.100712,-0.018236,25.821000000000012
1772223969279357152,2026-02-27 15:26:09.279,-3.11624,-1.61718,6.92693,-0.067944,0.100079,-0.015937,25.822000000000003
1772223969280566430,2026-02-27 15:26:09.280,-3.16563,-1.60683,6.92537,-0.065347,0.101532,-0.015658,25.823000000000008
1772223969281688876,2026-02-27 15:26:09.281,-3.17868,-1.5992,7.0004,-0.066938,0.101484,-0.014783,25.824000000000012
1772223969282901873,2026-02-27 15:26:09.282,-3.13747,-1.6374,6.60236,-0.064353,0.101684,-0.009656,25.825000000000003
1772223969284098043,2026-02-27 15:26:09.284,-3.15175,-1.69356,6.04922,-0.066843,0.102231,-0.006199,25.827000000000012
1772223969285293238,2026-02-27 15:26:09.285,-3.07923,-1.68585,6.44926,-0.064004,0.100812,-0.007857,25.828000000000003
1772223969286499429,2026-02-27 15:26:09.286,-3.14323,-1.68416,6.85418,-0.064307,0.101038,-0.01081,25.829000000000008
1772223969287633061,2026-02-27 15:26:09.287,-3.23177,-1.6859,7.30714,-0.066266,0.101668,-0.015047,25.830000000000013
1772223969288782705,2026-02-27 15:26:09.288,-3.15092,-1.66639,7.2783,-0.063441,0.101805,-0.013332,25.831000000000003
1772223969289978878,2026-02-27 15:26:09.289,-3.15196,-1.71668,7.33957,-0.063453,0.1023,-0.013333,25.832000000000008
1772223969291175330,2026-02-27 15:26:09.291,-3.13917,-1.67418,7.47094,-0.063427,0.101679,-0.01473,25.834000000000003
1772223969292345210,2026-02-27 15:26:09.292,-3.18413,-1.65218,8.4181,-0.062761,0.100926,-0.022689,25.835000000000008
1772223969293555661,2026-02-27 15:26:09.293,-3.15106,-1.67212,7.99979,-0.061352,0.103171,-0.017613,25.836000000000013
1772223969294684867,2026-02-27 15:26:09.294,-3.17348,-1.68937,7.53436,-0.062307,0.103402,-0.011909,25.837000000000003
1772223969295854052,2026-02-27 15:26:09.295,-3.2257,-1.72671,7.31963,-0.063016,0.105116,-0.01035,25.838000000000008
1772223969297048622,2026-02-27 15:26:09.297,-3.21563,-1.74746,7.38063,-0.062492,0.103834,-0.010304,25.840000000000003
1772223969298244712,2026-02-27 15:26:09.298,-3.25036,-1.77972,7.36369,-0.065024,0.105452,-0.011029,25.841000000000008
1772223969299439732,2026-02-27 15:26:09.299,-3.21378,-1.80108,7.43805,-0.063175,0.105474,-0.0097,25.842
1772223969300578576,2026-02-27 15:26:09.300,-3.14439,-1.78516,6.40466,-0.061951,0.105111,-0.000872,25.843000000000004
1772223969301709039,2026-02-27 15:26:09.301,-3.18838,-1.82818,6.56912,-0.062928,0.106134,-0.001243,25.84400000000001
1772223969302879994,2026-02-27 15:26:09.302,-3.22644,-1.82684,7.14564,-0.062499,0.106893,-0.00539,25.845
1772223969304074800,2026-02-27 15:26:09.304,-3.22778,-1.82719,7.38932,-0.063072,0.106498,-0.008465,25.84700000000001
1772223969305267714,2026-02-27 15:26:09.305,-3.19739,-1.82812,7.49523,-0.064309,0.105913,-0.009083,25.848
1772223969306477497,2026-02-27 15:26:09.306,-3.203,-1.82445,7.43474,-0.061705,0.105893,-0.009056,25.849000000000004
1772223969307569302,2026-02-27 15:26:09.307,-3.24429,-1.84982,7.38101,-0.062259,0.105598,-0.010364,25.85000000000001
1772223969308698699,2026-02-27 15:26:09.308,-3.19432,-1.8176,8.43933,-0.05875,0.104841,-0.019319,25.851
1772223969309893120,2026-02-27 15:26:09.309,-3.17685,-1.81167,8.19113,-0.057428,0.105872,-0.018596,25.852000000000004
1772223969311087765,2026-02-27 15:26:09.311,-3.12293,-1.82318,7.7785,-0.059498,0.105198,-0.014622,25.854
1772223969312282625,2026-02-27 15:26:09.312,-3.11387,-1.87365,7.36745,-0.061904,0.103643,-0.011063,25.855000000000004
1772223969313488100,2026-02-27 15:26:09.313,-3.08493,-1.87336,7.25062,-0.060569,0.103411,-0.011754,25.85600000000001
1772223969314677008,2026-02-27 15:26:09.314,-3.12401,-1.86797,7.33732,-0.062834,0.103563,-0.012798,25.857
1772223969315886397,2026-02-27 15:26:09.315,-3.06557,-1.8338,7.19085,-0.061898,0.102804,-0.012008,25.858000000000004
1772223969317085142,2026-02-27 15:26:09.317,-3.02792,-1.89897,6.30855,-0.061242,0.101767,-0.00462,25.86
1772223969318279755,2026-02-27 15:26:09.318,-3.04743,-1.88931,6.70084,-0.061412,0.101295,-0.008655,25.861000000000004
1772223969319485591,2026-02-27 15:26:09.319,-2.99289,-1.88879,6.77166,-0.059674,0.101415,-0.009894,25.86200000000001
1772223969320615993,2026-02-27 15:26:09.320,-2.99768,-1.85564,7.14837,-0.059002,0.10162,-0.014567,25.863
1772223969321770148,2026-02-27 15:26:09.321,-3.01461,-1.87854,7.34271,-0.059783,0.100548,-0.016385,25.864000000000004
1772223969322966872,2026-02-27 15:26:09.322,-2.98165,-1.89882,7.32598,-0.060516,0.101067,-0.016875,25.86500000000001
1772223969324162430,2026-02-27 15:26:09.324,-2.97991,-1.88254,7.38364,-0.062024,0.10054,-0.016432,25.867000000000004
1772223969325335759,2026-02-27 15:26:09.325,-2.92777,-1.87002,8.38847,-0.057986,0.100879,-0.026501,25.86800000000001
1772223969326549593,2026-02-27 15:26:09.326,-2.96225,-1.91369,7.99987,-0.06007,0.100598,-0.023341,25.869
1772223969327683922,2026-02-27 15:26:09.327,-2.92964,-1.9177,8.00076,-0.060692,0.101524,-0.023388,25.870000000000005
1772223969328842263,2026-02-27 15:26:09.328,-2.94878,-1.91516,7.13801,-0.061275,0.099698,-0.016147,25.87100000000001
1772223969330039342,2026-02-27 15:26:09.330,-2.94645,-1.9331,7.16089,-0.06236,0.099487,-0.016593,25.873000000000005
1772223969331234858,2026-02-27 15:26:09.331,-2.91937,-1.89874,7.16014,-0.061437,0.09932,-0.016354,25.87400000000001
1772223969332430749,2026-02-27 15:26:09.332,-2.88601,-1.91712,7.18331,-0.063456,0.098334,-0.016825,25.875
1772223969333682592,2026-02-27 15:26:09.333,-2.87922,-1.93456,6.40244,-0.061841,0.099477,-0.00935,25.876000000000005
1772223969334864196,2026-02-27 15:26:09.334,-2.84018,-1.94007,6.30106,-0.064758,0.099089,-0.009486,25.87700000000001
1772223969336063259,2026-02-27 15:26:09.336,-2.9063,-1.8536,6.74103,-0.063795,0.098656,-0.014685,25.879000000000005
1772223969337259616,2026-02-27 15:26:09.337,-2.89715,-1.87755,6.94103,-0.062256,0.099053,-0.01713,25.88000000000001
1772223969338471414,2026-02-27 15:26:09.338,-2.86766,-1.87682,7.0913,-0.063796,0.097519,-0.018354,25.881
1772223969339599614,2026-02-27 15:26:09.339,-2.86326,-1.8963,7.04517,-0.065239,0.097888,-0.017574,25.882000000000005
1772223969340733641,2026-02-27 15:26:09.340,-2.83617,-1.87928,6.98667,-0.063461,0.098251,-0.017795,25.88300000000001
1772223969341886825,2026-02-27 15:26:09.341,-2.83148,-1.80472,8.03487,-0.064246,0.09763,-0.02872,25.884
1772223969343089496,2026-02-27 15:26:09.343,-1.04032,-2.14169,7.13621,-0.064344,0.054053,-0.043228,25.88600000000001
1772223969344286657,2026-02-27 15:26:09.344,-0.038341,-2.17516,7.48837,-0.086139,-0.099589,-0.091122,25.887
1772223969345496887,2026-02-27 15:26:09.345,-0.623287,-1.765,6.65473,-0.068679,0.001105,-0.082979,25.888000000000005
1772223969346626516,2026-02-27 15:26:09.346,0.066633,-1.74803,5.63339,-0.065817,0.000408,-0.077235,25.88900000000001
1772223969347789743,2026-02-27 15:26:09.347,0.241108,-1.55744,5.43314,-0.062527,-0.014811,-0.068073,25.89
1772223969348965669,2026-02-27 15:26:09.348,0.250945,-1.28862,5.89986,-0.053996,-0.011306,-0.073528,25.891000000000005
1772223969350164469,2026-02-27 15:26:09.350,0.287869,-1.19379,4.86842,-0.052124,-0.009033,-0.074488,25.893
1772223969351365088,2026-02-27 15:26:09.351,0.169881,-1.2528,5.28899,-0.054034,-0.005028,-0.089486,25.894000000000005
1772223969352572018,2026-02-27 15:26:09.352,-0.061112,-1.24835,5.41816,-0.051994,0.004065,-0.090869,25.89500000000001
1772223969353724037,2026-02-27 15:26:09.353,-0.164991,-1.25355,5.80762,-0.049802,0.013716,-0.091124,25.896
1772223969354885220,2026-02-27 15:26:09.354,-0.437735,-1.39485,5.47663,-0.05463,0.040625,-0.071654,25.897000000000006
1772223969356076791,2026-02-27 15:26:09.356,-0.700854,-1.62856,5.44528,-0.055709,0.045077,-0.067466,25.899
1772223969357272474,2026-02-27 15:26:09.357,-1.01358,-1.79394,5.79507,-0.059566,0.044267,-0.065973,25.900000000000006
1772223969358442945,2026-02-27 15:26:09.358,-1.17246,-1.9135,6.90136,-0.059679,0.048911,-0.073526,25.90100000000001
1772223969359572108,2026-02-27 15:26:09.359,-1.33497,-1.97848,6.95399,-0.058807,0.057064,-0.066068,25.902
1772223969360706147,2026-02-27 15:26:09.360,-1.3085,-1.83461,6.74425,-0.056345,0.064564,-0.052083,25.903000000000006
1772223969361855881,2026-02-27 15:26:09.361,-1.35834,-1.76705,6.20443,-0.055304,0.065674,-0.034796,25.90400000000001
1772223969363027780,2026-02-27 15:26:09.363,-1.366,-1.54115,5.36475,-0.04819,0.066401,-0.024313,25.906000000000006
1772223969364223654,2026-02-27 15:26:09.364,-1.30149,-1.44533,5.24404,-0.048057,0.065712,-0.027555,25.90700000000001
1772223969365419408,2026-02-27 15:26:09.365,-1.31443,-1.36949,5.01629,-0.046258,0.064753,-0.030143,25.908
1772223969366562743,2026-02-27 15:26:09.366,-1.34555,-1.25589,4.56938,-0.045935,0.069248,-0.027166,25.909000000000006
1772223969367689889,2026-02-27 15:26:09.367,-1.31173,-1.24053,3.86507,-0.043725,0.07118,-0.01879,25.91000000000001
1772223969368840954,2026-02-27 15:26:09.368,-1.4737,-1.21571,4.26162,-0.041151,0.073039,-0.017371,25.911
1772223969370010589,2026-02-27 15:26:09.370,-1.64961,-1.1996,5.06011,-0.042826,0.074092,-0.015378,25.91300000000001
1772223969371208119,2026-02-27 15:26:09.371,-1.69986,-1.26992,5.27015,-0.043384,0.07395,-0.013359,25.914
1772223969372409351,2026-02-27 15:26:09.372,-1.71618,-1.25268,5.26471,-0.040771,0.069804,-0.009382,25.915000000000006
1772223969373559536,2026-02-27 15:26:09.373,-1.67678,-1.28758,5.27145,-0.04132,0.066984,-0.007253,25.91600000000001
1772223969374688391,2026-02-27 15:26:09.374,-1.70979,-1.39708,5.27304,-0.041809,0.064181,-0.007689,25.917
1772223969375856733,2026-02-27 15:26:09.375,-1.78746,-1.39174,5.91411,-0.047507,0.065588,-0.015972,25.918000000000006
1772223969377039510,2026-02-27 15:26:09.377,-1.64476,-1.44198,5.72924,-0.04893,0.065301,-0.018558,25.92
1772223969378238930,2026-02-27 15:26:09.378,-1.75307,-1.46149,5.18717,-0.05387,0.066655,-0.017221,25.921000000000006
1772223969379435155,2026-02-27 15:26:09.379,-0.444032,-1.8852,4.36994,-0.067304,0.013946,-0.034162,25.92200000000001
1772223969380580791,2026-02-27 15:26:09.380,0.406885,-2.16587,3.55022,-0.079158,-0.013192,-0.06393,25.923000000000002
1772223969381730198,2026-02-27 15:26:09.381,0.129814,-2.01961,3.28953,-0.069918,0.018763,-0.070314,25.924000000000007
1772223969382892430,2026-02-27 15:26:09.382,-0.051127,-2.00581,3.13651,-0.070796,0.025908,-0.065928,25.92500000000001
1772223969384083450,2026-02-27 15:26:09.384,-0.153634,-1.81418,2.87585,-0.062899,0.021425,-0.041326,25.927000000000007
1772223969385280970,2026-02-27 15:26:09.385,-0.192376,-1.66918,3.16808,-0.052825,0.028527,-0.03861,25.92800000000001
1772223969386493063,2026-02-27 15:26:09.386,-0.369226,-1.47492,3.7964,-0.048669,0.032797,-0.04145,25.929000000000002
1772223969387626523,2026-02-27 15:26:09.387,-0.506465,-1.43674,4.11886,-0.051742,0.03735,-0.04451,25.930000000000007
1772223969388823164,2026-02-27 15:26:09.388,-0.500431,-1.43552,4.08249,-0.049415,0.045116,-0.044814,25.93100000000001
1772223969389997573,2026-02-27 15:26:09.389,-0.455697,-1.47066,3.3784,-0.046123,0.052992,-0.042519,25.932000000000002
1772223969391174303,2026-02-27 15:26:09.391,-0.389804,-1.53198,3.73009,-0.048232,0.054722,-0.049514,25.93400000000001
1772223969392343953,2026-02-27 15:26:09.392,-0.27467,-1.68303,3.99341,-0.048336,0.053219,-0.055264,25.935000000000002
1772223969393557732,2026-02-27 15:26:09.393,-0.240124,-1.78385,3.43171,-0.052339,0.052997,-0.053593,25.936000000000007
1772223969394692518,2026-02-27 15:26:09.394,-0.169425,-1.90483,2.99287,-0.05479,0.051844,-0.05184,25.937000000000012
1772223969395893295,2026-02-27 15:26:09.395,-0.141308,-2.00177,2.51255,-0.057142,0.051426,-0.050081,25.938000000000002
1772223969397071925,2026-02-27 15:26:09.397,-0.13973,-2.1361,2.29341,-0.06064,0.051322,-0.054192,25.940000000000012
1772223969398274415,2026-02-27 15:26:09.398,-0.196068,-2.26948,2.28727,-0.067129,0.050739,-0.056927,25.941000000000003
1772223969399484968,2026-02-27 15:26:09.399,-0.203731,-2.31619,2.13185,-0.06779,0.051717,-0.05813,25.942000000000007
1772223969400618484,2026-02-27 15:26:09.400,-0.12308,-2.4076,0.908219,-0.068585,0.051948,-0.051445,25.943000000000012
1772223969401818147,2026-02-27 15:26:09.401,-0.15712,-2.49153,1.29737,-0.073274,0.052325,-0.058409,25.944000000000003
1772223969403005336,2026-02-27 15:26:09.403,-0.151387,-2.65366,1.3669,-0.077165,0.056529,-0.066083,25.946000000000012
1772223969404183131,2026-02-27 15:26:09.404,-0.178596,-2.74181,1.43408,-0.076439,0.058469,-0.070151,25.947000000000003
1772223969405381584,2026-02-27 15:26:09.405,-0.136418,-2.77023,1.25551,-0.0782,0.061069,-0.070792,25.948000000000008
1772223969406568717,2026-02-27 15:26:09.406,-0.165359,-2.85393,1.12843,-0.083064,0.061877,-0.070364,25.949000000000012
1772223969407721919,2026-02-27 15:26:09.407,-0.119428,-2.93453,1.00647,-0.087127,0.064424,-0.070412,25.950000000000003
1772223969408905469,2026-02-27 15:26:09.408,-0.246335,-3.00298,1.80608,-0.091071,0.066955,-0.081163,25.951000000000008
1772223969410079383,2026-02-27 15:26:09.410,-0.243494,-3.07777,1.36602,-0.092993,0.073076,-0.076026,25.953000000000003
1772223969411273564,2026-02-27 15:26:09.411,-0.18774,-3.14545,0.567455,-0.096135,0.076602,-0.072169,25.954000000000008
1772223969412484841,2026-02-27 15:26:09.412,-0.129564,-3.16651,-0.187761,-0.094069,0.081376,-0.068386,25.955000000000013
1772223969413614109,2026-02-27 15:26:09.413,-0.088324,-3.17912,-0.429447,-0.094434,0.08513,-0.068613,25.956000000000003
1772223969414745111,2026-02-27 15:26:09.414,-0.098592,-3.26153,-0.6579,-0.098288,0.089051,-0.068064,25.957000000000008
1772223969415878888,2026-02-27 15:26:09.415,-0.116861,-3.30583,-0.911738,-0.098987,0.093199,-0.066585,25.958000000000013
1772223969417051859,2026-02-27 15:26:09.417,-0.199789,-3.32801,-2.23293,-0.101874,0.101142,-0.054642,25.960000000000008
1772223969418229392,2026-02-27 15:26:09.418,-0.165212,-3.33596,-2.22349,-0.10286,0.10417,-0.052805,25.961000000000013
1772223969419424853,2026-02-27 15:26:09.419,-0.250211,-3.40972,-1.90067,-0.104363,0.107543,-0.055691,25.962000000000003
1772223969420559932,2026-02-27 15:26:09.420,-0.207653,-3.46155,-1.90447,-0.105243,0.113699,-0.057992,25.963000000000008
1772223969421686931,2026-02-27 15:26:09.421,-0.138991,-3.60177,-2.35888,-0.10999,0.125069,-0.059909,25.964
1772223969422869847,2026-02-27 15:26:09.422,0.018356,-3.67199,-2.98977,-0.114476,0.133044,-0.062734,25.965000000000003
1772223969424043392,2026-02-27 15:26:09.424,-0.047017,-3.76279,-3.5888,-0.118791,0.142211,-0.0648,25.967
1772223969425221516,2026-02-27 15:26:09.425,-0.037416,-3.78106,-2.98347,-0.116758,0.148108,-0.069867,25.968000000000004
1772223969426418795,2026-02-27 15:26:09.426,-0.112969,-3.80901,-3.75474,-0.119831,0.154568,-0.064231,25.96900000000001
1772223969427562062,2026-02-27 15:26:09.427,-0.099169,-3.79398,-4.05841,-0.119435,0.162395,-0.061089,25.97
1772223969428692054,2026-02-27 15:26:09.428,-0.114055,-3.8915,-4.86573,-0.122568,0.169268,-0.055981,25.971000000000004
1772223969429865150,2026-02-27 15:26:09.429,-0.145313,-3.89758,-5.28419,-0.121418,0.175653,-0.054132,25.97200000000001
1772223969431050331,2026-02-27 15:26:09.431,-0.109938,-3.96746,-5.90837,-0.123499,0.187134,-0.054964,25.974000000000004
1772223969432226155,2026-02-27 15:26:09.432,-0.027313,-4.07671,-6.2845,-0.125105,0.194707,-0.056279,25.97500000000001
1772223969433421535,2026-02-27 15:26:09.433,-0.04295,-4.11802,-7.63122,-0.131577,0.199738,-0.04678,25.976
1772223969434570281,2026-02-27 15:26:09.434,-0.055971,-4.20195,-7.68814,-0.13373,0.20456,-0.050598,25.977000000000004
1772223969435698399,2026-02-27 15:26:09.435,-0.013336,-4.21668,-7.97006,-0.133784,0.209256,-0.050857,25.97800000000001
1772223969436871983,2026-02-27 15:26:09.436,-0.115441,-4.28208,-7.72384,-0.138495,0.213636,-0.054708,25.979
1772223969438056818,2026-02-27 15:26:09.438,-0.107773,-4.31113,-7.75166,-0.137989,0.218511,-0.056515,25.98100000000001
1772223969439237114,2026-02-27 15:26:09.439,-0.187187,-4.42707,-8.13264,-0.145765,0.227813,-0.054695,25.982
1772223969440432729,2026-02-27 15:26:09.440,-0.298091,-4.45492,-8.39632,-0.148397,0.234634,-0.055163,25.983000000000004
1772223969441564356,2026-02-27 15:26:09.441,-0.355929,-4.53066,-7.80018,-0.149442,0.238327,-0.062396,25.98400000000001
1772223969442841582,2026-02-27 15:26:09.442,-0.412543,-4.58881,-7.8504,-0.152482,0.243342,-0.06427,25.985
1772223969444036255,2026-02-27 15:26:09.444,-0.425659,-4.66697,-8.12809,-0.15602,0.245947,-0.062436,25.98700000000001
1772223969445206882,2026-02-27 15:26:09.445,-0.55674,-4.79679,-9.38915,-0.162259,0.254917,-0.053781,25.988
1772223969446404417,2026-02-27 15:26:09.446,-0.633504,-4.84079,-9.65891,-0.168222,0.259258,-0.053459,25.989000000000004
1772223969447558606,2026-02-27 15:26:09.447,-0.674261,-4.8374,-9.84686,-0.166662,0.26242,-0.052697,25.99000000000001
1772223969448708880,2026-02-27 15:26:09.448,-0.770755,-4.937,-9.98927,-0.171709,0.266769,-0.05316,25.991
1772223969449883888,2026-02-27 15:26:09.449,-0.729944,-4.98114,-10.4003,-0.172053,0.270694,-0.049228,25.992000000000004
1772223969451071159,2026-02-27 15:26:09.451,-0.835175,-4.98783,-11.4558,-0.174466,0.275892,-0.040697,25.994
1772223969452261414,2026-02-27 15:26:09.452,-0.942791,-5.08972,-11.2612,-0.179729,0.284304,-0.045947,25.995000000000005
1772223969453475549,2026-02-27 15:26:09.453,-0.981809,-5.15753,-11.1008,-0.180172,0.288304,-0.048719,25.99600000000001
1772223969454608210,2026-02-27 15:26:09.454,-1.07229,-5.1284,-11.0805,-0.182674,0.292915,-0.048975,25.997
1772223969455740780,2026-02-27 15:26:09.455,-1.09967,-5.20161,-11.2616,-0.185494,0.297131,-0.049435,25.998000000000005
1772223969456917671,2026-02-27 15:26:09.456,-1.13912,-5.3027,-11.5278,-0.188214,0.302742,-0.049328,25.99900000000001
1772223969458104695,2026-02-27 15:26:09.458,-1.16896,-5.31092,-11.6704,-0.189282,0.308946,-0.049296,26.001000000000005
1772223969459285478,2026-02-27 15:26:09.459,-1.36414,-5.31533,-11.445,-0.194006,0.320053,-0.053172,26.00200000000001
1772223969460496152,2026-02-27 15:26:09.460,-1.42388,-5.35695,-11.6188,-0.194031,0.326776,-0.054639,26.003
1772223969461633467,2026-02-27 15:26:09.461,-1.5977,-5.41332,-12.4407,-0.198112,0.335476,-0.047764,26.004000000000005
1772223969462831332,2026-02-27 15:26:09.462,-1.59006,-5.50833,-13.0236,-0.199494,0.341914,-0.045704,26.00500000000001
1772223969464031569,2026-02-27 15:26:09.464,-1.77286,-5.56617,-13.2147,-0.202106,0.352462,-0.044881,26.007000000000005
1772223969465218176,2026-02-27 15:26:09.465,-2.04833,-5.71214,-13.8583,-0.207456,0.370207,-0.043614,26.00800000000001
1772223969466414355,2026-02-27 15:26:09.466,-2.13768,-5.7966,-14.9776,-0.209419,0.376887,-0.034542,26.009
1772223969467566441,2026-02-27 15:26:09.467,-2.40758,-5.86598,-15.4525,-0.211315,0.385571,-0.034216,26.010000000000005
1772223969468702985,2026-02-27 15:26:09.468,-2.57399,-5.94929,-15.7935,-0.213793,0.396169,-0.032216,26.01100000000001
1772223969469898206,2026-02-27 15:26:09.469,-2.74729,-6.07483,-15.5309,-0.219347,0.401951,-0.035661,26.012
1772223969471085139,2026-02-27 15:26:09.471,-2.89939,-6.08553,-15.5806,-0.216658,0.412754,-0.037422,26.01400000000001
1772223969472256919,2026-02-27 15:26:09.472,-3.23724,-6.29851,-16.0579,-0.226737,0.432299,-0.037044,26.015
1772223969473471674,2026-02-27 15:26:09.473,-3.31187,-6.38738,-16.3613,-0.223883,0.443597,-0.037113,26.016000000000005
1772223969474563724,2026-02-27 15:26:09.474,-3.43711,-6.44813,-16.1732,-0.227273,0.45388,-0.041254,26.01700000000001
1772223969475693472,2026-02-27 15:26:09.475,-3.56691,-6.49272,-15.8084,-0.228873,0.465488,-0.047404,26.018
1772223969476892406,2026-02-27 15:26:09.476,-3.64165,-6.591,-16.373,-0.232342,0.47296,-0.045348,26.019000000000005
1772223969478094987,2026-02-27 15:26:09.478,-3.74832,-6.65962,-16.9017,-0.233369,0.484284,-0.04239,26.021
1772223969479278841,2026-02-27 15:26:09.479,-3.93987,-6.79855,-17.8611,-0.237378,0.499522,-0.036149,26.022000000000006
1772223969480485235,2026-02-27 15:26:09.480,-4.0777,-6.81255,-17.9512,-0.2367,0.507596,-0.034952,26.02300000000001
1772223969481623177,2026-02-27 15:26:09.481,-4.16092,-6.87639,-18.2118,-0.237577,0.51641,-0.035661,26.024
1772223969482819408,2026-02-27 15:26:09.482,-4.20971,-6.8728,-18.4573,-0.23634,0.522526,-0.035405,26.025000000000006
1772223969484018481,2026-02-27 15:26:09.484,-4.34024,-6.93207,-19.5459,-0.240479,0.528646,-0.025034,26.027
1772223969485211448,2026-02-27 15:26:09.485,-4.50533,-7.01938,-19.5048,-0.244466,0.539405,-0.028627,26.028000000000006
1772223969486390706,2026-02-27 15:26:09.486,-4.59518,-7.01105,-19.1662,-0.24281,0.545542,-0.030578,26.02900000000001
1772223969487570126,2026-02-27 15:26:09.487,-4.63485,-6.9449,-19.1333,-0.241711,0.549737,-0.032463,26.03
1772223969488703212,2026-02-27 15:26:09.488,-4.70195,-7.02804,-19.3157,-0.240768,0.554118,-0.032616,26.031000000000006
1772223969489880807,2026-02-27 15:26:09.489,-4.75194,-7.08655,-19.3001,-0.243186,0.557142,-0.032066,26.03200000000001
1772223969491081378,2026-02-27 15:26:09.491,-4.79745,-7.05137,-19.4503,-0.24432,0.562957,-0.030933,26.034000000000006
1772223969492267880,2026-02-27 15:26:09.492,-4.94568,-7.01287,-18.9065,-0.242454,0.57068,-0.036371,26.03500000000001
1772223969493482971,2026-02-27 15:26:09.493,-5.03144,-7.06663,-19.0938,-0.240703,0.574071,-0.035828,26.036
1772223969494617246,2026-02-27 15:26:09.494,-5.14722,-7.10168,-19.7051,-0.242252,0.578636,-0.029811,26.037000000000006
1772223969495746791,2026-02-27 15:26:09.495,-5.20518,-7.08738,-20.0395,-0.245258,0.582095,-0.025584,26.03800000000001
1772223969496878605,2026-02-27 15:26:09.496,-5.27716,-7.08285,-20.1915,-0.243414,0.585666,-0.024144,26.039
1772223969498079146,2026-02-27 15:26:09.498,-5.33126,-7.12081,-20.2193,-0.244414,0.58795,-0.023136,26.04100000000001
1772223969499272238,2026-02-27 15:26:09.499,-5.45282,-7.05641,-20.7689,-0.242669,0.594918,-0.016994,26.042
1772223969500475647,2026-02-27 15:26:09.500,-5.51683,-7.03557,-21.3752,-0.242133,0.597409,-0.01154,26.043000000000006
1772223969501607983,2026-02-27 15:26:09.501,-5.58859,-7.09858,-21.1026,-0.243574,0.599942,-0.012946,26.04400000000001
1772223969502784423,2026-02-27 15:26:09.502,-5.59589,-7.0342,-20.7994,-0.240445,0.603037,-0.015497,26.045
1772223969503984401,2026-02-27 15:26:09.503,-5.6697,-7.06023,-20.6057,-0.240999,0.604094,-0.017312,26.046000000000006
1772223969505180226,2026-02-27 15:26:09.505,-5.70879,-7.07529,-20.4787,-0.242416,0.606679,-0.018151,26.048000000000002
1772223969506366357,2026-02-27 15:26:09.506,-5.89253,-7.06053,-20.6637,-0.241329,0.614177,-0.015026,26.049000000000007
1772223969507551830,2026-02-27 15:26:09.507,-5.91888,-7.0841,-20.6279,-0.241194,0.617969,-0.014203,26.05000000000001
1772223969508684209,2026-02-27 15:26:09.508,-5.95878,-7.06933,-19.7894,-0.240263,0.620438,-0.02099,26.051000000000002
1772223969509857869,2026-02-27 15:26:09.509,-6.06707,-7.06281,-20.3811,-0.236918,0.627174,-0.01765,26.052000000000007
1772223969511033494,2026-02-27 15:26:09.511,-6.12998,-7.01628,-20.5452,-0.237019,0.632145,-0.017542,26.054000000000002
1772223969512208356,2026-02-27 15:26:09.512,-6.33434,-7.0254,-21.3345,-0.239846,0.6436,-0.009339,26.055000000000007
1772223969513394644,2026-02-27 15:26:09.513,-6.41745,-7.06777,-21.3576,-0.239272,0.648921,-0.008968,26.05600000000001
1772223969514540922,2026-02-27 15:26:09.514,-6.45044,-7.05554,-21.6654,-0.238291,0.654377,-0.008532,26.057000000000002
1772223969515669026,2026-02-27 15:26:09.515,-6.65905,-7.08293,-21.7537,-0.237191,0.654869,-0.008034,26.058000000000007
1772223969516846942,2026-02-27 15:26:09.516,-7.12382,-7.02054,-23.065,-0.240247,0.635402,0.006721,26.05900000000001
1772223969518044861,2026-02-27 15:26:09.518,-7.53469,-6.99096,-23.1169,-0.238137,0.633394,0.010434,26.061000000000007
1772223969519227497,2026-02-27 15:26:09.519,-7.93486,-7.12554,-23.5614,-0.240158,0.6268,0.014672,26.062000000000012
1772223969520411689,2026-02-27 15:26:09.520,-8.33459,-7.22094,-23.268,-0.231578,0.623884,0.009466,26.063000000000002
1772223969521527926,2026-02-27 15:26:09.521,-8.65186,-7.26964,-23.3536,-0.227853,0.625631,0.009411,26.064000000000007
1772223969522658348,2026-02-27 15:26:09.522,-8.90088,-7.35867,-23.522,-0.226915,0.627675,0.009615,26.065000000000012
1772223969523835008,2026-02-27 15:26:09.523,-9.13141,-7.3978,-23.751,-0.224624,0.633667,0.009984,26.066000000000003
1772223969525038763,2026-02-27 15:26:09.525,-9.40784,-7.52475,-23.315,-0.221871,0.636093,0.004994,26.068000000000012
1772223969526227600,2026-02-27 15:26:09.526,-9.69167,-7.58238,-23.1744,-0.225241,0.640825,0.00442,26.069000000000003
1772223969527401800,2026-02-27 15:26:09.527,-10.0434,-7.73606,-24.2842,-0.220564,0.651985,0.011759,26.070000000000007
1772223969528546577,2026-02-27 15:26:09.528,-10.246,-7.80538,-24.8387,-0.222105,0.657306,0.01505,26.071000000000012
1772223969529678852,2026-02-27 15:26:09.529,-10.4117,-7.93516,-25.0159,-0.222294,0.665048,0.016992,26.072000000000003
1772223969530854314,2026-02-27 15:26:09.530,-10.5939,-7.94926,-25.195,-0.21779,0.679875,0.019639,26.073000000000008
1772223969532053358,2026-02-27 15:26:09.532,-10.7286,-8.05617,-25.3827,-0.214811,0.69329,0.020483,26.075000000000003
1772223969533247754,2026-02-27 15:26:09.533,-10.926,-8.19016,-25.5721,-0.222827,0.70455,0.020723,26.076000000000008
1772223969534435862,2026-02-27 15:26:09.534,-10.9795,-8.35845,-26.4921,-0.217663,0.729217,0.025233,26.077000000000012
1772223969535587111,2026-02-27 15:26:09.535,-11.0551,-8.51412,-26.6625,-0.215228,0.740406,0.023485,26.078000000000003
1772223969536723305,2026-02-27 15:26:09.536,-10.9687,-8.56179,-26.3752,-0.210717,0.747589,0.017575,26.079000000000008
1772223969537855875,2026-02-27 15:26:09.537,-11.0565,-8.75441,-26.447,-0.21075,0.753676,0.009699,26.080000000000013
1772223969539055035,2026-02-27 15:26:09.539,-11.0885,-8.89336,-26.424,-0.206766,0.769109,0.00673,26.082000000000008
1772223969540256406,2026-02-27 15:26:09.540,-11.1175,-8.95782,-26.4969,-0.206504,0.789563,0.005944,26.083000000000013
1772223969541448522,2026-02-27 15:26:09.541,-10.9638,-9.11039,-25.7987,-0.200292,0.825144,-0.011973,26.084000000000003
1772223969542618927,2026-02-27 15:26:09.542,-10.9829,-9.23986,-26.2114,-0.203117,0.84133,-0.014056,26.085000000000008
1772223969543793920,2026-02-27 15:26:09.543,-10.9324,-9.34189,-26.2957,-0.201343,0.855149,-0.019269,26.086000000000013
1772223969544993629,2026-02-27 15:26:09.544,-10.8768,-9.49169,-26.9775,-0.199767,0.868372,-0.017147,26.087000000000003
1772223969546192954,2026-02-27 15:26:09.546,-10.7962,-9.6277,-27.4152,-0.201861,0.883424,-0.018205,26.089
1772223969547380652,2026-02-27 15:26:09.547,-10.7155,-9.70552,-27.7754,-0.207419,0.903648,-0.018697,26.090000000000003
1772223969548550717,2026-02-27 15:26:09.548,-10.7279,-9.75888,-27.8241,-0.215907,0.91062,-0.017747,26.091000000000008
1772223969549709772,2026-02-27 15:26:09.549,-10.6627,-9.85299,-28.5524,-0.217639,0.917638,-0.008767,26.092
1772223969550905017,2026-02-27 15:26:09.550,-10.7038,-9.85992,-28.9175,-0.223353,0.928701,-0.002826,26.093000000000004
1772223969552217627,2026-02-27 15:26:09.552,-10.8017,-10.0343,-28.8875,-0.233473,0.939209,0.001481,26.095
1772223969553396928,2026-02-27 15:26:09.553,-10.8288,-10.1806,-28.4248,-0.239854,0.956369,-0.000641,26.096000000000004
1772223969554546710,2026-02-27 15:26:09.554,-10.917,-10.1724,-28.4608,-0.248044,0.963213,0.001256,26.09700000000001
1772223969555688754,2026-02-27 15:26:09.555,-10.9539,-10.2605,-28.5797,-0.252946,0.970216,0.003733,26.098
1772223969556910134,2026-02-27 15:26:09.556,-10.988,-10.3331,-28.7989,-0.258075,0.977051,0.005945,26.099000000000004
1772223969558113440,2026-02-27 15:26:09.558,-11.0329,-10.3667,-28.6498,-0.261227,0.982957,0.004812,26.101
1772223969559297956,2026-02-27 15:26:09.559,-11.2019,-10.4325,-28.0529,-0.269528,0.990371,4e-06,26.102000000000004
1772223969560492671,2026-02-27 15:26:09.560,-11.207,-10.5217,-28.9742,-0.27007,1.00021,0.010399,26.10300000000001
1772223969561634854,2026-02-27 15:26:09.561,-11.2943,-10.6087,-29.4772,-0.277092,1.00539,0.015239,26.104
1772223969562835873,2026-02-27 15:26:09.562,-11.3505,-10.6963,-29.8067,-0.279768,1.00885,0.015575,26.105000000000004
1772223969564039031,2026-02-27 15:26:09.564,-11.2751,-10.7076,-30.048,-0.272302,1.00983,0.015748,26.107
1772223969565244047,2026-02-27 15:26:09.565,-11.197,-10.7549,-30.2214,-0.271541,1.01091,0.014513,26.108000000000004
1772223969566432636,2026-02-27 15:26:09.566,-11.2102,-10.8225,-31.4232,-0.272669,1.02166,0.027307,26.10900000000001
1772223969567548070,2026-02-27 15:26:09.567,-11.371,-10.9079,-31.0869,-0.271762,1.02934,0.025519,26.11
1772223969568691009,2026-02-27 15:26:09.568,-11.4837,-10.9993,-31.117,-0.27641,1.03398,0.023428,26.111000000000004
1772223969569895698,2026-02-27 15:26:09.569,-11.5169,-11.0361,-30.7735,-0.274619,1.03636,0.017637,26.11200000000001
1772223969571100234,2026-02-27 15:26:09.571,-11.5521,-11.1012,-30.6916,-0.277328,1.03715,0.014181,26.114000000000004
1772223969572302800,2026-02-27 15:26:09.572,-11.6123,-11.1839,-30.8067,-0.280904,1.03815,0.012735,26.11500000000001
1772223969573502769,2026-02-27 15:26:09.573,-11.5809,-11.2589,-30.858,-0.278747,1.04235,0.011562,26.116
1772223969574647447,2026-02-27 15:26:09.574,-11.6227,-11.3401,-30.1436,-0.282038,1.0427,0.001609,26.117000000000004
1772223969575825255,2026-02-27 15:26:09.575,-11.6405,-11.3644,-30.0499,-0.280891,1.04312,-0.000247,26.11800000000001
1772223969577045679,2026-02-27 15:26:09.577,-11.5477,-11.4148,-30.0408,-0.28369,1.04014,-0.001618,26.120000000000005
1772223969578249369,2026-02-27 15:26:09.578,-11.5843,-11.4387,-30.6189,-0.284064,1.03931,0.002561,26.12100000000001
1772223969579426314,2026-02-27 15:26:09.579,-11.5151,-11.4405,-30.9357,-0.287305,1.03664,0.00424,26.122
1772223969580548327,2026-02-27 15:26:09.580,-11.4465,-11.4752,-30.9766,-0.286126,1.0326,0.001254,26.123000000000005
1772223969581684887,2026-02-27 15:26:09.581,-11.3713,-11.5151,-30.9245,-0.288219,1.02935,-0.000486,26.12400000000001
1772223969582863258,2026-02-27 15:26:09.582,-11.4148,-11.5209,-31.2555,-0.291955,1.02885,-7.6e-05,26.125
1772223969584064599,2026-02-27 15:26:09.584,-11.2955,-11.5174,-31.9558,-0.289342,1.02686,0.004682,26.12700000000001
1772223969585266998,2026-02-27 15:26:09.585,-11.324,-11.535,-31.6776,-0.290689,1.02589,-0.000725,26.128
1772223969586469097,2026-02-27 15:26:09.586,-11.293,-11.5538,-31.4428,-0.29197,1.02486,-0.005547,26.129000000000005
1772223969587605277,2026-02-27 15:26:09.587,-11.322,-11.575,-30.9648,-0.292944,1.02557,-0.013426,26.13000000000001
1772223969588784008,2026-02-27 15:26:09.588,-11.3741,-11.6472,-31.0503,-0.299003,1.02697,-0.016408,26.131
1772223969589993414,2026-02-27 15:26:09.589,-11.3886,-11.7383,-31.0597,-0.298984,1.02655,-0.018157,26.132000000000005
1772223969591194177,2026-02-27 15:26:09.591,-11.385,-11.7263,-31.0415,-0.298848,1.02768,-0.020933,26.134
1772223969592404334,2026-02-27 15:26:09.592,-11.41,-11.8013,-30.5995,-0.300502,1.02925,-0.029531,26.135000000000005
1772223969593576544,2026-02-27 15:26:09.593,-11.41,-11.8013,-30.5995,-0.300502,1.02925,-0.029531,26.13600000000001
1772223969594775349,2026-02-27 15:26:09.594,-11.5231,-11.9037,-31.1592,-0.302767,1.03235,-0.02843,26.137
1772223969595982515,2026-02-27 15:26:09.595,-11.5705,-11.9431,-31.3257,-0.305733,1.03313,-0.028163,26.138000000000005
1772223969597182656,2026-02-27 15:26:09.597,-11.648,-11.9507,-31.295,-0.308783,1.03472,-0.030116,26.14
1772223969598386084,2026-02-27 15:26:09.598,-11.6821,-11.9833,-31.3498,-0.305477,1.03655,-0.030957,26.141000000000005
1772223969599582560,2026-02-27 15:26:09.599,-11.6904,-12.0131,-31.3419,-0.307295,1.03719,-0.032293,26.14200000000001
1772223969600789489,2026-02-27 15:26:09.600,-11.7696,-12.1012,-32.1636,-0.309813,1.04069,-0.028369,26.143
1772223969601991189,2026-02-27 15:26:09.601,-11.8128,-12.1776,-32.1584,-0.315252,1.04161,-0.029579,26.144000000000005
1772223969603192338,2026-02-27 15:26:09.603,-11.8373,-12.1686,-31.7078,-0.312135,1.04299,-0.036102,26.146
1772223969604395717,2026-02-27 15:26:09.604,-11.8804,-12.2135,-31.482,-0.312743,1.04417,-0.039639,26.147000000000006
1772223969605555449,2026-02-27 15:26:09.605,-11.9653,-12.3164,-31.3843,-0.31936,1.04518,-0.042737,26.14800000000001
1772223969606706940,2026-02-27 15:26:09.606,-11.9773,-12.3294,-31.3945,-0.318789,1.04714,-0.044255,26.149
1772223969607929680,2026-02-27 15:26:09.607,-11.9909,-12.4082,-30.9476,-0.320818,1.0473,-0.050497,26.150000000000006
1772223969609121196,2026-02-27 15:26:09.609,-11.9863,-12.3971,-30.404,-0.319603,1.04698,-0.055717,26.152
1772223969610330978,2026-02-27 15:26:09.610,-11.9826,-12.432,-30.7392,-0.31861,1.04768,-0.054204,26.153000000000006
1772223969611544910,2026-02-27 15:26:09.611,-11.9623,-12.5048,-31.424,-0.323484,1.04631,-0.049375,26.15400000000001
1772223969612681392,2026-02-27 15:26:09.612,-12.0039,-12.561,-31.4648,-0.325244,1.04466,-0.04963,26.155
1772223969613830547,2026-02-27 15:26:09.613,-11.9626,-12.5201,-31.4335,-0.323248,1.04532,-0.051077,26.156000000000006
1772223969615014492,2026-02-27 15:26:09.615,-11.9604,-12.568,-31.3249,-0.326151,1.04261,-0.052346,26.158
1772223969616202874,2026-02-27 15:26:09.616,-11.9281,-12.584,-31.2778,-0.328473,1.04029,-0.05343,26.159000000000006
1772223969617392923,2026-02-27 15:26:09.617,-11.8688,-12.5607,-32.3473,-0.32332,1.03914,-0.045158,26.16000000000001
1772223969618552076,2026-02-27 15:26:09.618,-11.846,-12.6044,-31.7387,-0.326025,1.03467,-0.051257,26.161
1772223969619688328,2026-02-27 15:26:09.619,-11.7469,-12.5455,-31.103,-0.32371,1.03216,-0.054689,26.162000000000006
1772223969620844395,2026-02-27 15:26:09.620,-11.7805,-12.5211,-30.7832,-0.326123,1.02786,-0.057243,26.16300000000001
1772223969622030586,2026-02-27 15:26:09.622,-11.7087,-12.525,-30.8582,-0.326057,1.02465,-0.058133,26.165000000000006
1772223969623205227,2026-02-27 15:26:09.623,-11.7285,-12.4775,-30.6511,-0.326702,1.02237,-0.058815,26.16600000000001
1772223969624378684,2026-02-27 15:26:09.624,-11.6091,-12.5237,-30.526,-0.325221,1.01733,-0.058947,26.167
1772223969625499049,2026-02-27 15:26:09.625,-11.5565,-12.4312,-29.5766,-0.3259,1.00911,-0.067265,26.168000000000006
1772223969626635991,2026-02-27 15:26:09.626,-11.4793,-12.4042,-29.3716,-0.325261,1.0049,-0.067318,26.16900000000001
1772223969627802635,2026-02-27 15:26:09.627,-11.4049,-12.4028,-29.8662,-0.325952,0.999084,-0.063288,26.17
1772223969628976956,2026-02-27 15:26:09.628,-11.3505,-12.3785,-29.9826,-0.32577,0.99567,-0.060966,26.171000000000006
1772223969630160231,2026-02-27 15:26:09.630,-11.2329,-12.3568,-29.8159,-0.323816,0.990358,-0.061236,26.173000000000002
1772223969631356049,2026-02-27 15:26:09.631,-11.13,-12.3074,-29.6503,-0.322676,0.983493,-0.061477,26.174000000000007
1772223969632539562,2026-02-27 15:26:09.632,-10.9506,-12.1937,-29.9183,-0.316907,0.972462,-0.057321,26.17500000000001
1772223969633670648,2026-02-27 15:26:09.633,-10.8566,-12.1548,-30.0807,-0.316273,0.966283,-0.054133,26.176000000000002
1772223969634822931,2026-02-27 15:26:09.634,-10.7582,-12.0877,-29.7589,-0.313664,0.959799,-0.056387,26.177000000000007
1772223969635997526,2026-02-27 15:26:09.635,-10.683,-12.0757,-29.0971,-0.315601,0.953282,-0.061128,26.17800000000001
1772223969637171832,2026-02-27 15:26:09.637,-10.5291,-11.9593,-28.7414,-0.311602,0.947775,-0.062071,26.180000000000007
1772223969638345799,2026-02-27 15:26:09.638,-10.512,-11.9143,-28.4631,-0.310564,0.943431,-0.064166,26.18100000000001
1772223969639527052,2026-02-27 15:26:09.639,-10.2477,-11.7838,-28.2574,-0.306704,0.930453,-0.063857,26.182000000000002
1772223969640660211,2026-02-27 15:26:09.640,-10.1288,-11.7141,-28.0379,-0.304705,0.92539,-0.065997,26.183000000000007
1772223969641811656,2026-02-27 15:26:09.641,-10.1052,-11.6589,-27.0096,-0.305016,0.919986,-0.073883,26.18400000000001
1772223969643003346,2026-02-27 15:26:09.643,-9.91214,-11.6271,-27.2979,-0.302044,0.913604,-0.069705,26.186000000000007
1772223969644176529,2026-02-27 15:26:09.644,-9.80845,-11.5135,-27.2645,-0.299521,0.908545,-0.068274,26.187000000000012
1772223969645351153,2026-02-27 15:26:09.645,-9.72819,-11.4841,-27.6552,-0.30258,0.903548,-0.064663,26.188000000000002
1772223969646554927,2026-02-27 15:26:09.646,-9.51129,-11.3275,-27.5391,-0.296364,0.892245,-0.063057,26.189000000000007
1772223969647688480,2026-02-27 15:26:09.647,-9.44676,-11.3398,-27.5433,-0.296065,0.886567,-0.062371,26.190000000000012
1772223969648858860,2026-02-27 15:26:09.648,-9.31657,-11.2599,-27.3167,-0.293358,0.881804,-0.062362,26.191000000000003
1772223969650030774,2026-02-27 15:26:09.650,-9.19806,-11.1845,-28.1674,-0.291641,0.877687,-0.053362,26.193000000000012
1772223969651202077,2026-02-27 15:26:09.651,-9.1254,-11.1044,-27.8245,-0.289942,0.872393,-0.055832,26.194000000000003
1772223969652373854,2026-02-27 15:26:09.652,-9.03572,-11.0829,-27.7721,-0.288073,0.867687,-0.054238,26.195000000000007
1772223969653555946,2026-02-27 15:26:09.653,-8.96342,-10.9568,-27.1486,-0.28662,0.863971,-0.05912,26.196000000000012
1772223969654689095,2026-02-27 15:26:09.654,-8.90721,-10.9345,-26.8285,-0.284052,0.859449,-0.061192,26.197000000000003
1772223969655841466,2026-02-27 15:26:09.655,-8.76146,-10.8445,-26.5714,-0.283223,0.853106,-0.05969,26.198000000000008
1772223969657040981,2026-02-27 15:26:09.657,-8.80969,-10.779,-26.4695,-0.283812,0.850301,-0.059968,26.200000000000003
1772223969658239728,2026-02-27 15:26:09.658,-8.66601,-10.7122,-25.726,-0.276118,0.846542,-0.067076,26.201000000000008
1772223969659439013,2026-02-27 15:26:09.659,-8.61517,-10.6892,-25.3955,-0.276809,0.843689,-0.067736,26.202000000000012
1772223969660577610,2026-02-27 15:26:09.660,-8.62297,-10.6477,-25.4219,-0.274939,0.841653,-0.0668,26.203000000000003
1772223969661843935,2026-02-27 15:26:09.661,-8.42319,-10.5691,-26.1365,-0.271414,0.836303,-0.059635,26.204000000000008
1772223969663020877,2026-02-27 15:26:09.663,-8.44332,-10.5369,-26.0593,-0.277069,0.833581,-0.059427,26.206000000000003
1772223969664221538,2026-02-27 15:26:09.664,-8.37771,-10.5391,-26.0538,-0.269199,0.831724,-0.059698,26.207000000000008
1772223969665422416,2026-02-27 15:26:09.665,-8.28669,-10.571,-25.91,-0.27317,0.828034,-0.059929,26.208000000000013
1772223969666571978,2026-02-27 15:26:09.666,-8.2652,-10.5454,-26.1236,-0.270108,0.825751,-0.058238,26.209000000000003
1772223969667706722,2026-02-27 15:26:09.667,-8.23228,-10.5387,-26.3487,-0.273363,0.82066,-0.055166,26.210000000000008
1772223969668885189,2026-02-27 15:26:09.668,-8.13522,-10.575,-26.2265,-0.272774,0.817173,-0.058099,26.211000000000013
1772223969670086295,2026-02-27 15:26:09.670,-8.11013,-10.5084,-25.8808,-0.26699,0.817267,-0.060757,26.213000000000008
1772223969671285984,2026-02-27 15:26:09.671,-8.03792,-10.5308,-25.7459,-0.268301,0.81442,-0.062643,26.214
1772223969672491865,2026-02-27 15:26:09.672,-7.99648,-10.551,-25.6445,-0.269675,0.811425,-0.062606,26.215000000000003
1772223969673624272,2026-02-27 15:26:09.673,-7.90529,-10.5655,-25.6184,-0.267048,0.807589,-0.06318,26.216000000000008
1772223969674755239,2026-02-27 15:26:09.674,-7.84749,-10.603,-24.6349,-0.266281,0.805791,-0.073328,26.217
1772223969675885229,2026-02-27 15:26:09.675,-7.81734,-10.6165,-24.9609,-0.265783,0.804432,-0.070084,26.218000000000004
1772223969677064573,2026-02-27 15:26:09.677,-7.76505,-10.6279,-24.9934,-0.26351,0.802629,-0.071131,26.22
1772223969678268986,2026-02-27 15:26:09.678,-7.75388,-10.6453,-25.4915,-0.26636,0.800754,-0.066755,26.221000000000004
1772223969679475181,2026-02-27 15:26:09.679,-7.7724,-10.6811,-25.7394,-0.269606,0.799229,-0.066518,26.22200000000001
1772223969680579555,2026-02-27 15:26:09.680,-7.69328,-10.7417,-25.7262,-0.266642,0.797317,-0.068207,26.223
1772223969681713215,2026-02-27 15:26:09.681,-7.5677,-10.7274,-25.6402,-0.266028,0.793903,-0.068587,26.224000000000004
1772223969682883881,2026-02-27 15:26:09.682,-7.59875,-10.7691,-26.4395,-0.267889,0.792695,-0.061792,26.22500000000001
1772223969684084639,2026-02-27 15:26:09.684,-7.56716,-10.7857,-26.5555,-0.262452,0.791723,-0.062395,26.227000000000004
1772223969685285194,2026-02-27 15:26:09.685,-7.50768,-10.7689,-26.4884,-0.26353,0.790187,-0.063237,26.22800000000001
1772223969686491342,2026-02-27 15:26:09.686,-7.46954,-10.7431,-25.9757,-0.263449,0.788913,-0.069989,26.229
1772223969687626261,2026-02-27 15:26:09.687,-7.43066,-10.7991,-25.7741,-0.262738,0.787914,-0.072678,26.230000000000004
1772223969688759501,2026-02-27 15:26:09.688,-7.411,-10.8058,-25.636,-0.266934,0.783827,-0.07542,26.23100000000001
1772223969689894418,2026-02-27 15:26:09.689,-7.36516,-10.7975,-25.6385,-0.262603,0.78281,-0.074696,26.232
1772223969691035734,2026-02-27 15:26:09.691,-7.31412,-10.8124,-25.3331,-0.260228,0.782107,-0.080699,26.23400000000001
1772223969692278062,2026-02-27 15:26:09.692,-7.32875,-10.8549,-24.6697,-0.264918,0.780263,-0.085972,26.235
1772223969693484552,2026-02-27 15:26:09.693,-7.29357,-10.8726,-25.016,-0.265738,0.779669,-0.082784,26.236000000000004
1772223969694618889,2026-02-27 15:26:09.694,-7.2115,-10.8679,-25.3345,-0.261775,0.779014,-0.080348,26.23700000000001
1772223969695753937,2026-02-27 15:26:09.695,-7.21081,-10.9426,-25.8526,-0.267318,0.77509,-0.076247,26.238
1772223969696916725,2026-02-27 15:26:09.696,-7.09158,-10.9433,-25.9088,-0.262288,0.773511,-0.076431,26.239000000000004
1772223969698088948,2026-02-27 15:26:09.698,-7.10159,-10.9862,-25.8461,-0.265184,0.772437,-0.076886,26.241
1772223969699285536,2026-02-27 15:26:09.699,-7.01696,-10.9497,-25.9312,-0.263864,0.770896,-0.076056,26.242000000000004
1772223969700494790,2026-02-27 15:26:09.700,-6.92841,-10.9604,-26.8433,-0.266027,0.76928,-0.067238,26.24300000000001
1772223969701627984,2026-02-27 15:26:09.701,-6.93306,-10.9907,-26.4524,-0.267111,0.767511,-0.071091,26.244
1772223969702760116,2026-02-27 15:26:09.702,-6.83054,-11.0134,-25.9782,-0.266033,0.762984,-0.074869,26.245000000000005
1772223969703921574,2026-02-27 15:26:09.703,-6.85023,-11.0179,-25.6812,-0.266676,0.76156,-0.076824,26.24600000000001
1772223969705105949,2026-02-27 15:26:09.705,-6.73536,-11.0651,-25.8005,-0.265557,0.759482,-0.076927,26.248000000000005
1772223969706303560,2026-02-27 15:26:09.706,-6.74044,-11.0437,-25.7993,-0.264122,0.75836,-0.077078,26.24900000000001
1772223969707487900,2026-02-27 15:26:09.707,-6.66554,-11.0349,-25.7027,-0.266552,0.756352,-0.076229,26.25
1772223969708621026,2026-02-27 15:26:09.708,-6.74977,-11.0407,-24.8781,-0.266475,0.756448,-0.084273,26.251000000000005
1772223969709783740,2026-02-27 15:26:09.709,-6.78422,-11.0355,-24.875,-0.265882,0.755924,-0.081666,26.25200000000001
1772223969710961674,2026-02-27 15:26:09.710,-6.68446,-11.0427,-25.3161,-0.267869,0.756846,-0.076258,26.253
1772223969712143335,2026-02-27 15:26:09.712,-6.77648,-11.0859,-25.6941,-0.271027,0.756823,-0.071805,26.25500000000001
1772223969713321668,2026-02-27 15:26:09.713,-6.80059,-11.0245,-25.7623,-0.271628,0.758853,-0.07077,26.256
1772223969714511625,2026-02-27 15:26:09.714,-6.77026,-11.0418,-25.7727,-0.266862,0.759048,-0.068783,26.257000000000005
1772223969715644877,2026-02-27 15:26:09.715,-6.80955,-11.0397,-25.7379,-0.267872,0.761857,-0.067949,26.25800000000001
1772223969716808159,2026-02-27 15:26:09.716,-6.89185,-11.0243,-26.8162,-0.269184,0.766323,-0.055767,26.259
1772223969717986959,2026-02-27 15:26:09.717,-6.93739,-10.9868,-26.547,-0.268926,0.769357,-0.056467,26.260000000000005
1772223969719165972,2026-02-27 15:26:09.719,-6.93603,-11.0095,-26.3078,-0.269324,0.771782,-0.058742,26.262
1772223969720342323,2026-02-27 15:26:09.720,-6.94111,-11.0101,-26.0594,-0.268307,0.773482,-0.059247,26.263000000000005
1772223969721556522,2026-02-27 15:26:09.721,-6.97224,-10.9477,-26.0532,-0.265296,0.777176,-0.060039,26.26400000000001
1772223969722689556,2026-02-27 15:26:09.722,-7.04351,-11.0252,-26.0286,-0.27212,0.779106,-0.058063,26.265
1772223969723849942,2026-02-27 15:26:09.723,-7.06153,-11.0079,-26.0816,-0.273005,0.786017,-0.056058,26.266000000000005
1772223969725028670,2026-02-27 15:26:09.725,-7.11857,-10.9501,-25.2664,-0.270837,0.788841,-0.062376,26.268
1772223969726206740,2026-02-27 15:26:09.726,-7.10455,-10.9434,-25.8533,-0.271576,0.792312,-0.056577,26.269000000000005
1772223969727381657,2026-02-27 15:26:09.727,-7.13235,-10.9475,-25.8493,-0.271667,0.795199,-0.054044,26.27000000000001
1772223969728534196,2026-02-27 15:26:09.728,-7.16814,-10.9598,-26.5224,-0.270366,0.797996,-0.047581,26.271
1772223969729667607,2026-02-27 15:26:09.729,-7.2384,-10.9721,-26.7435,-0.274829,0.801141,-0.045247,26.272000000000006
1772223969730835866,2026-02-27 15:26:09.730,-7.25141,-10.9392,-26.8422,-0.272377,0.807185,-0.042324,26.27300000000001
1772223969732012593,2026-02-27 15:26:09.732,-7.27939,-10.9592,-26.9367,-0.271614,0.809845,-0.040259,26.275000000000006
1772223969733191332,2026-02-27 15:26:09.733,-7.27229,-10.8772,-27.9248,-0.268743,0.812294,-0.028992,26.27600000000001
1772223969734375142,2026-02-27 15:26:09.734,-7.32416,-10.9166,-27.6854,-0.27295,0.813846,-0.028536,26.277
1772223969735551344,2026-02-27 15:26:09.735,-7.37182,-10.9253,-27.7206,-0.270835,0.816621,-0.026181,26.278000000000006
1772223969736684371,2026-02-27 15:26:09.736,-7.34824,-10.8277,-27.1918,-0.270643,0.818062,-0.029071,26.27900000000001
1772223969737836936,2026-02-27 15:26:09.737,-7.42641,-10.8364,-26.9071,-0.270115,0.820482,-0.029113,26.28
1772223969739039372,2026-02-27 15:26:09.739,-7.47136,-10.7818,-26.9248,-0.26853,0.824311,-0.026314,26.28200000000001
1772223969740216147,2026-02-27 15:26:09.740,-7.49892,-10.77,-26.9556,-0.267854,0.827588,-0.024635,26.283
1772223969741393838,2026-02-27 15:26:09.741,-7.48966,-10.7319,-26.336,-0.268057,0.829419,-0.029009,26.284000000000006
1772223969742498303,2026-02-27 15:26:09.742,-7.5392,-10.7067,-25.9631,-0.267878,0.830914,-0.030061,26.28500000000001
1772223969743649770,2026-02-27 15:26:09.743,-7.64324,-10.6986,-26.2889,-0.270001,0.834094,-0.027279,26.286
1772223969744802526,2026-02-27 15:26:09.744,-7.56866,-10.6411,-26.727,-0.26768,0.83518,-0.02216,26.287000000000006
1772223969745978066,2026-02-27 15:26:09.745,-7.63362,-10.6564,-27.1731,-0.267366,0.839524,-0.016241,26.28800000000001
1772223969747156116,2026-02-27 15:26:09.747,-7.64049,-10.6717,-27.2569,-0.268789,0.84152,-0.015924,26.290000000000006
1772223969748334190,2026-02-27 15:26:09.748,-7.57416,-10.6128,-27.3003,-0.264723,0.843136,-0.015038,26.29100000000001
1772223969749526390,2026-02-27 15:26:09.749,-7.61989,-10.6548,-27.3897,-0.26867,0.84487,-0.014125,26.292
1772223969750656101,2026-02-27 15:26:09.750,-7.52786,-10.6369,-28.4174,-0.264139,0.845401,-0.00589,26.293000000000006
1772223969751806668,2026-02-27 15:26:09.751,-7.45896,-10.6314,-27.9577,-0.263855,0.845985,-0.010588,26.29400000000001
1772223969752990221,2026-02-27 15:26:09.752,-7.51332,-10.6698,-27.6041,-0.266675,0.84673,-0.015153,26.295
1772223969754167948,2026-02-27 15:26:09.754,-7.34541,-10.6995,-27.4242,-0.264957,0.844427,-0.017231,26.29700000000001
1772223969755370518,2026-02-27 15:26:09.755,-7.38795,-10.7398,-27.5281,-0.265321,0.843927,-0.017073,26.298000000000002
1772223969756563295,2026-02-27 15:26:09.756,-7.26797,-10.7416,-27.4773,-0.266758,0.842126,-0.018399,26.299000000000007
1772223969757694774,2026-02-27 15:26:09.757,-7.21985,-10.7333,-27.553,-0.262746,0.84015,-0.018991,26.30000000000001
1772223969758828091,2026-02-27 15:26:09.758,-7.26319,-10.7935,-26.5749,-0.269112,0.837526,-0.02902,26.301000000000002
1772223969760001867,2026-02-27 15:26:09.760,-7.07914,-10.8111,-26.754,-0.266731,0.833238,-0.029119,26.30300000000001
1772223969761198452,2026-02-27 15:26:09.761,-7.00354,-10.7986,-27.2866,-0.265707,0.830645,-0.02533,26.304000000000002
1772223969762396214,2026-02-27 15:26:09.762,-6.92419,-10.8887,-27.6404,-0.267272,0.827522,-0.024111,26.305000000000007
1772223969763567259,2026-02-27 15:26:09.763,-6.89073,-10.9056,-27.5649,-0.269901,0.825011,-0.026465,26.30600000000001
1772223969764699925,2026-02-27 15:26:09.764,-6.80102,-10.8717,-27.4936,-0.265946,0.822563,-0.02762,26.307000000000002
1772223969765875771,2026-02-27 15:26:09.765,-6.77245,-10.9346,-27.5622,-0.271523,0.819733,-0.029919,26.308000000000007
1772223969767046931,2026-02-27 15:26:09.767,-6.59329,-10.9802,-28.4602,-0.268211,0.816278,-0.025935,26.310000000000002
1772223969768244255,2026-02-27 15:26:09.768,-6.60544,-11.0522,-28.2992,-0.271596,0.812675,-0.029099,26.311000000000007
1772223969769446028,2026-02-27 15:26:09.769,-6.60322,-11.0698,-27.9518,-0.274173,0.810346,-0.035773,26.312000000000012
1772223969770689939,2026-02-27 15:26:09.770,-6.52755,-11.0646,-27.6163,-0.270995,0.809088,-0.040028,26.313000000000002
1772223969771868115,2026-02-27 15:26:09.771,-6.43457,-11.0678,-27.5093,-0.273087,0.807105,-0.043883,26.314000000000007
1772223969773041664,2026-02-27 15:26:09.773,-6.35268,-11.128,-27.6423,-0.269784,0.803837,-0.04819,26.316000000000003
1772223969774235246,2026-02-27 15:26:09.774,-6.34628,-11.1809,-27.3062,-0.274571,0.801487,-0.053228,26.317000000000007
1772223969775433829,2026-02-27 15:26:09.775,-6.33598,-11.2396,-26.6382,-0.276036,0.800107,-0.062092,26.318000000000012
1772223969776577360,2026-02-27 15:26:09.776,-6.27407,-11.2713,-27.0541,-0.275282,0.798299,-0.060623,26.319000000000003
1772223969777712026,2026-02-27 15:26:09.777,-6.26085,-11.2929,-27.2553,-0.279337,0.796775,-0.061242,26.320000000000007
1772223969778889019,2026-02-27 15:26:09.778,-6.20352,-11.2887,-27.7736,-0.275763,0.795376,-0.05954,26.321000000000012
1772223969780062754,2026-02-27 15:26:09.780,-6.09167,-11.4153,-27.9142,-0.279059,0.791397,-0.062964,26.323000000000008
1772223969781263466,2026-02-27 15:26:09.781,-6.03038,-11.4491,-27.9646,-0.279843,0.789774,-0.064533,26.324000000000012
1772223969782475698,2026-02-27 15:26:09.782,-6.01503,-11.4897,-27.9091,-0.280715,0.788076,-0.066875,26.325000000000003
1772223969783607735,2026-02-27 15:26:09.783,-5.94274,-11.4567,-28.9337,-0.280978,0.786031,-0.059536,26.326000000000008
1772223969784737096,2026-02-27 15:26:09.784,-5.85861,-11.5216,-28.6487,-0.280856,0.783539,-0.065616,26.327000000000012
1772223969785906691,2026-02-27 15:26:09.785,-5.82316,-11.5385,-28.7396,-0.283193,0.780836,-0.067413,26.328000000000003
1772223969787080716,2026-02-27 15:26:09.787,-5.79683,-11.572,-28.0448,-0.279905,0.778473,-0.076998,26.330000000000013
1772223969788274731,2026-02-27 15:26:09.788,-5.727,-11.5782,-28.0566,-0.284051,0.777114,-0.078396,26.331000000000003
1772223969789482600,2026-02-27 15:26:09.789,-5.71369,-11.6029,-27.9627,-0.283838,0.776765,-0.080278,26.332000000000008
1772223969790614552,2026-02-27 15:26:09.790,-5.65682,-11.6305,-28.0569,-0.289475,0.772832,-0.081718,26.333000000000013
1772223969791790400,2026-02-27 15:26:09.791,-5.66325,-11.6616,-27.229,-0.286542,0.770512,-0.089936,26.334000000000003
1772223969792977149,2026-02-27 15:26:09.792,-5.67753,-11.6865,-27.1562,-0.287025,0.770002,-0.091826,26.335000000000008
1772223969794168469,2026-02-27 15:26:09.794,-5.67353,-11.7314,-27.7687,-0.292026,0.767059,-0.088834,26.337000000000003
1772223969795367730,2026-02-27 15:26:09.795,-5.52587,-11.6982,-28.1932,-0.289741,0.76642,-0.085659,26.338000000000008
1772223969796569149,2026-02-27 15:26:09.796,-5.58623,-11.7275,-28.1084,-0.290667,0.764905,-0.086445,26.339
1772223969797700537,2026-02-27 15:26:09.797,-5.59714,-11.738,-28.1075,-0.29205,0.765007,-0.086688,26.340000000000003
1772223969798878669,2026-02-27 15:26:09.798,-5.55964,-11.7406,-28.0649,-0.290714,0.76315,-0.086845,26.341000000000008
1772223969800066881,2026-02-27 15:26:09.800,-5.50144,-11.7339,-29.0287,-0.291491,0.761748,-0.079499,26.343000000000004
1772223969801259767,2026-02-27 15:26:09.801,-5.56119,-11.7157,-28.7288,-0.293324,0.760685,-0.082089,26.34400000000001
1772223969802472695,2026-02-27 15:26:09.802,-5.6111,-11.6877,-28.3846,-0.293113,0.760269,-0.085048,26.345
1772223969803616645,2026-02-27 15:26:09.803,-5.66586,-11.7083,-28.0341,-0.296145,0.760475,-0.089173,26.346000000000004
1772223969804750238,2026-02-27 15:26:09.804,-5.59249,-11.6835,-27.9045,-0.291619,0.759259,-0.089872,26.34700000000001
1772223969805884421,2026-02-27 15:26:09.805,-5.64386,-11.7194,-27.8889,-0.295195,0.758907,-0.089496,26.348
1772223969807070649,2026-02-27 15:26:09.807,-5.63055,-11.6591,-27.7487,-0.29637,0.757579,-0.089184,26.35000000000001
1772223969808250191,2026-02-27 15:26:09.808,-5.57078,-11.5976,-26.6862,-0.291344,0.755603,-0.098717,26.351
1772223969809381070,2026-02-27 15:26:09.809,-5.54168,-11.5442,-26.9787,-0.29072,0.754545,-0.094351,26.352000000000004
1772223969810565606,2026-02-27 15:26:09.810,-5.55906,-11.5469,-26.938,-0.291418,0.751994,-0.09451,26.35300000000001
1772223969811706317,2026-02-27 15:26:09.811,-5.50873,-11.5854,-27.3946,-0.293381,0.74881,-0.090106,26.354
1772223969812908808,2026-02-27 15:26:09.812,-5.42962,-11.5083,-27.5023,-0.291159,0.744666,-0.088992,26.355000000000004
1772223969814085275,2026-02-27 15:26:09.814,-5.37808,-11.4586,-27.1586,-0.290411,0.735283,-0.088649,26.357
1772223969815265826,2026-02-27 15:26:09.815,-5.3313,-11.43,-27.0744,-0.294038,0.730858,-0.089264,26.358000000000004
1772223969816481142,2026-02-27 15:26:09.816,-5.20642,-11.3891,-27.7762,-0.291226,0.724667,-0.081218,26.35900000000001
1772223969817612567,2026-02-27 15:26:09.817,-5.15322,-11.3478,-27.6478,-0.291822,0.720316,-0.082171,26.36
1772223969818792549,2026-02-27 15:26:09.818,-5.21349,-11.3243,-27.5235,-0.294011,0.716805,-0.082902,26.361000000000004
1772223969819996182,2026-02-27 15:26:09.819,-5.11665,-11.2939,-26.9396,-0.291245,0.711957,-0.087829,26.36200000000001
1772223969821170871,2026-02-27 15:26:09.821,-5.03082,-11.1897,-26.4381,-0.289991,0.707366,-0.089585,26.364000000000004
1772223969822369329,2026-02-27 15:26:09.822,-5.0204,-11.1434,-26.4047,-0.289674,0.705817,-0.088449,26.36500000000001
1772223969823537616,2026-02-27 15:26:09.823,-5.01916,-11.0929,-26.3689,-0.290954,0.704962,-0.087776,26.366
1772223969824695359,2026-02-27 15:26:09.824,-5.01359,-11.099,-25.7944,-0.290846,0.704827,-0.09152,26.367000000000004
1772223969825915722,2026-02-27 15:26:09.825,-5.0196,-11.0321,-25.3302,-0.290931,0.705299,-0.094009,26.36800000000001
1772223969827095956,2026-02-27 15:26:09.827,-5.08149,-10.9638,-26.107,-0.290144,0.709792,-0.084163,26.370000000000005
1772223969828274258,2026-02-27 15:26:09.828,-5.0974,-10.9235,-26.5354,-0.286462,0.713579,-0.077513,26.37100000000001
1772223969829490320,2026-02-27 15:26:09.829,-5.13181,-10.9578,-26.7303,-0.287436,0.717285,-0.075773,26.372
1772223969830621865,2026-02-27 15:26:09.830,-5.19346,-10.863,-26.823,-0.282993,0.723148,-0.073809,26.373000000000005
1772223969831805227,2026-02-27 15:26:09.831,-5.26374,-10.9428,-26.8845,-0.283361,0.726815,-0.070706,26.37400000000001
1772223969833006925,2026-02-27 15:26:09.833,-5.32948,-10.9281,-27.0499,-0.28892,0.732299,-0.067532,26.376000000000005
1772223969834184108,2026-02-27 15:26:09.834,-5.56926,-10.9533,-27.8075,-0.288994,0.746399,-0.057787,26.37700000000001
1772223969835378714,2026-02-27 15:26:09.835,-5.65778,-10.9447,-27.9664,-0.290389,0.753646,-0.055394,26.378
1772223969836574017,2026-02-27 15:26:09.836,-5.78514,-10.9816,-27.6749,-0.291065,0.76044,-0.056578,26.379000000000005
1772223969837707022,2026-02-27 15:26:09.837,-5.92062,-10.982,-27.6621,-0.291565,0.769306,-0.055569,26.38000000000001
1772223969838885867,2026-02-27 15:26:09.838,-6.08429,-11.0309,-27.8085,-0.292503,0.777951,-0.052101,26.381
1772223969840073084,2026-02-27 15:26:09.840,-6.26728,-11.0707,-27.9057,-0.29662,0.787602,-0.050167,26.38300000000001
1772223969841245797,2026-02-27 15:26:09.841,-6.54833,-11.1185,-27.2262,-0.298133,0.805062,-0.051659,26.384
1772223969842420543,2026-02-27 15:26:09.842,-6.6556,-11.1151,-27.5016,-0.297694,0.812787,-0.046942,26.385000000000005
1772223969843572059,2026-02-27 15:26:09.843,-6.88344,-11.1465,-27.5684,-0.301832,0.823542,-0.043482,26.38600000000001
1772223969844714700,2026-02-27 15:26:09.844,-7.04681,-11.1761,-28.379,-0.298917,0.832971,-0.034748,26.387
1772223969845909186,2026-02-27 15:26:09.845,-7.24657,-11.1897,-28.732,-0.301032,0.844304,-0.027788,26.388000000000005
1772223969847094444,2026-02-27 15:26:09.847,-7.4392,-11.1894,-28.7778,-0.302632,0.853437,-0.024242,26.39
1772223969848266042,2026-02-27 15:26:09.848,-7.82628,-11.2271,-29.0728,-0.301242,0.876349,-0.016828,26.391000000000005
1772223969849479984,2026-02-27 15:26:09.849,-8.09497,-11.2653,-29.7603,-0.303051,0.887797,-0.008741,26.39200000000001
1772223969850613702,2026-02-27 15:26:09.850,-8.25117,-11.3023,-30.2706,-0.303984,0.897995,-0.002504,26.393
1772223969851746916,2026-02-27 15:26:09.851,-8.44632,-11.3221,-30.1377,-0.304031,0.909538,-0.001222,26.394000000000005
1772223969852926186,2026-02-27 15:26:09.852,-8.66563,-11.3757,-29.867,-0.307543,0.918975,-0.002687,26.39500000000001
1772223969854111144,2026-02-27 15:26:09.854,-8.87403,-11.418,-29.7271,-0.309056,0.928314,-0.002685,26.397000000000006
1772223969855285376,2026-02-27 15:26:09.855,-9.10345,-11.4083,-29.8252,-0.302811,0.945572,4.6e-05,26.39800000000001
1772223969856498654,2026-02-27 15:26:09.856,-9.28092,-11.4479,-29.7792,-0.305933,0.95264,0.001902,26.399
1772223969857637269,2026-02-27 15:26:09.857,-9.46964,-11.4488,-29.7982,-0.302937,0.960452,0.001518,26.400000000000006
1772223969858794349,2026-02-27 15:26:09.858,-9.57003,-11.4712,-28.9323,-0.305926,0.967057,-0.003461,26.40100000000001
1772223969860000281,2026-02-27 15:26:09.860,-9.77812,-11.5083,-29.402,-0.305316,0.975471,0.002673,26.403000000000006
1772223969861179233,2026-02-27 15:26:09.861,-9.85582,-11.5339,-29.6075,-0.306967,0.979527,0.005912,26.40400000000001
1772223969862358658,2026-02-27 15:26:09.862,-10.1265,-11.5516,-30.2985,-0.308977,0.989303,0.014459,26.405
1772223969863568654,2026-02-27 15:26:09.863,-10.2022,-11.5459,-30.2838,-0.306772,0.993061,0.015357,26.406000000000006
1772223969864711860,2026-02-27 15:26:09.864,-10.2716,-11.5457,-30.3501,-0.305574,0.998147,0.016164,26.40700000000001
1772223969865913184,2026-02-27 15:26:09.865,-10.3637,-11.5467,-30.3656,-0.308654,1.00178,0.018224,26.408
1772223969867116558,2026-02-27 15:26:09.867,-10.4235,-11.5934,-31.3021,-0.308357,1.00477,0.027503,26.41000000000001
1772223969868290945,2026-02-27 15:26:09.868,-10.5487,-11.6154,-31.2117,-0.307651,1.01233,0.026019,26.411
1772223969869507012,2026-02-27 15:26:09.869,-10.6467,-11.6485,-30.6815,-0.311449,1.01513,0.022383,26.412000000000006
1772223969870645531,2026-02-27 15:26:09.870,-10.7258,-11.6259,-30.4824,-0.308082,1.01907,0.019999,26.41300000000001
1772223969871840471,2026-02-27 15:26:09.871,-10.7388,-11.638,-30.5008,-0.307526,1.02105,0.019758,26.414
1772223969873045474,2026-02-27 15:26:09.873,-10.7637,-11.6588,-30.4703,-0.309338,1.02259,0.021212,26.41600000000001
1772223969874222078,2026-02-27 15:26:09.874,-10.8182,-11.6625,-30.5766,-0.309461,1.02453,0.021791,26.417
1772223969875400243,2026-02-27 15:26:09.875,-10.8959,-11.6784,-29.6941,-0.310397,1.02862,0.01433,26.418000000000006
1772223969876567448,2026-02-27 15:26:09.876,-10.8626,-11.7164,-29.8374,-0.309979,1.03024,0.014623,26.41900000000001
1772223969877705399,2026-02-27 15:26:09.877,-10.8867,-11.7012,-30.3563,-0.308753,1.03163,0.019276,26.42
1772223969878883901,2026-02-27 15:26:09.878,-10.9809,-11.7801,-30.9043,-0.313443,1.03394,0.021629,26.421000000000006
1772223969880181669,2026-02-27 15:26:09.880,-10.9472,-11.7495,-30.8987,-0.309278,1.03362,0.021081,26.423000000000002
1772223969881360748,2026-02-27 15:26:09.881,-10.9169,-11.753,-30.9256,-0.307928,1.03489,0.019134,26.424000000000007
1772223969882556357,2026-02-27 15:26:09.882,-10.9289,-11.7635,-31.1393,-0.307094,1.03631,0.020722,26.42500000000001
1772223969883690955,2026-02-27 15:26:09.883,-10.9196,-11.7792,-31.9116,-0.312915,1.03477,0.026377,26.426000000000002
1772223969884868942,2026-02-27 15:26:09.884,-10.8579,-11.7663,-31.5129,-0.310339,1.03363,0.021727,26.427000000000007
1772223969886071731,2026-02-27 15:26:09.886,-10.902,-11.775,-31.3338,-0.311049,1.03355,0.019056,26.429000000000002
1772223969887248693,2026-02-27 15:26:09.887,-10.8614,-11.8008,-31.0762,-0.310081,1.03334,0.014058,26.430000000000007
1772223969888425963,2026-02-27 15:26:09.888,-10.887,-11.8192,-30.8757,-0.312776,1.03239,0.011141,26.43100000000001
1772223969889583813,2026-02-27 15:26:09.889,-10.9342,-11.8757,-30.9501,-0.316148,1.03293,0.009735,26.432000000000002
1772223969890765658,2026-02-27 15:26:09.890,-10.8762,-11.8262,-30.9016,-0.310184,1.03261,0.009032,26.433000000000007
1772223969891972365,2026-02-27 15:26:09.891,-10.8848,-11.7788,-29.8574,-0.31118,1.0332,-0.001285,26.43400000000001
1772223969893188590,2026-02-27 15:26:09.893,-10.9131,-11.8282,-30.2229,-0.309386,1.03429,0.001728,26.436000000000007
1772223969894367305,2026-02-27 15:26:09.894,-10.9888,-11.8359,-30.7479,-0.309328,1.03739,0.003996,26.437000000000012
1772223969895528686,2026-02-27 15:26:09.895,-11.0394,-11.9059,-31.1195,-0.309625,1.03828,0.004616,26.438000000000002
1772223969896663178,2026-02-27 15:26:09.896,-11.0631,-11.9276,-31.0077,-0.311712,1.03923,0.002913,26.439000000000007
1772223969897842896,2026-02-27 15:26:09.897,-11.0786,-11.9211,-30.9599,-0.310688,1.04066,0.001884,26.440000000000012
1772223969899049034,2026-02-27 15:26:09.899,-11.0722,-11.9762,-31.0284,-0.311686,1.04132,-0.000141,26.442000000000007
1772223969900229184,2026-02-27 15:26:09.900,-11.0956,-11.9605,-31.8393,-0.308568,1.04308,0.005667,26.443000000000012
1772223969901406788,2026-02-27 15:26:09.901,-11.1253,-12.0294,-32.0369,-0.310349,1.04479,0.001416,26.444000000000003
1772223969902536285,2026-02-27 15:26:09.902,-11.1544,-12.0332,-31.4973,-0.31286,1.04538,-0.003459,26.445000000000007
1772223969903670873,2026-02-27 15:26:09.903,-11.1245,-12.0859,-31.2767,-0.313064,1.04505,-0.00915,26.446000000000012
1772223969904852016,2026-02-27 15:26:09.904,-11.1177,-12.092,-31.3007,-0.314032,1.04597,-0.011768,26.447000000000003
1772223969906053191,2026-02-27 15:26:09.906,-11.1332,-12.1154,-31.4102,-0.312586,1.04544,-0.013716,26.449000000000012
1772223969907235391,2026-02-27 15:26:09.907,-11.1589,-12.153,-31.4735,-0.311873,1.0469,-0.01654,26.450000000000003
1772223969908415089,2026-02-27 15:26:09.908,-11.1463,-12.2346,-30.573,-0.319223,1.04713,-0.030137,26.451000000000008
1772223969909567143,2026-02-27 15:26:09.909,-11.0858,-12.3177,-31.0445,-0.316546,1.04693,-0.029349,26.452000000000012
1772223969910701445,2026-02-27 15:26:09.910,-11.0645,-12.345,-31.3124,-0.317403,1.04641,-0.028894,26.453000000000003
1772223969911907493,2026-02-27 15:26:09.911,-11.0546,-12.3998,-31.8477,-0.316885,1.04727,-0.027945,26.454000000000008
1772223969913109948,2026-02-27 15:26:09.913,-11.027,-12.465,-31.9601,-0.320862,1.04651,-0.029625,26.456000000000003
1772223969914285853,2026-02-27 15:26:09.914,-11.0342,-12.5445,-32.0048,-0.322689,1.04649,-0.03229,26.457000000000008
1772223969915488421,2026-02-27 15:26:09.915,-11.0568,-12.6324,-32.1169,-0.322954,1.04672,-0.037095,26.458000000000013
1772223969916623295,2026-02-27 15:26:09.916,-11.0234,-12.6482,-33.1063,-0.32425,1.04798,-0.028957,26.459000000000003
1772223969917801129,2026-02-27 15:26:09.917,-11.0416,-12.6903,-32.7621,-0.32378,1.04797,-0.034964,26.460000000000008
1772223969919002658,2026-02-27 15:26:09.919,-11.0624,-12.7593,-32.7567,-0.327849,1.0464,-0.036117,26.462000000000003
1772223969920204225,2026-02-27 15:26:09.920,-11.0598,-12.7969,-32.3707,-0.32439,1.04635,-0.042047,26.463000000000008
1772223969921380658,2026-02-27 15:26:09.921,-11.0516,-12.8366,-32.0653,-0.329102,1.04594,-0.045415,26.464
1772223969922557016,2026-02-27 15:26:09.922,-11.0692,-12.8759,-32.0448,-0.333247,1.04496,-0.048905,26.465000000000003
1772223969923692370,2026-02-27 15:26:09.923,-11.1523,-12.8938,-32.02,-0.335426,1.04483,-0.049965,26.466000000000008
1772223969924870840,2026-02-27 15:26:09.924,-11.0399,-12.9786,-31.0796,-0.333299,1.04233,-0.059514,26.467
1772223969926067302,2026-02-27 15:26:09.926,-11.0853,-13.0527,-31.0785,-0.338413,1.04269,-0.060068,26.46900000000001
1772223969927237443,2026-02-27 15:26:09.927,-11.0304,-13.0345,-31.1526,-0.335934,1.04245,-0.060929,26.47
1772223969928413120,2026-02-27 15:26:09.928,-11.0657,-13.0888,-31.9413,-0.337263,1.04047,-0.052614,26.471000000000004
1772223969929586616,2026-02-27 15:26:09.929,-11.0996,-13.1362,-31.9924,-0.340219,1.04072,-0.054423,26.47200000000001
1772223969930719566,2026-02-27 15:26:09.930,-11.0486,-13.1492,-31.9758,-0.337645,1.04064,-0.053541,26.473
1772223969931902015,2026-02-27 15:26:09.931,-11.0487,-13.1493,-31.996,-0.337324,1.04083,-0.053548,26.474000000000004
1772223969933103389,2026-02-27 15:26:09.933,-11.0984,-13.1846,-32.37,-0.33938,1.04106,-0.04952,26.476
1772223969934302728,2026-02-27 15:26:09.934,-11.009,-13.1665,-32.8867,-0.337322,1.04045,-0.044881,26.477000000000004
1772223969935510693,2026-02-27 15:26:09.935,-11.0947,-13.2188,-32.2799,-0.341854,1.03968,-0.051018,26.47800000000001
1772223969936651359,2026-02-27 15:26:09.936,-11.06,-13.2402,-32.0428,-0.339616,1.03949,-0.052791,26.479
1772223969937850188,2026-02-27 15:26:09.937,-10.9923,-13.2141,-31.834,-0.338645,1.03937,-0.053319,26.480000000000004
1772223969939055945,2026-02-27 15:26:09.939,-11.0216,-13.2454,-31.858,-0.339243,1.03859,-0.052906,26.482
1772223969940262103,2026-02-27 15:26:09.940,-11.0597,-13.2565,-31.8174,-0.341965,1.03854,-0.053138,26.483000000000004
1772223969941438571,2026-02-27 15:26:09.941,-10.981,-13.2025,-31.7948,-0.338226,1.03833,-0.053059,26.48400000000001
1772223969942596839,2026-02-27 15:26:09.942,-11.0696,-13.2091,-31.3769,-0.337926,1.04216,-0.057959,26.485
1772223969943801034,2026-02-27 15:26:09.943,-11.1618,-13.1906,-31.3228,-0.342151,1.04354,-0.057335,26.486000000000004
1772223969945002891,2026-02-27 15:26:09.945,-11.1177,-13.1982,-31.852,-0.339385,1.04494,-0.050784,26.488
1772223969946203668,2026-02-27 15:26:09.946,-11.1925,-13.2061,-32.0692,-0.342522,1.04693,-0.049039,26.489000000000004
1772223969947377743,2026-02-27 15:26:09.947,-11.2392,-13.2157,-32.0962,-0.340393,1.0497,-0.047961,26.49000000000001
1772223969948546316,2026-02-27 15:26:09.948,-11.295,-13.1739,-32.1487,-0.338898,1.05513,-0.046063,26.491
1772223969949682326,2026-02-27 15:26:09.949,-11.369,-13.1808,-33.169,-0.337385,1.0596,-0.03637,26.492000000000004
1772223969950859471,2026-02-27 15:26:09.950,-11.4014,-13.1012,-33.0238,-0.335217,1.06314,-0.036662,26.49300000000001
1772223969952063827,2026-02-27 15:26:09.952,-11.4749,-13.0963,-33.135,-0.333041,1.0669,-0.035195,26.495000000000005
1772223969953264261,2026-02-27 15:26:09.953,-11.6095,-13.0915,-32.5645,-0.33987,1.06973,-0.039044,26.49600000000001
1772223969954439930,2026-02-27 15:26:09.954,-11.6745,-13.0937,-32.3893,-0.33634,1.07372,-0.04082,26.497
1772223969955596622,2026-02-27 15:26:09.955,-11.7747,-13.0614,-32.4652,-0.334006,1.08078,-0.038494,26.498000000000005
1772223969956779053,2026-02-27 15:26:09.956,-11.8841,-13.0353,-32.4162,-0.336585,1.08398,-0.036997,26.49900000000001
1772223969957980341,2026-02-27 15:26:09.957,-11.9885,-13.0647,-31.7719,-0.338379,1.08638,-0.042439,26.5
1772223969959188890,2026-02-27 15:26:09.959,-12.0579,-12.9655,-31.5399,-0.33318,1.09109,-0.04346,26.50200000000001
1772223969960388890,2026-02-27 15:26:09.960,-12.1624,-12.9742,-31.6644,-0.337017,1.09407,-0.040395,26.503
1772223969961533255,2026-02-27 15:26:09.961,-12.2171,-12.9619,-32.441,-0.338545,1.09964,-0.030648,26.504000000000005
1772223969962668856,2026-02-27 15:26:09.962,-12.2483,-12.9293,-32.4548,-0.337416,1.10162,-0.02849,26.50500000000001
1772223969963820250,2026-02-27 15:26:09.963,-12.4693,-12.9211,-32.4668,-0.341913,1.1051,-0.027444,26.506
1772223969964995647,2026-02-27 15:26:09.964,-12.4508,-12.9024,-32.3824,-0.337877,1.10794,-0.024366,26.507000000000005
1772223969966167387,2026-02-27 15:26:09.966,-12.5519,-12.8613,-32.42,-0.338427,1.10953,-0.021992,26.509
1772223969967353626,2026-02-27 15:26:09.967,-12.6163,-12.8059,-33.2634,-0.337111,1.11286,-0.011306,26.510000000000005
1772223969968538352,2026-02-27 15:26:09.968,-12.805,-12.7052,-32.7178,-0.334322,1.11827,-0.010865,26.51100000000001
1772223969969671263,2026-02-27 15:26:09.969,-12.86,-12.662,-32.2294,-0.33272,1.12094,-0.01076,26.512
1772223969970820763,2026-02-27 15:26:09.970,-12.9895,-12.5621,-31.9687,-0.333136,1.12643,-0.010366,26.513000000000005
1772223969971991997,2026-02-27 15:26:09.971,-13.0286,-12.5416,-32.0481,-0.328553,1.12893,-0.007327,26.51400000000001
1772223969973164132,2026-02-27 15:26:09.973,-13.153,-12.4399,-32.0176,-0.325809,1.1328,-0.002699,26.516000000000005
1772223969974350051,2026-02-27 15:26:09.974,-13.2903,-12.4155,-31.7991,-0.330711,1.13683,0.000768,26.51700000000001
1772223969975548022,2026-02-27 15:26:09.975,-13.367,-12.2115,-31.1718,-0.321201,1.14063,0.001839,26.518
1772223969976681936,2026-02-27 15:26:09.976,-13.3367,-12.0591,-31.4539,-0.314678,1.13955,0.004893,26.519000000000005
1772223969977834159,2026-02-27 15:26:09.977,-13.2721,-11.9329,-31.9339,-0.306705,1.14335,0.010537,26.52000000000001
1772223969979006185,2026-02-27 15:26:09.979,-13.2957,-11.9583,-31.9701,-0.306618,1.13638,0.009555,26.522000000000006
1772223969980177022,2026-02-27 15:26:09.980,-13.4636,-12.0232,-31.6344,-0.317428,1.14602,0.019896,26.52300000000001
1772223969981363163,2026-02-27 15:26:09.981,-13.6272,-12.0253,-31.5835,-0.314493,1.15711,0.027814,26.524
1772223969982538776,2026-02-27 15:26:09.982,-13.9003,-11.9095,-32.4434,-0.307834,1.16843,0.037782,26.525000000000006
1772223969983664328,2026-02-27 15:26:09.983,-14.0231,-11.8919,-32.9024,-0.31186,1.1726,0.038957,26.52600000000001
1772223969984817619,2026-02-27 15:26:09.984,-14.1659,-11.8529,-32.7048,-0.311751,1.17981,0.039704,26.527
1772223969986052554,2026-02-27 15:26:09.986,-14.2057,-11.8389,-32.2294,-0.313505,1.18394,0.035413,26.52900000000001
1772223969987246158,2026-02-27 15:26:09.987,-14.2524,-11.9177,-31.961,-0.313079,1.18737,0.034861,26.53
1772223969988444579,2026-02-27 15:26:09.988,-14.2165,-11.938,-31.8016,-0.311856,1.18663,0.035595,26.531000000000006
1772223969989558187,2026-02-27 15:26:09.989,-13.9091,-11.914,-31.8661,-0.310311,1.16117,0.030043,26.53200000000001
1772223969990833105,2026-02-27 15:26:09.990,-13.8785,-11.9049,-31.4798,-0.308268,1.16547,0.036843,26.533
1772223969992015125,2026-02-27 15:26:09.992,-13.9488,-11.7994,-30.4617,-0.305776,1.17496,0.033995,26.53500000000001
1772223969993188722,2026-02-27 15:26:09.993,-14.193,-11.7556,-30.7252,-0.302702,1.18789,0.043069,26.536
1772223969994391320,2026-02-27 15:26:09.994,-14.3473,-11.7729,-30.7385,-0.304394,1.19403,0.047925,26.537000000000006
1772223969995559572,2026-02-27 15:26:09.995,-14.6163,-11.7346,-31.4891,-0.301415,1.19837,0.050033,26.53800000000001
1772223969996692967,2026-02-27 15:26:09.996,-14.7207,-11.7803,-31.5823,-0.303156,1.20295,0.048416,26.539
1772223969997870737,2026-02-27 15:26:09.997,-14.8355,-11.822,-31.6447,-0.306516,1.20901,0.048263,26.540000000000006
1772223969999070560,2026-02-27 15:26:09.999,-14.89,-11.8957,-31.6418,-0.306432,1.21273,0.047774,26.542
1772223970000273721,2026-02-27 15:26:10.000,-14.9858,-11.9527,-32.4358,-0.316949,1.21375,0.056309,26.543000000000006
1772223970001485161,2026-02-27 15:26:10.001,-14.9676,-11.9999,-32.0562,-0.31387,1.21417,0.051414,26.54400000000001
1772223970002619886,2026-02-27 15:26:10.002,-15.1898,-12.0236,-31.3912,-0.3171,1.2144,0.045416,26.545
1772223970003751971,2026-02-27 15:26:10.003,-15.2748,-12.043,-31.0495,-0.320188,1.21483,0.04258,26.546000000000006
1772223970004885912,2026-02-27 15:26:10.004,-15.3011,-12.0304,-30.9849,-0.315249,1.21662,0.042288,26.54700000000001
1772223970006085832,2026-02-27 15:26:10.006,-15.373,-12.0895,-30.8835,-0.316717,1.21726,0.042098,26.549000000000007
1772223970007259746,2026-02-27 15:26:10.007,-15.4718,-12.0846,-30.9029,-0.317144,1.21935,0.041679,26.55000000000001
1772223970008477971,2026-02-27 15:26:10.008,-15.4593,-12.0836,-30.0704,-0.318798,1.2211,0.032673,26.551000000000002
1772223970009672436,2026-02-27 15:26:10.009,-15.5734,-12.1359,-29.9751,-0.319924,1.22225,0.030158,26.552000000000007
1772223970010846319,2026-02-27 15:26:10.010,-15.619,-12.1885,-30.3268,-0.324363,1.22114,0.033729,26.55300000000001
1772223970012047872,2026-02-27 15:26:10.012,-15.6327,-12.1436,-30.7078,-0.322872,1.22017,0.035947,26.555000000000007
1772223970013248750,2026-02-27 15:26:10.013,-15.6766,-12.2174,-30.5707,-0.324044,1.21923,0.033434,26.55600000000001
1772223970014446985,2026-02-27 15:26:10.014,-15.7164,-12.2565,-30.4244,-0.328573,1.21592,0.032402,26.557000000000002
1772223970015604328,2026-02-27 15:26:10.015,-15.681,-12.2592,-30.369,-0.325586,1.2146,0.030358,26.558000000000007
1772223970016730245,2026-02-27 15:26:10.016,-15.7128,-12.344,-31.0198,-0.33065,1.2086,0.035935,26.55900000000001
1772223970017938410,2026-02-27 15:26:10.017,-15.7055,-12.2979,-30.5598,-0.330838,1.20625,0.030901,26.560000000000002
1772223970019139818,2026-02-27 15:26:10.019,-15.6472,-12.3458,-30.3007,-0.327088,1.20292,0.025773,26.562000000000012
1772223970020338016,2026-02-27 15:26:10.020,-15.6792,-12.3235,-29.7617,-0.331069,1.19842,0.020744,26.563000000000002
1772223970021673515,2026-02-27 15:26:10.021,-15.5995,-12.3183,-29.4759,-0.330189,1.19586,0.017712,26.564000000000007
1772223970022896099,2026-02-27 15:26:10.022,-15.5643,-12.2418,-29.1512,-0.333457,1.18541,0.01437,26.565000000000012
1772223970024096184,2026-02-27 15:26:10.024,-15.4927,-12.2426,-29.0136,-0.330409,1.1796,0.012206,26.567000000000007
1772223970025297082,2026-02-27 15:26:10.025,-15.4691,-12.2223,-27.8617,-0.330568,1.17431,0.000953,26.568000000000012
1772223970026508712,2026-02-27 15:26:10.026,-15.3845,-12.1976,-28.1196,-0.329714,1.17029,0.003204,26.569000000000003
1772223970027647444,2026-02-27 15:26:10.027,-15.3071,-12.1698,-27.8984,-0.329035,1.16493,0.000614,26.570000000000007
1772223970028806951,2026-02-27 15:26:10.028,-15.2102,-12.1406,-28.51,-0.328232,1.15435,0.00383,26.571000000000012
1772223970030011384,2026-02-27 15:26:10.030,-15.1027,-12.1468,-28.3355,-0.327765,1.14911,0.002241,26.573000000000008
1772223970031214909,2026-02-27 15:26:10.031,-14.9821,-12.0939,-28.1944,-0.325887,1.14363,-0.000376,26.574000000000012
1772223970032415889,2026-02-27 15:26:10.032,-14.9501,-11.9733,-28.1312,-0.323391,1.13949,-0.000607,26.575000000000003
1772223970033699245,2026-02-27 15:26:10.033,-14.8544,-12.0008,-28.8163,-0.325266,1.1341,0.004541,26.576000000000008
1772223970034922060,2026-02-27 15:26:10.034,-14.6972,-11.8976,-28.6578,-0.322358,1.12534,0.002437,26.577000000000012
1772223970036130533,2026-02-27 15:26:10.036,-14.6305,-11.8835,-28.0255,-0.324914,1.12045,-0.00406,26.579000000000008
1772223970037331612,2026-02-27 15:26:10.037,-14.533,-11.8196,-27.6743,-0.320672,1.11602,-0.007576,26.580000000000013
1772223970038583866,2026-02-27 15:26:10.038,-14.4405,-11.7836,-27.6163,-0.318642,1.11092,-0.010022,26.581000000000003
1772223970039721398,2026-02-27 15:26:10.039,-14.2487,-11.7209,-27.4752,-0.316273,1.10436,-0.012434,26.582000000000008
1772223970040895952,2026-02-27 15:26:10.040,-14.268,-11.723,-26.9233,-0.319076,1.0997,-0.019371,26.583000000000013
1772223970042097064,2026-02-27 15:26:10.042,-14.1453,-11.6079,-26.3848,-0.314407,1.09513,-0.023401,26.585000000000008
1772223970043283974,2026-02-27 15:26:10.043,-14.086,-11.636,-26.6998,-0.314274,1.09182,-0.021863,26.586000000000013
1772223970044498308,2026-02-27 15:26:10.044,-14.0127,-11.6386,-26.9985,-0.314277,1.08826,-0.019668,26.587000000000003
1772223970045632929,2026-02-27 15:26:10.045,-13.9468,-11.605,-27.2776,-0.311116,1.08567,-0.017173,26.588000000000008
1772223970046789792,2026-02-27 15:26:10.046,-13.8998,-11.5936,-27.3645,-0.312589,1.08175,-0.019563,26.589
1772223970047975609,2026-02-27 15:26:10.047,-13.8316,-11.5467,-27.3217,-0.311842,1.07919,-0.019713,26.590000000000003
1772223970049176940,2026-02-27 15:26:10.049,-13.8972,-11.5918,-27.4181,-0.313872,1.07948,-0.020868,26.592
1772223970050376681,2026-02-27 15:26:10.050,-13.7198,-11.6195,-28.2868,-0.311475,1.07667,-0.011973,26.593000000000004
1772223970051566884,2026-02-27 15:26:10.051,-13.7522,-11.6202,-27.9134,-0.311733,1.07705,-0.016245,26.59400000000001
1772223970052700562,2026-02-27 15:26:10.052,-13.8261,-11.6834,-27.5185,-0.312141,1.07974,-0.020768,26.595
1772223970053879847,2026-02-27 15:26:10.053,-13.8807,-11.6857,-27.4062,-0.314143,1.07978,-0.022641,26.596000000000004
1772223970055080540,2026-02-27 15:26:10.055,-13.9022,-11.6916,-27.4811,-0.309989,1.08116,-0.023461,26.598
1772223970056279096,2026-02-27 15:26:10.056,-13.9378,-11.7228,-27.4861,-0.312857,1.08261,-0.022902,26.599000000000004
1772223970057488901,2026-02-27 15:26:10.057,-13.9757,-11.7189,-27.4034,-0.315461,1.08334,-0.023325,26.60000000000001
1772223970058623271,2026-02-27 15:26:10.058,-14.0283,-11.7459,-26.6437,-0.314845,1.08546,-0.030599,26.601
1772223970059769998,2026-02-27 15:26:10.059,-14.0695,-11.7735,-26.5997,-0.315726,1.08651,-0.031241,26.602000000000004
1772223970060971676,2026-02-27 15:26:10.060,-14.0541,-11.7972,-27.2604,-0.311812,1.08768,-0.026437,26.60300000000001
1772223970062171723,2026-02-27 15:26:10.062,-14.0047,-11.7735,-27.5687,-0.31265,1.08724,-0.022788,26.605000000000004
1772223970063355918,2026-02-27 15:26:10.063,-14.0418,-11.8359,-27.5034,-0.315709,1.08749,-0.023687,26.60600000000001
1772223970064555746,2026-02-27 15:26:10.064,-14.1478,-11.8419,-27.5024,-0.319792,1.08836,-0.024369,26.607
1772223970065690116,2026-02-27 15:26:10.065,-14.1484,-11.8397,-27.949,-0.317658,1.08934,-0.018176,26.608000000000004
1772223970066863422,2026-02-27 15:26:10.066,-14.1254,-11.8845,-28.4008,-0.318379,1.08976,-0.014425,26.60900000000001
1772223970068036461,2026-02-27 15:26:10.068,-14.1415,-11.8274,-28.2074,-0.318278,1.09051,-0.015996,26.611000000000004
1772223970069235710,2026-02-27 15:26:10.069,-14.2361,-11.8249,-27.7422,-0.318612,1.09095,-0.018902,26.61200000000001
1772223970070434103,2026-02-27 15:26:10.070,-14.318,-11.8468,-27.4613,-0.322043,1.09195,-0.02179,26.613
1772223970071565742,2026-02-27 15:26:10.071,-14.2411,-11.8578,-27.3142,-0.319058,1.09108,-0.02211,26.614000000000004
1772223970072700385,2026-02-27 15:26:10.072,-14.3278,-11.8415,-27.3593,-0.319085,1.09213,-0.021665,26.61500000000001
1772223970073893881,2026-02-27 15:26:10.073,-14.3631,-11.8561,-27.2131,-0.323095,1.09284,-0.022522,26.616
1772223970075093169,2026-02-27 15:26:10.075,-14.3995,-11.8402,-26.2717,-0.319873,1.09309,-0.029385,26.61800000000001
1772223970076226875,2026-02-27 15:26:10.076,-14.3829,-11.8292,-26.7888,-0.318296,1.09244,-0.024932,26.619
1772223970077426849,2026-02-27 15:26:10.077,-14.4118,-11.8617,-26.6748,-0.320187,1.09207,-0.023836,26.620000000000005
1772223970078560059,2026-02-27 15:26:10.078,-14.4049,-11.8139,-27.1341,-0.320309,1.09274,-0.018954,26.62100000000001
1772223970079693055,2026-02-27 15:26:10.079,-14.4569,-11.8321,-27.2714,-0.322837,1.09261,-0.016925,26.622
1772223970080852055,2026-02-27 15:26:10.080,-14.3886,-11.7544,-27.1282,-0.322182,1.09143,-0.016811,26.623000000000005
1772223970082050810,2026-02-27 15:26:10.082,-14.4534,-11.7485,-27.0485,-0.321259,1.09053,-0.016694,26.625
1772223970083251223,2026-02-27 15:26:10.083,-14.5094,-11.7913,-27.9101,-0.325491,1.08939,-0.006766,26.626000000000005
1772223970084475442,2026-02-27 15:26:10.084,-14.583,-11.7811,-27.6051,-0.327715,1.08785,-0.010205,26.62700000000001
1772223970085570051,2026-02-27 15:26:10.085,-14.5027,-11.7101,-27.675,-0.324545,1.0873,-0.008467,26.628
1772223970086703524,2026-02-27 15:26:10.086,-14.5742,-11.6873,-26.9766,-0.32433,1.0866,-0.012713,26.629000000000005
1772223970087856674,2026-02-27 15:26:10.087,-14.6504,-11.6082,-26.6181,-0.326417,1.0846,-0.015006,26.63000000000001
1772223970089058715,2026-02-27 15:26:10.089,-14.6815,-11.5888,-26.5044,-0.32763,1.08373,-0.013859,26.632000000000005
1772223970090260405,2026-02-27 15:26:10.090,-14.677,-11.6066,-26.4268,-0.325153,1.08282,-0.013122,26.63300000000001
1772223970091479605,2026-02-27 15:26:10.091,-14.6723,-11.564,-25.6736,-0.32497,1.08293,-0.019306,26.634
1772223970092608141,2026-02-27 15:26:10.092,-14.6781,-11.5283,-25.3786,-0.324666,1.08259,-0.020818,26.635000000000005
1772223970093748386,2026-02-27 15:26:10.093,-14.7358,-11.5422,-25.4104,-0.326179,1.0815,-0.01933,26.63600000000001
1772223970094889342,2026-02-27 15:26:10.094,-14.819,-11.5055,-26.225,-0.330198,1.08202,-0.010405,26.637
1772223970096013822,2026-02-27 15:26:10.096,-14.8607,-11.4989,-26.2029,-0.330852,1.08273,-0.010817,26.63900000000001
1772223970097135974,2026-02-27 15:26:10.097,-14.9005,-11.4602,-26.1433,-0.327066,1.08354,-0.01046,26.64
1772223970098259649,2026-02-27 15:26:10.098,-14.896,-11.4301,-26.1288,-0.328806,1.08399,-0.009627,26.641000000000005
1772223970099380528,2026-02-27 15:26:10.099,-14.9434,-11.4495,-26.167,-0.32906,1.08278,-0.007056,26.64200000000001
1772223970100484510,2026-02-27 15:26:10.100,-14.991,-11.4352,-27.0103,-0.33413,1.084,7.9e-05,26.643
1772223970101722013,2026-02-27 15:26:10.101,-15.0264,-11.4184,-26.4829,-0.329074,1.08502,-0.0025,26.644000000000005
1772223970102870208,2026-02-27 15:26:10.102,-15.1808,-11.4174,-25.9518,-0.334019,1.08717,-0.006526,26.64500000000001
1772223970104069884,2026-02-27 15:26:10.104,-15.2427,-11.3842,-25.7429,-0.333505,1.08859,-0.007436,26.647000000000006
1772223970105268530,2026-02-27 15:26:10.105,-15.297,-11.3555,-25.7494,-0.334365,1.09078,-0.006589,26.64800000000001
1772223970106481493,2026-02-27 15:26:10.106,-15.3668,-11.3329,-25.751,-0.335283,1.09193,-0.006574,26.649
1772223970107614792,2026-02-27 15:26:10.107,-15.4082,-11.3614,-25.6501,-0.336493,1.09355,-0.00656,26.650000000000006
1772223970108747575,2026-02-27 15:26:10.108,-15.5248,-11.3009,-24.5729,-0.336269,1.09452,-0.015916,26.65100000000001
1772223970109877150,2026-02-27 15:26:10.109,-16.4007,-11.1869,-25.2929,-0.343879,1.0346,-0.003907,26.652
1772223970111074323,2026-02-27 15:26:10.111,-16.5491,-11.1236,-26.0419,-0.338209,1.0223,0.010626,26.65400000000001
1772223970112274184,2026-02-27 15:26:10.112,-16.6116,-11.1162,-26.5867,-0.335586,1.01183,0.018907,26.655
1772223970113491267,2026-02-27 15:26:10.113,-16.6864,-11.1174,-26.5388,-0.33806,0.998045,0.020198,26.656000000000006
1772223970114626213,2026-02-27 15:26:10.114,-16.6885,-11.1056,-26.5063,-0.335063,0.990885,0.018257,26.65700000000001
1772223970115778352,2026-02-27 15:26:10.115,-16.71,-10.9533,-26.3019,-0.330464,0.98633,0.018203,26.658
1772223970116949927,2026-02-27 15:26:10.116,-16.8037,-10.8794,-26.7245,-0.32842,0.977161,0.029564,26.659000000000006
1772223970118148435,2026-02-27 15:26:10.118,-16.8295,-10.7906,-26.6591,-0.322051,0.973081,0.032207,26.661
1772223970119346607,2026-02-27 15:26:10.119,-16.883,-10.7479,-25.9956,-0.322397,0.96386,0.029981,26.662000000000006
1772223970120567973,2026-02-27 15:26:10.120,-17.0189,-10.6974,-25.6339,-0.32611,0.960379,0.030046,26.66300000000001
1772223970121698274,2026-02-27 15:26:10.121,-16.9931,-10.6149,-25.4241,-0.320679,0.951123,0.032366,26.664
1772223970122861560,2026-02-27 15:26:10.122,-17.0524,-10.5213,-25.2528,-0.319822,0.945325,0.033932,26.665000000000006
1772223970124041192,2026-02-27 15:26:10.124,-17.0619,-10.4706,-24.6526,-0.326319,0.925428,0.034671,26.667
1772223970125241586,2026-02-27 15:26:10.125,-16.9985,-10.4895,-23.7076,-0.324177,0.920901,0.027355,26.668000000000006
1772223970126441622,2026-02-27 15:26:10.126,-16.6846,-10.5221,-23.8549,-0.32426,0.919549,0.025814,26.66900000000001
1772223970127561610,2026-02-27 15:26:10.127,-16.3072,-10.5538,-23.9924,-0.321592,0.925718,0.023333,26.67
1772223970128692737,2026-02-27 15:26:10.128,-16.2046,-10.4686,-24.065,-0.319253,0.929087,0.02563,26.671000000000006
1772223970129853428,2026-02-27 15:26:10.129,-15.9746,-10.3531,-24.2376,-0.314506,0.939582,0.025195,26.67200000000001
1772223970131037270,2026-02-27 15:26:10.131,-15.7375,-10.217,-23.8597,-0.309917,0.944043,0.027722,26.674000000000007
1772223970132238989,2026-02-27 15:26:10.132,-15.4758,-10.1627,-23.7243,-0.305842,0.949004,0.026834,26.67500000000001
1772223970133439596,2026-02-27 15:26:10.133,-15.0844,-10.1592,-24.6576,-0.307078,0.951903,0.033718,26.676000000000002
1772223970134570952,2026-02-27 15:26:10.134,-14.8259,-10.1703,-23.9055,-0.312073,0.954841,0.028277,26.677000000000007
1772223970135703028,2026-02-27 15:26:10.135,-14.3261,-10.0374,-23.4565,-0.306077,0.957527,0.026902,26.67800000000001
1772223970136853419,2026-02-27 15:26:10.136,-13.8191,-9.9925,-22.0886,-0.304495,0.924694,0.017664,26.679000000000002
1772223970138026090,2026-02-27 15:26:10.138,-11.5985,-9.94433,-20.3849,-0.30665,0.824173,-0.021762,26.68100000000001
1772223970139217327,2026-02-27 15:26:10.139,-10.7297,-9.90658,-17.4245,-0.29866,0.705751,-0.048355,26.682000000000002
1772223970140414917,2026-02-27 15:26:10.140,-12.7354,-8.76921,-6.06271,-0.249311,0.420769,-0.027128,26.683000000000007
1772223970141566288,2026-02-27 15:26:10.141,-11.726,-8.67758,-1.41632,-0.231766,0.354104,-0.031417,26.68400000000001
1772223970142695083,2026-02-27 15:26:10.142,-10.7656,-8.58994,0.263307,-0.246105,0.314241,-0.038171,26.685000000000002
1772223970143886647,2026-02-27 15:26:10.143,-9.58386,-8.25284,1.746,-0.253782,0.264553,-0.054775,26.686000000000007
1772223970145053672,2026-02-27 15:26:10.145,-7.59966,-7.26265,2.6664,-0.240753,0.17385,-0.095733,26.688000000000002
1772223970146249642,2026-02-27 15:26:10.146,-6.86502,-6.83512,3.14083,-0.228366,0.140933,-0.116905,26.689000000000007
1772223970147443277,2026-02-27 15:26:10.147,-6.63195,-6.41513,3.65827,-0.217432,0.121284,-0.133301,26.690000000000012
1772223970148603165,2026-02-27 15:26:10.148,-6.40885,-6.03955,4.16743,-0.202895,0.113052,-0.147893,26.691000000000003
1772223970149737394,2026-02-27 15:26:10.149,-6.36573,-5.7522,4.34971,-0.189051,0.114313,-0.153156,26.692000000000007
1772223970150881197,2026-02-27 15:26:10.150,-6.42171,-5.59603,4.29898,-0.185417,0.120631,-0.15458,26.693000000000012
1772223970152050292,2026-02-27 15:26:10.152,-6.27741,-5.43246,5.57149,-0.174242,0.127211,-0.167405,26.695000000000007
1772223970153242828,2026-02-27 15:26:10.153,-6.58119,-5.47137,0.093263,-0.168452,0.074446,-0.179615,26.696000000000012
1772223970154435955,2026-02-27 15:26:10.154,-6.23282,-5.27072,-5.97617,-0.150942,0.180613,-0.187688,26.697000000000003
1772223970155570001,2026-02-27 15:26:10.155,-6.35211,-4.78268,-17.7035,-0.136021,0.414733,-0.169453,26.698000000000008
1772223970156699213,2026-02-27 15:26:10.156,-8.04561,-4.29918,-29.4587,-0.19428,0.467778,-0.123105,26.699000000000012
1772223970157867332,2026-02-27 15:26:10.157,-9.84754,-4.20559,-29.2372,-0.160902,0.24898,-0.088458,26.700000000000003
1772223970159008995,2026-02-27 15:26:10.159,-10.2676,-4.6132,-31.7086,-0.027307,0.291634,-0.105371,26.702000000000012
1772223970160193744,2026-02-27 15:26:10.160,-10.7667,-4.93127,-31.7899,0.027292,0.300677,-0.10985,26.703000000000003
1772223970161390813,2026-02-27 15:26:10.161,-10.9843,-5.13102,-32.3821,0.072858,0.311853,-0.104248,26.704000000000008
1772223970162582250,2026-02-27 15:26:10.162,-11.106,-5.11805,-32.4699,0.089038,0.3292,-0.102218,26.705000000000013
1772223970163715428,2026-02-27 15:26:10.163,-11.0809,-5.20343,-32.1847,0.078899,0.341027,-0.105502,26.706000000000003
1772223970164887001,2026-02-27 15:26:10.164,-10.9541,-5.26492,-32.0013,0.053437,0.341472,-0.109677,26.707000000000008
1772223970166072365,2026-02-27 15:26:10.166,-10.8205,-5.64251,-33.1368,-0.015657,0.322841,-0.095522,26.709000000000003
1772223970167269935,2026-02-27 15:26:10.167,-10.9045,-5.98843,-33.2479,-0.055697,0.310049,-0.087401,26.710000000000008
1772223970168478530,2026-02-27 15:26:10.168,-11.0706,-6.23653,-33.5835,-0.091682,0.310024,-0.072575,26.711000000000013
1772223970169610490,2026-02-27 15:26:10.169,-11.253,-6.44328,-32.8103,-0.130741,0.318758,-0.05901,26.712000000000003
1772223970170742133,2026-02-27 15:26:10.170,-11.522,-6.58416,-31.8593,-0.160322,0.339451,-0.043959,26.713000000000008
1772223970171871638,2026-02-27 15:26:10.171,-11.6528,-6.6543,-30.6618,-0.188803,0.368979,-0.028495,26.714
1772223970173043579,2026-02-27 15:26:10.173,-11.745,-6.73496,-28.9998,-0.211671,0.400096,-0.015059,26.716000000000008
1772223970174222942,2026-02-27 15:26:10.174,-11.7745,-6.90271,-24.405,-0.250928,0.466577,-0.004165,26.717
1772223970175354233,2026-02-27 15:26:10.175,-11.6629,-6.87352,-21.9293,-0.258495,0.496407,-0.001744,26.718000000000004
1772223970176564653,2026-02-27 15:26:10.176,-11.6816,-6.92965,-20.3612,-0.267377,0.526252,0.00509,26.71900000000001
1772223970177698714,2026-02-27 15:26:10.177,-11.6788,-6.9886,-19.1225,-0.27925,0.5505,0.012176,26.72
1772223970178876965,2026-02-27 15:26:10.178,-11.6419,-7.08191,-18.2673,-0.290068,0.574082,0.018831,26.721000000000004
1772223970180050081,2026-02-27 15:26:10.180,-11.6386,-7.24916,-17.2907,-0.302055,0.592811,0.022162,26.723
1772223970181233190,2026-02-27 15:26:10.181,-11.7076,-7.56218,-15.7887,-0.324796,0.624738,0.028953,26.724000000000004
1772223970182430377,2026-02-27 15:26:10.182,-11.7957,-7.74892,-15.2809,-0.334879,0.638159,0.031973,26.72500000000001
1772223970183568398,2026-02-27 15:26:10.183,-11.7739,-7.90752,-15.8235,-0.342949,0.649385,0.043412,26.726
1772223970184699866,2026-02-27 15:26:10.184,-11.76,-8.08123,-15.0175,-0.350428,0.657168,0.041559,26.727000000000004
1772223970185878228,2026-02-27 15:26:10.185,-11.7794,-8.27875,-14.6445,-0.3615,0.662248,0.043282,26.72800000000001
1772223970187056778,2026-02-27 15:26:10.187,-11.8121,-8.38418,-14.0414,-0.368626,0.665505,0.041027,26.730000000000004
1772223970188236248,2026-02-27 15:26:10.188,-11.8822,-8.53081,-13.7607,-0.382996,0.667493,0.040811,26.73100000000001
1772223970189433447,2026-02-27 15:26:10.189,-11.9094,-8.54557,-13.8675,-0.389659,0.665952,0.041071,26.732
1772223970190559329,2026-02-27 15:26:10.190,-11.9781,-8.56941,-14.067,-0.396115,0.664511,0.039805,26.733000000000004
1772223970191688162,2026-02-27 15:26:10.191,-11.9308,-8.54704,-13.3177,-0.396314,0.661027,0.031067,26.73400000000001
1772223970192886607,2026-02-27 15:26:10.192,-11.9357,-8.55307,-13.8581,-0.398108,0.657532,0.032492,26.735
1772223970194058518,2026-02-27 15:26:10.194,-11.923,-8.55234,-14.1337,-0.397156,0.652651,0.030931,26.73700000000001
1772223970195238630,2026-02-27 15:26:10.195,-11.8835,-8.49998,-15.8083,-0.389321,0.64094,0.034839,26.738
1772223970196434002,2026-02-27 15:26:10.196,-11.8602,-8.43401,-16.2602,-0.386306,0.633172,0.032228,26.739000000000004
1772223970197564798,2026-02-27 15:26:10.197,-11.8162,-8.39431,-16.6411,-0.381148,0.623411,0.028211,26.74000000000001
1772223970198694369,2026-02-27 15:26:10.198,-11.738,-8.29049,-17.006,-0.372587,0.613216,0.02515,26.741
1772223970199870714,2026-02-27 15:26:10.199,-11.6961,-8.17496,-18.0,-0.365164,0.600932,0.027757,26.742000000000004
1772223970201065040,2026-02-27 15:26:10.201,-11.4661,-7.99892,-18.7202,-0.351734,0.572572,0.019914,26.744
1772223970202255123,2026-02-27 15:26:10.202,-11.3441,-7.86658,-18.5597,-0.342124,0.55739,0.011249,26.745000000000005
1772223970203477082,2026-02-27 15:26:10.203,-11.2157,-7.75144,-18.503,-0.335247,0.540307,0.002699,26.74600000000001
1772223970204607380,2026-02-27 15:26:10.204,-11.0457,-7.60986,-18.4822,-0.327843,0.52315,-0.003305,26.747
1772223970205742923,2026-02-27 15:26:10.205,-10.9763,-7.54081,-18.6181,-0.321468,0.505698,-0.007473,26.748000000000005
1772223970206874241,2026-02-27 15:26:10.206,-10.8327,-7.36619,-18.7701,-0.314247,0.488624,-0.012049,26.74900000000001
1772223970208046115,2026-02-27 15:26:10.208,-10.6573,-7.26309,-18.6381,-0.309005,0.472178,-0.019567,26.751000000000005
1772223970209221011,2026-02-27 15:26:10.209,-10.4301,-7.13873,-18.3334,-0.29637,0.442866,-0.031573,26.75200000000001
1772223970210422669,2026-02-27 15:26:10.210,-10.3668,-7.07489,-18.3642,-0.291981,0.431254,-0.033034,26.753
1772223970211671096,2026-02-27 15:26:10.211,-10.161,-7.00546,-18.8575,-0.289404,0.417199,-0.032054,26.754000000000005
1772223970212846024,2026-02-27 15:26:10.212,-10.0321,-6.93294,-18.9783,-0.285163,0.407251,-0.03512,26.75500000000001
1772223970214032353,2026-02-27 15:26:10.214,-9.93497,-6.89202,-18.8983,-0.287651,0.396879,-0.03821,26.757000000000005
1772223970215203821,2026-02-27 15:26:10.215,-9.8114,-6.81316,-18.7403,-0.285303,0.38431,-0.040476,26.75800000000001
1772223970216400218,2026-02-27 15:26:10.216,-9.71443,-6.82613,-19.5902,-0.286493,0.380865,-0.031796,26.759
1772223970217583057,2026-02-27 15:26:10.217,-9.71856,-6.84104,-19.1696,-0.288134,0.379899,-0.03394,26.760000000000005
1772223970218714603,2026-02-27 15:26:10.218,-9.65757,-6.85836,-19.1784,-0.289811,0.378903,-0.032514,26.76100000000001
1772223970219889295,2026-02-27 15:26:10.219,-9.68794,-6.94558,-18.5911,-0.298431,0.380105,-0.035623,26.762
1772223970221059615,2026-02-27 15:26:10.221,-9.63468,-6.97889,-18.2877,-0.298538,0.380779,-0.035089,26.76400000000001
1772223970222230922,2026-02-27 15:26:10.222,-9.61439,-7.10352,-18.0129,-0.311681,0.388835,-0.030714,26.765
1772223970223423016,2026-02-27 15:26:10.223,-9.68078,-7.22209,-17.9129,-0.319742,0.393952,-0.027728,26.766000000000005
1772223970224561024,2026-02-27 15:26:10.224,-9.6329,-7.31237,-17.0454,-0.323959,0.39883,-0.032614,26.76700000000001
1772223970225689159,2026-02-27 15:26:10.225,-9.61493,-7.3484,-16.8595,-0.330328,0.404367,-0.029981,26.768
1772223970226864110,2026-02-27 15:26:10.226,-9.71989,-7.44623,-16.9063,-0.338652,0.411169,-0.026432,26.769000000000005
1772223970228061018,2026-02-27 15:26:10.228,-9.69409,-7.53439,-17.3455,-0.344565,0.417603,-0.018413,26.771
1772223970229237112,2026-02-27 15:26:10.229,-9.71011,-7.72453,-17.7909,-0.354148,0.430616,-0.009537,26.772000000000006
1772223970230428945,2026-02-27 15:26:10.230,-9.75005,-7.8281,-17.7529,-0.359474,0.437799,-0.006138,26.77300000000001
1772223970231562059,2026-02-27 15:26:10.231,-9.81491,-7.99823,-17.7336,-0.367248,0.443592,-0.003229,26.774
1772223970232692277,2026-02-27 15:26:10.232,-9.92631,-8.01039,-18.0192,-0.376348,0.452172,0.002546,26.775000000000006
1772223970233866463,2026-02-27 15:26:10.233,-9.97794,-8.15156,-18.8786,-0.383807,0.458993,0.012232,26.77600000000001
1772223970235066107,2026-02-27 15:26:10.235,-10.0841,-8.27007,-18.6214,-0.392177,0.467647,0.012919,26.778000000000006
1772223970236239311,2026-02-27 15:26:10.236,-10.2556,-8.41607,-18.3205,-0.399518,0.487064,0.016503,26.77900000000001
1772223970237432810,2026-02-27 15:26:10.237,-10.3777,-8.58885,-18.233,-0.407361,0.494411,0.018175,26.78
1772223970238571441,2026-02-27 15:26:10.238,-10.5637,-8.72683,-18.4942,-0.41478,0.504425,0.020106,26.781000000000006
1772223970239703142,2026-02-27 15:26:10.239,-10.6048,-8.81563,-18.6161,-0.417096,0.513688,0.023244,26.78200000000001
1772223970240902171,2026-02-27 15:26:10.240,-10.716,-8.86648,-18.8497,-0.423779,0.524809,0.024339,26.783
1772223970242091801,2026-02-27 15:26:10.242,-10.7924,-8.9733,-17.9989,-0.428917,0.533662,0.018573,26.78500000000001
1772223970243265514,2026-02-27 15:26:10.243,-11.135,-9.1329,-18.7672,-0.442018,0.554612,0.026,26.786
1772223970244482970,2026-02-27 15:26:10.244,-11.2839,-9.22567,-19.511,-0.449214,0.566414,0.033413,26.787000000000006
1772223970245615937,2026-02-27 15:26:10.245,-11.422,-9.25942,-19.9082,-0.451024,0.577838,0.037959,26.78800000000001
1772223970246750439,2026-02-27 15:26:10.246,-11.5506,-9.38133,-20.0653,-0.458552,0.587642,0.03971,26.789
1772223970247882719,2026-02-27 15:26:10.247,-11.7211,-9.39685,-20.2347,-0.460889,0.59893,0.043546,26.790000000000006
1772223970249080400,2026-02-27 15:26:10.249,-11.7604,-9.47412,-20.3138,-0.462776,0.610675,0.046471,26.792
1772223970250275438,2026-02-27 15:26:10.250,-12.075,-9.53399,-21.4344,-0.472658,0.633463,0.058268,26.793000000000006
1772223970251476675,2026-02-27 15:26:10.251,-12.1356,-9.56584,-21.4513,-0.472304,0.645364,0.061095,26.79400000000001
1772223970252608407,2026-02-27 15:26:10.252,-12.3284,-9.57302,-21.0329,-0.474113,0.657301,0.05908,26.795
1772223970253786881,2026-02-27 15:26:10.253,-12.4585,-9.597,-20.8303,-0.476987,0.667858,0.059035,26.796000000000006
1772223970254984351,2026-02-27 15:26:10.254,-12.6549,-9.65162,-20.7992,-0.480528,0.681003,0.060145,26.79700000000001
1772223970256164074,2026-02-27 15:26:10.256,-12.6798,-9.65286,-20.9003,-0.476688,0.692222,0.063646,26.799000000000007
1772223970257346490,2026-02-27 15:26:10.257,-12.9348,-9.69071,-20.4785,-0.477812,0.715869,0.064481,26.80000000000001
1772223970258541725,2026-02-27 15:26:10.258,-13.0725,-9.66387,-19.9788,-0.478645,0.727807,0.062731,26.801000000000002
1772223970259670797,2026-02-27 15:26:10.259,-13.2373,-9.63342,-20.5186,-0.473904,0.740704,0.067577,26.802000000000007
1772223970260869308,2026-02-27 15:26:10.260,-13.3403,-9.65266,-20.7623,-0.474592,0.750886,0.073732,26.80300000000001
1772223970262066469,2026-02-27 15:26:10.262,-13.4194,-9.66983,-21.2681,-0.470395,0.762136,0.079816,26.805000000000007
1772223970263239532,2026-02-27 15:26:10.263,-13.5568,-9.65438,-21.3265,-0.469192,0.772733,0.082514,26.80600000000001
1772223970264418376,2026-02-27 15:26:10.264,-13.7891,-9.61305,-21.4345,-0.472154,0.792056,0.086317,26.807000000000002
1772223970265527658,2026-02-27 15:26:10.265,-13.8145,-9.59573,-21.4915,-0.463312,0.8022,0.089547,26.808000000000007
1772223970266659727,2026-02-27 15:26:10.266,-13.9054,-9.5665,-22.4995,-0.464489,0.811343,0.100431,26.80900000000001
1772223970267855695,2026-02-27 15:26:10.267,-14.0525,-9.57972,-22.073,-0.462375,0.820522,0.097446,26.810000000000002
1772223970269052009,2026-02-27 15:26:10.269,-14.1134,-9.48911,-22.2094,-0.456663,0.82903,0.100011,26.812000000000012
1772223970270224411,2026-02-27 15:26:10.270,-14.236,-9.46431,-21.7923,-0.453631,0.836917,0.098561,26.813000000000002
1772223970271409834,2026-02-27 15:26:10.271,-14.3579,-9.39792,-21.6856,-0.446166,0.851505,0.101441,26.814000000000007
1772223970272555423,2026-02-27 15:26:10.272,-14.4447,-9.34084,-21.7366,-0.442978,0.858863,0.103159,26.815000000000012
1772223970273687616,2026-02-27 15:26:10.273,-14.5351,-9.28008,-21.8081,-0.438804,0.865268,0.104905,26.816000000000003
1772223970274862768,2026-02-27 15:26:10.274,-14.5848,-9.18309,-21.0255,-0.430809,0.872353,0.09779,26.817000000000007
1772223970276067891,2026-02-27 15:26:10.276,-14.684,-9.18147,-21.1698,-0.429693,0.877674,0.101129,26.819000000000003
1772223970277238722,2026-02-27 15:26:10.277,-14.7471,-9.00444,-21.0908,-0.419445,0.884257,0.102062,26.820000000000007
1772223970278412353,2026-02-27 15:26:10.278,-14.8553,-8.88188,-22.0874,-0.41418,0.893877,0.114637,26.821000000000012
1772223970279527403,2026-02-27 15:26:10.279,-14.8632,-8.83426,-22.1583,-0.408358,0.89904,0.116596,26.822000000000003
1772223970280657004,2026-02-27 15:26:10.280,-14.9412,-8.81055,-22.0897,-0.406039,0.902834,0.118605,26.823000000000008
1772223970281832170,2026-02-27 15:26:10.281,-14.943,-8.79929,-22.0989,-0.40337,0.907399,0.120304,26.824000000000012
1772223970283034230,2026-02-27 15:26:10.283,-15.0414,-8.67904,-22.6726,-0.399928,0.912709,0.12715,26.826000000000008
1772223970284220474,2026-02-27 15:26:10.284,-14.975,-8.65364,-23.1768,-0.392983,0.91656,0.133344,26.827000000000012
1772223970285394553,2026-02-27 15:26:10.285,-15.119,-8.55434,-22.54,-0.38781,0.927128,0.132714,26.828000000000003
1772223970286527335,2026-02-27 15:26:10.286,-15.1441,-8.49839,-22.2473,-0.383159,0.932025,0.131877,26.829000000000008
1772223970287658380,2026-02-27 15:26:10.287,-15.2063,-8.46853,-22.1105,-0.38107,0.936287,0.132838,26.830000000000013
1772223970288833707,2026-02-27 15:26:10.288,-15.2182,-8.43652,-22.1806,-0.378925,0.942134,0.13449,26.831000000000003
1772223970290031818,2026-02-27 15:26:10.290,-15.2549,-8.35448,-22.1325,-0.374846,0.946443,0.136739,26.833000000000013
1772223970291227103,2026-02-27 15:26:10.291,-15.2569,-8.35748,-22.0544,-0.373556,0.949093,0.13741,26.834000000000003
1772223970292365275,2026-02-27 15:26:10.292,-15.3357,-8.34465,-21.6831,-0.369943,0.959708,0.140147,26.835000000000008
1772223970293545990,2026-02-27 15:26:10.293,-15.3849,-8.29002,-21.7241,-0.365772,0.965419,0.143601,26.836000000000013
1772223970294676892,2026-02-27 15:26:10.294,-15.4341,-8.22904,-22.4543,-0.363658,0.96899,0.149445,26.837000000000003
1772223970295860187,2026-02-27 15:26:10.295,-15.2135,-8.01415,-23.2796,-0.341597,0.953206,0.149253,26.838000000000008
1772223970296989015,2026-02-27 15:26:10.296,-15.2737,-8.11457,-22.6038,-0.341341,0.94244,0.148276,26.839
1772223970298165281,2026-02-27 15:26:10.298,-15.3095,-8.14188,-22.4881,-0.348699,0.975109,0.159237,26.841000000000008
1772223970299351740,2026-02-27 15:26:10.299,-15.3867,-8.30741,-23.2579,-0.352133,0.997502,0.174592,26.842
1772223970300568138,2026-02-27 15:26:10.300,-15.4363,-8.3609,-23.1761,-0.351267,0.996972,0.174449,26.843000000000004
1772223970301699135,2026-02-27 15:26:10.301,-15.5261,-8.33902,-23.1637,-0.346354,1.00654,0.175974,26.84400000000001
1772223970302853930,2026-02-27 15:26:10.302,-15.6469,-8.36101,-22.5367,-0.346488,1.01036,0.170122,26.845
1772223970304032130,2026-02-27 15:26:10.304,-15.6341,-8.35703,-22.3457,-0.34541,1.0131,0.169136,26.84700000000001
1772223970305217412,2026-02-27 15:26:10.305,-15.5021,-8.2833,-22.3685,-0.337823,1.01147,0.163932,26.848
1772223970306403656,2026-02-27 15:26:10.306,-15.6096,-8.45449,-22.1373,-0.343208,1.02555,0.181645,26.849000000000004
1772223970307554640,2026-02-27 15:26:10.307,-15.6676,-8.49607,-21.226,-0.343707,1.04019,0.182783,26.85000000000001
1772223970308690488,2026-02-27 15:26:10.308,-15.7482,-8.44246,-20.6193,-0.342281,1.0559,0.180638,26.851
1772223970309846050,2026-02-27 15:26:10.309,-15.8572,-8.47363,-20.6448,-0.340971,1.06332,0.178236,26.852000000000004
1772223970311016154,2026-02-27 15:26:10.311,-15.9437,-8.49642,-20.9734,-0.342951,1.0692,0.181594,26.854
1772223970312212747,2026-02-27 15:26:10.312,-16.0667,-8.49837,-21.3374,-0.342282,1.07608,0.187354,26.855000000000004
1772223970313431061,2026-02-27 15:26:10.313,-16.198,-8.65505,-21.3723,-0.34423,1.08836,0.192653,26.85600000000001
1772223970314559297,2026-02-27 15:26:10.314,-16.2237,-8.73009,-21.29,-0.349942,1.09241,0.192278,26.857
1772223970315696320,2026-02-27 15:26:10.315,-16.2556,-8.73171,-21.3101,-0.348412,1.09549,0.195474,26.858000000000004
1772223970316893253,2026-02-27 15:26:10.316,-16.2877,-8.72774,-22.1449,-0.34836,1.09796,0.204823,26.85900000000001
1772223970318072791,2026-02-27 15:26:10.318,-16.2229,-8.73302,-21.675,-0.348186,1.09664,0.201649,26.861000000000004
1772223970319246040,2026-02-27 15:26:10.319,-16.2061,-8.72281,-21.6055,-0.34483,1.09412,0.200509,26.86200000000001
1772223970320434283,2026-02-27 15:26:10.320,-16.2348,-8.71116,-20.7786,-0.344955,1.0952,0.19862,26.863
1772223970321694614,2026-02-27 15:26:10.321,-16.1971,-8.71837,-20.5971,-0.343625,1.096,0.199137,26.864000000000004
1772223970322853037,2026-02-27 15:26:10.322,-16.1363,-8.67166,-20.597,-0.337329,1.09622,0.19648,26.86500000000001
1772223970324033237,2026-02-27 15:26:10.324,-16.0989,-8.60916,-20.3531,-0.336495,1.08352,0.193204,26.867000000000004
1772223970325214597,2026-02-27 15:26:10.325,-16.0897,-8.59472,-19.3856,-0.337387,1.09987,0.188991,26.86800000000001
1772223970326390959,2026-02-27 15:26:10.326,-16.1501,-8.54367,-19.591,-0.329734,1.10193,0.192701,26.869
1772223970327537200,2026-02-27 15:26:10.327,-16.166,-8.4933,-20.0743,-0.327912,1.0985,0.19491,26.870000000000005
1772223970328669933,2026-02-27 15:26:10.328,-16.1262,-8.51076,-20.4228,-0.325127,1.09565,0.195427,26.87100000000001
1772223970329847510,2026-02-27 15:26:10.329,-16.1053,-8.52195,-20.253,-0.323516,1.09445,0.194487,26.872
1772223970331041443,2026-02-27 15:26:10.331,-16.1607,-8.46897,-20.1868,-0.326467,1.09156,0.193284,26.87400000000001
1772223970332219672,2026-02-27 15:26:10.332,-16.0364,-8.40452,-20.0982,-0.319337,1.08863,0.192849,26.875
1772223970333407154,2026-02-27 15:26:10.333,-15.964,-8.36045,-20.9623,-0.313007,1.07871,0.197549,26.876000000000005
1772223970334543940,2026-02-27 15:26:10.334,-15.9457,-8.34608,-20.6794,-0.313477,1.07205,0.194589,26.87700000000001
1772223970335676930,2026-02-27 15:26:10.335,-15.9194,-8.27637,-20.144,-0.310193,1.06834,0.187555,26.878
1772223970336833434,2026-02-27 15:26:10.336,-15.8891,-8.22166,-19.7534,-0.309358,1.06294,0.183823,26.879000000000005
1772223970338012888,2026-02-27 15:26:10.338,-15.8622,-8.14743,-19.5478,-0.305831,1.05755,0.180485,26.881
1772223970339190019,2026-02-27 15:26:10.339,-15.7628,-8.08117,-19.5137,-0.301001,1.052,0.178746,26.882000000000005
1772223970340377806,2026-02-27 15:26:10.340,-15.7326,-7.97005,-19.1017,-0.295856,1.04196,0.171799,26.88300000000001
1772223970341495338,2026-02-27 15:26:10.341,-15.6765,-7.91752,-18.3657,-0.288366,1.03728,0.162389,26.884
1772223970342644172,2026-02-27 15:26:10.342,-15.6514,-7.80599,-18.7648,-0.286374,1.03229,0.164254,26.885000000000005
1772223970343803918,2026-02-27 15:26:10.343,-15.5342,-7.74844,-18.754,-0.283214,1.02568,0.162895,26.88600000000001
1772223970344981065,2026-02-27 15:26:10.344,-15.5358,-7.76922,-19.1511,-0.288988,1.01916,0.163924,26.887
1772223970346157544,2026-02-27 15:26:10.346,-15.3565,-7.66299,-19.1412,-0.281841,1.01149,0.163081,26.88900000000001
1772223970347341662,2026-02-27 15:26:10.347,-15.4007,-7.6457,-19.0645,-0.284686,1.00557,0.160197,26.89
1772223970348499038,2026-02-27 15:26:10.348,-15.2606,-7.58607,-18.9254,-0.278856,0.987948,0.154631,26.891000000000005
1772223970349629437,2026-02-27 15:26:10.349,-15.144,-7.53731,-19.8649,-0.277004,0.980161,0.161491,26.89200000000001
1772223970350784266,2026-02-27 15:26:10.350,-15.0294,-7.52755,-19.3714,-0.27631,0.970997,0.154593,26.893
1772223970351966223,2026-02-27 15:26:10.351,-15.0002,-7.43345,-19.3117,-0.273981,0.962989,0.151625,26.894000000000005
1772223970353145582,2026-02-27 15:26:10.353,-14.9519,-7.38905,-18.7303,-0.269538,0.956354,0.143804,26.896
1772223970354286612,2026-02-27 15:26:10.354,-14.9125,-7.33379,-18.4606,-0.26742,0.947418,0.139867,26.897000000000006
1772223970355446054,2026-02-27 15:26:10.355,-14.7881,-7.33546,-18.3461,-0.265605,0.932428,0.134781,26.89800000000001
1772223970356618704,2026-02-27 15:26:10.356,-14.6975,-7.28053,-18.3275,-0.262806,0.926591,0.132139,26.899
1772223970357741114,2026-02-27 15:26:10.357,-14.7519,-7.31046,-17.5112,-0.265777,0.919799,0.121963,26.900000000000006
1772223970358948176,2026-02-27 15:26:10.358,-14.7531,-7.31925,-17.4413,-0.268103,0.914666,0.120317,26.90100000000001
1772223970360143484,2026-02-27 15:26:10.360,-14.647,-7.33924,-17.5115,-0.265504,0.908807,0.118854,26.903000000000006
1772223970361313928,2026-02-27 15:26:10.361,-14.6272,-7.30941,-18.0001,-0.266379,0.905159,0.121829,26.90400000000001
1772223970362501715,2026-02-27 15:26:10.362,-14.6284,-7.38348,-18.4419,-0.264697,0.900644,0.120794,26.905
1772223970363632205,2026-02-27 15:26:10.363,-14.6647,-7.44212,-18.4304,-0.268707,0.898045,0.118608,26.906000000000006
1772223970364777985,2026-02-27 15:26:10.364,-14.5921,-7.46339,-18.3649,-0.270365,0.894641,0.117967,26.90700000000001
1772223970365948051,2026-02-27 15:26:10.365,-14.6335,-7.48474,-18.6428,-0.270978,0.892853,0.119762,26.908
1772223970367144457,2026-02-27 15:26:10.367,-14.5718,-7.5141,-19.3591,-0.268668,0.890858,0.123665,26.91000000000001
1772223970368341219,2026-02-27 15:26:10.368,-14.6002,-7.56534,-18.9863,-0.271221,0.89004,0.119333,26.911
1772223970369527564,2026-02-27 15:26:10.369,-14.6337,-7.56058,-18.8167,-0.270837,0.887756,0.115004,26.912000000000006
1772223970370656691,2026-02-27 15:26:10.370,-14.6742,-7.6516,-18.1465,-0.27784,0.883783,0.108425,26.91300000000001
1772223970371859228,2026-02-27 15:26:10.371,-14.6321,-7.6737,-18.2634,-0.276647,0.88227,0.107731,26.914
1772223970373060715,2026-02-27 15:26:10.373,-14.6318,-7.68997,-18.281,-0.276757,0.881863,0.107289,26.91600000000001
1772223970374257331,2026-02-27 15:26:10.374,-14.6262,-7.74165,-18.1721,-0.280324,0.880289,0.105985,26.917
1772223970375390719,2026-02-27 15:26:10.375,-14.7144,-7.79606,-17.09,-0.286036,0.879886,0.095595,26.918000000000006
1772223970376554844,2026-02-27 15:26:10.376,-14.7038,-7.869,-17.4809,-0.287603,0.881521,0.099335,26.91900000000001
1772223970377686877,2026-02-27 15:26:10.377,-14.7305,-7.88565,-18.0614,-0.290503,0.883006,0.103851,26.92
1772223970378859130,2026-02-27 15:26:10.378,-14.7308,-7.9189,-18.2908,-0.288506,0.88389,0.104803,26.921000000000006
1772223970380057927,2026-02-27 15:26:10.380,-14.7175,-7.96247,-18.3544,-0.292363,0.885569,0.105058,26.923000000000002
1772223970381254033,2026-02-27 15:26:10.381,-14.802,-8.00033,-18.3581,-0.292744,0.888437,0.105459,26.924000000000007
1772223970382477359,2026-02-27 15:26:10.382,-14.8677,-8.05013,-18.2792,-0.295109,0.891578,0.10563,26.92500000000001
1772223970383610411,2026-02-27 15:26:10.383,-14.9142,-8.15845,-19.0681,-0.305554,0.896185,0.113632,26.926000000000002
1772223970384758689,2026-02-27 15:26:10.384,-14.935,-8.20231,-19.05,-0.307169,0.900148,0.113964,26.927000000000007
1772223970385932934,2026-02-27 15:26:10.385,-14.9733,-8.22239,-18.5207,-0.310462,0.904251,0.110719,26.92800000000001
1772223970387104132,2026-02-27 15:26:10.387,-15.0131,-8.25611,-18.3457,-0.311006,0.908122,0.108828,26.930000000000007
1772223970388299987,2026-02-27 15:26:10.388,-15.0561,-8.2717,-18.2489,-0.315692,0.912753,0.109371,26.93100000000001
1772223970389488361,2026-02-27 15:26:10.389,-15.1213,-8.29047,-18.2156,-0.317204,0.917459,0.110382,26.932000000000002
1772223970390620728,2026-02-27 15:26:10.390,-15.1559,-8.35948,-18.2829,-0.318709,0.921682,0.1113,26.933000000000007
1772223970391818614,2026-02-27 15:26:10.391,-15.2208,-8.34061,-17.3063,-0.322935,0.93061,0.105042,26.93400000000001
1772223970393019901,2026-02-27 15:26:10.393,-15.2921,-8.4393,-17.5572,-0.326062,0.936663,0.109007,26.936000000000007
1772223970394222697,2026-02-27 15:26:10.394,-15.305,-8.45343,-17.8942,-0.328873,0.941471,0.113816,26.937000000000012
1772223970395422564,2026-02-27 15:26:10.395,-15.3342,-8.47512,-18.2704,-0.330463,0.946741,0.118414,26.938000000000002
1772223970396584151,2026-02-27 15:26:10.396,-15.3969,-8.49507,-18.3022,-0.332647,0.951454,0.120014,26.939000000000007
1772223970397722479,2026-02-27 15:26:10.397,-15.4766,-8.54592,-18.2739,-0.337635,0.960921,0.121723,26.940000000000012
1772223970398856293,2026-02-27 15:26:10.398,-15.5122,-8.54878,-18.2307,-0.339663,0.965836,0.124426,26.941000000000003
1772223970400057925,2026-02-27 15:26:10.400,-15.5209,-8.55809,-19.2912,-0.341004,0.968572,0.134025,26.943000000000012
1772223970401232511,2026-02-27 15:26:10.401,-15.5315,-8.62665,-18.7815,-0.343946,0.972004,0.130744,26.944000000000003
1772223970402405146,2026-02-27 15:26:10.402,-15.4889,-8.65785,-18.7449,-0.347328,0.97596,0.131447,26.945000000000007
1772223970403541033,2026-02-27 15:26:10.403,-15.5767,-8.67081,-18.1961,-0.347059,0.983593,0.12848,26.946000000000012
1772223970404669869,2026-02-27 15:26:10.404,-15.5214,-8.64135,-18.1003,-0.350652,0.986401,0.129468,26.947000000000003
1772223970405817760,2026-02-27 15:26:10.405,-15.5495,-8.69459,-18.2215,-0.34912,0.988795,0.129385,26.948000000000008
1772223970406987490,2026-02-27 15:26:10.406,-15.5468,-8.65007,-18.1751,-0.35531,0.991323,0.131402,26.949000000000012
1772223970408157625,2026-02-27 15:26:10.408,-15.4815,-8.74629,-17.1625,-0.35689,0.992511,0.123062,26.951000000000008
1772223970409333201,2026-02-27 15:26:10.409,-15.5748,-8.69399,-17.4705,-0.357724,0.995454,0.12633,26.952000000000012
1772223970410529111,2026-02-27 15:26:10.410,-15.5853,-8.70777,-17.9663,-0.36124,0.999906,0.133604,26.953000000000003
1772223970411663224,2026-02-27 15:26:10.411,-15.6145,-8.75856,-18.3136,-0.364319,1.00209,0.136722,26.954000000000008
1772223970412821893,2026-02-27 15:26:10.412,-15.5875,-8.71091,-18.2353,-0.362963,1.00404,0.137416,26.955000000000013
1772223970413993050,2026-02-27 15:26:10.413,-15.5661,-8.72556,-18.197,-0.365297,1.00526,0.137777,26.956000000000003
1772223970415163303,2026-02-27 15:26:10.415,-15.6054,-8.72269,-18.1826,-0.366308,1.00769,0.138605,26.958000000000013
1772223970416333912,2026-02-27 15:26:10.416,-15.6048,-8.72117,-18.7778,-0.369078,1.00901,0.145462,26.959000000000003
1772223970417523481,2026-02-27 15:26:10.417,-15.5469,-8.75966,-18.975,-0.371573,1.01266,0.147756,26.960000000000008
1772223970418655225,2026-02-27 15:26:10.418,-15.562,-8.75379,-18.6273,-0.372748,1.01314,0.144296,26.961000000000013
1772223970419825758,2026-02-27 15:26:10.419,-15.5391,-8.82325,-18.3325,-0.376357,1.016,0.142794,26.962000000000003
1772223970421007682,2026-02-27 15:26:10.421,-15.5055,-8.81168,-18.2654,-0.377497,1.01695,0.141926,26.964
1772223970422177658,2026-02-27 15:26:10.422,-15.6007,-8.82606,-18.2457,-0.37967,1.01921,0.14169,26.965000000000003
1772223970423347797,2026-02-27 15:26:10.423,-15.5677,-8.81559,-18.235,-0.380207,1.02169,0.143343,26.966000000000008
1772223970424539401,2026-02-27 15:26:10.424,-15.546,-8.83095,-18.1033,-0.382829,1.02272,0.14183,26.967
1772223970425673234,2026-02-27 15:26:10.425,-15.6145,-8.84832,-17.6603,-0.385851,1.02609,0.139213,26.968000000000004
1772223970426856265,2026-02-27 15:26:10.426,-15.6137,-8.86891,-17.7526,-0.390234,1.02868,0.140729,26.96900000000001
1772223970428026649,2026-02-27 15:26:10.428,-15.6302,-8.90941,-18.2309,-0.391967,1.03077,0.145297,26.971000000000004
1772223970429197067,2026-02-27 15:26:10.429,-15.638,-8.90649,-18.3218,-0.393608,1.03224,0.146692,26.97200000000001
1772223970430369679,2026-02-27 15:26:10.430,-15.6386,-8.90855,-18.2631,-0.398803,1.03353,0.146809,26.973
1772223970431622593,2026-02-27 15:26:10.431,-15.6588,-8.92992,-18.2818,-0.402223,1.03336,0.146302,26.974000000000004
1772223970432777633,2026-02-27 15:26:10.432,-15.5435,-9.02518,-19.13,-0.403287,1.0331,0.154883,26.97500000000001
1772223970433976050,2026-02-27 15:26:10.433,-15.5996,-9.07812,-18.8307,-0.405925,1.03365,0.152424,26.976
1772223970435148168,2026-02-27 15:26:10.435,-15.5094,-9.0942,-18.9364,-0.406911,1.03167,0.153169,26.97800000000001
1772223970436319255,2026-02-27 15:26:10.436,-15.5306,-9.08576,-18.3165,-0.407695,1.03196,0.148594,26.979
1772223970437533688,2026-02-27 15:26:10.437,-15.4853,-9.03089,-18.0168,-0.409442,1.03192,0.146378,26.980000000000004
1772223970438665528,2026-02-27 15:26:10.438,-15.476,-9.06234,-17.9139,-0.410947,1.02684,0.14603,26.98100000000001
1772223970439858388,2026-02-27 15:26:10.439,-15.4313,-9.05343,-17.9066,-0.411458,1.02539,0.144956,26.982
1772223970441030492,2026-02-27 15:26:10.441,-15.3545,-9.11438,-17.1025,-0.412845,1.02158,0.137234,26.98400000000001
1772223970442201190,2026-02-27 15:26:10.442,-15.3177,-9.08389,-16.8625,-0.412195,1.0192,0.134848,26.985
1772223970443398566,2026-02-27 15:26:10.443,-15.3033,-9.08881,-16.886,-0.413201,1.01701,0.135263,26.986000000000004
1772223970444557077,2026-02-27 15:26:10.444,-15.2143,-9.06626,-17.3186,-0.413054,1.01339,0.139315,26.98700000000001
1772223970445689095,2026-02-27 15:26:10.445,-15.1879,-9.08654,-17.6963,-0.412944,1.00688,0.140889,26.988
1772223970446863799,2026-02-27 15:26:10.446,-15.1773,-9.05509,-17.6685,-0.412705,1.00377,0.139685,26.989000000000004
1772223970448064831,2026-02-27 15:26:10.448,-15.1473,-9.10116,-17.5959,-0.414905,1.00007,0.13777,26.991
1772223970449262319,2026-02-27 15:26:10.449,-15.124,-9.04361,-17.8069,-0.412263,0.997839,0.139042,26.992000000000004
1772223970450484644,2026-02-27 15:26:10.450,-15.0603,-9.0383,-18.4975,-0.412341,0.994417,0.145085,26.99300000000001
1772223970451615339,2026-02-27 15:26:10.451,-15.1198,-9.05223,-18.0543,-0.415309,0.991581,0.139142,26.994
1772223970452770980,2026-02-27 15:26:10.452,-14.9998,-8.99907,-17.5011,-0.410398,0.984623,0.13278,26.995000000000005
1772223970453968178,2026-02-27 15:26:10.453,-15.0066,-9.02073,-17.177,-0.412765,0.978324,0.129578,26.99600000000001
1772223970455166935,2026-02-27 15:26:10.455,-14.9506,-8.98214,-17.2064,-0.412412,0.974901,0.1279,26.998000000000005
1772223970456337585,2026-02-27 15:26:10.456,-14.8679,-8.95653,-17.1008,-0.407896,0.969783,0.127669,26.99900000000001
1772223970457544589,2026-02-27 15:26:10.457,-14.9016,-8.9645,-17.0673,-0.407985,0.965788,0.125411,27.0
1772223970458676105,2026-02-27 15:26:10.458,-14.7734,-8.89657,-16.1752,-0.404191,0.955707,0.116913,27.001000000000005
1772223970459872877,2026-02-27 15:26:10.459,-14.655,-8.82322,-16.0577,-0.402193,0.948748,0.114746,27.00200000000001
1772223970461044974,2026-02-27 15:26:10.461,-14.5785,-8.83918,-16.5793,-0.397462,0.942539,0.116948,27.004000000000005
1772223970462241998,2026-02-27 15:26:10.462,-14.5017,-8.78959,-16.6055,-0.396733,0.935327,0.117894,27.00500000000001
1772223970463438825,2026-02-27 15:26:10.463,-14.4207,-8.72696,-16.5624,-0.390969,0.928141,0.114717,27.006
1772223970464564778,2026-02-27 15:26:10.464,-14.3411,-8.6958,-16.3752,-0.392906,0.920157,0.114016,27.007000000000005
1772223970465698506,2026-02-27 15:26:10.465,-14.1526,-8.56047,-16.8287,-0.386021,0.902366,0.115211,27.00800000000001
1772223970466875332,2026-02-27 15:26:10.466,-14.047,-8.62315,-16.8195,-0.38665,0.891724,0.113772,27.009
1772223970468073944,2026-02-27 15:26:10.468,-13.9536,-8.59828,-16.616,-0.382741,0.882306,0.110864,27.01100000000001
1772223970469273642,2026-02-27 15:26:10.469,-13.8673,-8.57118,-15.9478,-0.383867,0.871866,0.101932,27.012
1772223970470480720,2026-02-27 15:26:10.470,-13.7548,-8.44331,-15.451,-0.377206,0.863125,0.097997,27.013000000000005
1772223970471612257,2026-02-27 15:26:10.471,-13.6455,-8.41061,-15.2364,-0.37352,0.853031,0.093386,27.01400000000001
1772223970472745150,2026-02-27 15:26:10.472,-13.4194,-8.24669,-14.8916,-0.36423,0.831758,0.087855,27.015
1772223970473922001,2026-02-27 15:26:10.473,-13.2723,-8.23781,-14.5006,-0.358649,0.82204,0.081419,27.016000000000005
1772223970475094446,2026-02-27 15:26:10.475,-13.1584,-8.15936,-13.627,-0.355457,0.810563,0.072506,27.018
1772223970476282237,2026-02-27 15:26:10.476,-13.0438,-8.10835,-13.8749,-0.352439,0.799397,0.073203,27.019000000000005
1772223970477495170,2026-02-27 15:26:10.477,-12.9201,-8.04898,-13.9727,-0.347359,0.789633,0.072936,27.02000000000001
1772223970478629626,2026-02-27 15:26:10.478,-12.7796,-8.04704,-14.2396,-0.342693,0.778923,0.073608,27.021
1772223970479780649,2026-02-27 15:26:10.479,-12.5067,-7.90726,-13.9743,-0.340331,0.755368,0.067456,27.022000000000006
1772223970480974084,2026-02-27 15:26:10.480,-12.3932,-7.85709,-13.7936,-0.333966,0.743667,0.06505,27.02300000000001
1772223970482175390,2026-02-27 15:26:10.482,-12.2252,-7.77277,-13.6475,-0.330521,0.732098,0.061695,27.025000000000006
1772223970483372989,2026-02-27 15:26:10.483,-12.1067,-7.72009,-14.4643,-0.326689,0.720774,0.068504,27.02600000000001
1772223970484570140,2026-02-27 15:26:10.484,-11.9739,-7.69905,-13.906,-0.323942,0.707973,0.061093,27.027
1772223970485703099,2026-02-27 15:26:10.485,-11.8299,-7.69936,-13.8042,-0.323079,0.695753,0.058064,27.028000000000006
1772223970486859352,2026-02-27 15:26:10.486,-11.6077,-7.5685,-12.7639,-0.316421,0.672893,0.045607,27.02900000000001
1772223970488058182,2026-02-27 15:26:10.488,-11.4191,-7.51044,-12.6765,-0.309893,0.659899,0.042066,27.031000000000006
1772223970489256844,2026-02-27 15:26:10.489,-11.2878,-7.42026,-12.4581,-0.305175,0.647792,0.040091,27.03200000000001
1772223970490469212,2026-02-27 15:26:10.490,-11.1392,-7.37394,-12.3296,-0.300073,0.635872,0.03633,27.033
1772223970491561290,2026-02-27 15:26:10.491,-10.9815,-7.33687,-11.2576,-0.298343,0.622871,0.025121,27.034000000000006
1772223970492726559,2026-02-27 15:26:10.492,-10.8037,-7.20578,-11.2158,-0.292966,0.609921,0.022216,27.03500000000001
1772223970493897973,2026-02-27 15:26:10.493,-10.4818,-7.14012,-11.5032,-0.284372,0.5856,0.020104,27.036
1772223970495079306,2026-02-27 15:26:10.495,-10.3665,-7.13498,-11.6225,-0.284247,0.570964,0.019557,27.03800000000001
1772223970496261322,2026-02-27 15:26:10.496,-10.1146,-7.16338,-11.5081,-0.279829,0.557234,0.015059,27.039
1772223970497431620,2026-02-27 15:26:10.497,-10.0368,-7.0416,-11.3497,-0.276601,0.545041,0.012642,27.040000000000006
1772223970498551314,2026-02-27 15:26:10.498,-9.78976,-6.98233,-11.2048,-0.271283,0.5305,0.009738,27.04100000000001
1772223970499681515,2026-02-27 15:26:10.499,-9.7194,-6.96898,-11.3707,-0.270207,0.517143,0.01005,27.042
1772223970500838851,2026-02-27 15:26:10.500,-9.35687,-6.88958,-11.25,-0.264614,0.488353,0.00452,27.043000000000006
1772223970502034625,2026-02-27 15:26:10.502,-9.18361,-6.80525,-10.7418,-0.261409,0.473437,-0.00137,27.045
1772223970503231516,2026-02-27 15:26:10.503,-9.00601,-6.78923,-10.231,-0.260287,0.457861,-0.007759,27.046000000000006
1772223970504430600,2026-02-27 15:26:10.504,-8.9679,-6.75772,-9.91342,-0.260935,0.442825,-0.013144,27.04700000000001
1772223970505569170,2026-02-27 15:26:10.505,-8.74757,-6.71522,-9.72636,-0.257387,0.427536,-0.016472,27.048000000000002
1772223970506697320,2026-02-27 15:26:10.506,-8.54067,-6.66635,-9.52838,-0.253462,0.412917,-0.021493,27.049000000000007
1772223970507854441,2026-02-27 15:26:10.507,-8.21748,-6.54901,-8.05651,-0.247646,0.380241,-0.037706,27.05000000000001
1772223970509028320,2026-02-27 15:26:10.509,-8.05224,-6.52158,-8.41595,-0.242134,0.365157,-0.038496,27.052000000000007
1772223970510224870,2026-02-27 15:26:10.510,-7.9303,-6.4872,-8.02379,-0.242649,0.348737,-0.042581,27.05300000000001
1772223970511392346,2026-02-27 15:26:10.511,-7.66041,-6.45478,-8.37026,-0.237935,0.333883,-0.041947,27.054000000000002
1772223970512563762,2026-02-27 15:26:10.512,-7.58325,-6.44355,-8.33837,-0.241353,0.318268,-0.044155,27.055000000000007
1772223970513692296,2026-02-27 15:26:10.513,-7.38084,-6.40659,-8.04074,-0.237513,0.302116,-0.04889,27.05600000000001
1772223970514862808,2026-02-27 15:26:10.514,-6.99132,-6.30638,-7.5946,-0.234252,0.269727,-0.057657,27.057000000000002
1772223970516036139,2026-02-27 15:26:10.516,-6.81582,-6.315,-8.15718,-0.233638,0.253916,-0.052483,27.05900000000001
1772223970517230868,2026-02-27 15:26:10.517,-6.65039,-6.30733,-7.84832,-0.231972,0.238043,-0.059179,27.060000000000002
1772223970518425075,2026-02-27 15:26:10.518,-6.51709,-6.23306,-7.55883,-0.228958,0.224206,-0.062843,27.061000000000007
1772223970519559709,2026-02-27 15:26:10.519,-6.30421,-6.20342,-6.82512,-0.226,0.206967,-0.072049,27.062000000000012
1772223970520687086,2026-02-27 15:26:10.520,-6.13856,-6.13186,-6.15001,-0.226753,0.191791,-0.078783,27.063000000000002
1772223970521829935,2026-02-27 15:26:10.521,-6.05083,-6.1592,-5.79469,-0.231313,0.174295,-0.083826,27.064000000000007
1772223970522998567,2026-02-27 15:26:10.522,-5.69387,-6.07213,-5.12931,-0.223955,0.141017,-0.091721,27.065000000000012
1772223970524185842,2026-02-27 15:26:10.524,-5.45651,-6.07379,-4.12425,-0.226963,0.122914,-0.102202,27.067000000000007
1772223970525381050,2026-02-27 15:26:10.525,-5.34202,-5.98535,-3.38311,-0.226692,0.105218,-0.10987,27.068000000000012
1772223970526558196,2026-02-27 15:26:10.526,-5.10116,-5.89996,-3.17739,-0.221536,0.08673,-0.11288,27.069000000000003
1772223970527685573,2026-02-27 15:26:10.527,-4.89324,-5.90983,-3.12491,-0.220704,0.067513,-0.114593,27.070000000000007
1772223970528829891,2026-02-27 15:26:10.528,-4.73187,-5.87582,-3.00723,-0.219295,0.048103,-0.117058,27.071000000000012
1772223970529999505,2026-02-27 15:26:10.530,-4.42187,-5.80334,-2.14603,-0.214995,0.008867,-0.127364,27.073000000000008
1772223970531186998,2026-02-27 15:26:10.531,-4.2609,-5.78797,-1.6478,-0.21488,-0.010975,-0.135204,27.074000000000012
1772223970532379490,2026-02-27 15:26:10.532,-4.06104,-5.72699,-1.27864,-0.206646,-0.031238,-0.141441,27.075000000000003
1772223970533569149,2026-02-27 15:26:10.533,-3.92855,-5.73635,-1.77915,-0.203149,-0.052399,-0.139699,27.076000000000008
1772223970534696038,2026-02-27 15:26:10.534,-3.71429,-5.70336,-0.76429,-0.198482,-0.073379,-0.151434,27.077000000000012
1772223970535842900,2026-02-27 15:26:10.535,-3.57522,-5.67442,-0.287794,-0.195718,-0.093496,-0.158992,27.078000000000003
1772223970537013726,2026-02-27 15:26:10.537,-3.32693,-5.62012,1.22777,-0.186852,-0.132928,-0.179066,27.080000000000013
1772223970538200117,2026-02-27 15:26:10.538,-3.18631,-5.62696,1.70199,-0.184333,-0.151954,-0.186241,27.081000000000003
1772223970539391417,2026-02-27 15:26:10.539,-3.07634,-5.5829,2.06634,-0.179551,-0.170728,-0.195309,27.082000000000008
1772223970540560966,2026-02-27 15:26:10.540,-1.78857,-5.39298,1.91036,-0.187684,-0.162267,-0.214905,27.083000000000013
1772223970541803704,2026-02-27 15:26:10.541,-0.784332,-5.33518,2.5035,-0.192894,-0.147941,-0.250044,27.084000000000003
1772223970543003674,2026-02-27 15:26:10.543,-0.524835,-5.13217,3.1178,-0.175583,-0.166794,-0.268321,27.086000000000013
1772223970544179071,2026-02-27 15:26:10.544,-0.467548,-5.00809,2.82013,-0.175158,-0.192508,-0.266989,27.087000000000003
1772223970545370883,2026-02-27 15:26:10.545,-0.358858,-4.9002,2.71488,-0.166506,-0.195274,-0.265759,27.088000000000008
1772223970546559679,2026-02-27 15:26:10.546,-0.312931,-4.83838,2.92878,-0.159164,-0.199394,-0.266913,27.089
1772223970547685573,2026-02-27 15:26:10.547,-0.29265,-4.79737,2.98057,-0.156559,-0.20167,-0.268494,27.090000000000003
1772223970548860348,2026-02-27 15:26:10.548,-0.197174,-4.80652,3.12094,-0.158686,-0.200611,-0.2711,27.091000000000008
1772223970550041380,2026-02-27 15:26:10.550,-0.15271,-4.76608,2.465,-0.159186,-0.209207,-0.267502,27.093000000000004
1772223970551230496,2026-02-27 15:26:10.551,-0.116094,-4.81902,2.64194,-0.158151,-0.21115,-0.269539,27.09400000000001
1772223970552425344,2026-02-27 15:26:10.552,-0.057111,-4.79784,3.23323,-0.159104,-0.216975,-0.272799,27.095
1772223970553569510,2026-02-27 15:26:10.553,-0.055063,-4.85289,3.58538,-0.156162,-0.215291,-0.273454,27.096000000000004
1772223970554696903,2026-02-27 15:26:10.554,0.002142,-4.85677,3.61772,-0.159633,-0.213509,-0.275279,27.09700000000001
1772223970555872093,2026-02-27 15:26:10.555,-0.013202,-4.90583,3.67335,-0.163267,-0.219138,-0.274831,27.098
1772223970557049526,2026-02-27 15:26:10.557,0.045435,-4.84002,4.75969,-0.157232,-0.253748,-0.273159,27.10000000000001
1772223970558239114,2026-02-27 15:26:10.558,0.908633,-5.34017,8.32514,-0.136451,-0.293801,-0.308303,27.101
1772223970559405518,2026-02-27 15:26:10.559,2.62638,-5.53556,10.7503,-0.087281,-0.29243,-0.341432,27.102000000000004
1772223970560564428,2026-02-27 15:26:10.560,3.56332,-5.03239,9.77313,-0.106826,-0.200823,-0.359387,27.10300000000001
1772223970561692712,2026-02-27 15:26:10.561,2.95209,-4.84648,9.43201,-0.11794,-0.194754,-0.353041,27.104
1772223970562887012,2026-02-27 15:26:10.562,2.60499,-4.89506,10.1685,-0.123536,-0.24791,-0.350077,27.105000000000004
1772223970564072099,2026-02-27 15:26:10.564,3.38201,-4.89364,10.6485,-0.120857,-0.226656,-0.374012,27.107
1772223970565267466,2026-02-27 15:26:10.565,3.37686,-4.9206,10.8092,-0.119343,-0.241517,-0.383506,27.108000000000004
1772223970566477122,2026-02-27 15:26:10.566,4.59634,-5.26099,9.77513,-0.105769,-0.226427,-0.398356,27.10900000000001
1772223970567604959,2026-02-27 15:26:10.567,5.31987,-5.27693,10.3348,-0.099948,-0.195703,-0.424864,27.11
1772223970568741954,2026-02-27 15:26:10.568,5.38642,-5.0021,10.2361,-0.105317,-0.172735,-0.424835,27.111000000000004
1772223970569870948,2026-02-27 15:26:10.569,5.2335,-4.94945,11.1683,-0.104351,-0.172848,-0.4276,27.11200000000001
1772223970571043214,2026-02-27 15:26:10.571,5.06907,-4.81483,12.0512,-0.101588,-0.178163,-0.429158,27.114000000000004
1772223970572224076,2026-02-27 15:26:10.572,4.94617,-4.69935,12.5476,-0.091224,-0.185122,-0.427149,27.11500000000001
1772223970573422288,2026-02-27 15:26:10.573,4.85295,-4.58557,12.647,-0.087674,-0.191094,-0.427028,27.116
1772223970574567954,2026-02-27 15:26:10.574,4.93338,-4.61008,13.5319,-0.086496,-0.198985,-0.437778,27.117000000000004
1772223970575717356,2026-02-27 15:26:10.575,4.92932,-4.69986,13.6121,-0.087051,-0.205245,-0.444106,27.11800000000001
1772223970576916085,2026-02-27 15:26:10.576,5.06573,-4.75806,13.5914,-0.088485,-0.209747,-0.45017,27.119
1772223970578100141,2026-02-27 15:26:10.578,5.28446,-4.84196,12.8287,-0.089512,-0.215563,-0.45155,27.12100000000001
1772223970579298284,2026-02-27 15:26:10.579,5.3138,-4.90668,12.9494,-0.090839,-0.217973,-0.454518,27.122
1772223970580510883,2026-02-27 15:26:10.580,5.25049,-4.93348,13.0384,-0.090772,-0.220068,-0.45591,27.123000000000005
1772223970581640674,2026-02-27 15:26:10.581,5.3407,-4.93542,13.0846,-0.091935,-0.221084,-0.456587,27.12400000000001
1772223970582817452,2026-02-27 15:26:10.582,5.28747,-4.95221,12.8216,-0.093185,-0.221226,-0.453958,27.125
1772223970584000417,2026-02-27 15:26:10.584,5.31914,-4.9479,12.1435,-0.0917,-0.222351,-0.44661,27.12700000000001
1772223970585171166,2026-02-27 15:26:10.585,5.17716,-4.85261,12.6227,-0.096011,-0.220918,-0.448888,27.128
1772223970586366928,2026-02-27 15:26:10.586,5.1432,-4.80571,12.8589,-0.093713,-0.217624,-0.450636,27.129000000000005
1772223970587559780,2026-02-27 15:26:10.587,5.10424,-4.76782,13.0493,-0.097396,-0.216815,-0.448869,27.13000000000001
1772223970588689238,2026-02-27 15:26:10.588,5.04452,-4.70299,12.9526,-0.09545,-0.213821,-0.446507,27.131
1772223970589864515,2026-02-27 15:26:10.589,5.03423,-4.65006,12.8781,-0.095778,-0.211336,-0.444421,27.132000000000005
1772223970591036790,2026-02-27 15:26:10.591,4.99072,-4.5613,12.8584,-0.095263,-0.208582,-0.441399,27.134
1772223970592213320,2026-02-27 15:26:10.592,4.95123,-4.52946,13.2695,-0.09793,-0.204577,-0.442102,27.135000000000005
1772223970593392858,2026-02-27 15:26:10.593,4.87988,-4.42702,13.2634,-0.096675,-0.200473,-0.44119,27.13600000000001
1772223970594579605,2026-02-27 15:26:10.594,4.88007,-4.39437,12.6876,-0.098573,-0.197594,-0.434096,27.137
1772223970595709509,2026-02-27 15:26:10.595,4.8479,-4.34503,12.4901,-0.101616,-0.194474,-0.428931,27.138000000000005
1772223970596882787,2026-02-27 15:26:10.596,4.85698,-4.30207,12.3628,-0.097762,-0.192835,-0.427858,27.13900000000001
1772223970598064566,2026-02-27 15:26:10.598,4.79182,-4.26724,12.3057,-0.09992,-0.190122,-0.42557,27.141000000000005
1772223970599251559,2026-02-27 15:26:10.599,4.63582,-4.10933,11.3478,-0.102653,-0.185054,-0.41025,27.14200000000001
1772223970600448866,2026-02-27 15:26:10.600,4.49943,-4.07319,11.2579,-0.103668,-0.187991,-0.406335,27.143
1772223970601558963,2026-02-27 15:26:10.601,4.1423,-3.98125,11.2015,-0.109568,-0.196581,-0.399272,27.144000000000005
1772223970602686395,2026-02-27 15:26:10.602,3.755,-3.85667,11.5619,-0.11817,-0.216205,-0.394186,27.14500000000001
1772223970603863490,2026-02-27 15:26:10.603,3.07822,-3.64165,11.5036,-0.128425,-0.246713,-0.382366,27.146
1772223970605039517,2026-02-27 15:26:10.605,2.58229,-3.48261,11.3436,-0.140155,-0.276645,-0.366931,27.14800000000001
1772223970606221388,2026-02-27 15:26:10.606,1.87048,-3.56346,10.9961,-0.154999,-0.315449,-0.34556,27.149
1772223970607348196,2026-02-27 15:26:10.607,1.63328,-3.56077,11.4055,-0.158266,-0.324623,-0.343847,27.150000000000006
1772223970608542445,2026-02-27 15:26:10.608,1.41954,-3.49324,11.9192,-0.159113,-0.330487,-0.339063,27.15100000000001
1772223970609691176,2026-02-27 15:26:10.609,1.19383,-3.51164,11.5964,-0.16238,-0.338329,-0.331171,27.152
1772223970610864726,2026-02-27 15:26:10.610,0.961616,-3.42715,11.2697,-0.162682,-0.345464,-0.322528,27.153000000000006
1772223970612044340,2026-02-27 15:26:10.612,0.673136,-3.37661,10.9671,-0.164952,-0.351998,-0.311559,27.155
1772223970613215082,2026-02-27 15:26:10.613,0.230964,-3.16205,10.8166,-0.169624,-0.362857,-0.296471,27.156000000000006
1772223970614404326,2026-02-27 15:26:10.614,0.114917,-3.1358,10.7624,-0.168418,-0.366984,-0.291634,27.15700000000001
1772223970615569693,2026-02-27 15:26:10.615,-0.004518,-3.09164,10.6626,-0.171,-0.370559,-0.286257,27.158
1772223970616700578,2026-02-27 15:26:10.616,-0.012374,-3.07641,9.68033,-0.171583,-0.372807,-0.273095,27.159000000000006
1772223970617894975,2026-02-27 15:26:10.617,-0.098363,-3.05952,10.1764,-0.171181,-0.373963,-0.274446,27.16000000000001
1772223970619075293,2026-02-27 15:26:10.619,-0.135148,-3.0357,10.0794,-0.168852,-0.374668,-0.272057,27.162000000000006
1772223970620251897,2026-02-27 15:26:10.620,-0.303205,-2.95807,10.8505,-0.172337,-0.373711,-0.272222,27.16300000000001
1772223970621441927,2026-02-27 15:26:10.621,-0.278216,-2.84415,10.9748,-0.170548,-0.37051,-0.269125,27.164
1772223970622559745,2026-02-27 15:26:10.622,-0.312867,-2.83995,10.9578,-0.169311,-0.370282,-0.266527,27.165000000000006
1772223970623686896,2026-02-27 15:26:10.623,-0.374897,-2.78942,10.965,-0.167775,-0.368257,-0.264536,27.16600000000001
1772223970624884295,2026-02-27 15:26:10.624,-0.400653,-2.81276,11.9436,-0.169352,-0.368394,-0.271074,27.167
1772223970626073779,2026-02-27 15:26:10.626,-0.375338,-2.74411,11.8965,-0.168256,-0.367719,-0.266792,27.16900000000001
1772223970627247796,2026-02-27 15:26:10.627,-0.462082,-2.77537,11.3723,-0.166847,-0.365564,-0.258294,27.17
1772223970628376738,2026-02-27 15:26:10.628,-0.427188,-2.80969,11.0611,-0.168113,-0.365982,-0.254253,27.171000000000006
1772223970629537832,2026-02-27 15:26:10.629,-0.486794,-2.75973,11.0923,-0.167866,-0.36471,-0.252906,27.17200000000001
1772223970630685022,2026-02-27 15:26:10.630,-0.488265,-2.80872,11.1492,-0.168207,-0.364776,-0.252266,27.173000000000002
1772223970631858855,2026-02-27 15:26:10.631,-0.487422,-2.77893,11.2415,-0.168647,-0.362813,-0.250743,27.174000000000007
1772223970633060525,2026-02-27 15:26:10.633,-0.423895,-2.79576,10.7781,-0.168822,-0.363227,-0.245061,27.176000000000002
1772223970634256509,2026-02-27 15:26:10.634,-0.531351,-2.81593,10.6501,-0.167245,-0.362119,-0.24122,27.177000000000007
1772223970635475657,2026-02-27 15:26:10.635,-0.536744,-2.83188,11.0187,-0.166932,-0.361976,-0.244649,27.17800000000001
1772223970636605615,2026-02-27 15:26:10.636,-0.571358,-2.88055,11.2745,-0.166278,-0.361283,-0.246434,27.179000000000002
1772223970637738100,2026-02-27 15:26:10.637,-0.605607,-2.87777,11.5012,-0.166268,-0.361445,-0.246926,27.180000000000007
1772223970638867224,2026-02-27 15:26:10.638,-0.652867,-2.88383,11.4288,-0.16479,-0.360567,-0.245216,27.18100000000001
1772223970640063034,2026-02-27 15:26:10.640,-0.669771,-2.88928,11.4417,-0.16487,-0.361219,-0.244126,27.183000000000007
1772223970641233294,2026-02-27 15:26:10.641,-0.838513,-2.96347,12.5698,-0.163399,-0.360701,-0.251969,27.18400000000001
1772223970642410452,2026-02-27 15:26:10.642,-0.849368,-2.93833,12.1306,-0.162728,-0.360151,-0.247059,27.185000000000002
1772223970643559826,2026-02-27 15:26:10.643,-0.898074,-2.9431,12.0987,-0.161239,-0.35965,-0.245319,27.186000000000007
1772223970644689988,2026-02-27 15:26:10.644,-0.916838,-2.94748,11.5984,-0.162412,-0.358454,-0.240503,27.187000000000012
1772223970645885136,2026-02-27 15:26:10.645,-0.92531,-3.00958,11.5305,-0.164498,-0.357847,-0.239554,27.188000000000002
1772223970647080420,2026-02-27 15:26:10.647,-0.933054,-3.00509,11.4864,-0.161247,-0.357486,-0.238868,27.190000000000012
1772223970648250489,2026-02-27 15:26:10.648,-0.979446,-2.99725,11.6104,-0.160583,-0.356021,-0.239205,27.191000000000003
1772223970649527262,2026-02-27 15:26:10.649,-0.992253,-2.98435,10.6301,-0.156585,-0.355301,-0.229192,27.192000000000007
1772223970650656916,2026-02-27 15:26:10.650,-1.10061,-3.0707,10.927,-0.157273,-0.356212,-0.231364,27.193000000000012
1772223970651853415,2026-02-27 15:26:10.651,-1.07352,-3.07175,10.8879,-0.155291,-0.354927,-0.231379,27.194000000000003
1772223970653048010,2026-02-27 15:26:10.653,-1.09868,-3.07889,11.4462,-0.153599,-0.353541,-0.235745,27.196000000000012
1772223970654217993,2026-02-27 15:26:10.654,-1.14758,-3.07068,11.7087,-0.152229,-0.352099,-0.238551,27.197000000000003
1772223970655395704,2026-02-27 15:26:10.655,-1.24463,-3.11476,11.7523,-0.149092,-0.351369,-0.239082,27.198000000000008
1772223970656537200,2026-02-27 15:26:10.656,-1.21934,-3.08017,11.7519,-0.147193,-0.350975,-0.23883,27.199000000000012
1772223970657666099,2026-02-27 15:26:10.657,-1.29068,-3.17689,12.3856,-0.145173,-0.349997,-0.245514,27.200000000000003
1772223970658839714,2026-02-27 15:26:10.658,-1.30928,-3.18687,12.7,-0.144868,-0.348203,-0.246851,27.201000000000008
1772223970660036051,2026-02-27 15:26:10.660,-1.33817,-3.18476,12.6096,-0.145258,-0.348925,-0.245599,27.203000000000003
1772223970661205738,2026-02-27 15:26:10.661,-1.29434,-3.19356,12.0931,-0.141494,-0.346986,-0.240951,27.204000000000008
1772223970662377487,2026-02-27 15:26:10.662,-1.36414,-3.18735,11.6646,-0.139385,-0.344357,-0.237722,27.205000000000013
1772223970663527548,2026-02-27 15:26:10.663,-1.41489,-3.17881,11.7448,-0.136133,-0.34139,-0.237406,27.206000000000003
1772223970664654726,2026-02-27 15:26:10.664,-1.39682,-3.19132,11.7266,-0.13651,-0.340185,-0.237673,27.207000000000008
1772223970665830747,2026-02-27 15:26:10.665,-1.42881,-3.16092,11.5558,-0.132481,-0.336156,-0.236213,27.208000000000013
1772223970667033078,2026-02-27 15:26:10.667,-1.4217,-3.26299,10.793,-0.131124,-0.334187,-0.228365,27.210000000000008
1772223970668202650,2026-02-27 15:26:10.668,-1.39474,-3.12286,11.2704,-0.129307,-0.329288,-0.232561,27.211000000000013
1772223970669372843,2026-02-27 15:26:10.669,-1.35872,-3.14118,11.6583,-0.123358,-0.32213,-0.23834,27.212000000000003
1772223970670527271,2026-02-27 15:26:10.670,-1.32871,-3.11739,11.8989,-0.122082,-0.317583,-0.240603,27.213000000000008
1772223970671656522,2026-02-27 15:26:10.671,-1.35228,-3.11144,11.8364,-0.121091,-0.312239,-0.240252,27.214
1772223970672850933,2026-02-27 15:26:10.672,-1.33765,-3.14309,11.8022,-0.118341,-0.308057,-0.240943,27.215000000000003
1772223970674051944,2026-02-27 15:26:10.674,-1.33524,-3.1185,11.8389,-0.117176,-0.303274,-0.240103,27.217
1772223970675248001,2026-02-27 15:26:10.675,-1.3696,-3.06342,12.5245,-0.11501,-0.295994,-0.245079,27.218000000000004
1772223970676439313,2026-02-27 15:26:10.676,-1.37934,-3.04875,12.5663,-0.114568,-0.291119,-0.245106,27.21900000000001
1772223970677595647,2026-02-27 15:26:10.677,-1.33079,-3.10983,11.9848,-0.112475,-0.289242,-0.239918,27.22
1772223970678720879,2026-02-27 15:26:10.678,-1.3496,-3.13643,11.7077,-0.113063,-0.285445,-0.238008,27.221000000000004
1772223970679920154,2026-02-27 15:26:10.679,-1.33052,-3.08845,11.7487,-0.112351,-0.280734,-0.237812,27.22200000000001
1772223970681117326,2026-02-27 15:26:10.681,-1.30313,-3.12468,11.7115,-0.109954,-0.278368,-0.238067,27.224000000000004
1772223970682286938,2026-02-27 15:26:10.682,-1.23514,-3.10465,11.7692,-0.111641,-0.274181,-0.237306,27.22500000000001
1772223970683473042,2026-02-27 15:26:10.683,-1.28523,-3.10088,10.8765,-0.111586,-0.264661,-0.228297,27.226
1772223970684602554,2026-02-27 15:26:10.684,-1.25486,-3.10574,10.8942,-0.110919,-0.262223,-0.227689,27.227000000000004
1772223970685777503,2026-02-27 15:26:10.685,-1.28897,-3.12899,11.4058,-0.10968,-0.257515,-0.231076,27.22800000000001
1772223970686974231,2026-02-27 15:26:10.686,-1.25271,-3.04314,11.6635,-0.110564,-0.252469,-0.232924,27.229
1772223970688170086,2026-02-27 15:26:10.688,-1.26538,-3.05735,11.7063,-0.110007,-0.249351,-0.233149,27.23100000000001
1772223970689343587,2026-02-27 15:26:10.689,-1.22015,-3.04097,11.7496,-0.108173,-0.244913,-0.23317,27.232
1772223970690521571,2026-02-27 15:26:10.690,-1.18439,-3.10644,12.0489,-0.109115,-0.238768,-0.235096,27.233000000000004
1772223970691651206,2026-02-27 15:26:10.691,-1.22174,-3.04732,12.718,-0.106278,-0.233013,-0.24068,27.23400000000001
1772223970692796534,2026-02-27 15:26:10.692,-1.09578,-3.04209,12.3252,-0.105183,-0.22871,-0.236095,27.235
1772223970693999618,2026-02-27 15:26:10.694,-1.12975,-3.02967,12.0863,-0.104866,-0.222851,-0.233718,27.23700000000001
1772223970695251945,2026-02-27 15:26:10.695,-1.0266,-3.04783,11.5747,-0.103966,-0.216096,-0.229665,27.238
1772223970696536210,2026-02-27 15:26:10.696,-0.746923,-3.09125,11.2855,-0.101507,-0.196924,-0.230671,27.239000000000004
1772223970697664089,2026-02-27 15:26:10.697,-0.530338,-3.07557,11.2043,-0.10098,-0.181971,-0.232752,27.24000000000001
1772223970698838305,2026-02-27 15:26:10.698,-0.312032,-3.08294,11.0541,-0.098997,-0.163068,-0.233418,27.241
1772223970700036057,2026-02-27 15:26:10.700,-0.177045,-2.96314,10.0678,-0.098209,-0.147608,-0.221799,27.24300000000001
1772223970701231583,2026-02-27 15:26:10.701,-0.080151,-2.85712,10.575,-0.098828,-0.135715,-0.220853,27.244
1772223970702423798,2026-02-27 15:26:10.702,0.083589,-2.67123,10.7997,-0.101795,-0.113125,-0.213645,27.245000000000005
1772223970703556113,2026-02-27 15:26:10.703,0.217903,-2.66811,10.5337,-0.104759,-0.090173,-0.212564,27.24600000000001
1772223970704685886,2026-02-27 15:26:10.704,0.321704,-2.70343,9.83797,-0.107799,-0.061431,-0.207966,27.247
1772223970705856542,2026-02-27 15:26:10.705,0.649575,-2.92821,9.64195,-0.10514,-0.052527,-0.217218,27.248000000000005
1772223970707054779,2026-02-27 15:26:10.707,0.719372,-3.189,9.62421,-0.105999,-0.041155,-0.22657,27.25
1772223970708251165,2026-02-27 15:26:10.708,0.462544,-3.21744,10.3278,-0.104054,-0.03585,-0.23506,27.251000000000005
1772223970709383334,2026-02-27 15:26:10.709,-0.805603,-3.39221,9.73878,-0.104349,-0.060983,-0.220931,27.25200000000001
1772223970710561829,2026-02-27 15:26:10.710,-1.99662,-3.10537,8.44552,-0.105542,-0.064289,-0.185327,27.253
1772223970711690434,2026-02-27 15:26:10.711,-2.65806,-3.14472,7.44367,-0.106839,-0.103881,-0.162746,27.254000000000005
1772223970712885651,2026-02-27 15:26:10.712,-2.57418,-3.12186,7.1807,-0.106686,-0.09443,-0.153025,27.25500000000001
1772223970714081135,2026-02-27 15:26:10.714,-2.55843,-3.12576,6.99329,-0.108032,-0.086037,-0.149022,27.257000000000005
1772223970715276166,2026-02-27 15:26:10.715,-2.73171,-3.25716,6.95007,-0.110544,-0.085294,-0.146092,27.25800000000001
1772223970716484303,2026-02-27 15:26:10.716,-2.98719,-3.31335,6.21615,-0.1155,-0.076746,-0.131021,27.259
1772223970717610831,2026-02-27 15:26:10.717,-3.06294,-3.31393,6.61309,-0.114895,-0.06974,-0.129356,27.260000000000005
1772223970718740160,2026-02-27 15:26:10.718,-3.08816,-3.33756,7.0203,-0.11854,-0.056686,-0.129188,27.26100000000001
1772223970719868052,2026-02-27 15:26:10.719,-3.1467,-3.34889,7.26635,-0.123213,-0.048882,-0.126463,27.262
1772223970721063239,2026-02-27 15:26:10.721,-3.09039,-3.31714,7.3617,-0.123173,-0.02564,-0.121433,27.26400000000001
1772223970722257505,2026-02-27 15:26:10.722,-3.41722,-3.35213,7.41056,-0.121695,-0.017413,-0.113855,27.265
1772223970723437103,2026-02-27 15:26:10.723,-3.4921,-3.30712,7.3166,-0.116982,0.005356,-0.104897,27.266000000000005
1772223970724551573,2026-02-27 15:26:10.724,-3.74462,-3.21303,8.28204,-0.117239,-0.016588,-0.110681,27.26700000000001
1772223970725677860,2026-02-27 15:26:10.725,-3.66183,-3.21722,7.81183,-0.115939,0.000113,-0.103309,27.268
1772223970726872932,2026-02-27 15:26:10.726,-3.68199,-3.21421,7.85343,-0.117529,0.017006,-0.099928,27.269000000000005
1772223970728067383,2026-02-27 15:26:10.728,-3.76768,-3.20264,7.62594,-0.121802,0.04372,-0.092798,27.271
1772223970729261572,2026-02-27 15:26:10.729,-4.0246,-3.20093,7.28681,-0.119185,0.024071,-0.085654,27.272000000000006
1772223970730430127,2026-02-27 15:26:10.730,-4.01447,-3.16206,7.36592,-0.116236,0.038169,-0.084676,27.27300000000001
1772223970731544748,2026-02-27 15:26:10.731,-3.98212,-3.14285,7.64416,-0.116538,0.078249,-0.079156,27.274
1772223970732672326,2026-02-27 15:26:10.732,-4.10955,-3.12477,6.78091,-0.117589,0.076295,-0.065872,27.275000000000006
1772223970733844027,2026-02-27 15:26:10.733,-4.24823,-3.16028,6.84677,-0.116811,0.066083,-0.064112,27.27600000000001
1772223970735038610,2026-02-27 15:26:10.735,-4.21305,-3.10824,6.87821,-0.115685,0.08392,-0.06198,27.278000000000006
1772223970736234098,2026-02-27 15:26:10.736,-4.21203,-3.10454,7.54207,-0.117397,0.100766,-0.063395,27.27900000000001
1772223970737406739,2026-02-27 15:26:10.737,-4.22725,-3.08992,7.71863,-0.115328,0.107729,-0.062061,27.28
1772223970738561436,2026-02-27 15:26:10.738,-4.44374,-3.14339,7.8003,-0.115072,0.11784,-0.056087,27.281000000000006
1772223970739688992,2026-02-27 15:26:10.739,-4.47762,-3.09618,7.82125,-0.112221,0.122304,-0.052833,27.28200000000001
1772223970740884273,2026-02-27 15:26:10.740,-4.48803,-3.1269,8.35936,-0.111003,0.122602,-0.057225,27.283
1772223970742020558,2026-02-27 15:26:10.742,-4.53361,-3.15225,8.7318,-0.113119,0.1229,-0.058338,27.28500000000001
1772223970743217217,2026-02-27 15:26:10.743,-4.50674,-3.12028,8.5492,-0.110324,0.125393,-0.054998,27.286
1772223970744395815,2026-02-27 15:26:10.744,-4.58746,-3.14735,8.02582,-0.106543,0.121486,-0.052982,27.287000000000006
1772223970745549560,2026-02-27 15:26:10.745,-4.56409,-3.24576,7.71197,-0.111104,0.111343,-0.058505,27.28800000000001
1772223970746674956,2026-02-27 15:26:10.746,-4.42247,-3.22059,7.77472,-0.104811,0.104786,-0.064502,27.289
1772223970747869990,2026-02-27 15:26:10.747,-4.4647,-3.22561,7.90815,-0.10678,0.101278,-0.069736,27.290000000000006
1772223970749059364,2026-02-27 15:26:10.749,-4.36936,-3.16237,7.91284,-0.104255,0.099463,-0.0701,27.292
1772223970750253795,2026-02-27 15:26:10.750,-4.23728,-3.12541,6.72296,-0.101239,0.106141,-0.055469,27.293000000000006
1772223970751432694,2026-02-27 15:26:10.751,-4.29464,-3.06974,7.31665,-0.1041,0.112409,-0.052883,27.29400000000001
1772223970752583051,2026-02-27 15:26:10.752,-4.31889,-3.06308,7.71259,-0.097264,0.117536,-0.047455,27.295
1772223970753709793,2026-02-27 15:26:10.753,-4.3328,-3.00981,7.87799,-0.097197,0.120194,-0.047792,27.296000000000006
1772223970754881226,2026-02-27 15:26:10.754,-4.278,-3.02301,7.86126,-0.096928,0.119196,-0.045042,27.29700000000001
1772223970756078844,2026-02-27 15:26:10.756,-4.37745,-3.1002,7.90798,-0.09892,0.120998,-0.043148,27.299000000000007
1772223970757273336,2026-02-27 15:26:10.757,-4.3364,-3.0923,7.94043,-0.097841,0.122023,-0.041647,27.30000000000001
1772223970758441720,2026-02-27 15:26:10.758,-4.38238,-3.08992,8.84272,-0.09537,0.123887,-0.048788,27.301000000000002
1772223970759667734,2026-02-27 15:26:10.759,-4.393,-3.13468,8.66276,-0.095752,0.125466,-0.04616,27.302000000000007
1772223970760847246,2026-02-27 15:26:10.760,-4.32802,-3.15042,8.13793,-0.096582,0.123918,-0.040509,27.30300000000001
1772223970762044467,2026-02-27 15:26:10.762,-4.35762,-3.13143,7.76513,-0.094662,0.124548,-0.036385,27.305000000000007
1772223970763240506,2026-02-27 15:26:10.763,-4.32854,-3.11443,7.80332,-0.095153,0.12399,-0.035946,27.30600000000001
1772223970764409431,2026-02-27 15:26:10.764,-4.34337,-3.12316,7.74385,-0.094265,0.124641,-0.036179,27.307000000000002
1772223970765538367,2026-02-27 15:26:10.765,-4.26537,-3.09608,7.20821,-0.094806,0.123064,-0.028803,27.308000000000007
1772223970766665987,2026-02-27 15:26:10.766,-4.24146,-3.12374,6.86952,-0.091153,0.122405,-0.026583,27.30900000000001
1772223970767808311,2026-02-27 15:26:10.767,-4.26855,-3.12591,7.05952,-0.093109,0.122627,-0.027789,27.310000000000002
1772223970769007198,2026-02-27 15:26:10.769,-4.22085,-3.1195,7.44634,-0.091927,0.120474,-0.030747,27.312000000000012
1772223970770203021,2026-02-27 15:26:10.770,-4.25415,-3.08626,7.68437,-0.091025,0.121477,-0.032924,27.313000000000002
1772223970771396069,2026-02-27 15:26:10.771,-4.20852,-3.11197,7.85121,-0.093377,0.120189,-0.033543,27.314000000000007
1772223970772528649,2026-02-27 15:26:10.772,-4.1831,-3.10874,7.79101,-0.091707,0.119394,-0.033542,27.315000000000012
1772223970773673486,2026-02-27 15:26:10.773,-4.21067,-3.05932,7.83051,-0.092701,0.119313,-0.033497,27.316000000000003
1772223970774890382,2026-02-27 15:26:10.774,-4.20322,-3.01956,8.78937,-0.088561,0.119256,-0.042902,27.317000000000007
1772223970776092067,2026-02-27 15:26:10.776,-4.16902,-3.02153,8.36526,-0.093166,0.11958,-0.040481,27.319000000000003
1772223970777294699,2026-02-27 15:26:10.777,-4.14879,-3.01492,8.32935,-0.090539,0.118993,-0.037882,27.320000000000007
1772223970778490464,2026-02-27 15:26:10.778,-4.07441,-3.005,7.76548,-0.087239,0.118454,-0.035376,27.321000000000012
1772223970779620577,2026-02-27 15:26:10.779,-4.16224,-3.0524,7.80114,-0.094191,0.117674,-0.035252,27.322000000000003
1772223970780792971,2026-02-27 15:26:10.780,-4.05681,-2.97687,7.73979,-0.089968,0.115191,-0.034752,27.323000000000008
1772223970781963595,2026-02-27 15:26:10.781,-4.06716,-2.97287,7.76679,-0.090905,0.116254,-0.035833,27.324000000000012
1772223970783132786,2026-02-27 15:26:10.783,-4.0268,-2.97386,6.77205,-0.090162,0.116275,-0.026778,27.326000000000008
1772223970784300436,2026-02-27 15:26:10.784,-4.01933,-2.92993,6.95704,-0.0875,0.116379,-0.030019,27.327000000000012
1772223970785489333,2026-02-27 15:26:10.785,-3.96842,-2.86157,7.54829,-0.087426,0.114879,-0.036282,27.328000000000003
1772223970786616884,2026-02-27 15:26:10.786,-3.9893,-2.90005,7.81088,-0.086671,0.114332,-0.039113,27.329000000000008
1772223970787759659,2026-02-27 15:26:10.787,-3.99045,-2.84904,7.68916,-0.08504,0.114393,-0.039118,27.330000000000013
1772223970788927462,2026-02-27 15:26:10.788,-3.97137,-2.82698,7.79448,-0.087433,0.113959,-0.039743,27.331000000000003
1772223970790094364,2026-02-27 15:26:10.790,-3.97371,-2.79335,7.77316,-0.085909,0.114758,-0.039502,27.333000000000013
1772223970791260672,2026-02-27 15:26:10.791,-3.93153,-2.82036,8.5128,-0.08939,0.113055,-0.04687,27.334000000000003
1772223970792476421,2026-02-27 15:26:10.792,-4.04128,-2.82365,8.6598,-0.093432,0.113173,-0.048096,27.335000000000008
1772223970793629942,2026-02-27 15:26:10.793,-3.9283,-2.77138,8.03379,-0.087561,0.114473,-0.041966,27.336000000000013
1772223970794775245,2026-02-27 15:26:10.794,-3.93865,-2.76177,7.57301,-0.086641,0.113642,-0.040041,27.337000000000003
1772223970795942052,2026-02-27 15:26:10.795,-3.90657,-2.76376,7.54912,-0.087592,0.113629,-0.039452,27.338000000000008
1772223970797108564,2026-02-27 15:26:10.797,-3.87966,-2.68079,7.58906,-0.086324,0.114294,-0.03917,27.340000000000003
1772223970798274845,2026-02-27 15:26:10.798,-3.86338,-2.67335,7.60806,-0.087223,0.114019,-0.038966,27.341000000000008
1772223970799441321,2026-02-27 15:26:10.799,-3.88101,-2.6935,7.31144,-0.084867,0.113322,-0.037148,27.342
1772223970800593612,2026-02-27 15:26:10.800,-3.86004,-2.61949,6.97775,-0.086064,0.112798,-0.032836,27.343000000000004
1772223970801726957,2026-02-27 15:26:10.801,-3.86447,-2.6347,7.09473,-0.084502,0.112934,-0.035096,27.34400000000001
1772223970802855425,2026-02-27 15:26:10.802,-3.84621,-2.6149,7.41566,-0.087171,0.113439,-0.037545,27.345
1772223970804022236,2026-02-27 15:26:10.804,-3.82643,-2.54361,7.67347,-0.084962,0.112735,-0.039454,27.34700000000001
1772223970805188158,2026-02-27 15:26:10.805,-3.80805,-2.56837,7.54325,-0.086447,0.111471,-0.038281,27.348
1772223970806354741,2026-02-27 15:26:10.806,-3.82628,-2.54028,7.54283,-0.08531,0.111041,-0.038225,27.349000000000004
1772223970807538755,2026-02-27 15:26:10.807,-3.77727,-2.5088,8.59887,-0.086675,0.111005,-0.047079,27.35000000000001
1772223970808670484,2026-02-27 15:26:10.808,-3.75957,-2.4852,8.26624,-0.085944,0.112096,-0.042776,27.351
1772223970809850540,2026-02-27 15:26:10.809,-3.78526,-2.4203,8.25031,-0.086824,0.11203,-0.043606,27.352000000000004
1772223970811020070,2026-02-27 15:26:10.811,-3.7873,-2.43183,7.68873,-0.083497,0.111821,-0.038508,27.354
1772223970812187572,2026-02-27 15:26:10.812,-3.72771,-2.41478,7.40702,-0.082401,0.111617,-0.035672,27.355000000000004
1772223970813365795,2026-02-27 15:26:10.813,-3.73688,-2.40902,7.46556,-0.085292,0.111192,-0.035472,27.35600000000001
1772223970814535677,2026-02-27 15:26:10.814,-3.71284,-2.37383,7.46937,-0.082733,0.111576,-0.035844,27.357
1772223970815663258,2026-02-27 15:26:10.815,-3.6908,-2.34594,6.71701,-0.083413,0.110058,-0.026636,27.358000000000004
1772223970816806513,2026-02-27 15:26:10.816,-3.67839,-2.33753,6.61922,-0.081069,0.110887,-0.027082,27.35900000000001
1772223970817973732,2026-02-27 15:26:10.817,-3.6527,-2.31912,6.67804,-0.080252,0.110699,-0.026607,27.36
1772223970819141246,2026-02-27 15:26:10.819,-3.67222,-2.2945,7.14897,-0.080634,0.111208,-0.030184,27.36200000000001
1772223970820307667,2026-02-27 15:26:10.820,-3.67336,-2.31198,7.43193,-0.081646,0.110983,-0.033045,27.363
1772223970821483621,2026-02-27 15:26:10.821,-3.63033,-2.2697,7.51908,-0.081918,0.109966,-0.033843,27.364000000000004
1772223970822611776,2026-02-27 15:26:10.822,-3.62284,-2.20822,7.46976,-0.078586,0.110884,-0.032289,27.36500000000001
1772223970823778662,2026-02-27 15:26:10.823,-3.61517,-2.16491,7.88171,-0.077834,0.110625,-0.036082,27.366
1772223970824946405,2026-02-27 15:26:10.824,-3.64759,-2.11696,8.50229,-0.079656,0.111092,-0.040866,27.367000000000004
1772223970826083733,2026-02-27 15:26:10.826,-3.61786,-2.16459,8.13343,-0.078429,0.110627,-0.037235,27.369
1772223970827304052,2026-02-27 15:26:10.827,-3.62553,-2.10972,7.89585,-0.079423,0.111218,-0.035225,27.370000000000005
1772223970828513795,2026-02-27 15:26:10.828,-3.55274,-2.11495,7.37493,-0.076912,0.110685,-0.029943,27.37100000000001
1772223970829639923,2026-02-27 15:26:10.829,-3.52612,-2.11077,7.28984,-0.076224,0.108956,-0.029322,27.372
1772223970830788543,2026-02-27 15:26:10.830,-3.55234,-2.04697,7.3471,-0.07744,0.109853,-0.028852,27.373000000000005
1772223970831983622,2026-02-27 15:26:10.831,-3.50846,-2.05435,7.30859,-0.077432,0.108759,-0.0291,27.37400000000001
1772223970833176882,2026-02-27 15:26:10.833,-3.53477,-2.04999,6.32656,-0.079682,0.109166,-0.019211,27.376000000000005
1772223970834372357,2026-02-27 15:26:10.834,-3.47161,-1.99131,6.76631,-0.07677,0.109997,-0.023836,27.37700000000001
1772223970835554800,2026-02-27 15:26:10.835,-3.46109,-2.04391,6.69861,-0.076179,0.108102,-0.0228,27.378
1772223970836683452,2026-02-27 15:26:10.836,-3.5114,-1.97011,7.30869,-0.081394,0.109029,-0.029352,27.379000000000005
1772223970837850158,2026-02-27 15:26:10.837,-3.45392,-1.95235,7.35011,-0.075994,0.108097,-0.029012,27.38000000000001
1772223970839044473,2026-02-27 15:26:10.839,-3.42534,-1.91845,7.30865,-0.075404,0.107742,-0.028801,27.382000000000005
1772223970840239877,2026-02-27 15:26:10.840,-3.42748,-1.88388,7.30728,-0.074523,0.107788,-0.028551,27.38300000000001
1772223970841408782,2026-02-27 15:26:10.841,-3.45932,-1.83636,8.12921,-0.072063,0.107522,-0.035901,27.384
1772223970842558787,2026-02-27 15:26:10.842,-3.45933,-1.83553,7.99927,-0.071446,0.107525,-0.034677,27.385000000000005
1772223970843688956,2026-02-27 15:26:10.843,-3.33101,-1.84036,7.48967,-0.072717,0.106695,-0.031204,27.38600000000001
1772223970844856285,2026-02-27 15:26:10.844,-3.32531,-1.8406,7.23696,-0.074762,0.105983,-0.026893,27.387
1772223970846024743,2026-02-27 15:26:10.846,-3.26113,-1.79199,7.14253,-0.070772,0.10415,-0.027699,27.38900000000001
1772223970847153904,2026-02-27 15:26:10.847,-3.24501,-1.76898,7.14291,-0.07091,0.104649,-0.027705,27.39
1772223970848288020,2026-02-27 15:26:10.848,-3.26519,-1.77302,7.18192,-0.075185,0.103947,-0.027754,27.391000000000005
1772223970849405583,2026-02-27 15:26:10.849,-3.26338,-1.75412,6.74025,-0.074224,0.10381,-0.022412,27.39200000000001
1772223970850484722,2026-02-27 15:26:10.850,-3.27698,-1.67845,6.1435,-0.070298,0.105348,-0.018147,27.393
1772223970851597260,2026-02-27 15:26:10.851,-3.18052,-1.68441,6.52846,-0.070755,0.103445,-0.020751,27.394000000000005
1772223970852712767,2026-02-27 15:26:10.852,-3.13051,-1.66703,7.01503,-0.069104,0.103374,-0.026447,27.39500000000001
1772223970853827211,2026-02-27 15:26:10.853,-3.1659,-1.61086,7.09905,-0.068108,0.101762,-0.026946,27.396
1772223970854940916,2026-02-27 15:26:10.854,-3.14534,-1.63955,7.18011,-0.071185,0.101451,-0.026988,27.397000000000006
1772223970856133056,2026-02-27 15:26:10.856,-3.12741,-1.64979,7.12083,-0.071884,0.101332,-0.027263,27.399
1772223970857326520,2026-02-27 15:26:10.857,-3.13678,-1.57733,7.13857,-0.068482,0.101226,-0.026708,27.400000000000006
1772223970858535088,2026-02-27 15:26:10.858,-3.09102,-1.54276,8.02841,-0.067594,0.100987,-0.03496,27.40100000000001
1772223970859665904,2026-02-27 15:26:10.859,-3.12916,-1.50019,7.66627,-0.069116,0.100471,-0.029585,27.402
1772223970860837086,2026-02-27 15:26:10.860,-3.03781,-1.51601,7.11039,-0.067618,0.099628,-0.02521,27.403000000000006
1772223970862005822,2026-02-27 15:26:10.862,-3.0455,-1.51152,6.9421,-0.068931,0.100136,-0.024476,27.405
1772223970863208203,2026-02-27 15:26:10.863,-3.01971,-1.49309,6.94425,-0.067465,0.099936,-0.02466,27.406000000000006
1772223970864404148,2026-02-27 15:26:10.864,-3.01327,-1.44575,6.91754,-0.064554,0.099504,-0.023517,27.40700000000001
1772223970865560587,2026-02-27 15:26:10.865,-2.96535,-1.4894,6.97757,-0.067053,0.098573,-0.02336,27.408
1772223970866690448,2026-02-27 15:26:10.866,-2.91242,-1.4795,6.2004,-0.067458,0.096602,-0.01653,27.409000000000006
1772223970867984315,2026-02-27 15:26:10.867,-2.9396,-1.44945,6.1339,-0.066979,0.098571,-0.0157,27.41000000000001
1772223970869180352,2026-02-27 15:26:10.869,-2.92988,-1.42351,6.7145,-0.068579,0.097353,-0.020512,27.412000000000006
1772223970870377218,2026-02-27 15:26:10.870,-2.96864,-1.3841,6.89133,-0.066039,0.096639,-0.022657,27.41300000000001
1772223970871569691,2026-02-27 15:26:10.871,-2.9272,-1.37594,6.90749,-0.064953,0.097279,-0.021799,27.414
1772223970872697869,2026-02-27 15:26:10.872,-2.93015,-1.35611,6.96933,-0.064814,0.096168,-0.021947,27.415000000000006
1772223970873851462,2026-02-27 15:26:10.873,-2.89845,-1.32884,7.58433,-0.062439,0.096207,-0.02861,27.41600000000001
1772223970875045089,2026-02-27 15:26:10.875,-2.85826,-1.23834,7.85462,-0.062022,0.096972,-0.029292,27.418000000000006
1772223970876239450,2026-02-27 15:26:10.876,-2.87337,-1.25978,7.60239,-0.060956,0.0959,-0.028114,27.41900000000001
1772223970877432902,2026-02-27 15:26:10.877,-2.90547,-1.25686,7.1896,-0.063045,0.097026,-0.024324,27.42
1772223970878554811,2026-02-27 15:26:10.878,-2.83637,-1.27755,6.76263,-0.064821,0.096411,-0.021221,27.421000000000006
1772223970879679634,2026-02-27 15:26:10.879,-2.81997,-1.30148,6.72184,-0.065948,0.094947,-0.021267,27.42200000000001
1772223970880869207,2026-02-27 15:26:10.880,-2.79478,-1.24809,6.68167,-0.064254,0.09404,-0.021226,27.423000000000002
1772223970882066558,2026-02-27 15:26:10.882,-2.70954,-1.1986,6.59051,-0.062198,0.0948,-0.019344,27.42500000000001
1772223970883262944,2026-02-27 15:26:10.883,-2.67204,-1.19781,5.62028,-0.060461,0.09462,-0.010889,27.426000000000002
1772223970884470476,2026-02-27 15:26:10.884,-2.74325,-1.17807,6.12248,-0.062866,0.095932,-0.016398,27.427000000000007
1772223970885558958,2026-02-27 15:26:10.885,-2.69016,-1.15735,6.08451,-0.060704,0.094755,-0.016589,27.42800000000001
1772223970886686582,2026-02-27 15:26:10.886,-2.72671,-1.13759,6.53323,-0.066347,0.093997,-0.020261,27.429000000000002
1772223970887835720,2026-02-27 15:26:10.887,-2.70321,-1.08221,6.69397,-0.060729,0.092199,-0.019584,27.430000000000007
1772223970889033543,2026-02-27 15:26:10.889,-2.72714,-1.05214,6.6957,-0.062497,0.092471,-0.020021,27.432000000000002
1772223970890228731,2026-02-27 15:26:10.890,-2.6694,-1.06884,6.59445,-0.061245,0.092387,-0.019878,27.433000000000007
1772223970891422849,2026-02-27 15:26:10.891,-2.67456,-1.03844,7.63115,-0.058807,0.092253,-0.028845,27.43400000000001
1772223970892576115,2026-02-27 15:26:10.892,-2.63948,-0.975183,7.40527,-0.059697,0.092928,-0.025353,27.435000000000002
1772223970893708055,2026-02-27 15:26:10.893,-2.59708,-0.93255,7.46811,-0.059655,0.092103,-0.02552,27.436000000000007
1772223970894859335,2026-02-27 15:26:10.894,-2.55281,-0.984966,6.52594,-0.060853,0.091099,-0.018414,27.437000000000012
1772223970896031283,2026-02-27 15:26:10.896,-2.55495,-0.966082,6.523,-0.060411,0.090558,-0.017959,27.439000000000007
1772223970897226738,2026-02-27 15:26:10.897,-2.51158,-0.959688,6.50282,-0.059328,0.091569,-0.01777,27.440000000000012
1772223970898421561,2026-02-27 15:26:10.898,-2.50799,-0.960151,6.50215,-0.061279,0.090446,-0.017797,27.441000000000003
1772223970899568674,2026-02-27 15:26:10.899,-2.49044,-0.932617,5.86857,-0.059635,0.090218,-0.011055,27.442000000000007
1772223970900694625,2026-02-27 15:26:10.900,-2.47887,-0.903521,5.55636,-0.056565,0.089561,-0.009862,27.443000000000012
1772223970901859703,2026-02-27 15:26:10.901,-2.49738,-0.864049,6.11396,-0.057464,0.090472,-0.014254,27.444000000000003
1772223970903028372,2026-02-27 15:26:10.903,-2.50958,-0.910229,6.39695,-0.059334,0.091457,-0.017161,27.446000000000012
1772223970904207106,2026-02-27 15:26:10.904,-2.51695,-0.85439,6.37655,-0.056696,0.090569,-0.017069,27.447000000000003
1772223970905380438,2026-02-27 15:26:10.905,-2.50746,-0.878013,6.43988,-0.060396,0.091134,-0.017565,27.448000000000008
1772223970906560121,2026-02-27 15:26:10.906,-2.53418,-0.811349,6.40994,-0.056109,0.090936,-0.015942,27.449000000000012
1772223970907688051,2026-02-27 15:26:10.907,-2.48006,-0.794774,6.66076,-0.054846,0.090687,-0.019854,27.450000000000003
1772223970908815300,2026-02-27 15:26:10.908,-2.53009,-0.785898,7.45003,-0.057253,0.090252,-0.025623,27.451000000000008
1772223970910006524,2026-02-27 15:26:10.910,-2.56279,-0.847846,6.76436,-0.05758,0.091457,-0.020488,27.453000000000003
1772223970911181222,2026-02-27 15:26:10.911,-2.46889,-0.816147,6.3906,-0.058319,0.090711,-0.016035,27.454000000000008
1772223970912355643,2026-02-27 15:26:10.912,-2.50137,-0.812835,6.22377,-0.056108,0.090721,-0.01542,27.455000000000013
1772223970913539333,2026-02-27 15:26:10.913,-2.49083,-0.752284,6.22273,-0.05438,0.090693,-0.015143,27.456000000000003
1772223970914667561,2026-02-27 15:26:10.914,-2.50592,-0.727391,6.18198,-0.053585,0.09121,-0.015135,27.457000000000008
1772223970915825426,2026-02-27 15:26:10.915,-2.49835,-0.764209,6.203,-0.05707,0.090424,-0.015422,27.458000000000013
1772223970917010068,2026-02-27 15:26:10.917,-2.40617,-0.779333,5.63852,-0.056562,0.089031,-0.009782,27.460000000000008
1772223970918184163,2026-02-27 15:26:10.918,-2.39207,-0.771177,5.59706,-0.055843,0.089311,-0.009584,27.461000000000013
1772223970919385227,2026-02-27 15:26:10.919,-2.43152,-0.736301,6.03059,-0.053258,0.09086,-0.013545,27.462000000000003
1772223970920572573,2026-02-27 15:26:10.920,-2.49471,-0.715001,6.27765,-0.054138,0.089617,-0.014215,27.463000000000008
1772223970921701938,2026-02-27 15:26:10.921,-2.47922,-0.739643,6.30211,-0.054925,0.088715,-0.014868,27.464
1772223970922848572,2026-02-27 15:26:10.922,-2.49264,-0.700953,6.26306,-0.054024,0.09039,-0.01508,27.465000000000003
1772223970924034586,2026-02-27 15:26:10.924,-2.46621,-0.670509,7.06472,-0.051277,0.08986,-0.02226,27.467
1772223970925208371,2026-02-27 15:26:10.925,-2.46228,-0.673026,7.20215,-0.054198,0.089701,-0.021606,27.468000000000004
1772223970926338287,2026-02-27 15:26:10.926,-2.46345,-0.654236,7.07754,-0.053124,0.089151,-0.021206,27.46900000000001
1772223970927518497,2026-02-27 15:26:10.927,-2.42717,-0.689848,6.5962,-0.053462,0.089678,-0.015973,27.47
1772223970928637779,2026-02-27 15:26:10.928,-2.45216,-0.689492,6.25007,-0.053596,0.08953,-0.012946,27.471000000000004
1772223970929779538,2026-02-27 15:26:10.929,-2.39847,-0.637639,6.18668,-0.050903,0.089733,-0.012289,27.47200000000001
1772223970930954366,2026-02-27 15:26:10.930,-2.46992,-0.628746,6.26024,-0.052899,0.089546,-0.011388,27.473
1772223970932129135,2026-02-27 15:26:10.932,-2.40025,-0.601045,5.85629,-0.048813,0.089794,-0.008349,27.47500000000001
1772223970933303990,2026-02-27 15:26:10.933,-2.3119,-0.664681,5.25341,-0.051887,0.088841,-0.003264,27.476
1772223970934489421,2026-02-27 15:26:10.934,-2.36002,-0.655061,5.61654,-0.052446,0.088786,-0.006032,27.477000000000004
1772223970935618844,2026-02-27 15:26:10.935,-2.35352,-0.610207,5.79327,-0.049798,0.088901,-0.007996,27.47800000000001
1772223970936750070,2026-02-27 15:26:10.936,-2.41749,-0.641562,6.20104,-0.055839,0.08866,-0.011719,27.479
1772223970937899035,2026-02-27 15:26:10.937,-2.4138,-0.609668,6.28547,-0.046838,0.088225,-0.011676,27.480000000000004
1772223970939075726,2026-02-27 15:26:10.939,-2.36911,-0.618734,6.25926,-0.047177,0.088092,-0.010658,27.482
1772223970940252506,2026-02-27 15:26:10.940,-2.4068,-0.580062,6.34415,-0.05019,0.087734,-0.011481,27.483000000000004
1772223970941429638,2026-02-27 15:26:10.941,-2.36464,-0.578075,7.3617,-0.048525,0.088003,-0.020523,27.48400000000001
1772223970942576405,2026-02-27 15:26:10.942,-2.41802,-0.609836,6.94704,-0.049275,0.087462,-0.016475,27.485
1772223970943723056,2026-02-27 15:26:10.943,-2.41496,-0.562758,6.94693,-0.049915,0.08811,-0.016474,27.486000000000004
1772223970944925508,2026-02-27 15:26:10.944,-2.36599,-0.554323,6.4466,-0.049611,0.087641,-0.01142,27.48700000000001
1772223970946097521,2026-02-27 15:26:10.946,-2.38315,-0.55998,6.23276,-0.047459,0.087918,-0.009781,27.489000000000004
1772223970947279808,2026-02-27 15:26:10.947,-2.39033,-0.591294,6.29338,-0.050267,0.089143,-0.009838,27.49000000000001
1772223970948475978,2026-02-27 15:26:10.948,-2.36854,-0.584409,6.26938,-0.048261,0.087407,-0.009151,27.491
1772223970949647131,2026-02-27 15:26:10.949,-2.27108,-0.570387,5.46828,-0.047601,0.087588,-0.001513,27.492000000000004
1772223970950848506,2026-02-27 15:26:10.950,-2.28996,-0.592341,5.51284,-0.046469,0.087267,-0.002102,27.49300000000001
1772223970952033083,2026-02-27 15:26:10.952,-2.34977,-0.560809,6.02161,-0.048808,0.087746,-0.005458,27.495000000000005
1772223970953214443,2026-02-27 15:26:10.953,-2.34006,-0.552912,6.30548,-0.047677,0.088574,-0.008281,27.49600000000001
1772223970954416648,2026-02-27 15:26:10.954,-2.31722,-0.550052,6.33105,-0.045013,0.088716,-0.008866,27.497
1772223970955555502,2026-02-27 15:26:10.955,-2.32686,-0.559522,6.3839,-0.04835,0.087709,-0.007823,27.498000000000005
1772223970956685600,2026-02-27 15:26:10.956,-2.3158,-0.566228,6.34544,-0.046434,0.087952,-0.008032,27.49900000000001
1772223970957864579,2026-02-27 15:26:10.957,-2.35181,-0.580672,6.88359,-0.047091,0.087363,-0.01264,27.5
1772223970959037944,2026-02-27 15:26:10.959,-2.31306,-0.555055,7.31492,-0.047389,0.086685,-0.016251,27.50200000000001
1772223970960216557,2026-02-27 15:26:10.960,-2.33541,-0.555757,6.66446,-0.046638,0.087495,-0.010186,27.503
1772223970961415609,2026-02-27 15:26:10.961,-2.27525,-0.605035,6.29223,-0.045708,0.087392,-0.005946,27.504000000000005
1772223970962572145,2026-02-27 15:26:10.962,-2.28363,-0.568103,6.21204,-0.046768,0.088321,-0.006215,27.50500000000001
1772223970963703311,2026-02-27 15:26:10.963,-2.26176,-0.546979,6.28711,-0.044972,0.087944,-0.005063,27.506
1772223970964878819,2026-02-27 15:26:10.964,-2.29054,-0.563754,6.28929,-0.045125,0.088129,-0.005488,27.507000000000005
1772223970966051887,2026-02-27 15:26:10.966,-2.22313,-0.584124,6.32309,-0.04421,0.086618,-0.004195,27.509
1772223970967234188,2026-02-27 15:26:10.967,-2.24273,-0.570294,5.68211,-0.043981,0.087444,0.000375,27.510000000000005
1772223970968433221,2026-02-27 15:26:10.968,-2.19904,-0.559645,5.73759,-0.045478,0.085453,0.001239,27.51100000000001
1772223970969558295,2026-02-27 15:26:10.969,-2.22061,-0.599444,6.10605,-0.044704,0.085661,-0.002185,27.512
1772223970970687836,2026-02-27 15:26:10.970,-2.21106,-0.558635,6.42905,-0.043666,0.086733,-0.004761,27.513000000000005
1772223970971888849,2026-02-27 15:26:10.971,-2.21496,-0.58824,6.36557,-0.042272,0.086107,-0.004344,27.51400000000001
1772223970973062367,2026-02-27 15:26:10.973,-2.25236,-0.584648,6.39955,-0.044902,0.087224,-0.00352,27.516000000000005
1772223970974238782,2026-02-27 15:26:10.974,-2.27281,-0.575828,7.3502,-0.042664,0.085649,-0.011879,27.51700000000001
1772223970975377112,2026-02-27 15:26:10.975,-2.19737,-0.535185,7.21461,-0.042974,0.085196,-0.009625,27.518
1772223970976668381,2026-02-27 15:26:10.976,-2.25538,-0.567438,7.21461,-0.043607,0.085007,-0.009834,27.519000000000005
1772223970977845220,2026-02-27 15:26:10.977,-2.13769,-0.53452,6.6357,-0.039789,0.085909,-0.004796,27.52000000000001
1772223970979016950,2026-02-27 15:26:10.979,-2.18622,-0.587893,6.30921,-0.04227,0.086293,-0.001831,27.522000000000006
1772223970980188142,2026-02-27 15:26:10.980,-2.17443,-0.576684,6.42943,-0.042816,0.085074,-0.001545,27.52300000000001
1772223970981385115,2026-02-27 15:26:10.981,-2.2054,-0.575407,6.42891,-0.042204,0.085283,-0.001517,27.524
1772223970982559958,2026-02-27 15:26:10.982,-2.22151,-0.562796,5.921,-0.045225,0.08539,0.004348,27.525000000000006
1772223970983715993,2026-02-27 15:26:10.983,-2.16427,-0.576626,5.47867,-0.042096,0.084926,0.006913,27.52600000000001
1772223970984903586,2026-02-27 15:26:10.984,-2.16732,-0.561674,5.69182,-0.041287,0.086454,0.00554,27.527
1772223970986097016,2026-02-27 15:26:10.986,-2.18859,-0.584838,6.34119,-0.042596,0.085362,-0.000522,27.52900000000001
1772223970987273933,2026-02-27 15:26:10.987,-2.16418,-0.58318,6.53283,-0.041852,0.085139,-0.001692,27.53
1772223970988482340,2026-02-27 15:26:10.988,-2.26518,-0.624787,6.43365,-0.047159,0.085777,-0.002687,27.531000000000006
1772223970989613326,2026-02-27 15:26:10.989,-2.21562,-0.60351,6.4732,-0.044018,0.085549,-0.002185,27.53200000000001
1772223970990747179,2026-02-27 15:26:10.990,-2.23844,-0.573417,6.62733,-0.041852,0.084911,-0.003938,27.533
1772223970991878136,2026-02-27 15:26:10.991,-2.24344,-0.576664,7.44809,-0.043594,0.08564,-0.011221,27.534000000000006
1772223970993013563,2026-02-27 15:26:10.993,-2.21879,-0.555818,6.89872,-0.038025,0.086374,-0.00779,27.536
1772223970994188122,2026-02-27 15:26:10.994,-2.19642,-0.582946,6.48035,-0.039287,0.086458,-0.00295,27.537000000000006
1772223970995382131,2026-02-27 15:26:10.995,-2.12997,-0.621392,6.45413,-0.042392,0.086198,-0.002016,27.53800000000001
1772223970996568941,2026-02-27 15:26:10.996,-2.17994,-0.591061,6.3316,-0.039357,0.085964,-0.001972,27.539
1772223970997701649,2026-02-27 15:26:10.997,-2.16003,-0.585632,6.37058,-0.041885,0.085512,-0.001791,27.540000000000006
1772223970998877734,2026-02-27 15:26:10.998,-2.17617,-0.592956,6.37177,-0.041308,0.0856,-0.001988,27.54100000000001
1772223971000049767,2026-02-27 15:26:11.000,-2.2309,-0.574463,5.45584,-0.043474,0.087375,0.007088,27.543000000000006
1772223971001221759,2026-02-27 15:26:11.001,-2.23956,-0.554289,5.71754,-0.041322,0.087371,0.004517,27.54400000000001
1772223971002414957,2026-02-27 15:26:11.002,-2.22495,-0.56727,6.1422,-0.042211,0.088165,-0.001276,27.545
1772223971003569118,2026-02-27 15:26:11.003,-2.17492,-0.578698,6.49905,-0.042147,0.086196,-0.002792,27.546000000000006
1772223971004700290,2026-02-27 15:26:11.004,-2.26443,-0.591968,6.4753,-0.042058,0.085866,-0.002541,27.54700000000001
1772223971005875434,2026-02-27 15:26:11.005,-2.22131,-0.567639,6.47227,-0.041508,0.086153,-0.001906,27.548000000000002
1772223971007059916,2026-02-27 15:26:11.007,-2.21157,-0.558885,6.43984,-0.038171,0.08754,-0.002943,27.55000000000001
1772223971008232165,2026-02-27 15:26:11.008,-2.22215,-0.573339,7.38466,-0.039658,0.086539,-0.010557,27.551000000000002
1772223971009430598,2026-02-27 15:26:11.009,-2.29033,-0.548614,7.28881,-0.041906,0.086194,-0.008677,27.552000000000007
1772223971010565246,2026-02-27 15:26:11.010,-2.28434,-0.582466,6.83103,-0.042268,0.086173,-0.004046,27.55300000000001
1772223971011694637,2026-02-27 15:26:11.011,-2.18957,-0.570695,6.40824,-0.041495,0.087078,-0.001334,27.554000000000002
1772223971012892451,2026-02-27 15:26:11.012,-2.17878,-0.590944,6.30696,-0.040019,0.085595,-0.001353,27.555000000000007
1772223971014078502,2026-02-27 15:26:11.014,-2.21006,-0.574943,6.34471,-0.038975,0.087157,-0.00088,27.557000000000002
1772223971015250743,2026-02-27 15:26:11.015,-2.22986,-0.578537,6.26173,-0.043307,0.086858,0.002201,27.558000000000007
1772223971016441534,2026-02-27 15:26:11.016,-2.22281,-0.563622,5.44727,-0.040808,0.088412,0.00862,27.55900000000001
1772223971017561686,2026-02-27 15:26:11.017,-2.24652,-0.550772,5.79502,-0.039357,0.087745,0.005242,27.560000000000002
1772223971018692216,2026-02-27 15:26:11.018,-2.24277,-0.585718,5.96224,-0.042481,0.086767,0.004407,27.561000000000007
1772223971019867289,2026-02-27 15:26:11.019,-2.22348,-0.582518,6.3574,-0.040362,0.086514,0.000179,27.562000000000012
1772223971021064631,2026-02-27 15:26:11.021,-2.26573,-0.544932,6.50845,-0.040762,0.088406,-0.001225,27.564000000000007
1772223971022247400,2026-02-27 15:26:11.022,-2.33011,-0.591373,6.48495,-0.044104,0.089089,-0.001093,27.565000000000012
1772223971023441223,2026-02-27 15:26:11.023,-2.31377,-0.601175,6.52304,-0.04512,0.089171,-0.000683,27.566000000000003
1772223971024567406,2026-02-27 15:26:11.024,-2.30431,-0.54489,7.51776,-0.036978,0.088625,-0.009114,27.567000000000007
1772223971025699466,2026-02-27 15:26:11.025,-2.2738,-0.511009,7.1894,-0.041342,0.088631,-0.005755,27.568000000000012
1772223971026898358,2026-02-27 15:26:11.026,-2.25557,-0.554859,7.17894,-0.036733,0.088488,-0.006978,27.569000000000003
1772223971028101842,2026-02-27 15:26:11.028,-2.23018,-0.567935,6.57145,-0.037281,0.08973,-0.00117,27.571000000000012
1772223971029275250,2026-02-27 15:26:11.029,-2.19455,-0.5837,6.39473,-0.040327,0.087064,0.000815,27.572000000000003
1772223971030483544,2026-02-27 15:26:11.030,-2.24206,-0.556971,6.47101,-0.039559,0.087805,0.001545,27.573000000000008
1772223971031615890,2026-02-27 15:26:11.031,-2.17832,-0.577093,6.41396,-0.040904,0.087355,0.001017,27.574000000000012
1772223971032748419,2026-02-27 15:26:11.032,-2.28259,-0.59557,5.71081,-0.043026,0.088055,0.008527,27.575000000000003
1772223971033879913,2026-02-27 15:26:11.033,-2.23331,-0.55881,5.52519,-0.037214,0.089344,0.009374,27.576000000000008
1772223971035077281,2026-02-27 15:26:11.035,-2.27281,-0.570195,5.62685,-0.039603,0.089858,0.009175,27.578000000000003
1772223971036249853,2026-02-27 15:26:11.036,-2.18625,-0.589983,6.42544,-0.038099,0.088271,0.002561,27.579000000000008
1772223971037423575,2026-02-27 15:26:11.037,-2.18607,-0.558485,6.57845,-0.038482,0.088693,0.00094,27.580000000000013
1772223971038572993,2026-02-27 15:26:11.038,-2.23385,-0.546132,6.46794,-0.042396,0.08842,0.001903,27.581000000000003
1772223971039704568,2026-02-27 15:26:11.039,-2.19142,-0.568625,6.48325,-0.037314,0.087162,0.003068,27.582000000000008
1772223971040878798,2026-02-27 15:26:11.040,-2.25065,-0.555609,6.95882,-0.038792,0.088546,-0.001379,27.583000000000013
1772223971042066078,2026-02-27 15:26:11.042,-2.19129,-0.510746,7.5432,-0.035958,0.088597,-0.006348,27.585000000000008
1772223971043262250,2026-02-27 15:26:11.043,-2.18345,-0.578571,6.91649,-0.035941,0.088905,-0.000759,27.586000000000013
1772223971044438582,2026-02-27 15:26:11.044,-2.20596,-0.577865,6.54124,-0.037718,0.087833,0.003512,27.587000000000003
1772223971045596642,2026-02-27 15:26:11.045,-2.21679,-0.570189,6.41329,-0.038689,0.087394,0.004292,27.588000000000008
1772223971046730380,2026-02-27 15:26:11.046,-2.1461,-0.57804,6.48136,-0.037967,0.086837,0.003454,27.589
1772223971047907331,2026-02-27 15:26:11.047,-2.18094,-0.574888,6.49733,-0.036055,0.087423,0.004157,27.590000000000003
1772223971049106124,2026-02-27 15:26:11.049,-2.19312,-0.566633,6.43027,-0.037015,0.086987,0.004972,27.592
1772223971050276512,2026-02-27 15:26:11.050,-2.16494,-0.561842,5.44221,-0.036554,0.087687,0.012957,27.593000000000004
1772223971051468108,2026-02-27 15:26:11.051,-2.11159,-0.625898,5.84797,-0.037795,0.08583,0.010127,27.59400000000001
1772223971052598607,2026-02-27 15:26:11.052,-2.16333,-0.597766,6.3788,-0.038198,0.085419,0.006617,27.595
1772223971053776565,2026-02-27 15:26:11.053,-2.12692,-0.572357,6.54337,-0.034646,0.086604,0.003554,27.596000000000004
1772223971054974582,2026-02-27 15:26:11.054,-2.10938,-0.563137,6.53724,-0.036849,0.084829,0.00438,27.59700000000001
1772223971056170629,2026-02-27 15:26:11.056,-2.1535,-0.555154,6.53515,-0.036536,0.08573,0.004615,27.599000000000004
1772223971057344627,2026-02-27 15:26:11.057,-2.12429,-0.559634,7.36249,-0.034984,0.084961,-0.003447,27.60000000000001
1772223971058523809,2026-02-27 15:26:11.058,-2.08149,-0.552061,7.31776,-0.033908,0.085598,-0.002625,27.601
1772223971059665279,2026-02-27 15:26:11.059,-2.09446,-0.592316,7.33168,-0.035845,0.084338,-0.001799,27.602000000000004
1772223971060884008,2026-02-27 15:26:11.060,-2.05494,-0.547782,6.79623,-0.035939,0.085547,0.002373,27.60300000000001
1772223971062083626,2026-02-27 15:26:11.062,-2.06935,-0.536331,6.46527,-0.035018,0.085117,0.006289,27.605000000000004
1772223971063254607,2026-02-27 15:26:11.063,-2.04331,-0.533449,6.42937,-0.033662,0.08413,0.005658,27.60600000000001
1772223971064426873,2026-02-27 15:26:11.064,-2.04185,-0.533101,6.44509,-0.034966,0.083388,0.006291,27.607
1772223971065572900,2026-02-27 15:26:11.065,-2.05016,-0.494382,5.99551,-0.034174,0.084705,0.009697,27.608000000000004
1772223971066708650,2026-02-27 15:26:11.066,-2.01159,-0.529954,5.44088,-0.034831,0.084274,0.013614,27.60900000000001
1772223971067837095,2026-02-27 15:26:11.067,-2.01992,-0.576341,5.7014,-0.033142,0.084173,0.011211,27.61
1772223971069033095,2026-02-27 15:26:11.069,-2.01263,-0.53248,6.06189,-0.037932,0.083892,0.00877,27.61200000000001
1772223971070208234,2026-02-27 15:26:11.070,-2.0215,-0.543924,6.40979,-0.036954,0.082516,0.005371,27.613
1772223971071379380,2026-02-27 15:26:11.071,-1.98567,-0.514858,6.47607,-0.034086,0.082211,0.004827,27.614000000000004
1772223971072528050,2026-02-27 15:26:11.072,-2.06495,-0.521408,6.37714,-0.035544,0.084366,0.00411,27.61500000000001
1772223971073654157,2026-02-27 15:26:11.073,-2.0534,-0.510433,6.58669,-0.036385,0.082951,0.003161,27.616
1772223971074828161,2026-02-27 15:26:11.074,-2.0697,-0.522139,7.39442,-0.033976,0.082671,-0.005094,27.617000000000004
1772223971075959521,2026-02-27 15:26:11.075,-1.9681,-0.481591,7.02504,-0.03073,0.084072,-0.001014,27.61800000000001
1772223971077151159,2026-02-27 15:26:11.077,-1.99171,-0.482672,7.06402,-0.034019,0.082794,-0.00103,27.620000000000005
1772223971078333850,2026-02-27 15:26:11.078,-2.02003,-0.49493,6.35288,-0.036613,0.082581,0.004731,27.62100000000001
1772223971079529219,2026-02-27 15:26:11.079,-1.92279,-0.532387,6.41029,-0.036089,0.080641,0.005581,27.622
1772223971080658086,2026-02-27 15:26:11.080,-1.98512,-0.465747,6.35448,-0.032788,0.082841,0.004804,27.623000000000005
1772223971081829245,2026-02-27 15:26:11.081,-1.95199,-0.49922,6.33548,-0.034924,0.081075,0.004524,27.62400000000001
1772223971083026462,2026-02-27 15:26:11.083,-1.93818,-0.55301,5.4418,-0.035863,0.082005,0.013572,27.626000000000005
1772223971084222564,2026-02-27 15:26:11.084,-1.95614,-0.495788,5.55863,-0.033815,0.083495,0.011349,27.62700000000001
1772223971085402749,2026-02-27 15:26:11.085,-1.95188,-0.466051,6.09892,-0.033133,0.08207,0.006571,27.628
1772223971086648205,2026-02-27 15:26:11.086,-1.89476,-0.466832,6.34384,-0.033623,0.081248,0.003471,27.629000000000005
1772223971087831792,2026-02-27 15:26:11.087,-1.93948,-0.489982,6.36716,-0.033841,0.08077,0.002858,27.63000000000001
1772223971089000478,2026-02-27 15:26:11.089,-1.9354,-0.442903,6.32221,-0.034821,0.081235,0.00347,27.632000000000005
1772223971090196481,2026-02-27 15:26:11.090,-1.94058,-0.440524,6.26609,-0.031889,0.081775,0.002856,27.63300000000001
1772223971091366897,2026-02-27 15:26:11.091,-1.92824,-0.45438,6.89397,-0.033076,0.083525,-0.002844,27.634
1772223971092536984,2026-02-27 15:26:11.092,-1.91702,-0.459423,6.98474,-0.032742,0.082068,-0.004269,27.635000000000005
1772223971093685298,2026-02-27 15:26:11.093,-1.91494,-0.490686,6.65273,-0.032743,0.081476,-0.00019,27.63600000000001
1772223971094878191,2026-02-27 15:26:11.094,-1.91921,-0.452083,6.26303,-0.034867,0.081111,0.003211,27.637
1772223971096078440,2026-02-27 15:26:11.096,-1.91999,-0.451113,6.14145,-0.033581,0.081098,0.003172,27.63900000000001
1772223971097278448,2026-02-27 15:26:11.097,-1.93797,-0.440965,6.12389,-0.031911,0.081391,0.002781,27.64
1772223971098471225,2026-02-27 15:26:11.098,-1.91728,-0.451364,6.15295,-0.035546,0.080366,0.004428,27.641000000000005
1772223971099609074,2026-02-27 15:26:11.099,-1.87081,-0.489518,5.16352,-0.036984,0.080343,0.012562,27.64200000000001
1772223971100802058,2026-02-27 15:26:11.100,-1.92263,-0.49534,5.55842,-0.035678,0.080615,0.008131,27.643
1772223971102001869,2026-02-27 15:26:11.102,-1.93597,-0.488036,5.64594,-0.036593,0.080544,0.007104,27.64500000000001
1772223971103206417,2026-02-27 15:26:11.103,-1.96553,-0.45598,6.03341,-0.038581,0.080235,0.003684,27.646
1772223971104378137,2026-02-27 15:26:11.104,-1.92256,-0.433411,6.2079,-0.032792,0.081113,0.002381,27.647000000000006
1772223971105546161,2026-02-27 15:26:11.105,-1.90272,-0.458651,6.22333,-0.036198,0.079105,0.002964,27.64800000000001
1772223971106676924,2026-02-27 15:26:11.106,-1.93823,-0.472605,6.14256,-0.038299,0.080178,0.002659,27.649
1772223971107850648,2026-02-27 15:26:11.107,-1.87754,-0.44742,7.04521,-0.03126,0.080212,-0.007184,27.650000000000006
1772223971108983586,2026-02-27 15:26:11.108,-1.94983,-0.421791,6.87837,-0.036778,0.081154,-0.003932,27.65100000000001
1772223971110207164,2026-02-27 15:26:11.110,-1.91754,-0.390693,6.868,-0.031631,0.081015,-0.005111,27.653000000000006
1772223971111380340,2026-02-27 15:26:11.111,-1.93521,-0.425623,6.31949,-0.034343,0.080285,0.000726,27.65400000000001
1772223971112550332,2026-02-27 15:26:11.112,-2.00858,-0.447261,6.0391,-0.038896,0.079993,0.002646,27.655
1772223971113683869,2026-02-27 15:26:11.113,-1.86124,-0.450573,6.10598,-0.033491,0.079906,0.002498,27.656000000000006
1772223971114857785,2026-02-27 15:26:11.114,-1.9441,-0.435301,6.10078,-0.035789,0.080024,0.002928,27.65700000000001
1772223971116054784,2026-02-27 15:26:11.116,-1.90813,-0.436546,5.43138,-0.034633,0.080593,0.008961,27.659000000000006
1772223971117251641,2026-02-27 15:26:11.117,-1.91586,-0.447751,5.13182,-0.035446,0.081081,0.011119,27.66000000000001
1772223971118434765,2026-02-27 15:26:11.118,-1.86163,-0.414437,5.2216,-0.03348,0.081631,0.010121,27.661
1772223971119548765,2026-02-27 15:26:11.119,-1.95501,-0.445815,6.10167,-0.037172,0.080125,0.002685,27.662000000000006
1772223971120679166,2026-02-27 15:26:11.120,-1.90441,-0.392417,6.15213,-0.033782,0.079931,0.001505,27.66300000000001
1772223971121857871,2026-02-27 15:26:11.121,-1.91434,-0.419455,6.10686,-0.035622,0.079826,0.002075,27.664
1772223971123060964,2026-02-27 15:26:11.123,-1.87735,-0.407607,6.09073,-0.032561,0.079683,0.001691,27.66600000000001
1772223971124257769,2026-02-27 15:26:11.124,-1.88695,-0.403128,6.27151,-0.035073,0.07942,-0.001241,27.667
1772223971125396683,2026-02-27 15:26:11.125,-1.94879,-0.390578,7.0099,-0.030961,0.0812,-0.008208,27.668000000000006
1772223971126573111,2026-02-27 15:26:11.126,-1.91835,-0.422676,6.56672,-0.035176,0.081497,-0.002813,27.66900000000001
1772223971127706936,2026-02-27 15:26:11.127,-1.9045,-0.409774,6.15104,-0.033578,0.080474,0.001705,27.67
1772223971128880287,2026-02-27 15:26:11.128,-1.92609,-0.412496,6.04416,-0.036253,0.07995,0.002249,27.671000000000006
1772223971130010187,2026-02-27 15:26:11.130,-1.884,-0.419647,6.00598,-0.03527,0.079417,0.002015,27.673000000000002
1772223971131144672,2026-02-27 15:26:11.131,-1.93191,-0.376741,6.02304,-0.033421,0.08074,0.002522,27.674000000000007
1772223971132264573,2026-02-27 15:26:11.132,-1.97649,-0.399775,6.06654,-0.03396,0.080075,0.001916,27.67500000000001
1772223971133382703,2026-02-27 15:26:11.133,-1.95918,-0.456624,5.35545,-0.036791,0.080618,0.007824,27.676000000000002
1772223971134492358,2026-02-27 15:26:11.134,-1.98202,-0.427243,5.2706,-0.032747,0.081495,0.008519,27.677000000000007
1772223971135604353,2026-02-27 15:26:11.135,-1.952,-0.397998,5.89478,-0.036225,0.08095,0.003243,27.67800000000001
1772223971136723452,2026-02-27 15:26:11.136,-1.99025,-0.426583,6.11127,-0.034146,0.080898,0.001277,27.679000000000002
1772223971137918504,2026-02-27 15:26:11.137,-1.98697,-0.393513,6.05246,-0.035219,0.079814,0.000828,27.680000000000007
1772223971139114811,2026-02-27 15:26:11.139,-1.95954,-0.37854,6.13207,-0.034413,0.081142,0.001288,27.682000000000002
1772223971140318698,2026-02-27 15:26:11.140,-1.9448,-0.386425,6.11336,-0.034447,0.080641,0.001059,27.683000000000007
1772223971141502805,2026-02-27 15:26:11.141,-1.97244,-0.344485,7.00071,-0.032966,0.082082,-0.006948,27.68400000000001
1772223971142643668,2026-02-27 15:26:11.142,-2.05214,-0.381124,6.8943,-0.03563,0.0825,-0.006616,27.685000000000002
1772223971143853217,2026-02-27 15:26:11.143,-1.98029,-0.335136,6.34868,-0.032782,0.081668,-0.000666,27.686000000000007
1772223971145050341,2026-02-27 15:26:11.145,-1.95918,-0.344426,6.04515,-0.034204,0.080817,0.002123,27.688000000000002
1772223971146245818,2026-02-27 15:26:11.146,-1.9885,-0.343496,6.02411,-0.034246,0.080652,0.00213,27.689000000000007
1772223971147416228,2026-02-27 15:26:11.147,-2.03936,-0.365743,6.06611,-0.037054,0.081827,0.001666,27.690000000000012
1772223971148570164,2026-02-27 15:26:11.148,-1.99164,-0.360021,6.02759,-0.032405,0.081746,0.001719,27.691000000000003
1772223971149772158,2026-02-27 15:26:11.149,-1.95692,-0.356545,5.09096,-0.036182,0.080785,0.010946,27.692000000000007
1772223971150970668,2026-02-27 15:26:11.150,-2.00634,-0.364493,5.4008,-0.034905,0.081816,0.007093,27.693000000000012
1772223971152167204,2026-02-27 15:26:11.152,-1.95372,-0.36305,5.6379,-0.03378,0.081562,0.0053,27.695000000000007
1772223971153365246,2026-02-27 15:26:11.153,-1.97424,-0.350916,6.00127,-0.034287,0.080157,0.002539,27.696000000000012
1772223971154569459,2026-02-27 15:26:11.154,-1.94636,-0.368721,6.13497,-0.033998,0.080473,0.000879,27.697000000000003
1772223971155725120,2026-02-27 15:26:11.155,-1.9534,-0.315842,6.1194,-0.030388,0.081276,0.000327,27.698000000000008
1772223971156901824,2026-02-27 15:26:11.156,-1.99737,-0.373012,6.13745,-0.036689,0.080912,0.000204,27.699000000000012
1772223971158098332,2026-02-27 15:26:11.158,-1.94458,-0.293117,7.15506,-0.0335,0.080611,-0.008762,27.701000000000008
1772223971159296734,2026-02-27 15:26:11.159,-1.95569,-0.317769,6.74463,-0.032828,0.080884,-0.005141,27.702000000000012
1772223971160480999,2026-02-27 15:26:11.160,-1.96956,-0.310833,6.82826,-0.033429,0.081386,-0.00553,27.703000000000003
1772223971161624006,2026-02-27 15:26:11.161,-1.9644,-0.309139,6.28756,-0.033243,0.080465,-0.000686,27.704000000000008
1772223971162822790,2026-02-27 15:26:11.162,-1.96353,-0.324111,6.09104,-0.033083,0.079883,0.001344,27.705000000000013
1772223971164020405,2026-02-27 15:26:11.164,-1.9031,-0.310511,6.13435,-0.033535,0.08024,0.001113,27.707000000000008
1772223971165221458,2026-02-27 15:26:11.165,-1.96698,-0.307841,6.11346,-0.031014,0.081407,0.001175,27.708000000000013
1772223971166419999,2026-02-27 15:26:11.166,-1.92464,-0.310589,5.21209,-0.031213,0.081231,0.00834,27.709000000000003
1772223971167609986,2026-02-27 15:26:11.167,-2.01233,-0.359523,5.21175,-0.037194,0.081383,0.007808,27.710000000000008
1772223971168809409,2026-02-27 15:26:11.168,-1.91109,-0.305423,5.79576,-0.033588,0.081124,0.003055,27.711000000000013
1772223971170004829,2026-02-27 15:26:11.170,-1.97447,-0.303241,6.09506,-0.033588,0.08116,0.000694,27.713000000000008
1772223971171201378,2026-02-27 15:26:11.171,-1.93243,-0.293986,6.16773,-0.033106,0.080269,-0.00097,27.714
1772223971172399203,2026-02-27 15:26:11.172,-1.96114,-0.277615,6.11971,-0.033055,0.080894,8.8e-05,27.715000000000003
1772223971173635765,2026-02-27 15:26:11.173,-1.9461,-0.285268,6.14137,-0.033733,0.080021,-0.000127,27.716000000000008
1772223971174856014,2026-02-27 15:26:11.174,-1.94412,-0.26146,7.08523,-0.031965,0.08139,-0.010472,27.717
1772223971175995063,2026-02-27 15:26:11.175,-1.88291,-0.261282,6.78167,-0.03164,0.080789,-0.007454,27.718000000000004
1772223971177212787,2026-02-27 15:26:11.177,-1.96278,-0.280676,6.39677,-0.03231,0.081988,-0.004887,27.72
1772223971178411281,2026-02-27 15:26:11.178,-1.90049,-0.296094,6.12365,-0.033735,0.080442,-0.000389,27.721000000000004
1772223971179531219,2026-02-27 15:26:11.179,-1.92523,-0.315342,6.02024,-0.03457,0.081012,-0.000255,27.72200000000001
1772223971180662468,2026-02-27 15:26:11.180,-1.89028,-0.268898,5.94609,-0.029978,0.080904,-0.001047,27.723
1772223971181830432,2026-02-27 15:26:11.181,-1.88158,-0.256143,5.92625,-0.033451,0.080003,-0.001329,27.724000000000004
1772223971183028508,2026-02-27 15:26:11.183,-1.90708,-0.336872,4.9665,-0.035951,0.08123,0.008294,27.726
1772223971184226590,2026-02-27 15:26:11.184,-1.88609,-0.333187,5.3409,-0.034807,0.080035,0.004047,27.727000000000004
1772223971185428702,2026-02-27 15:26:11.185,-1.93618,-0.291232,5.30348,-0.036199,0.082622,0.00337,27.72800000000001
1772223971186581649,2026-02-27 15:26:11.186,-1.91652,-0.302684,6.05327,-0.03801,0.079717,-0.002423,27.729
1772223971187713504,2026-02-27 15:26:11.187,-1.88434,-0.239388,5.97275,-0.032018,0.08077,-0.002128,27.730000000000004
1772223971188843457,2026-02-27 15:26:11.188,-1.92742,-0.263622,6.05263,-0.033539,0.080308,-0.002098,27.73100000000001
1772223971190042419,2026-02-27 15:26:11.190,-1.88904,-0.286142,6.05555,-0.036876,0.080087,-0.002624,27.733000000000004
1772223971191237423,2026-02-27 15:26:11.191,-1.8955,-0.288167,6.90746,-0.032422,0.080455,-0.011248,27.73400000000001
1772223971192368596,2026-02-27 15:26:11.192,-1.86168,-0.273054,6.81129,-0.034264,0.079918,-0.008993,27.735
1772223971193503978,2026-02-27 15:26:11.193,-1.86546,-0.271158,6.77112,-0.032314,0.080282,-0.008977,27.736000000000004
1772223971194615931,2026-02-27 15:26:11.194,-1.95273,-0.264354,5.98243,-0.035236,0.079974,-0.000871,27.73700000000001
1772223971195905672,2026-02-27 15:26:11.195,-1.84769,-0.274059,5.90046,-0.035816,0.07884,-0.00055,27.738
1772223971197032155,2026-02-27 15:26:11.197,-1.8493,-0.257187,5.92231,-0.035045,0.079238,-0.000731,27.74000000000001
1772223971198155217,2026-02-27 15:26:11.198,-1.85084,-0.273249,5.96169,-0.03483,0.079404,-0.000501,27.741
1772223971199272329,2026-02-27 15:26:11.199,-1.88457,-0.284835,5.43792,-0.036087,0.080318,0.004736,27.742000000000004
1772223971200481995,2026-02-27 15:26:11.200,-1.93591,-0.334763,5.00578,-0.037279,0.079939,0.008325,27.74300000000001
1772223971201611626,2026-02-27 15:26:11.201,-1.88425,-0.266411,5.21975,-0.035378,0.079974,0.006995,27.744
1772223971202763727,2026-02-27 15:26:11.202,-1.94337,-0.318643,5.8925,-0.038875,0.079552,0.000256,27.745000000000005
1772223971203959203,2026-02-27 15:26:11.203,-1.86329,-0.281751,5.98263,-0.036203,0.078749,-0.00072,27.74600000000001
1772223971205154340,2026-02-27 15:26:11.205,-1.85818,-0.284939,5.97682,-0.032661,0.079183,0.000408,27.748000000000005
1772223971206348339,2026-02-27 15:26:11.206,-1.85142,-0.254733,5.99489,-0.035692,0.078499,0.000591,27.74900000000001
1772223971207555255,2026-02-27 15:26:11.207,-1.86923,-0.260995,6.12588,-0.035399,0.078015,-0.000812,27.75
1772223971208683954,2026-02-27 15:26:11.208,-1.93193,-0.26807,6.9546,-0.035924,0.081423,-0.009356,27.751000000000005
1772223971209904265,2026-02-27 15:26:11.209,-1.90576,-0.26083,6.55242,-0.034363,0.079534,-0.003761,27.75200000000001
1772223971211102139,2026-02-27 15:26:11.211,-1.88374,-0.252877,6.05526,-0.035069,0.078711,0.000653,27.754000000000005
1772223971212300319,2026-02-27 15:26:11.212,-1.92447,-0.278498,5.84329,-0.03503,0.079186,0.001821,27.75500000000001
1772223971213634920,2026-02-27 15:26:11.213,-1.89123,-0.265516,5.92625,-0.036821,0.07939,0.001601,27.756
1772223971214812224,2026-02-27 15:26:11.214,-1.89294,-0.232236,5.92924,-0.035611,0.079996,0.001211,27.757000000000005
1772223971216008648,2026-02-27 15:26:11.216,-1.88126,-0.267143,5.03263,-0.036107,0.080385,0.010713,27.759
1772223971217203602,2026-02-27 15:26:11.217,-1.94982,-0.28075,5.0941,-0.036563,0.082205,0.007324,27.760000000000005
1772223971218401296,2026-02-27 15:26:11.218,-1.94346,-0.297872,5.24796,-0.036353,0.079995,0.008715,27.76100000000001
1772223971219706890,2026-02-27 15:26:11.219,-1.92935,-0.27736,5.72781,-0.037664,0.080852,0.003817,27.762
1772223971220932825,2026-02-27 15:26:11.220,-1.9084,-0.241456,5.9754,-0.035025,0.080837,0.000385,27.763000000000005
1772223971222130831,2026-02-27 15:26:11.222,-1.94086,-0.255408,6.01402,-0.03452,0.080647,0.000644,27.765
1772223971223327298,2026-02-27 15:26:11.223,-1.9993,-0.27234,6.0172,-0.039902,0.081197,-0.000305,27.766000000000005
1772223971224664214,2026-02-27 15:26:11.224,-1.92904,-0.284684,6.61222,-0.03515,0.081594,-0.006765,27.76700000000001
1772223971225820534,2026-02-27 15:26:11.225,-1.91921,-0.241976,6.71572,-0.03352,0.082299,-0.00688,27.768
1772223971227023937,2026-02-27 15:26:11.227,-1.93978,-0.276793,6.3219,-0.035535,0.081932,-0.00287,27.77000000000001
1772223971228220859,2026-02-27 15:26:11.228,-1.95052,-0.268165,5.9545,-0.035271,0.081878,0.000362,27.771
1772223971229413993,2026-02-27 15:26:11.229,-1.93116,-0.246676,5.91406,-0.036396,0.082193,0.000313,27.772000000000006
1772223971230530396,2026-02-27 15:26:11.230,-1.97697,-0.318471,5.92514,-0.03698,0.081659,0.001583,27.77300000000001
1772223971231660611,2026-02-27 15:26:11.231,-1.94481,-0.287415,5.90391,-0.037696,0.081691,0.001768,27.774
1772223971232817069,2026-02-27 15:26:11.232,-1.99621,-0.336506,4.95823,-0.040957,0.082598,0.00907,27.775000000000006
1772223971234022234,2026-02-27 15:26:11.234,-1.92591,-0.327371,5.40709,-0.037439,0.080786,0.006179,27.777
1772223971235219312,2026-02-27 15:26:11.235,-2.0087,-0.265837,5.47986,-0.038388,0.082653,0.004117,27.778000000000006
1772223971236414879,2026-02-27 15:26:11.236,-1.90538,-0.311555,5.87333,-0.034866,0.082247,0.000485,27.77900000000001
1772223971237561465,2026-02-27 15:26:11.237,-2.01243,-0.28216,6.144,-0.041256,0.081297,-0.001117,27.78
1772223971238693965,2026-02-27 15:26:11.238,-1.93545,-0.326109,6.12229,-0.037239,0.080748,-0.000464,27.781000000000006
1772223971239863931,2026-02-27 15:26:11.239,-1.98845,-0.329473,6.16136,-0.039605,0.081381,-0.000473,27.78200000000001
1772223971241062604,2026-02-27 15:26:11.241,-1.99192,-0.30023,7.12111,-0.036848,0.081426,-0.010121,27.784000000000006
1772223971242259987,2026-02-27 15:26:11.242,-2.01737,-0.269573,6.79463,-0.035789,0.083405,-0.00686,27.78500000000001
1772223971243485574,2026-02-27 15:26:11.243,-2.01214,-0.2901,6.73658,-0.036896,0.083949,-0.007365,27.786
1772223971244618597,2026-02-27 15:26:11.244,-1.97279,-0.275421,6.35819,-0.034277,0.082901,-0.002178,27.787000000000006
1772223971245769259,2026-02-27 15:26:11.245,-2.0063,-0.302682,6.0356,-0.0372,0.082079,0.000163,27.78800000000001
1772223971246967683,2026-02-27 15:26:11.246,-2.02822,-0.323732,6.09404,-0.040617,0.082294,0.000335,27.789
1772223971248165012,2026-02-27 15:26:11.248,-1.96097,-0.33017,6.05303,-0.037649,0.082676,0.000754,27.79100000000001
1772223971249362499,2026-02-27 15:26:11.249,-1.962,-0.343263,5.39975,-0.039554,0.083388,0.007172,27.792
1772223971250562310,2026-02-27 15:26:11.250,-1.94826,-0.318001,5.24598,-0.038107,0.084079,0.009035,27.793000000000006
1772223971251693638,2026-02-27 15:26:11.251,-2.00037,-0.323245,5.78664,-0.038069,0.083601,0.004028,27.79400000000001
1772223971252864904,2026-02-27 15:26:11.252,-2.08204,-0.327695,6.08884,-0.042025,0.083872,0.000948,27.795
1772223971254061721,2026-02-27 15:26:11.254,-1.97714,-0.354852,6.18283,-0.037806,0.082739,-0.000464,27.79700000000001
1772223971255258127,2026-02-27 15:26:11.255,-1.98751,-0.316992,6.13922,-0.03854,0.083863,-6.7e-05,27.798000000000002
1772223971256472918,2026-02-27 15:26:11.256,-2.01771,-0.381929,6.19807,-0.039355,0.083417,0.000151,27.799000000000007
1772223971257605834,2026-02-27 15:26:11.257,-1.99165,-0.315471,6.48425,-0.039092,0.083093,-0.003077,27.80000000000001
1772223971258737177,2026-02-27 15:26:11.258,-2.04167,-0.373265,6.86306,-0.038824,0.084453,-0.005022,27.801000000000002
1772223971259952205,2026-02-27 15:26:11.259,-1.98424,-0.374406,6.67016,-0.036523,0.085724,-0.00321,27.802000000000007
1772223971261150823,2026-02-27 15:26:11.261,-2.04163,-0.369929,6.21913,-0.040919,0.084611,-8.2e-05,27.804000000000002
1772223971262349549,2026-02-27 15:26:11.262,-1.97609,-0.356302,6.1058,-0.037856,0.083896,0.002037,27.805000000000007
1772223971263565325,2026-02-27 15:26:11.263,-2.07652,-0.365229,6.21444,-0.039329,0.084252,0.000618,27.80600000000001
1772223971264699349,2026-02-27 15:26:11.264,-1.97874,-0.371648,6.16959,-0.037301,0.083865,0.00165,27.807000000000002
1772223971265850286,2026-02-27 15:26:11.265,-1.97367,-0.420143,5.20889,-0.040185,0.084933,0.01148,27.808000000000007
1772223971267048634,2026-02-27 15:26:11.267,-1.97664,-0.369026,5.58061,-0.035511,0.08389,0.00777,27.810000000000002
1772223971268247739,2026-02-27 15:26:11.268,-2.02141,-0.377243,5.61504,-0.041153,0.084551,0.008323,27.811000000000007
1772223971269444641,2026-02-27 15:26:11.269,-2.00478,-0.391031,6.0178,-0.037186,0.085385,0.003045,27.812000000000012
1772223971270572637,2026-02-27 15:26:11.270,-2.02521,-0.379517,6.34874,-0.037725,0.084754,0.002176,27.813000000000002
1772223971271707153,2026-02-27 15:26:11.271,-1.97191,-0.391614,6.34848,-0.036441,0.08316,0.002403,27.814000000000007
1772223971272870543,2026-02-27 15:26:11.272,-1.9956,-0.381859,6.35396,-0.037033,0.085666,0.001521,27.815000000000012
1772223971274067010,2026-02-27 15:26:11.274,-1.98677,-0.425068,7.15597,-0.033195,0.085689,-0.005675,27.817000000000007
1772223971275260958,2026-02-27 15:26:11.275,-1.99066,-0.372093,7.21245,-0.032514,0.085201,-0.004951,27.818000000000012
1772223971276477483,2026-02-27 15:26:11.276,-1.9877,-0.39028,7.20679,-0.033946,0.085193,-0.004141,27.819000000000003
1772223971277614473,2026-02-27 15:26:11.277,-1.95215,-0.424829,6.68072,-0.03397,0.085533,0.001718,27.820000000000007
1772223971278748146,2026-02-27 15:26:11.278,-2.04127,-0.453441,6.33237,-0.037971,0.085339,0.004685,27.821000000000012
1772223971279886646,2026-02-27 15:26:11.279,-2.01916,-0.433824,6.31478,-0.034554,0.085883,0.004523,27.822000000000003
1772223971281006700,2026-02-27 15:26:11.281,-2.00492,-0.408217,6.35125,-0.03501,0.085446,0.005187,27.824000000000012
1772223971282123854,2026-02-27 15:26:11.282,-1.9994,-0.442439,6.01928,-0.035997,0.085428,0.009233,27.825000000000003
1772223971283239257,2026-02-27 15:26:11.283,-1.97665,-0.422953,5.48004,-0.034995,0.087839,0.014045,27.826000000000008
1772223971284355216,2026-02-27 15:26:11.284,-1.95713,-0.482382,5.70276,-0.033364,0.085602,0.011201,27.827000000000012
1772223971285479134,2026-02-27 15:26:11.285,-2.00174,-0.441839,5.93864,-0.034058,0.086169,0.00922,27.828000000000003
1772223971286592475,2026-02-27 15:26:11.286,-1.9635,-0.449617,6.30677,-0.033626,0.086005,0.005991,27.829000000000008
1772223971287703174,2026-02-27 15:26:11.287,-1.9953,-0.449036,6.31484,-0.032025,0.086765,0.004754,27.830000000000013
1772223971288853185,2026-02-27 15:26:11.288,-1.99112,-0.467109,6.41424,-0.035057,0.085819,0.004961,27.831000000000003
1772223971290043849,2026-02-27 15:26:11.290,-1.94973,-0.523486,6.47747,-0.035051,0.084842,0.004743,27.833000000000013
1772223971291241921,2026-02-27 15:26:11.291,-1.99722,-0.486977,7.45554,-0.03198,0.086167,-0.004665,27.834000000000003
1772223971292371628,2026-02-27 15:26:11.292,-1.99704,-0.502432,6.98106,-0.034809,0.087058,-0.000736,27.835000000000008
1772223971293568098,2026-02-27 15:26:11.293,-1.97053,-0.551041,7.04282,-0.034447,0.086768,-0.000732,27.836000000000013
1772223971294699241,2026-02-27 15:26:11.294,-1.9633,-0.551727,6.56304,-0.035236,0.086424,0.004114,27.837000000000003
1772223971295849817,2026-02-27 15:26:11.295,-1.9745,-0.559258,6.37273,-0.036003,0.08539,0.005079,27.838000000000008
1772223971297044086,2026-02-27 15:26:11.297,-1.9739,-0.593466,6.33797,-0.03558,0.085706,0.00419,27.840000000000003
1772223971298239528,2026-02-27 15:26:11.298,-2.00305,-0.560204,6.34,-0.035387,0.085965,0.003799,27.841000000000008
1772223971299438351,2026-02-27 15:26:11.299,-1.94818,-0.62279,5.39679,-0.033711,0.087665,0.01134,27.842
1772223971300560673,2026-02-27 15:26:11.300,-1.9537,-0.634832,5.52661,-0.038637,0.08608,0.009833,27.843000000000004
1772223971301690353,2026-02-27 15:26:11.301,-2.02333,-0.628626,5.48721,-0.039344,0.087004,0.009399,27.84400000000001
1772223971302839011,2026-02-27 15:26:11.302,-1.85308,-0.38978,5.28218,-0.033476,0.082165,0.000757,27.845
1772223971304022973,2026-02-27 15:26:11.304,-1.47473,-0.162757,4.51389,-0.036523,0.070748,-0.012253,27.84700000000001
1772223971305218956,2026-02-27 15:26:11.305,-1.56708,-0.192153,4.99823,-0.034205,0.070088,-0.011677,27.848
1772223971306525925,2026-02-27 15:26:11.306,-1.48206,-0.052508,4.71338,-0.031878,0.066598,-0.011492,27.849000000000004
1772223971307652166,2026-02-27 15:26:11.307,-1.3859,0.067593,4.93673,-0.026881,0.069369,-0.017062,27.85000000000001
1772223971308815404,2026-02-27 15:26:11.308,-1.48205,0.121453,5.45862,-0.026498,0.068915,-0.022442,27.851
1772223971309985447,2026-02-27 15:26:11.309,-1.3038,0.090149,5.02067,-0.025584,0.065878,-0.020388,27.852000000000004
1772223971311178667,2026-02-27 15:26:11.311,-1.3205,0.02507,4.74847,-0.031328,0.061105,-0.019759,27.854
1772223971312373064,2026-02-27 15:26:11.312,-1.27888,0.022141,4.58396,-0.029664,0.057891,-0.022568,27.855000000000004
1772223971313568382,2026-02-27 15:26:11.313,-1.24109,-0.046468,4.78754,-0.029697,0.054597,-0.02567,27.85600000000001
1772223971314696377,2026-02-27 15:26:11.314,-1.20555,-0.098569,4.74968,-0.026766,0.053408,-0.025875,27.857
1772223971315844225,2026-02-27 15:26:11.315,-1.20831,-0.147083,4.79613,-0.031627,0.053097,-0.027039,27.858000000000004
1772223971317013358,2026-02-27 15:26:11.317,-1.2735,-0.304776,4.40161,-0.034235,0.052296,-0.023076,27.86
1772223971318211765,2026-02-27 15:26:11.318,-1.22055,-0.318674,4.4383,-0.032636,0.052032,-0.022202,27.861000000000004
1772223971319405667,2026-02-27 15:26:11.319,-1.22286,-0.385748,4.94847,-0.035249,0.051366,-0.025632,27.86200000000001
1772223971320572639,2026-02-27 15:26:11.320,-1.27754,-0.471367,5.32835,-0.034212,0.050965,-0.02776,27.863
1772223971321700895,2026-02-27 15:26:11.321,-1.2798,-0.522509,5.36165,-0.033274,0.052789,-0.026495,27.864000000000004
1772223971322847705,2026-02-27 15:26:11.322,-1.33918,-0.520321,5.35192,-0.033694,0.052662,-0.02519,27.86500000000001
1772223971324024293,2026-02-27 15:26:11.324,-1.25227,-0.608339,6.40919,-0.033887,0.050974,-0.034082,27.867000000000004
1772223971325198321,2026-02-27 15:26:11.325,-1.34897,-0.567939,6.22907,-0.035434,0.05162,-0.031797,27.86800000000001
1772223971326413045,2026-02-27 15:26:11.326,-1.30184,-0.595754,6.29903,-0.036826,0.051262,-0.033105,27.869
1772223971327567330,2026-02-27 15:26:11.327,-1.36664,-0.602966,5.73342,-0.038114,0.050497,-0.027846,27.870000000000005
1772223971328695820,2026-02-27 15:26:11.328,-1.26871,-0.622556,5.37024,-0.034963,0.048949,-0.02482,27.87100000000001
1772223971329878783,2026-02-27 15:26:11.329,-1.28499,-0.61266,5.409,-0.034918,0.048693,-0.024566,27.872
