abs_timestamp_ns,human_time,fx,fy,fz,tx,ty,tz,mocap_ref_time
1772222732115393910,2026-02-27 15:05:32.115,-2.51351,-4.87197,-19.4484,-0.078188,0.080106,-0.013934,19.442000000000007
1772222732116555059,2026-02-27 15:05:32.116,-3.04214,-4.90645,-18.856,-0.083026,0.10562,-0.027905,19.443000000000012
1772222732117682928,2026-02-27 15:05:32.117,-3.16805,-4.88017,-19.2312,-0.077544,0.116262,-0.026361,19.444000000000003
1772222732118827633,2026-02-27 15:05:32.118,-3.35562,-4.9841,-19.8095,-0.080865,0.127035,-0.025579,19.445000000000007
1772222732120000049,2026-02-27 15:05:32.120,-3.53632,-5.00648,-20.4246,-0.082037,0.136877,-0.022154,19.447000000000003
1772222732121170298,2026-02-27 15:05:32.121,-3.67189,-5.10871,-20.7373,-0.083887,0.147194,-0.02442,19.448000000000008
1772222732122340797,2026-02-27 15:05:32.122,-3.89694,-5.10777,-20.8947,-0.087098,0.15681,-0.025871,19.449000000000012
1772222732123527987,2026-02-27 15:05:32.123,-4.12922,-5.18479,-21.2657,-0.08563,0.176996,-0.028392,19.450000000000003
1772222732124666270,2026-02-27 15:05:32.124,-4.30051,-5.28794,-22.5709,-0.088523,0.184293,-0.019201,19.451000000000008
1772222732125809751,2026-02-27 15:05:32.125,-4.46357,-5.33994,-22.2743,-0.090591,0.192123,-0.024473,19.452000000000012
1772222732126984279,2026-02-27 15:05:32.126,-4.62752,-5.38849,-22.4325,-0.090171,0.199962,-0.025456,19.453000000000003
1772222732128154021,2026-02-27 15:05:32.128,-4.77695,-5.45005,-22.1093,-0.091291,0.208606,-0.031574,19.455000000000013
1772222732129323929,2026-02-27 15:05:32.129,-4.81184,-5.54405,-22.1833,-0.088332,0.217649,-0.035564,19.456000000000003
1772222732130510990,2026-02-27 15:05:32.130,-5.15674,-5.6681,-22.662,-0.095177,0.235758,-0.038035,19.457000000000008
1772222732131650584,2026-02-27 15:05:32.131,-5.37238,-5.76862,-22.8612,-0.103311,0.242793,-0.039634,19.458000000000013
1772222732132820364,2026-02-27 15:05:32.132,-5.46437,-5.86211,-22.002,-0.102816,0.24835,-0.049698,19.459000000000003
1772222732133991151,2026-02-27 15:05:32.133,-5.62218,-5.91066,-22.2994,-0.105374,0.254523,-0.048236,19.460000000000008
1772222732135161136,2026-02-27 15:05:32.135,-5.70073,-6.00633,-22.5411,-0.104207,0.260696,-0.048658,19.462000000000003
1772222732136331559,2026-02-27 15:05:32.136,-5.88164,-6.10669,-23.2193,-0.112434,0.267169,-0.045408,19.463000000000008
1772222732137520327,2026-02-27 15:05:32.137,-5.94744,-6.27522,-23.6728,-0.121576,0.273459,-0.04194,19.464
1772222732138658670,2026-02-27 15:05:32.138,-6.03204,-6.38166,-23.7323,-0.126315,0.277498,-0.042569,19.465000000000003
1772222732139803333,2026-02-27 15:05:32.139,-6.11021,-6.42507,-23.817,-0.127703,0.281694,-0.04226,19.466000000000008
1772222732140972877,2026-02-27 15:05:32.140,-6.15633,-6.49864,-24.4631,-0.133633,0.284476,-0.037242,19.467
1772222732142142303,2026-02-27 15:05:32.142,-6.25658,-6.64332,-24.9571,-0.141704,0.288534,-0.033922,19.46900000000001
1772222732143311867,2026-02-27 15:05:32.143,-6.23,-6.6621,-24.7418,-0.141081,0.289798,-0.035543,19.47
1772222732144490905,2026-02-27 15:05:32.144,-6.2508,-6.68965,-24.4304,-0.144102,0.292439,-0.039749,19.471000000000004
1772222732145642753,2026-02-27 15:05:32.145,-6.38207,-6.89939,-24.0627,-0.15796,0.29301,-0.044157,19.47200000000001
1772222732146768661,2026-02-27 15:05:32.146,-6.26453,-6.96575,-24.151,-0.158281,0.291688,-0.042801,19.473
1772222732147915251,2026-02-27 15:05:32.147,-6.3841,-7.04467,-24.2196,-0.16357,0.291438,-0.04228,19.474000000000004
1772222732149084475,2026-02-27 15:05:32.149,-6.35092,-7.08052,-24.0881,-0.166002,0.290614,-0.04378,19.476
1772222732150211683,2026-02-27 15:05:32.150,-6.36715,-7.10949,-23.1991,-0.169862,0.290281,-0.052343,19.477000000000004
1772222732151347876,2026-02-27 15:05:32.151,-6.33621,-7.22061,-23.7228,-0.175294,0.287805,-0.047234,19.47800000000001
1772222732152488777,2026-02-27 15:05:32.152,-6.32892,-7.27088,-23.8174,-0.179251,0.285688,-0.045446,19.479
1772222732153636332,2026-02-27 15:05:32.153,-6.203,-7.43133,-24.641,-0.187248,0.280064,-0.038027,19.480000000000004
1772222732154759325,2026-02-27 15:05:32.154,-6.19035,-7.55001,-24.7251,-0.193596,0.27671,-0.038015,19.48100000000001
1772222732155931693,2026-02-27 15:05:32.155,-6.20475,-7.5898,-24.7947,-0.199764,0.275785,-0.037114,19.482
1772222732157103973,2026-02-27 15:05:32.157,-6.10753,-7.65398,-24.859,-0.200433,0.269822,-0.036524,19.48400000000001
1772222732158275840,2026-02-27 15:05:32.158,-6.0989,-7.73194,-25.9741,-0.20585,0.267649,-0.025093,19.485
1772222732159492222,2026-02-27 15:05:32.159,-6.07618,-7.79292,-25.8597,-0.210419,0.265387,-0.027274,19.486000000000004
1772222732160622911,2026-02-27 15:05:32.160,-6.08582,-7.80165,-25.884,-0.213107,0.263987,-0.026894,19.48700000000001
1772222732161772850,2026-02-27 15:05:32.161,-6.08689,-7.94893,-25.2946,-0.223371,0.259932,-0.033639,19.488
1772222732162953260,2026-02-27 15:05:32.162,-6.04145,-8.05331,-25.3623,-0.225686,0.256631,-0.03269,19.489000000000004
1772222732164124074,2026-02-27 15:05:32.164,-6.09852,-8.10375,-25.5322,-0.230697,0.257515,-0.032043,19.491
1772222732165296597,2026-02-27 15:05:32.165,-6.06164,-8.206,-25.6294,-0.233631,0.255834,-0.03285,19.492000000000004
1772222732166482754,2026-02-27 15:05:32.166,-6.0723,-8.27084,-24.9989,-0.238124,0.256034,-0.039251,19.49300000000001
1772222732167608944,2026-02-27 15:05:32.167,-6.11072,-8.35231,-24.9663,-0.239025,0.258312,-0.041231,19.494
1772222732168741981,2026-02-27 15:05:32.168,-6.20914,-8.54346,-25.8491,-0.252396,0.260762,-0.03482,19.495000000000005
1772222732169914498,2026-02-27 15:05:32.169,-6.2936,-8.57808,-26.444,-0.254839,0.263393,-0.031365,19.49600000000001
1772222732171060195,2026-02-27 15:05:32.171,-6.26702,-8.6967,-26.651,-0.262459,0.265749,-0.031113,19.498000000000005
1772222732172233737,2026-02-27 15:05:32.172,-6.43008,-8.87269,-26.7712,-0.271046,0.269213,-0.032269,19.49900000000001
1772222732173413412,2026-02-27 15:05:32.173,-6.44825,-8.91854,-26.8747,-0.272361,0.273737,-0.032009,19.5
1772222732174577044,2026-02-27 15:05:32.174,-6.58238,-8.9652,-27.1492,-0.278104,0.280212,-0.031045,19.501000000000005
1772222732175707857,2026-02-27 15:05:32.175,-6.75321,-9.17677,-27.8708,-0.288378,0.290335,-0.027342,19.50200000000001
1772222732176845349,2026-02-27 15:05:32.176,-6.85117,-9.24452,-27.8397,-0.293153,0.295481,-0.029405,19.503
1772222732178018711,2026-02-27 15:05:32.178,-6.94503,-9.30143,-27.5081,-0.294843,0.301828,-0.033602,19.50500000000001
1772222732179193051,2026-02-27 15:05:32.179,-7.10129,-9.47005,-27.4194,-0.305908,0.307982,-0.035589,19.506
1772222732180369378,2026-02-27 15:05:32.180,-7.1808,-9.44,-27.5742,-0.307396,0.318843,-0.036874,19.507000000000005
1772222732181598468,2026-02-27 15:05:32.181,-7.334,-9.57804,-27.6734,-0.31763,0.326178,-0.038095,19.50800000000001
1772222732182727566,2026-02-27 15:05:32.182,-7.64079,-9.84374,-26.8917,-0.325409,0.341516,-0.049561,19.509
1772222732183850096,2026-02-27 15:05:32.183,-7.80082,-9.80826,-27.3365,-0.325473,0.348558,-0.047239,19.510000000000005
1772222732185021689,2026-02-27 15:05:32.185,-7.95906,-9.88454,-27.2221,-0.327846,0.350213,-0.046561,19.512
1772222732186148444,2026-02-27 15:05:32.186,-8.0387,-9.88257,-27.6567,-0.329981,0.359364,-0.04245,19.513000000000005
1772222732187319758,2026-02-27 15:05:32.187,-8.18785,-9.88969,-28.2045,-0.337052,0.378561,-0.043106,19.51400000000001
1772222732188479046,2026-02-27 15:05:32.188,-8.45142,-9.90828,-28.5767,-0.342711,0.394089,-0.046085,19.515
1772222732189603912,2026-02-27 15:05:32.189,-8.61238,-9.94364,-28.8616,-0.347409,0.403242,-0.046618,19.516000000000005
1772222732190732083,2026-02-27 15:05:32.190,-8.92683,-10.1271,-30.1295,-0.352604,0.419375,-0.040326,19.51700000000001
1772222732191856989,2026-02-27 15:05:32.191,-9.03151,-10.3248,-30.5241,-0.357411,0.426534,-0.039518,19.518
1772222732193058004,2026-02-27 15:05:32.193,-9.28853,-10.4224,-30.5517,-0.360663,0.436205,-0.042216,19.52000000000001
1772222732194257646,2026-02-27 15:05:32.194,-9.50796,-10.467,-30.1314,-0.361742,0.449595,-0.04766,19.521
1772222732195430527,2026-02-27 15:05:32.195,-9.73725,-10.5866,-30.0808,-0.362446,0.462398,-0.052686,19.522000000000006
1772222732196571120,2026-02-27 15:05:32.196,-9.937,-10.5708,-29.9594,-0.364788,0.473326,-0.056126,19.52300000000001
1772222732197706948,2026-02-27 15:05:32.197,-10.0885,-10.6116,-30.0086,-0.363613,0.481816,-0.058114,19.524
1772222732198864246,2026-02-27 15:05:32.198,-10.4126,-10.6326,-29.8993,-0.370148,0.509059,-0.066114,19.525000000000006
1772222732200003764,2026-02-27 15:05:32.200,-10.6071,-10.6651,-29.4976,-0.371693,0.526137,-0.074844,19.527
1772222732201180013,2026-02-27 15:05:32.201,-10.8376,-10.7222,-29.9519,-0.379006,0.53375,-0.07163,19.528000000000006
1772222732202357523,2026-02-27 15:05:32.202,-10.9722,-10.8352,-30.2721,-0.384575,0.540508,-0.069873,19.52900000000001
1772222732203561618,2026-02-27 15:05:32.203,-11.0952,-10.9387,-30.8645,-0.386547,0.548475,-0.066716,19.53
1772222732204695263,2026-02-27 15:05:32.204,-11.219,-11.0265,-31.0743,-0.39059,0.555903,-0.06615,19.531000000000006
1772222732205842500,2026-02-27 15:05:32.205,-11.5466,-11.2082,-31.1146,-0.403935,0.571425,-0.067451,19.53200000000001
1772222732206974279,2026-02-27 15:05:32.206,-11.6864,-11.2544,-31.1746,-0.402484,0.579241,-0.06773,19.533
1772222732208160981,2026-02-27 15:05:32.208,-11.7447,-11.3095,-32.3373,-0.409394,0.587427,-0.058382,19.53500000000001
1772222732209340278,2026-02-27 15:05:32.209,-11.8581,-11.3244,-31.9795,-0.408203,0.595432,-0.06335,19.536
1772222732210560396,2026-02-27 15:05:32.210,-11.9671,-11.3217,-31.9567,-0.413493,0.602517,-0.064131,19.537000000000006
1772222732211694087,2026-02-27 15:05:32.211,-12.1127,-11.3999,-31.5184,-0.418295,0.609469,-0.069393,19.53800000000001
1772222732212833734,2026-02-27 15:05:32.212,-12.2544,-11.4557,-31.2133,-0.420681,0.622716,-0.072627,19.539
1772222732213977310,2026-02-27 15:05:32.213,-12.3937,-11.4842,-31.2116,-0.420399,0.62943,-0.073084,19.540000000000006
1772222732215192396,2026-02-27 15:05:32.215,-12.4976,-11.5279,-31.1112,-0.425369,0.632161,-0.073351,19.542
1772222732216391392,2026-02-27 15:05:32.216,-12.619,-11.5521,-30.0658,-0.427007,0.635776,-0.084128,19.543000000000006
1772222732217560777,2026-02-27 15:05:32.217,-12.6218,-11.48,-29.6716,-0.420008,0.632975,-0.081759,19.54400000000001
1772222732218696490,2026-02-27 15:05:32.218,-12.695,-11.4012,-28.7855,-0.401679,0.619366,-0.079744,19.545
1772222732219841108,2026-02-27 15:05:32.219,-12.4112,-10.9369,-28.8339,-0.384495,0.6218,-0.073588,19.546000000000006
1772222732220985570,2026-02-27 15:05:32.220,-12.1116,-10.6824,-27.9481,-0.369865,0.610669,-0.073726,19.54700000000001
1772222732222202333,2026-02-27 15:05:32.222,-12.0899,-10.3136,-27.2802,-0.364143,0.619869,-0.07874,19.549000000000007
1772222732223405803,2026-02-27 15:05:32.223,-11.6985,-9.80936,-24.8337,-0.307656,0.541055,-0.067501,19.55000000000001
1772222732224568100,2026-02-27 15:05:32.224,-11.0525,-9.09786,-21.9413,-0.25836,0.467014,-0.055416,19.551000000000002
1772222732225703348,2026-02-27 15:05:32.225,-10.0644,-8.18103,-20.6122,-0.227119,0.443745,-0.052248,19.552000000000007
1772222732226875642,2026-02-27 15:05:32.226,-7.46544,-5.79056,-12.9358,-0.149816,0.264472,-0.035347,19.55300000000001
1772222732228018519,2026-02-27 15:05:32.228,-6.0704,-4.70844,-10.6422,-0.138396,0.18137,-0.031737,19.555000000000007
1772222732229188228,2026-02-27 15:05:32.229,-3.98872,-3.58507,-8.18523,-0.100941,0.112932,-0.024234,19.55600000000001
1772222732230387056,2026-02-27 15:05:32.230,-1.98386,-2.43442,-6.31094,-0.084878,0.056919,-0.01592,19.557000000000002
1772222732231562613,2026-02-27 15:05:32.231,-0.275643,-1.48887,-5.48646,-0.060055,0.012024,-0.009178,19.558000000000007
1772222732232691983,2026-02-27 15:05:32.232,1.19837,-0.545958,-4.81947,-0.032015,-0.027983,-0.003678,19.55900000000001
1772222732233868837,2026-02-27 15:05:32.233,2.40741,0.293315,-3.18287,-0.008369,-0.065674,-0.007287,19.560000000000002
1772222732235023287,2026-02-27 15:05:32.235,4.11918,1.7338,-2.77233,0.037926,-0.118028,0.001339,19.562000000000012
1772222732236191585,2026-02-27 15:05:32.236,7.13374,3.11387,-15.41,-0.128277,-0.263964,-0.088415,19.563000000000002
1772222732237389513,2026-02-27 15:05:32.237,8.66975,1.91744,-16.2947,-0.023435,-0.254028,-0.101415,19.564000000000007
1772222732238560171,2026-02-27 15:05:32.238,10.5285,2.25726,-18.8547,-0.145882,-0.363154,-0.119799,19.565000000000012
1772222732239695132,2026-02-27 15:05:32.239,12.1411,2.24958,-21.378,-0.150319,-0.458084,-0.112243,19.566000000000003
1772222732240845561,2026-02-27 15:05:32.240,13.2984,2.0256,-23.5057,-0.124977,-0.465931,-0.103085,19.567000000000007
1772222732241990059,2026-02-27 15:05:32.241,13.5778,1.82904,-24.2981,-0.071602,-0.510343,-0.066123,19.568000000000012
1772222732243122699,2026-02-27 15:05:32.243,15.0578,2.57257,-26.0154,-0.057552,-0.472645,-0.062223,19.570000000000007
1772222732244322236,2026-02-27 15:05:32.244,15.1577,2.74584,-27.3178,-0.090383,-0.494067,-0.077368,19.571000000000012
1772222732245538876,2026-02-27 15:05:32.245,14.9438,2.25128,-25.7751,-0.051396,-0.504424,-0.078258,19.572000000000003
1772222732246674707,2026-02-27 15:05:32.246,14.8824,1.71007,-22.137,-0.012782,-0.534456,-0.066071,19.573000000000008
1772222732247832437,2026-02-27 15:05:32.247,14.8553,1.09056,-19.5173,-0.024053,-0.570605,-0.06315,19.574000000000012
1772222732248969884,2026-02-27 15:05:32.248,14.6629,-0.73481,-18.4881,-0.101392,-0.550911,-0.078202,19.575000000000003
1772222732250115011,2026-02-27 15:05:32.250,15.1532,-1.70085,-22.8978,-0.145113,-0.489882,-0.072803,19.577000000000012
1772222732251313824,2026-02-27 15:05:32.251,15.0718,-3.48258,-24.673,-0.095739,-0.518229,-0.019854,19.578000000000003
1772222732252537077,2026-02-27 15:05:32.252,15.3469,-4.3794,-26.1559,-0.057964,-0.555116,0.038334,19.579000000000008
1772222732253668732,2026-02-27 15:05:32.253,15.956,-4.69929,-28.6155,-0.051464,-0.60153,0.063557,19.580000000000013
1772222732254843707,2026-02-27 15:05:32.254,16.5926,-4.74626,-29.496,-0.061382,-0.641156,0.051748,19.581000000000003
1772222732255988687,2026-02-27 15:05:32.255,18.1813,-4.34123,-28.5762,-0.091882,-0.709491,0.014361,19.582000000000008
1772222732257133935,2026-02-27 15:05:32.257,18.9341,-4.26544,-27.9782,-0.111441,-0.714753,0.004787,19.584000000000003
1772222732258337635,2026-02-27 15:05:32.258,19.4979,-4.31138,-27.7387,-0.128564,-0.726901,0.012299,19.585000000000008
1772222732259550695,2026-02-27 15:05:32.259,20.0568,-4.45727,-26.6235,-0.143202,-0.740719,0.010492,19.586000000000013
1772222732260685679,2026-02-27 15:05:32.260,20.6003,-4.66016,-25.7625,-0.156045,-0.753957,0.010261,19.587000000000003
1772222732261860120,2026-02-27 15:05:32.261,20.9839,-4.89671,-24.508,-0.168933,-0.772479,0.005272,19.588000000000008
1772222732263014065,2026-02-27 15:05:32.263,21.6523,-5.19585,-26.359,-0.21009,-0.789265,-0.008652,19.590000000000003
1772222732264158923,2026-02-27 15:05:32.264,21.7401,-5.35245,-26.6206,-0.214923,-0.808805,-0.019207,19.591000000000008
1772222732265360975,2026-02-27 15:05:32.265,22.0103,-5.49313,-26.9684,-0.224003,-0.831808,-0.02567,19.592
1772222732266559156,2026-02-27 15:05:32.266,22.2061,-5.61881,-26.2797,-0.231152,-0.83967,-0.037678,19.593000000000004
1772222732267694223,2026-02-27 15:05:32.267,22.3155,-5.66913,-27.1765,-0.231546,-0.834647,-0.03087,19.59400000000001
1772222732268872628,2026-02-27 15:05:32.268,22.2748,-5.68603,-26.5481,-0.216546,-0.839678,-0.020295,19.595
1772222732270022373,2026-02-27 15:05:32.270,23.0996,-5.81051,-31.0717,-0.220713,-0.843773,-0.002421,19.59700000000001
1772222732271167383,2026-02-27 15:05:32.271,22.9405,-5.94923,-32.1266,-0.194787,-0.859737,0.013173,19.598
1772222732272371058,2026-02-27 15:05:32.272,23.4825,-5.71011,-32.4034,-0.189045,-0.884323,0.022514,19.599000000000004
1772222732273579273,2026-02-27 15:05:32.273,24.0664,-5.58527,-33.0063,-0.191027,-0.906461,0.019003,19.60000000000001
1772222732274711448,2026-02-27 15:05:32.274,24.2402,-5.51144,-34.8047,-0.186205,-0.886962,0.017976,19.601
1772222732275891036,2026-02-27 15:05:32.275,23.9712,-5.52328,-36.4409,-0.185526,-0.859105,0.018954,19.602000000000004
1772222732277040029,2026-02-27 15:05:32.277,23.2388,-5.49105,-35.2226,-0.173598,-0.850586,0.024669,19.604
1772222732278183474,2026-02-27 15:05:32.278,23.126,-5.671,-34.683,-0.176539,-0.854464,0.022579,19.605000000000004
1772222732279382472,2026-02-27 15:05:32.279,22.8731,-5.92971,-34.2614,-0.183124,-0.850999,0.019421,19.60600000000001
1772222732280561557,2026-02-27 15:05:32.280,22.6352,-6.2206,-34.3504,-0.194824,-0.830777,0.019869,19.607
1772222732281693492,2026-02-27 15:05:32.281,22.0573,-6.66739,-34.4265,-0.205549,-0.817196,0.020339,19.608000000000004
1772222732282871891,2026-02-27 15:05:32.282,20.2305,-8.01565,-34.7574,-0.15681,-0.870584,0.03595,19.60900000000001
1772222732284048328,2026-02-27 15:05:32.284,17.0166,-9.47729,-34.3036,-0.08167,-1.0053,0.095501,19.611000000000004
1772222732285193139,2026-02-27 15:05:32.285,16.2453,-9.63126,-34.9882,-0.075137,-1.03628,0.122992,19.61200000000001
1772222732286391231,2026-02-27 15:05:32.286,15.4644,-9.68687,-35.8615,-0.079072,-1.06133,0.157178,19.613
1772222732287562412,2026-02-27 15:05:32.287,14.6532,-9.61763,-35.3703,-0.092711,-1.08337,0.19409,19.614000000000004
1772222732288698128,2026-02-27 15:05:32.288,14.3196,-9.59874,-34.2356,-0.121265,-1.09673,0.220576,19.61500000000001
1772222732289961644,2026-02-27 15:05:32.289,14.2274,-9.55111,-32.8368,-0.144671,-1.09492,0.229666,19.616
1772222732291101367,2026-02-27 15:05:32.291,14.0328,-9.71984,-32.6428,-0.225435,-1.05446,0.230485,19.61800000000001
1772222732292238029,2026-02-27 15:05:32.292,13.7279,-10.0331,-32.5262,-0.249096,-1.04921,0.229337,19.619
1772222732293438520,2026-02-27 15:05:32.293,13.4128,-10.3426,-32.3724,-0.287099,-1.04194,0.234294,19.620000000000005
1772222732294604926,2026-02-27 15:05:32.294,13.1046,-10.5917,-31.4129,-0.305073,-1.04605,0.235189,19.62100000000001
1772222732295741842,2026-02-27 15:05:32.295,12.8479,-10.8318,-30.4999,-0.315393,-1.04325,0.234595,19.622
1772222732296919533,2026-02-27 15:05:32.296,12.4874,-10.8871,-29.8096,-0.31866,-1.02346,0.231155,19.623000000000005
1772222732298092237,2026-02-27 15:05:32.298,11.7677,-10.6418,-28.4167,-0.312399,-0.957759,0.214316,19.625
1772222732299235102,2026-02-27 15:05:32.299,11.5077,-10.3612,-26.7638,-0.311521,-0.928813,0.19824,19.626000000000005
1772222732300436107,2026-02-27 15:05:32.300,11.3401,-10.0562,-25.9636,-0.304089,-0.904403,0.188482,19.62700000000001
1772222732301563589,2026-02-27 15:05:32.301,11.2404,-9.79362,-25.5042,-0.297663,-0.887384,0.184117,19.628
1772222732302697150,2026-02-27 15:05:32.302,11.1193,-9.74018,-25.5347,-0.301662,-0.875741,0.185436,19.629000000000005
1772222732303873392,2026-02-27 15:05:32.303,11.1332,-9.64494,-25.63,-0.296122,-0.866425,0.188181,19.63000000000001
1772222732305047116,2026-02-27 15:05:32.305,10.9804,-9.63238,-25.5019,-0.297171,-0.860103,0.186947,19.632000000000005
1772222732306202793,2026-02-27 15:05:32.306,10.919,-9.7106,-25.2342,-0.305174,-0.851722,0.186154,19.63300000000001
1772222732307333502,2026-02-27 15:05:32.307,10.8068,-9.78393,-25.418,-0.310438,-0.847009,0.188886,19.634
1772222732308553274,2026-02-27 15:05:32.308,10.7942,-9.81048,-26.4609,-0.314451,-0.84305,0.195636,19.635000000000005
1772222732309687808,2026-02-27 15:05:32.309,10.712,-9.87042,-26.2379,-0.315537,-0.838714,0.192481,19.63600000000001
1772222732310866345,2026-02-27 15:05:32.310,10.5824,-9.85177,-26.2863,-0.3188,-0.834191,0.190053,19.637
1772222732312052444,2026-02-27 15:05:32.312,10.4375,-9.88493,-26.2571,-0.311943,-0.82342,0.182641,19.63900000000001
1772222732313200835,2026-02-27 15:05:32.313,10.2669,-9.89045,-26.6204,-0.309016,-0.81877,0.181886,19.64
1772222732314331987,2026-02-27 15:05:32.314,10.2198,-9.93683,-26.951,-0.307452,-0.813516,0.179523,19.641000000000005
1772222732315543721,2026-02-27 15:05:32.315,10.0856,-9.9979,-27.4107,-0.305828,-0.808211,0.177986,19.64200000000001
1772222732316678228,2026-02-27 15:05:32.316,9.89103,-9.97926,-26.7479,-0.298241,-0.80344,0.166813,19.643
1772222732317860205,2026-02-27 15:05:32.317,9.8689,-10.003,-27.7944,-0.290485,-0.798213,0.168456,19.644000000000005
1772222732319043780,2026-02-27 15:05:32.319,9.77411,-10.0857,-28.2288,-0.287645,-0.794037,0.1663,19.646
1772222732320190646,2026-02-27 15:05:32.320,9.48883,-10.1414,-30.1731,-0.278066,-0.783807,0.170748,19.647000000000006
1772222732321331548,2026-02-27 15:05:32.321,9.51087,-10.1764,-30.6832,-0.267912,-0.779257,0.168444,19.64800000000001
1772222732322545769,2026-02-27 15:05:32.322,9.36824,-10.1495,-31.3166,-0.266346,-0.773725,0.165364,19.649
1772222732323679560,2026-02-27 15:05:32.323,9.27742,-10.2016,-31.7352,-0.253889,-0.768844,0.16449,19.650000000000006
1772222732324858362,2026-02-27 15:05:32.324,9.17042,-10.2091,-33.1193,-0.24561,-0.761786,0.1709,19.65100000000001
1772222732326045975,2026-02-27 15:05:32.326,9.10989,-10.2285,-33.5942,-0.238397,-0.757492,0.169041,19.653000000000006
1772222732327183997,2026-02-27 15:05:32.327,8.85151,-10.07,-33.8578,-0.225792,-0.741494,0.156552,19.65400000000001
1772222732328323236,2026-02-27 15:05:32.328,8.70114,-10.0606,-33.8331,-0.214178,-0.733816,0.153154,19.655
1772222732329535125,2026-02-27 15:05:32.329,8.62088,-9.97694,-33.9023,-0.204862,-0.725491,0.148579,19.656000000000006
1772222732330667590,2026-02-27 15:05:32.330,8.45601,-9.89339,-34.2171,-0.195751,-0.716125,0.147101,19.65700000000001
1772222732331840637,2026-02-27 15:05:32.331,8.33794,-9.77109,-34.4607,-0.187571,-0.70702,0.144146,19.658
1772222732333042564,2026-02-27 15:05:32.333,8.13412,-9.71997,-34.1308,-0.183428,-0.6968,0.137144,19.66000000000001
1772222732334189418,2026-02-27 15:05:32.334,7.84192,-9.46691,-34.0141,-0.165005,-0.675242,0.129247,19.661
1772222732335332133,2026-02-27 15:05:32.335,7.74041,-9.27479,-34.3542,-0.155704,-0.663091,0.128808,19.662000000000006
1772222732336545387,2026-02-27 15:05:32.336,7.55566,-9.18326,-34.8626,-0.147579,-0.650632,0.128881,19.66300000000001
1772222732337677891,2026-02-27 15:05:32.337,7.37959,-9.04916,-34.9267,-0.139691,-0.638224,0.126436,19.664
1772222732338853882,2026-02-27 15:05:32.338,7.20414,-8.9658,-34.8972,-0.132437,-0.626091,0.122083,19.665000000000006
1772222732340049708,2026-02-27 15:05:32.340,7.0264,-8.81805,-34.9184,-0.122813,-0.611209,0.119456,19.667
1772222732341204474,2026-02-27 15:05:32.341,6.53589,-8.53493,-36.0734,-0.108687,-0.582867,0.121689,19.668000000000006
1772222732342346688,2026-02-27 15:05:32.342,6.39254,-8.40649,-35.6795,-0.098381,-0.570265,0.114824,19.66900000000001
1772222732343562908,2026-02-27 15:05:32.343,6.24076,-8.2379,-35.6464,-0.088223,-0.557675,0.110133,19.67
1772222732344694953,2026-02-27 15:05:32.344,5.99914,-8.12312,-35.1187,-0.079072,-0.542642,0.101193,19.671000000000006
1772222732345893225,2026-02-27 15:05:32.345,5.81616,-7.96991,-34.9213,-0.069686,-0.530234,0.096161,19.67200000000001
1772222732347092402,2026-02-27 15:05:32.347,5.62331,-7.87511,-34.9586,-0.061431,-0.518551,0.09267,19.674000000000007
1772222732348229597,2026-02-27 15:05:32.348,5.23779,-7.60277,-35.0794,-0.044365,-0.494676,0.086565,19.67500000000001
1772222732349380308,2026-02-27 15:05:32.349,5.02447,-7.3828,-34.0638,-0.034351,-0.484764,0.074613,19.676000000000002
1772222732350573864,2026-02-27 15:05:32.350,4.9003,-7.25784,-34.2179,-0.024873,-0.47489,0.07365,19.677000000000007
1772222732351705304,2026-02-27 15:05:32.351,4.73027,-7.08852,-34.2827,-0.015453,-0.465967,0.071305,19.67800000000001
1772222732352878580,2026-02-27 15:05:32.352,4.64181,-6.96268,-34.8515,-0.007347,-0.457787,0.074575,19.679000000000002
1772222732354076165,2026-02-27 15:05:32.354,4.49026,-6.83286,-35.2875,0.001383,-0.450331,0.076059,19.68100000000001
1772222732355239198,2026-02-27 15:05:32.355,4.23663,-6.45959,-35.2955,0.0193,-0.434199,0.071625,19.682000000000002
1772222732356392438,2026-02-27 15:05:32.356,4.10307,-6.2567,-35.3644,0.029953,-0.428399,0.069988,19.683000000000007
1772222732357542355,2026-02-27 15:05:32.357,4.01784,-6.09614,-35.8115,0.040257,-0.422569,0.073424,19.68400000000001
1772222732358669708,2026-02-27 15:05:32.358,3.94344,-5.95748,-36.5403,0.048766,-0.416955,0.076225,19.685000000000002
1772222732359844669,2026-02-27 15:05:32.359,3.81922,-5.84441,-36.2444,0.058908,-0.411791,0.071744,19.686000000000007
1772222732361041944,2026-02-27 15:05:32.361,3.68395,-5.67514,-36.1127,0.069396,-0.406059,0.067421,19.688000000000002
1772222732362213060,2026-02-27 15:05:32.362,3.50768,-5.4227,-35.8951,0.087297,-0.396091,0.059676,19.689000000000007
1772222732363358357,2026-02-27 15:05:32.363,3.41947,-5.26225,-36.0252,0.097713,-0.390675,0.05817,19.690000000000012
1772222732364495211,2026-02-27 15:05:32.364,3.31874,-5.11351,-36.1132,0.107721,-0.383837,0.056446,19.691000000000003
1772222732365621491,2026-02-27 15:05:32.365,3.12337,-5.04249,-36.2604,0.114779,-0.376922,0.053996,19.692000000000007
1772222732366818216,2026-02-27 15:05:32.366,2.99225,-4.91518,-35.2923,0.12521,-0.370255,0.043259,19.693000000000012
1772222732368019746,2026-02-27 15:05:32.368,2.80985,-4.83361,-35.9703,0.130936,-0.362536,0.044107,19.695000000000007
1772222732369192021,2026-02-27 15:05:32.369,2.73482,-4.71911,-36.1486,0.143642,-0.353507,0.044031,19.696000000000012
1772222732370344066,2026-02-27 15:05:32.370,2.40376,-4.56626,-37.289,0.160016,-0.334087,0.044369,19.697000000000003
1772222732371490833,2026-02-27 15:05:32.371,2.23356,-4.46468,-37.4153,0.170259,-0.324136,0.042168,19.698000000000008
1772222732372616690,2026-02-27 15:05:32.372,2.05734,-4.39521,-37.6389,0.178977,-0.312601,0.039203,19.699000000000012
1772222732373789709,2026-02-27 15:05:32.373,1.86476,-4.30098,-37.822,0.1885,-0.300169,0.036287,19.700000000000003
1772222732374987591,2026-02-27 15:05:32.374,1.61404,-4.17196,-39.0849,0.199514,-0.283881,0.04284,19.701000000000008
1772222732376169335,2026-02-27 15:05:32.376,1.45545,-4.09968,-39.0696,0.20673,-0.271118,0.037599,19.703000000000003
1772222732377306711,2026-02-27 15:05:32.377,0.898005,-3.95265,-38.8026,0.21632,-0.242587,0.027453,19.704000000000008
1772222732378471583,2026-02-27 15:05:32.378,0.697406,-3.96211,-38.6769,0.223937,-0.226032,0.020922,19.705000000000013
1772222732379601976,2026-02-27 15:05:32.379,0.402869,-3.93058,-38.7202,0.22772,-0.210129,0.017934,19.706000000000003
1772222732380775586,2026-02-27 15:05:32.380,0.070724,-3.87998,-38.8249,0.230606,-0.19216,0.014895,19.707000000000008
1772222732381973110,2026-02-27 15:05:32.381,-0.174233,-3.85939,-38.9557,0.23241,-0.176948,0.012862,19.708000000000013
1772222732383170199,2026-02-27 15:05:32.383,-0.442528,-3.89821,-38.3856,0.234965,-0.160445,0.00329,19.710000000000008
1772222732384318189,2026-02-27 15:05:32.384,-1.05833,-3.90939,-38.2886,0.236187,-0.124953,-0.003011,19.711000000000013
1772222732385485180,2026-02-27 15:05:32.385,-1.35672,-3.92544,-38.807,0.233348,-0.107497,-0.002174,19.712000000000003
1772222732386612449,2026-02-27 15:05:32.386,-1.62701,-3.97395,-39.2261,0.229683,-0.09067,-0.000897,19.713000000000008
1772222732387790127,2026-02-27 15:05:32.387,-1.78178,-4.00633,-39.2171,0.229322,-0.075772,-0.002334,19.714
1772222732388984261,2026-02-27 15:05:32.388,-2.13213,-4.02741,-39.2274,0.226167,-0.058586,-0.00461,19.715000000000003
1772222732390181020,2026-02-27 15:05:32.390,-2.40861,-4.10497,-39.1585,0.220781,-0.043893,-0.006498,19.717
1772222732391333196,2026-02-27 15:05:32.391,-2.9227,-4.25049,-40.2417,0.210156,-0.009421,-0.000785,19.718000000000004
1772222732392496199,2026-02-27 15:05:32.392,-3.32169,-4.32843,-39.763,0.199846,0.007201,-0.006781,19.71900000000001
1772222732393622615,2026-02-27 15:05:32.393,-3.44527,-4.39738,-39.642,0.198671,0.022588,-0.009713,19.72
1772222732394796573,2026-02-27 15:05:32.394,-3.70388,-4.47594,-39.1428,0.191489,0.040209,-0.015087,19.721000000000004
1772222732395972084,2026-02-27 15:05:32.395,-4.01757,-4.60018,-38.8207,0.181893,0.055181,-0.018641,19.72200000000001
1772222732397169747,2026-02-27 15:05:32.397,-4.24347,-4.65813,-38.7511,0.174449,0.070172,-0.020594,19.724000000000004
1772222732398339524,2026-02-27 15:05:32.398,-4.78586,-4.90916,-38.6417,0.155891,0.103775,-0.023389,19.72500000000001
1772222732399587411,2026-02-27 15:05:32.399,-5.0586,-5.04649,-37.4858,0.149771,0.118973,-0.035842,19.726
1772222732400766392,2026-02-27 15:05:32.400,-5.25446,-5.18727,-37.721,0.137818,0.13417,-0.034919,19.727000000000004
1772222732401964868,2026-02-27 15:05:32.401,-5.44765,-5.34657,-37.6954,0.128732,0.148622,-0.036357,19.72800000000001
1772222732403164520,2026-02-27 15:05:32.403,-5.79786,-5.58036,-38.2181,0.10966,0.165226,-0.032735,19.730000000000004
1772222732404336002,2026-02-27 15:05:32.404,-6.21625,-5.92742,-38.4531,0.087583,0.193509,-0.032634,19.73100000000001
1772222732405492672,2026-02-27 15:05:32.405,-6.42965,-6.10728,-38.3899,0.074106,0.207235,-0.033917,19.732
1772222732406617985,2026-02-27 15:05:32.406,-6.684,-6.34676,-38.4315,0.060136,0.221575,-0.03486,19.733000000000004
1772222732407789737,2026-02-27 15:05:32.407,-6.87955,-6.45012,-39.087,0.049272,0.235902,-0.028774,19.73400000000001
1772222732408988870,2026-02-27 15:05:32.408,-7.09688,-6.6918,-39.344,0.033007,0.249106,-0.027967,19.735
1772222732410186479,2026-02-27 15:05:32.410,-7.32364,-6.89657,-39.1961,0.018058,0.26215,-0.029871,19.73700000000001
1772222732411357767,2026-02-27 15:05:32.411,-7.84792,-7.2892,-38.4353,-0.007443,0.291465,-0.039311,19.738
1772222732412490818,2026-02-27 15:05:32.412,-8.10762,-7.52647,-38.3047,-0.025899,0.305566,-0.041954,19.739000000000004
1772222732413616299,2026-02-27 15:05:32.413,-8.27145,-7.71808,-38.2612,-0.03582,0.319006,-0.042991,19.74000000000001
1772222732414788718,2026-02-27 15:05:32.414,-8.4821,-7.91872,-38.2798,-0.048793,0.334595,-0.044136,19.741
1772222732415986618,2026-02-27 15:05:32.415,-8.82179,-8.1945,-38.0982,-0.064354,0.349891,-0.048392,19.742000000000004
1772222732417184796,2026-02-27 15:05:32.417,-9.1339,-8.36117,-37.3089,-0.080229,0.36777,-0.058296,19.744
1772222732418359788,2026-02-27 15:05:32.418,-9.63773,-8.81202,-37.8608,-0.09996,0.399939,-0.056463,19.745000000000005
1772222732419497904,2026-02-27 15:05:32.419,-9.90791,-8.97752,-38.3524,-0.109331,0.417326,-0.053709,19.74600000000001
1772222732420626431,2026-02-27 15:05:32.420,-10.2417,-9.15916,-38.3738,-0.124945,0.435067,-0.054863,19.747
1772222732421801643,2026-02-27 15:05:32.421,-10.4867,-9.29104,-38.1861,-0.131616,0.451192,-0.056141,19.748000000000005
1772222732423000062,2026-02-27 15:05:32.423,-10.8619,-9.42316,-37.4512,-0.146859,0.461522,-0.05799,19.75
1772222732424199371,2026-02-27 15:05:32.424,-11.0083,-9.35328,-35.9273,-0.145774,0.458242,-0.054607,19.751000000000005
1772222732425377122,2026-02-27 15:05:32.425,-11.0249,-9.08648,-33.4224,-0.164873,0.490481,-0.05139,19.75200000000001
1772222732426491477,2026-02-27 15:05:32.426,-11.0826,-8.85952,-31.8004,-0.143322,0.49139,-0.05225,19.753
1772222732427617818,2026-02-27 15:05:32.427,-11.1017,-8.39119,-30.5352,-0.187589,0.575313,-0.071623,19.754000000000005
1772222732428790537,2026-02-27 15:05:32.428,-11.0849,-8.44606,-30.7832,-0.186195,0.593324,-0.076739,19.75500000000001
1772222732429989021,2026-02-27 15:05:32.429,-11.3253,-9.02911,-37.0344,-0.261051,0.756382,-0.109149,19.756
1772222732431187406,2026-02-27 15:05:32.431,-12.9331,-9.47723,-38.3929,-0.249645,0.663374,-0.091791,19.75800000000001
1772222732432360853,2026-02-27 15:05:32.432,-13.0728,-10.025,-38.9324,-0.275973,0.653206,-0.082883,19.759
1772222732433491114,2026-02-27 15:05:32.433,-14.0403,-11.6442,-39.3091,-0.257995,0.628174,-0.080537,19.760000000000005
1772222732434631017,2026-02-27 15:05:32.434,-14.6835,-12.0154,-39.9506,-0.243216,0.661847,-0.085407,19.76100000000001
1772222732435849588,2026-02-27 15:05:32.435,-15.3008,-12.0569,-40.8892,-0.238779,0.709828,-0.088569,19.762
1772222732437053084,2026-02-27 15:05:32.437,-15.8957,-11.9214,-41.3484,-0.243074,0.751398,-0.094033,19.76400000000001
1772222732438257789,2026-02-27 15:05:32.438,-16.2154,-11.6365,-41.4236,-0.245875,0.784203,-0.101547,19.765
1772222732439433931,2026-02-27 15:05:32.439,-16.5795,-11.4715,-41.2144,-0.251995,0.834849,-0.111844,19.766000000000005
1772222732440605550,2026-02-27 15:05:32.440,-16.7725,-11.5616,-41.3731,-0.254426,0.859035,-0.112497,19.76700000000001
1772222732441829017,2026-02-27 15:05:32.441,-17.0314,-11.6755,-42.0539,-0.257924,0.882617,-0.108301,19.768
1772222732443031522,2026-02-27 15:05:32.443,-17.4632,-11.8488,-41.5078,-0.268226,0.908525,-0.115073,19.77000000000001
1772222732444232544,2026-02-27 15:05:32.444,-17.7298,-12.0111,-41.2183,-0.274728,0.930302,-0.11937,19.771
1772222732445409434,2026-02-27 15:05:32.445,-18.4665,-12.4147,-40.4457,-0.302479,0.971566,-0.13105,19.772000000000006
1772222732446599200,2026-02-27 15:05:32.446,-18.8451,-12.6243,-40.4222,-0.316702,0.992036,-0.132821,19.77300000000001
1772222732447827964,2026-02-27 15:05:32.447,-19.1466,-12.7781,-40.4329,-0.326204,1.01171,-0.135154,19.774
1772222732449028093,2026-02-27 15:05:32.449,-19.5531,-13.0061,-40.2451,-0.342186,1.03258,-0.137299,19.77600000000001
1772222732450229308,2026-02-27 15:05:32.450,-19.8528,-13.1542,-38.8632,-0.353544,1.05344,-0.15024,19.777
1772222732451404824,2026-02-27 15:05:32.451,-20.1251,-13.2585,-38.9951,-0.362395,1.07395,-0.149425,19.778000000000006
1772222732452598552,2026-02-27 15:05:32.452,-20.6136,-13.5495,-38.8736,-0.387953,1.11286,-0.150997,19.77900000000001
1772222732453833518,2026-02-27 15:05:32.453,-20.8703,-13.6163,-38.7479,-0.397746,1.13446,-0.1522,19.78
1772222732455035698,2026-02-27 15:05:32.455,-20.9885,-13.7576,-38.3792,-0.40812,1.15049,-0.156095,19.78200000000001
1772222732456236646,2026-02-27 15:05:32.456,-21.2121,-13.7854,-37.8855,-0.419836,1.16558,-0.157676,19.783
1772222732457412917,2026-02-27 15:05:32.457,-21.3958,-13.9149,-37.6534,-0.42932,1.17808,-0.159609,19.784000000000006
1772222732458604789,2026-02-27 15:05:32.458,-21.6741,-14.1005,-37.9573,-0.452123,1.20027,-0.154975,19.78500000000001
1772222732459840569,2026-02-27 15:05:32.459,-21.8048,-14.1746,-37.5381,-0.461772,1.21014,-0.157409,19.786
1772222732461042014,2026-02-27 15:05:32.461,-21.9496,-14.1713,-36.8053,-0.468539,1.21685,-0.164212,19.78800000000001
1772222732462216710,2026-02-27 15:05:32.462,-22.0436,-14.2629,-36.3369,-0.476944,1.2237,-0.167859,19.789
1772222732463414033,2026-02-27 15:05:32.463,-22.1476,-14.3706,-36.077,-0.483553,1.23479,-0.170583,19.790000000000006
1772222732464595059,2026-02-27 15:05:32.464,-22.1476,-14.3706,-36.077,-0.483553,1.23479,-0.170583,19.79100000000001
1772222732465839793,2026-02-27 15:05:32.465,-22.2654,-14.4306,-35.5544,-0.494337,1.24039,-0.176551,19.792
1772222732467039993,2026-02-27 15:05:32.467,-22.3582,-14.4481,-35.0114,-0.500269,1.24151,-0.18233,19.79400000000001
1772222732468242569,2026-02-27 15:05:32.468,-22.3357,-14.4934,-35.4143,-0.500643,1.24211,-0.179829,19.795
1772222732469417934,2026-02-27 15:05:32.469,-22.3358,-14.5084,-35.8198,-0.503768,1.24242,-0.177141,19.796000000000006
1772222732470588310,2026-02-27 15:05:32.470,-22.3003,-14.5524,-36.5434,-0.504219,1.23837,-0.172407,19.79700000000001
1772222732471718244,2026-02-27 15:05:32.471,-22.2763,-14.5785,-36.6434,-0.502767,1.23563,-0.172632,19.798000000000002
1772222732472917363,2026-02-27 15:05:32.472,-22.3101,-14.5872,-36.7867,-0.50713,1.23274,-0.172958,19.799000000000007
1772222732474118529,2026-02-27 15:05:32.474,-22.1235,-14.54,-36.865,-0.500717,1.22861,-0.172672,19.801000000000002
1772222732475323397,2026-02-27 15:05:32.475,-22.093,-14.5262,-38.1573,-0.497061,1.22388,-0.161714,19.802000000000007
1772222732476517930,2026-02-27 15:05:32.476,-21.9352,-14.5153,-37.7711,-0.493799,1.20936,-0.164503,19.80300000000001
1772222732477655542,2026-02-27 15:05:32.477,-21.7811,-14.4484,-37.2732,-0.49073,1.20263,-0.1686,19.804000000000002
1772222732478832441,2026-02-27 15:05:32.478,-21.6562,-14.3922,-37.2449,-0.486284,1.194,-0.169471,19.805000000000007
1772222732480035432,2026-02-27 15:05:32.480,-21.5301,-14.2861,-37.2335,-0.482829,1.18548,-0.167784,19.807000000000002
1772222732481236686,2026-02-27 15:05:32.481,-21.4198,-14.2359,-37.298,-0.478813,1.17602,-0.166988,19.808000000000007
1772222732482436031,2026-02-27 15:05:32.482,-21.3591,-14.1574,-37.2281,-0.479536,1.16689,-0.165325,19.80900000000001
1772222732483604238,2026-02-27 15:05:32.483,-21.1061,-14.0473,-36.4558,-0.4718,1.14762,-0.170727,19.810000000000002
1772222732484734425,2026-02-27 15:05:32.484,-20.9652,-13.9333,-36.571,-0.467324,1.13957,-0.168245,19.811000000000007
1772222732485929698,2026-02-27 15:05:32.485,-20.8575,-13.8636,-37.2747,-0.457818,1.13182,-0.162788,19.812000000000012
1772222732487128573,2026-02-27 15:05:32.487,-20.7923,-13.7534,-37.6932,-0.456809,1.12369,-0.15794,19.814000000000007
1772222732488327125,2026-02-27 15:05:32.488,-20.6152,-13.6463,-37.7966,-0.448076,1.11697,-0.156902,19.815000000000012
1772222732489522655,2026-02-27 15:05:32.489,-20.5198,-13.4375,-37.9175,-0.437147,1.10768,-0.156541,19.816000000000003
1772222732490665510,2026-02-27 15:05:32.490,-20.5074,-13.2919,-38.5467,-0.426897,1.10859,-0.149993,19.817000000000007
1772222732491794406,2026-02-27 15:05:32.491,-20.4432,-13.2062,-39.1787,-0.420203,1.10643,-0.146314,19.818000000000012
1772222732493008839,2026-02-27 15:05:32.493,-20.5046,-13.0712,-39.0045,-0.41412,1.10651,-0.147905,19.820000000000007
1772222732494212937,2026-02-27 15:05:32.494,-20.4942,-12.9614,-38.7352,-0.40774,1.10582,-0.151403,19.821000000000012
1772222732495411013,2026-02-27 15:05:32.495,-20.528,-12.8271,-38.41,-0.401578,1.10606,-0.154209,19.822000000000003
1772222732496545132,2026-02-27 15:05:32.496,-20.6704,-12.7,-38.3705,-0.395006,1.10979,-0.157159,19.823000000000008
1772222732497687147,2026-02-27 15:05:32.497,-20.6144,-12.6032,-38.39,-0.386461,1.11237,-0.156581,19.824000000000012
1772222732498825452,2026-02-27 15:05:32.498,-20.6217,-12.5043,-38.3113,-0.381509,1.1153,-0.158983,19.825000000000003
1772222732499953283,2026-02-27 15:05:32.499,-20.7286,-12.4806,-37.2353,-0.380236,1.11496,-0.168109,19.826000000000008
1772222732501074967,2026-02-27 15:05:32.501,-20.7157,-12.3906,-37.6872,-0.375163,1.11839,-0.163989,19.828000000000003
1772222732502195461,2026-02-27 15:05:32.502,-20.8008,-12.2961,-37.7303,-0.368468,1.12224,-0.163403,19.829000000000008
1772222732503319441,2026-02-27 15:05:32.503,-20.8892,-12.2975,-38.2527,-0.3687,1.12603,-0.161567,19.830000000000013
1772222732504441755,2026-02-27 15:05:32.504,-20.856,-12.1887,-38.4824,-0.36047,1.13018,-0.160048,19.831000000000003
1772222732505597576,2026-02-27 15:05:32.505,-21.0095,-12.1264,-38.3475,-0.354996,1.13697,-0.161974,19.832000000000008
1772222732506720916,2026-02-27 15:05:32.506,-21.0043,-12.1369,-38.362,-0.354055,1.14169,-0.162683,19.833000000000013
1772222732507843990,2026-02-27 15:05:32.507,-21.0766,-12.0458,-39.3379,-0.35282,1.1465,-0.153564,19.834000000000003
1772222732508963577,2026-02-27 15:05:32.508,-21.1718,-12.117,-39.1336,-0.353671,1.15225,-0.156957,19.835000000000008
1772222732510185409,2026-02-27 15:05:32.510,-21.2334,-12.0546,-39.1236,-0.349719,1.15672,-0.158362,19.837000000000003
1772222732511309715,2026-02-27 15:05:32.511,-21.3014,-11.9759,-38.6204,-0.345529,1.16194,-0.163546,19.838000000000008
1772222732512434630,2026-02-27 15:05:32.512,-21.426,-11.9488,-38.2058,-0.346992,1.16844,-0.168059,19.839
1772222732513580549,2026-02-27 15:05:32.513,-21.522,-11.9429,-38.1472,-0.343751,1.17902,-0.170622,19.840000000000003
1772222732514703645,2026-02-27 15:05:32.514,-21.5917,-11.925,-38.1637,-0.342732,1.18318,-0.171263,19.841000000000008
1772222732515828092,2026-02-27 15:05:32.515,-21.6791,-11.9198,-37.2816,-0.345156,1.18798,-0.178749,19.842
1772222732516951484,2026-02-27 15:05:32.516,-21.7395,-11.8935,-37.075,-0.342363,1.19296,-0.182234,19.843000000000004
1772222732518074562,2026-02-27 15:05:32.518,-21.8399,-11.8898,-37.2395,-0.340225,1.19692,-0.182066,19.845
1772222732519198023,2026-02-27 15:05:32.519,-21.8555,-11.9022,-37.6087,-0.341393,1.20151,-0.178516,19.846000000000004
1772222732520321494,2026-02-27 15:05:32.520,-21.9074,-11.8905,-38.0382,-0.340193,1.20462,-0.175107,19.84700000000001
1772222732521444618,2026-02-27 15:05:32.521,-21.9779,-11.8567,-37.9679,-0.339038,1.20918,-0.176548,19.848
1772222732522581784,2026-02-27 15:05:32.522,-22.0624,-11.8483,-37.7602,-0.339691,1.21363,-0.177316,19.849000000000004
1772222732523705624,2026-02-27 15:05:32.523,-22.0875,-11.8018,-37.8622,-0.339742,1.21487,-0.177352,19.85000000000001
1772222732524829234,2026-02-27 15:05:32.524,-22.0339,-11.7622,-38.697,-0.339326,1.21561,-0.167785,19.851
1772222732525953323,2026-02-27 15:05:32.525,-22.071,-11.7908,-38.1362,-0.340404,1.21367,-0.172803,19.852000000000004
1772222732527076757,2026-02-27 15:05:32.527,-22.0589,-11.8133,-37.9725,-0.347007,1.21218,-0.173275,19.854
1772222732528196966,2026-02-27 15:05:32.528,-22.0566,-11.7818,-37.3959,-0.346322,1.21038,-0.177386,19.855000000000004
1772222732529319574,2026-02-27 15:05:32.529,-21.9734,-11.7739,-37.0807,-0.343505,1.20506,-0.178612,19.85600000000001
1772222732530442847,2026-02-27 15:05:32.530,-21.8914,-11.7306,-36.9525,-0.345392,1.19978,-0.176389,19.857
1772222732531583257,2026-02-27 15:05:32.531,-21.6775,-11.636,-36.7085,-0.340235,1.1861,-0.175798,19.858000000000004
1772222732532706508,2026-02-27 15:05:32.532,-21.5291,-11.5516,-35.5841,-0.338503,1.17842,-0.185532,19.85900000000001
1772222732533826362,2026-02-27 15:05:32.533,-21.3973,-11.5638,-35.8541,-0.33626,1.16994,-0.181317,19.86
1772222732534950372,2026-02-27 15:05:32.534,-21.2724,-11.4729,-35.84,-0.332584,1.16082,-0.180049,19.861000000000004
1772222732536073926,2026-02-27 15:05:32.536,-21.0601,-11.4635,-36.3444,-0.331758,1.15167,-0.174095,19.863
1772222732537196946,2026-02-27 15:05:32.537,-20.9781,-11.4099,-36.6782,-0.327862,1.14131,-0.169575,19.864000000000004
1772222732538316831,2026-02-27 15:05:32.538,-20.8164,-11.3873,-36.7023,-0.327857,1.13,-0.168858,19.86500000000001
1772222732539437526,2026-02-27 15:05:32.539,-20.6488,-11.3533,-36.6858,-0.324185,1.11991,-0.167843,19.866
1772222732540579107,2026-02-27 15:05:32.540,-20.3539,-11.2436,-37.4951,-0.318461,1.10197,-0.158612,19.867000000000004
1772222732541703209,2026-02-27 15:05:32.541,-20.2265,-11.3174,-37.9364,-0.313413,1.0922,-0.156153,19.86800000000001
1772222732542826340,2026-02-27 15:05:32.542,-20.1994,-11.286,-37.8571,-0.318057,1.08277,-0.156278,19.869
1772222732543946550,2026-02-27 15:05:32.543,-20.0557,-11.2771,-37.3442,-0.3125,1.0746,-0.159464,19.870000000000005
1772222732545065906,2026-02-27 15:05:32.545,-19.896,-11.2775,-37.1646,-0.310291,1.06721,-0.161649,19.872
1772222732546231752,2026-02-27 15:05:32.546,-19.8232,-11.2593,-37.1443,-0.308142,1.06012,-0.161519,19.873000000000005
1772222732547431044,2026-02-27 15:05:32.547,-19.6991,-11.2579,-37.2264,-0.306689,1.05536,-0.161105,19.87400000000001
1772222732548571676,2026-02-27 15:05:32.548,-19.752,-11.2878,-37.3511,-0.304418,1.05219,-0.160851,19.875
1772222732549698171,2026-02-27 15:05:32.549,-19.6027,-11.2571,-36.4443,-0.299819,1.04705,-0.171353,19.876000000000005
1772222732550827036,2026-02-27 15:05:32.550,-19.6419,-11.2955,-36.9023,-0.300611,1.04563,-0.166901,19.87700000000001
1772222732551996988,2026-02-27 15:05:32.551,-19.6629,-11.2853,-37.0921,-0.301579,1.04758,-0.16597,19.878
1772222732553124975,2026-02-27 15:05:32.553,-19.646,-11.311,-37.5865,-0.299264,1.04896,-0.161753,19.88000000000001
1772222732554298079,2026-02-27 15:05:32.554,-19.777,-11.3066,-37.7676,-0.296186,1.05331,-0.162203,19.881
1772222732555483259,2026-02-27 15:05:32.555,-19.7944,-11.3164,-37.7318,-0.300167,1.05545,-0.161653,19.882000000000005
1772222732556607749,2026-02-27 15:05:32.556,-19.9908,-11.3319,-37.6548,-0.305017,1.06389,-0.164725,19.88300000000001
1772222732557745679,2026-02-27 15:05:32.557,-19.976,-11.3763,-38.659,-0.303309,1.06976,-0.154043,19.884
1772222732558923130,2026-02-27 15:05:32.558,-20.0789,-11.396,-38.2455,-0.307334,1.07667,-0.158441,19.885000000000005
1772222732560095441,2026-02-27 15:05:32.560,-20.2251,-11.4722,-38.0914,-0.310587,1.08382,-0.160625,19.887
1772222732561263363,2026-02-27 15:05:32.561,-20.3225,-11.4995,-37.5285,-0.310714,1.09323,-0.165757,19.888000000000005
1772222732562486609,2026-02-27 15:05:32.562,-20.4805,-11.4919,-37.0359,-0.315258,1.10328,-0.169908,19.88900000000001
1772222732563620302,2026-02-27 15:05:32.563,-20.6927,-11.5867,-36.9075,-0.324569,1.11528,-0.171638,19.89
1772222732564776429,2026-02-27 15:05:32.564,-20.9841,-11.6354,-36.5466,-0.327736,1.1377,-0.174264,19.891000000000005
1772222732565961810,2026-02-27 15:05:32.565,-21.2282,-11.719,-35.5048,-0.334146,1.15088,-0.184821,19.89200000000001
1772222732567141042,2026-02-27 15:05:32.567,-21.4159,-11.7956,-35.293,-0.341978,1.16306,-0.186694,19.894000000000005
1772222732568315393,2026-02-27 15:05:32.568,-21.5996,-11.796,-35.1643,-0.343117,1.17881,-0.187846,19.89500000000001
1772222732569494782,2026-02-27 15:05:32.569,-21.79,-11.8525,-35.6121,-0.34546,1.19232,-0.185062,19.896
1772222732570620925,2026-02-27 15:05:32.570,-22.0079,-11.8807,-35.83,-0.348887,1.208,-0.183244,19.897000000000006
1772222732571753762,2026-02-27 15:05:32.571,-22.4102,-11.9911,-35.5434,-0.361691,1.23678,-0.187674,19.89800000000001
1772222732572927778,2026-02-27 15:05:32.572,-22.6068,-12.0154,-35.3465,-0.364617,1.25089,-0.190088,19.899
1772222732574100415,2026-02-27 15:05:32.574,-22.7124,-12.0919,-35.5209,-0.366581,1.26582,-0.188294,19.90100000000001
1772222732575274911,2026-02-27 15:05:32.575,-22.9339,-12.162,-36.0588,-0.373965,1.27873,-0.184579,19.902
1772222732576496712,2026-02-27 15:05:32.576,-23.0726,-12.2021,-35.4408,-0.380398,1.29033,-0.189188,19.903000000000006
1772222732577630137,2026-02-27 15:05:32.577,-23.3508,-12.2441,-35.1506,-0.386774,1.30317,-0.193917,19.90400000000001
1772222732578778215,2026-02-27 15:05:32.578,-23.6312,-12.3037,-34.3082,-0.390173,1.32639,-0.201646,19.905
1772222732579918412,2026-02-27 15:05:32.579,-23.768,-12.3753,-34.1961,-0.394343,1.33792,-0.203514,19.906000000000006
1772222732581097059,2026-02-27 15:05:32.581,-23.9429,-12.4053,-34.1337,-0.401559,1.34798,-0.204339,19.908
1772222732582272138,2026-02-27 15:05:32.582,-24.0827,-12.4713,-34.0387,-0.405702,1.35686,-0.206812,19.909000000000006
1772222732583488481,2026-02-27 15:05:32.583,-24.2758,-12.479,-32.8133,-0.412476,1.36575,-0.217412,19.91000000000001
1772222732584622294,2026-02-27 15:05:32.584,-24.3474,-12.4995,-33.1534,-0.412115,1.3751,-0.215139,19.911
1772222732585757271,2026-02-27 15:05:32.585,-24.5572,-12.5146,-33.6787,-0.416141,1.3908,-0.213073,19.912000000000006
1772222732586896550,2026-02-27 15:05:32.586,-24.6643,-12.5434,-33.7543,-0.417486,1.39677,-0.211051,19.91300000000001
1772222732588072120,2026-02-27 15:05:32.588,-24.7675,-12.5955,-33.7002,-0.418896,1.40456,-0.213273,19.915000000000006
1772222732589230391,2026-02-27 15:05:32.589,-24.9205,-12.5658,-33.7411,-0.418567,1.41128,-0.213499,19.91600000000001
1772222732590432897,2026-02-27 15:05:32.590,-25.0332,-12.5761,-33.6928,-0.417454,1.41742,-0.214764,19.917
1772222732591561753,2026-02-27 15:05:32.591,-25.0855,-12.5661,-34.7649,-0.416419,1.42408,-0.206427,19.918000000000006
1772222732592697218,2026-02-27 15:05:32.592,-25.231,-12.6112,-34.5832,-0.419108,1.43222,-0.20965,19.91900000000001
1772222732593858733,2026-02-27 15:05:32.593,-25.3143,-12.606,-34.0761,-0.415117,1.43686,-0.2155,19.92
1772222732595009054,2026-02-27 15:05:32.595,-25.3404,-12.5808,-33.8334,-0.415536,1.44014,-0.218386,19.92200000000001
1772222732596184450,2026-02-27 15:05:32.596,-25.4267,-12.5361,-33.7409,-0.414651,1.44349,-0.220215,19.923000000000002
1772222732597357866,2026-02-27 15:05:32.597,-25.4733,-12.5301,-33.8376,-0.416614,1.44659,-0.22118,19.924000000000007
1772222732598566617,2026-02-27 15:05:32.598,-25.4435,-12.5331,-33.9308,-0.409119,1.44828,-0.221973,19.92500000000001
1772222732599701645,2026-02-27 15:05:32.599,-25.4762,-12.5506,-33.4694,-0.40979,1.44844,-0.227279,19.926000000000002
1772222732600854333,2026-02-27 15:05:32.600,-25.5139,-12.5152,-33.3727,-0.405652,1.45017,-0.229474,19.927000000000007
1772222732601988120,2026-02-27 15:05:32.601,-25.536,-12.519,-33.7792,-0.405485,1.45172,-0.226503,19.92800000000001
1772222732603174530,2026-02-27 15:05:32.603,-25.5082,-12.4832,-34.3113,-0.401436,1.45231,-0.222659,19.930000000000007
1772222732604351229,2026-02-27 15:05:32.604,-25.5401,-12.4803,-34.3972,-0.400189,1.45214,-0.222017,19.93100000000001
1772222732605570195,2026-02-27 15:05:32.605,-25.5142,-12.4461,-34.4502,-0.397633,1.45251,-0.223062,19.932000000000002
1772222732606702512,2026-02-27 15:05:32.606,-25.5221,-12.4221,-34.6111,-0.393938,1.45118,-0.223249,19.933000000000007
1772222732607849113,2026-02-27 15:05:32.607,-25.4654,-12.4321,-35.9609,-0.391033,1.45202,-0.212663,19.93400000000001
1772222732608980323,2026-02-27 15:05:32.608,-25.473,-12.4451,-35.6208,-0.389713,1.45081,-0.217985,19.935000000000002
1772222732610196296,2026-02-27 15:05:32.610,-25.5394,-12.4702,-35.7248,-0.392606,1.44943,-0.218059,19.937000000000012
1772222732611399158,2026-02-27 15:05:32.611,-25.4734,-12.4762,-35.2684,-0.386909,1.44813,-0.221981,19.938000000000002
1772222732612571824,2026-02-27 15:05:32.612,-25.496,-12.4617,-35.1523,-0.384852,1.44671,-0.224181,19.939000000000007
1772222732613703063,2026-02-27 15:05:32.613,-25.479,-12.4694,-35.2972,-0.385238,1.44564,-0.22384,19.940000000000012
1772222732614842964,2026-02-27 15:05:32.614,-25.3721,-12.4762,-35.5396,-0.380635,1.44246,-0.223681,19.941000000000003
1772222732615983458,2026-02-27 15:05:32.615,-25.3725,-12.5138,-34.5734,-0.379623,1.44127,-0.23445,19.942000000000007
1772222732617280774,2026-02-27 15:05:32.617,-25.3546,-12.5192,-34.857,-0.380703,1.43909,-0.231619,19.944000000000003
1772222732618496222,2026-02-27 15:05:32.618,-25.3329,-12.529,-34.9592,-0.377843,1.4375,-0.231396,19.945000000000007
1772222732619630888,2026-02-27 15:05:32.619,-25.3678,-12.5681,-35.5705,-0.385495,1.43532,-0.225668,19.946000000000012
1772222732620781376,2026-02-27 15:05:32.620,-25.238,-12.604,-36.0,-0.383735,1.43241,-0.22186,19.947000000000003
1772222732621931316,2026-02-27 15:05:32.621,-25.2507,-12.6418,-36.1203,-0.385015,1.42961,-0.222352,19.948000000000008
1772222732623063120,2026-02-27 15:05:32.623,-25.2198,-12.7224,-36.1273,-0.3875,1.42703,-0.221363,19.950000000000003
1772222732624261384,2026-02-27 15:05:32.624,-25.232,-12.7116,-36.7139,-0.385669,1.42717,-0.215656,19.951000000000008
1772222732625483764,2026-02-27 15:05:32.625,-25.098,-12.7531,-37.1455,-0.3901,1.42612,-0.211799,19.952000000000012
1772222732626616126,2026-02-27 15:05:32.626,-25.1548,-12.8183,-36.9134,-0.393507,1.42438,-0.213428,19.953000000000003
1772222732627777108,2026-02-27 15:05:32.627,-25.1404,-12.8265,-36.5469,-0.396043,1.42275,-0.216685,19.954000000000008
1772222732628917552,2026-02-27 15:05:32.628,-25.141,-12.8947,-35.9071,-0.400249,1.42152,-0.221352,19.955000000000013
1772222732630053698,2026-02-27 15:05:32.630,-25.1048,-12.9321,-35.8327,-0.404028,1.4211,-0.220357,19.957000000000008
1772222732631251701,2026-02-27 15:05:32.631,-25.0997,-12.9345,-35.8535,-0.405989,1.42074,-0.220408,19.958000000000013
1772222732632472427,2026-02-27 15:05:32.632,-25.0839,-12.9771,-35.5829,-0.408804,1.41983,-0.221404,19.959000000000003
1772222732633608639,2026-02-27 15:05:32.633,-25.1665,-12.9871,-34.4887,-0.416156,1.42104,-0.230543,19.960000000000008
1772222732634739123,2026-02-27 15:05:32.634,-25.0256,-13.0329,-34.9355,-0.411515,1.42045,-0.226944,19.961000000000013
1772222732635892493,2026-02-27 15:05:32.635,-25.0936,-13.0423,-35.3326,-0.418008,1.42214,-0.219602,19.962000000000003
1772222732637038901,2026-02-27 15:05:32.637,-25.0971,-13.0748,-35.3819,-0.421827,1.42319,-0.218459,19.964
1772222732638181708,2026-02-27 15:05:32.638,-25.1229,-13.1122,-35.2348,-0.423706,1.42431,-0.219294,19.965000000000003
1772222732639381866,2026-02-27 15:05:32.639,-25.0563,-13.1545,-35.1465,-0.426135,1.42592,-0.220236,19.966000000000008
1772222732640559359,2026-02-27 15:05:32.640,-25.1434,-13.174,-35.1042,-0.425727,1.42842,-0.220629,19.967
1772222732641695013,2026-02-27 15:05:32.641,-25.1055,-13.1602,-36.0914,-0.429118,1.43072,-0.209759,19.968000000000004
1772222732642843989,2026-02-27 15:05:32.642,-25.1381,-13.2435,-35.7922,-0.435175,1.43114,-0.212317,19.96900000000001
1772222732643982551,2026-02-27 15:05:32.643,-25.221,-13.29,-34.9591,-0.439598,1.43571,-0.218619,19.97
1772222732645121290,2026-02-27 15:05:32.645,-25.2601,-13.3232,-34.5736,-0.442367,1.43826,-0.221702,19.97200000000001
1772222732646320625,2026-02-27 15:05:32.646,-25.2441,-13.3373,-34.3627,-0.448545,1.44038,-0.223045,19.973
1772222732647533522,2026-02-27 15:05:32.647,-25.2457,-13.3558,-34.3024,-0.447686,1.44206,-0.222815,19.974000000000004
1772222732648666157,2026-02-27 15:05:32.648,-25.2838,-13.3709,-34.2203,-0.449442,1.44446,-0.223042,19.97500000000001
1772222732649831865,2026-02-27 15:05:32.649,-25.3505,-13.4076,-33.2796,-0.456025,1.44686,-0.230369,19.976
1772222732650982497,2026-02-27 15:05:32.650,-25.3806,-13.5142,-32.928,-0.462235,1.45068,-0.231471,19.977000000000004
1772222732652127198,2026-02-27 15:05:32.652,-25.3998,-13.5362,-33.2834,-0.46415,1.45223,-0.227033,19.979
1772222732653332325,2026-02-27 15:05:32.653,-25.4544,-13.5406,-33.5099,-0.469197,1.4553,-0.223863,19.980000000000004
1772222732654552978,2026-02-27 15:05:32.654,-25.4337,-13.5881,-33.3891,-0.472069,1.45629,-0.223695,19.98100000000001
1772222732655683783,2026-02-27 15:05:32.655,-25.3815,-13.5878,-33.2597,-0.475193,1.45713,-0.2248,19.982
1772222732656853494,2026-02-27 15:05:32.656,-25.3986,-13.5621,-33.1543,-0.474691,1.45746,-0.225353,19.983000000000004
1772222732658000985,2026-02-27 15:05:32.658,-25.4147,-13.605,-33.8135,-0.481405,1.46221,-0.215049,19.985
1772222732659145030,2026-02-27 15:05:32.659,-25.4734,-13.6096,-33.1812,-0.484614,1.46379,-0.218605,19.986000000000004
1772222732660347996,2026-02-27 15:05:32.660,-25.4261,-13.657,-32.8647,-0.487389,1.46455,-0.220262,19.98700000000001
1772222732661552970,2026-02-27 15:05:32.661,-25.4757,-13.665,-32.3118,-0.488351,1.46504,-0.224019,19.988
1772222732662688856,2026-02-27 15:05:32.662,-25.4571,-13.663,-31.9312,-0.491459,1.46609,-0.226249,19.989000000000004
1772222732663871680,2026-02-27 15:05:32.663,-25.4681,-13.6554,-31.7595,-0.495318,1.46512,-0.224715,19.99000000000001
1772222732665032287,2026-02-27 15:05:32.665,-25.4153,-13.6866,-31.3985,-0.502227,1.46426,-0.224054,19.992000000000004
1772222732666164141,2026-02-27 15:05:32.666,-25.3449,-13.6643,-30.1125,-0.503588,1.46134,-0.233824,19.99300000000001
1772222732667363203,2026-02-27 15:05:32.667,-25.2935,-13.7225,-30.2579,-0.507892,1.45871,-0.230385,19.994
1772222732668560483,2026-02-27 15:05:32.668,-25.2747,-13.7775,-30.0879,-0.51378,1.45461,-0.228685,19.995000000000005
1772222732669695854,2026-02-27 15:05:32.669,-25.1529,-13.8199,-30.5793,-0.516687,1.44882,-0.221975,19.99600000000001
1772222732670875969,2026-02-27 15:05:32.670,-25.0796,-13.7879,-30.7625,-0.518398,1.44419,-0.218863,19.997
1772222732672034139,2026-02-27 15:05:32.672,-24.8501,-13.8537,-30.5375,-0.525393,1.43165,-0.215874,19.99900000000001
1772222732673178486,2026-02-27 15:05:32.673,-24.7364,-13.8591,-30.5025,-0.528223,1.42418,-0.215016,20.0
1772222732674378326,2026-02-27 15:05:32.674,-24.6392,-13.8679,-31.2201,-0.532643,1.41774,-0.205002,20.001000000000005
1772222732675544604,2026-02-27 15:05:32.675,-24.5148,-13.8638,-31.4125,-0.531538,1.41166,-0.203354,20.00200000000001
1772222732676677658,2026-02-27 15:05:32.676,-24.434,-13.8678,-31.2115,-0.534049,1.40458,-0.203025,20.003
1772222732677856987,2026-02-27 15:05:32.677,-24.3293,-13.9062,-30.6988,-0.535028,1.39854,-0.206598,20.004000000000005
1772222732678996136,2026-02-27 15:05:32.678,-24.2403,-13.8915,-30.3868,-0.538032,1.38644,-0.207846,20.00500000000001
1772222732680132599,2026-02-27 15:05:32.680,-24.1501,-13.9334,-30.4134,-0.536941,1.37955,-0.206741,20.007000000000005
1772222732681303938,2026-02-27 15:05:32.681,-24.0202,-13.9347,-30.3584,-0.539384,1.37406,-0.205686,20.00800000000001
1772222732682489511,2026-02-27 15:05:32.682,-23.988,-13.9453,-30.1965,-0.538398,1.3678,-0.208711,20.009
1772222732683620439,2026-02-27 15:05:32.683,-23.895,-13.9625,-29.5271,-0.534973,1.36268,-0.214237,20.010000000000005
1772222732684776008,2026-02-27 15:05:32.684,-23.8529,-13.9591,-29.8844,-0.536012,1.3569,-0.209479,20.01100000000001
1772222732685950947,2026-02-27 15:05:32.685,-23.6701,-13.9795,-30.6307,-0.540382,1.34676,-0.201188,20.012
1772222732687097446,2026-02-27 15:05:32.687,-23.5516,-14.0033,-30.6639,-0.539467,1.33912,-0.199018,20.01400000000001
1772222732688239575,2026-02-27 15:05:32.688,-23.5439,-14.0007,-30.6879,-0.539146,1.33465,-0.198533,20.015
1772222732689417790,2026-02-27 15:05:32.689,-23.5009,-14.0188,-30.5713,-0.542468,1.32978,-0.197859,20.016000000000005
1772222732690539963,2026-02-27 15:05:32.690,-23.4148,-14.0134,-30.5762,-0.538116,1.32616,-0.196695,20.01700000000001
1772222732691672140,2026-02-27 15:05:32.691,-23.36,-14.0176,-31.5912,-0.539704,1.32327,-0.184676,20.018
1772222732692849134,2026-02-27 15:05:32.692,-23.3005,-13.9985,-31.2383,-0.537768,1.31911,-0.188674,20.019000000000005
1772222732694028047,2026-02-27 15:05:32.694,-23.2057,-13.9647,-30.5052,-0.536942,1.31278,-0.191611,20.021
1772222732695172872,2026-02-27 15:05:32.695,-23.0983,-13.8776,-30.0781,-0.535757,1.31109,-0.194329,20.022000000000006
1772222732696351062,2026-02-27 15:05:32.696,-23.0317,-13.8483,-29.9753,-0.534473,1.30964,-0.194246,20.02300000000001
1772222732697543904,2026-02-27 15:05:32.697,-23.0647,-13.8272,-29.9021,-0.534712,1.30857,-0.193096,20.024
1772222732698676794,2026-02-27 15:05:32.698,-23.0181,-13.7532,-29.8182,-0.530876,1.30747,-0.193153,20.025000000000006
1772222732699832288,2026-02-27 15:05:32.699,-22.9745,-13.7501,-28.7323,-0.530804,1.30603,-0.203448,20.02600000000001
1772222732701008639,2026-02-27 15:05:32.701,-22.9522,-13.6634,-28.6642,-0.528893,1.30633,-0.201204,20.028000000000006
1772222732702163786,2026-02-27 15:05:32.702,-22.9636,-13.7039,-28.9831,-0.529638,1.30623,-0.19607,20.02900000000001
1772222732703342282,2026-02-27 15:05:32.703,-22.8928,-13.6125,-29.4056,-0.524778,1.3079,-0.193226,20.03
1772222732704537215,2026-02-27 15:05:32.704,-22.9169,-13.5502,-29.2202,-0.522076,1.30865,-0.193458,20.031000000000006
1772222732705669819,2026-02-27 15:05:32.705,-22.9488,-13.5002,-29.1716,-0.520451,1.30967,-0.194648,20.03200000000001
1772222732706826632,2026-02-27 15:05:32.706,-22.9262,-13.4826,-29.1078,-0.517355,1.31117,-0.194787,20.033
1772222732708001273,2026-02-27 15:05:32.708,-22.9058,-13.4089,-30.0775,-0.513182,1.31346,-0.186269,20.03500000000001
1772222732709154275,2026-02-27 15:05:32.709,-22.9549,-13.3859,-29.5702,-0.51329,1.31551,-0.189186,20.036
1772222732710286137,2026-02-27 15:05:32.710,-22.9873,-13.3238,-29.2435,-0.511824,1.31864,-0.192387,20.037000000000006
1772222732711485625,2026-02-27 15:05:32.711,-22.9545,-13.2822,-28.947,-0.506822,1.32097,-0.196848,20.03800000000001
1772222732712620164,2026-02-27 15:05:32.712,-23.0825,-13.2473,-28.6271,-0.508618,1.32426,-0.199444,20.039
1772222732713777350,2026-02-27 15:05:32.713,-23.0338,-13.2127,-28.7633,-0.501817,1.32686,-0.199851,20.040000000000006
1772222732714964020,2026-02-27 15:05:32.714,-23.1047,-13.2098,-28.7569,-0.500897,1.33023,-0.200905,20.04100000000001
1772222732716105027,2026-02-27 15:05:32.716,-23.3037,-13.1301,-27.6759,-0.497654,1.33884,-0.213882,20.043000000000006
1772222732717240364,2026-02-27 15:05:32.717,-23.3451,-13.1428,-28.0665,-0.500493,1.34271,-0.210354,20.04400000000001
1772222732718420319,2026-02-27 15:05:32.718,-23.4822,-13.1218,-28.1598,-0.494353,1.34915,-0.211564,20.045
1772222732719587295,2026-02-27 15:05:32.719,-23.5608,-13.1301,-28.7598,-0.497905,1.35411,-0.207305,20.046000000000006
1772222732720718281,2026-02-27 15:05:32.720,-23.6443,-13.1027,-29.0094,-0.495924,1.3582,-0.206545,20.04700000000001
1772222732721875273,2026-02-27 15:05:32.721,-23.7301,-13.1079,-28.8965,-0.495705,1.36128,-0.2084,20.048000000000002
1772222732723051916,2026-02-27 15:05:32.723,-23.8753,-12.9855,-27.7276,-0.476641,1.32518,-0.203677,20.05000000000001
1772222732724197407,2026-02-27 15:05:32.724,-24.0733,-12.7726,-26.2965,-0.427126,1.2227,-0.176807,20.051000000000002
1772222732725337724,2026-02-27 15:05:32.725,-23.5545,-11.5815,-17.6027,-0.31189,0.801319,-0.098013,20.052000000000007
1772222732726564550,2026-02-27 15:05:32.726,-19.5414,-9.85485,-10.0866,-0.263177,0.52119,-0.037461,20.05300000000001
1772222732727695211,2026-02-27 15:05:32.727,-15.277,-8.54542,-8.45001,-0.243546,0.407879,-0.031257,20.054000000000002
1772222732728871476,2026-02-27 15:05:32.728,-11.3528,-6.92581,-7.83533,-0.210317,0.311682,-0.027573,20.055000000000007
1772222732730055384,2026-02-27 15:05:32.730,-7.45279,-4.9832,-6.73064,-0.160004,0.221399,-0.013547,20.057000000000002
1772222732731189701,2026-02-27 15:05:32.731,-0.13921,-1.19075,-4.53789,-0.05387,0.018735,0.02478,20.058000000000007
1772222732732326046,2026-02-27 15:05:32.732,3.24618,0.552462,-3.29477,-0.003646,-0.08275,0.028125,20.05900000000001
1772222732733535026,2026-02-27 15:05:32.733,6.11063,2.06148,-2.47249,0.043616,-0.168411,0.025983,20.060000000000002
1772222732734663559,2026-02-27 15:05:32.734,8.19991,3.29793,-2.57002,0.087438,-0.232727,0.025585,20.061000000000007
1772222732735811304,2026-02-27 15:05:32.735,9.45147,4.30643,-2.57914,0.128878,-0.272654,0.025388,20.062000000000012
1772222732737009425,2026-02-27 15:05:32.737,9.88051,4.91361,-2.80324,0.151752,-0.288845,0.027354,20.064000000000007
1772222732738178179,2026-02-27 15:05:32.738,9.04086,5.35225,-2.05537,0.174122,-0.268597,0.008574,20.065000000000012
1772222732739320831,2026-02-27 15:05:32.739,8.0186,4.94311,-1.60702,0.1629,-0.242005,0.002567,20.066000000000003
1772222732740533293,2026-02-27 15:05:32.740,6.91026,4.29375,-1.30388,0.141738,-0.209686,-0.000479,20.067000000000007
1772222732741661070,2026-02-27 15:05:32.741,5.68521,3.30174,-2.0173,0.105668,-0.175917,0.010839,20.068000000000012
1772222732742835181,2026-02-27 15:05:32.742,4.43807,2.26509,-1.37156,0.066109,-0.143121,0.00703,20.069000000000003
1772222732744030398,2026-02-27 15:05:32.744,3.31757,1.25864,-1.16156,0.030377,-0.111433,0.008148,20.071000000000012
1772222732745164990,2026-02-27 15:05:32.745,1.14151,-0.363634,-0.607925,-0.016381,-0.046905,0.000668,20.072000000000003
1772222732746300602,2026-02-27 15:05:32.746,5.16234,0.271394,-23.0362,-0.218759,-0.271589,-0.12687,20.073000000000008
1772222732747430934,2026-02-27 15:05:32.747,5.50895,-2.75385,-16.7447,-0.07452,-0.143249,-0.10621,20.074000000000012
1772222732748559552,2026-02-27 15:05:32.748,8.76225,-1.55485,-25.5973,-0.330205,-0.401949,-0.126806,20.075000000000003
1772222732749689818,2026-02-27 15:05:32.749,10.5574,-2.11503,-25.7897,-0.228233,-0.489002,-0.107291,20.076000000000008
1772222732750866197,2026-02-27 15:05:32.750,12.5429,-1.9794,-29.0568,-0.217619,-0.525894,-0.100832,20.077000000000012
1772222732752065738,2026-02-27 15:05:32.752,13.5855,-1.58461,-30.0629,-0.198214,-0.559337,-0.09018,20.079000000000008
1772222732753236751,2026-02-27 15:05:32.753,16.2818,-1.28983,-32.001,-0.033852,-0.568195,-0.012798,20.080000000000013
1772222732754389172,2026-02-27 15:05:32.754,17.0696,-1.08909,-32.7355,0.039637,-0.564976,0.038143,20.081000000000003
1772222732755536747,2026-02-27 15:05:32.755,18.3407,-0.964745,-35.8207,0.062231,-0.600311,0.059214,20.082000000000008
1772222732756666091,2026-02-27 15:05:32.756,19.7511,-1.01597,-38.5835,0.071159,-0.644683,0.058136,20.083000000000013
1772222732757842105,2026-02-27 15:05:32.757,21.063,-1.42338,-42.6477,0.071829,-0.676796,0.056273,20.084000000000003
1772222732759040640,2026-02-27 15:05:32.759,21.5478,-1.96043,-44.4681,0.076009,-0.73441,0.060561,20.086000000000013
1772222732760216741,2026-02-27 15:05:32.760,23.2556,-3.45315,-42.9929,0.057479,-0.817203,0.077093,20.087000000000003
1772222732761363244,2026-02-27 15:05:32.761,23.3938,-4.08796,-41.9709,0.02928,-0.879779,0.089537,20.088000000000008
1772222732762499529,2026-02-27 15:05:32.762,23.6419,-4.80764,-39.8926,0.035123,-0.887011,0.106397,20.089
1772222732763629017,2026-02-27 15:05:32.763,24.1081,-5.19401,-38.6184,0.040127,-0.899371,0.128271,20.090000000000003
1772222732764803993,2026-02-27 15:05:32.764,24.4401,-5.15463,-36.5582,0.030496,-0.924354,0.143508,20.091000000000008
1772222732766000281,2026-02-27 15:05:32.766,24.8865,-4.93386,-34.8254,0.020269,-0.940428,0.140511,20.093000000000004
1772222732767173859,2026-02-27 15:05:32.767,25.0489,-4.57024,-32.182,0.01454,-0.94507,0.125577,20.09400000000001
1772222732768327472,2026-02-27 15:05:32.768,25.2406,-4.07213,-32.092,-0.012717,-0.956425,0.110224,20.095
1772222732769502922,2026-02-27 15:05:32.769,25.2252,-3.93955,-31.4224,-0.020837,-0.962868,0.10996,20.096000000000004
1772222732770630034,2026-02-27 15:05:32.770,25.4092,-4.04473,-31.987,-0.019051,-0.952641,0.110011,20.09700000000001
1772222732771805661,2026-02-27 15:05:32.771,25.0244,-4.11729,-31.1337,-0.023654,-0.954356,0.11529,20.098
1772222732773004492,2026-02-27 15:05:32.773,25.0878,-4.06761,-31.1461,-0.040922,-0.947917,0.107127,20.10000000000001
1772222732774182718,2026-02-27 15:05:32.774,25.4217,-4.1436,-31.9397,-0.055226,-0.909087,0.089344,20.101
1772222732775323566,2026-02-27 15:05:32.775,24.9514,-4.34692,-33.9054,-0.057628,-0.894912,0.092854,20.102000000000004
1772222732776485440,2026-02-27 15:05:32.776,24.6126,-4.32224,-33.9381,-0.046093,-0.898678,0.100603,20.10300000000001
1772222732777613363,2026-02-27 15:05:32.777,24.2686,-4.21819,-33.4814,-0.028045,-0.899463,0.105556,20.104
1772222732778760722,2026-02-27 15:05:32.778,23.8864,-4.01232,-33.0711,-0.009639,-0.898085,0.108186,20.105000000000004
1772222732779959449,2026-02-27 15:05:32.779,23.5459,-3.67612,-32.9333,0.00994,-0.898518,0.115251,20.10600000000001
1772222732781160728,2026-02-27 15:05:32.781,23.3249,-3.47061,-33.09,0.019438,-0.892606,0.117436,20.108000000000004
1772222732782316394,2026-02-27 15:05:32.782,22.6043,-3.66514,-33.9752,0.045295,-0.87891,0.109046,20.10900000000001
1772222732783486419,2026-02-27 15:05:32.783,21.4365,-5.00075,-38.5872,0.084518,-0.863888,0.093579,20.11
1772222732784614296,2026-02-27 15:05:32.784,18.8572,-6.17443,-44.3534,0.088223,-0.865386,0.089194,20.111000000000004
1772222732785791116,2026-02-27 15:05:32.785,15.872,-6.79314,-45.37,0.125319,-0.996819,0.138235,20.11200000000001
1772222732786987868,2026-02-27 15:05:32.786,14.4215,-7.50661,-45.7616,0.152807,-1.08294,0.181116,20.113
1772222732788190415,2026-02-27 15:05:32.788,13.2429,-7.90016,-46.2802,0.1521,-1.13823,0.209011,20.11500000000001
1772222732789350023,2026-02-27 15:05:32.789,12.2729,-8.24159,-47.1888,0.117769,-1.05406,0.205404,20.116
1772222732790498730,2026-02-27 15:05:32.790,11.6987,-8.21398,-46.6318,0.099965,-1.00719,0.199853,20.117000000000004
1772222732791626708,2026-02-27 15:05:32.791,11.3209,-8.19959,-46.009,0.076678,-0.971403,0.203028,20.11800000000001
1772222732792825545,2026-02-27 15:05:32.792,11.0443,-8.28129,-43.9199,0.04377,-0.949683,0.19623,20.119
1772222732794024672,2026-02-27 15:05:32.794,10.9452,-8.39148,-42.3102,0.010763,-0.931912,0.194662,20.12100000000001
1772222732795222351,2026-02-27 15:05:32.795,10.734,-8.53657,-40.6369,-0.024903,-0.913893,0.192259,20.122
1772222732796361118,2026-02-27 15:05:32.796,10.177,-8.97756,-37.886,-0.086176,-0.867154,0.188666,20.123000000000005
1772222732797490850,2026-02-27 15:05:32.797,9.79813,-9.17579,-36.559,-0.115271,-0.836631,0.183313,20.12400000000001
1772222732798616249,2026-02-27 15:05:32.798,9.40459,-9.31894,-35.1885,-0.143336,-0.804029,0.177586,20.125
1772222732799814758,2026-02-27 15:05:32.799,9.09764,-9.48116,-32.7803,-0.171776,-0.774529,0.162798,20.126000000000005
1772222732801011977,2026-02-27 15:05:32.801,8.80025,-9.60341,-31.8288,-0.198093,-0.746994,0.162249,20.128
1772222732802208050,2026-02-27 15:05:32.802,8.59906,-9.75847,-30.5776,-0.226389,-0.725186,0.159487,20.129000000000005
1772222732803370459,2026-02-27 15:05:32.803,8.39222,-10.1416,-29.1637,-0.273802,-0.693579,0.16234,20.13000000000001
1772222732804496762,2026-02-27 15:05:32.804,8.25243,-10.2994,-28.1873,-0.295325,-0.681397,0.161384,20.131
1772222732805622965,2026-02-27 15:05:32.805,8.18452,-10.4107,-27.4118,-0.315812,-0.672352,0.160157,20.132000000000005
1772222732806776594,2026-02-27 15:05:32.806,8.14237,-10.5177,-26.6564,-0.335593,-0.66504,0.158947,20.13300000000001
1772222732807974371,2026-02-27 15:05:32.807,8.1867,-10.581,-26.8964,-0.351353,-0.660942,0.167121,20.134
1772222732809175390,2026-02-27 15:05:32.809,8.23682,-10.6663,-26.5712,-0.366078,-0.65838,0.166665,20.13600000000001
1772222732810350115,2026-02-27 15:05:32.810,8.33219,-10.7729,-25.5493,-0.388533,-0.661819,0.161997,20.137
1772222732811492847,2026-02-27 15:05:32.811,8.39785,-10.8389,-25.3104,-0.400522,-0.667086,0.159106,20.138000000000005
1772222732812622110,2026-02-27 15:05:32.812,8.48233,-10.958,-25.3425,-0.40421,-0.67565,0.160735,20.13900000000001
1772222732813795823,2026-02-27 15:05:32.813,8.65193,-11.0744,-25.7159,-0.409747,-0.685496,0.161681,20.14
1772222732814995452,2026-02-27 15:05:32.814,8.77172,-11.1735,-26.2669,-0.413686,-0.697468,0.164769,20.141000000000005
1772222732816198400,2026-02-27 15:05:32.816,8.86966,-11.3119,-26.514,-0.415527,-0.709645,0.161868,20.143
1772222732817371987,2026-02-27 15:05:32.817,9.19586,-11.6368,-27.7688,-0.41732,-0.73861,0.163771,20.144000000000005
1772222732818499932,2026-02-27 15:05:32.818,9.36159,-11.7377,-28.8154,-0.414828,-0.754488,0.168247,20.14500000000001
1772222732819626765,2026-02-27 15:05:32.819,9.51252,-11.9133,-30.3468,-0.414274,-0.76872,0.175134,20.146
1772222732820799178,2026-02-27 15:05:32.820,9.7035,-12.0805,-31.2553,-0.410522,-0.78437,0.177309,20.147000000000006
1772222732821996586,2026-02-27 15:05:32.821,9.82007,-12.2033,-32.2371,-0.405595,-0.800393,0.178044,20.14800000000001
1772222732823196325,2026-02-27 15:05:32.823,10.0397,-12.3216,-33.165,-0.400813,-0.815431,0.180231,20.150000000000006
1772222732824372271,2026-02-27 15:05:32.824,10.4417,-12.5602,-35.9192,-0.391284,-0.847601,0.194199,20.15100000000001
1772222732825492998,2026-02-27 15:05:32.825,10.6234,-12.6087,-36.2295,-0.386897,-0.863288,0.192088,20.152
1772222732826623241,2026-02-27 15:05:32.826,10.9021,-12.6427,-36.9086,-0.379138,-0.880465,0.193878,20.153000000000006
1772222732827841655,2026-02-27 15:05:32.827,11.0424,-12.6686,-37.0105,-0.371367,-0.895557,0.191126,20.15400000000001
1772222732829015695,2026-02-27 15:05:32.829,11.241,-12.5958,-37.326,-0.361258,-0.909604,0.190232,20.156000000000006
1772222732830216894,2026-02-27 15:05:32.830,11.4434,-12.5398,-37.6763,-0.353571,-0.924589,0.191407,20.15700000000001
1772222732831399352,2026-02-27 15:05:32.831,11.7673,-12.3339,-38.2426,-0.335709,-0.952374,0.195016,20.158
1772222732832577584,2026-02-27 15:05:32.832,11.9615,-12.2159,-37.4512,-0.32404,-0.965559,0.186877,20.159000000000006
1772222732833755385,2026-02-27 15:05:32.833,12.1445,-12.0657,-37.6913,-0.315739,-0.980282,0.189893,20.16000000000001
1772222732834954531,2026-02-27 15:05:32.834,12.3678,-11.8926,-37.759,-0.30587,-0.993411,0.191721,20.161
1772222732836265115,2026-02-27 15:05:32.836,12.5068,-11.7209,-38.4043,-0.293027,-1.00363,0.197783,20.16300000000001
1772222732837444944,2026-02-27 15:05:32.837,12.9223,-11.2596,-38.7534,-0.269662,-1.02705,0.203144,20.164
1772222732838608477,2026-02-27 15:05:32.838,12.9928,-11.037,-38.8143,-0.255097,-1.03567,0.20384,20.165000000000006
1772222732839809143,2026-02-27 15:05:32.839,13.1792,-10.7649,-38.7109,-0.241295,-1.04544,0.204588,20.16600000000001
1772222732841009113,2026-02-27 15:05:32.841,13.3285,-10.5691,-39.0995,-0.22755,-1.0546,0.208879,20.168000000000006
1772222732842209901,2026-02-27 15:05:32.842,13.4526,-10.341,-39.742,-0.213678,-1.0635,0.214556,20.16900000000001
1772222732843386156,2026-02-27 15:05:32.843,13.5346,-10.0966,-39.3108,-0.199786,-1.07088,0.211651,20.17
1772222732844562930,2026-02-27 15:05:32.844,13.7816,-9.55316,-38.6658,-0.168609,-1.08756,0.205162,20.171000000000006
1772222732845738322,2026-02-27 15:05:32.845,13.7955,-9.28724,-38.4849,-0.148547,-1.09282,0.203335,20.17200000000001
1772222732846942195,2026-02-27 15:05:32.846,13.9117,-9.04246,-38.5608,-0.13375,-1.10097,0.203366,20.173000000000002
1772222732848144370,2026-02-27 15:05:32.848,13.947,-8.78654,-38.5899,-0.115399,-1.10729,0.202453,20.17500000000001
1772222732849346634,2026-02-27 15:05:32.849,13.9781,-8.5132,-38.5023,-0.101789,-1.11285,0.202147,20.176000000000002
1772222732850514684,2026-02-27 15:05:32.850,14.0847,-7.99428,-38.0443,-0.063864,-1.1241,0.196324,20.177000000000007
1772222732851664514,2026-02-27 15:05:32.851,14.1503,-7.67497,-38.1116,-0.044376,-1.12903,0.195197,20.17800000000001
1772222732852859928,2026-02-27 15:05:32.852,14.2539,-7.39149,-38.6605,-0.026201,-1.13399,0.19929,20.179000000000002
1772222732854060532,2026-02-27 15:05:32.854,14.2899,-7.13496,-38.9048,-0.00693,-1.14011,0.200197,20.18100000000001
1772222732855262043,2026-02-27 15:05:32.855,14.3725,-6.91138,-38.9115,0.011614,-1.14356,0.199214,20.182000000000002
1772222732856437580,2026-02-27 15:05:32.856,14.45,-6.61926,-38.903,0.026724,-1.14639,0.198838,20.183000000000007
1772222732857611211,2026-02-27 15:05:32.857,15.1064,-5.76449,-40.0414,0.048852,-1.13565,0.214413,20.18400000000001
1772222732858739781,2026-02-27 15:05:32.858,15.6003,-5.23745,-39.9153,0.057509,-1.11465,0.219482,20.185000000000002
1772222732859915611,2026-02-27 15:05:32.859,16.0322,-4.67399,-39.8609,0.067592,-1.09317,0.226085,20.186000000000007
1772222732861117854,2026-02-27 15:05:32.861,16.4365,-4.18237,-39.2722,0.074364,-1.07063,0.228603,20.188000000000002
1772222732862326626,2026-02-27 15:05:32.862,16.875,-3.65571,-38.9547,0.085576,-1.05048,0.23238,20.189000000000007
1772222732863516329,2026-02-27 15:05:32.863,17.6043,-2.80674,-38.653,0.100727,-1.01437,0.243265,20.190000000000012
1772222732864659589,2026-02-27 15:05:32.864,17.8747,-2.48877,-38.5497,0.106281,-0.99929,0.247718,20.191000000000003
1772222732865839143,2026-02-27 15:05:32.865,18.0833,-2.1196,-37.7473,0.114572,-0.98597,0.244801,20.192000000000007
1772222732867038442,2026-02-27 15:05:32.867,18.1875,-1.86659,-37.297,0.123084,-0.974721,0.245565,20.194000000000003
1772222732868241964,2026-02-27 15:05:32.868,18.215,-1.64484,-37.3563,0.128535,-0.966261,0.249043,20.195000000000007
1772222732869427878,2026-02-27 15:05:32.869,18.1655,-1.47412,-37.7176,0.142233,-0.959247,0.252138,20.196000000000012
1772222732870603669,2026-02-27 15:05:32.870,17.8763,-1.33147,-38.1384,0.159322,-0.951014,0.251316,20.197000000000003
1772222732871801918,2026-02-27 15:05:32.871,17.6405,-1.29841,-38.049,0.172593,-0.947917,0.24705,20.198000000000008
1772222732872978291,2026-02-27 15:05:32.872,17.2235,-1.41932,-37.9643,0.178992,-0.948739,0.242503,20.199000000000012
1772222732874179563,2026-02-27 15:05:32.874,16.8728,-1.47903,-38.0209,0.189785,-0.949281,0.238174,20.201000000000008
1772222732875379207,2026-02-27 15:05:32.875,16.4012,-1.66178,-39.0628,0.201605,-0.950379,0.237819,20.202000000000012
1772222732876558060,2026-02-27 15:05:32.876,15.1801,-1.99015,-38.6676,0.221222,-0.956117,0.214915,20.203000000000003
1772222732877698235,2026-02-27 15:05:32.877,14.5189,-2.15208,-38.3071,0.230375,-0.958044,0.201739,20.204000000000008
1772222732878863859,2026-02-27 15:05:32.878,13.8216,-2.35741,-38.1943,0.243344,-0.96043,0.189151,20.205000000000013
1772222732880066321,2026-02-27 15:05:32.880,13.1899,-2.5539,-38.2151,0.249948,-0.960773,0.178216,20.207000000000008
1772222732881202565,2026-02-27 15:05:32.881,12.4951,-2.76355,-38.2666,0.257964,-0.960522,0.168808,20.208000000000013
1772222732882406651,2026-02-27 15:05:32.882,11.907,-2.90871,-38.3713,0.267907,-0.956383,0.158687,20.209000000000003
1772222732883555547,2026-02-27 15:05:32.883,11.0829,-2.96971,-37.6755,0.269369,-0.931847,0.137598,20.210000000000008
1772222732884693357,2026-02-27 15:05:32.884,10.7901,-2.86307,-37.6133,0.274365,-0.911662,0.134243,20.211000000000013
1772222732885890523,2026-02-27 15:05:32.885,10.5345,-2.84086,-38.215,0.279631,-0.891603,0.136016,20.212000000000003
1772222732887088498,2026-02-27 15:05:32.887,10.1967,-2.80377,-38.4248,0.279108,-0.872731,0.136461,20.214
1772222732888287642,2026-02-27 15:05:32.888,9.88526,-2.78093,-38.2422,0.276684,-0.856381,0.132825,20.215000000000003
1772222732889487616,2026-02-27 15:05:32.889,9.62062,-2.75463,-38.1419,0.280511,-0.838037,0.129861,20.216000000000008
1772222732890618458,2026-02-27 15:05:32.890,9.16643,-2.70791,-38.6408,0.273745,-0.802156,0.130688,20.217
1772222732891746344,2026-02-27 15:05:32.891,8.93802,-2.74956,-38.7855,0.27512,-0.784846,0.130913,20.218000000000004
1772222732892920496,2026-02-27 15:05:32.892,8.71635,-2.63237,-38.5518,0.273517,-0.767107,0.126021,20.21900000000001
1772222732894116429,2026-02-27 15:05:32.894,8.37424,-2.61693,-37.9539,0.271791,-0.746789,0.118097,20.221000000000004
1772222732895308061,2026-02-27 15:05:32.895,8.06771,-2.65276,-37.648,0.26905,-0.727509,0.111241,20.22200000000001
1772222732896501083,2026-02-27 15:05:32.896,7.78256,-2.60173,-37.525,0.270766,-0.706808,0.107808,20.223
1772222732897623679,2026-02-27 15:05:32.897,7.07962,-2.67173,-37.388,0.263055,-0.665155,0.101054,20.224000000000004
1772222732898796581,2026-02-27 15:05:32.898,6.85678,-2.67339,-37.211,0.263235,-0.645341,0.095645,20.22500000000001
1772222732899986262,2026-02-27 15:05:32.899,6.46189,-2.71394,-36.5203,0.259796,-0.62316,0.085787,20.226
1772222732901185582,2026-02-27 15:05:32.901,6.1621,-2.7673,-37.0721,0.259641,-0.602564,0.08574,20.22800000000001
1772222732902385423,2026-02-27 15:05:32.902,5.77954,-2.86047,-37.2494,0.250093,-0.580064,0.083778,20.229
1772222732903541627,2026-02-27 15:05:32.903,5.49141,-2.95457,-37.918,0.246059,-0.55853,0.085893,20.230000000000004
1772222732904686310,2026-02-27 15:05:32.904,4.87167,-3.17089,-38.3565,0.238656,-0.51688,0.080196,20.23100000000001
1772222732905822712,2026-02-27 15:05:32.905,4.56283,-3.25464,-38.5517,0.234141,-0.496001,0.078317,20.232
1772222732906945186,2026-02-27 15:05:32.906,4.22677,-3.37296,-38.7135,0.229057,-0.475164,0.074305,20.233000000000004
1772222732908068827,2026-02-27 15:05:32.908,3.94031,-3.54666,-40.1665,0.222987,-0.453985,0.081032,20.235
1772222732909189002,2026-02-27 15:05:32.909,3.59864,-3.64638,-39.9941,0.217769,-0.433311,0.075722,20.236000000000004
1772222732910308046,2026-02-27 15:05:32.910,3.22572,-3.7757,-40.1966,0.209952,-0.412908,0.071439,20.23700000000001
1772222732911427933,2026-02-27 15:05:32.911,2.9067,-3.87434,-39.8887,0.207423,-0.391343,0.064313,20.238
1772222732912568301,2026-02-27 15:05:32.912,2.28534,-4.10693,-40.1254,0.19965,-0.350302,0.05573,20.239000000000004
1772222732913690760,2026-02-27 15:05:32.913,2.02344,-4.298,-40.3553,0.193163,-0.331798,0.052886,20.24000000000001
1772222732914813213,2026-02-27 15:05:32.914,1.70271,-4.43861,-40.5866,0.186937,-0.312791,0.050101,20.241
1772222732915935378,2026-02-27 15:05:32.915,1.36736,-4.57712,-40.0084,0.183227,-0.292907,0.03884,20.242000000000004
1772222732917057084,2026-02-27 15:05:32.917,1.07309,-4.76314,-40.1424,0.175747,-0.276254,0.036717,20.244
1772222732918178966,2026-02-27 15:05:32.918,0.744165,-4.96088,-40.5106,0.160292,-0.259876,0.035598,20.245000000000005
1772222732919300848,2026-02-27 15:05:32.919,0.539626,-5.01555,-41.3321,0.152744,-0.241837,0.036086,20.24600000000001
1772222732920423889,2026-02-27 15:05:32.920,0.312236,-5.2355,-41.8275,0.147906,-0.226704,0.039766,20.247
1772222732921568839,2026-02-27 15:05:32.921,-0.215694,-5.58823,-42.2037,0.131504,-0.196245,0.036518,20.248000000000005
1772222732922694946,2026-02-27 15:05:32.922,-0.445142,-5.77383,-42.403,0.120521,-0.182832,0.034939,20.24900000000001
1772222732923815044,2026-02-27 15:05:32.923,-0.714525,-5.92003,-42.9614,0.105457,-0.167939,0.035021,20.25
1772222732924936819,2026-02-27 15:05:32.924,-0.884686,-6.16393,-43.8861,0.10105,-0.157433,0.042129,20.251000000000005
1772222732926055044,2026-02-27 15:05:32.926,-1.14657,-6.36598,-43.6569,0.088721,-0.144218,0.037139,20.253
1772222732927174138,2026-02-27 15:05:32.927,-1.29314,-6.56365,-43.6857,0.077482,-0.133554,0.034568,20.254000000000005
1772222732928292736,2026-02-27 15:05:32.928,-1.52191,-6.78348,-43.4739,0.063455,-0.121518,0.029095,20.25500000000001
1772222732929410979,2026-02-27 15:05:32.929,-1.66461,-6.99944,-43.5059,0.05598,-0.111018,0.027232,20.256
1772222732930548481,2026-02-27 15:05:32.930,-1.93272,-7.2083,-43.7116,0.041185,-0.10013,0.026257,20.257000000000005
1772222732931677314,2026-02-27 15:05:32.931,-2.28022,-7.58255,-44.0282,0.021565,-0.08091,0.026445,20.25800000000001
1772222732932796085,2026-02-27 15:05:32.932,-2.42814,-7.78237,-43.0603,0.010587,-0.072312,0.014634,20.259
1772222732933914254,2026-02-27 15:05:32.933,-2.59571,-8.01199,-43.6943,-0.001729,-0.062964,0.017275,20.260000000000005
1772222732935034284,2026-02-27 15:05:32.935,-2.75852,-8.17994,-43.8867,-0.012865,-0.053647,0.017865,20.262
1772222732936153943,2026-02-27 15:05:32.936,-2.88464,-8.39819,-44.6554,-0.024121,-0.045167,0.022584,20.263000000000005
1772222732937272510,2026-02-27 15:05:32.937,-3.0417,-8.64833,-45.115,-0.036845,-0.038054,0.023406,20.26400000000001
1772222732938440614,2026-02-27 15:05:32.938,-3.18957,-8.78863,-45.1378,-0.050333,-0.031445,0.022806,20.265
1772222732939689481,2026-02-27 15:05:32.939,-3.24278,-8.98491,-45.2613,-0.059539,-0.024187,0.022573,20.266000000000005
1772222732940842190,2026-02-27 15:05:32.940,-3.56338,-9.41347,-46.5471,-0.08659,-0.008928,0.030416,20.26700000000001
1772222732942044721,2026-02-27 15:05:32.942,-3.68234,-9.66902,-46.7326,-0.099237,-0.002909,0.029887,20.269000000000005
1772222732943243964,2026-02-27 15:05:32.943,-3.8316,-9.8426,-46.7536,-0.111978,0.00421,0.029065,20.27000000000001
1772222732944446655,2026-02-27 15:05:32.944,-3.96475,-10.0445,-46.5221,-0.125762,0.011349,0.02385,20.271
1772222732945612169,2026-02-27 15:05:32.945,-4.09918,-10.2786,-46.2651,-0.140123,0.018653,0.020967,20.272000000000006
1772222732946889363,2026-02-27 15:05:32.946,-4.40922,-10.6863,-46.4476,-0.165404,0.033658,0.018999,20.27300000000001
1772222732948090329,2026-02-27 15:05:32.948,-4.56181,-10.9409,-46.4817,-0.183281,0.040821,0.019941,20.275000000000006
1772222732949290131,2026-02-27 15:05:32.949,-4.613,-11.2389,-46.0575,-0.196917,0.046026,0.013484,20.27600000000001
1772222732950505584,2026-02-27 15:05:32.950,-4.76943,-11.4101,-45.4657,-0.211134,0.052197,0.009143,20.277
1772222732951693899,2026-02-27 15:05:32.951,-4.90042,-11.591,-45.5553,-0.226896,0.057928,0.012499,20.278000000000006
1772222732952848168,2026-02-27 15:05:32.952,-5.11212,-12.0481,-46.8265,-0.261003,0.081373,0.015089,20.27900000000001
1772222732954055192,2026-02-27 15:05:32.954,-5.23967,-12.3313,-47.1181,-0.275501,0.087286,0.015095,20.281000000000006
1772222732955258139,2026-02-27 15:05:32.955,-5.41887,-12.5177,-47.1298,-0.289702,0.092724,0.015778,20.28200000000001
1772222732956474920,2026-02-27 15:05:32.956,-5.5136,-12.7354,-47.2353,-0.301727,0.097257,0.015548,20.283
1772222732957611912,2026-02-27 15:05:32.957,-5.6241,-12.9759,-47.2239,-0.315227,0.100742,0.016006,20.284000000000006
1772222732958765679,2026-02-27 15:05:32.958,-5.92377,-13.404,-48.1142,-0.340168,0.116883,0.0196,20.28500000000001
1772222732959906209,2026-02-27 15:05:32.959,-6.02475,-13.5896,-48.0883,-0.354523,0.123863,0.017884,20.286
1772222732961106450,2026-02-27 15:05:32.961,-6.11568,-13.748,-47.5567,-0.365322,0.129489,0.013774,20.28800000000001
1772222732962306974,2026-02-27 15:05:32.962,-6.2554,-13.9263,-47.2801,-0.378664,0.134971,0.010984,20.289
1772222732963529532,2026-02-27 15:05:32.963,-6.31311,-14.0637,-47.2271,-0.390072,0.13779,0.011544,20.290000000000006
1772222732964693557,2026-02-27 15:05:32.964,-6.38117,-14.3127,-47.1307,-0.409063,0.140907,0.011269,20.29100000000001
1772222732965845854,2026-02-27 15:05:32.965,-6.38421,-14.5905,-45.964,-0.430144,0.144753,0.003146,20.292
1772222732967048738,2026-02-27 15:05:32.967,-6.40742,-14.7775,-46.0453,-0.444171,0.14561,0.005483,20.29400000000001
1772222732968253598,2026-02-27 15:05:32.968,-6.478,-15.1029,-46.2079,-0.462479,0.146336,0.007424,20.295
1772222732969473294,2026-02-27 15:05:32.969,-6.45237,-15.2485,-46.6829,-0.471082,0.146808,0.014356,20.296000000000006
1772222732970610812,2026-02-27 15:05:32.970,-6.45028,-15.4308,-46.9748,-0.482822,0.146493,0.017911,20.29700000000001
1772222732971744867,2026-02-27 15:05:32.971,-6.41354,-15.6369,-47.0287,-0.508227,0.147011,0.018703,20.298000000000002
1772222732972874125,2026-02-27 15:05:32.972,-6.43273,-15.791,-46.9854,-0.514218,0.146494,0.021099,20.299000000000007
1772222732974045107,2026-02-27 15:05:32.974,-6.47783,-15.9125,-47.6187,-0.527636,0.147484,0.026821,20.301000000000002
1772222732975225681,2026-02-27 15:05:32.975,-6.43268,-15.9863,-48.1396,-0.531148,0.147789,0.031729,20.302000000000007
1772222732976425689,2026-02-27 15:05:32.976,-6.44396,-16.0978,-47.907,-0.534149,0.147935,0.030243,20.30300000000001
1772222732977572492,2026-02-27 15:05:32.977,-6.49206,-16.2557,-47.6386,-0.544943,0.148296,0.025829,20.304000000000002
1772222732978710037,2026-02-27 15:05:32.978,-6.57458,-16.3489,-47.3196,-0.552745,0.152377,0.023213,20.305000000000007
1772222732979858728,2026-02-27 15:05:32.979,-6.63106,-16.388,-47.4989,-0.555693,0.156286,0.022364,20.30600000000001
1772222732981065173,2026-02-27 15:05:32.981,-6.68245,-16.4452,-47.6291,-0.556511,0.159488,0.023507,20.308000000000007
1772222732982264496,2026-02-27 15:05:32.982,-6.76455,-16.3879,-47.6769,-0.55522,0.164175,0.02138,20.30900000000001
1772222732983481004,2026-02-27 15:05:32.983,-6.89576,-16.4101,-46.8189,-0.55591,0.170742,0.011337,20.310000000000002
1772222732984614599,2026-02-27 15:05:32.984,-7.04911,-16.4269,-47.4952,-0.557353,0.177531,0.014755,20.311000000000007
1772222732985757952,2026-02-27 15:05:32.985,-7.26978,-16.3488,-48.514,-0.548191,0.192575,0.018174,20.312000000000012
1772222732986907010,2026-02-27 15:05:32.986,-7.47861,-16.338,-48.8652,-0.545853,0.201384,0.018663,20.313000000000002
1772222732988081563,2026-02-27 15:05:32.988,-7.64427,-16.2889,-49.0914,-0.54214,0.211225,0.015814,20.315000000000012
1772222732989252099,2026-02-27 15:05:32.989,-7.87116,-16.2556,-49.3846,-0.536695,0.222597,0.013821,20.316000000000003
1772222732990469794,2026-02-27 15:05:32.990,-7.98396,-16.0742,-49.4537,-0.525159,0.23452,0.012515,20.317000000000007
1772222732991611035,2026-02-27 15:05:32.991,-8.24515,-15.9702,-50.7867,-0.516315,0.249765,0.020273,20.318000000000012
1772222732992751030,2026-02-27 15:05:32.992,-8.76303,-15.8604,-50.9214,-0.502803,0.278086,0.012725,20.319000000000003
1772222732993899034,2026-02-27 15:05:32.993,-8.93616,-15.7214,-50.6368,-0.494059,0.295009,0.003802,20.320000000000007
1772222732995051053,2026-02-27 15:05:32.995,-9.25832,-15.6241,-50.5391,-0.485585,0.310487,-0.001941,20.322000000000003
1772222732996230439,2026-02-27 15:05:32.996,-9.57508,-15.5479,-50.6413,-0.477632,0.327665,-0.00507,20.323000000000008
1772222732997439131,2026-02-27 15:05:32.997,-9.81514,-15.5001,-50.7418,-0.470733,0.344845,-0.008278,20.324000000000012
1772222732998600706,2026-02-27 15:05:32.998,-10.0817,-15.4195,-50.9057,-0.464635,0.361726,-0.011287,20.325000000000003
1772222732999735520,2026-02-27 15:05:32.999,-10.3398,-15.2802,-50.3048,-0.454324,0.377449,-0.022072,20.326000000000008
1772222733000891950,2026-02-27 15:05:33.000,-10.8652,-15.1233,-50.4643,-0.440814,0.410704,-0.028824,20.327000000000012
1772222733002024143,2026-02-27 15:05:33.002,-11.0937,-15.0125,-50.9237,-0.431646,0.427508,-0.026809,20.329000000000008
1772222733003217394,2026-02-27 15:05:33.003,-11.3456,-14.8704,-51.3979,-0.424561,0.443633,-0.025874,20.330000000000013
1772222733004426367,2026-02-27 15:05:33.004,-11.5817,-14.7543,-51.5894,-0.41431,0.458702,-0.027501,20.331000000000003
1772222733005561282,2026-02-27 15:05:33.005,-11.8382,-14.6597,-51.5767,-0.409397,0.47324,-0.029546,20.332000000000008
1772222733006697283,2026-02-27 15:05:33.006,-12.0257,-14.5389,-51.623,-0.401934,0.487832,-0.031596,20.333000000000013
1772222733007840606,2026-02-27 15:05:33.007,-12.4991,-14.3647,-52.7927,-0.389868,0.515937,-0.027131,20.334000000000003
1772222733008987033,2026-02-27 15:05:33.008,-12.6282,-14.2775,-52.4039,-0.379838,0.528378,-0.033179,20.335000000000008
1772222733010187950,2026-02-27 15:05:33.010,-12.8629,-14.1769,-52.3622,-0.372565,0.541352,-0.036426,20.337000000000003
1772222733011390246,2026-02-27 15:05:33.011,-13.1681,-14.0371,-52.0383,-0.362121,0.554578,-0.042384,20.338000000000008
1772222733012545174,2026-02-27 15:05:33.012,-13.3712,-13.9216,-51.9704,-0.355656,0.567173,-0.046492,20.339
1772222733013684427,2026-02-27 15:05:33.013,-13.5395,-13.8108,-52.1426,-0.343723,0.581499,-0.047676,20.340000000000003
1772222733014841464,2026-02-27 15:05:33.014,-13.9668,-13.5979,-52.3561,-0.327163,0.606378,-0.052158,20.341000000000008
1772222733015985589,2026-02-27 15:05:33.015,-14.1724,-13.5003,-51.3213,-0.320249,0.617082,-0.064034,20.342
1772222733017117953,2026-02-27 15:05:33.017,-14.389,-13.3758,-51.738,-0.31162,0.631144,-0.062393,20.34400000000001
1772222733018317228,2026-02-27 15:05:33.018,-14.5512,-13.2825,-52.0015,-0.301744,0.643546,-0.065363,20.345
1772222733019530493,2026-02-27 15:05:33.019,-14.7713,-13.2179,-52.6986,-0.297189,0.655582,-0.061613,20.346000000000004
1772222733020663742,2026-02-27 15:05:33.020,-14.9401,-13.1687,-53.1026,-0.290611,0.667502,-0.061967,20.34700000000001
1772222733021819380,2026-02-27 15:05:33.021,-15.1418,-13.119,-53.2674,-0.283681,0.679809,-0.064731,20.348
1772222733022960927,2026-02-27 15:05:33.022,-15.5916,-12.9442,-53.638,-0.267749,0.705787,-0.070191,20.349000000000004
1772222733024095960,2026-02-27 15:05:33.024,-15.8458,-12.9113,-54.5105,-0.265455,0.719645,-0.064688,20.351
1772222733025296270,2026-02-27 15:05:33.025,-16.1012,-12.8804,-54.8686,-0.259105,0.732932,-0.06607,20.352000000000004
1772222733026516228,2026-02-27 15:05:33.026,-16.2646,-12.7935,-54.7399,-0.255351,0.748716,-0.070073,20.35300000000001
1772222733027650204,2026-02-27 15:05:33.027,-16.5387,-12.7572,-54.3035,-0.25137,0.762484,-0.077896,20.354
1772222733028801839,2026-02-27 15:05:33.028,-16.7917,-12.7498,-54.151,-0.247964,0.777453,-0.082728,20.355000000000004
1772222733029956134,2026-02-27 15:05:33.029,-17.3294,-12.6697,-54.0945,-0.243419,0.810517,-0.088726,20.35600000000001
1772222733031102052,2026-02-27 15:05:33.031,-17.577,-12.7022,-54.0494,-0.240297,0.828093,-0.09262,20.358000000000004
1772222733032304057,2026-02-27 15:05:33.032,-17.8247,-12.6831,-53.6887,-0.240002,0.843487,-0.098261,20.35900000000001
1772222733033519172,2026-02-27 15:05:33.033,-18.1308,-12.6541,-52.8763,-0.240558,0.862158,-0.107738,20.36
1772222733034653040,2026-02-27 15:05:33.034,-18.4226,-12.7062,-53.2048,-0.242301,0.878299,-0.107846,20.361000000000004
1772222733035825875,2026-02-27 15:05:33.035,-18.685,-12.7308,-53.391,-0.243452,0.897497,-0.107696,20.36200000000001
1772222733036975621,2026-02-27 15:05:33.036,-19.2221,-12.7586,-53.832,-0.244627,0.937335,-0.109336,20.363
1772222733038121059,2026-02-27 15:05:33.038,-19.5565,-12.8087,-53.7155,-0.248247,0.956082,-0.112242,20.36500000000001
1772222733039323291,2026-02-27 15:05:33.039,-19.8822,-12.9145,-53.4534,-0.256425,0.974593,-0.115835,20.366
1772222733040538285,2026-02-27 15:05:33.040,-20.0944,-12.9726,-53.3499,-0.260223,0.99494,-0.11949,20.367000000000004
1772222733041672439,2026-02-27 15:05:33.041,-20.4103,-13.0776,-54.1429,-0.273257,1.01368,-0.111387,20.36800000000001
1772222733042845442,2026-02-27 15:05:33.042,-20.6565,-13.2161,-53.576,-0.279181,1.03279,-0.117613,20.369
1772222733043990642,2026-02-27 15:05:33.043,-21.214,-13.4198,-52.6264,-0.299454,1.07054,-0.127484,20.370000000000005
1772222733045135495,2026-02-27 15:05:33.045,-21.4297,-13.5575,-51.9448,-0.313444,1.08792,-0.132953,20.372
1772222733046313585,2026-02-27 15:05:33.046,-21.6516,-13.6723,-51.8132,-0.321574,1.10568,-0.134962,20.373000000000005
1772222733047528650,2026-02-27 15:05:33.047,-21.9173,-13.8778,-51.3625,-0.339122,1.1225,-0.136575,20.37400000000001
1772222733048660426,2026-02-27 15:05:33.048,-22.1363,-13.9951,-51.0488,-0.349835,1.14028,-0.13854,20.375
1772222733049839261,2026-02-27 15:05:33.049,-22.4216,-14.1557,-49.7511,-0.365573,1.15368,-0.148319,20.376000000000005
1772222733051006993,2026-02-27 15:05:33.051,-22.8528,-14.4699,-49.1164,-0.393101,1.18445,-0.15064,20.378
1772222733052151580,2026-02-27 15:05:33.052,-23.0674,-14.6292,-49.2948,-0.412076,1.19745,-0.146382,20.379000000000005
1772222733053349575,2026-02-27 15:05:33.053,-23.2534,-14.7907,-49.2788,-0.425777,1.21122,-0.143431,20.38000000000001
1772222733054559929,2026-02-27 15:05:33.054,-23.4877,-15.0223,-48.9094,-0.446417,1.2223,-0.145314,20.381
1772222733055844965,2026-02-27 15:05:33.055,-23.5449,-15.171,-48.2838,-0.45389,1.23105,-0.144664,20.382000000000005
1772222733057016925,2026-02-27 15:05:33.057,-23.8276,-15.19,-45.4402,-0.454261,1.20583,-0.135315,20.384
1772222733058161417,2026-02-27 15:05:33.058,-23.5035,-15.0364,-42.6248,-0.414105,1.15251,-0.121545,20.385000000000005
1772222733059361246,2026-02-27 15:05:33.059,-22.7113,-14.2372,-39.1415,-0.401413,1.13358,-0.122081,20.38600000000001
1772222733060573191,2026-02-27 15:05:33.060,-22.6389,-13.5157,-39.09,-0.453287,1.23663,-0.142482,20.387
1772222733061713428,2026-02-27 15:05:33.061,-22.0243,-12.8688,-34.8529,-0.395812,1.11758,-0.124984,20.388000000000005
1772222733062875890,2026-02-27 15:05:33.062,-21.1475,-12.0768,-31.5195,-0.332313,1.04403,-0.107114,20.38900000000001
1772222733064044709,2026-02-27 15:05:33.064,-17.9727,-8.90132,-17.842,-0.208865,0.596433,-0.044874,20.391000000000005
1772222733065189871,2026-02-27 15:05:33.065,-14.2646,-7.46029,-11.75,-0.206689,0.385944,-0.024057,20.39200000000001
1772222733066389631,2026-02-27 15:05:33.066,-10.5934,-6.31613,-8.89157,-0.190995,0.277184,-0.029043,20.393
1772222733067560422,2026-02-27 15:05:33.067,-7.12065,-5.09133,-8.22002,-0.16847,0.190468,-0.010487,20.394000000000005
1772222733068687946,2026-02-27 15:05:33.068,-3.70605,-3.68534,-7.01323,-0.134387,0.105608,0.014051,20.39500000000001
1772222733069865186,2026-02-27 15:05:33.069,-0.259324,-2.20255,-6.39032,-0.089171,0.014835,0.041175,20.396
1772222733071037284,2026-02-27 15:05:33.071,5.34334,0.702467,-5.0732,0.005583,-0.159332,0.061971,20.39800000000001
1772222733072184317,2026-02-27 15:05:33.072,8.53904,2.25292,-9.71366,0.04262,-0.22964,0.026091,20.399
1772222733073385064,2026-02-27 15:05:33.073,12.9197,3.52825,-20.4422,-0.220944,-0.557636,-0.081987,20.400000000000006
1772222733074559431,2026-02-27 15:05:33.074,14.8414,3.29627,-16.2601,-0.02253,-0.580873,-0.07277,20.40100000000001
1772222733075694971,2026-02-27 15:05:33.075,17.4901,4.61763,-22.9287,-0.079354,-0.743462,-0.10077,20.402
1772222733076873791,2026-02-27 15:05:33.076,18.3357,4.23701,-20.2386,0.002205,-0.743867,-0.080962,20.403000000000006
1772222733078049386,2026-02-27 15:05:33.078,20.8316,4.72594,-25.5253,-0.03381,-0.809211,-0.117276,20.405
1772222733079194410,2026-02-27 15:05:33.079,22.1757,4.93136,-28.1584,-0.073726,-0.834803,-0.118767,20.406000000000006
1772222733080393985,2026-02-27 15:05:33.080,22.6661,4.30049,-28.7752,-0.067877,-0.876871,-0.098262,20.40700000000001
1772222733081561019,2026-02-27 15:05:33.081,23.1596,3.55547,-28.6852,-0.063953,-0.935703,-0.086833,20.408
1772222733082696636,2026-02-27 15:05:33.082,23.9315,2.81159,-28.8113,-0.074926,-0.974235,-0.088685,20.409000000000006
1772222733083872476,2026-02-27 15:05:33.083,24.6075,2.06896,-30.8994,-0.092194,-1.00433,-0.086908,20.41000000000001
1772222733085049023,2026-02-27 15:05:33.085,25.1625,0.114476,-31.9937,-0.119036,-1.05183,-0.053934,20.412000000000006
1772222733086196426,2026-02-27 15:05:33.086,25.6736,-0.956828,-35.942,-0.190092,-1.08349,-0.051595,20.41300000000001
1772222733087395912,2026-02-27 15:05:33.087,24.1854,-7.01358,-65.6185,0.297558,-0.727721,-0.073428,20.414
1772222733088569591,2026-02-27 15:05:33.088,15.6667,-6.3217,-76.6115,0.372398,-0.799144,-0.048333,20.415000000000006
1772222733089702586,2026-02-27 15:05:33.089,18.052,-2.81884,-80.5433,0.34355,-0.769668,-0.001651,20.41600000000001
1772222733090880310,2026-02-27 15:05:33.090,16.8831,-1.13786,-83.0301,0.378987,-0.937221,0.029579,20.417
1772222733092056396,2026-02-27 15:05:33.092,12.0875,-3.87825,-89.8614,0.60702,-1.11232,-0.064661,20.41900000000001
1772222733093225433,2026-02-27 15:05:33.093,11.3484,-4.25287,-89.677,0.646377,-1.12682,-0.128447,20.42
1772222733094357291,2026-02-27 15:05:33.094,10.8882,-3.79609,-88.3012,0.637218,-1.11656,-0.160201,20.421000000000006
1772222733095561359,2026-02-27 15:05:33.095,10.8779,-3.10871,-86.2148,0.587137,-1.07331,-0.125122,20.42200000000001
1772222733096694236,2026-02-27 15:05:33.096,11.0086,-3.32269,-83.4864,0.515616,-1.03794,-0.073507,20.423000000000002
1772222733097874601,2026-02-27 15:05:33.097,11.2817,-4.02607,-80.6759,0.429203,-1.0138,-0.044767,20.424000000000007
1772222733099048679,2026-02-27 15:05:33.099,11.3838,-4.70392,-77.7151,0.3238,-0.999192,-0.034883,20.426000000000002
1772222733100204374,2026-02-27 15:05:33.100,10.0317,-6.09758,-70.3215,0.126536,-0.929017,-0.024873,20.427000000000007
1772222733101336082,2026-02-27 15:05:33.101,8.50245,-6.82681,-66.7297,0.052314,-0.862926,-0.007021,20.42800000000001
1772222733102554158,2026-02-27 15:05:33.102,6.82515,-7.43682,-63.7829,-0.010708,-0.782551,0.016627,20.429000000000002
1772222733103687773,2026-02-27 15:05:33.103,5.21432,-7.93409,-60.5583,-0.065847,-0.694493,0.032812,20.430000000000007
1772222733104863818,2026-02-27 15:05:33.104,3.74772,-8.29894,-57.032,-0.120716,-0.608668,0.04364,20.43100000000001
1772222733106037845,2026-02-27 15:05:33.106,2.62537,-8.60212,-53.5614,-0.17465,-0.532559,0.051235,20.433000000000007
1772222733107178069,2026-02-27 15:05:33.107,1.21414,-9.15251,-46.9611,-0.271824,-0.400006,0.058622,20.43400000000001
1772222733108310860,2026-02-27 15:05:33.108,0.840887,-9.40902,-43.9237,-0.313365,-0.34799,0.059789,20.435000000000002
1772222733109521921,2026-02-27 15:05:33.109,0.558893,-9.72328,-40.4701,-0.351842,-0.305708,0.056612,20.436000000000007
1772222733110655189,2026-02-27 15:05:33.110,0.427284,-9.93088,-37.091,-0.388421,-0.271108,0.052668,20.437000000000012
1772222733111834790,2026-02-27 15:05:33.111,0.401298,-10.1178,-34.2245,-0.415424,-0.245314,0.049792,20.438000000000002
1772222733113032391,2026-02-27 15:05:33.113,0.433393,-10.2604,-31.7016,-0.443456,-0.225933,0.049568,20.440000000000012
1772222733114173717,2026-02-27 15:05:33.114,0.587205,-10.3977,-28.25,-0.47957,-0.204634,0.050661,20.441000000000003
1772222733115318055,2026-02-27 15:05:33.115,0.674794,-10.4471,-26.8803,-0.492506,-0.199025,0.049702,20.442000000000007
1772222733116537862,2026-02-27 15:05:33.116,0.753698,-10.3727,-25.0163,-0.499573,-0.197042,0.041791,20.443000000000012
1772222733117668960,2026-02-27 15:05:33.117,0.868555,-10.455,-24.8208,-0.507795,-0.198179,0.046118,20.444000000000003
1772222733118848443,2026-02-27 15:05:33.118,0.91264,-10.462,-24.5519,-0.511673,-0.199969,0.048532,20.445000000000007
1772222733120046890,2026-02-27 15:05:33.120,1.03267,-10.4571,-24.8317,-0.514198,-0.204171,0.054089,20.447000000000003
1772222733121192256,2026-02-27 15:05:33.121,1.2346,-10.4713,-25.1146,-0.517709,-0.216843,0.056916,20.448000000000008
1772222733122336865,2026-02-27 15:05:33.122,1.32405,-10.4455,-25.4789,-0.518456,-0.223715,0.056552,20.449000000000012
1772222733123548960,2026-02-27 15:05:33.123,1.39631,-10.4246,-25.9478,-0.51799,-0.231257,0.0566,20.450000000000003
1772222733124684391,2026-02-27 15:05:33.124,1.58414,-10.6254,-27.7779,-0.522482,-0.242348,0.065485,20.451000000000008
1772222733125860652,2026-02-27 15:05:33.125,1.6723,-10.7131,-28.2851,-0.521729,-0.250764,0.062045,20.452000000000012
1772222733127062432,2026-02-27 15:05:33.127,1.65613,-10.737,-29.1603,-0.524363,-0.259514,0.06142,20.454000000000008
1772222733128219299,2026-02-27 15:05:33.128,1.68159,-10.9882,-30.3292,-0.526531,-0.277744,0.052521,20.455000000000013
1772222733129363818,2026-02-27 15:05:33.129,1.74438,-11.0751,-31.2433,-0.525269,-0.286315,0.052089,20.456000000000003
1772222733130559595,2026-02-27 15:05:33.130,1.67983,-11.1706,-32.2997,-0.530435,-0.294732,0.050868,20.457000000000008
1772222733131694612,2026-02-27 15:05:33.131,1.8031,-11.3026,-33.2037,-0.527165,-0.307518,0.052195,20.458000000000013
1772222733132893524,2026-02-27 15:05:33.132,1.88113,-11.4105,-33.2217,-0.52323,-0.322196,0.045549,20.459000000000003
1772222733134091206,2026-02-27 15:05:33.134,1.91011,-11.5569,-33.7214,-0.526299,-0.334002,0.046784,20.461000000000013
1772222733135229298,2026-02-27 15:05:33.135,2.39548,-11.6841,-35.4255,-0.520833,-0.365862,0.055914,20.462000000000003
1772222733136370739,2026-02-27 15:05:33.136,2.61876,-11.786,-36.1952,-0.520509,-0.381942,0.061748,20.463000000000008
1772222733137568077,2026-02-27 15:05:33.137,2.85911,-11.8649,-36.3828,-0.520216,-0.399532,0.065792,20.464
1772222733138700214,2026-02-27 15:05:33.138,3.10861,-11.8499,-36.413,-0.523748,-0.417719,0.067334,20.465000000000003
1772222733139879267,2026-02-27 15:05:33.139,3.42144,-11.8566,-36.1909,-0.520187,-0.4351,0.071454,20.466000000000008
1772222733141077897,2026-02-27 15:05:33.141,3.7601,-11.8268,-36.1631,-0.519959,-0.453061,0.077119,20.468000000000004
1772222733142245833,2026-02-27 15:05:33.142,4.38772,-11.7923,-35.6854,-0.519322,-0.487386,0.086114,20.46900000000001
1772222733143400979,2026-02-27 15:05:33.143,4.72646,-11.8042,-35.0014,-0.521482,-0.502178,0.087962,20.47
1772222733144539327,2026-02-27 15:05:33.144,5.03244,-11.799,-33.9472,-0.524112,-0.517129,0.085977,20.471000000000004
1772222733145667634,2026-02-27 15:05:33.145,5.35976,-11.7054,-33.0965,-0.522606,-0.531603,0.087413,20.47200000000001
1772222733146866601,2026-02-27 15:05:33.146,5.57336,-11.6455,-32.4781,-0.520899,-0.544895,0.089821,20.473
1772222733148066282,2026-02-27 15:05:33.148,5.85133,-11.6265,-31.8429,-0.526189,-0.556411,0.092648,20.47500000000001
1772222733149238974,2026-02-27 15:05:33.149,6.2651,-11.4984,-29.4915,-0.524967,-0.577228,0.085785,20.476
1772222733150391844,2026-02-27 15:05:33.150,6.42988,-11.3987,-29.4641,-0.526089,-0.585139,0.091195,20.477000000000004
1772222733151556213,2026-02-27 15:05:33.151,6.59715,-11.3225,-28.9151,-0.52429,-0.591538,0.091791,20.47800000000001
1772222733152729246,2026-02-27 15:05:33.152,6.66799,-11.1734,-29.1351,-0.519071,-0.594803,0.09785,20.479
1772222733153926540,2026-02-27 15:05:33.153,6.76983,-11.061,-29.0769,-0.515932,-0.597949,0.101843,20.480000000000004
1772222733155125161,2026-02-27 15:05:33.155,6.78115,-10.9015,-28.788,-0.510872,-0.598341,0.101554,20.482
1772222733156281254,2026-02-27 15:05:33.156,6.74273,-10.6032,-28.6024,-0.500057,-0.593883,0.101787,20.483000000000004
1772222733157434107,2026-02-27 15:05:33.157,6.66596,-10.4589,-29.4259,-0.492582,-0.589923,0.10967,20.48400000000001
1772222733158591097,2026-02-27 15:05:33.158,6.57136,-10.3424,-29.6032,-0.486074,-0.585756,0.10891,20.485
1772222733159769261,2026-02-27 15:05:33.159,6.49524,-10.125,-29.5473,-0.475208,-0.579222,0.107097,20.486000000000004
1772222733160968036,2026-02-27 15:05:33.160,6.30901,-9.98051,-29.2432,-0.467502,-0.571186,0.101083,20.48700000000001
1772222733162142742,2026-02-27 15:05:33.162,6.14656,-9.86618,-29.2148,-0.46133,-0.562521,0.096768,20.489000000000004
1772222733163295897,2026-02-27 15:05:33.163,5.74288,-9.61198,-29.657,-0.442239,-0.540283,0.093117,20.49000000000001
1772222733164447932,2026-02-27 15:05:33.164,5.51948,-9.49911,-29.9637,-0.436872,-0.528037,0.090076,20.491
1772222733165675486,2026-02-27 15:05:33.165,5.34042,-9.38069,-29.8273,-0.423191,-0.515828,0.085296,20.492000000000004
1772222733166852871,2026-02-27 15:05:33.166,5.08686,-9.25669,-29.5332,-0.414053,-0.501428,0.077743,20.49300000000001
1772222733168049792,2026-02-27 15:05:33.168,4.79765,-9.23667,-30.1194,-0.411488,-0.488731,0.07981,20.495000000000005
1772222733169222947,2026-02-27 15:05:33.169,4.57122,-9.10542,-30.6558,-0.403815,-0.475119,0.080954,20.49600000000001
1772222733170374929,2026-02-27 15:05:33.170,4.0825,-8.99074,-31.6899,-0.391804,-0.446442,0.083324,20.497
1772222733171496294,2026-02-27 15:05:33.171,3.83841,-8.97027,-31.8857,-0.390018,-0.431227,0.081895,20.498000000000005
1772222733172622129,2026-02-27 15:05:33.172,3.56239,-8.86271,-32.0005,-0.382807,-0.417149,0.080707,20.49900000000001
1772222733173797581,2026-02-27 15:05:33.173,3.39963,-8.87119,-32.1726,-0.379152,-0.403395,0.079076,20.5
1772222733174994526,2026-02-27 15:05:33.174,3.07629,-8.8158,-33.5008,-0.374977,-0.386683,0.088862,20.501000000000005
1772222733176193395,2026-02-27 15:05:33.176,2.86467,-8.78305,-33.2215,-0.371306,-0.371999,0.083459,20.503
1772222733177335610,2026-02-27 15:05:33.177,2.26556,-8.71643,-32.9003,-0.36853,-0.33984,0.077184,20.504000000000005
1772222733178500239,2026-02-27 15:05:33.178,2.0255,-8.61514,-32.7186,-0.365454,-0.325765,0.074126,20.50500000000001
1772222733179628954,2026-02-27 15:05:33.179,1.73531,-8.60383,-32.8606,-0.362825,-0.308532,0.073803,20.506
1772222733180803953,2026-02-27 15:05:33.180,1.4424,-8.62368,-32.8308,-0.360697,-0.292301,0.072069,20.507000000000005
1772222733182000215,2026-02-27 15:05:33.182,1.11542,-8.57774,-32.9114,-0.360133,-0.272968,0.071532,20.509
1772222733183197018,2026-02-27 15:05:33.183,0.776365,-8.57899,-32.0222,-0.354092,-0.254883,0.059896,20.510000000000005
1772222733184357756,2026-02-27 15:05:33.184,0.135824,-8.57846,-32.2933,-0.351985,-0.215513,0.060209,20.51100000000001
1772222733185491280,2026-02-27 15:05:33.185,-0.188347,-8.49967,-32.8622,-0.349035,-0.195186,0.062871,20.512
1772222733186617129,2026-02-27 15:05:33.186,-0.510329,-8.45775,-33.3319,-0.347293,-0.173569,0.065949,20.513000000000005
1772222733187817426,2026-02-27 15:05:33.187,-0.824657,-8.42218,-33.3974,-0.34447,-0.152686,0.063296,20.51400000000001
1772222733189018966,2026-02-27 15:05:33.189,-1.18539,-8.44464,-33.3769,-0.341804,-0.130221,0.063007,20.516000000000005
1772222733190215844,2026-02-27 15:05:33.190,-1.58759,-8.42342,-33.4097,-0.340195,-0.109651,0.061247,20.51700000000001
1772222733191370072,2026-02-27 15:05:33.191,-2.32282,-8.39206,-34.5705,-0.337217,-0.061957,0.066801,20.518
1772222733192491037,2026-02-27 15:05:33.192,-2.67448,-8.37097,-34.1991,-0.334132,-0.040319,0.062687,20.519000000000005
1772222733193616829,2026-02-27 15:05:33.193,-3.08875,-8.36516,-33.8485,-0.334485,-0.017382,0.058284,20.52000000000001
1772222733194783173,2026-02-27 15:05:33.194,-3.40629,-8.4139,-33.4642,-0.338616,0.003521,0.051843,20.521
1772222733195977786,2026-02-27 15:05:33.195,-3.7631,-8.35657,-33.3438,-0.33696,0.025907,0.048641,20.522000000000006
1772222733197178675,2026-02-27 15:05:33.197,-4.08323,-8.33544,-33.3372,-0.332628,0.047717,0.047535,20.524
1772222733198352911,2026-02-27 15:05:33.198,-4.89139,-8.29819,-33.0548,-0.334241,0.092613,0.043622,20.525000000000006
1772222733199490691,2026-02-27 15:05:33.199,-5.19572,-8.27345,-31.8905,-0.331833,0.112475,0.033525,20.52600000000001
1772222733200616134,2026-02-27 15:05:33.200,-5.49289,-8.21464,-32.2926,-0.327964,0.135019,0.035812,20.527
1772222733201790089,2026-02-27 15:05:33.201,-5.80256,-8.24534,-32.0487,-0.331752,0.153416,0.035325,20.528000000000006
1772222733202986250,2026-02-27 15:05:33.202,-6.14539,-8.17332,-32.5837,-0.327585,0.174597,0.039094,20.52900000000001
1772222733204183343,2026-02-27 15:05:33.204,-6.39097,-8.17351,-32.6122,-0.331453,0.19281,0.039933,20.531000000000006
1772222733205361461,2026-02-27 15:05:33.205,-7.00906,-8.08709,-32.2961,-0.330869,0.230773,0.037602,20.53200000000001
1772222733206498818,2026-02-27 15:05:33.206,-7.30265,-8.04291,-32.1512,-0.328614,0.248822,0.03701,20.533
1772222733207627629,2026-02-27 15:05:33.207,-7.51784,-8.02331,-33.0381,-0.327988,0.26761,0.04493,20.534000000000006
1772222733208798944,2026-02-27 15:05:33.208,-7.79303,-7.93957,-32.7784,-0.327661,0.284667,0.042251,20.53500000000001
1772222733209996036,2026-02-27 15:05:33.209,-8.11721,-7.87818,-32.6487,-0.324349,0.303129,0.040839,20.536
1772222733211196233,2026-02-27 15:05:33.211,-8.45258,-7.89446,-32.0447,-0.325679,0.320267,0.03509,20.53800000000001
1772222733212367121,2026-02-27 15:05:33.212,-9.02635,-7.89454,-31.6707,-0.321708,0.353822,0.030292,20.539
1772222733213498871,2026-02-27 15:05:33.213,-9.28227,-7.88594,-31.7761,-0.321648,0.370486,0.030564,20.540000000000006
1772222733214630324,2026-02-27 15:05:33.214,-9.59834,-7.89393,-31.7336,-0.321752,0.387928,0.02986,20.54100000000001
1772222733215847007,2026-02-27 15:05:33.215,-9.89139,-7.90154,-31.2028,-0.321333,0.404923,0.023021,20.542
1772222733217048296,2026-02-27 15:05:33.217,-10.1209,-7.92764,-30.8755,-0.322324,0.421499,0.019419,20.54400000000001
1772222733218253213,2026-02-27 15:05:33.218,-10.4523,-8.00759,-31.2334,-0.325635,0.4387,0.020535,20.545
1772222733219427558,2026-02-27 15:05:33.219,-11.0432,-8.04042,-32.3433,-0.323936,0.473181,0.027665,20.546000000000006
1772222733220599770,2026-02-27 15:05:33.220,-11.3558,-8.08522,-32.4841,-0.328853,0.491852,0.026719,20.54700000000001
1772222733221826556,2026-02-27 15:05:33.221,-11.6567,-8.08503,-32.5846,-0.327928,0.509378,0.026165,20.548000000000002
1772222733223026543,2026-02-27 15:05:33.223,-11.9454,-8.09383,-32.6706,-0.325754,0.528301,0.026681,20.55000000000001
1772222733224226587,2026-02-27 15:05:33.224,-12.1395,-8.17367,-32.9507,-0.324268,0.546659,0.025923,20.551000000000002
1772222733225405439,2026-02-27 15:05:33.225,-12.8053,-8.2483,-33.6481,-0.330675,0.581407,0.031631,20.552000000000007
1772222733226592810,2026-02-27 15:05:33.226,-13.0568,-8.33009,-33.6939,-0.330846,0.600384,0.029068,20.55300000000001
1772222733227819467,2026-02-27 15:05:33.227,-13.3894,-8.38285,-33.303,-0.331173,0.619364,0.024882,20.554000000000002
1772222733229019608,2026-02-27 15:05:33.229,-13.7279,-8.42971,-33.1488,-0.339645,0.637319,0.022125,20.55600000000001
1772222733230225371,2026-02-27 15:05:33.230,-14.0355,-8.50917,-33.2511,-0.336364,0.655275,0.022001,20.557000000000002
1772222733231401990,2026-02-27 15:05:33.231,-14.3421,-8.6076,-33.2544,-0.3452,0.673718,0.021659,20.558000000000007
1772222733232573256,2026-02-27 15:05:33.232,-14.9911,-8.65869,-32.2664,-0.346342,0.712206,0.009772,20.55900000000001
1772222733233705145,2026-02-27 15:05:33.233,-15.3373,-8.73468,-32.6937,-0.347714,0.732931,0.012344,20.560000000000002
1772222733234906466,2026-02-27 15:05:33.234,-15.679,-8.76574,-32.7156,-0.352883,0.753554,0.01188,20.561000000000007
1772222733236111799,2026-02-27 15:05:33.236,-16.0446,-8.84753,-33.3548,-0.356316,0.775267,0.015566,20.563000000000002
1772222733237313387,2026-02-27 15:05:33.237,-16.3643,-8.89286,-33.7803,-0.360667,0.798238,0.017831,20.564000000000007
1772222733238503808,2026-02-27 15:05:33.238,-17.1498,-9.15085,-33.8887,-0.374409,0.843082,0.013916,20.565000000000012
1772222733239642209,2026-02-27 15:05:33.239,-17.4585,-9.22191,-33.9642,-0.378812,0.866264,0.012505,20.566000000000003
1772222733240818577,2026-02-27 15:05:33.240,-17.7793,-9.31339,-34.6621,-0.382617,0.888618,0.019101,20.567000000000007
1772222733242018904,2026-02-27 15:05:33.242,-18.0955,-9.50941,-34.9335,-0.39023,0.910046,0.019399,20.569000000000003
1772222733243218353,2026-02-27 15:05:33.243,-18.4578,-9.54815,-34.8354,-0.392498,0.932047,0.016272,20.570000000000007
1772222733244392976,2026-02-27 15:05:33.244,-18.7625,-9.71857,-34.4171,-0.403305,0.951313,0.010515,20.571000000000012
1772222733245529782,2026-02-27 15:05:33.245,-19.3677,-10.0268,-33.8314,-0.420244,0.990154,0.003458,20.572000000000003
1772222733246681298,2026-02-27 15:05:33.246,-19.6261,-10.1861,-33.8689,-0.430396,1.008,0.002163,20.573000000000008
1772222733247875623,2026-02-27 15:05:33.247,-19.8296,-10.3413,-33.7395,-0.44139,1.02334,0.000311,20.574000000000012
1772222733249077409,2026-02-27 15:05:33.249,-20.077,-10.4902,-33.409,-0.452654,1.03956,-0.004411,20.576000000000008
1772222733250283075,2026-02-27 15:05:33.250,-20.3221,-10.6098,-32.5229,-0.456759,1.05572,-0.012719,20.577000000000012
1772222733251483049,2026-02-27 15:05:33.251,-20.6747,-10.8424,-32.8071,-0.476361,1.08231,-0.011047,20.578000000000003
1772222733252626382,2026-02-27 15:05:33.252,-20.7719,-11.0534,-33.1582,-0.48774,1.09533,-0.007676,20.579000000000008
1772222733253760265,2026-02-27 15:05:33.253,-20.9501,-11.2164,-33.1525,-0.498468,1.10646,-0.009333,20.580000000000013
1772222733254890727,2026-02-27 15:05:33.254,-21.0308,-11.4347,-32.9731,-0.50976,1.1162,-0.009262,20.581000000000003
1772222733256093668,2026-02-27 15:05:33.256,-21.2181,-11.6249,-32.7049,-0.525524,1.12611,-0.010872,20.583000000000013
1772222733257268225,2026-02-27 15:05:33.257,-21.3178,-11.7151,-32.5829,-0.534339,1.13556,-0.011336,20.584000000000003
1772222733258410029,2026-02-27 15:05:33.258,-21.573,-12.0919,-32.9093,-0.562668,1.15417,-0.006681,20.585000000000008
1772222733259572560,2026-02-27 15:05:33.259,-21.7227,-12.2005,-32.7276,-0.570711,1.1622,-0.007057,20.586000000000013
1772222733260719539,2026-02-27 15:05:33.260,-21.7814,-12.3012,-31.913,-0.58194,1.17092,-0.01383,20.587000000000003
1772222733261906487,2026-02-27 15:05:33.261,-21.9359,-12.4427,-31.4072,-0.595315,1.17903,-0.01736,20.588000000000008
1772222733263078985,2026-02-27 15:05:33.263,-21.9756,-12.6006,-31.1798,-0.605787,1.18758,-0.018286,20.590000000000003
1772222733264262916,2026-02-27 15:05:33.264,-22.0707,-12.7542,-30.9526,-0.61373,1.19302,-0.019293,20.591000000000008
1772222733265444552,2026-02-27 15:05:33.265,-22.118,-12.8524,-30.7507,-0.622858,1.19843,-0.01948,20.592
1772222733266606778,2026-02-27 15:05:33.266,-22.3109,-13.1021,-29.2857,-0.646823,1.21199,-0.030084,20.593000000000004
1772222733267758017,2026-02-27 15:05:33.267,-22.2975,-13.2998,-29.1436,-0.657211,1.21569,-0.030394,20.59400000000001
1772222733268929241,2026-02-27 15:05:33.268,-22.3771,-13.4745,-29.3822,-0.669979,1.22003,-0.025782,20.595
1772222733270108179,2026-02-27 15:05:33.270,-22.4119,-13.6105,-29.5897,-0.682059,1.22505,-0.022648,20.59700000000001
1772222733271281571,2026-02-27 15:05:33.271,-22.429,-13.7561,-29.3271,-0.693419,1.22791,-0.022854,20.598
1772222733272426143,2026-02-27 15:05:33.272,-22.4707,-13.8557,-29.0949,-0.699609,1.23185,-0.02444,20.599000000000004
1772222733273612071,2026-02-27 15:05:33.273,-22.4978,-14.0316,-28.8472,-0.71803,1.23667,-0.022706,20.60000000000001
1772222733274881019,2026-02-27 15:05:33.274,-22.5251,-14.0995,-29.3288,-0.727801,1.23941,-0.014909,20.601
1772222733276053513,2026-02-27 15:05:33.276,-22.5063,-14.3169,-28.7317,-0.737871,1.24124,-0.019433,20.60300000000001
1772222733277226110,2026-02-27 15:05:33.277,-22.5493,-14.3615,-28.3429,-0.746606,1.24206,-0.020268,20.604
1772222733278402837,2026-02-27 15:05:33.278,-22.5608,-14.5447,-27.1929,-0.761264,1.24249,-0.025595,20.605000000000004
1772222733279573583,2026-02-27 15:05:33.279,-22.5611,-14.5969,-26.891,-0.769042,1.24316,-0.025416,20.60600000000001
1772222733280720762,2026-02-27 15:05:33.280,-22.5818,-14.6194,-26.7069,-0.773736,1.24338,-0.025844,20.607
1772222733281894474,2026-02-27 15:05:33.281,-22.6168,-14.6367,-26.3455,-0.779367,1.24545,-0.025356,20.608000000000004
1772222733283067520,2026-02-27 15:05:33.283,-22.5929,-14.6594,-25.0425,-0.784015,1.24615,-0.03481,20.61
1772222733284240500,2026-02-27 15:05:33.284,-22.568,-14.654,-25.3045,-0.787269,1.24495,-0.03224,20.611000000000004
1772222733285425653,2026-02-27 15:05:33.285,-22.6414,-14.8121,-25.2224,-0.796363,1.24702,-0.02349,20.61200000000001
1772222733286591502,2026-02-27 15:05:33.286,-22.6875,-14.8446,-25.1104,-0.794086,1.24262,-0.022024,20.613
1772222733287738943,2026-02-27 15:05:33.287,-22.8298,-14.82,-24.0082,-0.770817,1.20411,-0.019404,20.614000000000004
1772222733288911317,2026-02-27 15:05:33.288,-22.9536,-14.8792,-20.1137,-0.659607,1.01697,-0.006752,20.61500000000001
1772222733290084617,2026-02-27 15:05:33.290,-21.5414,-14.0276,-16.7683,-0.57969,0.89327,-0.002364,20.617000000000004
1772222733291257037,2026-02-27 15:05:33.291,-20.2334,-13.1039,-12.6522,-0.437601,0.625588,0.017323,20.61800000000001
1772222733292432192,2026-02-27 15:05:33.292,-13.7334,-9.27008,-7.7885,-0.28234,0.35206,0.031503,20.619
1772222733293591350,2026-02-27 15:05:33.293,-10.5986,-7.14333,-6.93625,-0.228515,0.271008,0.035397,20.620000000000005
