abs_timestamp_ns,human_time,fx,fy,fz,tx,ty,tz,mocap_ref_time
1772222730248486233,2026-02-27 15:05:30.248,-15.8001,-19.4983,-37.9243,-0.850252,0.85534,-0.091607,17.575000000000003
1772222730249618945,2026-02-27 15:05:30.249,-16.1213,-19.5462,-38.1141,-0.849089,0.869104,-0.091096,17.576000000000008
1772222730250797611,2026-02-27 15:05:30.250,-16.3717,-19.6812,-37.2711,-0.854202,0.885499,-0.105438,17.577000000000012
1772222730251969269,2026-02-27 15:05:30.251,-16.5977,-19.8185,-37.8559,-0.863645,0.900128,-0.103988,17.578000000000003
1772222730253141834,2026-02-27 15:05:30.253,-16.9817,-20.0236,-38.8925,-0.872856,0.922953,-0.10221,17.580000000000013
1772222730254342903,2026-02-27 15:05:30.254,-17.1533,-20.1376,-39.4202,-0.876518,0.933786,-0.102918,17.581000000000003
1772222730255560842,2026-02-27 15:05:30.255,-17.318,-20.2365,-39.5683,-0.880963,0.941685,-0.105734,17.582000000000008
1772222730256691363,2026-02-27 15:05:30.256,-17.4481,-20.3731,-39.6576,-0.887884,0.949909,-0.108187,17.583000000000013
1772222730257842585,2026-02-27 15:05:30.257,-17.5708,-20.4616,-39.7093,-0.893172,0.95657,-0.110113,17.584000000000003
1772222730259038222,2026-02-27 15:05:30.259,-17.7319,-20.6423,-40.7067,-0.900372,0.965665,-0.104549,17.586000000000013
1772222730260167172,2026-02-27 15:05:30.260,-17.6346,-20.7846,-40.7269,-0.902463,0.966323,-0.107524,17.587000000000003
1772222730261366032,2026-02-27 15:05:30.261,-17.7076,-20.8275,-40.2453,-0.910829,0.965607,-0.113385,17.588000000000008
1772222730262588164,2026-02-27 15:05:30.262,-17.6265,-20.8897,-39.8755,-0.911367,0.962768,-0.116862,17.589
1772222730263720263,2026-02-27 15:05:30.263,-17.6645,-20.9991,-39.7646,-0.920906,0.961011,-0.118935,17.590000000000003
1772222730264888810,2026-02-27 15:05:30.264,-17.5097,-21.0676,-39.798,-0.919537,0.957246,-0.119635,17.591000000000008
1772222730266081267,2026-02-27 15:05:30.266,-17.3841,-21.1745,-39.3648,-0.925862,0.944378,-0.123951,17.593000000000004
1772222730267215029,2026-02-27 15:05:30.267,-17.3421,-21.1762,-38.5791,-0.927598,0.937481,-0.12903,17.59400000000001
1772222730268393942,2026-02-27 15:05:30.268,-17.143,-21.1768,-38.8473,-0.928744,0.928047,-0.125116,17.595
1772222730269575772,2026-02-27 15:05:30.269,-17.0172,-21.1974,-38.956,-0.93305,0.915918,-0.12111,17.596000000000004
1772222730270707045,2026-02-27 15:05:30.270,-16.8214,-21.2403,-39.2822,-0.935204,0.903408,-0.114661,17.59700000000001
1772222730271858707,2026-02-27 15:05:30.271,-16.5497,-21.244,-39.2464,-0.93527,0.889339,-0.110318,17.598
1772222730273043998,2026-02-27 15:05:30.273,-16.1017,-21.1881,-38.8546,-0.937645,0.855104,-0.104525,17.60000000000001
1772222730274224107,2026-02-27 15:05:30.274,-15.7964,-21.088,-38.7006,-0.936957,0.836315,-0.099565,17.601
1772222730275404623,2026-02-27 15:05:30.275,-15.5359,-21.1019,-39.7522,-0.936811,0.815938,-0.084828,17.602000000000004
1772222730276548338,2026-02-27 15:05:30.276,-15.1713,-21.0347,-39.1663,-0.940048,0.794028,-0.083776,17.60300000000001
1772222730277680916,2026-02-27 15:05:30.277,-14.7596,-20.9755,-38.9816,-0.936556,0.77182,-0.080054,17.604
1772222730278838745,2026-02-27 15:05:30.278,-14.5303,-20.9078,-38.3335,-0.940963,0.746886,-0.079723,17.605000000000004
1772222730280012243,2026-02-27 15:05:30.280,-14.1337,-20.8372,-38.0349,-0.933163,0.722555,-0.077724,17.607
1772222730281194080,2026-02-27 15:05:30.281,-13.3933,-20.6751,-37.6458,-0.927696,0.670986,-0.067559,17.608000000000004
1772222730282372628,2026-02-27 15:05:30.282,-13.0614,-20.5481,-37.6474,-0.921628,0.64654,-0.063556,17.60900000000001
1772222730283586450,2026-02-27 15:05:30.283,-12.6731,-20.3777,-36.6407,-0.919447,0.622487,-0.067423,17.61
1772222730284717077,2026-02-27 15:05:30.284,-12.2662,-20.3252,-36.7695,-0.91966,0.596422,-0.062827,17.611000000000004
1772222730285867360,2026-02-27 15:05:30.285,-12.088,-20.2712,-37.0216,-0.92184,0.570364,-0.058849,17.61200000000001
1772222730287041346,2026-02-27 15:05:30.287,-11.6024,-20.192,-37.7277,-0.916073,0.542531,-0.049537,17.614000000000004
1772222730288221204,2026-02-27 15:05:30.288,-10.8866,-20.0949,-38.4377,-0.909313,0.491148,-0.039549,17.61500000000001
1772222730289400115,2026-02-27 15:05:30.289,-10.5173,-19.974,-38.5859,-0.898351,0.467258,-0.037693,17.616
1772222730290549169,2026-02-27 15:05:30.290,-10.2743,-19.9457,-38.7007,-0.896333,0.443427,-0.035558,17.617000000000004
1772222730291681489,2026-02-27 15:05:30.291,-9.99671,-19.8237,-39.3944,-0.890835,0.423511,-0.028571,17.61800000000001
1772222730292835980,2026-02-27 15:05:30.292,-9.55288,-19.7155,-40.0159,-0.881587,0.402824,-0.022624,17.619
1772222730294008461,2026-02-27 15:05:30.294,-9.31568,-19.5966,-39.8799,-0.873957,0.386084,-0.024131,17.62100000000001
1772222730295179636,2026-02-27 15:05:30.295,-8.8626,-19.348,-39.398,-0.857307,0.353092,-0.028059,17.622
1772222730296358048,2026-02-27 15:05:30.296,-8.62121,-19.2519,-39.3072,-0.849833,0.338984,-0.028794,17.623000000000005
1772222730297540805,2026-02-27 15:05:30.297,-8.46488,-19.1209,-39.4842,-0.842659,0.325023,-0.026201,17.62400000000001
1772222730298672321,2026-02-27 15:05:30.298,-8.29467,-19.0189,-39.4446,-0.83527,0.312988,-0.025458,17.625
1772222730299848253,2026-02-27 15:05:30.299,-8.12976,-18.8485,-39.487,-0.830021,0.301941,-0.02478,17.626000000000005
1772222730301041727,2026-02-27 15:05:30.301,-7.99793,-18.7496,-38.3913,-0.823707,0.291593,-0.033095,17.628
1772222730302212910,2026-02-27 15:05:30.302,-7.63959,-18.5415,-39.025,-0.81003,0.271565,-0.025259,17.629000000000005
1772222730303392213,2026-02-27 15:05:30.303,-7.52329,-18.4268,-39.5555,-0.805712,0.263376,-0.018507,17.63000000000001
1772222730304548653,2026-02-27 15:05:30.304,-7.38116,-18.3449,-39.7549,-0.801802,0.254334,-0.01566,17.631
1772222730305679975,2026-02-27 15:05:30.305,-7.29647,-18.1816,-39.6828,-0.794112,0.246078,-0.013799,17.632000000000005
1772222730306834366,2026-02-27 15:05:30.306,-7.15436,-18.1327,-39.5541,-0.787784,0.236101,-0.011152,17.63300000000001
1772222730308011742,2026-02-27 15:05:30.308,-7.00584,-17.9903,-39.5186,-0.781438,0.227774,-0.009813,17.635000000000005
1772222730309183745,2026-02-27 15:05:30.309,-6.60299,-17.7449,-40.1697,-0.767142,0.21035,0.000972,17.63600000000001
1772222730310366553,2026-02-27 15:05:30.310,-6.47388,-17.6058,-39.9795,-0.761497,0.200624,0.003479,17.637
1772222730311496227,2026-02-27 15:05:30.311,-6.28175,-17.4562,-39.3214,-0.753582,0.190323,7.5e-05,17.638000000000005
1772222730312649607,2026-02-27 15:05:30.312,-6.14859,-17.2852,-39.025,-0.744078,0.179147,-0.001086,17.63900000000001
1772222730313805801,2026-02-27 15:05:30.313,-5.95644,-17.1817,-38.8082,-0.74052,0.168192,0.0005,17.64
1772222730314983826,2026-02-27 15:05:30.314,-5.78395,-17.0324,-38.8133,-0.733136,0.157184,0.001868,17.641000000000005
1772222730316235299,2026-02-27 15:05:30.316,-5.34927,-16.8305,-38.0582,-0.72134,0.128576,-0.000382,17.643
1772222730317429244,2026-02-27 15:05:30.317,-5.12079,-16.7142,-37.7197,-0.715313,0.116329,-0.001662,17.644000000000005
1772222730318559502,2026-02-27 15:05:30.318,-4.86289,-16.5914,-37.9014,-0.708062,0.101616,0.001947,17.64500000000001
1772222730319691372,2026-02-27 15:05:30.319,-4.69076,-16.4491,-38.2671,-0.701853,0.086273,0.008493,17.646
1772222730320866250,2026-02-27 15:05:30.320,-4.42744,-16.3781,-38.729,-0.695351,0.071691,0.014462,17.647000000000006
1772222730322065773,2026-02-27 15:05:30.322,-4.20772,-16.3177,-38.8005,-0.69082,0.057408,0.016561,17.649
1772222730323265306,2026-02-27 15:05:30.323,-3.74974,-16.0911,-38.9386,-0.677095,0.028744,0.020267,17.650000000000006
1772222730324481334,2026-02-27 15:05:30.324,-3.47395,-15.9959,-39.0509,-0.671277,0.013887,0.02258,17.65100000000001
1772222730325611404,2026-02-27 15:05:30.325,-3.27055,-15.938,-40.175,-0.665768,0.00061,0.033083,17.652
1772222730326747538,2026-02-27 15:05:30.326,-3.11402,-15.8612,-39.852,-0.660764,-0.012684,0.030741,17.653000000000006
1772222730327879182,2026-02-27 15:05:30.327,-2.93878,-15.7783,-39.9113,-0.654483,-0.024934,0.030968,17.65400000000001
1772222730329071202,2026-02-27 15:05:30.329,-2.75149,-15.6888,-39.5291,-0.649659,-0.036705,0.029049,17.656000000000006
1772222730330267780,2026-02-27 15:05:30.330,-2.47082,-15.6042,-39.59,-0.643254,-0.057783,0.029564,17.65700000000001
1772222730331484289,2026-02-27 15:05:30.331,-2.32009,-15.5962,-39.5917,-0.643346,-0.066346,0.030035,17.658
1772222730332615803,2026-02-27 15:05:30.332,-2.25934,-15.5027,-39.7484,-0.635889,-0.073543,0.032578,17.659000000000006
1772222730333745318,2026-02-27 15:05:30.333,-2.14961,-15.4809,-38.6274,-0.635944,-0.07984,0.0232,17.66000000000001
1772222730334920894,2026-02-27 15:05:30.334,-2.03798,-15.4847,-39.022,-0.634983,-0.085808,0.027725,17.661
1772222730336118595,2026-02-27 15:05:30.336,-1.9996,-15.4843,-39.1423,-0.633659,-0.089562,0.027507,17.66300000000001
1772222730337294462,2026-02-27 15:05:30.337,-1.99354,-15.4762,-40.2889,-0.631988,-0.092545,0.037849,17.664
1772222730338502876,2026-02-27 15:05:30.338,-1.94958,-15.4867,-40.2861,-0.631337,-0.091749,0.037608,17.665000000000006
1772222730339633852,2026-02-27 15:05:30.339,-2.07152,-15.5006,-40.373,-0.634224,-0.090023,0.037963,17.66600000000001
1772222730340809552,2026-02-27 15:05:30.340,-2.07552,-15.554,-40.3898,-0.636198,-0.086376,0.037404,17.667
1772222730342007336,2026-02-27 15:05:30.342,-2.10647,-15.5045,-41.2479,-0.634164,-0.081783,0.044211,17.66900000000001
1772222730343179726,2026-02-27 15:05:30.343,-2.20459,-15.6053,-41.6652,-0.635708,-0.074989,0.045557,17.67
1772222730344355785,2026-02-27 15:05:30.344,-2.48367,-15.623,-41.1144,-0.640196,-0.057015,0.038599,17.671000000000006
1772222730345573688,2026-02-27 15:05:30.345,-2.64376,-15.6995,-41.0243,-0.639527,-0.044496,0.034039,17.67200000000001
1772222730346708286,2026-02-27 15:05:30.346,-2.87505,-15.7207,-40.9924,-0.644454,-0.029665,0.031716,17.673000000000002
1772222730347887480,2026-02-27 15:05:30.347,-3.07474,-15.8432,-41.1662,-0.648773,-0.014449,0.029854,17.674000000000007
1772222730349084562,2026-02-27 15:05:30.349,-3.39227,-15.9169,-41.4027,-0.651307,0.003387,0.02805,17.676000000000002
1772222730350261861,2026-02-27 15:05:30.350,-3.6918,-15.9749,-41.3171,-0.654901,0.024556,0.023786,17.677000000000007
1772222730351437980,2026-02-27 15:05:30.351,-4.35818,-16.2356,-41.2659,-0.663522,0.067782,0.014681,17.67800000000001
1772222730352588506,2026-02-27 15:05:30.352,-4.72716,-16.391,-41.6424,-0.66927,0.093647,0.012383,17.679000000000002
1772222730353719684,2026-02-27 15:05:30.353,-5.06267,-16.526,-42.4569,-0.675947,0.116898,0.014768,17.680000000000007
1772222730354851009,2026-02-27 15:05:30.354,-5.50345,-16.6918,-42.7278,-0.68249,0.144043,0.011673,17.68100000000001
1772222730356050295,2026-02-27 15:05:30.356,-5.87183,-16.883,-42.932,-0.689082,0.170613,0.007927,17.683000000000007
1772222730357234817,2026-02-27 15:05:30.357,-6.28168,-17.0345,-43.0145,-0.697386,0.197581,0.004038,17.68400000000001
1772222730358414463,2026-02-27 15:05:30.358,-7.11979,-17.503,-44.4992,-0.717482,0.252441,0.007967,17.685000000000002
1772222730359552309,2026-02-27 15:05:30.359,-7.46388,-17.7447,-44.3799,-0.72916,0.279427,0.001254,17.686000000000007
1772222730360683395,2026-02-27 15:05:30.360,-7.92138,-17.9521,-44.464,-0.741815,0.306774,-0.002736,17.687000000000012
1772222730361857904,2026-02-27 15:05:30.361,-8.36234,-18.1576,-44.025,-0.756865,0.335148,-0.012066,17.688000000000002
1772222730363076501,2026-02-27 15:05:30.363,-8.68757,-18.4251,-43.7537,-0.767078,0.360935,-0.016962,17.690000000000012
1772222730364249034,2026-02-27 15:05:30.364,-9.07953,-18.6529,-43.8952,-0.782052,0.387271,-0.021493,17.691000000000003
1772222730365430940,2026-02-27 15:05:30.365,-9.88719,-19.1754,-43.8667,-0.813139,0.438081,-0.02848,17.692000000000007
1772222730366557557,2026-02-27 15:05:30.366,-10.3398,-19.4871,-43.0438,-0.82821,0.462858,-0.040586,17.693000000000012
1772222730367690131,2026-02-27 15:05:30.367,-10.6919,-19.7378,-42.8357,-0.84485,0.487908,-0.045616,17.694000000000003
1772222730368866339,2026-02-27 15:05:30.368,-11.0111,-20.0038,-42.9875,-0.855801,0.511815,-0.048173,17.695000000000007
1772222730370069985,2026-02-27 15:05:30.370,-11.4047,-20.2592,-43.3682,-0.871091,0.53663,-0.04728,17.697000000000003
1772222730371242325,2026-02-27 15:05:30.371,-11.6788,-20.5168,-43.6492,-0.887471,0.559822,-0.048964,17.698000000000008
1772222730372435253,2026-02-27 15:05:30.372,-12.3338,-21.0253,-43.3971,-0.911687,0.607397,-0.058278,17.699000000000012
1772222730373548534,2026-02-27 15:05:30.373,-12.605,-21.2816,-43.2872,-0.927306,0.627035,-0.063737,17.700000000000003
1772222730374675376,2026-02-27 15:05:30.374,-12.8386,-21.5426,-43.3291,-0.940393,0.647498,-0.06435,17.701000000000008
1772222730375880832,2026-02-27 15:05:30.375,-13.1599,-21.7777,-43.8912,-0.958459,0.664827,-0.060757,17.702000000000012
1772222730377079419,2026-02-27 15:05:30.377,-13.4171,-22.0565,-43.4061,-0.972202,0.681918,-0.067446,17.704000000000008
1772222730378213864,2026-02-27 15:05:30.378,-13.7131,-22.3117,-43.0105,-0.993332,0.698594,-0.073444,17.705000000000013
1772222730379410484,2026-02-27 15:05:30.379,-14.0464,-22.7424,-42.0192,-1.01818,0.722959,-0.080236,17.706000000000003
1772222730380549705,2026-02-27 15:05:30.380,-14.2787,-23.0243,-41.8419,-1.03305,0.73438,-0.080429,17.707000000000008
1772222730381682537,2026-02-27 15:05:30.381,-14.3501,-23.23,-41.634,-1.04914,0.743252,-0.07872,17.708000000000013
1772222730382858054,2026-02-27 15:05:30.382,-14.4749,-23.4876,-41.476,-1.06661,0.751897,-0.078984,17.709000000000003
1772222730384056727,2026-02-27 15:05:30.384,-14.5312,-23.6179,-40.1443,-1.07959,0.755731,-0.087162,17.711000000000013
1772222730385248205,2026-02-27 15:05:30.385,-14.5444,-23.7775,-40.3242,-1.08669,0.75811,-0.078554,17.712000000000003
1772222730386441133,2026-02-27 15:05:30.386,-14.6182,-23.9252,-40.545,-1.09781,0.755316,-0.064168,17.713000000000008
1772222730387561433,2026-02-27 15:05:30.387,-14.5164,-23.6367,-40.6101,-1.11052,0.754639,-0.070341,17.714
1772222730388694074,2026-02-27 15:05:30.388,-14.2922,-23.8887,-40.0804,-1.12333,0.745803,-0.064257,17.715000000000003
1772222730389871906,2026-02-27 15:05:30.389,-14.3677,-24.1965,-39.6197,-1.13574,0.737137,-0.054647,17.716000000000008
1772222730391070430,2026-02-27 15:05:30.391,-14.1686,-24.4851,-38.8141,-1.15372,0.729115,-0.044265,17.718000000000004
1772222730392264465,2026-02-27 15:05:30.392,-14.0673,-24.547,-39.1175,-1.17051,0.722675,-0.029614,17.71900000000001
1772222730393471694,2026-02-27 15:05:30.393,-13.6964,-24.236,-39.1013,-1.16786,0.695665,-0.012741,17.72
1772222730394604460,2026-02-27 15:05:30.394,-13.3822,-24.0419,-37.5601,-1.14983,0.67127,-0.026173,17.721000000000004
1772222730395754973,2026-02-27 15:05:30.395,-13.1129,-23.7801,-34.9846,-1.12872,0.651312,-0.032353,17.72200000000001
1772222730396953270,2026-02-27 15:05:30.396,-12.9032,-23.5224,-33.2128,-1.13521,0.6492,-0.025692,17.723
1772222730398155246,2026-02-27 15:05:30.398,-12.501,-22.896,-30.5106,-1.03566,0.61626,-0.018735,17.72500000000001
1772222730399329675,2026-02-27 15:05:30.399,-11.9308,-21.7779,-30.5989,-1.04063,0.63404,-0.019081,17.726
1772222730400534302,2026-02-27 15:05:30.400,-10.668,-19.8131,-29.2579,-0.951109,0.547358,-0.037884,17.727000000000004
1772222730401666934,2026-02-27 15:05:30.401,-7.2,-18.3285,-31.9622,-1.04392,0.557221,-0.141097,17.72800000000001
1772222730402839449,2026-02-27 15:05:30.402,-6.00666,-17.6909,-29.3201,-0.905343,0.345392,-0.204601,17.729
1772222730404035932,2026-02-27 15:05:30.404,-3.50402,-16.2267,-23.1618,-0.688639,0.026246,-0.176288,17.73100000000001
1772222730405236265,2026-02-27 15:05:30.405,0.306433,-13.8751,-24.0642,-0.660318,-0.071399,-0.140376,17.732
1772222730406411400,2026-02-27 15:05:30.406,3.32125,-11.4245,-23.3882,-0.550931,-0.194067,-0.126646,17.733000000000004
1772222730407555538,2026-02-27 15:05:30.407,10.0559,-5.86918,-20.5284,-0.4071,-0.388785,-0.131481,17.73400000000001
1772222730408686719,2026-02-27 15:05:30.408,12.9922,-3.56183,-20.6151,-0.349455,-0.478269,-0.137512,17.735
1772222730409863587,2026-02-27 15:05:30.409,14.8958,-1.83114,-17.5245,-0.245164,-0.550857,-0.143143,17.736000000000004
1772222730411061092,2026-02-27 15:05:30.411,16.3343,-0.236666,-16.3892,-0.20339,-0.580803,-0.143065,17.738
1772222730412257912,2026-02-27 15:05:30.412,17.3363,0.752102,-15.9991,-0.212538,-0.648486,-0.165341,17.739000000000004
1772222730413430793,2026-02-27 15:05:30.413,19.4657,2.47793,-23.2129,-0.353541,-0.656227,-0.224329,17.74000000000001
1772222730414554949,2026-02-27 15:05:30.414,20.8167,1.16993,-30.3429,-0.454725,-0.739602,-0.282307,17.741
1772222730415685377,2026-02-27 15:05:30.415,21.1452,0.148377,-34.5525,-0.550727,-0.713457,-0.283931,17.742000000000004
1772222730416860469,2026-02-27 15:05:30.416,20.3057,-1.18504,-37.5309,-0.565861,-0.617474,-0.25212,17.74300000000001
1772222730418057252,2026-02-27 15:05:30.418,18.4375,-2.36194,-39.5215,-0.575772,-0.532071,-0.202805,17.745000000000005
1772222730419254324,2026-02-27 15:05:30.419,16.7402,-3.04167,-40.1685,-0.555591,-0.439719,-0.166786,17.74600000000001
1772222730420426679,2026-02-27 15:05:30.420,14.9625,-3.51587,-40.6615,-0.523348,-0.365059,-0.138978,17.747
1772222730421549151,2026-02-27 15:05:30.421,11.7594,-4.07885,-40.7632,-0.485878,-0.232231,-0.123551,17.748000000000005
1772222730422680002,2026-02-27 15:05:30.422,10.5448,-4.64498,-40.3698,-0.495481,-0.192444,-0.130582,17.74900000000001
1772222730423857660,2026-02-27 15:05:30.423,9.75147,-5.45121,-39.631,-0.524918,-0.170174,-0.140938,17.75
1772222730425054233,2026-02-27 15:05:30.425,9.16565,-6.55424,-39.0715,-0.569576,-0.163053,-0.146213,17.75200000000001
1772222730426327986,2026-02-27 15:05:30.426,8.76438,-7.92112,-38.5078,-0.622337,-0.16284,-0.149024,17.753
1772222730427531211,2026-02-27 15:05:30.427,8.10124,-10.4726,-35.3672,-0.700823,-0.198732,-0.16266,17.754000000000005
1772222730428663906,2026-02-27 15:05:30.428,7.82437,-11.4367,-32.3549,-0.700719,-0.242268,-0.170328,17.75500000000001
1772222730429838075,2026-02-27 15:05:30.429,7.64427,-11.8085,-28.3844,-0.660927,-0.28623,-0.172516,17.756
1772222730431037944,2026-02-27 15:05:30.431,7.74431,-11.3231,-25.812,-0.63428,-0.288819,-0.174778,17.75800000000001
1772222730432238956,2026-02-27 15:05:30.432,7.86498,-10.4271,-23.4489,-0.570488,-0.293073,-0.171013,17.759
1772222730433410810,2026-02-27 15:05:30.433,8.53392,-8.82302,-22.6122,-0.540045,-0.272517,-0.167162,17.760000000000005
1772222730434550685,2026-02-27 15:05:30.434,10.558,-5.94512,-21.0058,-0.465127,-0.322932,-0.17101,17.76100000000001
1772222730435691844,2026-02-27 15:05:30.435,11.7461,-4.63995,-24.7013,-0.529478,-0.401623,-0.204152,17.762
1772222730436885687,2026-02-27 15:05:30.436,13.133,-4.04781,-25.7285,-0.488125,-0.438085,-0.213386,17.763000000000005
1772222730438088897,2026-02-27 15:05:30.438,13.8288,-4.19377,-21.7284,-0.37676,-0.52558,-0.199046,17.765
1772222730439288342,2026-02-27 15:05:30.439,13.8511,-3.74289,-16.4928,-0.238375,-0.536538,-0.159756,17.766000000000005
1772222730440479758,2026-02-27 15:05:30.440,15.929,-0.158665,-28.3951,-0.598634,-0.418452,-0.208601,17.76700000000001
1772222730441611964,2026-02-27 15:05:30.441,16.4153,-1.66787,-23.3834,-0.315198,-0.642019,-0.21005,17.768
1772222730442790293,2026-02-27 15:05:30.442,17.6171,-0.317411,-24.0636,-0.371427,-0.64113,-0.227582,17.769000000000005
1772222730443989590,2026-02-27 15:05:30.443,17.9467,-0.062096,-25.7269,-0.344829,-0.650771,-0.248778,17.77000000000001
1772222730445166418,2026-02-27 15:05:30.445,17.9519,-0.058,-24.2775,-0.322448,-0.647802,-0.250972,17.772000000000006
1772222730446369991,2026-02-27 15:05:30.446,18.4404,0.25045,-23.6783,-0.344027,-0.672216,-0.268567,17.77300000000001
1772222730447554700,2026-02-27 15:05:30.447,20.2869,1.56521,-30.8402,-0.549324,-0.620885,-0.328751,17.774
1772222730448698585,2026-02-27 15:05:30.448,19.52,0.331158,-34.524,-0.562037,-0.556497,-0.270308,17.775000000000006
1772222730449892813,2026-02-27 15:05:30.449,18.474,-0.695393,-34.9887,-0.537218,-0.540217,-0.227748,17.77600000000001
1772222730451093894,2026-02-27 15:05:30.451,17.7646,-1.38595,-35.2181,-0.504709,-0.551842,-0.214818,17.778000000000006
1772222730452296092,2026-02-27 15:05:30.452,17.4253,-1.71834,-36.512,-0.505795,-0.552996,-0.236457,17.77900000000001
1772222730453486077,2026-02-27 15:05:30.453,17.4019,-1.80042,-37.8695,-0.51343,-0.556807,-0.260408,17.78
1772222730454632011,2026-02-27 15:05:30.454,17.4338,-2.14802,-37.5184,-0.517602,-0.572896,-0.271162,17.781000000000006
1772222730455851081,2026-02-27 15:05:30.455,18.6021,-2.5171,-36.8927,-0.57402,-0.56702,-0.275946,17.78200000000001
1772222730457050522,2026-02-27 15:05:30.457,19.154,-2.9423,-38.4779,-0.626666,-0.529868,-0.264074,17.784000000000006
1772222730458258092,2026-02-27 15:05:30.458,19.6653,-3.36503,-41.1445,-0.694965,-0.496226,-0.240447,17.78500000000001
1772222730459446472,2026-02-27 15:05:30.459,19.3581,-4.11277,-45.3266,-0.802877,-0.433756,-0.216278,17.786
1772222730460597818,2026-02-27 15:05:30.460,17.473,-6.51787,-45.9179,-0.862744,-0.42429,-0.230842,17.787000000000006
1772222730461735734,2026-02-27 15:05:30.461,16.4657,-7.5227,-45.6578,-0.892233,-0.407832,-0.249906,17.78800000000001
1772222730462869297,2026-02-27 15:05:30.462,15.3997,-8.39801,-45.2098,-0.929375,-0.376717,-0.260385,17.789
1772222730464073140,2026-02-27 15:05:30.464,14.5293,-9.20949,-44.7507,-0.962635,-0.341264,-0.262161,17.79100000000001
1772222730465269849,2026-02-27 15:05:30.465,13.969,-9.98809,-43.7263,-0.990364,-0.316107,-0.259028,17.792
1772222730466473822,2026-02-27 15:05:30.466,13.5287,-10.6958,-42.4321,-1.01323,-0.296294,-0.253032,17.793000000000006
1772222730467604278,2026-02-27 15:05:30.467,12.9661,-11.9968,-39.1748,-1.04846,-0.282612,-0.252356,17.79400000000001
1772222730468735871,2026-02-27 15:05:30.468,12.837,-12.4742,-38.1343,-1.05989,-0.282837,-0.253488,17.795
1772222730469868274,2026-02-27 15:05:30.469,12.6109,-12.9375,-37.7708,-1.07571,-0.286149,-0.254548,17.796000000000006
1772222730471069769,2026-02-27 15:05:30.471,12.4118,-13.3203,-37.1639,-1.09052,-0.288248,-0.258433,17.798000000000002
1772222730472267783,2026-02-27 15:05:30.472,12.2509,-13.6723,-36.3161,-1.0943,-0.293035,-0.264268,17.799000000000007
1772222730473477995,2026-02-27 15:05:30.473,12.112,-13.8827,-35.6083,-1.09585,-0.300099,-0.267258,17.80000000000001
1772222730474609891,2026-02-27 15:05:30.474,12.168,-14.023,-34.9407,-1.06733,-0.326771,-0.259167,17.801000000000002
1772222730475758373,2026-02-27 15:05:30.475,12.2921,-13.6821,-34.6152,-1.03245,-0.345814,-0.254226,17.802000000000007
1772222730476929507,2026-02-27 15:05:30.476,12.6764,-13.0442,-34.1262,-0.995064,-0.36598,-0.251674,17.80300000000001
1772222730478068864,2026-02-27 15:05:30.478,13.1788,-12.1229,-33.4579,-0.946699,-0.389383,-0.253997,17.805000000000007
1772222730479253766,2026-02-27 15:05:30.479,13.8739,-11.0137,-32.9906,-0.896508,-0.42408,-0.256444,17.80600000000001
1772222730480436174,2026-02-27 15:05:30.480,14.6297,-9.78931,-32.7414,-0.838967,-0.458829,-0.259256,17.807000000000002
1772222730481591503,2026-02-27 15:05:30.481,16.2988,-7.3605,-33.321,-0.769977,-0.52075,-0.26708,17.808000000000007
1772222730482739627,2026-02-27 15:05:30.482,17.2571,-6.34135,-34.0311,-0.775119,-0.56769,-0.291856,17.80900000000001
1772222730483937432,2026-02-27 15:05:30.483,18.183,-5.68199,-33.8768,-0.797364,-0.611551,-0.331477,17.810000000000002
1772222730485134358,2026-02-27 15:05:30.485,19.0215,-5.41791,-34.6718,-0.823821,-0.651884,-0.353772,17.812000000000012
1772222730486326199,2026-02-27 15:05:30.486,19.452,-5.35139,-35.173,-0.846765,-0.665705,-0.361794,17.813000000000002
1772222730487525195,2026-02-27 15:05:30.487,19.4579,-5.73872,-35.5424,-0.854803,-0.662629,-0.352175,17.814000000000007
1772222730488655822,2026-02-27 15:05:30.488,18.5137,-6.06384,-34.2802,-0.793429,-0.648394,-0.319288,17.815000000000012
1772222730489811424,2026-02-27 15:05:30.489,17.9232,-5.72527,-34.4801,-0.758007,-0.617078,-0.303011,17.816000000000003
1772222730491008604,2026-02-27 15:05:30.491,17.4673,-5.16415,-34.9465,-0.730223,-0.58786,-0.292944,17.818000000000012
1772222730492207197,2026-02-27 15:05:30.492,17.1493,-4.71358,-36.3986,-0.710116,-0.568483,-0.275671,17.819000000000003
1772222730493408889,2026-02-27 15:05:30.493,17.0523,-4.35787,-36.3236,-0.693395,-0.557716,-0.280103,17.820000000000007
1772222730494557401,2026-02-27 15:05:30.494,17.0904,-4.1676,-36.5717,-0.686869,-0.554381,-0.279003,17.821000000000012
1772222730495686600,2026-02-27 15:05:30.495,17.2116,-4.21083,-36.5029,-0.698668,-0.551163,-0.277217,17.822000000000003
1772222730496860357,2026-02-27 15:05:30.496,17.2799,-4.33585,-36.7756,-0.711851,-0.54914,-0.273296,17.823000000000008
1772222730498057555,2026-02-27 15:05:30.498,17.2185,-4.37395,-37.2148,-0.721676,-0.543232,-0.272109,17.825000000000003
1772222730499254363,2026-02-27 15:05:30.499,17.0526,-4.40579,-37.6361,-0.729652,-0.533923,-0.270648,17.826000000000008
1772222730500472876,2026-02-27 15:05:30.500,16.8041,-4.30552,-37.0643,-0.735232,-0.517871,-0.277755,17.827000000000012
1772222730501604562,2026-02-27 15:05:30.501,16.5119,-4.22794,-37.4142,-0.735793,-0.498667,-0.274407,17.828000000000003
1772222730502737742,2026-02-27 15:05:30.502,15.6746,-4.24591,-38.2888,-0.736372,-0.454265,-0.256942,17.829000000000008
1772222730503868887,2026-02-27 15:05:30.503,15.2587,-4.21941,-38.8245,-0.738212,-0.428802,-0.247153,17.830000000000013
1772222730505068181,2026-02-27 15:05:30.505,14.8478,-4.24663,-39.0009,-0.739035,-0.403925,-0.239303,17.832000000000008
1772222730506265591,2026-02-27 15:05:30.506,14.3319,-4.24629,-39.0764,-0.744631,-0.379465,-0.235048,17.833000000000013
1772222730507478073,2026-02-27 15:05:30.507,13.9514,-4.33328,-39.065,-0.750352,-0.360551,-0.228226,17.834000000000003
1772222730508567160,2026-02-27 15:05:30.508,13.6561,-4.33885,-39.3723,-0.750545,-0.339743,-0.221924,17.835000000000008
1772222730509697601,2026-02-27 15:05:30.509,12.796,-4.33706,-39.7821,-0.758681,-0.301909,-0.210861,17.836000000000013
1772222730510853175,2026-02-27 15:05:30.510,12.3962,-4.34837,-39.5121,-0.756979,-0.282792,-0.209032,17.837000000000003
1772222730512048022,2026-02-27 15:05:30.512,12.0071,-4.29818,-39.0934,-0.755131,-0.265023,-0.208138,17.839
1772222730513245737,2026-02-27 15:05:30.513,11.6544,-4.28371,-38.8494,-0.749964,-0.247836,-0.205166,17.840000000000003
1772222730514442700,2026-02-27 15:05:30.514,11.2412,-4.24971,-38.7664,-0.749357,-0.230408,-0.199774,17.841000000000008
1772222730515566377,2026-02-27 15:05:30.515,10.9456,-4.16971,-38.6372,-0.742397,-0.212028,-0.194494,17.842
1772222730516698606,2026-02-27 15:05:30.516,10.5323,-4.06747,-38.4859,-0.736757,-0.195794,-0.189971,17.843000000000004
1772222730517853317,2026-02-27 15:05:30.517,9.87425,-3.93857,-37.4913,-0.723965,-0.170383,-0.18674,17.84400000000001
1772222730519050487,2026-02-27 15:05:30.519,9.69079,-3.85887,-37.0945,-0.716845,-0.162839,-0.181851,17.846000000000004
1772222730520246728,2026-02-27 15:05:30.520,9.49307,-3.76456,-37.3696,-0.706559,-0.157084,-0.173806,17.84700000000001
1772222730521443692,2026-02-27 15:05:30.521,9.39081,-3.70456,-37.3254,-0.691077,-0.156113,-0.170604,17.848
1772222730522574330,2026-02-27 15:05:30.522,9.19464,-3.58967,-36.8197,-0.68272,-0.156729,-0.17018,17.849000000000004
1772222730523705358,2026-02-27 15:05:30.523,9.22129,-3.24153,-35.7064,-0.650287,-0.167802,-0.170682,17.85000000000001
1772222730524883864,2026-02-27 15:05:30.524,9.23898,-3.14357,-36.1785,-0.629058,-0.180973,-0.162995,17.851
1772222730526080309,2026-02-27 15:05:30.526,9.37341,-2.83159,-35.4205,-0.609427,-0.198811,-0.165864,17.85300000000001
1772222730527276167,2026-02-27 15:05:30.527,9.53318,-2.60374,-34.6145,-0.587715,-0.215115,-0.1696,17.854
1772222730528447940,2026-02-27 15:05:30.528,9.79406,-2.29503,-33.3326,-0.559351,-0.237656,-0.177126,17.855000000000004
1772222730529615332,2026-02-27 15:05:30.529,10.0171,-1.98131,-32.2604,-0.532389,-0.25869,-0.180738,17.85600000000001
1772222730530749091,2026-02-27 15:05:30.530,10.8304,-1.41884,-30.1022,-0.465752,-0.323284,-0.19208,17.857
1772222730531904948,2026-02-27 15:05:30.531,11.4412,-0.903254,-29.4956,-0.439524,-0.352097,-0.195317,17.858000000000004
1772222730533077381,2026-02-27 15:05:30.533,11.9881,-0.032947,-29.8406,-0.458002,-0.348333,-0.198136,17.86
1772222730534382130,2026-02-27 15:05:30.534,12.2351,0.190181,-28.7581,-0.444808,-0.387548,-0.2172,17.861000000000004
1772222730535555749,2026-02-27 15:05:30.535,12.7744,0.341693,-27.6949,-0.41522,-0.425041,-0.22826,17.86200000000001
1772222730536689227,2026-02-27 15:05:30.536,13.3724,1.1676,-29.3078,-0.417805,-0.427553,-0.21688,17.863
1772222730537838581,2026-02-27 15:05:30.537,13.5133,1.348,-29.5738,-0.422224,-0.425051,-0.216498,17.864000000000004
1772222730539036801,2026-02-27 15:05:30.539,13.7703,1.37949,-29.0787,-0.393335,-0.447534,-0.222034,17.866
1772222730540238471,2026-02-27 15:05:30.540,13.9012,1.48753,-28.9877,-0.376523,-0.45936,-0.222539,17.867000000000004
1772222730541435856,2026-02-27 15:05:30.541,14.0288,1.68187,-28.9106,-0.35814,-0.472025,-0.224024,17.86800000000001
1772222730542568951,2026-02-27 15:05:30.542,14.2552,1.76465,-29.7524,-0.341616,-0.489818,-0.218834,17.869
1772222730543703602,2026-02-27 15:05:30.543,14.886,2.17777,-29.0863,-0.320538,-0.514584,-0.22505,17.870000000000005
1772222730544835443,2026-02-27 15:05:30.544,15.159,2.30569,-28.4463,-0.310972,-0.531894,-0.235004,17.87100000000001
1772222730546004740,2026-02-27 15:05:30.546,15.5167,2.28343,-27.8175,-0.296588,-0.547117,-0.236267,17.873000000000005
1772222730547187731,2026-02-27 15:05:30.547,15.8054,2.33602,-27.8392,-0.294858,-0.562037,-0.238718,17.87400000000001
1772222730548359918,2026-02-27 15:05:30.548,16.2152,2.47107,-28.1431,-0.287554,-0.567264,-0.237533,17.875
1772222730549557851,2026-02-27 15:05:30.549,16.4914,2.42779,-28.2895,-0.29041,-0.579797,-0.239803,17.876000000000005
1772222730550688083,2026-02-27 15:05:30.550,17.2594,2.54411,-27.8334,-0.273367,-0.605713,-0.254347,17.87700000000001
1772222730551860991,2026-02-27 15:05:30.551,17.4434,2.81605,-28.7366,-0.268191,-0.588964,-0.242554,17.878
1772222730553032457,2026-02-27 15:05:30.553,17.6426,3.10173,-30.318,-0.259182,-0.584987,-0.230012,17.88000000000001
1772222730554230781,2026-02-27 15:05:30.554,17.8384,3.44011,-32.097,-0.278945,-0.583518,-0.226442,17.881
1772222730555430171,2026-02-27 15:05:30.555,18.1633,3.51243,-32.6009,-0.259869,-0.602366,-0.232165,17.882000000000005
1772222730556563553,2026-02-27 15:05:30.556,18.4921,3.77008,-33.724,-0.261723,-0.611425,-0.231239,17.88300000000001
1772222730557695024,2026-02-27 15:05:30.557,18.6216,3.85804,-34.7632,-0.267325,-0.61787,-0.228227,17.884
1772222730558886827,2026-02-27 15:05:30.558,19.2389,4.05225,-37.1278,-0.265348,-0.636925,-0.217276,17.885000000000005
1772222730560084997,2026-02-27 15:05:30.560,19.4843,4.12862,-37.7273,-0.279099,-0.65098,-0.225899,17.887
1772222730561288591,2026-02-27 15:05:30.561,19.687,3.78859,-36.3444,-0.252702,-0.695993,-0.240445,17.888000000000005
1772222730562499213,2026-02-27 15:05:30.562,20.0242,3.81604,-35.6747,-0.253864,-0.715351,-0.245968,17.88900000000001
1772222730563628015,2026-02-27 15:05:30.563,20.1563,3.63858,-35.1051,-0.246669,-0.72821,-0.251678,17.89
1772222730564779193,2026-02-27 15:05:30.564,20.7673,3.40386,-33.1114,-0.229952,-0.759689,-0.255575,17.891000000000005
1772222730565977542,2026-02-27 15:05:30.565,21.1373,3.59456,-34.3164,-0.250619,-0.729637,-0.248044,17.89200000000001
1772222730567175668,2026-02-27 15:05:30.567,21.1221,3.61654,-35.3654,-0.285948,-0.69244,-0.24114,17.894000000000005
1772222730568374003,2026-02-27 15:05:30.568,21.3155,3.99205,-39.8794,-0.348354,-0.596183,-0.208047,17.89500000000001
1772222730569555566,2026-02-27 15:05:30.569,20.5657,3.54934,-42.5779,-0.35612,-0.56262,-0.179898,17.896
1772222730570684548,2026-02-27 15:05:30.570,19.6143,3.08471,-44.2567,-0.358526,-0.539642,-0.165123,17.897000000000006
1772222730571839313,2026-02-27 15:05:30.571,17.7525,2.24949,-44.9452,-0.353912,-0.507945,-0.176382,17.89800000000001
1772222730573039111,2026-02-27 15:05:30.573,17.0621,1.91655,-44.5011,-0.362854,-0.495606,-0.1842,17.900000000000006
1772222730574238604,2026-02-27 15:05:30.574,16.6394,1.62859,-43.8306,-0.376613,-0.473699,-0.185217,17.90100000000001
1772222730575436370,2026-02-27 15:05:30.575,16.4119,1.25057,-43.8454,-0.386534,-0.463335,-0.171141,17.902
1772222730576567348,2026-02-27 15:05:30.576,16.2908,1.02916,-43.0195,-0.403668,-0.436708,-0.163805,17.903000000000006
1772222730577698538,2026-02-27 15:05:30.577,16.0038,0.664805,-42.5519,-0.41569,-0.41419,-0.151783,17.90400000000001
1772222730578847003,2026-02-27 15:05:30.578,15.2832,-0.138768,-40.0701,-0.42154,-0.412924,-0.156566,17.905
1772222730580045427,2026-02-27 15:05:30.580,14.8228,-0.469067,-39.6783,-0.429522,-0.403036,-0.161923,17.90700000000001
1772222730581243469,2026-02-27 15:05:30.581,14.2553,-0.762804,-38.8923,-0.430546,-0.398514,-0.168464,17.908
1772222730582440558,2026-02-27 15:05:30.582,13.7505,-1.08733,-37.6262,-0.428738,-0.398672,-0.173382,17.909000000000006
1772222730583563932,2026-02-27 15:05:30.583,13.5462,-1.17988,-37.0114,-0.458864,-0.349922,-0.174765,17.91000000000001
1772222730584692564,2026-02-27 15:05:30.584,13.1014,-1.24805,-38.11,-0.497008,-0.284133,-0.163908,17.911
1772222730585849135,2026-02-27 15:05:30.585,11.803,-2.2485,-37.3931,-0.481345,-0.270697,-0.141619,17.912000000000006
1772222730587041688,2026-02-27 15:05:30.587,11.4126,-2.64774,-36.6764,-0.471647,-0.285388,-0.143147,17.914
1772222730588239905,2026-02-27 15:05:30.588,11.0108,-2.92455,-35.27,-0.455383,-0.302586,-0.153443,17.915000000000006
1772222730589437457,2026-02-27 15:05:30.589,10.9006,-2.9901,-33.5805,-0.439466,-0.320243,-0.162567,17.91600000000001
1772222730590560445,2026-02-27 15:05:30.590,11.0726,-2.96907,-32.1454,-0.42426,-0.326886,-0.162726,17.917
1772222730591691535,2026-02-27 15:05:30.591,11.1894,-2.79335,-31.214,-0.419909,-0.335565,-0.158331,17.918000000000006
1772222730592863659,2026-02-27 15:05:30.592,12.2158,-2.41202,-30.4918,-0.396423,-0.369264,-0.150052,17.91900000000001
1772222730594055739,2026-02-27 15:05:30.594,12.9213,-2.01094,-31.2293,-0.397974,-0.378199,-0.147764,17.921000000000006
1772222730595192761,2026-02-27 15:05:30.595,13.3527,-1.76031,-32.0869,-0.402199,-0.379925,-0.14969,17.92200000000001
1772222730596394061,2026-02-27 15:05:30.596,13.6901,-1.6708,-32.7206,-0.401528,-0.392722,-0.151899,17.923000000000002
1772222730597569350,2026-02-27 15:05:30.597,13.7302,-1.60074,-33.4001,-0.397237,-0.397536,-0.150602,17.924000000000007
1772222730598699217,2026-02-27 15:05:30.598,13.8499,-1.51383,-33.6228,-0.3803,-0.412541,-0.153156,17.92500000000001
1772222730599896376,2026-02-27 15:05:30.599,14.0684,-1.52901,-32.9623,-0.374975,-0.424966,-0.166511,17.926000000000002
1772222730601092766,2026-02-27 15:05:30.601,14.3478,-1.53429,-33.5363,-0.373139,-0.4287,-0.161983,17.92800000000001
1772222730602290715,2026-02-27 15:05:30.602,14.6798,-1.57579,-33.4739,-0.366499,-0.441739,-0.161186,17.929000000000002
1772222730603499705,2026-02-27 15:05:30.603,15.0168,-1.54194,-34.1619,-0.371182,-0.449272,-0.155103,17.930000000000007
1772222730604629005,2026-02-27 15:05:30.604,15.2868,-1.57786,-34.6535,-0.370529,-0.462758,-0.154264,17.93100000000001
1772222730605778886,2026-02-27 15:05:30.605,15.718,-1.46356,-35.5662,-0.38444,-0.462693,-0.157593,17.932000000000002
1772222730606972033,2026-02-27 15:05:30.606,16.1196,-1.60003,-37.039,-0.393141,-0.481702,-0.162878,17.933000000000007
1772222730608169907,2026-02-27 15:05:30.608,16.3313,-1.72725,-37.9348,-0.392672,-0.498688,-0.159667,17.935000000000002
1772222730609366664,2026-02-27 15:05:30.609,16.4423,-2.08745,-37.3489,-0.385914,-0.536056,-0.165526,17.936000000000007
1772222730610560457,2026-02-27 15:05:30.610,16.5714,-2.48013,-34.8203,-0.36218,-0.585491,-0.174931,17.937000000000012
1772222730611704954,2026-02-27 15:05:30.611,16.9247,-2.65521,-32.289,-0.360465,-0.603328,-0.184424,17.938000000000002
1772222730612876622,2026-02-27 15:05:30.612,17.5438,-2.4475,-33.3351,-0.390223,-0.562157,-0.181993,17.939000000000007
1772222730614073489,2026-02-27 15:05:30.614,18.1364,-2.75024,-34.5742,-0.422898,-0.60117,-0.186912,17.941000000000003
1772222730615276912,2026-02-27 15:05:30.615,19.2365,-2.64897,-36.1116,-0.435399,-0.631282,-0.196473,17.942000000000007
1772222730616492359,2026-02-27 15:05:30.616,19.4621,-2.93127,-36.8406,-0.423876,-0.662596,-0.20307,17.943000000000012
1772222730617621660,2026-02-27 15:05:30.617,19.9466,-2.86538,-36.722,-0.412006,-0.674234,-0.20389,17.944000000000003
1772222730618753028,2026-02-27 15:05:30.618,20.4661,-2.70749,-39.399,-0.443307,-0.655569,-0.199249,17.945000000000007
1772222730619885773,2026-02-27 15:05:30.619,20.9562,-2.80805,-41.2581,-0.458631,-0.663967,-0.191833,17.946000000000012
1772222730621056738,2026-02-27 15:05:30.621,21.0532,-3.04039,-40.6508,-0.453603,-0.692146,-0.194571,17.948000000000008
1772222730622248725,2026-02-27 15:05:30.622,21.181,-3.32267,-39.5302,-0.448797,-0.722613,-0.197896,17.949000000000012
1772222730623469127,2026-02-27 15:05:30.623,21.277,-3.51902,-38.3234,-0.442683,-0.743551,-0.204855,17.950000000000003
1772222730624560731,2026-02-27 15:05:30.624,21.3543,-3.60582,-36.9184,-0.441983,-0.764239,-0.211323,17.951000000000008
1772222730625689219,2026-02-27 15:05:30.625,21.6732,-3.52261,-37.0098,-0.440388,-0.7772,-0.209147,17.952000000000012
1772222730626837499,2026-02-27 15:05:30.626,22.5653,-3.03953,-40.8155,-0.516615,-0.702867,-0.218897,17.953000000000003
1772222730628010883,2026-02-27 15:05:30.628,22.5725,-3.22778,-45.6283,-0.528659,-0.652667,-0.182718,17.955000000000013
1772222730629204331,2026-02-27 15:05:30.629,22.2336,-3.46873,-46.8207,-0.528172,-0.666378,-0.182458,17.956000000000003
1772222730630400140,2026-02-27 15:05:30.630,21.9829,-3.67579,-47.0817,-0.516932,-0.674787,-0.192891,17.957000000000008
1772222730631561077,2026-02-27 15:05:30.631,21.6702,-3.80811,-47.1454,-0.513651,-0.676281,-0.202768,17.958000000000013
1772222730632691487,2026-02-27 15:05:30.632,21.1887,-4.06249,-46.1772,-0.507178,-0.675625,-0.20539,17.959000000000003
1772222730633862356,2026-02-27 15:05:30.633,20.9749,-4.22171,-43.5231,-0.499345,-0.681639,-0.212822,17.960000000000008
1772222730635034823,2026-02-27 15:05:30.635,21.2921,-4.37151,-40.9502,-0.495454,-0.699416,-0.206621,17.962000000000003
1772222730636233183,2026-02-27 15:05:30.636,21.5753,-4.36637,-40.4023,-0.493779,-0.713478,-0.199397,17.963000000000008
1772222730637430854,2026-02-27 15:05:30.637,21.8247,-4.31757,-40.2221,-0.494108,-0.72117,-0.195247,17.964
1772222730638566160,2026-02-27 15:05:30.638,21.8929,-4.23616,-39.9581,-0.495004,-0.725578,-0.198253,17.965000000000003
1772222730639696951,2026-02-27 15:05:30.639,21.8097,-4.20065,-39.7225,-0.488669,-0.728395,-0.200017,17.966000000000008
1772222730640862794,2026-02-27 15:05:30.640,21.8111,-4.11052,-40.3086,-0.496804,-0.710866,-0.200724,17.967
1772222730642059494,2026-02-27 15:05:30.642,21.1047,-4.16789,-42.5538,-0.508066,-0.66622,-0.18263,17.96900000000001
1772222730643252260,2026-02-27 15:05:30.643,20.7284,-4.20331,-42.1491,-0.507118,-0.651919,-0.182833,17.97
1772222730644544033,2026-02-27 15:05:30.644,20.3338,-4.25225,-41.4336,-0.499449,-0.644075,-0.183692,17.971000000000004
1772222730645694081,2026-02-27 15:05:30.645,20.0399,-4.20587,-40.7762,-0.49678,-0.628596,-0.184807,17.97200000000001
1772222730646871768,2026-02-27 15:05:30.646,19.7199,-4.14656,-40.3205,-0.493472,-0.610592,-0.183046,17.973
1772222730648065326,2026-02-27 15:05:30.648,19.2424,-3.89617,-39.4918,-0.479033,-0.591305,-0.175758,17.97500000000001
1772222730649257360,2026-02-27 15:05:30.649,18.9873,-3.7741,-39.1401,-0.4717,-0.584329,-0.173593,17.976
1772222730650473612,2026-02-27 15:05:30.650,18.8969,-3.50383,-37.907,-0.462822,-0.578098,-0.181165,17.977000000000004
1772222730651602874,2026-02-27 15:05:30.651,18.768,-3.30327,-38.3214,-0.453328,-0.570134,-0.173441,17.97800000000001
1772222730652738743,2026-02-27 15:05:30.652,18.6089,-3.15858,-38.5219,-0.447716,-0.559087,-0.170653,17.979
1772222730653869705,2026-02-27 15:05:30.653,18.4346,-2.98558,-39.1494,-0.440462,-0.547673,-0.161639,17.980000000000004
1772222730655046603,2026-02-27 15:05:30.655,17.9645,-2.68588,-39.4752,-0.424539,-0.528248,-0.155363,17.982
1772222730656225654,2026-02-27 15:05:30.656,17.6789,-2.56619,-39.4148,-0.413094,-0.517867,-0.152027,17.983000000000004
1772222730657431843,2026-02-27 15:05:30.657,17.522,-2.42212,-39.3538,-0.405508,-0.507694,-0.148614,17.98400000000001
1772222730658559696,2026-02-27 15:05:30.658,17.2609,-2.2594,-40.2066,-0.394005,-0.498441,-0.136355,17.985
1772222730659688795,2026-02-27 15:05:30.659,17.1282,-2.13125,-39.9224,-0.385117,-0.488157,-0.135807,17.986000000000004
1772222730660868103,2026-02-27 15:05:30.660,16.9127,-1.98127,-39.671,-0.375278,-0.481672,-0.133645,17.98700000000001
1772222730662047219,2026-02-27 15:05:30.662,16.4911,-1.65637,-38.1106,-0.355169,-0.470428,-0.135318,17.989000000000004
1772222730663226265,2026-02-27 15:05:30.663,16.4151,-1.55091,-37.6334,-0.345732,-0.467158,-0.133096,17.99000000000001
1772222730664425918,2026-02-27 15:05:30.664,16.2736,-1.41874,-37.4043,-0.333346,-0.466299,-0.130434,17.991
1772222730665563533,2026-02-27 15:05:30.665,16.2444,-1.28627,-37.0854,-0.324654,-0.465778,-0.128927,17.992000000000004
1772222730666691543,2026-02-27 15:05:30.666,16.129,-1.07519,-36.2313,-0.313128,-0.463703,-0.131482,17.99300000000001
1772222730667869190,2026-02-27 15:05:30.667,16.1006,-0.91315,-35.5282,-0.3064,-0.462564,-0.132788,17.994
1772222730669042333,2026-02-27 15:05:30.669,16.0738,-0.699447,-35.7539,-0.293684,-0.459857,-0.12871,17.99600000000001
1772222730670217576,2026-02-27 15:05:30.670,16.0208,-0.323795,-36.0721,-0.265127,-0.463654,-0.116034,17.997
1772222730671415150,2026-02-27 15:05:30.671,16.0088,-0.14379,-35.9214,-0.252896,-0.467482,-0.113609,17.998000000000005
1772222730672569798,2026-02-27 15:05:30.672,16.0994,0.030064,-35.5491,-0.243095,-0.475099,-0.113896,17.99900000000001
1772222730673701965,2026-02-27 15:05:30.673,16.219,0.273597,-35.1815,-0.228574,-0.484675,-0.113181,18.0
1772222730674880912,2026-02-27 15:05:30.674,16.3505,0.426968,-34.898,-0.218244,-0.49416,-0.11223,18.001000000000005
1772222730676053897,2026-02-27 15:05:30.676,16.5126,0.598794,-35.739,-0.207076,-0.501201,-0.101033,18.003
1772222730677243305,2026-02-27 15:05:30.677,16.8026,1.03391,-35.3939,-0.186426,-0.50535,-0.098994,18.004000000000005
1772222730678417472,2026-02-27 15:05:30.678,16.9251,1.25028,-35.1736,-0.173673,-0.509357,-0.100633,18.00500000000001
1772222730679567548,2026-02-27 15:05:30.679,17.0402,1.50759,-35.1161,-0.163967,-0.514667,-0.099389,18.006
1772222730680700447,2026-02-27 15:05:30.680,17.206,1.64005,-35.3598,-0.150232,-0.522349,-0.098502,18.007000000000005
1772222730681898442,2026-02-27 15:05:30.681,17.2882,1.88453,-35.6026,-0.142321,-0.527926,-0.0983,18.00800000000001
1772222730683071961,2026-02-27 15:05:30.683,17.4185,2.08551,-35.8218,-0.136581,-0.534632,-0.098592,18.010000000000005
1772222730684252165,2026-02-27 15:05:30.684,17.6339,2.46853,-35.4354,-0.12151,-0.542784,-0.103621,18.01100000000001
1772222730685449700,2026-02-27 15:05:30.685,17.7004,2.55033,-35.9127,-0.115757,-0.544,-0.101817,18.012
1772222730686602443,2026-02-27 15:05:30.686,17.7952,2.71021,-36.6023,-0.112469,-0.551525,-0.095788,18.013000000000005
1772222730687735652,2026-02-27 15:05:30.687,17.9438,2.77721,-36.9357,-0.105752,-0.563965,-0.094198,18.01400000000001
1772222730688912308,2026-02-27 15:05:30.688,18.101,2.85115,-36.8252,-0.103362,-0.575632,-0.098447,18.015
1772222730690087019,2026-02-27 15:05:30.690,18.3156,2.98267,-37.0042,-0.10019,-0.580887,-0.101655,18.01700000000001
1772222730691259963,2026-02-27 15:05:30.691,18.5186,3.15564,-38.5327,-0.095825,-0.570083,-0.087851,18.018
1772222730692491218,2026-02-27 15:05:30.692,18.5805,3.2194,-39.3372,-0.0913,-0.566794,-0.079492,18.019000000000005
1772222730693622563,2026-02-27 15:05:30.693,18.5498,3.31842,-39.6105,-0.081954,-0.564144,-0.077707,18.02000000000001
1772222730694755807,2026-02-27 15:05:30.694,18.584,3.40269,-39.6059,-0.078363,-0.567626,-0.081395,18.021
1772222730695881062,2026-02-27 15:05:30.695,18.6099,3.50442,-39.6836,-0.069475,-0.568089,-0.084621,18.022000000000006
1772222730697038785,2026-02-27 15:05:30.697,18.6146,3.58722,-39.7522,-0.064994,-0.569646,-0.086421,18.024
1772222730698211338,2026-02-27 15:05:30.698,18.6229,3.68547,-39.9878,-0.055938,-0.570539,-0.084163,18.025000000000006
1772222730699413200,2026-02-27 15:05:30.699,18.6533,3.70035,-39.8656,-0.051554,-0.570301,-0.083803,18.02600000000001
1772222730700569423,2026-02-27 15:05:30.700,18.5505,3.81856,-38.9775,-0.044179,-0.567397,-0.088633,18.027
1772222730701699255,2026-02-27 15:05:30.701,18.5653,3.87623,-39.4086,-0.041642,-0.564922,-0.081569,18.028000000000006
1772222730702875813,2026-02-27 15:05:30.702,18.4286,3.80839,-39.3444,-0.036827,-0.565526,-0.079033,18.02900000000001
1772222730704069431,2026-02-27 15:05:30.704,18.3088,3.86308,-39.9109,-0.03257,-0.563646,-0.07342,18.031000000000006
1772222730705242055,2026-02-27 15:05:30.705,17.9756,3.84503,-39.8427,-0.026023,-0.554157,-0.071711,18.03200000000001
1772222730706441614,2026-02-27 15:05:30.706,17.7484,3.74332,-39.5455,-0.026702,-0.553267,-0.071074,18.033
1772222730707573239,2026-02-27 15:05:30.707,17.542,3.61461,-38.9704,-0.026826,-0.554547,-0.072402,18.034000000000006
1772222730708705059,2026-02-27 15:05:30.708,17.451,3.49694,-39.428,-0.028303,-0.559914,-0.065141,18.03500000000001
1772222730709882180,2026-02-27 15:05:30.709,17.2658,3.22344,-38.3716,-0.034773,-0.563967,-0.07194,18.036
1772222730711057886,2026-02-27 15:05:30.711,17.1617,2.97767,-37.3666,-0.041314,-0.573352,-0.077011,18.03800000000001
1772222730712243919,2026-02-27 15:05:30.712,17.0188,2.41811,-34.9828,-0.061099,-0.57414,-0.087858,18.039
1772222730713442291,2026-02-27 15:05:30.713,16.8437,2.14706,-34.3538,-0.067053,-0.570147,-0.084968,18.040000000000006
1772222730714579567,2026-02-27 15:05:30.714,16.628,1.82386,-33.3915,-0.074357,-0.571902,-0.08355,18.04100000000001
1772222730715712211,2026-02-27 15:05:30.715,16.6038,1.52836,-32.9082,-0.077973,-0.577735,-0.086196,18.042
1772222730716892628,2026-02-27 15:05:30.716,16.5982,1.17966,-31.5497,-0.081043,-0.580858,-0.094837,18.043000000000006
1772222730718079647,2026-02-27 15:05:30.718,16.7817,1.12533,-32.6265,-0.082261,-0.546577,-0.084356,18.045
1772222730719252531,2026-02-27 15:05:30.719,16.0779,0.75634,-33.7006,-0.086288,-0.551766,-0.068736,18.046000000000006
1772222730720449551,2026-02-27 15:05:30.720,16.2658,0.364485,-32.6935,-0.08862,-0.588774,-0.076968,18.04700000000001
1772222730721559767,2026-02-27 15:05:30.721,16.3384,-0.10501,-31.1736,-0.103175,-0.62019,-0.08972,18.048000000000002
1772222730722689806,2026-02-27 15:05:30.722,16.4883,-0.554247,-30.2923,-0.11598,-0.614654,-0.087353,18.049000000000007
1772222730723890729,2026-02-27 15:05:30.723,16.4665,-0.974681,-29.4758,-0.130272,-0.615059,-0.07887,18.05000000000001
1772222730725081213,2026-02-27 15:05:30.725,16.9218,-1.454,-29.6621,-0.154777,-0.617063,-0.072075,18.052000000000007
1772222730726255900,2026-02-27 15:05:30.726,17.0474,-2.07035,-34.728,-0.199403,-0.585124,-0.049136,18.05300000000001
1772222730727448821,2026-02-27 15:05:30.727,17.55,-2.38242,-34.5187,-0.184613,-0.607005,-0.051404,18.054000000000002
1772222730728593490,2026-02-27 15:05:30.728,17.9081,-2.29657,-37.0794,-0.192786,-0.57818,-0.054216,18.055000000000007
1772222730729726722,2026-02-27 15:05:30.729,17.3678,-2.09952,-39.8346,-0.19529,-0.515337,-0.053535,18.05600000000001
1772222730730900835,2026-02-27 15:05:30.730,17.1802,-1.98241,-41.231,-0.175215,-0.515511,-0.051361,18.057000000000002
1772222730732099757,2026-02-27 15:05:30.732,17.15,-1.87709,-41.9889,-0.173973,-0.516977,-0.054005,18.05900000000001
1772222730733273810,2026-02-27 15:05:30.733,17.681,-2.05058,-43.9094,-0.171608,-0.517668,-0.064159,18.060000000000002
1772222730734481811,2026-02-27 15:05:30.734,17.9979,-2.34247,-45.8772,-0.159438,-0.516278,-0.044845,18.061000000000007
1772222730735612586,2026-02-27 15:05:30.735,18.3457,-2.43092,-47.839,-0.147676,-0.50825,-0.029387,18.062000000000012
1772222730736746130,2026-02-27 15:05:30.736,18.5363,-2.46912,-50.0475,-0.143971,-0.505072,-0.014685,18.063000000000002
1772222730737878111,2026-02-27 15:05:30.737,18.69,-2.49825,-51.3453,-0.138732,-0.51945,-0.012189,18.064000000000007
1772222730739075940,2026-02-27 15:05:30.739,18.8604,-2.50045,-52.0489,-0.138905,-0.528081,-0.016608,18.066000000000003
1772222730740274294,2026-02-27 15:05:30.740,18.7693,-2.72681,-52.3715,-0.151969,-0.541773,-0.024829,18.067000000000007
1772222730741478114,2026-02-27 15:05:30.741,18.6586,-3.04796,-52.7596,-0.164262,-0.548756,-0.019542,18.068000000000012
1772222730742604658,2026-02-27 15:05:30.742,18.5806,-3.3578,-52.3839,-0.18167,-0.546519,-0.021994,18.069000000000003
1772222730743734898,2026-02-27 15:05:30.743,18.3845,-3.75872,-51.6492,-0.199537,-0.548789,-0.023745,18.070000000000007
1772222730744882053,2026-02-27 15:05:30.744,18.1812,-4.12829,-50.2814,-0.216676,-0.549726,-0.031966,18.071000000000012
1772222730746079754,2026-02-27 15:05:30.746,18.0152,-4.48414,-48.9629,-0.231751,-0.55173,-0.038674,18.073000000000008
1772222730747252926,2026-02-27 15:05:30.747,17.7464,-4.81766,-47.7901,-0.249756,-0.550352,-0.045289,18.074000000000012
1772222730748432521,2026-02-27 15:05:30.748,17.2211,-5.35171,-45.097,-0.27965,-0.552297,-0.055287,18.075000000000003
1772222730749590199,2026-02-27 15:05:30.749,17.0324,-5.58538,-43.4202,-0.291545,-0.550434,-0.063631,18.076000000000008
1772222730750771351,2026-02-27 15:05:30.750,16.7614,-5.78846,-41.4122,-0.302639,-0.548759,-0.07299,18.077000000000012
1772222730751970163,2026-02-27 15:05:30.751,16.6602,-5.99498,-40.461,-0.313496,-0.55144,-0.072922,18.078000000000003
1772222730753224142,2026-02-27 15:05:30.753,16.5642,-6.1669,-39.3683,-0.323453,-0.557217,-0.072695,18.080000000000013
1772222730754399634,2026-02-27 15:05:30.754,16.4568,-6.56541,-37.5144,-0.337551,-0.575161,-0.071002,18.081000000000003
1772222730755534866,2026-02-27 15:05:30.755,16.4487,-6.64333,-36.2492,-0.341207,-0.5895,-0.071913,18.082000000000008
1772222730756666927,2026-02-27 15:05:30.756,16.581,-6.6748,-35.2127,-0.344043,-0.600359,-0.071545,18.083000000000013
1772222730757845112,2026-02-27 15:05:30.757,16.7057,-6.62235,-34.5086,-0.339549,-0.607543,-0.069716,18.084000000000003
1772222730759042925,2026-02-27 15:05:30.759,16.7697,-6.63044,-35.1183,-0.337857,-0.612195,-0.057173,18.086000000000013
1772222730760215219,2026-02-27 15:05:30.760,16.8553,-6.55625,-34.4124,-0.328355,-0.619015,-0.058627,18.087000000000003
1772222730761390198,2026-02-27 15:05:30.761,17.1226,-6.25045,-33.7984,-0.309901,-0.628557,-0.057531,18.088000000000008
1772222730762568850,2026-02-27 15:05:30.762,17.1898,-6.13379,-33.2766,-0.297653,-0.644054,-0.055875,18.089
1772222730763701793,2026-02-27 15:05:30.763,17.3903,-5.97687,-33.3598,-0.280787,-0.648024,-0.051051,18.090000000000003
1772222730764880011,2026-02-27 15:05:30.764,17.4647,-5.83105,-33.1698,-0.263564,-0.661892,-0.045002,18.091000000000008
1772222730766077890,2026-02-27 15:05:30.766,17.7183,-5.73501,-33.0145,-0.248326,-0.668634,-0.039248,18.093000000000004
1772222730767272206,2026-02-27 15:05:30.767,18.1699,-5.30923,-34.9992,-0.228689,-0.636196,-0.034674,18.09400000000001
1772222730768444268,2026-02-27 15:05:30.768,18.0961,-5.13701,-36.4065,-0.215236,-0.628465,-0.027458,18.095
1772222730769571113,2026-02-27 15:05:30.769,18.2232,-4.91729,-38.4038,-0.210326,-0.619107,-0.020218,18.096000000000004
1772222730770702749,2026-02-27 15:05:30.770,18.1916,-4.71029,-40.3474,-0.209534,-0.606976,-0.01876,18.09700000000001
1772222730771882626,2026-02-27 15:05:30.771,17.6081,-4.84942,-41.742,-0.199854,-0.604207,-0.021674,18.098
1772222730773081230,2026-02-27 15:05:30.773,15.8904,-5.46043,-43.687,-0.168268,-0.624825,-0.011519,18.10000000000001
1772222730774254018,2026-02-27 15:05:30.774,14.0058,-6.03824,-45.7045,-0.122083,-0.664913,0.012762,18.101
1772222730775437196,2026-02-27 15:05:30.775,11.5961,-6.60654,-49.8043,-0.078793,-0.738782,0.063344,18.102000000000004
1772222730776557087,2026-02-27 15:05:30.776,9.98968,-6.9602,-52.0861,-0.059907,-0.752282,0.07494,18.10300000000001
1772222730777688619,2026-02-27 15:05:30.777,8.47243,-7.47324,-53.8569,-0.039437,-0.783303,0.089325,18.104
1772222730778818692,2026-02-27 15:05:30.778,7.5968,-7.7446,-54.8639,-0.0244,-0.798978,0.091592,18.105000000000004
1772222730780019048,2026-02-27 15:05:30.780,7.36069,-7.6303,-55.1316,-0.029403,-0.783276,0.088312,18.107
1772222730781214428,2026-02-27 15:05:30.781,6.91976,-7.65702,-55.4438,-0.031442,-0.759675,0.085418,18.108000000000004
1772222730782387774,2026-02-27 15:05:30.782,5.96159,-7.54651,-54.9862,-0.039113,-0.695384,0.079388,18.10900000000001
1772222730783555664,2026-02-27 15:05:30.783,5.48425,-7.63516,-53.333,-0.049303,-0.667246,0.068355,18.11
1772222730784684692,2026-02-27 15:05:30.784,5.21324,-7.64876,-53.1313,-0.059102,-0.64182,0.071232,18.111000000000004
1772222730785858988,2026-02-27 15:05:30.785,4.94452,-7.84697,-52.49,-0.073976,-0.617777,0.072027,18.11200000000001
1772222730787059035,2026-02-27 15:05:30.787,4.71844,-7.9322,-52.2238,-0.087162,-0.595198,0.077409,18.114000000000004
1772222730788237361,2026-02-27 15:05:30.788,4.4949,-8.04093,-51.5601,-0.101992,-0.570959,0.078024,18.11500000000001
1772222730789426595,2026-02-27 15:05:30.789,4.05554,-8.28737,-49.6761,-0.124867,-0.519211,0.075576,18.116
1772222730790556193,2026-02-27 15:05:30.790,3.79047,-8.34068,-48.7121,-0.136374,-0.494528,0.073911,18.117000000000004
1772222730791686449,2026-02-27 15:05:30.791,3.59127,-8.45452,-48.9334,-0.151787,-0.472824,0.082164,18.11800000000001
1772222730792859842,2026-02-27 15:05:30.792,3.37094,-8.56012,-47.9215,-0.160669,-0.453047,0.079531,18.119
1772222730794056514,2026-02-27 15:05:30.794,3.1734,-8.64076,-47.2516,-0.171714,-0.435396,0.07926,18.12100000000001
1772222730795261081,2026-02-27 15:05:30.795,2.96906,-8.68513,-46.2133,-0.181401,-0.419077,0.072429,18.122
1772222730796478819,2026-02-27 15:05:30.796,2.608,-8.83936,-44.9415,-0.201093,-0.391177,0.066655,18.123000000000005
1772222730797609000,2026-02-27 15:05:30.797,2.44431,-8.92927,-44.7061,-0.208043,-0.379025,0.06757,18.12400000000001
1772222730798787581,2026-02-27 15:05:30.798,2.33056,-8.94511,-44.4995,-0.217319,-0.369544,0.066549,18.125
1772222730799987011,2026-02-27 15:05:30.799,2.23659,-9.00847,-43.8096,-0.219606,-0.36017,0.060567,18.126000000000005
1772222730801184200,2026-02-27 15:05:30.801,2.10796,-9.01506,-43.5047,-0.223602,-0.3515,0.057174,18.128
1772222730802358318,2026-02-27 15:05:30.802,1.9868,-9.11726,-43.9884,-0.22781,-0.345607,0.059093,18.129000000000005
1772222730803546891,2026-02-27 15:05:30.803,1.76415,-9.17719,-45.6671,-0.228224,-0.335395,0.066217,18.13000000000001
1772222730804677435,2026-02-27 15:05:30.804,1.65894,-9.25025,-46.2423,-0.227674,-0.332767,0.066747,18.131
1772222730805852483,2026-02-27 15:05:30.805,1.59619,-9.31214,-46.8914,-0.226338,-0.331978,0.066193,18.132000000000005
1772222730807049199,2026-02-27 15:05:30.807,1.44681,-9.33879,-47.6052,-0.225555,-0.33163,0.065882,18.134
1772222730808245787,2026-02-27 15:05:30.808,1.36716,-9.42272,-48.3762,-0.222796,-0.331354,0.065296,18.135000000000005
1772222730809435200,2026-02-27 15:05:30.809,1.32666,-9.50564,-50.4254,-0.215711,-0.331689,0.070492,18.13600000000001
1772222730810559001,2026-02-27 15:05:30.810,1.28167,-9.47174,-51.048,-0.211744,-0.335177,0.069047,18.137
1772222730811689502,2026-02-27 15:05:30.811,1.23471,-9.52356,-51.1572,-0.209858,-0.338228,0.06373,18.138000000000005
1772222730812865101,2026-02-27 15:05:30.812,1.22533,-9.57857,-51.5629,-0.210324,-0.341252,0.063304,18.13900000000001
1772222730814062087,2026-02-27 15:05:30.814,1.19956,-9.64111,-52.1941,-0.207982,-0.343258,0.063229,18.141000000000005
1772222730815261419,2026-02-27 15:05:30.815,1.15119,-9.70711,-52.8103,-0.208624,-0.345215,0.063751,18.14200000000001
1772222730816472344,2026-02-27 15:05:30.816,1.09343,-9.81045,-52.5259,-0.20827,-0.34483,0.054274,18.143
1772222730817603172,2026-02-27 15:05:30.817,0.967662,-9.91762,-53.256,-0.211613,-0.344085,0.056367,18.144000000000005
1772222730818734841,2026-02-27 15:05:30.818,0.94962,-10.009,-53.6278,-0.212328,-0.341726,0.05714,18.14500000000001
1772222730819869883,2026-02-27 15:05:30.819,0.927174,-10.1129,-54.4496,-0.214226,-0.338682,0.061256,18.146
1772222730821067677,2026-02-27 15:05:30.821,0.818604,-10.1522,-55.0449,-0.218029,-0.334693,0.064674,18.14800000000001
1772222730822271539,2026-02-27 15:05:30.822,0.710523,-10.2982,-55.2489,-0.222764,-0.328032,0.064345,18.149
1772222730823443416,2026-02-27 15:05:30.823,0.59913,-10.3924,-55.3719,-0.226812,-0.321485,0.064106,18.150000000000006
1772222730824596588,2026-02-27 15:05:30.824,0.294064,-10.6341,-56.1858,-0.238797,-0.304998,0.069182,18.15100000000001
1772222730825728298,2026-02-27 15:05:30.825,0.182105,-10.7609,-56.5695,-0.246712,-0.297776,0.071254,18.152
1772222730826903790,2026-02-27 15:05:30.826,0.064713,-10.9414,-56.4157,-0.254199,-0.288004,0.069082,18.153000000000006
1772222730828104181,2026-02-27 15:05:30.828,-0.135736,-11.0764,-55.9151,-0.264959,-0.277704,0.063252,18.155
1772222730829303746,2026-02-27 15:05:30.829,-0.412032,-11.2333,-55.4646,-0.275036,-0.267093,0.058717,18.156000000000006
1772222730830512491,2026-02-27 15:05:30.830,-0.710398,-11.442,-55.2154,-0.287471,-0.245942,0.057052,18.15700000000001
1772222730831645384,2026-02-27 15:05:30.831,-0.878872,-11.6119,-55.1102,-0.296921,-0.234182,0.055885,18.158
1772222730832822653,2026-02-27 15:05:30.832,-1.02295,-11.762,-54.8327,-0.305833,-0.223568,0.053343,18.159000000000006
1772222730834022496,2026-02-27 15:05:30.834,-1.26104,-11.8992,-53.7831,-0.315224,-0.210044,0.044613,18.161
1772222730835222697,2026-02-27 15:05:30.835,-1.44094,-12.061,-54.0694,-0.323774,-0.197581,0.047308,18.162000000000006
1772222730836395442,2026-02-27 15:05:30.836,-1.66339,-12.2341,-54.1195,-0.333695,-0.184054,0.04797,18.16300000000001
1772222730837548265,2026-02-27 15:05:30.837,-2.04009,-12.4672,-54.2207,-0.353034,-0.158667,0.05277,18.164
1772222730838679847,2026-02-27 15:05:30.838,-2.3392,-12.6481,-54.1188,-0.367612,-0.144102,0.051521,18.165000000000006
1772222730839880376,2026-02-27 15:05:30.839,-2.44753,-12.7384,-53.8774,-0.372521,-0.131262,0.051798,18.16600000000001
1772222730841077588,2026-02-27 15:05:30.841,-2.67273,-12.9089,-53.7735,-0.382709,-0.11907,0.050641,18.168000000000006
1772222730842276573,2026-02-27 15:05:30.842,-2.84913,-12.9702,-54.5642,-0.390759,-0.105638,0.062077,18.16900000000001
1772222730843471399,2026-02-27 15:05:30.843,-3.13137,-13.159,-54.3206,-0.401744,-0.093061,0.058006,18.17
1772222730844614451,2026-02-27 15:05:30.844,-3.24035,-13.2193,-54.0944,-0.41032,-0.078142,0.05733,18.171000000000006
1772222730845810482,2026-02-27 15:05:30.845,-3.71657,-13.5145,-53.0172,-0.432159,-0.055114,0.049543,18.17200000000001
1772222730846944446,2026-02-27 15:05:30.846,-3.91135,-13.6323,-52.8265,-0.439698,-0.045254,0.050885,18.173000000000002
1772222730848149073,2026-02-27 15:05:30.848,-4.00491,-13.8445,-52.6647,-0.450959,-0.034638,0.050517,18.17500000000001
1772222730849347898,2026-02-27 15:05:30.849,-4.18471,-14.0047,-52.6501,-0.467861,-0.024665,0.05025,18.176000000000002
1772222730850551951,2026-02-27 15:05:30.850,-4.49256,-14.3558,-51.4924,-0.484992,-0.007893,0.043214,18.177000000000007
1772222730851683664,2026-02-27 15:05:30.851,-4.61062,-14.4973,-51.5336,-0.504649,-0.000745,0.045225,18.17800000000001
1772222730852863661,2026-02-27 15:05:30.852,-4.67157,-14.769,-51.9384,-0.516784,0.006,0.050514,18.179000000000002
1772222730854062803,2026-02-27 15:05:30.854,-4.82966,-14.967,-52.2856,-0.531796,0.012492,0.055873,18.18100000000001
1772222730855261774,2026-02-27 15:05:30.855,-4.95813,-15.1697,-52.2378,-0.547967,0.019888,0.056908,18.182000000000002
1772222730856434522,2026-02-27 15:05:30.856,-5.05867,-15.4358,-52.268,-0.563899,0.025446,0.057454,18.183000000000007
1772222730857589742,2026-02-27 15:05:30.857,-5.33043,-15.8829,-52.3969,-0.595002,0.04162,0.062808,18.18400000000001
1772222730858723056,2026-02-27 15:05:30.858,-5.52822,-16.1395,-53.3141,-0.613525,0.049062,0.07096,18.185000000000002
1772222730859855382,2026-02-27 15:05:30.859,-5.57726,-16.3445,-52.7718,-0.627831,0.058249,0.068388,18.186000000000007
1772222730861039340,2026-02-27 15:05:30.861,-5.75686,-16.5401,-52.6457,-0.644935,0.068919,0.066654,18.188000000000002
1772222730862354343,2026-02-27 15:05:30.862,-5.96776,-16.7337,-52.2502,-0.658131,0.078904,0.064324,18.189000000000007
1772222730863606580,2026-02-27 15:05:30.863,-6.41271,-17.1965,-51.9649,-0.686791,0.104237,0.062221,18.190000000000012
1772222730864751820,2026-02-27 15:05:30.864,-6.62762,-17.3585,-51.8561,-0.700823,0.118015,0.063311,18.191000000000003
1772222730865948572,2026-02-27 15:05:30.865,-6.8528,-17.5016,-51.9086,-0.71276,0.13416,0.061132,18.192000000000007
1772222730867151481,2026-02-27 15:05:30.867,-7.09443,-17.6887,-50.65,-0.727643,0.14814,0.051301,18.194000000000003
1772222730868352917,2026-02-27 15:05:30.868,-7.36533,-17.9034,-50.8538,-0.739578,0.164526,0.053508,18.195000000000007
1772222730869596785,2026-02-27 15:05:30.869,-7.78079,-18.2096,-51.1525,-0.76043,0.198399,0.057382,18.196000000000012
1772222730870724088,2026-02-27 15:05:30.870,-8.11427,-18.3052,-51.2266,-0.771274,0.214806,0.058288,18.197000000000003
1772222730871897339,2026-02-27 15:05:30.871,-8.2778,-18.4353,-50.8526,-0.782321,0.230441,0.056556,18.198000000000008
1772222730873083187,2026-02-27 15:05:30.873,-8.59587,-18.5266,-50.438,-0.790395,0.247363,0.054572,18.200000000000003
1772222730874282731,2026-02-27 15:05:30.874,-8.7758,-18.5421,-49.7031,-0.788971,0.259444,0.054279,18.201000000000008
1772222730875469423,2026-02-27 15:05:30.875,-8.99646,-18.4558,-50.0355,-0.795579,0.27851,0.061108,18.202000000000012
1772222730876602073,2026-02-27 15:05:30.876,-9.47039,-18.2636,-49.4937,-0.808911,0.321337,0.058299,18.203000000000003
1772222730877735884,2026-02-27 15:05:30.877,-9.6564,-18.2233,-48.6926,-0.810948,0.330951,0.05377,18.204000000000008
1772222730878867104,2026-02-27 15:05:30.878,-9.77695,-18.1363,-49.2071,-0.843232,0.352339,0.04983,18.205000000000013
1772222730880048465,2026-02-27 15:05:30.880,-10.1029,-18.3057,-49.7656,-0.857271,0.360666,0.049624,18.207000000000008
1772222730881229427,2026-02-27 15:05:30.881,-10.3187,-18.4823,-49.8856,-0.864041,0.363696,0.051533,18.208000000000013
1772222730882409525,2026-02-27 15:05:30.882,-10.5825,-18.7207,-49.7938,-0.863455,0.370573,0.052581,18.209000000000003
1772222730883564420,2026-02-27 15:05:30.883,-11.2377,-18.7777,-48.6089,-0.855571,0.404591,0.042126,18.210000000000008
1772222730884697636,2026-02-27 15:05:30.884,-11.5275,-18.6898,-48.824,-0.850482,0.426493,0.043922,18.211000000000013
1772222730885856773,2026-02-27 15:05:30.885,-11.7884,-18.5175,-48.9471,-0.845711,0.446972,0.044105,18.212000000000003
1772222730887040195,2026-02-27 15:05:30.887,-12.0803,-18.34,-49.3515,-0.839738,0.466156,0.046761,18.214
1772222730888221126,2026-02-27 15:05:30.888,-12.2827,-18.1839,-49.3545,-0.830076,0.485066,0.04453,18.215000000000003
1772222730889421426,2026-02-27 15:05:30.889,-12.4363,-18.0543,-49.3048,-0.823786,0.502518,0.043519,18.216000000000008
1772222730890579251,2026-02-27 15:05:30.890,-12.9093,-17.8297,-49.3494,-0.803606,0.537413,0.041652,18.217
1772222730891711291,2026-02-27 15:05:30.891,-13.1326,-17.8145,-50.462,-0.800484,0.551989,0.049779,18.218000000000004
1772222730892871193,2026-02-27 15:05:30.892,-13.4184,-17.7397,-50.1381,-0.796289,0.567451,0.04361,18.21900000000001
1772222730894054996,2026-02-27 15:05:30.894,-13.7399,-17.5945,-50.2268,-0.786581,0.585107,0.041627,18.221000000000004
1772222730895228275,2026-02-27 15:05:30.895,-13.9236,-17.4852,-49.7128,-0.775776,0.603698,0.035189,18.22200000000001
1772222730896410215,2026-02-27 15:05:30.896,-14.2024,-17.3359,-49.6627,-0.764613,0.623292,0.030912,18.223
1772222730897546410,2026-02-27 15:05:30.897,-14.9485,-16.96,-49.6529,-0.743726,0.663454,0.02626,18.224000000000004
1772222730898680934,2026-02-27 15:05:30.898,-15.2564,-16.8803,-49.79,-0.730191,0.685984,0.022719,18.22500000000001
1772222730899837940,2026-02-27 15:05:30.899,-15.6423,-16.6289,-48.7966,-0.720485,0.708921,0.010883,18.226
1772222730901010547,2026-02-27 15:05:30.901,-15.9776,-16.4164,-48.9609,-0.70739,0.731498,0.00826,18.22800000000001
1772222730902184100,2026-02-27 15:05:30.902,-16.3453,-16.387,-49.093,-0.69849,0.755087,0.003547,18.229
1772222730903357943,2026-02-27 15:05:30.903,-16.7141,-16.2362,-49.6714,-0.687614,0.778123,0.0049,18.230000000000004
1772222730904535601,2026-02-27 15:05:30.904,-17.3022,-15.9225,-50.2303,-0.658885,0.82169,0.000991,18.23100000000001
1772222730905669480,2026-02-27 15:05:30.905,-17.6567,-15.7472,-50.2827,-0.645393,0.842782,-0.003258,18.232
1772222730906820683,2026-02-27 15:05:30.906,-18.0077,-15.6022,-50.3066,-0.635019,0.860236,-0.009016,18.233000000000004
1772222730907994086,2026-02-27 15:05:30.907,-18.2094,-15.4094,-50.7553,-0.617755,0.878472,-0.0081,18.23400000000001
1772222730909167874,2026-02-27 15:05:30.909,-18.4751,-15.2012,-50.7652,-0.594911,0.888339,-0.009004,18.236000000000004
1772222730910340790,2026-02-27 15:05:30.910,-18.6247,-14.9397,-49.4539,-0.577069,0.890109,-0.019026,18.23700000000001
1772222730911528656,2026-02-27 15:05:30.911,-18.5838,-14.1935,-44.1328,-0.456109,0.842679,-0.036173,18.238
1772222730912659826,2026-02-27 15:05:30.912,-17.8604,-13.1194,-41.0294,-0.382025,0.856579,-0.043196,18.239000000000004
1772222730913810096,2026-02-27 15:05:30.913,-17.5378,-11.7714,-38.5052,-0.324614,0.762112,-0.041626,18.24000000000001
1772222730914983677,2026-02-27 15:05:30.914,-16.1803,-10.2979,-38.4,-0.295589,0.788141,-0.048579,18.241
1772222730916163801,2026-02-27 15:05:30.916,-15.0397,-8.85433,-37.6245,-0.242836,0.745076,-0.043914,18.24300000000001
1772222730917336888,2026-02-27 15:05:30.917,-14.2311,-7.41146,-32.4052,-0.185274,0.634386,-0.045324,18.244
1772222730918518681,2026-02-27 15:05:30.918,-12.4763,-6.10782,-31.8932,-0.164882,0.578196,-0.034877,18.245000000000005
1772222730919649261,2026-02-27 15:05:30.919,-6.61489,-3.84958,-38.2268,-0.165617,0.85649,-0.01646,18.24600000000001
1772222730920795794,2026-02-27 15:05:30.920,-13.6829,-2.28983,-61.1032,-0.663203,0.989883,0.034736,18.247
1772222730921967605,2026-02-27 15:05:30.921,-13.6406,-5.76094,-59.9105,-0.3894,0.699627,0.056362,18.248000000000005
1772222730923140587,2026-02-27 15:05:30.923,-13.3163,-7.33613,-58.6141,-0.467271,0.56567,0.044227,18.25
1772222730924313612,2026-02-27 15:05:30.924,-14.4548,-9.53424,-60.9793,-0.332003,0.476985,0.014704,18.251000000000005
1772222730925495105,2026-02-27 15:05:30.925,-16.4137,-10.1335,-63.6028,-0.266835,0.541521,0.016797,18.25200000000001
1772222730926628118,2026-02-27 15:05:30.926,-18.3095,-9.58918,-64.6787,-0.242945,0.663678,0.005791,18.253
1772222730927779370,2026-02-27 15:05:30.927,-20.0058,-7.55854,-63.8406,-0.235256,0.819233,-0.007717,18.254000000000005
1772222730928979661,2026-02-27 15:05:30.928,-19.689,-6.89791,-62.3553,-0.216671,0.858715,-0.016957,18.25500000000001
1772222730930179153,2026-02-27 15:05:30.930,-19.2011,-6.60107,-61.2795,-0.190546,0.877214,-0.0192,18.257000000000005
1772222730931378357,2026-02-27 15:05:30.931,-18.7581,-6.68496,-60.4961,-0.178269,0.890873,-0.018159,18.25800000000001
1772222730932567603,2026-02-27 15:05:30.932,-18.5697,-6.94451,-59.8735,-0.189722,0.899502,-0.016512,18.259
1772222730933715800,2026-02-27 15:05:30.933,-18.5739,-7.40859,-58.5945,-0.21111,0.905931,-0.02301,18.260000000000005
1772222730934937154,2026-02-27 15:05:30.934,-19.1444,-8.37419,-57.1299,-0.269594,0.924189,-0.02369,18.26100000000001
1772222730936138265,2026-02-27 15:05:30.936,-19.5555,-9.05661,-57.1912,-0.304771,0.940525,-0.019932,18.263000000000005
1772222730937340406,2026-02-27 15:05:30.937,-19.9757,-9.5949,-57.2279,-0.337948,0.963815,-0.016564,18.26400000000001
1772222730938675092,2026-02-27 15:05:30.938,-20.3817,-10.269,-56.6733,-0.372205,0.992298,-0.016258,18.265
1772222730939875863,2026-02-27 15:05:30.939,-21.177,-11.447,-54.2628,-0.456752,1.05776,-0.018938,18.266000000000005
1772222730941079891,2026-02-27 15:05:30.941,-21.5596,-11.9291,-52.9612,-0.502823,1.09103,-0.018019,18.268
1772222730942280724,2026-02-27 15:05:30.942,-21.7897,-12.5086,-52.3962,-0.548919,1.12161,-0.009919,18.269000000000005
1772222730943497769,2026-02-27 15:05:30.943,-22.1438,-13.0325,-50.3231,-0.597665,1.14651,-0.015166,18.27000000000001
1772222730944632592,2026-02-27 15:05:30.944,-22.3066,-13.5589,-48.7157,-0.634604,1.16707,-0.016624,18.271
1772222730945832599,2026-02-27 15:05:30.945,-22.5906,-14.4123,-45.115,-0.71221,1.19097,-0.023121,18.272000000000006
1772222730947038291,2026-02-27 15:05:30.947,-22.6751,-14.7646,-43.8809,-0.74277,1.19959,-0.023355,18.274
1772222730948247498,2026-02-27 15:05:30.948,-22.7565,-15.0981,-42.9344,-0.773254,1.20633,-0.023281,18.275000000000006
1772222730949488062,2026-02-27 15:05:30.949,-22.7088,-15.483,-41.9082,-0.805865,1.20789,-0.022805,18.27600000000001
1772222730950627091,2026-02-27 15:05:30.950,-22.6876,-15.7873,-40.0113,-0.833494,1.207,-0.030833,18.277
1772222730951781666,2026-02-27 15:05:30.951,-22.4272,-16.2929,-39.2955,-0.880453,1.19652,-0.023788,18.278000000000006
1772222730952988061,2026-02-27 15:05:30.952,-22.3563,-16.6327,-39.6191,-0.908543,1.18614,-0.016296,18.27900000000001
1772222730954190701,2026-02-27 15:05:30.954,-22.1777,-16.8206,-39.8366,-0.920436,1.17627,-0.011382,18.281000000000006
1772222730955392893,2026-02-27 15:05:30.955,-21.9518,-17.2659,-39.8315,-0.942408,1.16283,-0.009875,18.28200000000001
1772222730956563958,2026-02-27 15:05:30.956,-21.7689,-17.4185,-39.9343,-0.957913,1.14924,-0.007251,18.283
1772222730957701064,2026-02-27 15:05:30.957,-21.5326,-17.603,-40.0121,-0.976789,1.13569,-0.005373,18.284000000000006
1772222730958873848,2026-02-27 15:05:30.958,-21.0896,-18.1223,-41.5309,-1.01015,1.10363,0.007558,18.28500000000001
1772222730960077289,2026-02-27 15:05:30.960,-20.8993,-18.3292,-41.5665,-1.0234,1.08983,0.009381,18.287000000000006
1772222730961279117,2026-02-27 15:05:30.961,-20.7048,-18.5214,-41.4805,-1.03223,1.07452,0.005198,18.28800000000001
1772222730962490424,2026-02-27 15:05:30.962,-20.4505,-18.7144,-41.2966,-1.04361,1.05884,0.004832,18.289
1772222730963627539,2026-02-27 15:05:30.963,-20.2224,-18.89,-41.5302,-1.05337,1.0432,0.006001,18.290000000000006
1772222730964781117,2026-02-27 15:05:30.964,-19.8249,-19.2393,-42.1489,-1.07237,1.01197,0.009583,18.29100000000001
1772222730965977919,2026-02-27 15:05:30.965,-19.6543,-19.4508,-42.1507,-1.0837,0.997474,0.009349,18.292
1772222730967181169,2026-02-27 15:05:30.967,-19.5285,-19.5905,-41.5647,-1.09702,0.983385,0.003047,18.29400000000001
1772222730968385733,2026-02-27 15:05:30.968,-19.3074,-19.7593,-42.2972,-1.1017,0.968118,0.009177,18.295
1772222730969545914,2026-02-27 15:05:30.969,-19.1985,-19.9491,-42.6061,-1.11632,0.953473,0.011957,18.296000000000006
1772222730970681255,2026-02-27 15:05:30.970,-18.9485,-20.1504,-43.4341,-1.1209,0.938149,0.020352,18.29700000000001
1772222730971865874,2026-02-27 15:05:30.971,-18.5574,-20.3692,-44.0027,-1.14127,0.911244,0.025652,18.298000000000002
1772222730973172407,2026-02-27 15:05:30.973,-18.5028,-20.5311,-44.307,-1.15056,0.899187,0.027913,18.30000000000001
1772222730974375905,2026-02-27 15:05:30.974,-18.3045,-20.629,-44.6318,-1.15174,0.888457,0.031121,18.301000000000002
1772222730975565138,2026-02-27 15:05:30.975,-18.2182,-20.5087,-46.0629,-1.15662,0.878573,0.034666,18.302000000000007
1772222730976699793,2026-02-27 15:05:30.976,-18.0685,-20.6112,-45.9501,-1.14391,0.867544,0.040144,18.30300000000001
1772222730977884613,2026-02-27 15:05:30.977,-17.8357,-21.0056,-45.9322,-1.1649,0.851037,0.042816,18.304000000000002
1772222730979060105,2026-02-27 15:05:30.979,-17.7753,-21.1822,-45.869,-1.17512,0.844837,0.041958,18.30600000000001
1772222730980263923,2026-02-27 15:05:30.980,-17.7921,-21.3124,-46.0133,-1.18328,0.839246,0.04472,18.307000000000002
1772222730981477560,2026-02-27 15:05:30.981,-17.7124,-21.4251,-46.1266,-1.19112,0.839111,0.04631,18.308000000000007
1772222730982613380,2026-02-27 15:05:30.982,-17.7409,-21.4927,-46.2444,-1.19654,0.840341,0.048442,18.30900000000001
1772222730983784763,2026-02-27 15:05:30.983,-17.9381,-21.282,-45.4891,-1.19016,0.850451,0.035612,18.310000000000002
1772222730984966875,2026-02-27 15:05:30.984,-17.9536,-21.3427,-45.6228,-1.18423,0.854548,0.044121,18.311000000000007
1772222730986143744,2026-02-27 15:05:30.986,-18.0354,-21.4136,-46.2203,-1.18827,0.858686,0.051129,18.313000000000002
1772222730987353800,2026-02-27 15:05:30.987,-18.1397,-21.4945,-46.6347,-1.19361,0.866051,0.054965,18.314000000000007
1772222730988570474,2026-02-27 15:05:30.988,-18.2081,-21.4801,-46.5901,-1.19361,0.872326,0.057506,18.315000000000012
1772222730989703833,2026-02-27 15:05:30.989,-18.3807,-21.5263,-46.5636,-1.19709,0.881856,0.059301,18.316000000000003
1772222730990854474,2026-02-27 15:05:30.990,-18.5246,-21.5186,-46.4409,-1.20344,0.889035,0.064981,18.317000000000007
1772222730992049559,2026-02-27 15:05:30.992,-18.7683,-21.1439,-47.7294,-1.1829,0.916535,0.073177,18.319000000000003
1772222730993249429,2026-02-27 15:05:30.993,-19.0418,-20.9918,-47.6535,-1.17116,0.921872,0.070848,18.320000000000007
1772222730994471344,2026-02-27 15:05:30.994,-19.2296,-20.9212,-47.3744,-1.15625,0.936901,0.072517,18.321000000000012
1772222730995563853,2026-02-27 15:05:30.995,-19.5627,-20.9522,-47.0281,-1.15776,0.952888,0.068765,18.322000000000003
1772222730996694986,2026-02-27 15:05:30.996,-19.7209,-20.9668,-46.9498,-1.15116,0.968208,0.06645,18.323000000000008
1772222730997848001,2026-02-27 15:05:30.997,-20.2977,-20.8148,-47.349,-1.14569,1.0044,0.067925,18.324000000000012
1772222730999021495,2026-02-27 15:05:30.999,-20.5685,-20.7017,-47.5001,-1.14364,1.02398,0.069089,18.326000000000008
1772222731000221322,2026-02-27 15:05:31.000,-20.9263,-20.5975,-46.5303,-1.1346,1.04554,0.057791,18.327000000000012
1772222731001423873,2026-02-27 15:05:31.001,-21.2935,-20.4981,-47.0357,-1.12538,1.0689,0.060397,18.328000000000003
1772222731002563559,2026-02-27 15:05:31.002,-21.5956,-20.2899,-47.2276,-1.11325,1.09261,0.058981,18.329000000000008
1772222731003697273,2026-02-27 15:05:31.003,-22.0442,-20.1718,-47.9501,-1.10669,1.11401,0.063206,18.330000000000013
1772222731004850033,2026-02-27 15:05:31.004,-22.5222,-19.9351,-48.1671,-1.0865,1.14362,0.062615,18.331000000000003
1772222731006030755,2026-02-27 15:05:31.006,-22.9091,-19.6729,-48.5881,-1.07029,1.17677,0.065367,18.333000000000013
1772222731007230174,2026-02-27 15:05:31.007,-23.2734,-19.5763,-48.7527,-1.06355,1.19898,0.062356,18.334000000000003
1772222731008429984,2026-02-27 15:05:31.008,-23.6465,-19.3152,-49.7025,-1.05177,1.21899,0.070679,18.335000000000008
1772222731009571504,2026-02-27 15:05:31.009,-23.998,-19.2232,-49.7459,-1.04082,1.23923,0.068056,18.336000000000013
1772222731010704991,2026-02-27 15:05:31.010,-24.2254,-19.0834,-49.6599,-1.02869,1.25629,0.064677,18.337000000000003
1772222731011871155,2026-02-27 15:05:31.011,-24.7867,-18.8001,-48.868,-1.01124,1.29419,0.05599,18.338000000000008
1772222731013052891,2026-02-27 15:05:31.013,-25.0067,-18.6782,-48.6635,-1.0051,1.30941,0.055982,18.340000000000003
1772222731014253731,2026-02-27 15:05:31.014,-25.1602,-18.5239,-48.6607,-0.995767,1.32202,0.055949,18.341000000000008
1772222731015470764,2026-02-27 15:05:31.015,-25.3788,-18.4599,-48.5893,-0.992003,1.33108,0.054169,18.342
1772222731016603297,2026-02-27 15:05:31.016,-25.5288,-18.26,-47.9594,-0.981849,1.34266,0.048557,18.343000000000004
1772222731017736537,2026-02-27 15:05:31.017,-25.696,-18.132,-47.2473,-0.977721,1.35308,0.042424,18.34400000000001
1772222731018891744,2026-02-27 15:05:31.018,-25.804,-18.0152,-47.3802,-0.970263,1.36249,0.044414,18.345
1772222731020088856,2026-02-27 15:05:31.020,-25.8973,-17.7625,-47.8928,-0.951856,1.37695,0.049191,18.34700000000001
1772222731021292468,2026-02-27 15:05:31.021,-25.9258,-17.6178,-47.7645,-0.945338,1.38006,0.048593,18.348
1772222731022503842,2026-02-27 15:05:31.022,-25.9594,-17.536,-47.4913,-0.938589,1.38232,0.047634,18.349000000000004
1772222731023638946,2026-02-27 15:05:31.023,-25.9408,-17.4004,-47.2761,-0.934317,1.38379,0.046175,18.35000000000001
1772222731024800189,2026-02-27 15:05:31.024,-25.9987,-17.2691,-47.1436,-0.923067,1.38523,0.045072,18.351
1772222731025974217,2026-02-27 15:05:31.025,-25.9249,-17.0566,-47.3919,-0.911865,1.38284,0.049551,18.352000000000004
1772222731027169860,2026-02-27 15:05:31.027,-25.8586,-16.8916,-47.2766,-0.904758,1.37971,0.04794,18.354
1772222731028345563,2026-02-27 15:05:31.028,-25.7718,-16.7869,-46.6671,-0.898565,1.37361,0.042311,18.355000000000004
1772222731029568711,2026-02-27 15:05:31.029,-25.743,-16.7631,-46.2388,-0.898275,1.36723,0.039014,18.35600000000001
1772222731030700677,2026-02-27 15:05:31.030,-25.6021,-16.5848,-46.1712,-0.88809,1.35986,0.038751,18.357
1772222731031852404,2026-02-27 15:05:31.031,-25.4663,-16.5039,-46.1216,-0.881499,1.35267,0.037923,18.358000000000004
1772222731033028696,2026-02-27 15:05:31.033,-25.137,-16.323,-45.0812,-0.869137,1.3324,0.026154,18.36
1772222731034228476,2026-02-27 15:05:31.034,-24.9961,-16.2894,-45.2844,-0.864559,1.32231,0.026441,18.361000000000004
1772222731035429968,2026-02-27 15:05:31.035,-24.8524,-16.2567,-45.4028,-0.861912,1.31147,0.026102,18.36200000000001
1772222731036573100,2026-02-27 15:05:31.036,-24.6251,-16.2339,-46.0122,-0.855778,1.29863,0.0296,18.363
1772222731037727876,2026-02-27 15:05:31.037,-24.4789,-16.1829,-46.4952,-0.852452,1.28707,0.032084,18.364000000000004
1772222731038880954,2026-02-27 15:05:31.038,-24.2887,-16.2077,-46.6686,-0.851111,1.27412,0.030807,18.36500000000001
1772222731040058358,2026-02-27 15:05:31.040,-23.9828,-16.183,-46.8548,-0.848648,1.24963,0.028398,18.367000000000004
1772222731041262335,2026-02-27 15:05:31.041,-23.8132,-16.1631,-47.3905,-0.848453,1.2389,0.032667,18.36800000000001
1772222731042483337,2026-02-27 15:05:31.042,-23.604,-16.2655,-47.919,-0.852598,1.22724,0.035705,18.369
1772222731043618070,2026-02-27 15:05:31.043,-23.5052,-16.2784,-47.6923,-0.856065,1.21831,0.031983,18.370000000000005
1772222731044783408,2026-02-27 15:05:31.044,-23.3661,-16.2981,-47.359,-0.853332,1.20908,0.028,18.37100000000001
1772222731045946969,2026-02-27 15:05:31.045,-23.2135,-16.4203,-46.7479,-0.859993,1.19501,0.021419,18.372
1772222731047178000,2026-02-27 15:05:31.047,-23.1518,-16.4638,-46.7869,-0.858286,1.18908,0.021249,18.37400000000001
1772222731048382950,2026-02-27 15:05:31.048,-23.0798,-16.5517,-46.6156,-0.866219,1.18535,0.019649,18.375
1772222731049569658,2026-02-27 15:05:31.049,-23.0975,-16.6231,-46.4644,-0.872541,1.1836,0.017888,18.376000000000005
1772222731050704286,2026-02-27 15:05:31.050,-23.0681,-16.7155,-45.2251,-0.873459,1.18462,0.009072,18.37700000000001
1772222731051868667,2026-02-27 15:05:31.051,-23.1387,-16.775,-45.4347,-0.879246,1.18639,0.012661,18.378
1772222731053046473,2026-02-27 15:05:31.053,-23.2897,-16.9135,-45.6319,-0.891196,1.19435,0.017106,18.38000000000001
1772222731054243068,2026-02-27 15:05:31.054,-23.3324,-16.9642,-45.586,-0.895499,1.20046,0.019296,18.381
1772222731055447491,2026-02-27 15:05:31.055,-23.4911,-17.1164,-45.3187,-0.901243,1.20763,0.018368,18.382000000000005
1772222731056603629,2026-02-27 15:05:31.056,-23.6241,-17.2377,-45.0173,-0.910302,1.21726,0.018424,18.38300000000001
1772222731057740438,2026-02-27 15:05:31.057,-23.7799,-17.313,-44.7993,-0.915198,1.22779,0.018972,18.384
1772222731058875343,2026-02-27 15:05:31.058,-23.8984,-17.405,-45.5635,-0.924017,1.23884,0.029539,18.385000000000005
1772222731060064751,2026-02-27 15:05:31.060,-24.2552,-17.6707,-44.6571,-0.940045,1.26341,0.02683,18.387
1772222731061260661,2026-02-27 15:05:31.061,-24.5254,-17.7224,-43.7762,-0.947673,1.27805,0.02215,18.388000000000005
1772222731062490978,2026-02-27 15:05:31.062,-24.7606,-17.8273,-43.1705,-0.955681,1.29317,0.019177,18.38900000000001
1772222731063625367,2026-02-27 15:05:31.063,-24.9679,-17.8774,-42.7966,-0.963376,1.30666,0.020606,18.39
1772222731064806323,2026-02-27 15:05:31.064,-25.1712,-17.967,-42.4933,-0.97034,1.32255,0.020457,18.391000000000005
1772222731065982248,2026-02-27 15:05:31.065,-25.4551,-18.0422,-42.2116,-0.980249,1.33817,0.020078,18.39200000000001
1772222731067174073,2026-02-27 15:05:31.067,-25.802,-17.8812,-40.8393,-0.97719,1.36024,0.006117,18.394000000000005
1772222731068375765,2026-02-27 15:05:31.068,-25.8825,-17.9526,-40.7617,-0.971015,1.37377,0.013569,18.39500000000001
1772222731069564639,2026-02-27 15:05:31.069,-26.1584,-18.0961,-40.8651,-0.977636,1.38957,0.01941,18.396
1772222731070698882,2026-02-27 15:05:31.070,-26.3267,-18.2886,-40.9853,-0.989574,1.4062,0.021613,18.397000000000006
1772222731071881846,2026-02-27 15:05:31.071,-26.5492,-18.4311,-40.692,-1.00183,1.42056,0.022633,18.39800000000001
1772222731073055291,2026-02-27 15:05:31.073,-26.8915,-18.5002,-40.2198,-1.01596,1.44343,0.024122,18.400000000000006
1772222731074237069,2026-02-27 15:05:31.074,-27.114,-18.593,-40.0578,-1.02142,1.45885,0.026933,18.40100000000001
1772222731075438427,2026-02-27 15:05:31.075,-27.1251,-18.6954,-41.0958,-1.02402,1.46878,0.03636,18.402
1772222731076570449,2026-02-27 15:05:31.076,-27.1985,-18.4985,-40.8471,-1.00392,1.45482,0.033005,18.403000000000006
1772222731077703769,2026-02-27 15:05:31.077,-27.2687,-18.2822,-40.4247,-0.999447,1.4695,0.031134,18.40400000000001
1772222731078874827,2026-02-27 15:05:31.078,-27.411,-18.2033,-39.6284,-0.998803,1.47974,0.021306,18.405
1772222731080051301,2026-02-27 15:05:31.080,-27.4744,-18.349,-38.8426,-1.0101,1.48785,0.018988,18.40700000000001
1772222731081230010,2026-02-27 15:05:31.081,-27.6305,-18.6765,-38.2768,-1.03172,1.50033,0.027968,18.408
1772222731082432020,2026-02-27 15:05:31.082,-27.7241,-18.8264,-37.9782,-1.0429,1.50278,0.02826,18.409000000000006
1772222731083563186,2026-02-27 15:05:31.083,-27.7114,-18.8259,-36.7178,-1.04288,1.50385,0.019321,18.41000000000001
1772222731084848547,2026-02-27 15:05:31.084,-27.9034,-18.9407,-37.1067,-1.05444,1.51274,0.024973,18.411
1772222731086023060,2026-02-27 15:05:31.086,-27.9669,-19.0394,-37.0197,-1.06389,1.52462,0.023773,18.41300000000001
1772222731087203609,2026-02-27 15:05:31.087,-28.1492,-19.0422,-37.6628,-1.04911,1.53464,0.032438,18.414
1772222731088406904,2026-02-27 15:05:31.088,-28.0581,-18.9559,-37.7187,-1.04649,1.53098,0.035075,18.415000000000006
1772222731089570403,2026-02-27 15:05:31.089,-28.1314,-18.9521,-37.5359,-1.05034,1.53313,0.028485,18.41600000000001
1772222731090703827,2026-02-27 15:05:31.090,-28.251,-19.0728,-37.2373,-1.05611,1.54833,0.029372,18.417
1772222731091881696,2026-02-27 15:05:31.091,-28.3367,-19.1646,-37.6291,-1.07034,1.55637,0.038775,18.418000000000006
1772222731093059334,2026-02-27 15:05:31.093,-28.3496,-19.2794,-37.6172,-1.07638,1.56068,0.043021,18.42
1772222731094239333,2026-02-27 15:05:31.094,-28.5386,-19.4708,-37.3134,-1.08566,1.57233,0.042609,18.421000000000006
1772222731095412414,2026-02-27 15:05:31.095,-28.6946,-19.4719,-37.185,-1.09066,1.57723,0.037891,18.42200000000001
1772222731096561776,2026-02-27 15:05:31.096,-28.7837,-19.5,-37.0264,-1.08667,1.58556,0.035623,18.423000000000002
1772222731097693868,2026-02-27 15:05:31.097,-28.9189,-19.4902,-37.0337,-1.08418,1.58725,0.03338,18.424000000000007
1772222731098871007,2026-02-27 15:05:31.098,-29.0306,-19.4574,-37.0609,-1.08015,1.5976,0.031454,18.42500000000001
1772222731100044798,2026-02-27 15:05:31.100,-29.1305,-19.5116,-36.8206,-1.08445,1.60485,0.028638,18.427000000000007
1772222731101217584,2026-02-27 15:05:31.101,-29.2046,-19.5292,-36.6559,-1.08203,1.6118,0.028495,18.42800000000001
1772222731102417963,2026-02-27 15:05:31.102,-29.2159,-19.5887,-37.0832,-1.08613,1.61292,0.031334,18.429000000000002
1772222731103562703,2026-02-27 15:05:31.103,-29.2472,-19.5521,-37.7084,-1.08706,1.61428,0.036541,18.430000000000007
1772222731104695025,2026-02-27 15:05:31.104,-29.261,-19.5113,-37.9385,-1.08522,1.61539,0.037534,18.43100000000001
1772222731105876244,2026-02-27 15:05:31.105,-29.3488,-19.4967,-38.0718,-1.08264,1.61791,0.03604,18.432000000000002
1772222731107051557,2026-02-27 15:05:31.107,-29.3543,-19.4293,-38.2358,-1.07799,1.62006,0.036482,18.43400000000001
1772222731108224073,2026-02-27 15:05:31.108,-29.3363,-19.3355,-39.719,-1.0689,1.62253,0.045898,18.435000000000002
1772222731109425083,2026-02-27 15:05:31.109,-29.3947,-19.2707,-39.5319,-1.06878,1.62322,0.042004,18.436000000000007
1772222731110571289,2026-02-27 15:05:31.110,-29.4124,-19.1935,-39.7161,-1.06019,1.62383,0.042552,18.437000000000012
1772222731111704444,2026-02-27 15:05:31.111,-29.4211,-19.1247,-39.3407,-1.05799,1.62407,0.038145,18.438000000000002
1772222731112883903,2026-02-27 15:05:31.112,-29.431,-19.0882,-39.2029,-1.0538,1.62522,0.035968,18.439000000000007
1772222731114057746,2026-02-27 15:05:31.114,-29.4562,-19.0567,-39.389,-1.04813,1.62589,0.036647,18.441000000000003
1772222731115230176,2026-02-27 15:05:31.115,-29.5556,-18.9352,-39.6504,-1.04551,1.62869,0.035998,18.442000000000007
1772222731116424631,2026-02-27 15:05:31.116,-29.5382,-18.8534,-38.9403,-1.03657,1.63083,0.027609,18.443000000000012
1772222731117566587,2026-02-27 15:05:31.117,-29.5933,-18.7899,-38.9619,-1.03134,1.63253,0.027961,18.444000000000003
1772222731118698423,2026-02-27 15:05:31.118,-29.6401,-18.685,-39.1494,-1.02649,1.63695,0.028831,18.445000000000007
1772222731119879329,2026-02-27 15:05:31.119,-29.6345,-18.7207,-39.8334,-1.02398,1.63899,0.034007,18.446000000000012
1772222731121067739,2026-02-27 15:05:31.121,-29.6923,-18.6238,-40.3003,-1.01927,1.64315,0.037076,18.448000000000008
1772222731122242615,2026-02-27 15:05:31.122,-29.7525,-18.5156,-40.4355,-1.0134,1.65014,0.036259,18.449000000000012
1772222731123440682,2026-02-27 15:05:31.123,-29.8256,-18.4947,-40.5087,-1.01074,1.6537,0.034992,18.450000000000003
1772222731124561196,2026-02-27 15:05:31.124,-29.8191,-18.3703,-40.9325,-1.00217,1.65867,0.038132,18.451000000000008
1772222731125694257,2026-02-27 15:05:31.125,-29.869,-18.3571,-41.8451,-0.998793,1.66158,0.043886,18.452000000000012
1772222731126873245,2026-02-27 15:05:31.126,-29.8603,-18.3351,-41.4942,-0.996561,1.66412,0.040251,18.453000000000003
1772222731128070823,2026-02-27 15:05:31.128,-29.8505,-18.3428,-41.2685,-0.995218,1.66435,0.036973,18.455000000000013
1772222731129248089,2026-02-27 15:05:31.129,-29.7597,-18.4272,-40.467,-1.0026,1.65943,0.029333,18.456000000000003
1772222731130446562,2026-02-27 15:05:31.130,-29.7817,-18.3263,-40.6171,-1.00004,1.65701,0.030476,18.457000000000008
1772222731131571583,2026-02-27 15:05:31.131,-29.8056,-18.2571,-40.8529,-0.989844,1.6651,0.029849,18.458000000000013
1772222731132705023,2026-02-27 15:05:31.132,-29.8321,-18.2408,-40.9214,-0.99008,1.66437,0.027705,18.459000000000003
1772222731133882669,2026-02-27 15:05:31.133,-29.8704,-18.1583,-39.7997,-0.985645,1.66391,0.015034,18.460000000000008
1772222731135084339,2026-02-27 15:05:31.135,-29.8548,-18.2308,-40.2091,-0.9836,1.66291,0.015458,18.462000000000003
1772222731136259623,2026-02-27 15:05:31.136,-29.7982,-18.342,-40.7027,-0.986003,1.66073,0.016143,18.463000000000008
1772222731137475921,2026-02-27 15:05:31.137,-29.6641,-18.3803,-41.035,-0.986153,1.65706,0.01741,18.464
1772222731138611198,2026-02-27 15:05:31.138,-29.6572,-18.4309,-40.9308,-0.991024,1.65436,0.016733,18.465000000000003
1772222731139743834,2026-02-27 15:05:31.139,-29.577,-18.4867,-40.9421,-0.995839,1.64884,0.015137,18.466000000000008
1772222731140921988,2026-02-27 15:05:31.140,-29.4739,-18.5082,-40.8478,-0.998084,1.64446,0.013215,18.467
1772222731142104513,2026-02-27 15:05:31.142,-29.4588,-18.5728,-41.8133,-1.00073,1.641,0.020538,18.46900000000001
1772222731143279461,2026-02-27 15:05:31.143,-29.3473,-18.7798,-41.6087,-1.00843,1.63429,0.016995,18.47
1772222731144488656,2026-02-27 15:05:31.144,-29.3336,-18.8217,-40.9,-1.01306,1.63185,0.0111,18.471000000000004
1772222731145621929,2026-02-27 15:05:31.145,-29.3032,-18.8376,-40.5567,-1.01662,1.62916,0.008239,18.47200000000001
1772222731146801946,2026-02-27 15:05:31.146,-29.2513,-18.9797,-40.3719,-1.02334,1.62526,0.007724,18.473
1772222731148000955,2026-02-27 15:05:31.148,-29.2375,-19.0825,-40.2159,-1.03247,1.6214,0.008253,18.47500000000001
1772222731149175628,2026-02-27 15:05:31.149,-29.15,-19.1453,-40.0124,-1.04152,1.61724,0.00794,18.476
1772222731150348305,2026-02-27 15:05:31.150,-29.1006,-19.3713,-38.5974,-1.05634,1.61021,-0.000608,18.477000000000004
1772222731151536168,2026-02-27 15:05:31.151,-28.9649,-19.5285,-38.7023,-1.06541,1.60714,0.002871,18.47800000000001
1772222731152668672,2026-02-27 15:05:31.152,-28.9442,-19.6488,-38.7518,-1.07733,1.60216,0.00665,18.479
1772222731153845145,2026-02-27 15:05:31.153,-28.9006,-19.7323,-38.9704,-1.09095,1.59752,0.011369,18.480000000000004
1772222731155046810,2026-02-27 15:05:31.155,-28.7254,-19.8405,-38.8528,-1.09569,1.58986,0.012144,18.482
1772222731156220073,2026-02-27 15:05:31.156,-28.5908,-19.8226,-38.6239,-1.10282,1.58007,0.011132,18.483000000000004
1772222731157395912,2026-02-27 15:05:31.157,-28.4956,-20.1229,-38.0022,-1.12165,1.5759,0.018187,18.48400000000001
1772222731158528672,2026-02-27 15:05:31.158,-28.438,-20.3458,-38.857,-1.13771,1.57263,0.029875,18.485
1772222731159659696,2026-02-27 15:05:31.159,-28.3897,-20.504,-38.238,-1.15193,1.56832,0.027946,18.486000000000004
1772222731160863176,2026-02-27 15:05:31.160,-28.2931,-20.6205,-37.9639,-1.16071,1.56323,0.029366,18.48700000000001
1772222731162036567,2026-02-27 15:05:31.162,-28.2749,-20.5708,-37.5898,-1.1622,1.55472,0.024773,18.489000000000004
1772222731163211168,2026-02-27 15:05:31.163,-28.1299,-20.4624,-37.267,-1.14501,1.54793,0.026457,18.49000000000001
1772222731164388197,2026-02-27 15:05:31.164,-27.7038,-20.097,-37.2353,-1.12609,1.5159,0.026025,18.491
1772222731165528429,2026-02-27 15:05:31.165,-27.6325,-20.2182,-36.4942,-1.15966,1.51988,0.01702,18.492000000000004
1772222731166661382,2026-02-27 15:05:31.166,-27.6583,-20.474,-34.8737,-1.16861,1.51795,0.011649,18.49300000000001
1772222731167837751,2026-02-27 15:05:31.167,-27.5829,-20.7322,-34.4814,-1.18337,1.51698,0.02292,18.494
1772222731169037167,2026-02-27 15:05:31.169,-27.5825,-21.0287,-34.2157,-1.20104,1.51467,0.028122,18.49600000000001
1772222731170211433,2026-02-27 15:05:31.170,-27.4733,-21.119,-34.6938,-1.20916,1.51231,0.035728,18.497
1772222731171387472,2026-02-27 15:05:31.171,-27.5415,-21.0842,-34.5504,-1.21713,1.51557,0.038213,18.498000000000005
1772222731172541519,2026-02-27 15:05:31.172,-27.5854,-21.0382,-34.0838,-1.2171,1.523,0.038623,18.49900000000001
1772222731173674767,2026-02-27 15:05:31.173,-27.5934,-21.0434,-33.7593,-1.21935,1.52864,0.038886,18.5
1772222731174851484,2026-02-27 15:05:31.174,-27.6038,-21.1059,-33.9852,-1.22023,1.53155,0.045506,18.501000000000005
1772222731176050540,2026-02-27 15:05:31.176,-27.5319,-21.1935,-34.1791,-1.22635,1.52975,0.050122,18.503
1772222731177225587,2026-02-27 15:05:31.177,-27.4995,-21.225,-33.66,-1.23427,1.52579,0.051334,18.504000000000005
1772222731178407830,2026-02-27 15:05:31.178,-27.4396,-21.1237,-32.7956,-1.23103,1.52089,0.04706,18.50500000000001
1772222731179537392,2026-02-27 15:05:31.179,-27.3866,-21.0298,-32.4671,-1.22866,1.51459,0.046765,18.506
1772222731180670167,2026-02-27 15:05:31.180,-27.1838,-20.9398,-32.3637,-1.21964,1.50858,0.047462,18.507000000000005
1772222731181848057,2026-02-27 15:05:31.181,-27.0991,-20.8161,-32.3745,-1.21964,1.50375,0.046052,18.50800000000001
1772222731183048976,2026-02-27 15:05:31.183,-26.9771,-20.7864,-32.3132,-1.21569,1.49146,0.043095,18.510000000000005
1772222731184223109,2026-02-27 15:05:31.184,-26.9592,-20.7321,-31.0895,-1.21538,1.48913,0.039772,18.51100000000001
1772222731185399692,2026-02-27 15:05:31.185,-26.8317,-20.6728,-31.776,-1.20852,1.48053,0.045606,18.512
1772222731186553262,2026-02-27 15:05:31.186,-26.736,-20.569,-32.5381,-1.19716,1.47691,0.05082,18.513000000000005
1772222731187683702,2026-02-27 15:05:31.187,-26.7121,-20.5401,-32.8882,-1.18955,1.47181,0.05172,18.51400000000001
1772222731188885876,2026-02-27 15:05:31.188,-26.6737,-20.4085,-33.0234,-1.18114,1.46941,0.051053,18.515
1772222731190088802,2026-02-27 15:05:31.190,-26.6355,-20.2802,-33.1576,-1.17145,1.46927,0.050378,18.51700000000001
1772222731191264112,2026-02-27 15:05:31.191,-26.6138,-20.2207,-33.358,-1.16261,1.4663,0.050304,18.518
1772222731192440296,2026-02-27 15:05:31.192,-26.5104,-19.9979,-34.7401,-1.13952,1.46026,0.057441,18.519000000000005
1772222731193592036,2026-02-27 15:05:31.193,-26.4403,-19.8984,-34.9633,-1.13261,1.4561,0.057752,18.52000000000001
1772222731194769919,2026-02-27 15:05:31.194,-26.3967,-19.7702,-34.6826,-1.12313,1.45222,0.052656,18.521
1772222731195971239,2026-02-27 15:05:31.195,-26.4202,-19.6204,-34.6875,-1.114,1.45026,0.05062,18.522000000000006
1772222731197248687,2026-02-27 15:05:31.197,-26.358,-19.4835,-34.8629,-1.10391,1.44631,0.049978,18.524
1772222731198425196,2026-02-27 15:05:31.198,-26.2897,-19.2085,-35.5331,-1.07739,1.43868,0.051031,18.525000000000006
1772222731199578448,2026-02-27 15:05:31.199,-26.3279,-19.1194,-35.009,-1.0708,1.43615,0.042595,18.52600000000001
1772222731200713709,2026-02-27 15:05:31.200,-26.2252,-18.9249,-34.9952,-1.05437,1.43294,0.041548,18.527
1772222731201846904,2026-02-27 15:05:31.201,-26.225,-18.7188,-35.5229,-1.03974,1.43043,0.041927,18.528000000000006
1772222731203048187,2026-02-27 15:05:31.203,-26.1505,-18.5876,-36.1981,-1.03144,1.42747,0.046074,18.53
1772222731204248562,2026-02-27 15:05:31.204,-26.1449,-18.2829,-36.7734,-1.01424,1.42463,0.050808,18.531000000000006
1772222731205428440,2026-02-27 15:05:31.205,-26.0987,-17.9796,-37.3687,-0.990116,1.41727,0.049527,18.53200000000001
1772222731206541727,2026-02-27 15:05:31.206,-26.0287,-17.8621,-37.564,-0.977885,1.41221,0.048921,18.533
1772222731207673743,2026-02-27 15:05:31.207,-26.0186,-17.6957,-38.022,-0.968068,1.41008,0.050913,18.534000000000006
1772222731208874799,2026-02-27 15:05:31.208,-25.891,-17.4744,-39.2022,-0.949128,1.40606,0.058243,18.53500000000001
1772222731210074662,2026-02-27 15:05:31.210,-25.8673,-17.3334,-39.0125,-0.937672,1.40192,0.054655,18.537000000000006
1772222731211276385,2026-02-27 15:05:31.211,-25.8258,-17.249,-38.9801,-0.927942,1.3961,0.053278,18.53800000000001
1772222731212450060,2026-02-27 15:05:31.212,-25.7679,-16.937,-38.6927,-0.909392,1.3864,0.047486,18.539
1772222731213599928,2026-02-27 15:05:31.213,-25.65,-16.78,-38.9915,-0.897813,1.3809,0.047238,18.540000000000006
1772222731214777972,2026-02-27 15:05:31.214,-25.5777,-16.6317,-39.103,-0.886644,1.37628,0.046238,18.54100000000001
1772222731215980411,2026-02-27 15:05:31.215,-25.5276,-16.4701,-39.2874,-0.878047,1.37192,0.046868,18.542
1772222731217182061,2026-02-27 15:05:31.217,-25.4104,-16.3351,-38.2093,-0.868523,1.36491,0.035172,18.54400000000001
1772222731218357597,2026-02-27 15:05:31.218,-25.3735,-16.2477,-38.6983,-0.859247,1.36094,0.038814,18.545
1772222731219570891,2026-02-27 15:05:31.219,-25.2401,-16.023,-39.4916,-0.847659,1.35071,0.04245,18.546000000000006
1772222731220769324,2026-02-27 15:05:31.220,-25.1917,-15.9261,-39.8801,-0.837964,1.34684,0.046367,18.54700000000001
1772222731221971884,2026-02-27 15:05:31.221,-25.0613,-15.8304,-39.9516,-0.831929,1.3432,0.045419,18.548000000000002
1772222731223174455,2026-02-27 15:05:31.223,-25.0026,-15.7897,-40.0526,-0.828032,1.33794,0.045512,18.55000000000001
1772222731224350853,2026-02-27 15:05:31.224,-24.9823,-15.7314,-40.2062,-0.823721,1.33587,0.044287,18.551000000000002
1772222731225563317,2026-02-27 15:05:31.225,-24.9703,-15.7748,-41.4668,-0.823699,1.33167,0.053237,18.552000000000007
1772222731226762460,2026-02-27 15:05:31.226,-25.0669,-15.7211,-41.4217,-0.825392,1.33326,0.052219,18.55300000000001
1772222731227967571,2026-02-27 15:05:31.227,-25.0824,-15.7675,-41.0446,-0.825599,1.33517,0.047465,18.554000000000002
1772222731229173160,2026-02-27 15:05:31.229,-25.2022,-15.8389,-40.8297,-0.829432,1.33984,0.045326,18.55600000000001
1772222731230352594,2026-02-27 15:05:31.230,-25.2421,-15.8884,-40.8006,-0.834657,1.34346,0.043679,18.557000000000002
1772222731231539465,2026-02-27 15:05:31.231,-25.5295,-16.0417,-40.9135,-0.846814,1.35814,0.044291,18.558000000000007
1772222731232676211,2026-02-27 15:05:31.232,-25.7509,-16.1756,-40.5751,-0.85638,1.36589,0.041438,18.55900000000001
1772222731233860130,2026-02-27 15:05:31.233,-25.9189,-16.2988,-39.8143,-0.864381,1.3774,0.036633,18.560000000000002
1772222731235062402,2026-02-27 15:05:31.235,-26.0728,-16.4057,-40.2264,-0.871578,1.38801,0.03997,18.562000000000012
1772222731236262665,2026-02-27 15:05:31.236,-26.2363,-16.5921,-40.4764,-0.881905,1.3994,0.043282,18.563000000000002
1772222731237446527,2026-02-27 15:05:31.237,-26.5341,-16.9644,-40.8006,-0.910292,1.42102,0.050695,18.564000000000007
1772222731238610998,2026-02-27 15:05:31.238,-26.6991,-17.0851,-40.6316,-0.922674,1.43215,0.052099,18.565000000000012
1772222731239789638,2026-02-27 15:05:31.239,-26.848,-17.3487,-40.4387,-0.936006,1.44333,0.052981,18.566000000000003
1772222731240991734,2026-02-27 15:05:31.240,-27.0386,-17.5727,-40.1551,-0.956592,1.45527,0.055077,18.567000000000007
1772222731242194150,2026-02-27 15:05:31.242,-27.1373,-17.7937,-41.1076,-0.971498,1.46733,0.06617,18.569000000000003
1772222731243370040,2026-02-27 15:05:31.243,-27.352,-17.991,-40.3849,-0.989848,1.48012,0.063444,18.570000000000007
1772222731244540566,2026-02-27 15:05:31.244,-27.7268,-18.4171,-39.2202,-1.02319,1.50656,0.060837,18.571000000000012
1772222731245682704,2026-02-27 15:05:31.245,-27.9791,-18.6778,-38.6642,-1.03655,1.52151,0.058933,18.572000000000003
1772222731246909463,2026-02-27 15:05:31.246,-28.1242,-18.8812,-38.2088,-1.05785,1.53449,0.059796,18.573000000000008
1772222731248119767,2026-02-27 15:05:31.248,-28.3552,-19.1031,-37.8549,-1.07292,1.54944,0.060744,18.575000000000003
1772222731249321794,2026-02-27 15:05:31.249,-28.4779,-19.3033,-37.5116,-1.08994,1.56273,0.060339,18.576000000000008
1772222731250530474,2026-02-27 15:05:31.250,-28.689,-19.5108,-36.2166,-1.10492,1.57838,0.051327,18.577000000000012
1772222731251683650,2026-02-27 15:05:31.251,-29.0251,-20.0062,-35.4591,-1.14009,1.60414,0.051825,18.578000000000003
1772222731252868292,2026-02-27 15:05:31.252,-29.1094,-20.0564,-35.6152,-1.14742,1.61585,0.056771,18.579000000000008
1772222731254069426,2026-02-27 15:05:31.254,-29.2257,-20.1286,-35.5354,-1.15398,1.62137,0.062816,18.581000000000003
1772222731255273135,2026-02-27 15:05:31.255,-29.348,-20.3309,-35.1199,-1.16514,1.63563,0.061062,18.582000000000008
1772222731256466821,2026-02-27 15:05:31.256,-29.5667,-20.5082,-34.5259,-1.18213,1.64885,0.062572,18.583000000000013
1772222731257615489,2026-02-27 15:05:31.257,-29.6642,-20.6046,-34.0382,-1.19352,1.6606,0.062216,18.584000000000003
1772222731258814884,2026-02-27 15:05:31.258,-29.5023,-20.6084,-35.0245,-1.18602,1.6394,0.079567,18.585000000000008
1772222731260019172,2026-02-27 15:05:31.260,-29.3721,-20.2406,-34.571,-1.16652,1.64053,0.070723,18.587000000000003
1772222731261222004,2026-02-27 15:05:31.261,-29.4398,-19.948,-33.749,-1.15133,1.64593,0.060933,18.588000000000008
1772222731262400405,2026-02-27 15:05:31.262,-29.3937,-19.9106,-32.2013,-1.17321,1.66218,0.047837,18.589
1772222731263538831,2026-02-27 15:05:31.263,-29.441,-20.3196,-30.8103,-1.18907,1.66367,0.061936,18.590000000000003
1772222731264673452,2026-02-27 15:05:31.264,-29.4834,-20.6381,-30.8294,-1.21117,1.67083,0.066972,18.591000000000008
1772222731265852430,2026-02-27 15:05:31.265,-29.5091,-20.8335,-30.3729,-1.22477,1.67601,0.06506,18.592
1772222731267055372,2026-02-27 15:05:31.267,-29.7144,-20.932,-28.689,-1.23178,1.68229,0.052782,18.59400000000001
1772222731268232263,2026-02-27 15:05:31.268,-29.8248,-20.8223,-28.839,-1.22119,1.68702,0.057459,18.595
1772222731269420373,2026-02-27 15:05:31.269,-29.7973,-20.591,-28.6605,-1.20948,1.68857,0.058958,18.596000000000004
1772222731270593278,2026-02-27 15:05:31.270,-29.7395,-20.3524,-28.4218,-1.20534,1.69394,0.054067,18.59700000000001
1772222731271732646,2026-02-27 15:05:31.271,-29.7564,-20.4076,-27.6806,-1.21174,1.70154,0.052713,18.598
1772222731272870897,2026-02-27 15:05:31.272,-29.8117,-20.5044,-27.0537,-1.21598,1.70893,0.056469,18.599000000000004
1772222731274076924,2026-02-27 15:05:31.274,-29.7983,-20.6302,-26.6868,-1.22524,1.70923,0.059173,18.601
1772222731275278603,2026-02-27 15:05:31.275,-29.7578,-20.7794,-27.4171,-1.23462,1.70773,0.07088,18.602000000000004
1772222731276471522,2026-02-27 15:05:31.276,-29.8439,-20.8374,-26.9819,-1.24217,1.71188,0.069208,18.60300000000001
1772222731277610577,2026-02-27 15:05:31.277,-30.03,-20.664,-25.9578,-1.23211,1.71978,0.055969,18.604
1772222731278790871,2026-02-27 15:05:31.278,-30.0995,-20.5226,-25.4363,-1.22654,1.72873,0.054434,18.605000000000004
1772222731279997987,2026-02-27 15:05:31.279,-29.9452,-20.2254,-25.7189,-1.19424,1.71704,0.059049,18.60600000000001
1772222731281199680,2026-02-27 15:05:31.281,-29.8195,-19.757,-25.9058,-1.17231,1.69957,0.051094,18.608000000000004
1772222731282400331,2026-02-27 15:05:31.282,-29.7282,-19.6909,-25.4328,-1.18223,1.70556,0.043993,18.60900000000001
1772222731283555180,2026-02-27 15:05:31.283,-29.9562,-19.9803,-23.6614,-1.20045,1.71624,0.042904,18.61
1772222731284691351,2026-02-27 15:05:31.284,-29.9759,-20.1841,-23.9072,-1.1991,1.7174,0.049515,18.611000000000004
1772222731285869719,2026-02-27 15:05:31.285,-29.9536,-20.2805,-24.4906,-1.20378,1.71961,0.05455,18.61200000000001
1772222731287071607,2026-02-27 15:05:31.287,-30.0435,-20.2791,-24.9272,-1.21115,1.72207,0.058442,18.614000000000004
1772222731288271965,2026-02-27 15:05:31.288,-30.3026,-20.1902,-24.9872,-1.20829,1.73093,0.057892,18.61500000000001
1772222731289478955,2026-02-27 15:05:31.289,-30.4639,-20.0615,-25.0141,-1.20205,1.74116,0.055881,18.616
1772222731290615175,2026-02-27 15:05:31.290,-30.6832,-19.753,-25.4471,-1.17913,1.75551,0.054493,18.617000000000004
1772222731291790904,2026-02-27 15:05:31.291,-30.7391,-19.7723,-26.5952,-1.17738,1.76157,0.065148,18.61800000000001
1772222731292966710,2026-02-27 15:05:31.292,-30.788,-19.6353,-26.3413,-1.17346,1.76564,0.060713,18.619
1772222731294141607,2026-02-27 15:05:31.294,-30.8047,-19.6265,-26.6059,-1.16989,1.76705,0.060849,18.62100000000001
1772222731295335255,2026-02-27 15:05:31.295,-30.9175,-19.5992,-26.4399,-1.16492,1.76986,0.057237,18.622
1772222731296524832,2026-02-27 15:05:31.296,-31.0395,-19.4828,-26.8046,-1.15784,1.77423,0.057039,18.623000000000005
1772222731297657565,2026-02-27 15:05:31.297,-31.1039,-19.4311,-27.1087,-1.15177,1.77696,0.057022,18.62400000000001
1772222731298830539,2026-02-27 15:05:31.298,-31.1311,-19.3202,-27.4935,-1.14135,1.78131,0.057253,18.625
1772222731300002569,2026-02-27 15:05:31.300,-31.3378,-19.3254,-26.5753,-1.14399,1.78389,0.046887,18.62700000000001
1772222731301175429,2026-02-27 15:05:31.301,-31.376,-19.2375,-27.1279,-1.13578,1.78685,0.050839,18.628
1772222731302350453,2026-02-27 15:05:31.302,-31.4445,-19.1024,-27.4491,-1.12686,1.79099,0.050472,18.629000000000005
1772222731303546677,2026-02-27 15:05:31.303,-31.5484,-18.9595,-28.662,-1.11657,1.79647,0.058832,18.63000000000001
1772222731304679934,2026-02-27 15:05:31.304,-31.5827,-18.9427,-28.8829,-1.11133,1.79931,0.058592,18.631
1772222731305829651,2026-02-27 15:05:31.305,-31.6591,-18.8677,-29.0256,-1.10769,1.80182,0.058637,18.632000000000005
1772222731307001874,2026-02-27 15:05:31.307,-31.6337,-18.8189,-29.2469,-1.10279,1.80429,0.058593,18.634
1772222731308173391,2026-02-27 15:05:31.308,-31.6396,-18.7602,-29.9574,-1.09708,1.8038,0.064772,18.635000000000005
1772222731309345898,2026-02-27 15:05:31.309,-31.4294,-18.883,-30.0503,-1.09868,1.79311,0.066795,18.63600000000001
1772222731310602316,2026-02-27 15:05:31.310,-31.68,-18.5373,-30.1847,-1.0836,1.80467,0.062711,18.637
1772222731311752883,2026-02-27 15:05:31.311,-31.664,-18.399,-29.9817,-1.07832,1.80517,0.060002,18.638000000000005
1772222731312925845,2026-02-27 15:05:31.312,-31.7345,-18.373,-30.0474,-1.06752,1.80446,0.057908,18.63900000000001
1772222731314099875,2026-02-27 15:05:31.314,-31.7919,-18.3043,-30.1385,-1.06161,1.80349,0.056357,18.641000000000005
1772222731315272502,2026-02-27 15:05:31.315,-31.7963,-18.1931,-30.1956,-1.05527,1.80832,0.053032,18.64200000000001
1772222731316445451,2026-02-27 15:05:31.316,-31.9382,-18.1858,-30.1469,-1.05441,1.81413,0.05158,18.643
1772222731317598113,2026-02-27 15:05:31.317,-32.0029,-18.1456,-29.3862,-1.05235,1.82044,0.044318,18.644000000000005
1772222731318733211,2026-02-27 15:05:31.318,-32.2305,-17.9987,-30.3328,-1.04629,1.83669,0.049016,18.64500000000001
1772222731319863927,2026-02-27 15:05:31.319,-32.4454,-18.0473,-31.0651,-1.04577,1.8444,0.051595,18.646
1772222731321042275,2026-02-27 15:05:31.321,-32.6064,-17.9948,-31.3404,-1.04007,1.86146,0.05036,18.64800000000001
1772222731322214791,2026-02-27 15:05:31.322,-32.8564,-18.0219,-31.4138,-1.03698,1.87716,0.048995,18.649
1772222731323389431,2026-02-27 15:05:31.323,-33.1978,-18.0482,-31.5908,-1.04214,1.89474,0.047212,18.650000000000006
1772222731324537178,2026-02-27 15:05:31.324,-33.4087,-18.0171,-31.8125,-1.04056,1.91224,0.046785,18.65100000000001
1772222731325670355,2026-02-27 15:05:31.325,-33.9114,-18.0371,-32.856,-1.04311,1.94697,0.049971,18.652
1772222731326819896,2026-02-27 15:05:31.326,-33.9362,-17.9163,-33.4211,-1.02526,1.94519,0.053131,18.653000000000006
1772222731327991308,2026-02-27 15:05:31.327,-34.1137,-17.8441,-32.8048,-1.02831,1.95177,0.042342,18.65400000000001
1772222731329165502,2026-02-27 15:05:31.329,-34.1609,-17.9388,-32.141,-1.02941,1.96341,0.03437,18.656000000000006
1772222731330338756,2026-02-27 15:05:31.330,-34.6212,-17.829,-32.364,-1.03345,1.99222,0.033413,18.65700000000001
1772222731331533898,2026-02-27 15:05:31.331,-34.8717,-17.7993,-32.4497,-1.02603,2.01442,0.031213,18.658
1772222731332664118,2026-02-27 15:05:31.332,-35.4083,-17.8693,-31.5744,-1.02916,2.04445,0.020982,18.659000000000006
1772222731333843301,2026-02-27 15:05:31.333,-35.6402,-17.9091,-31.2349,-1.03509,2.05943,0.015165,18.66000000000001
1772222731335016686,2026-02-27 15:05:31.335,-35.9829,-17.9331,-31.2274,-1.03632,2.07574,0.013373,18.662000000000006
1772222731336189653,2026-02-27 15:05:31.336,-36.1737,-17.9929,-31.5554,-1.04418,2.09112,0.016291,18.66300000000001
1772222731337391255,2026-02-27 15:05:31.337,-36.3686,-18.0659,-31.6514,-1.04791,2.10578,0.021352,18.664
1772222731338555288,2026-02-27 15:05:31.338,-36.4357,-18.0139,-31.4079,-1.05112,2.11851,0.021509,18.665000000000006
1772222731339689854,2026-02-27 15:05:31.339,-36.6012,-18.1012,-30.6907,-1.06186,2.12803,0.020088,18.66600000000001
1772222731340889212,2026-02-27 15:05:31.340,-36.4662,-17.9814,-30.9276,-1.05478,2.11882,0.022582,18.667
1772222731342090060,2026-02-27 15:05:31.342,-36.5183,-17.6925,-31.8455,-1.04036,2.12725,0.026711,18.66900000000001
1772222731343294835,2026-02-27 15:05:31.343,-36.598,-17.3575,-31.4789,-1.01173,2.12231,0.018418,18.67
1772222731344509537,2026-02-27 15:05:31.344,-36.5969,-17.1211,-30.9633,-1.00506,2.12876,0.014816,18.671000000000006
1772222731345642320,2026-02-27 15:05:31.345,-36.6182,-17.0895,-29.3789,-1.00995,2.14327,0.006215,18.67200000000001
1772222731346799433,2026-02-27 15:05:31.346,-36.6705,-17.228,-29.0869,-1.01619,2.14511,0.011084,18.673000000000002
1772222731348004052,2026-02-27 15:05:31.348,-36.7005,-17.3304,-28.8624,-1.02375,2.14708,0.013758,18.67500000000001
1772222731349205806,2026-02-27 15:05:31.349,-36.8284,-17.4818,-28.6503,-1.03561,2.15248,0.011613,18.676000000000002
1772222731350380676,2026-02-27 15:05:31.350,-36.8258,-17.4183,-27.1652,-1.03506,2.15867,-0.000431,18.677000000000007
1772222731351557031,2026-02-27 15:05:31.351,-37.0114,-17.3986,-27.2052,-1.03588,2.16315,0.002142,18.67800000000001
1772222731352692067,2026-02-27 15:05:31.352,-37.2159,-17.3239,-26.8818,-1.03622,2.18162,0.005612,18.679000000000002
1772222731353863286,2026-02-27 15:05:31.353,-37.2551,-17.3586,-26.7879,-1.03683,2.18665,0.006861,18.680000000000007
1772222731355038705,2026-02-27 15:05:31.355,-37.2367,-17.2781,-26.4579,-1.03227,2.19146,0.006673,18.682000000000002
1772222731356240046,2026-02-27 15:05:31.356,-37.2041,-17.2349,-26.1891,-1.03413,2.19342,0.006117,18.683000000000007
1772222731357440848,2026-02-27 15:05:31.357,-37.2088,-17.2116,-25.8173,-1.03133,2.18991,0.005381,18.68400000000001
1772222731358564376,2026-02-27 15:05:31.358,-37.1586,-17.1926,-26.1978,-1.03162,2.19329,0.014067,18.685000000000002
1772222731359699476,2026-02-27 15:05:31.359,-37.0926,-17.1739,-25.3443,-1.02152,2.18629,0.011836,18.686000000000007
1772222731360872959,2026-02-27 15:05:31.360,-37.0704,-17.1493,-24.3292,-1.01142,2.16962,0.006236,18.687000000000012
1772222731362045684,2026-02-27 15:05:31.362,-36.8642,-17.0047,-23.576,-0.987966,2.14646,0.001256,18.689000000000007
1772222731363246735,2026-02-27 15:05:31.363,-36.6294,-16.7419,-22.96,-0.958244,2.1122,-0.001318,18.690000000000012
1772222731364447498,2026-02-27 15:05:31.364,-37.8035,-17.1392,-19.2447,-0.810563,1.80767,-0.019151,18.691000000000003
1772222731365602962,2026-02-27 15:05:31.365,-34.3015,-16.8533,-10.1418,-0.458647,1.02228,-0.030178,18.692000000000007
1772222731366738163,2026-02-27 15:05:31.366,-20.9077,-11.5886,-7.09775,-0.331015,0.547876,-0.046346,18.693000000000012
1772222731367917514,2026-02-27 15:05:31.367,-15.3505,-8.34488,-6.96857,-0.244396,0.411448,-0.024166,18.694000000000003
1772222731369118225,2026-02-27 15:05:31.369,-9.74677,-5.18985,-5.59553,-0.157906,0.281103,0.007717,18.696000000000012
1772222731370288659,2026-02-27 15:05:31.370,-3.95593,-2.18828,-4.3152,-0.068914,0.127417,0.050865,18.697000000000003
1772222731371494201,2026-02-27 15:05:31.371,1.99267,0.489371,-2.96306,0.005528,-0.040789,0.082164,18.698000000000008
1772222731372624174,2026-02-27 15:05:31.372,7.31747,2.75382,-2.20074,0.072522,-0.202178,0.092292,18.699000000000012
1772222731373772170,2026-02-27 15:05:31.373,14.1927,6.04115,-1.8856,0.195112,-0.411584,0.073615,18.700000000000003
1772222731374943512,2026-02-27 15:05:31.374,15.3544,7.26662,-3.21269,0.240708,-0.447575,0.069258,18.701000000000008
1772222731376141587,2026-02-27 15:05:31.376,15.1832,8.0381,-2.80388,0.279869,-0.443208,0.051749,18.703000000000003
1772222731377342070,2026-02-27 15:05:31.377,13.9121,8.1967,-2.62593,0.289502,-0.409661,0.037621,18.704000000000008
1772222731378565006,2026-02-27 15:05:31.378,11.7906,7.81821,-1.74405,0.284687,-0.353987,0.019167,18.705000000000013
1772222731379694180,2026-02-27 15:05:31.379,9.26998,6.70691,-0.957447,0.247837,-0.285104,0.009871,18.706000000000003
1772222731380852944,2026-02-27 15:05:31.380,4.06845,3.39581,0.012444,0.124137,-0.142752,0.012395,18.707000000000008
1772222731382048755,2026-02-27 15:05:31.382,0.019719,7.93493,-37.6659,-0.164514,-0.10169,0.022009,18.709000000000003
1772222731383253195,2026-02-27 15:05:31.383,-3.07868,2.0117,-37.2942,-0.159276,-0.466522,-0.000607,18.710000000000008
1772222731384468900,2026-02-27 15:05:31.384,-0.687494,1.22638,-37.3743,-0.065359,-0.003757,0.003283,18.711000000000013
1772222731385603118,2026-02-27 15:05:31.385,-3.39473,2.21836,-44.3722,-0.067434,-0.370522,0.023186,18.712000000000003
1772222731386738569,2026-02-27 15:05:31.386,-5.21331,5.02929,-49.5368,0.007327,-0.142147,0.000987,18.713000000000008
1772222731387869092,2026-02-27 15:05:31.387,-6.39313,6.51055,-50.608,0.064724,-0.044386,0.005038,18.714
1772222731389067754,2026-02-27 15:05:31.389,-6.94596,7.65908,-51.4444,0.11284,0.053139,0.021516,18.716000000000008
1772222731390268020,2026-02-27 15:05:31.390,-7.09712,8.42863,-52.2712,0.156089,0.091993,0.035776,18.717
1772222731391482640,2026-02-27 15:05:31.391,-6.82369,8.58283,-53.2418,0.170895,0.109178,0.052523,18.718000000000004
1772222731392612511,2026-02-27 15:05:31.392,-6.51522,8.53308,-54.5359,0.189241,0.103633,0.055918,18.71900000000001
1772222731393762550,2026-02-27 15:05:31.393,-6.46147,7.91221,-54.4155,0.178214,0.108109,0.059161,18.72
1772222731394943421,2026-02-27 15:05:31.394,-7.31551,6.27142,-52.7679,0.123537,0.177308,0.069013,18.721000000000004
1772222731396144016,2026-02-27 15:05:31.396,-8.16806,5.22048,-51.3785,0.075804,0.241719,0.07798,18.723
1772222731397350010,2026-02-27 15:05:31.397,-9.05278,4.06614,-49.896,0.01824,0.309537,0.08777,18.724000000000004
1772222731398563195,2026-02-27 15:05:31.398,-9.99232,2.82772,-48.5054,-0.046508,0.377452,0.098625,18.72500000000001
1772222731399694987,2026-02-27 15:05:31.399,-10.9703,1.49862,-46.8116,-0.112234,0.442608,0.109641,18.726
1772222731400847471,2026-02-27 15:05:31.400,-12.6705,-1.22811,-42.342,-0.236768,0.55966,0.125806,18.727000000000004
1772222731402047190,2026-02-27 15:05:31.402,-13.4718,-2.44581,-39.968,-0.295515,0.612669,0.132999,18.729
1772222731403220390,2026-02-27 15:05:31.403,-14.1614,-3.68676,-37.8717,-0.353745,0.661402,0.14559,18.730000000000004
1772222731404407420,2026-02-27 15:05:31.404,-14.7516,-4.78457,-35.3968,-0.407157,0.70734,0.153642,18.73100000000001
1772222731405561452,2026-02-27 15:05:31.405,-15.2902,-5.83674,-32.4839,-0.458824,0.745957,0.160155,18.732
1772222731406693633,2026-02-27 15:05:31.406,-15.7048,-6.80497,-29.7397,-0.50784,0.780686,0.167945,18.733000000000004
1772222731407860470,2026-02-27 15:05:31.407,-16.2199,-8.42282,-26.0867,-0.597837,0.831899,0.190852,18.73400000000001
1772222731409060183,2026-02-27 15:05:31.409,-16.3217,-9.0338,-23.7872,-0.632297,0.850752,0.192976,18.736000000000004
1772222731410258675,2026-02-27 15:05:31.410,-16.5398,-9.49102,-21.7955,-0.664949,0.868961,0.195128,18.73700000000001
1772222731411474841,2026-02-27 15:05:31.411,-16.6621,-9.80305,-19.5073,-0.685001,0.884961,0.19328,18.738
1772222731412606523,2026-02-27 15:05:31.412,-16.8246,-10.0358,-17.688,-0.704001,0.898342,0.1913,18.739000000000004
1772222731413742310,2026-02-27 15:05:31.413,-16.9221,-10.3231,-16.3051,-0.721743,0.912917,0.190944,18.74000000000001
1772222731414898252,2026-02-27 15:05:31.414,-17.1231,-10.7103,-14.295,-0.742158,0.933063,0.191013,18.741
1772222731416094425,2026-02-27 15:05:31.416,-17.1646,-10.8854,-12.8717,-0.749905,0.939054,0.184852,18.74300000000001
1772222731417293450,2026-02-27 15:05:31.417,-17.2239,-11.009,-11.9939,-0.749024,0.942016,0.181432,18.744
1772222731418505173,2026-02-27 15:05:31.418,-17.2157,-11.2244,-11.871,-0.739143,0.938431,0.181851,18.745000000000005
1772222731419637871,2026-02-27 15:05:31.419,-17.2415,-11.3674,-11.727,-0.711672,0.922997,0.182673,18.74600000000001
1772222731420787088,2026-02-27 15:05:31.420,-17.1164,-11.1568,-12.1234,-0.699459,0.913116,0.184824,18.747
1772222731422043677,2026-02-27 15:05:31.422,-16.5447,-10.6377,-10.515,-0.539544,0.74125,0.143104,18.74900000000001
1772222731423244188,2026-02-27 15:05:31.423,-15.0077,-10.0974,-9.43334,-0.438202,0.618276,0.098809,18.75
1772222731424445683,2026-02-27 15:05:31.424,-13.02,-9.32925,-7.1202,-0.283731,0.32294,0.036538,18.751000000000005
1772222731425569109,2026-02-27 15:05:31.425,-9.57101,-6.7328,-9.23578,-0.296796,0.27395,0.031012,18.75200000000001
1772222731426698885,2026-02-27 15:05:31.426,-6.73319,-4.8662,-10.5996,-0.249402,0.267695,0.057234,18.753
1772222731427848169,2026-02-27 15:05:31.427,-4.68576,-2.44305,-13.1525,-0.330076,0.213365,0.092485,18.754000000000005
1772222731429024724,2026-02-27 15:05:31.429,-0.119816,1.13955,-17.6898,-0.444854,0.299234,0.211242,18.756
1772222731430217698,2026-02-27 15:05:31.430,0.277582,3.03304,-24.4607,-0.705875,0.558793,0.34827,18.757000000000005
1772222731431415685,2026-02-27 15:05:31.431,-2.06634,-1.96255,-22.4021,-0.538255,0.13919,0.27898,18.75800000000001
1772222731432567605,2026-02-27 15:05:31.432,-1.30315,-3.65025,-18.2234,-0.602379,0.249188,0.208374,18.759
1772222731433694748,2026-02-27 15:05:31.433,-3.27465,-5.29112,-17.1427,-0.580641,0.117769,0.127249,18.760000000000005
1772222731434866290,2026-02-27 15:05:31.434,-5.14576,-5.8592,-18.6016,-0.617444,0.144093,0.065377,18.76100000000001
1772222731436037805,2026-02-27 15:05:31.436,-8.01839,-6.56136,-21.8906,-0.653632,0.24457,0.068538,18.763000000000005
1772222731437235551,2026-02-27 15:05:31.437,-8.68594,-6.60966,-23.1275,-0.66241,0.300075,0.095177,18.76400000000001
1772222731438433829,2026-02-27 15:05:31.438,-9.12692,-6.55332,-23.7053,-0.662583,0.339754,0.118253,18.765
1772222731439563750,2026-02-27 15:05:31.439,-9.24574,-6.574,-23.9953,-0.67176,0.368731,0.131621,18.766000000000005
1772222731440694368,2026-02-27 15:05:31.440,-9.1837,-6.58502,-24.1609,-0.681518,0.385846,0.138503,18.76700000000001
1772222731441849314,2026-02-27 15:05:31.441,-8.80001,-6.81008,-24.98,-0.694809,0.389536,0.152327,18.768
1772222731443023079,2026-02-27 15:05:31.443,-7.98664,-7.35099,-24.9256,-0.731038,0.378236,0.169377,18.77000000000001
1772222731444215641,2026-02-27 15:05:31.444,-7.79597,-7.60166,-24.483,-0.74512,0.369688,0.169848,18.771
1772222731445416023,2026-02-27 15:05:31.445,-7.75531,-7.75539,-24.2847,-0.752234,0.366439,0.167187,18.772000000000006
1772222731446607677,2026-02-27 15:05:31.446,-7.83788,-7.80533,-24.206,-0.755252,0.364726,0.164008,18.77300000000001
1772222731447742318,2026-02-27 15:05:31.447,-7.98232,-7.92195,-24.2826,-0.7546,0.365382,0.159717,18.774
1772222731448890994,2026-02-27 15:05:31.448,-8.20938,-7.9981,-24.3352,-0.753431,0.371098,0.154802,18.775000000000006
1772222731450062469,2026-02-27 15:05:31.450,-8.51693,-8.30212,-22.9686,-0.758425,0.38833,0.141319,18.777
1772222731451256602,2026-02-27 15:05:31.451,-8.57537,-8.44848,-23.0917,-0.766071,0.39874,0.14751,18.778000000000006
1772222731452470900,2026-02-27 15:05:31.452,-8.67985,-8.68725,-22.811,-0.776308,0.410123,0.154044,18.77900000000001
1772222731453569850,2026-02-27 15:05:31.453,-8.84415,-8.92335,-22.9844,-0.789009,0.422657,0.164352,18.78
1772222731454698346,2026-02-27 15:05:31.454,-8.89384,-9.12368,-22.6518,-0.798883,0.430998,0.169249,18.781000000000006
1772222731455863633,2026-02-27 15:05:31.455,-9.00246,-9.32167,-22.1627,-0.810076,0.437866,0.171698,18.78200000000001
1772222731457048189,2026-02-27 15:05:31.457,-9.23352,-9.69205,-21.3401,-0.824811,0.450964,0.172644,18.784000000000006
1772222731458243771,2026-02-27 15:05:31.458,-9.38821,-9.75752,-22.0979,-0.827014,0.458684,0.18237,18.78500000000001
1772222731459443054,2026-02-27 15:05:31.459,-9.49405,-9.79094,-21.3945,-0.833726,0.464483,0.180223,18.786
1772222731460598783,2026-02-27 15:05:31.460,-9.66378,-9.82095,-21.043,-0.840894,0.471772,0.178743,18.787000000000006
1772222731461756452,2026-02-27 15:05:31.461,-9.80535,-9.8543,-20.1699,-0.839498,0.480071,0.175988,18.78800000000001
1772222731462886369,2026-02-27 15:05:31.462,-9.91028,-9.75656,-19.7327,-0.837556,0.487784,0.174559,18.789
1772222731464004737,2026-02-27 15:05:31.464,-10.1258,-9.782,-19.2406,-0.844444,0.499037,0.176549,18.79100000000001
1772222731465121862,2026-02-27 15:05:31.465,-10.176,-9.74554,-19.1646,-0.839696,0.505458,0.177711,18.792
1772222731466302088,2026-02-27 15:05:31.466,-10.2911,-9.67611,-18.1939,-0.836818,0.511365,0.169351,18.793000000000006
1772222731467483756,2026-02-27 15:05:31.467,-10.3471,-9.61951,-18.0016,-0.836801,0.517405,0.171138,18.79400000000001
1772222731468616689,2026-02-27 15:05:31.468,-10.4353,-9.52818,-18.0863,-0.832396,0.524605,0.171817,18.795
1772222731469766815,2026-02-27 15:05:31.469,-10.5214,-9.51829,-18.4665,-0.828665,0.531339,0.177193,18.796000000000006
1772222731470915163,2026-02-27 15:05:31.470,-10.5816,-9.43883,-18.8612,-0.823437,0.536997,0.181777,18.79700000000001
1772222731472103838,2026-02-27 15:05:31.472,-10.8112,-9.29577,-18.9056,-0.811048,0.553904,0.182823,18.799000000000007
1772222731473282994,2026-02-27 15:05:31.473,-10.8863,-9.19774,-18.8895,-0.806234,0.562338,0.183757,18.80000000000001
1772222731474481415,2026-02-27 15:05:31.474,-11.0791,-9.11255,-19.1049,-0.801127,0.57125,0.188681,18.801000000000002
1772222731475612335,2026-02-27 15:05:31.475,-11.0803,-9.08899,-20.0626,-0.79532,0.581633,0.195609,18.802000000000007
1772222731476771680,2026-02-27 15:05:31.476,-11.3093,-9.0224,-19.609,-0.7902,0.592216,0.194694,18.80300000000001
1772222731477972270,2026-02-27 15:05:31.477,-11.6701,-8.86166,-18.9332,-0.781627,0.613185,0.194158,18.804000000000002
1772222731479147641,2026-02-27 15:05:31.479,-11.8312,-8.7334,-18.8388,-0.777364,0.623833,0.19537,18.80600000000001
1772222731480350494,2026-02-27 15:05:31.480,-12.03,-8.69924,-18.816,-0.775784,0.634692,0.197949,18.807000000000002
1772222731481545167,2026-02-27 15:05:31.481,-12.1588,-8.70563,-18.752,-0.773403,0.64514,0.200724,18.808000000000007
1772222731482678307,2026-02-27 15:05:31.482,-12.377,-8.57988,-18.8852,-0.767002,0.658281,0.20249,18.80900000000001
1772222731483833656,2026-02-27 15:05:31.483,-12.6013,-8.45433,-17.8214,-0.765825,0.669332,0.19523,18.810000000000002
1772222731485006414,2026-02-27 15:05:31.485,-12.8422,-8.44364,-18.4105,-0.766553,0.680994,0.200839,18.812000000000012
1772222731486186548,2026-02-27 15:05:31.486,-13.1917,-8.24881,-19.1534,-0.754542,0.702619,0.211984,18.813000000000002
1772222731487366607,2026-02-27 15:05:31.487,-13.3651,-8.17837,-19.4475,-0.749179,0.713864,0.216603,18.814000000000007
1772222731488553814,2026-02-27 15:05:31.488,-13.5951,-8.10929,-19.4631,-0.746432,0.724785,0.218793,18.815000000000012
1772222731489690456,2026-02-27 15:05:31.489,-13.7841,-8.01361,-19.5628,-0.741839,0.735603,0.221609,18.816000000000003
1772222731490890809,2026-02-27 15:05:31.490,-13.9576,-7.9276,-19.6161,-0.737594,0.746486,0.223575,18.817000000000007
1772222731492068568,2026-02-27 15:05:31.492,-14.387,-7.71759,-20.7053,-0.72699,0.768422,0.237539,18.819000000000003
