abs_timestamp_ns,human_time,fx,fy,fz,tx,ty,tz,mocap_ref_time
1772222265676027234,2026-02-27 14:57:45.676,0.476479,1.36265,-2.56888,0.055073,-0.056241,-0.013044,5.576000000000008
1772222265677221781,2026-02-27 14:57:45.677,0.321382,1.17779,-3.06004,0.07623,-0.047888,-0.011728,5.577000000000012
1772222265678419986,2026-02-27 14:57:45.678,0.252222,1.27386,-3.50432,0.07583,-0.093223,-0.010784,5.578000000000003
1772222265679560310,2026-02-27 14:57:45.679,0.378731,1.19072,-4.65974,0.095347,-0.071632,-0.000133,5.579000000000008
1772222265680688055,2026-02-27 14:57:45.680,0.423753,1.24348,-4.96669,0.087167,-0.089638,0.002362,5.5800000000000125
1772222265681843074,2026-02-27 14:57:45.681,0.494224,1.2653,-5.35009,0.099061,-0.086179,0.002747,5.581000000000003
1772222265683023078,2026-02-27 14:57:45.683,0.504001,1.3767,-5.09137,0.100967,-0.088665,-0.005735,5.583000000000013
1772222265684215790,2026-02-27 14:57:45.684,0.52776,1.41311,-5.21992,0.099317,-0.0891,-0.007963,5.584000000000003
1772222265685410805,2026-02-27 14:57:45.685,0.579392,1.39486,-5.4151,0.100243,-0.085859,-0.008994,5.585000000000008
1772222265686570526,2026-02-27 14:57:45.686,0.474092,1.44593,-5.5605,0.100446,-0.078472,-0.008665,5.586000000000013
1772222265687819135,2026-02-27 14:57:45.687,0.52585,1.40877,-5.34701,0.099081,-0.075448,-0.013156,5.587000000000003
1772222265688994887,2026-02-27 14:57:45.688,0.413127,1.47144,-5.29621,0.098463,-0.062811,-0.014727,5.588000000000008
1772222265690172386,2026-02-27 14:57:45.690,0.36824,1.40811,-5.59646,0.097256,-0.057519,-0.012443,5.590000000000003
1772222265691365496,2026-02-27 14:57:45.691,0.352833,1.41325,-6.07404,0.096501,-0.053085,-0.007864,5.591000000000008
1772222265692559494,2026-02-27 14:57:45.692,0.226586,1.36546,-6.24338,0.096937,-0.048971,-0.007109,5.591999999999999
1772222265693686626,2026-02-27 14:57:45.693,0.220363,1.39701,-6.27419,0.095514,-0.045182,-0.005483,5.5930000000000035
1772222265694864831,2026-02-27 14:57:45.694,0.137077,1.35835,-6.30619,0.095476,-0.042524,-0.00701,5.594000000000008
1772222265696044801,2026-02-27 14:57:45.696,0.070005,1.29772,-7.37823,0.088487,-0.038131,0.003939,5.596000000000004
1772222265697239575,2026-02-27 14:57:45.697,0.02344,1.35086,-7.0098,0.089556,-0.034721,0.000538,5.597000000000008
1772222265698433437,2026-02-27 14:57:45.698,0.016209,1.30137,-7.00669,0.087924,-0.032399,2.1e-05,5.597999999999999
1772222265699566998,2026-02-27 14:57:45.699,-0.106769,1.33287,-6.53027,0.089084,-0.029447,-0.004561,5.599000000000004
1772222265700694936,2026-02-27 14:57:45.700,-0.099335,1.29426,-6.26956,0.084686,-0.030052,-0.007303,5.6000000000000085
1772222265701853122,2026-02-27 14:57:45.701,-0.095359,1.33968,-6.31403,0.084349,-0.028456,-0.006695,5.600999999999999
1772222265703031249,2026-02-27 14:57:45.703,-0.110246,1.39455,-6.24328,0.091235,-0.026163,-0.007789,5.603000000000009
1772222265704225887,2026-02-27 14:57:45.704,-0.164393,1.40094,-5.33063,0.091801,-0.024182,-0.016667,5.603999999999999
1772222265705421368,2026-02-27 14:57:45.705,-0.155898,1.41442,-5.37638,0.09383,-0.02504,-0.01578,5.605000000000004
1772222265706544563,2026-02-27 14:57:45.706,-0.172995,1.45429,-5.43519,0.096682,-0.022622,-0.015971,5.606000000000009
1772222265707669534,2026-02-27 14:57:45.707,-0.198792,1.44073,-5.84804,0.096424,-0.023925,-0.012119,5.606999999999999
1772222265708841895,2026-02-27 14:57:45.708,-0.236786,1.4282,-6.21242,0.097169,-0.021527,-0.009335,5.608000000000004
1772222265710021537,2026-02-27 14:57:45.710,-0.295778,1.47378,-6.1922,0.099038,-0.017818,-0.009282,5.609999999999999
1772222265711196723,2026-02-27 14:57:45.711,-0.362351,1.52626,-6.16394,0.103226,-0.015839,-0.010423,5.611000000000004
1772222265712392574,2026-02-27 14:57:45.712,-0.378843,1.49999,-6.54315,0.101283,-0.012386,-0.005389,5.612000000000009
1772222265713559231,2026-02-27 14:57:45.713,-0.441018,1.49851,-7.03612,0.102046,-0.007473,-0.001626,5.6129999999999995
1772222265714686717,2026-02-27 14:57:45.714,-0.464525,1.50518,-6.79209,0.106373,-0.003805,-0.004429,5.614000000000004
1772222265715860780,2026-02-27 14:57:45.715,-0.546163,1.54233,-6.42299,0.10502,0.001631,-0.008113,5.615000000000009
1772222265717057856,2026-02-27 14:57:45.717,-0.679379,1.48758,-5.93243,0.106884,0.01064,-0.011523,5.617000000000004
1772222265718257823,2026-02-27 14:57:45.718,-0.76354,1.53007,-5.88849,0.107411,0.014945,-0.012121,5.618000000000009
1772222265719473388,2026-02-27 14:57:45.719,-0.906789,1.55601,-5.92785,0.109024,0.0204,-0.012522,5.619
1772222265720601472,2026-02-27 14:57:45.720,-0.97628,1.52142,-5.86662,0.109691,0.026004,-0.012538,5.6200000000000045
1772222265721729379,2026-02-27 14:57:45.721,-0.985506,1.53137,-4.86425,0.110712,0.02975,-0.022475,5.621000000000009
1772222265722900839,2026-02-27 14:57:45.722,-1.11004,1.56357,-5.33884,0.11357,0.036643,-0.018419,5.622
1772222265724077766,2026-02-27 14:57:45.724,-1.26335,1.54128,-5.81946,0.111794,0.046671,-0.01367,5.624000000000009
1772222265725271470,2026-02-27 14:57:45.725,-1.29235,1.50146,-6.10709,0.110801,0.051875,-0.013292,5.625
1772222265726477424,2026-02-27 14:57:45.726,-1.37036,1.50691,-6.04317,0.114329,0.056371,-0.013629,5.626000000000005
1772222265727604385,2026-02-27 14:57:45.727,-1.46257,1.50335,-6.00508,0.112246,0.061312,-0.013462,5.6270000000000095
1772222265728728546,2026-02-27 14:57:45.728,-1.50261,1.50328,-6.12741,0.114136,0.066172,-0.013326,5.628
1772222265729901042,2026-02-27 14:57:45.729,-1.5732,1.49259,-7.01775,0.114045,0.071215,-0.004889,5.629000000000005
1772222265731101056,2026-02-27 14:57:45.731,-1.81821,1.52184,-7.0455,0.112008,0.080394,-0.007491,5.631
1772222265732289932,2026-02-27 14:57:45.732,-1.81344,1.51023,-6.607,0.115982,0.084385,-0.011934,5.632000000000005
1772222265733491875,2026-02-27 14:57:45.733,-1.88889,1.54814,-6.38675,0.117516,0.087605,-0.014542,5.63300000000001
1772222265734619308,2026-02-27 14:57:45.734,-1.97834,1.55911,-6.33918,0.114911,0.092561,-0.015869,5.634
1772222265735775075,2026-02-27 14:57:45.735,-2.02726,1.55084,-6.58049,0.120279,0.095661,-0.016126,5.635000000000005
1772222265736952654,2026-02-27 14:57:45.736,-2.10362,1.55675,-6.60486,0.117618,0.099376,-0.015776,5.63600000000001
1772222265738134480,2026-02-27 14:57:45.738,-2.27432,1.58079,-5.83935,0.119079,0.102418,-0.02423,5.638000000000005
1772222265739322300,2026-02-27 14:57:45.739,-2.32645,1.60717,-6.15758,0.120423,0.106301,-0.022255,5.63900000000001
1772222265740546353,2026-02-27 14:57:45.740,-2.39335,1.61005,-6.58993,0.121861,0.110077,-0.018422,5.640000000000001
1772222265741671053,2026-02-27 14:57:45.741,-2.46151,1.65297,-6.94433,0.120965,0.109759,-0.014297,5.641000000000005
1772222265742837299,2026-02-27 14:57:45.742,-2.49073,1.65483,-6.88877,0.11963,0.108854,-0.013622,5.64200000000001
1772222265744021102,2026-02-27 14:57:45.744,-2.54743,1.65822,-6.85481,0.116956,0.106657,-0.012952,5.6440000000000055
1772222265745198351,2026-02-27 14:57:45.745,-2.58313,1.76451,-6.69408,0.117325,0.104945,-0.012751,5.64500000000001
1772222265746391147,2026-02-27 14:57:45.746,-2.54318,1.79714,-7.48925,0.121888,0.104696,-0.002843,5.646000000000001
1772222265747559246,2026-02-27 14:57:45.747,-2.46262,1.87076,-6.49598,0.109328,0.087752,-0.006155,5.647000000000006
1772222265748686830,2026-02-27 14:57:45.748,-2.34261,1.85969,-6.33228,0.120828,0.092463,-0.005115,5.64800000000001
1772222265749858247,2026-02-27 14:57:45.749,-2.26087,1.9615,-5.43484,0.116311,0.089542,-0.008507,5.649000000000001
1772222265751037168,2026-02-27 14:57:45.751,-2.19045,2.00242,-4.96742,0.107957,0.077948,-0.008909,5.6510000000000105
1772222265752215559,2026-02-27 14:57:45.752,-1.86708,2.17998,-3.53523,0.093795,0.052494,-0.004065,5.652000000000001
1772222265753408303,2026-02-27 14:57:45.753,-1.6047,2.26203,-3.19991,0.096335,0.039282,-0.001811,5.653000000000006
1772222265754567364,2026-02-27 14:57:45.754,-1.29693,2.28878,-1.365,0.084975,0.02833,-0.008297,5.654000000000011
1772222265755695189,2026-02-27 14:57:45.755,-1.0311,2.36333,-0.706021,0.072887,0.017952,-0.00323,5.655000000000001
1772222265756846248,2026-02-27 14:57:45.756,-0.674446,2.41652,-0.191361,0.073832,0.019578,0.000292,5.656000000000006
1772222265758070346,2026-02-27 14:57:45.758,-0.289757,2.36804,-0.407191,0.064847,0.013544,0.00581,5.658000000000001
1772222265759273637,2026-02-27 14:57:45.759,-0.166363,2.38129,-0.385028,0.068406,0.011409,0.002875,5.659000000000006
1772222265760478412,2026-02-27 14:57:45.760,-0.117187,2.33769,-0.353456,0.065928,0.009703,0.001106,5.660000000000011
1772222265761569689,2026-02-27 14:57:45.761,0.008992,2.30043,-0.360024,0.06782,0.007136,-0.000621,5.661000000000001
1772222265762696753,2026-02-27 14:57:45.762,0.097316,2.28863,-1.0,0.064776,0.004927,0.003851,5.662000000000006
1772222265763891220,2026-02-27 14:57:45.763,0.215485,2.20791,-1.32539,0.064937,0.00283,0.007226,5.663000000000011
1772222265765072841,2026-02-27 14:57:45.765,0.26895,2.09525,-1.09003,0.064289,0.000709,0.005573,5.665000000000006
1772222265766250269,2026-02-27 14:57:45.766,0.305322,1.86199,-0.630595,0.056364,-0.004381,0.000248,5.666000000000011
1772222265767445408,2026-02-27 14:57:45.767,0.555197,1.02272,-4.08654,0.15187,0.06484,-0.011759,5.667000000000002
1772222265768574375,2026-02-27 14:57:45.768,-0.41076,1.16124,-6.77517,0.268411,0.152183,-0.046935,5.668000000000006
1772222265769701189,2026-02-27 14:57:45.769,-1.92136,1.4376,-8.57443,0.33707,0.183735,-0.071152,5.669000000000011
1772222265770870112,2026-02-27 14:57:45.770,-3.00856,2.02273,-9.55059,0.318525,0.165592,-0.07642,5.670000000000002
1772222265772050105,2026-02-27 14:57:45.772,-3.33914,2.16426,-9.66883,0.334686,0.189656,-0.076454,5.672000000000011
1772222265773224103,2026-02-27 14:57:45.773,-3.56261,2.36813,-11.2513,0.288211,0.172458,-0.043416,5.673000000000002
1772222265774418750,2026-02-27 14:57:45.774,-3.37102,2.25731,-12.24,0.269404,0.154495,-0.026955,5.674000000000007
1772222265775553735,2026-02-27 14:57:45.775,-3.28385,2.10112,-12.8677,0.246426,0.138428,-0.019561,5.675000000000011
1772222265776682139,2026-02-27 14:57:45.776,-3.13161,1.95131,-13.487,0.225004,0.124533,-0.019458,5.676000000000002
1772222265777877968,2026-02-27 14:57:45.777,-3.11451,1.7729,-14.1014,0.2016,0.115657,-0.020475,5.677000000000007
1772222265779058413,2026-02-27 14:57:45.779,-3.10065,1.59675,-14.752,0.179831,0.106575,-0.022113,5.679000000000002
1772222265780242707,2026-02-27 14:57:45.780,-3.04758,1.30647,-16.3586,0.139808,0.095576,-0.012327,5.680000000000007
1772222265781433602,2026-02-27 14:57:45.781,-3.03746,1.194,-16.64,0.122031,0.090114,-0.007714,5.681000000000012
1772222265782559684,2026-02-27 14:57:45.782,-3.10102,1.08451,-16.3767,0.108557,0.0871,-0.008471,5.682000000000002
1772222265783688004,2026-02-27 14:57:45.783,-3.09634,1.05183,-16.4196,0.100208,0.084762,-0.008655,5.683000000000007
1772222265784884563,2026-02-27 14:57:45.784,-3.09831,0.973366,-16.5917,0.095067,0.082901,-0.00759,5.684000000000012
1772222265786073665,2026-02-27 14:57:45.786,-3.16867,0.962492,-16.9197,0.097439,0.085291,-0.007295,5.686000000000007
1772222265787256311,2026-02-27 14:57:45.787,-3.26579,0.907031,-16.5566,0.10292,0.091837,-0.01282,5.687000000000012
1772222265788468046,2026-02-27 14:57:45.788,-3.4025,0.977106,-16.5285,0.10812,0.098355,-0.013958,5.688000000000002
1772222265789559649,2026-02-27 14:57:45.789,-3.47048,1.00654,-16.8804,0.118248,0.106526,-0.012512,5.689000000000007
1772222265790688331,2026-02-27 14:57:45.790,-3.49827,1.00158,-17.5121,0.124216,0.111821,-0.008957,5.690000000000012
1772222265791859695,2026-02-27 14:57:45.791,-3.59467,1.06726,-18.098,0.134813,0.118933,-0.006083,5.6910000000000025
1772222265793057376,2026-02-27 14:57:45.793,-3.68017,1.11038,-18.2417,0.143093,0.124206,-0.005568,5.693000000000012
1772222265794251920,2026-02-27 14:57:45.794,-3.6647,1.20825,-18.4741,0.160355,0.131275,-0.00625,5.694000000000003
1772222265795444683,2026-02-27 14:57:45.795,-3.75944,1.24453,-18.6022,0.164661,0.133644,-0.005338,5.695000000000007
1772222265796567657,2026-02-27 14:57:45.796,-3.68228,1.27252,-19.3984,0.172529,0.132637,0.00185,5.696000000000012
1772222265797697267,2026-02-27 14:57:45.797,-3.68706,1.37496,-18.9864,0.177559,0.13129,-0.001797,5.697000000000003
1772222265798992772,2026-02-27 14:57:45.798,-3.59316,1.37496,-18.7644,0.178076,0.126913,-0.004428,5.6980000000000075
1772222265800174130,2026-02-27 14:57:45.800,-3.51213,1.41412,-18.3766,0.182772,0.123319,-0.007291,5.700000000000003
1772222265801357431,2026-02-27 14:57:45.801,-3.41305,1.51727,-17.9009,0.187896,0.114685,-0.008074,5.701000000000008
1772222265802561439,2026-02-27 14:57:45.802,-3.32554,1.55585,-17.6684,0.189943,0.109607,-0.009137,5.702000000000012
1772222265803693727,2026-02-27 14:57:45.803,-3.20698,1.59089,-17.5241,0.19264,0.106211,-0.008999,5.703000000000003
1772222265804866888,2026-02-27 14:57:45.804,-3.15225,1.6078,-16.3159,0.197372,0.102267,-0.01909,5.704000000000008
1772222265806062190,2026-02-27 14:57:45.806,-3.15554,1.5859,-16.4141,0.195517,0.096759,-0.016761,5.706000000000003
1772222265807242925,2026-02-27 14:57:45.807,-2.95601,1.65093,-16.6217,0.1997,0.087843,-0.012461,5.707000000000008
1772222265808427299,2026-02-27 14:57:45.808,-2.70517,1.67617,-16.7082,0.204094,0.084415,-0.010786,5.708000000000013
1772222265809545400,2026-02-27 14:57:45.809,-2.73123,1.68198,-16.5018,0.20411,0.07921,-0.01143,5.709000000000003
1772222265810675114,2026-02-27 14:57:45.810,-2.58624,1.67315,-16.2808,0.205232,0.072516,-0.010632,5.710000000000008
1772222265811850804,2026-02-27 14:57:45.811,-2.53449,1.69764,-16.0926,0.204851,0.068709,-0.01135,5.711000000000013
1772222265813045416,2026-02-27 14:57:45.813,-2.38285,1.7553,-16.7069,0.208495,0.062698,-0.004101,5.713000000000008
1772222265814215810,2026-02-27 14:57:45.814,-2.22959,1.70935,-16.8133,0.208994,0.056138,-0.003096,5.713999999999999
1772222265815399397,2026-02-27 14:57:45.815,-2.08476,1.78827,-16.0655,0.211188,0.044296,-0.008267,5.715000000000003
1772222265816548270,2026-02-27 14:57:45.816,-1.9656,1.78984,-15.7791,0.218582,0.040109,-0.010949,5.716000000000008
1772222265817675008,2026-02-27 14:57:45.817,-1.91464,1.80279,-15.6786,0.217432,0.033637,-0.010843,5.716999999999999
1772222265818875678,2026-02-27 14:57:45.818,-1.80286,1.81394,-15.6147,0.22155,0.026959,-0.010893,5.7180000000000035
1772222265820075864,2026-02-27 14:57:45.820,-1.74267,1.87071,-15.6985,0.224582,0.021549,-0.010371,5.719999999999999
1772222265821245654,2026-02-27 14:57:45.821,-1.64364,1.85247,-15.5081,0.228884,0.016233,-0.014221,5.721000000000004
1772222265822383517,2026-02-27 14:57:45.822,-1.56602,1.92301,-15.3532,0.232404,0.005103,-0.016037,5.722000000000008
1772222265823538775,2026-02-27 14:57:45.823,-1.46985,2.00897,-15.6044,0.234358,-8.3e-05,-0.014783,5.722999999999999
1772222265824685086,2026-02-27 14:57:45.824,-1.48308,1.91043,-16.2581,0.235109,-0.00449,-0.011477,5.724000000000004
1772222265825879267,2026-02-27 14:57:45.825,-1.44828,1.99612,-16.542,0.239587,-0.007765,-0.011464,5.7250000000000085
1772222265827074559,2026-02-27 14:57:45.827,-1.42341,2.01853,-16.7796,0.242667,-0.009693,-0.012358,5.727000000000004
1772222265828256719,2026-02-27 14:57:45.828,-1.42794,2.07242,-17.0348,0.246904,-0.010045,-0.013654,5.728000000000009
1772222265829441817,2026-02-27 14:57:45.829,-1.41212,2.13859,-18.5646,0.250615,-0.010904,-0.006904,5.728999999999999
1772222265830563148,2026-02-27 14:57:45.830,-1.49454,2.21837,-18.5368,0.255654,-0.010329,-0.011186,5.730000000000004
1772222265831691806,2026-02-27 14:57:45.831,-1.5163,2.21299,-18.8533,0.256536,-0.00882,-0.012637,5.731000000000009
1772222265832846501,2026-02-27 14:57:45.832,-1.68508,2.32265,-18.6781,0.26105,-0.006041,-0.017885,5.731999999999999
1772222265834042910,2026-02-27 14:57:45.834,-1.67375,2.39365,-18.9351,0.268082,-0.00234,-0.021747,5.734000000000009
1772222265835226723,2026-02-27 14:57:45.835,-1.76679,2.42785,-19.2112,0.268496,0.000526,-0.023356,5.734999999999999
1772222265836410052,2026-02-27 14:57:45.836,-1.97368,2.52314,-19.8642,0.273365,0.007886,-0.026544,5.736000000000004
1772222265837558599,2026-02-27 14:57:45.837,-2.07623,2.55705,-19.4044,0.274302,0.011658,-0.034794,5.737000000000009
1772222265838684853,2026-02-27 14:57:45.838,-2.17239,2.60703,-19.727,0.27708,0.016623,-0.035333,5.7379999999999995
1772222265839869932,2026-02-27 14:57:45.839,-2.31508,2.65062,-20.1542,0.281673,0.022263,-0.035452,5.739000000000004
1772222265841064056,2026-02-27 14:57:45.841,-2.42976,2.69636,-21.0136,0.283607,0.028225,-0.031825,5.741
1772222265842233921,2026-02-27 14:57:45.842,-2.5587,2.73135,-21.7779,0.285819,0.03521,-0.03029,5.742000000000004
1772222265843423638,2026-02-27 14:57:45.843,-2.90405,2.85851,-22.5199,0.293319,0.053546,-0.032258,5.743000000000009
1772222265844553083,2026-02-27 14:57:45.844,-3.13542,2.84676,-22.7874,0.293913,0.063092,-0.035401,5.744
1772222265845681729,2026-02-27 14:57:45.845,-3.32166,2.9403,-23.3999,0.297485,0.074941,-0.035256,5.7450000000000045
1772222265846854502,2026-02-27 14:57:45.846,-3.49811,2.93297,-24.4776,0.303784,0.085972,-0.029165,5.746000000000009
1772222265848052637,2026-02-27 14:57:45.848,-3.77266,2.94011,-24.5623,0.304489,0.09929,-0.032226,5.748000000000005
1772222265849231536,2026-02-27 14:57:45.849,-3.98947,3.02956,-24.7038,0.306821,0.112857,-0.035703,5.749000000000009
1772222265850407456,2026-02-27 14:57:45.850,-4.5053,3.1023,-24.9606,0.315853,0.142976,-0.043461,5.75
1772222265851541463,2026-02-27 14:57:45.851,-4.87311,3.19552,-25.298,0.31567,0.158322,-0.045542,5.751000000000005
1772222265852670317,2026-02-27 14:57:45.852,-5.04135,3.20736,-25.6388,0.322664,0.17246,-0.046119,5.7520000000000095
1772222265853842603,2026-02-27 14:57:45.853,-5.31889,3.31136,-26.0021,0.32852,0.190071,-0.046672,5.753
1772222265855037419,2026-02-27 14:57:45.855,-5.58886,3.34059,-25.2367,0.329606,0.205946,-0.055052,5.75500000000001
1772222265856232679,2026-02-27 14:57:45.856,-5.85701,3.39116,-26.0062,0.334029,0.223695,-0.052692,5.756
1772222265857417920,2026-02-27 14:57:45.857,-6.43252,3.41579,-27.0966,0.337206,0.257146,-0.051676,5.757000000000005
1772222265858553661,2026-02-27 14:57:45.858,-6.74241,3.4084,-27.6672,0.338956,0.273422,-0.052025,5.75800000000001
1772222265859679995,2026-02-27 14:57:45.859,-6.97559,3.48575,-27.9685,0.344381,0.291248,-0.052596,5.759
1772222265860852032,2026-02-27 14:57:45.860,-7.2735,3.46925,-28.291,0.351326,0.308393,-0.053151,5.760000000000005
1772222265862050097,2026-02-27 14:57:45.862,-7.54784,3.45462,-28.5338,0.354436,0.325852,-0.053546,5.7620000000000005
1772222265863246397,2026-02-27 14:57:45.863,-7.90987,3.51243,-29.6408,0.356379,0.343839,-0.04667,5.763000000000005
1772222265864439013,2026-02-27 14:57:45.864,-8.43488,3.55572,-29.9832,0.363513,0.375774,-0.050709,5.76400000000001
1772222265865588864,2026-02-27 14:57:45.865,-8.63448,3.52814,-29.6346,0.363254,0.392103,-0.057502,5.765000000000001
1772222265866718143,2026-02-27 14:57:45.866,-8.88449,3.59911,-29.6105,0.367076,0.408311,-0.061314,5.766000000000005
1772222265867889813,2026-02-27 14:57:45.867,-9.15619,3.56842,-29.7339,0.367164,0.424068,-0.061478,5.76700000000001
1772222265869088812,2026-02-27 14:57:45.869,-9.43187,3.55676,-29.9368,0.369642,0.440019,-0.061839,5.7690000000000055
1772222265870286555,2026-02-27 14:57:45.870,-9.66578,3.6045,-30.1766,0.373564,0.455534,-0.062602,5.77000000000001
1772222265871478035,2026-02-27 14:57:45.871,-10.116,3.55944,-29.5309,0.371024,0.479814,-0.075032,5.771000000000001
1772222265872613691,2026-02-27 14:57:45.872,-10.2904,3.54885,-29.9152,0.371615,0.489738,-0.07251,5.772000000000006
1772222265873812214,2026-02-27 14:57:45.873,-10.4207,3.59076,-30.3232,0.374258,0.50302,-0.06915,5.77300000000001
1772222265875017380,2026-02-27 14:57:45.875,-10.6336,3.55228,-30.8384,0.373592,0.51381,-0.065451,5.775000000000006
1772222265876223803,2026-02-27 14:57:45.876,-10.8024,3.5347,-31.0882,0.372576,0.525435,-0.064842,5.7760000000000105
1772222265877409373,2026-02-27 14:57:45.877,-10.918,3.50254,-31.1404,0.378085,0.536436,-0.06594,5.777000000000001
1772222265878533570,2026-02-27 14:57:45.878,-11.2238,3.47147,-31.3833,0.376823,0.554797,-0.066645,5.778000000000006
1772222265879666450,2026-02-27 14:57:45.879,-11.3144,3.38605,-32.4777,0.375843,0.562412,-0.058193,5.779000000000011
1772222265880845280,2026-02-27 14:57:45.880,-11.4831,3.36845,-32.1521,0.370422,0.571777,-0.061811,5.780000000000001
1772222265882044399,2026-02-27 14:57:45.882,-11.5614,3.33978,-32.2551,0.370116,0.577313,-0.061715,5.782000000000011
1772222265883241991,2026-02-27 14:57:45.883,-11.6728,3.29667,-31.8304,0.372698,0.581564,-0.06444,5.783000000000001
1772222265884424388,2026-02-27 14:57:45.884,-11.742,3.26543,-31.697,0.37179,0.584325,-0.066327,5.784000000000006
1772222265885559012,2026-02-27 14:57:45.885,-11.8529,3.17003,-31.8685,0.368038,0.591826,-0.06532,5.785000000000011
1772222265886691419,2026-02-27 14:57:45.886,-11.982,3.10903,-32.0298,0.363526,0.59435,-0.066142,5.786000000000001
1772222265887868291,2026-02-27 14:57:45.887,-11.9719,3.15949,-31.2025,0.369016,0.597727,-0.073929,5.787000000000006
1772222265889066676,2026-02-27 14:57:45.889,-12.0104,3.09856,-31.336,0.367524,0.598547,-0.072349,5.7890000000000015
1772222265890280042,2026-02-27 14:57:45.890,-11.9624,3.10751,-31.4468,0.366355,0.595956,-0.074127,5.790000000000006
1772222265891482009,2026-02-27 14:57:45.891,-11.9626,2.9892,-32.2909,0.360361,0.590113,-0.063802,5.791000000000011
1772222265892618366,2026-02-27 14:57:45.892,-11.8794,2.96911,-32.2353,0.362208,0.582895,-0.059625,5.792000000000002
1772222265893792983,2026-02-27 14:57:45.893,-11.803,2.94821,-32.3191,0.365107,0.589338,-0.058694,5.793000000000006
1772222265894994671,2026-02-27 14:57:45.894,-11.8519,2.94301,-32.4098,0.36274,0.58957,-0.060694,5.794000000000011
1772222265896198738,2026-02-27 14:57:45.896,-11.9225,2.88492,-32.9599,0.359842,0.591109,-0.057869,5.7960000000000065
1772222265897386918,2026-02-27 14:57:45.897,-11.8672,2.85718,-33.5539,0.364124,0.590241,-0.053868,5.797000000000011
1772222265898534897,2026-02-27 14:57:45.898,-11.8423,2.76561,-32.9004,0.352621,0.583622,-0.057986,5.798000000000002
1772222265899668097,2026-02-27 14:57:45.899,-11.7474,2.75073,-32.6684,0.351387,0.577921,-0.059143,5.799000000000007
1772222265900843965,2026-02-27 14:57:45.900,-11.636,2.7584,-32.5617,0.350961,0.573283,-0.059724,5.800000000000011
1772222265902044740,2026-02-27 14:57:45.902,-11.6144,2.65592,-32.6519,0.345034,0.567001,-0.058804,5.802000000000007
1772222265903242875,2026-02-27 14:57:45.903,-11.4599,2.60854,-32.7623,0.345195,0.561017,-0.057177,5.8030000000000115
1772222265904426427,2026-02-27 14:57:45.904,-11.4492,2.66056,-32.8842,0.345203,0.555857,-0.057358,5.804000000000002
1772222265905542327,2026-02-27 14:57:45.905,-11.2663,2.522,-32.4043,0.337741,0.541974,-0.059359,5.805000000000007
1772222265906681161,2026-02-27 14:57:45.906,-11.1687,2.5132,-32.5393,0.335461,0.5327,-0.05748,5.806000000000012
1772222265907871890,2026-02-27 14:57:45.907,-11.0568,2.39728,-33.1615,0.330728,0.524247,-0.052797,5.807000000000002
1772222265909076136,2026-02-27 14:57:45.909,-10.93,2.4048,-33.4243,0.329547,0.51535,-0.049912,5.809000000000012
1772222265910385992,2026-02-27 14:57:45.910,-10.8616,2.37568,-33.5236,0.328756,0.508316,-0.05036,5.810000000000002
1772222265911553238,2026-02-27 14:57:45.911,-10.53,2.27745,-33.7053,0.322247,0.489649,-0.047356,5.811000000000007
1772222265912698856,2026-02-27 14:57:45.912,-10.4265,2.26859,-34.7617,0.323306,0.481712,-0.03825,5.812000000000012
1772222265913892838,2026-02-27 14:57:45.913,-10.3393,2.22826,-34.6689,0.319591,0.474004,-0.040156,5.813000000000002
1772222265915092568,2026-02-27 14:57:45.915,-10.2222,2.20411,-34.7123,0.316307,0.466688,-0.039792,5.815000000000012
1772222265916292206,2026-02-27 14:57:45.916,-10.1704,2.15076,-34.3699,0.312824,0.458598,-0.042604,5.8160000000000025
1772222265917491989,2026-02-27 14:57:45.917,-10.0475,2.18893,-34.1704,0.312002,0.450852,-0.045008,5.817000000000007
1772222265918636933,2026-02-27 14:57:45.918,-10.0044,2.12685,-34.1564,0.307369,0.442317,-0.044387,5.818000000000012
1772222265919832429,2026-02-27 14:57:45.919,-9.8049,2.11465,-34.3014,0.303919,0.428491,-0.044026,5.819000000000003
1772222265921031828,2026-02-27 14:57:45.921,-9.69923,2.12648,-33.7971,0.302984,0.421553,-0.049484,5.821000000000012
1772222265922230959,2026-02-27 14:57:45.922,-9.64652,2.13744,-33.5139,0.300595,0.414688,-0.052504,5.822000000000003
1772222265923415384,2026-02-27 14:57:45.923,-9.5215,2.10659,-33.8503,0.303063,0.409869,-0.050518,5.8230000000000075
1772222265924580149,2026-02-27 14:57:45.924,-9.44769,2.11077,-34.2604,0.301104,0.402162,-0.047078,5.824000000000012
1772222265925772207,2026-02-27 14:57:45.925,-9.20458,2.09106,-34.791,0.294647,0.388724,-0.043823,5.825000000000003
1772222265926968456,2026-02-27 14:57:45.926,-9.09963,2.09157,-34.7906,0.289903,0.380613,-0.044074,5.826000000000008
1772222265928165604,2026-02-27 14:57:45.928,-8.98843,2.10222,-34.7453,0.289155,0.374271,-0.044669,5.828000000000003
1772222265929362130,2026-02-27 14:57:45.929,-8.88258,2.09943,-34.8455,0.286008,0.368226,-0.044975,5.829000000000008
1772222265930594306,2026-02-27 14:57:45.930,-8.73779,2.13237,-35.7939,0.28777,0.360214,-0.036648,5.8300000000000125
1772222265931786594,2026-02-27 14:57:45.931,-8.6491,2.15815,-35.2786,0.28108,0.350127,-0.044293,5.831000000000003
1772222265932985054,2026-02-27 14:57:45.932,-8.54886,2.15572,-34.9817,0.284221,0.344462,-0.04895,5.832000000000008
1772222265934170686,2026-02-27 14:57:45.934,-8.44212,2.21722,-34.7008,0.284204,0.338372,-0.051295,5.834000000000003
1772222265935500684,2026-02-27 14:57:45.935,-8.40082,2.21816,-34.7369,0.282953,0.332739,-0.052134,5.835000000000008
1772222265936669465,2026-02-27 14:57:45.936,-8.2479,2.30701,-34.6387,0.282506,0.324091,-0.054562,5.836000000000013
1772222265937868673,2026-02-27 14:57:45.937,-8.23757,2.3993,-33.6854,0.284067,0.321294,-0.063315,5.837000000000003
1772222265939065872,2026-02-27 14:57:45.939,-8.19622,2.44753,-33.8792,0.284718,0.318203,-0.06165,5.838999999999999
1772222265940241137,2026-02-27 14:57:45.940,-8.14692,2.44185,-33.8721,0.286369,0.313756,-0.062645,5.840000000000003
1772222265941416445,2026-02-27 14:57:45.941,-8.07318,2.52221,-34.3063,0.287217,0.310894,-0.058336,5.841000000000008
1772222265942577282,2026-02-27 14:57:45.942,-7.93877,2.65408,-34.4623,0.289863,0.304513,-0.055926,5.841999999999999
1772222265943723315,2026-02-27 14:57:45.943,-7.90628,2.72154,-34.4143,0.293308,0.302169,-0.056842,5.8430000000000035
1772222265944871871,2026-02-27 14:57:45.944,-7.81262,2.77098,-34.4113,0.295726,0.299196,-0.056985,5.844000000000008
1772222265946046765,2026-02-27 14:57:45.946,-7.82819,2.82341,-34.9038,0.295547,0.295059,-0.050326,5.846000000000004
1772222265947214275,2026-02-27 14:57:45.947,-7.76562,2.90954,-35.1223,0.299396,0.291979,-0.047746,5.847000000000008
1772222265948382464,2026-02-27 14:57:45.948,-7.72248,3.01957,-34.8495,0.302864,0.289787,-0.048736,5.847999999999999
1772222265949562613,2026-02-27 14:57:45.949,-7.71138,3.24216,-34.1056,0.312752,0.289482,-0.056115,5.849000000000004
1772222265950689763,2026-02-27 14:57:45.950,-7.74004,3.34104,-33.9133,0.317335,0.289692,-0.057341,5.8500000000000085
1772222265951864949,2026-02-27 14:57:45.951,-7.81273,3.44875,-33.9096,0.323499,0.290793,-0.057766,5.850999999999999
1772222265953040220,2026-02-27 14:57:45.953,-7.81414,3.59544,-33.8618,0.331355,0.293303,-0.058386,5.853000000000009
1772222265954215407,2026-02-27 14:57:45.954,-7.77462,3.77955,-33.6722,0.341877,0.298358,-0.06169,5.853999999999999
1772222265955390277,2026-02-27 14:57:45.955,-7.92209,3.88699,-32.8094,0.345907,0.303201,-0.069176,5.855000000000004
1772222265956545128,2026-02-27 14:57:45.956,-8.14011,4.21335,-33.4812,0.368516,0.317813,-0.065144,5.856000000000009
1772222265957674644,2026-02-27 14:57:45.957,-8.24277,4.39462,-33.9458,0.376688,0.327513,-0.062226,5.856999999999999
1772222265958847174,2026-02-27 14:57:45.958,-8.37368,4.57517,-34.1488,0.388457,0.336701,-0.061841,5.858000000000004
1772222265959988670,2026-02-27 14:57:45.959,-8.57615,4.74477,-34.2056,0.39911,0.347361,-0.062241,5.859000000000009
1772222265961159256,2026-02-27 14:57:45.961,-8.69039,4.93053,-34.3322,0.410663,0.357005,-0.064183,5.861000000000004
1772222265962327349,2026-02-27 14:57:45.962,-8.86735,5.10266,-34.4288,0.422986,0.367249,-0.064577,5.862000000000009
1772222265963521524,2026-02-27 14:57:45.963,-9.15991,5.45962,-35.4565,0.448626,0.391049,-0.062037,5.8629999999999995
1772222265964651359,2026-02-27 14:57:45.964,-9.37401,5.6008,-35.6711,0.460357,0.403273,-0.063174,5.864000000000004
1772222265965819348,2026-02-27 14:57:45.965,-9.59632,5.82691,-35.3713,0.472799,0.415599,-0.068236,5.865000000000009
1772222265966987776,2026-02-27 14:57:45.966,-9.71973,6.00109,-35.2432,0.48594,0.424634,-0.071704,5.866
1772222265968155630,2026-02-27 14:57:45.968,-9.8927,6.18312,-35.3699,0.499017,0.437534,-0.07363,5.868000000000009
1772222265969325563,2026-02-27 14:57:45.969,-9.98968,6.30706,-35.6198,0.511127,0.448681,-0.075267,5.869
1772222265970516293,2026-02-27 14:57:45.970,-10.4391,6.62221,-35.3246,0.530403,0.467977,-0.08289,5.8700000000000045
1772222265971644514,2026-02-27 14:57:45.971,-10.588,6.74435,-35.4038,0.54376,0.477902,-0.085854,5.871000000000009
1772222265972815526,2026-02-27 14:57:45.972,-10.7601,6.93348,-35.7785,0.549642,0.486827,-0.084588,5.872
1772222265973985028,2026-02-27 14:57:45.973,-10.8742,7.0881,-36.5108,0.558866,0.497342,-0.081175,5.873000000000005
1772222265975154819,2026-02-27 14:57:45.975,-11.0697,7.15923,-37.0946,0.563206,0.505935,-0.079248,5.875
1772222265976324219,2026-02-27 14:57:45.976,-11.2297,7.24171,-37.4142,0.569705,0.514189,-0.08013,5.876000000000005
1772222265977513683,2026-02-27 14:57:45.977,-11.3,7.33854,-37.6755,0.580652,0.522256,-0.080072,5.8770000000000095
1772222265978644821,2026-02-27 14:57:45.978,-11.5046,7.54577,-38.3488,0.591128,0.532506,-0.07972,5.878
1772222265979791413,2026-02-27 14:57:45.979,-11.6609,7.61887,-39.4982,0.592762,0.537907,-0.072368,5.879000000000005
1772222265980963432,2026-02-27 14:57:45.980,-11.7044,7.70096,-39.4359,0.602107,0.544027,-0.07515,5.88000000000001
1772222265982133511,2026-02-27 14:57:45.982,-11.8198,7.79462,-39.6596,0.606834,0.548939,-0.078334,5.882000000000005
1772222265983303291,2026-02-27 14:57:45.983,-11.9404,7.87349,-39.6627,0.617318,0.554439,-0.08065,5.88300000000001
1772222265984482034,2026-02-27 14:57:45.984,-12.0513,7.99808,-39.8046,0.625196,0.559075,-0.083705,5.884
1772222265985612737,2026-02-27 14:57:45.985,-12.1218,8.08678,-40.3811,0.636688,0.562165,-0.085448,5.885000000000005
1772222265986759696,2026-02-27 14:57:45.986,-12.1502,8.15517,-40.6216,0.643899,0.561732,-0.085797,5.88600000000001
1772222265987928340,2026-02-27 14:57:45.987,-12.162,8.12555,-39.8076,0.644255,0.560296,-0.095154,5.8870000000000005
1772222265989098213,2026-02-27 14:57:45.989,-12.1516,8.20968,-40.3359,0.647958,0.557638,-0.092084,5.88900000000001
1772222265990275431,2026-02-27 14:57:45.990,-12.0473,8.22225,-40.6421,0.653645,0.553902,-0.091489,5.890000000000001
1772222265991477458,2026-02-27 14:57:45.991,-11.9931,8.25357,-41.2871,0.655684,0.547835,-0.086172,5.891000000000005
1772222265992606915,2026-02-27 14:57:45.992,-11.7503,8.18638,-41.8248,0.660272,0.533048,-0.084404,5.89200000000001
1772222265993740752,2026-02-27 14:57:45.993,-11.6426,8.18504,-41.9879,0.661659,0.525721,-0.084204,5.893000000000001
1772222265994871004,2026-02-27 14:57:45.994,-11.5282,8.16598,-41.951,0.657432,0.515954,-0.083775,5.8940000000000055
1772222265996070028,2026-02-27 14:57:45.996,-11.3602,8.1888,-42.7792,0.659161,0.505439,-0.07515,5.896000000000001
1772222265997267037,2026-02-27 14:57:45.997,-11.2127,8.11571,-42.9276,0.655556,0.49708,-0.074239,5.897000000000006
1772222265998477446,2026-02-27 14:57:45.998,-11.0793,8.08879,-42.7619,0.653271,0.484786,-0.074743,5.89800000000001
1772222265999610493,2026-02-27 14:57:45.999,-10.7785,8.02237,-42.0384,0.647504,0.464514,-0.079496,5.899000000000001
1772222266000744892,2026-02-27 14:57:46.000,-10.6009,8.01503,-41.9354,0.647366,0.455333,-0.07941,5.900000000000006
1772222266001876575,2026-02-27 14:57:46.001,-10.4591,7.98018,-41.9193,0.644038,0.445512,-0.078783,5.9010000000000105
1772222266003076211,2026-02-27 14:57:46.003,-10.256,7.87797,-41.7822,0.637749,0.434053,-0.077985,5.903000000000006
1772222266004248613,2026-02-27 14:57:46.004,-10.1345,7.88522,-41.4154,0.635442,0.42475,-0.081175,5.904000000000011
1772222266005448909,2026-02-27 14:57:46.005,-9.99154,7.82909,-40.8174,0.634403,0.415312,-0.085324,5.905000000000001
1772222266006595712,2026-02-27 14:57:46.006,-9.8509,7.76129,-41.0659,0.627522,0.406738,-0.081749,5.906000000000006
1772222266007726071,2026-02-27 14:57:46.007,-9.49558,7.65194,-41.5921,0.618237,0.388013,-0.072818,5.907000000000011
1772222266008875588,2026-02-27 14:57:46.008,-9.34832,7.53558,-41.6206,0.611082,0.375064,-0.07187,5.908000000000001
1772222266010066827,2026-02-27 14:57:46.010,-9.18926,7.47356,-41.4827,0.605664,0.365117,-0.071243,5.910000000000011
1772222266011252318,2026-02-27 14:57:46.011,-9.05635,7.34488,-41.4686,0.599397,0.354717,-0.070502,5.911000000000001
1772222266012470130,2026-02-27 14:57:46.012,-8.77676,7.29652,-41.4366,0.593574,0.344327,-0.068929,5.912000000000006
1772222266013571413,2026-02-27 14:57:46.013,-8.68955,7.18448,-42.3818,0.586418,0.333684,-0.058658,5.913000000000011
1772222266014700803,2026-02-27 14:57:46.014,-8.37943,7.01266,-41.9855,0.573357,0.314582,-0.060407,5.9140000000000015
1772222266015848745,2026-02-27 14:57:46.015,-8.24548,6.8633,-41.5542,0.565136,0.304518,-0.064408,5.915000000000006
1772222266017049161,2026-02-27 14:57:46.017,-8.13688,6.8107,-41.3199,0.563008,0.296378,-0.066001,5.917000000000002
1772222266018244265,2026-02-27 14:57:46.018,-8.01264,6.69991,-41.33,0.55588,0.288594,-0.064676,5.918000000000006
1772222266019447136,2026-02-27 14:57:46.019,-7.91898,6.57495,-41.3584,0.548931,0.280046,-0.063763,5.919000000000011
1772222266020555418,2026-02-27 14:57:46.020,-7.88242,6.5127,-41.3658,0.542673,0.274102,-0.06301,5.920000000000002
1772222266021823352,2026-02-27 14:57:46.021,-7.73433,6.35412,-40.6555,0.527345,0.263316,-0.06957,5.9210000000000065
1772222266023005499,2026-02-27 14:57:46.023,-7.68303,6.31228,-40.767,0.523513,0.260507,-0.068227,5.923000000000002
1772222266024201924,2026-02-27 14:57:46.024,-7.60186,6.17409,-41.3026,0.515381,0.256164,-0.064478,5.924000000000007
1772222266025398415,2026-02-27 14:57:46.025,-7.60307,6.04832,-41.8184,0.505602,0.253444,-0.060936,5.925000000000011
1772222266026559415,2026-02-27 14:57:46.026,-7.59316,5.97871,-41.906,0.50121,0.251862,-0.060242,5.926000000000002
1772222266027689258,2026-02-27 14:57:46.027,-7.64198,5.81016,-42.2186,0.487257,0.250658,-0.060112,5.927000000000007
1772222266028842478,2026-02-27 14:57:46.028,-7.65126,5.78289,-42.7326,0.483033,0.252027,-0.056456,5.9280000000000115
1772222266030037304,2026-02-27 14:57:46.030,-7.6623,5.70871,-43.5142,0.481029,0.252923,-0.052278,5.930000000000007
1772222266031233343,2026-02-27 14:57:46.031,-7.73156,5.61447,-43.422,0.473505,0.253282,-0.054538,5.931000000000012
1772222266032428861,2026-02-27 14:57:46.032,-7.74699,5.55165,-43.2799,0.469234,0.255695,-0.057814,5.932000000000002
1772222266033561718,2026-02-27 14:57:46.033,-7.78901,5.45565,-43.0768,0.462754,0.25715,-0.061306,5.933000000000007
1772222266034691279,2026-02-27 14:57:46.034,-7.89188,5.44318,-43.2285,0.460915,0.26121,-0.063359,5.934000000000012
1772222266035847761,2026-02-27 14:57:46.035,-7.98198,5.30501,-43.6353,0.450712,0.266977,-0.064121,5.935000000000002
1772222266037046095,2026-02-27 14:57:46.037,-8.12785,5.28247,-43.8712,0.449702,0.272665,-0.065782,5.937000000000012
1772222266038240166,2026-02-27 14:57:46.038,-8.28349,5.26268,-42.9832,0.444743,0.27627,-0.074556,5.938000000000002
1772222266039434355,2026-02-27 14:57:46.039,-8.36369,5.17141,-43.739,0.44353,0.282028,-0.071244,5.939000000000007
1772222266040556024,2026-02-27 14:57:46.040,-8.51931,5.18565,-43.9172,0.440821,0.289039,-0.072475,5.940000000000012
1772222266041684676,2026-02-27 14:57:46.041,-8.62956,5.13268,-44.567,0.436879,0.292264,-0.06695,5.9410000000000025
1772222266042853873,2026-02-27 14:57:46.042,-8.85259,5.04793,-45.0899,0.430071,0.303995,-0.065553,5.942000000000007
1772222266044049924,2026-02-27 14:57:46.044,-8.98409,5.01259,-45.2096,0.429335,0.312414,-0.066132,5.944000000000003
1772222266045246816,2026-02-27 14:57:46.045,-9.13809,4.92828,-45.3963,0.424625,0.318163,-0.066164,5.945000000000007
1772222266046441684,2026-02-27 14:57:46.046,-9.19578,4.90827,-46.4288,0.421556,0.324544,-0.0579,5.946000000000012
1772222266047564320,2026-02-27 14:57:46.047,-9.28472,4.85124,-46.3415,0.418489,0.330163,-0.059049,5.947000000000003
1772222266048693761,2026-02-27 14:57:46.048,-9.47496,4.85315,-46.4083,0.41596,0.336811,-0.058701,5.9480000000000075
1772222266049841462,2026-02-27 14:57:46.049,-9.68438,4.9496,-45.8763,0.417537,0.351607,-0.065472,5.949000000000012
1772222266051037495,2026-02-27 14:57:46.051,-9.91753,4.92256,-45.9347,0.416075,0.36079,-0.066409,5.951000000000008
1772222266052233996,2026-02-27 14:57:46.052,-9.96972,4.95818,-46.0172,0.412696,0.368436,-0.066377,5.952000000000012
1772222266053430220,2026-02-27 14:57:46.053,-10.1567,4.96178,-46.0217,0.41278,0.372677,-0.066118,5.953000000000003
1772222266054568660,2026-02-27 14:57:46.054,-10.2222,5.01389,-45.5931,0.414223,0.383303,-0.072353,5.954000000000008
1772222266055699445,2026-02-27 14:57:46.055,-10.3646,5.03483,-45.2868,0.414609,0.390264,-0.075818,5.9550000000000125
1772222266056875276,2026-02-27 14:57:46.056,-10.7073,5.13654,-46.3189,0.419594,0.414606,-0.073833,5.956000000000003
1772222266058072252,2026-02-27 14:57:46.058,-10.9218,5.15107,-46.8509,0.41929,0.423949,-0.070724,5.958000000000013
1772222266059269543,2026-02-27 14:57:46.059,-11.0826,5.17955,-47.0949,0.420885,0.434938,-0.070882,5.959000000000003
1772222266060478440,2026-02-27 14:57:46.060,-11.3047,5.26215,-47.2192,0.421799,0.444737,-0.070906,5.960000000000008
1772222266061609947,2026-02-27 14:57:46.061,-11.4118,5.34174,-47.3199,0.424499,0.455752,-0.070965,5.961000000000013
1772222266062744434,2026-02-27 14:57:46.062,-11.6266,5.38647,-47.52,0.423542,0.465691,-0.071952,5.962000000000003
1772222266063876550,2026-02-27 14:57:46.063,-11.8639,5.53333,-48.2822,0.433521,0.485324,-0.067115,5.963000000000008
1772222266065068971,2026-02-27 14:57:46.065,-12.0371,5.61781,-48.366,0.433235,0.496719,-0.066979,5.965000000000003
1772222266066266752,2026-02-27 14:57:46.066,-12.2594,5.7457,-47.9921,0.438177,0.507748,-0.071336,5.966000000000008
1772222266067475833,2026-02-27 14:57:46.067,-12.455,5.80714,-47.8803,0.440357,0.520321,-0.07298,5.966999999999999
1772222266068607579,2026-02-27 14:57:46.068,-12.6818,5.92242,-48.0859,0.445056,0.532604,-0.072773,5.9680000000000035
1772222266069739873,2026-02-27 14:57:46.069,-12.8548,6.02028,-48.3227,0.453305,0.546482,-0.07364,5.969000000000008
1772222266070870463,2026-02-27 14:57:46.070,-13.2457,6.24139,-47.7112,0.462059,0.570639,-0.083176,5.969999999999999
1772222266072052243,2026-02-27 14:57:46.072,-13.4406,6.33968,-48.0357,0.465657,0.582522,-0.080302,5.972000000000008
1772222266073237077,2026-02-27 14:57:46.073,-13.5855,6.39261,-48.196,0.471677,0.593106,-0.080525,5.972999999999999
1772222266074434032,2026-02-27 14:57:46.074,-13.76,6.58242,-48.9014,0.475192,0.603894,-0.075458,5.974000000000004
1772222266075580727,2026-02-27 14:57:46.075,-13.9137,6.64305,-49.4657,0.481151,0.61423,-0.073115,5.9750000000000085
1772222266076711873,2026-02-27 14:57:46.076,-14.0111,6.75421,-49.6032,0.485048,0.622701,-0.07376,5.975999999999999
1772222266077872356,2026-02-27 14:57:46.077,-14.1886,6.84655,-49.726,0.490631,0.630906,-0.073682,5.977000000000004
1772222266079042917,2026-02-27 14:57:46.079,-14.4397,7.03963,-50.7276,0.501194,0.647851,-0.069745,5.978999999999999
1772222266080241337,2026-02-27 14:57:46.080,-14.5816,7.13502,-51.2532,0.505116,0.652644,-0.067328,5.980000000000004
1772222266081444207,2026-02-27 14:57:46.081,-14.6388,7.24316,-51.1596,0.51298,0.657986,-0.068809,5.981000000000009
1772222266082561777,2026-02-27 14:57:46.082,-14.6784,7.41236,-50.8497,0.516793,0.659159,-0.072519,5.981999999999999
1772222266083689881,2026-02-27 14:57:46.083,-14.6966,7.46159,-50.743,0.521382,0.666326,-0.072861,5.983000000000004
1772222266084853146,2026-02-27 14:57:46.084,-14.8447,7.57348,-50.8174,0.531373,0.672105,-0.073701,5.984000000000009
1772222266086024808,2026-02-27 14:57:46.086,-15.0368,7.75851,-50.9597,0.537938,0.679193,-0.076955,5.986000000000004
1772222266087216533,2026-02-27 14:57:46.087,-15.0994,7.80439,-51.0195,0.543412,0.683792,-0.080085,5.987000000000009
1772222266088413336,2026-02-27 14:57:46.088,-15.2554,7.88174,-50.1891,0.546267,0.689645,-0.088922,5.9879999999999995
1772222266089552534,2026-02-27 14:57:46.089,-15.2985,7.93851,-50.7343,0.551031,0.692677,-0.086336,5.989000000000004
1772222266090683092,2026-02-27 14:57:46.090,-15.3405,7.97716,-50.8025,0.551544,0.694767,-0.085281,5.990000000000009
1772222266091840495,2026-02-27 14:57:46.091,-15.3518,7.96819,-51.2844,0.552945,0.69621,-0.079984,5.991
1772222266093014840,2026-02-27 14:57:46.093,-15.299,8.08304,-51.5157,0.558968,0.699712,-0.078296,5.993000000000009
1772222266094208589,2026-02-27 14:57:46.094,-15.2973,8.12832,-51.5637,0.559921,0.702441,-0.077038,5.994
1772222266095406178,2026-02-27 14:57:46.095,-15.3156,8.15484,-51.4868,0.56073,0.702968,-0.076321,5.9950000000000045
1772222266096575646,2026-02-27 14:57:46.096,-15.387,8.1358,-52.4292,0.558256,0.703281,-0.0664,5.996000000000009
1772222266097707545,2026-02-27 14:57:46.097,-15.4221,8.15284,-52.1154,0.559044,0.704649,-0.067697,5.997
1772222266098870668,2026-02-27 14:57:46.098,-15.4241,8.11917,-52.0608,0.559457,0.705743,-0.066624,5.998000000000005
1772222266100043520,2026-02-27 14:57:46.100,-15.5242,8.21272,-51.2766,0.562406,0.71353,-0.068061,6.0
1772222266101236058,2026-02-27 14:57:46.101,-15.5527,8.22447,-51.3193,0.564071,0.716978,-0.067651,6.001000000000005
1772222266102435000,2026-02-27 14:57:46.102,-15.6366,8.25151,-51.3663,0.564456,0.72089,-0.06681,6.0020000000000095
1772222266103567068,2026-02-27 14:57:46.103,-15.6986,8.21306,-51.3637,0.568347,0.726349,-0.067008,6.003
1772222266104695694,2026-02-27 14:57:46.104,-15.8194,8.24062,-50.8002,0.563352,0.730401,-0.072759,6.004000000000005
1772222266105860172,2026-02-27 14:57:46.105,-15.8303,8.22294,-50.5503,0.56231,0.734478,-0.073562,6.00500000000001
1772222266107041747,2026-02-27 14:57:46.107,-16.0235,8.06329,-51.2033,0.552005,0.741194,-0.068021,6.007000000000005
1772222266108240077,2026-02-27 14:57:46.108,-15.9843,8.05574,-51.6854,0.551873,0.744043,-0.062592,6.00800000000001
1772222266109439266,2026-02-27 14:57:46.109,-16.0421,8.00324,-51.6724,0.546232,0.746073,-0.061875,6.009
1772222266110573308,2026-02-27 14:57:46.110,-16.0549,7.92695,-51.7238,0.53982,0.746618,-0.060585,6.010000000000005
1772222266111703686,2026-02-27 14:57:46.111,-16.0651,7.89895,-51.7323,0.537973,0.747278,-0.059366,6.01100000000001
1772222266112876555,2026-02-27 14:57:46.112,-16.052,7.77431,-51.9474,0.528644,0.748046,-0.058059,6.0120000000000005
1772222266114058808,2026-02-27 14:57:46.114,-16.0584,7.65028,-52.4951,0.521115,0.746653,-0.052581,6.01400000000001
1772222266115253745,2026-02-27 14:57:46.115,-15.9985,7.50314,-52.3553,0.511754,0.743158,-0.052549,6.015000000000001
1772222266116470114,2026-02-27 14:57:46.116,-16.0488,7.38687,-52.0943,0.49926,0.739046,-0.056057,6.016000000000005
1772222266117570285,2026-02-27 14:57:46.117,-15.9446,7.29963,-51.9329,0.494593,0.733845,-0.055882,6.01700000000001
1772222266118701196,2026-02-27 14:57:46.118,-15.868,7.16425,-52.1279,0.48558,0.728173,-0.054503,6.018000000000001
1772222266119878582,2026-02-27 14:57:46.119,-15.7895,7.00975,-52.2306,0.47583,0.722847,-0.054813,6.0190000000000055
1772222266121063403,2026-02-27 14:57:46.121,-15.6394,6.76857,-51.4139,0.458009,0.710433,-0.062244,6.021000000000001
1772222266122239613,2026-02-27 14:57:46.122,-15.534,6.62106,-51.6879,0.447594,0.702283,-0.058147,6.022000000000006
1772222266123436374,2026-02-27 14:57:46.123,-15.4275,6.50483,-51.8211,0.436812,0.694164,-0.056954,6.02300000000001
1772222266124581779,2026-02-27 14:57:46.124,-15.3077,6.35078,-52.4909,0.429212,0.686066,-0.051319,6.024000000000001
1772222266125711322,2026-02-27 14:57:46.125,-15.1981,6.15127,-52.8582,0.418124,0.67764,-0.048596,6.025000000000006
1772222266126888805,2026-02-27 14:57:46.126,-15.0039,6.00447,-52.9604,0.4063,0.666363,-0.048922,6.0260000000000105
1772222266128072880,2026-02-27 14:57:46.128,-14.7392,5.68026,-53.064,0.383861,0.64634,-0.046488,6.028000000000006
1772222266129259348,2026-02-27 14:57:46.129,-14.5637,5.44836,-53.8927,0.370868,0.635779,-0.038529,6.029000000000011
1772222266130438835,2026-02-27 14:57:46.130,-14.426,5.30128,-54.1951,0.35922,0.625512,-0.036382,6.030000000000001
1772222266131601451,2026-02-27 14:57:46.131,-14.279,5.09967,-54.1146,0.346323,0.613344,-0.036834,6.031000000000006
1772222266132898443,2026-02-27 14:57:46.132,-14.1003,4.9271,-53.7262,0.3315,0.601193,-0.040789,6.032000000000011
1772222266134080903,2026-02-27 14:57:46.134,-13.7963,4.62888,-53.3945,0.308449,0.579921,-0.042603,6.034000000000006
1772222266135261216,2026-02-27 14:57:46.135,-13.5916,4.46013,-53.4843,0.297445,0.568317,-0.041637,6.035000000000011
1772222266136471443,2026-02-27 14:57:46.136,-13.4948,4.26909,-53.574,0.283216,0.558128,-0.041137,6.036000000000001
1772222266137570061,2026-02-27 14:57:46.137,-13.3095,4.10859,-53.4169,0.27363,0.547367,-0.043634,6.037000000000006
1772222266138701046,2026-02-27 14:57:46.138,-13.2162,3.94771,-52.673,0.262093,0.537632,-0.049014,6.038000000000011
1772222266139877944,2026-02-27 14:57:46.139,-13.0315,3.77353,-53.1853,0.250931,0.527764,-0.045739,6.0390000000000015
1772222266141063216,2026-02-27 14:57:46.141,-12.7139,3.42357,-53.8799,0.222408,0.506038,-0.040359,6.041000000000011
1772222266142243053,2026-02-27 14:57:46.142,-12.5601,3.28141,-53.9763,0.209237,0.496637,-0.038577,6.042000000000002
1772222266143438618,2026-02-27 14:57:46.143,-12.4344,3.13774,-54.0539,0.202224,0.487833,-0.039426,6.043000000000006
1772222266144565634,2026-02-27 14:57:46.144,-12.2937,3.03369,-54.2054,0.190283,0.480287,-0.038503,6.044000000000011
1772222266145694783,2026-02-27 14:57:46.145,-12.249,2.83599,-54.2324,0.179849,0.472652,-0.038115,6.045000000000002
1772222266146893906,2026-02-27 14:57:46.146,-12.1467,2.67527,-55.2144,0.163967,0.465913,-0.028782,6.0460000000000065
1772222266148067803,2026-02-27 14:57:46.148,-12.0614,2.54933,-54.9717,0.155165,0.459739,-0.032062,6.048000000000002
1772222266149248565,2026-02-27 14:57:46.149,-11.943,2.26032,-54.6769,0.135849,0.449324,-0.03451,6.049000000000007
1772222266150445625,2026-02-27 14:57:46.150,-11.8615,2.18426,-54.466,0.129311,0.445119,-0.035837,6.050000000000011
1772222266151563629,2026-02-27 14:57:46.151,-11.8638,2.075,-54.4954,0.122025,0.441333,-0.03494,6.051000000000002
1772222266152694324,2026-02-27 14:57:46.152,-11.7803,2.01297,-54.4964,0.111326,0.438629,-0.035205,6.052000000000007
1772222266153869555,2026-02-27 14:57:46.153,-11.7625,1.87457,-54.5821,0.102899,0.435266,-0.035038,6.0530000000000115
1772222266155052742,2026-02-27 14:57:46.155,-11.7859,1.78693,-53.73,0.094355,0.432921,-0.041368,6.055000000000007
1772222266156224995,2026-02-27 14:57:46.156,-11.8926,1.63349,-53.8073,0.078172,0.43277,-0.040061,6.056000000000012
1772222266157422052,2026-02-27 14:57:46.157,-11.854,1.66017,-54.3113,0.078268,0.435291,-0.034402,6.057000000000002
1772222266158569882,2026-02-27 14:57:46.158,-11.9404,1.54323,-54.6492,0.073653,0.43764,-0.029822,6.058000000000007
1772222266159700980,2026-02-27 14:57:46.159,-11.9518,1.49629,-54.6609,0.067458,0.44013,-0.028306,6.059000000000012
1772222266160874919,2026-02-27 14:57:46.160,-12.0275,1.51609,-54.6916,0.065211,0.44558,-0.026902,6.060000000000002
1772222266162056537,2026-02-27 14:57:46.162,-12.1694,1.50609,-54.6346,0.060097,0.451915,-0.026784,6.062000000000012
1772222266163237790,2026-02-27 14:57:46.163,-12.3242,1.51594,-55.4839,0.055809,0.465206,-0.015486,6.063000000000002
1772222266164430311,2026-02-27 14:57:46.164,-12.446,1.53977,-55.0694,0.052993,0.473253,-0.016849,6.064000000000007
1772222266165559789,2026-02-27 14:57:46.165,-12.5517,1.57085,-54.7951,0.056722,0.481796,-0.018165,6.065000000000012
1772222266166688201,2026-02-27 14:57:46.166,-12.6991,1.60786,-54.3392,0.052675,0.490847,-0.019739,6.0660000000000025
1772222266167863944,2026-02-27 14:57:46.167,-12.8105,1.67488,-54.0566,0.05273,0.499978,-0.019404,6.067000000000007
1772222266169047906,2026-02-27 14:57:46.169,-12.9772,1.78791,-54.0031,0.060123,0.512095,-0.017963,6.069000000000003
1772222266170235699,2026-02-27 14:57:46.170,-13.3757,1.91435,-53.7146,0.065405,0.538614,-0.015444,6.070000000000007
1772222266171428380,2026-02-27 14:57:46.171,-13.6126,2.07681,-52.5005,0.071734,0.551759,-0.023585,6.071000000000012
1772222266172559263,2026-02-27 14:57:46.172,-13.8398,2.16927,-52.7251,0.071668,0.569144,-0.017382,6.072000000000003
1772222266173689545,2026-02-27 14:57:46.173,-14.1001,2.27384,-52.6402,0.079215,0.590173,-0.01451,6.0730000000000075
1772222266174866333,2026-02-27 14:57:46.174,-14.4859,2.4382,-53.0879,0.087181,0.611314,-0.008402,6.074000000000012
1772222266176063469,2026-02-27 14:57:46.176,-14.8329,2.50634,-53.0877,0.095966,0.635386,-0.005138,6.076000000000008
1772222266177247309,2026-02-27 14:57:46.177,-15.6001,2.86537,-52.9211,0.108883,0.684334,-0.002738,6.077000000000012
1772222266178439492,2026-02-27 14:57:46.178,-15.8955,3.00248,-52.7986,0.115037,0.707813,-0.002649,6.078000000000003
1772222266179568324,2026-02-27 14:57:46.179,-16.1988,3.19768,-53.5833,0.123926,0.732649,0.005556,6.079000000000008
1772222266180699024,2026-02-27 14:57:46.180,-16.5984,3.34046,-53.6562,0.127982,0.760437,0.0072,6.0800000000000125
1772222266181874860,2026-02-27 14:57:46.181,-16.9837,3.50709,-53.4421,0.136533,0.787797,0.005691,6.081000000000003
1772222266183073171,2026-02-27 14:57:46.183,-17.3085,3.67539,-52.9248,0.147566,0.810955,-0.001551,6.083000000000013
1772222266184258887,2026-02-27 14:57:46.184,-17.9722,4.05089,-52.3559,0.160201,0.851065,-0.00462,6.084000000000003
1772222266185467036,2026-02-27 14:57:46.185,-18.3082,4.14535,-52.3348,0.170486,0.875437,-0.00131,6.085000000000008
1772222266186560004,2026-02-27 14:57:46.186,-18.6539,4.3559,-52.1567,0.174767,0.891961,-0.000843,6.086000000000013
1772222266187688412,2026-02-27 14:57:46.187,-18.805,4.50005,-51.6627,0.188074,0.908579,-0.004007,6.087000000000003
1772222266188885154,2026-02-27 14:57:46.188,-18.9779,4.72144,-51.1752,0.199279,0.926694,-0.006331,6.088000000000008
1772222266190067778,2026-02-27 14:57:46.190,-19.2497,4.93528,-51.6212,0.215586,0.947614,-0.002859,6.090000000000003
1772222266191261752,2026-02-27 14:57:46.191,-19.8164,5.27664,-52.5211,0.233879,0.978376,0.004127,6.091000000000008
1772222266192476572,2026-02-27 14:57:46.192,-20.0585,5.4167,-52.6635,0.244258,0.991215,0.004288,6.091999999999999
1772222266193608184,2026-02-27 14:57:46.193,-20.2727,5.57438,-52.8201,0.255456,1.00347,0.003607,6.0930000000000035
1772222266194740950,2026-02-27 14:57:46.194,-20.3505,5.75841,-52.9178,0.273834,1.0117,0.003961,6.094000000000008
1772222266195870766,2026-02-27 14:57:46.195,-20.4225,5.89418,-53.0846,0.282761,1.01662,0.004952,6.094999999999999
1772222266197069780,2026-02-27 14:57:46.197,-20.4463,5.99312,-54.2674,0.294457,1.02044,0.015235,6.097000000000008
1772222266198253107,2026-02-27 14:57:46.198,-20.5187,6.26767,-54.1416,0.317402,1.02092,0.012551,6.097999999999999
1772222266199435357,2026-02-27 14:57:46.199,-20.5101,6.47992,-53.7244,0.328732,1.0189,0.008461,6.099000000000004
1772222266200591236,2026-02-27 14:57:46.200,-20.5492,6.65842,-53.7241,0.342217,1.01563,0.008913,6.1000000000000085
1772222266201723229,2026-02-27 14:57:46.201,-20.4887,6.73436,-53.8492,0.350233,1.00877,0.009762,6.100999999999999
1772222266202853412,2026-02-27 14:57:46.202,-20.3363,6.94092,-53.9693,0.368374,1.00116,0.010643,6.102000000000004
1772222266204052173,2026-02-27 14:57:46.204,-20.1873,7.06958,-54.0143,0.379797,0.991142,0.012061,6.103999999999999
1772222266205237842,2026-02-27 14:57:46.205,-19.9646,7.21896,-53.2636,0.393022,0.979297,0.004126,6.105000000000004
1772222266206423208,2026-02-27 14:57:46.206,-19.5801,7.37263,-53.5543,0.413594,0.95068,0.006398,6.106000000000009
1772222266207572082,2026-02-27 14:57:46.207,-19.3158,7.49786,-54.258,0.426266,0.933732,0.012214,6.106999999999999
1772222266208700851,2026-02-27 14:57:46.208,-18.9659,7.59467,-54.5699,0.436407,0.911138,0.01095,6.108000000000004
1772222266209877684,2026-02-27 14:57:46.209,-18.5735,7.68185,-54.6661,0.450089,0.889822,0.01453,6.109000000000009
1772222266211077556,2026-02-27 14:57:46.211,-18.2437,7.82222,-54.8041,0.46566,0.868805,0.018187,6.111000000000004
1772222266212261199,2026-02-27 14:57:46.212,-17.8588,7.86901,-54.9155,0.475844,0.843353,0.017458,6.112000000000009
1772222266213445933,2026-02-27 14:57:46.213,-17.048,7.96672,-55.8548,0.492825,0.787752,0.022631,6.1129999999999995
1772222266214595774,2026-02-27 14:57:46.214,-16.653,8.04064,-55.5846,0.502,0.761092,0.019555,6.114000000000004
1772222266215777755,2026-02-27 14:57:46.215,-16.1423,8.1174,-55.2193,0.510421,0.731109,0.014578,6.115000000000009
1772222266216980112,2026-02-27 14:57:46.216,-15.7031,8.05449,-54.8856,0.516768,0.700525,0.011009,6.116
1772222266218168444,2026-02-27 14:57:46.218,-15.2699,8.12778,-54.6935,0.521757,0.670453,0.00719,6.118000000000009
1772222266219353666,2026-02-27 14:57:46.219,-14.2264,8.02533,-54.5194,0.524664,0.608282,0.003781,6.119
1772222266220546489,2026-02-27 14:57:46.220,-13.7243,8.04402,-54.3165,0.530001,0.576845,0.001636,6.1200000000000045
1772222266221677667,2026-02-27 14:57:46.221,-13.3031,8.00606,-53.2367,0.532784,0.54489,-0.007319,6.121000000000009
1772222266222835408,2026-02-27 14:57:46.222,-12.7417,7.94409,-53.6182,0.534888,0.513071,-0.00416,6.122
1772222266224038727,2026-02-27 14:57:46.224,-12.2511,7.88909,-53.4354,0.531537,0.480124,-0.003733,6.124000000000009
1772222266225221177,2026-02-27 14:57:46.225,-11.7996,7.80814,-53.8012,0.530098,0.448403,-0.000375,6.125
1772222266226406981,2026-02-27 14:57:46.226,-10.7932,7.61052,-53.6538,0.530007,0.386628,-0.003044,6.126000000000005
1772222266227527297,2026-02-27 14:57:46.227,-10.3371,7.5398,-53.4136,0.523953,0.354741,-0.005424,6.1270000000000095
1772222266228655838,2026-02-27 14:57:46.228,-9.85131,7.43307,-53.0736,0.517385,0.323926,-0.007384,6.128
1772222266229828394,2026-02-27 14:57:46.229,-9.33798,7.25299,-53.5674,0.507808,0.290506,-0.000273,6.129000000000005
1772222266231027151,2026-02-27 14:57:46.231,-8.86695,7.13479,-52.4793,0.495033,0.249298,-0.002007,6.131
1772222266232213551,2026-02-27 14:57:46.232,-8.19866,7.11088,-50.6108,0.468238,0.189069,0.00089,6.132000000000005
1772222266233387353,2026-02-27 14:57:46.233,-6.27784,6.93901,-48.9835,0.453232,0.145483,-0.007609,6.13300000000001
1772222266234552216,2026-02-27 14:57:46.234,-5.76585,6.92602,-49.4149,0.46673,0.163479,-0.016889,6.134
1772222266235681407,2026-02-27 14:57:46.235,-5.34144,6.86848,-49.4018,0.471127,0.146932,-0.017884,6.135000000000005
1772222266236855988,2026-02-27 14:57:46.236,-4.14014,6.65799,-49.33,0.472067,0.184687,0.001102,6.13600000000001
1772222266238051738,2026-02-27 14:57:46.238,-2.86356,6.3803,-48.4271,0.484182,0.224615,0.018531,6.138000000000005
1772222266239234338,2026-02-27 14:57:46.239,-2.12877,5.894,-46.8499,0.496318,0.237528,0.033301,6.13900000000001
1772222266240409315,2026-02-27 14:57:46.240,-0.426126,5.2184,-37.2568,0.393311,-0.035667,0.063525,6.140000000000001
1772222266241545950,2026-02-27 14:57:46.241,2.80307,4.65643,-33.3487,0.344477,-0.115915,0.11326,6.141000000000005
1772222266242675138,2026-02-27 14:57:46.242,5.00065,4.24072,-30.491,0.33485,-0.170452,0.126571,6.14200000000001
1772222266243966993,2026-02-27 14:57:46.243,6.25578,4.3063,-27.7063,0.310847,-0.236362,0.11552,6.143000000000001
1772222266245161324,2026-02-27 14:57:46.245,7.37913,4.44041,-25.2322,0.297107,-0.294732,0.108785,6.14500000000001
1772222266246345653,2026-02-27 14:57:46.246,8.64572,4.52611,-23.5926,0.297814,-0.330526,0.103797,6.146000000000001
1772222266247542814,2026-02-27 14:57:46.247,10.3818,4.83683,-20.0972,0.288281,-0.393701,0.0986,6.147000000000006
1772222266248675672,2026-02-27 14:57:46.248,11.1854,4.71588,-18.7127,0.289047,-0.419324,0.100519,6.14800000000001
1772222266249852180,2026-02-27 14:57:46.249,12.0069,4.55224,-17.1844,0.287709,-0.435897,0.099315,6.149000000000001
1772222266251048929,2026-02-27 14:57:46.251,13.482,3.44686,-22.9537,0.435047,-0.338574,0.102727,6.1510000000000105
1772222266252244902,2026-02-27 14:57:46.252,12.3438,4.36157,-19.9264,0.367662,-0.401999,0.085432,6.152000000000001
1772222266253431119,2026-02-27 14:57:46.253,12.4371,3.85789,-21.8296,0.39653,-0.445869,0.112654,6.153000000000006
1772222266254581897,2026-02-27 14:57:46.254,12.4183,3.57831,-19.9487,0.371448,-0.475454,0.128418,6.154000000000011
1772222266255717296,2026-02-27 14:57:46.255,12.419,3.24384,-19.1097,0.345571,-0.484564,0.148368,6.155000000000001
1772222266256887178,2026-02-27 14:57:46.256,12.5387,2.8857,-18.6639,0.338681,-0.480874,0.158403,6.156000000000006
1772222266258090791,2026-02-27 14:57:46.258,12.4511,2.64135,-18.7702,0.324143,-0.471559,0.164652,6.158000000000001
1772222266259273776,2026-02-27 14:57:46.259,12.3469,2.62154,-19.1708,0.327745,-0.461287,0.16376,6.159000000000006
1772222266260479326,2026-02-27 14:57:46.260,12.0755,2.89815,-19.521,0.329012,-0.439859,0.161017,6.160000000000011
1772222266261620049,2026-02-27 14:57:46.261,12.0006,3.08967,-18.9565,0.329242,-0.438505,0.168081,6.161000000000001
1772222266262810021,2026-02-27 14:57:46.262,12.0552,3.22825,-18.5533,0.315464,-0.439277,0.187081,6.162000000000006
1772222266264011027,2026-02-27 14:57:46.264,12.1912,3.38993,-18.9508,0.336103,-0.430931,0.196791,6.1640000000000015
1772222266265210059,2026-02-27 14:57:46.265,12.0018,3.94051,-17.3821,0.306639,-0.431702,0.181868,6.165000000000006
1772222266266394107,2026-02-27 14:57:46.266,12.5309,3.52134,-18.6511,0.340585,-0.401514,0.177693,6.166000000000011
1772222266267542130,2026-02-27 14:57:46.267,10.5349,4.25426,-23.2075,0.465767,-0.327437,0.122488,6.167000000000002
1772222266268675039,2026-02-27 14:57:46.268,9.74429,4.95898,-20.7001,0.39438,-0.391975,0.132933,6.168000000000006
1772222266269853798,2026-02-27 14:57:46.269,10.3831,4.82401,-18.5566,0.373077,-0.418551,0.163958,6.169000000000011
1772222266271052164,2026-02-27 14:57:46.271,11.0397,4.77934,-16.1204,0.319743,-0.429673,0.173563,6.1710000000000065
1772222266272249197,2026-02-27 14:57:46.272,11.9795,3.95742,-20.2716,0.428667,-0.363424,0.158337,6.172000000000011
1772222266273426537,2026-02-27 14:57:46.273,10.9117,4.48081,-21.1996,0.461356,-0.319774,0.128209,6.173000000000002
1772222266274559898,2026-02-27 14:57:46.274,9.39841,5.06093,-21.8689,0.465824,-0.310371,0.136236,6.174000000000007
1772222266275692986,2026-02-27 14:57:46.275,9.32066,5.09553,-20.9897,0.438042,-0.315594,0.143328,6.175000000000011
1772222266276869561,2026-02-27 14:57:46.276,9.46791,4.81341,-20.9623,0.451204,-0.305975,0.150072,6.176000000000002
1772222266278066659,2026-02-27 14:57:46.278,9.19398,5.10666,-19.1028,0.414641,-0.343412,0.148431,6.1780000000000115
1772222266279263264,2026-02-27 14:57:46.279,9.21934,5.22434,-16.011,0.345586,-0.383689,0.153826,6.179000000000002
1772222266280444834,2026-02-27 14:57:46.280,10.8822,3.69518,-18.5456,0.450107,-0.31486,0.177649,6.180000000000007
1772222266281597006,2026-02-27 14:57:46.281,10.4598,3.41872,-25.2903,0.572785,-0.084763,0.120392,6.181000000000012
1772222266282773957,2026-02-27 14:57:46.282,7.44941,4.18611,-27.4253,0.610377,-0.045058,0.053624,6.182000000000002
1772222266283970514,2026-02-27 14:57:46.283,5.43992,4.40712,-27.4577,0.609371,-0.027972,0.046694,6.183000000000007
1772222266285171153,2026-02-27 14:57:46.285,4.78987,4.11922,-27.4913,0.578363,-0.03143,0.076621,6.185000000000002
1772222266286353217,2026-02-27 14:57:46.286,4.69903,3.79327,-24.8659,0.491988,-0.080208,0.105483,6.186000000000007
1772222266287543245,2026-02-27 14:57:46.287,6.42174,2.84812,-15.7984,0.282425,-0.260832,0.15407,6.187000000000012
1772222266288673499,2026-02-27 14:57:46.288,7.56489,2.17948,-13.173,0.218721,-0.303298,0.153372,6.188000000000002
1772222266289836708,2026-02-27 14:57:46.289,8.35526,1.66341,-12.132,0.2078,-0.317195,0.145076,6.189000000000007
1772222266291039093,2026-02-27 14:57:46.291,8.44238,1.45671,-11.8351,0.194844,-0.306912,0.127351,6.1910000000000025
1772222266292238288,2026-02-27 14:57:46.292,8.38936,1.29763,-11.9626,0.210098,-0.292627,0.11665,6.192000000000007
1772222266293420942,2026-02-27 14:57:46.293,8.12535,1.35936,-11.7273,0.219483,-0.277487,0.105614,6.193000000000012
1772222266294550083,2026-02-27 14:57:46.294,8.01741,1.45707,-10.0118,0.207088,-0.27317,0.097807,6.194000000000003
1772222266295688707,2026-02-27 14:57:46.295,8.08612,1.27207,-8.97923,0.179066,-0.279254,0.100516,6.195000000000007
1772222266296905103,2026-02-27 14:57:46.296,8.27172,0.742684,-8.94912,0.153635,-0.29588,0.116727,6.196000000000012
1772222266298104602,2026-02-27 14:57:46.298,8.40666,0.188062,-7.98764,0.13322,-0.303059,0.118479,6.1980000000000075
1772222266299300536,2026-02-27 14:57:46.299,8.52468,-0.458635,-7.93417,0.122052,-0.305987,0.122596,6.199000000000012
1772222266300490725,2026-02-27 14:57:46.300,8.65727,-1.1195,-8.03434,0.125053,-0.304051,0.1294,6.200000000000003
1772222266301634249,2026-02-27 14:57:46.301,8.69746,-1.66699,-8.32498,0.162437,-0.302768,0.157875,6.201000000000008
1772222266302823993,2026-02-27 14:57:46.302,8.62991,-1.9978,-8.52751,0.151677,-0.296506,0.176098,6.202000000000012
1772222266304019230,2026-02-27 14:57:46.304,8.75649,-2.03597,-8.48724,0.157393,-0.297651,0.180008,6.204000000000008
1772222266305214621,2026-02-27 14:57:46.305,8.8732,-2.00242,-7.45607,0.160278,-0.302319,0.175319,6.2050000000000125
1772222266306390734,2026-02-27 14:57:46.306,8.99443,-2.01327,-7.59416,0.150565,-0.308676,0.177409,6.206000000000003
1772222266307543710,2026-02-27 14:57:46.307,9.25185,-2.24648,-8.48925,0.134689,-0.309012,0.17076,6.207000000000008
1772222266308675316,2026-02-27 14:57:46.308,9.39145,-2.40244,-9.01522,0.124124,-0.304538,0.163823,6.208000000000013
1772222266309850485,2026-02-27 14:57:46.309,9.42423,-2.57438,-9.39452,0.11201,-0.303514,0.155756,6.209000000000003
1772222266311046157,2026-02-27 14:57:46.311,9.38996,-2.67266,-9.6324,0.100604,-0.30288,0.150857,6.211000000000013
1772222266312242032,2026-02-27 14:57:46.312,9.41814,-2.87201,-10.0248,0.093404,-0.302767,0.148227,6.212000000000003
1772222266313427235,2026-02-27 14:57:46.313,9.5298,-2.97968,-11.2644,0.086055,-0.304136,0.153909,6.213000000000008
1772222266314547910,2026-02-27 14:57:46.314,9.5626,-3.12433,-12.1295,0.078125,-0.307142,0.154922,6.213999999999999
1772222266315681027,2026-02-27 14:57:46.315,9.49675,-3.16738,-12.1045,0.075187,-0.308961,0.150644,6.215000000000003
1772222266316856379,2026-02-27 14:57:46.316,9.4671,-3.16138,-12.3088,0.076154,-0.312386,0.147419,6.216000000000008
1772222266318058127,2026-02-27 14:57:46.318,9.41626,-3.17739,-12.4628,0.073358,-0.315015,0.145626,6.2180000000000035
1772222266319253981,2026-02-27 14:57:46.319,9.40349,-3.15005,-12.7841,0.074779,-0.316412,0.144881,6.219000000000008
1772222266320439497,2026-02-27 14:57:46.320,9.40112,-3.14643,-13.0395,0.077696,-0.317399,0.143538,6.219999999999999
1772222266321553476,2026-02-27 14:57:46.321,9.39637,-2.99379,-12.3372,0.086735,-0.320166,0.136126,6.221000000000004
1772222266322685159,2026-02-27 14:57:46.322,9.32845,-2.96333,-12.6412,0.084145,-0.323729,0.138576,6.222000000000008
1772222266323883427,2026-02-27 14:57:46.323,9.52837,-2.83592,-12.7049,0.08847,-0.330459,0.142746,6.222999999999999
1772222266325083926,2026-02-27 14:57:46.325,9.6031,-2.64687,-12.8885,0.08875,-0.339693,0.149043,6.2250000000000085
1772222266326284436,2026-02-27 14:57:46.326,9.80145,-2.54816,-12.5774,0.083527,-0.350269,0.15134,6.225999999999999
1772222266327486091,2026-02-27 14:57:46.327,9.9849,-2.40709,-12.1616,0.083137,-0.361205,0.153406,6.227000000000004
1772222266328599670,2026-02-27 14:57:46.328,10.2192,-2.2217,-11.7097,0.077261,-0.377277,0.155876,6.228000000000009
1772222266329791836,2026-02-27 14:57:46.329,10.6976,-1.90459,-11.6351,0.072048,-0.406955,0.169822,6.228999999999999
1772222266330994119,2026-02-27 14:57:46.330,10.8757,-1.74088,-10.6471,0.068358,-0.421834,0.168151,6.230000000000004
1772222266332194354,2026-02-27 14:57:46.332,11.0716,-1.60142,-10.2391,0.066643,-0.436277,0.171297,6.231999999999999
1772222266333396461,2026-02-27 14:57:46.333,11.302,-1.47097,-9.27553,0.066364,-0.449187,0.170674,6.233000000000004
1772222266334562994,2026-02-27 14:57:46.334,11.7336,-1.20378,-8.19957,0.063553,-0.486112,0.177641,6.234000000000009
1772222266335696819,2026-02-27 14:57:46.335,12.0241,-1.09811,-7.9292,0.063947,-0.503063,0.183497,6.234999999999999
1772222266336845213,2026-02-27 14:57:46.336,12.2548,-0.976664,-7.67423,0.066,-0.518256,0.188542,6.236000000000004
1772222266338016178,2026-02-27 14:57:46.338,12.4934,-0.895932,-6.69732,0.066702,-0.534793,0.185833,6.2379999999999995
1772222266339183384,2026-02-27 14:57:46.339,12.7767,-0.80514,-6.44735,0.07088,-0.549901,0.191939,6.239000000000004
1772222266340371198,2026-02-27 14:57:46.340,12.9991,-0.744062,-6.56051,0.073093,-0.565088,0.197183,6.240000000000009
1772222266341538080,2026-02-27 14:57:46.341,13.4395,-0.55822,-7.50556,0.086201,-0.588556,0.215507,6.241
1772222266342666156,2026-02-27 14:57:46.342,13.6723,-0.459636,-7.65567,0.092926,-0.599466,0.220562,6.242000000000004
1772222266343811817,2026-02-27 14:57:46.343,13.8874,-0.353147,-7.83893,0.102294,-0.608772,0.224576,6.243000000000009
1772222266344980042,2026-02-27 14:57:46.344,14.0429,-0.244683,-7.99926,0.111595,-0.618411,0.228001,6.244
1772222266346148127,2026-02-27 14:57:46.346,14.1986,-0.137627,-8.68869,0.1198,-0.625452,0.234489,6.246000000000009
1772222266347317023,2026-02-27 14:57:46.347,14.064,-0.171072,-9.72605,0.134036,-0.646676,0.233951,6.247
1772222266348505027,2026-02-27 14:57:46.348,13.7087,-0.039113,-10.3729,0.170641,-0.698052,0.194608,6.248000000000005
1772222266349635504,2026-02-27 14:57:46.349,13.7382,0.194357,-10.6952,0.178205,-0.722264,0.177975,6.249000000000009
1772222266350779591,2026-02-27 14:57:46.350,13.6127,0.332283,-11.2021,0.18932,-0.742504,0.167698,6.25
1772222266351951358,2026-02-27 14:57:46.351,13.4845,0.45273,-11.664,0.194734,-0.760477,0.162839,6.251000000000005
1772222266353120338,2026-02-27 14:57:46.353,13.42,0.548314,-12.1978,0.20074,-0.775892,0.156796,6.253
1772222266354289438,2026-02-27 14:57:46.354,13.4442,0.703719,-12.6139,0.20731,-0.788429,0.151836,6.254000000000005
1772222266355539920,2026-02-27 14:57:46.355,13.3378,0.922528,-12.6515,0.216227,-0.805418,0.13834,6.25500000000001
1772222266356669582,2026-02-27 14:57:46.356,13.2176,1.00255,-13.0819,0.224335,-0.810735,0.135474,6.256
1772222266357814990,2026-02-27 14:57:46.357,13.1355,1.09543,-13.7468,0.229564,-0.815995,0.137316,6.257000000000005
1772222266358985294,2026-02-27 14:57:46.358,13.1368,1.2551,-14.3428,0.237718,-0.82166,0.135193,6.25800000000001
1772222266360154359,2026-02-27 14:57:46.360,13.0784,1.28214,-14.5895,0.242983,-0.827454,0.132312,6.260000000000005
1772222266361323708,2026-02-27 14:57:46.361,13.0254,1.42488,-14.8539,0.251646,-0.834731,0.129147,6.26100000000001
1772222266362515973,2026-02-27 14:57:46.362,12.9804,1.5416,-16.3847,0.263074,-0.845463,0.132851,6.2620000000000005
1772222266363648100,2026-02-27 14:57:46.363,12.9742,1.56974,-16.5791,0.265865,-0.850806,0.128202,6.263000000000005
1772222266364796635,2026-02-27 14:57:46.364,12.942,1.62733,-16.8442,0.268473,-0.854168,0.125007,6.26400000000001
1772222266365967622,2026-02-27 14:57:46.365,12.9244,1.60684,-16.6096,0.267748,-0.857161,0.120039,6.265000000000001
1772222266367137752,2026-02-27 14:57:46.367,12.8948,1.61368,-16.6844,0.267455,-0.86172,0.115595,6.26700000000001
1772222266368307181,2026-02-27 14:57:46.368,12.9445,1.62864,-16.997,0.270825,-0.868255,0.113648,6.268000000000001
1772222266369497997,2026-02-27 14:57:46.369,13.007,1.57773,-17.473,0.273386,-0.879742,0.111625,6.2690000000000055
1772222266370626337,2026-02-27 14:57:46.370,12.9761,1.53094,-17.6333,0.276225,-0.903077,0.104248,6.27000000000001
1772222266371772011,2026-02-27 14:57:46.371,13.0653,1.45896,-17.5369,0.277203,-0.913102,0.098828,6.271000000000001
1772222266372977545,2026-02-27 14:57:46.372,13.1118,1.40413,-18.1331,0.27381,-0.92621,0.099208,6.272000000000006
1772222266374180503,2026-02-27 14:57:46.374,13.1661,1.35356,-18.7267,0.26947,-0.933771,0.102476,6.274000000000001
1772222266375380460,2026-02-27 14:57:46.375,13.2141,1.20954,-19.3404,0.266412,-0.943007,0.105736,6.275000000000006
1772222266376542078,2026-02-27 14:57:46.376,13.4513,1.04714,-19.7725,0.253768,-0.959156,0.109095,6.2760000000000105
1772222266377672946,2026-02-27 14:57:46.377,13.5071,0.843663,-19.891,0.244895,-0.966719,0.111164,6.277000000000001
1772222266378818840,2026-02-27 14:57:46.378,13.5871,0.791143,-20.0493,0.239372,-0.973346,0.113335,6.278000000000006
1772222266379988420,2026-02-27 14:57:46.379,13.7163,0.597879,-21.0993,0.230417,-0.979368,0.124227,6.279000000000011
1772222266381157414,2026-02-27 14:57:46.381,13.7414,0.519795,-20.8326,0.223503,-0.982975,0.120381,6.281000000000006
1772222266382328821,2026-02-27 14:57:46.382,13.8268,0.394172,-20.805,0.215253,-0.987978,0.122103,6.282000000000011
1772222266383535718,2026-02-27 14:57:46.383,13.779,0.275892,-20.4847,0.206973,-0.991663,0.119134,6.283000000000001
1772222266384664027,2026-02-27 14:57:46.384,13.8583,0.082616,-20.4212,0.191487,-0.994422,0.118094,6.284000000000006
1772222266385834356,2026-02-27 14:57:46.385,13.9105,-0.061586,-20.429,0.181135,-0.996464,0.118863,6.285000000000011
1772222266387032809,2026-02-27 14:57:46.387,13.9233,-0.184102,-20.519,0.170217,-0.99739,0.119592,6.287000000000006
1772222266388234850,2026-02-27 14:57:46.388,13.8679,-0.340476,-19.5133,0.162831,-0.997558,0.11161,6.288000000000011
1772222266389406235,2026-02-27 14:57:46.389,13.9064,-0.428049,-19.6728,0.153786,-0.998081,0.113834,6.2890000000000015
1772222266390554464,2026-02-27 14:57:46.390,13.8999,-0.542197,-19.7552,0.145843,-0.997213,0.11355,6.290000000000006
1772222266391684880,2026-02-27 14:57:46.391,13.9119,-0.797965,-20.663,0.129579,-0.994814,0.120856,6.291000000000011
1772222266392852495,2026-02-27 14:57:46.392,13.7954,-0.902221,-20.6691,0.119286,-0.990963,0.121016,6.292000000000002
1772222266394024653,2026-02-27 14:57:46.394,13.7589,-1.05219,-20.6485,0.111728,-0.98804,0.120551,6.294000000000011
1772222266395224778,2026-02-27 14:57:46.395,13.7136,-1.14812,-20.6906,0.102898,-0.984346,0.120261,6.295000000000002
1772222266396421177,2026-02-27 14:57:46.396,13.6533,-1.28179,-21.2783,0.096541,-0.980402,0.125687,6.2960000000000065
1772222266397561729,2026-02-27 14:57:46.397,13.5477,-1.40773,-21.7285,0.085039,-0.975991,0.128327,6.297000000000011
1772222266398694203,2026-02-27 14:57:46.398,13.3592,-1.65341,-21.219,0.070968,-0.963562,0.121052,6.298000000000002
1772222266399893207,2026-02-27 14:57:46.399,13.2437,-1.71459,-21.1033,0.067864,-0.956226,0.118624,6.299000000000007
1772222266401090982,2026-02-27 14:57:46.401,13.1109,-1.74947,-21.0471,0.061019,-0.948608,0.115677,6.301000000000002
1772222266402288838,2026-02-27 14:57:46.402,12.9936,-1.84026,-21.2088,0.054066,-0.942117,0.114936,6.302000000000007
1772222266403496967,2026-02-27 14:57:46.403,12.8597,-1.9089,-21.3494,0.049204,-0.932845,0.114229,6.3030000000000115
1772222266404629809,2026-02-27 14:57:46.404,12.7347,-2.04714,-21.3355,0.044564,-0.9257,0.111679,6.304000000000002
1772222266405783649,2026-02-27 14:57:46.405,12.3549,-2.16985,-21.2425,0.036191,-0.907949,0.105672,6.305000000000007
1772222266406963327,2026-02-27 14:57:46.406,12.1707,-2.09533,-21.6804,0.03255,-0.896349,0.103618,6.306000000000012
1772222266408161117,2026-02-27 14:57:46.408,12.0348,-2.19107,-22.2398,0.034818,-0.888208,0.108173,6.308000000000007
1772222266409333168,2026-02-27 14:57:46.409,11.8157,-2.24382,-22.6526,0.031186,-0.877521,0.108447,6.309000000000012
1772222266410541150,2026-02-27 14:57:46.410,11.6924,-2.23867,-22.9053,0.030757,-0.866016,0.106491,6.310000000000002
1772222266411674033,2026-02-27 14:57:46.411,11.2175,-2.32529,-23.4831,0.031448,-0.843843,0.103729,6.311000000000007
1772222266412873305,2026-02-27 14:57:46.412,11.0873,-2.34141,-24.8289,0.033162,-0.833378,0.110194,6.312000000000012
1772222266414045497,2026-02-27 14:57:46.414,10.8795,-2.35365,-24.9284,0.035778,-0.822165,0.106507,6.314000000000007
1772222266415245141,2026-02-27 14:57:46.415,10.6411,-2.39577,-25.245,0.033859,-0.811578,0.104538,6.315000000000012
1772222266416443381,2026-02-27 14:57:46.416,10.4285,-2.40543,-25.0441,0.036237,-0.801322,0.098467,6.3160000000000025
1772222266417569118,2026-02-27 14:57:46.417,10.229,-2.35662,-25.1724,0.042553,-0.789791,0.093157,6.317000000000007
1772222266418700040,2026-02-27 14:57:46.418,9.78452,-2.38127,-25.7476,0.044381,-0.765468,0.090192,6.318000000000012
1772222266419868687,2026-02-27 14:57:46.419,9.55458,-2.28343,-26.083,0.052864,-0.751363,0.088663,6.319000000000003
1772222266421067034,2026-02-27 14:57:46.421,9.31,-2.27941,-25.819,0.05828,-0.738457,0.079259,6.321000000000012
1772222266422266026,2026-02-27 14:57:46.422,8.99203,-2.16632,-25.8788,0.065513,-0.723308,0.075763,6.322000000000003
1772222266423447542,2026-02-27 14:57:46.423,8.80334,-2.1423,-26.4828,0.071552,-0.708748,0.074819,6.3230000000000075
1772222266424559255,2026-02-27 14:57:46.424,8.48663,-2.12715,-27.1051,0.075358,-0.693202,0.076221,6.324000000000012
1772222266425686530,2026-02-27 14:57:46.425,8.19348,-2.04577,-27.7809,0.083566,-0.675538,0.076822,6.325000000000003
1772222266426866230,2026-02-27 14:57:46.426,7.66764,-1.88686,-28.5242,0.101513,-0.641553,0.072395,6.326000000000008
1772222266428063594,2026-02-27 14:57:46.428,7.3747,-1.79061,-28.8659,0.108315,-0.624452,0.068469,6.328000000000003
1772222266429261772,2026-02-27 14:57:46.429,7.07356,-1.67278,-29.3072,0.118444,-0.606567,0.067552,6.329000000000008
1772222266430471745,2026-02-27 14:57:46.430,6.83359,-1.58542,-30.516,0.125984,-0.589567,0.071887,6.3300000000000125
1772222266431559195,2026-02-27 14:57:46.431,6.50406,-1.48578,-30.4577,0.138359,-0.572602,0.066186,6.331000000000003
1772222266432688068,2026-02-27 14:57:46.432,6.21395,-1.35671,-30.7176,0.148644,-0.556346,0.062407,6.332000000000008
1772222266433842485,2026-02-27 14:57:46.433,5.71353,-1.14607,-30.7846,0.169447,-0.525139,0.051206,6.333000000000013
1772222266435040658,2026-02-27 14:57:46.435,5.46214,-0.971444,-30.9981,0.180399,-0.509689,0.04983,6.335000000000008
1772222266436236641,2026-02-27 14:57:46.436,5.25251,-0.802747,-31.258,0.192687,-0.495738,0.046317,6.336000000000013
1772222266437416766,2026-02-27 14:57:46.437,5.00967,-0.630509,-31.5995,0.206882,-0.481968,0.042821,6.337000000000003
1772222266438576878,2026-02-27 14:57:46.438,4.71533,-0.516604,-30.7741,0.210825,-0.469135,0.031436,6.338000000000008
1772222266439706744,2026-02-27 14:57:46.439,4.57191,-0.398943,-31.2382,0.225366,-0.456932,0.031449,6.338999999999999
1772222266440856146,2026-02-27 14:57:46.440,4.22623,-0.126419,-31.9947,0.245854,-0.434693,0.032543,6.340000000000003
1772222266442053397,2026-02-27 14:57:46.442,4.01837,-0.021529,-32.577,0.25826,-0.421967,0.031613,6.341999999999999
1772222266443252283,2026-02-27 14:57:46.443,3.76874,0.155961,-32.7025,0.266653,-0.409536,0.028996,6.3430000000000035
1772222266444449306,2026-02-27 14:57:46.444,3.63255,0.382656,-32.883,0.283669,-0.396362,0.026268,6.344000000000008
1772222266445563269,2026-02-27 14:57:46.445,3.41686,0.542253,-32.9667,0.294911,-0.385254,0.023724,6.344999999999999
1772222266446690668,2026-02-27 14:57:46.446,3.18795,0.678032,-33.8847,0.305436,-0.37222,0.027293,6.346000000000004
1772222266447838816,2026-02-27 14:57:46.447,2.83504,0.981102,-34.1998,0.334064,-0.347106,0.023653,6.347000000000008
1772222266449029062,2026-02-27 14:57:46.449,2.58945,1.13709,-33.7885,0.343431,-0.335037,0.016858,6.349000000000004
1772222266450224206,2026-02-27 14:57:46.450,2.38129,1.28887,-33.5733,0.356333,-0.322743,0.012353,6.3500000000000085
1772222266451418869,2026-02-27 14:57:46.451,2.2181,1.46642,-33.4916,0.369106,-0.311285,0.009694,6.350999999999999
1772222266452559727,2026-02-27 14:57:46.452,2.07852,1.64659,-33.5938,0.380282,-0.299348,0.007095,6.352000000000004
1772222266453689450,2026-02-27 14:57:46.453,1.89698,1.83465,-33.7293,0.385623,-0.287693,0.002892,6.353000000000009
1772222266454850128,2026-02-27 14:57:46.454,1.80496,1.9223,-33.3611,0.401486,-0.277984,0.000392,6.353999999999999
1772222266456026934,2026-02-27 14:57:46.456,1.45274,2.24624,-33.1278,0.418362,-0.25815,-0.006947,6.356000000000009
1772222266457221747,2026-02-27 14:57:46.457,1.31997,2.39468,-33.348,0.425369,-0.249248,-0.007325,6.356999999999999
1772222266458358001,2026-02-27 14:57:46.458,1.21251,2.45221,-33.7731,0.437854,-0.243679,-0.004084,6.358000000000004
1772222266459537503,2026-02-27 14:57:46.459,1.1642,2.63602,-33.9834,0.440704,-0.236369,-0.006044,6.359000000000009
1772222266460677263,2026-02-27 14:57:46.460,1.03531,2.68689,-33.9605,0.453226,-0.230721,-0.005966,6.359999999999999
1772222266461838716,2026-02-27 14:57:46.461,0.84008,2.83814,-34.1477,0.456301,-0.222023,-0.008717,6.361000000000004
1772222266463012545,2026-02-27 14:57:46.463,0.63592,3.04288,-35.2653,0.481223,-0.207711,-0.001748,6.3629999999999995
1772222266464210643,2026-02-27 14:57:46.464,0.503488,3.14264,-35.1464,0.491253,-0.20133,-0.007205,6.364000000000004
1772222266465407150,2026-02-27 14:57:46.465,0.351137,3.23634,-35.2963,0.499504,-0.192996,-0.009024,6.365000000000009
1772222266466639863,2026-02-27 14:57:46.466,0.222749,3.28167,-35.0067,0.507265,-0.185925,-0.015758,6.366
1772222266467786557,2026-02-27 14:57:46.467,0.059173,3.44698,-35.0379,0.508914,-0.177609,-0.020593,6.367000000000004
1772222266468960826,2026-02-27 14:57:46.468,-0.221918,3.55699,-35.514,0.527449,-0.162037,-0.021975,6.368000000000009
1772222266470151449,2026-02-27 14:57:46.470,-0.338175,3.66327,-35.7067,0.534248,-0.154477,-0.026627,6.3700000000000045
1772222266471346883,2026-02-27 14:57:46.471,-0.479016,3.68212,-35.1759,0.544433,-0.14746,-0.032756,6.371000000000009
1772222266472555569,2026-02-27 14:57:46.472,-0.620455,3.75821,-35.2849,0.54539,-0.142482,-0.031894,6.372
1772222266473684360,2026-02-27 14:57:46.473,-0.720919,3.75624,-35.6706,0.551696,-0.134206,-0.031828,6.373000000000005
1772222266474842192,2026-02-27 14:57:46.474,-0.880023,3.82532,-36.518,0.555058,-0.126777,-0.030072,6.374000000000009
1772222266476021668,2026-02-27 14:57:46.476,-1.1088,3.87773,-37.4152,0.571542,-0.114055,-0.029398,6.376000000000005
1772222266477218950,2026-02-27 14:57:46.477,-1.26099,3.89141,-37.6764,0.573356,-0.107571,-0.030147,6.3770000000000095
1772222266478414878,2026-02-27 14:57:46.478,-1.38784,3.94052,-37.9382,0.576747,-0.101258,-0.030643,6.378
1772222266479568934,2026-02-27 14:57:46.479,-1.47879,3.90493,-38.4867,0.578213,-0.095629,-0.027763,6.379000000000005
1772222266480698080,2026-02-27 14:57:46.480,-1.57979,3.92873,-39.3951,0.579658,-0.091123,-0.02289,6.38000000000001
1772222266481855932,2026-02-27 14:57:46.481,-1.75834,3.92342,-39.4324,0.584949,-0.084803,-0.02664,6.381
1772222266483038639,2026-02-27 14:57:46.483,-2.09952,3.93253,-39.4342,0.584341,-0.069825,-0.033299,6.38300000000001
1772222266484233211,2026-02-27 14:57:46.484,-2.0793,3.91199,-39.5396,0.586869,-0.064308,-0.035546,6.384
1772222266485428519,2026-02-27 14:57:46.485,-2.26116,3.90747,-39.8427,0.589811,-0.056128,-0.036099,6.385000000000005
1772222266486558404,2026-02-27 14:57:46.486,-2.37549,3.86441,-40.0342,0.588401,-0.049354,-0.038216,6.38600000000001
1772222266487685133,2026-02-27 14:57:46.487,-2.51176,3.81922,-40.3787,0.590139,-0.042875,-0.038627,6.3870000000000005
1772222266488846590,2026-02-27 14:57:46.488,-2.64211,3.81266,-39.5842,0.58987,-0.035715,-0.04827,6.388000000000005
1772222266490026282,2026-02-27 14:57:46.490,-2.86852,3.74661,-40.4783,0.587664,-0.022859,-0.045918,6.390000000000001
1772222266491219837,2026-02-27 14:57:46.491,-2.99195,3.71275,-41.2406,0.586449,-0.016117,-0.041714,6.391000000000005
1772222266492413661,2026-02-27 14:57:46.492,-3.13316,3.62225,-41.6728,0.584268,-0.01051,-0.04141,6.39200000000001
1772222266493570323,2026-02-27 14:57:46.493,-3.35053,3.65321,-42.0106,0.57963,-0.001412,-0.043397,6.393000000000001
1772222266494699589,2026-02-27 14:57:46.494,-3.45274,3.58713,-42.1953,0.583889,0.005461,-0.043063,6.3940000000000055
1772222266495847540,2026-02-27 14:57:46.495,-3.64643,3.58623,-42.5545,0.581984,0.015605,-0.044624,6.39500000000001
1772222266497035272,2026-02-27 14:57:46.497,-3.87148,3.471,-43.9393,0.582238,0.029332,-0.038687,6.397000000000006
1772222266498225591,2026-02-27 14:57:46.498,-4.0092,3.43956,-44.0288,0.5783,0.037121,-0.04101,6.39800000000001
1772222266499420832,2026-02-27 14:57:46.499,-4.15365,3.36223,-43.8841,0.580579,0.04429,-0.044581,6.399000000000001
1772222266500566543,2026-02-27 14:57:46.500,-4.35364,3.31512,-43.8621,0.577091,0.053631,-0.045334,6.400000000000006
1772222266501695264,2026-02-27 14:57:46.501,-4.5244,3.31637,-44.1754,0.57785,0.064296,-0.047475,6.4010000000000105
1772222266502878741,2026-02-27 14:57:46.502,-4.67769,3.27645,-44.5552,0.577025,0.073672,-0.048844,6.402000000000001
1772222266504065821,2026-02-27 14:57:46.504,-4.98248,3.18122,-44.8479,0.576711,0.088821,-0.05766,6.404000000000011
1772222266505257147,2026-02-27 14:57:46.505,-5.17992,3.16567,-44.549,0.576797,0.096898,-0.063277,6.405000000000001
1772222266506469171,2026-02-27 14:57:46.506,-5.27791,3.10044,-45.2238,0.576401,0.103177,-0.059886,6.406000000000006
1772222266507561187,2026-02-27 14:57:46.507,-5.41757,3.07639,-45.7647,0.574324,0.108701,-0.058536,6.407000000000011
1772222266508687722,2026-02-27 14:57:46.508,-5.56035,3.0415,-46.5267,0.573386,0.112695,-0.054487,6.408000000000001
1772222266509885616,2026-02-27 14:57:46.509,-5.65909,3.0243,-46.8726,0.572125,0.119033,-0.054752,6.409000000000006
1772222266511071842,2026-02-27 14:57:46.511,-5.98211,3.00856,-47.4706,0.573821,0.134627,-0.05724,6.411000000000001
1772222266512264759,2026-02-27 14:57:46.512,-6.09252,3.01174,-47.7124,0.577254,0.142853,-0.057573,6.412000000000006
1772222266513471960,2026-02-27 14:57:46.513,-6.24551,2.99607,-48.9039,0.578931,0.150779,-0.049904,6.413000000000011
1772222266514567253,2026-02-27 14:57:46.514,-6.36032,3.03192,-48.7081,0.582395,0.159217,-0.054891,6.4140000000000015
1772222266515695959,2026-02-27 14:57:46.515,-6.55502,3.10032,-48.9872,0.585186,0.167991,-0.056037,6.415000000000006
1772222266516872561,2026-02-27 14:57:46.516,-6.74139,3.07733,-48.6497,0.586538,0.176703,-0.061199,6.416000000000011
1772222266518052034,2026-02-27 14:57:46.518,-7.04435,3.09285,-48.8933,0.592178,0.195299,-0.06772,6.418000000000006
1772222266519234370,2026-02-27 14:57:46.519,-7.11829,3.19414,-49.062,0.60249,0.201872,-0.066316,6.419000000000011
1772222266520434557,2026-02-27 14:57:46.520,-7.20271,3.25128,-49.1133,0.605071,0.207691,-0.067793,6.420000000000002
1772222266521568855,2026-02-27 14:57:46.521,-7.30479,3.361,-48.3428,0.611474,0.215414,-0.076416,6.4210000000000065
1772222266522698540,2026-02-27 14:57:46.522,-7.53748,3.39804,-48.636,0.61819,0.227186,-0.075178,6.422000000000011
1772222266523895900,2026-02-27 14:57:46.523,-7.66804,3.46165,-48.8951,0.624614,0.23634,-0.075855,6.423000000000002
1772222266525031430,2026-02-27 14:57:46.525,-7.89742,3.61032,-50.1144,0.639746,0.252762,-0.072613,6.425000000000011
1772222266526224363,2026-02-27 14:57:46.526,-8.00629,3.71371,-50.2287,0.647143,0.259857,-0.073576,6.426000000000002
1772222266527361671,2026-02-27 14:57:46.527,-8.05251,3.78127,-50.3001,0.652446,0.266108,-0.074816,6.427000000000007
1772222266528574599,2026-02-27 14:57:46.528,-8.12074,3.81595,-50.4952,0.660052,0.270115,-0.075834,6.4280000000000115
1772222266529701680,2026-02-27 14:57:46.529,-8.10733,3.87477,-51.0232,0.664903,0.271968,-0.072609,6.429000000000002
1772222266530879612,2026-02-27 14:57:46.530,-8.16758,3.84885,-51.7011,0.668685,0.271009,-0.068597,6.430000000000007
1772222266532064845,2026-02-27 14:57:46.532,-8.22308,4.05951,-51.375,0.679612,0.272733,-0.074475,6.432000000000002
1772222266533235200,2026-02-27 14:57:46.533,-8.25779,4.16162,-51.2509,0.687796,0.273088,-0.077583,6.433000000000007
1772222266534433590,2026-02-27 14:57:46.534,-8.2605,4.16344,-51.2155,0.694652,0.272716,-0.079547,6.434000000000012
1772222266535558952,2026-02-27 14:57:46.535,-8.24151,4.23737,-51.3391,0.699381,0.272004,-0.079049,6.435000000000002
1772222266536790855,2026-02-27 14:57:46.536,-8.30235,4.32567,-51.4818,0.70636,0.270873,-0.078882,6.436000000000007
1772222266538006593,2026-02-27 14:57:46.538,-8.3659,4.42751,-51.5514,0.710234,0.272163,-0.080688,6.438000000000002
1772222266539185170,2026-02-27 14:57:46.539,-8.35086,4.58882,-51.0286,0.728374,0.268266,-0.085009,6.439000000000007
1772222266540365946,2026-02-27 14:57:46.540,-8.29869,4.69297,-51.0884,0.731429,0.267401,-0.084937,6.440000000000012
1772222266541577822,2026-02-27 14:57:46.541,-8.26861,4.76353,-51.6405,0.739604,0.266374,-0.080975,6.4410000000000025
1772222266542707508,2026-02-27 14:57:46.542,-8.26109,4.796,-51.7139,0.741414,0.264605,-0.079016,6.442000000000007
1772222266543889115,2026-02-27 14:57:46.543,-8.20749,4.91612,-51.7657,0.74979,0.263601,-0.079887,6.443000000000012
1772222266545071111,2026-02-27 14:57:46.545,-8.18979,4.95522,-51.7371,0.754649,0.263776,-0.080828,6.445000000000007
1772222266546254175,2026-02-27 14:57:46.546,-8.17052,5.14764,-52.5862,0.763543,0.264969,-0.071849,6.446000000000012
1772222266547435984,2026-02-27 14:57:46.547,-8.25633,5.22736,-52.3836,0.76859,0.266698,-0.074769,6.447000000000003
1772222266548615511,2026-02-27 14:57:46.548,-8.26653,5.29674,-52.3364,0.773625,0.268653,-0.075477,6.4480000000000075
1772222266549746584,2026-02-27 14:57:46.549,-8.30255,5.30885,-51.8868,0.776755,0.272423,-0.081815,6.449000000000012
1772222266550950531,2026-02-27 14:57:46.550,-8.3383,5.37562,-51.6228,0.784715,0.274252,-0.084463,6.450000000000003
1772222266552132474,2026-02-27 14:57:46.552,-8.36836,5.46786,-51.5701,0.7938,0.279725,-0.085753,6.452000000000012
1772222266553302051,2026-02-27 14:57:46.553,-8.42679,5.5005,-51.5684,0.794273,0.280764,-0.086134,6.453000000000003
1772222266554484283,2026-02-27 14:57:46.554,-8.48315,5.54315,-51.0467,0.797893,0.283366,-0.091093,6.454000000000008
1772222266555614574,2026-02-27 14:57:46.555,-8.54874,5.57743,-50.8048,0.800389,0.285134,-0.093868,6.4550000000000125
1772222266556746681,2026-02-27 14:57:46.556,-8.50527,5.56125,-51.0209,0.798959,0.279874,-0.09205,6.456000000000003
1772222266557899089,2026-02-27 14:57:46.557,-8.52178,5.5151,-51.6473,0.801106,0.285704,-0.089463,6.457000000000008
1772222266559081937,2026-02-27 14:57:46.559,-8.54471,5.51383,-52.3257,0.803176,0.286865,-0.085313,6.459000000000003
1772222266560258278,2026-02-27 14:57:46.560,-8.5248,5.43742,-52.4838,0.80201,0.285883,-0.086104,6.460000000000008
1772222266561435111,2026-02-27 14:57:46.561,-8.52334,5.35921,-52.5527,0.799483,0.282374,-0.085118,6.461000000000013
1772222266562565264,2026-02-27 14:57:46.562,-8.48196,5.32331,-52.8458,0.801168,0.280089,-0.083759,6.462000000000003
1772222266563695092,2026-02-27 14:57:46.563,-8.45816,5.18817,-53.9268,0.795082,0.276382,-0.074475,6.463000000000008
1772222266564855599,2026-02-27 14:57:46.564,-8.38438,5.14955,-53.7045,0.792061,0.27219,-0.077407,6.463999999999999
1772222266566048505,2026-02-27 14:57:46.566,-8.4217,5.0612,-53.9112,0.788747,0.268602,-0.07735,6.466000000000008
1772222266567253273,2026-02-27 14:57:46.567,-8.35001,4.84497,-53.6095,0.778004,0.261277,-0.080449,6.466999999999999
1772222266568429230,2026-02-27 14:57:46.568,-8.38056,4.6903,-53.9163,0.770608,0.255555,-0.077764,6.4680000000000035
1772222266569549756,2026-02-27 14:57:46.569,-8.29757,4.59895,-54.064,0.765504,0.251132,-0.077129,6.469000000000008
1772222266570676815,2026-02-27 14:57:46.570,-8.26235,4.47042,-54.3153,0.761997,0.246198,-0.07629,6.469999999999999
1772222266571856005,2026-02-27 14:57:46.571,-8.27385,4.34766,-53.4814,0.752891,0.240464,-0.083044,6.471000000000004
1772222266573039717,2026-02-27 14:57:46.573,-8.18271,4.05882,-54.2398,0.735255,0.233036,-0.080086,6.472999999999999
1772222266574217156,2026-02-27 14:57:46.574,-8.16337,3.93902,-55.0708,0.730993,0.230639,-0.074693,6.474000000000004
1772222266575396933,2026-02-27 14:57:46.575,-8.05265,3.81739,-55.6263,0.72853,0.226142,-0.070628,6.4750000000000085
1772222266576550528,2026-02-27 14:57:46.576,-8.01321,3.60159,-55.7367,0.716663,0.221639,-0.069943,6.475999999999999
1772222266577810635,2026-02-27 14:57:46.577,-7.98129,3.50595,-56.0116,0.709807,0.218224,-0.068763,6.477000000000004
1772222266578992722,2026-02-27 14:57:46.578,-7.90469,3.2889,-56.1933,0.699564,0.211687,-0.066365,6.478000000000009
1772222266580167788,2026-02-27 14:57:46.580,-7.84152,3.01972,-57.5806,0.683748,0.205304,-0.054307,6.480000000000004
1772222266581343291,2026-02-27 14:57:46.581,-7.82357,2.90023,-57.5562,0.673856,0.199885,-0.055563,6.481000000000009
1772222266582555553,2026-02-27 14:57:46.582,-7.77992,2.78025,-57.3238,0.664368,0.195197,-0.057363,6.481999999999999
1772222266583687115,2026-02-27 14:57:46.583,-7.81502,2.52926,-57.2193,0.649595,0.187007,-0.058891,6.483000000000004
1772222266584859391,2026-02-27 14:57:46.584,-7.63196,2.41353,-57.2026,0.643845,0.181431,-0.058232,6.484000000000009
1772222266586043120,2026-02-27 14:57:46.586,-7.58871,2.2957,-57.2908,0.636234,0.176742,-0.057605,6.486000000000004
1772222266587215532,2026-02-27 14:57:46.587,-7.59452,2.05693,-57.6071,0.621554,0.171867,-0.060063,6.487000000000009
1772222266588392277,2026-02-27 14:57:46.588,-7.58155,1.97986,-57.038,0.619268,0.171246,-0.066245,6.4879999999999995
1772222266589541725,2026-02-27 14:57:46.589,-7.57687,1.89851,-57.7739,0.61595,0.170511,-0.062912,6.489000000000004
1772222266590672667,2026-02-27 14:57:46.590,-7.56203,1.79163,-58.1476,0.612565,0.170379,-0.061972,6.490000000000009
1772222266591828382,2026-02-27 14:57:46.591,-7.61026,1.70868,-58.8977,0.606206,0.16954,-0.056758,6.491
1772222266593004384,2026-02-27 14:57:46.593,-7.65076,1.56847,-59.2597,0.600545,0.169053,-0.054773,6.493000000000009
1772222266594208269,2026-02-27 14:57:46.594,-7.72851,1.44995,-59.534,0.591761,0.16818,-0.054047,6.494
1772222266595386551,2026-02-27 14:57:46.595,-7.72825,1.39577,-59.7135,0.589111,0.171068,-0.054702,6.4950000000000045
1772222266596540939,2026-02-27 14:57:46.596,-7.81778,1.30016,-60.9732,0.586714,0.1745,-0.046101,6.496000000000009
1772222266597672124,2026-02-27 14:57:46.597,-7.89866,1.27415,-60.9059,0.586502,0.178108,-0.050362,6.497
1772222266598844298,2026-02-27 14:57:46.598,-7.91444,1.27479,-60.9807,0.585214,0.183644,-0.051358,6.498000000000005
1772222266600040280,2026-02-27 14:57:46.600,-8.1074,1.25938,-60.7624,0.577828,0.189801,-0.057577,6.5
1772222266601213697,2026-02-27 14:57:46.601,-8.21195,1.21192,-60.5446,0.579706,0.194812,-0.059808,6.501000000000005
1772222266602398269,2026-02-27 14:57:46.602,-8.48519,1.24832,-60.7961,0.582538,0.210817,-0.062087,6.5020000000000095
1772222266603559882,2026-02-27 14:57:46.603,-8.62472,1.27836,-60.9205,0.587806,0.222875,-0.064693,6.503
1772222266604692776,2026-02-27 14:57:46.604,-8.8509,1.3378,-60.3298,0.58914,0.235041,-0.074398,6.504000000000005
1772222266605866883,2026-02-27 14:57:46.605,-9.02547,1.38819,-60.2143,0.594198,0.246784,-0.076413,6.50500000000001
1772222266607039034,2026-02-27 14:57:46.607,-9.15543,1.42923,-60.4797,0.597268,0.259063,-0.079359,6.507000000000005
1772222266608212857,2026-02-27 14:57:46.608,-9.36472,1.53556,-61.0029,0.597315,0.271383,-0.077517,6.50800000000001
1772222266609400381,2026-02-27 14:57:46.609,-9.67401,1.6536,-61.5074,0.612625,0.292644,-0.077765,6.509
1772222266610544360,2026-02-27 14:57:46.610,-9.81729,1.73747,-61.6322,0.618902,0.303635,-0.080302,6.510000000000005
1772222266611673066,2026-02-27 14:57:46.611,-9.91802,1.81782,-61.6223,0.62261,0.311297,-0.081727,6.51100000000001
1772222266612847715,2026-02-27 14:57:46.612,-10.1061,1.94936,-61.9063,0.62843,0.320041,-0.081927,6.5120000000000005
1772222266614048789,2026-02-27 14:57:46.614,-10.1865,2.05291,-62.744,0.636025,0.329522,-0.077997,6.51400000000001
1772222266615234219,2026-02-27 14:57:46.615,-10.302,2.12764,-62.5079,0.643314,0.334651,-0.082811,6.515000000000001
1772222266616374272,2026-02-27 14:57:46.616,-10.5564,2.32015,-62.2466,0.658769,0.348223,-0.091266,6.516000000000005
1772222266617546450,2026-02-27 14:57:46.617,-10.6432,2.44616,-62.2373,0.668033,0.353008,-0.095506,6.51700000000001
1772222266618676682,2026-02-27 14:57:46.618,-10.7459,2.61308,-62.3645,0.679134,0.359672,-0.097429,6.518000000000001
1772222266619849120,2026-02-27 14:57:46.619,-10.8563,2.73975,-62.4425,0.684722,0.363024,-0.097913,6.5190000000000055
1772222266621049193,2026-02-27 14:57:46.621,-10.9081,2.86594,-62.5798,0.691726,0.365529,-0.101626,6.521000000000001
1772222266622231338,2026-02-27 14:57:46.622,-10.9867,2.99791,-61.7847,0.705134,0.371571,-0.110492,6.522000000000006
1772222266623407857,2026-02-27 14:57:46.623,-11.2866,3.23,-62.3941,0.716947,0.380202,-0.110838,6.52300000000001
1772222266624545800,2026-02-27 14:57:46.624,-11.3009,3.40013,-63.0772,0.736159,0.385886,-0.10802,6.524000000000001
1772222266625676280,2026-02-27 14:57:46.625,-11.5266,3.53911,-63.5079,0.745507,0.393875,-0.107549,6.525000000000006
1772222266626870881,2026-02-27 14:57:46.626,-11.6264,3.7175,-63.7706,0.758318,0.403,-0.110397,6.5260000000000105
1772222266628067354,2026-02-27 14:57:46.628,-11.8436,3.81303,-63.8908,0.764249,0.412827,-0.113941,6.528000000000006
1772222266629249368,2026-02-27 14:57:46.629,-11.9731,3.96306,-63.9959,0.7739,0.418928,-0.116295,6.529000000000011
1772222266630433798,2026-02-27 14:57:46.630,-12.2238,4.35455,-65.1022,0.797494,0.43737,-0.111203,6.530000000000001
1772222266631584052,2026-02-27 14:57:46.631,-12.3538,4.5538,-65.083,0.812376,0.443964,-0.113573,6.531000000000006
1772222266632713501,2026-02-27 14:57:46.632,-12.5804,4.69719,-64.9413,0.822937,0.457797,-0.119467,6.532000000000011
1772222266633887709,2026-02-27 14:57:46.633,-12.8464,4.8435,-64.904,0.839289,0.474458,-0.124675,6.533000000000001
1772222266635085943,2026-02-27 14:57:46.635,-13.0776,5.05502,-65.0537,0.860317,0.490289,-0.129005,6.535000000000011
1772222266636257053,2026-02-27 14:57:46.636,-13.2667,5.2948,-65.3273,0.876706,0.504281,-0.133268,6.536000000000001
1772222266637429421,2026-02-27 14:57:46.637,-13.7209,5.50405,-65.1896,0.896556,0.529587,-0.141539,6.537000000000006
1772222266638538400,2026-02-27 14:57:46.638,-13.9261,5.68388,-64.7157,0.907788,0.543067,-0.14829,6.538000000000011
1772222266639667848,2026-02-27 14:57:46.639,-14.1156,5.73485,-65.0942,0.908829,0.550496,-0.149948,6.5390000000000015
1772222266640818200,2026-02-27 14:57:46.640,-14.129,5.78771,-65.2974,0.91208,0.55426,-0.149798,6.540000000000006
1772222266642020363,2026-02-27 14:57:46.642,-14.2218,5.83895,-65.6958,0.917373,0.55838,-0.144761,6.542000000000002
1772222266643216118,2026-02-27 14:57:46.643,-14.4232,5.95277,-65.9106,0.918845,0.572875,-0.143179,6.543000000000006
1772222266644391909,2026-02-27 14:57:46.644,-14.9657,6.17087,-66.2843,0.940157,0.606353,-0.147923,6.544000000000011
1772222266645533811,2026-02-27 14:57:46.645,-15.3676,6.22977,-66.5557,0.949169,0.624111,-0.153442,6.545000000000002
1772222266646663690,2026-02-27 14:57:46.646,-15.6048,6.29736,-67.6361,0.9543,0.642072,-0.146978,6.5460000000000065
1772222266647845032,2026-02-27 14:57:46.647,-15.8643,6.29125,-67.2735,0.958622,0.65682,-0.152744,6.547000000000011
1772222266649022342,2026-02-27 14:57:46.649,-15.9662,6.34865,-67.4317,0.960859,0.669509,-0.153311,6.549000000000007
1772222266650205374,2026-02-27 14:57:46.650,-16.3753,6.36347,-67.0865,0.961634,0.694496,-0.163062,6.550000000000011
1772222266651385708,2026-02-27 14:57:46.651,-16.575,6.32966,-67.3456,0.9628,0.706061,-0.167316,6.551000000000002
1772222266652559286,2026-02-27 14:57:46.652,-16.6739,6.28558,-67.4607,0.957489,0.70745,-0.168975,6.552000000000007
1772222266653691771,2026-02-27 14:57:46.653,-16.7166,6.2561,-67.5321,0.952988,0.710731,-0.167654,6.5530000000000115
1772222266654848872,2026-02-27 14:57:46.654,-16.8342,6.20675,-66.8963,0.953971,0.720599,-0.171449,6.554000000000002
1772222266656028959,2026-02-27 14:57:46.656,-17.0752,6.18182,-67.2373,0.95828,0.732791,-0.169255,6.556000000000012
1772222266657214799,2026-02-27 14:57:46.657,-17.242,6.09944,-67.6873,0.95813,0.742377,-0.172376,6.557000000000002
1772222266658397601,2026-02-27 14:57:46.658,-17.6384,5.91044,-69.1994,0.954741,0.760993,-0.169378,6.558000000000007
1772222266659539351,2026-02-27 14:57:46.659,-17.7173,5.81454,-69.6111,0.95749,0.768107,-0.168594,6.559000000000012
1772222266660668236,2026-02-27 14:57:46.660,-17.707,5.77106,-69.8469,0.950996,0.771445,-0.167017,6.560000000000002
1772222266661828303,2026-02-27 14:57:46.661,-17.8295,5.60967,-70.1347,0.943492,0.772134,-0.167362,6.561000000000007
1772222266663006077,2026-02-27 14:57:46.663,-17.8312,5.43079,-70.7506,0.935941,0.771969,-0.163895,6.563000000000002
1772222266664188760,2026-02-27 14:57:46.664,-17.8422,5.32532,-71.5827,0.927523,0.771661,-0.158597,6.564000000000007
1772222266665367307,2026-02-27 14:57:46.665,-17.826,5.12108,-71.5949,0.913811,0.767766,-0.160662,6.565000000000012
1772222266666538263,2026-02-27 14:57:46.666,-17.8025,4.94681,-71.4258,0.906498,0.763083,-0.162042,6.5660000000000025
1772222266667667708,2026-02-27 14:57:46.667,-17.736,4.82804,-71.4779,0.897343,0.760372,-0.16382,6.567000000000007
1772222266668827622,2026-02-27 14:57:46.668,-17.7531,4.74381,-71.7142,0.892119,0.757472,-0.162344,6.568000000000012
1772222266670013257,2026-02-27 14:57:46.670,-17.6952,4.6024,-71.9524,0.884973,0.752263,-0.160522,6.570000000000007
1772222266671183389,2026-02-27 14:57:46.671,-17.6565,4.53616,-72.1415,0.880622,0.748571,-0.159866,6.571000000000012
1772222266672365001,2026-02-27 14:57:46.672,-17.5179,4.27009,-71.9053,0.865055,0.737371,-0.162468,6.572000000000003
1772222266673552361,2026-02-27 14:57:46.673,-17.479,4.15688,-72.0789,0.859065,0.731728,-0.161194,6.5730000000000075
1772222266674682905,2026-02-27 14:57:46.674,-17.3861,3.99925,-72.8339,0.852037,0.725735,-0.154972,6.574000000000012
1772222266675840575,2026-02-27 14:57:46.675,-17.2909,3.92186,-73.1378,0.847308,0.719147,-0.152247,6.575000000000003
1772222266677019746,2026-02-27 14:57:46.677,-17.1892,3.77377,-73.2485,0.838581,0.711909,-0.15124,6.577000000000012
1772222266678202441,2026-02-27 14:57:46.678,-17.095,3.66809,-73.4223,0.831731,0.70187,-0.149945,6.578000000000003
1772222266679383031,2026-02-27 14:57:46.679,-16.8341,3.44515,-74.4987,0.818164,0.686534,-0.138263,6.579000000000008
1772222266680498352,2026-02-27 14:57:46.680,-16.7068,3.31619,-74.571,0.810254,0.678729,-0.136786,6.5800000000000125
1772222266681628355,2026-02-27 14:57:46.681,-16.6602,3.2009,-74.6539,0.805583,0.671055,-0.136904,6.581000000000003
1772222266682786162,2026-02-27 14:57:46.682,-16.5547,3.13099,-74.0905,0.796905,0.663436,-0.139323,6.582000000000008
1772222266683958342,2026-02-27 14:57:46.683,-16.5343,3.01339,-73.862,0.788672,0.655431,-0.140607,6.583000000000013
1772222266685141881,2026-02-27 14:57:46.685,-16.4057,2.94517,-73.7673,0.786421,0.650601,-0.139359,6.585000000000008
1772222266686327130,2026-02-27 14:57:46.686,-16.1686,2.87797,-73.4061,0.773911,0.635647,-0.135739,6.586000000000013
1772222266687523463,2026-02-27 14:57:46.687,-16.1257,2.86786,-72.0238,0.756212,0.62201,-0.136456,6.587000000000003
1772222266688818482,2026-02-27 14:57:46.688,-15.732,3.2802,-68.2515,0.715264,0.564256,-0.1207,6.588000000000008
1772222266689999993,2026-02-27 14:57:46.690,-14.1876,3.14633,-64.2549,0.66256,0.489337,-0.086755,6.590000000000003
1772222266691198491,2026-02-27 14:57:46.691,-13.2373,2.54212,-67.4683,0.751433,0.558417,-0.103094,6.591000000000008
1772222266692386275,2026-02-27 14:57:46.692,-14.0356,3.23448,-69.2413,0.776318,0.563864,-0.135691,6.591999999999999
1772222266693541687,2026-02-27 14:57:46.693,-14.6598,3.47523,-70.4966,0.799358,0.584227,-0.136999,6.5930000000000035
1772222266694671825,2026-02-27 14:57:46.694,-14.5078,3.38076,-70.6752,0.792913,0.578583,-0.128315,6.594000000000008
1772222266695846265,2026-02-27 14:57:46.695,-14.5256,3.18465,-71.0556,0.786512,0.573836,-0.123559,6.594999999999999
1772222266697043520,2026-02-27 14:57:46.697,-14.7015,2.91702,-72.5693,0.781093,0.571405,-0.114051,6.597000000000008
1772222266698245297,2026-02-27 14:57:46.698,-14.8861,2.6737,-72.6234,0.768493,0.571753,-0.119504,6.597999999999999
1772222266699428608,2026-02-27 14:57:46.699,-14.9534,2.51596,-72.8094,0.759763,0.570922,-0.116621,6.599000000000004
1772222266700549777,2026-02-27 14:57:46.700,-14.8868,2.26714,-71.9144,0.727715,0.563923,-0.114946,6.6000000000000085
1772222266701680969,2026-02-27 14:57:46.701,-14.7677,2.19028,-71.7616,0.716302,0.557098,-0.113827,6.600999999999999
1772222266702856517,2026-02-27 14:57:46.702,-14.5692,2.15211,-71.6405,0.708524,0.548891,-0.113721,6.602000000000004
1772222266704057101,2026-02-27 14:57:46.704,-14.4469,2.03903,-71.4631,0.701748,0.542808,-0.112951,6.603999999999999
1772222266705252250,2026-02-27 14:57:46.705,-14.3027,2.07166,-70.3724,0.700501,0.538238,-0.120702,6.605000000000004
1772222266706434885,2026-02-27 14:57:46.706,-14.2285,2.05012,-70.3237,0.697507,0.534866,-0.118819,6.606000000000009
1772222266707586427,2026-02-27 14:57:46.707,-14.1265,1.87273,-70.5089,0.692054,0.526158,-0.112439,6.606999999999999
1772222266708714426,2026-02-27 14:57:46.708,-14.0224,1.75254,-70.5327,0.688058,0.521875,-0.108753,6.608000000000004
1772222266709887913,2026-02-27 14:57:46.709,-13.9642,1.68919,-70.3149,0.684468,0.518736,-0.107874,6.609000000000009
1772222266711084162,2026-02-27 14:57:46.711,-13.8911,1.63206,-70.0314,0.675453,0.516221,-0.107942,6.611000000000004
1772222266712283345,2026-02-27 14:57:46.712,-13.7662,1.51468,-69.6914,0.667059,0.511481,-0.107141,6.612000000000009
1772222266713477708,2026-02-27 14:57:46.713,-13.6969,1.46215,-69.8084,0.65534,0.509137,-0.102144,6.6129999999999995
1772222266714624331,2026-02-27 14:57:46.714,-13.5724,1.29644,-70.0506,0.64585,0.505201,-0.099589,6.614000000000004
1772222266715820330,2026-02-27 14:57:46.715,-13.416,1.15834,-68.8625,0.625231,0.498506,-0.104557,6.615000000000009
1772222266717023198,2026-02-27 14:57:46.717,-13.3398,1.03433,-68.4428,0.613533,0.494188,-0.106967,6.617000000000004
1772222266718228110,2026-02-27 14:57:46.718,-13.3071,0.969058,-68.0906,0.602153,0.490282,-0.108502,6.618000000000009
1772222266719417847,2026-02-27 14:57:46.719,-13.1933,0.859048,-68.0525,0.595052,0.485637,-0.108258,6.619
1772222266720549774,2026-02-27 14:57:46.720,-12.9808,0.618231,-67.6844,0.571649,0.472806,-0.109461,6.6200000000000045
1772222266721684048,2026-02-27 14:57:46.721,-12.963,0.527479,-66.7173,0.562202,0.466902,-0.117854,6.621000000000009
1772222266722867997,2026-02-27 14:57:46.722,-12.8559,0.40791,-66.9674,0.552655,0.461443,-0.114179,6.622
1772222266724048601,2026-02-27 14:57:46.724,-12.7217,0.305982,-66.9842,0.543041,0.454437,-0.115058,6.624000000000009
1772222266725249972,2026-02-27 14:57:46.725,-12.6444,0.189283,-67.5433,0.535683,0.448604,-0.110842,6.625
1772222266726437349,2026-02-27 14:57:46.726,-12.5442,0.124969,-67.5705,0.527225,0.441301,-0.110163,6.626000000000005
1772222266727587816,2026-02-27 14:57:46.727,-12.3413,-0.105726,-67.4418,0.508381,0.426154,-0.111997,6.6270000000000095
1772222266728720737,2026-02-27 14:57:46.728,-12.2032,-0.177119,-67.324,0.501582,0.419456,-0.111452,6.628
1772222266729899763,2026-02-27 14:57:46.729,-12.1686,-0.265649,-68.2016,0.494232,0.41326,-0.10224,6.629000000000005
1772222266731101188,2026-02-27 14:57:46.731,-12.015,-0.379043,-67.801,0.484973,0.405067,-0.104589,6.631
1772222266732299987,2026-02-27 14:57:46.732,-11.9642,-0.448805,-67.7785,0.478705,0.398234,-0.105314,6.632000000000005
1772222266733484186,2026-02-27 14:57:46.733,-11.9285,-0.482075,-67.1416,0.469902,0.392899,-0.109805,6.63300000000001
1772222266734600689,2026-02-27 14:57:46.734,-11.8687,-0.496441,-66.7213,0.464776,0.38869,-0.112009,6.634
1772222266735785438,2026-02-27 14:57:46.735,-11.7333,-0.570009,-66.3456,0.452844,0.383269,-0.113797,6.635000000000005
1772222266736984275,2026-02-27 14:57:46.736,-11.7411,-0.647338,-66.2047,0.448095,0.381974,-0.113838,6.63600000000001
1772222266738181789,2026-02-27 14:57:46.738,-11.8056,-0.648515,-65.4083,0.440752,0.382342,-0.120997,6.638000000000005
1772222266739381256,2026-02-27 14:57:46.739,-11.7223,-0.687035,-64.8883,0.4404,0.384876,-0.12232,6.63900000000001
1772222266740541517,2026-02-27 14:57:46.740,-11.8212,-0.670345,-65.1822,0.431857,0.391283,-0.118419,6.640000000000001
1772222266741677205,2026-02-27 14:57:46.741,-11.8824,-0.642039,-65.3234,0.430303,0.397023,-0.115575,6.641000000000005
1772222266742856067,2026-02-27 14:57:46.742,-11.9444,-0.630146,-65.1416,0.426772,0.401599,-0.115575,6.64200000000001
1772222266744057914,2026-02-27 14:57:46.744,-11.978,-0.604186,-65.0584,0.425651,0.408047,-0.115829,6.6440000000000055
1772222266745257253,2026-02-27 14:57:46.745,-11.9953,-0.603742,-64.7522,0.421486,0.413433,-0.116032,6.64500000000001
1772222266746476581,2026-02-27 14:57:46.746,-12.1038,-0.586478,-64.632,0.421174,0.421727,-0.115811,6.646000000000001
1772222266747617467,2026-02-27 14:57:46.747,-12.37,-0.534352,-64.8137,0.412706,0.435913,-0.113771,6.647000000000006
1772222266748809629,2026-02-27 14:57:46.748,-12.3845,-0.538236,-64.5973,0.415348,0.443199,-0.115408,6.64800000000001
1772222266750007657,2026-02-27 14:57:46.750,-12.4652,-0.470558,-63.9536,0.412327,0.44907,-0.120674,6.650000000000006
1772222266751206056,2026-02-27 14:57:46.751,-12.6251,-0.476104,-63.6896,0.409586,0.458322,-0.124054,6.6510000000000105
1772222266752404479,2026-02-27 14:57:46.752,-12.6999,-0.378769,-63.58,0.414112,0.466555,-0.124994,6.652000000000001
1772222266753538929,2026-02-27 14:57:46.753,-12.8628,-0.328239,-63.4754,0.412007,0.473815,-0.125823,6.653000000000006
1772222266754671778,2026-02-27 14:57:46.754,-13.1928,-0.170326,-62.31,0.413715,0.491983,-0.139452,6.654000000000011
1772222266755842003,2026-02-27 14:57:46.755,-13.3604,-0.03754,-62.5421,0.417625,0.502932,-0.138212,6.655000000000001
1772222266757014885,2026-02-27 14:57:46.757,-13.5427,0.018146,-62.5385,0.420399,0.51463,-0.138833,6.657000000000011
1772222266758218364,2026-02-27 14:57:46.758,-13.8288,0.152041,-63.0832,0.422142,0.527699,-0.13692,6.658000000000001
1772222266759418167,2026-02-27 14:57:46.759,-14.026,0.276739,-63.4944,0.425314,0.544653,-0.136299,6.659000000000006
1772222266760532931,2026-02-27 14:57:46.760,-14.5265,0.548126,-63.6835,0.442234,0.580891,-0.141283,6.660000000000011
1772222266761664401,2026-02-27 14:57:46.761,-14.8235,0.693387,-63.8138,0.449382,0.599984,-0.143164,6.661000000000001
1772222266762857087,2026-02-27 14:57:46.762,-15.1433,0.868245,-64.5749,0.458474,0.622015,-0.138745,6.662000000000006
1772222266764054472,2026-02-27 14:57:46.764,-15.5266,1.01119,-65.0009,0.462503,0.643973,-0.139354,6.6640000000000015
1772222266765252183,2026-02-27 14:57:46.765,-15.7374,1.15931,-64.942,0.479925,0.660011,-0.144549,6.665000000000006
1772222266766471228,2026-02-27 14:57:46.766,-16.1582,1.33171,-64.642,0.483938,0.685835,-0.147128,6.666000000000011
1772222266767608235,2026-02-27 14:57:46.767,-16.5045,1.51,-64.5577,0.495874,0.712466,-0.150352,6.667000000000002
1772222266768760192,2026-02-27 14:57:46.768,-17.5098,1.84709,-64.8309,0.52041,0.768773,-0.158617,6.668000000000006
1772222266769961873,2026-02-27 14:57:46.769,-17.9897,2.08529,-65.03,0.5361,0.797361,-0.162266,6.669000000000011
1772222266771161320,2026-02-27 14:57:46.771,-18.3875,2.24473,-65.0353,0.551733,0.823473,-0.167357,6.6710000000000065
1772222266772358741,2026-02-27 14:57:46.772,-18.8632,2.50641,-64.3118,0.566503,0.853884,-0.175019,6.672000000000011
1772222266773568536,2026-02-27 14:57:46.773,-19.3898,2.61569,-64.8396,0.574953,0.888428,-0.1723,6.673000000000002
1772222266774703500,2026-02-27 14:57:46.774,-20.5242,2.97418,-65.8397,0.600348,0.960562,-0.178321,6.674000000000007
1772222266775873724,2026-02-27 14:57:46.775,-21.0412,3.14206,-66.0349,0.610667,0.994641,-0.182821,6.675000000000011
1772222266777076539,2026-02-27 14:57:46.777,-21.5752,3.33515,-66.1936,0.621785,1.02962,-0.186633,6.677000000000007
1772222266778276444,2026-02-27 14:57:46.778,-22.0541,3.44992,-66.2815,0.631771,1.06218,-0.188759,6.6780000000000115
1772222266779486409,2026-02-27 14:57:46.779,-22.5479,3.65577,-66.3279,0.642049,1.09518,-0.191018,6.679000000000002
1772222266780698385,2026-02-27 14:57:46.780,-22.9363,3.72666,-67.4441,0.649961,1.12549,-0.185253,6.680000000000007
1772222266781918979,2026-02-27 14:57:46.781,-23.8663,4.07818,-67.4126,0.668284,1.18602,-0.193364,6.681000000000012
1772222266783121982,2026-02-27 14:57:46.783,-24.3109,4.24354,-67.1418,0.678777,1.21412,-0.200547,6.683000000000007
1772222266784321643,2026-02-27 14:57:46.784,-24.7544,4.37826,-67.1203,0.684138,1.24062,-0.207328,6.684000000000012
1772222266785538326,2026-02-27 14:57:46.785,-25.0789,4.5006,-67.3294,0.698884,1.26389,-0.209152,6.685000000000002
1772222266786669506,2026-02-27 14:57:46.786,-25.4592,4.73584,-67.6688,0.71569,1.3,-0.212599,6.686000000000007
1772222266787849526,2026-02-27 14:57:46.787,-25.5986,4.74404,-66.7307,0.713516,1.30114,-0.219536,6.687000000000012
1772222266789048465,2026-02-27 14:57:46.789,-25.8588,4.90555,-67.2884,0.732475,1.31817,-0.22395,6.689000000000007
1772222266790249497,2026-02-27 14:57:46.790,-26.1442,4.9833,-67.8529,0.742324,1.33475,-0.224738,6.690000000000012
1772222266791472505,2026-02-27 14:57:46.791,-26.2949,5.00843,-68.5427,0.753858,1.34602,-0.221528,6.6910000000000025
1772222266792607534,2026-02-27 14:57:46.792,-26.3398,5.05291,-68.9969,0.756894,1.34697,-0.217407,6.692000000000007
1772222266793740104,2026-02-27 14:57:46.793,-26.2247,5.13105,-68.96,0.759826,1.32755,-0.220048,6.693000000000012
1772222266794868019,2026-02-27 14:57:46.794,-26.094,5.10229,-69.3511,0.768758,1.33136,-0.212108,6.694000000000003
1772222266796069839,2026-02-27 14:57:46.796,-26.1723,5.13927,-69.9504,0.772297,1.32871,-0.207774,6.696000000000012
1772222266797267342,2026-02-27 14:57:46.797,-26.2122,5.08384,-70.9362,0.77614,1.32971,-0.200143,6.697000000000003
1772222266798479304,2026-02-27 14:57:46.798,-26.2111,5.0541,-70.5443,0.776315,1.32594,-0.200952,6.6980000000000075
1772222266799722928,2026-02-27 14:57:46.799,-25.9502,4.98002,-70.1227,0.775867,1.30565,-0.202964,6.699000000000012
1772222266800898385,2026-02-27 14:57:46.800,-25.7839,4.90472,-69.9941,0.770324,1.29103,-0.201004,6.700000000000003
1772222266802095580,2026-02-27 14:57:46.802,-25.6158,4.84491,-70.0562,0.771336,1.27741,-0.197525,6.702000000000012
1772222266803291845,2026-02-27 14:57:46.803,-25.3365,4.80842,-70.0208,0.766498,1.25991,-0.193466,6.703000000000003
1772222266804505378,2026-02-27 14:57:46.804,-25.0184,4.72997,-69.9681,0.765041,1.24369,-0.191741,6.704000000000008
1772222266805686051,2026-02-27 14:57:46.805,-24.7599,4.60128,-68.8272,0.761794,1.22484,-0.197951,6.7050000000000125
1772222266806906243,2026-02-27 14:57:46.806,-24.277,4.56255,-68.7077,0.748919,1.18632,-0.185273,6.706000000000003
1772222266808108623,2026-02-27 14:57:46.808,-23.9456,4.38749,-69.0493,0.745652,1.16517,-0.176314,6.708000000000013
1772222266809310423,2026-02-27 14:57:46.809,-23.5727,4.26681,-69.1049,0.73773,1.14542,-0.170727,6.709000000000003
1772222266810524827,2026-02-27 14:57:46.810,-23.2986,4.12041,-68.6808,0.724065,1.12434,-0.167497,6.710000000000008
1772222266811660794,2026-02-27 14:57:46.811,-22.608,3.82752,-68.1382,0.707279,1.08318,-0.160012,6.711000000000013
1772222266812818308,2026-02-27 14:57:46.812,-22.2555,3.64074,-68.6381,0.690928,1.06186,-0.149295,6.712000000000003
1772222266814019991,2026-02-27 14:57:46.814,-21.8804,3.48784,-68.3972,0.678954,1.03944,-0.145744,6.713999999999999
1772222266815219837,2026-02-27 14:57:46.815,-21.4839,3.32341,-68.0918,0.669215,1.01619,-0.142544,6.715000000000003
1772222266816418635,2026-02-27 14:57:46.816,-21.146,3.10482,-67.3956,0.652652,0.994564,-0.143564,6.716000000000008
1772222266817560183,2026-02-27 14:57:46.817,-20.7428,2.91845,-66.9495,0.640239,0.971284,-0.143348,6.716999999999999
1772222266818694104,2026-02-27 14:57:46.818,-20.0108,2.45444,-66.3895,0.605776,0.927556,-0.136303,6.7180000000000035
1772222266819867458,2026-02-27 14:57:46.819,-19.7867,2.12608,-66.2137,0.588452,0.9038,-0.132891,6.719000000000008
1772222266821068024,2026-02-27 14:57:46.821,-19.4408,1.88508,-65.6202,0.57011,0.883108,-0.133822,6.721000000000004
1772222266822271058,2026-02-27 14:57:46.822,-19.1744,1.68944,-64.9051,0.553282,0.863006,-0.134806,6.722000000000008
1772222266823448571,2026-02-27 14:57:46.823,-18.909,1.36508,-65.0901,0.530464,0.843579,-0.12923,6.722999999999999
1772222266824613867,2026-02-27 14:57:46.824,-18.5973,1.1602,-65.2482,0.519595,0.826352,-0.123811,6.724000000000004
1772222266825785445,2026-02-27 14:57:46.825,-18.0907,0.578885,-65.3712,0.480999,0.795223,-0.115644,6.7250000000000085
1772222266826985234,2026-02-27 14:57:46.826,-17.9076,0.339954,-65.2691,0.464291,0.783034,-0.113214,6.725999999999999
1772222266828183659,2026-02-27 14:57:46.828,-17.8008,0.059041,-65.1228,0.443637,0.772779,-0.111705,6.728000000000009
1772222266829383462,2026-02-27 14:57:46.829,-17.6475,-0.201449,-64.9994,0.423189,0.764137,-0.109603,6.728999999999999
1772222266830561415,2026-02-27 14:57:46.830,-17.4853,-0.446187,-65.7858,0.409743,0.75654,-0.098683,6.730000000000004
1772222266831693462,2026-02-27 14:57:46.831,-17.3835,-0.6345,-65.2611,0.398307,0.751527,-0.101496,6.731000000000009
1772222266832848985,2026-02-27 14:57:46.832,-17.2414,-1.09445,-64.3781,0.366269,0.744018,-0.104037,6.731999999999999
1772222266834052435,2026-02-27 14:57:46.834,-17.2463,-1.32466,-63.9823,0.347231,0.742251,-0.10645,6.734000000000009
1772222266835250329,2026-02-27 14:57:46.835,-17.1465,-1.5645,-63.6703,0.332433,0.740177,-0.104823,6.734999999999999
1772222266836448637,2026-02-27 14:57:46.836,-17.1932,-1.77305,-63.4751,0.32024,0.741462,-0.104223,6.736000000000004
1772222266837604727,2026-02-27 14:57:46.837,-17.1222,-1.96764,-63.2017,0.301832,0.742465,-0.103125,6.737000000000009
1772222266838745547,2026-02-27 14:57:46.838,-17.2227,-2.29054,-61.7793,0.27643,0.74742,-0.110328,6.7379999999999995
1772222266839879346,2026-02-27 14:57:46.839,-17.286,-2.4628,-61.665,0.262526,0.753166,-0.109846,6.739000000000004
1772222266841081294,2026-02-27 14:57:46.841,-17.3434,-2.6871,-61.8797,0.247846,0.759432,-0.105756,6.741
1772222266842285588,2026-02-27 14:57:46.842,-17.4424,-2.85605,-62.0572,0.23905,0.766872,-0.10405,6.742000000000004
1772222266843494323,2026-02-27 14:57:46.843,-17.5636,-2.95207,-61.7577,0.225965,0.777144,-0.103869,6.743000000000009
1772222266844626960,2026-02-27 14:57:46.844,-17.7944,-3.10149,-61.5798,0.216555,0.788611,-0.103876,6.744
1772222266845789150,2026-02-27 14:57:46.845,-18.1258,-3.21201,-61.5884,0.202708,0.81408,-0.100365,6.7450000000000045
1772222266846986492,2026-02-27 14:57:46.846,-18.3225,-3.3321,-61.9138,0.196044,0.827644,-0.097849,6.746000000000009
1772222266848185324,2026-02-27 14:57:46.848,-18.4903,-3.37099,-61.4684,0.196017,0.839677,-0.1007,6.748000000000005
1772222266849383854,2026-02-27 14:57:46.849,-18.6413,-3.43907,-61.0287,0.190294,0.853433,-0.102871,6.749000000000009
1772222266850563649,2026-02-27 14:57:46.850,-18.9234,-3.45167,-60.7302,0.187029,0.870674,-0.105441,6.75
1772222266851697701,2026-02-27 14:57:46.851,-19.1722,-3.45537,-60.5175,0.185531,0.89091,-0.110217,6.751000000000005
1772222266852862378,2026-02-27 14:57:46.852,-19.733,-3.51414,-60.5706,0.17669,0.926237,-0.112594,6.7520000000000095
1772222266854055803,2026-02-27 14:57:46.854,-19.9265,-3.50691,-60.4905,0.178804,0.941211,-0.112402,6.754000000000005
1772222266855255015,2026-02-27 14:57:46.855,-20.1595,-3.46503,-59.5551,0.181041,0.955821,-0.121727,6.75500000000001
1772222266856470051,2026-02-27 14:57:46.856,-20.3803,-3.36948,-60.0099,0.18455,0.969061,-0.117652,6.756
1772222266857603511,2026-02-27 14:57:46.857,-20.4962,-3.29334,-60.0174,0.193066,0.974579,-0.119375,6.757000000000005
1772222266858742554,2026-02-27 14:57:46.858,-20.6774,-3.20429,-60.6548,0.193602,0.988594,-0.112297,6.75800000000001
1772222266859876760,2026-02-27 14:57:46.859,-21.0698,-3.0744,-61.2404,0.208871,1.01241,-0.112789,6.759
1772222266861071381,2026-02-27 14:57:46.861,-21.1698,-2.89689,-61.3895,0.220704,1.02212,-0.114323,6.76100000000001
1772222266862272821,2026-02-27 14:57:46.862,-21.3252,-2.7966,-61.4962,0.227329,1.02766,-0.113541,6.7620000000000005
1772222266863481950,2026-02-27 14:57:46.863,-21.3981,-2.65489,-62.5751,0.235382,1.03275,-0.103886,6.763000000000005
1772222266864614526,2026-02-27 14:57:46.864,-21.5023,-2.49836,-62.5714,0.243468,1.03584,-0.104256,6.76400000000001
1772222266865746805,2026-02-27 14:57:46.865,-21.4175,-2.31485,-62.7117,0.258143,1.03646,-0.103556,6.765000000000001
1772222266866908370,2026-02-27 14:57:46.866,-21.4738,-1.90187,-62.1764,0.284449,1.03671,-0.109504,6.766000000000005
1772222266868101450,2026-02-27 14:57:46.868,-21.4923,-1.72146,-62.2049,0.297358,1.03485,-0.110821,6.768000000000001
1772222266869303427,2026-02-27 14:57:46.869,-21.3715,-1.45279,-62.2459,0.317853,1.03133,-0.10943,6.7690000000000055
1772222266870511215,2026-02-27 14:57:46.870,-21.3382,-1.26429,-62.3269,0.331819,1.02659,-0.108813,6.77000000000001
1772222266871646973,2026-02-27 14:57:46.871,-21.1979,-1.03793,-61.7953,0.351567,1.01896,-0.114143,6.771000000000001
1772222266872828258,2026-02-27 14:57:46.872,-21.0134,-0.421942,-61.542,0.39078,1.00307,-0.113353,6.772000000000006
1772222266874004257,2026-02-27 14:57:46.874,-20.8424,-0.152651,-61.8803,0.406704,0.991684,-0.110423,6.774000000000001
1772222266875203643,2026-02-27 14:57:46.875,-20.5305,0.135502,-62.2522,0.430064,0.979869,-0.104642,6.775000000000006
1772222266876403911,2026-02-27 14:57:46.876,-20.4153,0.437901,-62.0901,0.451744,0.966982,-0.103379,6.7760000000000105
1772222266877567518,2026-02-27 14:57:46.877,-20.0973,0.742986,-62.1512,0.475317,0.951259,-0.101631,6.777000000000001
1772222266878699159,2026-02-27 14:57:46.878,-19.8141,1.03634,-62.0063,0.49295,0.933991,-0.100711,6.778000000000006
1772222266879858566,2026-02-27 14:57:46.879,-19.5294,1.43155,-61.9371,0.51513,0.915609,-0.097316,6.779000000000011
1772222266881044764,2026-02-27 14:57:46.881,-18.8403,2.05884,-62.309,0.560715,0.875635,-0.090038,6.781000000000006
1772222266882242885,2026-02-27 14:57:46.882,-18.5456,2.33726,-62.0254,0.580844,0.852796,-0.088493,6.782000000000011
1772222266883443685,2026-02-27 14:57:46.883,-18.1766,2.6875,-61.5373,0.600356,0.82952,-0.09005,6.783000000000001
1772222266884555344,2026-02-27 14:57:46.884,-17.6846,2.9708,-61.1239,0.621804,0.803473,-0.089108,6.784000000000006
1772222266885684177,2026-02-27 14:57:46.885,-17.2793,3.28689,-61.0174,0.645902,0.779226,-0.088027,6.785000000000011
1772222266886871883,2026-02-27 14:57:46.886,-16.9292,3.5871,-60.8213,0.666548,0.753907,-0.085435,6.786000000000001
1772222266888061042,2026-02-27 14:57:46.888,-16.0734,4.2103,-59.5256,0.711426,0.70098,-0.090185,6.788000000000011
1772222266889260591,2026-02-27 14:57:46.889,-15.6424,4.53398,-59.5862,0.735521,0.673899,-0.085319,6.7890000000000015
1772222266890444000,2026-02-27 14:57:46.890,-15.0998,4.84342,-59.2672,0.752948,0.644393,-0.082555,6.790000000000006
1772222266891571160,2026-02-27 14:57:46.891,-14.665,5.08591,-59.6788,0.770534,0.615856,-0.074199,6.791000000000011
1772222266892720537,2026-02-27 14:57:46.892,-14.151,5.37955,-59.7834,0.790632,0.587476,-0.068845,6.792000000000002
1772222266893882521,2026-02-27 14:57:46.893,-13.6688,5.64153,-59.5667,0.809247,0.55812,-0.066106,6.793000000000006
1772222266895068688,2026-02-27 14:57:46.895,-12.6809,6.05502,-59.064,0.840535,0.497303,-0.059048,6.795000000000002
1772222266896267372,2026-02-27 14:57:46.896,-12.2126,6.25033,-59.3795,0.853288,0.464732,-0.050084,6.7960000000000065
1772222266897480220,2026-02-27 14:57:46.897,-11.6291,6.441,-59.468,0.867243,0.43336,-0.04426,6.797000000000011
1772222266898611454,2026-02-27 14:57:46.898,-11.1416,6.61811,-59.1086,0.881729,0.402583,-0.041771,6.798000000000002
1772222266899743526,2026-02-27 14:57:46.899,-10.584,6.77677,-58.4328,0.892996,0.366709,-0.041071,6.799000000000007
1772222266900879299,2026-02-27 14:57:46.900,-9.58904,7.0406,-57.5542,0.91651,0.301737,-0.035915,6.800000000000011
1772222266902072558,2026-02-27 14:57:46.902,-9.06225,7.15048,-57.3354,0.925648,0.267862,-0.030851,6.802000000000007
1772222266903269898,2026-02-27 14:57:46.903,-8.53061,7.2884,-57.0206,0.932725,0.235388,-0.024932,6.8030000000000115
1772222266904479027,2026-02-27 14:57:46.904,-7.99737,7.21369,-56.5982,0.936079,0.199386,-0.020163,6.804000000000002
1772222266905609430,2026-02-27 14:57:46.905,-7.48632,7.32333,-55.4382,0.941882,0.16808,-0.022156,6.805000000000007
1772222266906739704,2026-02-27 14:57:46.906,-6.91128,7.27274,-55.5843,0.945671,0.134761,-0.014325,6.806000000000012
1772222266907892368,2026-02-27 14:57:46.907,-6.36886,7.25604,-55.258,0.947134,0.101351,-0.007312,6.807000000000002
1772222266909074485,2026-02-27 14:57:46.909,-5.27297,7.26304,-55.3332,0.947631,0.038525,0.008994,6.809000000000012
1772222266910274388,2026-02-27 14:57:46.910,-4.80001,7.13069,-54.8944,0.943062,0.008658,0.013944,6.810000000000002
1772222266911579983,2026-02-27 14:57:46.911,-4.35526,7.06777,-54.6667,0.938875,-0.022408,0.019925,6.811000000000007
1772222266912728342,2026-02-27 14:57:46.912,-3.87414,6.97841,-54.3671,0.939149,-0.050465,0.024677,6.812000000000012
1772222266913891321,2026-02-27 14:57:46.913,-3.34274,6.88296,-55.0105,0.935265,-0.079023,0.039692,6.813000000000002
1772222266915074158,2026-02-27 14:57:46.915,-2.48502,6.57841,-54.0016,0.910171,-0.133903,0.050353,6.815000000000012
1772222266916270683,2026-02-27 14:57:46.916,-2.11193,6.44603,-53.1941,0.899092,-0.159842,0.05131,6.8160000000000025
1772222266917479856,2026-02-27 14:57:46.917,-1.77684,6.24843,-52.6515,0.882898,-0.181971,0.055146,6.817000000000007
1772222266918611133,2026-02-27 14:57:46.918,-1.42325,6.0252,-52.3616,0.873026,-0.204807,0.057466,6.818000000000012
1772222266919739702,2026-02-27 14:57:46.919,-0.988504,5.84061,-52.1472,0.859596,-0.229208,0.062018,6.819000000000003
1772222266920906523,2026-02-27 14:57:46.920,0.046884,5.72255,-52.015,0.838612,-0.23132,0.084522,6.820000000000007
1772222266922090845,2026-02-27 14:57:46.922,2.00572,5.26403,-50.0848,0.788825,-0.180569,0.140727,6.822000000000003
1772222266923280728,2026-02-27 14:57:46.923,2.40055,4.86116,-49.9576,0.780016,-0.164641,0.157016,6.8230000000000075
1772222266924501070,2026-02-27 14:57:46.924,2.475,4.57885,-50.2966,0.770621,-0.148231,0.165588,6.824000000000012
1772222266925633264,2026-02-27 14:57:46.925,2.59478,4.40023,-50.4886,0.761715,-0.14181,0.17016,6.825000000000003
1772222266926814601,2026-02-27 14:57:46.926,2.58746,4.23507,-49.9519,0.744115,-0.153308,0.164619,6.826000000000008
1772222266928000718,2026-02-27 14:57:46.928,2.8324,3.8688,-48.7339,0.726963,-0.165153,0.155371,6.828000000000003
1772222266929173244,2026-02-27 14:57:46.929,4.09494,3.32088,-43.9602,0.644357,-0.210171,0.139906,6.829000000000008
1772222266930369552,2026-02-27 14:57:46.930,5.16298,3.36097,-39.4742,0.554043,-0.296481,0.160414,6.8300000000000125
1772222266931579396,2026-02-27 14:57:46.931,7.78479,2.92927,-34.1929,0.457706,-0.310286,0.209549,6.831000000000003
1772222266932727011,2026-02-27 14:57:46.932,9.11927,2.46354,-31.9219,0.45305,-0.326072,0.22103,6.832000000000008
1772222266933905575,2026-02-27 14:57:46.933,9.86285,2.29155,-29.1483,0.421139,-0.377095,0.213378,6.833000000000013
1772222266935093116,2026-02-27 14:57:46.935,11.2199,2.29054,-25.937,0.408076,-0.418121,0.201044,6.835000000000008
1772222266936286066,2026-02-27 14:57:46.936,11.6919,2.39584,-24.3148,0.392332,-0.453965,0.204923,6.836000000000013
1772222266937493901,2026-02-27 14:57:46.937,12.2475,2.45902,-22.6754,0.38067,-0.47198,0.213472,6.837000000000003
1772222266938631377,2026-02-27 14:57:46.938,12.8357,2.26859,-20.5552,0.390718,-0.48902,0.224705,6.838000000000008
1772222266939804277,2026-02-27 14:57:46.939,13.2939,2.28838,-19.4463,0.391477,-0.492852,0.240518,6.838999999999999
1772222266940995182,2026-02-27 14:57:46.940,13.6355,2.15728,-18.8407,0.397826,-0.494068,0.25227,6.840000000000003
1772222266942178955,2026-02-27 14:57:46.942,13.6188,2.39058,-18.6404,0.430019,-0.495071,0.270294,6.841999999999999
1772222266943377918,2026-02-27 14:57:46.943,13.6777,2.57628,-17.7243,0.408757,-0.500087,0.272419,6.8430000000000035
1772222266944561531,2026-02-27 14:57:46.944,13.8205,2.43769,-17.3923,0.402528,-0.497566,0.27484,6.844000000000008
1772222266945697566,2026-02-27 14:57:46.945,13.8311,2.24704,-17.5261,0.406512,-0.48615,0.270938,6.844999999999999
1772222266946887584,2026-02-27 14:57:46.946,13.615,2.13293,-18.6929,0.428607,-0.477175,0.272606,6.846000000000004
1772222266948075975,2026-02-27 14:57:46.948,13.0607,2.34684,-18.6421,0.404115,-0.472124,0.261799,6.847999999999999
1772222266949255662,2026-02-27 14:57:46.949,12.9573,2.51037,-17.6533,0.382873,-0.466222,0.261959,6.849000000000004
1772222266950475615,2026-02-27 14:57:46.950,12.8923,2.51997,-16.9192,0.359955,-0.461151,0.260569,6.8500000000000085
1772222266951610281,2026-02-27 14:57:46.951,12.8529,2.5238,-16.322,0.352853,-0.460734,0.262263,6.850999999999999
1772222266952807982,2026-02-27 14:57:46.952,12.7279,2.57128,-16.0371,0.35047,-0.455499,0.261962,6.852000000000004
1772222266954007870,2026-02-27 14:57:46.954,12.6013,2.67682,-15.9032,0.343693,-0.444835,0.256525,6.853999999999999
1772222266955186926,2026-02-27 14:57:46.955,12.1921,2.52481,-15.0357,0.357412,-0.421137,0.242348,6.855000000000004
1772222266956379378,2026-02-27 14:57:46.956,12.0289,2.53046,-15.883,0.375752,-0.404428,0.235704,6.856000000000009
1772222266957569568,2026-02-27 14:57:46.957,11.6438,2.2635,-17.8078,0.427792,-0.382185,0.22693,6.856999999999999
1772222266958705360,2026-02-27 14:57:46.958,11.224,2.37663,-18.132,0.395242,-0.372422,0.220672,6.858000000000004
1772222266959883847,2026-02-27 14:57:46.959,10.9984,2.45825,-17.5925,0.392311,-0.380408,0.24021,6.859000000000009
1772222266961072470,2026-02-27 14:57:46.961,10.9675,2.1707,-16.9872,0.386446,-0.365967,0.247541,6.861000000000004
1772222266962259520,2026-02-27 14:57:46.962,10.9219,2.02656,-15.1891,0.349309,-0.387106,0.262969,6.862000000000009
1772222266963475531,2026-02-27 14:57:46.963,10.9037,1.72711,-16.0825,0.348612,-0.387887,0.268728,6.8629999999999995
1772222266964604927,2026-02-27 14:57:46.964,10.7228,1.3873,-17.4027,0.415906,-0.366042,0.252981,6.864000000000004
1772222266965740383,2026-02-27 14:57:46.965,10.126,1.87829,-17.1287,0.392257,-0.343797,0.230059,6.865000000000009
1772222266966872636,2026-02-27 14:57:46.966,9.56095,2.05123,-15.8824,0.389163,-0.332602,0.215338,6.866
1772222266968053447,2026-02-27 14:57:46.968,9.41215,1.83697,-14.9734,0.370536,-0.312844,0.212558,6.868000000000009
1772222266969235165,2026-02-27 14:57:46.969,9.00482,1.57268,-13.3756,0.33904,-0.294862,0.202559,6.869
1772222266970432874,2026-02-27 14:57:46.970,7.96335,1.15496,-13.0585,0.338936,-0.320852,0.187467,6.8700000000000045
1772222266971580441,2026-02-27 14:57:46.971,6.76806,0.897239,-12.2874,0.374674,-0.355424,0.134806,6.871000000000009
1772222266972708786,2026-02-27 14:57:46.972,6.53966,1.26622,-11.6852,0.344848,-0.363562,0.108268,6.872
1772222266973881055,2026-02-27 14:57:46.973,6.76737,1.4571,-10.43,0.306831,-0.363036,0.104926,6.873000000000005
1772222266975070292,2026-02-27 14:57:46.975,7.27972,1.41816,-9.30537,0.27439,-0.329563,0.117722,6.875
1772222266976251672,2026-02-27 14:57:46.976,6.72454,0.894201,-7.93224,0.252337,-0.33304,0.113614,6.876000000000005
1772222266977450049,2026-02-27 14:57:46.977,6.3522,0.618182,-8.11365,0.259271,-0.339815,0.087123,6.8770000000000095
1772222266978606525,2026-02-27 14:57:46.978,5.88897,0.760016,-8.0088,0.260944,-0.335739,0.060157,6.878
1772222266979735983,2026-02-27 14:57:46.979,5.61209,0.845093,-7.79023,0.256305,-0.340594,0.056613,6.879000000000005
1772222266980906227,2026-02-27 14:57:46.980,5.69898,0.299657,-8.89127,0.269409,-0.329661,0.058119,6.88000000000001
1772222266982090311,2026-02-27 14:57:46.982,5.57336,0.321708,-8.54761,0.272198,-0.320021,0.049122,6.882000000000005
1772222266983271923,2026-02-27 14:57:46.983,5.43939,0.335564,-7.37316,0.21892,-0.324181,0.056275,6.88300000000001
1772222266984487008,2026-02-27 14:57:46.984,5.42927,-0.074694,-7.09211,0.213927,-0.314496,0.053826,6.884
1772222266985617619,2026-02-27 14:57:46.985,5.38067,-0.186454,-7.07042,0.194896,-0.321462,0.052228,6.885000000000005
1772222266986796254,2026-02-27 14:57:46.986,5.48684,-0.454161,-7.26123,0.191598,-0.317749,0.05051,6.88600000000001
1772222266987997007,2026-02-27 14:57:46.987,5.3903,-0.473082,-7.05317,0.174241,-0.313738,0.045547,6.8870000000000005
1772222266989181369,2026-02-27 14:57:46.989,5.21074,-1.0064,-7.50556,0.165227,-0.299552,0.036164,6.88900000000001
1772222266990364397,2026-02-27 14:57:46.990,5.05519,-1.08241,-7.67248,0.152767,-0.298935,0.035635,6.890000000000001
1772222266991575293,2026-02-27 14:57:46.991,5.13023,-1.15272,-8.3778,0.137235,-0.300965,0.0432,6.891000000000005
1772222266992706649,2026-02-27 14:57:46.992,5.10247,-1.36429,-8.91405,0.132341,-0.302424,0.046996,6.89200000000001
1772222266993883682,2026-02-27 14:57:46.993,5.16237,-1.44085,-8.7875,0.10837,-0.31843,0.054202,6.893000000000001
1772222266995081878,2026-02-27 14:57:46.995,5.40886,-1.59691,-9.21639,0.118371,-0.310145,0.052757,6.89500000000001
1772222266996266640,2026-02-27 14:57:46.996,5.2443,-1.74825,-11.0277,0.097738,-0.327158,0.062913,6.896000000000001
1772222266997477366,2026-02-27 14:57:46.997,5.43918,-2.00602,-11.3229,0.078278,-0.330501,0.067053,6.897000000000006
1772222266998661778,2026-02-27 14:57:46.998,5.40723,-2.21726,-12.3802,0.064937,-0.330471,0.065879,6.89800000000001
1772222266999838710,2026-02-27 14:57:46.999,5.46963,-2.36515,-12.0798,0.046042,-0.356189,0.068266,6.899000000000001
1772222267001043693,2026-02-27 14:57:47.001,5.54718,-2.50814,-11.7444,0.027579,-0.369165,0.071981,6.9010000000000105
1772222267002228902,2026-02-27 14:57:47.002,5.87942,-3.03335,-11.94,-0.020472,-0.412277,0.08684,6.902000000000001
1772222267003425235,2026-02-27 14:57:47.003,6.22565,-3.23054,-11.9683,-0.03869,-0.426285,0.094036,6.903000000000006
1772222267004568657,2026-02-27 14:57:47.004,6.51441,-3.46676,-11.2684,-0.061007,-0.449909,0.095082,6.904000000000011
1772222267005698747,2026-02-27 14:57:47.005,6.7706,-3.60864,-10.628,-0.078484,-0.468091,0.096185,6.905000000000001
1772222267006827811,2026-02-27 14:57:47.006,6.99339,-3.77992,-10.638,-0.096068,-0.484253,0.103308,6.906000000000006
1772222267008031588,2026-02-27 14:57:47.008,7.30781,-3.9316,-10.5792,-0.111754,-0.505144,0.109469,6.908000000000001
1772222267009217021,2026-02-27 14:57:47.009,7.61546,-4.11653,-10.4311,-0.130601,-0.523464,0.117483,6.909000000000006
1772222267010392996,2026-02-27 14:57:47.010,8.28297,-4.36907,-8.97954,-0.16193,-0.562945,0.125388,6.910000000000011
1772222267011562204,2026-02-27 14:57:47.011,8.65375,-4.412,-8.22465,-0.173366,-0.580834,0.128374,6.911000000000001
1772222267012691360,2026-02-27 14:57:47.012,9.10581,-4.46409,-7.27571,-0.18605,-0.602388,0.132939,6.912000000000006
1772222267013861667,2026-02-27 14:57:47.013,9.54439,-4.4891,-7.34781,-0.197839,-0.621952,0.144215,6.913000000000011
1772222267015056155,2026-02-27 14:57:47.015,9.88543,-4.51581,-6.04083,-0.212968,-0.641108,0.143414,6.915000000000006
1772222267016237311,2026-02-27 14:57:47.016,10.3779,-4.60016,-5.2472,-0.213103,-0.657014,0.144614,6.916000000000011
1772222267017424311,2026-02-27 14:57:47.017,11.0056,-4.61231,-3.50153,-0.192138,-0.6776,0.135493,6.917000000000002
1772222267018545955,2026-02-27 14:57:47.018,11.2806,-4.46133,-3.14363,-0.185465,-0.686887,0.134613,6.918000000000006
1772222267019674733,2026-02-27 14:57:47.019,11.6973,-4.41787,-3.01833,-0.171526,-0.690644,0.132894,6.919000000000011
1772222267020849638,2026-02-27 14:57:47.020,12.058,-4.37759,-2.94936,-0.163563,-0.692283,0.133153,6.920000000000002
1772222267022046082,2026-02-27 14:57:47.022,12.3341,-4.39763,-2.0583,-0.153945,-0.690501,0.125962,6.922000000000011
1772222267023331345,2026-02-27 14:57:47.023,12.9175,-4.37263,-2.90671,-0.139165,-0.687894,0.133775,6.923000000000002
1772222267024526416,2026-02-27 14:57:47.024,13.1886,-4.44551,-3.86856,-0.128765,-0.686494,0.139015,6.924000000000007
1772222267025656088,2026-02-27 14:57:47.025,13.4269,-4.45013,-4.6647,-0.129263,-0.685418,0.14311,6.925000000000011
1772222267026829390,2026-02-27 14:57:47.026,13.6282,-4.43431,-4.92473,-0.131202,-0.685033,0.146018,6.926000000000002
1772222267028023852,2026-02-27 14:57:47.028,13.9018,-4.53346,-5.2625,-0.136501,-0.691007,0.151367,6.9280000000000115
1772222267029208664,2026-02-27 14:57:47.029,14.2809,-4.60596,-5.50726,-0.144635,-0.690344,0.155281,6.929000000000002
1772222267030394017,2026-02-27 14:57:47.030,14.7848,-4.7513,-7.25253,-0.151282,-0.694559,0.174167,6.930000000000007
1772222267031538437,2026-02-27 14:57:47.031,14.9107,-4.7562,-7.22999,-0.156089,-0.706668,0.176748,6.931000000000012
1772222267032667628,2026-02-27 14:57:47.032,15.2019,-4.65347,-7.00043,-0.165078,-0.722784,0.178953,6.932000000000002
1772222267033842726,2026-02-27 14:57:47.033,15.5561,-4.72714,-6.86565,-0.161498,-0.723481,0.181434,6.933000000000007
1772222267035039774,2026-02-27 14:57:47.035,15.7429,-4.75183,-6.78365,-0.161803,-0.735048,0.184729,6.935000000000002
1772222267036226174,2026-02-27 14:57:47.036,15.855,-4.55224,-6.79272,-0.159721,-0.744422,0.189439,6.936000000000007
1772222267037407741,2026-02-27 14:57:47.037,16.3897,-4.28309,-6.42296,-0.149087,-0.754546,0.200325,6.937000000000012
1772222267038548098,2026-02-27 14:57:47.038,16.5439,-4.1309,-5.27027,-0.142133,-0.763645,0.199102,6.938000000000002
1772222267039677797,2026-02-27 14:57:47.039,16.6814,-3.93901,-5.5367,-0.127777,-0.765466,0.206785,6.939000000000007
1772222267040876364,2026-02-27 14:57:47.040,16.7381,-3.76121,-5.33407,-0.121649,-0.772506,0.210399,6.940000000000012
1772222267042076444,2026-02-27 14:57:47.042,16.8851,-3.51099,-5.42554,-0.123129,-0.784239,0.218235,6.942000000000007
1772222267043253624,2026-02-27 14:57:47.043,17.0623,-3.34775,-5.23424,-0.126053,-0.795371,0.223347,6.943000000000012
1772222267044438037,2026-02-27 14:57:47.044,17.2956,-3.13491,-5.14249,-0.108728,-0.80567,0.226247,6.944000000000003
1772222267045596605,2026-02-27 14:57:47.045,17.4023,-2.97671,-5.23118,-0.098396,-0.808394,0.224986,6.945000000000007
1772222267046729749,2026-02-27 14:57:47.046,17.3178,-2.7921,-5.83453,-0.09759,-0.827756,0.235575,6.946000000000012
1772222267047859866,2026-02-27 14:57:47.047,17.4915,-2.70795,-5.54824,-0.099689,-0.841336,0.235412,6.947000000000003
1772222267049058028,2026-02-27 14:57:47.049,17.5506,-2.66844,-5.51137,-0.097084,-0.846195,0.236188,6.949000000000012
1772222267050256347,2026-02-27 14:57:47.050,17.6851,-2.57369,-5.25801,-0.084154,-0.851841,0.2326,6.950000000000003
1772222267051447000,2026-02-27 14:57:47.051,17.6795,-2.32094,-5.48399,-0.060685,-0.86221,0.227496,6.951000000000008
1772222267052598867,2026-02-27 14:57:47.052,17.6039,-2.21056,-5.68602,-0.051997,-0.871876,0.227174,6.952000000000012
1772222267053772366,2026-02-27 14:57:47.053,17.5395,-2.02192,-5.8841,-0.042101,-0.882684,0.226292,6.953000000000003
1772222267054968295,2026-02-27 14:57:47.054,17.5566,-1.88054,-5.44413,-0.033794,-0.885957,0.218495,6.954000000000008
1772222267056164835,2026-02-27 14:57:47.056,17.5004,-1.72204,-5.31474,-0.020731,-0.892406,0.21457,6.956000000000003
1772222267057298221,2026-02-27 14:57:47.057,17.5185,-1.48136,-6.41132,0.005405,-0.900807,0.215187,6.957000000000008
1772222267058497083,2026-02-27 14:57:47.058,17.529,-1.36505,-7.1891,0.018087,-0.902295,0.216385,6.958000000000013
1772222267059629156,2026-02-27 14:57:47.059,17.4626,-1.24191,-7.66552,0.037976,-0.90193,0.212154,6.959000000000003
1772222267060821715,2026-02-27 14:57:47.060,17.37,-1.14318,-7.97075,0.051879,-0.898197,0.206347,6.960000000000008
1772222267062020461,2026-02-27 14:57:47.062,17.2696,-0.939478,-8.5595,0.071647,-0.893984,0.200562,6.962000000000003
1772222267063220175,2026-02-27 14:57:47.063,17.0956,-0.689997,-9.36016,0.092216,-0.89069,0.195825,6.963000000000008
1772222267064405730,2026-02-27 14:57:47.064,16.6965,-0.45344,-11.2336,0.127414,-0.887013,0.193269,6.963999999999999
1772222267065540042,2026-02-27 14:57:47.065,16.42,-0.265461,-11.8515,0.147449,-0.880781,0.188389,6.965000000000003
1772222267066678243,2026-02-27 14:57:47.066,16.122,-0.118019,-12.148,0.163044,-0.873802,0.180796,6.966000000000008
1772222267067898193,2026-02-27 14:57:47.067,15.9204,0.056633,-12.8094,0.178227,-0.865879,0.176356,6.966999999999999
1772222267069102379,2026-02-27 14:57:47.069,15.6222,0.205725,-13.6928,0.191721,-0.857599,0.174357,6.969000000000008
1772222267070302640,2026-02-27 14:57:47.070,15.3414,0.294724,-14.307,0.201629,-0.850245,0.171548,6.969999999999999
1772222267071501999,2026-02-27 14:57:47.071,14.7254,0.608487,-15.1543,0.235155,-0.840561,0.154647,6.971000000000004
1772222267072637785,2026-02-27 14:57:47.072,14.4127,0.769647,-16.2065,0.248664,-0.834052,0.153451,6.972000000000008
1772222267073852458,2026-02-27 14:57:47.073,14.0979,0.848993,-16.9895,0.260355,-0.828413,0.151481,6.972999999999999
1772222267075053504,2026-02-27 14:57:47.075,13.8138,0.993764,-18.3206,0.270478,-0.821233,0.152374,6.9750000000000085
1772222267076254602,2026-02-27 14:57:47.076,13.5268,1.08919,-19.4808,0.280625,-0.813946,0.152054,6.975999999999999
1772222267077440226,2026-02-27 14:57:47.077,12.9244,1.29076,-20.9707,0.308343,-0.798714,0.143069,6.977000000000004
1772222267078592237,2026-02-27 14:57:47.078,12.6077,1.36536,-21.6734,0.317147,-0.790122,0.138046,6.978000000000009
1772222267079767866,2026-02-27 14:57:47.079,12.3475,1.45796,-23.1519,0.332119,-0.779095,0.140142,6.978999999999999
1772222267080964515,2026-02-27 14:57:47.080,11.9943,1.52275,-24.0945,0.338782,-0.770925,0.137314,6.980000000000004
1772222267082162509,2026-02-27 14:57:47.082,11.7097,1.58979,-24.5818,0.352519,-0.759487,0.130953,6.981999999999999
1772222267083351002,2026-02-27 14:57:47.083,11.427,1.67218,-24.8854,0.364813,-0.748984,0.121267,6.983000000000004
1772222267084546751,2026-02-27 14:57:47.084,10.7536,1.81181,-25.7246,0.382455,-0.734296,0.105396,6.984000000000009
1772222267085679897,2026-02-27 14:57:47.085,10.52,1.87221,-26.5117,0.393533,-0.726192,0.101181,6.984999999999999
1772222267086859075,2026-02-27 14:57:47.086,10.1532,1.94321,-27.0908,0.397718,-0.718278,0.095525,6.986000000000004
1772222267088061272,2026-02-27 14:57:47.088,9.85014,1.92411,-27.5502,0.405978,-0.70919,0.087569,6.9879999999999995
1772222267089263425,2026-02-27 14:57:47.089,9.54414,1.93891,-27.2367,0.409433,-0.701915,0.076354,6.989000000000004
1772222267090446446,2026-02-27 14:57:47.090,8.99246,1.90552,-28.7886,0.418699,-0.683054,0.06994,6.990000000000009
1772222267091615737,2026-02-27 14:57:47.091,8.78063,1.92249,-29.9047,0.422592,-0.6755,0.068996,6.991
1772222267092792112,2026-02-27 14:57:47.092,8.57465,1.88725,-30.3542,0.423662,-0.670771,0.065595,6.992000000000004
1772222267093989463,2026-02-27 14:57:47.093,8.34454,1.84023,-30.7414,0.425303,-0.660154,0.062158,6.993000000000009
1772222267095188771,2026-02-27 14:57:47.095,8.03415,1.79232,-31.0912,0.422595,-0.650947,0.058718,6.9950000000000045
1772222267096382091,2026-02-27 14:57:47.096,7.91337,1.78683,-31.4824,0.425631,-0.643973,0.056178,6.996000000000009
1772222267097544849,2026-02-27 14:57:47.097,7.44321,1.69135,-32.8494,0.421183,-0.626003,0.058482,6.997
1772222267098676247,2026-02-27 14:57:47.098,7.2215,1.62957,-33.1312,0.415558,-0.619882,0.057142,6.998000000000005
1772222267099853400,2026-02-27 14:57:47.099,6.986,1.5996,-33.0283,0.410944,-0.609473,0.050016,6.999000000000009
1772222267101056847,2026-02-27 14:57:47.101,6.8438,1.55469,-32.8733,0.411807,-0.602419,0.047935,7.001000000000005
1772222267102254347,2026-02-27 14:57:47.102,6.65282,1.45206,-33.1918,0.408237,-0.592226,0.046303,7.0020000000000095
1772222267103437323,2026-02-27 14:57:47.103,6.41854,1.37608,-33.4874,0.40382,-0.582998,0.04408,7.003
1772222267104587666,2026-02-27 14:57:47.104,6.0335,1.2202,-33.1876,0.391729,-0.564614,0.03424,7.004000000000005
1772222267105726039,2026-02-27 14:57:47.105,5.8818,1.19249,-33.302,0.389094,-0.553679,0.032748,7.00500000000001
1772222267106878913,2026-02-27 14:57:47.106,5.73272,1.06533,-33.6031,0.386061,-0.543463,0.03174,7.006
1772222267108082949,2026-02-27 14:57:47.108,5.54407,0.998554,-34.2245,0.381634,-0.534116,0.035935,7.00800000000001
1772222267109281664,2026-02-27 14:57:47.109,5.27474,0.942952,-34.8502,0.37591,-0.523363,0.037355,7.009
1772222267110485450,2026-02-27 14:57:47.110,5.14742,0.951402,-35.1218,0.371278,-0.512662,0.03489,7.010000000000005
1772222267111633788,2026-02-27 14:57:47.111,5.01102,0.868386,-35.2408,0.37248,-0.503763,0.034321,7.01100000000001
1772222267112833313,2026-02-27 14:57:47.112,4.62915,0.830803,-35.8304,0.37004,-0.48382,0.033417,7.0120000000000005
1772222267114032065,2026-02-27 14:57:47.114,4.53504,0.711132,-36.6613,0.364039,-0.475554,0.038678,7.01400000000001
1772222267115231306,2026-02-27 14:57:47.115,4.32621,0.70277,-36.509,0.358288,-0.46758,0.033297,7.015000000000001
1772222267116429802,2026-02-27 14:57:47.116,4.21236,0.656956,-36.4745,0.361121,-0.459622,0.031161,7.016000000000005
1772222267117584828,2026-02-27 14:57:47.117,3.95012,0.601425,-36.3229,0.357962,-0.444311,0.022952,7.01700000000001
1772222267118720629,2026-02-27 14:57:47.118,3.83064,0.628533,-36.3189,0.35639,-0.438174,0.022058,7.018000000000001
1772222267119895036,2026-02-27 14:57:47.119,3.7011,0.578124,-36.4974,0.354568,-0.431482,0.021013,7.0190000000000055
1772222267121099469,2026-02-27 14:57:47.121,3.56686,0.564301,-36.6124,0.353977,-0.425316,0.019633,7.021000000000001
1772222267122297304,2026-02-27 14:57:47.122,3.46355,0.574748,-35.69,0.353896,-0.41835,0.009207,7.022000000000006
1772222267123491984,2026-02-27 14:57:47.123,3.34924,0.583737,-36.2107,0.35404,-0.411487,0.010813,7.02300000000001
1772222267124626074,2026-02-27 14:57:47.124,3.09247,0.569709,-37.0411,0.351512,-0.399478,0.012611,7.024000000000001
1772222267125808288,2026-02-27 14:57:47.125,3.01179,0.559,-37.3534,0.35388,-0.393175,0.013716,7.025000000000006
1772222267127013222,2026-02-27 14:57:47.127,2.91996,0.552402,-37.444,0.35439,-0.386381,0.011915,7.027000000000001
1772222267128211667,2026-02-27 14:57:47.128,2.82445,0.566699,-37.5174,0.355353,-0.380885,0.010593,7.028000000000006
1772222267129410754,2026-02-27 14:57:47.129,2.67166,0.629449,-37.6123,0.356566,-0.374132,0.009305,7.029000000000011
1772222267130550102,2026-02-27 14:57:47.130,2.4663,0.649994,-38.5434,0.357871,-0.360037,0.014504,7.030000000000001
1772222267131681382,2026-02-27 14:57:47.131,2.35902,0.635819,-38.5316,0.357674,-0.353521,0.01254,7.031000000000006
1772222267132856472,2026-02-27 14:57:47.132,2.22861,0.680484,-38.066,0.35928,-0.345708,0.006618,7.032000000000011
1772222267134056721,2026-02-27 14:57:47.134,2.08534,0.733754,-37.8215,0.361179,-0.337571,0.003364,7.034000000000006
1772222267135361158,2026-02-27 14:57:47.135,1.91224,0.784394,-37.6374,0.364966,-0.326964,9.5e-05,7.035000000000011
1772222267136560563,2026-02-27 14:57:47.136,1.71934,0.849514,-37.5557,0.364216,-0.317578,-0.000297,7.036000000000001
1772222267137714248,2026-02-27 14:57:47.137,1.27721,0.965723,-36.9251,0.369214,-0.291767,-0.00675,7.037000000000006
1772222267138876464,2026-02-27 14:57:47.138,0.985541,1.09124,-36.2276,0.373503,-0.27566,-0.013971,7.038000000000011
1772222267140028394,2026-02-27 14:57:47.140,0.740208,1.32457,-36.6149,0.373804,-0.257143,-0.014187,7.040000000000006
1772222267141164680,2026-02-27 14:57:47.141,0.442342,1.37039,-36.4993,0.383505,-0.237923,-0.012945,7.041000000000011
1772222267142341534,2026-02-27 14:57:47.142,0.205828,1.49561,-36.8077,0.391522,-0.217188,-0.012199,7.042000000000002
1772222267143535868,2026-02-27 14:57:47.143,-0.487129,1.77903,-36.424,0.403843,-0.171034,-0.018063,7.043000000000006
1772222267144666151,2026-02-27 14:57:47.144,-0.798384,1.90647,-36.1333,0.41064,-0.147117,-0.021929,7.044000000000011
1772222267145819712,2026-02-27 14:57:47.145,-1.1214,2.01104,-35.9292,0.415606,-0.125199,-0.025217,7.045000000000002
1772222267146994228,2026-02-27 14:57:47.146,-1.37066,2.15829,-36.6699,0.421054,-0.101512,-0.02073,7.0460000000000065
1772222267148170365,2026-02-27 14:57:47.148,-1.67635,2.31727,-36.0504,0.428817,-0.079964,-0.028189,7.048000000000002
1772222267149347614,2026-02-27 14:57:47.149,-2.10713,2.46563,-35.7843,0.430378,-0.056528,-0.032092,7.049000000000007
1772222267150545068,2026-02-27 14:57:47.150,-2.80819,2.72856,-34.6856,0.443736,-0.007603,-0.044423,7.050000000000011
1772222267151677658,2026-02-27 14:57:47.151,-2.80819,2.72856,-34.6856,0.443736,-0.007603,-0.044423,7.051000000000002
1772222267152875373,2026-02-27 14:57:47.152,-3.48671,3.08316,-34.3535,0.458538,0.040799,-0.051549,7.052000000000007
1772222267154053172,2026-02-27 14:57:47.154,-3.88331,3.26251,-34.2075,0.464889,0.063916,-0.055415,7.054000000000002
1772222267155230492,2026-02-27 14:57:47.155,-4.3038,3.39455,-33.2122,0.472771,0.090993,-0.067609,7.055000000000007
1772222267156434684,2026-02-27 14:57:47.156,-4.64509,3.57273,-33.1128,0.481452,0.11576,-0.070227,7.056000000000012
1772222267157596343,2026-02-27 14:57:47.157,-5.38372,3.82993,-33.4435,0.489816,0.166063,-0.072988,7.057000000000002
1772222267158774069,2026-02-27 14:57:47.158,-5.77839,3.97552,-33.6288,0.497131,0.190285,-0.072781,7.058000000000007
1772222267159959283,2026-02-27 14:57:47.159,-6.13953,4.1145,-33.6748,0.503542,0.215985,-0.075123,7.059000000000012
1772222267161140538,2026-02-27 14:57:47.161,-6.4855,4.28293,-33.5937,0.512787,0.238069,-0.07813,7.061000000000007
1772222267162316275,2026-02-27 14:57:47.162,-6.76546,4.44311,-33.4663,0.520153,0.261625,-0.081855,7.062000000000012
1772222267163513291,2026-02-27 14:57:47.163,-7.10106,4.52277,-33.7411,0.527063,0.284954,-0.080267,7.063000000000002
1772222267164699685,2026-02-27 14:57:47.164,-7.39098,4.66247,-34.3296,0.535031,0.30691,-0.077307,7.064000000000007
1772222267165894579,2026-02-27 14:57:47.165,-8.1581,4.95072,-33.7606,0.549354,0.355055,-0.089847,7.065000000000012
1772222267167072634,2026-02-27 14:57:47.167,-8.40927,5.04986,-33.5432,0.559922,0.374553,-0.094726,7.067000000000007
1772222267168250525,2026-02-27 14:57:47.168,-8.77461,5.14558,-33.4763,0.565731,0.39695,-0.098913,7.068000000000012
1772222267169428680,2026-02-27 14:57:47.169,-9.15934,5.29303,-33.6291,0.572431,0.41574,-0.10076,7.069000000000003
1772222267170539022,2026-02-27 14:57:47.170,-9.4353,5.38952,-33.7639,0.577975,0.436952,-0.101894,7.070000000000007
1772222267171688833,2026-02-27 14:57:47.171,-9.80669,5.52874,-33.8214,0.585006,0.455415,-0.105824,7.071000000000012
1772222267172885778,2026-02-27 14:57:47.172,-10.3968,5.69787,-33.4705,0.593418,0.493074,-0.113064,7.072000000000003
1772222267174092282,2026-02-27 14:57:47.174,-10.6352,5.81125,-33.7361,0.601393,0.510725,-0.115886,7.074000000000012
1772222267175289758,2026-02-27 14:57:47.175,-10.9724,5.93302,-34.3872,0.609467,0.530121,-0.112903,7.075000000000003
1772222267176621255,2026-02-27 14:57:47.176,-11.2311,5.99126,-34.7835,0.614726,0.548502,-0.114602,7.076000000000008
1772222267177797675,2026-02-27 14:57:47.177,-11.7554,6.20489,-35.0994,0.626285,0.577505,-0.119465,7.077000000000012
1772222267178979111,2026-02-27 14:57:47.178,-11.9505,6.30978,-35.3304,0.633932,0.595025,-0.121234,7.078000000000003
1772222267180157154,2026-02-27 14:57:47.180,-12.1954,6.418,-36.4935,0.641904,0.611503,-0.114494,7.0800000000000125
1772222267181335273,2026-02-27 14:57:47.181,-12.4617,6.45262,-36.5653,0.64507,0.625693,-0.116217,7.081000000000003
1772222267182524635,2026-02-27 14:57:47.182,-12.7355,6.55537,-36.7885,0.654222,0.642008,-0.119384,7.082000000000008
1772222267183659987,2026-02-27 14:57:47.183,-13.2771,6.77463,-36.5776,0.66499,0.671667,-0.130163,7.083000000000013
1772222267184816874,2026-02-27 14:57:47.184,-13.4729,6.78953,-36.6446,0.667795,0.682443,-0.132532,7.084000000000003
1772222267185995646,2026-02-27 14:57:47.185,-13.5896,6.87353,-36.8332,0.676046,0.694347,-0.134451,7.085000000000008
1772222267187173928,2026-02-27 14:57:47.187,-13.8009,6.93497,-37.0624,0.67944,0.702822,-0.137042,7.087000000000003
1772222267188353163,2026-02-27 14:57:47.188,-13.882,6.94422,-36.5366,0.680526,0.703892,-0.142888,7.088000000000008
1772222267189565174,2026-02-27 14:57:47.189,-14.0216,6.99321,-36.3607,0.682058,0.713744,-0.144936,7.088999999999999
1772222267190696840,2026-02-27 14:57:47.190,-14.1154,7.005,-36.7259,0.684534,0.72172,-0.141941,7.090000000000003
1772222267191880638,2026-02-27 14:57:47.191,-14.3643,7.08578,-37.811,0.692671,0.735285,-0.1379,7.091000000000008
1772222267193081485,2026-02-27 14:57:47.193,-14.4604,7.13026,-37.885,0.695148,0.743095,-0.138994,7.0930000000000035
1772222267194280646,2026-02-27 14:57:47.194,-14.5499,7.1428,-37.9203,0.698373,0.747516,-0.139809,7.094000000000008
1772222267195489032,2026-02-27 14:57:47.195,-14.5475,7.15327,-37.9625,0.699427,0.750753,-0.139427,7.094999999999999
1772222267196622112,2026-02-27 14:57:47.196,-14.6422,7.21936,-38.0045,0.698781,0.754835,-0.139435,7.096000000000004
1772222267197784697,2026-02-27 14:57:47.197,-14.7176,7.21435,-38.5062,0.69687,0.756463,-0.134609,7.097000000000008
1772222267198984593,2026-02-27 14:57:47.198,-14.6934,7.23325,-38.4633,0.698669,0.756451,-0.134765,7.097999999999999
1772222267200180925,2026-02-27 14:57:47.200,-14.7179,7.31229,-37.9886,0.699957,0.755884,-0.138896,7.1000000000000085
1772222267201377174,2026-02-27 14:57:47.201,-14.7638,7.33617,-37.6727,0.699158,0.756809,-0.140635,7.100999999999999
1772222267202556857,2026-02-27 14:57:47.202,-14.727,7.36595,-37.6717,0.701686,0.755943,-0.140573,7.102000000000004
1772222267203688856,2026-02-27 14:57:47.203,-14.8031,7.46017,-37.5304,0.701595,0.755863,-0.140615,7.103000000000009
1772222267204858701,2026-02-27 14:57:47.204,-14.7663,7.49912,-36.4061,0.710019,0.755639,-0.150067,7.103999999999999
1772222267206056750,2026-02-27 14:57:47.206,-14.7438,7.55294,-36.5635,0.713613,0.756252,-0.147508,7.106000000000009
1772222267207253354,2026-02-27 14:57:47.207,-14.7208,7.55518,-36.4407,0.715306,0.756599,-0.147422,7.106999999999999
1772222267208449319,2026-02-27 14:57:47.208,-14.6834,7.58646,-36.7187,0.712537,0.755925,-0.142288,7.108000000000004
1772222267209565114,2026-02-27 14:57:47.209,-14.6954,7.57925,-36.8767,0.711434,0.755096,-0.140033,7.109000000000009
1772222267210696357,2026-02-27 14:57:47.210,-14.5836,7.63371,-36.5563,0.715242,0.752302,-0.138701,7.109999999999999
1772222267211856969,2026-02-27 14:57:47.211,-14.5418,7.62878,-36.3925,0.713664,0.749902,-0.138848,7.111000000000004
1772222267213027102,2026-02-27 14:57:47.213,-14.4878,7.68501,-36.8788,0.717212,0.749189,-0.132623,7.1129999999999995
1772222267214221861,2026-02-27 14:57:47.214,-14.4112,7.64329,-37.0822,0.715982,0.748056,-0.129393,7.114000000000004
1772222267215418556,2026-02-27 14:57:47.215,-14.3904,7.61638,-36.7275,0.715566,0.745712,-0.130693,7.115000000000009
1772222267216566388,2026-02-27 14:57:47.216,-14.3693,7.63669,-36.275,0.715856,0.744367,-0.134477,7.116
1772222267217694679,2026-02-27 14:57:47.217,-14.3149,7.60494,-35.8343,0.71386,0.742763,-0.136436,7.117000000000004
1772222267218876016,2026-02-27 14:57:47.218,-14.3341,7.5348,-35.586,0.706899,0.74065,-0.137509,7.118000000000009
1772222267220077690,2026-02-27 14:57:47.220,-14.281,7.50533,-35.5307,0.707737,0.739611,-0.136424,7.1200000000000045
1772222267221276305,2026-02-27 14:57:47.221,-14.2897,7.46105,-35.3423,0.703562,0.738544,-0.137478,7.121000000000009
1772222267222482983,2026-02-27 14:57:47.222,-14.387,7.46219,-34.4953,0.702338,0.739551,-0.142763,7.122
1772222267223576777,2026-02-27 14:57:47.223,-14.3596,7.35154,-34.8886,0.697918,0.737629,-0.138848,7.123000000000005
1772222267224710549,2026-02-27 14:57:47.224,-14.4241,7.23829,-35.5345,0.687796,0.7406,-0.134146,7.124000000000009
1772222267225864644,2026-02-27 14:57:47.225,-14.4438,7.19849,-35.769,0.686144,0.742294,-0.132637,7.125
1772222267227045922,2026-02-27 14:57:47.227,-14.5422,7.10385,-35.8395,0.679485,0.744209,-0.131772,7.1270000000000095
1772222267228243696,2026-02-27 14:57:47.228,-14.6297,7.03627,-35.9663,0.674977,0.746032,-0.131523,7.128
1772222267229440118,2026-02-27 14:57:47.229,-14.5729,6.95204,-36.1113,0.671536,0.746946,-0.131127,7.129000000000005
1772222267230580773,2026-02-27 14:57:47.230,-14.591,6.86897,-37.218,0.666724,0.747242,-0.120984,7.13000000000001
1772222267231711882,2026-02-27 14:57:47.231,-14.6876,6.72197,-37.2229,0.660096,0.749236,-0.123957,7.131
1772222267232866430,2026-02-27 14:57:47.232,-14.7402,6.58587,-37.0589,0.65104,0.748286,-0.127931,7.132000000000005
1772222267234062526,2026-02-27 14:57:47.234,-14.7695,6.48683,-37.0091,0.644824,0.747549,-0.129769,7.134
1772222267235243620,2026-02-27 14:57:47.235,-14.789,6.30169,-37.2346,0.635687,0.745762,-0.130148,7.135000000000005
1772222267236442594,2026-02-27 14:57:47.236,-14.7389,6.24075,-37.4354,0.634663,0.744972,-0.130544,7.13600000000001
1772222267237579615,2026-02-27 14:57:47.237,-14.7883,6.13701,-37.7044,0.632852,0.745444,-0.130125,7.1370000000000005
1772222267238708242,2026-02-27 14:57:47.238,-14.7564,6.0662,-37.1759,0.623493,0.744134,-0.136689,7.138000000000005
1772222267239867771,2026-02-27 14:57:47.239,-14.82,5.82689,-37.507,0.613885,0.74069,-0.136688,7.13900000000001
1772222267241059271,2026-02-27 14:57:47.241,-14.8744,5.71334,-38.1321,0.603439,0.739947,-0.132146,7.141000000000005
1772222267242262414,2026-02-27 14:57:47.242,-14.8441,5.60012,-38.7928,0.600586,0.739335,-0.127727,7.14200000000001
1772222267243476364,2026-02-27 14:57:47.243,-14.9015,5.53768,-39.0461,0.594815,0.737548,-0.126894,7.143000000000001
1772222267244585942,2026-02-27 14:57:47.244,-14.9584,5.42459,-39.2021,0.587727,0.735892,-0.125425,7.1440000000000055
1772222267245716303,2026-02-27 14:57:47.245,-15.0839,5.30953,-39.3978,0.577346,0.739434,-0.127503,7.14500000000001
1772222267247000623,2026-02-27 14:57:47.247,-15.0766,5.10445,-40.7992,0.568162,0.744693,-0.119051,7.147000000000006
1772222267248200644,2026-02-27 14:57:47.248,-15.1758,5.03965,-40.5984,0.561815,0.747763,-0.122302,7.14800000000001
1772222267249399006,2026-02-27 14:57:47.249,-15.3106,4.91374,-40.6896,0.553961,0.750884,-0.124692,7.149000000000001
1772222267250573429,2026-02-27 14:57:47.250,-15.3389,4.82804,-40.465,0.552762,0.751334,-0.128048,7.150000000000006
1772222267251703716,2026-02-27 14:57:47.251,-15.4086,4.79953,-40.5011,0.546962,0.752923,-0.129257,7.1510000000000105
1772222267252868665,2026-02-27 14:57:47.252,-15.5778,4.6534,-41.0281,0.541454,0.762013,-0.130209,7.152000000000001
1772222267254046178,2026-02-27 14:57:47.254,-15.7155,4.61103,-41.2907,0.536729,0.766761,-0.131109,7.154000000000011
1772222267255243799,2026-02-27 14:57:47.255,-15.8523,4.54466,-40.4921,0.532144,0.771688,-0.14169,7.155000000000001
1772222267256385930,2026-02-27 14:57:47.256,-15.8726,4.5548,-41.0064,0.533036,0.774779,-0.137712,7.156000000000006
1772222267257568500,2026-02-27 14:57:47.257,-15.9715,4.48935,-41.2145,0.530516,0.779328,-0.14049,7.157000000000011
1772222267258696289,2026-02-27 14:57:47.258,-16.0956,4.42434,-42.0189,0.523556,0.784851,-0.136428,7.158000000000001
1772222267259882493,2026-02-27 14:57:47.259,-16.1237,4.37267,-42.601,0.52273,0.787571,-0.134683,7.159000000000006
1772222267261063312,2026-02-27 14:57:47.261,-16.3201,4.34148,-43.1048,0.522529,0.797272,-0.13587,7.161000000000001
1772222267262259555,2026-02-27 14:57:47.262,-16.4201,4.29749,-43.2279,0.517526,0.799238,-0.136252,7.162000000000006
1772222267263471636,2026-02-27 14:57:47.263,-16.4976,4.29176,-44.1328,0.514548,0.803463,-0.128933,7.163000000000011
1772222267264563532,2026-02-27 14:57:47.264,-16.5816,4.28725,-44.5229,0.517586,0.807103,-0.128452,7.1640000000000015
1772222267265693173,2026-02-27 14:57:47.265,-16.6018,4.24451,-44.6347,0.516956,0.81009,-0.130079,7.165000000000006
1772222267266855143,2026-02-27 14:57:47.266,-16.7136,4.25051,-44.2812,0.515673,0.814734,-0.134612,7.166000000000011
1772222267268024794,2026-02-27 14:57:47.268,-16.8806,4.28927,-44.0403,0.513523,0.819681,-0.137686,7.168000000000006
1772222267269221236,2026-02-27 14:57:47.269,-16.9789,4.29059,-44.1439,0.514686,0.824217,-0.137516,7.169000000000011
1772222267270418219,2026-02-27 14:57:47.270,-17.0324,4.39763,-44.1509,0.515353,0.829369,-0.136426,7.170000000000002
1772222267271573860,2026-02-27 14:57:47.271,-17.0914,4.41309,-43.9959,0.51612,0.829773,-0.141628,7.1710000000000065
1772222267272704080,2026-02-27 14:57:47.272,-17.1923,4.48935,-43.338,0.521563,0.83825,-0.145451,7.172000000000011
1772222267273863900,2026-02-27 14:57:47.273,-17.2762,4.4977,-43.5278,0.523059,0.844426,-0.141292,7.173000000000002
1772222267275042565,2026-02-27 14:57:47.275,-17.4986,4.63402,-43.8079,0.522251,0.853626,-0.13307,7.175000000000011
1772222267276237281,2026-02-27 14:57:47.276,-17.4653,4.68727,-43.6756,0.528535,0.860568,-0.130823,7.176000000000002
1772222267277433004,2026-02-27 14:57:47.277,-17.531,4.82921,-43.5075,0.534683,0.868753,-0.131249,7.177000000000007
1772222267278560324,2026-02-27 14:57:47.278,-17.5935,4.88393,-43.4022,0.540551,0.878518,-0.131362,7.1780000000000115
1772222267279687937,2026-02-27 14:57:47.279,-17.7089,4.99198,-43.2598,0.541825,0.884465,-0.131435,7.179000000000002
1772222267280847799,2026-02-27 14:57:47.280,-17.7548,5.11047,-44.0887,0.54561,0.89345,-0.122671,7.180000000000007
1772222267282031244,2026-02-27 14:57:47.282,-17.7836,5.26104,-43.254,0.550703,0.890182,-0.128792,7.182000000000002
1772222267283222971,2026-02-27 14:57:47.283,-17.6943,5.32782,-42.4565,0.553679,0.886569,-0.128891,7.183000000000007
1772222267284418270,2026-02-27 14:57:47.284,-17.6756,5.42115,-41.9865,0.558027,0.893499,-0.128604,7.184000000000012
1772222267285566874,2026-02-27 14:57:47.285,-17.8469,5.4992,-41.7341,0.561678,0.907396,-0.129738,7.185000000000002
