abs_timestamp_ns,human_time,fx,fy,fz,tx,ty,tz,mocap_ref_time
1772222272733223257,2026-02-27 14:57:52.733,0.657823,0.73063,-1.53788,0.021922,-0.060242,0.009081,12.63300000000001
1772222272734416344,2026-02-27 14:57:52.734,0.713833,0.774716,-1.14189,0.022078,-0.057374,0.00797,12.634
1772222272735553236,2026-02-27 14:57:52.735,0.591319,0.779959,-0.965886,0.022636,-0.058054,0.005599,12.635000000000005
1772222272736679651,2026-02-27 14:57:52.736,0.581299,0.786544,-0.603348,0.017885,-0.059998,0.002747,12.63600000000001
1772222272737841426,2026-02-27 14:57:52.737,0.604485,0.795826,-0.508932,0.02357,-0.053611,0.001319,12.637
1772222272739014901,2026-02-27 14:57:52.739,0.549022,0.82114,-0.603097,0.025958,-0.048809,0.000223,12.63900000000001
1772222272740187432,2026-02-27 14:57:52.740,0.487305,0.856859,-0.581299,0.027094,-0.048531,-0.000118,12.64
1772222272741385317,2026-02-27 14:57:52.741,0.392483,0.869089,0.515422,0.025078,-0.046197,-0.009355,12.641000000000005
1772222272742560847,2026-02-27 14:57:52.742,0.43329,0.928737,0.044835,0.029975,-0.044549,-0.005468,12.64200000000001
1772222272743687715,2026-02-27 14:57:52.743,0.441622,0.971076,0.065082,0.027695,-0.042943,-0.005511,12.643
1772222272744833987,2026-02-27 14:57:52.744,0.452816,0.970203,-0.493827,0.031115,-0.044386,-0.00082,12.644000000000005
1772222272746011536,2026-02-27 14:57:52.746,0.379268,0.980667,-0.667322,0.032004,-0.044027,0.000641,12.646
1772222272747208502,2026-02-27 14:57:52.747,0.395632,1.00308,-0.626342,0.031544,-0.043335,0.000646,12.647000000000006
1772222272748404617,2026-02-27 14:57:52.748,0.37754,0.99185,-0.680296,0.035355,-0.039869,-0.000206,12.64800000000001
1772222272749572718,2026-02-27 14:57:52.749,0.362152,1.03483,-1.64277,0.037015,-0.036718,0.006973,12.649000000000001
1772222272750700228,2026-02-27 14:57:52.750,0.345077,1.04084,-1.63095,0.039664,-0.03436,0.005304,12.650000000000006
1772222272751846610,2026-02-27 14:57:52.751,0.230049,1.08701,-1.66508,0.04081,-0.031368,0.004074,12.65100000000001
1772222272753014896,2026-02-27 14:57:52.753,0.175265,1.09459,-0.906676,0.042308,-0.029192,-0.00295,12.653000000000006
1772222272754205108,2026-02-27 14:57:52.754,0.125001,1.10578,-0.920299,0.045572,-0.028134,-0.003938,12.65400000000001
1772222272755402462,2026-02-27 14:57:52.755,0.044214,1.09969,-0.978517,0.044447,-0.02579,-0.004627,12.655000000000001
1772222272756554429,2026-02-27 14:57:52.756,0.106875,1.14484,-1.12039,0.050674,-0.024411,-0.004179,12.656000000000006
1772222272757681848,2026-02-27 14:57:52.757,0.112478,1.17235,-0.697178,0.052638,-0.024719,-0.009655,12.65700000000001
1772222272758851875,2026-02-27 14:57:52.758,0.033405,1.22795,-0.179288,0.053712,-0.021858,-0.014227,12.658000000000001
1772222272760026196,2026-02-27 14:57:52.760,-0.01263,1.24021,-0.975102,0.053845,-0.020049,-0.007822,12.66000000000001
1772222272761217387,2026-02-27 14:57:52.761,-0.056336,1.25014,-1.43972,0.056989,-0.018972,-0.005221,12.661000000000001
1772222272762413594,2026-02-27 14:57:52.762,-0.061201,1.2552,-1.46706,0.05245,-0.02033,-0.004451,12.662000000000006
1772222272763566268,2026-02-27 14:57:52.763,-0.034147,1.27469,-1.41295,0.051963,-0.021638,-0.003349,12.663000000000011
1772222272764726097,2026-02-27 14:57:52.764,-0.028764,1.28652,-1.51009,0.057243,-0.020261,-0.003736,12.664000000000001
1772222272765885746,2026-02-27 14:57:52.765,0.001149,1.26526,-2.61667,0.05453,-0.024304,0.006522,12.665000000000006
1772222272767103532,2026-02-27 14:57:52.767,0.059186,1.32716,-2.23328,0.060053,-0.023498,0.001284,12.667000000000002
1772222272768330241,2026-02-27 14:57:52.768,0.044288,1.33328,-2.29095,0.061702,-0.021692,0.000845,12.668000000000006
1772222272769558971,2026-02-27 14:57:52.769,0.061592,1.40175,-1.93028,0.066231,-0.020355,-0.004194,12.669000000000011
1772222272770687412,2026-02-27 14:57:52.770,0.042005,1.39891,-1.63372,0.064944,-0.02291,-0.006145,12.670000000000002
1772222272771862092,2026-02-27 14:57:52.771,0.006404,1.38972,-1.76178,0.067059,-0.024436,-0.005279,12.671000000000006
1772222272773041154,2026-02-27 14:57:52.773,0.175392,1.46554,-1.80709,0.067789,-0.029777,-0.004196,12.673000000000002
1772222272774232980,2026-02-27 14:57:52.774,0.112835,1.51527,-0.836034,0.069278,-0.031153,-0.01273,12.674000000000007
1772222272775577222,2026-02-27 14:57:52.775,0.167083,1.55592,-0.914648,0.069249,-0.034346,-0.009958,12.675000000000011
1772222272776705474,2026-02-27 14:57:52.776,0.256997,1.57514,-0.877877,0.072089,-0.03774,-0.009014,12.676000000000002
1772222272777878666,2026-02-27 14:57:52.777,0.264422,1.56371,-1.3715,0.063068,-0.041895,-0.002589,12.677000000000007
1772222272779072794,2026-02-27 14:57:52.779,0.371029,1.50318,-2.05545,0.078939,-0.041209,-0.002738,12.679000000000002
1772222272780273179,2026-02-27 14:57:52.780,0.277056,1.50451,-2.00596,0.076577,-0.039122,-0.004446,12.680000000000007
1772222272781479292,2026-02-27 14:57:52.781,0.334149,1.58479,-2.06618,0.079162,-0.037169,-0.004229,12.681000000000012
1772222272782577952,2026-02-27 14:57:52.782,0.302157,1.59416,-2.5834,0.081295,-0.039786,7.9e-05,12.682000000000002
1772222272783705894,2026-02-27 14:57:52.783,0.333149,1.51447,-3.22282,0.083544,-0.040688,0.004638,12.683000000000007
1772222272784878736,2026-02-27 14:57:52.784,0.354527,1.63011,-2.95995,0.08706,-0.038493,0.002098,12.684000000000012
1772222272786047477,2026-02-27 14:57:52.786,0.424928,1.60443,-2.72739,0.08778,-0.028353,-0.001809,12.686000000000007
1772222272787224803,2026-02-27 14:57:52.787,0.073342,1.5073,-3.74269,0.130661,0.007293,-0.018943,12.687000000000012
1772222272788423667,2026-02-27 14:57:52.788,-0.224536,1.63205,-4.39818,0.145391,0.0193,-0.024491,12.688000000000002
1772222272789548846,2026-02-27 14:57:52.789,-0.441029,1.72416,-4.76875,0.154178,0.03195,-0.026876,12.689000000000007
1772222272790673856,2026-02-27 14:57:52.790,-0.65707,1.8295,-4.91645,0.155219,0.035599,-0.026596,12.690000000000012
1772222272791844096,2026-02-27 14:57:52.791,-0.809269,1.82101,-4.12123,0.156155,0.042115,-0.033201,12.691000000000003
1772222272793025015,2026-02-27 14:57:52.793,-0.911438,1.79532,-4.85517,0.155968,0.046573,-0.027011,12.693000000000012
1772222272794199756,2026-02-27 14:57:52.794,-1.06189,1.84754,-5.91407,0.160744,0.052179,-0.020843,12.694000000000003
1772222272795391859,2026-02-27 14:57:52.795,-1.08677,1.92949,-6.27732,0.162523,0.05249,-0.021379,12.695000000000007
1772222272796570330,2026-02-27 14:57:52.796,-1.17538,1.95218,-6.53826,0.163806,0.05048,-0.022257,12.696000000000012
1772222272797697084,2026-02-27 14:57:52.797,-1.24827,1.91431,-6.8254,0.165006,0.04961,-0.022143,12.697000000000003
1772222272798868483,2026-02-27 14:57:52.798,-1.32294,1.95999,-7.06933,0.167119,0.049046,-0.022371,12.698000000000008
1772222272800038252,2026-02-27 14:57:52.800,-1.33342,1.97303,-8.29994,0.166201,0.049349,-0.011739,12.700000000000003
1772222272801204898,2026-02-27 14:57:52.801,-1.36903,2.00146,-8.62083,0.169206,0.045195,-0.01261,12.701000000000008
1772222272802399110,2026-02-27 14:57:52.802,-1.39391,2.01493,-8.32551,0.171968,0.044506,-0.01727,12.702000000000012
1772222272803568786,2026-02-27 14:57:52.803,-1.42794,2.03818,-8.19024,0.166276,0.041477,-0.0198,12.703000000000003
1772222272804695687,2026-02-27 14:57:52.804,-1.38361,2.03193,-8.49381,0.17371,0.040398,-0.019611,12.704000000000008
1772222272805889448,2026-02-27 14:57:52.805,-1.37182,2.06278,-8.59994,0.174227,0.037867,-0.01897,12.705000000000013
1772222272807076859,2026-02-27 14:57:52.807,-1.4047,2.115,-8.35424,0.180827,0.036618,-0.025251,12.707000000000008
1772222272808260696,2026-02-27 14:57:52.808,-1.40614,2.11546,-8.18383,0.18022,0.036238,-0.026445,12.708000000000013
1772222272809475081,2026-02-27 14:57:52.809,-1.41249,2.1382,-8.57159,0.185493,0.03584,-0.026099,12.709000000000003
1772222272810578560,2026-02-27 14:57:52.810,-1.37232,2.21627,-9.08582,0.1905,0.036757,-0.021786,12.710000000000008
1772222272811705894,2026-02-27 14:57:52.811,-1.39901,2.21772,-9.61821,0.192609,0.037161,-0.018181,12.711000000000013
1772222272812876327,2026-02-27 14:57:52.812,-1.4059,2.23925,-9.87993,0.19758,0.037331,-0.018421,12.712000000000003
1772222272814044720,2026-02-27 14:57:52.814,-1.45413,2.25283,-10.0041,0.199521,0.036513,-0.018188,12.713999999999999
1772222272815211833,2026-02-27 14:57:52.815,-1.47815,2.31669,-10.212,0.205079,0.037429,-0.017297,12.715000000000003
1772222272816410865,2026-02-27 14:57:52.816,-1.41544,2.35353,-11.2802,0.209363,0.036873,-0.00926,12.716000000000008
1772222272817567989,2026-02-27 14:57:52.817,-1.41664,2.33679,-10.9501,0.213564,0.03611,-0.012832,12.716999999999999
1772222272818695210,2026-02-27 14:57:52.818,-1.41054,2.39866,-10.9625,0.217911,0.03681,-0.013795,12.718000000000004
1772222272819868141,2026-02-27 14:57:52.819,-1.3738,2.39446,-10.6517,0.218681,0.034932,-0.017661,12.719000000000008
1772222272821053193,2026-02-27 14:57:52.821,-1.41647,2.40189,-10.5174,0.223259,0.035103,-0.019388,12.721000000000004
1772222272822221732,2026-02-27 14:57:52.822,-1.3504,2.43543,-10.8003,0.227102,0.032111,-0.019438,12.722000000000008
1772222272823418213,2026-02-27 14:57:52.823,-1.33815,2.47839,-10.8028,0.228059,0.032065,-0.018975,12.722999999999999
1772222272824571343,2026-02-27 14:57:52.824,-1.36426,2.48996,-9.85956,0.233254,0.030642,-0.029197,12.724000000000004
1772222272825698458,2026-02-27 14:57:52.825,-1.35242,2.50595,-10.2214,0.229386,0.027673,-0.027081,12.725000000000009
1772222272826849217,2026-02-27 14:57:52.826,-1.33435,2.5163,-10.3629,0.23367,0.025344,-0.027039,12.725999999999999
1772222272828020770,2026-02-27 14:57:52.828,-1.27699,2.53728,-10.9856,0.237297,0.024756,-0.021766,12.728000000000009
1772222272829201976,2026-02-27 14:57:52.829,-1.35854,2.60457,-11.4819,0.238195,0.024348,-0.020863,12.729
1772222272830395185,2026-02-27 14:57:52.830,-1.28726,2.66567,-11.4839,0.243898,0.022616,-0.020085,12.730000000000004
1772222272831556157,2026-02-27 14:57:52.831,-1.31874,2.70027,-11.6396,0.246679,0.023224,-0.021153,12.731000000000009
1772222272832684382,2026-02-27 14:57:52.832,-1.34169,2.73525,-12.4094,0.248307,0.022936,-0.015526,12.732
1772222272833930819,2026-02-27 14:57:52.833,-1.38594,2.79581,-12.7851,0.251179,0.023325,-0.014126,12.733000000000004
1772222272835100027,2026-02-27 14:57:52.835,-1.40232,2.78587,-12.6737,0.252104,0.024729,-0.015557,12.735
1772222272836287100,2026-02-27 14:57:52.836,-1.56932,2.87311,-12.208,0.26144,0.029389,-0.02443,12.736000000000004
1772222272837492920,2026-02-27 14:57:52.837,-1.58612,2.89588,-12.2842,0.264503,0.031965,-0.025065,12.737000000000009
1772222272838620547,2026-02-27 14:57:52.838,-1.66443,2.93714,-12.5004,0.264672,0.035311,-0.026445,12.738
1772222272839756991,2026-02-27 14:57:52.839,-1.7339,2.9121,-12.5849,0.268918,0.035282,-0.025949,12.739000000000004
1772222272840885890,2026-02-27 14:57:52.840,-1.76423,2.95846,-12.4829,0.270887,0.037615,-0.029047,12.740000000000009
1772222272842077140,2026-02-27 14:57:52.842,-1.8348,3.02495,-11.8841,0.274699,0.040339,-0.036504,12.742000000000004
1772222272843262337,2026-02-27 14:57:52.843,-1.90899,3.04738,-12.8191,0.278802,0.046109,-0.033548,12.74300000000001
1772222272844471469,2026-02-27 14:57:52.844,-1.93182,3.02724,-13.4049,0.281108,0.048178,-0.031075,12.744
1772222272845572990,2026-02-27 14:57:52.845,-1.99449,3.01104,-13.6886,0.280551,0.050772,-0.031468,12.745000000000005
1772222272846700064,2026-02-27 14:57:52.846,-2.06758,3.03271,-13.8917,0.283823,0.054343,-0.031512,12.74600000000001
1772222272847876337,2026-02-27 14:57:52.847,-2.09366,3.06188,-14.1929,0.286555,0.056845,-0.032054,12.747
1772222272849071580,2026-02-27 14:57:52.849,-2.16743,3.08544,-14.441,0.289819,0.059663,-0.031469,12.74900000000001
1772222272850264128,2026-02-27 14:57:52.850,-2.39648,3.1316,-15.5747,0.292502,0.066665,-0.026647,12.75
1772222272851471948,2026-02-27 14:57:52.851,-2.4385,3.13632,-15.8355,0.295373,0.069426,-0.027173,12.751000000000005
1772222272852583060,2026-02-27 14:57:52.852,-2.54472,3.15664,-15.5799,0.298405,0.07375,-0.032087,12.75200000000001
1772222272853712720,2026-02-27 14:57:52.853,-2.72986,3.18894,-15.5645,0.299718,0.079711,-0.034794,12.753
1772222272854883725,2026-02-27 14:57:52.854,-2.85742,3.15898,-15.7487,0.300932,0.083458,-0.03487,12.754000000000005
1772222272856079766,2026-02-27 14:57:52.856,-3.01895,3.21043,-16.0454,0.301704,0.090488,-0.036497,12.756
1772222272857285219,2026-02-27 14:57:52.857,-3.3258,3.31176,-15.8137,0.311299,0.10715,-0.04708,12.757000000000005
1772222272858495222,2026-02-27 14:57:52.858,-3.51212,3.29355,-15.9582,0.309328,0.114112,-0.050413,12.75800000000001
1772222272859622331,2026-02-27 14:57:52.859,-3.69954,3.29197,-16.3688,0.309659,0.12281,-0.050229,12.759
1772222272860804083,2026-02-27 14:57:52.860,-3.77449,3.39092,-17.2281,0.321446,0.133471,-0.045819,12.760000000000005
1772222272862004695,2026-02-27 14:57:52.862,-3.89285,3.33488,-17.9237,0.324331,0.141742,-0.042171,12.762
1772222272863174143,2026-02-27 14:57:52.863,-4.05951,3.40049,-18.4199,0.331029,0.152912,-0.044049,12.763000000000005
1772222272864359084,2026-02-27 14:57:52.864,-4.42589,3.47347,-18.9739,0.339135,0.170694,-0.046765,12.76400000000001
1772222272865538194,2026-02-27 14:57:52.865,-4.68194,3.49214,-19.5234,0.340152,0.181841,-0.04727,12.765
1772222272866664979,2026-02-27 14:57:52.866,-4.80683,3.55793,-20.6882,0.348943,0.191023,-0.040069,12.766000000000005
1772222272867859499,2026-02-27 14:57:52.867,-4.97077,3.58764,-20.6031,0.350683,0.200445,-0.047065,12.76700000000001
1772222272869058714,2026-02-27 14:57:52.869,-5.10436,3.57194,-20.7354,0.356253,0.207773,-0.048559,12.769000000000005
1772222272870241126,2026-02-27 14:57:52.870,-5.33132,3.57445,-20.7507,0.35311,0.21623,-0.053114,12.77000000000001
1772222272871413793,2026-02-27 14:57:52.871,-5.64744,3.61575,-21.5087,0.372726,0.236366,-0.054928,12.771
1772222272872569334,2026-02-27 14:57:52.872,-5.81905,3.69893,-22.0716,0.382441,0.249253,-0.055725,12.772000000000006
1772222272873698564,2026-02-27 14:57:52.873,-6.05075,3.75695,-22.4888,0.383471,0.257388,-0.057813,12.77300000000001
1772222272874851812,2026-02-27 14:57:52.874,-6.15684,3.77079,-21.8677,0.392452,0.264162,-0.068423,12.774000000000001
1772222272876047154,2026-02-27 14:57:52.876,-6.35114,3.81056,-22.5561,0.396224,0.271383,-0.066135,12.77600000000001
1772222272877216398,2026-02-27 14:57:52.877,-6.53236,3.80807,-22.8557,0.398207,0.27786,-0.067322,12.777000000000001
1772222272878391581,2026-02-27 14:57:52.878,-6.74718,3.87264,-24.3398,0.406513,0.290243,-0.061372,12.778000000000006
1772222272879554585,2026-02-27 14:57:52.879,-6.85908,3.86826,-24.644,0.40341,0.292517,-0.065208,12.77900000000001
1772222272880681184,2026-02-27 14:57:52.880,-6.87874,3.89447,-24.9556,0.408701,0.294898,-0.063998,12.780000000000001
1772222272881876341,2026-02-27 14:57:52.881,-7.03447,3.91259,-25.3765,0.418303,0.300447,-0.064867,12.781000000000006
1772222272883047969,2026-02-27 14:57:52.883,-7.07112,3.99625,-26.5456,0.420515,0.307478,-0.057174,12.783000000000001
1772222272884218782,2026-02-27 14:57:52.884,-7.20276,3.99535,-27.0288,0.428726,0.316324,-0.057753,12.784000000000006
1772222272885484296,2026-02-27 14:57:52.885,-7.50081,4.11755,-27.1812,0.440304,0.328347,-0.065654,12.78500000000001
1772222272886616201,2026-02-27 14:57:52.886,-7.65199,4.14757,-27.256,0.446525,0.333736,-0.069815,12.786000000000001
1772222272887790130,2026-02-27 14:57:52.887,-7.76663,4.24109,-27.4881,0.450583,0.338663,-0.071737,12.787000000000006
1772222272888987538,2026-02-27 14:57:52.888,-7.84141,4.24732,-27.7491,0.455041,0.342195,-0.072222,12.788000000000011
1772222272890185497,2026-02-27 14:57:52.890,-7.91214,4.21966,-27.9324,0.45635,0.344378,-0.072303,12.790000000000006
1772222272891356706,2026-02-27 14:57:52.891,-8.03474,4.26453,-27.3441,0.458664,0.348256,-0.081505,12.791000000000011
1772222272892557675,2026-02-27 14:57:52.892,-8.00244,4.26501,-28.0046,0.462485,0.348388,-0.079887,12.792000000000002
1772222272893687019,2026-02-27 14:57:52.893,-7.98027,4.25491,-28.4094,0.461695,0.347907,-0.077147,12.793000000000006
1772222272894863973,2026-02-27 14:57:52.894,-8.00579,4.23913,-29.0242,0.463998,0.348473,-0.073382,12.794000000000011
1772222272896059623,2026-02-27 14:57:52.896,-8.02037,4.21805,-29.2726,0.464749,0.34683,-0.072841,12.796000000000006
1772222272897229608,2026-02-27 14:57:52.897,-7.97063,4.19228,-29.4186,0.462659,0.344972,-0.072339,12.797000000000011
1772222272898419830,2026-02-27 14:57:52.898,-8.02467,4.18029,-29.7918,0.461762,0.341967,-0.07164,12.798000000000002
1772222272899570712,2026-02-27 14:57:52.899,-7.95227,4.18281,-31.059,0.461856,0.339131,-0.061441,12.799000000000007
1772222272900697794,2026-02-27 14:57:52.900,-7.88188,4.14323,-30.7952,0.460786,0.33682,-0.064336,12.800000000000011
1772222272901870770,2026-02-27 14:57:52.901,-7.8205,4.14735,-30.9376,0.458918,0.332614,-0.064423,12.801000000000002
1772222272903069676,2026-02-27 14:57:52.903,-7.7843,4.0602,-30.7506,0.460715,0.33117,-0.06796,12.803000000000011
1772222272904240575,2026-02-27 14:57:52.904,-7.77088,4.05921,-30.6412,0.458144,0.326138,-0.069382,12.804000000000002
1772222272905431023,2026-02-27 14:57:52.905,-7.66626,4.02967,-31.021,0.455371,0.317402,-0.067459,12.805000000000007
1772222272906577953,2026-02-27 14:57:52.906,-7.66372,3.93734,-31.2136,0.452393,0.312164,-0.066319,12.806000000000012
1772222272907706610,2026-02-27 14:57:52.907,-7.61214,3.91028,-30.5544,0.449872,0.307114,-0.07388,12.807000000000002
1772222272908880092,2026-02-27 14:57:52.908,-7.60608,3.84968,-30.6882,0.44485,0.301377,-0.072515,12.808000000000007
1772222272910075887,2026-02-27 14:57:52.910,-7.56785,3.78547,-30.9587,0.440819,0.296733,-0.071882,12.810000000000002
1772222272911255877,2026-02-27 14:57:52.911,-7.43398,3.71742,-31.5704,0.440664,0.292483,-0.065224,12.811000000000007
1772222272912445777,2026-02-27 14:57:52.912,-7.3183,3.66559,-32.297,0.435711,0.284512,-0.06015,12.812000000000012
1772222272913594009,2026-02-27 14:57:52.913,-7.31051,3.5999,-32.4661,0.431972,0.281408,-0.059461,12.813000000000002
1772222272914721717,2026-02-27 14:57:52.914,-7.24716,3.53638,-32.5531,0.428338,0.277123,-0.058738,12.814000000000007
1772222272915896602,2026-02-27 14:57:52.915,-7.16532,3.39796,-33.0498,0.425073,0.272824,-0.054439,12.815000000000012
1772222272917092165,2026-02-27 14:57:52.917,-7.09381,3.29979,-33.7973,0.422019,0.268694,-0.049181,12.817000000000007
1772222272918278291,2026-02-27 14:57:52.918,-7.09657,3.28512,-33.5054,0.414832,0.267319,-0.050651,12.818000000000012
1772222272919471420,2026-02-27 14:57:52.919,-7.09019,3.11062,-33.1045,0.398765,0.257411,-0.053922,12.819000000000003
1772222272920600229,2026-02-27 14:57:52.920,-6.99134,3.00117,-33.1442,0.401075,0.258567,-0.053601,12.820000000000007
1772222272921727062,2026-02-27 14:57:52.921,-7.02372,3.00293,-33.4146,0.399044,0.259668,-0.052936,12.821000000000012
1772222272922884855,2026-02-27 14:57:52.922,-7.12646,2.92617,-33.7382,0.39736,0.262877,-0.053608,12.822000000000003
1772222272924079592,2026-02-27 14:57:52.924,-7.129,2.90537,-34.0525,0.397166,0.267518,-0.052156,12.824000000000012
1772222272925276179,2026-02-27 14:57:52.925,-6.81543,2.75462,-33.1802,0.399441,0.286694,-0.05303,12.825000000000003
1772222272926476658,2026-02-27 14:57:52.926,-6.46894,2.43408,-34.0493,0.411195,0.336057,-0.031947,12.826000000000008
1772222272927605663,2026-02-27 14:57:52.927,-6.41329,2.28628,-34.7186,0.415648,0.360149,-0.021802,12.827000000000012
1772222272928781996,2026-02-27 14:57:52.928,-6.35561,2.17518,-35.2337,0.423352,0.380135,-0.01655,12.828000000000003
1772222272929977725,2026-02-27 14:57:52.929,-6.42264,2.03368,-35.5565,0.428492,0.401212,-0.016334,12.829000000000008
1772222272931172777,2026-02-27 14:57:52.931,-6.56803,1.99332,-35.9377,0.434522,0.418972,-0.016836,12.831000000000003
1772222272932342507,2026-02-27 14:57:52.932,-6.70912,1.92391,-36.3288,0.442628,0.432179,-0.01896,12.832000000000008
1772222272933529768,2026-02-27 14:57:52.933,-6.90713,1.70505,-37.8807,0.448112,0.448481,-0.018242,12.833000000000013
1772222272934656348,2026-02-27 14:57:52.934,-7.07235,1.675,-38.2643,0.45158,0.455722,-0.022042,12.834000000000003
1772222272935829288,2026-02-27 14:57:52.935,-7.21003,1.61181,-38.2077,0.453046,0.461167,-0.030989,12.835000000000008
1772222272937027408,2026-02-27 14:57:52.937,-7.44743,1.61341,-38.1488,0.451232,0.46235,-0.040914,12.837000000000003
1772222272938225476,2026-02-27 14:57:52.938,-7.60407,1.60397,-38.5112,0.45386,0.463633,-0.045052,12.838000000000008
1772222272939407437,2026-02-27 14:57:52.939,-7.74726,1.63516,-39.0133,0.459048,0.466174,-0.049432,12.838999999999999
1772222272940532813,2026-02-27 14:57:52.940,-8.23863,1.71895,-39.4671,0.464252,0.479373,-0.062046,12.840000000000003
1772222272941661860,2026-02-27 14:57:52.941,-8.47161,1.80565,-39.4193,0.470504,0.489072,-0.069543,12.841000000000008
1772222272942837795,2026-02-27 14:57:52.942,-8.72676,1.79272,-39.9841,0.470657,0.498652,-0.070923,12.841999999999999
1772222272944039006,2026-02-27 14:57:52.944,-8.92482,1.86339,-40.5589,0.476962,0.508356,-0.070247,12.844000000000008
1772222272945234830,2026-02-27 14:57:52.945,-9.15706,1.88656,-41.2011,0.479949,0.518912,-0.068843,12.844999999999999
1772222272946405255,2026-02-27 14:57:52.946,-9.38728,1.97403,-41.5017,0.480225,0.528818,-0.07004,12.846000000000004
1772222272947538765,2026-02-27 14:57:52.947,-9.77943,2.15122,-41.8884,0.483838,0.542069,-0.073899,12.847000000000008
1772222272948667761,2026-02-27 14:57:52.948,-10.0572,2.21816,-42.271,0.485506,0.551299,-0.075086,12.847999999999999
1772222272949841878,2026-02-27 14:57:52.949,-10.3599,2.33907,-43.5305,0.484359,0.559659,-0.070137,12.849000000000004
1772222272951040513,2026-02-27 14:57:52.951,-10.5725,2.37415,-43.2691,0.483169,0.561631,-0.079732,12.850999999999999
1772222272952238053,2026-02-27 14:57:52.952,-10.802,2.5031,-43.425,0.484705,0.565593,-0.081353,12.852000000000004
1772222272953420489,2026-02-27 14:57:52.953,-11.0661,2.57099,-43.0846,0.482931,0.566854,-0.084451,12.853000000000009
1772222272954530877,2026-02-27 14:57:52.954,-11.49,2.79531,-43.5438,0.489397,0.583797,-0.08638,12.854
1772222272955659469,2026-02-27 14:57:52.955,-11.705,2.88939,-43.7803,0.489435,0.594176,-0.087985,12.855000000000004
1772222272956858496,2026-02-27 14:57:52.956,-11.9089,2.94692,-43.9493,0.48925,0.602109,-0.090616,12.856000000000009
1772222272958056416,2026-02-27 14:57:52.958,-12.1891,3.04081,-43.1896,0.492069,0.611969,-0.101395,12.858000000000004
1772222272959255594,2026-02-27 14:57:52.959,-12.3229,3.0926,-43.4979,0.493183,0.619368,-0.101121,12.859000000000009
1772222272960437255,2026-02-27 14:57:52.960,-12.5176,3.19714,-43.8157,0.495565,0.626299,-0.102676,12.86
1772222272961552917,2026-02-27 14:57:52.961,-12.8605,3.36433,-45.0971,0.491086,0.630709,-0.097916,12.861000000000004
1772222272962688399,2026-02-27 14:57:52.962,-13.0025,3.44453,-45.3526,0.493045,0.63319,-0.099637,12.862000000000009
1772222272963912475,2026-02-27 14:57:52.963,-13.0894,3.54728,-45.5259,0.49325,0.632662,-0.098333,12.863
1772222272965113690,2026-02-27 14:57:52.965,-13.2016,3.63011,-45.721,0.493322,0.632674,-0.100038,12.865000000000009
1772222272966312294,2026-02-27 14:57:52.966,-13.2901,3.66953,-46.5265,0.492621,0.632747,-0.095513,12.866
1772222272967512136,2026-02-27 14:57:52.967,-13.2891,3.71049,-47.1542,0.494701,0.629379,-0.092967,12.867000000000004
1772222272968653258,2026-02-27 14:57:52.968,-13.4124,3.83471,-47.1278,0.496362,0.627927,-0.094253,12.86800000000001
1772222272969871631,2026-02-27 14:57:52.969,-13.4655,3.95755,-46.8846,0.496575,0.620788,-0.100745,12.869
1772222272971070232,2026-02-27 14:57:52.971,-13.4555,4.05701,-46.9586,0.503428,0.617426,-0.101611,12.87100000000001
1772222272972270859,2026-02-27 14:57:52.972,-13.375,4.14923,-47.2591,0.507699,0.614029,-0.102059,12.872
1772222272973446997,2026-02-27 14:57:52.973,-13.4105,4.14645,-47.3728,0.507234,0.608363,-0.100533,12.873000000000005
1772222272974606547,2026-02-27 14:57:52.974,-13.3372,4.22913,-46.7439,0.512315,0.599471,-0.109341,12.87400000000001
1772222272975779076,2026-02-27 14:57:52.975,-13.2953,4.24711,-47.3301,0.51495,0.595364,-0.106785,12.875
1772222272976979103,2026-02-27 14:57:52.976,-13.2147,4.30968,-47.5006,0.516079,0.589498,-0.105498,12.876000000000005
1772222272978176842,2026-02-27 14:57:52.978,-13.1364,4.3573,-48.1789,0.521853,0.585292,-0.101008,12.878
1772222272979375517,2026-02-27 14:57:52.979,-13.0651,4.32548,-48.3738,0.515859,0.578776,-0.102697,12.879000000000005
1772222272980563554,2026-02-27 14:57:52.980,-12.8465,4.36781,-48.6406,0.522813,0.566735,-0.098561,12.88000000000001
1772222272981697668,2026-02-27 14:57:52.981,-12.8121,4.43765,-48.8329,0.525874,0.563083,-0.097035,12.881
1772222272982877947,2026-02-27 14:57:52.982,-12.7763,4.47806,-50.0489,0.5288,0.5601,-0.088413,12.882000000000005
1772222272984051983,2026-02-27 14:57:52.984,-12.6752,4.58869,-50.0664,0.535587,0.55743,-0.091442,12.884
1772222272985222852,2026-02-27 14:57:52.985,-12.5937,4.65969,-50.108,0.538128,0.556119,-0.090972,12.885000000000005
1772222272986394890,2026-02-27 14:57:52.986,-12.6339,4.68542,-49.6533,0.538362,0.552925,-0.095331,12.88600000000001
1772222272987541203,2026-02-27 14:57:52.987,-12.5642,4.79614,-49.7316,0.547046,0.551589,-0.098355,12.887
1772222272988668889,2026-02-27 14:57:52.988,-12.5396,4.8498,-49.9296,0.550675,0.551036,-0.099006,12.888000000000005
1772222272989827426,2026-02-27 14:57:52.989,-12.5726,4.88641,-50.0652,0.553467,0.550888,-0.100049,12.88900000000001
1772222272991024598,2026-02-27 14:57:52.991,-12.5192,4.91812,-49.4627,0.564677,0.550717,-0.107395,12.891000000000005
1772222272992221119,2026-02-27 14:57:52.992,-12.5734,5.06544,-49.4631,0.575714,0.551222,-0.110051,12.89200000000001
1772222272993417268,2026-02-27 14:57:52.993,-12.4843,5.04926,-49.6008,0.57604,0.549599,-0.110582,12.893
1772222272994528881,2026-02-27 14:57:52.994,-12.4677,5.15849,-50.1353,0.584466,0.550259,-0.106175,12.894000000000005
1772222272995659422,2026-02-27 14:57:52.995,-12.3764,5.30513,-50.6594,0.600144,0.551568,-0.105913,12.89500000000001
1772222272996974254,2026-02-27 14:57:52.996,-12.4011,5.33372,-50.7676,0.60649,0.553352,-0.107759,12.896
1772222272998172800,2026-02-27 14:57:52.998,-12.3409,5.36437,-50.7729,0.612661,0.553555,-0.109576,12.89800000000001
1772222272999371384,2026-02-27 14:57:52.999,-12.2926,5.43509,-50.7778,0.617104,0.554344,-0.108418,12.899000000000001
1772222273000559946,2026-02-27 14:57:53.000,-12.1633,5.52279,-51.1873,0.629197,0.557674,-0.106971,12.900000000000006
1772222273001706991,2026-02-27 14:57:53.001,-12.1633,5.52279,-51.1873,0.629197,0.557674,-0.106971,12.90100000000001
1772222273002924791,2026-02-27 14:57:53.002,-12.2389,5.57145,-50.5696,0.64165,0.563421,-0.113648,12.902000000000001
1772222273004124993,2026-02-27 14:57:53.004,-12.2337,5.6459,-50.3646,0.64648,0.566213,-0.116641,12.90400000000001
1772222273005323138,2026-02-27 14:57:53.005,-12.1423,5.68654,-50.3385,0.65309,0.569837,-0.116786,12.905000000000001
1772222273006516276,2026-02-27 14:57:53.006,-12.1903,5.69154,-50.2295,0.656024,0.573741,-0.117761,12.906000000000006
1772222273007650549,2026-02-27 14:57:53.007,-12.1778,5.79768,-49.0796,0.668218,0.581748,-0.130824,12.90700000000001
1772222273008821899,2026-02-27 14:57:53.008,-12.1873,5.86443,-49.2939,0.669925,0.58613,-0.129007,12.908000000000001
1772222273009991389,2026-02-27 14:57:53.009,-12.2629,5.88573,-49.2815,0.673251,0.59007,-0.130857,12.909000000000006
1772222273011164660,2026-02-27 14:57:53.011,-12.1707,5.91058,-49.7677,0.682871,0.594801,-0.127189,12.911000000000001
1772222273012333432,2026-02-27 14:57:53.012,-12.2148,5.99716,-50.0579,0.687586,0.599582,-0.126181,12.912000000000006
1772222273013527130,2026-02-27 14:57:53.013,-12.4035,6.02918,-49.9647,0.690199,0.607056,-0.128198,12.913000000000011
1772222273014657185,2026-02-27 14:57:53.014,-12.3599,6.14889,-50.0169,0.698899,0.610145,-0.128904,12.914000000000001
1772222273015806970,2026-02-27 14:57:53.015,-12.4345,6.1925,-50.709,0.698583,0.612979,-0.122861,12.915000000000006
1772222273016976788,2026-02-27 14:57:53.016,-12.5249,6.19192,-50.8221,0.695498,0.61585,-0.121484,12.916000000000011
1772222273018146675,2026-02-27 14:57:53.018,-12.6033,6.28343,-50.6875,0.698344,0.618194,-0.123426,12.918000000000006
1772222273019317728,2026-02-27 14:57:53.019,-12.7088,6.32405,-50.294,0.698272,0.619545,-0.127848,12.919000000000011
1772222273020512011,2026-02-27 14:57:53.020,-12.9261,6.35996,-50.0122,0.697653,0.623843,-0.131044,12.920000000000002
1772222273021640177,2026-02-27 14:57:53.021,-13.0409,6.40801,-50.0794,0.697802,0.625912,-0.130376,12.921000000000006
1772222273022798776,2026-02-27 14:57:53.022,-13.1027,6.44288,-50.1249,0.694047,0.626915,-0.130013,12.922000000000011
1772222273023968539,2026-02-27 14:57:53.023,-13.3096,6.41116,-49.8139,0.686779,0.627953,-0.131831,12.923000000000002
1772222273025137816,2026-02-27 14:57:53.025,-13.3801,6.48104,-49.1557,0.687972,0.628834,-0.136077,12.925000000000011
1772222273026307486,2026-02-27 14:57:53.026,-13.5224,6.4828,-49.5558,0.682129,0.629521,-0.131649,12.926000000000002
1772222273027499163,2026-02-27 14:57:53.027,-13.6677,6.48467,-49.7445,0.676333,0.630582,-0.128389,12.927000000000007
1772222273028629657,2026-02-27 14:57:53.028,-13.8865,6.48295,-50.306,0.66607,0.631009,-0.121534,12.928000000000011
1772222273029775104,2026-02-27 14:57:53.029,-13.9985,6.482,-50.3605,0.658077,0.63129,-0.120177,12.929000000000002
1772222273030946700,2026-02-27 14:57:53.030,-14.084,6.49774,-50.4099,0.65739,0.632348,-0.119109,12.930000000000007
1772222273032117007,2026-02-27 14:57:53.032,-14.1431,6.41836,-50.3806,0.649917,0.630748,-0.117954,12.932000000000002
1772222273033286873,2026-02-27 14:57:53.033,-14.2209,6.33711,-51.3656,0.638558,0.630499,-0.108265,12.933000000000007
1772222273034475337,2026-02-27 14:57:53.034,-14.3149,6.27232,-50.9999,0.627696,0.630949,-0.112124,12.934000000000012
1772222273035606252,2026-02-27 14:57:53.035,-14.3771,6.17082,-50.536,0.620855,0.632326,-0.115043,12.935000000000002
1772222273036752464,2026-02-27 14:57:53.036,-14.3654,6.12593,-50.3192,0.616418,0.634375,-0.117214,12.936000000000007
1772222273037921589,2026-02-27 14:57:53.037,-14.4347,6.07896,-50.328,0.610146,0.637287,-0.116312,12.937000000000012
1772222273039091421,2026-02-27 14:57:53.039,-14.4856,5.99155,-50.3389,0.601012,0.637778,-0.115254,12.939000000000007
1772222273040273506,2026-02-27 14:57:53.040,-14.5217,5.99123,-50.3593,0.594156,0.640733,-0.115646,12.940000000000012
1772222273041483882,2026-02-27 14:57:53.041,-14.5113,5.93029,-49.5168,0.591392,0.640516,-0.123178,12.941000000000003
1772222273042613327,2026-02-27 14:57:53.042,-14.5305,5.9058,-49.4824,0.587626,0.642063,-0.12241,12.942000000000007
1772222273043768302,2026-02-27 14:57:53.043,-14.6428,5.65394,-50.1366,0.572567,0.6453,-0.1168,12.943000000000012
1772222273044940654,2026-02-27 14:57:53.044,-14.6683,5.60363,-50.4646,0.566894,0.645613,-0.1137,12.944000000000003
1772222273046143513,2026-02-27 14:57:53.046,-14.6918,5.49961,-50.5527,0.559631,0.646604,-0.113105,12.946000000000012
1772222273047340708,2026-02-27 14:57:53.047,-14.7069,5.40574,-50.556,0.554746,0.64843,-0.112852,12.947000000000003
1772222273048545935,2026-02-27 14:57:53.048,-14.7328,5.3377,-50.4999,0.546775,0.648152,-0.112579,12.948000000000008
1772222273049678218,2026-02-27 14:57:53.049,-14.7104,5.15652,-51.5365,0.53426,0.652811,-0.103982,12.949000000000012
1772222273050874504,2026-02-27 14:57:53.050,-14.7604,5.09955,-51.2821,0.529643,0.653753,-0.105878,12.950000000000003
1772222273052072440,2026-02-27 14:57:53.052,-14.7877,5.06182,-51.0319,0.522265,0.655217,-0.107203,12.952000000000012
1772222273053273487,2026-02-27 14:57:53.053,-14.8449,4.98995,-50.7357,0.51528,0.657592,-0.109364,12.953000000000003
1772222273054486335,2026-02-27 14:57:53.054,-14.8875,4.92899,-50.6277,0.508994,0.658735,-0.110744,12.954000000000008
1772222273055616418,2026-02-27 14:57:53.055,-14.8932,4.8437,-50.6944,0.501904,0.662305,-0.110172,12.955000000000013
1772222273056771671,2026-02-27 14:57:53.056,-15.0119,4.65859,-50.6709,0.491028,0.665672,-0.108335,12.956000000000003
1772222273057974260,2026-02-27 14:57:53.057,-15.0228,4.62333,-49.7409,0.48585,0.667242,-0.116938,12.957000000000008
1772222273059171084,2026-02-27 14:57:53.059,-15.0546,4.57298,-50.1999,0.479168,0.670529,-0.112477,12.959000000000003
1772222273060342664,2026-02-27 14:57:53.060,-15.086,4.47012,-50.2015,0.475503,0.673575,-0.112425,12.960000000000008
1772222273061554299,2026-02-27 14:57:53.061,-15.1531,4.40845,-50.784,0.471587,0.676462,-0.10774,12.961000000000013
1772222273062682248,2026-02-27 14:57:53.062,-15.2334,4.30059,-51.1062,0.460927,0.680676,-0.105868,12.962000000000003
1772222273063875899,2026-02-27 14:57:53.063,-15.3075,4.23972,-51.1887,0.457478,0.68372,-0.106022,12.963000000000008
1772222273065047660,2026-02-27 14:57:53.065,-15.3943,4.1852,-51.1919,0.452767,0.687276,-0.105942,12.965000000000003
1772222273066245201,2026-02-27 14:57:53.066,-15.406,4.09418,-52.0424,0.445063,0.689287,-0.097675,12.966000000000008
1772222273067447378,2026-02-27 14:57:53.067,-15.4518,4.09691,-52.1062,0.443076,0.694296,-0.097372,12.966999999999999
1772222273068563327,2026-02-27 14:57:53.068,-15.5698,4.07491,-52.0703,0.439527,0.699436,-0.097021,12.968000000000004
1772222273069695135,2026-02-27 14:57:53.069,-15.8463,3.98061,-51.4567,0.436124,0.712047,-0.104312,12.969000000000008
1772222273070865344,2026-02-27 14:57:53.070,-15.9625,3.98822,-51.3973,0.432798,0.718747,-0.104379,12.969999999999999
1772222273072062175,2026-02-27 14:57:53.072,-16.0791,3.9608,-51.514,0.432146,0.727069,-0.105384,12.972000000000008
1772222273073260862,2026-02-27 14:57:53.073,-16.2246,3.88602,-51.5186,0.428842,0.733858,-0.105088,12.972999999999999
1772222273074479008,2026-02-27 14:57:53.074,-16.3655,3.90163,-51.1583,0.430215,0.743257,-0.110466,12.974000000000004
1772222273075612247,2026-02-27 14:57:53.075,-16.4756,3.91676,-50.6844,0.429355,0.751906,-0.114553,12.975000000000009
1772222273076743372,2026-02-27 14:57:53.076,-16.7028,3.86039,-51.4255,0.428212,0.769533,-0.110451,12.975999999999999
1772222273077876584,2026-02-27 14:57:53.077,-16.8955,3.84712,-51.9107,0.430033,0.777646,-0.108136,12.977000000000004
1772222273079076275,2026-02-27 14:57:53.079,-17.007,3.83147,-52.0787,0.428147,0.787528,-0.107506,12.979
1772222273080274215,2026-02-27 14:57:53.080,-17.206,3.86758,-52.1356,0.425227,0.796607,-0.108669,12.980000000000004
1772222273081481242,2026-02-27 14:57:53.081,-17.3067,3.91346,-52.2172,0.429641,0.80555,-0.108459,12.981000000000009
1772222273082612101,2026-02-27 14:57:53.082,-17.5594,3.92674,-52.2488,0.431702,0.817523,-0.11017,12.982
1772222273083742574,2026-02-27 14:57:53.083,-17.7675,3.92944,-52.9857,0.433588,0.832716,-0.106585,12.983000000000004
1772222273084870928,2026-02-27 14:57:53.084,-17.8639,3.94076,-53.0825,0.436152,0.840667,-0.107284,12.984000000000009
1772222273086067899,2026-02-27 14:57:53.086,-17.9774,3.99335,-52.7035,0.437161,0.848016,-0.11241,12.986000000000004
1772222273087267730,2026-02-27 14:57:53.087,-18.0804,4.00987,-52.5206,0.439819,0.854061,-0.11548,12.987000000000009
1772222273088479776,2026-02-27 14:57:53.088,-18.1799,4.02273,-52.6333,0.444019,0.862183,-0.116793,12.988
1772222273089609111,2026-02-27 14:57:53.089,-18.3186,4.05987,-52.7519,0.445717,0.869551,-0.117474,12.989000000000004
1772222273090768715,2026-02-27 14:57:53.090,-18.4683,4.15829,-51.8278,0.448791,0.880361,-0.12803,12.990000000000009
1772222273091962216,2026-02-27 14:57:53.091,-18.5684,4.21177,-52.0211,0.450927,0.884596,-0.126573,12.991
1772222273093158272,2026-02-27 14:57:53.093,-18.6863,4.17164,-52.0318,0.454416,0.890662,-0.128047,12.99300000000001
1772222273094354229,2026-02-27 14:57:53.094,-18.7208,4.23803,-52.5718,0.45599,0.895276,-0.123198,12.994
1772222273095558016,2026-02-27 14:57:53.095,-18.8772,4.25665,-52.8742,0.4581,0.90084,-0.120741,12.995000000000005
1772222273096689641,2026-02-27 14:57:53.096,-19.0057,4.28727,-52.8327,0.460111,0.908285,-0.120911,12.99600000000001
1772222273097837451,2026-02-27 14:57:53.097,-19.1879,4.40513,-52.658,0.468883,0.922382,-0.122382,12.997
1772222273099035093,2026-02-27 14:57:53.099,-19.2476,4.48338,-52.9715,0.473469,0.928425,-0.117774,12.99900000000001
1772222273100234495,2026-02-27 14:57:53.100,-19.4179,4.57254,-53.3139,0.477351,0.936846,-0.115298,13.0
1772222273101433758,2026-02-27 14:57:53.101,-19.5187,4.62848,-52.9117,0.485848,0.948693,-0.117123,13.001000000000005
1772222273102566444,2026-02-27 14:57:53.102,-19.6747,4.67418,-52.4958,0.486825,0.954026,-0.12816,13.00200000000001
1772222273103696770,2026-02-27 14:57:53.103,-19.6795,4.78318,-51.9507,0.49286,0.95975,-0.126902,13.003
1772222273104846310,2026-02-27 14:57:53.104,-19.895,4.8834,-51.4554,0.506057,0.987332,-0.12381,13.004000000000005
1772222273106048074,2026-02-27 14:57:53.106,-20.1622,4.97955,-51.4168,0.515819,1.00546,-0.123223,13.006
1772222273107234487,2026-02-27 14:57:53.107,-20.3987,5.01516,-51.2304,0.522016,1.01758,-0.126862,13.007000000000005
1772222273108559293,2026-02-27 14:57:53.108,-20.67,5.14068,-50.2181,0.5297,1.03532,-0.13836,13.00800000000001
1772222273109690150,2026-02-27 14:57:53.109,-20.8278,5.16595,-50.4513,0.535806,1.04769,-0.136733,13.009
1772222273110837976,2026-02-27 14:57:53.110,-21.0503,5.28225,-50.7014,0.542771,1.06929,-0.132372,13.010000000000005
1772222273112013738,2026-02-27 14:57:53.112,-21.1432,5.34016,-50.8673,0.54499,1.07847,-0.131829,13.012
1772222273113210854,2026-02-27 14:57:53.113,-21.2126,5.40149,-50.7203,0.546677,1.08629,-0.132397,13.013000000000005
1772222273114407046,2026-02-27 14:57:53.114,-21.2232,5.46503,-50.6092,0.547812,1.0918,-0.133635,13.01400000000001
1772222273115568562,2026-02-27 14:57:53.115,-21.3538,5.49884,-50.4426,0.548887,1.09755,-0.134368,13.015
1772222273116698370,2026-02-27 14:57:53.116,-21.4314,5.54193,-51.2152,0.550464,1.10266,-0.125158,13.016000000000005
1772222273117860829,2026-02-27 14:57:53.117,-21.5165,5.59461,-50.6224,0.555094,1.10987,-0.128396,13.01700000000001
1772222273119057777,2026-02-27 14:57:53.119,-21.5578,5.62658,-49.9042,0.557059,1.11333,-0.132241,13.019000000000005
1772222273120253105,2026-02-27 14:57:53.120,-21.6594,5.62854,-49.4644,0.555414,1.11693,-0.134377,13.02000000000001
1772222273121449712,2026-02-27 14:57:53.121,-21.7057,5.63186,-49.2637,0.562225,1.12147,-0.133523,13.021
1772222273122599120,2026-02-27 14:57:53.122,-21.8009,5.67961,-49.0893,0.56569,1.12672,-0.132071,13.022000000000006
1772222273123728057,2026-02-27 14:57:53.123,-21.8141,5.76258,-48.7842,0.570852,1.13137,-0.131597,13.02300000000001
1772222273124890714,2026-02-27 14:57:53.124,-21.8925,5.74708,-48.0557,0.571169,1.13621,-0.137206,13.024000000000001
1772222273126068347,2026-02-27 14:57:53.126,-21.9799,5.87926,-47.7362,0.585666,1.14851,-0.135293,13.02600000000001
1772222273127264371,2026-02-27 14:57:53.127,-22.0133,5.83849,-47.8459,0.580786,1.14423,-0.137744,13.027000000000001
1772222273128473987,2026-02-27 14:57:53.128,-21.808,5.86256,-48.072,0.582678,1.13912,-0.127391,13.028000000000006
1772222273129604085,2026-02-27 14:57:53.129,-21.6912,5.85177,-47.784,0.588271,1.13403,-0.124121,13.02900000000001
1772222273130773836,2026-02-27 14:57:53.130,-21.6594,5.83565,-47.8047,0.590755,1.14446,-0.117215,13.030000000000001
1772222273131957863,2026-02-27 14:57:53.131,-21.8878,5.92402,-47.8863,0.597825,1.15356,-0.114079,13.031000000000006
1772222273133153141,2026-02-27 14:57:53.133,-21.9504,5.9288,-48.7174,0.598496,1.15623,-0.10534,13.033000000000001
1772222273134348976,2026-02-27 14:57:53.134,-21.9518,5.97315,-48.324,0.604447,1.15897,-0.109073,13.034000000000006
1772222273135563244,2026-02-27 14:57:53.135,-21.9195,5.8584,-48.1638,0.599124,1.15638,-0.105721,13.03500000000001
1772222273136691427,2026-02-27 14:57:53.136,-21.8092,5.86449,-47.7486,0.59712,1.15232,-0.106815,13.036000000000001
1772222273137862235,2026-02-27 14:57:53.137,-21.7828,5.82288,-47.5833,0.594284,1.14713,-0.107384,13.037000000000006
1772222273139031371,2026-02-27 14:57:53.139,-21.6502,5.83336,-47.7364,0.592778,1.13416,-0.102677,13.039000000000001
1772222273140201777,2026-02-27 14:57:53.140,-21.5804,5.7865,-47.7439,0.590238,1.12732,-0.101629,13.040000000000006
1772222273141400537,2026-02-27 14:57:53.141,-21.4925,5.78975,-46.6948,0.58674,1.12011,-0.109608,13.041000000000011
1772222273142591251,2026-02-27 14:57:53.142,-21.403,5.75228,-47.0265,0.588736,1.11191,-0.105426,13.042000000000002
1772222273143722653,2026-02-27 14:57:53.143,-21.2774,5.72508,-47.117,0.587364,1.10371,-0.103974,13.043000000000006
1772222273144882092,2026-02-27 14:57:53.144,-21.1614,5.68927,-47.6006,0.585799,1.09564,-0.098471,13.044000000000011
1772222273146057406,2026-02-27 14:57:53.146,-20.8548,5.62361,-48.0014,0.584277,1.07728,-0.092894,13.046000000000006
1772222273147258684,2026-02-27 14:57:53.147,-20.7688,5.50711,-48.1046,0.585477,1.06647,-0.092663,13.047000000000011
1772222273148472921,2026-02-27 14:57:53.148,-20.5857,5.48434,-48.2436,0.583208,1.0554,-0.089962,13.048000000000002
1772222273149607388,2026-02-27 14:57:53.149,-20.4102,5.40507,-48.9266,0.579723,1.04288,-0.082037,13.049000000000007
1772222273150779336,2026-02-27 14:57:53.150,-20.1615,5.3339,-49.2623,0.579411,1.02835,-0.077066,13.050000000000011
1772222273151945398,2026-02-27 14:57:53.151,-19.9488,5.28121,-49.2015,0.574436,1.01361,-0.077067,13.051000000000002
1772222273153117260,2026-02-27 14:57:53.153,-19.5075,5.15401,-48.6852,0.564743,0.98027,-0.078303,13.053000000000011
1772222273154315833,2026-02-27 14:57:53.154,-19.265,5.02304,-48.6844,0.55795,0.961792,-0.078592,13.054000000000002
1772222273155475970,2026-02-27 14:57:53.155,-18.9931,4.99265,-48.8838,0.55799,0.943675,-0.075825,13.055000000000007
1772222273156616390,2026-02-27 14:57:53.156,-18.714,4.87646,-48.9771,0.553574,0.923943,-0.073975,13.056000000000012
1772222273157745548,2026-02-27 14:57:53.157,-18.4471,4.75182,-49.033,0.548147,0.902964,-0.07488,13.057000000000002
1772222273158937242,2026-02-27 14:57:53.158,-18.1486,4.70252,-48.3888,0.544437,0.883455,-0.079848,13.058000000000007
1772222273160115029,2026-02-27 14:57:53.160,-17.5621,4.4442,-49.3313,0.533993,0.841593,-0.072747,13.060000000000002
1772222273161283329,2026-02-27 14:57:53.161,-17.2036,4.36837,-49.97,0.530823,0.8212,-0.068194,13.061000000000007
1772222273162469865,2026-02-27 14:57:53.162,-16.9624,4.19321,-50.3268,0.525579,0.800747,-0.066719,13.062000000000012
1772222273163600368,2026-02-27 14:57:53.163,-16.697,4.08722,-50.4709,0.520898,0.779416,-0.066574,13.063000000000002
1772222273164733705,2026-02-27 14:57:53.164,-16.3339,3.95969,-50.6398,0.511973,0.756507,-0.06572,13.064000000000007
1772222273165885351,2026-02-27 14:57:53.165,-15.9915,3.82627,-50.9339,0.512365,0.735218,-0.063902,13.065000000000012
1772222273167055272,2026-02-27 14:57:53.167,-15.5095,3.56407,-51.9185,0.501361,0.693174,-0.053785,13.067000000000007
1772222273168232207,2026-02-27 14:57:53.168,-15.2129,3.47344,-52.1702,0.496803,0.672038,-0.05264,13.068000000000012
1772222273169409013,2026-02-27 14:57:53.169,-14.9532,3.30012,-51.783,0.491458,0.651543,-0.055893,13.069000000000003
1772222273170556270,2026-02-27 14:57:53.170,-14.6306,3.23897,-51.7096,0.487893,0.632493,-0.057568,13.070000000000007
1772222273171687196,2026-02-27 14:57:53.171,-14.4197,3.141,-51.8603,0.483843,0.616161,-0.056384,13.071000000000012
1772222273172835569,2026-02-27 14:57:53.172,-14.1539,3.06282,-52.0288,0.480979,0.598471,-0.055399,13.072000000000003
1772222273174010386,2026-02-27 14:57:53.174,-13.7292,2.87497,-51.4435,0.468004,0.566578,-0.061197,13.074000000000012
1772222273175142905,2026-02-27 14:57:53.175,-13.4202,2.83768,-51.2938,0.462597,0.54848,-0.059018,13.075000000000003
1772222273176304812,2026-02-27 14:57:53.176,-13.1918,2.72282,-51.5019,0.460421,0.536555,-0.058125,13.076000000000008
1772222273177481752,2026-02-27 14:57:53.177,-12.9189,2.65474,-51.9406,0.457228,0.52176,-0.053065,13.077000000000012
1772222273178603015,2026-02-27 14:57:53.178,-12.7502,2.56321,-52.4218,0.455012,0.508045,-0.047978,13.078000000000003
1772222273179714238,2026-02-27 14:57:53.179,-12.5088,2.4762,-52.5329,0.451747,0.494554,-0.046383,13.079000000000008
1772222273180861411,2026-02-27 14:57:53.180,-12.3755,2.3997,-52.4954,0.444546,0.482338,-0.046235,13.080000000000013
1772222273182036574,2026-02-27 14:57:53.182,-11.9357,2.34529,-52.7394,0.445601,0.459295,-0.042439,13.082000000000008
1772222273183212714,2026-02-27 14:57:53.183,-11.7661,2.25127,-53.5186,0.440386,0.447809,-0.035478,13.083000000000013
1772222273184393789,2026-02-27 14:57:53.184,-11.5954,2.19935,-53.1071,0.440344,0.436447,-0.039053,13.084000000000003
1772222273185551658,2026-02-27 14:57:53.185,-11.4512,2.14432,-52.9596,0.441466,0.42758,-0.039568,13.085000000000008
1772222273186681276,2026-02-27 14:57:53.186,-11.3303,2.05455,-52.4757,0.436866,0.416447,-0.042126,13.086000000000013
1772222273187835744,2026-02-27 14:57:53.187,-11.0984,2.04748,-52.1559,0.43752,0.407203,-0.043856,13.087000000000003
1772222273189009078,2026-02-27 14:57:53.189,-10.7854,1.97707,-51.9381,0.434828,0.387207,-0.042643,13.088999999999999
1772222273190187178,2026-02-27 14:57:53.190,-10.6395,1.9861,-51.7487,0.435759,0.3792,-0.043332,13.090000000000003
1772222273191358783,2026-02-27 14:57:53.191,-10.5456,1.9365,-50.5717,0.434204,0.37121,-0.052075,13.091000000000008
1772222273192542454,2026-02-27 14:57:53.192,-10.4407,1.93877,-50.7598,0.435226,0.363352,-0.04804,13.091999999999999
1772222273193677788,2026-02-27 14:57:53.193,-10.277,1.93597,-50.4956,0.434481,0.356195,-0.047684,13.093000000000004
1772222273194848882,2026-02-27 14:57:53.194,-10.1967,1.90104,-50.8718,0.429987,0.349789,-0.043256,13.094000000000008
1772222273196022865,2026-02-27 14:57:53.196,-9.92798,1.92571,-50.5803,0.431491,0.339161,-0.040481,13.096000000000004
1772222273197205410,2026-02-27 14:57:53.197,-9.90137,1.93067,-50.2929,0.428679,0.335754,-0.040984,13.097000000000008
1772222273198386088,2026-02-27 14:57:53.198,-9.78845,1.93634,-50.082,0.432806,0.331725,-0.041637,13.097999999999999
1772222273199543374,2026-02-27 14:57:53.199,-9.69542,1.97146,-50.5945,0.432027,0.329862,-0.03468,13.099000000000004
1772222273200679589,2026-02-27 14:57:53.200,-9.62564,1.96454,-50.4049,0.431795,0.328749,-0.035461,13.100000000000009
1772222273201877385,2026-02-27 14:57:53.201,-9.56725,2.03171,-50.0518,0.434351,0.326776,-0.036248,13.100999999999999
1772222273203065918,2026-02-27 14:57:53.203,-9.58532,2.13265,-48.8461,0.441847,0.328601,-0.045854,13.103000000000009
1772222273204244317,2026-02-27 14:57:53.204,-9.6112,2.1306,-48.5511,0.438292,0.327886,-0.047664,13.104
1772222273205422836,2026-02-27 14:57:53.205,-9.55454,2.20979,-48.3409,0.444817,0.330074,-0.048074,13.105000000000004
1772222273206564031,2026-02-27 14:57:53.206,-9.16773,2.25803,-48.2744,0.450217,0.336017,-0.040945,13.106000000000009
1772222273207697064,2026-02-27 14:57:53.207,-8.41855,2.27263,-47.539,0.456689,0.377171,-0.021575,13.107
1772222273208876363,2026-02-27 14:57:53.208,-7.79008,2.18855,-46.3674,0.461095,0.41904,-0.003926,13.108000000000004
1772222273210048204,2026-02-27 14:57:53.210,-7.57893,2.09658,-46.3816,0.473048,0.455426,0.01333,13.11
1772222273211218091,2026-02-27 14:57:53.211,-7.53977,2.08797,-46.6988,0.50526,0.51434,0.025097,13.111000000000004
1772222273212415059,2026-02-27 14:57:53.212,-7.60644,2.08521,-46.7901,0.523717,0.531387,0.024787,13.112000000000009
1772222273213564722,2026-02-27 14:57:53.213,-7.67587,2.07172,-46.8175,0.535611,0.54516,0.023566,13.113
1772222273214693774,2026-02-27 14:57:53.214,-7.67833,2.15854,-47.0743,0.550178,0.555493,0.02341,13.114000000000004
1772222273215867171,2026-02-27 14:57:53.215,-7.74001,2.18395,-47.2117,0.556449,0.562923,0.022977,13.115000000000009
1772222273217038948,2026-02-27 14:57:53.217,-7.72822,2.22757,-48.5299,0.561975,0.567353,0.031928,13.117000000000004
1772222273218217118,2026-02-27 14:57:53.218,-7.9988,2.3807,-48.734,0.575357,0.570931,0.025659,13.11800000000001
1772222273219410673,2026-02-27 14:57:53.219,-8.21849,2.45547,-48.7553,0.583753,0.572979,0.019338,13.119
1772222273220679553,2026-02-27 14:57:53.220,-8.43449,2.51658,-48.9093,0.589733,0.572187,0.01442,13.120000000000005
1772222273221883233,2026-02-27 14:57:53.221,-8.63347,2.61631,-49.3128,0.597584,0.573043,0.01046,13.12100000000001
1772222273223074368,2026-02-27 14:57:53.223,-8.88768,2.72989,-49.6796,0.604154,0.575123,0.00694,13.123000000000005
1772222273224247347,2026-02-27 14:57:53.224,-9.38834,2.89026,-49.4957,0.617101,0.583982,-0.00633,13.12400000000001
1772222273225445251,2026-02-27 14:57:53.225,-9.56429,3.0341,-49.8058,0.623,0.591124,-0.005664,13.125
1772222273226569478,2026-02-27 14:57:53.226,-9.76744,3.1576,-50.1131,0.629058,0.600153,-0.005445,13.126000000000005
1772222273227701632,2026-02-27 14:57:53.227,-9.92542,3.25607,-50.8036,0.630655,0.609959,0.000399,13.12700000000001
1772222273228874973,2026-02-27 14:57:53.228,-10.1328,3.37974,-51.3642,0.634671,0.621804,0.005096,13.128
1772222273230058229,2026-02-27 14:57:53.230,-10.2501,3.48081,-51.5518,0.64235,0.634143,0.006159,13.13000000000001
1772222273231232728,2026-02-27 14:57:53.231,-10.5826,3.74827,-51.7007,0.65678,0.663854,0.007766,13.131
1772222273232429569,2026-02-27 14:57:53.232,-10.6507,3.81679,-52.1822,0.666203,0.679614,0.010529,13.132000000000005
1772222273233559523,2026-02-27 14:57:53.233,-10.865,3.87161,-52.8457,0.670059,0.695831,0.015493,13.13300000000001
1772222273234690130,2026-02-27 14:57:53.234,-10.9566,3.98374,-52.6197,0.678962,0.711168,0.012698,13.134
1772222273235862921,2026-02-27 14:57:53.235,-11.0578,4.11774,-52.4604,0.692889,0.726666,0.007851,13.135000000000005
1772222273237065420,2026-02-27 14:57:53.237,-11.192,4.16812,-52.1153,0.70169,0.74354,0.00231,13.137
1772222273238240891,2026-02-27 14:57:53.238,-11.4466,4.31083,-51.9736,0.723976,0.768371,-0.005836,13.138000000000005
1772222273239435046,2026-02-27 14:57:53.239,-11.5479,4.32273,-51.8068,0.734817,0.775884,-0.015391,13.13900000000001
1772222273240587564,2026-02-27 14:57:53.240,-11.5783,4.3366,-51.0794,0.738336,0.764014,-0.027315,13.14
1772222273241722867,2026-02-27 14:57:53.241,-11.6002,4.43136,-48.3632,0.719554,0.712078,-0.043526,13.141000000000005
1772222273242897218,2026-02-27 14:57:53.242,-10.5903,4.70944,-45.8887,0.675222,0.618626,-0.021825,13.14200000000001
1772222273244090860,2026-02-27 14:57:53.244,-9.68619,4.61318,-45.98,0.735237,0.638599,-0.032592,13.144000000000005
1772222273245264826,2026-02-27 14:57:53.245,-7.5992,6.61251,-32.0587,0.480961,0.183005,0.043326,13.14500000000001
1772222273246473939,2026-02-27 14:57:53.246,-2.71825,5.58021,-25.9746,0.396533,0.041077,0.148771,13.146
1772222273247603295,2026-02-27 14:57:53.247,0.058183,5.82194,-20.8019,0.317619,-0.054294,0.153576,13.147000000000006
1772222273248738237,2026-02-27 14:57:53.248,1.79644,6.22238,-16.0939,0.280507,-0.129019,0.132244,13.14800000000001
1772222273249870614,2026-02-27 14:57:53.249,3.86718,5.37879,-17.0791,0.319006,-0.162121,0.134563,13.149000000000001
1772222273251068735,2026-02-27 14:57:53.251,4.55817,6.44788,-13.2936,0.282269,-0.184873,0.102878,13.15100000000001
1772222273252255908,2026-02-27 14:57:53.252,6.59923,6.1425,-10.8243,0.315704,-0.243529,0.086544,13.152000000000001
1772222273253471662,2026-02-27 14:57:53.253,7.29982,6.14162,-9.55202,0.312899,-0.245461,0.074427,13.153000000000006
1772222273254603754,2026-02-27 14:57:53.254,7.8263,5.94577,-8.95131,0.310067,-0.266684,0.073754,13.15400000000001
1772222273255730972,2026-02-27 14:57:53.255,8.41786,5.65869,-8.45005,0.311525,-0.284985,0.076403,13.155000000000001
1772222273256905059,2026-02-27 14:57:53.256,8.94674,5.34613,-7.60919,0.286144,-0.296391,0.0818,13.156000000000006
1772222273258105404,2026-02-27 14:57:53.258,9.8489,4.06227,-8.24964,0.346866,-0.354579,0.141537,13.158000000000001
1772222273259289107,2026-02-27 14:57:53.259,10.1991,3.5636,-6.81677,0.244107,-0.35326,0.148653,13.159000000000006
1772222273260477645,2026-02-27 14:57:53.260,10.1971,2.97397,-6.71613,0.22223,-0.348789,0.147862,13.16000000000001
1772222273261607866,2026-02-27 14:57:53.261,10.1375,2.14184,-7.7104,0.214061,-0.353538,0.162384,13.161000000000001
1772222273262736700,2026-02-27 14:57:53.262,9.60513,2.2024,-6.83755,0.166499,-0.326283,0.143643,13.162000000000006
1772222273263907350,2026-02-27 14:57:53.263,9.47585,1.38983,-7.33561,0.177321,-0.329189,0.154802,13.163000000000011
1772222273265105053,2026-02-27 14:57:53.265,9.42804,0.898378,-7.91176,0.153577,-0.325034,0.160732,13.165000000000006
1772222273266290437,2026-02-27 14:57:53.266,9.41368,0.298492,-9.25732,0.129887,-0.325219,0.172206,13.166000000000011
1772222273267478869,2026-02-27 14:57:53.267,9.65712,-0.522133,-10.0703,0.150178,-0.345276,0.182788,13.167000000000002
1772222273268606850,2026-02-27 14:57:53.268,10.0639,-1.14071,-11.87,0.165269,-0.352289,0.188908,13.168000000000006
1772222273269785058,2026-02-27 14:57:53.269,11.0846,-3.45606,-18.0998,0.376423,-0.264396,0.196345,13.169000000000011
1772222273270985271,2026-02-27 14:57:53.270,9.43469,-1.22486,-16.241,0.227766,-0.326207,0.189653,13.170000000000002
1772222273272171202,2026-02-27 14:57:53.272,9.51008,-1.09691,-13.7677,0.202151,-0.350864,0.230817,13.172000000000011
1772222273273347722,2026-02-27 14:57:53.273,8.67477,-1.70993,-11.7415,0.272726,-0.543207,0.29175,13.173000000000002
1772222273274528875,2026-02-27 14:57:53.274,9.04619,-1.78286,-10.9382,0.384896,-0.614595,0.289377,13.174000000000007
1772222273275661146,2026-02-27 14:57:53.275,9.60463,-0.683236,-11.1763,0.351152,-0.63662,0.277831,13.175000000000011
1772222273276835875,2026-02-27 14:57:53.276,10.1115,0.089365,-10.6861,0.361391,-0.643651,0.263603,13.176000000000002
1772222273278035457,2026-02-27 14:57:53.278,10.6023,1.05377,-9.94872,0.349681,-0.659818,0.263186,13.178000000000011
1772222273279206107,2026-02-27 14:57:53.279,11.1861,1.15483,-10.0509,0.359536,-0.665304,0.271684,13.179000000000002
1772222273280379049,2026-02-27 14:57:53.280,13.6285,1.23069,-13.1171,0.433436,-0.601124,0.267522,13.180000000000007
1772222273281544288,2026-02-27 14:57:53.281,13.2213,2.33124,-11.2526,0.427538,-0.623722,0.273016,13.181000000000012
1772222273282675995,2026-02-27 14:57:53.282,14.5823,0.997197,-15.2568,0.506583,-0.566257,0.281846,13.182000000000002
1772222273283848252,2026-02-27 14:57:53.283,15.1129,2.47594,-16.1201,0.460263,-0.488755,0.268213,13.183000000000007
1772222273285046813,2026-02-27 14:57:53.285,14.9411,2.56485,-15.9894,0.491993,-0.478101,0.281112,13.185000000000002
1772222273286217108,2026-02-27 14:57:53.286,14.1414,2.1788,-16.3605,0.509459,-0.519776,0.313966,13.186000000000007
1772222273287389740,2026-02-27 14:57:53.287,14.0596,1.78124,-16.509,0.524645,-0.497189,0.328859,13.187000000000012
1772222273288550770,2026-02-27 14:57:53.288,13.9244,0.779749,-20.5095,0.673923,-0.349954,0.294856,13.188000000000002
1772222273289681144,2026-02-27 14:57:53.289,12.1166,2.64101,-18.8466,0.520484,-0.473596,0.312903,13.189000000000007
1772222273290853997,2026-02-27 14:57:53.290,11.5741,1.80661,-18.2905,0.554387,-0.4866,0.343656,13.190000000000012
1772222273292050587,2026-02-27 14:57:53.292,11.8246,2.28386,-15.8266,0.481877,-0.520258,0.352234,13.192000000000007
1772222273293225300,2026-02-27 14:57:53.293,12.5866,1.4195,-15.3696,0.479127,-0.52888,0.368737,13.193000000000012
1772222273294397611,2026-02-27 14:57:53.294,12.3747,1.03762,-18.8878,0.623318,-0.431831,0.333677,13.194000000000003
1772222273295529277,2026-02-27 14:57:53.295,11.9534,1.50819,-18.177,0.55176,-0.448315,0.347197,13.195000000000007
1772222273296657162,2026-02-27 14:57:53.296,12.1888,1.93173,-15.4577,0.444005,-0.47715,0.3459,13.196000000000012
1772222273297829667,2026-02-27 14:57:53.297,12.7575,1.23972,-13.4139,0.415561,-0.497979,0.350952,13.197000000000003
1772222273299028198,2026-02-27 14:57:53.299,12.8987,0.899443,-12.0122,0.395789,-0.508204,0.347566,13.199000000000012
1772222273300223455,2026-02-27 14:57:53.300,12.5637,0.13397,-12.6153,0.413559,-0.530279,0.342582,13.200000000000003
1772222273301396087,2026-02-27 14:57:53.301,11.3784,-0.288392,-13.3329,0.472616,-0.547056,0.272993,13.201000000000008
1772222273302527554,2026-02-27 14:57:53.302,10.8629,-0.049713,-13.0352,0.482115,-0.532329,0.245153,13.202000000000012
1772222273303658420,2026-02-27 14:57:53.303,10.4058,-0.060525,-12.8234,0.496124,-0.50645,0.221936,13.203000000000003
1772222273304833055,2026-02-27 14:57:53.304,10.0219,0.286355,-11.8631,0.44822,-0.503793,0.214569,13.204000000000008
1772222273306033418,2026-02-27 14:57:53.306,9.95809,0.427882,-10.188,0.403844,-0.51127,0.217352,13.206000000000003
1772222273307211741,2026-02-27 14:57:53.307,10.1548,0.171265,-8.76294,0.351335,-0.511425,0.215292,13.207000000000008
1772222273308392219,2026-02-27 14:57:53.308,9.87406,-0.219457,-6.76667,0.297153,-0.498032,0.180402,13.208000000000013
1772222273309535295,2026-02-27 14:57:53.309,9.59651,-0.420128,-6.78397,0.262728,-0.491336,0.171076,13.209000000000003
1772222273310661814,2026-02-27 14:57:53.310,9.20224,-0.472928,-6.99258,0.222779,-0.490843,0.171595,13.210000000000008
1772222273311857188,2026-02-27 14:57:53.311,8.92061,-0.485285,-6.74834,0.177081,-0.495025,0.17761,13.211000000000013
1772222273313055942,2026-02-27 14:57:53.313,8.91538,-0.4957,-5.81523,0.132875,-0.499234,0.185161,13.213000000000008
1772222273314249142,2026-02-27 14:57:53.314,8.92,-0.59635,-4.76175,0.095905,-0.503117,0.190308,13.213999999999999
1772222273315430166,2026-02-27 14:57:53.315,8.9688,-0.73448,-2.85954,0.031219,-0.512653,0.198157,13.215000000000003
1772222273316545452,2026-02-27 14:57:53.316,8.97199,-0.884248,-3.16003,0.012507,-0.512334,0.205841,13.216000000000008
1772222273317672990,2026-02-27 14:57:53.317,8.96693,-0.924518,-2.30574,0.00013,-0.509445,0.199155,13.216999999999999
1772222273318849316,2026-02-27 14:57:53.318,8.88931,-1.03771,-1.97586,-0.009074,-0.505397,0.194794,13.218000000000004
1772222273320022466,2026-02-27 14:57:53.320,8.76504,-1.256,-1.5716,-0.005969,-0.491565,0.18607,13.219999999999999
1772222273321217394,2026-02-27 14:57:53.321,8.57622,-1.37764,-1.51822,-0.012476,-0.482348,0.180313,13.221000000000004
1772222273322386708,2026-02-27 14:57:53.322,8.39051,-1.46529,-1.52559,-0.015558,-0.473954,0.177827,13.222000000000008
1772222273323540721,2026-02-27 14:57:53.323,8.19161,-1.68749,-1.62165,-0.022599,-0.469582,0.179262,13.222999999999999
1772222273324665488,2026-02-27 14:57:53.324,8.11652,-1.88606,-0.643215,-0.032582,-0.467101,0.172227,13.224000000000004
1772222273325837004,2026-02-27 14:57:53.325,8.02373,-2.05732,-1.09602,-0.042149,-0.470397,0.175203,13.225000000000009
1772222273327031404,2026-02-27 14:57:53.327,7.94992,-2.23644,-1.37784,-0.041754,-0.456119,0.168593,13.227000000000004
1772222273328223715,2026-02-27 14:57:53.328,7.75199,-2.36492,-2.04349,-0.053867,-0.468077,0.172252,13.228000000000009
1772222273329391263,2026-02-27 14:57:53.329,7.6687,-2.54985,-2.68042,-0.030121,-0.445534,0.162182,13.229
1772222273330543255,2026-02-27 14:57:53.330,7.17075,-2.36502,-3.03194,-0.021244,-0.431287,0.146541,13.230000000000004
1772222273331820189,2026-02-27 14:57:53.331,7.01124,-2.23207,-3.13427,-0.010079,-0.424851,0.140591,13.231000000000009
1772222273333016992,2026-02-27 14:57:53.333,6.9628,-2.00161,-3.7133,-0.015523,-0.424465,0.144578,13.233000000000004
1772222273334212630,2026-02-27 14:57:53.334,7.03071,-1.8205,-3.75222,-0.019379,-0.427621,0.144156,13.234000000000009
1772222273335380227,2026-02-27 14:57:53.335,6.9919,-1.72411,-3.5456,-0.017973,-0.423037,0.137471,13.235
1772222273336545150,2026-02-27 14:57:53.336,7.27381,-1.48624,-3.09996,-0.025432,-0.429167,0.125447,13.236000000000004
1772222273337671944,2026-02-27 14:57:53.337,7.52798,-1.51847,-3.22932,-0.019435,-0.429301,0.124486,13.237000000000009
1772222273338845264,2026-02-27 14:57:53.338,7.60515,-1.42141,-3.22435,-0.041144,-0.44655,0.125369,13.238
1772222273340023470,2026-02-27 14:57:53.340,8.12036,-1.69541,-3.74568,-0.028649,-0.431057,0.126804,13.240000000000009
1772222273341220316,2026-02-27 14:57:53.341,8.16836,-1.72839,-4.04819,-0.035924,-0.428144,0.122978,13.241
1772222273342388985,2026-02-27 14:57:53.342,8.13546,-1.60664,-3.52338,-0.045137,-0.442683,0.119533,13.242000000000004
1772222273343538256,2026-02-27 14:57:53.343,8.57818,-1.8977,-4.58341,-0.056291,-0.461826,0.129269,13.24300000000001
1772222273344662803,2026-02-27 14:57:53.344,8.6745,-2.03934,-5.58241,-0.068481,-0.479155,0.134783,13.244
1772222273345837450,2026-02-27 14:57:53.345,8.69901,-2.07802,-5.97846,-0.044852,-0.482313,0.140625,13.245000000000005
1772222273347030444,2026-02-27 14:57:53.347,8.2513,-1.83104,-5.8843,-0.039457,-0.514527,0.142944,13.247
1772222273348224689,2026-02-27 14:57:53.348,8.69819,-1.71919,-5.76699,-0.05292,-0.551185,0.152693,13.248000000000005
1772222273349394676,2026-02-27 14:57:53.349,9.26594,-1.71058,-6.04772,-0.039477,-0.555442,0.157477,13.24900000000001
1772222273350530568,2026-02-27 14:57:53.350,10.234,-1.78269,-7.6969,-0.027464,-0.537169,0.167702,13.25
1772222273351659924,2026-02-27 14:57:53.351,10.4007,-1.73156,-8.12823,-0.024663,-0.535438,0.168925,13.251000000000005
1772222273352833608,2026-02-27 14:57:53.352,10.4235,-1.66739,-7.72091,-0.02866,-0.544274,0.165375,13.25200000000001
1772222273354031708,2026-02-27 14:57:53.354,10.6152,-1.62116,-7.6487,-0.031621,-0.550701,0.16387,13.254000000000005
1772222273355226810,2026-02-27 14:57:53.355,10.75,-1.68641,-7.68021,-0.025412,-0.559636,0.162936,13.25500000000001
1772222273356404411,2026-02-27 14:57:53.356,10.9576,-1.66031,-7.78908,-0.024353,-0.568793,0.164426,13.256
1772222273357541171,2026-02-27 14:57:53.357,11.2575,-1.71367,-7.09229,-0.02364,-0.596124,0.163965,13.257000000000005
1772222273358669919,2026-02-27 14:57:53.358,11.405,-1.91599,-7.69558,-0.000846,-0.595023,0.161336,13.25800000000001
1772222273359848910,2026-02-27 14:57:53.359,11.4753,-1.82069,-8.41682,0.019007,-0.595661,0.157531,13.259
1772222273361043673,2026-02-27 14:57:53.361,11.4016,-1.84609,-9.64354,0.042915,-0.590886,0.156245,13.26100000000001
1772222273362241092,2026-02-27 14:57:53.362,11.4059,-1.76533,-10.9766,0.065692,-0.587227,0.15576,13.262
1772222273363412399,2026-02-27 14:57:53.363,11.2953,-1.7687,-11.8011,0.089137,-0.584113,0.151967,13.263000000000005
1772222273364543585,2026-02-27 14:57:53.364,11.059,-1.80564,-13.4196,0.120502,-0.585252,0.144815,13.26400000000001
1772222273365672302,2026-02-27 14:57:53.365,11.0412,-1.73564,-14.4783,0.134079,-0.588517,0.145253,13.265
1772222273366845671,2026-02-27 14:57:53.366,10.846,-1.77356,-16.1292,0.144884,-0.592616,0.148353,13.266000000000005
1772222273368045232,2026-02-27 14:57:53.368,10.6169,-1.7607,-16.694,0.150089,-0.599263,0.143688,13.268
1772222273369244795,2026-02-27 14:57:53.369,10.5326,-1.69554,-17.3472,0.161343,-0.607995,0.140788,13.269000000000005
1772222273370422389,2026-02-27 14:57:53.370,10.371,-1.619,-17.9124,0.168049,-0.616798,0.136397,13.27000000000001
1772222273371546018,2026-02-27 14:57:53.371,10.1116,-1.49731,-19.2044,0.177322,-0.637075,0.13362,13.271
1772222273372675968,2026-02-27 14:57:53.372,10.202,-1.35517,-19.7693,0.189683,-0.643345,0.133474,13.272000000000006
1772222273373833144,2026-02-27 14:57:53.373,10.2156,-1.35844,-20.3169,0.199324,-0.644802,0.1336,13.27300000000001
1772222273375019293,2026-02-27 14:57:53.375,10.2935,-1.20652,-19.6517,0.212747,-0.646567,0.122993,13.275000000000006
1772222273376192326,2026-02-27 14:57:53.376,10.295,-1.11023,-20.6941,0.227818,-0.64114,0.127617,13.27600000000001
1772222273377390438,2026-02-27 14:57:53.377,10.245,-0.984324,-21.157,0.24256,-0.638057,0.124304,13.277000000000001
1772222273378548929,2026-02-27 14:57:53.378,10.126,-0.695975,-23.0529,0.271989,-0.633854,0.125747,13.278000000000006
1772222273379679254,2026-02-27 14:57:53.379,10.1147,-0.579808,-23.7551,0.292546,-0.627746,0.122138,13.27900000000001
1772222273380854631,2026-02-27 14:57:53.380,9.89008,-0.403443,-24.5133,0.310284,-0.622786,0.116903,13.280000000000001
1772222273382052169,2026-02-27 14:57:53.382,9.68805,-0.229616,-25.1669,0.330904,-0.62442,0.114432,13.28200000000001
1772222273383248109,2026-02-27 14:57:53.383,9.54384,-0.079103,-26.4665,0.340827,-0.630332,0.119944,13.283000000000001
1772222273384443795,2026-02-27 14:57:53.384,9.46864,0.018734,-27.0242,0.351707,-0.631401,0.118268,13.284000000000006
1772222273385589745,2026-02-27 14:57:53.385,9.16794,0.203185,-27.7771,0.378902,-0.625193,0.106214,13.28500000000001
1772222273386720598,2026-02-27 14:57:53.386,8.89237,0.421049,-27.9424,0.384257,-0.629696,0.09953,13.286000000000001
1772222273387894110,2026-02-27 14:57:53.387,8.76366,0.444144,-28.436,0.395267,-0.627442,0.094201,13.287000000000006
1772222273389093446,2026-02-27 14:57:53.389,8.53524,0.544541,-29.2774,0.407579,-0.625673,0.088814,13.289000000000001
1772222273390290627,2026-02-27 14:57:53.390,8.16096,0.719509,-29.7624,0.413717,-0.628354,0.084112,13.290000000000006
1772222273391477407,2026-02-27 14:57:53.391,7.9289,0.885092,-29.5258,0.412962,-0.638127,0.077974,13.291000000000011
1772222273392608531,2026-02-27 14:57:53.392,8.00226,0.908679,-30.0419,0.430795,-0.626397,0.074228,13.292000000000002
1772222273393762213,2026-02-27 14:57:53.393,7.61276,1.0143,-31.2547,0.443277,-0.609396,0.066371,13.293000000000006
1772222273394960542,2026-02-27 14:57:53.394,7.03642,1.23688,-32.3263,0.436274,-0.618135,0.065788,13.294000000000011
1772222273396155783,2026-02-27 14:57:53.396,6.90488,1.23156,-32.8238,0.44536,-0.616803,0.067251,13.296000000000006
1772222273397352565,2026-02-27 14:57:53.397,6.82104,1.30124,-32.8182,0.441784,-0.619049,0.069007,13.297000000000011
1772222273398551164,2026-02-27 14:57:53.398,6.58567,1.10325,-34.1781,0.463202,-0.582205,0.060279,13.298000000000002
1772222273399680171,2026-02-27 14:57:53.399,6.25359,1.13766,-35.6136,0.464985,-0.570953,0.064263,13.299000000000007
1772222273400825545,2026-02-27 14:57:53.400,5.99036,1.14125,-35.8184,0.467973,-0.559888,0.057792,13.300000000000011
1772222273401993889,2026-02-27 14:57:53.401,5.69923,1.07869,-36.1755,0.470052,-0.548099,0.055886,13.301000000000002
1772222273403161195,2026-02-27 14:57:53.403,5.40885,1.0142,-36.0419,0.468673,-0.537251,0.050345,13.303000000000011
1772222273404328961,2026-02-27 14:57:53.404,5.2088,0.96452,-36.0231,0.466833,-0.526619,0.047041,13.304000000000002
1772222273405520934,2026-02-27 14:57:53.405,4.91742,0.817413,-36.5018,0.459282,-0.503158,0.044859,13.305000000000007
1772222273406648382,2026-02-27 14:57:53.406,4.76956,0.727419,-36.6033,0.452298,-0.496451,0.044164,13.306000000000012
1772222273407794012,2026-02-27 14:57:53.407,4.56658,0.679325,-35.6319,0.444189,-0.489207,0.034899,13.307000000000002
1772222273408964369,2026-02-27 14:57:53.408,4.45326,0.617547,-35.8247,0.441962,-0.480908,0.036148,13.308000000000007
1772222273410132257,2026-02-27 14:57:53.410,4.34343,0.484254,-36.0002,0.434103,-0.471442,0.034454,13.310000000000002
1772222273411300246,2026-02-27 14:57:53.411,4.23274,0.334622,-36.8008,0.43185,-0.459766,0.035267,13.311000000000007
1772222273412490765,2026-02-27 14:57:53.412,4.03069,0.341016,-37.24,0.426681,-0.450594,0.036393,13.312000000000012
1772222273413620091,2026-02-27 14:57:53.413,3.70619,0.175661,-37.6239,0.415027,-0.435263,0.034735,13.313000000000002
1772222273414763394,2026-02-27 14:57:53.414,3.6264,0.162409,-37.6021,0.40934,-0.42898,0.034145,13.314000000000007
1772222273415931897,2026-02-27 14:57:53.415,3.48659,0.049495,-38.0779,0.402101,-0.419618,0.037881,13.315000000000012
1772222273417100885,2026-02-27 14:57:53.417,3.33399,-0.10692,-38.7655,0.396811,-0.409303,0.039801,13.317000000000007
1772222273418269694,2026-02-27 14:57:53.418,3.16332,-0.204633,-38.6682,0.387544,-0.400681,0.036585,13.318000000000012
1772222273419438302,2026-02-27 14:57:53.419,2.99121,-0.235881,-38.4775,0.384612,-0.391751,0.031878,13.319000000000003
1772222273420588673,2026-02-27 14:57:53.420,2.67852,-0.480728,-38.2374,0.365792,-0.375176,0.024791,13.320000000000007
1772222273421719172,2026-02-27 14:57:53.421,2.53917,-0.545484,-38.3415,0.362241,-0.366284,0.024784,13.321000000000012
1772222273422885274,2026-02-27 14:57:53.422,2.37661,-0.646477,-38.4613,0.356467,-0.357601,0.023864,13.322000000000003
1772222273424053429,2026-02-27 14:57:53.424,2.19962,-0.709615,-38.4453,0.351316,-0.347063,0.020897,13.324000000000012
1772222273425222006,2026-02-27 14:57:53.425,1.97761,-0.715344,-37.5735,0.346712,-0.338164,0.011446,13.325000000000003
1772222273426389719,2026-02-27 14:57:53.426,1.78832,-0.751219,-38.0862,0.34286,-0.327452,0.014642,13.326000000000008
1772222273427536294,2026-02-27 14:57:53.427,1.62065,-0.756301,-38.1555,0.341682,-0.314493,0.012556,13.327000000000012
1772222273428664892,2026-02-27 14:57:53.428,1.17234,-0.84499,-38.9439,0.33421,-0.289371,0.013719,13.328000000000003
1772222273429810144,2026-02-27 14:57:53.429,0.942694,-0.801178,-38.9324,0.334923,-0.273837,0.01174,13.329000000000008
1772222273430989055,2026-02-27 14:57:53.430,0.715981,-0.80713,-38.9537,0.334329,-0.259709,0.008427,13.330000000000013
1772222273432157071,2026-02-27 14:57:53.432,0.433327,-0.767588,-39.0365,0.334618,-0.242814,0.005114,13.332000000000008
1772222273433351780,2026-02-27 14:57:53.433,0.238933,-0.642973,-40.1778,0.341497,-0.223961,0.011788,13.333000000000013
1772222273434557616,2026-02-27 14:57:53.434,-0.03904,-0.608634,-40.0671,0.345057,-0.206079,0.007135,13.334000000000003
1772222273435685296,2026-02-27 14:57:53.435,-0.61457,-0.513033,-39.7884,0.354652,-0.170017,-0.004631,13.335000000000008
1772222273436856211,2026-02-27 14:57:53.436,-0.879221,-0.453067,-39.653,0.358745,-0.1524,-0.00989,13.336000000000013
1772222273438025243,2026-02-27 14:57:53.438,-1.19982,-0.393038,-39.6573,0.36205,-0.134333,-0.012654,13.338000000000008
1772222273439226021,2026-02-27 14:57:53.439,-1.45962,-0.30263,-39.7628,0.365966,-0.115703,-0.015274,13.338999999999999
1772222273440395078,2026-02-27 14:57:53.440,-1.73208,-0.287015,-39.8768,0.369044,-0.098038,-0.019858,13.340000000000003
1772222273441630648,2026-02-27 14:57:53.441,-2.42311,-0.082011,-39.2466,0.384219,-0.057909,-0.035519,13.341000000000008
1772222273442778764,2026-02-27 14:57:53.442,-2.71662,0.047002,-39.5856,0.390887,-0.039784,-0.036668,13.341999999999999
1772222273443973677,2026-02-27 14:57:53.443,-3.02496,0.131969,-40.0754,0.39947,-0.019161,-0.036417,13.343000000000004
1772222273445169538,2026-02-27 14:57:53.445,-3.34735,0.225208,-40.7234,0.403859,0.001526,-0.037184,13.344999999999999
1772222273446354712,2026-02-27 14:57:53.446,-3.696,0.349215,-40.9954,0.415637,0.022191,-0.039051,13.346000000000004
1772222273447563220,2026-02-27 14:57:53.447,-4.09338,0.528526,-41.3054,0.421623,0.046343,-0.0449,13.347000000000008
1772222273448693852,2026-02-27 14:57:53.448,-4.76617,0.743716,-41.6195,0.445687,0.088163,-0.049392,13.347999999999999
1772222273449863672,2026-02-27 14:57:53.449,-5.08105,0.819189,-42.8269,0.455651,0.109072,-0.045242,13.349000000000004
1772222273451058586,2026-02-27 14:57:53.451,-5.56672,0.964056,-42.6315,0.463982,0.133672,-0.053729,13.350999999999999
1772222273452254408,2026-02-27 14:57:53.452,-5.87353,1.16162,-42.7886,0.477026,0.154866,-0.05742,13.352000000000004
1772222273453424464,2026-02-27 14:57:53.453,-6.24837,1.29169,-42.6359,0.488325,0.179518,-0.065086,13.353000000000009
1772222273454557660,2026-02-27 14:57:53.454,-6.61647,1.37187,-42.6589,0.496631,0.202233,-0.070991,13.354
1772222273455684208,2026-02-27 14:57:53.455,-7.35043,1.66601,-43.2504,0.516648,0.248227,-0.080191,13.355000000000004
1772222273456860238,2026-02-27 14:57:53.456,-7.72145,1.80229,-43.4895,0.52624,0.268937,-0.084203,13.356000000000009
1772222273458030628,2026-02-27 14:57:53.458,-8.10036,1.91572,-42.7899,0.536285,0.29278,-0.097782,13.358000000000004
1772222273459230576,2026-02-27 14:57:53.459,-8.46856,2.08317,-43.2573,0.547029,0.314478,-0.101042,13.359000000000009
1772222273460430124,2026-02-27 14:57:53.460,-8.74829,2.18294,-43.5336,0.555855,0.334877,-0.105372,13.36
1772222273461573333,2026-02-27 14:57:53.461,-9.19146,2.27665,-44.386,0.563576,0.359257,-0.102964,13.361000000000004
1772222273462698840,2026-02-27 14:57:53.462,-9.85197,2.57844,-45.3312,0.592118,0.406072,-0.110307,13.362000000000009
1772222273463894066,2026-02-27 14:57:53.463,-10.1938,2.72608,-45.6802,0.605099,0.42996,-0.115863,13.363
1772222273465096656,2026-02-27 14:57:53.465,-10.4821,2.8407,-45.9665,0.61433,0.443714,-0.122,13.365000000000009
1772222273466297135,2026-02-27 14:57:53.466,-10.8114,2.93532,-46.9946,0.624441,0.468187,-0.117141,13.366
1772222273467433304,2026-02-27 14:57:53.467,-11.1546,3.00917,-47.5053,0.628994,0.487629,-0.117169,13.367000000000004
1772222273468597928,2026-02-27 14:57:53.468,-11.4885,3.10786,-47.8009,0.641623,0.507929,-0.121612,13.36800000000001
1772222273469728789,2026-02-27 14:57:53.469,-12.1884,3.22851,-47.8355,0.656374,0.543292,-0.135482,13.369
1772222273470930294,2026-02-27 14:57:53.470,-12.4818,3.27415,-48.1537,0.669002,0.561104,-0.139525,13.370000000000005
1772222273472125671,2026-02-27 14:57:53.472,-12.7227,3.39432,-48.5826,0.677628,0.575716,-0.142373,13.372
1772222273473295706,2026-02-27 14:57:53.473,-12.908,3.45545,-49.0129,0.684932,0.585836,-0.145033,13.373000000000005
1772222273474504475,2026-02-27 14:57:53.474,-13.04,3.53513,-49.2336,0.69281,0.595362,-0.14843,13.37400000000001
1772222273475634874,2026-02-27 14:57:53.475,-13.3367,3.62157,-48.8253,0.698695,0.607214,-0.155091,13.375
1772222273476793453,2026-02-27 14:57:53.476,-13.7497,3.69899,-50.4695,0.719577,0.63242,-0.155446,13.376000000000005
1772222273477966426,2026-02-27 14:57:53.477,-13.9805,3.73968,-51.3784,0.723938,0.642608,-0.153718,13.37700000000001
1772222273479168482,2026-02-27 14:57:53.479,-14.2353,3.81275,-52.0618,0.735696,0.650857,-0.155068,13.379000000000005
1772222273480364290,2026-02-27 14:57:53.480,-14.2993,3.84269,-52.4456,0.738378,0.656719,-0.155472,13.38000000000001
1772222273481567056,2026-02-27 14:57:53.481,-14.4177,3.85872,-52.8023,0.743484,0.659809,-0.157026,13.381
1772222273482697330,2026-02-27 14:57:53.482,-14.4943,3.84787,-53.307,0.751361,0.664989,-0.157393,13.382000000000005
1772222273483845009,2026-02-27 14:57:53.483,-14.6108,3.91574,-55.0019,0.765961,0.67056,-0.153089,13.38300000000001
1772222273485043239,2026-02-27 14:57:53.485,-14.6996,3.94843,-55.4258,0.771202,0.673468,-0.153615,13.385000000000005
1772222273486244620,2026-02-27 14:57:53.486,-14.8208,4.03148,-55.3122,0.780129,0.675743,-0.158411,13.38600000000001
1772222273487440548,2026-02-27 14:57:53.487,-14.9449,4.03629,-55.3584,0.783901,0.676547,-0.160859,13.387
1772222273488570558,2026-02-27 14:57:53.488,-14.9487,4.0404,-55.7596,0.788739,0.676305,-0.161611,13.388000000000005
1772222273489700571,2026-02-27 14:57:53.489,-15.042,4.07686,-56.0822,0.794334,0.678268,-0.162055,13.38900000000001
1772222273490848606,2026-02-27 14:57:53.490,-15.139,4.17788,-55.8727,0.805414,0.680703,-0.168896,13.39
1772222273492041827,2026-02-27 14:57:53.492,-15.2188,4.20632,-56.003,0.810046,0.681979,-0.170751,13.39200000000001
1772222273493241843,2026-02-27 14:57:53.493,-15.2821,4.20857,-56.3925,0.815751,0.684252,-0.170202,13.393
1772222273494438447,2026-02-27 14:57:53.494,-15.3626,4.20524,-56.9865,0.817423,0.686787,-0.166643,13.394000000000005
1772222273495560929,2026-02-27 14:57:53.495,-15.4172,4.25266,-57.4987,0.820147,0.689559,-0.163008,13.39500000000001
1772222273496688191,2026-02-27 14:57:53.496,-15.4373,4.31145,-57.7586,0.826019,0.692162,-0.163451,13.396
1772222273497837019,2026-02-27 14:57:53.497,-15.4693,4.27651,-57.9388,0.82994,0.695129,-0.163727,13.397000000000006
1772222273499028488,2026-02-27 14:57:53.499,-15.4959,4.32274,-58.2391,0.832099,0.698066,-0.161288,13.399000000000001
1772222273500226921,2026-02-27 14:57:53.500,-15.4952,4.28427,-59.0973,0.833856,0.693658,-0.154631,13.400000000000006
1772222273501425460,2026-02-27 14:57:53.501,-15.5205,4.33133,-58.7941,0.83066,0.693005,-0.157685,13.40100000000001
1772222273502562260,2026-02-27 14:57:53.502,-15.5186,4.32638,-58.7418,0.836835,0.695293,-0.15906,13.402000000000001
1772222273503692540,2026-02-27 14:57:53.503,-15.5222,4.32343,-58.6143,0.839816,0.697703,-0.162807,13.403000000000006
1772222273504843129,2026-02-27 14:57:53.504,-15.5825,4.32235,-58.6185,0.842033,0.699417,-0.165318,13.40400000000001
1772222273506038637,2026-02-27 14:57:53.506,-15.599,4.31561,-58.731,0.843221,0.699893,-0.163648,13.406000000000006
1772222273507220741,2026-02-27 14:57:53.507,-15.5684,4.30151,-58.8137,0.842169,0.697578,-0.163493,13.40700000000001
1772222273508418615,2026-02-27 14:57:53.508,-15.6398,4.30532,-57.8402,0.841715,0.696822,-0.172523,13.408000000000001
1772222273509567656,2026-02-27 14:57:53.509,-15.625,4.30398,-58.3998,0.843185,0.694256,-0.167859,13.409000000000006
1772222273510698056,2026-02-27 14:57:53.510,-15.5999,4.25743,-58.561,0.845796,0.693754,-0.167925,13.41000000000001
1772222273511858253,2026-02-27 14:57:53.511,-15.5525,4.19409,-59.5513,0.840914,0.688024,-0.160006,13.411000000000001
1772222273513034783,2026-02-27 14:57:53.513,-15.5831,4.1469,-59.7587,0.842448,0.687771,-0.159452,13.413000000000011
1772222273514232930,2026-02-27 14:57:53.514,-15.5949,4.10997,-59.7905,0.838885,0.684066,-0.158007,13.414000000000001
1772222273515428750,2026-02-27 14:57:53.515,-15.6203,4.07455,-59.9196,0.838247,0.684806,-0.15704,13.415000000000006
1772222273516560266,2026-02-27 14:57:53.516,-15.5975,4.06515,-60.8518,0.840223,0.686049,-0.148151,13.416000000000011
1772222273517687552,2026-02-27 14:57:53.517,-15.5934,4.04772,-61.036,0.839751,0.685454,-0.148052,13.417000000000002
1772222273518858643,2026-02-27 14:57:53.518,-15.6135,3.99334,-61.1707,0.837395,0.685211,-0.149471,13.418000000000006
1772222273520036356,2026-02-27 14:57:53.520,-15.7181,3.94657,-60.5276,0.835806,0.688151,-0.154713,13.420000000000002
1772222273521237809,2026-02-27 14:57:53.521,-15.7774,3.9108,-60.6355,0.838742,0.690755,-0.156872,13.421000000000006
1772222273522433438,2026-02-27 14:57:53.522,-15.7464,3.82464,-60.595,0.832363,0.691335,-0.157057,13.422000000000011
1772222273523589803,2026-02-27 14:57:53.523,-15.818,3.78057,-60.7147,0.833573,0.693493,-0.15754,13.423000000000002
1772222273524717381,2026-02-27 14:57:53.524,-15.8905,3.78377,-60.3717,0.832618,0.696113,-0.160357,13.424000000000007
1772222273525874210,2026-02-27 14:57:53.525,-15.9776,3.74209,-59.7846,0.825581,0.699671,-0.166615,13.425000000000011
1772222273527043393,2026-02-27 14:57:53.527,-16.1446,3.68518,-60.4915,0.822838,0.705579,-0.161747,13.427000000000007
1772222273528240082,2026-02-27 14:57:53.528,-16.0768,3.64546,-61.004,0.823188,0.707389,-0.157838,13.428000000000011
1772222273529435334,2026-02-27 14:57:53.529,-16.1005,3.62384,-61.1313,0.822658,0.709287,-0.157091,13.429000000000002
1772222273530566967,2026-02-27 14:57:53.530,-16.1458,3.54765,-61.1988,0.818483,0.711349,-0.156408,13.430000000000007
1772222273531696642,2026-02-27 14:57:53.531,-16.221,3.4876,-61.1801,0.814402,0.714023,-0.156513,13.431000000000012
1772222273532879592,2026-02-27 14:57:53.532,-16.1523,3.36931,-62.2787,0.810792,0.714748,-0.14727,13.432000000000002
1772222273534053161,2026-02-27 14:57:53.534,-16.2837,3.29008,-61.9784,0.804308,0.717634,-0.150243,13.434000000000012
1772222273535259370,2026-02-27 14:57:53.535,-16.2755,3.24734,-62.0774,0.803706,0.720799,-0.150599,13.435000000000002
1772222273536501327,2026-02-27 14:57:53.536,-16.4831,3.17871,-61.723,0.798519,0.723825,-0.155816,13.436000000000007
1772222273537650304,2026-02-27 14:57:53.537,-16.4965,3.07448,-61.4596,0.793585,0.720212,-0.155983,13.437000000000012
1772222273538824938,2026-02-27 14:57:53.538,-16.4375,3.05559,-61.5498,0.783132,0.720833,-0.155024,13.438000000000002
1772222273540010398,2026-02-27 14:57:53.540,-16.4688,2.85517,-61.8119,0.769675,0.722498,-0.156208,13.440000000000012
1772222273541200331,2026-02-27 14:57:53.541,-16.5634,2.85432,-60.9567,0.767811,0.723498,-0.162785,13.441000000000003
1772222273542396585,2026-02-27 14:57:53.542,-16.5039,2.76491,-61.1292,0.765346,0.726468,-0.164341,13.442000000000007
1772222273543543891,2026-02-27 14:57:53.543,-16.6015,2.71951,-61.3578,0.760313,0.728814,-0.164149,13.443000000000012
1772222273544674012,2026-02-27 14:57:53.544,-16.6385,2.59227,-62.0669,0.75628,0.730822,-0.158723,13.444000000000003
1772222273545843099,2026-02-27 14:57:53.545,-16.6834,2.53206,-62.5948,0.756017,0.73478,-0.155882,13.445000000000007
1772222273547025245,2026-02-27 14:57:53.547,-16.81,2.50108,-62.9718,0.753654,0.738836,-0.157853,13.447000000000003
1772222273548217298,2026-02-27 14:57:53.548,-16.7609,2.47975,-62.9733,0.74832,0.734379,-0.154735,13.448000000000008
1772222273549413133,2026-02-27 14:57:53.549,-16.8208,2.44957,-63.4061,0.744619,0.735704,-0.148005,13.449000000000012
1772222273550569237,2026-02-27 14:57:53.550,-16.9016,2.40976,-64.3325,0.744689,0.741346,-0.143448,13.450000000000003
1772222273551699260,2026-02-27 14:57:53.551,-17.1192,2.39331,-64.279,0.742095,0.747374,-0.149215,13.451000000000008
1772222273552968621,2026-02-27 14:57:53.552,-17.1357,2.39493,-64.2215,0.745718,0.752181,-0.151518,13.452000000000012
1772222273554150585,2026-02-27 14:57:53.554,-17.2951,2.35901,-64.1106,0.743405,0.759468,-0.156456,13.454000000000008
1772222273555346811,2026-02-27 14:57:53.555,-17.4035,2.38584,-64.317,0.742757,0.762264,-0.156335,13.455000000000013
1772222273556553344,2026-02-27 14:57:53.556,-17.3337,2.41118,-64.6271,0.747198,0.763442,-0.155175,13.456000000000003
1772222273557686551,2026-02-27 14:57:53.557,-17.3705,2.3812,-64.7818,0.746613,0.764657,-0.156567,13.457000000000008
1772222273558865921,2026-02-27 14:57:53.558,-17.4197,2.37163,-64.0715,0.75158,0.764943,-0.165451,13.458000000000013
1772222273560056497,2026-02-27 14:57:53.560,-17.4536,2.34564,-65.0344,0.754065,0.765403,-0.161446,13.460000000000008
1772222273561252925,2026-02-27 14:57:53.561,-17.5214,2.3243,-65.7983,0.75006,0.764356,-0.15721,13.461000000000013
1772222273562450136,2026-02-27 14:57:53.562,-17.445,2.31853,-66.3292,0.756805,0.762716,-0.153325,13.462000000000003
1772222273563572034,2026-02-27 14:57:53.563,-17.4921,2.2677,-66.4309,0.757006,0.759913,-0.153549,13.463000000000008
1772222273564703001,2026-02-27 14:57:53.564,-17.4623,2.27509,-66.542,0.75477,0.75499,-0.152315,13.463999999999999
1772222273565883425,2026-02-27 14:57:53.565,-17.4185,2.27812,-66.4741,0.74961,0.747139,-0.150583,13.465000000000003
1772222273567067305,2026-02-27 14:57:53.567,-17.1603,2.26678,-67.3831,0.745056,0.735144,-0.142183,13.466999999999999
1772222273568246099,2026-02-27 14:57:53.568,-17.0761,2.29915,-67.2473,0.745688,0.725145,-0.141121,13.468000000000004
1772222273569444623,2026-02-27 14:57:53.569,-16.9608,2.43068,-65.5732,0.736495,0.69999,-0.139368,13.469000000000008
1772222273570563480,2026-02-27 14:57:53.570,-16.3943,2.34814,-64.7998,0.726069,0.687304,-0.13528,13.469999999999999
1772222273571692632,2026-02-27 14:57:53.571,-16.3944,2.28929,-66.3949,0.753654,0.716949,-0.147805,13.471000000000004
1772222273572872162,2026-02-27 14:57:53.572,-16.6864,2.5444,-66.8805,0.758532,0.717292,-0.152155,13.472000000000008
1772222273574055747,2026-02-27 14:57:53.574,-17.0161,2.50493,-67.6632,0.773632,0.730236,-0.153792,13.474000000000004
1772222273575237209,2026-02-27 14:57:53.575,-17.0971,2.43429,-67.6232,0.776278,0.731397,-0.153724,13.475000000000009
1772222273576435426,2026-02-27 14:57:53.576,-17.2466,2.41482,-68.3011,0.779038,0.73861,-0.149802,13.475999999999999
1772222273577565837,2026-02-27 14:57:53.577,-17.3512,2.31557,-69.0564,0.777753,0.747989,-0.146535,13.477000000000004
1772222273578697788,2026-02-27 14:57:53.578,-17.1296,2.16319,-69.7392,0.778875,0.765011,-0.140518,13.478000000000009
1772222273579875519,2026-02-27 14:57:53.579,-17.0927,2.04353,-70.145,0.783938,0.787113,-0.136567,13.479
1772222273581048456,2026-02-27 14:57:53.581,-17.0289,1.9416,-70.3136,0.78825,0.808075,-0.134626,13.481000000000009
1772222273582244312,2026-02-27 14:57:53.582,-16.8114,1.81291,-70.5585,0.80604,0.82999,-0.141745,13.482
1772222273583441663,2026-02-27 14:57:53.583,-16.7651,1.73991,-71.6564,0.806008,0.842364,-0.132136,13.483000000000004
1772222273584570663,2026-02-27 14:57:53.584,-16.8319,1.72359,-71.5456,0.816645,0.856127,-0.135874,13.484000000000009
1772222273585702822,2026-02-27 14:57:53.585,-16.8874,1.7675,-71.8518,0.826661,0.870941,-0.138134,13.485
1772222273586875705,2026-02-27 14:57:53.586,-16.8538,1.73695,-71.6409,0.834496,0.887278,-0.144542,13.486000000000004
1772222273588057607,2026-02-27 14:57:53.588,-16.8741,1.66402,-71.4665,0.836704,0.897965,-0.149073,13.488
1772222273589235429,2026-02-27 14:57:53.589,-16.7586,1.56526,-71.8576,0.854237,0.928949,-0.155699,13.489000000000004
1772222273590435607,2026-02-27 14:57:53.590,-16.7852,1.57477,-72.2098,0.865706,0.944035,-0.16013,13.490000000000009
1772222273591561640,2026-02-27 14:57:53.591,-17.1026,1.5638,-71.4553,0.863865,0.949136,-0.173751,13.491
1772222273592689738,2026-02-27 14:57:53.592,-17.2468,1.5844,-71.7946,0.86436,0.948715,-0.172119,13.492000000000004
1772222273593868474,2026-02-27 14:57:53.593,-17.2049,1.66129,-71.8158,0.870782,0.947971,-0.171539,13.49300000000001
1772222273595053507,2026-02-27 14:57:53.595,-17.214,1.68545,-72.1782,0.869827,0.948351,-0.16598,13.495000000000005
1772222273596222959,2026-02-27 14:57:53.596,-17.1099,1.85796,-71.4052,0.866652,0.947099,-0.159372,13.49600000000001
1772222273597420505,2026-02-27 14:57:53.597,-16.7603,2.13973,-69.3393,0.844823,0.930212,-0.145454,13.497
1772222273598562434,2026-02-27 14:57:53.598,-15.72,2.39185,-65.9043,0.798319,0.873098,-0.116796,13.498000000000005
1772222273599693322,2026-02-27 14:57:53.599,-14.2338,2.50709,-63.5206,0.768238,0.82487,-0.08371,13.49900000000001
1772222273600873339,2026-02-27 14:57:53.600,-13.827,2.47005,-66.3192,0.868595,0.903215,-0.111487,13.5
1772222273602045181,2026-02-27 14:57:53.602,-14.8261,3.47079,-65.8503,0.873518,0.898218,-0.14304,13.50200000000001
1772222273603214141,2026-02-27 14:57:53.603,-14.7237,5.70392,-51.3225,0.751988,0.669457,-0.077246,13.503
1772222273604413833,2026-02-27 14:57:53.604,-9.51244,6.7223,-32.5763,0.404005,0.260084,0.122164,13.504000000000005
1772222273605569394,2026-02-27 14:57:53.605,-3.10021,5.94915,-23.1637,0.257356,0.012603,0.211901,13.50500000000001
1772222273606698342,2026-02-27 14:57:53.606,0.229876,6.846,-15.6885,0.229066,-0.09194,0.182904,13.506
1772222273607873587,2026-02-27 14:57:53.607,3.41042,5.9936,-15.1274,0.286403,-0.206071,0.149666,13.507000000000005
1772222273609045071,2026-02-27 14:57:53.609,5.58728,5.89493,-14.4799,0.333563,-0.214121,0.102419,13.509
1772222273610214195,2026-02-27 14:57:53.610,7.80541,6.83746,-11.8622,0.351444,-0.290841,0.06512,13.510000000000005
1772222273611405596,2026-02-27 14:57:53.611,8.83414,7.12826,-11.2904,0.35455,-0.31009,0.073904,13.51100000000001
1772222273612561744,2026-02-27 14:57:53.612,9.4282,7.1713,-9.43092,0.342617,-0.301591,0.061848,13.512
1772222273613686934,2026-02-27 14:57:53.613,9.962,6.65839,-9.24441,0.364688,-0.321721,0.070032,13.513000000000005
1772222273614860583,2026-02-27 14:57:53.614,10.2287,6.38803,-8.31981,0.337404,-0.326898,0.068039,13.51400000000001
1772222273616050122,2026-02-27 14:57:53.616,10.6483,5.50251,-8.64808,0.338702,-0.340176,0.085302,13.516000000000005
1772222273617220768,2026-02-27 14:57:53.617,11.1779,3.55056,-11.0788,0.343102,-0.396186,0.184764,13.51700000000001
1772222273618412506,2026-02-27 14:57:53.618,10.8458,3.20116,-11.4224,0.305103,-0.384157,0.210082,13.518
1772222273619558880,2026-02-27 14:57:53.619,10.7602,2.17726,-11.5802,0.282925,-0.40774,0.226245,13.519000000000005
1772222273620686600,2026-02-27 14:57:53.620,10.2813,2.21978,-10.3151,0.194062,-0.390714,0.210599,13.52000000000001
1772222273621852503,2026-02-27 14:57:53.621,10.6875,0.624331,-11.5188,0.204862,-0.38064,0.216382,13.521
1772222273623045501,2026-02-27 14:57:53.623,10.6815,-0.403827,-15.9786,0.385015,-0.431271,0.26574,13.52300000000001
1772222273624230193,2026-02-27 14:57:53.624,10.9439,-0.507117,-15.5765,0.242365,-0.43874,0.256044,13.524000000000001
1772222273625421916,2026-02-27 14:57:53.625,11.1526,-0.50219,-14.0147,0.217138,-0.381431,0.220161,13.525000000000006
1772222273626568941,2026-02-27 14:57:53.626,12.1311,-2.13281,-17.7215,0.319209,-0.391242,0.253767,13.52600000000001
1772222273627699323,2026-02-27 14:57:53.627,11.3586,-0.050751,-15.1669,0.215656,-0.429552,0.261994,13.527000000000001
1772222273628873834,2026-02-27 14:57:53.628,11.0083,-0.904534,-14.0579,0.215949,-0.425093,0.259928,13.528000000000006
1772222273630072495,2026-02-27 14:57:53.630,12.4612,-2.19377,-19.2303,0.3941,-0.464725,0.291692,13.530000000000001
1772222273631256312,2026-02-27 14:57:53.631,11.3748,-0.874425,-19.5911,0.384141,-0.548414,0.296867,13.531000000000006
1772222273632470876,2026-02-27 14:57:53.632,12.2629,-0.961372,-20.9034,0.497704,-0.521211,0.30162,13.53200000000001
1772222273633565764,2026-02-27 14:57:53.633,12.3522,-0.443102,-19.8985,0.467432,-0.576113,0.332283,13.533000000000001
1772222273634692574,2026-02-27 14:57:53.634,11.6574,-0.102678,-18.2731,0.439641,-0.66572,0.333024,13.534000000000006
1772222273635889921,2026-02-27 14:57:53.635,12.2635,-0.051355,-17.4786,0.490221,-0.662581,0.321982,13.53500000000001
1772222273637086215,2026-02-27 14:57:53.637,12.9327,0.7141,-15.9862,0.489857,-0.654128,0.307543,13.537000000000006
1772222273638264165,2026-02-27 14:57:53.638,14.0188,2.03239,-15.1932,0.467054,-0.563231,0.264808,13.538000000000011
1772222273639473686,2026-02-27 14:57:53.639,13.6185,2.19054,-14.7112,0.502115,-0.557302,0.260481,13.539000000000001
1772222273640603796,2026-02-27 14:57:53.640,12.8109,3.03384,-13.2108,0.471628,-0.564578,0.254011,13.540000000000006
1772222273641741025,2026-02-27 14:57:53.641,12.0585,3.08459,-11.4606,0.548566,-0.604657,0.248887,13.541000000000011
1772222273642870110,2026-02-27 14:57:53.642,12.5733,3.82186,-11.1461,0.449714,-0.573735,0.231685,13.542000000000002
1772222273644068099,2026-02-27 14:57:53.644,13.0437,3.66199,-11.3897,0.490234,-0.519617,0.224186,13.544000000000011
1772222273645250234,2026-02-27 14:57:53.645,10.3701,3.19109,-12.0726,0.567482,-0.593283,0.226302,13.545000000000002
1772222273646428169,2026-02-27 14:57:53.646,9.81767,3.61808,-12.8992,0.557216,-0.605847,0.215902,13.546000000000006
1772222273647565300,2026-02-27 14:57:53.647,10.0971,2.38888,-15.9044,0.599206,-0.539489,0.178485,13.547000000000011
1772222273648695348,2026-02-27 14:57:53.648,8.2031,2.08335,-19.0431,0.737732,-0.49375,0.112391,13.548000000000002
1772222273649890948,2026-02-27 14:57:53.649,6.91983,2.69299,-21.6783,0.750516,-0.45162,0.089215,13.549000000000007
1772222273651088599,2026-02-27 14:57:53.651,6.2209,1.68753,-25.8886,0.834009,-0.36922,0.052017,13.551000000000002
1772222273652273182,2026-02-27 14:57:53.652,3.03158,1.51244,-32.5484,0.95907,-0.140496,-0.051974,13.552000000000007
1772222273653445222,2026-02-27 14:57:53.653,1.07052,1.6022,-34.6164,0.976903,-0.076659,-0.078799,13.553000000000011
1772222273654589388,2026-02-27 14:57:53.654,-0.312966,1.70699,-35.4711,0.94062,-0.026907,-0.080569,13.554000000000002
1772222273655720517,2026-02-27 14:57:53.655,-1.24513,1.08872,-37.3413,0.930246,0.052535,-0.085374,13.555000000000007
1772222273656877309,2026-02-27 14:57:53.656,-2.31075,0.742855,-38.7544,0.908252,0.100827,-0.096743,13.556000000000012
1772222273658073557,2026-02-27 14:57:53.658,-3.24016,0.562793,-39.1512,0.858751,0.138496,-0.102829,13.558000000000007
1772222273659243718,2026-02-27 14:57:53.659,-3.963,0.253489,-38.7881,0.820719,0.169615,-0.10557,13.559000000000012
1772222273660415634,2026-02-27 14:57:53.660,-5.0484,-0.0617,-38.9983,0.737103,0.215499,-0.095289,13.560000000000002
1772222273661539593,2026-02-27 14:57:53.661,-5.49388,-0.139086,-38.4825,0.693448,0.228812,-0.090139,13.561000000000007
1772222273662668382,2026-02-27 14:57:53.662,-5.71018,-0.025963,-37.1913,0.655193,0.244922,-0.087294,13.562000000000012
1772222273663979441,2026-02-27 14:57:53.663,-5.83798,0.075353,-35.3892,0.621952,0.254972,-0.087446,13.563000000000002
1772222273665169839,2026-02-27 14:57:53.665,-5.79559,0.165361,-33.4045,0.593433,0.261306,-0.086805,13.565000000000012
1772222273666341940,2026-02-27 14:57:53.666,-5.30946,0.533336,-30.1425,0.550728,0.260881,-0.081699,13.566000000000003
1772222273667531981,2026-02-27 14:57:53.667,-4.99921,0.734288,-27.5061,0.533548,0.252939,-0.086321,13.567000000000007
1772222273668661807,2026-02-27 14:57:53.668,-4.44677,0.890551,-25.3683,0.518184,0.237814,-0.085682,13.568000000000012
1772222273669856810,2026-02-27 14:57:53.669,-3.99465,1.15827,-22.7871,0.503206,0.219492,-0.087827,13.569000000000003
1772222273671052047,2026-02-27 14:57:53.671,-3.45343,1.26869,-20.5403,0.485509,0.195215,-0.085563,13.571000000000012
1772222273672233046,2026-02-27 14:57:53.672,-2.84648,1.42672,-18.5814,0.466192,0.170243,-0.079648,13.572000000000003
1772222273673404729,2026-02-27 14:57:53.673,-1.74882,1.50008,-15.1956,0.421588,0.108332,-0.062143,13.573000000000008
1772222273674541773,2026-02-27 14:57:53.674,-1.17805,1.48962,-12.8525,0.397874,0.075359,-0.059478,13.574000000000012
1772222273675670125,2026-02-27 14:57:53.675,-0.646732,1.49014,-11.4402,0.371645,0.04309,-0.048603,13.575000000000003
1772222273676847035,2026-02-27 14:57:53.676,-0.158086,1.4377,-10.3044,0.344907,0.008411,-0.036151,13.576000000000008
1772222273678044372,2026-02-27 14:57:53.678,0.30685,1.3612,-9.72459,0.322432,-0.021573,-0.022491,13.578000000000003
1772222273679217192,2026-02-27 14:57:53.679,0.837846,1.2556,-9.10479,0.292649,-0.057635,-0.005934,13.579000000000008
1772222273680387912,2026-02-27 14:57:53.680,1.85475,0.964839,-7.41133,0.238487,-0.127865,0.020234,13.580000000000013
1772222273681539318,2026-02-27 14:57:53.681,2.35888,0.790959,-6.78063,0.208911,-0.164239,0.031871,13.581000000000003
1772222273682665731,2026-02-27 14:57:53.682,2.93727,0.662511,-6.47984,0.190671,-0.202505,0.048059,13.582000000000008
1772222273683858272,2026-02-27 14:57:53.683,3.50418,0.559254,-6.73782,0.169889,-0.240497,0.065398,13.583000000000013
1772222273685023928,2026-02-27 14:57:53.685,4.04821,0.398581,-5.92431,0.151226,-0.27959,0.074613,13.585000000000008
1772222273686216416,2026-02-27 14:57:53.686,4.57437,0.298367,-5.45536,0.131609,-0.317998,0.083437,13.586000000000013
1772222273687404544,2026-02-27 14:57:53.687,5.6861,0.064436,-4.56767,0.109437,-0.395206,0.100515,13.587000000000003
1772222273688551852,2026-02-27 14:57:53.688,6.2239,-0.10967,-4.60949,0.101254,-0.431579,0.110287,13.588000000000008
1772222273689679128,2026-02-27 14:57:53.689,6.6765,-0.186232,-4.75047,0.093943,-0.466229,0.119459,13.588999999999999
1772222273690849927,2026-02-27 14:57:53.690,7.13659,-0.287206,-4.85704,0.090735,-0.498985,0.126767,13.590000000000003
1772222273692042961,2026-02-27 14:57:53.692,7.55629,-0.357452,-4.02195,0.088956,-0.529466,0.123951,13.591999999999999
1772222273693235542,2026-02-27 14:57:53.693,7.95812,-0.479195,-4.82925,0.087686,-0.556993,0.132566,13.593000000000004
1772222273694426668,2026-02-27 14:57:53.694,8.64606,-0.601012,-6.29079,0.088862,-0.604809,0.14507,13.594000000000008
1772222273695550267,2026-02-27 14:57:53.695,8.91054,-0.784488,-6.95885,0.09159,-0.626968,0.151033,13.594999999999999
1772222273696675645,2026-02-27 14:57:53.696,9.23339,-0.841309,-7.50412,0.096653,-0.646362,0.154117,13.596000000000004
1772222273697870536,2026-02-27 14:57:53.697,9.42981,-0.910012,-8.29226,0.096883,-0.663535,0.156358,13.597000000000008
1772222273699065393,2026-02-27 14:57:53.699,9.65187,-0.996442,-8.85874,0.102903,-0.679198,0.159435,13.599000000000004
1772222273700258862,2026-02-27 14:57:53.700,9.92187,-1.03662,-10.4331,0.106767,-0.696272,0.170262,13.600000000000009
1772222273701447574,2026-02-27 14:57:53.701,10.198,-1.29645,-11.8247,0.107238,-0.725964,0.174348,13.600999999999999
1772222273702594702,2026-02-27 14:57:53.702,10.3572,-1.36795,-12.0124,0.11438,-0.739892,0.172336,13.602000000000004
1772222273703772070,2026-02-27 14:57:53.703,10.5007,-1.44714,-12.5016,0.11845,-0.752628,0.172644,13.603000000000009
1772222273704969846,2026-02-27 14:57:53.704,10.6365,-1.52174,-13.0822,0.120235,-0.765029,0.174351,13.604
1772222273706166654,2026-02-27 14:57:53.706,10.7485,-1.60002,-13.8296,0.121606,-0.776269,0.176592,13.606000000000009
1772222273707376741,2026-02-27 14:57:53.707,10.944,-1.76393,-14.8584,0.129291,-0.795885,0.175424,13.607
1772222273708540226,2026-02-27 14:57:53.708,10.9778,-1.72635,-14.9962,0.133179,-0.800965,0.171662,13.608000000000004
1772222273709669980,2026-02-27 14:57:53.709,10.9683,-1.77261,-15.9931,0.140079,-0.807363,0.17475,13.609000000000009
1772222273710842614,2026-02-27 14:57:53.710,10.9801,-1.81951,-16.9498,0.145727,-0.810816,0.177992,13.61
1772222273712039304,2026-02-27 14:57:53.712,10.9861,-1.78436,-18.0415,0.162648,-0.810751,0.180749,13.612000000000009
1772222273713235045,2026-02-27 14:57:53.713,10.9509,-1.79344,-18.7123,0.16989,-0.811201,0.180767,13.613
1772222273714417126,2026-02-27 14:57:53.714,10.7734,-1.68109,-19.817,0.196296,-0.803047,0.176266,13.614000000000004
1772222273715532789,2026-02-27 14:57:53.715,10.5948,-1.55365,-20.3394,0.212498,-0.795031,0.172525,13.615000000000009
1772222273716660205,2026-02-27 14:57:53.716,10.4778,-1.53953,-21.9804,0.227705,-0.786687,0.178082,13.616
1772222273717833718,2026-02-27 14:57:53.717,10.3237,-1.4153,-22.0868,0.245031,-0.776835,0.170065,13.617000000000004
1772222273719032370,2026-02-27 14:57:53.719,10.1362,-1.33462,-22.6064,0.259611,-0.767633,0.165826,13.619
1772222273720227059,2026-02-27 14:57:53.720,9.9138,-1.15678,-22.6752,0.275593,-0.755822,0.158054,13.620000000000005
1772222273721413109,2026-02-27 14:57:53.721,9.64976,-1.05226,-22.9481,0.290604,-0.744344,0.153341,13.62100000000001
1772222273722532923,2026-02-27 14:57:53.722,9.3447,-0.824719,-23.9671,0.324573,-0.719762,0.145519,13.622
1772222273723661388,2026-02-27 14:57:53.723,9.13181,-0.650617,-24.4234,0.344655,-0.707511,0.141236,13.623000000000005
1772222273724854839,2026-02-27 14:57:53.724,8.86757,-0.551332,-23.8274,0.355666,-0.696245,0.127949,13.62400000000001
1772222273726053258,2026-02-27 14:57:53.726,8.64838,-0.423518,-24.4196,0.373101,-0.683351,0.12564,13.626000000000005
1772222273727248002,2026-02-27 14:57:53.727,8.40985,-0.352625,-24.9476,0.386567,-0.669729,0.122612,13.62700000000001
1772222273728431404,2026-02-27 14:57:53.728,8.1738,-0.245927,-25.9687,0.401446,-0.656804,0.123428,13.628
1772222273729584104,2026-02-27 14:57:53.729,7.72005,-0.064765,-27.4175,0.427633,-0.63055,0.118231,13.629000000000005
1772222273730717680,2026-02-27 14:57:53.730,7.54783,0.032738,-27.939,0.444641,-0.616317,0.114607,13.63000000000001
1772222273731846976,2026-02-27 14:57:53.731,7.22361,0.069483,-28.4348,0.457454,-0.602308,0.109472,13.631
1772222273733046070,2026-02-27 14:57:53.733,6.96401,0.203485,-29.4253,0.470534,-0.587199,0.111758,13.63300000000001
1772222273734241821,2026-02-27 14:57:53.734,6.74425,0.263138,-30.527,0.487753,-0.571841,0.109518,13.634
1772222273735427167,2026-02-27 14:57:53.735,6.47851,0.26412,-30.7968,0.499148,-0.557537,0.104206,13.635000000000005
1772222273736551051,2026-02-27 14:57:53.736,5.91738,0.407913,-31.2011,0.525584,-0.524389,0.088634,13.63600000000001
1772222273737678161,2026-02-27 14:57:53.737,5.61383,0.44583,-31.6488,0.53717,-0.508582,0.082393,13.637
1772222273738850043,2026-02-27 14:57:53.738,5.40468,0.561246,-32.2639,0.553938,-0.491923,0.077426,13.638000000000005
1772222273740046138,2026-02-27 14:57:53.740,5.11989,0.58888,-32.7023,0.563186,-0.476393,0.072838,13.64
1772222273741244214,2026-02-27 14:57:53.741,4.81566,0.626314,-33.174,0.575408,-0.459827,0.067227,13.641000000000005
1772222273742423616,2026-02-27 14:57:53.742,4.56054,0.680387,-32.7778,0.587093,-0.443895,0.05353,13.64200000000001
1772222273743551564,2026-02-27 14:57:53.743,3.95631,0.757065,-34.3267,0.61268,-0.411121,0.047769,13.643
1772222273744680907,2026-02-27 14:57:53.744,3.6924,0.77601,-35.3631,0.617202,-0.395919,0.047226,13.644000000000005
1772222273745851789,2026-02-27 14:57:53.745,3.43507,0.839926,-36.0784,0.628614,-0.380936,0.044679,13.64500000000001
1772222273747047606,2026-02-27 14:57:53.747,3.2188,0.844733,-36.5108,0.639762,-0.365996,0.039451,13.647000000000006
1772222273748242980,2026-02-27 14:57:53.748,2.96492,0.889164,-37.0978,0.649133,-0.351029,0.035851,13.64800000000001
1772222273749421144,2026-02-27 14:57:53.749,2.75465,0.809612,-37.5497,0.657104,-0.337712,0.030306,13.649000000000001
1772222273750576420,2026-02-27 14:57:53.750,2.29036,0.914726,-39.3586,0.677434,-0.310514,0.030078,13.650000000000006
1772222273751717666,2026-02-27 14:57:53.751,1.98259,0.924429,-39.9214,0.68455,-0.29592,0.025608,13.65100000000001
1772222273752910802,2026-02-27 14:57:53.752,1.75083,0.95778,-39.8499,0.696617,-0.284373,0.017975,13.652000000000001
1772222273754106991,2026-02-27 14:57:53.754,1.5559,1.00048,-40.0476,0.709086,-0.270558,0.01122,13.65400000000001
1772222273755302325,2026-02-27 14:57:53.755,1.28782,1.00607,-40.4303,0.71527,-0.257983,0.007262,13.655000000000001
1772222273756500682,2026-02-27 14:57:53.756,0.795302,1.07263,-41.363,0.735844,-0.230584,0.000678,13.656000000000006
1772222273757631499,2026-02-27 14:57:53.757,0.55929,1.20227,-41.2827,0.741837,-0.216189,-0.011763,13.65700000000001
1772222273758799677,2026-02-27 14:57:53.758,0.287341,1.2089,-41.265,0.75233,-0.203956,-0.017539,13.658000000000001
1772222273759994932,2026-02-27 14:57:53.759,0.074004,1.26395,-41.8592,0.756948,-0.189704,-0.02018,13.659000000000006
1772222273761190703,2026-02-27 14:57:53.761,-0.200221,1.22516,-42.6028,0.766579,-0.176432,-0.018529,13.661000000000001
1772222273762321261,2026-02-27 14:57:53.762,-0.38632,1.2991,-43.232,0.771327,-0.162728,-0.018835,13.662000000000006
1772222273763473502,2026-02-27 14:57:53.763,-0.617486,1.26467,-43.537,0.779892,-0.149028,-0.021906,13.663000000000011
1772222273764616100,2026-02-27 14:57:53.764,-1.05125,1.31382,-44.027,0.790428,-0.123199,-0.028048,13.664000000000001
1772222273765739709,2026-02-27 14:57:53.765,-1.23982,1.35681,-44.2577,0.792442,-0.111425,-0.030314,13.665000000000006
1772222273766904461,2026-02-27 14:57:53.766,-1.40489,1.3721,-45.2326,0.800564,-0.098011,-0.024158,13.666000000000011
1772222273768018578,2026-02-27 14:57:53.768,-1.67285,1.40912,-45.0273,0.797037,-0.086535,-0.031379,13.668000000000006
1772222273769153638,2026-02-27 14:57:53.769,-1.76241,1.39159,-44.8859,0.803717,-0.074034,-0.03387,13.669000000000011
1772222273770273545,2026-02-27 14:57:53.770,-2.09478,1.39871,-44.6408,0.807681,-0.061591,-0.040693,13.670000000000002
1772222273771389871,2026-02-27 14:57:53.771,-2.23692,1.3764,-44.4707,0.807143,-0.048131,-0.045014,13.671000000000006
1772222273772477215,2026-02-27 14:57:53.772,-2.50837,1.37635,-44.6932,0.815594,-0.030828,-0.048268,13.672000000000011
1772222273773688012,2026-02-27 14:57:53.773,-2.9311,1.41875,-44.9732,0.820304,-0.005722,-0.055697,13.673000000000002
1772222273774829083,2026-02-27 14:57:53.774,-3.15628,1.42302,-44.0001,0.819738,0.008074,-0.067849,13.674000000000007
1772222273775997237,2026-02-27 14:57:53.775,-3.43257,1.40234,-44.4777,0.822071,0.020219,-0.066818,13.675000000000011
1772222273777164722,2026-02-27 14:57:53.777,-3.69254,1.37864,-44.5402,0.824554,0.037166,-0.069908,13.677000000000007
1772222273778341526,2026-02-27 14:57:53.778,-3.98807,1.40948,-45.2178,0.828519,0.056039,-0.069228,13.678000000000011
1772222273779520936,2026-02-27 14:57:53.779,-4.23794,1.46406,-45.6151,0.829866,0.07331,-0.071,13.679000000000002
1772222273780650781,2026-02-27 14:57:53.780,-4.84318,1.46455,-45.7904,0.835385,0.108465,-0.079064,13.680000000000007
1772222273781823021,2026-02-27 14:57:53.781,-5.16856,1.50985,-45.8626,0.836331,0.126808,-0.08406,13.681000000000012
1772222273782999244,2026-02-27 14:57:53.782,-5.40199,1.55489,-46.6327,0.844988,0.145903,-0.081227,13.682000000000002
1772222273784173683,2026-02-27 14:57:53.784,-5.6972,1.6156,-47.1405,0.849574,0.165736,-0.08471,13.684000000000012
1772222273785351885,2026-02-27 14:57:53.785,-5.97639,1.68514,-47.0435,0.853709,0.182709,-0.090393,13.685000000000002
1772222273786530049,2026-02-27 14:57:53.786,-6.25746,1.73735,-46.8416,0.859087,0.199998,-0.099637,13.686000000000007
1772222273787659124,2026-02-27 14:57:53.787,-6.81099,1.78878,-46.7403,0.872607,0.235164,-0.112082,13.687000000000012
1772222273788809846,2026-02-27 14:57:53.788,-7.12969,1.81631,-46.9379,0.876652,0.252209,-0.116436,13.688000000000002
1772222273790000132,2026-02-27 14:57:53.790,-7.40199,1.86676,-47.1647,0.885441,0.269591,-0.119017,13.690000000000012
1772222273791174963,2026-02-27 14:57:53.791,-7.68112,1.90245,-47.1834,0.890961,0.28706,-0.125615,13.691000000000003
1772222273792350309,2026-02-27 14:57:53.792,-8.08404,1.9384,-46.5964,0.901996,0.306142,-0.137698,13.692000000000007
1772222273793556036,2026-02-27 14:57:53.793,-8.7254,2.04884,-47.4018,0.913588,0.339924,-0.142677,13.693000000000012
1772222273794682579,2026-02-27 14:57:53.794,-8.91478,2.1534,-48.019,0.920811,0.356894,-0.14146,13.694000000000003
1772222273795827856,2026-02-27 14:57:53.795,-9.28529,2.17285,-48.2939,0.924737,0.377385,-0.146526,13.695000000000007
1772222273796994810,2026-02-27 14:57:53.796,-9.50547,2.32414,-48.5065,0.937579,0.395584,-0.150924,13.696000000000012
1772222273798162925,2026-02-27 14:57:53.798,-9.79303,2.38191,-48.6128,0.946781,0.41325,-0.156411,13.698000000000008
1772222273799331844,2026-02-27 14:57:53.799,-10.1213,2.42745,-48.6453,0.954545,0.432759,-0.160832,13.699000000000012
1772222273800510651,2026-02-27 14:57:53.800,-10.392,2.56513,-49.6765,0.961107,0.450068,-0.155738,13.700000000000003
1772222273801640256,2026-02-27 14:57:53.801,-10.9179,2.63374,-49.4674,0.975505,0.48425,-0.172155,13.701000000000008
1772222273802784548,2026-02-27 14:57:53.802,-11.1426,2.73765,-49.1163,0.985204,0.500688,-0.178868,13.702000000000012
1772222273803954164,2026-02-27 14:57:53.803,-11.4856,2.83815,-48.9958,0.99338,0.521894,-0.184891,13.703000000000003
1772222273805123503,2026-02-27 14:57:53.805,-11.8642,2.93671,-49.181,1.00786,0.537847,-0.187648,13.705000000000013
1772222273806291886,2026-02-27 14:57:53.806,-12.2023,3.05352,-49.2506,1.01481,0.557954,-0.192711,13.706000000000003
1772222273807480504,2026-02-27 14:57:53.807,-12.465,3.15731,-49.3748,1.02828,0.579616,-0.198168,13.707000000000008
1772222273808612718,2026-02-27 14:57:53.808,-12.9676,3.27958,-48.6317,1.04576,0.612019,-0.215038,13.708000000000013
1772222273809770246,2026-02-27 14:57:53.809,-13.2455,3.40125,-49.0112,1.05827,0.628702,-0.219068,13.709000000000003
1772222273810944985,2026-02-27 14:57:53.810,-13.5256,3.42307,-49.8018,1.06901,0.647846,-0.219393,13.710000000000008
1772222273812125680,2026-02-27 14:57:53.812,-13.7814,3.4628,-50.6867,1.08418,0.667299,-0.223745,13.712000000000003
1772222273813318881,2026-02-27 14:57:53.813,-14.1114,3.53373,-51.1208,1.09399,0.682634,-0.229121,13.713000000000008
1772222273814514588,2026-02-27 14:57:53.814,-14.3769,3.58364,-51.4866,1.10049,0.697939,-0.23244,13.713999999999999
1772222273815688842,2026-02-27 14:57:53.815,-14.6779,3.60329,-51.7132,1.10805,0.713787,-0.235238,13.715000000000003
1772222273816904090,2026-02-27 14:57:53.816,-15.0864,3.65351,-53.0479,1.12067,0.743528,-0.23333,13.716000000000008
1772222273818104627,2026-02-27 14:57:53.818,-15.2576,3.72035,-52.6803,1.12269,0.752633,-0.239922,13.718000000000004
1772222273819302338,2026-02-27 14:57:53.819,-15.4449,4.07709,-51.652,1.11784,0.752655,-0.235952,13.719000000000008
1772222273820486219,2026-02-27 14:57:53.820,-15.4443,4.89572,-48.3407,1.07618,0.723259,-0.215529,13.719999999999999
1772222273821617308,2026-02-27 14:57:53.821,-12.6751,5.02607,-40.4327,0.946734,0.618533,-0.154445,13.721000000000004
1772222273822762965,2026-02-27 14:57:53.822,-12.6259,3.14393,-48.6294,1.16997,0.801685,-0.261889,13.722000000000008
1772222273823930339,2026-02-27 14:57:53.823,-14.9955,5.00163,-50.4309,1.16744,0.735412,-0.298664,13.722999999999999
1772222273825099407,2026-02-27 14:57:53.825,-15.3134,4.64917,-50.711,1.19376,0.786741,-0.284735,13.725000000000009
1772222273826296644,2026-02-27 14:57:53.826,-15.6275,4.52987,-52.6086,1.21493,0.776024,-0.268617,13.725999999999999
1772222273827504689,2026-02-27 14:57:53.827,-15.7605,4.6528,-53.3865,1.20677,0.803058,-0.264993,13.727000000000004
1772222273828632857,2026-02-27 14:57:53.828,-16.1782,4.44859,-54.9591,1.21657,0.818171,-0.264686,13.728000000000009
1772222273829809830,2026-02-27 14:57:53.829,-17.2474,4.13477,-57.4004,1.24346,0.871033,-0.284403,13.729
1772222273830980284,2026-02-27 14:57:53.830,-17.8138,4.06376,-58.3417,1.25127,0.896809,-0.290627,13.730000000000004
1772222273832178587,2026-02-27 14:57:53.832,-18.2321,3.99582,-58.9484,1.24663,0.9178,-0.292239,13.732
1772222273833374609,2026-02-27 14:57:53.833,-18.4998,3.91507,-60.1643,1.24022,0.93648,-0.281253,13.733000000000004
1772222273834553936,2026-02-27 14:57:53.834,-18.7093,3.83393,-60.5961,1.22961,0.950899,-0.281427,13.734000000000009
1772222273835683992,2026-02-27 14:57:53.835,-19.1506,3.7335,-60.9758,1.23202,0.978675,-0.28928,13.735
1772222273836880054,2026-02-27 14:57:53.836,-19.259,3.71511,-61.1082,1.23604,0.988352,-0.293847,13.736000000000004
1772222273838076056,2026-02-27 14:57:53.838,-19.2705,3.70242,-61.5074,1.23979,0.991048,-0.294883,13.738
1772222273839274736,2026-02-27 14:57:53.839,-19.2936,3.7514,-61.835,1.24454,0.991207,-0.291296,13.739000000000004
1772222273840482337,2026-02-27 14:57:53.840,-19.2782,3.81749,-61.9322,1.24101,0.986716,-0.285989,13.740000000000009
1772222273841610782,2026-02-27 14:57:53.841,-19.0485,3.83273,-61.5505,1.25085,0.975337,-0.284243,13.741
1772222273842765717,2026-02-27 14:57:53.842,-19.0048,3.93206,-61.7194,1.24163,0.96089,-0.274673,13.742000000000004
1772222273843960739,2026-02-27 14:57:53.843,-18.7431,4.08531,-61.3938,1.22819,0.935985,-0.259516,13.74300000000001
1772222273845129434,2026-02-27 14:57:53.845,-18.355,3.80234,-62.7345,1.24509,0.94374,-0.254627,13.745000000000005
1772222273846325302,2026-02-27 14:57:53.846,-18.3484,3.71943,-64.0891,1.2668,0.943689,-0.261375,13.74600000000001
1772222273847531048,2026-02-27 14:57:53.847,-18.5256,3.80446,-64.7052,1.27246,0.936786,-0.257928,13.747
1772222273848660978,2026-02-27 14:57:53.848,-18.5007,3.78151,-64.9481,1.27012,0.923245,-0.245974,13.748000000000005
1772222273849820103,2026-02-27 14:57:53.849,-17.4623,6.54906,-52.9103,1.03303,0.671515,-0.13026,13.74900000000001
1772222273851017629,2026-02-27 14:57:53.851,-13.3594,7.78828,-37.1841,0.748575,0.38788,0.007243,13.751000000000005
1772222273852214188,2026-02-27 14:57:53.852,-8.75513,7.11365,-30.7209,0.672948,0.320314,0.033509,13.75200000000001
1772222273853408353,2026-02-27 14:57:53.853,-5.75903,5.82363,-31.2762,0.752754,0.286703,-0.038377,13.753
1772222273854561621,2026-02-27 14:57:53.854,-4.93661,3.51188,-43.5679,1.12079,0.490808,-0.198151,13.754000000000005
1772222273855691653,2026-02-27 14:57:53.855,-7.42558,6.26188,-53.9847,1.20739,0.57012,-0.122594,13.75500000000001
1772222273856848633,2026-02-27 14:57:53.856,-7.51177,5.24809,-56.9115,1.33931,0.595199,-0.039879,13.756
1772222273858046274,2026-02-27 14:57:53.858,-7.10055,5.10781,-58.3802,1.35463,0.662765,-0.038699,13.75800000000001
1772222273859240994,2026-02-27 14:57:53.859,-7.54287,4.34107,-61.5039,1.39542,0.719257,-0.054035,13.759
1772222273860410752,2026-02-27 14:57:53.860,-8.72518,3.38893,-65.4384,1.43951,0.765647,-0.09448,13.760000000000005
1772222273861558069,2026-02-27 14:57:53.861,-10.4025,2.25377,-69.7766,1.47601,0.795447,-0.141071,13.76100000000001
1772222273862686871,2026-02-27 14:57:53.862,-12.998,0.794358,-76.0613,1.46674,0.83447,-0.20999,13.762
1772222273863865024,2026-02-27 14:57:53.863,-13.7246,0.371688,-77.573,1.40261,0.846273,-0.217927,13.763000000000005
1772222273865061048,2026-02-27 14:57:53.865,-14.0399,-0.007744,-78.4908,1.33675,0.857059,-0.21573,13.765
1772222273866253899,2026-02-27 14:57:53.866,-14.0364,-0.428802,-79.6486,1.28654,0.872733,-0.205925,13.766000000000005
1772222273867430957,2026-02-27 14:57:53.867,-13.7706,-0.773831,-80.9562,1.26353,0.891437,-0.195787,13.76700000000001
1772222273868555070,2026-02-27 14:57:53.868,-13.5413,-0.9058,-81.1657,1.25003,0.911471,-0.194339,13.768
1772222273869685696,2026-02-27 14:57:53.869,-13.5206,-0.930817,-81.1361,1.24675,0.930179,-0.195337,13.769000000000005
1772222273870839223,2026-02-27 14:57:53.870,-13.6704,-0.644703,-80.6996,1.26714,0.952779,-0.192202,13.77000000000001
1772222273872036830,2026-02-27 14:57:53.872,-13.8987,-0.356421,-80.6634,1.28468,0.961888,-0.187818,13.772000000000006
1772222273873232382,2026-02-27 14:57:53.873,-14.0237,-0.062778,-80.391,1.30085,0.970452,-0.18509,13.77300000000001
1772222273874429859,2026-02-27 14:57:53.874,-14.057,0.129526,-79.7646,1.31164,0.976179,-0.183625,13.774000000000001
1772222273875561050,2026-02-27 14:57:53.875,-14.0659,0.422423,-77.9539,1.31597,0.978645,-0.189243,13.775000000000006
1772222273876691483,2026-02-27 14:57:53.876,-14.0697,0.657422,-77.3652,1.3111,0.978351,-0.182905,13.77600000000001
1772222273877845320,2026-02-27 14:57:53.877,-13.8695,0.923465,-75.3082,1.2867,0.952035,-0.174809,13.777000000000001
1772222273879041283,2026-02-27 14:57:53.879,-13.8191,1.10859,-74.2827,1.26959,0.92871,-0.174181,13.77900000000001
1772222273880238531,2026-02-27 14:57:53.880,-13.8569,1.23092,-73.0541,1.25035,0.903075,-0.177065,13.780000000000001
1772222273881434778,2026-02-27 14:57:53.881,-13.957,1.34287,-71.8568,1.23194,0.875359,-0.181598,13.781000000000006
1772222273882553686,2026-02-27 14:57:53.882,-13.9879,1.41596,-70.6253,1.20917,0.845851,-0.188373,13.78200000000001
1772222273883682085,2026-02-27 14:57:53.883,-14.0547,1.55823,-70.4933,1.19275,0.821489,-0.188591,13.783000000000001
1772222273884851385,2026-02-27 14:57:53.884,-14.3427,1.7094,-68.3008,1.15777,0.780164,-0.210318,13.784000000000006
1772222273886164704,2026-02-27 14:57:53.886,-14.544,1.8574,-67.0665,1.14391,0.765569,-0.226601,13.786000000000001
1772222273887360507,2026-02-27 14:57:53.887,-14.6497,2.02746,-65.9838,1.14065,0.755797,-0.237307,13.787000000000006
1772222273888567515,2026-02-27 14:57:53.888,-14.8564,2.25619,-65.2258,1.12062,0.748153,-0.239942,13.788000000000011
1772222273889700139,2026-02-27 14:57:53.889,-14.9381,2.46357,-64.6013,1.11484,0.740333,-0.239655,13.789000000000001
1772222273890853549,2026-02-27 14:57:53.890,-15.3264,2.84515,-63.2129,1.10518,0.732906,-0.248376,13.790000000000006
1772222273892046280,2026-02-27 14:57:53.892,-15.5139,2.97007,-62.4288,1.104,0.73132,-0.25375,13.792000000000002
1772222273893243214,2026-02-27 14:57:53.893,-15.6138,3.17939,-62.4919,1.10918,0.731093,-0.253501,13.793000000000006
1772222273894439477,2026-02-27 14:57:53.894,-15.7662,3.27016,-62.6254,1.10597,0.73073,-0.252432,13.794000000000011
1772222273895568843,2026-02-27 14:57:53.895,-15.8072,3.39463,-62.9556,1.10699,0.731824,-0.248673,13.795000000000002
1772222273896699100,2026-02-27 14:57:53.896,-15.9268,3.48227,-62.9479,1.10776,0.731082,-0.250234,13.796000000000006
1772222273897859440,2026-02-27 14:57:53.897,-16.0572,3.72771,-63.0458,1.11347,0.72978,-0.251008,13.797000000000011
1772222273899053970,2026-02-27 14:57:53.899,-16.0064,3.88359,-63.2532,1.12365,0.729017,-0.249774,13.799000000000007
1772222273900251506,2026-02-27 14:57:53.900,-16.061,3.91248,-64.3718,1.12539,0.724582,-0.240843,13.800000000000011
1772222273901447221,2026-02-27 14:57:53.901,-16.0333,3.9966,-64.2645,1.13192,0.723544,-0.244446,13.801000000000002
1772222273902561670,2026-02-27 14:57:53.902,-16.0776,4.09492,-64.4363,1.1315,0.720414,-0.243355,13.802000000000007
1772222273903689240,2026-02-27 14:57:53.903,-16.1149,4.10396,-64.3332,1.13869,0.717406,-0.246494,13.803000000000011
1772222273904872216,2026-02-27 14:57:53.904,-16.0827,4.2104,-64.9118,1.14653,0.712974,-0.248038,13.804000000000002
1772222273906049948,2026-02-27 14:57:53.906,-16.0395,4.34323,-65.336,1.15424,0.708681,-0.248212,13.806000000000012
1772222273907235087,2026-02-27 14:57:53.907,-15.9924,4.38692,-65.7214,1.16103,0.706733,-0.248042,13.807000000000002
1772222273908418841,2026-02-27 14:57:53.908,-16.0764,4.46784,-65.0411,1.16135,0.704868,-0.25587,13.808000000000007
1772222273909559939,2026-02-27 14:57:53.909,-15.9801,4.63099,-65.7314,1.1748,0.705298,-0.252097,13.809000000000012
1772222273910688009,2026-02-27 14:57:53.910,-15.9416,4.65892,-66.1029,1.18017,0.706113,-0.250926,13.810000000000002
1772222273911835394,2026-02-27 14:57:53.911,-15.9017,4.68971,-66.9783,1.18703,0.706763,-0.244232,13.811000000000007
1772222273913016831,2026-02-27 14:57:53.913,-15.8134,4.87284,-68.1972,1.20828,0.710207,-0.236985,13.813000000000002
1772222273914216275,2026-02-27 14:57:53.914,-15.7667,4.92504,-68.5347,1.21708,0.713972,-0.234478,13.814000000000007
1772222273915418673,2026-02-27 14:57:53.915,-15.7211,5.06128,-68.9346,1.22709,0.717855,-0.231722,13.815000000000012
1772222273916565992,2026-02-27 14:57:53.916,-15.7347,5.11507,-69.8394,1.23468,0.724289,-0.223577,13.816000000000003
1772222273917696442,2026-02-27 14:57:53.917,-15.7334,5.20646,-70.6738,1.24978,0.732368,-0.21952,13.817000000000007
1772222273918845097,2026-02-27 14:57:53.918,-15.8379,5.29275,-70.9848,1.25602,0.738889,-0.218484,13.818000000000012
1772222273920016735,2026-02-27 14:57:53.920,-15.8126,5.49195,-71.3422,1.28707,0.75181,-0.22411,13.820000000000007
1772222273921207907,2026-02-27 14:57:53.921,-15.8877,5.5144,-71.7813,1.29941,0.75632,-0.22496,13.821000000000012
1772222273922403517,2026-02-27 14:57:53.922,-16.0177,5.6673,-72.2275,1.31094,0.762041,-0.224892,13.822000000000003
1772222273923537082,2026-02-27 14:57:53.923,-16.1094,5.71822,-72.7646,1.32441,0.765354,-0.226371,13.823000000000008
1772222273924664683,2026-02-27 14:57:53.924,-16.1718,5.7681,-73.0414,1.33637,0.767882,-0.230306,13.824000000000012
1772222273925828040,2026-02-27 14:57:53.925,-16.3019,5.8553,-72.6552,1.34769,0.769542,-0.23937,13.825000000000003
1772222273927003990,2026-02-27 14:57:53.927,-16.442,6.01705,-74.0465,1.37698,0.775929,-0.240305,13.827000000000012
1772222273928194980,2026-02-27 14:57:53.928,-16.565,6.12422,-74.7992,1.38485,0.777453,-0.237246,13.828000000000003
1772222273929393013,2026-02-27 14:57:53.929,-16.5794,6.19738,-75.2703,1.39634,0.779712,-0.239386,13.829000000000008
1772222273930559966,2026-02-27 14:57:53.930,-16.7608,6.33153,-75.5996,1.40965,0.78417,-0.241742,13.830000000000013
1772222273931689902,2026-02-27 14:57:53.931,-16.8432,6.39091,-75.9043,1.41871,0.78829,-0.244692,13.831000000000003
1772222273932846331,2026-02-27 14:57:53.932,-16.96,6.53782,-76.11,1.42866,0.791804,-0.247279,13.832000000000008
1772222273934019835,2026-02-27 14:57:53.934,-17.0875,6.65885,-77.2863,1.44988,0.798241,-0.244023,13.834000000000003
1772222273935213783,2026-02-27 14:57:53.935,-17.1882,6.73141,-77.4799,1.45802,0.800801,-0.245396,13.835000000000008
1772222273936412350,2026-02-27 14:57:53.936,-17.2803,6.87371,-77.1557,1.46881,0.806328,-0.254128,13.836000000000013
1772222273937568247,2026-02-27 14:57:53.937,-17.4431,6.9108,-77.0191,1.4777,0.810938,-0.259375,13.837000000000003
1772222273938698535,2026-02-27 14:57:53.938,-17.6197,7.02174,-77.1208,1.4828,0.81687,-0.262669,13.838000000000008
1772222273939857850,2026-02-27 14:57:53.939,-17.7747,7.10237,-77.3046,1.49194,0.823837,-0.265541,13.838999999999999
1772222273941040887,2026-02-27 14:57:53.941,-18.1746,7.19224,-76.7514,1.50144,0.838421,-0.282065,13.841000000000008
1772222273942232043,2026-02-27 14:57:53.942,-18.4295,7.26203,-76.7249,1.50846,0.84651,-0.286326,13.841999999999999
1772222273943428211,2026-02-27 14:57:53.943,-18.6025,7.34879,-76.9616,1.5212,0.856399,-0.29025,13.843000000000004
1772222273944559284,2026-02-27 14:57:53.944,-18.8292,7.44987,-77.5093,1.52834,0.867867,-0.290603,13.844000000000008
1772222273945686332,2026-02-27 14:57:53.945,-19.1124,7.5175,-77.8909,1.53294,0.878781,-0.291749,13.844999999999999
1772222273946882654,2026-02-27 14:57:53.946,-19.462,7.58328,-77.9983,1.53592,0.893057,-0.297705,13.846000000000004
1772222273948066619,2026-02-27 14:57:53.948,-19.7633,7.73211,-77.6622,1.54161,0.90928,-0.30572,13.847999999999999
1772222273949256444,2026-02-27 14:57:53.949,-19.9608,7.82996,-77.7806,1.55145,0.921547,-0.306023,13.849000000000004
1772222273950468579,2026-02-27 14:57:53.950,-20.2015,7.86778,-78.9266,1.55384,0.937647,-0.305406,13.850000000000009
1772222273951558896,2026-02-27 14:57:53.951,-20.5581,7.86617,-78.7266,1.56456,0.954093,-0.314299,13.850999999999999
1772222273952688900,2026-02-27 14:57:53.952,-20.6808,7.94532,-78.6081,1.57682,0.969708,-0.322427,13.852000000000004
1772222273953864365,2026-02-27 14:57:53.953,-20.9225,7.96509,-78.1572,1.57845,0.981936,-0.329441,13.853000000000009
1772222273955046981,2026-02-27 14:57:53.955,-21.0838,8.0253,-77.9091,1.58298,0.992442,-0.333086,13.855000000000004
1772222273956224439,2026-02-27 14:57:53.956,-21.4342,8.04653,-77.8729,1.58243,1.01441,-0.335971,13.856000000000009
1772222273957420569,2026-02-27 14:57:53.957,-21.5828,8.03692,-77.8198,1.58741,1.023,-0.337809,13.857
1772222273958569171,2026-02-27 14:57:53.958,-21.7298,8.03514,-76.7459,1.58756,1.03235,-0.349659,13.858000000000004
1772222273959698597,2026-02-27 14:57:53.959,-21.8718,7.99366,-77.0282,1.58442,1.03882,-0.347356,13.859000000000009
1772222273960873735,2026-02-27 14:57:53.960,-21.9522,7.99647,-76.832,1.58376,1.04515,-0.349445,13.86
1772222273962060366,2026-02-27 14:57:53.962,-21.8906,7.7662,-76.9429,1.55581,1.04266,-0.339963,13.862000000000009
1772222273963236392,2026-02-27 14:57:53.963,-21.9332,7.63159,-76.8426,1.55059,1.04923,-0.336747,13.863
1772222273964431579,2026-02-27 14:57:53.964,-22.1336,7.58661,-76.7011,1.55102,1.0573,-0.336904,13.864000000000004
1772222273965561498,2026-02-27 14:57:53.965,-22.3318,7.49981,-76.5668,1.54796,1.06961,-0.339149,13.865000000000009
1772222273966688593,2026-02-27 14:57:53.966,-22.5392,7.43966,-76.9984,1.54421,1.08174,-0.332726,13.866
1772222273967865828,2026-02-27 14:57:53.967,-22.6379,7.35869,-76.8867,1.54361,1.09577,-0.334157,13.867000000000004
1772222273969048804,2026-02-27 14:57:53.969,-22.7947,7.19523,-76.4331,1.53332,1.10877,-0.335598,13.869
1772222273970224683,2026-02-27 14:57:53.970,-22.8824,6.91552,-75.01,1.52001,1.13524,-0.341572,13.870000000000005
1772222273971421861,2026-02-27 14:57:53.971,-22.9544,6.65581,-74.5913,1.50945,1.14653,-0.340551,13.87100000000001
1772222273972561051,2026-02-27 14:57:53.972,-22.8716,6.41636,-74.3115,1.49959,1.16153,-0.33951,13.872
1772222273973691378,2026-02-27 14:57:53.973,-22.6676,6.17858,-73.8879,1.4964,1.17236,-0.338043,13.873000000000005
1772222273974863877,2026-02-27 14:57:53.974,-22.5914,5.88082,-73.1333,1.48879,1.18334,-0.337944,13.87400000000001
1772222273976046648,2026-02-27 14:57:53.976,-22.5289,5.61202,-72.0235,1.47724,1.18973,-0.342765,13.876000000000005
1772222273977235985,2026-02-27 14:57:53.977,-22.3014,5.24096,-71.6613,1.45637,1.194,-0.326525,13.87700000000001
1772222273978434964,2026-02-27 14:57:53.978,-22.384,4.99164,-71.7876,1.44084,1.20464,-0.320333,13.878
1772222273979575015,2026-02-27 14:57:53.979,-22.3366,4.77226,-71.6336,1.44012,1.22084,-0.318303,13.879000000000005
1772222273980704686,2026-02-27 14:57:53.980,-22.3919,4.49176,-71.2993,1.43404,1.23914,-0.319496,13.88000000000001
1772222273981878961,2026-02-27 14:57:53.981,-22.298,4.18977,-70.9886,1.43321,1.25811,-0.319418,13.881
1772222273983063030,2026-02-27 14:57:53.983,-22.213,3.90943,-70.645,1.42408,1.27702,-0.318623,13.88300000000001
1772222273984249943,2026-02-27 14:57:53.984,-22.0314,3.26682,-70.4274,1.40076,1.29009,-0.311525,13.884
1772222273985431540,2026-02-27 14:57:53.985,-22.0058,3.02234,-69.9709,1.38251,1.28748,-0.304289,13.885000000000005
1772222273986562180,2026-02-27 14:57:53.986,-21.9865,2.87011,-69.1406,1.36378,1.29001,-0.304356,13.88600000000001
1772222273987689647,2026-02-27 14:57:53.987,-22.0766,2.63552,-68.6989,1.34944,1.2916,-0.3043,13.887
1772222273988843843,2026-02-27 14:57:53.988,-22.1172,2.43075,-68.3452,1.33084,1.29838,-0.30319,13.888000000000005
1772222273990021075,2026-02-27 14:57:53.990,-22.2908,2.02663,-67.7189,1.30204,1.32199,-0.303709,13.89
1772222273991193260,2026-02-27 14:57:53.991,-22.4414,1.8178,-66.6456,1.28841,1.33757,-0.312849,13.891000000000005
1772222273992386756,2026-02-27 14:57:53.992,-22.5715,1.62145,-66.4393,1.27594,1.35157,-0.31388,13.89200000000001
1772222273993562460,2026-02-27 14:57:53.993,-22.6595,1.41961,-66.2716,1.26381,1.36392,-0.315141,13.893
1772222273994691535,2026-02-27 14:57:53.994,-22.6689,1.25081,-66.6777,1.24921,1.37052,-0.309662,13.894000000000005
1772222273995865117,2026-02-27 14:57:53.995,-22.8446,1.01223,-66.7789,1.23329,1.37707,-0.304626,13.89500000000001
1772222273997039499,2026-02-27 14:57:53.997,-22.9838,0.857181,-66.7715,1.21907,1.39014,-0.303412,13.897000000000006
1772222273998303932,2026-02-27 14:57:53.998,-23.2806,0.499205,-66.8401,1.19719,1.42133,-0.306537,13.89800000000001
1772222273999514644,2026-02-27 14:57:53.999,-23.3341,0.281408,-67.0877,1.18524,1.4321,-0.306533,13.899000000000001
1772222274000642827,2026-02-27 14:57:54.000,-23.3554,0.102763,-67.6642,1.17737,1.43919,-0.302722,13.900000000000006
1772222274001817665,2026-02-27 14:57:54.001,-23.3924,0.002863,-67.1374,1.16536,1.44091,-0.302956,13.90100000000001
