abs_timestamp_ns,human_time,fx,fy,fz,tx,ty,tz,mocap_ref_time
1772222280026014584,2026-02-27 14:58:00.026,-0.249699,1.01449,-0.264794,0.028782,0.009569,-0.005396,19.926000000000002
1772222280027153475,2026-02-27 14:58:00.027,-0.286118,1.11275,0.586203,0.033884,0.010297,-0.013941,19.927000000000007
1772222280028353982,2026-02-27 14:58:00.028,-0.276106,1.10924,0.62811,0.034525,0.008659,-0.014101,19.92800000000001
1772222280029536348,2026-02-27 14:58:00.029,-0.29465,1.08523,0.556888,0.031061,0.010017,-0.012741,19.929000000000002
1772222280030664338,2026-02-27 14:58:00.030,-0.18615,1.12789,-0.507455,0.035139,0.009718,-0.00516,19.930000000000007
1772222280031819613,2026-02-27 14:58:00.031,-0.273664,1.11293,-0.428529,0.0281,0.009176,-0.005427,19.93100000000001
1772222280032997387,2026-02-27 14:58:00.032,-0.179866,1.14039,-0.421326,0.032338,0.009568,-0.00602,19.932000000000002
1772222280034171823,2026-02-27 14:58:00.034,-0.163464,1.11646,-0.462121,0.031211,0.008104,-0.006066,19.93400000000001
1772222280035340893,2026-02-27 14:58:00.035,-0.248265,1.11783,-0.748605,0.031005,0.008387,-0.00298,19.935000000000002
1772222280036528735,2026-02-27 14:58:00.036,-0.208687,1.1311,-1.5264,0.031589,0.009369,0.004049,19.936000000000007
1772222280037655692,2026-02-27 14:58:00.037,-0.202189,1.14361,-0.983642,0.031185,0.007355,-0.00118,19.937000000000012
1772222280038809005,2026-02-27 14:58:00.038,-0.19146,1.15068,-0.614672,0.03136,0.007997,-0.004616,19.938000000000002
1772222280039977701,2026-02-27 14:58:00.039,-0.273384,1.21457,-0.426781,0.033342,0.008036,-0.005458,19.939000000000007
1772222280041152612,2026-02-27 14:58:00.041,-0.258776,1.19014,-0.390156,0.03254,0.007526,-0.004827,19.941000000000003
1772222280042331266,2026-02-27 14:58:00.042,-0.16478,1.15164,-0.419233,0.031135,0.007207,-0.006438,19.942000000000007
1772222280043541828,2026-02-27 14:58:00.043,-0.187,1.2137,-0.420453,0.03445,0.00795,-0.00612,19.943000000000012
1772222280044670249,2026-02-27 14:58:00.044,-0.170218,1.23624,0.227039,0.035127,0.006024,-0.011698,19.944000000000003
1772222280045845860,2026-02-27 14:58:00.045,-0.182889,1.27789,0.268015,0.033777,0.005257,-0.011876,19.945000000000007
1772222280047021518,2026-02-27 14:58:00.047,-0.129338,1.29991,-0.332444,0.033524,0.005189,-0.007103,19.947000000000003
1772222280048196309,2026-02-27 14:58:00.048,-0.101053,1.25274,-0.530895,0.034144,0.004344,-0.004666,19.948000000000008
1772222280049371501,2026-02-27 14:58:00.049,-0.101265,1.22113,-0.444692,0.03297,0.002971,-0.005494,19.949000000000012
1772222280050535162,2026-02-27 14:58:00.050,-0.056881,1.24559,-0.529036,0.033509,0.002877,-0.004899,19.950000000000003
1772222280051785397,2026-02-27 14:58:00.051,0.07206,1.22649,-1.32861,0.032686,0.001666,0.00248,19.951000000000008
1772222280052960412,2026-02-27 14:58:00.052,0.07206,1.22649,-1.32861,0.032686,0.001666,0.00248,19.952000000000012
1772222280054135823,2026-02-27 14:58:00.054,0.01458,1.20956,-1.24608,0.031528,0.001886,0.002094,19.954000000000008
1772222280055311029,2026-02-27 14:58:00.055,-0.021536,1.19419,-0.784549,0.032165,0.002037,-0.003181,19.955000000000013
1772222280056519431,2026-02-27 14:58:00.056,-0.014002,1.20444,-0.504946,0.033621,0.002301,-0.005349,19.956000000000003
1772222280057645961,2026-02-27 14:58:00.057,-0.003008,1.17952,-0.35239,0.028972,0.002674,-0.007096,19.957000000000008
1772222280058830313,2026-02-27 14:58:00.058,0.163039,1.25724,-1.97684,0.083415,-0.032386,-0.021331,19.958000000000013
1772222280060020181,2026-02-27 14:58:00.060,0.030207,1.23969,-1.7628,0.091671,-0.014057,-0.022316,19.960000000000008
1772222280061216494,2026-02-27 14:58:00.061,-0.107261,1.28804,-1.28117,0.089944,-0.027591,-0.028401,19.961000000000013
1772222280062411360,2026-02-27 14:58:00.062,-0.062454,1.36809,-1.27012,0.091513,-0.008822,-0.019867,19.962000000000003
1772222280063556595,2026-02-27 14:58:00.063,-0.065382,1.4392,-1.81829,0.090526,-0.019713,-0.017423,19.963000000000008
1772222280064685118,2026-02-27 14:58:00.064,0.009336,1.4536,-2.34467,0.096395,-0.022625,-0.011174,19.964
1772222280065836662,2026-02-27 14:58:00.065,0.123746,1.55385,-2.57612,0.10044,-0.033744,-0.012983,19.965000000000003
1772222280067035574,2026-02-27 14:58:00.067,0.131432,1.5902,-2.75149,0.102617,-0.038388,-0.014231,19.967
1772222280068230032,2026-02-27 14:58:00.068,0.180462,1.6299,-2.75007,0.100365,-0.039767,-0.014476,19.968000000000004
1772222280069423762,2026-02-27 14:58:00.069,0.226228,1.60078,-3.97686,0.097928,-0.044506,-0.004495,19.96900000000001
1772222280070564464,2026-02-27 14:58:00.070,0.254274,1.66788,-3.68037,0.102757,-0.046128,-0.009098,19.97
1772222280071693151,2026-02-27 14:58:00.071,0.294142,1.68114,-3.80967,0.098647,-0.047988,-0.008176,19.971000000000004
1772222280072846783,2026-02-27 14:58:00.072,0.346624,1.71685,-3.31869,0.098482,-0.0503,-0.014719,19.97200000000001
1772222280074021993,2026-02-27 14:58:00.074,0.31602,1.75298,-3.4832,0.099952,-0.050807,-0.014521,19.974000000000004
1772222280075217280,2026-02-27 14:58:00.075,0.363982,1.7746,-3.54733,0.099184,-0.050513,-0.013951,19.97500000000001
1772222280076410509,2026-02-27 14:58:00.076,0.372211,1.73986,-3.77142,0.102482,-0.052036,-0.013793,19.976
1772222280077560962,2026-02-27 14:58:00.077,0.347006,1.71843,-2.67998,0.099329,-0.054258,-0.022192,19.977000000000004
1772222280078686649,2026-02-27 14:58:00.078,0.336258,1.74192,-2.91589,0.099415,-0.053727,-0.020387,19.97800000000001
1772222280079833918,2026-02-27 14:58:00.079,0.354205,1.79863,-3.67525,0.104208,-0.051491,-0.016019,19.979
1772222280081032768,2026-02-27 14:58:00.081,0.369253,1.79113,-4.20887,0.107615,-0.05029,-0.012001,19.98100000000001
1772222280082226742,2026-02-27 14:58:00.082,0.330301,1.81316,-4.23036,0.106085,-0.049733,-0.012019,19.982
1772222280083420075,2026-02-27 14:58:00.083,0.392447,1.82408,-4.30551,0.112425,-0.047842,-0.012412,19.983000000000004
1772222280084561364,2026-02-27 14:58:00.084,0.335704,1.77315,-4.29041,0.111335,-0.047099,-0.011792,19.98400000000001
1772222280085687409,2026-02-27 14:58:00.085,0.325215,1.91407,-4.82975,0.113445,-0.046009,-0.007066,19.985
1772222280086857654,2026-02-27 14:58:00.086,0.332389,1.92972,-5.208,0.118341,-0.046698,-0.005022,19.986000000000004
1772222280088056833,2026-02-27 14:58:00.088,0.341282,1.93856,-4.85935,0.119169,-0.046439,-0.008447,19.988
1772222280089252786,2026-02-27 14:58:00.089,0.338244,1.93773,-4.59491,0.119571,-0.045894,-0.011504,19.989000000000004
1772222280090446520,2026-02-27 14:58:00.090,0.321858,1.96393,-4.52216,0.120087,-0.046335,-0.013345,19.99000000000001
1772222280091565751,2026-02-27 14:58:00.091,0.3632,1.99087,-4.54575,0.120968,-0.046997,-0.012698,19.991
1772222280092694491,2026-02-27 14:58:00.092,0.360318,1.97851,-4.54346,0.121201,-0.04873,-0.013098,19.992000000000004
1772222280093854757,2026-02-27 14:58:00.093,0.386346,2.01013,-3.37725,0.121124,-0.051339,-0.023308,19.99300000000001
1772222280095030733,2026-02-27 14:58:00.095,0.438747,2.01634,-3.95462,0.121092,-0.051625,-0.01895,19.995000000000005
1772222280096225369,2026-02-27 14:58:00.096,0.397889,2.00949,-4.01998,0.119337,-0.053008,-0.018556,19.99600000000001
1772222280097420405,2026-02-27 14:58:00.097,0.476391,2.06899,-4.63501,0.126194,-0.054357,-0.014258,19.997
1772222280098560718,2026-02-27 14:58:00.098,0.506575,2.04049,-4.72366,0.124375,-0.05782,-0.013258,19.998000000000005
1772222280099686252,2026-02-27 14:58:00.099,0.54292,2.10378,-4.72411,0.127131,-0.058636,-0.012961,19.99900000000001
1772222280100831440,2026-02-27 14:58:00.100,0.568196,2.09121,-4.80607,0.128683,-0.059832,-0.012763,20.0
1772222280102018331,2026-02-27 14:58:00.102,0.592244,2.10643,-5.82448,0.127863,-0.064033,-0.003459,20.00200000000001
1772222280103211810,2026-02-27 14:58:00.103,0.62659,2.13824,-5.68554,0.130452,-0.066054,-0.005863,20.003
1772222280104405812,2026-02-27 14:58:00.104,0.683363,2.14044,-5.76152,0.131518,-0.067443,-0.006534,20.004000000000005
1772222280105567861,2026-02-27 14:58:00.105,0.619508,2.16023,-5.30289,0.130721,-0.06872,-0.011571,20.00500000000001
1772222280106695523,2026-02-27 14:58:00.106,0.573084,2.16869,-5.01671,0.130479,-0.068597,-0.01502,20.006
1772222280107849382,2026-02-27 14:58:00.107,0.573083,2.25368,-4.97981,0.135275,-0.069561,-0.014198,20.007000000000005
1772222280109026809,2026-02-27 14:58:00.109,0.651983,2.26145,-5.01876,0.138025,-0.072114,-0.014164,20.009
1772222280110219004,2026-02-27 14:58:00.110,0.630651,2.27196,-4.464,0.137923,-0.073366,-0.0213,20.010000000000005
1772222280111413429,2026-02-27 14:58:00.111,0.647278,2.27798,-4.07724,0.14036,-0.074178,-0.024233,20.01100000000001
1772222280112574749,2026-02-27 14:58:00.112,0.582235,2.30099,-4.3676,0.139069,-0.074359,-0.023727,20.012
1772222280113703046,2026-02-27 14:58:00.113,0.593054,2.34777,-4.90576,0.143477,-0.074218,-0.019002,20.013000000000005
1772222280114847792,2026-02-27 14:58:00.114,0.593395,2.38274,-5.43867,0.146831,-0.073415,-0.01516,20.01400000000001
1772222280116024999,2026-02-27 14:58:00.116,0.573587,2.50702,-5.59602,0.152202,-0.070516,-0.015739,20.016000000000005
1772222280117213617,2026-02-27 14:58:00.117,0.572996,2.52463,-5.69608,0.153283,-0.070693,-0.015973,20.01700000000001
1772222280118406356,2026-02-27 14:58:00.118,0.561399,2.57806,-5.84319,0.154587,-0.068044,-0.015176,20.018
1772222280119572517,2026-02-27 14:58:00.119,0.580527,2.54396,-6.91711,0.156998,-0.070647,-0.006524,20.019000000000005
1772222280120697684,2026-02-27 14:58:00.120,0.542078,2.59362,-6.66013,0.161625,-0.067965,-0.011402,20.02000000000001
1772222280121877582,2026-02-27 14:58:00.121,0.52365,2.62076,-6.6805,0.163405,-0.067643,-0.011356,20.021
1772222280123054176,2026-02-27 14:58:00.123,0.438127,2.77743,-6.30334,0.170391,-0.063189,-0.01905,20.02300000000001
1772222280124241726,2026-02-27 14:58:00.124,0.391176,2.82024,-6.40797,0.172872,-0.061876,-0.018598,20.024
1772222280125436002,2026-02-27 14:58:00.125,0.31377,2.87875,-6.56385,0.177382,-0.059217,-0.019621,20.025000000000006
1772222280126570603,2026-02-27 14:58:00.126,0.266942,2.95306,-6.64517,0.180419,-0.056913,-0.019569,20.02600000000001
1772222280127698000,2026-02-27 14:58:00.127,0.232424,3.01413,-5.68257,0.184987,-0.054917,-0.029599,20.027
1772222280128852369,2026-02-27 14:58:00.128,0.187464,3.08752,-6.05986,0.189577,-0.05167,-0.027772,20.028000000000006
1772222280130025094,2026-02-27 14:58:00.130,-0.003195,3.22681,-7.00605,0.19916,-0.044443,-0.023103,20.03
1772222280131214835,2026-02-27 14:58:00.131,-0.028494,3.22365,-7.50493,0.202256,-0.04198,-0.021415,20.031000000000006
1772222280132408323,2026-02-27 14:58:00.132,-0.121187,3.32435,-7.53049,0.205407,-0.039311,-0.020654,20.03200000000001
1772222280133576799,2026-02-27 14:58:00.133,-0.135342,3.44496,-7.55982,0.213387,-0.036551,-0.021966,20.033
1772222280134704461,2026-02-27 14:58:00.134,-0.210521,3.58536,-7.72165,0.217155,-0.033753,-0.022112,20.034000000000006
1772222280135861085,2026-02-27 14:58:00.135,-0.292869,3.61612,-8.51564,0.220943,-0.030028,-0.015841,20.03500000000001
1772222280137048618,2026-02-27 14:58:00.137,-0.377728,3.79088,-8.98084,0.233018,-0.023269,-0.015801,20.037000000000006
1772222280138222714,2026-02-27 14:58:00.138,-0.514997,3.7951,-8.66461,0.230715,-0.018602,-0.021004,20.03800000000001
1772222280139417429,2026-02-27 14:58:00.139,-0.522399,3.86261,-8.46486,0.239353,-0.016988,-0.023045,20.039
1772222280140551343,2026-02-27 14:58:00.140,-0.629806,3.98433,-8.5299,0.245274,-0.011952,-0.025468,20.040000000000006
1772222280141676935,2026-02-27 14:58:00.141,-0.714374,4.04457,-8.75221,0.24815,-0.007454,-0.02573,20.04100000000001
1772222280142852876,2026-02-27 14:58:00.142,-0.834343,4.07528,-8.91247,0.252729,-0.002804,-0.026134,20.042
1772222280144021154,2026-02-27 14:58:00.144,-0.891064,4.16637,-8.94951,0.262104,0.002671,-0.029375,20.04400000000001
1772222280145197064,2026-02-27 14:58:00.145,-1.10324,4.30886,-8.79602,0.269721,0.011684,-0.034193,20.045
1772222280146390469,2026-02-27 14:58:00.146,-1.19507,4.45653,-9.06827,0.275759,0.016678,-0.032876,20.046000000000006
1772222280147567818,2026-02-27 14:58:00.147,-1.33908,4.45537,-9.68991,0.274095,0.020545,-0.028531,20.04700000000001
1772222280148695453,2026-02-27 14:58:00.148,-1.39762,4.53428,-9.9994,0.278734,0.025039,-0.027741,20.048000000000002
1772222280149866966,2026-02-27 14:58:00.149,-1.42301,4.55855,-10.143,0.286648,0.030431,-0.027066,20.049000000000007
1772222280151051578,2026-02-27 14:58:00.151,-1.57235,4.68199,-10.4804,0.296052,0.040512,-0.028121,20.051000000000002
1772222280152237247,2026-02-27 14:58:00.152,-1.6912,4.81767,-11.7843,0.301041,0.045861,-0.018635,20.052000000000007
1772222280153433653,2026-02-27 14:58:00.153,-1.78982,4.88297,-11.5063,0.306999,0.0505,-0.023674,20.05300000000001
1772222280154576628,2026-02-27 14:58:00.154,-1.89997,4.8715,-11.6528,0.308379,0.057212,-0.023129,20.054000000000002
1772222280155706145,2026-02-27 14:58:00.155,-1.9843,4.94352,-11.3754,0.315057,0.06289,-0.02796,20.055000000000007
1772222280156867424,2026-02-27 14:58:00.156,-2.0603,5.02579,-11.3198,0.320455,0.070512,-0.029977,20.05600000000001
1772222280158039756,2026-02-27 14:58:00.158,-2.26883,5.0745,-11.5602,0.32048,0.075591,-0.031108,20.058000000000007
1772222280159211278,2026-02-27 14:58:00.159,-2.43066,5.22084,-11.9357,0.33554,0.086602,-0.032273,20.05900000000001
1772222280160492699,2026-02-27 14:58:00.160,-2.54313,5.27571,-11.3157,0.339224,0.091148,-0.039944,20.060000000000002
1772222280161622472,2026-02-27 14:58:00.161,-2.62961,5.32035,-11.2433,0.340431,0.094681,-0.041781,20.061000000000007
1772222280162753919,2026-02-27 14:58:00.162,-2.72283,5.3026,-11.6322,0.342075,0.099558,-0.041563,20.062000000000012
1772222280163886529,2026-02-27 14:58:00.163,-2.70182,5.37191,-12.359,0.351495,0.103576,-0.035606,20.063000000000002
1772222280165069757,2026-02-27 14:58:00.165,-2.86289,5.44448,-12.9804,0.351947,0.109354,-0.031195,20.065000000000012
1772222280166259529,2026-02-27 14:58:00.166,-2.93909,5.50319,-13.084,0.354824,0.11147,-0.030934,20.066000000000003
1772222280167474616,2026-02-27 14:58:00.167,-2.98146,5.51323,-13.1842,0.354491,0.110473,-0.031379,20.067000000000007
1772222280168567540,2026-02-27 14:58:00.168,-2.99025,5.58534,-13.5258,0.354892,0.111458,-0.028966,20.068000000000012
1772222280169697031,2026-02-27 14:58:00.169,-3.01973,5.55811,-14.3437,0.353138,0.111029,-0.022397,20.069000000000003
1772222280170868874,2026-02-27 14:58:00.170,-2.99356,5.5712,-14.1862,0.355281,0.113462,-0.024446,20.070000000000007
1772222280172051115,2026-02-27 14:58:00.172,-2.96391,5.57736,-14.1827,0.365178,0.119496,-0.02733,20.072000000000003
1772222280173235007,2026-02-27 14:58:00.173,-3.18191,5.66269,-13.9893,0.367555,0.123801,-0.035611,20.073000000000008
1772222280174429891,2026-02-27 14:58:00.174,-3.2394,5.69443,-14.2955,0.370569,0.125952,-0.035485,20.074000000000012
1772222280175578363,2026-02-27 14:58:00.175,-3.31047,5.74903,-14.4761,0.372779,0.128821,-0.035938,20.075000000000003
1772222280176707600,2026-02-27 14:58:00.176,-3.33993,5.76318,-14.6812,0.37573,0.131497,-0.035577,20.076000000000008
1772222280177879974,2026-02-27 14:58:00.177,-3.38712,5.78249,-13.6677,0.379044,0.132585,-0.047316,20.077000000000012
1772222280179060976,2026-02-27 14:58:00.179,-3.42218,5.80527,-14.3347,0.379622,0.133724,-0.04189,20.079000000000008
1772222280180241308,2026-02-27 14:58:00.180,-3.48544,5.84398,-15.2319,0.381845,0.136039,-0.03548,20.080000000000013
1772222280181440608,2026-02-27 14:58:00.181,-3.53917,5.84482,-15.6516,0.382327,0.135708,-0.033743,20.081000000000003
1772222280182571252,2026-02-27 14:58:00.182,-3.55563,5.88663,-15.908,0.380629,0.136744,-0.035185,20.082000000000008
1772222280183697776,2026-02-27 14:58:00.183,-3.53858,5.91431,-15.9469,0.384398,0.134067,-0.035295,20.083000000000013
1772222280184894803,2026-02-27 14:58:00.184,-3.65316,5.9635,-15.6923,0.375133,0.123501,-0.034885,20.084000000000003
1772222280186079407,2026-02-27 14:58:00.186,-3.48065,5.9955,-16.45,0.363542,0.105473,-0.022328,20.086000000000013
1772222280187249628,2026-02-27 14:58:00.187,-3.21963,5.82585,-16.8758,0.375439,0.117031,-0.02401,20.087000000000003
1772222280188447890,2026-02-27 14:58:00.188,-3.29674,5.77805,-16.7616,0.380991,0.121938,-0.032002,20.088000000000008
1772222280189572228,2026-02-27 14:58:00.189,-3.29185,5.91251,-16.9666,0.393045,0.129858,-0.03725,20.089
1772222280190701629,2026-02-27 14:58:00.190,-3.43786,6.01566,-17.2134,0.395489,0.12951,-0.040394,20.090000000000003
1772222280191874375,2026-02-27 14:58:00.191,-3.55233,6.03239,-17.4538,0.396709,0.130365,-0.041294,20.091000000000008
1772222280193059929,2026-02-27 14:58:00.193,-3.6647,6.04438,-17.7987,0.399187,0.133863,-0.041627,20.093000000000004
1772222280194240501,2026-02-27 14:58:00.194,-3.79165,6.0947,-17.296,0.4028,0.13622,-0.050181,20.09400000000001
1772222280195433489,2026-02-27 14:58:00.195,-3.7569,6.14424,-17.9248,0.405002,0.136073,-0.047268,20.095
1772222280196577920,2026-02-27 14:58:00.196,-3.82646,6.12478,-18.3783,0.404303,0.133754,-0.043624,20.096000000000004
1772222280197707244,2026-02-27 14:58:00.197,-3.80933,6.13525,-19.0922,0.402295,0.13342,-0.040428,20.09700000000001
1772222280198880445,2026-02-27 14:58:00.198,-3.90651,6.12865,-19.4533,0.396867,0.132014,-0.041949,20.098
1772222280200064347,2026-02-27 14:58:00.200,-3.87832,6.13251,-19.7508,0.403992,0.130887,-0.039611,20.10000000000001
1772222280201247218,2026-02-27 14:58:00.201,-3.88569,6.19377,-20.4072,0.404928,0.128031,-0.039019,20.101
1772222280202440883,2026-02-27 14:58:00.202,-3.96361,6.21303,-21.6938,0.402335,0.128311,-0.029479,20.102000000000004
1772222280203572535,2026-02-27 14:58:00.203,-3.92935,6.21006,-21.5609,0.406015,0.12697,-0.034029,20.10300000000001
1772222280204699635,2026-02-27 14:58:00.204,-3.92544,6.29061,-21.8541,0.408183,0.127623,-0.035822,20.104
1772222280205874402,2026-02-27 14:58:00.205,-3.9461,6.28603,-21.6458,0.409501,0.126544,-0.039712,20.105000000000004
1772222280207049747,2026-02-27 14:58:00.207,-3.94806,6.33551,-21.629,0.411504,0.127152,-0.042205,20.107
1772222280208241206,2026-02-27 14:58:00.208,-4.10274,6.37882,-22.1145,0.412479,0.126654,-0.043187,20.108000000000004
1772222280209433353,2026-02-27 14:58:00.209,-4.07397,6.39552,-22.3799,0.415191,0.127199,-0.042865,20.10900000000001
1772222280210569497,2026-02-27 14:58:00.210,-4.14063,6.41213,-21.6196,0.4158,0.127385,-0.053496,20.11
1772222280211699197,2026-02-27 14:58:00.211,-4.19033,6.45601,-21.9332,0.41565,0.129592,-0.052371,20.111000000000004
1772222280212871476,2026-02-27 14:58:00.212,-4.32856,6.43697,-22.3231,0.415578,0.130812,-0.052323,20.11200000000001
1772222280214066769,2026-02-27 14:58:00.214,-4.28176,6.47752,-23.0671,0.419967,0.132631,-0.04712,20.114000000000004
1772222280215262875,2026-02-27 14:58:00.215,-4.45154,6.47273,-24.009,0.420807,0.13857,-0.043558,20.11500000000001
1772222280216474126,2026-02-27 14:58:00.216,-4.50537,6.5166,-24.2729,0.422954,0.142077,-0.043656,20.116
1772222280217574930,2026-02-27 14:58:00.217,-4.64327,6.49386,-24.581,0.423205,0.145379,-0.04359,20.117000000000004
1772222280218704653,2026-02-27 14:58:00.218,-4.72726,6.53816,-25.217,0.42261,0.150774,-0.039904,20.11800000000001
1772222280219876731,2026-02-27 14:58:00.219,-4.82314,6.57602,-26.0205,0.426775,0.15479,-0.035331,20.119
1772222280221074752,2026-02-27 14:58:00.221,-4.87032,6.64515,-26.1244,0.432746,0.160267,-0.037844,20.12100000000001
1772222280222266433,2026-02-27 14:58:00.222,-5.17353,6.65587,-25.9349,0.430606,0.169806,-0.045865,20.122
1772222280223441730,2026-02-27 14:58:00.223,-5.2364,6.70242,-26.0315,0.435719,0.174619,-0.046462,20.123000000000005
1772222280224568575,2026-02-27 14:58:00.224,-5.44584,6.69703,-26.2785,0.437314,0.183029,-0.046361,20.12400000000001
1772222280225727670,2026-02-27 14:58:00.225,-5.49373,6.71693,-26.5349,0.438684,0.188777,-0.047589,20.125
1772222280226902937,2026-02-27 14:58:00.226,-5.59533,6.80145,-26.7407,0.443002,0.19493,-0.047173,20.126000000000005
1772222280228097580,2026-02-27 14:58:00.228,-5.80461,6.79426,-25.8457,0.442615,0.199964,-0.0569,20.128
1772222280229290530,2026-02-27 14:58:00.229,-6.02708,6.8711,-26.9111,0.44786,0.216674,-0.052759,20.129000000000005
1772222280230412828,2026-02-27 14:58:00.230,-6.15948,6.87619,-27.6541,0.44982,0.22326,-0.048235,20.13000000000001
1772222280231554560,2026-02-27 14:58:00.231,-6.22994,6.95555,-28.0609,0.45673,0.232203,-0.047937,20.131
1772222280232671064,2026-02-27 14:58:00.232,-6.39303,6.94155,-28.1686,0.455423,0.238983,-0.047399,20.132000000000005
1772222280233863460,2026-02-27 14:58:00.233,-6.60447,7.05252,-28.4102,0.458808,0.248119,-0.048058,20.13300000000001
1772222280235059862,2026-02-27 14:58:00.235,-6.77055,7.08645,-28.5653,0.461103,0.257203,-0.049399,20.135000000000005
1772222280236229938,2026-02-27 14:58:00.236,-6.89807,7.12211,-29.7885,0.464442,0.265753,-0.039787,20.13600000000001
1772222280237414190,2026-02-27 14:58:00.237,-7.20148,7.27695,-30.062,0.472538,0.282025,-0.038472,20.137
1772222280238559046,2026-02-27 14:58:00.238,-7.31994,7.25493,-29.9197,0.481474,0.297156,-0.044144,20.138000000000005
1772222280239688355,2026-02-27 14:58:00.239,-7.52157,7.35813,-29.9356,0.486202,0.306519,-0.048081,20.13900000000001
1772222280240856007,2026-02-27 14:58:00.240,-7.71596,7.47466,-30.1699,0.489346,0.31612,-0.049822,20.14
1772222280242052361,2026-02-27 14:58:00.242,-7.90028,7.48313,-30.6077,0.496602,0.327879,-0.051259,20.14200000000001
1772222280243232958,2026-02-27 14:58:00.243,-8.09166,7.4833,-30.8924,0.497616,0.336572,-0.051629,20.143
1772222280244410590,2026-02-27 14:58:00.244,-8.48736,7.54911,-30.652,0.508123,0.356483,-0.060497,20.144000000000005
1772222280245551893,2026-02-27 14:58:00.245,-8.71943,7.62195,-31.2134,0.510491,0.366933,-0.059032,20.14500000000001
1772222280246679806,2026-02-27 14:58:00.246,-8.85105,7.68886,-32.015,0.51451,0.376441,-0.054721,20.146
1772222280247852996,2026-02-27 14:58:00.247,-9.02466,7.70163,-32.8091,0.516151,0.382776,-0.051909,20.147000000000006
1772222280249048225,2026-02-27 14:58:00.249,-9.16184,7.72181,-33.1561,0.518987,0.390489,-0.051854,20.149
1772222280250239292,2026-02-27 14:58:00.250,-9.27215,7.78178,-33.323,0.519221,0.39409,-0.051472,20.150000000000006
1772222280251412010,2026-02-27 14:58:00.251,-9.44111,7.79954,-34.0571,0.521585,0.40613,-0.04827,20.15100000000001
1772222280252551827,2026-02-27 14:58:00.252,-9.60746,7.8267,-35.4915,0.523783,0.414051,-0.037703,20.152
1772222280253680928,2026-02-27 14:58:00.253,-9.75324,7.86457,-35.3734,0.528508,0.422307,-0.043325,20.153000000000006
1772222280254855431,2026-02-27 14:58:00.254,-9.87447,7.89341,-35.7095,0.530799,0.428778,-0.04497,20.15400000000001
1772222280256051021,2026-02-27 14:58:00.256,-10.072,7.88014,-35.6381,0.532151,0.436087,-0.050032,20.156000000000006
1772222280257236795,2026-02-27 14:58:00.257,-10.2293,7.94657,-35.7086,0.53469,0.44207,-0.051903,20.15700000000001
1772222280258422286,2026-02-27 14:58:00.258,-10.5118,7.96451,-36.4132,0.535289,0.453635,-0.050572,20.158
1772222280259556083,2026-02-27 14:58:00.259,-10.5734,7.97496,-36.7534,0.537208,0.460231,-0.051418,20.159000000000006
1772222280260687423,2026-02-27 14:58:00.260,-10.7629,8.0233,-36.1193,0.537526,0.465418,-0.061685,20.16000000000001
1772222280261862398,2026-02-27 14:58:00.261,-10.8769,7.98545,-36.6043,0.53571,0.470143,-0.059453,20.161
1772222280263061517,2026-02-27 14:58:00.263,-10.9402,7.98127,-36.946,0.537843,0.476147,-0.06008,20.16300000000001
1772222280264244073,2026-02-27 14:58:00.264,-11.1442,8.01324,-37.8414,0.539512,0.482366,-0.054304,20.164
1772222280265420815,2026-02-27 14:58:00.265,-11.381,8.00383,-38.8189,0.536367,0.495045,-0.051764,20.165000000000006
1772222280266532871,2026-02-27 14:58:00.266,-11.4773,8.01919,-39.0668,0.538582,0.500922,-0.051238,20.16600000000001
1772222280267663086,2026-02-27 14:58:00.267,-11.6244,8.04609,-39.3471,0.538874,0.507628,-0.052243,20.167
1772222280268862825,2026-02-27 14:58:00.268,-11.7461,8.03182,-40.2554,0.536093,0.512731,-0.044486,20.168000000000006
1772222280270062308,2026-02-27 14:58:00.270,-11.845,8.01453,-40.9375,0.537681,0.520379,-0.042974,20.17
1772222280271323002,2026-02-27 14:58:00.271,-12.0205,7.99131,-41.0038,0.535001,0.526884,-0.04265,20.171000000000006
1772222280272508265,2026-02-27 14:58:00.272,-12.2665,8.02892,-40.8168,0.535738,0.540577,-0.049837,20.17200000000001
1772222280273639143,2026-02-27 14:58:00.273,-12.3776,8.04965,-40.8534,0.531862,0.547674,-0.050824,20.173000000000002
1772222280274815788,2026-02-27 14:58:00.274,-12.5587,8.02765,-41.2226,0.534989,0.5564,-0.050574,20.174000000000007
1772222280276013565,2026-02-27 14:58:00.276,-12.7395,8.02559,-41.4523,0.529824,0.562302,-0.050368,20.176000000000002
1772222280277211344,2026-02-27 14:58:00.277,-12.8988,8.00877,-41.4667,0.52692,0.56889,-0.051735,20.177000000000007
1772222280278403797,2026-02-27 14:58:00.278,-13.0994,8.00443,-41.4025,0.526029,0.583023,-0.052459,20.17800000000001
1772222280279541938,2026-02-27 14:58:00.279,-13.1758,7.96615,-41.8423,0.524964,0.595124,-0.050532,20.179000000000002
1772222280280672430,2026-02-27 14:58:00.280,-13.3667,7.95432,-42.7119,0.52248,0.602827,-0.045737,20.180000000000007
1772222280281847423,2026-02-27 14:58:00.281,-13.543,7.94531,-43.1406,0.524728,0.612148,-0.045756,20.18100000000001
1772222280283049426,2026-02-27 14:58:00.283,-13.7991,8.00101,-43.4091,0.521805,0.620167,-0.045909,20.183000000000007
1772222280284244854,2026-02-27 14:58:00.284,-13.9692,8.00365,-43.6947,0.520924,0.629916,-0.046132,20.18400000000001
1772222280285424307,2026-02-27 14:58:00.285,-14.2154,7.95222,-45.2464,0.518265,0.643625,-0.03667,20.185000000000002
1772222280286532688,2026-02-27 14:58:00.286,-14.4633,7.9283,-45.2443,0.518124,0.65633,-0.037374,20.186000000000007
1772222280287662636,2026-02-27 14:58:00.287,-14.6197,7.96877,-45.5841,0.519122,0.669259,-0.035273,20.187000000000012
1772222280288837175,2026-02-27 14:58:00.288,-14.8498,7.93275,-45.2812,0.522615,0.681473,-0.041298,20.188000000000002
1772222280290015551,2026-02-27 14:58:00.290,-15.0437,7.94729,-45.2336,0.518325,0.690884,-0.046083,20.190000000000012
1772222280291214582,2026-02-27 14:58:00.291,-15.2918,7.99316,-45.4377,0.519269,0.702165,-0.046391,20.191000000000003
1772222280292386727,2026-02-27 14:58:00.292,-15.4787,7.97002,-45.6501,0.518835,0.713508,-0.045312,20.192000000000007
1772222280293533207,2026-02-27 14:58:00.293,-15.8111,8.00555,-45.0314,0.514927,0.728285,-0.050404,20.193000000000012
1772222280294663955,2026-02-27 14:58:00.294,-15.9767,8.00305,-45.063,0.515985,0.739441,-0.048764,20.194000000000003
1772222280295839080,2026-02-27 14:58:00.295,-16.0152,8.02843,-45.4146,0.516083,0.749404,-0.047788,20.195000000000007
1772222280297036768,2026-02-27 14:58:00.297,-16.1612,8.00683,-46.0927,0.517535,0.756626,-0.043896,20.197000000000003
1772222280298235549,2026-02-27 14:58:00.298,-16.2989,8.04645,-46.7135,0.515531,0.763978,-0.039591,20.198000000000008
1772222280299418481,2026-02-27 14:58:00.299,-16.5556,8.06078,-46.9823,0.51559,0.777608,-0.03936,20.199000000000012
1772222280300554629,2026-02-27 14:58:00.300,-16.6723,8.10337,-47.084,0.519294,0.783999,-0.039344,20.200000000000003
1772222280301685646,2026-02-27 14:58:00.301,-16.7413,8.13762,-47.4911,0.517076,0.789475,-0.036435,20.201000000000008
1772222280302859730,2026-02-27 14:58:00.302,-16.7859,8.19176,-48.4675,0.52107,0.796437,-0.030104,20.202000000000012
1772222280304057465,2026-02-27 14:58:00.304,-16.9003,8.21547,-48.1772,0.521515,0.801664,-0.034206,20.204000000000008
1772222280305256981,2026-02-27 14:58:00.305,-17.0144,8.22776,-48.1289,0.521469,0.804425,-0.035645,20.205000000000013
1772222280306433219,2026-02-27 14:58:00.306,-17.0637,8.26546,-47.9033,0.525003,0.808548,-0.038877,20.206000000000003
1772222280307547530,2026-02-27 14:58:00.307,-17.1657,8.36612,-47.8522,0.527875,0.814158,-0.040468,20.207000000000008
1772222280308677279,2026-02-27 14:58:00.308,-17.2504,8.41208,-47.9306,0.528723,0.816753,-0.0411,20.208000000000013
1772222280309875678,2026-02-27 14:58:00.309,-17.249,8.43979,-47.947,0.530233,0.819817,-0.041536,20.209000000000003
1772222280311072560,2026-02-27 14:58:00.311,-17.391,8.54734,-46.7694,0.528489,0.821286,-0.050844,20.211000000000013
1772222280312266889,2026-02-27 14:58:00.312,-17.3667,8.5986,-47.1493,0.533989,0.823392,-0.048393,20.212000000000003
1772222280313450026,2026-02-27 14:58:00.313,-17.3116,8.73498,-47.7298,0.539399,0.824294,-0.04323,20.213000000000008
1772222280314597816,2026-02-27 14:58:00.314,-17.2173,8.73391,-47.9252,0.542707,0.822391,-0.040945,20.214
1772222280315775357,2026-02-27 14:58:00.315,-17.2616,8.79599,-47.8813,0.547292,0.820564,-0.041379,20.215000000000003
1772222280316978614,2026-02-27 14:58:00.316,-17.2064,8.84819,-47.7993,0.547743,0.819456,-0.04131,20.216000000000008
1772222280318176400,2026-02-27 14:58:00.318,-17.1363,8.92962,-47.8168,0.553259,0.81566,-0.041357,20.218000000000004
1772222280319363146,2026-02-27 14:58:00.319,-17.0438,8.93456,-48.5433,0.553183,0.812804,-0.032795,20.21900000000001
1772222280320543187,2026-02-27 14:58:00.320,-16.8376,8.99646,-48.4526,0.558762,0.801829,-0.033616,20.22
1772222280321681819,2026-02-27 14:58:00.321,-16.7848,9.07114,-47.8893,0.561111,0.79585,-0.03871,20.221000000000004
1772222280322898810,2026-02-27 14:58:00.322,-16.759,9.13137,-47.3941,0.560974,0.788786,-0.039811,20.22200000000001
1772222280324098584,2026-02-27 14:58:00.324,-16.6141,9.10975,-47.24,0.562017,0.779394,-0.041367,20.224000000000004
1772222280325299058,2026-02-27 14:58:00.325,-16.4623,9.11619,-47.1363,0.560969,0.771024,-0.041503,20.22500000000001
1772222280326497641,2026-02-27 14:58:00.326,-16.2497,9.15621,-46.9741,0.563481,0.761007,-0.040883,20.226
1772222280327641290,2026-02-27 14:58:00.327,-16.0969,9.14593,-46.557,0.565665,0.750927,-0.045249,20.227000000000004
1772222280328839275,2026-02-27 14:58:00.328,-15.7593,9.22743,-45.9754,0.568363,0.729833,-0.046413,20.22800000000001
1772222280330038974,2026-02-27 14:58:00.330,-15.5569,9.20955,-46.1655,0.571038,0.719072,-0.044931,20.230000000000004
1772222280331240670,2026-02-27 14:58:00.331,-15.4348,9.24044,-46.4402,0.569972,0.707944,-0.040292,20.23100000000001
1772222280332427828,2026-02-27 14:58:00.332,-15.2928,9.25685,-46.4828,0.572506,0.697469,-0.03975,20.232
1772222280333570078,2026-02-27 14:58:00.333,-15.0726,9.2138,-46.3046,0.569893,0.684335,-0.038805,20.233000000000004
1772222280334728161,2026-02-27 14:58:00.334,-14.6567,9.25708,-46.122,0.571364,0.659438,-0.038088,20.23400000000001
1772222280335909950,2026-02-27 14:58:00.335,-14.4704,9.22209,-47.083,0.571374,0.647614,-0.027887,20.235
1772222280337108511,2026-02-27 14:58:00.337,-14.225,9.24471,-46.5626,0.575549,0.634734,-0.032146,20.23700000000001
1772222280338309132,2026-02-27 14:58:00.338,-14.0436,9.22221,-46.5608,0.57918,0.623487,-0.032017,20.238
1772222280339508833,2026-02-27 14:58:00.339,-13.8674,9.20188,-45.8842,0.574208,0.610321,-0.035934,20.239000000000004
1772222280340648563,2026-02-27 14:58:00.340,-13.5401,9.27804,-45.4586,0.580724,0.586132,-0.038123,20.24000000000001
1772222280341842840,2026-02-27 14:58:00.341,-13.3436,9.26758,-45.336,0.576028,0.571562,-0.038268,20.241
1772222280343045644,2026-02-27 14:58:00.343,-13.2261,9.28302,-45.2746,0.57529,0.559806,-0.038346,20.24300000000001
1772222280344253204,2026-02-27 14:58:00.344,-12.9846,9.27032,-44.2771,0.579034,0.5478,-0.04708,20.244
1772222280345441364,2026-02-27 14:58:00.345,-12.7496,9.25089,-44.224,0.577883,0.535724,-0.045544,20.245000000000005
1772222280346598190,2026-02-27 14:58:00.346,-12.3898,9.24687,-44.7999,0.577476,0.511319,-0.041227,20.24600000000001
1772222280347735824,2026-02-27 14:58:00.347,-12.1734,9.27263,-45.1134,0.574564,0.499939,-0.036701,20.247
1772222280348868409,2026-02-27 14:58:00.348,-11.9571,9.26265,-45.0693,0.576073,0.488707,-0.03682,20.248000000000005
1772222280350074456,2026-02-27 14:58:00.350,-11.7928,9.25098,-45.0314,0.574233,0.476794,-0.036332,20.25
1772222280351272002,2026-02-27 14:58:00.351,-11.625,9.26846,-45.0674,0.572934,0.46624,-0.036948,20.251000000000005
1772222280352476808,2026-02-27 14:58:00.352,-11.4515,9.28417,-45.3921,0.570563,0.455907,-0.033909,20.25200000000001
1772222280353611256,2026-02-27 14:58:00.353,-11.1265,9.20842,-45.8156,0.568381,0.436658,-0.031137,20.253
1772222280354786285,2026-02-27 14:58:00.354,-10.9601,9.15648,-45.5518,0.566362,0.427322,-0.034008,20.254000000000005
1772222280355988600,2026-02-27 14:58:00.355,-10.9554,9.16149,-45.1462,0.564531,0.420765,-0.037142,20.25500000000001
1772222280357189736,2026-02-27 14:58:00.357,-10.8755,9.24245,-45.0444,0.563242,0.413044,-0.037212,20.257000000000005
1772222280358394033,2026-02-27 14:58:00.358,-10.7534,9.21398,-45.1375,0.565146,0.406695,-0.038282,20.25800000000001
1772222280359554460,2026-02-27 14:58:00.359,-10.6279,9.25181,-45.1331,0.564269,0.398959,-0.038874,20.259
1772222280360688959,2026-02-27 14:58:00.360,-10.6431,9.29194,-44.1479,0.56449,0.396103,-0.049573,20.260000000000005
1772222280361852565,2026-02-27 14:58:00.361,-10.6401,9.31242,-44.6387,0.565151,0.394246,-0.046161,20.26100000000001
1772222280362998680,2026-02-27 14:58:00.362,-10.5811,9.31474,-44.7841,0.565216,0.392305,-0.045603,20.262
1772222280364496370,2026-02-27 14:58:00.364,-10.54,9.37619,-45.4214,0.570737,0.393191,-0.041143,20.26400000000001
1772222280365658239,2026-02-27 14:58:00.365,-10.5108,9.3626,-45.8361,0.573195,0.392177,-0.039833,20.265
1772222280366813867,2026-02-27 14:58:00.366,-10.5204,9.38765,-45.9348,0.571392,0.390431,-0.040521,20.266000000000005
1772222280367975924,2026-02-27 14:58:00.367,-10.5391,9.43098,-46.071,0.574903,0.391322,-0.041356,20.26700000000001
1772222280369152636,2026-02-27 14:58:00.369,-10.4654,9.44312,-47.149,0.575124,0.391916,-0.031951,20.269000000000005
1772222280370330311,2026-02-27 14:58:00.370,-10.4867,9.45541,-47.0933,0.577812,0.39162,-0.03419,20.27000000000001
1772222280371521511,2026-02-27 14:58:00.371,-10.5092,9.48419,-47.132,0.576033,0.392269,-0.034657,20.271
1772222280372653925,2026-02-27 14:58:00.372,-10.5139,9.51405,-46.6083,0.577415,0.393575,-0.043097,20.272000000000006
1772222280373801741,2026-02-27 14:58:00.373,-10.5316,9.52277,-46.585,0.579085,0.394627,-0.043478,20.27300000000001
1772222280374982303,2026-02-27 14:58:00.374,-10.5699,9.54457,-46.6917,0.577858,0.395374,-0.042899,20.274
1772222280376160086,2026-02-27 14:58:00.376,-10.5324,9.50641,-46.7644,0.581225,0.395144,-0.043975,20.27600000000001
1772222280377341513,2026-02-27 14:58:00.377,-10.5917,9.53585,-46.3643,0.580835,0.396725,-0.04929,20.277
1772222280378539088,2026-02-27 14:58:00.378,-10.6776,9.58405,-46.2525,0.580112,0.397622,-0.051104,20.278000000000006
1772222280379668888,2026-02-27 14:58:00.379,-10.5599,9.61066,-46.769,0.585539,0.402489,-0.04606,20.27900000000001
1772222280380847036,2026-02-27 14:58:00.380,-10.5068,9.61052,-47.221,0.590979,0.406432,-0.038596,20.28
1772222280382025159,2026-02-27 14:58:00.382,-10.3605,9.58619,-47.1652,0.591644,0.4103,-0.034006,20.28200000000001
1772222280383327914,2026-02-27 14:58:00.383,-10.3744,9.57059,-47.179,0.592438,0.415927,-0.028529,20.283
1772222280384482907,2026-02-27 14:58:00.384,-10.1743,9.54639,-47.1293,0.595444,0.421067,-0.022662,20.284000000000006
1772222280385633649,2026-02-27 14:58:00.385,-10.0526,9.51314,-47.2227,0.597618,0.429875,-0.016907,20.28500000000001
1772222280386788336,2026-02-27 14:58:00.386,-9.74804,9.43133,-47.696,0.606351,0.446945,0.001551,20.286
1772222280387964548,2026-02-27 14:58:00.387,-9.56321,9.35476,-47.665,0.61355,0.459671,0.007575,20.287000000000006
1772222280389141459,2026-02-27 14:58:00.389,-9.52696,9.3267,-47.2347,0.620684,0.474072,0.008138,20.289
1772222280390310878,2026-02-27 14:58:00.390,-9.44118,9.28998,-46.9896,0.626166,0.486445,0.008988,20.290000000000006
1772222280391501612,2026-02-27 14:58:00.391,-9.49205,9.24802,-47.1382,0.637186,0.501617,0.010839,20.29100000000001
1772222280392688466,2026-02-27 14:58:00.392,-9.52611,9.23194,-47.2833,0.646789,0.515021,0.012051,20.292
1772222280393889855,2026-02-27 14:58:00.393,-9.46736,9.34045,-46.5502,0.673603,0.538657,0.005,20.293000000000006
1772222280395069975,2026-02-27 14:58:00.395,-9.41242,9.37354,-46.9533,0.684578,0.552068,0.008639,20.295
1772222280396247780,2026-02-27 14:58:00.396,-9.3314,9.24768,-46.9406,0.690661,0.560124,0.010674,20.296000000000006
1772222280397422086,2026-02-27 14:58:00.397,-9.25871,9.27765,-47.6684,0.700235,0.570034,0.017135,20.29700000000001
1772222280398535719,2026-02-27 14:58:00.398,-9.20009,9.18474,-48.0847,0.705747,0.577616,0.022376,20.298000000000002
1772222280399662936,2026-02-27 14:58:00.399,-9.00376,9.09759,-48.2151,0.712275,0.592583,0.025048,20.299000000000007
1772222280400830201,2026-02-27 14:58:00.400,-8.9597,9.04159,-48.386,0.718115,0.602203,0.027012,20.30000000000001
1772222280402003332,2026-02-27 14:58:00.402,-8.91435,8.98658,-49.2083,0.722526,0.612717,0.031992,20.302000000000007
1772222280403172304,2026-02-27 14:58:00.403,-8.93688,8.93835,-49.7601,0.727907,0.622325,0.035915,20.30300000000001
1772222280404341471,2026-02-27 14:58:00.404,-8.95116,8.94711,-49.7438,0.73387,0.632632,0.033985,20.304000000000002
1772222280405527443,2026-02-27 14:58:00.405,-8.97767,8.91371,-49.539,0.736966,0.641865,0.031031,20.305000000000007
1772222280406656800,2026-02-27 14:58:00.406,-9.09504,8.9712,-49.5963,0.74802,0.659965,0.028069,20.30600000000001
1772222280407810080,2026-02-27 14:58:00.407,-9.1292,8.96533,-49.9129,0.749835,0.667106,0.029978,20.307000000000002
1772222280408986977,2026-02-27 14:58:00.408,-9.16761,9.02698,-50.1588,0.753766,0.674892,0.030505,20.308000000000007
1772222280410163877,2026-02-27 14:58:00.410,-9.25879,9.09871,-50.3796,0.756742,0.685211,0.030168,20.310000000000002
1772222280411339918,2026-02-27 14:58:00.411,-9.35919,9.17031,-49.8335,0.765782,0.696079,0.021836,20.311000000000007
1772222280412523559,2026-02-27 14:58:00.412,-9.38509,9.12504,-50.5095,0.767586,0.705259,0.025839,20.312000000000012
1772222280413651629,2026-02-27 14:58:00.413,-9.59492,9.17357,-51.9095,0.777791,0.72596,0.031739,20.313000000000002
1772222280414828587,2026-02-27 14:58:00.414,-9.70373,9.20698,-52.3547,0.783359,0.73611,0.031539,20.314000000000007
1772222280416005087,2026-02-27 14:58:00.416,-9.78081,9.20593,-52.6808,0.786474,0.745453,0.031755,20.316000000000003
1772222280417175475,2026-02-27 14:58:00.417,-9.9219,9.25608,-53.1205,0.794075,0.756956,0.030753,20.317000000000007
1772222280418371589,2026-02-27 14:58:00.418,-10.025,9.25379,-53.2248,0.793602,0.765598,0.031041,20.318000000000012
1772222280419553467,2026-02-27 14:58:00.419,-10.0867,9.25117,-54.7089,0.796742,0.774417,0.04023,20.319000000000003
1772222280420685570,2026-02-27 14:58:00.420,-10.2927,9.31004,-55.0543,0.805036,0.793665,0.037298,20.320000000000007
1772222280421834777,2026-02-27 14:58:00.421,-10.3504,9.37672,-54.7729,0.809473,0.803233,0.031919,20.321000000000012
1772222280423036241,2026-02-27 14:58:00.423,-10.5003,9.31811,-54.6573,0.808609,0.811336,0.029548,20.323000000000008
1772222280424232295,2026-02-27 14:58:00.424,-10.4924,9.33071,-54.9179,0.814608,0.821907,0.026384,20.324000000000012
1772222280425428858,2026-02-27 14:58:00.425,-10.6446,9.26251,-54.9979,0.809104,0.826328,0.022363,20.325000000000003
1772222280426562090,2026-02-27 14:58:00.426,-10.7099,9.22456,-55.2322,0.811682,0.833032,0.020923,20.326000000000008
1772222280427694356,2026-02-27 14:58:00.427,-10.9318,9.35715,-54.8494,0.82162,0.851019,0.012515,20.327000000000012
1772222280428866496,2026-02-27 14:58:00.428,-11.072,9.33816,-55.232,0.822222,0.864136,0.014967,20.328000000000003
1772222280430067581,2026-02-27 14:58:00.430,-11.178,9.36442,-55.8221,0.828991,0.878849,0.018482,20.330000000000013
1772222280431266963,2026-02-27 14:58:00.431,-11.3232,9.34885,-56.2938,0.831849,0.892149,0.022216,20.331000000000003
1772222280432439119,2026-02-27 14:58:00.432,-11.3589,9.36998,-56.4719,0.836194,0.903283,0.021861,20.332000000000008
1772222280433558310,2026-02-27 14:58:00.433,-11.3412,9.31064,-56.609,0.836172,0.913633,0.021374,20.333000000000013
1772222280434688875,2026-02-27 14:58:00.434,-11.5233,9.29172,-56.8069,0.843296,0.931062,0.020819,20.334000000000003
1772222280435881663,2026-02-27 14:58:00.435,-11.5802,9.27304,-57.748,0.844483,0.935961,0.02775,20.335000000000008
1772222280437054855,2026-02-27 14:58:00.437,-11.6804,9.31359,-57.1989,0.846081,0.934708,0.02135,20.337000000000003
1772222280438254356,2026-02-27 14:58:00.438,-11.6786,9.33288,-57.0567,0.843672,0.931317,0.01802,20.338000000000008
1772222280439472018,2026-02-27 14:58:00.439,-11.7438,9.4118,-56.2432,0.836747,0.912999,0.013979,20.339
1772222280440606150,2026-02-27 14:58:00.440,-12.0731,9.57811,-53.5594,0.793583,0.814604,0.008615,20.340000000000003
1772222280441738919,2026-02-27 14:58:00.441,-7.97121,9.46428,-29.993,0.403909,0.1249,0.075608,20.341000000000008
1772222280442868336,2026-02-27 14:58:00.442,-3.37532,8.62175,-21.5444,0.310357,-0.024364,0.131921,20.342
1772222280444065099,2026-02-27 14:58:00.444,1.24482,7.74317,-16.8511,0.270018,-0.074758,0.12233,20.34400000000001
1772222280445262475,2026-02-27 14:58:00.445,3.08103,7.30638,-20.4182,0.398703,-0.106997,0.090003,20.345
1772222280446475649,2026-02-27 14:58:00.446,4.2554,7.50126,-13.5485,0.307736,-0.174409,0.070329,20.346000000000004
1772222280447603034,2026-02-27 14:58:00.447,6.01593,7.41713,-14.576,0.292728,-0.23762,0.074256,20.34700000000001
1772222280448737142,2026-02-27 14:58:00.448,8.14407,7.11301,-10.4066,0.291665,-0.32398,0.060424,20.348
1772222280449866452,2026-02-27 14:58:00.449,8.94658,7.17743,-8.19089,0.2717,-0.334052,0.049635,20.349000000000004
1772222280451059746,2026-02-27 14:58:00.451,9.6608,6.84089,-6.7061,0.264044,-0.328836,0.039372,20.351
1772222280452253911,2026-02-27 14:58:00.452,10.6221,6.05166,-8.54466,0.292984,-0.379488,0.059033,20.352000000000004
1772222280453448972,2026-02-27 14:58:00.453,11.2283,5.65566,-9.33451,0.298516,-0.414511,0.068927,20.35300000000001
1772222280454556669,2026-02-27 14:58:00.454,11.4174,5.26894,-8.39773,0.285498,-0.409923,0.075404,20.354
1772222280455684139,2026-02-27 14:58:00.455,11.6896,4.69902,-9.25826,0.299293,-0.440525,0.092724,20.355000000000004
1772222280456844033,2026-02-27 14:58:00.456,12.267,3.35372,-9.77527,0.280815,-0.449898,0.129359,20.35600000000001
1772222280458040049,2026-02-27 14:58:00.458,12.1336,3.14355,-9.83415,0.246023,-0.423687,0.140128,20.358000000000004
1772222280459234701,2026-02-27 14:58:00.459,12.0364,2.30683,-10.2181,0.228836,-0.435682,0.147664,20.35900000000001
1772222280460430217,2026-02-27 14:58:00.460,11.8288,1.8491,-10.2592,0.193241,-0.438692,0.1451,20.36
1772222280461563576,2026-02-27 14:58:00.461,11.1965,1.84084,-8.23422,0.154364,-0.407007,0.124993,20.361000000000004
1772222280462692705,2026-02-27 14:58:00.462,11.8481,0.264368,-12.4906,0.223683,-0.434843,0.158309,20.36200000000001
1772222280463841964,2026-02-27 14:58:00.463,11.2093,0.278154,-13.2427,0.189647,-0.414902,0.1611,20.363
1772222280465039690,2026-02-27 14:58:00.465,11.1782,0.255633,-13.3883,0.156782,-0.4195,0.172153,20.36500000000001
1772222280466239994,2026-02-27 14:58:00.466,11.5265,-0.136806,-13.9177,0.171455,-0.422415,0.189741,20.366
1772222280467443687,2026-02-27 14:58:00.467,12.07,-0.415754,-15.0085,0.194617,-0.4509,0.21885,20.367000000000004
1772222280468567538,2026-02-27 14:58:00.468,12.771,-0.794827,-16.9088,0.24574,-0.471011,0.252527,20.36800000000001
1772222280469699133,2026-02-27 14:58:00.469,13.096,-0.308509,-18.4905,0.258436,-0.470596,0.275064,20.369
1772222280470847073,2026-02-27 14:58:00.470,13.8742,0.338707,-18.8722,0.312763,-0.49893,0.307082,20.370000000000005
1772222280472046927,2026-02-27 14:58:00.472,13.9813,0.998834,-17.2003,0.316268,-0.517386,0.313139,20.372
1772222280473245504,2026-02-27 14:58:00.473,14.2661,1.34207,-15.7932,0.304631,-0.528548,0.312795,20.373000000000005
1772222280474442696,2026-02-27 14:58:00.474,14.8593,1.35726,-16.3324,0.331052,-0.534463,0.320499,20.37400000000001
1772222280475562189,2026-02-27 14:58:00.475,15.0015,1.52161,-17.3599,0.344771,-0.574452,0.315487,20.375
1772222280476690626,2026-02-27 14:58:00.476,15.4231,1.78652,-18.1253,0.316925,-0.556845,0.276317,20.376000000000005
1772222280477863329,2026-02-27 14:58:00.477,15.9789,1.43756,-22.9756,0.412836,-0.503307,0.234402,20.37700000000001
1772222280478996370,2026-02-27 14:58:00.478,15.2509,1.54437,-23.6696,0.517102,-0.519294,0.281984,20.378
1772222280480196025,2026-02-27 14:58:00.480,14.9284,2.04368,-23.2114,0.507804,-0.500747,0.311056,20.38000000000001
1772222280481397891,2026-02-27 14:58:00.481,14.8291,2.60136,-21.5603,0.476706,-0.531818,0.345889,20.381
1772222280482555065,2026-02-27 14:58:00.482,14.8764,3.18167,-17.7955,0.394404,-0.538985,0.341939,20.382000000000005
1772222280483685110,2026-02-27 14:58:00.483,15.3199,2.9732,-16.3254,0.363083,-0.527285,0.319338,20.38300000000001
1772222280484847071,2026-02-27 14:58:00.484,15.2428,3.39143,-14.0499,0.318672,-0.552945,0.297892,20.384
1772222280486026945,2026-02-27 14:58:00.486,15.6214,2.56771,-15.1197,0.402644,-0.553109,0.321251,20.38600000000001
1772222280487224984,2026-02-27 14:58:00.487,15.2528,2.99973,-14.3597,0.362948,-0.483466,0.303156,20.387
1772222280488425926,2026-02-27 14:58:00.488,14.8347,3.11499,-14.2016,0.437103,-0.512883,0.318567,20.388000000000005
1772222280489568096,2026-02-27 14:58:00.489,14.6465,2.96243,-13.7506,0.408354,-0.506978,0.313023,20.38900000000001
1772222280490698170,2026-02-27 14:58:00.490,14.4578,3.21623,-12.9426,0.406003,-0.4851,0.301377,20.39
1772222280491863024,2026-02-27 14:58:00.491,14.0958,2.83396,-12.4001,0.392721,-0.480879,0.288303,20.391000000000005
1772222280493061230,2026-02-27 14:58:00.493,13.8721,2.23762,-12.7974,0.411033,-0.460726,0.287754,20.393
1772222280494256925,2026-02-27 14:58:00.494,13.6444,1.62988,-14.2107,0.467093,-0.420409,0.27047,20.394000000000005
1772222280495562634,2026-02-27 14:58:00.495,12.6498,1.69035,-14.4689,0.427806,-0.470094,0.265936,20.39500000000001
1772222280496692275,2026-02-27 14:58:00.496,12.6599,0.910166,-15.7944,0.470278,-0.459405,0.26892,20.396
1772222280497852345,2026-02-27 14:58:00.497,12.2707,1.20394,-15.2605,0.416,-0.438882,0.274134,20.397000000000006
1772222280499022526,2026-02-27 14:58:00.499,12.3552,-0.137978,-14.5688,0.384243,-0.392297,0.268099,20.399
1772222280500217823,2026-02-27 14:58:00.500,11.9227,0.046565,-13.2241,0.32405,-0.406906,0.263019,20.400000000000006
1772222280501414786,2026-02-27 14:58:00.501,12.0442,-0.633717,-13.1467,0.330404,-0.390465,0.258663,20.40100000000001
1772222280502568727,2026-02-27 14:58:00.502,11.819,-1.10177,-14.593,0.327385,-0.364737,0.258572,20.402
1772222280503699257,2026-02-27 14:58:00.503,11.2113,-0.896399,-13.7641,0.294003,-0.367411,0.252634,20.403000000000006
1772222280504846968,2026-02-27 14:58:00.504,11.1582,-1.13771,-12.9563,0.270132,-0.356294,0.246331,20.40400000000001
1772222280506016474,2026-02-27 14:58:00.506,10.0974,-1.12931,-13.7786,0.32886,-0.292975,0.220927,20.406000000000006
1772222280507185726,2026-02-27 14:58:00.507,9.71388,-1.38626,-13.7891,0.347775,-0.301883,0.228577,20.40700000000001
1772222280508380837,2026-02-27 14:58:00.508,9.53016,-1.11873,-12.9584,0.30703,-0.301567,0.223301,20.408
1772222280509562019,2026-02-27 14:58:00.509,9.74922,-1.60331,-13.0277,0.298527,-0.29774,0.221784,20.409000000000006
1772222280510688659,2026-02-27 14:58:00.510,9.6995,-1.64405,-12.5658,0.296642,-0.27828,0.204199,20.41000000000001
1772222280511864217,2026-02-27 14:58:00.511,9.53423,-1.83465,-12.5096,0.308749,-0.256456,0.186847,20.411
1772222280513034375,2026-02-27 14:58:00.513,8.74075,-1.54128,-12.9841,0.287946,-0.24247,0.178223,20.41300000000001
1772222280514224718,2026-02-27 14:58:00.514,8.48887,-1.46829,-12.9904,0.268627,-0.237668,0.1775,20.414
1772222280515419638,2026-02-27 14:58:00.515,8.29595,-1.49851,-12.5783,0.252707,-0.233236,0.172295,20.415000000000006
1772222280516560503,2026-02-27 14:58:00.516,8.13152,-1.43209,-12.0149,0.237545,-0.227363,0.165922,20.41600000000001
1772222280517689192,2026-02-27 14:58:00.517,7.86123,-1.39898,-11.5373,0.222288,-0.224023,0.159794,20.417
1772222280518845795,2026-02-27 14:58:00.518,7.75683,-1.31468,-10.7978,0.202014,-0.230327,0.160404,20.418000000000006
1772222280520026891,2026-02-27 14:58:00.520,7.75395,-1.18297,-9.63928,0.156434,-0.252161,0.170313,20.42
1772222280521214403,2026-02-27 14:58:00.521,7.71771,-1.0948,-8.70224,0.138217,-0.265564,0.171999,20.421000000000006
1772222280522412606,2026-02-27 14:58:00.522,7.81489,-1.02205,-7.29375,0.117623,-0.278424,0.170385,20.42200000000001
1772222280523562422,2026-02-27 14:58:00.523,7.83863,-0.970206,-6.11853,0.097689,-0.292115,0.169981,20.423000000000002
1772222280524690044,2026-02-27 14:58:00.524,7.98038,-0.900902,-5.22954,0.084116,-0.30658,0.173564,20.424000000000007
1772222280525866331,2026-02-27 14:58:00.525,8.11995,-0.832549,-4.39501,0.067301,-0.319781,0.175962,20.42500000000001
1772222280527048323,2026-02-27 14:58:00.527,8.34755,-0.670052,-1.77978,0.042463,-0.346539,0.173398,20.427000000000007
1772222280528238430,2026-02-27 14:58:00.528,8.4333,-0.637022,-1.26964,0.025889,-0.358214,0.178602,20.42800000000001
1772222280529434079,2026-02-27 14:58:00.529,8.6797,-0.58175,-0.677287,0.021439,-0.370228,0.181682,20.429000000000002
1772222280530559903,2026-02-27 14:58:00.530,8.82265,-0.635841,-0.742275,0.011726,-0.377778,0.188279,20.430000000000007
1772222280531684747,2026-02-27 14:58:00.531,8.95707,-0.642429,-0.954263,0.01084,-0.38082,0.189818,20.43100000000001
1772222280532860717,2026-02-27 14:58:00.532,9.0037,-0.720167,-0.819149,0.009122,-0.381256,0.187871,20.432000000000002
1772222280534040392,2026-02-27 14:58:00.534,9.02029,-0.797489,-1.1747,0.014927,-0.37069,0.177335,20.43400000000001
1772222280535216435,2026-02-27 14:58:00.535,8.82864,-0.797501,-2.0021,0.020701,-0.359944,0.179298,20.435000000000002
1772222280536410098,2026-02-27 14:58:00.536,8.68276,-0.87473,-2.61946,0.017528,-0.360175,0.18278,20.436000000000007
1772222280537560161,2026-02-27 14:58:00.537,8.61608,-0.937834,-2.51813,0.01442,-0.358951,0.182542,20.437000000000012
1772222280538688418,2026-02-27 14:58:00.538,8.58818,-0.963321,-2.1428,0.007764,-0.365562,0.180575,20.438000000000002
1772222280539863529,2026-02-27 14:58:00.539,8.69291,-1.01378,-1.73451,0.004311,-0.373267,0.183532,20.439000000000007
1772222280541033786,2026-02-27 14:58:00.541,8.97813,-1.14817,-1.80013,0.001746,-0.383146,0.187839,20.441000000000003
1772222280542261311,2026-02-27 14:58:00.542,9.06909,-1.14237,-2.03169,-0.000428,-0.3885,0.188979,20.442000000000007
1772222280543480777,2026-02-27 14:58:00.543,9.13164,-1.24359,-2.45324,0.00702,-0.388698,0.188601,20.443000000000012
1772222280544608989,2026-02-27 14:58:00.544,9.11875,-1.26562,-1.98883,0.020741,-0.382966,0.17752,20.444000000000003
1772222280545867565,2026-02-27 14:58:00.545,8.9811,-1.21305,-3.0484,0.029033,-0.3931,0.183562,20.445000000000007
1772222280547048749,2026-02-27 14:58:00.547,9.07051,-1.1471,-4.03747,0.023008,-0.422691,0.193784,20.447000000000003
1772222280548221474,2026-02-27 14:58:00.548,9.43289,-1.06923,-3.99495,0.008225,-0.447799,0.205671,20.448000000000008
1772222280549414598,2026-02-27 14:58:00.549,9.97067,-1.16709,-3.9219,-0.004275,-0.47991,0.216462,20.449000000000012
1772222280550566091,2026-02-27 14:58:00.550,10.4709,-1.34546,-4.06946,0.002244,-0.488597,0.222031,20.450000000000003
1772222280551694803,2026-02-27 14:58:00.551,10.7502,-1.35304,-4.53112,0.015414,-0.501696,0.225289,20.451000000000008
1772222280552871297,2026-02-27 14:58:00.552,10.8882,-1.31001,-5.99963,0.021295,-0.511411,0.238576,20.452000000000012
1772222280554054150,2026-02-27 14:58:00.554,11.0885,-1.23034,-6.21752,0.026252,-0.519564,0.241388,20.454000000000008
1772222280555228134,2026-02-27 14:58:00.555,11.5128,-1.14114,-6.12698,0.046462,-0.543235,0.248002,20.455000000000013
1772222280556423842,2026-02-27 14:58:00.556,11.6917,-1.06005,-6.14238,0.050111,-0.555443,0.250758,20.456000000000003
1772222280557569133,2026-02-27 14:58:00.557,11.8623,-1.02334,-6.15652,0.055622,-0.578269,0.256256,20.457000000000008
1772222280558698912,2026-02-27 14:58:00.558,11.9526,-0.977545,-6.38927,0.051332,-0.609406,0.256691,20.458000000000013
1772222280559883139,2026-02-27 14:58:00.559,12.2241,-0.975096,-6.41603,0.056137,-0.638377,0.257911,20.459000000000003
1772222280561069021,2026-02-27 14:58:00.561,12.5382,-1.03973,-6.26109,0.070823,-0.652534,0.251039,20.461000000000013
1772222280562239096,2026-02-27 14:58:00.562,12.8705,-0.921466,-7.35253,0.090986,-0.679944,0.250931,20.462000000000003
1772222280563437511,2026-02-27 14:58:00.563,12.9417,-0.89107,-8.5638,0.10661,-0.690672,0.253076,20.463000000000008
1772222280564566247,2026-02-27 14:58:00.564,12.9791,-0.894597,-9.70667,0.119067,-0.699403,0.253882,20.464
1772222280565693868,2026-02-27 14:58:00.565,12.9651,-0.820376,-10.5577,0.133713,-0.707934,0.250479,20.465000000000003
1772222280566899382,2026-02-27 14:58:00.566,12.9926,-0.806345,-11.2839,0.149009,-0.715171,0.246868,20.466000000000008
1772222280568070142,2026-02-27 14:58:00.568,12.8284,-0.84576,-12.1289,0.159426,-0.722677,0.241892,20.468000000000004
1772222280569257791,2026-02-27 14:58:00.569,12.7263,-0.952742,-14.8857,0.183978,-0.736253,0.243439,20.46900000000001
1772222280570471206,2026-02-27 14:58:00.570,12.7212,-1.02374,-15.1149,0.198134,-0.742663,0.235339,20.47
1772222280571566252,2026-02-27 14:58:00.571,12.7437,-1.07643,-15.6491,0.209124,-0.748725,0.230198,20.471000000000004
1772222280572696067,2026-02-27 14:58:00.572,12.7049,-1.06882,-15.9054,0.222157,-0.749929,0.223111,20.47200000000001
1772222280573842192,2026-02-27 14:58:00.573,12.7516,-1.05944,-16.0982,0.228805,-0.752341,0.218674,20.473
1772222280575002686,2026-02-27 14:58:00.575,12.8565,-1.03407,-16.5679,0.237853,-0.753835,0.216445,20.47500000000001
1772222280576181605,2026-02-27 14:58:00.576,13.1302,-1.06288,-17.2868,0.25388,-0.751047,0.215957,20.476
1772222280577377530,2026-02-27 14:58:00.577,13.1811,-1.05529,-16.6651,0.264015,-0.746032,0.205733,20.477000000000004
1772222280578561421,2026-02-27 14:58:00.578,13.2918,-1.03712,-17.1712,0.271007,-0.744054,0.209148,20.47800000000001
1772222280579691849,2026-02-27 14:58:00.579,13.3561,-0.943054,-17.6277,0.274633,-0.742301,0.20768,20.479
1772222280580866743,2026-02-27 14:58:00.580,13.4512,-1.01173,-18.3606,0.287073,-0.741431,0.214907,20.480000000000004
1772222280582047860,2026-02-27 14:58:00.582,13.5591,-0.941465,-19.0449,0.296998,-0.73941,0.217675,20.482
1772222280583219419,2026-02-27 14:58:00.583,13.5549,-0.971593,-19.818,0.31196,-0.738026,0.215178,20.483000000000004
1772222280584410253,2026-02-27 14:58:00.584,13.5926,-0.950002,-20.3291,0.322204,-0.732925,0.213102,20.48400000000001
1772222280585567482,2026-02-27 14:58:00.585,13.5417,-0.970653,-21.5138,0.340583,-0.728341,0.217696,20.485
1772222280586698307,2026-02-27 14:58:00.586,13.4322,-0.970782,-22.2762,0.349736,-0.727898,0.216028,20.486000000000004
1772222280587872250,2026-02-27 14:58:00.587,13.2722,-0.977951,-22.6804,0.359502,-0.7264,0.212443,20.48700000000001
1772222280589054583,2026-02-27 14:58:00.589,13.1971,-0.858452,-22.6566,0.371083,-0.722743,0.202928,20.489000000000004
1772222280590244635,2026-02-27 14:58:00.590,12.8818,-0.841654,-22.7121,0.37602,-0.722489,0.195069,20.49000000000001
1772222280591436969,2026-02-27 14:58:00.591,12.8849,-0.815199,-22.8824,0.37882,-0.719072,0.193287,20.491
1772222280592568431,2026-02-27 14:58:00.592,12.8012,-0.820414,-23.0493,0.38063,-0.716202,0.190672,20.492000000000004
1772222280593697192,2026-02-27 14:58:00.593,12.7601,-0.762378,-22.724,0.377164,-0.718062,0.18723,20.49300000000001
1772222280594869941,2026-02-27 14:58:00.594,12.775,-0.77591,-21.8091,0.371806,-0.718362,0.18099,20.494
1772222280596066979,2026-02-27 14:58:00.596,12.806,-0.810662,-22.0736,0.366298,-0.716907,0.187078,20.49600000000001
1772222280597239288,2026-02-27 14:58:00.597,12.752,-0.717918,-22.3932,0.362541,-0.711795,0.192168,20.497
1772222280598432096,2026-02-27 14:58:00.598,12.7335,-0.720617,-22.4374,0.363121,-0.713594,0.192619,20.498000000000005
1772222280599554384,2026-02-27 14:58:00.599,12.5251,-0.687897,-22.8353,0.37738,-0.709319,0.185082,20.49900000000001
1772222280600685292,2026-02-27 14:58:00.600,12.1389,-0.723467,-23.6539,0.386613,-0.71115,0.17544,20.5
1772222280601861749,2026-02-27 14:58:00.601,11.5429,-0.590864,-24.5211,0.394412,-0.720931,0.162869,20.501000000000005
1772222280603061080,2026-02-27 14:58:00.603,10.9029,-0.496802,-26.5966,0.397624,-0.727074,0.163582,20.503
1772222280604247695,2026-02-27 14:58:00.604,9.96693,-0.420978,-27.3256,0.388252,-0.743601,0.1527,20.504000000000005
1772222280605438413,2026-02-27 14:58:00.605,9.68829,-0.325573,-27.0576,0.381133,-0.744142,0.147791,20.50500000000001
1772222280606666559,2026-02-27 14:58:00.606,9.49171,-0.518922,-27.2214,0.370796,-0.738683,0.143778,20.506
1772222280607862936,2026-02-27 14:58:00.607,9.2606,-0.518871,-27.6833,0.36953,-0.725971,0.139167,20.507000000000005
1772222280609061571,2026-02-27 14:58:00.609,9.01213,-0.62367,-27.9888,0.361031,-0.714652,0.135105,20.509
1772222280610245677,2026-02-27 14:58:00.610,8.38565,-0.662596,-28.023,0.360276,-0.680989,0.114184,20.510000000000005
1772222280611445600,2026-02-27 14:58:00.611,8.13169,-0.707049,-28.099,0.361017,-0.663877,0.109964,20.51100000000001
1772222280612555086,2026-02-27 14:58:00.612,7.84556,-0.746412,-28.4464,0.358441,-0.647927,0.106418,20.512
1772222280613684293,2026-02-27 14:58:00.613,7.63108,-0.726637,-29.0886,0.352377,-0.631489,0.107533,20.513000000000005
1772222280614857778,2026-02-27 14:58:00.614,7.37066,-0.740985,-29.4684,0.347972,-0.619078,0.108895,20.51400000000001
1772222280616053070,2026-02-27 14:58:00.616,7.26611,-0.836561,-29.4949,0.351473,-0.603792,0.107024,20.516000000000005
1772222280617235113,2026-02-27 14:58:00.617,6.9159,-0.808932,-29.3091,0.3419,-0.58695,0.102404,20.51700000000001
1772222280618407872,2026-02-27 14:58:00.618,6.75153,-0.894,-29.6809,0.333916,-0.576403,0.102562,20.518
1772222280619565839,2026-02-27 14:58:00.619,6.68274,-0.926312,-30.3486,0.333114,-0.569886,0.108081,20.519000000000005
1772222280620695601,2026-02-27 14:58:00.620,6.63209,-0.961354,-30.0029,0.333299,-0.562148,0.101976,20.52000000000001
1772222280621873941,2026-02-27 14:58:00.621,6.5091,-1.03546,-29.9874,0.329479,-0.554749,0.096056,20.521
1772222280623068971,2026-02-27 14:58:00.623,6.39176,-1.08494,-29.9292,0.33073,-0.543854,0.090225,20.52300000000001
1772222280624240348,2026-02-27 14:58:00.624,6.18755,-1.12348,-29.8314,0.326669,-0.539072,0.087013,20.524
1772222280625414213,2026-02-27 14:58:00.625,5.87561,-1.31324,-30.1512,0.321045,-0.523475,0.085279,20.525000000000006
1772222280626527187,2026-02-27 14:58:00.626,5.78676,-1.33484,-30.0822,0.317569,-0.519322,0.083726,20.52600000000001
1772222280627654186,2026-02-27 14:58:00.627,5.60208,-1.35906,-29.0032,0.312595,-0.513237,0.073751,20.527
1772222280628832283,2026-02-27 14:58:00.628,5.45278,-1.36752,-29.4257,0.309669,-0.503578,0.075743,20.528000000000006
1772222280630031407,2026-02-27 14:58:00.630,5.35409,-1.43494,-29.3622,0.304557,-0.498228,0.074969,20.53
1772222280631210167,2026-02-27 14:58:00.631,5.25955,-1.4543,-29.8992,0.302228,-0.490903,0.079044,20.531000000000006
1772222280632385397,2026-02-27 14:58:00.632,4.97556,-1.4934,-29.9193,0.29447,-0.476397,0.078153,20.53200000000001
1772222280633526347,2026-02-27 14:58:00.633,4.88629,-1.50432,-29.7907,0.292713,-0.468249,0.077042,20.533
1772222280634655508,2026-02-27 14:58:00.634,4.78016,-1.50342,-29.7249,0.291644,-0.461122,0.076156,20.534000000000006
1772222280635827888,2026-02-27 14:58:00.635,4.6838,-1.50593,-30.4428,0.291313,-0.452251,0.08315,20.53500000000001
1772222280637023698,2026-02-27 14:58:00.637,4.54642,-1.4537,-30.4344,0.29185,-0.444853,0.081667,20.537000000000006
1772222280638207967,2026-02-27 14:58:00.638,4.39537,-1.41404,-30.2822,0.291991,-0.435273,0.08001,20.53800000000001
1772222280639380490,2026-02-27 14:58:00.639,4.13208,-1.31011,-29.2432,0.296636,-0.417742,0.067382,20.539
1772222280640551486,2026-02-27 14:58:00.640,3.97433,-1.25191,-29.1048,0.300481,-0.406846,0.064935,20.540000000000006
1772222280641680739,2026-02-27 14:58:00.641,3.88875,-1.14935,-29.1061,0.305362,-0.397947,0.062232,20.54100000000001
1772222280642857054,2026-02-27 14:58:00.642,3.72772,-1.16828,-29.0884,0.309941,-0.389459,0.059515,20.542
1772222280644052209,2026-02-27 14:58:00.644,3.63869,-1.08179,-28.7013,0.313838,-0.381166,0.053377,20.54400000000001
1772222280645232883,2026-02-27 14:58:00.645,3.40666,-1.03046,-28.163,0.321224,-0.37163,0.045729,20.545
1772222280646405031,2026-02-27 14:58:00.646,3.24119,-0.819975,-28.9061,0.330799,-0.356439,0.047639,20.546000000000006
1772222280647533382,2026-02-27 14:58:00.647,3.12509,-0.760442,-29.505,0.338422,-0.348917,0.049163,20.54700000000001
1772222280648663204,2026-02-27 14:58:00.648,2.95173,-0.671387,-29.6601,0.343356,-0.340342,0.047919,20.548000000000002
1772222280649836259,2026-02-27 14:58:00.649,2.92536,-0.614997,-29.7032,0.352199,-0.334551,0.04569,20.549000000000007
1772222280651033806,2026-02-27 14:58:00.651,2.73292,-0.530771,-29.853,0.358703,-0.326467,0.043643,20.551000000000002
1772222280652207910,2026-02-27 14:58:00.652,2.62914,-0.427564,-30.0857,0.364466,-0.321075,0.041962,20.552000000000007
1772222280653379279,2026-02-27 14:58:00.653,2.3218,-0.264686,-30.9316,0.377374,-0.306933,0.043741,20.55300000000001
1772222280654526957,2026-02-27 14:58:00.654,2.23395,-0.172343,-31.0422,0.38765,-0.300667,0.042407,20.554000000000002
1772222280655655804,2026-02-27 14:58:00.655,2.10265,-0.008887,-30.7556,0.396864,-0.293425,0.036193,20.555000000000007
1772222280656831849,2026-02-27 14:58:00.656,2.01624,0.048179,-30.5969,0.405371,-0.287793,0.030901,20.55600000000001
1772222280658035030,2026-02-27 14:58:00.658,1.85932,0.195839,-30.8684,0.416237,-0.279973,0.02911,20.558000000000007
1772222280659230164,2026-02-27 14:58:00.659,1.74822,0.281686,-31.0478,0.426461,-0.271622,0.025793,20.55900000000001
1772222280660402376,2026-02-27 14:58:00.660,1.50782,0.546465,-30.4829,0.447759,-0.257865,0.011676,20.560000000000002
1772222280661535268,2026-02-27 14:58:00.661,1.27864,0.654435,-30.8631,0.458213,-0.250325,0.010694,20.561000000000007
1772222280662664264,2026-02-27 14:58:00.662,1.27057,0.799868,-31.2534,0.469267,-0.243578,0.008772,20.562000000000012
1772222280663841066,2026-02-27 14:58:00.663,1.13056,0.908499,-31.9852,0.480716,-0.236468,0.012058,20.563000000000002
1772222280665036392,2026-02-27 14:58:00.665,1.02047,1.03464,-32.5817,0.490749,-0.231255,0.013275,20.565000000000012
1772222280666231354,2026-02-27 14:58:00.666,0.936501,1.10777,-32.7666,0.500579,-0.224836,0.010808,20.566000000000003
1772222280667414235,2026-02-27 14:58:00.667,0.790691,1.29739,-33.0817,0.52022,-0.216124,0.006831,20.567000000000007
1772222280668533760,2026-02-27 14:58:00.668,0.72228,1.41532,-33.8862,0.533139,-0.209936,0.009018,20.568000000000012
1772222280669664060,2026-02-27 14:58:00.669,0.613862,1.5593,-34.7618,0.54387,-0.205069,0.012459,20.569000000000003
1772222280670836846,2026-02-27 14:58:00.670,0.566982,1.63178,-34.6694,0.552829,-0.202582,0.008028,20.570000000000007
1772222280672035825,2026-02-27 14:58:00.672,0.446337,1.74432,-34.6374,0.563581,-0.19781,0.003417,20.572000000000003
1772222280673229950,2026-02-27 14:58:00.673,0.416683,1.85469,-34.5146,0.572533,-0.194432,-0.002495,20.573000000000008
1772222280674402276,2026-02-27 14:58:00.674,0.251847,2.04279,-34.8985,0.592747,-0.187894,-0.005388,20.574000000000012
1772222280675526431,2026-02-27 14:58:00.675,0.19651,2.08706,-35.131,0.601411,-0.184183,-0.006829,20.575000000000003
1772222280676654501,2026-02-27 14:58:00.676,0.091503,2.16269,-35.2596,0.610556,-0.182201,-0.008773,20.576000000000008
1772222280677827641,2026-02-27 14:58:00.677,0.02041,2.22705,-34.3521,0.61348,-0.179305,-0.019927,20.577000000000012
1772222280679029755,2026-02-27 14:58:00.679,-0.044179,2.29839,-35.142,0.622489,-0.176756,-0.017145,20.579000000000008
1772222280680226131,2026-02-27 14:58:00.680,-0.11902,2.35653,-35.3066,0.625356,-0.174643,-0.016919,20.580000000000013
1772222280681406604,2026-02-27 14:58:00.681,-0.096008,2.45953,-36.1501,0.640516,-0.171309,-0.01152,20.581000000000003
1772222280682526830,2026-02-27 14:58:00.682,-0.102354,2.47987,-36.2009,0.643905,-0.171322,-0.012957,20.582000000000008
1772222280683657176,2026-02-27 14:58:00.683,-0.101189,2.54433,-36.2966,0.645328,-0.170295,-0.013815,20.583000000000013
1772222280684851961,2026-02-27 14:58:00.684,-0.11397,2.56938,-36.396,0.650985,-0.170502,-0.013941,20.584000000000003
1772222280686048716,2026-02-27 14:58:00.686,-0.085118,2.62268,-37.4705,0.657925,-0.168556,-0.004793,20.586000000000013
1772222280687245557,2026-02-27 14:58:00.687,-0.087743,2.73599,-37.4867,0.656495,-0.166204,-0.008648,20.587000000000003
1772222280688415295,2026-02-27 14:58:00.688,-0.068273,2.72862,-37.469,0.664243,-0.1685,-0.007816,20.588000000000008
1772222280689548269,2026-02-27 14:58:00.689,-0.150348,2.78958,-36.8204,0.659579,-0.169306,-0.017289,20.589
1772222280690677506,2026-02-27 14:58:00.690,-0.161581,2.8151,-36.7597,0.668174,-0.170588,-0.016823,20.590000000000003
1772222280691850089,2026-02-27 14:58:00.691,-0.168678,2.88439,-36.9183,0.667659,-0.16943,-0.017537,20.591000000000008
1772222280693047375,2026-02-27 14:58:00.693,-0.163657,2.88182,-36.8917,0.671232,-0.169769,-0.018301,20.593000000000004
1772222280694241388,2026-02-27 14:58:00.694,-0.224367,2.96192,-36.4145,0.67156,-0.168705,-0.026085,20.59400000000001
1772222280695420941,2026-02-27 14:58:00.695,-0.220993,2.9763,-35.9786,0.677908,-0.169524,-0.026975,20.595
1772222280696535394,2026-02-27 14:58:00.696,-0.305019,2.99152,-36.7777,0.682915,-0.166232,-0.023032,20.596000000000004
1772222280697664152,2026-02-27 14:58:00.697,-0.372367,3.09297,-37.4272,0.682101,-0.161243,-0.020397,20.59700000000001
1772222280698840897,2026-02-27 14:58:00.698,-0.3484,3.10928,-37.466,0.691339,-0.158961,-0.020051,20.598
1772222280700040305,2026-02-27 14:58:00.700,-0.416708,3.14392,-37.5422,0.692143,-0.155352,-0.020926,20.60000000000001
1772222280701236525,2026-02-27 14:58:00.701,-0.439678,3.15418,-37.699,0.692504,-0.153047,-0.021875,20.601
1772222280702420612,2026-02-27 14:58:00.702,-0.53346,3.12355,-37.8039,0.696034,-0.150966,-0.021426,20.602000000000004
1772222280703535885,2026-02-27 14:58:00.703,-0.632811,3.10674,-38.6765,0.699204,-0.142756,-0.018712,20.60300000000001
1772222280704665051,2026-02-27 14:58:00.704,-0.732596,3.1108,-38.7075,0.700088,-0.139937,-0.020403,20.604
1772222280705845830,2026-02-27 14:58:00.705,-0.813072,3.1455,-38.4903,0.695158,-0.133433,-0.025972,20.605000000000004
1772222280707041562,2026-02-27 14:58:00.707,-0.943875,3.13193,-38.2484,0.700805,-0.129631,-0.0287,20.607
1772222280708238905,2026-02-27 14:58:00.708,-0.940462,3.17204,-38.4653,0.704662,-0.124107,-0.029442,20.608000000000004
1772222280709409602,2026-02-27 14:58:00.709,-1.06457,3.12261,-38.5211,0.703834,-0.120376,-0.030571,20.60900000000001
1772222280710544956,2026-02-27 14:58:00.710,-1.33323,3.1683,-37.73,0.705091,-0.105649,-0.042965,20.61
1772222280711674938,2026-02-27 14:58:00.711,-1.41845,3.16136,-38.0707,0.708752,-0.099723,-0.040557,20.611000000000004
1772222280712848718,2026-02-27 14:58:00.712,-1.58615,3.16664,-38.2293,0.71018,-0.092951,-0.041472,20.61200000000001
1772222280714045200,2026-02-27 14:58:00.714,-1.67953,3.1662,-38.8874,0.707634,-0.087309,-0.037648,20.614000000000004
1772222280715242667,2026-02-27 14:58:00.715,-1.85522,3.19316,-39.2497,0.707505,-0.079792,-0.035498,20.61500000000001
1772222280716507424,2026-02-27 14:58:00.716,-1.95297,3.23151,-39.4511,0.714838,-0.067306,-0.038556,20.616
1772222280717636094,2026-02-27 14:58:00.717,-2.12083,3.27772,-39.3136,0.71071,-0.066105,-0.038463,20.617000000000004
1772222280718812333,2026-02-27 14:58:00.718,-2.14766,3.26724,-39.9388,0.711762,-0.057421,-0.032926,20.61800000000001
1772222280720009281,2026-02-27 14:58:00.720,-2.30161,3.43346,-39.7766,0.697022,-0.063308,-0.027966,20.620000000000005
1772222280721205135,2026-02-27 14:58:00.721,-2.13891,3.4956,-38.8307,0.689952,-0.070067,-0.023065,20.62100000000001
1772222280722389742,2026-02-27 14:58:00.722,-1.93495,3.48733,-37.7685,0.689438,-0.069967,-0.02603,20.622
1772222280723536175,2026-02-27 14:58:00.723,-1.85472,3.45458,-38.2771,0.714595,-0.048047,-0.042835,20.623000000000005
1772222280724665507,2026-02-27 14:58:00.724,-2.11107,3.56559,-38.941,0.720806,-0.043028,-0.047638,20.62400000000001
1772222280725841960,2026-02-27 14:58:00.725,-2.3614,3.60168,-39.8089,0.73363,-0.034112,-0.051876,20.625
1772222280727037374,2026-02-27 14:58:00.727,-2.62827,3.52627,-40.3606,0.740227,-0.023395,-0.058072,20.62700000000001
1772222280728234218,2026-02-27 14:58:00.728,-2.99016,3.55209,-40.2001,0.745269,-0.012073,-0.067652,20.628
1772222280729410169,2026-02-27 14:58:00.729,-3.24551,3.47228,-41.2724,0.749392,-0.000338,-0.065881,20.629000000000005
1772222280730550302,2026-02-27 14:58:00.730,-3.81317,3.36669,-43.0532,0.7587,0.030077,-0.064934,20.63000000000001
1772222280731681035,2026-02-27 14:58:00.731,-4.19563,3.37038,-43.68,0.760093,0.045188,-0.066324,20.631
1772222280732826816,2026-02-27 14:58:00.732,-4.45817,3.32034,-44.1095,0.759401,0.059372,-0.069655,20.632000000000005
1772222280733996704,2026-02-27 14:58:00.733,-4.73175,3.37603,-44.6424,0.758758,0.074203,-0.072775,20.63300000000001
1772222280735163961,2026-02-27 14:58:00.735,-4.98762,3.29023,-44.9769,0.764962,0.087689,-0.07464,20.635000000000005
1772222280736332739,2026-02-27 14:58:00.736,-5.25276,3.34548,-46.5073,0.7608,0.103472,-0.068577,20.63600000000001
1772222280737525385,2026-02-27 14:58:00.737,-5.66222,3.33783,-46.8745,0.770419,0.134412,-0.077782,20.637
1772222280738652341,2026-02-27 14:58:00.738,-5.87615,3.32958,-46.613,0.772486,0.144104,-0.083816,20.638000000000005
1772222280739824917,2026-02-27 14:58:00.739,-6.10916,3.27872,-46.6177,0.774202,0.156983,-0.089637,20.63900000000001
1772222280740993176,2026-02-27 14:58:00.740,-6.3058,3.37305,-46.9281,0.781426,0.171256,-0.091843,20.64
1772222280742191605,2026-02-27 14:58:00.742,-6.52676,3.36989,-47.1798,0.784039,0.182217,-0.094102,20.64200000000001
1772222280743386645,2026-02-27 14:58:00.743,-6.71034,3.37479,-47.4369,0.785505,0.194871,-0.098567,20.643
1772222280744528641,2026-02-27 14:58:00.744,-6.92783,3.3645,-46.785,0.787671,0.205677,-0.108244,20.644000000000005
1772222280745658097,2026-02-27 14:58:00.745,-7.37232,3.43802,-47.0616,0.793822,0.230185,-0.11304,20.64500000000001
1772222280746833177,2026-02-27 14:58:00.746,-7.55654,3.46484,-47.6718,0.795274,0.241783,-0.110195,20.646
1772222280748031248,2026-02-27 14:58:00.748,-7.70138,3.46908,-48.3332,0.799234,0.252992,-0.108637,20.64800000000001
1772222280749225470,2026-02-27 14:58:00.749,-7.92425,3.49751,-48.5247,0.803051,0.265704,-0.110633,20.649
1772222280750420056,2026-02-27 14:58:00.750,-8.13613,3.45551,-48.589,0.800579,0.276079,-0.113768,20.650000000000006
1772222280751578640,2026-02-27 14:58:00.751,-8.25559,3.56038,-48.6189,0.807354,0.285946,-0.115159,20.65100000000001
1772222280752770536,2026-02-27 14:58:00.752,-8.5732,3.6057,-49.828,0.811217,0.306237,-0.10794,20.652
1772222280753969305,2026-02-27 14:58:00.753,-8.73878,3.63593,-49.5121,0.811018,0.315699,-0.112926,20.653000000000006
1772222280755168546,2026-02-27 14:58:00.755,-8.88509,3.66513,-49.1182,0.809474,0.318909,-0.114399,20.655
1772222280756368937,2026-02-27 14:58:00.756,-8.92942,3.69957,-48.5931,0.808158,0.322513,-0.116923,20.656000000000006
1772222280757545677,2026-02-27 14:58:00.757,-9.01299,3.89609,-47.8074,0.805602,0.322253,-0.115957,20.65700000000001
1772222280758679078,2026-02-27 14:58:00.758,-8.53269,3.9104,-45.8917,0.78831,0.310593,-0.103181,20.658
1772222280759858192,2026-02-27 14:58:00.759,-8.33883,3.74117,-47.315,0.824625,0.347972,-0.118918,20.659000000000006
1772222280761060387,2026-02-27 14:58:00.761,-8.81063,4.10975,-46.856,0.829439,0.348698,-0.140745,20.661
1772222280762259794,2026-02-27 14:58:00.762,-9.0735,4.15912,-47.9216,0.838882,0.344807,-0.137055,20.662000000000006
1772222280763478873,2026-02-27 14:58:00.763,-9.16512,4.14478,-48.5829,0.8415,0.34719,-0.138851,20.66300000000001
1772222280764660936,2026-02-27 14:58:00.764,-9.34039,4.12656,-49.7378,0.851596,0.354257,-0.133311,20.664
1772222280765873952,2026-02-27 14:58:00.765,-9.64724,4.00671,-50.7824,0.859614,0.368297,-0.132538,20.665000000000006
1772222280767071404,2026-02-27 14:58:00.767,-9.8867,3.93716,-51.161,0.862344,0.375845,-0.134199,20.667
1772222280768268865,2026-02-27 14:58:00.768,-9.93379,3.92389,-51.4851,0.863461,0.381552,-0.13442,20.668000000000006
1772222280769480697,2026-02-27 14:58:00.769,-10.0307,3.89827,-52.7429,0.864463,0.385628,-0.125928,20.66900000000001
1772222280770614874,2026-02-27 14:58:00.770,-10.0729,3.80203,-53.4024,0.865952,0.389854,-0.127847,20.67
1772222280771770401,2026-02-27 14:58:00.771,-10.1988,3.83595,-53.1851,0.870665,0.392957,-0.133138,20.671000000000006
1772222280772947488,2026-02-27 14:58:00.772,-10.1097,3.80562,-53.0856,0.868352,0.388663,-0.135911,20.67200000000001
1772222280774148504,2026-02-27 14:58:00.774,-10.1272,3.82079,-53.2854,0.864178,0.385697,-0.136901,20.674000000000007
1772222280775347501,2026-02-27 14:58:00.775,-9.9984,3.80547,-53.3229,0.867434,0.379662,-0.133854,20.67500000000001
1772222280776545414,2026-02-27 14:58:00.776,-9.93263,3.74377,-53.469,0.868019,0.373523,-0.133261,20.676000000000002
1772222280777676500,2026-02-27 14:58:00.777,-9.65501,3.84254,-52.4211,0.867938,0.35156,-0.137588,20.677000000000007
1772222280778846898,2026-02-27 14:58:00.778,-9.42826,3.74629,-52.7336,0.866146,0.339876,-0.133106,20.67800000000001
1772222280780043336,2026-02-27 14:58:00.780,-9.25093,3.74854,-52.9131,0.86398,0.326209,-0.127379,20.680000000000007
1772222280781247824,2026-02-27 14:58:00.781,-8.95791,3.80413,-53.306,0.862935,0.310251,-0.119826,20.68100000000001
1772222280782447183,2026-02-27 14:58:00.782,-8.7575,3.77796,-53.3132,0.861294,0.294795,-0.11549,20.682000000000002
1772222280783601849,2026-02-27 14:58:00.783,-8.52363,3.67427,-53.4023,0.856625,0.284055,-0.114171,20.683000000000007
1772222280784737075,2026-02-27 14:58:00.784,-8.28377,3.74475,-53.9867,0.862823,0.267166,-0.114636,20.68400000000001
1772222280785867160,2026-02-27 14:58:00.785,-8.14391,3.70101,-55.3421,0.862316,0.258229,-0.103403,20.685000000000002
1772222280787064652,2026-02-27 14:58:00.787,-8.16475,3.59119,-54.9636,0.857357,0.249654,-0.105781,20.687000000000012
1772222280788266901,2026-02-27 14:58:00.788,-8.05248,3.50293,-55.1847,0.851297,0.243335,-0.103271,20.688000000000002
1772222280789482684,2026-02-27 14:58:00.789,-7.96278,3.47636,-54.7679,0.849675,0.235912,-0.104739,20.689000000000007
1772222280790614708,2026-02-27 14:58:00.790,-7.79439,3.33779,-54.9462,0.845352,0.229429,-0.10543,20.690000000000012
1772222280791766605,2026-02-27 14:58:00.791,-7.8039,3.3032,-55.1491,0.841799,0.223429,-0.105967,20.691000000000003
1772222280792964471,2026-02-27 14:58:00.792,-7.78247,3.22951,-55.4365,0.834122,0.220341,-0.106079,20.692000000000007
1772222280794161399,2026-02-27 14:58:00.794,-7.75129,3.19665,-54.6904,0.833505,0.215746,-0.114405,20.694000000000003
1772222280795357615,2026-02-27 14:58:00.795,-7.6848,3.07638,-55.1001,0.833352,0.215513,-0.11388,20.695000000000007
1772222280796558851,2026-02-27 14:58:00.796,-7.72613,3.03522,-55.4861,0.829706,0.215519,-0.114382,20.696000000000012
1772222280797691684,2026-02-27 14:58:00.797,-7.70146,2.92863,-57.1531,0.825745,0.215321,-0.108832,20.697000000000003
1772222280798860567,2026-02-27 14:58:00.798,-7.75234,2.84344,-57.4574,0.824712,0.215047,-0.109248,20.698000000000008
1772222280800060375,2026-02-27 14:58:00.800,-7.81058,2.71269,-57.7435,0.820432,0.214652,-0.109528,20.700000000000003
1772222280801258741,2026-02-27 14:58:00.801,-7.81289,2.66209,-58.0651,0.819399,0.216578,-0.110209,20.701000000000008
1772222280802475972,2026-02-27 14:58:00.802,-7.88505,2.61614,-58.738,0.820148,0.222092,-0.107,20.702000000000012
1772222280803607831,2026-02-27 14:58:00.803,-8.00297,2.55334,-59.659,0.815785,0.224059,-0.103751,20.703000000000003
1772222280804763916,2026-02-27 14:58:00.804,-8.25929,2.50154,-59.5314,0.813601,0.234894,-0.11146,20.704000000000008
1772222280805962719,2026-02-27 14:58:00.805,-8.37727,2.46036,-59.5037,0.812263,0.240896,-0.116003,20.705000000000013
1772222280807161112,2026-02-27 14:58:00.807,-8.47182,2.47135,-59.548,0.813884,0.247891,-0.118601,20.707000000000008
1772222280808359467,2026-02-27 14:58:00.808,-8.69129,2.42304,-59.7418,0.818768,0.255241,-0.120326,20.708000000000013
1772222280809557943,2026-02-27 14:58:00.809,-8.87347,2.48424,-59.9137,0.821554,0.263514,-0.122271,20.709000000000003
1772222280810689232,2026-02-27 14:58:00.810,-9.09982,2.58979,-59.1463,0.817757,0.277219,-0.134334,20.710000000000008
1772222280811861370,2026-02-27 14:58:00.811,-9.26998,2.64603,-59.7818,0.818108,0.286111,-0.130837,20.711000000000013
1772222280813060299,2026-02-27 14:58:00.813,-9.42496,2.64185,-59.9163,0.815289,0.293853,-0.132495,20.713000000000008
1772222280814257506,2026-02-27 14:58:00.814,-9.56781,2.56596,-60.6747,0.817018,0.302886,-0.1287,20.714
1772222280815479641,2026-02-27 14:58:00.815,-9.65279,2.61945,-61.0962,0.818876,0.31223,-0.129596,20.715000000000003
1772222280816610926,2026-02-27 14:58:00.816,-9.81121,2.60008,-61.4746,0.819807,0.321049,-0.131119,20.716000000000008
1772222280817746050,2026-02-27 14:58:00.817,-10.2178,2.57456,-62.0441,0.822657,0.342186,-0.134889,20.717
1772222280818877591,2026-02-27 14:58:00.818,-10.3996,2.5924,-63.3796,0.825473,0.350554,-0.127034,20.718000000000004
1772222280820078079,2026-02-27 14:58:00.820,-10.6499,2.62622,-63.638,0.827667,0.359111,-0.131583,20.72
1772222280821277592,2026-02-27 14:58:00.821,-10.7733,2.62044,-63.9396,0.831014,0.367428,-0.132163,20.721000000000004
1772222280822488767,2026-02-27 14:58:00.822,-10.9463,2.70953,-63.6892,0.833491,0.373705,-0.139609,20.72200000000001
1772222280823648098,2026-02-27 14:58:00.823,-11.2281,2.68271,-63.9796,0.835596,0.390268,-0.14538,20.723
1772222280824837976,2026-02-27 14:58:00.824,-11.4529,2.71519,-64.2325,0.839744,0.401272,-0.147373,20.724000000000004
1772222280826041602,2026-02-27 14:58:00.826,-11.6733,2.69352,-64.5173,0.843219,0.413137,-0.150725,20.726
1772222280827343334,2026-02-27 14:58:00.827,-11.8306,2.70058,-64.2766,0.847788,0.423331,-0.159526,20.727000000000004
1772222280828563211,2026-02-27 14:58:00.828,-12.0784,2.79523,-64.0766,0.852453,0.433369,-0.165469,20.72800000000001
1772222280829696735,2026-02-27 14:58:00.829,-12.4183,2.8732,-65.1726,0.858528,0.45072,-0.163193,20.729
1772222280830890801,2026-02-27 14:58:00.830,-12.5835,2.94164,-65.8565,0.864184,0.460601,-0.161331,20.730000000000004
1772222280832091235,2026-02-27 14:58:00.832,-12.7592,3.05011,-66.0589,0.870564,0.468035,-0.164678,20.732
1772222280833292766,2026-02-27 14:58:00.833,-12.8679,3.0648,-66.2012,0.873777,0.478756,-0.164566,20.733000000000004
1772222280834510234,2026-02-27 14:58:00.834,-12.9912,3.14155,-66.4488,0.883245,0.487214,-0.166868,20.73400000000001
1772222280835644934,2026-02-27 14:58:00.835,-13.2455,3.25762,-67.8048,0.890596,0.502278,-0.161925,20.735
1772222280836838646,2026-02-27 14:58:00.836,-13.252,3.34748,-67.4157,0.896259,0.509351,-0.168052,20.736000000000004
1772222280838041920,2026-02-27 14:58:00.838,-13.4435,3.41819,-67.6002,0.901694,0.514945,-0.17118,20.738
1772222280839241456,2026-02-27 14:58:00.839,-13.5976,3.49566,-67.2284,0.906366,0.521951,-0.175123,20.739000000000004
1772222280840441060,2026-02-27 14:58:00.840,-13.6788,3.61797,-67.1019,0.912376,0.526768,-0.178731,20.74000000000001
1772222280841581724,2026-02-27 14:58:00.841,-13.76,3.70747,-67.1971,0.919387,0.532304,-0.179479,20.741
1772222280842717721,2026-02-27 14:58:00.842,-13.9104,3.81436,-67.1749,0.926484,0.541421,-0.182727,20.742000000000004
1772222280843890180,2026-02-27 14:58:00.843,-14.0703,3.87696,-66.1468,0.929616,0.546664,-0.193795,20.74300000000001
1772222280845089677,2026-02-27 14:58:00.845,-14.1334,3.95643,-66.3339,0.935574,0.552289,-0.192924,20.745000000000005
1772222280846291048,2026-02-27 14:58:00.846,-14.2278,4.00304,-66.3725,0.935782,0.558039,-0.193375,20.74600000000001
1772222280847499438,2026-02-27 14:58:00.847,-14.3862,4.07123,-66.8406,0.940801,0.565174,-0.190303,20.747
1772222280848634539,2026-02-27 14:58:00.848,-14.5132,4.13692,-67.0406,0.942978,0.571928,-0.187797,20.748000000000005
1772222280849786825,2026-02-27 14:58:00.849,-14.7056,4.32642,-66.8543,0.95096,0.586234,-0.191159,20.74900000000001
1772222280850982336,2026-02-27 14:58:00.850,-14.8274,4.37208,-66.7111,0.949566,0.591239,-0.19472,20.75
1772222280852181402,2026-02-27 14:58:00.852,-14.9298,4.46659,-67.1088,0.956438,0.603903,-0.186331,20.75200000000001
1772222280853380797,2026-02-27 14:58:00.853,-15.0554,4.51127,-67.3861,0.960101,0.613075,-0.184313,20.753
1772222280854562949,2026-02-27 14:58:00.854,-15.2276,4.61125,-67.1536,0.963604,0.623371,-0.188811,20.754000000000005
1772222280855697095,2026-02-27 14:58:00.855,-15.3629,4.65222,-66.6413,0.969109,0.635318,-0.195327,20.75500000000001
1772222280856850597,2026-02-27 14:58:00.856,-15.6991,4.76161,-66.0165,0.971958,0.657146,-0.203969,20.756
1772222280858056106,2026-02-27 14:58:00.858,-15.8565,4.83658,-66.1525,0.977805,0.668818,-0.204819,20.75800000000001
1772222280859255906,2026-02-27 14:58:00.859,-15.9806,4.85858,-66.1176,0.980782,0.679835,-0.206956,20.759
1772222280860471513,2026-02-27 14:58:00.860,-16.0691,4.83,-65.9494,0.979276,0.68774,-0.211036,20.760000000000005
1772222280861603458,2026-02-27 14:58:00.861,-16.3267,4.91171,-65.0161,0.98237,0.696812,-0.220226,20.76100000000001
1772222280862742278,2026-02-27 14:58:00.862,-16.3691,4.92568,-65.56,0.984274,0.705609,-0.217809,20.762
1772222280863876098,2026-02-27 14:58:00.863,-16.5378,4.95936,-66.3818,0.987373,0.718432,-0.213575,20.763000000000005
1772222280865079532,2026-02-27 14:58:00.865,-16.7234,4.9435,-66.614,0.989561,0.724715,-0.212586,20.765
1772222280866277521,2026-02-27 14:58:00.866,-16.8611,4.96476,-66.803,0.991484,0.731091,-0.215005,20.766000000000005
1772222280867487998,2026-02-27 14:58:00.867,-17.0458,4.95961,-66.9984,0.989909,0.740171,-0.216674,20.76700000000001
1772222280868621627,2026-02-27 14:58:00.868,-17.1364,4.93665,-67.2283,0.990941,0.746549,-0.218971,20.768
1772222280869785050,2026-02-27 14:58:00.869,-17.1909,4.96294,-68.4361,0.995004,0.754528,-0.211509,20.769000000000005
1772222280870960022,2026-02-27 14:58:00.870,-17.4761,4.89363,-68.4887,0.993896,0.767077,-0.216537,20.77000000000001
1772222280872158495,2026-02-27 14:58:00.872,-17.6437,4.91292,-68.1264,0.992651,0.773295,-0.222544,20.772000000000006
1772222280873330645,2026-02-27 14:58:00.873,-17.7063,4.80936,-68.0425,0.990627,0.77708,-0.226249,20.77300000000001
1772222280874546363,2026-02-27 14:58:00.874,-17.8276,4.82246,-68.1372,0.990241,0.782419,-0.227594,20.774
1772222280875679665,2026-02-27 14:58:00.875,-17.9097,4.76342,-68.4735,0.9936,0.787858,-0.229058,20.775000000000006
1772222280876856226,2026-02-27 14:58:00.876,-18.1326,4.71056,-68.1353,0.987603,0.796608,-0.238,20.77600000000001
1772222280878056595,2026-02-27 14:58:00.878,-18.216,4.71742,-68.0853,0.988554,0.801987,-0.239477,20.778000000000006
1772222280879257693,2026-02-27 14:58:00.879,-18.2805,4.65269,-68.4404,0.983085,0.804668,-0.238545,20.77900000000001
1772222280880473618,2026-02-27 14:58:00.880,-18.4061,4.59051,-69.0386,0.974226,0.808313,-0.235019,20.78
1772222280881574308,2026-02-27 14:58:00.881,-18.424,4.60089,-69.6588,0.974445,0.810654,-0.230462,20.781000000000006
1772222280882709824,2026-02-27 14:58:00.882,-18.4268,4.59874,-69.8466,0.972779,0.813623,-0.22979,20.78200000000001
1772222280883872691,2026-02-27 14:58:00.883,-18.5799,4.46393,-70.1532,0.963168,0.819439,-0.230448,20.783
1772222280885056022,2026-02-27 14:58:00.885,-18.6308,4.49127,-70.4963,0.963528,0.822387,-0.227853,20.78500000000001
1772222280886253910,2026-02-27 14:58:00.886,-18.731,4.3704,-71.607,0.957727,0.824011,-0.220503,20.786
1772222280887471166,2026-02-27 14:58:00.887,-18.7575,4.39607,-71.4251,0.957951,0.827282,-0.223408,20.787000000000006
1772222280888604533,2026-02-27 14:58:00.888,-18.8196,4.34565,-71.5572,0.956228,0.829636,-0.225253,20.78800000000001
1772222280889736248,2026-02-27 14:58:00.889,-18.8642,4.25011,-71.3982,0.951358,0.832031,-0.228107,20.789
1772222280890904497,2026-02-27 14:58:00.890,-18.8994,4.1671,-71.6036,0.945197,0.834851,-0.228203,20.790000000000006
1772222280892086675,2026-02-27 14:58:00.892,-18.9436,4.109,-71.7919,0.941128,0.835796,-0.227772,20.792
1772222280893287432,2026-02-27 14:58:00.893,-18.942,4.00953,-72.0012,0.935856,0.83542,-0.227193,20.793000000000006
1772222280894498281,2026-02-27 14:58:00.894,-18.9537,3.92888,-71.0882,0.929708,0.834264,-0.236451,20.79400000000001
1772222280895635183,2026-02-27 14:58:00.895,-19.0002,3.87479,-71.6136,0.927487,0.835231,-0.231037,20.795
1772222280896815520,2026-02-27 14:58:00.896,-19.0349,3.81518,-71.8523,0.918516,0.833757,-0.229425,20.796000000000006
1772222280898001183,2026-02-27 14:58:00.898,-18.982,3.64594,-73.0648,0.913498,0.830925,-0.218532,20.798000000000002
1772222280899201599,2026-02-27 14:58:00.899,-18.982,3.51626,-73.257,0.90768,0.829181,-0.217523,20.799000000000007
1772222280900400460,2026-02-27 14:58:00.900,-18.9291,3.42452,-73.4496,0.903492,0.825917,-0.216253,20.80000000000001
1772222280901567805,2026-02-27 14:58:00.901,-18.8689,3.32802,-73.5251,0.895396,0.822688,-0.214367,20.801000000000002
1772222280902699485,2026-02-27 14:58:00.902,-18.7473,3.26511,-74.4895,0.89159,0.821187,-0.20374,20.802000000000007
1772222280903852137,2026-02-27 14:58:00.903,-18.4305,3.12822,-74.8134,0.884821,0.823325,-0.197086,20.80300000000001
1772222280905035566,2026-02-27 14:58:00.905,-17.5334,2.78003,-74.2819,0.883074,0.860781,-0.174596,20.805000000000007
1772222280906237444,2026-02-27 14:58:00.906,-17.147,2.60306,-73.9134,0.882491,0.882617,-0.166719,20.80600000000001
1772222280907437333,2026-02-27 14:58:00.907,-16.8496,2.44061,-73.8836,0.886998,0.897344,-0.160252,20.807000000000002
1772222280908568098,2026-02-27 14:58:00.908,-16.5749,2.27848,-73.8748,0.888533,0.898308,-0.157485,20.808000000000007
1772222280909715307,2026-02-27 14:58:00.909,-16.3323,2.07124,-74.0681,0.896819,0.909636,-0.151218,20.80900000000001
1772222280910880828,2026-02-27 14:58:00.910,-16.2651,1.9638,-74.024,0.900178,0.920769,-0.154163,20.810000000000002
1772222280912064455,2026-02-27 14:58:00.912,-16.0722,1.8267,-74.3312,0.911258,0.936913,-0.155381,20.812000000000012
1772222280913263593,2026-02-27 14:58:00.913,-15.8836,1.63153,-74.8505,0.916957,0.950302,-0.152545,20.813000000000002
1772222280914477163,2026-02-27 14:58:00.914,-15.7008,1.52966,-75.5795,0.924526,0.960021,-0.148822,20.814000000000007
1772222280915610006,2026-02-27 14:58:00.915,-15.6568,1.4867,-76.0151,0.935013,0.97225,-0.149715,20.815000000000012
1772222280916742730,2026-02-27 14:58:00.916,-15.5184,1.3427,-76.3159,0.940757,0.980867,-0.15261,20.816000000000003
1772222280917908310,2026-02-27 14:58:00.917,-15.488,1.31238,-76.56,0.947774,0.989256,-0.155106,20.817000000000007
1772222280919092723,2026-02-27 14:58:00.919,-15.5132,1.23128,-78.0817,0.963833,1.00211,-0.151773,20.819000000000003
1772222280920294294,2026-02-27 14:58:00.920,-15.5107,1.20122,-77.8416,0.972576,1.00809,-0.159895,20.820000000000007
1772222280921508341,2026-02-27 14:58:00.921,-15.5284,1.26386,-77.9958,0.981497,1.01729,-0.163731,20.821000000000012
1772222280922643976,2026-02-27 14:58:00.922,-15.5827,1.29198,-77.7822,0.992513,1.02909,-0.170774,20.822000000000003
1772222280923833109,2026-02-27 14:58:00.923,-15.6204,1.25877,-77.4438,0.995656,1.04183,-0.175408,20.823000000000008
1772222280925011017,2026-02-27 14:58:00.925,-15.6353,1.33671,-77.4559,1.01356,1.07246,-0.17801,20.825000000000003
1772222280926207050,2026-02-27 14:58:00.926,-15.6712,1.35367,-77.5032,1.01858,1.08585,-0.179596,20.826000000000008
1772222280927406923,2026-02-27 14:58:00.927,-15.7197,1.33985,-76.4933,1.02166,1.09881,-0.187265,20.827000000000012
1772222280928559822,2026-02-27 14:58:00.928,-15.811,1.3722,-76.468,1.02442,1.11249,-0.187755,20.828000000000003
1772222280929692227,2026-02-27 14:58:00.929,-15.7307,1.51836,-76.5127,1.03144,1.11655,-0.189582,20.829000000000008
1772222280930870545,2026-02-27 14:58:00.930,-15.8398,1.51494,-76.9114,1.03637,1.12993,-0.184285,20.830000000000013
1772222280932046409,2026-02-27 14:58:00.932,-15.9433,1.63037,-77.192,1.04217,1.15032,-0.178093,20.832000000000008
1772222280933238527,2026-02-27 14:58:00.933,-15.9014,1.71433,-77.119,1.0451,1.15563,-0.17634,20.833000000000013
1772222280934436443,2026-02-27 14:58:00.934,-16.0267,1.77274,-77.0557,1.05183,1.16603,-0.173226,20.834000000000003
1772222280935567074,2026-02-27 14:58:00.935,-16.2067,1.86343,-77.4223,1.04885,1.17761,-0.167317,20.835000000000008
1772222280936698200,2026-02-27 14:58:00.936,-16.164,1.94031,-78.223,1.0603,1.19065,-0.158939,20.836000000000013
1772222280937878664,2026-02-27 14:58:00.937,-16.3458,1.9611,-77.8572,1.05964,1.20234,-0.159024,20.837000000000003
1772222280939053840,2026-02-27 14:58:00.939,-16.4736,2.02195,-77.041,1.06175,1.21989,-0.162104,20.839
1772222280940354251,2026-02-27 14:58:00.940,-16.5035,2.01132,-76.8522,1.0643,1.2269,-0.162681,20.840000000000003
1772222280941562679,2026-02-27 14:58:00.941,-16.5059,2.00724,-76.7575,1.0659,1.2305,-0.161368,20.841000000000008
1772222280942697811,2026-02-27 14:58:00.942,-16.6165,2.05531,-76.6772,1.06803,1.23054,-0.161404,20.842
1772222280943913404,2026-02-27 14:58:00.943,-16.7104,2.01382,-76.0359,1.06863,1.21589,-0.163565,20.843000000000004
1772222280945099877,2026-02-27 14:58:00.945,-16.729,2.44702,-72.0603,1.03906,1.09535,-0.156525,20.845
1772222280946292656,2026-02-27 14:58:00.946,-16.275,3.12323,-69.1764,0.966135,0.967238,-0.120475,20.846000000000004
1772222280947503915,2026-02-27 14:58:00.947,-16.5081,5.77953,-54.9978,0.739545,0.517213,-0.042449,20.84700000000001
1772222280948641780,2026-02-27 14:58:00.948,-8.20564,5.87188,-37.538,0.417835,0.177925,0.138746,20.848
1772222280949833545,2026-02-27 14:58:00.949,-3.50192,6.28467,-28.9205,0.369928,-0.034934,0.210714,20.849000000000004
1772222280951011809,2026-02-27 14:58:00.951,0.531778,5.82551,-18.6255,0.286754,-0.107003,0.190319,20.851
1772222280952199975,2026-02-27 14:58:00.952,6.53042,5.96336,-13.0522,0.25224,-0.239224,0.140892,20.852000000000004
1772222280953395224,2026-02-27 14:58:00.953,9.41885,4.93123,-14.7189,0.307341,-0.350923,0.145711,20.85300000000001
1772222280954569529,2026-02-27 14:58:00.954,10.7418,5.55874,-11.808,0.282871,-0.348506,0.107696,20.854
1772222280955718897,2026-02-27 14:58:00.955,12.3832,5.06735,-12.0665,0.331131,-0.425704,0.112145,20.855000000000004
1772222280956880290,2026-02-27 14:58:00.956,12.9979,5.44181,-10.2046,0.312251,-0.42681,0.086375,20.85600000000001
1772222280958058012,2026-02-27 14:58:00.958,13.8809,4.78312,-10.9934,0.34937,-0.440417,0.089902,20.858000000000004
1772222280959242782,2026-02-27 14:58:00.959,13.9769,4.39468,-10.5095,0.340745,-0.4496,0.109295,20.85900000000001
1772222280960444290,2026-02-27 14:58:00.960,14.0196,3.76164,-10.2056,0.321145,-0.462286,0.133647,20.86
1772222280961569459,2026-02-27 14:58:00.961,13.7824,3.23597,-9.55424,0.291428,-0.451228,0.150794,20.861000000000004
1772222280962699805,2026-02-27 14:58:00.962,14.1072,1.50129,-12.5798,0.346504,-0.505248,0.234108,20.86200000000001
1772222280963853449,2026-02-27 14:58:00.963,13.3137,2.09583,-11.0936,0.21793,-0.457641,0.222902,20.863
1772222280965018700,2026-02-27 14:58:00.965,13.5385,-0.366912,-15.3095,0.253137,-0.477239,0.288269,20.86500000000001
1772222280966225114,2026-02-27 14:58:00.966,14.2496,-2.6356,-22.1433,0.384008,-0.515148,0.310726,20.866
1772222280967395419,2026-02-27 14:58:00.967,13.8106,-1.82673,-23.2179,0.351032,-0.483663,0.304325,20.867000000000004
1772222280968568511,2026-02-27 14:58:00.968,13.7468,-2.79298,-26.2566,0.451099,-0.486019,0.335473,20.86800000000001
1772222280969699451,2026-02-27 14:58:00.969,13.6832,-2.2197,-28.7291,0.467582,-0.519279,0.367769,20.869
1772222280970895981,2026-02-27 14:58:00.970,14.1208,-1.96253,-28.1372,0.457589,-0.529119,0.377535,20.870000000000005
1772222280972098977,2026-02-27 14:58:00.972,15.6319,-1.63805,-26.3393,0.414584,-0.555285,0.374983,20.872
1772222280973264188,2026-02-27 14:58:00.973,16.2636,-1.41157,-24.933,0.389344,-0.599461,0.38676,20.873000000000005
1772222280974415097,2026-02-27 14:58:00.974,16.8226,-0.692425,-22.6845,0.329381,-0.607871,0.377333,20.87400000000001
1772222280975559448,2026-02-27 14:58:00.975,17.5692,-0.804883,-22.4875,0.354291,-0.624188,0.381564,20.875
1772222280976691915,2026-02-27 14:58:00.976,18.052,-0.39874,-22.3479,0.358106,-0.610291,0.368218,20.876000000000005
1772222280977872902,2026-02-27 14:58:00.977,18.3719,-0.072256,-21.4215,0.364112,-0.625649,0.348575,20.87700000000001
1772222280979060359,2026-02-27 14:58:00.979,18.68,0.782598,-21.8981,0.407891,-0.61676,0.340631,20.879000000000005
1772222280980243652,2026-02-27 14:58:00.980,18.4978,1.15815,-21.6291,0.411794,-0.617851,0.345886,20.88000000000001
1772222280981420785,2026-02-27 14:58:00.981,18.5446,1.60441,-20.9302,0.402664,-0.624596,0.347466,20.881
1772222280982562227,2026-02-27 14:58:00.982,18.6615,1.72683,-20.4719,0.403462,-0.631671,0.342929,20.882000000000005
1772222280983697417,2026-02-27 14:58:00.983,19.0147,1.34356,-22.105,0.425386,-0.612626,0.330472,20.88300000000001
1772222280984897359,2026-02-27 14:58:00.984,18.6995,1.88751,-21.7207,0.388821,-0.614253,0.305643,20.884
1772222280986078022,2026-02-27 14:58:00.986,18.2553,1.39057,-19.2898,0.317234,-0.638721,0.298782,20.88600000000001
1772222280987259933,2026-02-27 14:58:00.987,18.5648,0.195148,-22.3962,0.439475,-0.55249,0.304345,20.887
1772222280988439658,2026-02-27 14:58:00.988,18.0461,0.131844,-23.9407,0.463517,-0.55601,0.312855,20.888000000000005
1772222280989573614,2026-02-27 14:58:00.989,17.1139,0.754685,-21.9202,0.422992,-0.576515,0.322416,20.88900000000001
1772222280990705267,2026-02-27 14:58:00.990,16.8504,0.463368,-20.0671,0.396205,-0.572637,0.323663,20.89
1772222280991885487,2026-02-27 14:58:00.991,16.4681,0.195203,-19.8416,0.430706,-0.5335,0.322288,20.891000000000005
1772222280993056787,2026-02-27 14:58:00.993,16.1033,0.332464,-18.4137,0.371897,-0.512653,0.308785,20.893
1772222280994233315,2026-02-27 14:58:00.994,15.26,-0.186596,-17.655,0.384126,-0.466786,0.272874,20.894000000000005
1772222280995410214,2026-02-27 14:58:00.995,14.5496,-0.14171,-17.2026,0.356371,-0.455461,0.26255,20.89500000000001
1772222280996552867,2026-02-27 14:58:00.996,14.069,-0.211406,-16.2777,0.330823,-0.447652,0.252392,20.896
1772222280997683462,2026-02-27 14:58:00.997,13.6734,-0.377212,-15.8265,0.308546,-0.429508,0.246911,20.897000000000006
1772222280998835472,2026-02-27 14:58:00.998,13.452,-0.649687,-15.4346,0.29483,-0.418793,0.241958,20.89800000000001
1772222281000014902,2026-02-27 14:58:01.000,13.1645,-0.795291,-14.5051,0.260887,-0.413612,0.234291,20.900000000000006
1772222281001187142,2026-02-27 14:58:01.001,12.6581,-1.63976,-14.6777,0.280012,-0.365003,0.221094,20.90100000000001
1772222281002364159,2026-02-27 14:58:01.002,12.0533,-1.3036,-15.9325,0.273332,-0.35893,0.230312,20.902
1772222281003540316,2026-02-27 14:58:01.003,11.4704,-1.08982,-14.6707,0.249733,-0.346573,0.215186,20.903000000000006
1772222281004675972,2026-02-27 14:58:01.004,11.053,-1.21593,-13.854,0.226195,-0.355847,0.218441,20.90400000000001
1772222281005849589,2026-02-27 14:58:01.005,10.8711,-1.21607,-12.171,0.200076,-0.346918,0.20854,20.905
1772222281007048901,2026-02-27 14:58:01.007,10.7355,-1.40971,-11.1373,0.184279,-0.336158,0.198978,20.90700000000001
1772222281008235317,2026-02-27 14:58:01.008,10.3223,-1.6694,-11.0335,0.172621,-0.306414,0.175585,20.908
1772222281009415527,2026-02-27 14:58:01.009,10.0648,-1.8824,-11.7085,0.17292,-0.287165,0.160011,20.909000000000006
1772222281010547847,2026-02-27 14:58:01.010,9.63143,-1.96376,-12.0229,0.173727,-0.267075,0.135407,20.91000000000001
1772222281011683644,2026-02-27 14:58:01.011,9.07375,-1.91863,-11.9476,0.169959,-0.248862,0.119207,20.911
1772222281012857691,2026-02-27 14:58:01.012,8.53422,-1.95095,-12.1058,0.160072,-0.229352,0.107377,20.912000000000006
1772222281014038278,2026-02-27 14:58:01.014,8.09804,-2.10393,-12.7577,0.150292,-0.211674,0.102869,20.914
1772222281015212253,2026-02-27 14:58:01.015,7.4521,-2.37108,-12.71,0.133904,-0.191595,0.105892,20.915000000000006
1772222281016393272,2026-02-27 14:58:01.016,7.06209,-2.4387,-12.2271,0.124529,-0.184064,0.105394,20.91600000000001
1772222281017541430,2026-02-27 14:58:01.017,6.81678,-2.53585,-11.7151,0.107989,-0.180116,0.106639,20.917
1772222281018671216,2026-02-27 14:58:01.018,6.64221,-2.51372,-11.2565,0.096661,-0.172988,0.104096,20.918000000000006
1772222281019849757,2026-02-27 14:58:01.019,6.48906,-2.6611,-11.9462,0.099887,-0.157138,0.106971,20.91900000000001
1772222281021030078,2026-02-27 14:58:01.021,6.09709,-2.66162,-11.5176,0.095,-0.150768,0.096126,20.921000000000006
1772222281022206196,2026-02-27 14:58:01.022,5.6977,-2.38918,-9.49573,0.072755,-0.150536,0.083478,20.92200000000001
1772222281023382155,2026-02-27 14:58:01.023,5.7277,-2.39025,-8.66075,0.064803,-0.152753,0.083147,20.923000000000002
1772222281024559633,2026-02-27 14:58:01.024,5.68775,-2.32638,-8.07284,0.049672,-0.159302,0.082455,20.924000000000007
1772222281025692314,2026-02-27 14:58:01.025,5.76171,-2.30287,-7.55518,0.040345,-0.161913,0.077642,20.92500000000001
1772222281026888960,2026-02-27 14:58:01.026,5.71159,-2.39653,-7.77988,0.042615,-0.158095,0.071506,20.926000000000002
1772222281028089520,2026-02-27 14:58:01.028,5.59933,-2.39148,-6.85924,0.045466,-0.155961,0.055021,20.92800000000001
1772222281029273206,2026-02-27 14:58:01.029,5.28873,-2.24427,-7.1715,0.043702,-0.153951,0.055039,20.929000000000002
1772222281030447136,2026-02-27 14:58:01.030,5.33736,-2.21644,-7.75218,0.044122,-0.155915,0.059871,20.930000000000007
1772222281031601632,2026-02-27 14:58:01.031,5.41582,-2.25364,-7.99765,0.040631,-0.160631,0.063085,20.93100000000001
1772222281032775183,2026-02-27 14:58:01.032,5.43691,-2.23938,-7.99913,0.040403,-0.167088,0.063172,20.932000000000002
1772222281033972355,2026-02-27 14:58:01.033,5.54885,-2.24363,-7.86859,0.031365,-0.185708,0.064335,20.933000000000007
1772222281035169879,2026-02-27 14:58:01.035,5.67053,-2.24126,-7.69613,0.025278,-0.212348,0.065274,20.935000000000002
1772222281036354353,2026-02-27 14:58:01.036,6.11269,-2.34317,-8.14863,0.005845,-0.279584,0.076848,20.936000000000007
1772222281037540982,2026-02-27 14:58:01.037,6.55831,-2.29254,-7.70434,0.001902,-0.310516,0.077674,20.937000000000012
1772222281038670521,2026-02-27 14:58:01.038,6.98288,-2.26629,-6.8619,-0.001824,-0.340436,0.076785,20.938000000000002
1772222281039829178,2026-02-27 14:58:01.039,7.50071,-2.21442,-6.11587,-0.005922,-0.367895,0.078535,20.939000000000007
1772222281041029274,2026-02-27 14:58:01.041,7.96205,-2.1645,-5.56956,-0.009201,-0.393213,0.082755,20.941000000000003
1772222281042221641,2026-02-27 14:58:01.042,8.40819,-2.04252,-5.24187,-0.009462,-0.415286,0.08948,20.942000000000007
1772222281043407157,2026-02-27 14:58:01.043,9.32859,-1.90348,-4.30423,-0.009926,-0.457163,0.100417,20.943000000000012
1772222281044547850,2026-02-27 14:58:01.044,9.74677,-1.78686,-3.26393,-0.008441,-0.478619,0.100954,20.944000000000003
1772222281045678028,2026-02-27 14:58:01.045,10.1552,-1.75811,-3.45372,-0.008241,-0.499356,0.112054,20.945000000000007
1772222281046852145,2026-02-27 14:58:01.046,10.4925,-1.65981,-3.61576,-0.006981,-0.516813,0.121938,20.946000000000012
1772222281048053848,2026-02-27 14:58:01.048,10.948,-1.60847,-4.12095,-0.005326,-0.5367,0.134789,20.948000000000008
1772222281049240736,2026-02-27 14:58:01.049,11.3033,-1.5227,-4.24453,-0.005092,-0.55294,0.145065,20.949000000000012
1772222281050428267,2026-02-27 14:58:01.050,11.9985,-1.32516,-4.55528,-0.008659,-0.586103,0.162541,20.950000000000003
1772222281051678899,2026-02-27 14:58:01.051,12.4343,-1.25728,-4.73316,-0.003222,-0.599643,0.172373,20.951000000000008
1772222281052854887,2026-02-27 14:58:01.052,12.7875,-1.15252,-6.24811,0.003,-0.611779,0.190288,20.952000000000012
1772222281054058951,2026-02-27 14:58:01.054,13.1034,-1.08636,-6.29157,0.005433,-0.623046,0.194611,20.954000000000008
1772222281055248595,2026-02-27 14:58:01.055,13.378,-0.99587,-6.7592,0.015661,-0.6326,0.201866,20.955000000000013
1772222281056425121,2026-02-27 14:58:01.056,13.8482,-0.864076,-7.25414,0.034577,-0.646248,0.207978,20.956000000000003
1772222281057558655,2026-02-27 14:58:01.057,14.0646,-0.762145,-7.90631,0.049048,-0.651814,0.212422,20.957000000000008
1772222281058698622,2026-02-27 14:58:01.058,14.31,-0.647442,-8.65261,0.066257,-0.654948,0.215972,20.958000000000013
1772222281059894335,2026-02-27 14:58:01.059,14.4289,-0.590151,-9.41324,0.08062,-0.659286,0.218018,20.959000000000003
1772222281061096984,2026-02-27 14:58:01.061,14.5322,-0.465503,-9.44376,0.099568,-0.661339,0.211389,20.961000000000013
1772222281062283488,2026-02-27 14:58:01.062,14.6388,-0.356189,-10.1928,0.115286,-0.662668,0.211752,20.962000000000003
1772222281063476216,2026-02-27 14:58:01.063,14.771,-0.220819,-12.5835,0.150399,-0.664084,0.215034,20.963000000000008
1772222281064609692,2026-02-27 14:58:01.064,14.8468,-0.139975,-13.9726,0.170945,-0.665669,0.216859,20.964
1772222281065785526,2026-02-27 14:58:01.065,14.8758,-0.071492,-14.9095,0.191473,-0.664695,0.214856,20.965000000000003
1772222281066987304,2026-02-27 14:58:01.066,14.8624,0.023646,-15.8683,0.210813,-0.664869,0.212873,20.966000000000008
1772222281068186169,2026-02-27 14:58:01.068,14.9129,0.113544,-16.9391,0.230219,-0.664351,0.209498,20.968000000000004
1772222281069374944,2026-02-27 14:58:01.069,14.8419,0.282118,-19.9513,0.270351,-0.661993,0.214115,20.96900000000001
1772222281070538198,2026-02-27 14:58:01.070,14.7939,0.374734,-20.7207,0.287453,-0.659391,0.207894,20.97
1772222281071675651,2026-02-27 14:58:01.071,14.7757,0.433838,-21.3966,0.308579,-0.656993,0.203272,20.971000000000004
1772222281072890569,2026-02-27 14:58:01.072,14.6755,0.588127,-22.0824,0.328973,-0.653058,0.196783,20.97200000000001
1772222281074089079,2026-02-27 14:58:01.074,14.5736,0.760932,-22.82,0.349784,-0.649276,0.191996,20.974000000000004
1772222281075287133,2026-02-27 14:58:01.075,14.4859,0.808404,-23.8591,0.367079,-0.644121,0.189648,20.97500000000001
1772222281076486596,2026-02-27 14:58:01.076,14.2547,0.973223,-25.8267,0.404363,-0.636646,0.183474,20.976
1772222281077623851,2026-02-27 14:58:01.077,14.0102,1.10217,-25.6758,0.420717,-0.629408,0.169905,20.977000000000004
1772222281078773250,2026-02-27 14:58:01.078,13.8909,1.20321,-26.9594,0.439875,-0.624144,0.170711,20.97800000000001
1772222281079970681,2026-02-27 14:58:01.079,13.6908,1.23122,-27.7875,0.454003,-0.618335,0.166748,20.979
1772222281081168782,2026-02-27 14:58:01.081,13.6225,1.38362,-29.1931,0.472606,-0.611599,0.167666,20.98100000000001
1772222281082354999,2026-02-27 14:58:01.082,13.4094,1.38709,-30.1921,0.486826,-0.605906,0.164888,20.982
1772222281083540074,2026-02-27 14:58:01.083,12.9955,1.51457,-31.5523,0.513685,-0.593307,0.155207,20.983000000000004
1772222281084671866,2026-02-27 14:58:01.084,12.7686,1.58533,-32.2487,0.522612,-0.584227,0.149489,20.98400000000001
1772222281085869422,2026-02-27 14:58:01.085,12.6831,1.61257,-33.7535,0.537036,-0.575513,0.152953,20.985
1772222281087068341,2026-02-27 14:58:01.087,12.3952,1.68828,-34.3924,0.550767,-0.567853,0.147854,20.98700000000001
1772222281088269075,2026-02-27 14:58:01.088,12.1954,1.73521,-35.0374,0.563142,-0.564681,0.140587,20.988
1772222281089476381,2026-02-27 14:58:01.089,11.8288,1.76959,-35.3012,0.58581,-0.557223,0.12181,20.989000000000004
1772222281090614286,2026-02-27 14:58:01.090,11.6481,1.8363,-35.743,0.595464,-0.553148,0.114585,20.99000000000001
1772222281091816060,2026-02-27 14:58:01.091,11.452,1.8461,-36.1759,0.604355,-0.549223,0.109038,20.991
1772222281093017644,2026-02-27 14:58:01.093,11.2359,1.88567,-36.7063,0.616007,-0.545938,0.102891,20.99300000000001
1772222281094216393,2026-02-27 14:58:01.094,11.0444,1.89321,-36.6856,0.619817,-0.544274,0.093032,20.994
1772222281095391934,2026-02-27 14:58:01.095,10.8063,1.97923,-36.6231,0.629619,-0.543281,0.083188,20.995000000000005
1772222281096541840,2026-02-27 14:58:01.096,10.4471,1.91362,-38.0183,0.637565,-0.544662,0.077649,20.99600000000001
1772222281097689049,2026-02-27 14:58:01.097,10.2712,1.88688,-38.7871,0.643176,-0.544829,0.076576,20.997
1772222281098865002,2026-02-27 14:58:01.098,10.0525,1.95453,-39.0826,0.644299,-0.548696,0.071103,20.998000000000005
1772222281100065104,2026-02-27 14:58:01.100,9.91885,1.92783,-39.2434,0.642935,-0.55635,0.06689,21.0
1772222281101263159,2026-02-27 14:58:01.101,9.76315,1.95771,-39.4673,0.64161,-0.559714,0.06305,21.001000000000005
1772222281102448461,2026-02-27 14:58:01.102,9.47753,1.93024,-40.9574,0.637755,-0.569462,0.065218,21.00200000000001
1772222281103602693,2026-02-27 14:58:01.103,9.30972,1.95094,-40.8697,0.639043,-0.574409,0.057358,21.003
1772222281104777059,2026-02-27 14:58:01.104,9.08334,1.96366,-40.9641,0.63195,-0.583089,0.05486,21.004000000000005
1772222281105980058,2026-02-27 14:58:01.105,8.99898,2.06478,-40.5617,0.627786,-0.586286,0.048738,21.00500000000001
1772222281107166425,2026-02-27 14:58:01.107,8.76087,2.01282,-40.6657,0.621562,-0.59194,0.044684,21.007000000000005
1772222281108368216,2026-02-27 14:58:01.108,8.50988,2.01282,-40.7048,0.615296,-0.604522,0.04294,21.00800000000001
1772222281109529437,2026-02-27 14:58:01.109,8.21154,1.99559,-41.0186,0.599359,-0.619737,0.041967,21.009
1772222281110658635,2026-02-27 14:58:01.110,8.02158,2.03282,-40.0,0.588556,-0.630039,0.031051,21.010000000000005
1772222281111832076,2026-02-27 14:58:01.111,7.88829,2.00269,-40.1752,0.581266,-0.634837,0.032001,21.01100000000001
1772222281113027575,2026-02-27 14:58:01.113,7.72741,2.02591,-40.3525,0.572016,-0.642171,0.032992,21.013000000000005
1772222281114227378,2026-02-27 14:58:01.114,7.54275,1.98187,-41.0132,0.557943,-0.649428,0.03594,21.01400000000001
1772222281115408022,2026-02-27 14:58:01.115,7.44517,1.95169,-41.4203,0.548695,-0.656316,0.038014,21.015
1772222281116548085,2026-02-27 14:58:01.116,7.16643,1.91451,-41.6442,0.526824,-0.666172,0.038786,21.016000000000005
1772222281117685346,2026-02-27 14:58:01.117,7.11983,1.82547,-41.6879,0.516396,-0.666442,0.038525,21.01700000000001
1772222281118877532,2026-02-27 14:58:01.118,6.99002,1.69645,-42.2888,0.504152,-0.66105,0.042346,21.018
1772222281120075253,2026-02-27 14:58:01.120,6.85169,1.63803,-42.9404,0.496616,-0.655035,0.044776,21.02000000000001
1772222281121271479,2026-02-27 14:58:01.121,6.699,1.53009,-42.8348,0.491863,-0.64669,0.04058,21.021
1772222281122444087,2026-02-27 14:58:01.122,6.57296,1.45772,-42.6815,0.487736,-0.639467,0.035376,21.022000000000006
1772222281123597792,2026-02-27 14:58:01.123,6.1588,1.36741,-42.4296,0.476362,-0.619818,0.026626,21.02300000000001
1772222281124768703,2026-02-27 14:58:01.124,6.05469,1.32721,-42.5212,0.472749,-0.608265,0.024869,21.024
1772222281125968577,2026-02-27 14:58:01.125,5.79068,1.26439,-42.6692,0.468748,-0.596722,0.021871,21.025000000000006
1772222281127164726,2026-02-27 14:58:01.127,5.60209,1.20594,-42.6749,0.463289,-0.584737,0.019087,21.027
1772222281128362892,2026-02-27 14:58:01.128,5.27873,1.20153,-41.7722,0.460867,-0.570753,0.007973,21.028000000000006
1772222281129540761,2026-02-27 14:58:01.129,4.91862,1.12185,-42.5677,0.456226,-0.542116,0.007598,21.02900000000001
1772222281130687316,2026-02-27 14:58:01.130,4.63784,1.11823,-43.1133,0.450218,-0.528511,0.009262,21.03
1772222281131907039,2026-02-27 14:58:01.131,4.43653,1.18325,-43.5224,0.453287,-0.514501,0.009468,21.031000000000006
1772222281133104113,2026-02-27 14:58:01.133,4.13397,1.15303,-43.5731,0.45402,-0.498549,0.007451,21.033
1772222281134302492,2026-02-27 14:58:01.134,3.91473,1.09374,-43.7044,0.450762,-0.484661,0.005273,21.034000000000006
1772222281135499865,2026-02-27 14:58:01.135,3.6793,1.10796,-43.8476,0.449634,-0.469253,0.001878,21.03500000000001
1772222281136645047,2026-02-27 14:58:01.136,3.49907,1.08372,-45.1229,0.453813,-0.455829,0.010122,21.036
1772222281137868901,2026-02-27 14:58:01.137,2.95217,1.07671,-45.3305,0.444708,-0.427405,0.003079,21.037000000000006
1772222281139068279,2026-02-27 14:58:01.139,2.78021,1.05424,-44.7868,0.452631,-0.414022,-0.001909,21.039
1772222281140252569,2026-02-27 14:58:01.140,2.50364,1.06219,-44.5958,0.452105,-0.401461,-0.006753,21.040000000000006
1772222281141472649,2026-02-27 14:58:01.141,2.32527,1.01287,-44.7597,0.450608,-0.388092,-0.009991,21.04100000000001
1772222281142642344,2026-02-27 14:58:01.142,2.10627,1.02062,-44.8713,0.452679,-0.374443,-0.011792,21.042
1772222281143861378,2026-02-27 14:58:01.143,1.63607,1.06677,-44.5828,0.451001,-0.346581,-0.022471,21.043000000000006
1772222281145057229,2026-02-27 14:58:01.145,1.4444,1.04054,-44.3269,0.451681,-0.333584,-0.027542,21.045
1772222281146258648,2026-02-27 14:58:01.146,1.14924,1.07811,-44.619,0.455076,-0.320112,-0.02679,21.046000000000006
1772222281147476031,2026-02-27 14:58:01.147,0.914152,1.06371,-45.3012,0.455867,-0.305689,-0.02553,21.04700000000001
1772222281148608393,2026-02-27 14:58:01.148,0.494789,1.08858,-46.0009,0.460611,-0.278843,-0.024683,21.048000000000002
1772222281149780658,2026-02-27 14:58:01.149,0.245213,1.08053,-46.187,0.464155,-0.264839,-0.02756,21.049000000000007
1772222281150968462,2026-02-27 14:58:01.150,0.0553,1.08796,-46.3181,0.46659,-0.251218,-0.029381,21.05000000000001
1772222281152168159,2026-02-27 14:58:01.152,-0.147814,1.20348,-46.557,0.469397,-0.237514,-0.030334,21.052000000000007
1772222281153365976,2026-02-27 14:58:01.153,-0.324359,1.17558,-47.7388,0.472302,-0.223717,-0.023997,21.05300000000001
1772222281154542733,2026-02-27 14:58:01.154,-0.533568,1.17865,-47.5363,0.474133,-0.212299,-0.030305,21.054000000000002
1772222281155674993,2026-02-27 14:58:01.155,-1.02012,1.19074,-47.3172,0.476691,-0.187938,-0.039609,21.055000000000007
1772222281156833887,2026-02-27 14:58:01.156,-1.18081,1.26313,-47.3949,0.485493,-0.173847,-0.042964,21.05600000000001
1772222281158038205,2026-02-27 14:58:01.158,-1.40292,1.2615,-47.5657,0.487474,-0.163636,-0.045179,21.058000000000007
1772222281159240885,2026-02-27 14:58:01.159,-1.57871,1.26377,-47.7607,0.489545,-0.151834,-0.0466,21.05900000000001
1772222281160438843,2026-02-27 14:58:01.160,-1.80725,1.26445,-47.897,0.488285,-0.140715,-0.048019,21.060000000000002
1772222281161592576,2026-02-27 14:58:01.161,-1.9485,1.33908,-47.0751,0.490592,-0.128821,-0.061671,21.061000000000007
1772222281162765841,2026-02-27 14:58:01.162,-2.40425,1.4059,-47.8017,0.497532,-0.104776,-0.063057,21.062000000000012
1772222281164063135,2026-02-27 14:58:01.164,-2.5714,1.42746,-48.5008,0.496984,-0.095927,-0.059207,21.064000000000007
1772222281165262611,2026-02-27 14:58:01.165,-2.74707,1.46527,-48.9533,0.500202,-0.08464,-0.058583,21.065000000000012
1772222281166474071,2026-02-27 14:58:01.166,-2.9298,1.48668,-49.2028,0.506298,-0.071713,-0.060806,21.066000000000003
1772222281167606950,2026-02-27 14:58:01.167,-3.1583,1.50389,-49.3378,0.505155,-0.060572,-0.062426,21.067000000000007
1772222281168755418,2026-02-27 14:58:01.168,-3.46713,1.57191,-50.4065,0.513521,-0.037967,-0.060829,21.068000000000012
1772222281169923860,2026-02-27 14:58:01.169,-3.68299,1.61831,-50.8217,0.514137,-0.02784,-0.05998,21.069000000000003
1772222281171098691,2026-02-27 14:58:01.171,-3.8809,1.71557,-50.9003,0.513638,-0.016052,-0.063888,21.071000000000012
1772222281172267354,2026-02-27 14:58:01.172,-4.03612,1.75514,-50.5213,0.520673,-0.005714,-0.068703,21.072000000000003
1772222281173449453,2026-02-27 14:58:01.173,-4.25387,1.83063,-50.2327,0.524266,0.00544,-0.072528,21.073000000000008
1772222281174598349,2026-02-27 14:58:01.174,-4.64908,1.92848,-50.3977,0.531614,0.027855,-0.075511,21.074000000000012
1772222281175727637,2026-02-27 14:58:01.175,-4.85083,1.96413,-50.4512,0.536162,0.038466,-0.076751,21.075000000000003
1772222281176857516,2026-02-27 14:58:01.176,-5.04832,1.97687,-50.3672,0.539648,0.050746,-0.080327,21.076000000000008
1772222281178025780,2026-02-27 14:58:01.178,-5.21233,2.11576,-49.6771,0.544876,0.063233,-0.089252,21.078000000000003
1772222281179158523,2026-02-27 14:58:01.179,-5.44359,2.16721,-50.2631,0.548395,0.076685,-0.086979,21.079000000000008
1772222281180326956,2026-02-27 14:58:01.180,-5.61084,2.28453,-50.4563,0.551224,0.086673,-0.085521,21.080000000000013
1772222281181552498,2026-02-27 14:58:01.181,-6.03414,2.36477,-51.2501,0.556944,0.112088,-0.08273,21.081000000000003
1772222281182679676,2026-02-27 14:58:01.182,-6.21312,2.41492,-51.3793,0.561318,0.126219,-0.084714,21.082000000000008
1772222281183828470,2026-02-27 14:58:01.183,-6.46865,2.4623,-51.5605,0.560333,0.139143,-0.085497,21.083000000000013
1772222281184997880,2026-02-27 14:58:01.184,-6.74041,2.48574,-51.8188,0.560779,0.152308,-0.08694,21.084000000000003
1772222281186166161,2026-02-27 14:58:01.186,-6.89451,2.47861,-53.0309,0.566104,0.166104,-0.078862,21.086000000000013
1772222281187336708,2026-02-27 14:58:01.187,-7.07534,2.57834,-52.9367,0.57057,0.1801,-0.083894,21.087000000000003
1772222281188525175,2026-02-27 14:58:01.188,-7.37222,2.58153,-53.205,0.569525,0.194611,-0.083896,21.088000000000008
1772222281189654782,2026-02-27 14:58:01.189,-7.94237,2.64916,-52.7617,0.571758,0.225021,-0.093309,21.089
1772222281190798593,2026-02-27 14:58:01.190,-8.19877,2.67693,-52.9148,0.572289,0.239983,-0.095154,21.090000000000003
1772222281191968242,2026-02-27 14:58:01.191,-8.48619,2.67213,-53.1275,0.574168,0.255663,-0.097227,21.091000000000008
1772222281193136540,2026-02-27 14:58:01.193,-8.71132,2.7476,-53.3652,0.575056,0.271244,-0.098471,21.093000000000004
1772222281194333063,2026-02-27 14:58:01.194,-9.03424,2.79156,-52.7664,0.57516,0.287387,-0.106502,21.09400000000001
1772222281195535571,2026-02-27 14:58:01.195,-9.38913,2.83949,-52.743,0.573439,0.304865,-0.107625,21.095
1772222281196666890,2026-02-27 14:58:01.196,-9.8523,2.89834,-54.1194,0.581515,0.338991,-0.105866,21.096000000000004
1772222281197862504,2026-02-27 14:58:01.197,-10.112,2.94427,-54.7965,0.58137,0.356406,-0.102271,21.09700000000001
1772222281199063808,2026-02-27 14:58:01.199,-10.4606,3.00551,-55.199,0.586827,0.374864,-0.103277,21.099000000000004
1772222281200260179,2026-02-27 14:58:01.200,-10.8012,2.98144,-55.4713,0.587194,0.390949,-0.105828,21.10000000000001
1772222281201472121,2026-02-27 14:58:01.201,-11.1098,2.98438,-55.8731,0.58907,0.410277,-0.106976,21.101
1772222281202602407,2026-02-27 14:58:01.202,-11.7213,3.064,-57.5827,0.593721,0.445661,-0.10155,21.102000000000004
1772222281203736110,2026-02-27 14:58:01.203,-11.9594,3.03913,-57.6045,0.595643,0.465141,-0.107672,21.10300000000001
1772222281204866586,2026-02-27 14:58:01.204,-12.3766,3.08672,-57.8267,0.593843,0.485022,-0.111923,21.104
1772222281206063853,2026-02-27 14:58:01.206,-12.7074,3.15086,-57.6596,0.600454,0.503819,-0.115808,21.10600000000001
1772222281207245676,2026-02-27 14:58:01.207,-13.007,3.21141,-57.8949,0.60542,0.524595,-0.120426,21.107
1772222281208442128,2026-02-27 14:58:01.208,-13.3257,3.22106,-58.3031,0.605041,0.543497,-0.120754,21.108000000000004
1772222281209558186,2026-02-27 14:58:01.209,-13.6648,3.22481,-58.7013,0.607536,0.563028,-0.122513,21.10900000000001
1772222281210688333,2026-02-27 14:58:01.210,-14.343,3.30649,-58.3471,0.613703,0.603353,-0.136885,21.11
1772222281211887232,2026-02-27 14:58:01.211,-14.7525,3.37193,-59.1228,0.616066,0.622212,-0.134072,21.111000000000004
1772222281213087544,2026-02-27 14:58:01.213,-15.0187,3.36714,-59.5789,0.619253,0.641188,-0.136099,21.113
1772222281214284265,2026-02-27 14:58:01.214,-15.3839,3.37528,-60.5025,0.621896,0.659262,-0.132339,21.114000000000004
1772222281215489001,2026-02-27 14:58:01.215,-15.6797,3.42488,-61.1632,0.625006,0.676846,-0.13121,21.11500000000001
1772222281216620634,2026-02-27 14:58:01.216,-16.0945,3.37931,-61.5833,0.626052,0.692477,-0.133151,21.116
1772222281217780411,2026-02-27 14:58:01.217,-16.6324,3.52521,-62.6638,0.641234,0.729726,-0.135948,21.117000000000004
1772222281218977450,2026-02-27 14:58:01.218,-16.9413,3.52199,-63.929,0.64573,0.745834,-0.129569,21.11800000000001
1772222281220174838,2026-02-27 14:58:01.220,-17.2345,3.48843,-64.4263,0.646386,0.76139,-0.131836,21.120000000000005
1772222281221346555,2026-02-27 14:58:01.221,-17.4959,3.5212,-64.7458,0.649502,0.775577,-0.13306,21.12100000000001
1772222281222563517,2026-02-27 14:58:01.222,-17.8064,3.54533,-64.7916,0.654545,0.791163,-0.138789,21.122
1772222281223693527,2026-02-27 14:58:01.223,-18.3428,3.63589,-65.1635,0.658742,0.817968,-0.144932,21.123000000000005
1772222281224863865,2026-02-27 14:58:01.224,-18.619,3.64022,-65.709,0.665183,0.835417,-0.145626,21.12400000000001
1772222281226077817,2026-02-27 14:58:01.226,-18.8715,3.71969,-66.2269,0.677693,0.84899,-0.14716,21.126000000000005
1772222281227274901,2026-02-27 14:58:01.227,-19.1357,3.75402,-66.2298,0.680278,0.861632,-0.153321,21.12700000000001
1772222281228487221,2026-02-27 14:58:01.228,-19.413,3.81158,-65.979,0.686307,0.874272,-0.160745,21.128
1772222281229620052,2026-02-27 14:58:01.229,-19.5963,3.82329,-66.7988,0.694786,0.884897,-0.159786,21.129000000000005
1772222281230766589,2026-02-27 14:58:01.230,-19.8099,3.90119,-68.2323,0.703545,0.898615,-0.155307,21.13000000000001
1772222281231941122,2026-02-27 14:58:01.231,-19.8778,3.97402,-68.6654,0.711012,0.900224,-0.154267,21.131
1772222281233139962,2026-02-27 14:58:01.233,-19.9734,3.97492,-68.8437,0.717366,0.904216,-0.154878,21.13300000000001
1772222281234336733,2026-02-27 14:58:01.234,-20.0575,4.01738,-69.1818,0.727257,0.909648,-0.155721,21.134
1772222281235522411,2026-02-27 14:58:01.235,-20.1359,4.04762,-69.6478,0.72761,0.910127,-0.156344,21.135000000000005
1772222281236651051,2026-02-27 14:58:01.236,-20.1196,4.12841,-71.2099,0.737238,0.911046,-0.147371,21.13600000000001
1772222281237797897,2026-02-27 14:58:01.237,-20.1293,4.23965,-71.4591,0.748718,0.907349,-0.152486,21.137
1772222281238998469,2026-02-27 14:58:01.238,-20.1645,4.27924,-71.183,0.754553,0.90458,-0.157254,21.138000000000005
1772222281240180950,2026-02-27 14:58:01.240,-20.0872,4.2779,-71.145,0.761155,0.897294,-0.159594,21.14
1772222281241377543,2026-02-27 14:58:01.241,-19.9577,4.2975,-71.2626,0.770844,0.889791,-0.15962,21.141000000000005
1772222281242562976,2026-02-27 14:58:01.242,-19.8269,4.32144,-71.3967,0.772078,0.879076,-0.157647,21.14200000000001
1772222281243718979,2026-02-27 14:58:01.243,-19.6447,4.46125,-71.6927,0.780383,0.870871,-0.158396,21.143
1772222281244917805,2026-02-27 14:58:01.244,-19.3556,4.62279,-71.0517,0.784579,0.848092,-0.162603,21.144000000000005
1772222281246123278,2026-02-27 14:58:01.246,-19.1652,4.66678,-71.202,0.789922,0.834174,-0.160955,21.146
1772222281247352365,2026-02-27 14:58:01.247,-18.9626,4.69581,-71.3991,0.792498,0.815243,-0.155487,21.147000000000006
1772222281248564873,2026-02-27 14:58:01.248,-17.7496,4.81746,-71.1348,0.794162,0.818098,-0.126285,21.14800000000001
1772222281249695581,2026-02-27 14:58:01.249,-15.4821,4.70999,-70.0515,0.799797,0.8945,-0.066764,21.149
1772222281250877650,2026-02-27 14:58:01.250,-13.4199,4.03747,-65.5742,0.846984,0.907421,-0.037492,21.150000000000006
1772222281252077695,2026-02-27 14:58:01.252,-11.6033,3.72002,-69.8917,0.90658,1.06667,-0.04969,21.152
1772222281253277288,2026-02-27 14:58:01.253,-11.9717,5.1376,-71.3511,0.889673,1.06392,-0.009026,21.153000000000006
1772222281254412135,2026-02-27 14:58:01.254,-11.8127,5.04955,-71.0197,0.871112,1.07968,0.046995,21.15400000000001
1772222281255572729,2026-02-27 14:58:01.255,-11.8242,4.93427,-71.8586,0.879665,1.08906,0.067233,21.155
1772222281256701656,2026-02-27 14:58:01.256,-11.7857,4.65517,-72.7109,0.905843,1.10902,0.078372,21.156000000000006
1772222281257862373,2026-02-27 14:58:01.257,-11.9841,4.27525,-74.0421,0.94193,1.16543,0.079378,21.15700000000001
1772222281259064447,2026-02-27 14:58:01.259,-12.1485,4.1417,-74.6627,0.954182,1.19704,0.075637,21.159000000000006
1772222281260264118,2026-02-27 14:58:01.260,-12.2156,4.03746,-75.1222,0.960625,1.22602,0.072076,21.16000000000001
1772222281261479120,2026-02-27 14:58:01.261,-12.2322,4.01882,-74.39,0.961161,1.2519,0.06356,21.161
