abs_timestamp_ns,human_time,fx,fy,fz,tx,ty,tz,mocap_ref_time
1772222283925866181,2026-02-27 14:58:03.925,-0.042234,0.041335,-4.63323,0.045294,-0.021609,-0.009779,23.825000000000003
1772222283927034029,2026-02-27 14:58:03.927,-0.182473,0.067891,-4.89886,0.041356,-0.017329,-0.010191,23.827000000000012
1772222283928200569,2026-02-27 14:58:03.928,-0.251904,0.018205,-4.2313,0.037212,-0.015348,-0.016121,23.828000000000003
1772222283929367595,2026-02-27 14:58:03.929,-0.284491,0.03471,-4.26616,0.039888,-0.013622,-0.016937,23.829000000000008
1772222283930525568,2026-02-27 14:58:03.930,-0.297832,0.072709,-4.60085,0.043317,-0.010444,-0.01536,23.830000000000013
1772222283931652647,2026-02-27 14:58:03.931,-0.405734,-0.016952,-5.88772,0.038336,-0.00372,-0.005796,23.831000000000003
1772222283932802412,2026-02-27 14:58:03.932,-0.472843,0.017081,-6.09791,0.039417,0.000468,-0.004827,23.832000000000008
1772222283933995150,2026-02-27 14:58:03.933,-0.547211,0.004728,-6.21661,0.037285,0.004519,-0.005602,23.833000000000013
1772222283935194243,2026-02-27 14:58:03.935,-0.641128,-0.045755,-6.31639,0.036481,0.008418,-0.006134,23.835000000000008
1772222283936387909,2026-02-27 14:58:03.936,-0.726508,-0.016662,-6.71602,0.040054,0.012686,-0.004142,23.836000000000013
1772222283937538163,2026-02-27 14:58:03.937,-0.759255,-0.031436,-7.70374,0.037387,0.016766,0.003537,23.837000000000003
1772222283938666569,2026-02-27 14:58:03.938,-0.916665,-0.023396,-7.32601,0.039331,0.026639,-0.001394,23.838000000000008
1772222283939839045,2026-02-27 14:58:03.939,-1.07927,0.013049,-7.02998,0.0411,0.031045,-0.006487,23.839
1772222283941037938,2026-02-27 14:58:03.941,-1.14346,0.026298,-6.93287,0.03987,0.03539,-0.009043,23.841000000000008
1772222283942236529,2026-02-27 14:58:03.942,-1.17964,0.041793,-7.06679,0.039573,0.039737,-0.007237,23.842
1772222283943430686,2026-02-27 14:58:03.943,-1.23414,0.066276,-7.20555,0.041942,0.044921,-0.007724,23.843000000000004
1772222283944558199,2026-02-27 14:58:03.944,-1.31583,0.089403,-7.22758,0.042324,0.050343,-0.007536,23.84400000000001
1772222283945685442,2026-02-27 14:58:03.945,-1.50779,0.116325,-6.68623,0.046041,0.060229,-0.015727,23.845
1772222283946880319,2026-02-27 14:58:03.946,-1.62281,0.126353,-6.68171,0.047596,0.065065,-0.016548,23.846000000000004
1772222283948075101,2026-02-27 14:58:03.948,-1.58477,0.184684,-7.34036,0.050505,0.069117,-0.011988,23.848
1772222283949268592,2026-02-27 14:58:03.949,-1.68499,0.204305,-7.72237,0.054317,0.074428,-0.009567,23.849000000000004
1772222283950477766,2026-02-27 14:58:03.950,-1.77238,0.231727,-7.77245,0.057335,0.079056,-0.011244,23.85000000000001
1772222283951607280,2026-02-27 14:58:03.951,-1.80927,0.267809,-7.80854,0.055919,0.080387,-0.012127,23.851
1772222283952740321,2026-02-27 14:58:03.952,-1.87203,0.319485,-8.66453,0.064413,0.085029,-0.005378,23.852000000000004
1772222283953866188,2026-02-27 14:58:03.953,-1.92422,0.314269,-8.82352,0.064294,0.086959,-0.006111,23.85300000000001
1772222283955067967,2026-02-27 14:58:03.955,-1.96102,0.414165,-8.76206,0.068522,0.090138,-0.00596,23.855000000000004
1772222283956263312,2026-02-27 14:58:03.956,-2.05603,0.482191,-8.31945,0.069975,0.091022,-0.011588,23.85600000000001
1772222283957479294,2026-02-27 14:58:03.957,-2.04305,0.514492,-8.07322,0.078438,0.096652,-0.014339,23.857
1772222283958606619,2026-02-27 14:58:03.958,-2.08,0.533929,-7.87142,0.075349,0.097009,-0.01747,23.858000000000004
1772222283959762126,2026-02-27 14:58:03.959,-2.22582,0.693884,-7.99999,0.091198,0.103264,-0.019055,23.85900000000001
1772222283960957886,2026-02-27 14:58:03.960,-2.26067,0.706105,-7.57509,0.093667,0.106665,-0.024773,23.86
1772222283962152458,2026-02-27 14:58:03.962,-2.28287,0.775065,-6.77697,0.094624,0.099692,-0.031848,23.86200000000001
1772222283963347338,2026-02-27 14:58:03.963,-2.22866,0.810978,-7.12986,0.09841,0.100645,-0.02729,23.863
1772222283964562300,2026-02-27 14:58:03.964,-2.29658,0.894061,-7.37652,0.100118,0.106251,-0.023759,23.864000000000004
1772222283965694387,2026-02-27 14:58:03.965,-2.32526,0.900219,-7.89049,0.101646,0.115137,-0.019638,23.86500000000001
1772222283966845746,2026-02-27 14:58:03.966,-2.46761,1.10427,-7.82247,0.110735,0.122753,-0.023603,23.866
1772222283968040114,2026-02-27 14:58:03.968,-2.58413,1.14711,-7.79774,0.11312,0.117646,-0.024654,23.86800000000001
1772222283969235651,2026-02-27 14:58:03.969,-2.56629,1.22505,-7.6604,0.120166,0.114353,-0.023495,23.869
1772222283970408638,2026-02-27 14:58:03.970,-2.56418,1.35861,-8.49328,0.12367,0.10671,-0.011306,23.870000000000005
1772222283971543557,2026-02-27 14:58:03.971,-2.46728,1.35547,-7.86763,0.125198,0.102416,-0.013272,23.87100000000001
1772222283972693561,2026-02-27 14:58:03.972,-2.37305,1.43602,-7.70369,0.126559,0.100266,-0.01313,23.872
1772222283973858268,2026-02-27 14:58:03.973,-2.01009,1.51583,-7.72561,0.141372,0.157021,-0.021961,23.873000000000005
1772222283975055989,2026-02-27 14:58:03.975,-2.47298,1.64337,-7.70289,0.143321,0.163016,-0.02978,23.875
1772222283976225044,2026-02-27 14:58:03.976,-2.72761,1.65793,-7.92022,0.153042,0.154082,-0.031331,23.876000000000005
1772222283977354290,2026-02-27 14:58:03.977,-2.84718,1.71478,-7.84508,0.158205,0.162368,-0.033342,23.87700000000001
1772222283978558998,2026-02-27 14:58:03.978,-2.90053,1.78395,-7.10621,0.166629,0.167509,-0.040029,23.878
1772222283979712239,2026-02-27 14:58:03.979,-2.99814,1.83385,-7.287,0.168086,0.173275,-0.037325,23.879000000000005
1772222283980887848,2026-02-27 14:58:03.980,-3.09637,1.82366,-8.09852,0.172546,0.177224,-0.031493,23.88000000000001
1772222283982058987,2026-02-27 14:58:03.982,-3.09484,1.89097,-8.65318,0.175795,0.178268,-0.027439,23.882000000000005
1772222283983245491,2026-02-27 14:58:03.983,-3.19696,1.88551,-8.7517,0.175921,0.177666,-0.028281,23.88300000000001
1772222283984419495,2026-02-27 14:58:03.984,-3.26213,1.92338,-8.91606,0.179954,0.178492,-0.028028,23.884
1772222283985560162,2026-02-27 14:58:03.985,-3.26164,1.9277,-9.01589,0.184827,0.175874,-0.028153,23.885000000000005
1772222283986687953,2026-02-27 14:58:03.986,-3.19463,2.02266,-9.55215,0.191282,0.177354,-0.023409,23.88600000000001
1772222283987850244,2026-02-27 14:58:03.987,-3.26421,2.00074,-10.2479,0.193787,0.177275,-0.019867,23.887
1772222283989029960,2026-02-27 14:58:03.989,-3.25024,2.0119,-10.1536,0.198459,0.175124,-0.021609,23.88900000000001
1772222283990211126,2026-02-27 14:58:03.990,-3.29563,2.1068,-9.9674,0.19782,0.172908,-0.025467,23.89
1772222283991386439,2026-02-27 14:58:03.991,-3.27926,2.09849,-10.0159,0.203316,0.172048,-0.027088,23.891000000000005
1772222283992540992,2026-02-27 14:58:03.992,-3.31464,2.07363,-10.1967,0.20014,0.1695,-0.027851,23.89200000000001
1772222283993670392,2026-02-27 14:58:03.993,-3.2369,2.21253,-10.4798,0.207011,0.169386,-0.027616,23.893
1772222283994821649,2026-02-27 14:58:03.994,-3.2527,2.15776,-9.68552,0.207859,0.1637,-0.040339,23.894000000000005
1772222283995961367,2026-02-27 14:58:03.995,-3.23801,2.20588,-10.391,0.210941,0.161957,-0.035066,23.89500000000001
1772222283997158917,2026-02-27 14:58:03.997,-3.17338,2.23834,-10.6126,0.215438,0.160098,-0.035085,23.897000000000006
1772222283998339563,2026-02-27 14:58:03.998,-3.20935,2.20303,-11.4163,0.214934,0.156208,-0.03078,23.89800000000001
1772222283999529184,2026-02-27 14:58:03.999,-3.1424,2.23646,-11.7642,0.218759,0.153219,-0.030226,23.899
1772222284000658179,2026-02-27 14:58:04.000,-3.09226,2.24556,-12.0067,0.222742,0.150485,-0.030259,23.900000000000006
1772222284001808699,2026-02-27 14:58:04.001,-3.05544,2.26443,-12.2354,0.225132,0.146565,-0.029433,23.90100000000001
1772222284002987202,2026-02-27 14:58:04.002,-3.04218,2.25508,-13.7667,0.232148,0.142442,-0.019188,23.902
1772222284004163042,2026-02-27 14:58:04.004,-2.9486,2.27131,-13.9767,0.236923,0.139759,-0.020917,23.90400000000001
1772222284005339271,2026-02-27 14:58:04.005,-3.00029,2.27444,-14.2002,0.23974,0.136443,-0.021114,23.905
1772222284006527041,2026-02-27 14:58:04.006,-2.94291,2.29746,-13.929,0.242328,0.130766,-0.025117,23.906000000000006
1772222284007656994,2026-02-27 14:58:04.007,-2.98325,2.32216,-13.8816,0.241202,0.1292,-0.02954,23.90700000000001
1772222284008817271,2026-02-27 14:58:04.008,-2.96686,2.33679,-14.0441,0.245175,0.12479,-0.029482,23.908
1772222284009993184,2026-02-27 14:58:04.009,-2.86627,2.29151,-14.4418,0.251095,0.116769,-0.030607,23.909000000000006
1772222284011171914,2026-02-27 14:58:04.011,-2.80549,2.30912,-14.1589,0.259526,0.113192,-0.036013,23.911
1772222284012368094,2026-02-27 14:58:04.012,-2.90447,2.27051,-13.9527,0.255615,0.109896,-0.040169,23.912000000000006
1772222284013556971,2026-02-27 14:58:04.013,-2.76926,2.30072,-14.5373,0.262042,0.105599,-0.037362,23.91300000000001
1772222284014690043,2026-02-27 14:58:04.014,-2.7682,2.30791,-15.1472,0.263888,0.102565,-0.034407,23.914
1772222284015865119,2026-02-27 14:58:04.015,-2.70024,2.26371,-15.8075,0.266734,0.097023,-0.029779,23.915000000000006
1772222284017044053,2026-02-27 14:58:04.017,-2.66143,2.23122,-16.453,0.27263,0.094112,-0.030435,23.917
1772222284018225705,2026-02-27 14:58:04.018,-2.6342,2.18698,-16.7286,0.2746,0.091327,-0.031825,23.918000000000006
1772222284019404951,2026-02-27 14:58:04.019,-2.60667,2.2084,-17.0073,0.276004,0.089627,-0.029579,23.91900000000001
1772222284020534196,2026-02-27 14:58:04.020,-2.5258,2.17475,-18.328,0.278457,0.085457,-0.020432,23.92
1772222284021664237,2026-02-27 14:58:04.021,-2.56484,2.13453,-18.1463,0.2798,0.082347,-0.023461,23.921000000000006
1772222284022812870,2026-02-27 14:58:04.022,-2.55404,2.18348,-18.4133,0.282041,0.079633,-0.023073,23.92200000000001
1772222284023995524,2026-02-27 14:58:04.023,-2.50825,2.11521,-18.2532,0.283984,0.072772,-0.028886,23.923000000000002
1772222284025172506,2026-02-27 14:58:04.025,-2.48374,2.04312,-18.5607,0.285394,0.067873,-0.028579,23.92500000000001
1772222284026349050,2026-02-27 14:58:04.026,-2.45828,2.05113,-18.8491,0.287366,0.064614,-0.028017,23.926000000000002
1772222284027541740,2026-02-27 14:58:04.027,-2.40303,2.02554,-19.1152,0.28883,0.060903,-0.027696,23.927000000000007
1772222284028672557,2026-02-27 14:58:04.028,-2.38826,1.96621,-18.259,0.289022,0.057688,-0.037251,23.92800000000001
1772222284029850161,2026-02-27 14:58:04.029,-2.37532,1.96492,-18.8422,0.29247,0.055464,-0.035126,23.929000000000002
1772222284031128676,2026-02-27 14:58:04.031,-2.29306,1.9157,-19.9864,0.292596,0.049188,-0.028258,23.93100000000001
1772222284032327383,2026-02-27 14:58:04.032,-2.41364,1.82744,-20.5767,0.289714,0.046247,-0.025803,23.932000000000002
1772222284033537666,2026-02-27 14:58:04.033,-2.31652,1.80796,-20.7452,0.291945,0.044128,-0.024602,23.933000000000007
1772222284034667320,2026-02-27 14:58:04.034,-2.27605,1.75639,-21.0516,0.294181,0.041425,-0.024308,23.93400000000001
1772222284035849163,2026-02-27 14:58:04.035,-2.21913,1.78074,-21.3547,0.295344,0.037028,-0.024617,23.935000000000002
1772222284037034950,2026-02-27 14:58:04.037,-2.20431,1.68915,-22.9847,0.296265,0.031603,-0.015222,23.937000000000012
1772222284038225744,2026-02-27 14:58:04.038,-2.18269,1.68168,-22.9982,0.297864,0.028126,-0.016228,23.938000000000002
1772222284039421307,2026-02-27 14:58:04.039,-2.17415,1.64467,-22.7922,0.298668,0.026222,-0.019725,23.939000000000007
1772222284040546207,2026-02-27 14:58:04.040,-2.17965,1.68523,-22.709,0.299634,0.02283,-0.023214,23.940000000000012
1772222284041697064,2026-02-27 14:58:04.041,-2.11108,1.61844,-22.8056,0.300224,0.018573,-0.023908,23.941000000000003
1772222284042881105,2026-02-27 14:58:04.042,-2.12782,1.61058,-23.1484,0.304647,0.020137,-0.024236,23.942000000000007
1772222284044068974,2026-02-27 14:58:04.044,-2.19919,1.55646,-23.4249,0.305109,0.018095,-0.025832,23.944000000000003
1772222284045261912,2026-02-27 14:58:04.045,-2.18401,1.59578,-22.7027,0.306589,0.016172,-0.033478,23.945000000000007
1772222284046398769,2026-02-27 14:58:04.046,-2.23496,1.61449,-23.503,0.308079,0.015299,-0.029564,23.946000000000012
1772222284047554945,2026-02-27 14:58:04.047,-2.23558,1.56531,-23.7743,0.31028,0.015967,-0.028422,23.947000000000003
1772222284048712866,2026-02-27 14:58:04.048,-2.27056,1.54094,-24.5795,0.311162,0.015503,-0.023708,23.948000000000008
1772222284049894863,2026-02-27 14:58:04.049,-2.29964,1.52872,-24.9756,0.312893,0.014165,-0.022365,23.949000000000012
1772222284051071693,2026-02-27 14:58:04.051,-2.26653,1.49591,-25.3349,0.313966,0.012736,-0.02341,23.951000000000008
1772222284052267235,2026-02-27 14:58:04.052,-2.32163,1.51386,-25.5682,0.31914,0.012283,-0.021887,23.952000000000012
1772222284053476838,2026-02-27 14:58:04.053,-2.28192,1.5336,-26.8906,0.32191,0.010794,-0.012509,23.953000000000003
1772222284054573766,2026-02-27 14:58:04.054,-2.2481,1.48006,-26.7925,0.320018,0.010308,-0.015099,23.954000000000008
1772222284055706428,2026-02-27 14:58:04.055,-2.29039,1.4705,-27.039,0.3218,0.011734,-0.014773,23.955000000000013
1772222284056854597,2026-02-27 14:58:04.056,-2.30799,1.53024,-26.7202,0.321655,0.010378,-0.020091,23.956000000000003
1772222284058034408,2026-02-27 14:58:04.058,-2.33387,1.53133,-26.5853,0.324258,0.008169,-0.022049,23.958000000000013
1772222284059212163,2026-02-27 14:58:04.059,-2.34055,1.51684,-26.9123,0.324752,0.010144,-0.021826,23.959000000000003
1772222284060418650,2026-02-27 14:58:04.060,-2.38958,1.54222,-27.3158,0.326113,0.013243,-0.022451,23.960000000000008
1772222284061580521,2026-02-27 14:58:04.061,-2.45133,1.49109,-26.8411,0.325848,0.013544,-0.029882,23.961000000000013
1772222284062713113,2026-02-27 14:58:04.062,-2.59185,1.53713,-26.8564,0.32468,0.01544,-0.031119,23.962000000000003
1772222284063889163,2026-02-27 14:58:04.063,-2.56294,1.53506,-27.2684,0.329186,0.017843,-0.030024,23.963000000000008
1772222284065067971,2026-02-27 14:58:04.065,-2.67673,1.52042,-28.5888,0.331197,0.021464,-0.021309,23.965000000000003
1772222284066247092,2026-02-27 14:58:04.066,-2.69627,1.51122,-28.9333,0.332044,0.024876,-0.021526,23.966000000000008
1772222284067445381,2026-02-27 14:58:04.067,-2.82007,1.51314,-29.0951,0.331542,0.027925,-0.022027,23.967
1772222284068573519,2026-02-27 14:58:04.068,-2.87524,1.47666,-29.3619,0.33312,0.030177,-0.021736,23.968000000000004
1772222284069703596,2026-02-27 14:58:04.069,-2.92612,1.53859,-29.723,0.333393,0.032226,-0.019547,23.96900000000001
1772222284070901991,2026-02-27 14:58:04.070,-2.96328,1.50946,-30.9101,0.334494,0.037001,-0.012342,23.97
1772222284072076774,2026-02-27 14:58:04.072,-3.09256,1.49614,-30.7237,0.334306,0.039813,-0.016277,23.97200000000001
1772222284073254798,2026-02-27 14:58:04.073,-3.2209,1.47787,-30.5644,0.336069,0.045243,-0.022151,23.973
1772222284074471177,2026-02-27 14:58:04.074,-3.34533,1.47766,-30.6767,0.336558,0.049601,-0.023905,23.974000000000004
1772222284075606435,2026-02-27 14:58:04.075,-3.44097,1.47936,-30.9228,0.337377,0.053187,-0.023808,23.97500000000001
1772222284076741007,2026-02-27 14:58:04.076,-3.52867,1.52546,-31.1625,0.341451,0.057268,-0.024482,23.976
1772222284077870662,2026-02-27 14:58:04.077,-3.60246,1.5144,-31.3304,0.338649,0.060577,-0.024006,23.977000000000004
1772222284079045303,2026-02-27 14:58:04.079,-3.70052,1.50991,-30.3839,0.340416,0.064353,-0.034984,23.979
1772222284080217805,2026-02-27 14:58:04.080,-3.8762,1.57059,-31.2136,0.344671,0.072822,-0.032782,23.980000000000004
1772222284081416152,2026-02-27 14:58:04.081,-3.84723,1.51836,-31.9726,0.345817,0.076633,-0.02858,23.98100000000001
1772222284082567438,2026-02-27 14:58:04.082,-3.97834,1.54402,-32.5211,0.34439,0.07928,-0.026086,23.982
1772222284083699428,2026-02-27 14:58:04.083,-4.03213,1.52026,-32.6966,0.3461,0.08306,-0.027254,23.983000000000004
1772222284084873299,2026-02-27 14:58:04.084,-4.08788,1.52965,-32.8327,0.348692,0.087646,-0.028161,23.98400000000001
1772222284086059972,2026-02-27 14:58:04.086,-4.2182,1.53369,-33.1137,0.346892,0.09195,-0.029195,23.986000000000004
1772222284087236541,2026-02-27 14:58:04.087,-4.36959,1.56632,-34.5281,0.350499,0.100877,-0.021599,23.98700000000001
1772222284088435802,2026-02-27 14:58:04.088,-4.49683,1.5656,-34.5182,0.351653,0.10637,-0.023288,23.988
1772222284089564963,2026-02-27 14:58:04.089,-4.58291,1.60718,-34.2584,0.352925,0.110631,-0.028877,23.989000000000004
1772222284090694869,2026-02-27 14:58:04.090,-4.71465,1.60611,-34.1298,0.356402,0.117415,-0.033032,23.99000000000001
1772222284091872598,2026-02-27 14:58:04.091,-4.79152,1.64213,-34.1585,0.355937,0.123036,-0.035,23.991
1772222284093067529,2026-02-27 14:58:04.093,-4.98331,1.64588,-34.4155,0.356012,0.129264,-0.036617,23.99300000000001
1772222284094256131,2026-02-27 14:58:04.094,-5.16823,1.69936,-34.4063,0.362076,0.142798,-0.041038,23.994
1772222284095473149,2026-02-27 14:58:04.095,-5.35463,1.74232,-33.8973,0.362631,0.15123,-0.047577,23.995000000000005
1772222284096605863,2026-02-27 14:58:04.096,-5.55509,1.73261,-34.4977,0.363492,0.160022,-0.046417,23.99600000000001
1772222284097743180,2026-02-27 14:58:04.097,-5.60141,1.76557,-34.9347,0.366197,0.168457,-0.044761,23.997
1772222284098915869,2026-02-27 14:58:04.098,-5.731,1.81349,-35.6238,0.369156,0.178124,-0.042133,23.998000000000005
1772222284100099445,2026-02-27 14:58:04.100,-5.87351,1.85252,-35.9122,0.373743,0.186424,-0.041577,24.0
1772222284101272010,2026-02-27 14:58:04.101,-6.1679,1.96658,-36.2796,0.375459,0.20333,-0.044969,24.001000000000005
1772222284102493276,2026-02-27 14:58:04.102,-6.26076,1.96081,-36.4553,0.376926,0.21031,-0.046158,24.00200000000001
1772222284103623234,2026-02-27 14:58:04.103,-6.41274,2.00967,-37.8684,0.380283,0.220237,-0.035581,24.003
1772222284104753184,2026-02-27 14:58:04.104,-6.52877,2.08082,-37.7392,0.384288,0.228159,-0.039712,24.004000000000005
1772222284105934891,2026-02-27 14:58:04.105,-6.77995,2.11257,-38.0175,0.387079,0.239012,-0.04109,24.00500000000001
1772222284107128068,2026-02-27 14:58:04.107,-6.94304,2.17603,-37.8142,0.392628,0.247783,-0.047273,24.007000000000005
1772222284108301869,2026-02-27 14:58:04.108,-7.21916,2.24385,-38.0414,0.398657,0.265489,-0.053109,24.00800000000001
1772222284109515762,2026-02-27 14:58:04.109,-7.41898,2.36025,-38.2745,0.405048,0.277339,-0.054811,24.009
1772222284110652773,2026-02-27 14:58:04.110,-7.56453,2.38516,-38.637,0.411482,0.285211,-0.055325,24.010000000000005
1772222284111846018,2026-02-27 14:58:04.111,-7.73956,2.40265,-37.924,0.41293,0.294039,-0.064963,24.01100000000001
1772222284113051124,2026-02-27 14:58:04.113,-7.93676,2.50456,-38.2446,0.417567,0.303799,-0.065875,24.013000000000005
1772222284114224593,2026-02-27 14:58:04.114,-8.21008,2.52853,-39.4103,0.425928,0.320525,-0.061938,24.01400000000001
1772222284115403387,2026-02-27 14:58:04.115,-8.39427,2.54194,-39.9901,0.42633,0.32963,-0.060778,24.015
1772222284116571562,2026-02-27 14:58:04.116,-8.47749,2.56382,-40.2908,0.430897,0.337089,-0.061327,24.016000000000005
1772222284117700906,2026-02-27 14:58:04.117,-8.64619,2.6171,-40.453,0.433628,0.345637,-0.061575,24.01700000000001
1772222284118875889,2026-02-27 14:58:04.118,-8.78717,2.60612,-40.7131,0.437241,0.3531,-0.062321,24.018
1772222284120075367,2026-02-27 14:58:04.120,-8.96845,2.62014,-41.2086,0.435068,0.360327,-0.061782,24.02000000000001
1772222284121249846,2026-02-27 14:58:04.121,-9.20516,2.67147,-42.1094,0.444362,0.377153,-0.057687,24.021
1772222284122443319,2026-02-27 14:58:04.122,-9.33916,2.70414,-42.1116,0.449981,0.385117,-0.060372,24.022000000000006
1772222284123596199,2026-02-27 14:58:04.123,-9.49982,2.68783,-41.9448,0.452335,0.391154,-0.064297,24.02300000000001
1772222284124729385,2026-02-27 14:58:04.124,-9.69525,2.6723,-42.0516,0.454269,0.39999,-0.066907,24.024
1772222284125906684,2026-02-27 14:58:04.125,-9.81795,2.71501,-42.2478,0.457003,0.408574,-0.068061,24.025000000000006
1772222284127112030,2026-02-27 14:58:04.127,-10.0148,2.68511,-42.5021,0.460098,0.417001,-0.069875,24.027
1772222284128288915,2026-02-27 14:58:04.128,-10.3201,2.73254,-41.8805,0.466475,0.434563,-0.080995,24.028000000000006
1772222284129493974,2026-02-27 14:58:04.129,-10.4197,2.70072,-42.5321,0.466967,0.441262,-0.077988,24.02900000000001
1772222284130627314,2026-02-27 14:58:04.130,-10.5794,2.66952,-42.7388,0.464884,0.447257,-0.077947,24.03
1772222284131803068,2026-02-27 14:58:04.131,-10.6378,2.68105,-43.5625,0.467636,0.454072,-0.07328,24.031000000000006
1772222284133002038,2026-02-27 14:58:04.133,-10.7675,2.64953,-43.9634,0.466516,0.460426,-0.071427,24.033
1772222284134193756,2026-02-27 14:58:04.134,-10.9202,2.63227,-44.0454,0.465856,0.465183,-0.071693,24.034000000000006
1772222284135370965,2026-02-27 14:58:04.135,-11.0119,2.52275,-44.4495,0.463981,0.474801,-0.07232,24.03500000000001
1772222284136535401,2026-02-27 14:58:04.136,-11.2079,2.56307,-45.6066,0.465656,0.484469,-0.063749,24.036
1772222284137668801,2026-02-27 14:58:04.137,-11.2976,2.5086,-45.9046,0.465791,0.489673,-0.065035,24.037000000000006
1772222284138847166,2026-02-27 14:58:04.138,-11.5206,2.44347,-46.0839,0.461143,0.498253,-0.066336,24.03800000000001
1772222284140046846,2026-02-27 14:58:04.140,-11.5858,2.43616,-45.7247,0.465696,0.504673,-0.071231,24.040000000000006
1772222284141221868,2026-02-27 14:58:04.141,-11.7136,2.40195,-45.7252,0.467612,0.510285,-0.074425,24.04100000000001
1772222284142512031,2026-02-27 14:58:04.142,-11.9258,2.32678,-46.0717,0.467105,0.521939,-0.074721,24.042
1772222284143652084,2026-02-27 14:58:04.143,-12.0509,2.27818,-46.3368,0.462671,0.526001,-0.07519,24.043000000000006
1772222284144848561,2026-02-27 14:58:04.144,-12.1969,2.23814,-46.0186,0.457781,0.530158,-0.080884,24.04400000000001
1772222284146050440,2026-02-27 14:58:04.146,-12.2268,2.21651,-45.7527,0.463852,0.533006,-0.083852,24.046000000000006
1772222284147239715,2026-02-27 14:58:04.147,-12.3558,2.17131,-46.2192,0.456121,0.537228,-0.081722,24.04700000000001
1772222284148416900,2026-02-27 14:58:04.148,-12.559,2.09848,-47.5694,0.457002,0.54758,-0.074837,24.048000000000002
1772222284149550916,2026-02-27 14:58:04.149,-12.6372,2.07069,-47.9157,0.458612,0.553094,-0.074834,24.049000000000007
1772222284150683254,2026-02-27 14:58:04.150,-12.6993,2.06744,-48.096,0.458174,0.557607,-0.075404,24.05000000000001
1772222284151860940,2026-02-27 14:58:04.151,-12.8232,1.95132,-48.2973,0.452642,0.561574,-0.076323,24.051000000000002
1772222284153061856,2026-02-27 14:58:04.153,-12.9558,1.92385,-48.585,0.451254,0.565834,-0.076301,24.05300000000001
1772222284154239279,2026-02-27 14:58:04.154,-12.9477,1.8689,-49.8903,0.457705,0.571065,-0.066105,24.054000000000002
1772222284155416296,2026-02-27 14:58:04.155,-13.1088,1.77284,-49.8629,0.454618,0.575037,-0.070874,24.055000000000007
1772222284156548906,2026-02-27 14:58:04.156,-13.1758,1.74077,-49.5596,0.451475,0.576861,-0.073983,24.05600000000001
1772222284157680939,2026-02-27 14:58:04.157,-13.2387,1.69056,-49.5498,0.448798,0.579037,-0.075766,24.057000000000002
1772222284158858984,2026-02-27 14:58:04.158,-13.3405,1.66252,-49.8574,0.446798,0.582709,-0.075776,24.058000000000007
1772222284160060650,2026-02-27 14:58:04.160,-13.3396,1.62618,-50.0173,0.44881,0.584718,-0.076086,24.060000000000002
1772222284161248225,2026-02-27 14:58:04.161,-13.4423,1.60226,-50.1679,0.444242,0.585769,-0.075381,24.061000000000007
1772222284162424360,2026-02-27 14:58:04.162,-13.6239,1.44822,-49.8122,0.436613,0.590454,-0.083939,24.062000000000012
1772222284163582498,2026-02-27 14:58:04.163,-13.6481,1.42696,-50.0206,0.437046,0.592532,-0.083219,24.063000000000002
1772222284164760181,2026-02-27 14:58:04.164,-13.7445,1.38194,-50.8089,0.435115,0.596397,-0.078168,24.064000000000007
1772222284165959163,2026-02-27 14:58:04.165,-13.7423,1.34593,-51.28,0.432488,0.598961,-0.074698,24.065000000000012
1772222284167159762,2026-02-27 14:58:04.167,-13.7935,1.29117,-51.5445,0.432326,0.600628,-0.074873,24.067000000000007
1772222284168337446,2026-02-27 14:58:04.168,-14.0196,1.18195,-51.966,0.424082,0.606991,-0.076799,24.068000000000012
1772222284169524155,2026-02-27 14:58:04.169,-14.0652,1.12302,-52.701,0.424719,0.611538,-0.070216,24.069000000000003
1772222284170655820,2026-02-27 14:58:04.170,-14.1797,1.12179,-53.4152,0.424075,0.614981,-0.067193,24.070000000000007
1772222284171855007,2026-02-27 14:58:04.171,-14.2283,1.09244,-53.3838,0.422879,0.619729,-0.068969,24.071000000000012
1772222284173059302,2026-02-27 14:58:04.173,-14.3033,1.01734,-53.1315,0.417164,0.619892,-0.073863,24.073000000000008
1772222284174234437,2026-02-27 14:58:04.174,-14.3187,1.00576,-53.1211,0.419042,0.622231,-0.075345,24.074000000000012
1772222284175411558,2026-02-27 14:58:04.175,-14.4788,0.936422,-53.4004,0.414124,0.631328,-0.076753,24.075000000000003
1772222284176534280,2026-02-27 14:58:04.176,-14.6815,0.913135,-53.6579,0.412698,0.637634,-0.078411,24.076000000000008
1772222284177670674,2026-02-27 14:58:04.177,-14.709,0.92231,-53.7485,0.415671,0.642189,-0.079941,24.077000000000012
1772222284178866158,2026-02-27 14:58:04.178,-14.8921,0.868663,-52.9772,0.411082,0.645942,-0.089632,24.078000000000003
1772222284180068646,2026-02-27 14:58:04.180,-14.9626,0.839698,-53.6128,0.410322,0.65055,-0.085985,24.080000000000013
1772222284181272602,2026-02-27 14:58:04.181,-15.0274,0.838557,-53.9107,0.41114,0.655453,-0.084033,24.081000000000003
1772222284182479579,2026-02-27 14:58:04.182,-15.1732,0.829479,-54.9334,0.411672,0.66603,-0.080394,24.082000000000008
1772222284183612285,2026-02-27 14:58:04.183,-15.2825,0.78487,-55.0745,0.41251,0.67212,-0.080721,24.083000000000013
1772222284184788843,2026-02-27 14:58:04.184,-15.4038,0.765849,-55.0953,0.410596,0.676674,-0.080995,24.084000000000003
1772222284185988527,2026-02-27 14:58:04.185,-15.4162,0.729581,-55.306,0.410031,0.683466,-0.082946,24.085000000000008
1772222284187187779,2026-02-27 14:58:04.187,-15.5959,0.69887,-56.4519,0.408612,0.689918,-0.073152,24.087000000000003
1772222284188381758,2026-02-27 14:58:04.188,-15.816,0.675027,-56.4891,0.410498,0.702365,-0.077052,24.088000000000008
1772222284189532218,2026-02-27 14:58:04.189,-15.9341,0.667669,-55.9054,0.40981,0.7066,-0.082511,24.089
1772222284190670508,2026-02-27 14:58:04.190,-16.0284,0.690631,-55.8096,0.411543,0.716278,-0.084636,24.090000000000003
1772222284191863944,2026-02-27 14:58:04.191,-16.1612,0.670847,-55.8465,0.411257,0.725668,-0.085379,24.091000000000008
1772222284193067192,2026-02-27 14:58:04.193,-16.4555,0.628789,-56.0433,0.406673,0.735569,-0.087295,24.093000000000004
1772222284194267913,2026-02-27 14:58:04.194,-16.5184,0.602648,-56.1781,0.409398,0.74379,-0.091472,24.09400000000001
1772222284195443332,2026-02-27 14:58:04.195,-16.7423,0.586253,-55.2507,0.407951,0.761038,-0.09647,24.095
1772222284196599997,2026-02-27 14:58:04.196,-16.8214,0.560317,-55.5287,0.408254,0.765824,-0.094522,24.096000000000004
1772222284197776066,2026-02-27 14:58:04.197,-16.9925,0.548241,-56.3266,0.411036,0.776676,-0.090917,24.09700000000001
1772222284198977056,2026-02-27 14:58:04.198,-17.059,0.492206,-56.8236,0.410822,0.785781,-0.089615,24.098
1772222284200176752,2026-02-27 14:58:04.200,-17.3025,0.51707,-56.9803,0.410357,0.797795,-0.09102,24.10000000000001
1772222284201361761,2026-02-27 14:58:04.201,-17.4644,0.545525,-56.9931,0.410703,0.808411,-0.092352,24.101
1772222284202542221,2026-02-27 14:58:04.202,-17.6747,0.509366,-57.4385,0.414058,0.826735,-0.092701,24.102000000000004
1772222284203680543,2026-02-27 14:58:04.203,-17.8097,0.449776,-58.5947,0.41383,0.834701,-0.084234,24.10300000000001
1772222284204873000,2026-02-27 14:58:04.204,-17.9412,0.480396,-58.289,0.415921,0.842127,-0.087458,24.104
1772222284206071314,2026-02-27 14:58:04.206,-18.0689,0.410132,-58.2982,0.412711,0.849557,-0.089529,24.10600000000001
1772222284207266244,2026-02-27 14:58:04.207,-18.1867,0.435962,-58.0077,0.414464,0.854775,-0.093601,24.107
1772222284208475004,2026-02-27 14:58:04.208,-18.3804,0.432781,-58.0153,0.415856,0.86554,-0.095764,24.108000000000004
1772222284209608759,2026-02-27 14:58:04.209,-18.4512,0.419252,-58.1198,0.417275,0.869269,-0.095388,24.10900000000001
1772222284210784528,2026-02-27 14:58:04.210,-18.586,0.37213,-58.3508,0.417382,0.876342,-0.0945,24.11
1772222284211990336,2026-02-27 14:58:04.211,-18.6943,0.335592,-57.2618,0.41765,0.882853,-0.105483,24.111000000000004
1772222284213191503,2026-02-27 14:58:04.213,-18.7853,0.314857,-57.8086,0.419876,0.889636,-0.102808,24.113
1772222284214385211,2026-02-27 14:58:04.214,-18.8675,0.31947,-57.9487,0.422398,0.896712,-0.103103,24.114000000000004
1772222284215547075,2026-02-27 14:58:04.215,-19.0622,0.274219,-59.0794,0.42383,0.907195,-0.095437,24.11500000000001
1772222284216679933,2026-02-27 14:58:04.216,-19.1557,0.257134,-59.2456,0.423235,0.911149,-0.095129,24.116
1772222284217856294,2026-02-27 14:58:04.217,-19.2202,0.190146,-59.4355,0.422652,0.915007,-0.094235,24.117000000000004
1772222284219056014,2026-02-27 14:58:04.219,-19.2532,0.141133,-59.5838,0.419967,0.916609,-0.093551,24.119
1772222284220255330,2026-02-27 14:58:04.220,-19.3225,0.081021,-60.4864,0.419225,0.920622,-0.086428,24.120000000000005
1772222284221428872,2026-02-27 14:58:04.221,-19.4162,0.099136,-60.8409,0.419803,0.924051,-0.085318,24.12100000000001
1772222284222585124,2026-02-27 14:58:04.222,-19.5243,0.002491,-60.6247,0.418459,0.929289,-0.090636,24.122
1772222284223731656,2026-02-27 14:58:04.223,-19.5993,-0.025399,-60.5394,0.42083,0.932009,-0.094397,24.123000000000005
1772222284224934169,2026-02-27 14:58:04.224,-19.7073,-0.066702,-60.54,0.418453,0.935097,-0.094668,24.12400000000001
1772222284226135098,2026-02-27 14:58:04.226,-19.6683,-0.176077,-60.7208,0.41742,0.93757,-0.094908,24.126000000000005
1772222284227335841,2026-02-27 14:58:04.227,-19.7656,-0.204578,-60.9497,0.417693,0.939789,-0.094381,24.12700000000001
1772222284228529223,2026-02-27 14:58:04.228,-19.9572,-0.238027,-60.2328,0.417783,0.944663,-0.104859,24.128
1772222284229662136,2026-02-27 14:58:04.229,-19.8811,-0.312388,-60.7628,0.419521,0.944207,-0.101348,24.129000000000005
1772222284230836630,2026-02-27 14:58:04.230,-20.0059,-0.34102,-61.1426,0.420038,0.946834,-0.099608,24.13000000000001
1772222284232042213,2026-02-27 14:58:04.232,-19.972,-0.389439,-61.8038,0.421528,0.946178,-0.094851,24.132000000000005
1772222284233243752,2026-02-27 14:58:04.233,-19.9695,-0.408069,-61.9469,0.422031,0.946903,-0.094728,24.13300000000001
1772222284234439722,2026-02-27 14:58:04.234,-20.0075,-0.431636,-62.0479,0.424708,0.944582,-0.094898,24.134
1772222284235593426,2026-02-27 14:58:04.235,-19.9737,-0.423076,-61.5576,0.424714,0.914729,-0.0927,24.135000000000005
1772222284236766792,2026-02-27 14:58:04.236,-19.9672,-0.293131,-59.7452,0.421465,0.783664,-0.077567,24.13600000000001
1772222284237969708,2026-02-27 14:58:04.237,-18.4138,-0.081302,-56.9502,0.440143,0.719621,-0.064768,24.137
1772222284239171013,2026-02-27 14:58:04.239,-16.0863,0.182027,-58.0717,0.42386,0.786105,-0.062993,24.13900000000001
1772222284240371385,2026-02-27 14:58:04.240,-16.46,0.581156,-60.0262,0.450767,0.990058,-0.107561,24.14
1772222284241496383,2026-02-27 14:58:04.241,-18.4181,0.779619,-59.8043,0.439948,0.861104,-0.117541,24.141000000000005
1772222284242661398,2026-02-27 14:58:04.242,-18.8942,0.529039,-62.0553,0.492129,0.929757,-0.125202,24.14200000000001
1772222284243835429,2026-02-27 14:58:04.243,-19.102,0.32252,-62.3753,0.497404,0.928911,-0.120124,24.143
1772222284245028124,2026-02-27 14:58:04.245,-19.1786,0.05891,-61.7718,0.494548,0.922709,-0.119432,24.14500000000001
1772222284246219850,2026-02-27 14:58:04.246,-19.2394,-0.238229,-62.0861,0.489291,0.91385,-0.112448,24.146
1772222284247353260,2026-02-27 14:58:04.247,-19.2661,-0.456733,-62.4889,0.478806,0.905413,-0.107742,24.147000000000006
1772222284248533992,2026-02-27 14:58:04.248,-19.427,-0.696561,-63.3633,0.466562,0.898801,-0.099877,24.14800000000001
1772222284249664045,2026-02-27 14:58:04.249,-19.3427,-0.962074,-64.1843,0.444799,0.890247,-0.093803,24.149
1772222284250818794,2026-02-27 14:58:04.250,-19.2496,-1.04187,-64.321,0.440742,0.885548,-0.09164,24.150000000000006
1772222284251996836,2026-02-27 14:58:04.251,-19.0797,-1.12961,-64.3463,0.433524,0.877665,-0.090978,24.15100000000001
1772222284253286638,2026-02-27 14:58:04.253,-18.9194,-1.15357,-64.7708,0.429826,0.866459,-0.085246,24.153000000000006
1772222284254470450,2026-02-27 14:58:04.254,-18.7528,-1.11458,-65.4836,0.432038,0.85614,-0.078677,24.15400000000001
1772222284255599516,2026-02-27 14:58:04.255,-18.3853,-1.13192,-64.9987,0.434738,0.833913,-0.080589,24.155
1772222284256746802,2026-02-27 14:58:04.256,-18.1999,-1.1561,-64.6057,0.438751,0.821227,-0.081072,24.156000000000006
1772222284257921542,2026-02-27 14:58:04.257,-18.0587,-1.20547,-64.3619,0.438602,0.809729,-0.080876,24.15700000000001
1772222284259118299,2026-02-27 14:58:04.259,-17.9004,-1.24758,-64.4273,0.440095,0.79869,-0.079975,24.159000000000006
1772222284260312607,2026-02-27 14:58:04.260,-17.6475,-1.34324,-64.2944,0.442018,0.786072,-0.077947,24.16000000000001
1772222284261493394,2026-02-27 14:58:04.261,-17.397,-1.38648,-64.0928,0.444321,0.772383,-0.077109,24.161
1772222284262624992,2026-02-27 14:58:04.262,-17.0344,-1.44896,-63.1017,0.443195,0.747664,-0.078807,24.162000000000006
1772222284263754905,2026-02-27 14:58:04.263,-16.7563,-1.50779,-62.9481,0.440541,0.733707,-0.077051,24.16300000000001
1772222284264925833,2026-02-27 14:58:04.264,-16.4861,-1.50937,-63.2558,0.437478,0.719979,-0.070186,24.164
1772222284266115056,2026-02-27 14:58:04.266,-16.2411,-1.54308,-63.1235,0.433588,0.702889,-0.065398,24.16600000000001
1772222284267311769,2026-02-27 14:58:04.267,-15.9564,-1.58986,-62.8851,0.433644,0.689197,-0.063968,24.167
1772222284268497988,2026-02-27 14:58:04.268,-15.7096,-1.59655,-62.5461,0.430037,0.674402,-0.062711,24.168000000000006
1772222284269629016,2026-02-27 14:58:04.269,-15.231,-1.6011,-62.8615,0.424222,0.648684,-0.051364,24.16900000000001
1772222284270797569,2026-02-27 14:58:04.270,-15.0195,-1.57524,-62.5471,0.425373,0.636748,-0.052376,24.17
1772222284271987766,2026-02-27 14:58:04.271,-14.8221,-1.58969,-62.1281,0.418415,0.623919,-0.051152,24.171000000000006
1772222284273164969,2026-02-27 14:58:04.273,-14.6513,-1.62659,-61.2451,0.414663,0.612238,-0.055385,24.173000000000002
1772222284274357130,2026-02-27 14:58:04.274,-14.4236,-1.57761,-60.5996,0.418329,0.599912,-0.057007,24.174000000000007
1772222284275550720,2026-02-27 14:58:04.275,-14.1934,-1.5795,-60.1675,0.41673,0.58786,-0.057396,24.17500000000001
1772222284276682691,2026-02-27 14:58:04.276,-13.7739,-1.57504,-59.586,0.413771,0.564291,-0.055526,24.176000000000002
1772222284277851260,2026-02-27 14:58:04.277,-13.6286,-1.57747,-58.7021,0.407618,0.550615,-0.060174,24.177000000000007
1772222284279044688,2026-02-27 14:58:04.279,-13.4023,-1.54549,-57.9586,0.406351,0.538206,-0.064629,24.179000000000002
1772222284280237375,2026-02-27 14:58:04.280,-13.1094,-1.51059,-57.8384,0.408543,0.523202,-0.060596,24.180000000000007
1772222284281425520,2026-02-27 14:58:04.281,-12.8222,-1.45313,-57.8657,0.4076,0.506849,-0.056033,24.18100000000001
1772222284282574036,2026-02-27 14:58:04.282,-12.5336,-1.45926,-58.0137,0.40592,0.499059,-0.051502,24.182000000000002
1772222284283707411,2026-02-27 14:58:04.283,-12.1067,-1.3967,-57.8004,0.41079,0.479388,-0.048848,24.183000000000007
1772222284284877943,2026-02-27 14:58:04.284,-11.9825,-1.43181,-57.5798,0.409351,0.465778,-0.045226,24.18400000000001
1772222284286073292,2026-02-27 14:58:04.286,-11.7406,-1.40356,-57.4929,0.410147,0.452711,-0.042525,24.186000000000007
1772222284287264596,2026-02-27 14:58:04.287,-11.5171,-1.37601,-58.3654,0.411273,0.440292,-0.030094,24.187000000000012
1772222284288448072,2026-02-27 14:58:04.288,-11.339,-1.34605,-57.8005,0.411476,0.42687,-0.032226,24.188000000000002
1772222284289597072,2026-02-27 14:58:04.289,-11.1745,-1.37166,-57.6878,0.407582,0.413064,-0.030865,24.189000000000007
1772222284290755818,2026-02-27 14:58:04.290,-10.7455,-1.28796,-56.7955,0.410143,0.38724,-0.032696,24.190000000000012
1772222284291945845,2026-02-27 14:58:04.291,-10.4996,-1.30947,-56.7862,0.409293,0.372585,-0.030719,24.191000000000003
1772222284293137235,2026-02-27 14:58:04.293,-10.3172,-1.29575,-56.7343,0.410554,0.359149,-0.029064,24.193000000000012
1772222284294330610,2026-02-27 14:58:04.294,-10.0732,-1.26759,-56.6841,0.410703,0.345322,-0.027028,24.194000000000003
1772222284295536322,2026-02-27 14:58:04.295,-9.93333,-1.24897,-55.6624,0.411224,0.330356,-0.033776,24.195000000000007
1772222284296663818,2026-02-27 14:58:04.296,-9.54366,-1.18181,-55.9357,0.411698,0.301753,-0.028975,24.196000000000012
1772222284297826762,2026-02-27 14:58:04.297,-9.30777,-1.20892,-56.5729,0.417423,0.286492,-0.021225,24.197000000000003
1772222284299018437,2026-02-27 14:58:04.299,-9.02694,-1.21454,-57.0247,0.417279,0.27127,-0.017141,24.199000000000012
1772222284300205941,2026-02-27 14:58:04.300,-8.82638,-1.11265,-57.0767,0.418835,0.258811,-0.015087,24.200000000000003
1772222284301391994,2026-02-27 14:58:04.301,-8.67162,-1.09925,-57.1996,0.421344,0.245562,-0.014771,24.201000000000008
1772222284302551464,2026-02-27 14:58:04.302,-8.44389,-1.1099,-57.358,0.423102,0.23139,-0.011969,24.202000000000012
1772222284303681310,2026-02-27 14:58:04.303,-8.10322,-1.11357,-58.4978,0.425377,0.206174,0.000874,24.203000000000003
1772222284304848757,2026-02-27 14:58:04.304,-7.91015,-1.09287,-58.5374,0.425099,0.194838,0.000917,24.204000000000008
1772222284306038765,2026-02-27 14:58:04.306,-7.73205,-1.08187,-58.2728,0.429038,0.183622,-0.001773,24.206000000000003
1772222284307207216,2026-02-27 14:58:04.307,-7.72088,-1.09153,-58.1636,0.4306,0.174443,-0.003049,24.207000000000008
1772222284308382279,2026-02-27 14:58:04.308,-7.64509,-1.05444,-58.111,0.429615,0.164762,-0.001851,24.208000000000013
1772222284309536523,2026-02-27 14:58:04.309,-7.46172,-1.05751,-58.6464,0.430359,0.152346,-0.00077,24.209000000000003
1772222284310665910,2026-02-27 14:58:04.310,-7.45663,-1.13468,-58.8026,0.432394,0.146772,-0.001843,24.210000000000008
1772222284311817705,2026-02-27 14:58:04.311,-7.3796,-1.06263,-57.9314,0.430974,0.142595,-0.010519,24.211000000000013
1772222284312991571,2026-02-27 14:58:04.312,-7.42899,-1.06162,-58.7533,0.432015,0.14189,-0.006426,24.212000000000003
1772222284314166325,2026-02-27 14:58:04.314,-7.42578,-1.09141,-59.0249,0.431095,0.139195,-0.005505,24.214
1772222284315340667,2026-02-27 14:58:04.315,-7.46234,-1.08477,-59.7861,0.433509,0.140662,-0.001172,24.215000000000003
1772222284316527445,2026-02-27 14:58:04.316,-7.4237,-1.11806,-60.179,0.431303,0.137758,-0.000364,24.216000000000008
1772222284317655575,2026-02-27 14:58:04.317,-7.45591,-1.10073,-60.7715,0.433603,0.139758,-0.003207,24.217
1772222284318830806,2026-02-27 14:58:04.318,-7.48281,-1.07062,-61.008,0.436032,0.141691,-0.004352,24.218000000000004
1772222284320006876,2026-02-27 14:58:04.320,-7.59046,-1.07204,-62.3924,0.436181,0.145351,0.004719,24.22
1772222284321182011,2026-02-27 14:58:04.321,-7.64947,-1.07784,-62.3833,0.439706,0.14931,0.000284,24.221000000000004
1772222284322356473,2026-02-27 14:58:04.322,-7.75125,-1.05726,-62.5772,0.437763,0.153233,-0.001562,24.22200000000001
1772222284323537926,2026-02-27 14:58:04.323,-7.84697,-1.01355,-62.4318,0.439694,0.159866,-0.008297,24.223
1772222284324667479,2026-02-27 14:58:04.324,-8.15217,-1.03813,-62.4303,0.440848,0.172174,-0.015344,24.224000000000004
1772222284325823044,2026-02-27 14:58:04.325,-8.23613,-1.03183,-62.6621,0.439493,0.17862,-0.017467,24.22500000000001
1772222284327000485,2026-02-27 14:58:04.327,-8.41505,-1.00518,-62.9341,0.441708,0.186651,-0.01971,24.227000000000004
1772222284328175662,2026-02-27 14:58:04.328,-8.54057,-0.965702,-62.3262,0.441732,0.195018,-0.028804,24.22800000000001
1772222284329350713,2026-02-27 14:58:04.329,-8.68784,-0.928202,-62.2913,0.442548,0.204175,-0.034354,24.229
1772222284330534532,2026-02-27 14:58:04.330,-8.80756,-0.954047,-62.6102,0.44512,0.213225,-0.035411,24.230000000000004
1772222284331664633,2026-02-27 14:58:04.331,-9.09474,-0.943712,-63.7909,0.443984,0.232796,-0.032792,24.23100000000001
1772222284332820044,2026-02-27 14:58:04.332,-9.36531,-0.954021,-64.0032,0.443567,0.245531,-0.035095,24.232
1772222284333995730,2026-02-27 14:58:04.333,-9.49476,-0.96374,-64.1184,0.445354,0.257547,-0.039291,24.233000000000004
1772222284335170826,2026-02-27 14:58:04.335,-9.71998,-0.949604,-64.2735,0.443547,0.269449,-0.040951,24.235
1772222284336346026,2026-02-27 14:58:04.336,-10.0011,-0.920526,-64.4934,0.441423,0.282374,-0.042202,24.236000000000004
1772222284337535029,2026-02-27 14:58:04.337,-10.2189,-0.892053,-65.6087,0.443383,0.296579,-0.036867,24.23700000000001
1772222284338664075,2026-02-27 14:58:04.338,-10.6659,-0.829481,-65.2885,0.445458,0.326297,-0.048977,24.238
1772222284339812026,2026-02-27 14:58:04.339,-10.9642,-0.815847,-64.8441,0.44242,0.342516,-0.055269,24.239000000000004
1772222284340992832,2026-02-27 14:58:04.340,-11.2247,-0.759071,-64.7939,0.445831,0.360897,-0.059964,24.24000000000001
1772222284342169217,2026-02-27 14:58:04.342,-11.5299,-0.758399,-64.7703,0.443255,0.378726,-0.064155,24.242000000000004
1772222284343350854,2026-02-27 14:58:04.343,-11.7964,-0.683246,-64.8098,0.444488,0.398599,-0.067672,24.24300000000001
1772222284344533521,2026-02-27 14:58:04.344,-12.1423,-0.628807,-64.7896,0.447416,0.418959,-0.071095,24.244
1772222284345664064,2026-02-27 14:58:04.345,-12.7463,-0.529291,-63.9589,0.450306,0.461683,-0.083418,24.245000000000005
1772222284346817526,2026-02-27 14:58:04.346,-13.0598,-0.478257,-63.9784,0.452933,0.482776,-0.0869,24.24600000000001
1772222284348010795,2026-02-27 14:58:04.348,-13.4829,-0.511824,-64.5497,0.449454,0.505551,-0.084415,24.248000000000005
1772222284349202720,2026-02-27 14:58:04.349,-13.7542,-0.451896,-64.9344,0.455356,0.527846,-0.084649,24.24900000000001
1772222284350379278,2026-02-27 14:58:04.350,-14.012,-0.415727,-64.8852,0.457617,0.548322,-0.085996,24.25
1772222284351547897,2026-02-27 14:58:04.351,-14.311,-0.289374,-65.0305,0.461407,0.569415,-0.088849,24.251000000000005
1772222284352679637,2026-02-27 14:58:04.352,-14.5857,-0.29261,-64.9747,0.464358,0.589352,-0.091249,24.25200000000001
1772222284353833499,2026-02-27 14:58:04.353,-15.1189,-0.247181,-65.9904,0.468032,0.626157,-0.085759,24.253
1772222284355010214,2026-02-27 14:58:04.355,-15.3799,-0.221228,-66.0002,0.470525,0.643761,-0.087521,24.25500000000001
1772222284356204560,2026-02-27 14:58:04.356,-15.661,-0.184555,-65.5328,0.472223,0.660138,-0.093914,24.256
1772222284357397302,2026-02-27 14:58:04.357,-15.9068,-0.133208,-65.2645,0.477898,0.676199,-0.097564,24.257000000000005
1772222284358555086,2026-02-27 14:58:04.358,-16.0976,-0.143645,-65.2344,0.479584,0.690565,-0.099119,24.25800000000001
1772222284359686158,2026-02-27 14:58:04.359,-16.3431,-0.055779,-65.39,0.487352,0.705915,-0.100151,24.259
1772222284360871557,2026-02-27 14:58:04.360,-16.8033,-0.072383,-65.3132,0.495151,0.729723,-0.102825,24.260000000000005
1772222284362144011,2026-02-27 14:58:04.362,-16.9553,-0.003723,-64.5788,0.4989,0.740321,-0.10921,24.262
1772222284363325106,2026-02-27 14:58:04.363,-17.1526,-0.015605,-65.0715,0.502657,0.749567,-0.105591,24.263000000000005
1772222284364527650,2026-02-27 14:58:04.364,-17.246,0.008271,-65.2764,0.504924,0.76004,-0.102116,24.26400000000001
1772222284365659763,2026-02-27 14:58:04.365,-17.4176,-5.3e-05,-65.8418,0.509676,0.768514,-0.096594,24.265
1772222284366806730,2026-02-27 14:58:04.366,-17.649,0.066423,-66.0914,0.515927,0.782637,-0.092586,24.266000000000005
1772222284368002150,2026-02-27 14:58:04.368,-17.7209,0.084353,-66.1441,0.517882,0.788132,-0.090683,24.268
1772222284369191421,2026-02-27 14:58:04.369,-17.8279,0.05741,-66.2055,0.521075,0.793201,-0.087475,24.269000000000005
1772222284370383262,2026-02-27 14:58:04.370,-17.9076,0.02278,-67.3625,0.524603,0.797056,-0.075468,24.27000000000001
1772222284371548857,2026-02-27 14:58:04.371,-17.9254,0.011852,-67.1128,0.525211,0.799419,-0.076204,24.271
1772222284372679923,2026-02-27 14:58:04.372,-17.9805,-0.006275,-67.1685,0.52367,0.800227,-0.074121,24.272000000000006
1772222284373839462,2026-02-27 14:58:04.373,-17.9917,-0.068049,-66.6066,0.529177,0.799974,-0.075642,24.27300000000001
1772222284375012355,2026-02-27 14:58:04.375,-17.9319,-0.081436,-66.8715,0.528752,0.797842,-0.072389,24.275000000000006
1772222284376192437,2026-02-27 14:58:04.376,-17.8812,-0.155121,-66.9426,0.529891,0.794455,-0.070714,24.27600000000001
1772222284377370382,2026-02-27 14:58:04.377,-17.898,-0.219291,-67.0871,0.527707,0.789377,-0.067585,24.277
1772222284378557215,2026-02-27 14:58:04.378,-17.8579,-0.288524,-66.3626,0.527772,0.78407,-0.072506,24.278000000000006
1772222284379688448,2026-02-27 14:58:04.379,-17.8098,-0.406581,-66.4614,0.52273,0.778124,-0.070106,24.27900000000001
1772222284380836308,2026-02-27 14:58:04.380,-17.5783,-0.497316,-67.5116,0.526922,0.76424,-0.058397,24.28
1772222284382027257,2026-02-27 14:58:04.382,-17.4735,-0.607379,-67.9639,0.522211,0.754676,-0.051673,24.28200000000001
1772222284383217532,2026-02-27 14:58:04.383,-17.3327,-0.709645,-68.1067,0.52031,0.746656,-0.04839,24.283
1772222284384408963,2026-02-27 14:58:04.384,-17.1598,-0.810882,-68.3185,0.517497,0.736326,-0.04707,24.284000000000006
1772222284385546430,2026-02-27 14:58:04.385,-17.0754,-0.928508,-68.3712,0.513487,0.726818,-0.045445,24.28500000000001
1772222284386675065,2026-02-27 14:58:04.386,-16.9255,-1.06482,-68.8708,0.509331,0.716872,-0.040693,24.286
1772222284387822502,2026-02-27 14:58:04.387,-16.5674,-1.33734,-69.6594,0.505731,0.695237,-0.035039,24.287000000000006
1772222284389014069,2026-02-27 14:58:04.389,-16.4612,-1.49859,-69.5518,0.497288,0.683106,-0.036405,24.289
1772222284390196179,2026-02-27 14:58:04.390,-16.3318,-1.65994,-69.4138,0.492482,0.672808,-0.039001,24.290000000000006
1772222284391384661,2026-02-27 14:58:04.391,-16.1879,-1.79471,-69.4057,0.488164,0.661878,-0.040361,24.29100000000001
1772222284392554960,2026-02-27 14:58:04.392,-15.9649,-1.94038,-69.6306,0.482855,0.650224,-0.040201,24.292
1772222284393683840,2026-02-27 14:58:04.393,-15.8215,-2.08957,-69.8256,0.473495,0.638873,-0.03879,24.293000000000006
1772222284394865051,2026-02-27 14:58:04.394,-15.6409,-2.21025,-70.072,0.467641,0.627203,-0.038616,24.29400000000001
1772222284396035406,2026-02-27 14:58:04.396,-15.3749,-2.56197,-69.8177,0.451601,0.601516,-0.040907,24.296000000000006
1772222284397205537,2026-02-27 14:58:04.397,-15.1922,-2.67938,-69.855,0.440894,0.586686,-0.038749,24.29700000000001
1772222284398376077,2026-02-27 14:58:04.398,-15.0246,-2.78661,-70.6143,0.42974,0.57344,-0.032096,24.298000000000002
1772222284399558186,2026-02-27 14:58:04.399,-14.8514,-2.915,-70.9508,0.419194,0.559659,-0.027766,24.299000000000007
1772222284400689358,2026-02-27 14:58:04.400,-14.6752,-3.03493,-71.175,0.409092,0.549487,-0.024911,24.30000000000001
1772222284401860641,2026-02-27 14:58:04.401,-14.5472,-3.1066,-71.4645,0.399874,0.537423,-0.021565,24.301000000000002
1772222284403052458,2026-02-27 14:58:04.403,-14.17,-3.42491,-72.6628,0.379205,0.507876,-0.007227,24.30300000000001
1772222284404223127,2026-02-27 14:58:04.404,-13.9574,-3.53181,-72.9276,0.372157,0.497187,-0.004123,24.304000000000002
1772222284405392847,2026-02-27 14:58:04.405,-13.842,-3.61459,-73.086,0.361914,0.485783,-0.00223,24.305000000000007
1772222284406565946,2026-02-27 14:58:04.406,-13.7497,-3.78305,-72.7873,0.35117,0.472052,-0.005006,24.30600000000001
1772222284407697675,2026-02-27 14:58:04.407,-13.6884,-3.90151,-72.6876,0.342939,0.460312,-0.005262,24.307000000000002
1772222284408867248,2026-02-27 14:58:04.408,-13.5179,-4.02272,-72.9545,0.337732,0.452922,-0.00493,24.308000000000007
1772222284410058953,2026-02-27 14:58:04.410,-13.3608,-4.23477,-73.7299,0.323926,0.435434,-0.002387,24.310000000000002
1772222284411229952,2026-02-27 14:58:04.411,-13.2744,-4.30161,-73.4874,0.317126,0.422956,-0.005712,24.311000000000007
1772222284412400545,2026-02-27 14:58:04.412,-13.1812,-4.47658,-73.2681,0.308944,0.413368,-0.008545,24.312000000000012
1772222284413550907,2026-02-27 14:58:04.413,-13.0701,-4.52476,-73.7839,0.303728,0.40407,-0.004618,24.313000000000002
1772222284414679991,2026-02-27 14:58:04.414,-12.9666,-4.6713,-74.3941,0.296816,0.397226,0.001272,24.314000000000007
1772222284415851526,2026-02-27 14:58:04.415,-13.0088,-4.76706,-75.1641,0.285812,0.391468,0.006015,24.315000000000012
1772222284417042548,2026-02-27 14:58:04.417,-12.8542,-4.92198,-75.6937,0.280252,0.380732,0.009011,24.317000000000007
1772222284418212851,2026-02-27 14:58:04.418,-12.8762,-5.0193,-75.9474,0.276879,0.377412,0.010091,24.318000000000012
1772222284419383725,2026-02-27 14:58:04.419,-12.8312,-5.1225,-76.0341,0.269053,0.373315,0.0105,24.319000000000003
1772222284420548877,2026-02-27 14:58:04.420,-12.8049,-5.18036,-77.3022,0.265429,0.373126,0.020574,24.320000000000007
1772222284421679072,2026-02-27 14:58:04.421,-12.8192,-5.18949,-76.8349,0.261887,0.371905,0.017361,24.321000000000012
1772222284422851312,2026-02-27 14:58:04.422,-12.7919,-5.28872,-76.9133,0.257669,0.371869,0.016733,24.322000000000003
1772222284424036310,2026-02-27 14:58:04.424,-12.9536,-5.2886,-76.079,0.249561,0.376033,0.009791,24.324000000000012
1772222284425207091,2026-02-27 14:58:04.425,-12.9358,-5.30444,-76.0963,0.250471,0.379501,0.009516,24.325000000000003
1772222284426377223,2026-02-27 14:58:04.426,-12.9578,-5.24941,-76.0091,0.249893,0.384168,0.008671,24.326000000000008
1772222284427554023,2026-02-27 14:58:04.427,-13.042,-5.22665,-75.8157,0.250329,0.389958,0.007052,24.327000000000012
1772222284428685390,2026-02-27 14:58:04.428,-13.0923,-5.14598,-74.6276,0.249873,0.395284,-0.003416,24.328000000000003
1772222284429832755,2026-02-27 14:58:04.429,-13.2379,-5.17059,-74.6687,0.247243,0.401948,-0.003738,24.329000000000008
1772222284431039703,2026-02-27 14:58:04.431,-13.2903,-5.01007,-74.72,0.252196,0.415508,-0.001611,24.331000000000003
1772222284432210916,2026-02-27 14:58:04.432,-13.3188,-4.93783,-74.9127,0.251666,0.42336,-8.2e-05,24.332000000000008
1772222284433381499,2026-02-27 14:58:04.433,-13.4213,-4.89011,-74.6217,0.253233,0.430621,-0.00098,24.333000000000013
1772222284434561700,2026-02-27 14:58:04.434,-13.5093,-4.76957,-74.326,0.25599,0.439012,-0.002478,24.334000000000003
1772222284435693536,2026-02-27 14:58:04.435,-13.5672,-4.68488,-74.0236,0.259211,0.448263,-0.004866,24.335000000000008
1772222284436863967,2026-02-27 14:58:04.436,-13.7142,-4.6451,-74.2899,0.25955,0.458062,-0.001629,24.336000000000013
1772222284438055461,2026-02-27 14:58:04.438,-13.8642,-4.42239,-74.01,0.270116,0.477979,-0.003266,24.338000000000008
1772222284439232390,2026-02-27 14:58:04.439,-13.8975,-4.33353,-73.4436,0.272827,0.48473,-0.008697,24.339
1772222284440414512,2026-02-27 14:58:04.440,-14.0464,-4.17989,-72.931,0.275789,0.493963,-0.01238,24.340000000000003
1772222284441551232,2026-02-27 14:58:04.441,-14.1147,-4.13754,-72.5592,0.28197,0.501974,-0.015948,24.341000000000008
1772222284442679836,2026-02-27 14:58:04.442,-14.1838,-4.01155,-72.3661,0.284127,0.510651,-0.017313,24.342
1772222284443850389,2026-02-27 14:58:04.443,-14.3076,-3.88628,-72.2166,0.290402,0.519422,-0.018159,24.343000000000004
1772222284445040995,2026-02-27 14:58:04.445,-14.5456,-3.74283,-70.8798,0.292126,0.533422,-0.029769,24.345
1772222284446211077,2026-02-27 14:58:04.446,-14.5649,-3.60787,-71.2817,0.300754,0.541269,-0.026852,24.346000000000004
1772222284447380759,2026-02-27 14:58:04.447,-14.6549,-3.49895,-71.3651,0.30593,0.548488,-0.02636,24.34700000000001
1772222284448553761,2026-02-27 14:58:04.448,-14.7683,-3.43714,-71.7064,0.307703,0.553444,-0.020933,24.348
1772222284449684112,2026-02-27 14:58:04.449,-14.887,-3.37552,-71.9773,0.313116,0.559663,-0.019892,24.349000000000004
1772222284450829447,2026-02-27 14:58:04.450,-14.9069,-3.27018,-72.0584,0.318363,0.564062,-0.01961,24.35000000000001
1772222284452020929,2026-02-27 14:58:04.452,-14.9835,-3.18033,-72.1427,0.322112,0.567739,-0.019113,24.352000000000004
1772222284453209500,2026-02-27 14:58:04.453,-15.0776,-2.99059,-73.3994,0.332997,0.572249,-0.0071,24.35300000000001
1772222284454380283,2026-02-27 14:58:04.454,-15.0453,-2.91241,-73.405,0.339461,0.573874,-0.00889,24.354
1772222284455551038,2026-02-27 14:58:04.455,-15.1437,-2.80007,-73.5595,0.348465,0.571849,-0.00693,24.355000000000004
1772222284456682864,2026-02-27 14:58:04.456,-15.1609,-2.69124,-73.3111,0.354472,0.571557,-0.010438,24.35600000000001
1772222284457841325,2026-02-27 14:58:04.457,-15.107,-2.60237,-73.2728,0.361358,0.568609,-0.012774,24.357
1772222284459033139,2026-02-27 14:58:04.459,-15.0923,-2.48912,-73.423,0.36665,0.565869,-0.01137,24.35900000000001
1772222284460224491,2026-02-27 14:58:04.460,-15.0528,-2.40052,-74.0073,0.380795,0.560413,-0.008511,24.36
1772222284461415595,2026-02-27 14:58:04.461,-15.0222,-2.31414,-73.5623,0.387729,0.555651,-0.014,24.361000000000004
1772222284462557812,2026-02-27 14:58:04.462,-14.9813,-2.27969,-73.4756,0.391268,0.549923,-0.014651,24.36200000000001
1772222284463689032,2026-02-27 14:58:04.463,-14.9656,-2.24583,-73.8792,0.390754,0.544945,-0.012238,24.363
1772222284464835923,2026-02-27 14:58:04.464,-14.8977,-2.20659,-74.6116,0.399657,0.539953,-0.005563,24.364000000000004
1772222284466027982,2026-02-27 14:58:04.466,-14.7756,-2.21428,-75.2763,0.403794,0.533466,-5.2e-05,24.366
1772222284467219122,2026-02-27 14:58:04.467,-14.6991,-2.1224,-75.8843,0.41798,0.52276,0.00328,24.367000000000004
1772222284468389584,2026-02-27 14:58:04.468,-14.6365,-2.13052,-76.0593,0.419228,0.515756,0.005197,24.36800000000001
1772222284469553963,2026-02-27 14:58:04.469,-14.5751,-2.09086,-76.2783,0.42242,0.510901,0.007765,24.369
1772222284470683178,2026-02-27 14:58:04.470,-14.5228,-2.07334,-77.4438,0.428108,0.50595,0.018189,24.370000000000005
1772222284471936615,2026-02-27 14:58:04.471,-14.5475,-2.02339,-77.2052,0.435287,0.50386,0.016194,24.37100000000001
1772222284473146590,2026-02-27 14:58:04.473,-14.4065,-1.97477,-76.9461,0.442341,0.493463,0.01445,24.373000000000005
1772222284474317583,2026-02-27 14:58:04.474,-14.3724,-1.92252,-76.7963,0.448935,0.489443,0.013672,24.37400000000001
1772222284475495764,2026-02-27 14:58:04.475,-14.2439,-1.92248,-76.8197,0.453305,0.483975,0.014614,24.375
1772222284476626707,2026-02-27 14:58:04.476,-14.1268,-1.9176,-76.9012,0.457695,0.479756,0.015087,24.376000000000005
1772222284477774594,2026-02-27 14:58:04.477,-14.0631,-1.88091,-76.9511,0.464805,0.475512,0.016964,24.37700000000001
1772222284478945584,2026-02-27 14:58:04.478,-13.9589,-1.86874,-75.7834,0.465332,0.466528,0.006594,24.378
1772222284480138430,2026-02-27 14:58:04.480,-13.7144,-1.84245,-76.0098,0.473518,0.455001,0.01096,24.38000000000001
1772222284481308137,2026-02-27 14:58:04.481,-13.5706,-1.88026,-76.4732,0.478802,0.448632,0.017002,24.381
1772222284482490829,2026-02-27 14:58:04.482,-13.4335,-1.86436,-76.6875,0.479994,0.440942,0.018876,24.382000000000005
1772222284483619975,2026-02-27 14:58:04.483,-13.3939,-1.82673,-76.5935,0.482547,0.433913,0.020153,24.38300000000001
1772222284484769110,2026-02-27 14:58:04.484,-13.2677,-1.77489,-76.451,0.486327,0.427579,0.020575,24.384
1772222284485961108,2026-02-27 14:58:04.485,-13.1242,-1.78262,-76.3433,0.489402,0.420856,0.020073,24.385000000000005
1772222284487153181,2026-02-27 14:58:04.487,-12.8608,-1.81119,-76.8198,0.489343,0.406304,0.027977,24.387
1772222284488323327,2026-02-27 14:58:04.488,-12.7398,-1.81988,-76.4438,0.492092,0.397219,0.026809,24.388000000000005
1772222284489503171,2026-02-27 14:58:04.489,-12.614,-1.75211,-75.7525,0.492902,0.388998,0.020887,24.38900000000001
1772222284490634829,2026-02-27 14:58:04.490,-12.4451,-1.71105,-75.0381,0.488046,0.381926,0.01758,24.39
1772222284491780529,2026-02-27 14:58:04.491,-12.3105,-1.71052,-74.6131,0.485387,0.371944,0.014841,24.391000000000005
1772222284492950587,2026-02-27 14:58:04.492,-12.1932,-1.70484,-74.3733,0.481425,0.365613,0.012358,24.39200000000001
1772222284494132327,2026-02-27 14:58:04.494,-11.9007,-1.64141,-73.6613,0.481731,0.351199,0.00985,24.394000000000005
1772222284495302710,2026-02-27 14:58:04.495,-11.8115,-1.6749,-72.5778,0.477981,0.345844,0.002904,24.39500000000001
1772222284496483834,2026-02-27 14:58:04.496,-11.6852,-1.68654,-72.8048,0.477319,0.338819,0.006636,24.396
1772222284497615130,2026-02-27 14:58:04.497,-11.5479,-1.72227,-72.7552,0.476249,0.331457,0.008576,24.397000000000006
1772222284498762337,2026-02-27 14:58:04.498,-11.454,-1.70162,-73.0628,0.473167,0.32672,0.012001,24.39800000000001
1772222284499935768,2026-02-27 14:58:04.499,-11.3551,-1.7354,-72.9906,0.471101,0.321775,0.013492,24.399
1772222284501112971,2026-02-27 14:58:04.501,-11.2792,-1.72104,-72.727,0.470348,0.315283,0.013683,24.40100000000001
1772222284502285862,2026-02-27 14:58:04.502,-11.1421,-1.66968,-72.3236,0.465393,0.304285,0.01413,24.402
1772222284503477835,2026-02-27 14:58:04.503,-11.0556,-1.81783,-73.169,0.459346,0.295076,0.021661,24.403000000000006
1772222284504607369,2026-02-27 14:58:04.504,-10.9745,-1.73925,-72.448,0.459169,0.286263,0.017271,24.40400000000001
1772222284505755010,2026-02-27 14:58:04.505,-10.7972,-1.68721,-72.0326,0.453683,0.280745,0.016113,24.405
1772222284506924625,2026-02-27 14:58:04.506,-10.7297,-1.61842,-71.3907,0.449614,0.282881,0.008232,24.406000000000006
1772222284508114053,2026-02-27 14:58:04.508,-10.6888,-1.57944,-71.1399,0.451019,0.283912,0.004324,24.408
1772222284509290201,2026-02-27 14:58:04.509,-10.8032,-1.57841,-71.2521,0.450861,0.28361,0.002407,24.409000000000006
1772222284510465021,2026-02-27 14:58:04.510,-10.8051,-1.59563,-71.3297,0.453012,0.284888,0.001955,24.41000000000001
1772222284511537731,2026-02-27 14:58:04.511,-10.8097,-1.55246,-70.5242,0.453598,0.287156,-0.00913,24.411
1772222284512643402,2026-02-27 14:58:04.512,-10.8513,-1.63147,-70.5039,0.45333,0.289447,-0.009178,24.412000000000006
1772222284513749166,2026-02-27 14:58:04.513,-10.971,-1.63431,-70.6735,0.451818,0.294217,-0.008454,24.41300000000001
1772222284514909938,2026-02-27 14:58:04.514,-11.0126,-1.6942,-71.2187,0.448922,0.29708,-0.0031,24.414
1772222284516071103,2026-02-27 14:58:04.516,-11.1242,-1.8333,-71.7237,0.446085,0.301849,-0.000958,24.41600000000001
1772222284517221550,2026-02-27 14:58:04.517,-11.2886,-1.86718,-71.8545,0.441073,0.311211,-0.000132,24.417
1772222284518369908,2026-02-27 14:58:04.518,-11.3962,-1.9264,-72.0531,0.435315,0.315157,-0.00146,24.418000000000006
1772222284519516624,2026-02-27 14:58:04.519,-11.5418,-2.01284,-72.2833,0.431513,0.319866,0.002143,24.41900000000001
1772222284520607595,2026-02-27 14:58:04.520,-11.5723,-1.99764,-73.1195,0.43332,0.324787,0.008721,24.42
1772222284521724313,2026-02-27 14:58:04.521,-11.6312,-1.99233,-72.7836,0.43569,0.331439,0.004193,24.421000000000006
1772222284522869304,2026-02-27 14:58:04.522,-11.7415,-2.05279,-72.5235,0.42807,0.335776,0.001152,24.42200000000001
1772222284524048994,2026-02-27 14:58:04.524,-11.8487,-2.10395,-72.2134,0.426726,0.343565,-0.002847,24.424000000000007
1772222284525216965,2026-02-27 14:58:04.525,-11.9575,-2.10116,-71.9732,0.425389,0.349737,-0.005548,24.42500000000001
1772222284526385265,2026-02-27 14:58:04.526,-12.1578,-2.15731,-71.923,0.419615,0.364692,-0.00749,24.426000000000002
1772222284527573211,2026-02-27 14:58:04.527,-12.2666,-2.22215,-71.8539,0.41972,0.372273,-0.008818,24.427000000000007
1772222284528664437,2026-02-27 14:58:04.528,-12.3523,-2.27075,-70.6953,0.415378,0.377956,-0.018158,24.42800000000001
1772222284529828009,2026-02-27 14:58:04.529,-12.4215,-2.28855,-71.1623,0.414423,0.385049,-0.015308,24.429000000000002
1772222284531005995,2026-02-27 14:58:04.531,-12.5108,-2.37876,-71.0413,0.410793,0.390821,-0.015402,24.43100000000001
1772222284532194868,2026-02-27 14:58:04.532,-12.5183,-2.46131,-71.4975,0.40653,0.394961,-0.011147,24.432000000000002
1772222284533339125,2026-02-27 14:58:04.533,-12.6115,-2.53552,-71.5349,0.400687,0.40337,-0.00884,24.433000000000007
1772222284534506857,2026-02-27 14:58:04.534,-12.6248,-2.63272,-71.4972,0.395469,0.406525,-0.008594,24.43400000000001
1772222284535616610,2026-02-27 14:58:04.535,-12.6313,-2.71458,-71.3189,0.391024,0.407695,-0.008007,24.435000000000002
1772222284536781587,2026-02-27 14:58:04.536,-12.5832,-2.75777,-72.1536,0.388599,0.410156,0.001433,24.436000000000007
1772222284537961634,2026-02-27 14:58:04.537,-12.6484,-2.82133,-72.093,0.385158,0.411193,0.001168,24.437000000000012
1772222284539142057,2026-02-27 14:58:04.539,-12.6518,-2.95667,-71.9386,0.380019,0.413621,0.002319,24.439000000000007
1772222284540277771,2026-02-27 14:58:04.540,-12.6677,-3.10387,-70.9276,0.36851,0.414259,-0.003427,24.440000000000012
1772222284541422054,2026-02-27 14:58:04.541,-12.686,-3.1766,-70.8003,0.363146,0.413834,-0.00456,24.441000000000003
1772222284542522182,2026-02-27 14:58:04.542,-12.727,-3.35252,-70.682,0.35442,0.413504,-0.004532,24.442000000000007
1772222284543622371,2026-02-27 14:58:04.543,-12.7306,-3.43387,-70.7502,0.344746,0.413686,-0.003963,24.443000000000012
1772222284544782175,2026-02-27 14:58:04.544,-12.6938,-3.55579,-70.1808,0.342785,0.412045,-0.006957,24.444000000000003
1772222284545965221,2026-02-27 14:58:04.545,-12.6854,-3.64566,-69.5227,0.334872,0.410628,-0.011491,24.445000000000007
1772222284547146545,2026-02-27 14:58:04.547,-12.6805,-3.72828,-69.748,0.327085,0.409179,-0.008601,24.447000000000003
1772222284548308827,2026-02-27 14:58:04.548,-12.621,-4.00275,-70.351,0.309155,0.404875,-0.001313,24.448000000000008
1772222284549476238,2026-02-27 14:58:04.549,-12.4656,-4.11109,-70.4391,0.30184,0.404749,-0.003369,24.449000000000012
1772222284550580847,2026-02-27 14:58:04.550,-12.5575,-4.27393,-70.447,0.291157,0.404884,-0.002995,24.450000000000003
1772222284551687071,2026-02-27 14:58:04.551,-12.4615,-4.32972,-70.4278,0.282153,0.404159,-0.003034,24.451000000000008
1772222284552855464,2026-02-27 14:58:04.552,-12.576,-4.46391,-70.4945,0.270013,0.40513,-0.003134,24.452000000000012
1772222284554041023,2026-02-27 14:58:04.554,-12.604,-4.65497,-71.648,0.256628,0.403656,0.007417,24.454000000000008
1772222284555236635,2026-02-27 14:58:04.555,-12.5756,-4.71024,-71.2794,0.250565,0.405398,0.00379,24.455000000000013
1772222284556406109,2026-02-27 14:58:04.556,-12.671,-5.04262,-71.0443,0.229714,0.407458,0.000761,24.456000000000003
1772222284557535716,2026-02-27 14:58:04.557,-12.7585,-5.22669,-70.9719,0.217976,0.408118,-0.001855,24.457000000000008
1772222284558658556,2026-02-27 14:58:04.558,-12.7607,-5.36127,-71.1203,0.209233,0.410107,-0.001368,24.458000000000013
1772222284559834805,2026-02-27 14:58:04.559,-12.8521,-5.49318,-71.3072,0.201024,0.411968,-0.001477,24.459000000000003
1772222284561031760,2026-02-27 14:58:04.561,-12.9113,-5.57907,-71.4367,0.191889,0.414842,-0.000941,24.461000000000013
1772222284562228683,2026-02-27 14:58:04.562,-13.001,-5.67006,-70.6624,0.185237,0.417915,-0.010951,24.462000000000003
1772222284563395920,2026-02-27 14:58:04.563,-13.2149,-5.93585,-71.1507,0.15997,0.424243,-0.009731,24.463000000000008
1772222284564526805,2026-02-27 14:58:04.564,-13.2454,-6.02218,-71.8388,0.155275,0.429548,-0.004338,24.464
1772222284565658335,2026-02-27 14:58:04.565,-13.3876,-6.16143,-72.4788,0.143633,0.434998,-0.003943,24.465000000000003
1772222284566836129,2026-02-27 14:58:04.566,-13.4519,-6.26455,-72.6811,0.138606,0.440267,-0.004472,24.466000000000008
1772222284568042666,2026-02-27 14:58:04.568,-13.6441,-6.24785,-73.0383,0.130012,0.44889,-0.006781,24.468000000000004
1772222284569247132,2026-02-27 14:58:04.569,-13.7281,-6.40812,-73.2223,0.127161,0.455682,-0.00687,24.46900000000001
1772222284570423950,2026-02-27 14:58:04.570,-14.0066,-6.54445,-74.6917,0.115503,0.470882,-0.001232,24.47
1772222284571548330,2026-02-27 14:58:04.571,-14.194,-6.56506,-74.7138,0.113865,0.479549,-0.004517,24.471000000000004
1772222284572797223,2026-02-27 14:58:04.572,-14.3101,-6.64499,-74.6214,0.107102,0.487923,-0.009836,24.47200000000001
1772222284574026798,2026-02-27 14:58:04.574,-14.4827,-6.67516,-74.5266,0.099633,0.496231,-0.01575,24.474000000000004
1772222284575225749,2026-02-27 14:58:04.575,-14.5619,-6.64009,-74.6152,0.101429,0.503539,-0.017728,24.47500000000001
1772222284576411810,2026-02-27 14:58:04.576,-14.799,-6.70903,-75.1829,0.093833,0.520217,-0.021983,24.476
1772222284577563924,2026-02-27 14:58:04.577,-14.9582,-6.69442,-75.3075,0.093107,0.527957,-0.025074,24.477000000000004
1772222284578696242,2026-02-27 14:58:04.578,-15.2129,-6.7451,-74.5324,0.084242,0.535235,-0.035717,24.47800000000001
1772222284579870014,2026-02-27 14:58:04.579,-15.2705,-6.73464,-75.1816,0.085741,0.541669,-0.032898,24.479
1772222284581067818,2026-02-27 14:58:04.581,-15.4336,-6.66942,-75.4153,0.087928,0.550986,-0.0347,24.48100000000001
1772222284582355909,2026-02-27 14:58:04.582,-15.496,-6.67359,-76.1854,0.087035,0.558091,-0.032226,24.482
1772222284583495178,2026-02-27 14:58:04.583,-15.8079,-6.582,-76.5598,0.083687,0.574658,-0.034871,24.483000000000004
1772222284584655945,2026-02-27 14:58:04.584,-15.9359,-6.52062,-76.7214,0.089176,0.58361,-0.038077,24.48400000000001
1772222284585800415,2026-02-27 14:58:04.585,-16.0814,-6.46663,-76.7912,0.089069,0.593017,-0.040068,24.485
1772222284586982193,2026-02-27 14:58:04.586,-16.2954,-6.36826,-77.9614,0.093409,0.604178,-0.032497,24.486000000000004
1772222284588160855,2026-02-27 14:58:04.588,-16.4211,-6.2471,-77.8856,0.098419,0.615684,-0.037724,24.488
1772222284589346953,2026-02-27 14:58:04.589,-16.6031,-6.15514,-77.8274,0.100173,0.624771,-0.040627,24.489000000000004
1772222284590538973,2026-02-27 14:58:04.590,-17.0111,-5.90685,-77.1349,0.10979,0.647904,-0.053264,24.49000000000001
1772222284591678486,2026-02-27 14:58:04.591,-17.2185,-5.77182,-77.1305,0.118315,0.660513,-0.056924,24.491
1772222284592875927,2026-02-27 14:58:04.592,-17.321,-5.65985,-77.1171,0.123877,0.669913,-0.058743,24.492000000000004
1772222284594055321,2026-02-27 14:58:04.594,-17.4805,-5.48349,-77.1398,0.130135,0.680774,-0.061376,24.494
1772222284595235359,2026-02-27 14:58:04.595,-17.584,-5.30895,-76.5861,0.140543,0.690638,-0.070885,24.495000000000005
1772222284596410864,2026-02-27 14:58:04.596,-17.8985,-4.95516,-76.3872,0.153423,0.709406,-0.07618,24.49600000000001
1772222284597554179,2026-02-27 14:58:04.597,-17.8985,-4.95516,-76.3872,0.153423,0.709406,-0.07618,24.497
1772222284598709586,2026-02-27 14:58:04.598,-18.1075,-4.50418,-77.2672,0.175902,0.726682,-0.071388,24.498000000000005
1772222284599871030,2026-02-27 14:58:04.599,-18.1635,-4.38268,-77.3093,0.185808,0.733915,-0.073776,24.49900000000001
1772222284601072808,2026-02-27 14:58:04.601,-18.2299,-4.13762,-77.2488,0.198836,0.74036,-0.076171,24.501000000000005
1772222284602262318,2026-02-27 14:58:04.602,-18.3408,-3.95015,-77.3698,0.213651,0.747584,-0.07886,24.50200000000001
1772222284603488163,2026-02-27 14:58:04.603,-18.5659,-3.53148,-78.367,0.234188,0.7602,-0.071976,24.503
1772222284604627404,2026-02-27 14:58:04.604,-18.6233,-3.34271,-77.8702,0.246643,0.765481,-0.07886,24.504000000000005
1772222284605786096,2026-02-27 14:58:04.605,-18.7344,-3.11997,-77.7866,0.259132,0.770883,-0.081865,24.50500000000001
1772222284606963049,2026-02-27 14:58:04.606,-18.8038,-2.97321,-77.397,0.270926,0.776026,-0.087981,24.506
1772222284608143963,2026-02-27 14:58:04.608,-18.9495,-2.71415,-77.1449,0.284301,0.781304,-0.091902,24.50800000000001
1772222284609328200,2026-02-27 14:58:04.609,-19.011,-2.55345,-77.1888,0.295431,0.786879,-0.094003,24.509
1772222284610513505,2026-02-27 14:58:04.610,-19.2003,-2.19275,-77.3073,0.321124,0.797708,-0.099794,24.510000000000005
1772222284611647175,2026-02-27 14:58:04.611,-19.3491,-1.95535,-76.1626,0.33202,0.803682,-0.112693,24.51100000000001
1772222284612803086,2026-02-27 14:58:04.612,-19.4213,-1.81895,-76.4267,0.341919,0.808402,-0.112372,24.512
1772222284613983272,2026-02-27 14:58:04.613,-19.5068,-1.70923,-76.5528,0.351022,0.813178,-0.114563,24.513000000000005
1772222284615161642,2026-02-27 14:58:04.615,-19.548,-1.55602,-77.1518,0.362632,0.817891,-0.112691,24.515
1772222284616345471,2026-02-27 14:58:04.616,-19.689,-1.41446,-77.5969,0.373099,0.824279,-0.112869,24.516000000000005
1772222284617542436,2026-02-27 14:58:04.617,-19.834,-1.12764,-77.6161,0.391213,0.833335,-0.11859,24.51700000000001
1772222284618673397,2026-02-27 14:58:04.618,-19.9719,-1.02244,-77.7353,0.398608,0.839106,-0.122082,24.518
1772222284619844085,2026-02-27 14:58:04.619,-19.9618,-0.881962,-78.4745,0.407875,0.844091,-0.117386,24.519000000000005
1772222284621024645,2026-02-27 14:58:04.621,-20.0667,-0.778039,-78.8126,0.414916,0.849854,-0.118462,24.521
1772222284622203621,2026-02-27 14:58:04.622,-20.1522,-0.654177,-78.7868,0.423841,0.855595,-0.122075,24.522000000000006
1772222284623396615,2026-02-27 14:58:04.623,-20.2659,-0.597132,-78.3696,0.429453,0.859742,-0.12981,24.52300000000001
1772222284624533317,2026-02-27 14:58:04.624,-20.4277,-0.470653,-77.9673,0.44005,0.869584,-0.138109,24.524
1772222284625678868,2026-02-27 14:58:04.625,-20.5279,-0.420581,-78.0336,0.443216,0.875106,-0.140427,24.525000000000006
1772222284626875682,2026-02-27 14:58:04.626,-20.6339,-0.331657,-78.1625,0.448569,0.879529,-0.142479,24.52600000000001
1772222284628054249,2026-02-27 14:58:04.628,-20.6997,-0.335376,-77.9054,0.453121,0.884053,-0.1474,24.528000000000006
1772222284629234685,2026-02-27 14:58:04.629,-20.823,-0.243847,-77.0732,0.454829,0.889723,-0.156481,24.52900000000001
1772222284630409389,2026-02-27 14:58:04.630,-20.8447,-0.253044,-77.5874,0.458233,0.894637,-0.155478,24.53
1772222284631573114,2026-02-27 14:58:04.631,-20.95,-0.230163,-77.7004,0.455942,0.898784,-0.154083,24.531000000000006
1772222284632750097,2026-02-27 14:58:04.632,-21.119,-0.258884,-78.3446,0.450869,0.907876,-0.152677,24.53200000000001
1772222284633932382,2026-02-27 14:58:04.633,-21.1586,-0.276053,-78.3546,0.452031,0.912326,-0.154207,24.533
1772222284635107082,2026-02-27 14:58:04.635,-21.2761,-0.281256,-78.3903,0.449256,0.917092,-0.15536,24.53500000000001
1772222284636308391,2026-02-27 14:58:04.636,-21.3511,-0.308977,-78.3485,0.44541,0.92019,-0.155863,24.536
1772222284637503796,2026-02-27 14:58:04.637,-21.3328,-0.320198,-79.3858,0.440221,0.924369,-0.146797,24.537000000000006
1772222284638633986,2026-02-27 14:58:04.638,-21.4514,-0.342881,-79.0088,0.435494,0.928342,-0.152033,24.53800000000001
1772222284639855845,2026-02-27 14:58:04.639,-21.5053,-0.375632,-78.3174,0.427953,0.934745,-0.158514,24.539
1772222284641054168,2026-02-27 14:58:04.641,-21.4615,-0.44378,-78.011,0.423445,0.939199,-0.161772,24.54100000000001
1772222284642254784,2026-02-27 14:58:04.642,-21.5333,-0.438356,-77.8945,0.416905,0.941052,-0.161401,24.542
1772222284643478086,2026-02-27 14:58:04.643,-21.5427,-0.520931,-77.8152,0.409854,0.943865,-0.161373,24.543000000000006
1772222284644612869,2026-02-27 14:58:04.644,-21.6454,-0.652867,-76.8784,0.388279,0.945645,-0.169038,24.54400000000001
1772222284645769169,2026-02-27 14:58:04.645,-21.617,-0.737876,-76.7162,0.381922,0.946229,-0.169154,24.545
1772222284646970097,2026-02-27 14:58:04.646,-21.584,-0.838184,-76.7876,0.374103,0.94491,-0.167916,24.546000000000006
1772222284648171275,2026-02-27 14:58:04.648,-21.5496,-0.904257,-77.23,0.36771,0.944034,-0.162783,24.548000000000002
1772222284649374503,2026-02-27 14:58:04.649,-21.508,-0.96042,-77.7072,0.360112,0.944696,-0.15857,24.549000000000007
1772222284650536424,2026-02-27 14:58:04.650,-21.4183,-0.994848,-77.7151,0.353172,0.943613,-0.157492,24.55000000000001
1772222284651670590,2026-02-27 14:58:04.651,-21.3695,-1.23026,-77.7999,0.335957,0.937627,-0.154763,24.551000000000002
1772222284652842227,2026-02-27 14:58:04.652,-21.3543,-1.33354,-78.0115,0.323158,0.934869,-0.151113,24.552000000000007
1772222284654044710,2026-02-27 14:58:04.654,-21.3084,-1.40121,-78.8572,0.313744,0.931939,-0.14368,24.554000000000002
1772222284655249740,2026-02-27 14:58:04.655,-21.3055,-1.48476,-78.5561,0.309676,0.929743,-0.14639,24.555000000000007
1772222284656473394,2026-02-27 14:58:04.656,-21.2807,-1.54888,-78.3713,0.298269,0.928608,-0.1472,24.55600000000001
1772222284657609291,2026-02-27 14:58:04.657,-21.3267,-1.59038,-78.0756,0.291497,0.928643,-0.149312,24.557000000000002
1772222284658767405,2026-02-27 14:58:04.658,-21.3457,-1.78049,-77.968,0.280091,0.929362,-0.147673,24.558000000000007
1772222284659966055,2026-02-27 14:58:04.659,-21.4038,-1.81517,-77.958,0.274238,0.930855,-0.146517,24.55900000000001
1772222284661163890,2026-02-27 14:58:04.661,-21.4888,-1.90288,-77.8873,0.267346,0.93363,-0.145382,24.561000000000007
1772222284662337462,2026-02-27 14:58:04.662,-21.5478,-1.94573,-76.8911,0.264019,0.936626,-0.154762,24.562000000000012
1772222284663559339,2026-02-27 14:58:04.663,-21.5693,-1.9686,-77.2972,0.258181,0.939852,-0.148962,24.563000000000002
1772222284664695196,2026-02-27 14:58:04.664,-21.7092,-2.13339,-77.7468,0.245049,0.950641,-0.143249,24.564000000000007
1772222284665864800,2026-02-27 14:58:04.665,-21.8436,-2.18009,-78.0377,0.238945,0.957709,-0.139747,24.565000000000012
1772222284667069941,2026-02-27 14:58:04.667,-21.9724,-2.1992,-77.9016,0.234123,0.964876,-0.139177,24.567000000000007
1772222284668267268,2026-02-27 14:58:04.668,-22.0884,-2.19374,-77.9106,0.231737,0.973283,-0.138007,24.568000000000012
1772222284669440308,2026-02-27 14:58:04.669,-22.2486,-2.19778,-77.8133,0.229252,0.982752,-0.13763,24.569000000000003
1772222284670563155,2026-02-27 14:58:04.670,-22.3421,-2.23502,-78.6057,0.222159,0.991751,-0.128919,24.570000000000007
1772222284671698137,2026-02-27 14:58:04.671,-22.5787,-2.19071,-78.5958,0.220234,1.0101,-0.127574,24.571000000000012
1772222284672870239,2026-02-27 14:58:04.672,-22.7545,-2.21678,-77.9493,0.219353,1.01587,-0.133431,24.572000000000003
1772222284674064407,2026-02-27 14:58:04.674,-22.8703,-2.21133,-77.5693,0.21415,1.02258,-0.135925,24.574000000000012
1772222284675265523,2026-02-27 14:58:04.675,-22.9697,-2.18642,-77.538,0.21778,1.03379,-0.13422,24.575000000000003
1772222284676480270,2026-02-27 14:58:04.676,-23.1584,-2.12768,-77.577,0.217962,1.046,-0.134708,24.576000000000008
1772222284677613844,2026-02-27 14:58:04.677,-23.3619,-2.11318,-77.661,0.220124,1.05993,-0.13757,24.577000000000012
1772222284678768136,2026-02-27 14:58:04.678,-23.7444,-2.05789,-76.7889,0.220621,1.07973,-0.146951,24.578000000000003
1772222284679972288,2026-02-27 14:58:04.679,-23.7753,-2.04711,-77.2185,0.221212,1.08616,-0.143404,24.579000000000008
1772222284681174109,2026-02-27 14:58:04.681,-23.9226,-1.9871,-77.5654,0.221346,1.0939,-0.140387,24.581000000000003
1772222284682372125,2026-02-27 14:58:04.682,-24.0294,-2.01162,-78.1446,0.222509,1.09872,-0.136008,24.582000000000008
1772222284683531899,2026-02-27 14:58:04.683,-24.1475,-1.9669,-78.46,0.222278,1.10488,-0.134692,24.583000000000013
1772222284684681119,2026-02-27 14:58:04.684,-24.4116,-1.99347,-78.705,0.223337,1.11539,-0.135039,24.584000000000003
1772222284685971280,2026-02-27 14:58:04.685,-24.4749,-1.94562,-78.9301,0.223557,1.11979,-0.134949,24.585000000000008
1772222284687173069,2026-02-27 14:58:04.687,-24.548,-1.90087,-80.3158,0.227642,1.12374,-0.125367,24.587000000000003
1772222284688371746,2026-02-27 14:58:04.688,-24.6598,-1.87278,-79.9463,0.224218,1.12483,-0.129445,24.588000000000008
1772222284689559643,2026-02-27 14:58:04.689,-24.7054,-1.84871,-80.1693,0.227863,1.12724,-0.129488,24.589
1772222284690692962,2026-02-27 14:58:04.690,-24.8624,-1.76573,-79.8386,0.233566,1.13137,-0.136589,24.590000000000003
1772222284691889593,2026-02-27 14:58:04.691,-24.9214,-1.73105,-80.0481,0.235298,1.13203,-0.135771,24.591000000000008
1772222284693190329,2026-02-27 14:58:04.693,-24.9638,-1.77213,-80.1316,0.234934,1.13191,-0.135607,24.593000000000004
1772222284694390789,2026-02-27 14:58:04.694,-25.0187,-1.72516,-80.392,0.236777,1.13371,-0.136323,24.59400000000001
1772222284695694848,2026-02-27 14:58:04.695,-25.0643,-1.70456,-79.4725,0.239083,1.13387,-0.146199,24.595
1772222284696913884,2026-02-27 14:58:04.696,-25.1209,-1.63752,-79.9294,0.236457,1.13472,-0.145168,24.596000000000004
1772222284698112891,2026-02-27 14:58:04.698,-25.108,-1.59081,-80.6908,0.241807,1.13466,-0.140544,24.598
1772222284699311046,2026-02-27 14:58:04.699,-25.0811,-1.61859,-81.1786,0.23926,1.13321,-0.137671,24.599000000000004
1772222284700518622,2026-02-27 14:58:04.700,-25.2158,-1.57133,-81.3413,0.235468,1.13248,-0.138367,24.60000000000001
1772222284701651392,2026-02-27 14:58:04.701,-25.1167,-1.47703,-81.5004,0.238188,1.13109,-0.138596,24.601
1772222284702813067,2026-02-27 14:58:04.702,-25.1103,-1.49327,-82.1031,0.238567,1.13071,-0.133587,24.602000000000004
1772222284704012237,2026-02-27 14:58:04.704,-25.0791,-1.48643,-82.7152,0.234284,1.12705,-0.130556,24.604
1772222284705212907,2026-02-27 14:58:04.705,-25.0541,-1.40188,-82.5954,0.241773,1.12697,-0.132863,24.605000000000004
1772222284706411587,2026-02-27 14:58:04.706,-25.089,-1.38089,-82.2445,0.235805,1.12488,-0.137218,24.60600000000001
1772222284707565426,2026-02-27 14:58:04.707,-25.0583,-1.38086,-81.9214,0.2382,1.12281,-0.139753,24.607
1772222284708703567,2026-02-27 14:58:04.708,-25.0224,-1.26371,-81.8541,0.239718,1.11923,-0.140654,24.608000000000004
1772222284709875948,2026-02-27 14:58:04.709,-25.0306,-1.25486,-81.752,0.234904,1.11617,-0.141071,24.60900000000001
1772222284711075503,2026-02-27 14:58:04.711,-24.9779,-1.20134,-81.6468,0.241857,1.11527,-0.141068,24.611000000000004
1772222284712271877,2026-02-27 14:58:04.712,-24.9271,-1.11897,-80.6133,0.245049,1.11422,-0.149371,24.61200000000001
1772222284713480722,2026-02-27 14:58:04.713,-24.9427,-1.08868,-80.8732,0.239271,1.11267,-0.144247,24.613
1772222284714616979,2026-02-27 14:58:04.714,-24.8942,-1.0319,-80.8032,0.24166,1.11157,-0.142216,24.614000000000004
1772222284715750982,2026-02-27 14:58:04.715,-24.8244,-0.930501,-81.2128,0.241596,1.10822,-0.132338,24.61500000000001
1772222284716883695,2026-02-27 14:58:04.716,-24.842,-0.871306,-81.0522,0.241675,1.10861,-0.131998,24.616
1772222284718083817,2026-02-27 14:58:04.718,-24.8421,-0.820868,-80.8016,0.238785,1.10798,-0.129961,24.61800000000001
1772222284719283816,2026-02-27 14:58:04.719,-24.7821,-0.772826,-80.6887,0.24277,1.10807,-0.128116,24.619
1772222284720494232,2026-02-27 14:58:04.720,-24.77,-0.707373,-81.3999,0.239709,1.1079,-0.115939,24.620000000000005
1772222284721631131,2026-02-27 14:58:04.721,-24.7031,-0.665294,-80.9142,0.238545,1.10803,-0.115285,24.62100000000001
1772222284722784439,2026-02-27 14:58:04.722,-24.6373,-0.591665,-79.7865,0.238692,1.1079,-0.116151,24.622
1772222284723987273,2026-02-27 14:58:04.723,-24.661,-0.545619,-79.1691,0.237134,1.10695,-0.117285,24.623000000000005
1772222284725190114,2026-02-27 14:58:04.725,-24.5882,-0.471411,-78.9021,0.240024,1.10662,-0.114083,24.625
1772222284726389447,2026-02-27 14:58:04.726,-24.5249,-0.39582,-78.6669,0.23742,1.10863,-0.112538,24.626000000000005
1772222284727572322,2026-02-27 14:58:04.727,-24.4809,-0.387963,-78.3963,0.234303,1.10799,-0.110329,24.62700000000001
1772222284728711684,2026-02-27 14:58:04.728,-24.4876,-0.423814,-77.6105,0.232948,1.10944,-0.115302,24.628
1772222284729869901,2026-02-27 14:58:04.729,-24.5456,-0.415915,-77.1316,0.219694,1.11422,-0.114495,24.629000000000005
1772222284731071196,2026-02-27 14:58:04.731,-24.5346,-0.409851,-77.4301,0.218353,1.11846,-0.109201,24.631
1772222284732271922,2026-02-27 14:58:04.732,-24.5032,-0.428659,-77.7093,0.213292,1.12012,-0.10396,24.632000000000005
1772222284733479935,2026-02-27 14:58:04.733,-24.5357,-0.529091,-77.6209,0.202489,1.12183,-0.102491,24.63300000000001
1772222284734613990,2026-02-27 14:58:04.734,-24.5496,-0.625041,-77.4742,0.195643,1.12445,-0.100288,24.634
1772222284735786990,2026-02-27 14:58:04.735,-24.5937,-0.688414,-77.2618,0.177281,1.12805,-0.096347,24.635000000000005
1772222284736983087,2026-02-27 14:58:04.736,-24.506,-0.886853,-78.2783,0.171869,1.13008,-0.087171,24.63600000000001
1772222284738186293,2026-02-27 14:58:04.738,-24.4794,-0.873363,-77.7348,0.164335,1.13082,-0.089611,24.638000000000005
1772222284739388228,2026-02-27 14:58:04.739,-24.5181,-0.937557,-77.5987,0.156067,1.13275,-0.08911,24.63900000000001
1772222284740548974,2026-02-27 14:58:04.740,-24.5926,-1.03103,-77.1126,0.147971,1.13349,-0.092449,24.64
1772222284741682041,2026-02-27 14:58:04.741,-24.5653,-1.11754,-76.6891,0.134502,1.13463,-0.092364,24.641000000000005
1772222284742858594,2026-02-27 14:58:04.742,-24.5968,-1.25562,-76.3906,0.116316,1.13838,-0.089063,24.64200000000001
1772222284744056157,2026-02-27 14:58:04.744,-24.5778,-1.43637,-76.2136,0.107657,1.13991,-0.088425,24.644000000000005
1772222284745231139,2026-02-27 14:58:04.745,-24.6513,-1.53716,-74.8383,0.09454,1.1418,-0.097168,24.64500000000001
1772222284746431530,2026-02-27 14:58:04.746,-24.7268,-1.60194,-74.9145,0.08614,1.14864,-0.092141,24.646
1772222284747566606,2026-02-27 14:58:04.747,-24.7361,-1.71971,-74.7767,0.078855,1.15255,-0.091694,24.647000000000006
1772222284748731019,2026-02-27 14:58:04.748,-24.7975,-1.86822,-75.069,0.063654,1.15496,-0.085207,24.64800000000001
1772222284749904588,2026-02-27 14:58:04.749,-24.8057,-2.04937,-74.8485,0.046494,1.16767,-0.078895,24.649
1772222284751104551,2026-02-27 14:58:04.751,-24.8327,-2.09152,-74.6311,0.045881,1.17259,-0.077801,24.65100000000001
1772222284752310484,2026-02-27 14:58:04.752,-24.8424,-2.16237,-74.3954,0.038935,1.17847,-0.076656,24.652
1772222284753554319,2026-02-27 14:58:04.753,-24.911,-2.29262,-74.7584,0.027719,1.18316,-0.068436,24.653000000000006
1772222284754686997,2026-02-27 14:58:04.754,-24.9844,-2.40776,-74.782,0.018031,1.18898,-0.065343,24.65400000000001
1772222284755839638,2026-02-27 14:58:04.755,-25.0128,-2.56127,-73.7639,0.004204,1.19879,-0.068917,24.655
1772222284757011834,2026-02-27 14:58:04.757,-24.9456,-2.57316,-73.1067,0.002721,1.20073,-0.069514,24.65700000000001
1772222284758214127,2026-02-27 14:58:04.758,-25.0212,-2.65158,-72.6797,-0.00434,1.20359,-0.069896,24.658
1772222284759349778,2026-02-27 14:58:04.759,-25.0452,-2.79047,-72.5471,-0.013111,1.20531,-0.068813,24.659000000000006
1772222284760571377,2026-02-27 14:58:04.760,-25.1033,-2.8417,-72.3466,-0.026173,1.20581,-0.069192,24.66000000000001
1772222284761704214,2026-02-27 14:58:04.761,-24.9558,-2.93054,-71.8264,-0.030033,1.20559,-0.070611,24.661
1772222284762856201,2026-02-27 14:58:04.762,-25.0213,-2.96467,-70.7868,-0.033678,1.20577,-0.07736,24.662000000000006
1772222284764039708,2026-02-27 14:58:04.764,-24.9079,-3.15572,-70.9073,-0.052797,1.2008,-0.072155,24.664
1772222284765237766,2026-02-27 14:58:04.765,-24.811,-3.1736,-71.2898,-0.055845,1.19887,-0.066485,24.665000000000006
1772222284766437905,2026-02-27 14:58:04.766,-24.6914,-3.2188,-71.3366,-0.064784,1.19339,-0.065855,24.66600000000001
1772222284767571217,2026-02-27 14:58:04.767,-24.4629,-3.26263,-71.1223,-0.061243,1.1779,-0.063877,24.667
1772222284768701991,2026-02-27 14:58:04.768,-24.33,-3.28276,-70.7894,-0.067678,1.17205,-0.061905,24.668000000000006
1772222284769854267,2026-02-27 14:58:04.769,-24.2857,-3.29053,-70.6903,-0.069285,1.17079,-0.061468,24.66900000000001
1772222284771024678,2026-02-27 14:58:04.771,-24.1249,-3.41709,-71.3055,-0.082484,1.16144,-0.055056,24.671000000000006
1772222284772222069,2026-02-27 14:58:04.772,-23.9704,-3.46047,-71.1942,-0.085849,1.15227,-0.053331,24.67200000000001
1772222284773420014,2026-02-27 14:58:04.773,-23.8055,-3.5284,-70.6278,-0.090214,1.14237,-0.05587,24.673000000000002
1772222284774564918,2026-02-27 14:58:04.774,-23.6908,-3.52918,-70.2593,-0.092314,1.13061,-0.056242,24.674000000000007
1772222284775694375,2026-02-27 14:58:04.775,-23.482,-3.56814,-70.1919,-0.094617,1.11969,-0.05388,24.67500000000001
1772222284776868762,2026-02-27 14:58:04.776,-23.303,-3.50595,-70.1822,-0.095944,1.10854,-0.052095,24.676000000000002
1772222284778039756,2026-02-27 14:58:04.778,-22.9402,-3.46544,-69.3581,-0.09571,1.08167,-0.056332,24.67800000000001
1772222284779240095,2026-02-27 14:58:04.779,-22.6832,-3.4944,-69.1805,-0.096233,1.06708,-0.055121,24.679000000000002
1772222284780438541,2026-02-27 14:58:04.780,-22.5446,-3.38914,-69.1771,-0.094425,1.05449,-0.052351,24.680000000000007
1772222284781564028,2026-02-27 14:58:04.781,-22.2942,-3.39675,-69.6128,-0.094343,1.04197,-0.044433,24.68100000000001
1772222284782695341,2026-02-27 14:58:04.782,-22.1366,-3.33141,-70.0954,-0.086414,1.0283,-0.038616,24.682000000000002
1772222284783850252,2026-02-27 14:58:04.783,-21.946,-3.29037,-69.932,-0.089172,1.01553,-0.035489,24.683000000000007
1772222284785002938,2026-02-27 14:58:04.785,-21.6002,-3.17091,-69.7957,-0.07891,0.990641,-0.030473,24.685000000000002
1772222284786197420,2026-02-27 14:58:04.786,-21.4337,-3.06681,-70.0263,-0.074199,0.979905,-0.025893,24.686000000000007
1772222284787398320,2026-02-27 14:58:04.787,-21.1754,-3.04663,-70.8499,-0.067481,0.969162,-0.017425,24.687000000000012
1772222284788562422,2026-02-27 14:58:04.788,-21.0828,-2.92078,-70.3892,-0.060261,0.959018,-0.018988,24.688000000000002
1772222284789693522,2026-02-27 14:58:04.789,-20.9825,-2.91494,-70.1895,-0.054907,0.949291,-0.018034,24.689000000000007
1772222284790861348,2026-02-27 14:58:04.790,-20.81,-2.72177,-69.7797,-0.048057,0.940418,-0.020942,24.690000000000012
1772222284792034312,2026-02-27 14:58:04.792,-20.4367,-2.4915,-69.3632,-0.025221,0.918949,-0.017437,24.692000000000007
1772222284793226005,2026-02-27 14:58:04.793,-20.3061,-2.40163,-69.0883,-0.021521,0.907833,-0.015572,24.693000000000012
1772222284794425360,2026-02-27 14:58:04.794,-20.0423,-2.30526,-68.9309,-0.011429,0.896169,-0.013702,24.694000000000003
1772222284795566525,2026-02-27 14:58:04.795,-19.9051,-2.11016,-67.5552,0.001752,0.885896,-0.020815,24.695000000000007
1772222284796703441,2026-02-27 14:58:04.796,-19.6803,-1.98915,-67.7323,0.011194,0.874624,-0.014628,24.696000000000012
1772222284797909068,2026-02-27 14:58:04.797,-19.5,-1.8283,-67.5855,0.025158,0.864138,-0.011122,24.697000000000003
1772222284799082020,2026-02-27 14:58:04.799,-19.1326,-1.50125,-67.8287,0.044816,0.839414,0.002737,24.699000000000012
1772222284800284517,2026-02-27 14:58:04.800,-18.8825,-1.36394,-67.5706,0.059401,0.827966,0.004997,24.700000000000003
1772222284801494597,2026-02-27 14:58:04.801,-18.6877,-1.19068,-67.2599,0.070564,0.81419,0.008155,24.701000000000008
1772222284802633252,2026-02-27 14:58:04.802,-18.4785,-1.01386,-67.0421,0.084712,0.803504,0.010204,24.702000000000012
1772222284803933166,2026-02-27 14:58:04.803,-18.2395,-0.878076,-67.5382,0.093817,0.789716,0.021586,24.703000000000003
1772222284805107615,2026-02-27 14:58:04.805,-17.8894,-0.594916,-67.1748,0.117907,0.764827,0.02689,24.705000000000013
1772222284806307880,2026-02-27 14:58:04.806,-17.7161,-0.47962,-66.4235,0.130081,0.751788,0.024941,24.706000000000003
1772222284807517726,2026-02-27 14:58:04.807,-17.5795,-0.313126,-65.9822,0.143485,0.741984,0.023703,24.707000000000008
1772222284808656275,2026-02-27 14:58:04.808,-17.4175,-0.159736,-65.7026,0.152874,0.73173,0.025266,24.708000000000013
1772222284809880265,2026-02-27 14:58:04.809,-17.2969,-0.016044,-65.5481,0.162437,0.722349,0.027197,24.709000000000003
1772222284811057308,2026-02-27 14:58:04.811,-17.0624,0.266751,-65.1632,0.187797,0.708234,0.026037,24.711000000000013
1772222284812252247,2026-02-27 14:58:04.812,-17.0083,0.422623,-64.4785,0.20046,0.703219,0.021683,24.712000000000003
1772222284813477007,2026-02-27 14:58:04.813,-16.9296,0.506836,-64.9339,0.208453,0.696288,0.026403,24.713000000000008
1772222284814610403,2026-02-27 14:58:04.814,-16.8771,0.617697,-65.3793,0.223117,0.692853,0.029964,24.714
1772222284815745718,2026-02-27 14:58:04.815,-16.8798,0.745627,-65.9335,0.230973,0.688712,0.034015,24.715000000000003
1772222284816878222,2026-02-27 14:58:04.816,-16.8431,0.831298,-66.1261,0.238685,0.684937,0.035861,24.716000000000008
1772222284818053323,2026-02-27 14:58:04.818,-16.8115,1.02723,-66.5746,0.260087,0.677181,0.036908,24.718000000000004
1772222284819234990,2026-02-27 14:58:04.819,-16.776,1.14729,-66.8374,0.269345,0.67305,0.037064,24.71900000000001
1772222284820434769,2026-02-27 14:58:04.820,-16.7347,1.25076,-68.2823,0.283702,0.671371,0.047093,24.72
1772222284821567711,2026-02-27 14:58:04.821,-16.699,1.28676,-67.9922,0.288618,0.665611,0.043383,24.721000000000004
1772222284822700664,2026-02-27 14:58:04.822,-16.654,1.41626,-68.2512,0.300564,0.6625,0.043155,24.72200000000001
1772222284823874104,2026-02-27 14:58:04.823,-16.6421,1.48164,-68.0011,0.309864,0.657802,0.039528,24.723
1772222284825054378,2026-02-27 14:58:04.825,-16.5638,1.63431,-68.2229,0.328843,0.648328,0.036994,24.72500000000001
1772222284826234579,2026-02-27 14:58:04.826,-16.5237,1.68628,-68.4429,0.335374,0.643165,0.036665,24.726
1772222284827432597,2026-02-27 14:58:04.827,-16.4425,1.69733,-68.6384,0.342993,0.637987,0.0359,24.727000000000004
1772222284828561426,2026-02-27 14:58:04.828,-16.5446,1.74349,-67.8445,0.347936,0.632785,0.02635,24.72800000000001
1772222284829692232,2026-02-27 14:58:04.829,-16.4624,1.75535,-68.0284,0.354244,0.62687,0.026856,24.729
1772222284830894576,2026-02-27 14:58:04.830,-16.3996,1.77618,-68.1157,0.362909,0.621988,0.025115,24.730000000000004
1772222284832070934,2026-02-27 14:58:04.832,-16.2095,1.85052,-69.3118,0.37901,0.61314,0.028489,24.732
1772222284833251816,2026-02-27 14:58:04.833,-16.1056,1.81555,-69.444,0.382789,0.607247,0.027223,24.733000000000004
1772222284834472165,2026-02-27 14:58:04.834,-16.0516,1.79376,-69.473,0.387574,0.600735,0.025653,24.73400000000001
1772222284835608856,2026-02-27 14:58:04.835,-15.9261,1.81023,-69.4375,0.394051,0.596012,0.023895,24.735
1772222284836785406,2026-02-27 14:58:04.836,-15.8604,1.83188,-69.9864,0.39804,0.591312,0.027138,24.736000000000004
1772222284837989018,2026-02-27 14:58:04.837,-15.6959,1.79829,-70.6331,0.403724,0.585001,0.030086,24.73700000000001
1772222284839163728,2026-02-27 14:58:04.839,-15.5266,1.79621,-69.9471,0.408995,0.572959,0.022114,24.739000000000004
1772222284840363829,2026-02-27 14:58:04.840,-15.4504,1.79163,-69.6568,0.415313,0.567377,0.018599,24.74000000000001
1772222284841574109,2026-02-27 14:58:04.841,-15.3504,1.79081,-69.3201,0.4168,0.561185,0.017142,24.741
1772222284842706306,2026-02-27 14:58:04.842,-15.2073,1.73413,-69.3136,0.420494,0.554189,0.016574,24.742000000000004
1772222284843882276,2026-02-27 14:58:04.843,-15.0749,1.73311,-69.1674,0.421653,0.547223,0.01628,24.74300000000001
1772222284845059603,2026-02-27 14:58:04.845,-14.902,1.71052,-68.9638,0.422717,0.538772,0.016643,24.745000000000005
1772222284846243996,2026-02-27 14:58:04.846,-14.6723,1.66421,-68.0776,0.427402,0.521799,0.012415,24.74600000000001
1772222284847443730,2026-02-27 14:58:04.847,-14.5175,1.58641,-67.974,0.430316,0.513159,0.012531,24.747
1772222284848574585,2026-02-27 14:58:04.848,-14.3556,1.52357,-68.2297,0.426078,0.504365,0.017433,24.748000000000005
1772222284849705501,2026-02-27 14:58:04.849,-14.2313,1.42849,-68.1707,0.424602,0.49701,0.017848,24.74900000000001
1772222284850906372,2026-02-27 14:58:04.850,-14.0364,1.39069,-67.8718,0.423372,0.489385,0.016047,24.75
1772222284852082370,2026-02-27 14:58:04.852,-13.9011,1.23851,-67.6523,0.422554,0.481621,0.013757,24.75200000000001
1772222284853259888,2026-02-27 14:58:04.853,-13.5536,1.0561,-68.1661,0.415451,0.469292,0.017911,24.753
1772222284854484376,2026-02-27 14:58:04.854,-13.4918,0.956485,-67.7759,0.411099,0.464907,0.010962,24.754000000000005
1772222284855619205,2026-02-27 14:58:04.855,-13.3875,0.799901,-67.5917,0.413473,0.461113,0.008035,24.75500000000001
1772222284856789999,2026-02-27 14:58:04.856,-13.2822,0.706844,-66.752,0.405734,0.456266,0.000821,24.756
1772222284857992841,2026-02-27 14:58:04.857,-13.2111,0.616619,-66.3177,0.403059,0.453506,-0.003316,24.757000000000005
1772222284859171744,2026-02-27 14:58:04.859,-13.1317,0.326731,-65.9926,0.38989,0.447607,-0.006946,24.759
1772222284860368015,2026-02-27 14:58:04.860,-13.0732,0.209006,-65.9783,0.384654,0.447137,-0.009274,24.760000000000005
1772222284861582022,2026-02-27 14:58:04.861,-13.0485,0.073855,-65.3243,0.377465,0.446848,-0.016196,24.76100000000001
1772222284862716763,2026-02-27 14:58:04.862,-13.0709,-0.034408,-64.8169,0.372962,0.447657,-0.022477,24.762
1772222284863893650,2026-02-27 14:58:04.863,-13.0765,-0.193464,-64.937,0.363072,0.444859,-0.023433,24.763000000000005
1772222284865075261,2026-02-27 14:58:04.865,-13.0681,-0.309997,-65.5592,0.35766,0.454063,-0.021746,24.765
1772222284866248689,2026-02-27 14:58:04.866,-13.3377,-0.587803,-66.602,0.346489,0.469276,-0.02214,24.766000000000005
1772222284867449309,2026-02-27 14:58:04.867,-13.4833,-0.761786,-66.9289,0.340188,0.476225,-0.022568,24.76700000000001
1772222284868563259,2026-02-27 14:58:04.868,-13.6364,-0.918691,-67.2514,0.332718,0.485593,-0.023682,24.768
1772222284869698094,2026-02-27 14:58:04.869,-13.8619,-1.08547,-67.7319,0.326324,0.497382,-0.022511,24.769000000000005
1772222284870892390,2026-02-27 14:58:04.870,-14.0228,-1.23207,-69.1999,0.316648,0.507436,-0.013623,24.77000000000001
1772222284872093555,2026-02-27 14:58:04.872,-14.3331,-1.32091,-69.2774,0.308546,0.520531,-0.018388,24.772000000000006
1772222284873270809,2026-02-27 14:58:04.873,-14.8004,-1.58769,-69.7334,0.297386,0.547474,-0.024709,24.77300000000001
1772222284874486498,2026-02-27 14:58:04.874,-15.126,-1.70359,-69.9644,0.291309,0.563097,-0.027638,24.774
1772222284875620836,2026-02-27 14:58:04.875,-15.4139,-1.77636,-70.5329,0.29103,0.580893,-0.028312,24.775000000000006
1772222284876805123,2026-02-27 14:58:04.876,-15.7485,-1.88553,-71.0016,0.283946,0.596462,-0.029248,24.77600000000001
1772222284878004924,2026-02-27 14:58:04.878,-16.048,-1.93399,-71.5019,0.281893,0.61327,-0.031169,24.778000000000006
1772222284879182528,2026-02-27 14:58:04.879,-16.6563,-2.0154,-71.7451,0.278428,0.648193,-0.041848,24.77900000000001
1772222284880362598,2026-02-27 14:58:04.880,-16.923,-2.11566,-72.2289,0.274436,0.664541,-0.0432,24.78
1772222284881567219,2026-02-27 14:58:04.881,-17.2187,-2.14699,-73.2073,0.273341,0.681584,-0.040448,24.781000000000006
1772222284882708592,2026-02-27 14:58:04.882,-17.495,-2.14019,-74.0804,0.275481,0.698632,-0.037988,24.78200000000001
1772222284883905872,2026-02-27 14:58:04.883,-17.804,-2.18075,-74.4593,0.2751,0.71373,-0.039771,24.783
1772222284885107703,2026-02-27 14:58:04.885,-18.0004,-2.15393,-74.9151,0.277942,0.728806,-0.041771,24.78500000000001
1772222284886282574,2026-02-27 14:58:04.886,-18.4945,-2.11712,-76.4109,0.283467,0.757262,-0.03769,24.786
1772222284887473627,2026-02-27 14:58:04.887,-18.6998,-2.09831,-77.2156,0.285159,0.771513,-0.036262,24.787000000000006
1772222284888605938,2026-02-27 14:58:04.888,-18.8742,-1.97942,-77.4317,0.292571,0.782961,-0.037301,24.78800000000001
1772222284889735667,2026-02-27 14:58:04.889,-19.0524,-1.92081,-77.3458,0.297682,0.790522,-0.041184,24.789
1772222284890916271,2026-02-27 14:58:04.890,-19.2619,-1.89658,-77.4068,0.299892,0.800277,-0.044602,24.790000000000006
1772222284892120419,2026-02-27 14:58:04.892,-19.3534,-1.80142,-77.4809,0.310825,0.806166,-0.045252,24.792
1772222284893295548,2026-02-27 14:58:04.893,-19.5459,-1.64704,-78.0414,0.324831,0.813825,-0.043265,24.793000000000006
1772222284894503234,2026-02-27 14:58:04.894,-19.6057,-1.48028,-78.0914,0.332727,0.814885,-0.044727,24.79400000000001
1772222284895639458,2026-02-27 14:58:04.895,-19.5954,-1.37534,-77.3494,0.348615,0.815953,-0.051425,24.795
1772222284896832735,2026-02-27 14:58:04.896,-19.6003,-1.24901,-77.8095,0.35711,0.813715,-0.046055,24.796000000000006
1772222284898031905,2026-02-27 14:58:04.898,-19.5014,-1.14985,-77.9445,0.368577,0.809972,-0.043273,24.798000000000002
1772222284899208922,2026-02-27 14:58:04.899,-19.475,-0.988383,-78.4646,0.381561,0.805717,-0.037811,24.799000000000007
1772222284900386333,2026-02-27 14:58:04.900,-19.2041,-0.739421,-78.5413,0.405617,0.790812,-0.033727,24.80000000000001
1772222284901556045,2026-02-27 14:58:04.901,-18.9767,-0.573543,-78.419,0.419716,0.780374,-0.032607,24.801000000000002
1772222284902691516,2026-02-27 14:58:04.902,-18.8242,-0.379289,-78.2218,0.432922,0.769198,-0.030753,24.802000000000007
1772222284903867339,2026-02-27 14:58:04.903,-18.6351,-0.199914,-79.2621,0.44479,0.758139,-0.020243,24.80300000000001
1772222284905068973,2026-02-27 14:58:04.905,-18.4001,-0.070121,-78.8122,0.45874,0.74524,-0.022563,24.805000000000007
1772222284906242390,2026-02-27 14:58:04.906,-18.1683,0.149494,-78.6125,0.473849,0.730596,-0.020862,24.80600000000001
1772222284907418003,2026-02-27 14:58:04.907,-17.5651,0.407924,-77.4452,0.501299,0.697279,-0.025755,24.807000000000002
1772222284908545607,2026-02-27 14:58:04.908,-17.2951,0.560849,-77.1884,0.516678,0.678392,-0.026575,24.808000000000007
1772222284909674647,2026-02-27 14:58:04.909,-17.03,0.728125,-76.9717,0.530538,0.662875,-0.027488,24.80900000000001
1772222284910856359,2026-02-27 14:58:04.910,-16.7171,0.905884,-76.8354,0.547759,0.644257,-0.02835,24.810000000000002
1772222284912054395,2026-02-27 14:58:04.912,-16.3826,1.03429,-75.8173,0.562635,0.624381,-0.036485,24.812000000000012
1772222284913228744,2026-02-27 14:58:04.913,-16.0608,1.22344,-75.3967,0.573824,0.60489,-0.037516,24.813000000000002
1772222284914552669,2026-02-27 14:58:04.914,-15.3335,1.44994,-75.5573,0.594673,0.560443,-0.032736,24.814000000000007
1772222284915683517,2026-02-27 14:58:04.915,-14.9534,1.57328,-75.8538,0.611863,0.541884,-0.032625,24.815000000000012
1772222284916882246,2026-02-27 14:58:04.916,-14.5861,1.73728,-75.6269,0.624231,0.52163,-0.035048,24.816000000000003
1772222284918084660,2026-02-27 14:58:04.918,-14.1961,1.85787,-75.4523,0.637913,0.499768,-0.035562,24.818000000000012
1772222284919259048,2026-02-27 14:58:04.919,-13.8122,1.99827,-75.1545,0.653041,0.477924,-0.036178,24.819000000000003
1772222284920434044,2026-02-27 14:58:04.920,-13.0104,2.24438,-75.6225,0.671086,0.425991,-0.028129,24.820000000000007
1772222284921560164,2026-02-27 14:58:04.921,-12.5779,2.3124,-74.9725,0.680034,0.398428,-0.033147,24.821000000000012
1772222284922691245,2026-02-27 14:58:04.922,-12.1958,2.51032,-74.3279,0.691414,0.370796,-0.037376,24.822000000000003
1772222284923839318,2026-02-27 14:58:04.923,-11.7474,2.67768,-73.1566,0.692021,0.336152,-0.041704,24.823000000000008
1772222284925030061,2026-02-27 14:58:04.925,-11.1709,2.72882,-72.8378,0.704944,0.319732,-0.044944,24.825000000000003
1772222284926231075,2026-02-27 14:58:04.926,-10.8232,2.77447,-72.8003,0.713497,0.297836,-0.046726,24.826000000000008
1772222284927406297,2026-02-27 14:58:04.927,-10.1541,2.98782,-72.753,0.732988,0.249954,-0.049258,24.827000000000012
1772222284928528361,2026-02-27 14:58:04.928,-9.83555,3.07843,-71.5305,0.745332,0.227682,-0.057736,24.828000000000003
1772222284929656798,2026-02-27 14:58:04.929,-9.44309,3.10365,-71.7007,0.751723,0.203607,-0.052633,24.829000000000008
1772222284930829998,2026-02-27 14:58:04.930,-8.99739,3.26108,-71.5769,0.754674,0.179795,-0.052102,24.830000000000013
1772222284932030204,2026-02-27 14:58:04.932,-7.46835,3.39632,-71.6386,0.755792,0.184859,-0.015608,24.832000000000008
1772222284933229908,2026-02-27 14:58:04.933,-5.67015,3.38844,-71.1306,0.753138,0.224252,0.035327,24.833000000000013
1772222284934403321,2026-02-27 14:58:04.934,-3.47988,3.03606,-69.5611,0.780329,0.279189,0.070382,24.834000000000003
1772222284935538178,2026-02-27 14:58:04.935,-2.79323,2.99377,-69.2603,0.804923,0.315432,0.075659,24.835000000000008
1772222284936667609,2026-02-27 14:58:04.936,-2.28384,2.93818,-69.8362,0.82224,0.335241,0.095379,24.836000000000013
1772222284937839056,2026-02-27 14:58:04.937,-1.95606,2.96679,-70.0277,0.847853,0.35659,0.105999,24.837000000000003
1772222284939039063,2026-02-27 14:58:04.939,-1.82136,3.04903,-69.8506,0.850465,0.361417,0.117154,24.839
1772222284940234697,2026-02-27 14:58:04.940,-1.5501,2.9504,-69.387,0.863226,0.353485,0.116091,24.840000000000003
1772222284941407570,2026-02-27 14:58:04.941,-1.43192,2.89465,-69.2524,0.880903,0.34414,0.112092,24.841000000000008
1772222284942533541,2026-02-27 14:58:04.942,-1.55165,2.81479,-69.4397,0.889218,0.333917,0.10935,24.842
1772222284943662413,2026-02-27 14:58:04.943,-1.61643,2.80933,-69.7805,0.899818,0.3297,0.102433,24.843000000000004
1772222284944837233,2026-02-27 14:58:04.944,-1.92157,2.89343,-69.4579,0.901401,0.324274,0.092479,24.84400000000001
1772222284946035689,2026-02-27 14:58:04.946,-2.17189,2.99232,-68.8249,0.909436,0.319587,0.079166,24.846000000000004
1772222284947237180,2026-02-27 14:58:04.947,-2.51543,3.1077,-69.2408,0.910999,0.322276,0.076412,24.84700000000001
1772222284948423418,2026-02-27 14:58:04.948,-3.37164,3.39877,-69.6982,0.909149,0.330609,0.072159,24.848
1772222284949570890,2026-02-27 14:58:04.949,-3.88989,3.56649,-69.6948,0.913958,0.341979,0.061158,24.849000000000004
1772222284950699606,2026-02-27 14:58:04.950,-4.34031,3.72758,-69.3114,0.917238,0.352646,0.051372,24.85000000000001
1772222284951871791,2026-02-27 14:58:04.951,-4.99139,3.81425,-68.999,0.916506,0.368996,0.039315,24.851
1772222284953067568,2026-02-27 14:58:04.953,-5.55575,3.96646,-68.6308,0.916026,0.385383,0.028347,24.85300000000001
1772222284954269480,2026-02-27 14:58:04.954,-6.12697,4.07535,-69.1761,0.912057,0.403711,0.026153,24.854
1772222284955443907,2026-02-27 14:58:04.955,-7.26821,4.17038,-67.8079,0.911158,0.444973,-0.001861,24.855000000000004
1772222284956591653,2026-02-27 14:58:04.956,-7.87497,4.35215,-66.853,0.909352,0.467238,-0.015357,24.85600000000001
1772222284957765995,2026-02-27 14:58:04.957,-8.50748,4.46924,-66.0349,0.90538,0.48794,-0.026835,24.857
1772222284958960477,2026-02-27 14:58:04.958,-9.09956,4.56708,-65.703,0.905107,0.507514,-0.035316,24.858000000000004
1772222284960156498,2026-02-27 14:58:04.960,-9.62371,4.60929,-65.3335,0.901344,0.525828,-0.046463,24.86
1772222284961342694,2026-02-27 14:58:04.961,-10.175,4.71779,-64.9924,0.896679,0.544094,-0.056525,24.861000000000004
1772222284962541357,2026-02-27 14:58:04.962,-11.3376,4.79083,-63.4878,0.891341,0.575027,-0.084188,24.86200000000001
1772222284963690365,2026-02-27 14:58:04.963,-11.8211,4.7668,-63.2729,0.88711,0.589137,-0.093504,24.863
1772222284964832593,2026-02-27 14:58:04.964,-12.3523,4.79076,-63.6085,0.88102,0.603422,-0.096705,24.864000000000004
1772222284966011305,2026-02-27 14:58:04.966,-12.8035,4.78793,-63.8072,0.876198,0.614721,-0.101955,24.866
1772222284967204821,2026-02-27 14:58:04.967,-13.2563,4.73503,-63.7297,0.870123,0.625757,-0.109023,24.867000000000004
1772222284968374136,2026-02-27 14:58:04.968,-13.9654,4.6998,-63.5895,0.860653,0.646442,-0.120175,24.86800000000001
1772222284969568432,2026-02-27 14:58:04.969,-14.2704,4.66635,-63.9674,0.854744,0.655734,-0.119423,24.869
1772222284970700047,2026-02-27 14:58:04.970,-14.501,4.6271,-64.5947,0.849169,0.662773,-0.117744,24.870000000000005
1772222284971870275,2026-02-27 14:58:04.971,-14.7235,4.63077,-64.2888,0.845418,0.668103,-0.121663,24.87100000000001
1772222284973025566,2026-02-27 14:58:04.973,-14.938,4.61118,-64.0854,0.84021,0.674928,-0.125495,24.873000000000005
1772222284974247905,2026-02-27 14:58:04.974,-15.1291,4.56272,-63.8352,0.836474,0.680527,-0.130136,24.87400000000001
1772222284975418702,2026-02-27 14:58:04.975,-15.3152,4.54636,-63.8265,0.831917,0.68601,-0.132134,24.875
1772222284976565763,2026-02-27 14:58:04.976,-15.5059,4.42579,-64.2864,0.824317,0.697073,-0.134164,24.876000000000005
1772222284977696424,2026-02-27 14:58:04.977,-15.5991,4.34193,-64.5453,0.819051,0.70087,-0.135535,24.87700000000001
1772222284978845011,2026-02-27 14:58:04.978,-15.7308,4.30695,-63.7139,0.81727,0.705344,-0.144736,24.878
1772222284980017027,2026-02-27 14:58:04.980,-15.774,4.19695,-64.5567,0.812706,0.709376,-0.140693,24.88000000000001
1772222284981213109,2026-02-27 14:58:04.981,-15.7644,4.06951,-64.9401,0.808564,0.713492,-0.141342,24.881
1772222284982395814,2026-02-27 14:58:04.982,-15.7987,3.95671,-65.8463,0.805919,0.716258,-0.136854,24.882000000000005
1772222284983558283,2026-02-27 14:58:04.983,-15.8145,3.74422,-66.9365,0.800372,0.722479,-0.135422,24.88300000000001
1772222284984686198,2026-02-27 14:58:04.984,-15.8002,3.61488,-67.33,0.799443,0.72647,-0.134302,24.884
1772222284985833390,2026-02-27 14:58:04.985,-15.7367,3.45701,-67.7229,0.796443,0.730116,-0.133263,24.885000000000005
1772222284987031369,2026-02-27 14:58:04.987,-15.5722,3.31271,-69.1769,0.794031,0.733957,-0.122171,24.887
1772222284988229138,2026-02-27 14:58:04.988,-15.4922,3.14342,-69.5148,0.791019,0.738224,-0.123263,24.888000000000005
1772222284989404702,2026-02-27 14:58:04.989,-15.2516,2.96761,-69.8343,0.791709,0.74025,-0.120271,24.88900000000001
1772222284990551139,2026-02-27 14:58:04.990,-14.7812,2.55092,-69.7534,0.788301,0.744307,-0.121923,24.89
1772222284991682018,2026-02-27 14:58:04.991,-14.5326,2.37241,-70.009,0.784776,0.744655,-0.119605,24.891000000000005
1772222284992857145,2026-02-27 14:58:04.992,-14.2852,2.17973,-70.3151,0.781119,0.744233,-0.115819,24.89200000000001
1772222284994058019,2026-02-27 14:58:04.994,-13.8808,1.99721,-70.6394,0.779054,0.74226,-0.111857,24.894000000000005
1772222284995257094,2026-02-27 14:58:04.995,-13.5879,1.79264,-70.2306,0.776228,0.740209,-0.114502,24.89500000000001
1772222284996432784,2026-02-27 14:58:04.996,-13.2797,1.5634,-70.0001,0.773842,0.738405,-0.114699,24.896
1772222284997567946,2026-02-27 14:58:04.997,-12.5516,1.16982,-71.0124,0.766692,0.730915,-0.104605,24.897000000000006
1772222284998699216,2026-02-27 14:58:04.998,-12.2213,0.920295,-71.5665,0.764317,0.725767,-0.100082,24.89800000000001
1772222284999872715,2026-02-27 14:58:04.999,-11.8843,0.745573,-71.7702,0.76453,0.7221,-0.099141,24.899
1772222285001072961,2026-02-27 14:58:05.001,-11.5835,0.544531,-71.8827,0.760318,0.716271,-0.100127,24.90100000000001
1772222285002272943,2026-02-27 14:58:05.002,-11.3295,0.353387,-72.0092,0.757741,0.710943,-0.102129,24.902
1772222285003449293,2026-02-27 14:58:05.003,-11.0396,0.141019,-72.1772,0.753116,0.705769,-0.104018,24.903000000000006
1772222285004597888,2026-02-27 14:58:05.004,-10.7264,-0.189156,-73.1706,0.74786,0.6948,-0.104443,24.90400000000001
1772222285005751770,2026-02-27 14:58:05.005,-10.6022,-0.288548,-73.3719,0.745732,0.690175,-0.107859,24.905
1772222285006929492,2026-02-27 14:58:05.006,-10.6036,-0.36448,-73.1391,0.737171,0.684319,-0.112989,24.906000000000006
1772222285008127251,2026-02-27 14:58:05.008,-10.5282,-0.382988,-73.1073,0.733587,0.677888,-0.114926,24.908
1772222285009327770,2026-02-27 14:58:05.009,-10.5281,-0.471739,-73.4366,0.726723,0.671267,-0.114987,24.909000000000006
1772222285010515150,2026-02-27 14:58:05.010,-10.5747,-0.515826,-73.7118,0.714251,0.664058,-0.114436,24.91000000000001
1772222285011647741,2026-02-27 14:58:05.011,-10.6788,-0.548154,-73.1333,0.697448,0.645767,-0.123765,24.911
1772222285012826218,2026-02-27 14:58:05.012,-10.7184,-0.527084,-73.6128,0.688275,0.637974,-0.119799,24.912000000000006
1772222285014022373,2026-02-27 14:58:05.014,-10.9112,-0.563001,-73.8405,0.672364,0.627328,-0.117873,24.914
1772222285015219172,2026-02-27 14:58:05.015,-10.995,-0.576354,-74.7047,0.663749,0.616961,-0.111285,24.915000000000006
1772222285016425345,2026-02-27 14:58:05.016,-11.1708,-0.536579,-75.4033,0.649884,0.606515,-0.105702,24.91600000000001
1772222285017555628,2026-02-27 14:58:05.017,-11.3398,-0.603571,-75.7131,0.637716,0.59593,-0.106551,24.917
1772222285018689461,2026-02-27 14:58:05.018,-11.7841,-0.538802,-76.6347,0.617146,0.573484,-0.109001,24.918000000000006
1772222285019865009,2026-02-27 14:58:05.019,-12.0157,-0.498091,-77.5865,0.603471,0.562898,-0.102237,24.91900000000001
1772222285021066624,2026-02-27 14:58:05.021,-12.3144,-0.535339,-78.4946,0.58861,0.551542,-0.102516,24.921000000000006
1772222285022266154,2026-02-27 14:58:05.022,-12.5072,-0.48811,-78.6359,0.578852,0.540263,-0.104202,24.92200000000001
1772222285023485830,2026-02-27 14:58:05.023,-12.7667,-0.456173,-78.6185,0.567014,0.531014,-0.108622,24.923000000000002
1772222285024633501,2026-02-27 14:58:05.024,-13.2366,-0.390701,-78.8474,0.54331,0.516042,-0.111067,24.924000000000007
1772222285025925571,2026-02-27 14:58:05.025,-13.4864,-0.480303,-79.3465,0.530838,0.508346,-0.111181,24.92500000000001
1772222285027123329,2026-02-27 14:58:05.027,-13.7855,-0.560497,-79.7885,0.515814,0.501854,-0.114079,24.927000000000007
1772222285028320177,2026-02-27 14:58:05.028,-13.9697,-0.547919,-79.9604,0.507832,0.498853,-0.11696,24.92800000000001
1772222285029519278,2026-02-27 14:58:05.029,-14.2896,-0.59745,-79.4381,0.498787,0.498585,-0.126741,24.929000000000002
1772222285030648059,2026-02-27 14:58:05.030,-14.6501,-0.732862,-80.6691,0.476316,0.499876,-0.124575,24.930000000000007
1772222285031819066,2026-02-27 14:58:05.031,-14.8661,-0.757177,-81.4492,0.469503,0.503052,-0.121454,24.93100000000001
1772222285032990084,2026-02-27 14:58:05.032,-15.0366,-0.812178,-81.8584,0.461041,0.507185,-0.122065,24.932000000000002
1772222285034129103,2026-02-27 14:58:05.034,-15.2791,-0.913064,-82.1638,0.452514,0.514249,-0.123075,24.93400000000001
1772222285035321602,2026-02-27 14:58:05.035,-15.3483,-0.968062,-82.4241,0.446203,0.522554,-0.124106,24.935000000000002
1772222285036515699,2026-02-27 14:58:05.036,-15.6212,-1.10959,-84.1284,0.43479,0.539843,-0.116708,24.936000000000007
1772222285037647662,2026-02-27 14:58:05.037,-15.8012,-1.18366,-84.0213,0.428932,0.54732,-0.121307,24.937000000000012
1772222285038795087,2026-02-27 14:58:05.038,-15.9219,-1.15759,-84.3232,0.425689,0.555281,-0.122218,24.938000000000002
1772222285039927020,2026-02-27 14:58:05.039,-16.0935,-1.25217,-84.0817,0.421042,0.561457,-0.128636,24.939000000000007
1772222285041097681,2026-02-27 14:58:05.041,-16.2424,-1.25978,-84.0424,0.414688,0.568264,-0.132186,24.941000000000003
1772222285042267842,2026-02-27 14:58:05.042,-16.3333,-1.24913,-84.1969,0.414975,0.574519,-0.133583,24.942000000000007
1772222285043438432,2026-02-27 14:58:05.043,-16.4709,-1.29376,-84.4183,0.410572,0.580591,-0.134474,24.943000000000012
1772222285044592083,2026-02-27 14:58:05.044,-16.7977,-1.34011,-84.0731,0.40093,0.591935,-0.144961,24.944000000000003
1772222285045739261,2026-02-27 14:58:05.045,-16.891,-1.34305,-84.0874,0.400157,0.596853,-0.146074,24.945000000000007
1772222285046908826,2026-02-27 14:58:05.046,-16.8963,-1.36372,-84.4278,0.396747,0.601991,-0.147059,24.946000000000012
1772222285048077829,2026-02-27 14:58:05.048,-16.9921,-1.39342,-85.0039,0.393352,0.605696,-0.143407,24.948000000000008
1772222285049247908,2026-02-27 14:58:05.049,-17.0894,-1.3575,-85.554,0.391402,0.610433,-0.140543,24.949000000000012
1772222285050418393,2026-02-27 14:58:05.050,-17.2019,-1.3974,-85.6188,0.391612,0.614644,-0.140168,24.950000000000003
1772222285051542798,2026-02-27 14:58:05.051,-17.3276,-1.36317,-85.7354,0.386811,0.618642,-0.141583,24.951000000000008
1772222285052673121,2026-02-27 14:58:05.052,-17.5052,-1.27252,-86.0494,0.383261,0.628284,-0.140756,24.952000000000012
1772222285053820201,2026-02-27 14:58:05.053,-17.548,-1.21861,-87.0261,0.386279,0.634685,-0.134438,24.953000000000003
1772222285054989996,2026-02-27 14:58:05.054,-17.7097,-1.18551,-86.7118,0.382843,0.640762,-0.139444,24.954000000000008
1772222285056158677,2026-02-27 14:58:05.056,-17.7356,-1.06513,-86.4871,0.37888,0.646789,-0.14283,24.956000000000003
1772222285057340260,2026-02-27 14:58:05.057,-17.9018,-0.981069,-86.1764,0.377732,0.654067,-0.147136,24.957000000000008
1772222285058552808,2026-02-27 14:58:05.058,-18.0727,-0.910596,-85.8953,0.378082,0.661513,-0.149939,24.958000000000013
1772222285059684911,2026-02-27 14:58:05.059,-18.3607,-0.716964,-85.7802,0.378466,0.677323,-0.152397,24.959000000000003
1772222285060856441,2026-02-27 14:58:05.060,-18.4265,-0.623881,-85.5068,0.383323,0.684493,-0.153445,24.960000000000008
1772222285062057249,2026-02-27 14:58:05.062,-18.6002,-0.479435,-84.1681,0.386068,0.695506,-0.162034,24.962000000000003
1772222285063253209,2026-02-27 14:58:05.063,-18.7486,-0.243525,-84.4703,0.389722,0.708229,-0.159324,24.963000000000008
1772222285064447801,2026-02-27 14:58:05.064,-18.8619,0.004222,-84.434,0.389737,0.719616,-0.161837,24.964
1772222285065559258,2026-02-27 14:58:05.065,-19.132,0.14449,-84.9944,0.386043,0.732927,-0.16091,24.965000000000003
1772222285066690654,2026-02-27 14:58:05.066,-19.5113,0.538336,-85.2663,0.394575,0.761628,-0.169209,24.966000000000008
1772222285067859260,2026-02-27 14:58:05.067,-19.7197,0.700695,-85.3112,0.395539,0.777963,-0.175017,24.967
1772222285069056118,2026-02-27 14:58:05.069,-20.0,0.856742,-85.3504,0.400212,0.793938,-0.178565,24.96900000000001
1772222285070258175,2026-02-27 14:58:05.070,-20.1886,1.09561,-86.2036,0.403109,0.810508,-0.17578,24.97
1772222285071473741,2026-02-27 14:58:05.071,-20.3716,1.21496,-86.3191,0.409606,0.824139,-0.1798,24.971000000000004
1772222285072603648,2026-02-27 14:58:05.072,-20.6974,1.43076,-86.1826,0.413013,0.839978,-0.182363,24.97200000000001
1772222285073739703,2026-02-27 14:58:05.073,-21.0783,1.83994,-85.2116,0.4235,0.866762,-0.193742,24.973
1772222285074893335,2026-02-27 14:58:05.074,-21.3114,2.05665,-85.0643,0.428637,0.879385,-0.194559,24.974000000000004
1772222285076090753,2026-02-27 14:58:05.076,-21.4273,2.30577,-84.9444,0.433823,0.891406,-0.193934,24.976
1772222285077287339,2026-02-27 14:58:05.077,-21.6607,2.50666,-84.8918,0.439131,0.904209,-0.192675,24.977000000000004
1772222285078499102,2026-02-27 14:58:05.078,-21.8649,2.78794,-84.3732,0.442921,0.916327,-0.197346,24.97800000000001
1772222285079629556,2026-02-27 14:58:05.079,-22.0389,2.96906,-83.6363,0.450015,0.92717,-0.204017,24.979
1772222285080784720,2026-02-27 14:58:05.080,-22.4314,3.38001,-83.9612,0.462633,0.952639,-0.19767,24.980000000000004
1772222285081983465,2026-02-27 14:58:05.081,-22.5819,3.60446,-84.1837,0.475242,0.963561,-0.191076,24.98100000000001
1772222285083179720,2026-02-27 14:58:05.083,-22.7967,3.85855,-84.0119,0.484532,0.977913,-0.189031,24.983000000000004
1772222285084378401,2026-02-27 14:58:05.084,-23.0027,4.06189,-83.6594,0.487004,0.988834,-0.187011,24.98400000000001
1772222285085530545,2026-02-27 14:58:05.085,-23.1157,4.37644,-83.2828,0.498786,1.00091,-0.181588,24.985
1772222285086662537,2026-02-27 14:58:05.086,-23.3095,4.63624,-82.8917,0.507796,1.01453,-0.175581,24.986000000000004
1772222285087816706,2026-02-27 14:58:05.087,-23.6471,5.11064,-82.6249,0.52776,1.04268,-0.162383,24.98700000000001
1772222285089014756,2026-02-27 14:58:05.089,-23.8618,5.29913,-82.0066,0.536937,1.05592,-0.15691,24.989000000000004
1772222285090199576,2026-02-27 14:58:05.090,-24.0302,5.62625,-81.2304,0.551829,1.07921,-0.156243,24.99000000000001
1772222285091422169,2026-02-27 14:58:05.091,-24.2425,5.98503,-80.6984,0.561308,1.09903,-0.156157,24.991
1772222285092568983,2026-02-27 14:58:05.092,-24.4585,6.24927,-80.3722,0.56615,1.11774,-0.152898,24.992000000000004
1772222285093700991,2026-02-27 14:58:05.093,-24.7377,6.58108,-80.11,0.574279,1.13866,-0.149138,24.99300000000001
1772222285094851884,2026-02-27 14:58:05.094,-25.2708,6.91346,-78.5807,0.584357,1.17616,-0.15243,24.994
1772222285096050669,2026-02-27 14:58:05.096,-25.5483,7.14679,-78.3729,0.596998,1.19563,-0.149493,24.99600000000001
1772222285097245410,2026-02-27 14:58:05.097,-25.8083,7.23652,-78.2167,0.603496,1.21492,-0.148294,24.997
1772222285098444828,2026-02-27 14:58:05.098,-26.0767,7.45304,-78.3849,0.613998,1.23211,-0.144094,24.998000000000005
1772222285099555898,2026-02-27 14:58:05.099,-26.2955,7.56045,-78.4313,0.62545,1.24699,-0.139647,24.99900000000001
1772222285100686722,2026-02-27 14:58:05.100,-26.578,7.83685,-77.3305,0.639738,1.26065,-0.133079,25.0
1772222285101836629,2026-02-27 14:58:05.101,-26.6437,7.90886,-76.3538,0.659656,1.26017,-0.125632,25.001000000000005
1772222285103038699,2026-02-27 14:58:05.103,-26.5269,8.19053,-76.7497,0.678858,1.28482,-0.1127,25.003
1772222285104235470,2026-02-27 14:58:05.104,-26.5822,8.55702,-77.1468,0.667797,1.28639,-0.102476,25.004000000000005
1772222285105434487,2026-02-27 14:58:05.105,-26.65,8.76826,-76.6689,0.665344,1.29299,-0.100927,25.00500000000001
1772222285106582426,2026-02-27 14:58:05.106,-26.7922,8.93344,-76.0652,0.664772,1.29211,-0.103412,25.006
1772222285107715350,2026-02-27 14:58:05.107,-26.7799,9.01653,-75.5927,0.670659,1.29729,-0.103494,25.007000000000005
1772222285108867775,2026-02-27 14:58:05.108,-27.0604,9.32732,-75.3231,0.668158,1.3112,-0.095373,25.00800000000001
1772222285110066779,2026-02-27 14:58:05.110,-27.1635,9.3859,-75.2568,0.661216,1.31301,-0.090505,25.010000000000005
1772222285111264165,2026-02-27 14:58:05.111,-27.2169,9.39578,-75.155,0.658922,1.31634,-0.087521,25.01100000000001
1772222285112481703,2026-02-27 14:58:05.112,-27.3221,9.42863,-74.2125,0.656992,1.32073,-0.094932,25.012
1772222285113611520,2026-02-27 14:58:05.113,-27.3538,9.39822,-74.6673,0.648459,1.32218,-0.08812,25.013000000000005
1772222285114762138,2026-02-27 14:58:05.114,-27.3085,9.35686,-75.2763,0.63375,1.32345,-0.079647,25.01400000000001
1772222285115955336,2026-02-27 14:58:05.115,-27.3525,9.26995,-75.4646,0.627155,1.32193,-0.076258,25.015
1772222285117156343,2026-02-27 14:58:05.117,-27.3076,9.24778,-75.5404,0.619878,1.31948,-0.074317,25.01700000000001
1772222285118357680,2026-02-27 14:58:05.118,-27.2591,9.12519,-75.5516,0.609978,1.31576,-0.073075,25.018
1772222285119560572,2026-02-27 14:58:05.119,-27.1953,9.07935,-75.6445,0.599961,1.31053,-0.071824,25.019000000000005
1772222285120692266,2026-02-27 14:58:05.120,-27.1078,8.96121,-76.5544,0.588558,1.30364,-0.060828,25.02000000000001
1772222285121838807,2026-02-27 14:58:05.121,-26.8251,8.7507,-76.1182,0.567571,1.27819,-0.053661,25.021
1772222285123041510,2026-02-27 14:58:05.123,-26.6176,8.60168,-75.1052,0.554912,1.26074,-0.053307,25.02300000000001
1772222285124234743,2026-02-27 14:58:05.124,-26.4042,8.45665,-73.489,0.542613,1.22646,-0.052148,25.024
1772222285125433949,2026-02-27 14:58:05.125,-25.5935,8.32869,-71.7214,0.535011,1.17083,-0.041422,25.025000000000006
1772222285126570815,2026-02-27 14:58:05.126,-24.8007,8.42449,-72.6587,0.534512,1.22086,-0.028146,25.02600000000001
1772222285127702596,2026-02-27 14:58:05.127,-24.9403,8.53505,-72.8232,0.500848,1.19059,-0.031126,25.027
1772222285128864919,2026-02-27 14:58:05.128,-24.7632,8.26673,-72.5511,0.49075,1.17394,-0.051691,25.028000000000006
1772222285130043720,2026-02-27 14:58:05.130,-24.646,7.94536,-73.0002,0.478216,1.16569,-0.052106,25.03
1772222285131243594,2026-02-27 14:58:05.131,-24.6692,7.6036,-73.4014,0.462036,1.16007,-0.047844,25.031000000000006
1772222285132442930,2026-02-27 14:58:05.132,-24.5442,7.29465,-73.8868,0.4453,1.1525,-0.042822,25.03200000000001
1772222285133566951,2026-02-27 14:58:05.133,-24.461,6.99202,-73.9391,0.419584,1.14389,-0.042406,25.033
1772222285134695535,2026-02-27 14:58:05.134,-24.296,6.67804,-73.8588,0.400104,1.13275,-0.043082,25.034000000000006
1772222285135868634,2026-02-27 14:58:05.135,-24.114,6.37041,-73.7823,0.374197,1.12168,-0.043476,25.03500000000001
1772222285137154882,2026-02-27 14:58:05.137,-23.6748,5.78813,-74.5966,0.330878,1.09664,-0.035842,25.037000000000006
1772222285138352478,2026-02-27 14:58:05.138,-23.4574,5.46286,-73.8965,0.308295,1.08126,-0.041128,25.03800000000001
1772222285139562923,2026-02-27 14:58:05.139,-23.2217,5.21349,-73.7393,0.281562,1.06569,-0.041425,25.039
1772222285140694231,2026-02-27 14:58:05.140,-22.9153,4.97205,-73.0575,0.263207,1.04911,-0.043415,25.040000000000006
1772222285141844090,2026-02-27 14:58:05.141,-22.7149,4.67581,-72.642,0.242655,1.0335,-0.045582,25.04100000000001
1772222285143013329,2026-02-27 14:58:05.143,-22.1622,4.16238,-72.2725,0.202504,1.00307,-0.044224,25.043000000000006
1772222285144213427,2026-02-27 14:58:05.144,-21.918,3.89127,-71.9215,0.18148,0.987597,-0.042605,25.04400000000001
1772222285145413232,2026-02-27 14:58:05.145,-21.7192,3.60618,-70.6897,0.163499,0.973171,-0.051114,25.045
1772222285146568751,2026-02-27 14:58:05.146,-21.5568,3.29772,-70.7242,0.143307,0.960563,-0.046716,25.046000000000006
1772222285147700033,2026-02-27 14:58:05.147,-21.2468,3.06842,-70.5135,0.122337,0.94719,-0.045219,25.04700000000001
1772222285148849149,2026-02-27 14:58:05.148,-21.0856,2.76296,-70.8807,0.104689,0.934186,-0.039661,25.048000000000002
1772222285150021273,2026-02-27 14:58:05.150,-20.6808,2.26347,-70.9735,0.070503,0.909551,-0.036079,25.05000000000001
1772222285151218625,2026-02-27 14:58:05.151,-20.4614,2.02007,-70.7414,0.050282,0.896596,-0.034944,25.051000000000002
1772222285152415714,2026-02-27 14:58:05.152,-20.2656,1.75518,-70.549,0.034424,0.885194,-0.033761,25.052000000000007
1772222285153562084,2026-02-27 14:58:05.153,-20.1163,1.55255,-70.9096,0.016804,0.87513,-0.026044,25.05300000000001
1772222285154691380,2026-02-27 14:58:05.154,-19.909,1.31675,-71.1591,0.004954,0.863639,-0.022447,25.054000000000002
1772222285155864322,2026-02-27 14:58:05.155,-19.7907,1.15747,-70.7358,-0.01444,0.855533,-0.022654,25.055000000000007
1772222285157005618,2026-02-27 14:58:05.157,-19.4992,0.724979,-69.3785,-0.039545,0.837126,-0.025549,25.057000000000002
1772222285158216424,2026-02-27 14:58:05.158,-19.3852,0.516958,-68.9153,-0.051813,0.830108,-0.025197,25.058000000000007
1772222285159412965,2026-02-27 14:58:05.159,-19.3261,0.371885,-68.6102,-0.063774,0.825524,-0.022548,25.05900000000001
1772222285160559655,2026-02-27 14:58:05.160,-19.2101,0.227469,-68.3604,-0.074348,0.820497,-0.020566,25.060000000000002
1772222285161692147,2026-02-27 14:58:05.161,-19.132,0.04996,-67.8686,-0.081549,0.818054,-0.021191,25.061000000000007
1772222285162874013,2026-02-27 14:58:05.162,-19.1105,-0.081898,-66.5345,-0.094814,0.815382,-0.026545,25.062000000000012
1772222285164046075,2026-02-27 14:58:05.164,-18.9474,-0.389657,-66.2927,-0.113678,0.813065,-0.017208,25.064000000000007
1772222285165241116,2026-02-27 14:58:05.165,-18.9277,-0.486299,-66.3936,-0.121545,0.815314,-0.011332,25.065000000000012
1772222285166440688,2026-02-27 14:58:05.166,-18.9399,-0.58093,-66.1437,-0.125124,0.816281,-0.009193,25.066000000000003
1772222285167580424,2026-02-27 14:58:05.167,-18.9368,-0.674554,-65.6525,-0.133774,0.820317,-0.009857,25.067000000000007
1772222285168711678,2026-02-27 14:58:05.168,-18.9744,-0.808658,-65.2508,-0.138583,0.823528,-0.009196,25.068000000000012
1772222285169864077,2026-02-27 14:58:05.169,-19.0368,-0.865381,-64.8873,-0.143207,0.829155,-0.008958,25.069000000000003
1772222285171040798,2026-02-27 14:58:05.171,-19.1286,-0.925495,-64.6484,-0.15355,0.839212,0.000864,25.071000000000012
1772222285172234694,2026-02-27 14:58:05.172,-19.1365,-0.948552,-64.2697,-0.150731,0.84582,0.00252,25.072000000000003
1772222285173367875,2026-02-27 14:58:05.173,-19.248,-0.948507,-63.1061,-0.152254,0.852462,-0.001177,25.073000000000008
1772222285174551675,2026-02-27 14:58:05.174,-19.3263,-0.983245,-62.2896,-0.153418,0.859614,-0.001474,25.074000000000012
1772222285175683543,2026-02-27 14:58:05.175,-19.4065,-0.918026,-61.7026,-0.156856,0.867998,-0.001053,25.075000000000003
1772222285176855036,2026-02-27 14:58:05.176,-19.4726,-0.927944,-61.2621,-0.153359,0.877325,0.000438,25.076000000000008
1772222285178046731,2026-02-27 14:58:05.178,-19.6787,-0.912881,-59.3093,-0.151133,0.897322,-0.005234,25.078000000000003
1772222285179223742,2026-02-27 14:58:05.179,-19.7054,-0.865097,-58.7023,-0.146169,0.907735,-0.004055,25.079000000000008
1772222285180394908,2026-02-27 14:58:05.180,-19.826,-0.82598,-58.272,-0.144708,0.917023,-0.001273,25.080000000000013
1772222285181555131,2026-02-27 14:58:05.181,-19.9318,-0.776556,-58.3729,-0.145555,0.926553,0.004793,25.081000000000003
1772222285182686703,2026-02-27 14:58:05.182,-19.9734,-0.764838,-58.3686,-0.138111,0.936073,0.011033,25.082000000000008
1772222285183844163,2026-02-27 14:58:05.183,-20.0537,-0.666565,-57.9142,-0.134873,0.945492,0.013446,25.083000000000013
1772222285185028827,2026-02-27 14:58:05.185,-20.1789,-0.572003,-57.2155,-0.129057,0.963187,0.016161,25.085000000000008
1772222285186204686,2026-02-27 14:58:05.186,-20.3271,-0.514902,-57.1984,-0.125319,0.972504,0.019856,25.086000000000013
1772222285187382211,2026-02-27 14:58:05.187,-20.438,-0.474697,-57.8807,-0.120843,0.981025,0.027862,25.087000000000003
1772222285188552663,2026-02-27 14:58:05.188,-20.5012,-0.355363,-57.3117,-0.117343,0.99071,0.025215,25.088000000000008
1772222285189684031,2026-02-27 14:58:05.189,-20.6736,-0.25366,-57.0246,-0.110312,1.00072,0.025098,25.089
1772222285190864936,2026-02-27 14:58:05.190,-20.829,-0.130723,-56.5424,-0.104673,1.01122,0.023131,25.090000000000003
1772222285192036569,2026-02-27 14:58:05.192,-21.1959,0.069423,-56.4136,-0.094945,1.03176,0.022136,25.092
1772222285193221076,2026-02-27 14:58:05.193,-21.3032,0.218097,-56.4517,-0.082031,1.04144,0.022383,25.093000000000004
1772222285194405163,2026-02-27 14:58:05.194,-21.4861,0.311088,-56.4547,-0.080324,1.05093,0.022644,25.09400000000001
1772222285195556116,2026-02-27 14:58:05.195,-21.6898,0.426,-55.4573,-0.069441,1.06116,0.013623,25.095
1772222285196692938,2026-02-27 14:58:05.196,-21.8422,0.569443,-56.0358,-0.064238,1.07165,0.01812,25.096000000000004
1772222285197905055,2026-02-27 14:58:05.197,-22.06,0.664701,-56.2127,-0.058026,1.08244,0.0171,25.09700000000001
1772222285199078914,2026-02-27 14:58:05.199,-22.397,0.938459,-57.6403,-0.038364,1.1032,0.024232,25.099000000000004
1772222285200259335,2026-02-27 14:58:05.200,-22.6128,1.13511,-57.8888,-0.027597,1.11287,0.025047,25.10000000000001
1772222285201438429,2026-02-27 14:58:05.201,-22.7525,1.28781,-58.1086,-0.017975,1.12176,0.024731,25.101
1772222285202590050,2026-02-27 14:58:05.202,-22.9711,1.42035,-58.3651,-0.012541,1.13093,0.026472,25.102000000000004
1772222285203724508,2026-02-27 14:58:05.203,-23.163,1.57375,-59.3903,-0.001278,1.14103,0.034088,25.10300000000001
1772222285204861609,2026-02-27 14:58:05.204,-23.3044,1.72765,-59.906,0.011203,1.15085,0.035578,25.104
1772222285206037938,2026-02-27 14:58:05.206,-23.6853,2.07522,-59.8983,0.032318,1.16758,0.031697,25.10600000000001
1772222285207217930,2026-02-27 14:58:05.207,-23.8436,2.30437,-59.8589,0.042188,1.17611,0.029023,25.107
1772222285208399506,2026-02-27 14:58:05.208,-23.9747,2.48947,-60.2008,0.053962,1.18263,0.028733,25.108000000000004
1772222285209570582,2026-02-27 14:58:05.209,-24.1062,2.64136,-60.4521,0.064524,1.18933,0.030155,25.10900000000001
1772222285210705155,2026-02-27 14:58:05.210,-24.2342,2.82656,-60.722,0.07337,1.19456,0.031142,25.11
1772222285211886534,2026-02-27 14:58:05.211,-24.2878,2.93574,-60.7156,0.085796,1.19784,0.027602,25.111000000000004
1772222285213062467,2026-02-27 14:58:05.213,-24.4046,3.33037,-60.949,0.10847,1.20331,0.026868,25.113
1772222285214246042,2026-02-27 14:58:05.214,-24.4193,3.50829,-61.4155,0.122862,1.20356,0.030431,25.114000000000004
1772222285215425387,2026-02-27 14:58:05.215,-24.4362,3.64128,-62.1123,0.132991,1.20198,0.034637,25.11500000000001
1772222285216578393,2026-02-27 14:58:05.216,-24.3779,3.71153,-62.4419,0.146144,1.20038,0.036042,25.116
1772222285217716683,2026-02-27 14:58:05.217,-24.418,3.89086,-62.6509,0.156022,1.19744,0.037153,25.117000000000004
1772222285218850140,2026-02-27 14:58:05.218,-24.3279,4.0957,-62.7856,0.171814,1.19285,0.036898,25.11800000000001
1772222285220026105,2026-02-27 14:58:05.220,-24.1418,4.35063,-64.2978,0.192537,1.17867,0.048277,25.120000000000005
1772222285221207257,2026-02-27 14:58:05.221,-23.9672,4.47613,-64.0849,0.206044,1.17028,0.044714,25.12100000000001
1772222285222389233,2026-02-27 14:58:05.222,-23.7938,4.62526,-64.1643,0.219595,1.15929,0.045315,25.122
1772222285223557701,2026-02-27 14:58:05.223,-23.669,4.68534,-63.6844,0.225144,1.14654,0.040721,25.123000000000005
1772222285224708883,2026-02-27 14:58:05.224,-23.482,4.78018,-63.3901,0.234505,1.13198,0.039961,25.12400000000001
1772222285225906541,2026-02-27 14:58:05.225,-23.2023,4.88917,-63.4498,0.244675,1.11718,0.04069,25.125
1772222285227083822,2026-02-27 14:58:05.227,-22.9109,4.97788,-63.4693,0.254393,1.10015,0.041447,25.12700000000001
1772222285228264008,2026-02-27 14:58:05.228,-22.3497,5.10104,-62.5065,0.275325,1.06233,0.032904,25.128
1772222285229475808,2026-02-27 14:58:05.229,-22.0577,5.11321,-62.5505,0.282212,1.04085,0.03404,25.129000000000005
1772222285230570486,2026-02-27 14:58:05.230,-21.6825,5.21093,-62.7116,0.292396,1.01882,0.03476,25.13000000000001
1772222285231703044,2026-02-27 14:58:05.231,-21.3042,5.23021,-63.2013,0.300956,0.993856,0.038896,25.131
1772222285232878854,2026-02-27 14:58:05.232,-20.7759,5.29452,-63.5665,0.307798,0.968486,0.043009,25.132000000000005
1772222285234056737,2026-02-27 14:58:05.234,-20.4332,5.33595,-63.549,0.314295,0.940926,0.044035,25.134
1772222285235230227,2026-02-27 14:58:05.235,-19.6031,5.3207,-63.3435,0.320042,0.882667,0.044872,25.135000000000005
1772222285236406146,2026-02-27 14:58:05.236,-19.0569,5.33236,-63.7671,0.329117,0.852419,0.048606,25.13600000000001
1772222285237556827,2026-02-27 14:58:05.237,-18.6184,5.33922,-64.4287,0.336319,0.823993,0.054125,25.137
1772222285238687872,2026-02-27 14:58:05.238,-18.1853,5.31584,-64.059,0.338051,0.791532,0.050959,25.138000000000005
1772222285239827072,2026-02-27 14:58:05.239,-17.6634,5.36875,-63.7604,0.342736,0.762122,0.046694,25.13900000000001
1772222285241025959,2026-02-27 14:58:05.241,-17.1798,5.3169,-63.4806,0.348571,0.72895,0.042036,25.141000000000005
1772222285242217683,2026-02-27 14:58:05.242,-16.2518,5.26287,-63.2063,0.361717,0.668734,0.039173,25.14200000000001
1772222285243412565,2026-02-27 14:58:05.243,-15.8196,5.25451,-63.2722,0.368345,0.639104,0.037545,25.143
1772222285244564888,2026-02-27 14:58:05.244,-15.3698,5.16792,-63.2398,0.373862,0.60962,0.03333,25.144000000000005
1772222285245693156,2026-02-27 14:58:05.245,-14.9654,5.10152,-62.037,0.378772,0.580156,0.021241,25.14500000000001
1772222285246989988,2026-02-27 14:58:05.246,-14.5425,4.98002,-62.4657,0.387161,0.552713,0.019147,25.146
1772222285248164310,2026-02-27 14:58:05.248,-13.7107,4.68949,-62.9058,0.402068,0.500342,0.013386,25.14800000000001
1772222285249342053,2026-02-27 14:58:05.249,-13.2903,4.64473,-63.0666,0.412026,0.477374,0.011022,25.149
1772222285250559962,2026-02-27 14:58:05.250,-12.9332,4.49142,-62.8199,0.41243,0.450493,0.007863,25.150000000000006
1772222285251691407,2026-02-27 14:58:05.251,-12.462,4.38626,-62.7077,0.416579,0.42469,0.004013,25.15100000000001
1772222285252868078,2026-02-27 14:58:05.252,-12.0507,4.28034,-62.6123,0.42227,0.400623,-0.000446,25.152
1772222285254067575,2026-02-27 14:58:05.254,-11.7042,4.11793,-63.3692,0.421659,0.377052,0.006665,25.15400000000001
1772222285255241772,2026-02-27 14:58:05.255,-10.9684,3.91786,-62.8431,0.418722,0.332237,0.001695,25.155
1772222285256433919,2026-02-27 14:58:05.256,-10.6258,3.80937,-62.1273,0.4147,0.31231,-0.004786,25.156000000000006
1772222285257584903,2026-02-27 14:58:05.257,-10.2778,3.69968,-61.56,0.413839,0.292277,-0.007014,25.15700000000001
1772222285258719959,2026-02-27 14:58:05.258,-9.94189,3.56532,-61.1718,0.412402,0.272143,-0.006794,25.158
1772222285259895019,2026-02-27 14:58:05.259,-9.65958,3.46018,-60.9525,0.411059,0.254003,-0.005794,25.159000000000006
1772222285261093044,2026-02-27 14:58:05.261,-9.34721,3.31774,-60.7586,0.41047,0.238061,-0.003795,25.161
1772222285262265199,2026-02-27 14:58:05.262,-8.81679,3.08231,-59.1995,0.405612,0.20515,-0.011306,25.162000000000006
1772222285263472553,2026-02-27 14:58:05.263,-8.53757,3.00637,-59.1812,0.403119,0.191749,-0.007504,25.16300000000001
1772222285264607929,2026-02-27 14:58:05.264,-8.32171,2.88482,-59.3612,0.397563,0.17885,-0.001736,25.164
1772222285265756533,2026-02-27 14:58:05.265,-8.0485,2.74475,-59.4191,0.391984,0.166641,0.004259,25.165000000000006
1772222285266927800,2026-02-27 14:58:05.266,-7.94395,2.58085,-59.308,0.390309,0.157591,0.00598,25.16600000000001
1772222285268126313,2026-02-27 14:58:05.268,-7.77034,2.52825,-59.0177,0.382703,0.146637,0.008153,25.168000000000006
1772222285269296661,2026-02-27 14:58:05.269,-7.4812,2.31338,-58.5523,0.372558,0.131366,0.00857,25.16900000000001
1772222285270502190,2026-02-27 14:58:05.270,-7.41468,2.23607,-59.384,0.370874,0.127282,0.017455,25.17
1772222285271632028,2026-02-27 14:58:05.271,-7.40248,2.09644,-58.6793,0.365879,0.12413,0.012149,25.171000000000006
1772222285272807143,2026-02-27 14:58:05.272,-7.35599,2.0195,-58.4311,0.362539,0.123153,0.011522,25.17200000000001
1772222285274006547,2026-02-27 14:58:05.274,-7.36293,1.93626,-57.8239,0.362131,0.123376,0.005822,25.174000000000007
1772222285275178629,2026-02-27 14:58:05.275,-7.41539,1.88986,-57.3107,0.359295,0.128295,0.001919,25.17500000000001
1772222285276347934,2026-02-27 14:58:05.276,-7.62895,1.87325,-57.1025,0.358376,0.143632,-0.002161,25.176000000000002
1772222285277562465,2026-02-27 14:58:05.277,-7.78174,1.81092,-56.9678,0.354579,0.155093,-0.00442,25.177000000000007
1772222285278690569,2026-02-27 14:58:05.278,-7.98642,1.78815,-55.7333,0.354207,0.167313,-0.016001,25.17800000000001
1772222285279888433,2026-02-27 14:58:05.279,-8.16967,1.85646,-55.958,0.360931,0.182797,-0.015646,25.179000000000002
1772222285281088753,2026-02-27 14:58:05.281,-8.39858,1.86544,-55.884,0.361095,0.198851,-0.017842,25.18100000000001
1772222285282260973,2026-02-27 14:58:05.282,-8.86608,1.95332,-56.8102,0.36913,0.236259,-0.016293,25.182000000000002
1772222285283434555,2026-02-27 14:58:05.283,-9.12338,2.01343,-56.7713,0.374798,0.251681,-0.019194,25.183000000000007
1772222285284571838,2026-02-27 14:58:05.284,-9.37801,2.11789,-56.8962,0.376871,0.269968,-0.022068,25.18400000000001
1772222285285700708,2026-02-27 14:58:05.285,-9.61466,2.21467,-56.8235,0.380221,0.28613,-0.023933,25.185000000000002
1772222285286874855,2026-02-27 14:58:05.286,-9.89271,2.29097,-57.4746,0.386104,0.301632,-0.020997,25.186000000000007
1772222285288071716,2026-02-27 14:58:05.288,-10.0814,2.42989,-58.0086,0.391955,0.317336,-0.020152,25.188000000000002
1772222285289246016,2026-02-27 14:58:05.289,-10.2838,2.50801,-57.9342,0.399486,0.332136,-0.025142,25.189000000000007
1772222285290383020,2026-02-27 14:58:05.290,-10.7051,2.79265,-57.5084,0.418388,0.359421,-0.036912,25.190000000000012
1772222285291557221,2026-02-27 14:58:05.291,-10.9109,2.89512,-57.5274,0.425703,0.371043,-0.040187,25.191000000000003
1772222285292690998,2026-02-27 14:58:05.292,-11.0071,3.06366,-57.8789,0.445907,0.385879,-0.041314,25.192000000000007
1772222285293866300,2026-02-27 14:58:05.293,-11.2273,3.19638,-58.0713,0.458213,0.395043,-0.04281,25.193000000000012
1772222285295059205,2026-02-27 14:58:05.295,-11.4202,3.3109,-58.0717,0.464971,0.404685,-0.045844,25.195000000000007
1772222285296252753,2026-02-27 14:58:05.296,-11.7491,3.68838,-58.0172,0.49164,0.424756,-0.053278,25.196000000000012
1772222285297427203,2026-02-27 14:58:05.297,-11.9327,3.80129,-58.2801,0.500908,0.433144,-0.053401,25.197000000000003
1772222285298557531,2026-02-27 14:58:05.298,-12.0581,3.91687,-58.9722,0.512434,0.44092,-0.049892,25.198000000000008
1772222285299688768,2026-02-27 14:58:05.299,-12.161,4.08533,-59.3228,0.52444,0.447787,-0.048717,25.199000000000012
1772222285300863538,2026-02-27 14:58:05.300,-12.3522,4.26892,-59.4179,0.535518,0.455885,-0.049517,25.200000000000003
1772222285302060346,2026-02-27 14:58:05.302,-12.5195,4.37586,-59.6314,0.542838,0.461505,-0.05112,25.202000000000012
1772222285303241595,2026-02-27 14:58:05.303,-12.6479,4.54182,-59.8747,0.558387,0.468629,-0.050658,25.203000000000003
1772222285304415315,2026-02-27 14:58:05.304,-12.824,4.77981,-61.0087,0.585251,0.482543,-0.04728,25.204000000000008
1772222285305556153,2026-02-27 14:58:05.305,-12.9267,4.86661,-61.1433,0.5948,0.487396,-0.048189,25.205000000000013
1772222285306684679,2026-02-27 14:58:05.306,-13.0213,4.99304,-60.7109,0.605135,0.493492,-0.05475,25.206000000000003
1772222285307861048,2026-02-27 14:58:05.307,-13.1788,5.11199,-60.5284,0.610678,0.497137,-0.057851,25.207000000000008
1772222285309057561,2026-02-27 14:58:05.309,-13.2639,5.20408,-60.4978,0.61805,0.502102,-0.05915,25.209000000000003
1772222285310250381,2026-02-27 14:58:05.310,-13.2233,5.40867,-60.5796,0.628972,0.505097,-0.061485,25.210000000000008
1772222285311435636,2026-02-27 14:58:05.311,-13.25,5.63596,-59.4465,0.639592,0.503845,-0.072441,25.211000000000013
1772222285312594850,2026-02-27 14:58:05.312,-13.1596,5.71191,-59.2843,0.645516,0.505805,-0.07483,25.212000000000003
1772222285313725590,2026-02-27 14:58:05.313,-13.2076,5.85615,-59.569,0.655809,0.50709,-0.074471,25.213000000000008
1772222285314854765,2026-02-27 14:58:05.314,-13.2328,5.9671,-60.1165,0.66584,0.511659,-0.071138,25.214
1772222285316051110,2026-02-27 14:58:05.316,-13.3015,5.9499,-60.5317,0.669043,0.507685,-0.066939,25.216000000000008
1772222285317251887,2026-02-27 14:58:05.317,-13.1928,6.03972,-60.4879,0.676961,0.505273,-0.066726,25.217
1772222285318426603,2026-02-27 14:58:05.318,-13.0663,6.10198,-60.1847,0.681173,0.502568,-0.065827,25.218000000000004
1772222285319544545,2026-02-27 14:58:05.319,-13.0907,6.12242,-60.2361,0.682853,0.499092,-0.064248,25.21900000000001
1772222285320675856,2026-02-27 14:58:05.320,-13.0077,6.13115,-61.0775,0.682793,0.497476,-0.056829,25.22
1772222285321852016,2026-02-27 14:58:05.321,-12.9722,6.13932,-60.7193,0.685628,0.498632,-0.061518,25.221000000000004
1772222285323048448,2026-02-27 14:58:05.323,-12.9664,6.10511,-60.4649,0.6861,0.496182,-0.063062,25.223
1772222285324247329,2026-02-27 14:58:05.324,-12.9996,6.11956,-60.0574,0.686267,0.497918,-0.06625,25.224000000000004
1772222285325425048,2026-02-27 14:58:05.325,-13.0685,6.13818,-59.8193,0.683736,0.500793,-0.065525,25.22500000000001
1772222285326537827,2026-02-27 14:58:05.326,-13.0966,6.23514,-59.7792,0.684052,0.502482,-0.065452,25.226
1772222285327666426,2026-02-27 14:58:05.327,-13.1129,6.20879,-59.7786,0.685478,0.504245,-0.065453,25.227000000000004
1772222285328846325,2026-02-27 14:58:05.328,-13.1889,6.18007,-58.4369,0.678367,0.503609,-0.075078,25.22800000000001
1772222285330042374,2026-02-27 14:58:05.330,-13.1595,6.2471,-58.7761,0.680048,0.504659,-0.069672,25.230000000000004
1772222285331242331,2026-02-27 14:58:05.331,-13.1356,6.27056,-58.3092,0.676404,0.500726,-0.069647,25.23100000000001
1772222285332415960,2026-02-27 14:58:05.332,-12.7557,6.32372,-57.9211,0.662217,0.484217,-0.057282,25.232
1772222285333545283,2026-02-27 14:58:05.333,-12.5649,6.4536,-57.081,0.652469,0.475911,-0.058218,25.233000000000004
1772222285334676025,2026-02-27 14:58:05.334,-12.3568,6.50601,-55.4506,0.63792,0.445703,-0.052991,25.23400000000001
1772222285335854769,2026-02-27 14:58:05.335,-11.4872,6.52475,-53.229,0.610788,0.39998,-0.043807,25.235
1772222285337055111,2026-02-27 14:58:05.337,-9.59185,6.08463,-55.8307,0.656802,0.491475,-0.024326,25.23700000000001
1772222285338253446,2026-02-27 14:58:05.338,-9.56346,6.09211,-57.7805,0.685121,0.556957,-0.021741,25.238
1772222285339426246,2026-02-27 14:58:05.339,-10.4731,6.19439,-58.4757,0.714947,0.604056,-0.01159,25.239000000000004
1772222285340577432,2026-02-27 14:58:05.340,-10.821,5.84462,-58.4115,0.726178,0.616618,-0.021539,25.24000000000001
1772222285341713167,2026-02-27 14:58:05.341,-11.2097,5.6243,-58.401,0.728734,0.614777,-0.030536,25.241
1772222285342889609,2026-02-27 14:58:05.342,-11.5188,5.41222,-58.7268,0.724566,0.610499,-0.038154,25.242000000000004
1772222285344086173,2026-02-27 14:58:05.344,-11.8122,5.2929,-59.2127,0.714832,0.605482,-0.043361,25.244
1772222285345219091,2026-02-27 14:58:05.345,-11.856,5.04539,-59.1824,0.700123,0.597747,-0.049201,25.245000000000005
1772222285346357516,2026-02-27 14:58:05.346,-11.7681,4.86771,-59.0892,0.671941,0.582458,-0.043251,25.24600000000001
1772222285347477444,2026-02-27 14:58:05.347,-11.6318,4.81508,-59.1925,0.659598,0.576962,-0.033979,25.247
1772222285348591772,2026-02-27 14:58:05.348,-11.3886,4.79664,-59.6335,0.655369,0.574784,-0.022038,25.248000000000005
1772222285349755515,2026-02-27 14:58:05.349,-11.1892,4.71867,-59.5789,0.647879,0.57189,-0.014589,25.24900000000001
1772222285350938613,2026-02-27 14:58:05.350,-11.0169,4.69901,-59.2358,0.645365,0.573328,-0.007321,25.25
1772222285352134899,2026-02-27 14:58:05.352,-10.7887,4.59359,-59.0289,0.640721,0.576795,-0.000923,25.25200000000001
1772222285353334247,2026-02-27 14:58:05.353,-10.6156,4.48329,-58.7348,0.640864,0.582615,0.004763,25.253
1772222285354529048,2026-02-27 14:58:05.354,-10.2612,4.24678,-58.7522,0.646116,0.6041,0.022153,25.254000000000005
1772222285355668134,2026-02-27 14:58:05.355,-10.0719,4.05334,-58.4396,0.647676,0.614618,0.028394,25.25500000000001
1772222285356840921,2026-02-27 14:58:05.356,-9.81,3.89338,-57.4168,0.647181,0.626921,0.028954,25.256
1772222285358068079,2026-02-27 14:58:05.358,-9.55676,3.80721,-56.736,0.646444,0.639078,0.031931,25.25800000000001
1772222285359374981,2026-02-27 14:58:05.359,-9.25843,3.6354,-56.1791,0.642827,0.647226,0.038184,25.259
1772222285360538078,2026-02-27 14:58:05.360,-8.79521,3.38619,-55.1841,0.638351,0.663616,0.04675,25.260000000000005
1772222285361668355,2026-02-27 14:58:05.361,-8.67178,3.21941,-53.7155,0.62766,0.665812,0.040093,25.26100000000001
1772222285362842161,2026-02-27 14:58:05.362,-8.44783,3.06496,-53.1805,0.6293,0.668616,0.040168,25.262
1772222285364041328,2026-02-27 14:58:05.364,-8.32264,2.9507,-52.6978,0.624924,0.671802,0.038238,25.26400000000001
1772222285365238384,2026-02-27 14:58:05.365,-8.14785,2.77927,-52.7532,0.620397,0.673659,0.040882,25.265
1772222285366407663,2026-02-27 14:58:05.366,-8.04649,2.66548,-52.6413,0.615227,0.676328,0.042598,25.266000000000005
1772222285367553017,2026-02-27 14:58:05.367,-7.86752,2.43333,-51.6048,0.609233,0.668728,0.036734,25.26700000000001
1772222285368679605,2026-02-27 14:58:05.368,-7.66262,2.27778,-51.1245,0.606981,0.667942,0.032276,25.268
1772222285369853589,2026-02-27 14:58:05.369,-7.64539,2.27806,-51.1552,0.602459,0.672175,0.0338,25.269000000000005
1772222285371052975,2026-02-27 14:58:05.371,-7.6952,2.22781,-51.3555,0.592189,0.670863,0.038835,25.271
1772222285372246817,2026-02-27 14:58:05.372,-7.68725,2.17156,-50.622,0.583532,0.669322,0.035201,25.272000000000006
1772222285373442006,2026-02-27 14:58:05.373,-7.77161,2.07471,-49.0311,0.561639,0.66135,0.026977,25.27300000000001
1772222285374601678,2026-02-27 14:58:05.374,-7.75732,1.97434,-48.6769,0.550998,0.654232,0.021866,25.274
1772222285375774992,2026-02-27 14:58:05.375,-7.93808,2.00923,-48.5053,0.547138,0.656454,0.019833,25.275000000000006
1772222285376973083,2026-02-27 14:58:05.376,-8.0798,2.00194,-48.0795,0.537502,0.64905,0.018986,25.27600000000001
1772222285378167728,2026-02-27 14:58:05.378,-8.4051,2.01513,-47.2369,0.516702,0.621007,0.014927,25.278000000000006
1772222285379365552,2026-02-27 14:58:05.379,-8.65824,2.27432,-44.0991,0.467592,0.529034,0.008746,25.27900000000001
1772222285380537065,2026-02-27 14:58:05.380,-6.68221,3.32025,-28.6611,0.28522,0.124937,0.066555,25.28
1772222285381666873,2026-02-27 14:58:05.381,-3.50606,3.72585,-20.4185,0.217886,0.001685,0.133592,25.281000000000006
1772222285382843088,2026-02-27 14:58:05.382,-0.549123,3.80588,-15.4096,0.190771,-0.05448,0.146303,25.28200000000001
1772222285384044816,2026-02-27 14:58:05.384,2.05861,3.8799,-13.4511,0.187936,-0.098632,0.139701,25.284000000000006
1772222285385290035,2026-02-27 14:58:05.385,4.5413,3.09693,-19.6296,0.256825,-0.188363,0.123779,25.28500000000001
1772222285386492258,2026-02-27 14:58:05.386,5.17381,4.15991,-13.969,0.212921,-0.212872,0.081927,25.286
1772222285387641342,2026-02-27 14:58:05.387,6.00235,4.42961,-12.8082,0.207421,-0.23247,0.077294,25.287000000000006
1772222285388839017,2026-02-27 14:58:05.388,7.66008,4.3561,-10.0538,0.202466,-0.257952,0.039657,25.28800000000001
1772222285390042257,2026-02-27 14:58:05.390,8.39793,3.94688,-9.61142,0.207179,-0.296799,0.035664,25.290000000000006
1772222285391239046,2026-02-27 14:58:05.391,9.12231,3.6866,-9.02098,0.200872,-0.329826,0.03665,25.29100000000001
1772222285392442447,2026-02-27 14:58:05.392,9.59922,3.50729,-7.91813,0.187479,-0.332957,0.040072,25.292
1772222285393607132,2026-02-27 14:58:05.393,10.7409,2.20566,-10.4703,0.201449,-0.385781,0.075335,25.293000000000006
1772222285394779383,2026-02-27 14:58:05.394,10.64,1.97615,-9.45191,0.156307,-0.377568,0.060236,25.29400000000001
1772222285395984578,2026-02-27 14:58:05.395,11.5477,0.422396,-15.0578,0.242061,-0.291415,0.074014,25.295
1772222285397184593,2026-02-27 14:58:05.397,9.96945,1.04029,-15.9254,0.164058,-0.290273,0.044502,25.29700000000001
1772222285398384757,2026-02-27 14:58:05.398,8.88152,0.382421,-16.3389,0.190608,-0.288936,0.043789,25.298000000000002
1772222285399550519,2026-02-27 14:58:05.399,7.73166,0.413532,-14.8141,0.137404,-0.274613,0.047819,25.299000000000007
1772222285400694244,2026-02-27 14:58:05.400,6.78388,0.304925,-10.2687,0.0492,-0.223393,0.047765,25.30000000000001
1772222285401915859,2026-02-27 14:58:05.401,7.50429,-0.619231,-13.4216,0.068372,-0.254789,0.062001,25.301000000000002
1772222285403115696,2026-02-27 14:58:05.403,7.86457,-0.630389,-16.8515,0.10589,-0.297747,0.074356,25.30300000000001
1772222285404301989,2026-02-27 14:58:05.404,8.12116,-0.345834,-18.2265,0.086359,-0.327957,0.080912,25.304000000000002
1772222285405535210,2026-02-27 14:58:05.405,8.10434,0.19718,-15.5885,0.069356,-0.335083,0.081355,25.305000000000007
1772222285406672195,2026-02-27 14:58:05.406,8.37159,0.747774,-11.6318,0.086667,-0.276719,0.068437,25.30600000000001
1772222285407852028,2026-02-27 14:58:05.407,8.52847,1.25115,-10.7884,0.095288,-0.297943,0.06745,25.307000000000002
1772222285409054385,2026-02-27 14:58:05.409,8.88531,1.56327,-11.3445,0.120789,-0.320834,0.070123,25.30900000000001
1772222285410251234,2026-02-27 14:58:05.410,9.28584,1.88232,-11.8513,0.153629,-0.351331,0.087594,25.310000000000002
1772222285411476177,2026-02-27 14:58:05.411,9.43393,2.12928,-12.2944,0.187623,-0.368637,0.10439,25.311000000000007
1772222285412673369,2026-02-27 14:58:05.412,9.67833,2.34765,-12.3029,0.210603,-0.376668,0.101122,25.312000000000012
1772222285413898322,2026-02-27 14:58:05.413,9.35451,3.06822,-10.3648,0.192687,-0.339327,0.090302,25.313000000000002
1772222285415037605,2026-02-27 14:58:05.415,9.37142,3.0632,-10.2689,0.237748,-0.324982,0.122683,25.315000000000012
1772222285416245205,2026-02-27 14:58:05.416,9.45734,3.1912,-10.9282,0.27081,-0.345213,0.160074,25.316000000000003
1772222285417447312,2026-02-27 14:58:05.417,9.4657,3.55067,-10.5656,0.270715,-0.344351,0.163868,25.317000000000007
1772222285418600464,2026-02-27 14:58:05.418,9.6413,3.67084,-10.7058,0.275617,-0.347852,0.167329,25.318000000000012
1772222285419757364,2026-02-27 14:58:05.419,9.69469,4.043,-10.4037,0.2813,-0.340743,0.165332,25.319000000000003
1772222285420897851,2026-02-27 14:58:05.420,9.80437,4.2033,-10.8122,0.269181,-0.345678,0.164952,25.320000000000007
1772222285422099879,2026-02-27 14:58:05.422,10.3564,3.65436,-15.8393,0.320951,-0.413176,0.163445,25.322000000000003
1772222285423300062,2026-02-27 14:58:05.423,10.2576,4.04591,-14.9534,0.267634,-0.382261,0.118412,25.323000000000008
1772222285424513156,2026-02-27 14:58:05.424,10.3695,4.04101,-14.433,0.261519,-0.423479,0.115489,25.324000000000012
1772222285425655872,2026-02-27 14:58:05.425,9.99864,3.75175,-10.2007,0.210199,-0.327304,0.086955,25.325000000000003
1772222285426777411,2026-02-27 14:58:05.426,10.3571,3.16874,-10.8887,0.273539,-0.334439,0.125505,25.326000000000008
1772222285427896732,2026-02-27 14:58:05.427,10.5488,3.11887,-11.8253,0.352145,-0.370589,0.186204,25.327000000000012
1772222285429013769,2026-02-27 14:58:05.429,10.9639,3.50584,-10.8185,0.345925,-0.380406,0.201274,25.329000000000008
1772222285430131486,2026-02-27 14:58:05.430,11.3235,3.70274,-10.7644,0.320587,-0.406344,0.213879,25.330000000000013
1772222285431254684,2026-02-27 14:58:05.431,11.2991,3.80104,-8.70704,0.269143,-0.415968,0.198128,25.331000000000003
1772222285432431328,2026-02-27 14:58:05.432,11.3211,3.56821,-7.02256,0.229002,-0.390468,0.175695,25.332000000000008
1772222285433565013,2026-02-27 14:58:05.433,11.3872,2.95476,-6.69272,0.227761,-0.376992,0.163101,25.333000000000013
1772222285434692674,2026-02-27 14:58:05.434,12.2573,1.65314,-9.46351,0.269831,-0.402718,0.186408,25.334000000000003
1772222285435859999,2026-02-27 14:58:05.435,12.7042,1.11142,-11.7617,0.294691,-0.417969,0.200717,25.335000000000008
1772222285437059205,2026-02-27 14:58:05.437,12.6932,1.05324,-12.9868,0.278661,-0.425987,0.209412,25.337000000000003
1772222285438254667,2026-02-27 14:58:05.438,12.5119,0.836524,-12.0052,0.25774,-0.414968,0.201219,25.338000000000008
1772222285439475800,2026-02-27 14:58:05.439,12.3985,0.621591,-11.2867,0.238868,-0.397937,0.193223,25.339
1772222285440570298,2026-02-27 14:58:05.440,12.2502,0.245531,-10.5385,0.243506,-0.381204,0.185031,25.340000000000003
1772222285441703101,2026-02-27 14:58:05.441,11.8617,-0.299566,-10.7875,0.235865,-0.37517,0.187557,25.341000000000008
1772222285442876751,2026-02-27 14:58:05.442,11.9261,-0.519674,-11.4055,0.232712,-0.37409,0.188686,25.342
1772222285444056764,2026-02-27 14:58:05.444,11.8245,-0.730095,-11.8609,0.231732,-0.370919,0.186387,25.34400000000001
1772222285445253249,2026-02-27 14:58:05.445,11.9897,-1.06309,-11.9751,0.229904,-0.360319,0.173249,25.345
1772222285446449605,2026-02-27 14:58:05.446,11.8099,-1.26373,-12.5548,0.236267,-0.335273,0.159438,25.346000000000004
1772222285447600880,2026-02-27 14:58:05.447,11.6766,-1.44865,-13.4574,0.238993,-0.32516,0.154123,25.34700000000001
1772222285448754334,2026-02-27 14:58:05.448,11.1676,-1.67194,-15.7037,0.220203,-0.328287,0.145871,25.348
1772222285449952009,2026-02-27 14:58:05.449,10.8632,-1.72276,-16.5263,0.206587,-0.321458,0.126593,25.349000000000004
1772222285451181919,2026-02-27 14:58:05.451,10.5211,-1.67311,-16.763,0.185822,-0.323278,0.110472,25.351
1772222285452427387,2026-02-27 14:58:05.452,10.1976,-1.68618,-16.5907,0.152907,-0.335017,0.099551,25.352000000000004
1772222285453606130,2026-02-27 14:58:05.453,10.1233,-1.75808,-16.0146,0.124771,-0.349034,0.096501,25.35300000000001
1772222285454741757,2026-02-27 14:58:05.454,10.3548,-2.02391,-15.014,0.073185,-0.386269,0.102446,25.354
1772222285455871462,2026-02-27 14:58:05.455,10.5015,-2.07749,-13.8919,0.050999,-0.410353,0.103915,25.355000000000004
1772222285457002357,2026-02-27 14:58:05.457,10.7113,-2.06751,-12.4869,0.036557,-0.435823,0.103158,25.357
1772222285458184563,2026-02-27 14:58:05.458,10.9619,-2.09777,-11.0887,0.017339,-0.461516,0.103324,25.358000000000004
1772222285459354588,2026-02-27 14:58:05.459,11.2686,-2.11288,-10.0073,0.002462,-0.484792,0.105696,25.35900000000001
1772222285460576936,2026-02-27 14:58:05.460,11.5992,-2.07422,-8.9292,-0.009707,-0.509193,0.105592,25.36
1772222285461708494,2026-02-27 14:58:05.461,12.2055,-2.26556,-5.70124,-0.043079,-0.551214,0.093608,25.361000000000004
1772222285462876921,2026-02-27 14:58:05.462,12.5335,-2.39865,-5.14578,-0.05944,-0.569732,0.09551,25.36200000000001
1772222285464077086,2026-02-27 14:58:05.464,12.7982,-2.59808,-4.3359,-0.074294,-0.587211,0.092657,25.364000000000004
1772222285465275192,2026-02-27 14:58:05.465,13.1973,-2.86058,-4.15224,-0.090847,-0.601791,0.095675,25.36500000000001
1772222285466484339,2026-02-27 14:58:05.466,13.3632,-3.07693,-3.8468,-0.107059,-0.611749,0.098217,25.366
1772222285467614885,2026-02-27 14:58:05.467,13.6179,-3.35792,-3.47057,-0.118612,-0.614351,0.096854,25.367000000000004
1772222285468748410,2026-02-27 14:58:05.468,13.8929,-3.99969,-4.0352,-0.128003,-0.594978,0.087432,25.36800000000001
1772222285469922513,2026-02-27 14:58:05.469,13.6901,-4.26308,-5.45068,-0.12311,-0.569693,0.089338,25.369
1772222285471217107,2026-02-27 14:58:05.471,13.3651,-4.4401,-6.14026,-0.121188,-0.545895,0.085527,25.37100000000001
1772222285472412714,2026-02-27 14:58:05.472,12.7955,-4.57025,-6.61891,-0.117875,-0.514562,0.077001,25.372
1772222285473562692,2026-02-27 14:58:05.473,12.3365,-4.69802,-5.80848,-0.147565,-0.54161,0.067597,25.373000000000005
1772222285474696267,2026-02-27 14:58:05.474,13.0499,-5.33856,-4.65686,-0.221974,-0.587129,0.062752,25.37400000000001
1772222285475865108,2026-02-27 14:58:05.475,13.2669,-5.69701,-4.59001,-0.234537,-0.588547,0.065004,25.375
1772222285477061157,2026-02-27 14:58:05.477,13.3521,-5.88854,-4.63689,-0.229798,-0.572331,0.063827,25.37700000000001
1772222285478256826,2026-02-27 14:58:05.478,13.0716,-5.85676,-4.43199,-0.218795,-0.562915,0.057372,25.378
1772222285479473876,2026-02-27 14:58:05.479,12.9288,-5.73267,-4.08718,-0.212106,-0.558855,0.04818,25.379000000000005
1772222285480605896,2026-02-27 14:58:05.480,12.8069,-5.59717,-4.80536,-0.208587,-0.566007,0.048535,25.38000000000001
1772222285481738628,2026-02-27 14:58:05.481,12.9571,-5.31969,-5.83294,-0.200912,-0.572478,0.056836,25.381
1772222285482867780,2026-02-27 14:58:05.482,13.1076,-5.09564,-5.93534,-0.188487,-0.568746,0.061293,25.382000000000005
1772222285484063452,2026-02-27 14:58:05.484,13.1027,-4.93887,-6.04734,-0.169895,-0.559373,0.064132,25.384
1772222285485259117,2026-02-27 14:58:05.485,12.9783,-4.70859,-6.35465,-0.155209,-0.552141,0.064999,25.385000000000005
1772222285486448833,2026-02-27 14:58:05.486,12.8781,-4.40758,-6.72923,-0.138405,-0.545595,0.066978,25.38600000000001
1772222285487563729,2026-02-27 14:58:05.487,12.7425,-4.10168,-8.36431,-0.133103,-0.567836,0.076376,25.387
1772222285488693790,2026-02-27 14:58:05.488,12.955,-3.85377,-8.32196,-0.129758,-0.584058,0.070105,25.388000000000005
1772222285489860814,2026-02-27 14:58:05.489,13.5172,-3.40118,-8.44704,-0.129981,-0.607937,0.058782,25.38900000000001
1772222285491056631,2026-02-27 14:58:05.491,13.7556,-3.22366,-8.29144,-0.146865,-0.632923,0.049451,25.391000000000005
1772222285492252361,2026-02-27 14:58:05.492,13.9183,-3.01398,-8.47852,-0.149694,-0.648641,0.040361,25.39200000000001
1772222285493448510,2026-02-27 14:58:05.493,14.1666,-2.85973,-8.35283,-0.158911,-0.661665,0.033326,25.393
1772222285494569134,2026-02-27 14:58:05.494,14.391,-2.72098,-8.72994,-0.150492,-0.664032,0.029647,25.394000000000005
1772222285495700751,2026-02-27 14:58:05.495,14.4495,-2.58007,-7.50097,-0.156002,-0.685555,0.0184,25.39500000000001
1772222285496866576,2026-02-27 14:58:05.496,14.9052,-2.34113,-7.80076,-0.143498,-0.710288,0.021941,25.396
1772222285498063055,2026-02-27 14:58:05.498,15.2069,-2.17983,-8.11533,-0.140909,-0.733354,0.029986,25.39800000000001
1772222285499259708,2026-02-27 14:58:05.499,15.5565,-2.0916,-8.47684,-0.134803,-0.748919,0.036404,25.399
1772222285500475493,2026-02-27 14:58:05.500,16.0303,-2.01227,-8.5718,-0.131729,-0.764203,0.039621,25.400000000000006
1772222285501603550,2026-02-27 14:58:05.501,16.417,-1.96194,-9.04717,-0.120874,-0.769668,0.042252,25.40100000000001
1772222285502739313,2026-02-27 14:58:05.502,16.7794,-1.9433,-9.90475,-0.109633,-0.766138,0.044328,25.402
1772222285503870604,2026-02-27 14:58:05.503,17.1843,-1.94036,-12.6335,-0.089689,-0.763317,0.049592,25.403000000000006
1772222285505067707,2026-02-27 14:58:05.505,17.2968,-1.94273,-13.4011,-0.075116,-0.758109,0.056165,25.405
1772222285506246678,2026-02-27 14:58:05.506,17.3488,-1.92937,-14.3751,-0.066629,-0.751665,0.056328,25.406000000000006
1772222285507478631,2026-02-27 14:58:05.507,17.3019,-1.83049,-15.1516,-0.052388,-0.742643,0.051232,25.40700000000001
1772222285508611743,2026-02-27 14:58:05.508,17.2097,-1.82585,-16.1626,-0.040529,-0.730081,0.047586,25.408
1772222285509742892,2026-02-27 14:58:05.509,17.1056,-1.73335,-17.4427,-0.032706,-0.71483,0.047567,25.409000000000006
1772222285510891165,2026-02-27 14:58:05.510,16.9292,-1.5836,-20.0025,-0.01239,-0.684174,0.047801,25.41000000000001
1772222285512089990,2026-02-27 14:58:05.512,16.7389,-1.4505,-20.2135,-0.003433,-0.666887,0.036688,25.412000000000006
1772222285513289630,2026-02-27 14:58:05.513,16.6663,-1.39181,-22.0472,0.007313,-0.650388,0.040642,25.41300000000001
1772222285514503434,2026-02-27 14:58:05.514,16.4882,-1.27599,-23.3564,0.017165,-0.633084,0.038751,25.414
1772222285515634807,2026-02-27 14:58:05.515,16.3926,-1.05757,-25.2382,0.027346,-0.614024,0.043797,25.415000000000006
1772222285516797464,2026-02-27 14:58:05.516,16.2766,-0.959942,-26.9207,0.038713,-0.596615,0.04318,25.41600000000001
1772222285517971705,2026-02-27 14:58:05.517,15.8863,-0.631876,-29.5125,0.056432,-0.557324,0.04151,25.417
1772222285519174513,2026-02-27 14:58:05.519,15.6995,-0.498178,-30.7892,0.064772,-0.537392,0.040862,25.41900000000001
1772222285520372734,2026-02-27 14:58:05.520,15.4786,-0.339935,-32.9608,0.073613,-0.516672,0.049365,25.42
1772222285521567364,2026-02-27 14:58:05.521,15.2852,-0.234804,-33.94,0.081812,-0.498311,0.046754,25.421000000000006
1772222285522700532,2026-02-27 14:58:05.522,15.0623,-0.173385,-34.7756,0.085738,-0.483541,0.046743,25.42200000000001
1772222285523832898,2026-02-27 14:58:05.523,14.5912,0.014747,-35.0427,0.091641,-0.469592,0.040047,25.423000000000002
1772222285525030079,2026-02-27 14:58:05.525,14.4408,0.074228,-34.6658,0.087261,-0.484067,0.040498,25.42500000000001
1772222285526227216,2026-02-27 14:58:05.526,14.4313,0.114733,-34.2154,0.079714,-0.496828,0.042515,25.426000000000002
1772222285527425224,2026-02-27 14:58:05.527,14.764,0.177683,-33.6822,0.07968,-0.50324,0.045953,25.427000000000007
1772222285528566468,2026-02-27 14:58:05.528,14.9421,0.332636,-32.7443,0.079864,-0.512481,0.042964,25.42800000000001
1772222285529695929,2026-02-27 14:58:05.529,15.1393,0.506989,-31.9293,0.087103,-0.509156,0.037731,25.429000000000002
1772222285530848717,2026-02-27 14:58:05.530,15.2575,0.648546,-31.9028,0.095098,-0.505603,0.037657,25.430000000000007
1772222285532020650,2026-02-27 14:58:05.532,15.3772,0.902747,-32.5593,0.109924,-0.497948,0.039698,25.432000000000002
1772222285533219156,2026-02-27 14:58:05.533,15.2792,1.03554,-32.5077,0.11659,-0.492998,0.038211,25.433000000000007
1772222285534416621,2026-02-27 14:58:05.534,15.225,1.08378,-32.6495,0.122064,-0.481531,0.038561,25.43400000000001
1772222285535572127,2026-02-27 14:58:05.535,15.1141,1.18415,-32.629,0.130102,-0.471775,0.038926,25.435000000000002
1772222285536706073,2026-02-27 14:58:05.536,14.8767,1.19343,-32.7255,0.129813,-0.462335,0.040789,25.436000000000007
1772222285537857017,2026-02-27 14:58:05.537,14.693,1.11016,-33.8939,0.131601,-0.452379,0.051199,25.437000000000012
1772222285539028136,2026-02-27 14:58:05.539,14.2212,0.955425,-33.1815,0.124517,-0.444688,0.046601,25.439000000000007
1772222285540221722,2026-02-27 14:58:05.540,14.0554,0.82638,-32.0816,0.113509,-0.452553,0.042205,25.440000000000012
1772222285541355528,2026-02-27 14:58:05.541,13.9636,0.752015,-30.3647,0.096838,-0.471343,0.039678,25.441000000000003
1772222285542575209,2026-02-27 14:58:05.542,14.1158,0.722423,-28.3898,0.078523,-0.504679,0.038429,25.442000000000007
1772222285543709231,2026-02-27 14:58:05.543,14.6192,0.67202,-27.2677,0.063473,-0.515816,0.038584,25.443000000000012
1772222285544862275,2026-02-27 14:58:05.544,15.386,0.709513,-29.829,0.098889,-0.436185,0.044209,25.444000000000003
1772222285546032936,2026-02-27 14:58:05.546,13.2919,0.967541,-38.9069,0.230446,-0.196061,0.015783,25.446000000000012
1772222285547230922,2026-02-27 14:58:05.547,11.4911,1.12898,-40.4861,0.218398,-0.207522,-0.001781,25.447000000000003
1772222285548430235,2026-02-27 14:58:05.548,10.8104,0.978635,-43.4934,0.217728,-0.145001,0.002967,25.448000000000008
1772222285549567107,2026-02-27 14:58:05.549,9.89802,0.695605,-44.9281,0.205524,-0.106231,0.008327,25.449000000000012
1772222285550697657,2026-02-27 14:58:05.550,9.08454,0.422396,-46.1263,0.187475,-0.058625,0.012018,25.450000000000003
1772222285551858629,2026-02-27 14:58:05.551,8.18641,0.083657,-47.3404,0.167555,-0.011992,0.014619,25.451000000000008
1772222285553030536,2026-02-27 14:58:05.553,4.96897,-1.15121,-51.5204,0.183929,-0.01684,-0.003198,25.453000000000003
1772222285554220587,2026-02-27 14:58:05.554,3.35601,-1.29048,-53.6384,0.198433,-0.076524,-0.028169,25.454000000000008
1772222285555415660,2026-02-27 14:58:05.555,2.85698,-0.989426,-54.8275,0.190843,-0.091047,-0.035793,25.455000000000013
1772222285556571016,2026-02-27 14:58:05.556,2.56823,-0.738985,-55.4057,0.17264,-0.077968,-0.036173,25.456000000000003
1772222285557699038,2026-02-27 14:58:05.557,2.27576,-0.606681,-54.6376,0.159158,-0.085899,-0.030762,25.457000000000008
1772222285558874249,2026-02-27 14:58:05.558,2.48882,-0.516177,-54.421,0.148174,-0.05265,-0.022258,25.458000000000013
1772222285560046939,2026-02-27 14:58:05.560,1.71832,-0.274111,-54.7887,0.141096,-0.013404,-0.026895,25.460000000000008
1772222285561238139,2026-02-27 14:58:05.561,1.17248,-0.135116,-54.9502,0.137379,-0.014852,-0.032207,25.461000000000013
1772222285562437756,2026-02-27 14:58:05.562,0.738478,-0.047725,-54.2465,0.137367,-0.007641,-0.047651,25.462000000000003
1772222285563560347,2026-02-27 14:58:05.563,0.350185,-0.074735,-54.8112,0.145273,-0.002134,-0.045963,25.463000000000008
1772222285564690590,2026-02-27 14:58:05.564,-0.249161,-0.078719,-55.266,0.155427,0.013881,-0.048891,25.464
1772222285565868276,2026-02-27 14:58:05.565,-0.854281,-0.092595,-55.8185,0.14807,0.007218,-0.044641,25.465000000000003
1772222285567043672,2026-02-27 14:58:05.567,-1.71496,-0.220722,-55.8281,0.141602,0.009038,-0.039689,25.467
1772222285568234640,2026-02-27 14:58:05.568,-2.19706,-0.237281,-55.6697,0.136859,0.009174,-0.037515,25.468000000000004
1772222285569434837,2026-02-27 14:58:05.569,-2.55921,-0.270503,-55.4057,0.129269,0.006366,-0.035803,25.46900000000001
1772222285570584311,2026-02-27 14:58:05.570,-2.90536,-0.291417,-56.1197,0.12053,0.004215,-0.024628,25.47
1772222285571715914,2026-02-27 14:58:05.571,-3.14332,-0.312184,-55.5016,0.112621,-0.001049,-0.023822,25.471000000000004
1772222285572888243,2026-02-27 14:58:05.572,-3.37546,-0.364656,-55.1431,0.102471,-0.008608,-0.020844,25.47200000000001
1772222285574078492,2026-02-27 14:58:05.574,-3.67029,-0.308095,-53.5657,0.087013,-0.023423,-0.021159,25.474000000000004
1772222285575271096,2026-02-27 14:58:05.575,-3.70151,-0.346028,-53.0911,0.078928,-0.031151,-0.019672,25.47500000000001
1772222285576485494,2026-02-27 14:58:05.576,-3.74516,-0.383177,-52.7326,0.067927,-0.034658,-0.019221,25.476
1772222285577618459,2026-02-27 14:58:05.577,-3.65381,-0.419523,-52.4298,0.063629,-0.035874,-0.018771,25.477000000000004
1772222285578746993,2026-02-27 14:58:05.578,-3.6534,-0.47697,-51.3131,0.057697,-0.035578,-0.027927,25.47800000000001
1772222285579925176,2026-02-27 14:58:05.579,-3.71396,-0.478161,-50.6449,0.053848,-0.035508,-0.03081,25.479
1772222285581177205,2026-02-27 14:58:05.581,-3.65994,-0.458029,-50.3836,0.051778,-0.036799,-0.027079,25.48100000000001
1772222285582373323,2026-02-27 14:58:05.582,-3.63422,-0.472663,-50.5759,0.043233,-0.036738,-0.026106,25.482
1772222285583574180,2026-02-27 14:58:05.583,-3.56461,-0.526682,-50.086,0.050161,-0.039898,-0.025713,25.483000000000004
1772222285584721440,2026-02-27 14:58:05.584,-3.52709,-0.464938,-49.8512,0.051021,-0.041089,-0.027244,25.48400000000001
1772222285585901243,2026-02-27 14:58:05.585,-3.54096,-0.440667,-49.4559,0.053191,-0.041833,-0.028444,25.485
1772222285587088527,2026-02-27 14:58:05.587,-3.44197,-0.309171,-50.0812,0.063145,-0.0433,-0.022348,25.48700000000001
1772222285588283693,2026-02-27 14:58:05.588,-3.3891,-0.226754,-49.51,0.068835,-0.043605,-0.028302,25.488
1772222285589492996,2026-02-27 14:58:05.589,-3.48196,-0.094889,-49.2459,0.076843,-0.040683,-0.031112,25.489000000000004
1772222285590624504,2026-02-27 14:58:05.590,-3.40899,0.039456,-48.6526,0.087153,-0.039073,-0.036968,25.49000000000001
1772222285591818309,2026-02-27 14:58:05.591,-3.50327,0.18676,-48.3258,0.095932,-0.034994,-0.039948,25.491
1772222285593003912,2026-02-27 14:58:05.593,-3.58547,0.265329,-48.2953,0.10612,-0.033031,-0.041153,25.49300000000001
1772222285594182210,2026-02-27 14:58:05.594,-3.71982,0.611446,-48.194,0.124309,-0.023011,-0.043377,25.494
1772222285595381533,2026-02-27 14:58:05.595,-3.71273,0.810271,-47.1511,0.1319,-0.018892,-0.056056,25.495000000000005
1772222285596560717,2026-02-27 14:58:05.596,-3.74964,0.932292,-47.3953,0.142017,-0.017718,-0.052491,25.49600000000001
1772222285597691930,2026-02-27 14:58:05.597,-3.76763,1.08938,-47.4261,0.15121,-0.015482,-0.053534,25.497
1772222285598865966,2026-02-27 14:58:05.598,-3.77579,1.2603,-48.0003,0.159382,-0.012995,-0.049346,25.498000000000005
1772222285600042437,2026-02-27 14:58:05.600,-3.7834,1.41258,-48.3684,0.166859,-0.010553,-0.048701,25.5
1772222285601220606,2026-02-27 14:58:05.601,-3.88208,1.81441,-48.5776,0.182156,-0.006335,-0.050419,25.501000000000005
1772222285602359829,2026-02-27 14:58:05.602,-3.91899,2.01717,-48.6523,0.192918,-0.004694,-0.050981,25.50200000000001
1772222285603570473,2026-02-27 14:58:05.603,-3.91504,2.12038,-49.3748,0.205737,-0.004814,-0.042512,25.503
1772222285604702587,2026-02-27 14:58:05.604,-3.9071,2.29843,-49.7203,0.21796,-0.00335,-0.041948,25.504000000000005
1772222285605880961,2026-02-27 14:58:05.605,-4.018,2.4774,-49.7098,0.222632,-0.001817,-0.043628,25.50500000000001
1772222285607056946,2026-02-27 14:58:05.607,-4.07073,2.60202,-49.4656,0.22777,0.000692,-0.049733,25.507000000000005
1772222285608251673,2026-02-27 14:58:05.608,-4.14847,2.94084,-49.2706,0.248923,0.00424,-0.053705,25.50800000000001
1772222285609494532,2026-02-27 14:58:05.609,-4.25276,3.09728,-49.4734,0.258919,0.008063,-0.053519,25.509
1772222285610627480,2026-02-27 14:58:05.610,-4.3133,3.2965,-49.7514,0.269595,0.010668,-0.054199,25.510000000000005
1772222285611759481,2026-02-27 14:58:05.611,-4.43811,3.44369,-49.6218,0.275722,0.015837,-0.05841,25.51100000000001
1772222285612958303,2026-02-27 14:58:05.612,-4.54993,3.63268,-49.1432,0.28615,0.020038,-0.06594,25.512
1772222285614098401,2026-02-27 14:58:05.614,-4.66632,3.98673,-50.3792,0.308044,0.033093,-0.06268,25.51400000000001
1772222285615273522,2026-02-27 14:58:05.615,-4.78601,4.10506,-51.0531,0.315035,0.036736,-0.059196,25.515
1772222285616486889,2026-02-27 14:58:05.616,-4.89252,4.24155,-51.4919,0.318724,0.043632,-0.06061,25.516000000000005
1772222285617621898,2026-02-27 14:58:05.617,-4.97879,4.37052,-51.6674,0.333117,0.047534,-0.061198,25.51700000000001
1772222285618752047,2026-02-27 14:58:05.618,-5.08276,4.5562,-51.9301,0.339428,0.053818,-0.061357,25.518
1772222285619882836,2026-02-27 14:58:05.619,-5.22861,4.65398,-52.2242,0.343776,0.057252,-0.063265,25.519000000000005
1772222285621063133,2026-02-27 14:58:05.621,-5.28009,4.81389,-53.6698,0.348048,0.064687,-0.053714,25.521
1772222285622204368,2026-02-27 14:58:05.622,-5.61576,5.02143,-53.8032,0.363047,0.07952,-0.05809,25.522000000000006
1772222285623385293,2026-02-27 14:58:05.623,-5.67645,5.14647,-53.5249,0.372072,0.085044,-0.062853,25.52300000000001
1772222285624576362,2026-02-27 14:58:05.624,-5.78261,5.19913,-53.5056,0.377218,0.09093,-0.065723,25.524
1772222285625714017,2026-02-27 14:58:05.625,-5.90666,5.30923,-53.7857,0.381371,0.099796,-0.066433,25.525000000000006
1772222285626888736,2026-02-27 14:58:05.626,-6.04966,5.33925,-54.0894,0.383936,0.103154,-0.066926,25.52600000000001
1772222285628082143,2026-02-27 14:58:05.628,-6.12145,5.40504,-54.3278,0.389157,0.109997,-0.067615,25.528000000000006
1772222285629253735,2026-02-27 14:58:05.629,-6.2538,5.61317,-53.9087,0.394519,0.120289,-0.075566,25.52900000000001
1772222285630477661,2026-02-27 14:58:05.630,-6.37608,5.64767,-54.2383,0.394859,0.123763,-0.075277,25.53
1772222285631610040,2026-02-27 14:58:05.631,-6.47719,5.6855,-55.1445,0.397387,0.129988,-0.070612,25.531000000000006
1772222285632742982,2026-02-27 14:58:05.632,-6.56087,5.69627,-55.7224,0.395914,0.135345,-0.066502,25.53200000000001
1772222285633919280,2026-02-27 14:58:05.633,-6.66824,5.68924,-56.0327,0.395664,0.138466,-0.066027,25.533
1772222285635105307,2026-02-27 14:58:05.635,-6.80347,5.71242,-56.4579,0.39721,0.143529,-0.066642,25.53500000000001
1772222285636275877,2026-02-27 14:58:05.636,-6.99644,5.76352,-57.275,0.390944,0.15433,-0.060626,25.536
1772222285637495518,2026-02-27 14:58:05.637,-7.14061,5.697,-58.233,0.385836,0.15843,-0.054869,25.537000000000006
1772222285638629496,2026-02-27 14:58:05.638,-7.18693,5.63154,-58.2362,0.384731,0.164064,-0.05755,25.53800000000001
1772222285639763439,2026-02-27 14:58:05.639,-7.31327,5.67933,-58.3018,0.381359,0.169959,-0.060424,25.539
1772222285640989121,2026-02-27 14:58:05.640,-7.43944,5.61501,-58.2131,0.3798,0.172913,-0.06191,25.540000000000006
1772222285642165925,2026-02-27 14:58:05.642,-7.55692,5.6255,-58.2472,0.377464,0.178268,-0.063267,25.542
1772222285643338785,2026-02-27 14:58:05.643,-7.81681,5.53058,-58.9408,0.36854,0.189566,-0.060918,25.543000000000006
1772222285644551363,2026-02-27 14:58:05.644,-7.94065,5.54427,-59.1892,0.370382,0.196227,-0.060398,25.54400000000001
1772222285645687109,2026-02-27 14:58:05.645,-8.0945,5.50288,-58.3946,0.367239,0.202431,-0.070305,25.545
1772222285646884525,2026-02-27 14:58:05.646,-8.29376,5.42978,-59.2027,0.361409,0.209607,-0.06578,25.546000000000006
1772222285648085166,2026-02-27 14:58:05.648,-8.31872,5.40328,-59.3933,0.363765,0.215463,-0.064429,25.548000000000002
1772222285649260977,2026-02-27 14:58:05.649,-8.56064,5.25128,-60.759,0.356877,0.227347,-0.055624,25.549000000000007
1772222285650475187,2026-02-27 14:58:05.650,-8.66326,5.18721,-60.9629,0.355304,0.232859,-0.055828,25.55000000000001
1772222285651605825,2026-02-27 14:58:05.651,-8.78351,5.13683,-61.218,0.353761,0.23661,-0.054521,25.551000000000002
1772222285652739811,2026-02-27 14:58:05.652,-8.95645,5.11623,-61.4732,0.339049,0.240591,-0.054087,25.552000000000007
1772222285653871032,2026-02-27 14:58:05.653,-9.00337,5.03136,-62.5612,0.340027,0.242462,-0.043394,25.55300000000001
1772222285655076703,2026-02-27 14:58:05.655,-9.08079,4.91698,-62.7986,0.334874,0.249738,-0.041624,25.555000000000007
1772222285656252308,2026-02-27 14:58:05.656,-9.44607,4.84242,-62.651,0.328408,0.263757,-0.043429,25.55600000000001
1772222285657426121,2026-02-27 14:58:05.657,-9.64812,4.69701,-62.4745,0.324285,0.272182,-0.046071,25.557000000000002
1772222285658592635,2026-02-27 14:58:05.658,-9.85392,4.73752,-62.6972,0.325247,0.281613,-0.046603,25.558000000000007
1772222285659773444,2026-02-27 14:58:05.659,-9.98844,4.62058,-62.9136,0.314491,0.290416,-0.045358,25.55900000000001
1772222285660972817,2026-02-27 14:58:05.660,-10.2297,4.58289,-63.0692,0.310298,0.299351,-0.044053,25.560000000000002
1772222285662172793,2026-02-27 14:58:05.662,-10.3175,4.50543,-62.6596,0.311075,0.305924,-0.047532,25.562000000000012
1772222285663350216,2026-02-27 14:58:05.663,-10.6534,4.40639,-62.793,0.303457,0.325714,-0.046642,25.563000000000002
1772222285664551432,2026-02-27 14:58:05.664,-10.8114,4.33644,-63.3241,0.298766,0.335787,-0.043715,25.564000000000007
1772222285665686224,2026-02-27 14:58:05.665,-10.9832,4.29265,-63.8821,0.298064,0.345897,-0.036425,25.565000000000012
1772222285666863509,2026-02-27 14:58:05.666,-11.1691,4.30089,-64.1362,0.298168,0.358233,-0.035141,25.566000000000003
1772222285668063387,2026-02-27 14:58:05.668,-11.3693,4.22218,-64.3441,0.296033,0.367327,-0.034938,25.568000000000012
1772222285669239704,2026-02-27 14:58:05.669,-11.5385,4.15808,-64.3963,0.291784,0.376451,-0.033636,25.569000000000003
1772222285670417300,2026-02-27 14:58:05.670,-11.8319,4.02425,-65.9161,0.287206,0.396948,-0.022821,25.570000000000007
1772222285671560141,2026-02-27 14:58:05.671,-11.9917,4.0503,-65.552,0.28405,0.407017,-0.025936,25.571000000000012
1772222285672693831,2026-02-27 14:58:05.672,-12.1332,3.95487,-65.7196,0.281239,0.415287,-0.025541,25.572000000000003
1772222285673882503,2026-02-27 14:58:05.673,-12.312,3.93047,-65.3227,0.278047,0.42176,-0.030737,25.573000000000008
1772222285675085596,2026-02-27 14:58:05.675,-12.3766,3.85629,-65.2068,0.277156,0.429606,-0.029745,25.575000000000003
1772222285676262330,2026-02-27 14:58:05.676,-12.5168,3.8248,-65.296,0.273826,0.438934,-0.028873,25.576000000000008
1772222285677442507,2026-02-27 14:58:05.677,-12.8537,3.79581,-65.6127,0.273143,0.45752,-0.027668,25.577000000000012
1772222285678603222,2026-02-27 14:58:05.678,-13.0772,3.72368,-64.751,0.275237,0.466899,-0.038308,25.578000000000003
1772222285679741028,2026-02-27 14:58:05.679,-13.2532,3.66312,-65.0362,0.269977,0.477101,-0.035671,25.579000000000008
1772222285680918379,2026-02-27 14:58:05.680,-13.4446,3.61465,-65.2482,0.269347,0.484986,-0.034768,25.580000000000013
1772222285682118188,2026-02-27 14:58:05.682,-13.5843,3.57097,-66.0086,0.269675,0.493514,-0.030767,25.582000000000008
1772222285683296056,2026-02-27 14:58:05.683,-13.7844,3.55161,-66.4841,0.265247,0.508953,-0.023773,25.583000000000013
1772222285684484299,2026-02-27 14:58:05.684,-14.0083,3.58727,-66.6897,0.26679,0.517723,-0.023838,25.584000000000003
1772222285685617658,2026-02-27 14:58:05.685,-14.1968,3.53537,-66.8526,0.265521,0.526359,-0.024218,25.585000000000008
1772222285686794598,2026-02-27 14:58:05.686,-14.3786,3.55159,-67.4786,0.262953,0.533435,-0.01927,25.586000000000013
1772222285687990148,2026-02-27 14:58:05.687,-14.5249,3.51169,-68.0481,0.264314,0.541384,-0.016409,25.587000000000003
1772222285689195106,2026-02-27 14:58:05.689,-14.7176,3.59263,-68.0013,0.264331,0.551159,-0.017657,25.589
1772222285690339730,2026-02-27 14:58:05.690,-15.0783,3.65381,-67.6172,0.266124,0.570846,-0.027074,25.590000000000003
1772222285691622053,2026-02-27 14:58:05.691,-15.2802,3.72019,-67.5866,0.270218,0.583432,-0.025513,25.591000000000008
1772222285692803947,2026-02-27 14:58:05.692,-15.472,3.77985,-67.6739,0.272004,0.596591,-0.024724,25.592
1772222285694005360,2026-02-27 14:58:05.694,-15.7129,3.88212,-67.8731,0.278242,0.611789,-0.025378,25.59400000000001
1772222285695213101,2026-02-27 14:58:05.695,-15.9856,3.95596,-67.9586,0.283622,0.624492,-0.028083,25.595
1772222285696389645,2026-02-27 14:58:05.696,-16.4482,4.13638,-67.6099,0.292195,0.650111,-0.03179,25.596000000000004
1772222285697556367,2026-02-27 14:58:05.697,-16.6674,4.21248,-67.8302,0.294702,0.663107,-0.032528,25.59700000000001
1772222285698689372,2026-02-27 14:58:05.698,-16.8356,4.27966,-68.5175,0.301602,0.675664,-0.026836,25.598
1772222285699863937,2026-02-27 14:58:05.699,-17.0067,4.33671,-68.8164,0.310836,0.694437,-0.024183,25.599000000000004
1772222285701063639,2026-02-27 14:58:05.701,-17.2221,4.4737,-69.0525,0.319301,0.709831,-0.025236,25.601
1772222285702263892,2026-02-27 14:58:05.702,-17.4694,4.54849,-69.2302,0.326962,0.723643,-0.026053,25.602000000000004
1772222285703441304,2026-02-27 14:58:05.703,-17.9524,4.68202,-70.6422,0.336337,0.75091,-0.015801,25.60300000000001
1772222285704599195,2026-02-27 14:58:05.704,-18.1373,4.75603,-70.5397,0.339932,0.761849,-0.019104,25.604
1772222285705734950,2026-02-27 14:58:05.705,-18.311,4.85588,-70.7447,0.347202,0.7748,-0.018677,25.605000000000004
1772222285706866517,2026-02-27 14:58:05.706,-18.5175,4.93028,-70.4635,0.350814,0.78203,-0.024591,25.60600000000001
1772222285708070408,2026-02-27 14:58:05.708,-18.7243,4.95197,-70.291,0.355296,0.792242,-0.026133,25.608000000000004
1772222285709271653,2026-02-27 14:58:05.709,-18.8943,4.95792,-70.3967,0.357042,0.799594,-0.025737,25.60900000000001
1772222285710449179,2026-02-27 14:58:05.710,-19.1992,5.11234,-70.9491,0.369002,0.817338,-0.025158,25.61
1772222285711616538,2026-02-27 14:58:05.711,-19.3622,5.19325,-70.4139,0.377,0.824677,-0.032143,25.611000000000004
1772222285712794164,2026-02-27 14:58:05.712,-19.5277,5.25974,-70.3759,0.377949,0.833245,-0.03509,25.61200000000001
1772222285713993686,2026-02-27 14:58:05.713,-19.6373,5.29981,-70.7837,0.386786,0.839474,-0.034711,25.613
1772222285715194043,2026-02-27 14:58:05.715,-19.7329,5.30257,-71.4518,0.389746,0.844408,-0.029055,25.61500000000001
1772222285716372581,2026-02-27 14:58:05.716,-19.7691,5.38728,-72.0675,0.392741,0.848649,-0.025056,25.616
1772222285717538600,2026-02-27 14:58:05.717,-19.8737,5.43105,-72.522,0.39768,0.850744,-0.024083,25.617000000000004
1772222285718671857,2026-02-27 14:58:05.718,-19.8882,5.45955,-72.7663,0.398783,0.84917,-0.024147,25.61800000000001
1772222285719849041,2026-02-27 14:58:05.719,-19.8006,5.47303,-73.0692,0.396334,0.851357,-0.021237,25.619
1772222285721047897,2026-02-27 14:58:05.721,-19.5328,5.49235,-74.2034,0.394288,0.860226,-0.008724,25.62100000000001
1772222285722248763,2026-02-27 14:58:05.722,-19.2731,5.4501,-73.9303,0.390243,0.874669,-0.005841,25.622
1772222285723428263,2026-02-27 14:58:05.723,-18.9186,5.36288,-73.7183,0.386409,0.9039,-0.00222,25.623000000000005
1772222285724557490,2026-02-27 14:58:05.724,-18.7933,5.36901,-73.6866,0.38441,0.917066,-0.00016,25.62400000000001
1772222285725694336,2026-02-27 14:58:05.725,-18.6965,5.32714,-74.0084,0.384237,0.930167,0.003016,25.625
1772222285726900840,2026-02-27 14:58:05.726,-18.7014,5.24863,-74.3293,0.376517,0.940707,0.005257,25.626000000000005
1772222285728102577,2026-02-27 14:58:05.728,-18.5387,5.17418,-74.6233,0.37719,0.949601,0.007405,25.628
1772222285729303551,2026-02-27 14:58:05.729,-18.4737,5.14742,-73.799,0.371868,0.948921,-0.003614,25.629000000000005
1772222285730492872,2026-02-27 14:58:05.730,-18.4224,4.98468,-74.8623,0.370254,0.963651,0.006962,25.63000000000001
1772222285731634713,2026-02-27 14:58:05.731,-18.4161,4.92248,-75.9514,0.368342,0.972541,0.011704,25.631
1772222285732852914,2026-02-27 14:58:05.732,-18.5172,4.80283,-76.779,0.361744,0.982789,0.013298,25.632000000000005
1772222285734052586,2026-02-27 14:58:05.734,-18.4824,4.75229,-77.2461,0.363044,0.992654,0.013514,25.634
1772222285735252349,2026-02-27 14:58:05.735,-18.6152,4.68288,-77.7309,0.361052,1.00284,0.012663,25.635000000000005
1772222285736429222,2026-02-27 14:58:05.736,-18.6922,4.63073,-78.2212,0.360223,1.01319,0.012877,25.63600000000001
1772222285737584266,2026-02-27 14:58:05.737,-18.8403,4.40133,-80.1177,0.353243,1.02953,0.019089,25.637
1772222285738761990,2026-02-27 14:58:05.738,-18.9825,4.37285,-80.2921,0.351569,1.03749,0.017409,25.638000000000005
1772222285739902475,2026-02-27 14:58:05.739,-19.1098,4.25226,-80.2723,0.349051,1.04423,0.010865,25.63900000000001
1772222285741101291,2026-02-27 14:58:05.741,-19.2253,4.2232,-80.2306,0.347474,1.05235,0.007366,25.641000000000005
1772222285742304202,2026-02-27 14:58:05.742,-19.3772,4.18278,-80.2784,0.343139,1.06043,0.004844,25.64200000000001
1772222285743535181,2026-02-27 14:58:05.743,-19.4748,4.11138,-80.538,0.341864,1.06877,0.003925,25.643
1772222285744691302,2026-02-27 14:58:05.744,-19.9027,4.04396,-80.6118,0.338653,1.09125,-0.001225,25.644000000000005
1772222285745871963,2026-02-27 14:58:05.745,-20.0784,3.97762,-79.9036,0.334648,1.10068,-0.010393,25.64500000000001
1772222285747071455,2026-02-27 14:58:05.747,-20.2786,3.92799,-80.3686,0.331034,1.10203,-0.011726,25.647000000000006
1772222285748271151,2026-02-27 14:58:05.748,-20.3673,3.83436,-80.5035,0.335764,1.11104,-0.009488,25.64800000000001
1772222285749446198,2026-02-27 14:58:05.749,-20.5741,3.79889,-81.0223,0.336072,1.11774,-0.005283,25.649
1772222285750614401,2026-02-27 14:58:05.750,-20.8405,3.75108,-81.2009,0.333085,1.13218,-0.003399,25.650000000000006
1772222285751812791,2026-02-27 14:58:05.751,-21.4266,3.78535,-81.2993,0.329622,1.16098,-0.001894,25.65100000000001
1772222285753012549,2026-02-27 14:58:05.753,-21.6773,3.71237,-81.2793,0.323905,1.17455,0.000674,25.653000000000006
1772222285754217372,2026-02-27 14:58:05.754,-21.8383,3.67829,-82.408,0.323811,1.18697,0.011257,25.65400000000001
1772222285755418310,2026-02-27 14:58:05.755,-22.0367,3.61264,-82.0238,0.322881,1.19576,0.008192,25.655
1772222285756573167,2026-02-27 14:58:05.756,-22.5922,3.57318,-81.5435,0.309939,1.21558,0.007757,25.656000000000006
1772222285757710954,2026-02-27 14:58:05.757,-22.7492,3.60222,-81.2512,0.310006,1.22325,0.006415,25.65700000000001
1772222285758904478,2026-02-27 14:58:05.758,-22.9452,3.5865,-81.2813,0.310601,1.23289,0.007652,25.658
1772222285760108590,2026-02-27 14:58:05.760,-23.1082,3.57102,-81.1051,0.307055,1.23989,0.008295,25.66000000000001
1772222285761308260,2026-02-27 14:58:05.761,-23.3114,3.55294,-81.0924,0.301807,1.24205,0.005489,25.661
1772222285762497705,2026-02-27 14:58:05.762,-23.4387,3.53481,-80.0734,0.306299,1.24498,-0.000884,25.662000000000006
1772222285763645758,2026-02-27 14:58:05.763,-23.6181,3.5506,-79.6412,0.304571,1.24841,0.001086,25.66300000000001
1772222285764844489,2026-02-27 14:58:05.764,-23.8296,3.57098,-79.7575,0.306552,1.25283,0.009246,25.664
1772222285766044531,2026-02-27 14:58:05.766,-23.9718,3.56336,-79.9863,0.308175,1.25921,0.012979,25.66600000000001
1772222285767244330,2026-02-27 14:58:05.767,-24.097,3.60265,-79.7355,0.309338,1.2699,0.012007,25.667
1772222285768444738,2026-02-27 14:58:05.768,-24.212,3.63618,-79.4584,0.312113,1.28027,0.010225,25.668000000000006
1772222285769600282,2026-02-27 14:58:05.769,-24.3562,3.62705,-79.2189,0.316767,1.29822,0.014535,25.66900000000001
1772222285770771640,2026-02-27 14:58:05.770,-24.3279,3.65305,-79.707,0.31718,1.30522,0.021003,25.67
1772222285771973368,2026-02-27 14:58:05.771,-24.3819,3.64107,-79.0226,0.318471,1.31007,0.019223,25.671000000000006
1772222285773157027,2026-02-27 14:58:05.773,-24.3377,3.64014,-78.3564,0.315761,1.31338,0.017109,25.673000000000002
1772222285774354383,2026-02-27 14:58:05.774,-24.2726,3.69166,-77.7572,0.318335,1.31782,0.013146,25.674000000000007
1772222285775609547,2026-02-27 14:58:05.775,-24.2178,3.68679,-77.288,0.318511,1.32003,0.010137,25.67500000000001
1772222285776791915,2026-02-27 14:58:05.776,-24.0337,3.64026,-76.5539,0.316312,1.32146,0.010558,25.676000000000002
1772222285777990226,2026-02-27 14:58:05.777,-23.9235,3.57548,-76.1022,0.315127,1.32034,0.010273,25.677000000000007
1772222285779161138,2026-02-27 14:58:05.779,-23.8265,3.67894,-74.6096,0.31441,1.31884,0.000211,25.679000000000002
1772222285780332766,2026-02-27 14:58:05.780,-23.5863,3.66013,-74.7668,0.317482,1.31604,0.003287,25.680000000000007
1772222285781515476,2026-02-27 14:58:05.781,-23.466,3.64224,-74.2694,0.316967,1.31278,0.00224,25.68100000000001
1772222285782647398,2026-02-27 14:58:05.782,-23.1042,3.61064,-74.2822,0.313598,1.30426,0.008046,25.682000000000002
1772222285783839981,2026-02-27 14:58:05.783,-22.8963,3.60688,-73.9877,0.31588,1.30225,0.007312,25.683000000000007
1772222285784974157,2026-02-27 14:58:05.784,-22.7183,3.59108,-73.6313,0.316413,1.29761,0.006197,25.68400000000001
1772222285786164845,2026-02-27 14:58:05.786,-22.5359,3.58802,-73.3181,0.31606,1.29394,0.005457,25.686000000000007
1772222285787336918,2026-02-27 14:58:05.787,-22.3497,3.50484,-73.9643,0.312927,1.29072,0.014329,25.687000000000012
1772222285788483409,2026-02-27 14:58:05.788,-22.2223,3.5167,-73.7041,0.311267,1.28791,0.015268,25.688000000000002
1772222285789617530,2026-02-27 14:58:05.789,-21.8266,3.6067,-72.7125,0.307757,1.28112,0.013958,25.689000000000007
1772222285790749658,2026-02-27 14:58:05.790,-21.6572,3.57669,-72.2332,0.305611,1.27772,0.01262,25.690000000000012
1772222285791897262,2026-02-27 14:58:05.791,-21.4908,3.59788,-72.0159,0.301146,1.27569,0.013875,25.691000000000003
1772222285793057838,2026-02-27 14:58:05.793,-21.3502,3.56991,-71.8903,0.30117,1.2723,0.013686,25.693000000000012
1772222285794237859,2026-02-27 14:58:05.794,-21.2907,3.5546,-71.7494,0.298565,1.26998,0.013915,25.694000000000003
1772222285795416921,2026-02-27 14:58:05.795,-21.1182,3.49032,-71.0659,0.294678,1.26441,0.006044,25.695000000000007
1772222285796561304,2026-02-27 14:58:05.796,-20.8331,3.48105,-70.5916,0.293226,1.25654,-0.00061,25.696000000000012
1772222285797681904,2026-02-27 14:58:05.797,-20.8331,3.48105,-70.5916,0.293226,1.25654,-0.00061,25.697000000000003
1772222285798904320,2026-02-27 14:58:05.798,-20.5557,3.25524,-70.5415,0.294714,1.23068,-0.011339,25.698000000000008
1772222285800099337,2026-02-27 14:58:05.800,-20.5028,3.08751,-68.3156,0.298104,1.1488,-0.033075,25.700000000000003
1772222285801283454,2026-02-27 14:58:05.801,-19.6117,3.14209,-62.0622,0.262641,0.939687,-0.047586,25.701000000000008
1772222285802479973,2026-02-27 14:58:05.802,-17.1828,3.40409,-46.869,0.190688,0.544569,-0.029216,25.702000000000012
1772222285803616162,2026-02-27 14:58:05.803,-6.75591,4.27479,-27.6384,0.111512,0.114982,0.099863,25.703000000000003
1772222285804894940,2026-02-27 14:58:05.804,-2.8118,4.7853,-20.3822,0.111293,0.022467,0.099213,25.704000000000008
1772222285806075047,2026-02-27 14:58:05.806,0.020165,5.41531,-13.7829,0.134902,-0.026497,0.08273,25.706000000000003
1772222285807258134,2026-02-27 14:58:05.807,2.99208,5.85114,-14.9332,0.132591,-0.160239,0.050979,25.707000000000008
1772222285808447098,2026-02-27 14:58:05.808,4.56177,6.16797,-9.81874,0.1853,-0.15072,0.011534,25.708000000000013
1772222285809610998,2026-02-27 14:58:05.809,8.16628,6.32724,-9.46243,0.211894,-0.273836,-0.022442,25.709000000000003
1772222285810766473,2026-02-27 14:58:05.810,8.76733,6.66427,-4.34466,0.218003,-0.270854,-0.030162,25.710000000000008
1772222285811918620,2026-02-27 14:58:05.811,11.0977,5.46484,-9.71261,0.271856,-0.406435,-0.013155,25.711000000000013
1772222285813082057,2026-02-27 14:58:05.813,11.205,6.02125,-5.32292,0.243003,-0.378069,-0.018142,25.713000000000008
1772222285814260512,2026-02-27 14:58:05.814,12.3907,5.07754,-7.01258,0.273163,-0.466151,0.012867,25.714
1772222285815478178,2026-02-27 14:58:05.815,12.8619,4.97604,-6.81383,0.244317,-0.446641,0.042514,25.715000000000003
1772222285816612385,2026-02-27 14:58:05.816,12.944,3.67668,-8.0187,0.209967,-0.461031,0.060024,25.716000000000008
1772222285817744972,2026-02-27 14:58:05.817,12.42,3.1774,-7.86596,0.172935,-0.403255,0.059776,25.717
1772222285818875990,2026-02-27 14:58:05.818,11.9213,2.12674,-10.5469,0.200271,-0.447783,0.085732,25.718000000000004
1772222285820058193,2026-02-27 14:58:05.820,11.4488,1.71161,-11.8946,0.197542,-0.433989,0.107195,25.72
1772222285821237284,2026-02-27 14:58:05.821,11.3637,1.13857,-14.1626,0.222194,-0.458058,0.152905,25.721000000000004
1772222285822417635,2026-02-27 14:58:05.822,11.4354,1.02472,-14.3411,0.220025,-0.417572,0.178751,25.72200000000001
1772222285823538123,2026-02-27 14:58:05.823,11.6355,0.660048,-15.856,0.258468,-0.440041,0.216763,25.723
1772222285824675259,2026-02-27 14:58:05.824,11.4761,1.19645,-14.1123,0.224047,-0.43152,0.209571,25.724000000000004
1772222285825839116,2026-02-27 14:58:05.825,11.7557,1.44303,-13.8888,0.215586,-0.430069,0.203704,25.72500000000001
1772222285826987061,2026-02-27 14:58:05.826,12.1622,1.33893,-15.3695,0.251118,-0.417121,0.196741,25.726
1772222285828108537,2026-02-27 14:58:05.828,12.4009,1.72883,-16.6935,0.303142,-0.431423,0.202946,25.72800000000001
1772222285829230692,2026-02-27 14:58:05.829,12.4571,1.83951,-17.9356,0.343108,-0.446261,0.195232,25.729
1772222285830349767,2026-02-27 14:58:05.830,12.3122,2.56087,-18.2015,0.329225,-0.481813,0.189823,25.730000000000004
1772222285831478031,2026-02-27 14:58:05.831,12.691,2.82344,-18.3812,0.360347,-0.4921,0.194943,25.73100000000001
1772222285832614191,2026-02-27 14:58:05.832,15.6212,0.522876,-32.371,0.614321,-0.267535,0.21702,25.732
1772222285833743032,2026-02-27 14:58:05.833,11.8379,3.81317,-29.2416,0.492239,-0.471086,0.168296,25.733000000000004
1772222285834922703,2026-02-27 14:58:05.834,12.6953,3.53622,-31.3808,0.47712,-0.482208,0.179142,25.73400000000001
1772222285836097228,2026-02-27 14:58:05.836,12.2801,4.41267,-26.3232,0.41487,-0.55747,0.196778,25.736000000000004
1772222285837307027,2026-02-27 14:58:05.837,12.6949,4.27836,-22.6795,0.364476,-0.558766,0.221149,25.73700000000001
1772222285838512799,2026-02-27 14:58:05.838,13.4438,4.12861,-20.5831,0.361125,-0.525091,0.224639,25.738
1772222285839646022,2026-02-27 14:58:05.839,13.6569,4.35483,-18.5269,0.347253,-0.511191,0.218869,25.739000000000004
1772222285840780969,2026-02-27 14:58:05.840,14.2455,4.87088,-15.8362,0.376095,-0.50276,0.225476,25.74000000000001
1772222285841955193,2026-02-27 14:58:05.841,14.4385,5.00345,-15.4122,0.400672,-0.499709,0.231267,25.741
1772222285843160953,2026-02-27 14:58:05.843,14.5702,5.15682,-15.0417,0.427344,-0.487409,0.232923,25.74300000000001
1772222285844356506,2026-02-27 14:58:05.844,14.6486,5.30769,-14.3429,0.431127,-0.497531,0.235285,25.744
1772222285845575053,2026-02-27 14:58:05.845,14.6623,5.35712,-12.8266,0.42822,-0.50747,0.227257,25.745000000000005
1772222285846706083,2026-02-27 14:58:05.846,14.7388,5.04835,-11.0265,0.399355,-0.504883,0.218637,25.74600000000001
1772222285847874158,2026-02-27 14:58:05.847,14.755,4.81975,-10.599,0.389486,-0.49363,0.218577,25.747
1772222285849071235,2026-02-27 14:58:05.849,14.5625,4.5039,-10.4555,0.374757,-0.486201,0.217319,25.74900000000001
1772222285850265185,2026-02-27 14:58:05.850,14.3394,4.21415,-9.75195,0.343507,-0.476585,0.207266,25.75
1772222285851475508,2026-02-27 14:58:05.851,14.0433,3.72636,-9.49737,0.342636,-0.468126,0.211435,25.751000000000005
1772222285852607202,2026-02-27 14:58:05.852,13.6481,3.30814,-9.55698,0.345712,-0.444896,0.214106,25.75200000000001
1772222285853735587,2026-02-27 14:58:05.853,12.8291,2.70822,-11.0537,0.348733,-0.416555,0.233137,25.753
1772222285854907856,2026-02-27 14:58:05.854,12.3341,2.50159,-10.8284,0.353846,-0.396581,0.232384,25.754000000000005
1772222285856106077,2026-02-27 14:58:05.856,11.8944,2.19813,-11.1167,0.351701,-0.38725,0.234903,25.756
1772222285857275808,2026-02-27 14:58:05.857,11.4009,2.02786,-11.1112,0.33742,-0.361091,0.223083,25.757000000000005
1772222285858482069,2026-02-27 14:58:05.858,10.6329,1.9423,-10.6053,0.334004,-0.320525,0.200221,25.75800000000001
1772222285859613022,2026-02-27 14:58:05.859,10.3677,1.3671,-11.7611,0.34978,-0.297564,0.193854,25.759
1772222285860763510,2026-02-27 14:58:05.860,9.13676,1.41903,-11.0637,0.279017,-0.291446,0.166697,25.760000000000005
1772222285861959551,2026-02-27 14:58:05.861,9.12436,0.992061,-9.81391,0.264807,-0.304283,0.167694,25.76100000000001
1772222285863155243,2026-02-27 14:58:05.863,9.14678,0.835996,-9.95174,0.253316,-0.297052,0.172938,25.763000000000005
1772222285864347390,2026-02-27 14:58:05.864,9.23362,0.756459,-9.8551,0.247179,-0.290745,0.167549,25.76400000000001
1772222285865574392,2026-02-27 14:58:05.865,9.38861,0.442277,-12.1545,0.295634,-0.257362,0.171236,25.765
1772222285866706763,2026-02-27 14:58:05.866,9.12532,0.419837,-14.6508,0.352799,-0.211876,0.163894,25.766000000000005
1772222285867862445,2026-02-27 14:58:05.867,7.82888,1.06505,-16.4205,0.385676,-0.16663,0.146722,25.76700000000001
1772222285869059095,2026-02-27 14:58:05.869,7.34897,1.34985,-16.3267,0.371121,-0.159024,0.142727,25.769000000000005
1772222285870253989,2026-02-27 14:58:05.870,7.07877,1.34149,-16.8112,0.354395,-0.146934,0.143787,25.77000000000001
1772222285871449573,2026-02-27 14:58:05.871,6.84626,1.33521,-16.6519,0.338526,-0.142142,0.139755,25.771
1772222285872571483,2026-02-27 14:58:05.872,6.6375,1.33264,-15.8194,0.318273,-0.139786,0.135387,25.772000000000006
1772222285873702150,2026-02-27 14:58:05.873,6.34202,1.38905,-14.7312,0.303159,-0.142834,0.132284,25.77300000000001
1772222285874864094,2026-02-27 14:58:05.874,6.15341,1.48791,-12.9721,0.277777,-0.161548,0.131882,25.774
1772222285876058881,2026-02-27 14:58:05.876,6.19443,1.57865,-12.3842,0.267751,-0.17243,0.134748,25.77600000000001
1772222285877253493,2026-02-27 14:58:05.877,6.25286,1.68936,-11.6588,0.262815,-0.181845,0.13564,25.777
1772222285878439546,2026-02-27 14:58:05.878,6.31604,1.79724,-10.6312,0.259568,-0.19235,0.133969,25.778000000000006
1772222285879561697,2026-02-27 14:58:05.879,6.28826,1.91888,-9.03372,0.249288,-0.200902,0.12865,25.77900000000001
1772222285880690920,2026-02-27 14:58:05.880,6.48147,2.1951,-8.06282,0.247558,-0.217287,0.136056,25.78
1772222285881840393,2026-02-27 14:58:05.881,6.52103,2.31867,-7.73269,0.246129,-0.226009,0.14151,25.781000000000006
1772222285883009896,2026-02-27 14:58:05.883,6.71547,2.39867,-7.12566,0.241498,-0.234727,0.142238,25.783
1772222285884203005,2026-02-27 14:58:05.884,6.75871,2.44919,-6.43064,0.238096,-0.242634,0.141603,25.784000000000006
1772222285885396237,2026-02-27 14:58:05.885,6.83048,2.46834,-5.9068,0.229929,-0.251407,0.142035,25.78500000000001
1772222285886559344,2026-02-27 14:58:05.886,6.92317,2.39623,-5.46348,0.224061,-0.262645,0.142446,25.786
1772222285887685138,2026-02-27 14:58:05.887,7.04836,2.4541,-5.97141,0.212357,-0.269378,0.15437,25.787000000000006
1772222285888856063,2026-02-27 14:58:05.888,7.27659,2.33072,-4.91516,0.195686,-0.290096,0.154075,25.78800000000001
1772222285890048417,2026-02-27 14:58:05.890,7.35087,2.25099,-4.04312,0.183038,-0.30204,0.150752,25.790000000000006
1772222285891240957,2026-02-27 14:58:05.891,7.45503,2.23526,-3.50927,0.173725,-0.311651,0.149645,25.79100000000001
1772222285892432749,2026-02-27 14:58:05.892,7.63425,2.18046,-3.31265,0.164814,-0.323369,0.150464,25.792
1772222285893570234,2026-02-27 14:58:05.893,7.8256,2.16936,-3.20109,0.163012,-0.335102,0.152257,25.793000000000006
1772222285894697096,2026-02-27 14:58:05.894,8.00005,2.08442,-2.9787,0.154831,-0.346664,0.155439,25.79400000000001
1772222285895843044,2026-02-27 14:58:05.895,8.4638,2.00991,-1.72478,0.1425,-0.37128,0.150595,25.795
1772222285897030815,2026-02-27 14:58:05.897,8.62109,1.91832,-1.79667,0.138446,-0.382231,0.152203,25.79700000000001
1772222285898229772,2026-02-27 14:58:05.898,8.85324,1.92298,-2.37874,0.134984,-0.395431,0.160421,25.798000000000002
1772222285899422222,2026-02-27 14:58:05.899,9.07678,1.87615,-2.83775,0.125397,-0.405426,0.16509,25.799000000000007
1772222285900568920,2026-02-27 14:58:05.900,9.31387,1.79159,-2.92184,0.128607,-0.4183,0.16918,25.80000000000001
1772222285901697774,2026-02-27 14:58:05.901,9.53685,1.69474,-3.13863,0.123289,-0.428913,0.171277,25.801000000000002
1772222285902845310,2026-02-27 14:58:05.902,9.87412,1.55832,-4.11702,0.121557,-0.443868,0.178134,25.802000000000007
1772222285904012756,2026-02-27 14:58:05.904,10.1328,1.47097,-5.24877,0.127506,-0.448965,0.187127,25.804000000000002
1772222285905209972,2026-02-27 14:58:05.905,10.2314,1.38559,-5.41445,0.129328,-0.452731,0.184677,25.805000000000007
1772222285906407317,2026-02-27 14:58:05.906,10.3792,1.31712,-5.76061,0.132628,-0.453389,0.182094,25.80600000000001
1772222285907565974,2026-02-27 14:58:05.907,10.5269,1.19752,-5.96041,0.134959,-0.453738,0.178898,25.807000000000002
1772222285908692490,2026-02-27 14:58:05.908,10.5552,1.11148,-6.39032,0.140879,-0.451126,0.176547,25.808000000000007
1772222285909863987,2026-02-27 14:58:05.909,10.6118,1.05828,-7.15571,0.144729,-0.447215,0.175659,25.80900000000001
1772222285911056105,2026-02-27 14:58:05.911,10.6273,0.88926,-8.57458,0.156118,-0.437565,0.172306,25.811000000000007
1772222285912254440,2026-02-27 14:58:05.912,10.6289,0.79054,-8.34919,0.161526,-0.430641,0.159997,25.812000000000012
1772222285913471398,2026-02-27 14:58:05.913,10.5681,0.687677,-9.52459,0.162814,-0.423907,0.162244,25.813000000000002
1772222285914605010,2026-02-27 14:58:05.914,10.563,0.582874,-10.403,0.170451,-0.416848,0.160051,25.814000000000007
1772222285915739185,2026-02-27 14:58:05.915,10.5657,0.489517,-11.7142,0.178389,-0.40766,0.161868,25.815000000000012
1772222285917003713,2026-02-27 14:58:05.917,10.5641,0.221808,-13.5786,0.186444,-0.391365,0.158057,25.817000000000007
1772222285918194562,2026-02-27 14:58:05.918,10.4883,0.172742,-14.3343,0.192766,-0.383105,0.155529,25.818000000000012
1772222285919391833,2026-02-27 14:58:05.919,10.4539,0.045917,-15.1873,0.196671,-0.372503,0.15237,25.819000000000003
1772222285920579306,2026-02-27 14:58:05.920,10.439,-0.067397,-16.8954,0.201397,-0.363646,0.158603,25.820000000000007
1772222285921729975,2026-02-27 14:58:05.921,10.3648,-0.154717,-17.5796,0.20815,-0.35318,0.154574,25.821000000000012
1772222285922883000,2026-02-27 14:58:05.922,10.2895,-0.172768,-18.2512,0.214385,-0.343924,0.151666,25.822000000000003
1772222285924056561,2026-02-27 14:58:05.924,10.1432,-0.365531,-18.7984,0.220483,-0.325821,0.139025,25.824000000000012
1772222285925257114,2026-02-27 14:58:05.925,10.0545,-0.409327,-19.3851,0.225569,-0.31668,0.135494,25.825000000000003
1772222285926477025,2026-02-27 14:58:05.926,9.99309,-0.501843,-20.1048,0.231937,-0.307257,0.133793,25.826000000000008
1772222285927608634,2026-02-27 14:58:05.927,9.90364,-0.595696,-20.8438,0.232743,-0.29728,0.131544,25.827000000000012
1772222285928736951,2026-02-27 14:58:05.928,9.88259,-0.712614,-20.9741,0.2369,-0.28994,0.123708,25.828000000000003
1772222285929889227,2026-02-27 14:58:05.929,9.74187,-0.762273,-21.0526,0.241992,-0.280504,0.117062,25.829000000000008
1772222285931060006,2026-02-27 14:58:05.931,9.66594,-0.902675,-22.8752,0.248468,-0.263609,0.119111,25.831000000000003
1772222285932262881,2026-02-27 14:58:05.932,9.599,-0.987299,-23.85,0.250874,-0.255899,0.121918,25.832000000000008
1772222285933475117,2026-02-27 14:58:05.933,9.46129,-1.03055,-24.4322,0.249681,-0.249868,0.120255,25.833000000000013
1772222285934606837,2026-02-27 14:58:05.934,9.57441,-1.0493,-24.7699,0.255856,-0.247588,0.119662,25.834000000000003
1772222285935737654,2026-02-27 14:58:05.935,9.54878,-1.00007,-24.9738,0.256126,-0.247686,0.119599,25.835000000000008
1772222285936887326,2026-02-27 14:58:05.936,9.54448,-1.00299,-24.9133,0.252463,-0.254662,0.122437,25.836000000000013
1772222285938060710,2026-02-27 14:58:05.938,9.80588,-0.831995,-24.7242,0.240431,-0.279942,0.136709,25.838000000000008
1772222285939252886,2026-02-27 14:58:05.939,10.1071,-0.716086,-24.1169,0.234171,-0.298155,0.140494,25.839
1772222285940425657,2026-02-27 14:58:05.940,10.4163,-0.623434,-23.0988,0.228201,-0.316725,0.140655,25.840000000000003
1772222285941568067,2026-02-27 14:58:05.941,10.765,-0.508466,-22.139,0.226347,-0.3322,0.140813,25.841000000000008
1772222285942701314,2026-02-27 14:58:05.942,11.0778,-0.295741,-21.6015,0.226247,-0.352233,0.146258,25.842
1772222285943836701,2026-02-27 14:58:05.943,11.4385,-0.198573,-21.3864,0.235542,-0.35825,0.149072,25.843000000000004
1772222285945014579,2026-02-27 14:58:05.945,11.5863,0.150125,-20.8522,0.262419,-0.362684,0.1375,25.845
1772222285946194432,2026-02-27 14:58:05.946,11.6625,0.414557,-20.3521,0.252194,-0.390793,0.144063,25.846000000000004
1772222285947392791,2026-02-27 14:58:05.947,11.946,0.41174,-20.3554,0.256717,-0.39893,0.1486,25.84700000000001
1772222285948573189,2026-02-27 14:58:05.948,12.1563,0.5432,-20.6293,0.254481,-0.411267,0.156442,25.848
1772222285949706806,2026-02-27 14:58:05.949,12.3173,0.582702,-20.8022,0.255174,-0.421384,0.161355,25.849000000000004
1772222285950844671,2026-02-27 14:58:05.950,12.4548,0.611451,-20.8657,0.262019,-0.427128,0.16234,25.85000000000001
1772222285952025586,2026-02-27 14:58:05.952,12.5571,0.714077,-21.0243,0.26468,-0.445415,0.164716,25.852000000000004
1772222285953198939,2026-02-27 14:58:05.953,12.6412,0.740091,-21.789,0.269323,-0.448311,0.169955,25.85300000000001
1772222285954368733,2026-02-27 14:58:05.954,12.7029,0.779117,-22.6033,0.277932,-0.45113,0.173559,25.854
1772222285955559348,2026-02-27 14:58:05.955,12.7181,0.854844,-22.5846,0.283704,-0.45244,0.170966,25.855000000000004
1772222285956687961,2026-02-27 14:58:05.956,12.6904,0.889905,-22.2807,0.285929,-0.454978,0.168049,25.85600000000001
1772222285957868636,2026-02-27 14:58:05.957,12.6949,0.905756,-22.1681,0.288673,-0.456615,0.16649,25.857
1772222285959014586,2026-02-27 14:58:05.959,12.7083,0.918116,-22.2847,0.294926,-0.458583,0.165945,25.85900000000001
1772222285960171625,2026-02-27 14:58:05.960,12.7287,0.960082,-22.5966,0.294202,-0.460327,0.166863,25.86
1772222285961308692,2026-02-27 14:58:05.961,12.7016,0.95622,-22.6584,0.301313,-0.458415,0.164186,25.861000000000004
1772222285962440525,2026-02-27 14:58:05.962,12.7045,0.968245,-21.7458,0.300687,-0.46026,0.155311,25.86200000000001
1772222285963585673,2026-02-27 14:58:05.963,12.6498,1.03929,-22.206,0.300297,-0.461972,0.160057,25.863
1772222285964713225,2026-02-27 14:58:05.964,12.7229,1.08534,-22.0144,0.296491,-0.465991,0.161835,25.864000000000004
1772222285965841474,2026-02-27 14:58:05.965,12.6831,1.23,-21.8202,0.283991,-0.479525,0.168392,25.86500000000001
1772222285966975750,2026-02-27 14:58:05.966,12.7748,1.37539,-20.474,0.257896,-0.503956,0.172612,25.866
1772222285968108665,2026-02-27 14:58:05.968,13.5475,1.07015,-21.1042,0.285153,-0.490215,0.173517,25.86800000000001
1772222285969283757,2026-02-27 14:58:05.969,13.3193,1.23684,-21.708,0.297202,-0.457469,0.16377,25.869
1772222285970469946,2026-02-27 14:58:05.970,13.189,1.1798,-23.9673,0.321189,-0.449884,0.17086,25.870000000000005
1772222285971619653,2026-02-27 14:58:05.971,12.9082,1.33428,-23.7733,0.323821,-0.454609,0.168347,25.87100000000001
1772222285972781827,2026-02-27 14:58:05.972,12.805,1.2186,-24.4474,0.344258,-0.43496,0.170027,25.872
1772222285973962909,2026-02-27 14:58:05.973,12.2922,1.41654,-23.374,0.325413,-0.426889,0.159184,25.873000000000005
1772222285975119807,2026-02-27 14:58:05.975,12.1332,1.31676,-23.3763,0.327111,-0.420185,0.159368,25.875
1772222285976282880,2026-02-27 14:58:05.976,12.0679,1.18845,-23.6381,0.326147,-0.408724,0.158999,25.876000000000005
1772222285977438854,2026-02-27 14:58:05.977,11.8969,1.17591,-24.3581,0.330681,-0.399287,0.153734,25.87700000000001
1772222285978592096,2026-02-27 14:58:05.978,11.6311,1.08109,-24.479,0.330535,-0.390215,0.137182,25.878
1772222285979727373,2026-02-27 14:58:05.979,11.0827,0.834993,-27.3903,0.384086,-0.331369,0.10823,25.879000000000005
1772222285980970873,2026-02-27 14:58:05.980,9.68924,0.748776,-31.4066,0.421946,-0.300659,0.0757,25.88000000000001
1772222285982121068,2026-02-27 14:58:05.982,4.82748,1.53448,-38.3316,0.425138,-0.36639,0.004796,25.882000000000005
1772222285983274566,2026-02-27 14:58:05.983,3.50985,1.54099,-39.7636,0.413606,-0.396419,-0.009342,25.88300000000001
1772222285984422119,2026-02-27 14:58:05.984,2.64391,1.47769,-41.014,0.384004,-0.411676,-0.00975,25.884
1772222285985583064,2026-02-27 14:58:05.985,2.4054,1.34715,-41.5296,0.359892,-0.395951,-0.000885,25.885000000000005
1772222285986750480,2026-02-27 14:58:05.986,2.16919,1.12286,-42.1108,0.33913,-0.363593,0.006218,25.88600000000001
1772222285987973664,2026-02-27 14:58:05.987,1.84039,0.990693,-43.6717,0.321261,-0.331127,0.016574,25.887
1772222285989116230,2026-02-27 14:58:05.989,0.901374,0.851229,-44.2959,0.303116,-0.262529,0.000973,25.88900000000001
1772222285990282153,2026-02-27 14:58:05.990,0.247254,0.897689,-44.1291,0.30215,-0.229305,-0.01016,25.89
1772222285991425520,2026-02-27 14:58:05.991,-0.346108,1.00372,-44.1452,0.303251,-0.192042,-0.017782,25.891000000000005
1772222285992577383,2026-02-27 14:58:05.992,-0.925403,1.10708,-44.1749,0.307877,-0.157861,-0.023166,25.89200000000001
1772222285993716286,2026-02-27 14:58:05.993,-1.43989,1.19299,-44.1022,0.312763,-0.125923,-0.025297,25.893
1772222285994868106,2026-02-27 14:58:05.994,-1.85952,1.31283,-43.7896,0.316407,-0.098646,-0.026646,25.894000000000005
1772222285996097781,2026-02-27 14:58:05.996,-2.63521,1.52118,-42.2895,0.318897,-0.051311,-0.035743,25.896
1772222285997232572,2026-02-27 14:58:05.997,-2.96867,1.53636,-41.7683,0.317082,-0.032956,-0.038133,25.897000000000006
1772222285998375368,2026-02-27 14:58:05.998,-3.09942,1.62436,-41.8243,0.324011,-0.017848,-0.035345,25.89800000000001
1772222285999497052,2026-02-27 14:58:05.999,-3.30299,1.68858,-41.767,0.324222,-0.003612,-0.034944,25.899
1772222286000649741,2026-02-27 14:58:06.000,-3.48886,1.77689,-41.2573,0.325386,0.008139,-0.038291,25.900000000000006
1772222286001798414,2026-02-27 14:58:06.001,-3.55435,1.89766,-40.7692,0.330504,0.018,-0.040949,25.90100000000001
1772222286003101477,2026-02-27 14:58:06.003,-3.69082,2.01376,-40.6476,0.335013,0.027482,-0.037584,25.903000000000006
1772222286004232951,2026-02-27 14:58:06.004,-3.72842,2.07846,-40.4827,0.339347,0.031936,-0.037626,25.90400000000001
1772222286005390017,2026-02-27 14:58:06.005,-3.81895,2.20899,-40.0608,0.344765,0.034509,-0.039758,25.905
1772222286006517048,2026-02-27 14:58:06.006,-3.8952,2.22968,-39.4497,0.349857,0.036973,-0.045918,25.906000000000006
1772222286007646952,2026-02-27 14:58:06.007,-3.97306,2.34992,-38.7497,0.354975,0.040366,-0.050064,25.90700000000001
1772222286008794906,2026-02-27 14:58:06.008,-4.01198,2.43162,-38.4697,0.359469,0.04445,-0.05216,25.908
1772222286009926651,2026-02-27 14:58:06.009,-4.16832,2.53117,-38.3247,0.364845,0.049987,-0.052547,25.909000000000006
1772222286011110000,2026-02-27 14:58:06.011,-4.29884,2.73854,-37.867,0.373731,0.060739,-0.05678,25.911
1772222286012282420,2026-02-27 14:58:06.012,-4.42267,2.8258,-37.0594,0.382871,0.069845,-0.064705,25.912000000000006
1772222286013469455,2026-02-27 14:58:06.013,-4.48853,2.87814,-37.4231,0.383704,0.073123,-0.062094,25.91300000000001
1772222286014620110,2026-02-27 14:58:06.014,-4.65289,2.94892,-37.6758,0.389764,0.080052,-0.060796,25.914
1772222286015769129,2026-02-27 14:58:06.015,-4.70935,3.06017,-38.3112,0.395836,0.085741,-0.05674,25.915000000000006
1772222286016943783,2026-02-27 14:58:06.016,-4.7607,3.15149,-38.5321,0.402869,0.089929,-0.056911,25.91600000000001
1772222286018172691,2026-02-27 14:58:06.018,-4.93379,3.38848,-39.0532,0.417861,0.100807,-0.057673,25.918000000000006
1772222286019306367,2026-02-27 14:58:06.019,-5.06866,3.49213,-39.4159,0.425497,0.107542,-0.058107,25.91900000000001
1772222286020471064,2026-02-27 14:58:06.020,-5.22008,3.51228,-40.8585,0.433202,0.114226,-0.049132,25.92
1772222286021603628,2026-02-27 14:58:06.021,-5.29219,3.6626,-40.8083,0.442338,0.119135,-0.053349,25.921000000000006
1772222286022757368,2026-02-27 14:58:06.022,-5.46719,3.75669,-41.2478,0.449198,0.125794,-0.054677,25.92200000000001
1772222286023912294,2026-02-27 14:58:06.023,-5.59306,3.80478,-41.1947,0.456261,0.130985,-0.059605,25.923000000000002
1772222286025165380,2026-02-27 14:58:06.025,-5.83599,3.98168,-41.7845,0.47108,0.142477,-0.062547,25.92500000000001
1772222286026298862,2026-02-27 14:58:06.026,-5.98819,4.06137,-42.3766,0.476212,0.150363,-0.062326,25.926000000000002
1772222286027558827,2026-02-27 14:58:06.027,-6.21566,4.15083,-42.8294,0.481685,0.158203,-0.064963,25.927000000000007
1772222286028692788,2026-02-27 14:58:06.028,-6.3052,4.20851,-42.5037,0.491243,0.16361,-0.073979,25.92800000000001
1772222286029854217,2026-02-27 14:58:06.029,-6.48893,4.27403,-42.9396,0.495956,0.170346,-0.076003,25.929000000000002
1772222286031053375,2026-02-27 14:58:06.031,-6.68886,4.32995,-43.5361,0.502797,0.179644,-0.075115,25.93100000000001
1772222286032187237,2026-02-27 14:58:06.032,-7.12826,4.43117,-45.5282,0.510018,0.200918,-0.06988,25.932000000000002
1772222286033320391,2026-02-27 14:58:06.033,-7.30232,4.48095,-46.0592,0.51564,0.214262,-0.072691,25.933000000000007
1772222286034499124,2026-02-27 14:58:06.034,-7.54103,4.57068,-46.561,0.522066,0.22658,-0.0739,25.93400000000001
1772222286035643335,2026-02-27 14:58:06.035,-7.77935,4.6426,-47.0597,0.528704,0.239435,-0.075548,25.935000000000002
1772222286036794180,2026-02-27 14:58:06.036,-8.08707,4.67221,-47.8156,0.529694,0.252924,-0.07574,25.936000000000007
1772222286037967561,2026-02-27 14:58:06.037,-8.33077,4.76711,-48.9108,0.529802,0.26613,-0.070582,25.937000000000012
1772222286039206227,2026-02-27 14:58:06.039,-8.79839,4.84132,-49.0176,0.536649,0.29844,-0.076226,25.939000000000007
1772222286040338969,2026-02-27 14:58:06.040,-9.11615,4.93472,-49.1654,0.540527,0.315197,-0.082012,25.940000000000012
1772222286041495073,2026-02-27 14:58:06.041,-9.33973,4.94438,-49.3235,0.540035,0.328958,-0.08624,25.941000000000003
1772222286042629505,2026-02-27 14:58:06.042,-9.68082,4.98374,-49.5696,0.541147,0.347623,-0.086416,25.942000000000007
1772222286043778819,2026-02-27 14:58:06.043,-9.98795,4.9705,-49.8274,0.540663,0.365617,-0.087951,25.943000000000012
1772222286044932090,2026-02-27 14:58:06.044,-10.3114,5.01826,-50.0063,0.539604,0.382492,-0.089181,25.944000000000003
1772222286046141972,2026-02-27 14:58:06.046,-10.5943,5.05176,-49.2821,0.542368,0.400149,-0.100556,25.946000000000012
1772222286047277096,2026-02-27 14:58:06.047,-11.1771,5.02062,-50.0545,0.5371,0.439329,-0.098586,25.947000000000003
1772222286048411734,2026-02-27 14:58:06.048,-11.4056,5.00183,-50.8303,0.535886,0.454536,-0.095515,25.948000000000008
1772222286049580458,2026-02-27 14:58:06.049,-11.678,4.98625,-51.3069,0.534396,0.472528,-0.09465,25.949000000000012
1772222286050715973,2026-02-27 14:58:06.050,-11.9978,4.93299,-51.5104,0.531333,0.48889,-0.095345,25.950000000000003
1772222286051849518,2026-02-27 14:58:06.051,-12.262,4.9604,-51.8668,0.532809,0.507555,-0.097119,25.951000000000008
1772222286053001323,2026-02-27 14:58:06.053,-12.6028,4.91819,-52.074,0.526867,0.524746,-0.097443,25.953000000000003
1772222286054244054,2026-02-27 14:58:06.054,-13.0639,4.75324,-53.3595,0.516449,0.552106,-0.091985,25.954000000000008
1772222286055379996,2026-02-27 14:58:06.055,-13.3418,4.73998,-53.5927,0.515003,0.570107,-0.09098,25.955000000000013
1772222286056513411,2026-02-27 14:58:06.056,-13.6364,4.66765,-53.2712,0.505154,0.587335,-0.094342,25.956000000000003
1772222286057657125,2026-02-27 14:58:06.057,-13.9215,4.56085,-53.2971,0.504423,0.602881,-0.097063,25.957000000000008
1772222286058803643,2026-02-27 14:58:06.058,-14.2097,4.50825,-53.5735,0.500762,0.617504,-0.099084,25.958000000000013
1772222286059944903,2026-02-27 14:58:06.059,-14.4752,4.4404,-53.8158,0.494105,0.633364,-0.100121,25.959000000000003
1772222286061150533,2026-02-27 14:58:06.061,-14.7235,4.30299,-54.1217,0.489878,0.644895,-0.100698,25.961000000000013
1772222286062279995,2026-02-27 14:58:06.062,-15.239,4.22986,-53.627,0.478532,0.66988,-0.109326,25.962000000000003
1772222286063394257,2026-02-27 14:58:06.063,-15.3906,4.10719,-54.1909,0.471549,0.679122,-0.107766,25.963000000000008
1772222286064502608,2026-02-27 14:58:06.064,-15.5552,3.99236,-54.7123,0.462621,0.688523,-0.103437,25.964
1772222286065641071,2026-02-27 14:58:06.065,-15.8183,3.92902,-55.6334,0.457407,0.703472,-0.097114,25.965000000000003
1772222286066793765,2026-02-27 14:58:06.066,-16.0264,3.83174,-55.9834,0.450592,0.716968,-0.097159,25.966000000000008
1772222286067945553,2026-02-27 14:58:06.067,-16.368,3.76212,-56.3037,0.444446,0.730685,-0.099008,25.967
1772222286069090809,2026-02-27 14:58:06.069,-16.5209,3.72098,-56.5456,0.442328,0.740459,-0.099694,25.96900000000001
1772222286070283472,2026-02-27 14:58:06.070,-16.8634,3.51585,-58.2858,0.430351,0.761245,-0.090025,25.97
1772222286071418845,2026-02-27 14:58:06.071,-17.033,3.50231,-58.1231,0.425572,0.768707,-0.093689,25.971000000000004
1772222286072591103,2026-02-27 14:58:06.072,-17.0744,3.369,-58.4267,0.418411,0.774219,-0.094351,25.97200000000001
1772222286073740451,2026-02-27 14:58:06.073,-17.2314,3.32865,-58.2465,0.415092,0.783615,-0.097385,25.973
1772222286074895680,2026-02-27 14:58:06.074,-17.4472,3.27363,-58.3636,0.407946,0.793372,-0.098934,25.974000000000004
1772222286076047551,2026-02-27 14:58:06.076,-17.6393,3.2222,-58.7798,0.405003,0.803846,-0.098018,25.976
1772222286077310547,2026-02-27 14:58:06.077,-18.0509,3.13481,-59.5059,0.398603,0.824247,-0.100166,25.977000000000004
1772222286078445966,2026-02-27 14:58:06.078,-18.2792,3.07013,-58.8167,0.390951,0.830904,-0.10999,25.97800000000001
1772222286079620039,2026-02-27 14:58:06.079,-18.3356,3.02639,-59.3798,0.392434,0.839341,-0.107824,25.979
1772222286080769237,2026-02-27 14:58:06.080,-18.476,2.98527,-59.6976,0.383135,0.844635,-0.10672,25.980000000000004
1772222286081900854,2026-02-27 14:58:06.081,-18.5597,2.90008,-60.6811,0.383853,0.848485,-0.102819,25.98100000000001
1772222286083039445,2026-02-27 14:58:06.083,-18.7337,2.80187,-61.3508,0.375934,0.851256,-0.097796,25.983000000000004
1772222286084212795,2026-02-27 14:58:06.084,-18.824,2.81067,-61.5241,0.370333,0.858829,-0.096571,25.98400000000001
1772222286085326234,2026-02-27 14:58:06.085,-19.07,2.72692,-62.1234,0.36608,0.867976,-0.095965,25.985
1772222286086449256,2026-02-27 14:58:06.086,-19.2187,2.65537,-62.9736,0.36455,0.876782,-0.090784,25.986000000000004
1772222286087625305,2026-02-27 14:58:06.087,-19.4173,2.68084,-63.7898,0.359753,0.884275,-0.088116,25.98700000000001
1772222286088773669,2026-02-27 14:58:06.088,-19.5152,2.69262,-63.8459,0.362649,0.892414,-0.088786,25.988
1772222286089924902,2026-02-27 14:58:06.089,-19.7018,2.62231,-63.6777,0.358764,0.89988,-0.093304,25.989000000000004
1772222286091053740,2026-02-27 14:58:06.091,-19.8198,2.64803,-63.5371,0.361777,0.905853,-0.096162,25.991
1772222286092263520,2026-02-27 14:58:06.092,-19.8432,2.64215,-63.5735,0.361757,0.907166,-0.100036,25.992000000000004
1772222286093382698,2026-02-27 14:58:06.093,-19.9746,2.63687,-63.8318,0.362806,0.918483,-0.097904,25.99300000000001
1772222286094497312,2026-02-27 14:58:06.094,-20.089,2.63157,-63.8249,0.363607,0.92216,-0.099158,25.994
1772222286095640781,2026-02-27 14:58:06.095,-20.1889,2.70211,-62.9251,0.36326,0.932668,-0.105993,25.995000000000005
1772222286096773330,2026-02-27 14:58:06.096,-20.3935,2.67928,-63.604,0.365272,0.941449,-0.10208,25.99600000000001
1772222286097900121,2026-02-27 14:58:06.097,-20.5561,2.67648,-63.7413,0.366348,0.951442,-0.103046,25.997
1772222286099018162,2026-02-27 14:58:06.099,-20.7268,2.71667,-64.3822,0.366574,0.960317,-0.098709,25.99900000000001
1772222286100145926,2026-02-27 14:58:06.100,-20.9075,2.72879,-64.8382,0.36991,0.968718,-0.097625,26.0
1772222286101292439,2026-02-27 14:58:06.101,-21.0002,2.76555,-64.8704,0.372689,0.980123,-0.09875,26.001000000000005
1772222286102409573,2026-02-27 14:58:06.102,-21.2675,2.77355,-65.3258,0.371344,0.991582,-0.098189,26.00200000000001
1772222286103574553,2026-02-27 14:58:06.103,-21.3249,2.76339,-66.4543,0.365025,0.991943,-0.088029,26.003
1772222286104710708,2026-02-27 14:58:06.104,-21.4117,2.75596,-66.3853,0.366845,0.997105,-0.089266,26.004000000000005
1772222286105838374,2026-02-27 14:58:06.105,-21.4973,2.75817,-66.5541,0.366368,0.996424,-0.088668,26.00500000000001
1772222286106953393,2026-02-27 14:58:06.106,-21.6047,2.84149,-66.1007,0.363008,1.00351,-0.089769,26.006
1772222286108094912,2026-02-27 14:58:06.108,-21.7534,2.81212,-66.0953,0.363622,1.01432,-0.0907,26.00800000000001
1772222286109279024,2026-02-27 14:58:06.109,-21.9654,2.82361,-66.2027,0.36604,1.02273,-0.09327,26.009
1772222286110399306,2026-02-27 14:58:06.110,-22.2431,2.84809,-66.6084,0.365163,1.03791,-0.093995,26.010000000000005
1772222286111549439,2026-02-27 14:58:06.111,-22.3786,2.88109,-66.1443,0.367969,1.04456,-0.099665,26.01100000000001
1772222286112680548,2026-02-27 14:58:06.112,-22.4434,2.94671,-66.0846,0.366079,1.04806,-0.099651,26.012
1772222286113808289,2026-02-27 14:58:06.113,-22.4997,2.9614,-66.5167,0.363069,1.05075,-0.096108,26.013000000000005
1772222286114919646,2026-02-27 14:58:06.114,-22.5731,2.9878,-67.1616,0.362007,1.05318,-0.091126,26.01400000000001
1772222286116053817,2026-02-27 14:58:06.116,-22.654,2.98493,-67.8839,0.359108,1.05587,-0.086881,26.016000000000005
1772222286117227734,2026-02-27 14:58:06.117,-22.7046,3.0124,-68.1338,0.358858,1.05805,-0.086159,26.01700000000001
1772222286118469425,2026-02-27 14:58:06.118,-22.8432,3.02367,-68.5608,0.360629,1.06138,-0.086535,26.018
1772222286119624374,2026-02-27 14:58:06.119,-22.8892,3.06492,-68.7571,0.357879,1.06362,-0.084763,26.019000000000005
1772222286120773904,2026-02-27 14:58:06.120,-22.9016,3.11028,-70.0046,0.358814,1.06528,-0.074531,26.02000000000001
1772222286121925521,2026-02-27 14:58:06.121,-22.979,3.14973,-69.7099,0.355203,1.0675,-0.079538,26.021
1772222286123098347,2026-02-27 14:58:06.123,-23.0264,3.14025,-69.7285,0.358001,1.07024,-0.079723,26.02300000000001
1772222286124298818,2026-02-27 14:58:06.124,-23.0954,3.12634,-69.4022,0.349797,1.07148,-0.083546,26.024
1772222286125434134,2026-02-27 14:58:06.125,-23.209,3.13826,-69.4026,0.349726,1.07463,-0.083737,26.025000000000006
1772222286126613179,2026-02-27 14:58:06.126,-23.2455,3.13864,-69.3923,0.347722,1.07764,-0.082302,26.02600000000001
1772222286127800542,2026-02-27 14:58:06.127,-23.2891,3.09587,-69.498,0.343128,1.079,-0.082048,26.027
1772222286128974022,2026-02-27 14:58:06.128,-23.3121,3.15221,-68.5247,0.342141,1.07972,-0.090897,26.028000000000006
1772222286130148122,2026-02-27 14:58:06.130,-23.3468,3.14062,-68.8739,0.340285,1.08025,-0.087492,26.03
1772222286131429740,2026-02-27 14:58:06.131,-23.3538,3.14819,-69.585,0.335592,1.08054,-0.081785,26.031000000000006
1772222286132609077,2026-02-27 14:58:06.132,-23.338,3.10747,-69.9377,0.331004,1.08074,-0.077838,26.03200000000001
1772222286133759200,2026-02-27 14:58:06.133,-23.3769,3.06435,-69.9446,0.328362,1.08045,-0.077039,26.033
1772222286134908836,2026-02-27 14:58:06.134,-23.357,3.08712,-69.9775,0.325919,1.08004,-0.075179,26.034000000000006
1772222286136081002,2026-02-27 14:58:06.136,-23.3264,3.06989,-69.9623,0.324861,1.07963,-0.074359,26.036
1772222286137382225,2026-02-27 14:58:06.137,-23.3874,3.11201,-70.687,0.322559,1.07858,-0.066617,26.037000000000006
1772222286138498315,2026-02-27 14:58:06.138,-23.3815,3.09452,-70.7854,0.313955,1.07724,-0.064495,26.03800000000001
1772222286139634029,2026-02-27 14:58:06.139,-23.3363,3.11396,-70.3377,0.311678,1.07809,-0.067527,26.039
1772222286140782175,2026-02-27 14:58:06.140,-23.3399,3.07969,-70.0176,0.306008,1.07876,-0.07006,26.040000000000006
1772222286141938084,2026-02-27 14:58:06.141,-23.4163,3.10438,-69.952,0.302202,1.0806,-0.071142,26.04100000000001
1772222286143111020,2026-02-27 14:58:06.143,-23.3979,3.12442,-69.9798,0.301707,1.08244,-0.069913,26.043000000000006
1772222286144283028,2026-02-27 14:58:06.144,-23.4456,3.12891,-69.8775,0.298784,1.08651,-0.070162,26.04400000000001
1772222286145497626,2026-02-27 14:58:06.145,-23.6802,3.20736,-68.9509,0.295081,1.09963,-0.078506,26.045
1772222286146642968,2026-02-27 14:58:06.146,-23.8436,3.25848,-69.3435,0.2909,1.10856,-0.074978,26.046000000000006
1772222286147796296,2026-02-27 14:58:06.147,-23.9486,3.22573,-69.5441,0.290813,1.11679,-0.072394,26.04700000000001
1772222286148945357,2026-02-27 14:58:06.148,-24.0497,3.29107,-69.9561,0.291036,1.12536,-0.068593,26.048000000000002
1772222286150119015,2026-02-27 14:58:06.150,-24.1762,3.30838,-70.0267,0.291285,1.13034,-0.067338,26.05000000000001
1772222286151312322,2026-02-27 14:58:06.151,-24.2183,3.38453,-70.0486,0.291132,1.12886,-0.07047,26.051000000000002
1772222286152570933,2026-02-27 14:58:06.152,-24.2355,3.48287,-69.7536,0.297961,1.13678,-0.065093,26.052000000000007
1772222286153704567,2026-02-27 14:58:06.153,-24.3926,3.50186,-71.0339,0.296602,1.14566,-0.056462,26.05300000000001
1772222286154855590,2026-02-27 14:58:06.154,-24.4962,3.60285,-70.5221,0.302164,1.15037,-0.059864,26.054000000000002
1772222286156028669,2026-02-27 14:58:06.156,-24.7577,3.65139,-70.5823,0.308661,1.16484,-0.060015,26.05600000000001
1772222286157163593,2026-02-27 14:58:06.157,-24.8858,3.70813,-69.9893,0.308728,1.1748,-0.063576,26.057000000000002
1772222286158335996,2026-02-27 14:58:06.158,-25.0551,3.75211,-69.7233,0.311852,1.18806,-0.066859,26.058000000000007
1772222286159602507,2026-02-27 14:58:06.159,-25.3946,3.8296,-69.7009,0.319472,1.21327,-0.067042,26.05900000000001
1772222286160736087,2026-02-27 14:58:06.160,-25.5749,3.85307,-69.7898,0.32101,1.22399,-0.066035,26.060000000000002
1772222286161887665,2026-02-27 14:58:06.161,-25.7779,3.88677,-68.9468,0.32025,1.23291,-0.073916,26.061000000000007
1772222286163061312,2026-02-27 14:58:06.163,-25.9205,3.9911,-68.8532,0.321768,1.24116,-0.072749,26.063000000000002
1772222286164233879,2026-02-27 14:58:06.164,-26.0638,3.99823,-68.9259,0.323875,1.24849,-0.071061,26.064000000000007
1772222286165561375,2026-02-27 14:58:06.165,-26.3415,4.15758,-70.149,0.32789,1.26638,-0.061634,26.065000000000012
1772222286166692994,2026-02-27 14:58:06.166,-26.4743,4.12218,-70.0539,0.325544,1.27502,-0.060849,26.066000000000003
1772222286167842222,2026-02-27 14:58:06.167,-26.6143,4.22598,-70.1793,0.328011,1.28306,-0.060423,26.067000000000007
1772222286169026571,2026-02-27 14:58:06.169,-26.7554,4.22837,-70.2268,0.330436,1.29247,-0.059389,26.069000000000003
1772222286170198350,2026-02-27 14:58:06.170,-26.8413,4.30345,-70.6052,0.33564,1.29945,-0.057367,26.070000000000007
1772222286171370756,2026-02-27 14:58:06.171,-26.8739,4.38937,-71.4814,0.337919,1.30258,-0.050949,26.071000000000012
1772222286172562272,2026-02-27 14:58:06.172,-26.7213,4.52688,-70.7743,0.343734,1.29375,-0.052667,26.072000000000003
1772222286173700254,2026-02-27 14:58:06.173,-26.7298,4.65657,-70.4277,0.341449,1.29826,-0.052729,26.073000000000008
1772222286174893697,2026-02-27 14:58:06.174,-26.9245,4.72094,-70.4882,0.349802,1.30895,-0.055804,26.074000000000012
1772222286176066478,2026-02-27 14:58:06.176,-27.1465,4.80572,-70.676,0.356965,1.32798,-0.058005,26.076000000000008
1772222286177238403,2026-02-27 14:58:06.177,-27.5107,4.81207,-70.7618,0.359163,1.34364,-0.06102,26.077000000000012
1772222286178413373,2026-02-27 14:58:06.178,-27.6926,4.86958,-70.9815,0.363211,1.35456,-0.061725,26.078000000000003
1772222286179604407,2026-02-27 14:58:06.179,-27.8866,4.91496,-70.5812,0.367273,1.36547,-0.063796,26.079000000000008
1772222286180739698,2026-02-27 14:58:06.180,-27.9604,4.97081,-70.6929,0.369472,1.36873,-0.062293,26.080000000000013
1772222286181925893,2026-02-27 14:58:06.181,-27.9439,5.05092,-71.5255,0.373073,1.36761,-0.056218,26.081000000000003
1772222286183099414,2026-02-27 14:58:06.183,-27.9563,5.11247,-71.8569,0.373732,1.36571,-0.055463,26.083000000000013
1772222286184272060,2026-02-27 14:58:06.184,-27.9509,5.18016,-71.9558,0.377106,1.3632,-0.055803,26.084000000000003
1772222286185449512,2026-02-27 14:58:06.185,-27.8827,5.24447,-71.9741,0.383801,1.36051,-0.055636,26.085000000000008
1772222286186634009,2026-02-27 14:58:06.186,-27.8379,5.44569,-72.7391,0.391167,1.35677,-0.047219,26.086000000000013
1772222286187771015,2026-02-27 14:58:06.187,-27.8124,5.53318,-72.6123,0.396695,1.35482,-0.047612,26.087000000000003
1772222286188925072,2026-02-27 14:58:06.188,-27.7608,5.62282,-72.4443,0.402929,1.35228,-0.047972,26.088000000000008
1772222286190058313,2026-02-27 14:58:06.190,-27.7617,5.72182,-71.8417,0.405391,1.35095,-0.052853,26.090000000000003
1772222286191231613,2026-02-27 14:58:06.191,-27.7073,5.87326,-71.2519,0.414102,1.34912,-0.055257,26.091000000000008
1772222286192361223,2026-02-27 14:58:06.192,-27.7271,5.9843,-71.0443,0.420393,1.34904,-0.055578,26.092
1772222286193525877,2026-02-27 14:58:06.193,-27.7207,6.01665,-70.8391,0.42649,1.34693,-0.055505,26.093000000000004
1772222286194691526,2026-02-27 14:58:06.194,-27.661,6.21283,-70.048,0.438509,1.34559,-0.060491,26.09400000000001
1772222286195845394,2026-02-27 14:58:06.195,-27.6729,6.36657,-69.3878,0.445232,1.34544,-0.064592,26.095
1772222286197020229,2026-02-27 14:58:06.197,-27.6339,6.47919,-69.508,0.452816,1.34496,-0.061249,26.09700000000001
1772222286198194364,2026-02-27 14:58:06.198,-27.6581,6.5297,-69.7547,0.45693,1.34436,-0.057618,26.098
1772222286199367398,2026-02-27 14:58:06.199,-27.6386,6.65532,-70.1266,0.462249,1.34356,-0.05337,26.099000000000004
1772222286200590810,2026-02-27 14:58:06.200,-27.6239,6.74801,-70.1837,0.468421,1.34286,-0.053646,26.10000000000001
1772222286201739801,2026-02-27 14:58:06.201,-27.6031,6.93965,-70.0911,0.481801,1.34013,-0.054676,26.101
1772222286202891291,2026-02-27 14:58:06.202,-27.4858,7.0232,-70.0677,0.487093,1.33849,-0.054549,26.102000000000004
1772222286204068040,2026-02-27 14:58:06.204,-27.4911,7.07078,-71.2229,0.49391,1.3357,-0.045788,26.104
1772222286205248965,2026-02-27 14:58:06.205,-27.4995,7.2256,-70.7138,0.499299,1.33405,-0.048698,26.105000000000004
1772222286206423529,2026-02-27 14:58:06.206,-27.449,7.35212,-70.7464,0.507052,1.33003,-0.049521,26.10600000000001
1772222286207630766,2026-02-27 14:58:06.207,-27.3492,7.52064,-70.1648,0.518903,1.3207,-0.056894,26.107
1772222286208784504,2026-02-27 14:58:06.208,-27.2861,7.6244,-70.2013,0.526829,1.31597,-0.057083,26.108000000000004
1772222286209959324,2026-02-27 14:58:06.209,-27.1966,7.7108,-70.2606,0.531103,1.31247,-0.056978,26.10900000000001
1772222286211132461,2026-02-27 14:58:06.211,-27.1307,7.76475,-70.2165,0.536423,1.30635,-0.057186,26.111000000000004
1772222286212308918,2026-02-27 14:58:06.212,-27.0377,7.87778,-69.1306,0.538607,1.30122,-0.067349,26.11200000000001
1772222286213488562,2026-02-27 14:58:06.213,-26.9659,7.95979,-69.2218,0.543115,1.29688,-0.065528,26.113
1772222286214621821,2026-02-27 14:58:06.214,-26.9571,8.06074,-69.0961,0.542534,1.29237,-0.066207,26.114000000000004
1772222286215770898,2026-02-27 14:58:06.215,-26.836,8.20352,-69.8413,0.558684,1.28696,-0.057005,26.11500000000001
1772222286216944327,2026-02-27 14:58:06.216,-26.8059,8.27393,-69.714,0.567338,1.28371,-0.057325,26.116
1772222286218119414,2026-02-27 14:58:06.218,-26.7095,8.38436,-69.6051,0.575083,1.28314,-0.057729,26.11800000000001
1772222286219292692,2026-02-27 14:58:06.219,-26.6821,8.52118,-69.418,0.579337,1.28072,-0.058082,26.119
1772222286220475744,2026-02-27 14:58:06.220,-26.6515,8.59073,-69.7352,0.584927,1.27973,-0.052765,26.120000000000005
1772222286221608916,2026-02-27 14:58:06.221,-26.5928,8.65821,-70.1602,0.593484,1.28019,-0.049406,26.12100000000001
1772222286222759205,2026-02-27 14:58:06.222,-26.5183,8.85905,-69.1019,0.604314,1.28028,-0.054724,26.122
1772222286223931145,2026-02-27 14:58:06.223,-26.5328,8.91579,-68.5455,0.606448,1.27938,-0.058805,26.123000000000005
1772222286225102666,2026-02-27 14:58:06.225,-26.4087,8.99339,-68.2115,0.612743,1.27818,-0.059354,26.125
1772222286226275637,2026-02-27 14:58:06.226,-26.4646,9.00679,-68.0018,0.616373,1.27944,-0.06021,26.126000000000005
1772222286227478225,2026-02-27 14:58:06.227,-26.4474,9.12736,-67.7801,0.620185,1.28071,-0.059544,26.12700000000001
1772222286228585755,2026-02-27 14:58:06.228,-26.4184,9.12618,-67.4889,0.623844,1.28055,-0.060175,26.128
1772222286229694803,2026-02-27 14:58:06.229,-26.3424,9.21278,-66.4406,0.632234,1.27879,-0.064091,26.129000000000005
1772222286230842529,2026-02-27 14:58:06.230,-26.3248,9.24174,-66.2182,0.63831,1.27467,-0.06356,26.13000000000001
1772222286232009203,2026-02-27 14:58:06.232,-26.2455,9.29642,-66.5311,0.637723,1.2752,-0.059069,26.132000000000005
1772222286233173455,2026-02-27 14:58:06.233,-26.2196,9.33157,-66.5036,0.638304,1.27525,-0.056902,26.13300000000001
1772222286234341293,2026-02-27 14:58:06.234,-26.1595,9.31199,-66.1726,0.640913,1.27504,-0.057347,26.134
1772222286235501251,2026-02-27 14:58:06.235,-26.1081,9.29532,-65.8877,0.642221,1.27649,-0.057009,26.135000000000005
1772222286236602967,2026-02-27 14:58:06.236,-26.1224,9.31852,-65.6622,0.646294,1.27725,-0.057004,26.13600000000001
1772222286237696433,2026-02-27 14:58:06.237,-26.0364,9.30447,-65.8735,0.646183,1.27703,-0.049273,26.137
1772222286238816822,2026-02-27 14:58:06.238,-25.9951,9.23246,-65.4919,0.64254,1.27474,-0.048527,26.138000000000005
1772222286239961153,2026-02-27 14:58:06.239,-25.9267,9.2393,-64.726,0.64547,1.27406,-0.053195,26.13900000000001
1772222286241103223,2026-02-27 14:58:06.241,-25.8905,9.18771,-64.1038,0.642028,1.27028,-0.055052,26.141000000000005
1772222286242252796,2026-02-27 14:58:06.242,-25.8422,9.14525,-63.8593,0.642807,1.26807,-0.054919,26.14200000000001
1772222286243397721,2026-02-27 14:58:06.243,-25.7656,9.13641,-63.5777,0.638017,1.26549,-0.054447,26.143
1772222286244519837,2026-02-27 14:58:06.244,-25.6595,9.0952,-63.3388,0.633723,1.26148,-0.056777,26.144000000000005
1772222286245609563,2026-02-27 14:58:06.245,-25.5191,8.99315,-62.3643,0.629511,1.24914,-0.062688,26.14500000000001
1772222286246720569,2026-02-27 14:58:06.246,-25.5075,8.74673,-61.646,0.623984,1.25257,-0.05726,26.146
1772222286247842266,2026-02-27 14:58:06.247,-25.4347,8.7225,-61.9648,0.626115,1.25256,-0.054883,26.147000000000006
1772222286248965989,2026-02-27 14:58:06.248,-25.3987,8.65277,-62.0998,0.62369,1.25228,-0.052927,26.14800000000001
