abs_timestamp_ns,human_time,fx,fy,fz,tx,ty,tz,mocap_ref_time
1772222268967206896,2026-02-27 14:57:48.967,1.14624,0.594457,-3.38468,0.044221,-0.12102,0.005668,8.867000000000004
1772222268968382088,2026-02-27 14:57:48.968,1.11933,0.642576,-3.2297,0.048507,-0.110144,0.004227,8.86800000000001
1772222268969552567,2026-02-27 14:57:48.969,1.01741,0.652069,-3.39236,0.049748,-0.098653,0.004269,8.869
1772222268970679894,2026-02-27 14:57:48.970,0.905128,0.597101,-3.43939,0.049938,-0.08526,0.002158,8.870000000000005
1772222268971830607,2026-02-27 14:57:48.971,0.690045,0.621246,-3.5628,0.0495,-0.07269,0.002029,8.87100000000001
1772222268973008372,2026-02-27 14:57:48.973,0.559003,0.593655,-2.69927,0.050747,-0.062735,-0.008665,8.873000000000005
1772222268974140098,2026-02-27 14:57:48.974,0.310426,0.574012,-3.01689,0.04633,-0.051578,-0.007473,8.87400000000001
1772222268975321088,2026-02-27 14:57:48.975,0.101695,0.606087,-3.94038,0.05164,-0.03295,-0.003101,8.875
1772222268976527687,2026-02-27 14:57:48.976,0.034229,0.534454,-4.31732,0.050356,-0.024425,-0.001541,8.876000000000005
1772222268977655294,2026-02-27 14:57:48.977,-0.133088,0.554937,-4.41356,0.05158,-0.017058,-0.00264,8.87700000000001
1772222268978827093,2026-02-27 14:57:48.978,-0.310222,0.597217,-4.47401,0.050666,-0.009336,-0.003111,8.878
1772222268980003678,2026-02-27 14:57:48.980,-0.406068,0.658456,-4.63601,0.053557,-0.001308,-0.003172,8.88000000000001
1772222268981185728,2026-02-27 14:57:48.981,-0.670917,0.779368,-5.6618,0.056078,0.014129,0.003991,8.881
1772222268982361528,2026-02-27 14:57:48.982,-0.801754,0.812042,-5.53908,0.0588,0.020408,0.000697,8.882000000000005
1772222268983549910,2026-02-27 14:57:48.983,-0.903459,0.842004,-5.28533,0.06159,0.027602,-0.003837,8.88300000000001
1772222268984682238,2026-02-27 14:57:48.984,-1.06091,0.918408,-5.07306,0.06462,0.036809,-0.008361,8.884
1772222268985856982,2026-02-27 14:57:48.985,-1.13446,0.967064,-5.05282,0.069143,0.043621,-0.011279,8.885000000000005
1772222268987032267,2026-02-27 14:57:48.987,-1.3208,1.01579,-5.2033,0.078325,0.050951,-0.013068,8.887
1772222268988212339,2026-02-27 14:57:48.988,-1.60285,1.17292,-5.42873,0.085241,0.067478,-0.016038,8.888000000000005
1772222268989387398,2026-02-27 14:57:48.989,-1.75525,1.2459,-4.48995,0.092325,0.074504,-0.025603,8.88900000000001
1772222268990534539,2026-02-27 14:57:48.990,-1.85621,1.34581,-5.17232,0.100883,0.082734,-0.023675,8.89
1772222268991663317,2026-02-27 14:57:48.991,-1.98882,1.37966,-5.41841,0.106754,0.090528,-0.023283,8.891000000000005
1772222268992814452,2026-02-27 14:57:48.992,-2.12418,1.43678,-5.91035,0.10782,0.096057,-0.019875,8.89200000000001
1772222268994004168,2026-02-27 14:57:48.994,-2.19237,1.53361,-6.13162,0.11715,0.10319,-0.019816,8.894000000000005
1772222268995193651,2026-02-27 14:57:48.995,-2.39236,1.59103,-6.24629,0.119552,0.109863,-0.021279,8.89500000000001
1772222268996377712,2026-02-27 14:57:48.996,-2.58083,1.83146,-6.41516,0.133652,0.12333,-0.022961,8.896
1772222268997539049,2026-02-27 14:57:48.997,-2.6662,1.92761,-7.56773,0.142684,0.130347,-0.01444,8.897000000000006
1772222268998668144,2026-02-27 14:57:48.998,-2.73037,1.97227,-7.39996,0.147545,0.13571,-0.018109,8.89800000000001
1772222268999837529,2026-02-27 14:57:48.999,-2.7932,2.01728,-7.47586,0.15298,0.141467,-0.018704,8.899000000000001
1772222269001039676,2026-02-27 14:57:49.001,-2.95865,2.10029,-7.0529,0.156732,0.148774,-0.024342,8.90100000000001
1772222269002226209,2026-02-27 14:57:49.002,-3.00009,2.18238,-6.95059,0.164458,0.15396,-0.027123,8.902000000000001
1772222269003412916,2026-02-27 14:57:49.003,-3.22019,2.27896,-7.09884,0.171671,0.164547,-0.029383,8.903000000000006
1772222269004546860,2026-02-27 14:57:49.004,-3.2061,2.31533,-7.23487,0.181035,0.168477,-0.029736,8.90400000000001
1772222269005675663,2026-02-27 14:57:49.005,-3.28672,2.35074,-6.66004,0.184293,0.173739,-0.036626,8.905000000000001
1772222269006832718,2026-02-27 14:57:49.006,-3.4261,2.39287,-6.48134,0.188026,0.177181,-0.039175,8.906000000000006
1772222269008033499,2026-02-27 14:57:49.008,-3.44599,2.44878,-6.73262,0.194188,0.181882,-0.037718,8.908000000000001
1772222269009316912,2026-02-27 14:57:49.009,-3.56717,2.51731,-7.78957,0.199124,0.187296,-0.031764,8.909000000000006
1772222269010513959,2026-02-27 14:57:49.010,-3.54805,2.55119,-7.88966,0.205877,0.190872,-0.03151,8.91000000000001
1772222269011646077,2026-02-27 14:57:49.011,-3.61123,2.58501,-7.99263,0.209578,0.193405,-0.031259,8.911000000000001
1772222269012818709,2026-02-27 14:57:49.012,-3.68235,2.62309,-8.17455,0.211671,0.196251,-0.03151,8.912000000000006
1772222269014014313,2026-02-27 14:57:49.014,-3.78382,2.67788,-8.38397,0.214467,0.200096,-0.030682,8.914000000000001
1772222269015213974,2026-02-27 14:57:49.015,-3.76163,2.73484,-9.28781,0.222761,0.201649,-0.022681,8.915000000000006
1772222269016398685,2026-02-27 14:57:49.016,-3.87475,2.74289,-9.02756,0.222789,0.205512,-0.028507,8.916000000000011
1772222269017539346,2026-02-27 14:57:49.017,-3.81226,2.85388,-8.76424,0.232164,0.206083,-0.030712,8.917000000000002
1772222269018668516,2026-02-27 14:57:49.018,-3.8378,2.88268,-8.73064,0.237557,0.20769,-0.032496,8.918000000000006
1772222269019840784,2026-02-27 14:57:49.019,-3.93169,2.90294,-8.88708,0.236257,0.208845,-0.033844,8.919000000000011
1772222269021036164,2026-02-27 14:57:49.021,-3.92542,2.9163,-8.99306,0.240226,0.209107,-0.032965,8.921000000000006
1772222269022235007,2026-02-27 14:57:49.022,-3.95652,2.95041,-9.08796,0.242365,0.209723,-0.034013,8.922000000000011
1772222269023407081,2026-02-27 14:57:49.023,-3.90796,2.97387,-8.66487,0.248892,0.206663,-0.039166,8.923000000000002
1772222269024550637,2026-02-27 14:57:49.024,-3.91676,2.98148,-8.89181,0.253427,0.205874,-0.038534,8.924000000000007
1772222269025682025,2026-02-27 14:57:49.025,-3.85422,3.00082,-9.53546,0.254771,0.204354,-0.03331,8.925000000000011
1772222269026855362,2026-02-27 14:57:49.026,-3.82752,3.02312,-10.0126,0.258431,0.202814,-0.031768,8.926000000000002
1772222269028053386,2026-02-27 14:57:49.028,-3.82954,3.02871,-10.0947,0.258441,0.200162,-0.031769,8.928000000000011
1772222269029253801,2026-02-27 14:57:49.029,-3.81186,3.03788,-10.291,0.258508,0.198536,-0.032924,8.929000000000002
1772222269030439842,2026-02-27 14:57:49.030,-3.72005,3.03683,-11.3427,0.263828,0.189998,-0.024347,8.930000000000007
1772222269031591167,2026-02-27 14:57:49.031,-3.67386,3.0674,-11.6762,0.263371,0.185933,-0.023208,8.931000000000012
1772222269032724177,2026-02-27 14:57:49.032,-3.63844,3.02075,-11.5899,0.263426,0.180788,-0.023982,8.932000000000002
1772222269033855790,2026-02-27 14:57:49.033,-3.70712,3.04637,-11.4221,0.260329,0.178318,-0.02835,8.933000000000007
1772222269035057053,2026-02-27 14:57:49.035,-3.55294,3.04492,-11.3178,0.267079,0.173915,-0.031164,8.935000000000002
1772222269036257640,2026-02-27 14:57:49.036,-3.55789,3.05465,-11.3396,0.266788,0.169563,-0.031109,8.936000000000007
1772222269037470299,2026-02-27 14:57:49.037,-3.52912,3.06509,-11.767,0.267458,0.163652,-0.031253,8.937000000000012
1772222269038604501,2026-02-27 14:57:49.038,-3.54272,2.97781,-11.7532,0.265555,0.160205,-0.033623,8.938000000000002
1772222269039779519,2026-02-27 14:57:49.039,-3.50535,3.00463,-11.0989,0.264361,0.158187,-0.040312,8.939000000000007
1772222269040911120,2026-02-27 14:57:49.040,-3.53712,2.96292,-11.7072,0.262262,0.156,-0.037887,8.940000000000012
1772222269042111417,2026-02-27 14:57:49.042,-3.51255,2.98529,-12.0909,0.265919,0.155233,-0.035022,8.942000000000007
1772222269043317561,2026-02-27 14:57:49.043,-3.55618,2.98438,-12.7759,0.262741,0.153242,-0.030286,8.943000000000012
1772222269044519207,2026-02-27 14:57:49.044,-3.56711,2.9125,-13.3283,0.2644,0.151505,-0.029922,8.944000000000003
1772222269045652225,2026-02-27 14:57:49.045,-3.61434,2.87486,-13.552,0.26144,0.151134,-0.030309,8.945000000000007
1772222269046833818,2026-02-27 14:57:49.046,-3.68133,2.83191,-13.7945,0.260687,0.151029,-0.030869,8.946000000000012
1772222269048036323,2026-02-27 14:57:49.048,-3.51499,2.81005,-15.0119,0.259487,0.14942,-0.021823,8.948000000000008
1772222269049235037,2026-02-27 14:57:49.049,-3.61808,2.80458,-14.9359,0.259014,0.148432,-0.024497,8.949000000000012
1772222269050428352,2026-02-27 14:57:49.050,-3.63784,2.74786,-14.9036,0.256724,0.148539,-0.029675,8.950000000000003
1772222269051542788,2026-02-27 14:57:49.051,-3.67857,2.75433,-14.8735,0.255762,0.148675,-0.031362,8.951000000000008
1772222269052676682,2026-02-27 14:57:49.052,-3.75374,2.74852,-15.0991,0.252657,0.149138,-0.031519,8.952000000000012
1772222269053893291,2026-02-27 14:57:49.053,-3.82783,2.69318,-15.4869,0.250159,0.149327,-0.031776,8.953000000000003
1772222269055092273,2026-02-27 14:57:49.055,-3.80065,2.69299,-15.7127,0.253408,0.150603,-0.031226,8.955000000000013
1772222269056293835,2026-02-27 14:57:49.056,-3.87599,2.64574,-15.2264,0.254485,0.15327,-0.040356,8.956000000000003
1772222269057495033,2026-02-27 14:57:49.057,-4.04403,2.62488,-15.7446,0.250766,0.156553,-0.039617,8.957000000000008
1772222269058627972,2026-02-27 14:57:49.058,-4.09738,2.59067,-16.5258,0.248656,0.158399,-0.035622,8.958000000000013
1772222269059804737,2026-02-27 14:57:49.059,-4.09334,2.58896,-17.2784,0.247526,0.160232,-0.032674,8.959000000000003
1772222269061001933,2026-02-27 14:57:49.061,-4.20218,2.53357,-17.556,0.247617,0.162502,-0.034109,8.961000000000013
1772222269062201880,2026-02-27 14:57:49.062,-4.32358,2.54979,-17.8784,0.248175,0.166507,-0.034897,8.962000000000003
1772222269063392945,2026-02-27 14:57:49.063,-4.44467,2.50014,-18.0305,0.24118,0.169059,-0.03726,8.963000000000008
1772222269064540812,2026-02-27 14:57:49.064,-4.50132,2.53287,-19.7097,0.247748,0.175526,-0.026133,8.963999999999999
1772222269065672110,2026-02-27 14:57:49.065,-4.6848,2.48305,-19.6487,0.247209,0.179852,-0.029729,8.965000000000003
1772222269066848600,2026-02-27 14:57:49.066,-4.70976,2.49249,-19.7722,0.249221,0.183076,-0.032561,8.966000000000008
1772222269068050058,2026-02-27 14:57:49.068,-4.85149,2.4997,-19.7273,0.25077,0.188476,-0.036558,8.968000000000004
1772222269069248171,2026-02-27 14:57:49.069,-4.98254,2.50149,-19.8493,0.249343,0.193706,-0.040075,8.969000000000008
1772222269070435415,2026-02-27 14:57:49.070,-5.09493,2.46319,-20.1778,0.25147,0.197516,-0.039798,8.969999999999999
1772222269071587157,2026-02-27 14:57:49.071,-5.27068,2.48741,-20.7536,0.25558,0.206658,-0.042188,8.971000000000004
1772222269072723364,2026-02-27 14:57:49.072,-5.37245,2.53521,-20.0408,0.255053,0.211029,-0.051826,8.972000000000008
1772222269073888795,2026-02-27 14:57:49.073,-5.46365,2.48288,-20.6877,0.257694,0.216996,-0.049417,8.972999999999999
1772222269075108424,2026-02-27 14:57:49.075,-5.52647,2.50188,-20.9003,0.256433,0.217929,-0.051451,8.975000000000009
1772222269076307062,2026-02-27 14:57:49.076,-5.62159,2.53558,-21.7474,0.261867,0.22459,-0.046277,8.975999999999999
1772222269077505626,2026-02-27 14:57:49.077,-5.87522,2.52158,-22.515,0.262594,0.235323,-0.044573,8.977000000000004
1772222269078649892,2026-02-27 14:57:49.078,-5.87522,2.52158,-22.515,0.262594,0.235323,-0.044573,8.978000000000009
1772222269079841495,2026-02-27 14:57:49.079,-6.05873,2.56359,-23.1125,0.271038,0.246925,-0.04648,8.979
1772222269081042723,2026-02-27 14:57:49.081,-6.18663,2.61687,-24.233,0.27423,0.25415,-0.040202,8.981000000000009
1772222269082240642,2026-02-27 14:57:49.082,-6.27119,2.63923,-24.42,0.278841,0.261217,-0.042603,8.982
1772222269083422989,2026-02-27 14:57:49.083,-6.4518,2.68676,-24.5782,0.279241,0.267028,-0.043708,8.983000000000004
1772222269084548841,2026-02-27 14:57:49.084,-6.72291,2.7716,-24.2489,0.289415,0.280688,-0.053568,8.984000000000009
1772222269085691907,2026-02-27 14:57:49.085,-6.89255,2.79423,-24.3167,0.291318,0.287283,-0.055905,8.985
1772222269086907073,2026-02-27 14:57:49.086,-6.98403,2.89082,-24.4207,0.291245,0.291571,-0.058913,8.986000000000004
1772222269088104869,2026-02-27 14:57:49.088,-7.19869,2.95149,-24.5844,0.295587,0.302147,-0.058915,8.988
1772222269089301585,2026-02-27 14:57:49.089,-7.28685,3.00567,-24.4515,0.300499,0.310388,-0.063481,8.989000000000004
1772222269090436616,2026-02-27 14:57:49.090,-7.52073,3.05567,-24.0894,0.304907,0.322159,-0.069185,8.990000000000009
1772222269091597262,2026-02-27 14:57:49.091,-7.62847,3.2008,-24.6072,0.317714,0.335742,-0.067129,8.991
1772222269092795365,2026-02-27 14:57:49.092,-8.07418,3.34674,-25.6744,0.328697,0.359967,-0.06602,8.992000000000004
1772222269093993523,2026-02-27 14:57:49.093,-8.23868,3.42504,-25.8866,0.338452,0.372361,-0.067476,8.99300000000001
1772222269095191556,2026-02-27 14:57:49.095,-8.43581,3.55367,-25.9557,0.343344,0.385576,-0.069349,8.995000000000005
1772222269096393149,2026-02-27 14:57:49.096,-8.65029,3.62776,-25.947,0.347508,0.397496,-0.070768,8.99600000000001
1772222269097614381,2026-02-27 14:57:49.097,-8.77463,3.69043,-26.033,0.349431,0.40402,-0.07333,8.997
1772222269098806581,2026-02-27 14:57:49.098,-9.05622,3.88683,-26.7468,0.361967,0.430313,-0.066324,8.998000000000005
1772222269100008510,2026-02-27 14:57:49.100,-9.31222,3.94874,-26.9193,0.36792,0.444791,-0.06804,9.0
1772222269101206667,2026-02-27 14:57:49.101,-9.50516,4.08832,-26.5436,0.38014,0.458873,-0.072086,9.001000000000005
1772222269102408487,2026-02-27 14:57:49.102,-9.75304,4.24272,-26.4219,0.387461,0.474129,-0.075072,9.00200000000001
1772222269103542398,2026-02-27 14:57:49.103,-9.88732,4.38677,-26.5069,0.39612,0.485847,-0.077307,9.003
1772222269104673612,2026-02-27 14:57:49.104,-10.2787,4.58249,-26.5969,0.407757,0.507681,-0.082235,9.004000000000005
1772222269105852047,2026-02-27 14:57:49.105,-10.3529,4.65878,-25.5607,0.412389,0.514971,-0.09099,9.00500000000001
1772222269107038645,2026-02-27 14:57:49.107,-10.4616,4.7561,-25.8316,0.42263,0.526795,-0.089491,9.007000000000005
1772222269108242629,2026-02-27 14:57:49.108,-10.6181,4.84759,-25.9544,0.427605,0.538319,-0.089274,9.00800000000001
1772222269109448813,2026-02-27 14:57:49.109,-10.7775,4.99519,-26.6094,0.436393,0.548962,-0.08538,9.009
1772222269110616402,2026-02-27 14:57:49.110,-11.0629,5.22069,-27.1307,0.452794,0.56693,-0.086161,9.010000000000005
1772222269111788288,2026-02-27 14:57:49.111,-11.2055,5.37431,-27.1394,0.462142,0.575624,-0.087643,9.01100000000001
1772222269112988791,2026-02-27 14:57:49.112,-11.2525,5.42558,-27.127,0.467025,0.581664,-0.089278,9.012
1772222269114190708,2026-02-27 14:57:49.114,-11.3691,5.50537,-27.5597,0.471522,0.586989,-0.085334,9.01400000000001
1772222269115393597,2026-02-27 14:57:49.115,-11.3916,5.64592,-28.1286,0.481438,0.592934,-0.081808,9.015
1772222269116538959,2026-02-27 14:57:49.116,-11.5721,5.74216,-27.8423,0.484547,0.598108,-0.085351,9.016000000000005
1772222269117672259,2026-02-27 14:57:49.117,-11.6602,5.89617,-27.1574,0.496763,0.604688,-0.093012,9.01700000000001
1772222269118842917,2026-02-27 14:57:49.118,-11.6943,5.97591,-27.0156,0.500588,0.608388,-0.095836,9.018
1772222269120041439,2026-02-27 14:57:49.120,-11.7883,5.99379,-27.027,0.504496,0.610907,-0.09723,9.02000000000001
1772222269121340798,2026-02-27 14:57:49.121,-11.795,6.07364,-26.913,0.497914,0.60396,-0.099717,9.021
1772222269122530648,2026-02-27 14:57:49.122,-11.7326,6.1461,-26.8495,0.51022,0.609023,-0.099068,9.022000000000006
1772222269123672715,2026-02-27 14:57:49.123,-11.7777,6.24129,-26.3271,0.517121,0.617105,-0.100601,9.02300000000001
1772222269124911320,2026-02-27 14:57:49.124,-11.9293,6.29086,-26.4016,0.521804,0.621232,-0.101774,9.024000000000001
1772222269126110865,2026-02-27 14:57:49.126,-11.9689,6.39816,-26.9276,0.524319,0.622463,-0.099172,9.02600000000001
1772222269127308951,2026-02-27 14:57:49.127,-12.0143,6.46944,-27.1824,0.52961,0.626436,-0.100477,9.027000000000001
1772222269128528408,2026-02-27 14:57:49.128,-12.0324,6.56133,-27.0798,0.530889,0.627433,-0.100562,9.028000000000006
1772222269129660654,2026-02-27 14:57:49.129,-12.0473,6.58634,-27.1004,0.531362,0.627763,-0.100546,9.02900000000001
1772222269130866641,2026-02-27 14:57:49.130,-12.081,6.61031,-28.0113,0.532191,0.628731,-0.092042,9.030000000000001
1772222269132066798,2026-02-27 14:57:49.132,-12.0945,6.63309,-27.8895,0.532069,0.629042,-0.095166,9.03200000000001
1772222269133267209,2026-02-27 14:57:49.133,-12.0821,6.62816,-27.9531,0.53268,0.627784,-0.094752,9.033000000000001
1772222269134480050,2026-02-27 14:57:49.134,-12.0267,6.67636,-27.574,0.5329,0.627588,-0.099667,9.034000000000006
1772222269135689748,2026-02-27 14:57:49.135,-12.094,6.69839,-27.3543,0.534968,0.627253,-0.102224,9.03500000000001
1772222269136904695,2026-02-27 14:57:49.136,-12.1051,6.75612,-27.5391,0.534992,0.626875,-0.102068,9.036000000000001
1772222269138103569,2026-02-27 14:57:49.138,-12.164,6.80649,-27.6173,0.536224,0.627551,-0.102675,9.038000000000011
1772222269139306459,2026-02-27 14:57:49.139,-12.2277,6.75639,-27.1589,0.536252,0.62844,-0.107552,9.039000000000001
1772222269140520771,2026-02-27 14:57:49.140,-12.242,6.84465,-27.0195,0.536906,0.629797,-0.110202,9.040000000000006
1772222269141649411,2026-02-27 14:57:49.141,-12.3422,6.90054,-27.9333,0.53824,0.63493,-0.104473,9.041000000000011
1772222269142810998,2026-02-27 14:57:49.142,-12.4003,6.88472,-28.5221,0.536949,0.63679,-0.101838,9.042000000000002
1772222269144015356,2026-02-27 14:57:49.144,-12.4708,6.87299,-28.7932,0.538992,0.639757,-0.100887,9.044000000000011
1772222269145215518,2026-02-27 14:57:49.145,-12.522,6.88264,-28.9952,0.539294,0.642659,-0.101214,9.045000000000002
1772222269146412336,2026-02-27 14:57:49.146,-12.5369,6.92419,-29.325,0.536909,0.643714,-0.10079,9.046000000000006
1772222269147567360,2026-02-27 14:57:49.147,-12.5917,6.8706,-29.6092,0.538698,0.646125,-0.100943,9.047000000000011
1772222269148699026,2026-02-27 14:57:49.148,-12.7498,6.8479,-30.729,0.534168,0.649059,-0.095427,9.048000000000002
1772222269149896608,2026-02-27 14:57:49.149,-12.7865,6.81875,-30.8784,0.527758,0.649286,-0.097992,9.049000000000007
1772222269151097899,2026-02-27 14:57:49.151,-12.7928,6.82101,-30.7802,0.530413,0.649628,-0.100446,9.051000000000002
1772222269152299875,2026-02-27 14:57:49.152,-12.859,6.85876,-30.9144,0.529605,0.650401,-0.101985,9.052000000000007
1772222269153509432,2026-02-27 14:57:49.153,-12.8683,6.83049,-31.255,0.530982,0.651388,-0.102809,9.053000000000011
1772222269154645354,2026-02-27 14:57:49.154,-12.9803,6.81528,-31.9148,0.527998,0.651584,-0.102115,9.054000000000002
1772222269155800475,2026-02-27 14:57:49.155,-13.0199,6.78208,-31.2654,0.524703,0.652582,-0.111448,9.055000000000007
1772222269156992800,2026-02-27 14:57:49.156,-13.1106,6.75386,-31.8362,0.523595,0.653307,-0.108557,9.056000000000012
1772222269158215302,2026-02-27 14:57:49.158,-13.1046,6.75039,-32.2416,0.525147,0.654227,-0.108767,9.058000000000007
1772222269159415715,2026-02-27 14:57:49.159,-13.1557,6.70224,-33.0376,0.520304,0.653814,-0.102677,9.059000000000012
1772222269160568458,2026-02-27 14:57:49.160,-13.2592,6.66353,-33.7043,0.520081,0.655562,-0.100688,9.060000000000002
1772222269161701868,2026-02-27 14:57:49.161,-13.3797,6.61834,-34.3763,0.515601,0.656582,-0.101337,9.061000000000007
1772222269162872564,2026-02-27 14:57:49.162,-13.3418,6.56483,-34.6438,0.513939,0.65592,-0.100919,9.062000000000012
1772222269164072560,2026-02-27 14:57:49.164,-13.3758,6.57349,-35.5643,0.515005,0.6559,-0.094118,9.064000000000007
1772222269165271513,2026-02-27 14:57:49.165,-13.4059,6.54319,-36.15,0.513656,0.656381,-0.091913,9.065000000000012
1772222269166479272,2026-02-27 14:57:49.166,-13.4706,6.48311,-36.3132,0.510846,0.655513,-0.092258,9.066000000000003
1772222269167614578,2026-02-27 14:57:49.167,-13.4382,6.44492,-36.0995,0.509758,0.655788,-0.096905,9.067000000000007
1772222269168747899,2026-02-27 14:57:49.168,-13.5053,6.33732,-36.1854,0.507308,0.653685,-0.09977,9.068000000000012
1772222269169880943,2026-02-27 14:57:49.169,-13.4925,6.31623,-36.3706,0.502924,0.65198,-0.099744,9.069000000000003
1772222269171079640,2026-02-27 14:57:49.171,-13.4867,6.249,-36.5591,0.501125,0.650756,-0.099053,9.071000000000012
1772222269172278497,2026-02-27 14:57:49.172,-13.4841,6.18403,-36.6543,0.500022,0.648756,-0.100203,9.072000000000003
1772222269173414543,2026-02-27 14:57:49.173,-13.4714,6.12251,-35.9174,0.496908,0.648353,-0.107159,9.073000000000008
1772222269174601461,2026-02-27 14:57:49.174,-13.4647,6.07407,-36.4445,0.490939,0.64636,-0.104799,9.074000000000012
1772222269175736674,2026-02-27 14:57:49.175,-13.4292,6.04262,-36.6283,0.492957,0.643527,-0.101435,9.075000000000003
1772222269176911785,2026-02-27 14:57:49.176,-13.3162,5.88808,-37.4368,0.485345,0.638567,-0.096348,9.076000000000008
1772222269178046996,2026-02-27 14:57:49.178,-13.2874,5.8263,-37.5236,0.484273,0.635614,-0.09557,9.078000000000003
1772222269179185816,2026-02-27 14:57:49.179,-13.2062,5.74932,-37.6487,0.480906,0.633286,-0.095123,9.079000000000008
1772222269180307715,2026-02-27 14:57:49.180,-13.172,5.71832,-37.6566,0.476815,0.629652,-0.094127,9.080000000000013
1772222269181424506,2026-02-27 14:57:49.181,-13.1142,5.62827,-38.7223,0.474979,0.627184,-0.083692,9.081000000000003
1772222269182561286,2026-02-27 14:57:49.182,-13.0269,5.56593,-38.439,0.471496,0.622285,-0.086609,9.082000000000008
1772222269183694697,2026-02-27 14:57:49.183,-12.9782,5.49389,-38.4885,0.467457,0.618291,-0.085447,9.083000000000013
1772222269184819855,2026-02-27 14:57:49.184,-12.8267,5.4315,-37.7812,0.462853,0.609058,-0.090903,9.084000000000003
1772222269186017845,2026-02-27 14:57:49.186,-12.7804,5.32772,-37.8046,0.45958,0.604813,-0.090577,9.086000000000013
1772222269187215105,2026-02-27 14:57:49.187,-12.6911,5.28439,-37.8131,0.455798,0.599023,-0.089367,9.087000000000003
1772222269188411746,2026-02-27 14:57:49.188,-12.6045,5.22563,-37.8346,0.453542,0.593376,-0.08921,9.088000000000008
1772222269189563567,2026-02-27 14:57:49.189,-12.5389,5.12419,-37.0169,0.449244,0.58775,-0.09612,9.088999999999999
1772222269190699278,2026-02-27 14:57:49.190,-12.3596,5.03483,-37.0453,0.442658,0.577475,-0.09499,9.090000000000003
1772222269191870822,2026-02-27 14:57:49.191,-12.3285,4.9765,-37.462,0.441177,0.572845,-0.090532,9.091000000000008
1772222269193069082,2026-02-27 14:57:49.193,-12.2492,4.94157,-37.7934,0.437023,0.566622,-0.086715,9.093000000000004
1772222269194269814,2026-02-27 14:57:49.194,-12.1657,4.86554,-37.8586,0.431394,0.562608,-0.086257,9.094000000000008
1772222269195482665,2026-02-27 14:57:49.195,-12.1065,4.82328,-37.7555,0.432802,0.55649,-0.086349,9.094999999999999
1772222269196613528,2026-02-27 14:57:49.196,-11.9959,4.81455,-37.7093,0.427713,0.551972,-0.087285,9.096000000000004
1772222269197746410,2026-02-27 14:57:49.197,-11.8609,4.75387,-38.6475,0.426523,0.543772,-0.077563,9.097000000000008
1772222269198880159,2026-02-27 14:57:49.198,-11.7192,4.72497,-38.2542,0.424684,0.539236,-0.081471,9.097999999999999
1772222269200082990,2026-02-27 14:57:49.200,-11.7304,4.67096,-38.1008,0.420105,0.53454,-0.083572,9.100000000000009
1772222269201286364,2026-02-27 14:57:49.201,-11.659,4.68095,-37.7536,0.423611,0.531967,-0.086507,9.100999999999999
1772222269202477658,2026-02-27 14:57:49.202,-11.6137,4.68948,-37.5356,0.421197,0.529769,-0.088776,9.102000000000004
1772222269203674490,2026-02-27 14:57:49.203,-11.564,4.6479,-37.5737,0.418051,0.526941,-0.089298,9.103000000000009
1772222269204860858,2026-02-27 14:57:49.204,-11.4902,4.70926,-37.6086,0.422793,0.523877,-0.089822,9.104
1772222269206055226,2026-02-27 14:57:49.206,-11.4702,4.64353,-36.6019,0.421049,0.522184,-0.100646,9.106000000000009
1772222269207254898,2026-02-27 14:57:49.207,-11.4374,4.67994,-36.9531,0.420255,0.519968,-0.096763,9.107
1772222269208474952,2026-02-27 14:57:49.208,-11.4358,4.71335,-36.9914,0.419835,0.519259,-0.097193,9.108000000000004
1772222269209608055,2026-02-27 14:57:49.209,-11.4459,4.75625,-37.6685,0.422226,0.519238,-0.093214,9.109000000000009
1772222269210741850,2026-02-27 14:57:49.210,-11.4422,4.75429,-38.0213,0.423775,0.520172,-0.092112,9.11
1772222269211877370,2026-02-27 14:57:49.211,-11.4882,4.83158,-38.0792,0.425211,0.520021,-0.092684,9.111000000000004
1772222269213015474,2026-02-27 14:57:49.213,-11.4555,4.86301,-38.0966,0.42418,0.519482,-0.093136,9.113
1772222269214137206,2026-02-27 14:57:49.214,-11.4337,4.9038,-38.9475,0.426879,0.520202,-0.087355,9.114000000000004
1772222269215255856,2026-02-27 14:57:49.215,-11.4594,4.98523,-39.0918,0.427055,0.520727,-0.087166,9.115000000000009
1772222269216374150,2026-02-27 14:57:49.216,-11.5385,5.01267,-39.0439,0.429753,0.522028,-0.088324,9.116
1772222269217483487,2026-02-27 14:57:49.217,-11.4967,5.05151,-38.6718,0.42955,0.522506,-0.092191,9.117000000000004
1772222269218597480,2026-02-27 14:57:49.218,-11.6279,5.14051,-38.4253,0.42942,0.524337,-0.09602,9.11800000000001
1772222269219709151,2026-02-27 14:57:49.219,-11.661,5.18886,-38.4611,0.432967,0.527245,-0.096604,9.119
1772222269220870668,2026-02-27 14:57:49.220,-11.68,5.34845,-38.5776,0.442474,0.528536,-0.097031,9.120000000000005
1772222269222050658,2026-02-27 14:57:49.222,-11.6526,5.39623,-38.2763,0.44228,0.529144,-0.099431,9.122
1772222269223249848,2026-02-27 14:57:49.223,-11.7442,5.4968,-37.5942,0.445282,0.528829,-0.10422,9.123000000000005
1772222269224448406,2026-02-27 14:57:49.224,-11.6983,5.53745,-37.9571,0.447161,0.529519,-0.101404,9.12400000000001
1772222269225672805,2026-02-27 14:57:49.225,-11.8107,5.62276,-38.3611,0.452998,0.529404,-0.098829,9.125
1772222269226843758,2026-02-27 14:57:49.226,-11.6454,5.63223,-38.7742,0.452523,0.526758,-0.094417,9.126000000000005
1772222269228028292,2026-02-27 14:57:49.228,-11.6955,5.71767,-38.7648,0.452351,0.523043,-0.093003,9.128
1772222269229227745,2026-02-27 14:57:49.229,-11.6385,5.85381,-38.8323,0.458532,0.521532,-0.091565,9.129000000000005
1772222269230426440,2026-02-27 14:57:49.230,-11.565,5.84978,-38.8363,0.462154,0.51801,-0.090629,9.13000000000001
1772222269231560368,2026-02-27 14:57:49.231,-11.532,5.94168,-39.7568,0.463184,0.514571,-0.080566,9.131
1772222269232826417,2026-02-27 14:57:49.232,-11.4987,5.99081,-39.3289,0.46367,0.511646,-0.083685,9.132000000000005
1772222269234013766,2026-02-27 14:57:49.234,-11.4473,6.08659,-38.7411,0.4645,0.503644,-0.086405,9.134
1772222269235209129,2026-02-27 14:57:49.235,-11.3249,6.16767,-38.4846,0.471455,0.500924,-0.087598,9.135000000000005
1772222269236395142,2026-02-27 14:57:49.236,-11.2919,6.23878,-38.4501,0.472938,0.496339,-0.086605,9.13600000000001
1772222269237569341,2026-02-27 14:57:49.237,-11.2729,6.31361,-38.3107,0.474785,0.494331,-0.086002,9.137
1772222269238699931,2026-02-27 14:57:49.238,-11.2452,6.38625,-38.2754,0.478873,0.490864,-0.084967,9.138000000000005
1772222269239847887,2026-02-27 14:57:49.239,-11.1951,6.47052,-37.2868,0.482057,0.48906,-0.092641,9.13900000000001
1772222269241031707,2026-02-27 14:57:49.241,-11.1337,6.60618,-37.219,0.489862,0.486109,-0.090007,9.141000000000005
1772222269242229865,2026-02-27 14:57:49.242,-11.097,6.67387,-37.6991,0.494122,0.484365,-0.0848,9.14200000000001
1772222269243434728,2026-02-27 14:57:49.243,-11.0845,6.72038,-37.8648,0.494377,0.482833,-0.081214,9.143
1772222269244574636,2026-02-27 14:57:49.244,-11.0707,6.78179,-37.8034,0.499039,0.480964,-0.081029,9.144000000000005
1772222269245703456,2026-02-27 14:57:49.245,-10.9947,6.8708,-37.7296,0.503002,0.480819,-0.079403,9.14500000000001
1772222269246886847,2026-02-27 14:57:49.246,-11.1067,6.90128,-37.7701,0.501751,0.482105,-0.079817,9.146
1772222269248056522,2026-02-27 14:57:49.248,-11.0327,7.04333,-38.621,0.512649,0.484491,-0.070233,9.14800000000001
1772222269249253787,2026-02-27 14:57:49.249,-11.1042,7.09434,-38.3952,0.513322,0.488302,-0.073714,9.149000000000001
1772222269250467358,2026-02-27 14:57:49.250,-11.1199,7.11554,-38.0498,0.5129,0.489947,-0.07674,9.150000000000006
1772222269251560094,2026-02-27 14:57:49.251,-11.152,7.22911,-37.6281,0.518285,0.49207,-0.078695,9.15100000000001
1772222269252691071,2026-02-27 14:57:49.252,-11.278,7.24432,-37.4969,0.523459,0.497449,-0.08001,9.152000000000001
1772222269253875089,2026-02-27 14:57:49.253,-11.3188,7.26337,-37.4969,0.52387,0.500644,-0.080016,9.153000000000006
1772222269255058688,2026-02-27 14:57:49.255,-11.4148,7.43929,-37.5618,0.532427,0.510028,-0.079007,9.155000000000001
1772222269256250948,2026-02-27 14:57:49.256,-11.5554,7.44178,-36.5515,0.52702,0.514707,-0.087736,9.156000000000006
1772222269257383250,2026-02-27 14:57:49.257,-11.5699,7.52933,-37.0456,0.537871,0.519707,-0.083101,9.15700000000001
1772222269258562939,2026-02-27 14:57:49.258,-11.6397,7.59848,-36.9981,0.537266,0.523217,-0.08114,9.158000000000001
1772222269259693706,2026-02-27 14:57:49.259,-11.6479,7.68449,-37.6053,0.53996,0.527075,-0.07523,9.159000000000006
1772222269260876378,2026-02-27 14:57:49.260,-11.7445,7.65181,-37.8212,0.540852,0.531952,-0.073444,9.16000000000001
1772222269262056265,2026-02-27 14:57:49.262,-11.8485,7.78581,-37.9662,0.545479,0.539725,-0.069779,9.162000000000006
1772222269263241122,2026-02-27 14:57:49.263,-11.9427,7.78639,-38.0423,0.543695,0.543352,-0.067723,9.163000000000011
1772222269264438176,2026-02-27 14:57:49.264,-11.9337,7.87913,-39.0441,0.547967,0.548837,-0.057329,9.164000000000001
1772222269265572212,2026-02-27 14:57:49.265,-12.0237,7.90702,-39.1383,0.552596,0.554405,-0.058369,9.165000000000006
1772222269266702991,2026-02-27 14:57:49.266,-12.136,7.94984,-39.2494,0.553359,0.559123,-0.057115,9.166000000000011
1772222269267873590,2026-02-27 14:57:49.267,-12.2392,7.96858,-38.8645,0.553456,0.5633,-0.060098,9.167000000000002
1772222269269057372,2026-02-27 14:57:49.269,-12.4625,8.03061,-38.7943,0.55494,0.575332,-0.061756,9.169000000000011
1772222269270250755,2026-02-27 14:57:49.270,-12.5551,8.07782,-38.9631,0.55479,0.580523,-0.060997,9.170000000000002
1772222269271449779,2026-02-27 14:57:49.271,-12.6847,8.07861,-39.0303,0.55688,0.586598,-0.060152,9.171000000000006
1772222269272560253,2026-02-27 14:57:49.272,-12.8252,8.06628,-38.6539,0.555767,0.592372,-0.065107,9.172000000000011
1772222269273733486,2026-02-27 14:57:49.273,-12.8678,8.13026,-38.3687,0.557235,0.598267,-0.068152,9.173000000000002
1772222269274912442,2026-02-27 14:57:49.274,-13.0172,8.09752,-38.7437,0.5502,0.602242,-0.06444,9.174000000000007
1772222269276101501,2026-02-27 14:57:49.276,-13.0898,8.06639,-39.6905,0.553226,0.610639,-0.056456,9.176000000000002
1772222269277296427,2026-02-27 14:57:49.277,-13.1447,8.09301,-39.8338,0.554946,0.614698,-0.0563,9.177000000000007
1772222269278506416,2026-02-27 14:57:49.278,-13.2056,8.07427,-39.9634,0.552436,0.618079,-0.055382,9.178000000000011
1772222269279637861,2026-02-27 14:57:49.279,-13.2123,8.00783,-40.1439,0.552283,0.620928,-0.055774,9.179000000000002
1772222269280815630,2026-02-27 14:57:49.280,-13.2569,7.99746,-40.1779,0.547581,0.623295,-0.053984,9.180000000000007
1772222269281986712,2026-02-27 14:57:49.281,-13.3472,7.87233,-41.2426,0.54206,0.624254,-0.044252,9.181000000000012
1772222269283169162,2026-02-27 14:57:49.283,-13.3349,7.86252,-40.8955,0.541464,0.624499,-0.047507,9.183000000000007
1772222269284367011,2026-02-27 14:57:49.284,-13.3983,7.86375,-40.6106,0.536604,0.624866,-0.051051,9.184000000000012
1772222269285581418,2026-02-27 14:57:49.285,-13.3833,7.82304,-40.4619,0.534754,0.623379,-0.052085,9.185000000000002
1772222269286713206,2026-02-27 14:57:49.286,-13.337,7.76408,-40.5693,0.534059,0.622791,-0.05114,9.186000000000007
1772222269287890362,2026-02-27 14:57:49.287,-13.3337,7.69659,-40.6519,0.532932,0.622317,-0.051028,9.187000000000012
1772222269289073457,2026-02-27 14:57:49.289,-13.2695,7.62867,-39.7908,0.5292,0.616925,-0.058313,9.189000000000007
1772222269290250684,2026-02-27 14:57:49.290,-13.2769,7.53923,-40.0578,0.525549,0.614099,-0.055122,9.190000000000012
1772222269291447227,2026-02-27 14:57:49.291,-13.2964,7.46972,-40.1662,0.521436,0.612917,-0.054423,9.191000000000003
1772222269292605275,2026-02-27 14:57:49.292,-13.2237,7.45023,-40.7295,0.523508,0.611038,-0.048947,9.192000000000007
1772222269293734848,2026-02-27 14:57:49.293,-13.0826,7.35986,-40.9899,0.518777,0.60601,-0.046468,9.193000000000012
1772222269294911977,2026-02-27 14:57:49.294,-12.9853,7.26119,-41.0836,0.51266,0.600919,-0.044759,9.194000000000003
1772222269296093194,2026-02-27 14:57:49.296,-12.9281,7.13901,-41.0551,0.508277,0.593711,-0.043118,9.196000000000012
1772222269297272074,2026-02-27 14:57:49.297,-12.8355,7.06054,-41.6418,0.507359,0.590146,-0.037309,9.197000000000003
1772222269298480419,2026-02-27 14:57:49.298,-12.7942,6.99726,-42.1,0.501955,0.584782,-0.032953,9.198000000000008
1772222269299612682,2026-02-27 14:57:49.299,-12.7498,6.89286,-41.9365,0.49839,0.581108,-0.033179,9.199000000000012
1772222269300746985,2026-02-27 14:57:49.300,-12.6934,6.83109,-41.6333,0.495519,0.576797,-0.036064,9.200000000000003
1772222269301876030,2026-02-27 14:57:49.301,-12.5953,6.73289,-41.3193,0.491452,0.569665,-0.037474,9.201000000000008
1772222269303049409,2026-02-27 14:57:49.303,-12.513,6.62455,-41.2952,0.491141,0.56525,-0.037935,9.203000000000003
1772222269304230886,2026-02-27 14:57:49.304,-12.3434,6.47855,-41.482,0.481812,0.552946,-0.034595,9.204000000000008
1772222269305428398,2026-02-27 14:57:49.305,-12.2973,6.40761,-41.4756,0.48463,0.54896,-0.035392,9.205000000000013
1772222269306562564,2026-02-27 14:57:49.306,-12.2711,6.3295,-40.6837,0.478473,0.54333,-0.041679,9.206000000000003
1772222269307714393,2026-02-27 14:57:49.307,-12.1899,6.21188,-41.2449,0.474675,0.53679,-0.036955,9.207000000000008
1772222269308890661,2026-02-27 14:57:49.308,-12.0975,6.13305,-41.3735,0.470965,0.53151,-0.036052,9.208000000000013
1772222269310075751,2026-02-27 14:57:49.310,-12.0357,6.05755,-42.0179,0.470664,0.527011,-0.03087,9.210000000000008
1772222269311270251,2026-02-27 14:57:49.311,-11.9247,5.86159,-42.2664,0.46187,0.51562,-0.02756,9.211000000000013
1772222269312477763,2026-02-27 14:57:49.312,-11.8976,5.8008,-42.4866,0.463074,0.512824,-0.02809,9.212000000000003
1772222269313608672,2026-02-27 14:57:49.313,-11.8616,5.72002,-42.5555,0.458305,0.508549,-0.027161,9.213000000000008
1772222269314739071,2026-02-27 14:57:49.314,-11.8156,5.62423,-43.6739,0.454788,0.503331,-0.01824,9.213999999999999
1772222269315913436,2026-02-27 14:57:49.315,-11.7748,5.57441,-43.5149,0.452593,0.497619,-0.02094,9.215000000000003
1772222269317096768,2026-02-27 14:57:49.317,-11.6861,5.4975,-43.6106,0.450544,0.492122,-0.021901,9.216999999999999
1772222269318271763,2026-02-27 14:57:49.318,-11.4788,5.39082,-42.7148,0.43897,0.478166,-0.031656,9.218000000000004
1772222269319478978,2026-02-27 14:57:49.319,-11.3602,5.3355,-42.4497,0.431297,0.467994,-0.032044,9.219000000000008
1772222269320610060,2026-02-27 14:57:49.320,-11.204,5.28024,-41.9596,0.422027,0.442783,-0.032992,9.219999999999999
1772222269321742495,2026-02-27 14:57:49.321,-10.8955,5.28576,-41.002,0.412541,0.427066,-0.033027,9.221000000000004
1772222269322915572,2026-02-27 14:57:49.322,-10.3797,5.33181,-38.7871,0.38648,0.378158,-0.033385,9.222000000000008
1772222269324048774,2026-02-27 14:57:49.324,-9.77228,5.17012,-40.1309,0.426069,0.437788,-0.04039,9.224000000000004
1772222269325230128,2026-02-27 14:57:49.325,-10.8462,5.31569,-42.0921,0.447903,0.463679,-0.056728,9.225000000000009
1772222269326423329,2026-02-27 14:57:49.326,-11.0796,5.31143,-43.18,0.452853,0.472479,-0.052526,9.225999999999999
1772222269327564032,2026-02-27 14:57:49.327,-11.1636,5.24108,-43.4124,0.447294,0.475665,-0.048537,9.227000000000004
1772222269328695162,2026-02-27 14:57:49.328,-11.2307,5.1387,-43.4883,0.440866,0.471388,-0.043755,9.228000000000009
1772222269329842041,2026-02-27 14:57:49.329,-11.294,4.96444,-43.6011,0.434284,0.469087,-0.039494,9.229
1772222269331022791,2026-02-27 14:57:49.331,-11.4541,4.82532,-44.0446,0.425207,0.470346,-0.03801,9.231000000000009
1772222269332193632,2026-02-27 14:57:49.332,-11.4813,4.67712,-45.1733,0.420304,0.472717,-0.03072,9.232
1772222269333388671,2026-02-27 14:57:49.333,-11.6848,4.51298,-45.1561,0.408948,0.482497,-0.037476,9.233000000000004
1772222269334572164,2026-02-27 14:57:49.334,-11.7748,4.5346,-44.7142,0.399645,0.479357,-0.040521,9.234000000000009
1772222269335701404,2026-02-27 14:57:49.335,-11.7589,4.50191,-44.2968,0.391342,0.471885,-0.039525,9.235
1772222269336879520,2026-02-27 14:57:49.336,-11.5766,4.46734,-44.2608,0.386808,0.467944,-0.038597,9.236000000000004
1772222269338050468,2026-02-27 14:57:49.338,-11.3731,4.46296,-44.6556,0.388114,0.479714,-0.042712,9.238
1772222269339233376,2026-02-27 14:57:49.339,-11.8014,4.47303,-44.3433,0.402089,0.493903,-0.053317,9.239000000000004
1772222269340429314,2026-02-27 14:57:49.340,-11.9957,4.49708,-44.9765,0.404772,0.500548,-0.050167,9.240000000000009
1772222269341576145,2026-02-27 14:57:49.341,-12.0076,4.48361,-45.1909,0.412081,0.504082,-0.04805,9.241
1772222269342706994,2026-02-27 14:57:49.342,-12.1021,4.50527,-45.9233,0.414175,0.507345,-0.041985,9.242000000000004
1772222269343989414,2026-02-27 14:57:49.343,-12.0902,4.49931,-46.4728,0.419218,0.508719,-0.038582,9.24300000000001
1772222269345162088,2026-02-27 14:57:49.345,-12.173,4.45093,-46.55,0.42232,0.507051,-0.039368,9.245000000000005
1772222269346340616,2026-02-27 14:57:49.346,-12.1527,4.38818,-46.7547,0.422212,0.508177,-0.039119,9.24600000000001
1772222269347567362,2026-02-27 14:57:49.347,-12.1494,4.41585,-47.6995,0.430009,0.513867,-0.034209,9.247
1772222269348696247,2026-02-27 14:57:49.348,-12.2797,4.39267,-48.12,0.432164,0.515157,-0.032431,9.248000000000005
1772222269349894873,2026-02-27 14:57:49.349,-12.3087,4.41026,-48.1762,0.432568,0.514815,-0.033276,9.24900000000001
1772222269351090949,2026-02-27 14:57:49.351,-12.3357,4.40556,-47.9785,0.438123,0.516156,-0.038398,9.251000000000005
1772222269352268374,2026-02-27 14:57:49.352,-12.3921,4.47352,-47.7213,0.440515,0.514267,-0.040458,9.25200000000001
1772222269353474356,2026-02-27 14:57:49.353,-12.331,4.47029,-47.898,0.44187,0.514953,-0.041215,9.253
1772222269354565240,2026-02-27 14:57:49.354,-12.3448,4.43079,-47.973,0.441572,0.513472,-0.042322,9.254000000000005
1772222269355695984,2026-02-27 14:57:49.355,-12.3952,4.41924,-47.4465,0.442154,0.50605,-0.045303,9.25500000000001
1772222269356851485,2026-02-27 14:57:49.356,-12.2607,4.40765,-46.625,0.441189,0.502276,-0.052373,9.256
1772222269358048845,2026-02-27 14:57:49.358,-12.1903,4.42652,-46.8057,0.440031,0.496482,-0.049663,9.25800000000001
1772222269359231346,2026-02-27 14:57:49.359,-12.1097,4.51181,-47.0761,0.445879,0.497825,-0.048214,9.259
1772222269360417189,2026-02-27 14:57:49.360,-12.0935,4.55618,-47.805,0.450276,0.497563,-0.045515,9.260000000000005
1772222269361560401,2026-02-27 14:57:49.361,-12.0277,4.67289,-47.698,0.456702,0.493813,-0.045879,9.26100000000001
1772222269362691496,2026-02-27 14:57:49.362,-11.9692,4.69548,-47.48,0.457915,0.488947,-0.044828,9.262
1772222269363867367,2026-02-27 14:57:49.363,-11.8222,4.79078,-46.5798,0.449708,0.466267,-0.042914,9.263000000000005
1772222269365066432,2026-02-27 14:57:49.365,-11.4662,4.7982,-46.3571,0.436975,0.435639,-0.027421,9.265
1772222269366249706,2026-02-27 14:57:49.366,-10.5737,5.0231,-45.4193,0.432463,0.422424,-0.025478,9.266000000000005
1772222269367432739,2026-02-27 14:57:49.367,-10.6953,5.12272,-45.8447,0.467719,0.457048,-0.042242,9.26700000000001
1772222269368551982,2026-02-27 14:57:49.368,-11.0694,5.25344,-46.1681,0.483097,0.460337,-0.052328,9.268
1772222269369680756,2026-02-27 14:57:49.369,-11.2929,5.30889,-46.7483,0.499379,0.467415,-0.05674,9.269000000000005
1772222269370878136,2026-02-27 14:57:49.370,-11.444,5.34084,-46.7957,0.50327,0.472299,-0.0558,9.27000000000001
1772222269372073630,2026-02-27 14:57:49.372,-11.4551,5.40598,-46.5076,0.506927,0.466587,-0.053087,9.272000000000006
1772222269373257558,2026-02-27 14:57:49.373,-11.4403,5.24193,-46.2369,0.514121,0.468073,-0.062947,9.27300000000001
1772222269374472173,2026-02-27 14:57:49.374,-11.5145,5.23624,-46.4927,0.515857,0.468589,-0.061311,9.274000000000001
1772222269375602248,2026-02-27 14:57:49.375,-11.532,5.2038,-47.0419,0.512179,0.466163,-0.055468,9.275000000000006
1772222269376734080,2026-02-27 14:57:49.376,-11.5223,5.10662,-47.578,0.503579,0.462419,-0.051888,9.27600000000001
1772222269377908905,2026-02-27 14:57:49.377,-11.4784,5.15613,-47.6,0.505857,0.457516,-0.04836,9.277000000000001
1772222269379106645,2026-02-27 14:57:49.379,-11.409,5.17262,-47.5853,0.504743,0.452846,-0.047482,9.27900000000001
1772222269380289895,2026-02-27 14:57:49.380,-11.1697,5.13454,-47.8379,0.503706,0.441711,-0.042721,9.280000000000001
1772222269381489214,2026-02-27 14:57:49.381,-11.1095,5.12775,-48.6273,0.505145,0.436921,-0.037112,9.281000000000006
1772222269382618168,2026-02-27 14:57:49.382,-11.0952,5.18714,-48.2817,0.508259,0.434854,-0.040005,9.28200000000001
1772222269383793891,2026-02-27 14:57:49.383,-10.958,5.129,-48.1626,0.509717,0.430441,-0.042302,9.283000000000001
1772222269384993336,2026-02-27 14:57:49.384,-10.9169,5.19185,-47.8816,0.513518,0.427024,-0.044569,9.284000000000006
1772222269386186257,2026-02-27 14:57:49.386,-10.9165,5.19439,-47.7417,0.517477,0.424587,-0.047148,9.286000000000001
1772222269387371587,2026-02-27 14:57:49.387,-10.8966,5.28704,-47.9593,0.527847,0.422406,-0.047619,9.287000000000006
1772222269388549326,2026-02-27 14:57:49.388,-10.907,5.36188,-47.9176,0.530945,0.420973,-0.047677,9.288000000000011
1772222269389680215,2026-02-27 14:57:49.389,-10.934,5.35629,-46.9578,0.530827,0.420062,-0.05759,9.289000000000001
1772222269390878517,2026-02-27 14:57:49.390,-10.9201,5.34948,-47.4103,0.533924,0.421079,-0.05353,9.290000000000006
1772222269392080093,2026-02-27 14:57:49.392,-10.957,5.45404,-47.4675,0.537836,0.421411,-0.054047,9.292000000000002
1772222269393263345,2026-02-27 14:57:49.393,-10.9889,5.45391,-47.9578,0.543193,0.424823,-0.050393,9.293000000000006
1772222269394473939,2026-02-27 14:57:49.394,-11.0479,5.51676,-48.3969,0.543144,0.429447,-0.048715,9.294000000000011
1772222269395602703,2026-02-27 14:57:49.395,-11.0219,5.54865,-48.4088,0.546021,0.431147,-0.049752,9.295000000000002
1772222269396777258,2026-02-27 14:57:49.396,-11.0613,5.55145,-48.5279,0.546632,0.433739,-0.050247,9.296000000000006
1772222269397958569,2026-02-27 14:57:49.397,-11.1118,5.55099,-49.4102,0.54859,0.435136,-0.042995,9.297000000000011
1772222269399157721,2026-02-27 14:57:49.399,-11.164,5.54339,-49.5483,0.549114,0.438577,-0.043727,9.299000000000007
1772222269400330663,2026-02-27 14:57:49.400,-11.2209,5.55431,-49.6036,0.551074,0.442413,-0.04459,9.300000000000011
1772222269401530748,2026-02-27 14:57:49.401,-11.3696,5.59391,-49.0882,0.553615,0.449356,-0.051939,9.301000000000002
1772222269402661224,2026-02-27 14:57:49.402,-11.4264,5.65357,-49.1392,0.556248,0.453826,-0.053409,9.302000000000007
1772222269403834777,2026-02-27 14:57:49.403,-11.5665,5.62843,-49.28,0.557172,0.459017,-0.053906,9.303000000000011
1772222269405037373,2026-02-27 14:57:49.405,-11.547,5.6452,-49.5217,0.559573,0.462897,-0.054049,9.305000000000007
1772222269406236775,2026-02-27 14:57:49.406,-11.6804,5.646,-49.2068,0.561793,0.468555,-0.058749,9.306000000000012
1772222269407429741,2026-02-27 14:57:49.407,-11.9449,5.66782,-49.3785,0.563552,0.479694,-0.060947,9.307000000000002
1772222269408589474,2026-02-27 14:57:49.408,-12.0584,5.71055,-49.7809,0.567504,0.485906,-0.058527,9.308000000000007
1772222269409721484,2026-02-27 14:57:49.409,-12.1581,5.6818,-50.4171,0.566703,0.490727,-0.054868,9.309000000000012
1772222269410897554,2026-02-27 14:57:49.410,-12.266,5.70579,-50.7282,0.567645,0.495596,-0.054163,9.310000000000002
1772222269412094580,2026-02-27 14:57:49.412,-12.3026,5.66974,-50.9098,0.568964,0.500973,-0.054315,9.312000000000012
1772222269413283318,2026-02-27 14:57:49.413,-12.4663,5.70868,-51.2127,0.5693,0.506285,-0.05508,9.313000000000002
1772222269414475286,2026-02-27 14:57:49.414,-12.5091,5.69564,-52.7007,0.57697,0.514435,-0.048155,9.314000000000007
1772222269415606415,2026-02-27 14:57:49.415,-12.5209,5.74636,-52.555,0.577715,0.517437,-0.051701,9.315000000000012
1772222269416737241,2026-02-27 14:57:49.416,-12.5307,5.7492,-52.8195,0.579313,0.519998,-0.051631,9.316000000000003
1772222269417866378,2026-02-27 14:57:49.417,-12.5962,5.74807,-52.4863,0.581929,0.52265,-0.055881,9.317000000000007
1772222269419062490,2026-02-27 14:57:49.419,-12.6261,5.81452,-52.4732,0.583024,0.522939,-0.057937,9.319000000000003
1772222269420259986,2026-02-27 14:57:49.420,-12.6407,5.79178,-52.7211,0.584419,0.522427,-0.0574,9.320000000000007
1772222269421439851,2026-02-27 14:57:49.421,-12.6642,5.79307,-53.1417,0.590499,0.520755,-0.05832,9.321000000000012
1772222269422588239,2026-02-27 14:57:49.422,-12.7709,5.80205,-52.3012,0.587065,0.519792,-0.065965,9.322000000000003
1772222269423719485,2026-02-27 14:57:49.423,-12.7808,5.84671,-52.5184,0.590526,0.517182,-0.063807,9.323000000000008
1772222269424913782,2026-02-27 14:57:49.424,-12.7979,5.92035,-52.7246,0.594551,0.519834,-0.063185,9.324000000000012
1772222269426117302,2026-02-27 14:57:49.426,-12.7271,5.85465,-53.4462,0.597902,0.516534,-0.058414,9.326000000000008
1772222269427305706,2026-02-27 14:57:49.427,-12.6918,5.80637,-53.9294,0.597504,0.51436,-0.05614,9.327000000000012
1772222269428502097,2026-02-27 14:57:49.428,-12.6714,5.83421,-54.196,0.601232,0.510924,-0.055726,9.328000000000003
1772222269429639523,2026-02-27 14:57:49.429,-12.6751,5.84015,-54.2575,0.601896,0.508646,-0.055707,9.329000000000008
1772222269430831799,2026-02-27 14:57:49.430,-12.5932,5.82893,-54.7421,0.6015,0.507922,-0.053034,9.330000000000013
1772222269432015418,2026-02-27 14:57:49.432,-12.5129,5.77502,-55.362,0.600093,0.503734,-0.048505,9.332000000000008
1772222269433214087,2026-02-27 14:57:49.433,-12.5184,5.77943,-55.2402,0.601468,0.502186,-0.051584,9.333000000000013
1772222269434397713,2026-02-27 14:57:49.434,-12.4921,5.76674,-54.998,0.600186,0.499288,-0.054447,9.334000000000003
1772222269435532074,2026-02-27 14:57:49.435,-12.5034,5.74958,-54.6497,0.598822,0.491653,-0.05823,9.335000000000008
1772222269436662239,2026-02-27 14:57:49.436,-12.4596,5.74375,-54.7089,0.598508,0.489614,-0.058481,9.336000000000013
1772222269437839097,2026-02-27 14:57:49.437,-12.4451,5.69013,-54.85,0.598127,0.486765,-0.058775,9.337000000000003
1772222269439038328,2026-02-27 14:57:49.439,-12.4171,5.69444,-54.8867,0.597865,0.484085,-0.059415,9.338999999999999
1772222269440179994,2026-02-27 14:57:49.440,-12.4129,5.7216,-53.9659,0.60288,0.482668,-0.069235,9.340000000000003
1772222269441365747,2026-02-27 14:57:49.441,-12.395,5.63445,-54.4373,0.596978,0.479946,-0.066004,9.341000000000008
1772222269442542134,2026-02-27 14:57:49.442,-12.3613,5.6369,-54.9692,0.597552,0.478229,-0.062433,9.341999999999999
1772222269443675539,2026-02-27 14:57:49.443,-12.3442,5.61369,-55.2105,0.602527,0.477194,-0.059479,9.343000000000004
1772222269444872769,2026-02-27 14:57:49.444,-12.3172,5.66611,-55.1739,0.602595,0.476117,-0.058787,9.344000000000008
1772222269446070228,2026-02-27 14:57:49.446,-12.3345,5.628,-55.1716,0.602956,0.475018,-0.0592,9.346000000000004
1772222269447274487,2026-02-27 14:57:49.447,-12.3035,5.61103,-55.0429,0.600966,0.473652,-0.060245,9.347000000000008
1772222269448474677,2026-02-27 14:57:49.448,-12.3324,5.58105,-55.7591,0.598891,0.474553,-0.053648,9.347999999999999
1772222269449605675,2026-02-27 14:57:49.449,-12.326,5.57645,-55.6958,0.601804,0.474983,-0.053779,9.349000000000004
1772222269450785908,2026-02-27 14:57:49.450,-12.3607,5.57462,-55.0866,0.601602,0.476109,-0.059853,9.350000000000009
1772222269451986699,2026-02-27 14:57:49.451,-12.3709,5.59368,-54.7069,0.603758,0.47725,-0.061735,9.350999999999999
1772222269453183610,2026-02-27 14:57:49.453,-12.371,5.57395,-54.5574,0.603667,0.478735,-0.062755,9.353000000000009
1772222269454363854,2026-02-27 14:57:49.454,-12.3572,5.59601,-54.617,0.605789,0.480921,-0.062772,9.354
1772222269455611779,2026-02-27 14:57:49.455,-12.4817,5.6114,-53.7285,0.603987,0.482927,-0.068251,9.355000000000004
1772222269456792803,2026-02-27 14:57:49.456,-12.509,5.60269,-53.257,0.602406,0.486351,-0.07191,9.356000000000009
1772222269457967028,2026-02-27 14:57:49.457,-12.5335,5.64739,-53.429,0.608482,0.48914,-0.070172,9.357
1772222269459164838,2026-02-27 14:57:49.459,-12.5483,5.63802,-53.7181,0.605064,0.491293,-0.066587,9.359000000000009
1772222269460363145,2026-02-27 14:57:49.460,-12.6533,5.62894,-53.98,0.603163,0.495012,-0.064209,9.36
1772222269461559316,2026-02-27 14:57:49.461,-12.6777,5.64995,-53.7691,0.603023,0.500763,-0.065224,9.361000000000004
1772222269462699297,2026-02-27 14:57:49.462,-12.7741,5.61726,-53.7256,0.602037,0.504503,-0.06588,9.362000000000009
1772222269463917014,2026-02-27 14:57:49.463,-12.7801,5.63086,-53.5872,0.599558,0.50846,-0.065263,9.363
1772222269465119426,2026-02-27 14:57:49.465,-12.7955,5.60621,-54.4613,0.600781,0.511885,-0.059154,9.365000000000009
1772222269466323916,2026-02-27 14:57:49.466,-12.8436,5.52846,-53.9845,0.59513,0.513736,-0.063965,9.366
1772222269467507107,2026-02-27 14:57:49.467,-12.8989,5.52163,-53.8128,0.588899,0.516774,-0.065727,9.367000000000004
1772222269468653806,2026-02-27 14:57:49.468,-12.9382,5.60298,-53.334,0.59248,0.520281,-0.070286,9.36800000000001
1772222269469847565,2026-02-27 14:57:49.469,-12.9891,5.52306,-52.9884,0.584514,0.525114,-0.073767,9.369
1772222269471048720,2026-02-27 14:57:49.471,-13.019,5.46919,-52.9171,0.580251,0.527657,-0.075576,9.37100000000001
1772222269472248058,2026-02-27 14:57:49.472,-13.0827,5.48291,-52.869,0.578673,0.531825,-0.076883,9.372
1772222269473420134,2026-02-27 14:57:49.473,-13.1637,5.48644,-51.8025,0.577934,0.534395,-0.087621,9.373000000000005
1772222269474608342,2026-02-27 14:57:49.474,-13.1742,5.48804,-52.0816,0.574305,0.538265,-0.085552,9.37400000000001
1772222269475800009,2026-02-27 14:57:49.475,-13.3436,5.44254,-52.5811,0.568168,0.547151,-0.084522,9.375
1772222269477003076,2026-02-27 14:57:49.477,-13.4729,5.4789,-52.9569,0.566553,0.552277,-0.083465,9.37700000000001
1772222269478202898,2026-02-27 14:57:49.478,-13.5834,5.40098,-52.9043,0.561048,0.5579,-0.085751,9.378
1772222269479401914,2026-02-27 14:57:49.479,-13.7945,5.43039,-52.9772,0.55644,0.564994,-0.087779,9.379000000000005
1772222269480574067,2026-02-27 14:57:49.480,-13.805,5.45772,-53.1474,0.561194,0.57306,-0.089368,9.38000000000001
1772222269481735620,2026-02-27 14:57:49.481,-14.1106,5.49939,-54.1028,0.557309,0.589988,-0.084052,9.381
1772222269482911038,2026-02-27 14:57:49.482,-14.2366,5.55755,-54.0736,0.561205,0.599514,-0.088478,9.382000000000005
1772222269484114998,2026-02-27 14:57:49.484,-14.393,5.51759,-53.6923,0.561847,0.607611,-0.094075,9.384
1772222269485314638,2026-02-27 14:57:49.485,-14.5455,5.5889,-53.5147,0.558699,0.617913,-0.099838,9.385000000000005
1772222269486512979,2026-02-27 14:57:49.486,-14.7047,5.6358,-53.3788,0.561472,0.625955,-0.102059,9.38600000000001
1772222269487657783,2026-02-27 14:57:49.487,-14.8805,5.65778,-53.537,0.562045,0.635716,-0.103022,9.387
1772222269488854099,2026-02-27 14:57:49.488,-15.1907,5.74427,-53.5065,0.562017,0.653647,-0.108176,9.388000000000005
1772222269490057889,2026-02-27 14:57:49.490,-15.3358,5.84315,-52.681,0.562446,0.66298,-0.116258,9.39
1772222269491258099,2026-02-27 14:57:49.491,-15.469,5.84278,-53.2439,0.565744,0.672568,-0.114217,9.391000000000005
1772222269492469030,2026-02-27 14:57:49.492,-15.5999,5.89123,-53.3697,0.564598,0.680557,-0.113902,9.39200000000001
1772222269493619060,2026-02-27 14:57:49.493,-15.7648,5.97659,-53.8016,0.567136,0.689752,-0.110239,9.393
1772222269494810066,2026-02-27 14:57:49.494,-15.9432,6.094,-53.9326,0.565481,0.703007,-0.1123,9.394000000000005
1772222269496014557,2026-02-27 14:57:49.496,-16.0317,6.16703,-53.9087,0.569794,0.710935,-0.112652,9.396
1772222269497215831,2026-02-27 14:57:49.497,-16.1704,6.20415,-53.841,0.569904,0.717746,-0.113896,9.397000000000006
1772222269498414134,2026-02-27 14:57:49.498,-16.2681,6.29032,-54.8129,0.570761,0.72447,-0.105441,9.39800000000001
1772222269499569153,2026-02-27 14:57:49.499,-16.4199,6.42519,-54.4366,0.571972,0.736255,-0.110137,9.399000000000001
1772222269500703225,2026-02-27 14:57:49.500,-16.5096,6.51603,-53.8521,0.572659,0.741555,-0.115546,9.400000000000006
1772222269501884364,2026-02-27 14:57:49.501,-16.5532,6.58236,-53.4862,0.573174,0.746134,-0.118544,9.40100000000001
1772222269503082534,2026-02-27 14:57:49.503,-16.6435,6.6454,-53.3961,0.575798,0.750066,-0.119907,9.403000000000006
1772222269504282159,2026-02-27 14:57:49.504,-16.6497,6.72631,-53.3902,0.57508,0.753715,-0.12078,9.40400000000001
1772222269505489366,2026-02-27 14:57:49.505,-16.6592,6.74358,-53.1426,0.572648,0.75615,-0.121357,9.405000000000001
1772222269506623898,2026-02-27 14:57:49.506,-16.6235,6.93033,-51.9885,0.576565,0.757643,-0.129337,9.406000000000006
1772222269507789222,2026-02-27 14:57:49.507,-16.5785,6.92304,-51.995,0.575261,0.756192,-0.128308,9.40700000000001
1772222269508966047,2026-02-27 14:57:49.508,-16.5963,7.02015,-52.3156,0.577073,0.755708,-0.122823,9.408000000000001
1772222269510135802,2026-02-27 14:57:49.510,-16.5555,7.10113,-52.5067,0.57759,0.753639,-0.11838,9.41000000000001
1772222269511305872,2026-02-27 14:57:49.511,-16.518,7.16379,-52.3926,0.572883,0.752437,-0.117317,9.411000000000001
1772222269512497137,2026-02-27 14:57:49.512,-16.3101,7.37252,-52.1161,0.576554,0.742679,-0.115451,9.412000000000006
1772222269513625621,2026-02-27 14:57:49.513,-16.2781,7.50742,-52.1308,0.574243,0.740432,-0.113282,9.413000000000011
1772222269514773961,2026-02-27 14:57:49.514,-16.1351,7.56803,-52.8479,0.577235,0.736056,-0.105908,9.414000000000001
1772222269515942613,2026-02-27 14:57:49.515,-16.1222,7.74506,-52.3596,0.579881,0.733416,-0.108872,9.415000000000006
1772222269517111803,2026-02-27 14:57:49.517,-16.0681,7.83412,-52.1676,0.584825,0.73012,-0.109877,9.417000000000002
1772222269518284034,2026-02-27 14:57:49.518,-15.9535,7.97157,-51.667,0.586349,0.725366,-0.111411,9.418000000000006
1772222269519481554,2026-02-27 14:57:49.519,-15.8769,8.11607,-51.2601,0.591066,0.72044,-0.110979,9.419000000000011
1772222269520610191,2026-02-27 14:57:49.520,-15.6361,8.39285,-51.2237,0.599391,0.709112,-0.106329,9.420000000000002
1772222269521757562,2026-02-27 14:57:49.521,-15.5697,8.59509,-51.1762,0.604731,0.704194,-0.103909,9.421000000000006
1772222269522927126,2026-02-27 14:57:49.522,-15.5499,8.68495,-50.1527,0.606959,0.698991,-0.114075,9.422000000000011
1772222269524069609,2026-02-27 14:57:49.524,-15.4097,8.8331,-50.4304,0.606738,0.691353,-0.108778,9.424000000000007
1772222269525243408,2026-02-27 14:57:49.525,-15.3132,8.97039,-50.4715,0.606491,0.684361,-0.108681,9.425000000000011
1772222269526413503,2026-02-27 14:57:49.526,-15.2277,9.04938,-51.0148,0.607299,0.678358,-0.103326,9.426000000000002
1772222269527539241,2026-02-27 14:57:49.527,-15.0208,9.24961,-51.2601,0.613056,0.665344,-0.099524,9.427000000000007
1772222269528668714,2026-02-27 14:57:49.528,-14.9368,9.34154,-51.2267,0.617348,0.660342,-0.098057,9.428000000000011
1772222269529822245,2026-02-27 14:57:49.529,-14.8581,9.47113,-51.2312,0.623835,0.654614,-0.096957,9.429000000000002
1772222269530992680,2026-02-27 14:57:49.530,-14.824,9.54496,-51.9178,0.622851,0.650778,-0.088521,9.430000000000007
1772222269532162986,2026-02-27 14:57:49.532,-14.801,9.63788,-51.9826,0.628637,0.647538,-0.084504,9.432000000000002
1772222269533333488,2026-02-27 14:57:49.533,-14.7636,9.73439,-51.6907,0.633259,0.646102,-0.082058,9.433000000000007
1772222269534518736,2026-02-27 14:57:49.534,-14.7813,9.87688,-51.047,0.635311,0.644969,-0.083905,9.434000000000012
1772222269535649586,2026-02-27 14:57:49.535,-14.9404,10.0554,-50.2365,0.631921,0.652543,-0.083667,9.435000000000002
1772222269536796687,2026-02-27 14:57:49.536,-15.0438,10.1735,-50.2252,0.634174,0.659373,-0.079107,9.436000000000007
1772222269537978261,2026-02-27 14:57:49.537,-15.1943,10.3357,-50.3212,0.644147,0.677738,-0.07307,9.437000000000012
1772222269539162715,2026-02-27 14:57:49.539,-15.4888,10.4273,-49.9584,0.651297,0.697622,-0.072373,9.439000000000007
1772222269540296824,2026-02-27 14:57:49.540,-15.8804,10.6026,-49.2589,0.656744,0.720071,-0.076802,9.440000000000012
1772222269541477738,2026-02-27 14:57:49.541,-16.164,10.8194,-49.545,0.660431,0.742763,-0.073524,9.441000000000003
1772222269542609927,2026-02-27 14:57:49.542,-16.4843,10.9546,-49.6034,0.671337,0.767272,-0.070447,9.442000000000007
1772222269543767577,2026-02-27 14:57:49.543,-17.1444,11.2183,-49.9372,0.680044,0.817594,-0.062991,9.443000000000012
1772222269544960763,2026-02-27 14:57:49.544,-17.5253,11.2862,-49.9631,0.686867,0.843503,-0.062142,9.444000000000003
1772222269546160293,2026-02-27 14:57:49.546,-17.9037,11.4189,-49.8789,0.691538,0.869547,-0.059535,9.446000000000012
1772222269547331089,2026-02-27 14:57:49.547,-18.2285,11.5238,-49.7948,0.692234,0.892581,-0.060217,9.447000000000003
1772222269548527416,2026-02-27 14:57:49.548,-18.4483,11.5457,-50.5319,0.681462,0.900388,-0.051217,9.448000000000008
1772222269549659309,2026-02-27 14:57:49.549,-18.9525,11.8072,-50.2167,0.695643,0.945492,-0.04266,9.449000000000012
1772222269550820206,2026-02-27 14:57:49.550,-19.2326,11.9203,-49.8509,0.699453,0.966741,-0.045678,9.450000000000003
1772222269551998392,2026-02-27 14:57:49.551,-19.506,12.018,-49.6315,0.705717,0.985179,-0.048055,9.451000000000008
1772222269553169962,2026-02-27 14:57:49.553,-19.8016,12.1785,-49.6107,0.710701,1.00452,-0.048186,9.453000000000003
1772222269554358304,2026-02-27 14:57:49.554,-20.0886,12.2189,-49.5269,0.710983,1.02258,-0.048859,9.454000000000008
1772222269555549215,2026-02-27 14:57:49.555,-20.3289,12.2369,-49.4044,0.713762,1.0375,-0.049023,9.455000000000013
1772222269556681660,2026-02-27 14:57:49.556,-20.6564,12.3576,-48.5009,0.716081,1.05888,-0.05666,9.456000000000003
1772222269557858067,2026-02-27 14:57:49.557,-20.8118,12.3714,-48.5671,0.717582,1.06633,-0.056039,9.457000000000008
1772222269559032325,2026-02-27 14:57:49.559,-20.8569,12.4269,-48.9741,0.721661,1.0713,-0.049575,9.459000000000003
1772222269560210431,2026-02-27 14:57:49.560,-20.9372,12.4033,-49.2445,0.7213,1.07535,-0.045701,9.460000000000008
1772222269561389453,2026-02-27 14:57:49.561,-21.0134,12.4093,-49.2487,0.718317,1.07888,-0.045345,9.461000000000013
1772222269562536421,2026-02-27 14:57:49.562,-20.9977,12.3817,-49.2249,0.724004,1.08009,-0.045468,9.462000000000003
1772222269563669209,2026-02-27 14:57:49.563,-20.9897,12.3958,-49.514,0.727583,1.08019,-0.041493,9.463000000000008
1772222269564826061,2026-02-27 14:57:49.564,-20.9612,12.3559,-50.0617,0.722294,1.07574,-0.035896,9.463999999999999
1772222269566003503,2026-02-27 14:57:49.566,-20.8362,12.3887,-49.8222,0.727293,1.07086,-0.037776,9.466000000000008
1772222269567298160,2026-02-27 14:57:49.567,-20.852,12.2731,-49.5201,0.722309,1.06417,-0.040872,9.466999999999999
1772222269568508125,2026-02-27 14:57:49.568,-20.6439,12.3104,-49.1415,0.726816,1.05678,-0.042052,9.468000000000004
1772222269569637904,2026-02-27 14:57:49.569,-20.5269,12.2383,-48.9556,0.726483,1.04774,-0.042354,9.469000000000008
1772222269570791250,2026-02-27 14:57:49.570,-20.3326,12.1704,-48.9617,0.720683,1.02854,-0.041699,9.469999999999999
1772222269571969642,2026-02-27 14:57:49.571,-20.0724,12.1029,-48.9195,0.721526,1.01634,-0.041448,9.471000000000004
1772222269573149739,2026-02-27 14:57:49.573,-19.8934,12.0451,-47.9463,0.720309,1.00332,-0.05006,9.472999999999999
1772222269574334465,2026-02-27 14:57:49.574,-19.704,12.0059,-48.3393,0.716247,0.990539,-0.046028,9.474000000000004
1772222269575524069,2026-02-27 14:57:49.575,-19.5057,11.9598,-48.3852,0.712573,0.977428,-0.045218,9.475000000000009
1772222269576656451,2026-02-27 14:57:49.576,-19.1471,11.8269,-49.125,0.706006,0.95149,-0.037964,9.475999999999999
1772222269577834371,2026-02-27 14:57:49.577,-18.9557,11.7167,-49.1292,0.699298,0.939174,-0.037451,9.477000000000004
1772222269579013384,2026-02-27 14:57:49.579,-18.8414,11.6535,-49.153,0.687928,0.925517,-0.037598,9.479
1772222269580191699,2026-02-27 14:57:49.580,-18.6068,11.5346,-49.1521,0.687398,0.913272,-0.037411,9.480000000000004
1772222269581370563,2026-02-27 14:57:49.581,-18.4369,11.4936,-50.0486,0.676002,0.900146,-0.028455,9.481000000000009
1772222269582536878,2026-02-27 14:57:49.582,-18.2665,11.3457,-50.1267,0.672576,0.888029,-0.028994,9.482
1772222269583668348,2026-02-27 14:57:49.583,-18.0378,11.2797,-50.1806,0.669814,0.875982,-0.029923,9.483000000000004
1772222269584843305,2026-02-27 14:57:49.584,-17.6942,11.0321,-49.4498,0.655059,0.84845,-0.03637,9.484000000000009
1772222269586020987,2026-02-27 14:57:49.586,-17.5575,10.9385,-49.4344,0.646112,0.835276,-0.036054,9.486000000000004
1772222269587198802,2026-02-27 14:57:49.587,-17.3063,10.8429,-49.5735,0.640886,0.823292,-0.03647,9.487000000000009
1772222269588377202,2026-02-27 14:57:49.588,-17.1381,10.6815,-49.5386,0.630544,0.809626,-0.036006,9.488
1772222269589542668,2026-02-27 14:57:49.589,-17.0208,10.5457,-49.2274,0.623017,0.797398,-0.040436,9.489000000000004
1772222269590674451,2026-02-27 14:57:49.590,-16.8184,10.4089,-48.7516,0.615639,0.785292,-0.044823,9.490000000000009
1772222269591850146,2026-02-27 14:57:49.591,-16.6681,10.1379,-49.4792,0.595503,0.766019,-0.037475,9.491
1772222269593028185,2026-02-27 14:57:49.593,-16.5529,10.0188,-50.012,0.589488,0.757944,-0.03406,9.49300000000001
1772222269594206917,2026-02-27 14:57:49.594,-16.478,9.88528,-50.2071,0.580808,0.751702,-0.032664,9.494
1772222269595383898,2026-02-27 14:57:49.595,-16.4746,9.77391,-50.2533,0.571246,0.746979,-0.032454,9.495000000000005
1772222269596535759,2026-02-27 14:57:49.596,-16.4241,9.62996,-50.3175,0.562519,0.745486,-0.032331,9.49600000000001
1772222269597664374,2026-02-27 14:57:49.597,-16.4922,9.52181,-50.5114,0.55513,0.744892,-0.031322,9.497
1772222269598834565,2026-02-27 14:57:49.598,-16.6457,9.2762,-51.4352,0.541631,0.749775,-0.024972,9.498000000000005
1772222269600028618,2026-02-27 14:57:49.600,-16.6783,9.15824,-51.5583,0.533624,0.752369,-0.025292,9.5
1772222269601227962,2026-02-27 14:57:49.601,-16.7655,9.06617,-51.2911,0.529085,0.75755,-0.029163,9.501000000000005
1772222269602427844,2026-02-27 14:57:49.602,-16.8938,8.96568,-51.2712,0.52434,0.763442,-0.029535,9.50200000000001
1772222269603560220,2026-02-27 14:57:49.603,-17.0267,8.88382,-51.4023,0.517084,0.770258,-0.028762,9.503
1772222269604691018,2026-02-27 14:57:49.604,-17.1344,8.81911,-51.6117,0.512903,0.778185,-0.028203,9.504000000000005
1772222269605846513,2026-02-27 14:57:49.605,-17.4701,8.68529,-51.035,0.506895,0.795654,-0.03627,9.50500000000001
1772222269606979234,2026-02-27 14:57:49.606,-17.6956,8.63886,-51.3214,0.497436,0.804631,-0.033881,9.506
1772222269608179040,2026-02-27 14:57:49.608,-17.8664,8.59,-51.4079,0.495251,0.815271,-0.033422,9.50800000000001
1772222269609378745,2026-02-27 14:57:49.609,-17.9931,8.58274,-52.1934,0.498448,0.827909,-0.028355,9.509
1772222269610563972,2026-02-27 14:57:49.610,-18.1704,8.48904,-52.643,0.495203,0.83899,-0.025369,9.510000000000005
1772222269611695334,2026-02-27 14:57:49.611,-18.3981,8.47078,-52.6912,0.49283,0.851438,-0.024658,9.51100000000001
1772222269612857761,2026-02-27 14:57:49.612,-18.8558,8.41921,-52.9832,0.490884,0.876462,-0.02436,9.512
1772222269614038266,2026-02-27 14:57:49.614,-18.9856,8.37825,-53.5505,0.488031,0.88998,-0.018689,9.51400000000001
1772222269615235270,2026-02-27 14:57:49.615,-19.1791,8.41002,-54.1641,0.493065,0.902128,-0.015131,9.515
1772222269616434064,2026-02-27 14:57:49.616,-19.389,8.41288,-53.958,0.493846,0.91493,-0.015712,9.516000000000005
1772222269617566901,2026-02-27 14:57:49.617,-19.5819,8.38744,-53.6739,0.494183,0.928138,-0.018853,9.51700000000001
1772222269618697900,2026-02-27 14:57:49.618,-19.7684,8.42732,-53.5126,0.498198,0.940165,-0.021722,9.518
1772222269619864762,2026-02-27 14:57:49.619,-20.16,8.43925,-53.4807,0.495525,0.962871,-0.021016,9.519000000000005
1772222269621042258,2026-02-27 14:57:49.621,-20.3187,8.43242,-53.5221,0.500154,0.974058,-0.020809,9.521
1772222269622238797,2026-02-27 14:57:49.622,-20.4676,8.46984,-53.3509,0.505151,0.984437,-0.021941,9.522000000000006
1772222269623434804,2026-02-27 14:57:49.623,-20.6427,8.46776,-52.4077,0.504854,0.994983,-0.029389,9.52300000000001
1772222269624562513,2026-02-27 14:57:49.624,-20.7801,8.48561,-52.803,0.507941,1.00519,-0.024908,9.524000000000001
1772222269625691679,2026-02-27 14:57:49.625,-20.9098,8.53191,-52.7882,0.511019,1.01399,-0.024013,9.525000000000006
1772222269626875758,2026-02-27 14:57:49.626,-21.0402,8.58024,-53.2439,0.517235,1.02354,-0.019477,9.52600000000001
1772222269628062416,2026-02-27 14:57:49.628,-21.1976,8.5987,-53.1675,0.522718,1.03933,-0.018388,9.528000000000006
1772222269629260813,2026-02-27 14:57:49.629,-21.3366,8.66873,-53.0661,0.528236,1.0468,-0.018211,9.52900000000001
1772222269630473525,2026-02-27 14:57:49.630,-21.4695,8.65295,-52.8868,0.529927,1.05343,-0.017682,9.530000000000001
1772222269631564866,2026-02-27 14:57:49.631,-21.3904,8.63908,-53.7067,0.533953,1.05725,-0.010043,9.531000000000006
1772222269632695852,2026-02-27 14:57:49.632,-21.4653,8.72391,-53.3093,0.540049,1.06212,-0.011388,9.53200000000001
1772222269633854291,2026-02-27 14:57:49.633,-21.5045,8.74271,-53.1288,0.543398,1.06462,-0.010796,9.533000000000001
1772222269635025946,2026-02-27 14:57:49.635,-21.4474,8.80239,-52.0857,0.549997,1.0655,-0.017145,9.53500000000001
1772222269636224370,2026-02-27 14:57:49.636,-21.4774,8.80127,-51.7997,0.553888,1.06633,-0.017115,9.536000000000001
1772222269637420926,2026-02-27 14:57:49.637,-21.4635,8.77707,-51.6778,0.552783,1.06563,-0.017082,9.537000000000006
1772222269638566306,2026-02-27 14:57:49.638,-21.3979,8.82612,-51.5555,0.559062,1.06274,-0.016636,9.538000000000011
1772222269639697289,2026-02-27 14:57:49.639,-21.3222,8.84778,-50.7784,0.564393,1.06023,-0.022925,9.539000000000001
1772222269640858376,2026-02-27 14:57:49.640,-21.2372,8.87122,-50.3852,0.565703,1.05476,-0.023703,9.540000000000006
1772222269642030804,2026-02-27 14:57:49.642,-20.9615,8.87913,-50.7582,0.574427,1.04375,-0.018588,9.542000000000002
1772222269643227953,2026-02-27 14:57:49.643,-20.8128,8.88569,-51.0186,0.577832,1.03802,-0.015665,9.543000000000006
1772222269644424407,2026-02-27 14:57:49.644,-20.661,8.92671,-50.8762,0.576047,1.02876,-0.01555,9.544000000000011
1772222269645559459,2026-02-27 14:57:49.645,-20.5897,8.93051,-50.8169,0.577768,1.0207,-0.015186,9.545000000000002
1772222269646688155,2026-02-27 14:57:49.646,-20.3727,8.96985,-50.6732,0.583846,1.00959,-0.014701,9.546000000000006
1772222269647877262,2026-02-27 14:57:49.647,-20.2483,8.96216,-50.779,0.582608,0.9999,-0.014075,9.547000000000011
1772222269649051757,2026-02-27 14:57:49.649,-19.8341,8.97529,-51.0871,0.593152,0.975738,-0.009407,9.549000000000007
1772222269650247100,2026-02-27 14:57:49.650,-19.6692,9.01262,-50.9938,0.597205,0.963914,-0.010876,9.550000000000011
1772222269651446729,2026-02-27 14:57:49.651,-19.4615,9.01034,-50.581,0.598522,0.949445,-0.014582,9.551000000000002
1772222269652561765,2026-02-27 14:57:49.652,-19.2064,8.99951,-50.3787,0.604987,0.934116,-0.016821,9.552000000000007
1772222269653692519,2026-02-27 14:57:49.653,-18.9421,9.03566,-50.3361,0.608156,0.917957,-0.01662,9.553000000000011
1772222269654851984,2026-02-27 14:57:49.654,-18.672,9.03195,-50.4412,0.612051,0.903798,-0.018677,9.554000000000002
1772222269656036804,2026-02-27 14:57:49.656,-18.195,9.03082,-49.4727,0.622305,0.870147,-0.028804,9.556000000000012
1772222269657225066,2026-02-27 14:57:49.657,-17.9885,9.03578,-49.7736,0.62119,0.854143,-0.026306,9.557000000000002
1772222269658441670,2026-02-27 14:57:49.658,-17.6849,8.99977,-49.8428,0.627165,0.837514,-0.027445,9.558000000000007
1772222269659568720,2026-02-27 14:57:49.659,-17.474,9.00563,-50.4988,0.631822,0.820599,-0.023301,9.559000000000012
1772222269660699724,2026-02-27 14:57:49.660,-17.1464,8.95711,-50.7986,0.634732,0.80409,-0.020382,9.560000000000002
1772222269661876564,2026-02-27 14:57:49.661,-16.9394,8.96401,-50.9245,0.642759,0.786265,-0.019276,9.561000000000007
1772222269663060990,2026-02-27 14:57:49.663,-16.3554,8.963,-51.0127,0.648273,0.748675,-0.017272,9.563000000000002
1772222269664254287,2026-02-27 14:57:49.664,-16.1389,8.91494,-51.8347,0.652213,0.732633,-0.01264,9.564000000000007
1772222269665468231,2026-02-27 14:57:49.665,-15.9464,8.84723,-52.1037,0.649949,0.714722,-0.012074,9.565000000000012
1772222269666600008,2026-02-27 14:57:49.666,-15.6311,8.8216,-52.0525,0.6557,0.697439,-0.012929,9.566000000000003
1772222269667729038,2026-02-27 14:57:49.667,-15.3268,8.8504,-51.8527,0.660596,0.680324,-0.017958,9.567000000000007
1772222269668895557,2026-02-27 14:57:49.668,-15.1688,8.8512,-51.5101,0.661811,0.661628,-0.020544,9.568000000000012
1772222269670084604,2026-02-27 14:57:49.670,-14.6416,8.79343,-51.6257,0.67018,0.627729,-0.023675,9.570000000000007
1772222269671279339,2026-02-27 14:57:49.671,-14.3621,8.70395,-51.6468,0.674155,0.611431,-0.026131,9.571000000000012
1772222269672487556,2026-02-27 14:57:49.672,-14.1526,8.6865,-51.4993,0.676296,0.595976,-0.029748,9.572000000000003
1772222269673618874,2026-02-27 14:57:49.673,-13.8795,8.6975,-50.7982,0.678534,0.579065,-0.0369,9.573000000000008
1772222269674753420,2026-02-27 14:57:49.674,-13.5756,8.64614,-51.1354,0.67977,0.562584,-0.034666,9.574000000000012
1772222269675913495,2026-02-27 14:57:49.675,-13.3294,8.6214,-51.4084,0.683455,0.550131,-0.035989,9.575000000000003
1772222269677099214,2026-02-27 14:57:49.677,-12.9169,8.59473,-51.9847,0.688134,0.520555,-0.031317,9.577000000000012
1772222269678375960,2026-02-27 14:57:49.678,-12.6488,8.54577,-51.9246,0.689095,0.504098,-0.03077,9.578000000000003
1772222269679577734,2026-02-27 14:57:49.679,-12.4722,8.52898,-51.9798,0.694372,0.491129,-0.031247,9.579000000000008
1772222269680709278,2026-02-27 14:57:49.680,-12.207,8.49669,-52.0797,0.698675,0.476182,-0.030943,9.580000000000013
1772222269681888762,2026-02-27 14:57:49.681,-11.9767,8.48728,-53.1534,0.699899,0.463483,-0.022058,9.581000000000003
1772222269683072409,2026-02-27 14:57:49.683,-11.5817,8.46234,-52.7849,0.700892,0.436313,-0.021881,9.583000000000013
1772222269684255744,2026-02-27 14:57:49.684,-11.4096,8.43969,-52.343,0.707252,0.42691,-0.0266,9.584000000000003
1772222269685472299,2026-02-27 14:57:49.685,-11.2773,8.36412,-52.0598,0.703662,0.413991,-0.026443,9.585000000000008
1772222269686603835,2026-02-27 14:57:49.686,-11.0622,8.36981,-52.0423,0.706238,0.404111,-0.025496,9.586000000000013
1772222269687732711,2026-02-27 14:57:49.687,-10.9412,8.38251,-52.1433,0.7051,0.393706,-0.022492,9.587000000000003
1772222269688910131,2026-02-27 14:57:49.688,-10.745,8.3357,-52.0846,0.707608,0.381762,-0.021725,9.588000000000008
1772222269690094584,2026-02-27 14:57:49.690,-10.5407,8.25786,-51.1772,0.7036,0.362096,-0.026728,9.590000000000003
1772222269691276410,2026-02-27 14:57:49.691,-10.3523,8.19651,-51.2874,0.705643,0.352335,-0.025032,9.591000000000008
1772222269692485968,2026-02-27 14:57:49.692,-10.2099,8.17972,-51.7976,0.704876,0.343694,-0.018456,9.591999999999999
1772222269693617799,2026-02-27 14:57:49.693,-10.0871,8.14027,-52.125,0.705292,0.334714,-0.014954,9.593000000000004
1772222269694792743,2026-02-27 14:57:49.694,-9.91998,8.05343,-52.1916,0.706224,0.327198,-0.016924,9.594000000000008
1772222269695982497,2026-02-27 14:57:49.695,-9.83037,8.01345,-52.0038,0.70543,0.318418,-0.017633,9.594999999999999
1772222269697166003,2026-02-27 14:57:49.697,-9.6199,7.96157,-52.0563,0.70204,0.304628,-0.015753,9.597000000000008
1772222269698359720,2026-02-27 14:57:49.698,-9.43023,7.93196,-52.661,0.70191,0.297153,-0.010121,9.597999999999999
1772222269699566202,2026-02-27 14:57:49.699,-9.33463,7.88287,-52.2044,0.699221,0.290631,-0.014608,9.599000000000004
1772222269700695692,2026-02-27 14:57:49.700,-9.19602,7.7912,-51.8126,0.697584,0.284859,-0.018314,9.600000000000009
1772222269701868153,2026-02-27 14:57:49.701,-9.19697,7.74391,-51.3507,0.694144,0.281364,-0.023871,9.600999999999999
1772222269703047329,2026-02-27 14:57:49.703,-9.11869,7.70152,-50.9758,0.694394,0.277402,-0.028153,9.603000000000009
1772222269704227202,2026-02-27 14:57:49.704,-8.94618,7.6382,-50.6615,0.69268,0.272786,-0.032352,9.604
1772222269705425369,2026-02-27 14:57:49.705,-8.87602,7.56471,-50.3434,0.691048,0.271007,-0.034187,9.605000000000004
1772222269706550692,2026-02-27 14:57:49.706,-8.82115,7.53826,-49.1618,0.694238,0.27318,-0.046362,9.606000000000009
1772222269707677699,2026-02-27 14:57:49.707,-8.82913,7.46322,-49.3781,0.691695,0.271685,-0.044627,9.607
1772222269708853200,2026-02-27 14:57:49.708,-8.7985,7.45766,-49.2669,0.692074,0.273922,-0.045893,9.608000000000004
1772222269710043102,2026-02-27 14:57:49.710,-8.79158,7.40315,-49.5669,0.691635,0.275375,-0.04356,9.61
1772222269711224135,2026-02-27 14:57:49.711,-8.91078,7.23325,-49.4928,0.681544,0.279507,-0.043176,9.611000000000004
1772222269712417754,2026-02-27 14:57:49.712,-8.8767,7.19262,-49.3076,0.67941,0.281533,-0.043404,9.612000000000009
1772222269713559889,2026-02-27 14:57:49.713,-8.95498,7.11842,-49.1766,0.675587,0.283223,-0.045142,9.613
1772222269714689211,2026-02-27 14:57:49.714,-8.98105,7.06227,-49.8355,0.674332,0.289213,-0.037734,9.614000000000004
1772222269715861744,2026-02-27 14:57:49.715,-9.07732,7.0273,-49.6887,0.667516,0.293868,-0.038898,9.615000000000009
1772222269717037405,2026-02-27 14:57:49.717,-9.18333,6.89625,-49.5202,0.664576,0.29986,-0.040035,9.617000000000004
1772222269718228026,2026-02-27 14:57:49.718,-9.29766,6.85205,-48.5628,0.66056,0.314029,-0.049588,9.61800000000001
1772222269719420287,2026-02-27 14:57:49.719,-9.47229,6.82383,-48.4132,0.657592,0.322607,-0.051107,9.619
1772222269720566353,2026-02-27 14:57:49.720,-9.59206,6.73199,-48.5308,0.657785,0.330824,-0.051913,9.620000000000005
1772222269721695744,2026-02-27 14:57:49.721,-9.73489,6.68586,-48.447,0.65407,0.339174,-0.052654,9.62100000000001
1772222269722869954,2026-02-27 14:57:49.722,-9.86215,6.64483,-48.1324,0.649861,0.347781,-0.05756,9.622
1772222269724012463,2026-02-27 14:57:49.724,-10.0257,6.57207,-47.5363,0.646396,0.357886,-0.061887,9.62400000000001
1772222269725219097,2026-02-27 14:57:49.725,-10.3062,6.46008,-48.3898,0.63994,0.377702,-0.0597,9.625
1772222269726417451,2026-02-27 14:57:49.726,-10.4667,6.3584,-49.0246,0.636953,0.388092,-0.056387,9.626000000000005
1772222269727564471,2026-02-27 14:57:49.727,-10.6877,6.2885,-49.2518,0.632912,0.399326,-0.056464,9.62700000000001
1772222269728693734,2026-02-27 14:57:49.728,-10.8294,6.17322,-49.2901,0.630332,0.409268,-0.057097,9.628
1772222269729890725,2026-02-27 14:57:49.729,-10.9542,6.09882,-49.4892,0.628361,0.418965,-0.058003,9.629000000000005
1772222269731071636,2026-02-27 14:57:49.731,-11.1758,6.0458,-49.7394,0.624752,0.430415,-0.05765,9.631
1772222269732259752,2026-02-27 14:57:49.732,-11.5751,5.82172,-50.7293,0.612753,0.44994,-0.053935,9.632000000000005
1772222269733468562,2026-02-27 14:57:49.733,-11.8249,5.73422,-50.954,0.608882,0.461926,-0.054438,9.63300000000001
1772222269734559550,2026-02-27 14:57:49.734,-12.0462,5.64259,-50.7594,0.604191,0.474619,-0.059882,9.634
1772222269735691262,2026-02-27 14:57:49.735,-12.2844,5.60923,-50.785,0.602411,0.489397,-0.0626,9.635000000000005
1772222269736865644,2026-02-27 14:57:49.736,-12.5431,5.49076,-50.9287,0.596386,0.502983,-0.06314,9.63600000000001
1772222269738068339,2026-02-27 14:57:49.738,-12.7643,5.40103,-51.2129,0.594165,0.516446,-0.063681,9.638000000000005
1772222269739253071,2026-02-27 14:57:49.739,-13.3145,5.24054,-50.7429,0.588057,0.546384,-0.074451,9.63900000000001
1772222269740384428,2026-02-27 14:57:49.740,-13.5131,5.14949,-51.0679,0.584894,0.562976,-0.074881,9.64
1772222269741578736,2026-02-27 14:57:49.741,-13.7933,5.12249,-51.4279,0.585631,0.579964,-0.076241,9.641000000000005
1772222269742710482,2026-02-27 14:57:49.742,-14.0205,5.03869,-52.2703,0.583294,0.593947,-0.072394,9.64200000000001
1772222269743888367,2026-02-27 14:57:49.743,-14.2543,5.00561,-52.9373,0.583629,0.609303,-0.070306,9.643
1772222269745085812,2026-02-27 14:57:49.745,-14.4816,4.98194,-53.2175,0.579929,0.625261,-0.071514,9.64500000000001
1772222269746275595,2026-02-27 14:57:49.746,-14.9773,4.82954,-53.7071,0.573991,0.65476,-0.072364,9.646
1772222269747480557,2026-02-27 14:57:49.747,-15.1934,4.8058,-54.3601,0.5718,0.668153,-0.069442,9.647000000000006
1772222269748610223,2026-02-27 14:57:49.748,-15.3978,4.80817,-55.2638,0.573003,0.682593,-0.065314,9.64800000000001
1772222269749785904,2026-02-27 14:57:49.749,-15.6681,4.77991,-55.3069,0.57153,0.695496,-0.068627,9.649000000000001
1772222269750984982,2026-02-27 14:57:49.750,-15.8088,4.77759,-55.2176,0.569811,0.706334,-0.073182,9.650000000000006
1772222269752156570,2026-02-27 14:57:49.752,-16.062,4.72442,-55.1799,0.565926,0.717785,-0.076503,9.652000000000001
1772222269753330555,2026-02-27 14:57:49.753,-16.3479,4.74654,-55.6519,0.571876,0.737638,-0.079109,9.653000000000006
1772222269754521062,2026-02-27 14:57:49.754,-16.4439,4.74156,-55.8339,0.569116,0.74534,-0.079544,9.65400000000001
1772222269755649889,2026-02-27 14:57:49.755,-16.5968,4.73897,-56.0678,0.57116,0.7516,-0.081347,9.655000000000001
1772222269756823912,2026-02-27 14:57:49.756,-16.7202,4.76359,-55.2975,0.573369,0.757732,-0.090282,9.656000000000006
1772222269758027320,2026-02-27 14:57:49.758,-16.8214,4.73769,-55.9139,0.572257,0.761232,-0.086596,9.658000000000001
1772222269759224927,2026-02-27 14:57:49.759,-16.9451,4.7563,-56.816,0.577545,0.766935,-0.082501,9.659000000000006
1772222269760410388,2026-02-27 14:57:49.760,-16.9875,4.84575,-57.1478,0.580641,0.769264,-0.081513,9.66000000000001
1772222269761546787,2026-02-27 14:57:49.761,-16.9884,4.84743,-57.2898,0.581927,0.768871,-0.081557,9.661000000000001
1772222269762677328,2026-02-27 14:57:49.762,-17.0066,4.9093,-57.3702,0.589451,0.768516,-0.081394,9.662000000000006
1772222269763855496,2026-02-27 14:57:49.763,-17.0208,4.90582,-57.577,0.589355,0.765958,-0.081039,9.663000000000011
1772222269765052096,2026-02-27 14:57:49.765,-16.8805,4.95184,-58.6235,0.596079,0.762285,-0.072931,9.665000000000006
1772222269766223735,2026-02-27 14:57:49.766,-16.7873,5.01981,-58.5142,0.597346,0.757827,-0.073861,9.666000000000011
1772222269767408477,2026-02-27 14:57:49.767,-16.6184,5.0908,-58.1249,0.602344,0.743273,-0.077013,9.667000000000002
1772222269768528678,2026-02-27 14:57:49.768,-16.4517,5.10828,-57.8622,0.60501,0.732187,-0.079509,9.668000000000006
1772222269769657177,2026-02-27 14:57:49.769,-16.2439,5.18717,-57.864,0.61002,0.720875,-0.07867,9.669000000000011
1772222269770831331,2026-02-27 14:57:49.770,-16.0707,5.23796,-57.8895,0.616392,0.708774,-0.077373,9.670000000000002
1772222269772032862,2026-02-27 14:57:49.772,-15.8366,5.28941,-57.8902,0.620915,0.694361,-0.076741,9.672000000000011
1772222269773214798,2026-02-27 14:57:49.773,-15.613,5.34379,-57.3907,0.627213,0.680097,-0.080918,9.673000000000002
1772222269774400661,2026-02-27 14:57:49.774,-15.166,5.4136,-57.0948,0.634066,0.64794,-0.078638,9.674000000000007
1772222269775544029,2026-02-27 14:57:49.775,-14.929,5.50033,-57.409,0.632558,0.632439,-0.074,9.675000000000011
1772222269776677164,2026-02-27 14:57:49.776,-14.6267,5.5502,-57.7199,0.639329,0.616167,-0.069232,9.676000000000002
1772222269777875538,2026-02-27 14:57:49.777,-14.35,5.57842,-57.7524,0.643721,0.601034,-0.066725,9.677000000000007
1772222269779077975,2026-02-27 14:57:49.779,-14.1686,5.61176,-57.6956,0.644796,0.585913,-0.065889,9.679000000000002
1772222269780259073,2026-02-27 14:57:49.780,-13.9532,5.62413,-57.7422,0.650951,0.571917,-0.064411,9.680000000000007
1772222269781448583,2026-02-27 14:57:49.781,-13.435,5.67021,-58.6779,0.656485,0.543066,-0.054184,9.681000000000012
1772222269782598536,2026-02-27 14:57:49.782,-13.3604,5.74494,-58.1428,0.656495,0.529519,-0.055183,9.682000000000002
1772222269783732135,2026-02-27 14:57:49.783,-13.121,5.75624,-58.1616,0.660437,0.517516,-0.054848,9.683000000000007
1772222269784863158,2026-02-27 14:57:49.784,-12.9399,5.81502,-57.7312,0.662147,0.506013,-0.058105,9.684000000000012
1772222269786060326,2026-02-27 14:57:49.786,-12.8276,5.79834,-57.5014,0.662519,0.494955,-0.058947,9.686000000000007
1772222269787244762,2026-02-27 14:57:49.787,-12.7152,5.81709,-57.5492,0.664359,0.483568,-0.05775,9.687000000000012
1772222269788431016,2026-02-27 14:57:49.788,-12.4748,5.78834,-57.5706,0.664097,0.464704,-0.057425,9.688000000000002
1772222269789666608,2026-02-27 14:57:49.789,-12.4102,5.82362,-56.6554,0.664997,0.456647,-0.066623,9.689000000000007
1772222269790797414,2026-02-27 14:57:49.790,-12.2915,5.79844,-57.0205,0.669089,0.450882,-0.063317,9.690000000000012
1772222269791998772,2026-02-27 14:57:49.791,-12.2218,5.8158,-57.1193,0.668954,0.445622,-0.063753,9.691000000000003
1772222269793194478,2026-02-27 14:57:49.793,-12.1664,5.87543,-57.8214,0.672825,0.442427,-0.058884,9.693000000000012
1772222269794384842,2026-02-27 14:57:49.794,-12.1306,5.88328,-58.3793,0.671176,0.43597,-0.057864,9.694000000000003
1772222269795555061,2026-02-27 14:57:49.795,-12.1344,5.92051,-58.6443,0.674628,0.435611,-0.057696,9.695000000000007
1772222269796689115,2026-02-27 14:57:49.796,-12.1385,5.88905,-58.861,0.678607,0.436465,-0.058614,9.696000000000012
1772222269797863009,2026-02-27 14:57:49.797,-12.1905,5.92043,-59.6939,0.676274,0.438806,-0.052916,9.697000000000003
1772222269799058448,2026-02-27 14:57:49.799,-12.2417,5.93322,-60.31,0.679109,0.440929,-0.052124,9.699000000000012
1772222269800247590,2026-02-27 14:57:49.800,-12.3013,5.96253,-60.3868,0.676644,0.44456,-0.053077,9.700000000000003
1772222269801424403,2026-02-27 14:57:49.801,-12.5928,5.94895,-60.1923,0.675988,0.454507,-0.061731,9.701000000000008
1772222269802541389,2026-02-27 14:57:49.802,-12.6966,5.96551,-60.4615,0.6776,0.461993,-0.064238,9.702000000000012
1772222269803674861,2026-02-27 14:57:49.803,-12.8721,6.00582,-60.785,0.678914,0.471015,-0.064829,9.703000000000003
1772222269804894496,2026-02-27 14:57:49.804,-12.9904,6.04393,-61.0822,0.681617,0.48111,-0.066067,9.704000000000008
1772222269806094058,2026-02-27 14:57:49.806,-13.1774,6.03928,-61.3054,0.682014,0.490537,-0.069636,9.706000000000003
1772222269807283141,2026-02-27 14:57:49.807,-13.4347,6.0049,-60.7445,0.681968,0.500135,-0.0781,9.707000000000008
1772222269808477357,2026-02-27 14:57:49.808,-13.8343,5.97692,-61.9432,0.685933,0.522813,-0.075814,9.708000000000013
1772222269809610933,2026-02-27 14:57:49.809,-13.968,5.94389,-62.7706,0.686046,0.53267,-0.074008,9.709000000000003
1772222269810743803,2026-02-27 14:57:49.810,-14.1509,5.96918,-63.2023,0.686253,0.543881,-0.07365,9.710000000000008
1772222269811876785,2026-02-27 14:57:49.811,-14.2822,5.99842,-63.4824,0.687897,0.553892,-0.07447,9.711000000000013
1772222269813075380,2026-02-27 14:57:49.813,-14.5214,5.99194,-63.8051,0.685556,0.563406,-0.07556,9.713000000000008
1772222269814274251,2026-02-27 14:57:49.814,-14.6464,5.99993,-64.0435,0.690317,0.57401,-0.076316,9.713999999999999
1772222269815477421,2026-02-27 14:57:49.815,-14.9922,6.0328,-65.3447,0.693397,0.591448,-0.07082,9.715000000000003
1772222269816619565,2026-02-27 14:57:49.816,-15.1073,6.11965,-65.5183,0.699379,0.600913,-0.0721,9.716000000000008
1772222269817816548,2026-02-27 14:57:49.817,-15.2667,6.1498,-65.2213,0.70145,0.608156,-0.077234,9.716999999999999
1772222269819017974,2026-02-27 14:57:49.819,-15.4094,6.17208,-65.1623,0.703746,0.615101,-0.080154,9.719000000000008
1772222269820217001,2026-02-27 14:57:49.820,-15.5391,6.23957,-65.2648,0.706626,0.621074,-0.080128,9.719999999999999
1772222269821405136,2026-02-27 14:57:49.821,-15.5896,6.24341,-65.4425,0.714053,0.627592,-0.080565,9.721000000000004
1772222269822541586,2026-02-27 14:57:49.822,-15.7627,6.37643,-64.7789,0.720816,0.636833,-0.088567,9.722000000000008
1772222269823679855,2026-02-27 14:57:49.823,-15.763,6.43661,-64.7246,0.729072,0.64091,-0.090101,9.722999999999999
1772222269824896467,2026-02-27 14:57:49.824,-15.8618,6.5399,-64.7941,0.735141,0.644511,-0.088672,9.724000000000004
1772222269826098151,2026-02-27 14:57:49.826,-15.8938,6.62142,-65.241,0.741078,0.648801,-0.085378,9.725999999999999
1772222269827294220,2026-02-27 14:57:49.827,-15.9969,6.69714,-65.5852,0.749801,0.651392,-0.082333,9.727000000000004
1772222269828482495,2026-02-27 14:57:49.828,-15.9242,6.86771,-65.4159,0.761836,0.653269,-0.082391,9.728000000000009
1772222269829621627,2026-02-27 14:57:49.829,-15.9259,6.91835,-65.2876,0.767406,0.653186,-0.083028,9.729
1772222269830814506,2026-02-27 14:57:49.830,-15.8757,7.00785,-65.2977,0.775528,0.652161,-0.080905,9.730000000000004
1772222269832020454,2026-02-27 14:57:49.832,-15.806,7.05787,-65.9777,0.778997,0.650202,-0.073074,9.732
1772222269833222170,2026-02-27 14:57:49.833,-15.7745,7.15597,-65.4211,0.785696,0.648326,-0.076835,9.733000000000004
1772222269834407260,2026-02-27 14:57:49.834,-15.7521,7.29621,-65.0691,0.795832,0.645365,-0.077175,9.734000000000009
1772222269835546919,2026-02-27 14:57:49.835,-15.5967,7.43018,-64.0792,0.804955,0.636761,-0.081451,9.735
1772222269836680124,2026-02-27 14:57:49.836,-15.4716,7.54488,-63.8143,0.815361,0.63321,-0.080615,9.736000000000004
1772222269837860045,2026-02-27 14:57:49.837,-15.3634,7.57308,-63.615,0.819926,0.627516,-0.079517,9.737000000000009
1772222269839058407,2026-02-27 14:57:49.839,-15.2855,7.63536,-63.3124,0.824052,0.62171,-0.07876,9.739000000000004
1772222269840247869,2026-02-27 14:57:49.840,-15.1852,7.76018,-62.0461,0.833162,0.616903,-0.08804,9.740000000000009
1772222269841437167,2026-02-27 14:57:49.841,-15.0795,7.70729,-62.1113,0.834162,0.611812,-0.08401,9.741
1772222269842573592,2026-02-27 14:57:49.842,-14.9269,7.75993,-61.6802,0.836738,0.604899,-0.084101,9.742000000000004
1772222269843728094,2026-02-27 14:57:49.843,-14.622,7.78439,-61.7074,0.841408,0.593199,-0.075887,9.74300000000001
1772222269844907153,2026-02-27 14:57:49.844,-14.5057,7.72593,-61.2035,0.839261,0.585728,-0.075,9.744
1772222269846105671,2026-02-27 14:57:49.846,-14.3712,7.71951,-60.8216,0.838468,0.581066,-0.073962,9.74600000000001
1772222269847304880,2026-02-27 14:57:49.847,-14.293,7.71434,-60.4011,0.835652,0.575333,-0.072897,9.747
1772222269848499103,2026-02-27 14:57:49.848,-14.0517,7.65439,-60.483,0.826648,0.567045,-0.063352,9.748000000000005
1772222269849644844,2026-02-27 14:57:49.849,-14.0517,7.65439,-60.483,0.826648,0.567045,-0.063352,9.74900000000001
1772222269850842097,2026-02-27 14:57:49.850,-13.9111,7.51099,-59.1205,0.820568,0.559445,-0.06619,9.75
1772222269852041304,2026-02-27 14:57:49.852,-13.8482,7.50443,-58.4339,0.814265,0.559061,-0.068541,9.75200000000001
1772222269853240366,2026-02-27 14:57:49.853,-13.8104,7.43361,-57.9991,0.812284,0.556942,-0.069653,9.753
1772222269854430282,2026-02-27 14:57:49.854,-13.6606,7.37877,-57.6757,0.808274,0.55622,-0.069022,9.754000000000005
1772222269855568954,2026-02-27 14:57:49.855,-13.6683,7.30234,-57.2718,0.800643,0.553629,-0.068958,9.75500000000001
1772222269856722211,2026-02-27 14:57:49.856,-13.5108,7.27422,-55.5221,0.7949,0.549094,-0.077976,9.756
1772222269857928201,2026-02-27 14:57:49.857,-13.3546,7.22109,-55.5815,0.789509,0.54612,-0.074992,9.757000000000005
1772222269859127732,2026-02-27 14:57:49.859,-13.2945,7.17496,-55.4158,0.784707,0.542272,-0.07244,9.759
1772222269860326225,2026-02-27 14:57:49.860,-13.2273,7.18995,-55.4841,0.779638,0.540047,-0.068309,9.760000000000005
1772222269861524207,2026-02-27 14:57:49.861,-13.0037,7.10123,-54.9236,0.770671,0.532125,-0.069954,9.76100000000001
1772222269862658813,2026-02-27 14:57:49.862,-12.924,7.04379,-54.5633,0.768142,0.527447,-0.068961,9.762
1772222269863835474,2026-02-27 14:57:49.863,-12.8481,7.00699,-54.1642,0.760556,0.521434,-0.068019,9.763000000000005
1772222269865036854,2026-02-27 14:57:49.865,-12.6649,6.99155,-54.8738,0.759495,0.518872,-0.058682,9.765
1772222269866236156,2026-02-27 14:57:49.866,-12.632,6.8817,-54.1434,0.748519,0.510221,-0.06209,9.766000000000005
1772222269867422756,2026-02-27 14:57:49.867,-12.4111,6.87843,-53.7198,0.746898,0.502844,-0.061053,9.76700000000001
1772222269868548293,2026-02-27 14:57:49.868,-12.1358,6.75128,-52.2979,0.736273,0.486541,-0.066883,9.768
1772222269869692579,2026-02-27 14:57:49.869,-11.9957,6.74594,-51.8972,0.731589,0.478877,-0.065874,9.769000000000005
1772222269870870421,2026-02-27 14:57:49.870,-11.7942,6.64086,-51.5887,0.725981,0.469301,-0.066277,9.77000000000001
1772222269872074129,2026-02-27 14:57:49.872,-11.6869,6.65428,-51.2073,0.723001,0.462052,-0.065434,9.772000000000006
1772222269873262021,2026-02-27 14:57:49.873,-11.5421,6.64349,-49.8754,0.716598,0.452339,-0.073107,9.77300000000001
1772222269874441256,2026-02-27 14:57:49.874,-11.3505,6.57674,-49.5353,0.714472,0.443563,-0.071911,9.774000000000001
1772222269875607598,2026-02-27 14:57:49.875,-11.0137,6.44177,-49.1693,0.699965,0.424189,-0.065795,9.775000000000006
1772222269876786375,2026-02-27 14:57:49.876,-10.9005,6.37083,-49.0669,0.695686,0.416454,-0.062826,9.77600000000001
1772222269877985166,2026-02-27 14:57:49.877,-10.6691,6.34786,-48.6664,0.68906,0.407004,-0.061679,9.777000000000001
1772222269879184444,2026-02-27 14:57:49.879,-10.4462,6.2808,-48.2328,0.685389,0.396685,-0.062381,9.77900000000001
1772222269880381456,2026-02-27 14:57:49.880,-10.26,6.19974,-47.7218,0.678658,0.387647,-0.062683,9.780000000000001
1772222269881555338,2026-02-27 14:57:49.881,-9.90461,6.12111,-47.7748,0.666103,0.369191,-0.054615,9.781000000000006
1772222269882687942,2026-02-27 14:57:49.882,-9.72943,6.02775,-47.0232,0.657075,0.360436,-0.057614,9.78200000000001
1772222269883872931,2026-02-27 14:57:49.883,-9.54315,5.96392,-46.272,0.648584,0.349904,-0.060565,9.783000000000001
1772222269885070599,2026-02-27 14:57:49.885,-9.37186,5.8426,-45.5277,0.639657,0.339404,-0.062484,9.78500000000001
1772222269886269356,2026-02-27 14:57:49.886,-9.21596,5.74668,-44.9416,0.632817,0.3294,-0.065073,9.786000000000001
1772222269887447879,2026-02-27 14:57:49.887,-8.99258,5.6784,-44.4943,0.62329,0.319626,-0.065045,9.787000000000006
1772222269888600028,2026-02-27 14:57:49.888,-8.6847,5.55367,-43.6271,0.608366,0.301949,-0.067208,9.788000000000011
1772222269889736834,2026-02-27 14:57:49.889,-8.48638,5.50869,-42.1761,0.598947,0.293203,-0.077506,9.789000000000001
1772222269890933213,2026-02-27 14:57:49.890,-8.4032,5.43736,-42.2428,0.59102,0.286773,-0.073854,9.790000000000006
1772222269892134851,2026-02-27 14:57:49.892,-8.31034,5.43825,-41.9103,0.58472,0.282011,-0.075066,9.792000000000002
1772222269893332350,2026-02-27 14:57:49.893,-8.21194,5.35776,-42.1776,0.578677,0.276197,-0.071722,9.793000000000006
1772222269894532077,2026-02-27 14:57:49.894,-8.12656,5.37667,-42.0803,0.572442,0.274237,-0.071167,9.794000000000011
1772222269895671401,2026-02-27 14:57:49.895,-8.05505,5.21996,-41.6324,0.557618,0.270944,-0.074939,9.795000000000002
1772222269896795608,2026-02-27 14:57:49.896,-8.08856,5.20441,-41.4095,0.551982,0.271485,-0.075145,9.796000000000006
1772222269897988575,2026-02-27 14:57:49.897,-8.04969,5.1,-42.2511,0.54785,0.273578,-0.067903,9.797000000000011
1772222269899187358,2026-02-27 14:57:49.899,-8.12637,5.08822,-42.1344,0.545129,0.277245,-0.070477,9.799000000000007
1772222269900382806,2026-02-27 14:57:49.900,-8.2465,5.1007,-42.047,0.542493,0.282038,-0.071762,9.800000000000011
1772222269901627800,2026-02-27 14:57:49.901,-8.35807,5.10121,-41.6258,0.536995,0.289661,-0.077462,9.801000000000002
1772222269902781596,2026-02-27 14:57:49.902,-8.61021,5.05484,-41.3801,0.529374,0.305796,-0.084657,9.802000000000007
1772222269903977524,2026-02-27 14:57:49.903,-8.7595,5.04308,-41.5989,0.526506,0.316568,-0.085775,9.803000000000011
1772222269905167062,2026-02-27 14:57:49.905,-8.95512,5.0243,-41.6955,0.523542,0.327652,-0.087022,9.805000000000007
1772222269906336602,2026-02-27 14:57:49.906,-9.22253,5.00984,-41.4493,0.51967,0.339812,-0.094267,9.806000000000012
1772222269907525264,2026-02-27 14:57:49.907,-9.70879,4.98776,-41.6556,0.513419,0.36635,-0.098061,9.807000000000002
1772222269908654937,2026-02-27 14:57:49.908,-9.91528,4.98604,-42.1997,0.508846,0.382832,-0.096236,9.808000000000007
1772222269909799705,2026-02-27 14:57:49.909,-10.1612,4.92986,-42.9936,0.507993,0.396561,-0.093584,9.809000000000012
1772222269910971999,2026-02-27 14:57:49.910,-10.4522,5.01047,-43.3605,0.506842,0.412706,-0.094055,9.810000000000002
1772222269912143211,2026-02-27 14:57:49.912,-10.6928,4.9305,-43.5592,0.500792,0.426806,-0.095477,9.812000000000012
1772222269913313239,2026-02-27 14:57:49.913,-10.9021,4.93378,-43.846,0.499872,0.440297,-0.095521,9.813000000000002
1772222269914502616,2026-02-27 14:57:49.914,-11.1946,4.99669,-44.2297,0.500229,0.457726,-0.096425,9.814000000000007
1772222269915632957,2026-02-27 14:57:49.915,-11.6625,4.94688,-45.2775,0.492946,0.487692,-0.092879,9.815000000000012
1772222269916780127,2026-02-27 14:57:49.916,-11.9459,4.95849,-45.5587,0.492967,0.502281,-0.093938,9.816000000000003
1772222269917950134,2026-02-27 14:57:49.917,-12.2471,4.96142,-45.3719,0.491395,0.516772,-0.098183,9.817000000000007
1772222269919121190,2026-02-27 14:57:49.919,-12.5958,4.95808,-45.4788,0.488032,0.532648,-0.101343,9.819000000000003
1772222269920295592,2026-02-27 14:57:49.920,-12.8131,4.94659,-45.7155,0.485411,0.547557,-0.102915,9.820000000000007
1772222269921485674,2026-02-27 14:57:49.921,-13.0496,5.02844,-46.032,0.485998,0.563442,-0.10463,9.821000000000012
1772222269922614405,2026-02-27 14:57:49.922,-13.5788,5.00526,-45.4772,0.48385,0.592745,-0.118829,9.822000000000003
1772222269923761041,2026-02-27 14:57:49.923,-13.8192,5.04183,-45.9154,0.486042,0.607404,-0.120582,9.823000000000008
1772222269924957363,2026-02-27 14:57:49.924,-14.02,5.01891,-46.0971,0.483409,0.622932,-0.124285,9.824000000000012
1772222269926153821,2026-02-27 14:57:49.926,-14.3603,5.11237,-46.8499,0.481204,0.640117,-0.121981,9.826000000000008
1772222269927352474,2026-02-27 14:57:49.927,-14.5153,5.14981,-47.3632,0.484456,0.654716,-0.121237,9.827000000000012
1772222269928559994,2026-02-27 14:57:49.928,-14.7717,5.22559,-47.4351,0.48501,0.670703,-0.123025,9.828000000000003
1772222269929692876,2026-02-27 14:57:49.929,-15.2531,5.3242,-47.6397,0.491958,0.703935,-0.126151,9.829000000000008
1772222269930845837,2026-02-27 14:57:49.930,-15.5074,5.39703,-48.3152,0.496561,0.723521,-0.122477,9.830000000000013
1772222269932043046,2026-02-27 14:57:49.932,-15.8129,5.43238,-48.8246,0.496971,0.743131,-0.119645,9.832000000000008
1772222269933240199,2026-02-27 14:57:49.933,-16.1065,5.60676,-48.656,0.501483,0.762471,-0.123756,9.833000000000013
1772222269934436206,2026-02-27 14:57:49.934,-16.5143,5.69204,-48.4627,0.506218,0.785748,-0.128745,9.834000000000003
1772222269935565358,2026-02-27 14:57:49.935,-16.8142,5.83189,-48.2573,0.508548,0.808206,-0.132302,9.835000000000008
1772222269936697496,2026-02-27 14:57:49.936,-17.5263,6.06258,-48.3861,0.519697,0.854521,-0.134649,9.836000000000013
1772222269937867298,2026-02-27 14:57:49.937,-17.8569,6.23464,-48.563,0.526341,0.880065,-0.135561,9.837000000000003
1772222269939070376,2026-02-27 14:57:49.939,-18.2083,6.33694,-48.5899,0.533479,0.904268,-0.137668,9.838999999999999
1772222269940252464,2026-02-27 14:57:49.940,-18.6048,6.5429,-47.8857,0.543742,0.929731,-0.145651,9.840000000000003
1772222269941477468,2026-02-27 14:57:49.941,-18.9305,6.66539,-48.4205,0.549275,0.954862,-0.141681,9.841000000000008
1772222269942607695,2026-02-27 14:57:49.942,-19.3198,6.89277,-48.5637,0.553921,0.977712,-0.141871,9.841999999999999
1772222269943738256,2026-02-27 14:57:49.943,-20.0196,7.207,-49.4106,0.579716,1.02261,-0.136345,9.843000000000004
1772222269944868672,2026-02-27 14:57:49.944,-20.2638,7.40596,-49.5359,0.588249,1.04117,-0.135624,9.844000000000008
1772222269946067563,2026-02-27 14:57:49.946,-20.5588,7.6495,-49.6398,0.599946,1.06105,-0.135004,9.846000000000004
1772222269947264558,2026-02-27 14:57:49.947,-20.8561,7.83006,-49.7573,0.611859,1.0793,-0.135465,9.847000000000008
1772222269948475065,2026-02-27 14:57:49.948,-21.042,8.06654,-50.8082,0.625675,1.09825,-0.126619,9.847999999999999
1772222269949606203,2026-02-27 14:57:49.949,-21.2467,8.18398,-50.7258,0.637653,1.11051,-0.129529,9.849000000000004
1772222269950738435,2026-02-27 14:57:49.950,-21.6478,8.56682,-50.2607,0.660394,1.13233,-0.134664,9.850000000000009
1772222269951909133,2026-02-27 14:57:49.951,-21.7789,8.73068,-49.9828,0.668251,1.14,-0.136433,9.850999999999999
1772222269953105938,2026-02-27 14:57:49.953,-21.837,8.90659,-49.9747,0.682722,1.14547,-0.136932,9.853000000000009
1772222269954303040,2026-02-27 14:57:49.954,-21.9252,9.11998,-49.9846,0.690221,1.14913,-0.135173,9.854
1772222269955512598,2026-02-27 14:57:49.955,-21.9524,9.23421,-49.9464,0.701031,1.15054,-0.134228,9.855000000000004
1772222269956641957,2026-02-27 14:57:49.956,-21.9076,9.39012,-49.1759,0.70723,1.14845,-0.139563,9.856000000000009
1772222269957791224,2026-02-27 14:57:49.957,-21.7699,9.72523,-48.9148,0.725579,1.13842,-0.134721,9.857
1772222269958988509,2026-02-27 14:57:49.958,-21.5697,9.82308,-49.2104,0.735802,1.13016,-0.129054,9.858000000000004
1772222269960189792,2026-02-27 14:57:49.960,-21.3843,10.0004,-49.4308,0.743942,1.11911,-0.122654,9.86
1772222269961389754,2026-02-27 14:57:49.961,-21.2037,10.115,-49.2835,0.750764,1.10588,-0.11971,9.861000000000004
1772222269962558698,2026-02-27 14:57:49.962,-20.9692,10.1834,-49.1509,0.758971,1.09117,-0.117419,9.862000000000009
1772222269963691633,2026-02-27 14:57:49.963,-20.6783,10.2562,-48.9088,0.765322,1.07381,-0.113174,9.863
1772222269964852378,2026-02-27 14:57:49.964,-20.1511,10.4581,-49.493,0.776106,1.03785,-0.097331,9.864000000000004
1772222269966055740,2026-02-27 14:57:49.966,-19.8021,10.4813,-48.8725,0.780047,1.01788,-0.098075,9.866
1772222269967253824,2026-02-27 14:57:49.967,-19.5026,10.5353,-48.7395,0.789203,0.998627,-0.095741,9.867000000000004
1772222269968446639,2026-02-27 14:57:49.968,-19.1375,10.6013,-48.0817,0.791508,0.977117,-0.096035,9.86800000000001
1772222269969611964,2026-02-27 14:57:49.969,-18.9354,10.662,-47.7867,0.797023,0.957702,-0.094054,9.869
1772222269970786637,2026-02-27 14:57:49.970,-18.365,10.6726,-47.4813,0.79576,0.917496,-0.087222,9.870000000000005
1772222269971974561,2026-02-27 14:57:49.971,-18.0653,10.626,-47.3044,0.793208,0.89802,-0.086016,9.87100000000001
1772222269973152305,2026-02-27 14:57:49.973,-17.753,10.6152,-46.0974,0.797687,0.879314,-0.092423,9.873000000000005
1772222269974335639,2026-02-27 14:57:49.974,-17.5072,10.6339,-46.4075,0.797018,0.86131,-0.08841,9.87400000000001
1772222269975526759,2026-02-27 14:57:49.975,-17.2459,10.4747,-46.3069,0.792623,0.843725,-0.085003,9.875
1772222269976660832,2026-02-27 14:57:49.976,-17.0594,10.4602,-46.6558,0.786408,0.827032,-0.078568,9.876000000000005
1772222269977807177,2026-02-27 14:57:49.977,-16.5465,10.3121,-46.8199,0.780355,0.793905,-0.071829,9.87700000000001
1772222269978991089,2026-02-27 14:57:49.978,-16.3137,10.2132,-46.7724,0.773117,0.780165,-0.0698,9.878
1772222269980172243,2026-02-27 14:57:49.980,-16.1552,10.0919,-46.763,0.766263,0.766155,-0.06839,9.88000000000001
1772222269981372939,2026-02-27 14:57:49.981,-15.9231,9.93065,-47.4457,0.757426,0.752662,-0.060641,9.881
1772222269982585965,2026-02-27 14:57:49.982,-15.7029,9.82236,-47.7133,0.751987,0.740144,-0.057055,9.882000000000005
1772222269983715223,2026-02-27 14:57:49.983,-15.5723,9.66922,-47.0798,0.738497,0.722932,-0.058171,9.88300000000001
1772222269984871497,2026-02-27 14:57:49.984,-15.4276,9.52879,-46.7693,0.727057,0.714452,-0.05934,9.884
1772222269986070930,2026-02-27 14:57:49.986,-15.391,9.44766,-46.8139,0.721974,0.709984,-0.059042,9.88600000000001
1772222269987269416,2026-02-27 14:57:49.987,-15.4094,9.34767,-46.837,0.714701,0.706715,-0.055999,9.887
1772222269988484261,2026-02-27 14:57:49.988,-15.427,9.22692,-46.9089,0.709261,0.705663,-0.054698,9.888000000000005
1772222269989689637,2026-02-27 14:57:49.989,-15.4363,9.08159,-46.7628,0.700166,0.705543,-0.055734,9.88900000000001
1772222269990863414,2026-02-27 14:57:49.990,-15.5757,8.88785,-46.7634,0.68827,0.711187,-0.056522,9.89
1772222269992060687,2026-02-27 14:57:49.992,-15.6631,8.81562,-46.9579,0.685666,0.716414,-0.055043,9.89200000000001
1772222269993257069,2026-02-27 14:57:49.993,-15.7588,8.7004,-47.4698,0.675822,0.721695,-0.048997,9.893
1772222269994468156,2026-02-27 14:57:49.994,-15.8636,8.56959,-47.6894,0.669214,0.728415,-0.047019,9.894000000000005
1772222269995569467,2026-02-27 14:57:49.995,-16.0127,8.44569,-47.8214,0.662945,0.736406,-0.046044,9.89500000000001
1772222269996699912,2026-02-27 14:57:49.996,-16.1841,8.28546,-47.9612,0.654145,0.74361,-0.047258,9.896
1772222269997864416,2026-02-27 14:57:49.997,-16.4201,8.17108,-49.1877,0.6459,0.761485,-0.034632,9.897000000000006
1772222269999064824,2026-02-27 14:57:49.999,-16.5466,8.03091,-48.9259,0.640648,0.769774,-0.037716,9.899000000000001
1772222270000261144,2026-02-27 14:57:50.000,-16.69,8.00165,-48.9948,0.638304,0.778907,-0.036806,9.900000000000006
1772222270001469327,2026-02-27 14:57:50.001,-16.7528,7.84143,-48.5268,0.629146,0.786016,-0.040316,9.90100000000001
1772222270002559959,2026-02-27 14:57:50.002,-16.9594,7.78152,-48.1965,0.619772,0.794358,-0.041865,9.902000000000001
1772222270003690135,2026-02-27 14:57:50.003,-17.0362,7.70228,-48.1701,0.616839,0.799669,-0.039855,9.903000000000006
1772222270004849736,2026-02-27 14:57:50.004,-17.0802,7.62319,-48.0874,0.611025,0.80309,-0.037223,9.90400000000001
1772222270006028300,2026-02-27 14:57:50.006,-17.2299,7.3852,-47.1691,0.602692,0.815986,-0.047382,9.906000000000006
1772222270007161573,2026-02-27 14:57:50.007,-17.2171,7.28857,-46.8832,0.596914,0.818934,-0.047663,9.90700000000001
1772222270008358741,2026-02-27 14:57:50.008,-17.2442,7.18427,-46.8935,0.590952,0.821439,-0.046378,9.908000000000001
1772222270009564335,2026-02-27 14:57:50.009,-17.2229,7.10766,-47.1942,0.588707,0.821464,-0.040878,9.909000000000006
1772222270010695227,2026-02-27 14:57:50.010,-17.164,6.97643,-47.4243,0.577085,0.820231,-0.037277,9.91000000000001
1772222270011855722,2026-02-27 14:57:50.011,-17.0838,6.88476,-47.1719,0.575268,0.81645,-0.035293,9.911000000000001
1772222270013027485,2026-02-27 14:57:50.013,-16.908,6.74927,-46.7649,0.572093,0.814219,-0.038053,9.913000000000011
1772222270014303242,2026-02-27 14:57:50.014,-16.8497,6.70484,-46.8772,0.565002,0.810296,-0.036767,9.914000000000001
1772222270015506710,2026-02-27 14:57:50.015,-16.7439,6.63626,-47.3275,0.562877,0.8059,-0.030043,9.915000000000006
1772222270016635639,2026-02-27 14:57:50.016,-16.5973,6.59082,-46.7195,0.561259,0.799157,-0.032526,9.916000000000011
1772222270017793844,2026-02-27 14:57:50.017,-16.4007,6.60386,-46.3244,0.557784,0.790117,-0.033633,9.917000000000002
1772222270018978434,2026-02-27 14:57:50.018,-16.2213,6.46566,-45.4072,0.55499,0.77568,-0.039983,9.918000000000006
1772222270020170686,2026-02-27 14:57:50.020,-16.1069,6.51258,-45.2611,0.556117,0.766043,-0.040415,9.920000000000002
1772222270021366585,2026-02-27 14:57:50.021,-15.8607,6.51637,-45.0161,0.556171,0.75559,-0.040047,9.921000000000006
1772222270022565622,2026-02-27 14:57:50.022,-15.6206,6.47455,-44.9204,0.560124,0.744823,-0.041619,9.922000000000011
1772222270023696680,2026-02-27 14:57:50.023,-15.4459,6.49692,-43.7769,0.561457,0.734941,-0.051153,9.923000000000002
1772222270024858948,2026-02-27 14:57:50.024,-15.232,6.57498,-43.9178,0.563811,0.72253,-0.047871,9.924000000000007
1772222270026030699,2026-02-27 14:57:50.026,-14.7874,6.54565,-44.0479,0.56339,0.692033,-0.043066,9.926000000000002
1772222270027226310,2026-02-27 14:57:50.027,-14.464,6.61264,-44.2012,0.573944,0.677616,-0.040298,9.927000000000007
1772222270028404309,2026-02-27 14:57:50.028,-14.2055,6.70187,-43.9922,0.578151,0.661147,-0.040588,9.928000000000011
1772222270029574566,2026-02-27 14:57:50.029,-14.0196,6.68273,-43.8437,0.582473,0.645611,-0.041154,9.929000000000002
1772222270030705707,2026-02-27 14:57:50.030,-13.6976,6.73601,-43.6569,0.584568,0.628302,-0.041117,9.930000000000007
1772222270031868572,2026-02-27 14:57:50.031,-13.3725,6.77624,-44.2918,0.589263,0.610804,-0.033581,9.931000000000012
1772222270033041139,2026-02-27 14:57:50.033,-12.8627,6.88027,-43.9217,0.59874,0.575281,-0.033095,9.933000000000007
1772222270034239023,2026-02-27 14:57:50.034,-12.6145,6.94046,-43.3615,0.605111,0.558534,-0.03721,9.934000000000012
1772222270035437228,2026-02-27 14:57:50.035,-12.2659,7.02766,-42.9293,0.612751,0.540508,-0.04011,9.935000000000002
1772222270036571385,2026-02-27 14:57:50.036,-11.9959,7.09639,-42.7204,0.617149,0.52219,-0.040386,9.936000000000007
1772222270037700253,2026-02-27 14:57:50.037,-11.6549,7.22215,-42.5598,0.623323,0.504941,-0.039182,9.937000000000012
1772222270038861002,2026-02-27 14:57:50.038,-11.45,7.23064,-42.421,0.623933,0.485965,-0.038494,9.938000000000002
1772222270039986054,2026-02-27 14:57:50.039,-10.8632,7.46878,-41.1585,0.639249,0.449419,-0.046319,9.939000000000007
1772222270041166658,2026-02-27 14:57:50.041,-10.4913,7.5295,-41.4731,0.647848,0.431645,-0.043876,9.941000000000003
1772222270042362524,2026-02-27 14:57:50.042,-10.2547,7.63325,-41.655,0.656877,0.415854,-0.040212,9.942000000000007
1772222270043560832,2026-02-27 14:57:50.043,-9.90455,7.70937,-41.9057,0.660325,0.396484,-0.035448,9.943000000000012
1772222270044690530,2026-02-27 14:57:50.044,-9.64817,7.73584,-41.8727,0.665333,0.379165,-0.033702,9.944000000000003
1772222270045863565,2026-02-27 14:57:50.045,-9.36844,7.81351,-41.6723,0.672065,0.362454,-0.032463,9.945000000000007
1772222270047048260,2026-02-27 14:57:50.047,-8.79701,8.06346,-41.5379,0.688748,0.328659,-0.029588,9.947000000000003
1772222270048244893,2026-02-27 14:57:50.048,-8.53817,8.06068,-42.4198,0.691339,0.311478,-0.018805,9.948000000000008
1772222270049441267,2026-02-27 14:57:50.049,-8.26077,8.10588,-41.857,0.696309,0.29377,-0.020182,9.949000000000012
1772222270050581688,2026-02-27 14:57:50.050,-8.00423,8.17963,-41.7223,0.701342,0.277855,-0.018375,9.950000000000003
1772222270051711468,2026-02-27 14:57:50.051,-7.78415,8.23942,-41.24,0.707299,0.261913,-0.019975,9.951000000000008
1772222270052881732,2026-02-27 14:57:50.052,-7.54707,8.32293,-40.89,0.707565,0.246067,-0.02027,9.952000000000012
1772222270054066994,2026-02-27 14:57:50.054,-6.97896,8.47618,-40.7703,0.718673,0.211728,-0.015426,9.954000000000008
1772222270055257252,2026-02-27 14:57:50.055,-6.73177,8.52172,-40.6563,0.721872,0.196082,-0.013683,9.955000000000013
1772222270056395750,2026-02-27 14:57:50.056,-6.49135,8.51468,-39.6522,0.723664,0.181078,-0.020484,9.956000000000003
1772222270057559994,2026-02-27 14:57:50.057,-6.34715,8.66584,-39.5899,0.728723,0.168994,-0.017173,9.957000000000008
1772222270058687066,2026-02-27 14:57:50.058,-6.09778,8.65627,-39.5679,0.733511,0.155896,-0.016798,9.958000000000013
1772222270059882445,2026-02-27 14:57:50.059,-5.91629,8.77007,-40.0351,0.739218,0.144881,-0.010191,9.959000000000003
1772222270061065942,2026-02-27 14:57:50.061,-5.54884,8.84344,-40.3078,0.744914,0.120906,-0.005121,9.961000000000013
1772222270062258037,2026-02-27 14:57:50.062,-5.33948,8.9652,-40.1504,0.749931,0.113278,-0.003586,9.962000000000003
1772222270063474399,2026-02-27 14:57:50.063,-5.28776,8.9018,-40.2352,0.758583,0.102969,-0.002721,9.963000000000008
1772222270064603473,2026-02-27 14:57:50.064,-5.07139,9.04309,-40.5085,0.761667,0.092367,0.002218,9.963999999999999
1772222270065739556,2026-02-27 14:57:50.065,-4.80377,9.07395,-41.0771,0.769549,0.080541,0.005955,9.965000000000003
1772222270066869760,2026-02-27 14:57:50.066,-4.64787,9.04724,-40.7189,0.769625,0.069717,0.004291,9.966000000000008
1772222270068060022,2026-02-27 14:57:50.068,-4.2901,9.08046,-40.0047,0.777669,0.049178,-0.004424,9.968000000000004
1772222270069243144,2026-02-27 14:57:50.069,-4.13471,9.04856,-39.7421,0.780969,0.042107,-0.006774,9.969000000000008
1772222270070439034,2026-02-27 14:57:50.070,-3.95288,9.08834,-39.6732,0.785714,0.03322,-0.00744,9.969999999999999
1772222270071559173,2026-02-27 14:57:50.071,-3.77607,9.08126,-39.6769,0.792364,0.024827,-0.006214,9.971000000000004
1772222270072687310,2026-02-27 14:57:50.072,-2.91535,9.02842,-39.5611,0.795689,0.036446,0.013731,9.972000000000008
1772222270073888704,2026-02-27 14:57:50.073,-1.66707,9.01726,-38.1251,0.797337,0.067472,0.051821,9.972999999999999
1772222270075060678,2026-02-27 14:57:50.075,-0.47951,9.02463,-37.8626,0.794034,0.105051,0.110467,9.975000000000009
1772222270076240123,2026-02-27 14:57:50.076,0.743232,8.93792,-37.2368,0.788788,0.170655,0.186296,9.975999999999999
1772222270077435514,2026-02-27 14:57:50.077,0.945292,8.8948,-37.2246,0.802384,0.188316,0.195796,9.977000000000004
1772222270078575788,2026-02-27 14:57:50.078,0.838098,8.84442,-37.2402,0.80943,0.196679,0.192213,9.978000000000009
1772222270079705212,2026-02-27 14:57:50.079,0.897139,8.7014,-37.2821,0.823468,0.20292,0.19356,9.979
1772222270080875640,2026-02-27 14:57:50.080,0.997274,8.51053,-37.3751,0.829718,0.203065,0.196039,9.980000000000004
1772222270082053790,2026-02-27 14:57:50.082,1.00389,8.48204,-38.3492,0.830867,0.201353,0.20493,9.982
1772222270083229985,2026-02-27 14:57:50.083,1.16782,8.2659,-38.5365,0.840373,0.192072,0.196837,9.983000000000004
1772222270084429205,2026-02-27 14:57:50.084,1.13424,8.22912,-38.2762,0.845471,0.182462,0.181638,9.984000000000009
1772222270085570871,2026-02-27 14:57:50.085,1.17103,8.06408,-38.2313,0.854283,0.176281,0.168799,9.985
1772222270086697745,2026-02-27 14:57:50.086,1.10982,7.97544,-38.3914,0.855937,0.169444,0.158582,9.986000000000004
1772222270087893039,2026-02-27 14:57:50.087,0.939125,7.86378,-38.6207,0.86318,0.164744,0.143335,9.987000000000009
1772222270089076552,2026-02-27 14:57:50.089,0.700336,7.78214,-38.8293,0.866664,0.154929,0.124308,9.989000000000004
1772222270090271103,2026-02-27 14:57:50.090,0.227562,7.70915,-36.9387,0.841639,0.085693,0.060092,9.990000000000009
1772222270091392164,2026-02-27 14:57:50.091,0.26827,7.52866,-35.4892,0.812432,0.028717,0.040718,9.991
1772222270092566057,2026-02-27 14:57:50.092,1.64993,7.20006,-33.8561,0.768416,0.003269,0.050789,9.992000000000004
1772222270093696294,2026-02-27 14:57:50.093,2.91917,6.74067,-33.5912,0.757864,0.037371,0.080413,9.99300000000001
1772222270094869884,2026-02-27 14:57:50.094,3.22531,6.56267,-32.9921,0.760907,0.03701,0.092928,9.994
1772222270096049003,2026-02-27 14:57:50.096,3.37814,6.73086,-31.5945,0.716354,-0.002844,0.106823,9.99600000000001
1772222270097218736,2026-02-27 14:57:50.097,4.09655,6.74097,-26.6716,0.613844,-0.128192,0.148373,9.997
1772222270098416985,2026-02-27 14:57:50.098,4.83981,6.50316,-24.6524,0.536465,-0.203588,0.184963,9.998000000000005
1772222270099570550,2026-02-27 14:57:50.099,5.66667,6.58024,-20.2023,0.438047,-0.246794,0.188989,9.99900000000001
1772222270100699430,2026-02-27 14:57:50.100,6.65392,5.53616,-19.6565,0.436883,-0.271433,0.185723,10.0
1772222270101871433,2026-02-27 14:57:50.101,7.19218,5.23003,-17.8532,0.43386,-0.335297,0.190125,10.001000000000005
1772222270103053541,2026-02-27 14:57:50.103,7.64451,5.05066,-15.1508,0.372147,-0.347468,0.179468,10.003
1772222270104221786,2026-02-27 14:57:50.104,9.29279,3.818,-14.3008,0.393583,-0.365569,0.214711,10.004000000000005
1772222270105417243,2026-02-27 14:57:50.105,9.56391,4.02796,-13.4296,0.358451,-0.362298,0.201765,10.00500000000001
1772222270106554551,2026-02-27 14:57:50.106,9.72924,3.86154,-11.2524,0.329239,-0.339848,0.170221,10.006
1772222270107682569,2026-02-27 14:57:50.107,9.96244,3.2497,-11.3387,0.33111,-0.343717,0.174929,10.007000000000005
1772222270108881236,2026-02-27 14:57:50.108,10.113,2.84133,-10.964,0.307332,-0.352319,0.182146,10.00800000000001
1772222270110063636,2026-02-27 14:57:50.110,10.0423,2.49165,-10.8451,0.285845,-0.338154,0.175418,10.010000000000005
1772222270111234779,2026-02-27 14:57:50.111,9.46433,1.98122,-9.79032,0.234915,-0.330399,0.175081,10.01100000000001
1772222270112423999,2026-02-27 14:57:50.112,9.25986,1.67428,-9.34504,0.199542,-0.326163,0.169985,10.012
1772222270113553462,2026-02-27 14:57:50.113,9.09443,1.11215,-9.10459,0.185892,-0.329533,0.178854,10.013000000000005
1772222270114680677,2026-02-27 14:57:50.114,8.88676,0.500532,-9.83964,0.175858,-0.324387,0.193964,10.01400000000001
1772222270115855996,2026-02-27 14:57:50.115,8.71563,0.328494,-10.5354,0.193808,-0.336681,0.210377,10.015
1772222270117050435,2026-02-27 14:57:50.117,8.50583,0.226048,-9.80638,0.175435,-0.344887,0.202891,10.01700000000001
1772222270118231300,2026-02-27 14:57:50.118,8.47024,-0.165387,-9.33033,0.159828,-0.338356,0.20104,10.018
1772222270119420243,2026-02-27 14:57:50.119,8.39156,-0.269464,-9.17881,0.156576,-0.32906,0.193215,10.019000000000005
1772222270120557661,2026-02-27 14:57:50.120,7.9639,-0.422695,-9.20515,0.157928,-0.297087,0.171766,10.02000000000001
1772222270121682138,2026-02-27 14:57:50.121,6.65693,-1.62512,-11.1556,0.39588,-0.478752,0.206673,10.021
1772222270122878188,2026-02-27 14:57:50.122,7.23094,0.142928,-10.1935,0.260816,-0.45508,0.165786,10.022000000000006
1772222270124020896,2026-02-27 14:57:50.124,7.45607,0.638225,-8.46417,0.292442,-0.455325,0.165412,10.024000000000001
1772222270125281186,2026-02-27 14:57:50.125,9.18046,0.87707,-8.62794,0.247066,-0.37286,0.167412,10.025000000000006
1772222270126485857,2026-02-27 14:57:50.126,9.31185,0.812599,-9.06438,0.254586,-0.388069,0.181757,10.02600000000001
1772222270127611422,2026-02-27 14:57:50.127,9.49014,0.785681,-9.00028,0.238848,-0.374572,0.181358,10.027000000000001
1772222270128738530,2026-02-27 14:57:50.128,9.03548,0.371058,-9.35931,0.245259,-0.40315,0.197346,10.028000000000006
1772222270129909688,2026-02-27 14:57:50.129,8.63759,0.851371,-8.75464,0.255979,-0.415242,0.184691,10.02900000000001
1772222270131105352,2026-02-27 14:57:50.131,8.32655,0.352132,-9.6124,0.327149,-0.474237,0.192689,10.031000000000006
1772222270132272743,2026-02-27 14:57:50.132,9.10431,1.0433,-11.0258,0.318455,-0.446445,0.212179,10.03200000000001
1772222270133478236,2026-02-27 14:57:50.133,9.54202,1.02296,-11.3236,0.297855,-0.415045,0.221532,10.033000000000001
1772222270134607084,2026-02-27 14:57:50.134,9.27405,1.68989,-9.97832,0.31845,-0.424308,0.221439,10.034000000000006
1772222270135734895,2026-02-27 14:57:50.135,9.969,1.12219,-10.5621,0.320102,-0.40567,0.223157,10.03500000000001
1772222270136908034,2026-02-27 14:57:50.136,10.1441,0.679258,-12.5505,0.351494,-0.372962,0.228295,10.036000000000001
1772222270138108032,2026-02-27 14:57:50.138,9.21348,1.82285,-11.3111,0.296861,-0.339398,0.192178,10.038000000000011
1772222270139294600,2026-02-27 14:57:50.139,9.41259,0.86042,-9.91411,0.291278,-0.339514,0.222522,10.039000000000001
1772222270140507596,2026-02-27 14:57:50.140,9.42216,0.54119,-10.5243,0.314664,-0.339343,0.220571,10.040000000000006
1772222270141629481,2026-02-27 14:57:50.141,9.14046,1.10673,-9.30245,0.25821,-0.336492,0.204043,10.041000000000011
1772222270142811415,2026-02-27 14:57:50.142,9.24032,0.623067,-9.46202,0.245177,-0.359269,0.224633,10.042000000000002
1772222270143984080,2026-02-27 14:57:50.143,8.83089,-0.443197,-10.4761,0.313315,-0.438474,0.265423,10.043000000000006
1772222270145163407,2026-02-27 14:57:50.145,8.52295,0.43031,-9.05325,0.250762,-0.445942,0.229565,10.045000000000002
1772222270146345087,2026-02-27 14:57:50.146,10.0092,-0.109162,-9.42295,0.281831,-0.454018,0.239242,10.046000000000006
1772222270147538844,2026-02-27 14:57:50.147,10.3241,-0.185606,-9.29775,0.292843,-0.448697,0.240523,10.047000000000011
1772222270148665147,2026-02-27 14:57:50.148,10.3606,-0.390399,-9.55706,0.257037,-0.437482,0.244455,10.048000000000002
1772222270149838037,2026-02-27 14:57:50.149,10.0879,-0.562006,-8.36247,0.23577,-0.452417,0.243245,10.049000000000007
1772222270151039892,2026-02-27 14:57:50.151,10.0989,-0.440387,-6.98956,0.172386,-0.456256,0.232112,10.051000000000002
1772222270152220171,2026-02-27 14:57:50.152,9.87129,-1.1616,-6.19507,0.169281,-0.455798,0.221961,10.052000000000007
1772222270153401832,2026-02-27 14:57:50.153,9.65893,-1.84978,-6.50289,0.181186,-0.481023,0.202726,10.053000000000011
1772222270154548456,2026-02-27 14:57:50.154,9.39673,-2.17106,-6.87289,0.193325,-0.464398,0.194171,10.054000000000002
1772222270155674671,2026-02-27 14:57:50.155,8.92337,-2.20652,-7.3391,0.222702,-0.455474,0.181618,10.055000000000007
1772222270156820717,2026-02-27 14:57:50.156,8.4173,-2.34647,-6.78562,0.246609,-0.455872,0.165127,10.056000000000012
1772222270158015043,2026-02-27 14:57:50.158,8.09187,-1.96445,-6.72309,0.228045,-0.451221,0.162962,10.058000000000007
1772222270159152668,2026-02-27 14:57:50.159,8.19414,-2.00235,-6.65124,0.226377,-0.444503,0.161719,10.059000000000012
1772222270160336452,2026-02-27 14:57:50.160,8.66556,-2.08562,-7.07844,0.183448,-0.420102,0.158196,10.060000000000002
1772222270161513062,2026-02-27 14:57:50.161,8.5351,-2.2063,-7.06452,0.160156,-0.412744,0.15142,10.061000000000007
1772222270162638866,2026-02-27 14:57:50.162,8.27385,-2.23799,-7.16829,0.138173,-0.412566,0.146546,10.062000000000012
1772222270163789199,2026-02-27 14:57:50.163,8.07745,-2.15172,-6.87681,0.112854,-0.41665,0.146611,10.063000000000002
1772222270164962025,2026-02-27 14:57:50.164,7.9428,-2.13583,-7.29662,0.084228,-0.427235,0.158839,10.064000000000007
1772222270166147554,2026-02-27 14:57:50.166,8.0399,-2.15387,-6.92658,0.04417,-0.442027,0.168612,10.066000000000003
1772222270167329199,2026-02-27 14:57:50.167,8.45495,-2.29851,-4.92123,-0.014743,-0.477241,0.186422,10.067000000000007
1772222270168518058,2026-02-27 14:57:50.168,8.62606,-2.40672,-3.99771,-0.038001,-0.495385,0.193607,10.068000000000012
1772222270169668861,2026-02-27 14:57:50.169,8.88443,-2.48525,-3.23902,-0.058352,-0.511488,0.201552,10.069000000000003
1772222270170837714,2026-02-27 14:57:50.170,9.10077,-2.55021,-2.61413,-0.080677,-0.530642,0.210955,10.070000000000007
1772222270172013392,2026-02-27 14:57:50.172,9.36475,-2.583,-2.00684,-0.095185,-0.5459,0.217453,10.072000000000003
1772222270173192138,2026-02-27 14:57:50.173,9.57926,-2.69076,-1.22279,-0.112444,-0.559912,0.218406,10.073000000000008
1772222270174327081,2026-02-27 14:57:50.174,10.0993,-2.88646,-0.160644,-0.12824,-0.579624,0.221329,10.074000000000012
1772222270175538610,2026-02-27 14:57:50.175,10.3074,-3.04691,-0.100794,-0.129112,-0.586748,0.225088,10.075000000000003
1772222270176668205,2026-02-27 14:57:50.176,10.4319,-3.10882,-0.526688,-0.137925,-0.592814,0.227645,10.076000000000008
1772222270177842776,2026-02-27 14:57:50.177,10.6024,-3.20476,-0.32593,-0.13346,-0.595704,0.22881,10.077000000000012
1772222270179016152,2026-02-27 14:57:50.179,10.6279,-3.26668,-0.241797,-0.133841,-0.59791,0.228406,10.079000000000008
1772222270180200959,2026-02-27 14:57:50.180,10.6863,-3.42591,-0.223051,-0.13715,-0.603297,0.228521,10.080000000000013
1772222270181386044,2026-02-27 14:57:50.181,10.5757,-3.42873,-1.25787,-0.138168,-0.569519,0.218942,10.081000000000003
1772222270182548429,2026-02-27 14:57:50.182,10.3031,-3.40747,-0.821487,-0.142174,-0.56784,0.213474,10.082000000000008
1772222270183676408,2026-02-27 14:57:50.183,10.2158,-3.36771,-0.732378,-0.152155,-0.570895,0.217703,10.083000000000013
1772222270184829954,2026-02-27 14:57:50.184,10.27,-3.46855,-0.289975,-0.159898,-0.58127,0.218067,10.084000000000003
1772222270186004893,2026-02-27 14:57:50.186,10.3582,-3.54173,-0.091039,-0.166129,-0.589555,0.218507,10.086000000000013
1772222270187182738,2026-02-27 14:57:50.187,10.4778,-3.70511,-0.344225,-0.160901,-0.58255,0.217574,10.087000000000003
1772222270188365915,2026-02-27 14:57:50.188,10.288,-3.5237,-0.780873,-0.152191,-0.583758,0.215605,10.088000000000008
1772222270189540570,2026-02-27 14:57:50.189,10.2607,-3.56447,-0.10186,-0.13659,-0.571893,0.203093,10.088999999999999
1772222270190667461,2026-02-27 14:57:50.190,10.2061,-3.31032,-0.0091,-0.154628,-0.596293,0.212059,10.090000000000003
1772222270191822188,2026-02-27 14:57:50.191,10.3971,-3.1843,0.376903,-0.156211,-0.609756,0.221798,10.091000000000008
1772222270193000229,2026-02-27 14:57:50.193,10.8717,-3.26869,-0.03124,-0.147468,-0.603735,0.23032,10.093000000000004
1772222270194179514,2026-02-27 14:57:50.194,10.9015,-3.24206,-0.568846,-0.122254,-0.598609,0.226841,10.094000000000008
1772222270195351633,2026-02-27 14:57:50.195,10.3509,-2.62897,-1.21012,-0.080051,-0.539486,0.205351,10.094999999999999
1772222270196527015,2026-02-27 14:57:50.196,10.1036,-2.39495,-1.41483,-0.087373,-0.553196,0.207054,10.096000000000004
1772222270197655948,2026-02-27 14:57:50.197,9.91799,-2.22666,-1.81197,-0.092006,-0.578251,0.216495,10.097000000000008
1772222270198804743,2026-02-27 14:57:50.198,10.0664,-2.33391,-2.70103,-0.071547,-0.573247,0.21707,10.097999999999999
1772222270199980508,2026-02-27 14:57:50.199,9.67236,-2.1001,-2.67081,-0.075937,-0.599272,0.200649,10.099000000000004
1772222270201159295,2026-02-27 14:57:50.201,9.61303,-1.89756,-2.68692,-0.071218,-0.613637,0.183797,10.100999999999999
1772222270202330653,2026-02-27 14:57:50.202,9.52868,-1.6024,-2.52436,-0.059947,-0.637104,0.158198,10.102000000000004
1772222270203522840,2026-02-27 14:57:50.203,9.58313,-1.48247,-2.6505,-0.045405,-0.63809,0.15656,10.103000000000009
1772222270204648817,2026-02-27 14:57:50.204,9.61852,-1.25151,-2.6263,-0.042823,-0.639007,0.159311,10.104
1772222270205824800,2026-02-27 14:57:50.205,9.72679,-1.14289,-2.56019,-0.017391,-0.610221,0.157952,10.105000000000004
1772222270206997990,2026-02-27 14:57:50.206,9.59323,-0.897833,-1.64371,-0.005531,-0.602994,0.148983,10.106000000000009
1772222270208194790,2026-02-27 14:57:50.208,9.5178,-0.621252,-2.04641,0.00976,-0.600071,0.155212,10.108000000000004
1772222270209374851,2026-02-27 14:57:50.209,9.68185,-0.41554,-2.11573,0.026358,-0.589875,0.158165,10.109000000000009
1772222270210552645,2026-02-27 14:57:50.210,9.52919,0.041266,-3.16847,0.061267,-0.575635,0.162071,10.11
1772222270211681420,2026-02-27 14:57:50.211,9.42407,0.216744,-3.23426,0.064576,-0.58485,0.159194,10.111000000000004
1772222270212851277,2026-02-27 14:57:50.212,9.40974,0.41575,-3.37069,0.070483,-0.589953,0.155164,10.112000000000009
1772222270214047869,2026-02-27 14:57:50.214,9.46748,0.582944,-3.43783,0.060984,-0.602302,0.152181,10.114000000000004
1772222270215245272,2026-02-27 14:57:50.215,9.57325,0.680352,-4.32252,0.057609,-0.616123,0.159511,10.115000000000009
1772222270216413438,2026-02-27 14:57:50.216,9.6334,0.687072,-4.42395,0.068219,-0.611471,0.154024,10.116
1772222270217550408,2026-02-27 14:57:50.217,9.56646,0.786362,-4.66511,0.0769,-0.617761,0.150415,10.117000000000004
1772222270218701641,2026-02-27 14:57:50.218,9.45506,1.08765,-4.26376,0.074523,-0.62338,0.134879,10.11800000000001
1772222270219890698,2026-02-27 14:57:50.219,9.47401,1.17253,-4.25242,0.0748,-0.632029,0.13292,10.119
1772222270221087718,2026-02-27 14:57:50.221,9.50384,1.22567,-4.22247,0.067021,-0.645568,0.133843,10.12100000000001
1772222270222285937,2026-02-27 14:57:50.222,9.68233,1.24105,-4.2456,0.065373,-0.658689,0.134326,10.122
1772222270223473394,2026-02-27 14:57:50.223,9.84811,1.31903,-3.35886,0.066314,-0.678732,0.126325,10.123000000000005
1772222270224603373,2026-02-27 14:57:50.224,9.98945,1.31526,-3.77294,0.068006,-0.685706,0.127649,10.12400000000001
1772222270225778048,2026-02-27 14:57:50.225,10.0936,1.28381,-4.13599,0.065869,-0.692925,0.130212,10.125
1772222270226976333,2026-02-27 14:57:50.226,10.1704,1.33497,-4.62306,0.064241,-0.699811,0.132987,10.126000000000005
1772222270228172572,2026-02-27 14:57:50.228,10.3069,1.26461,-4.7575,0.066519,-0.705954,0.132081,10.128
1772222270229366005,2026-02-27 14:57:50.229,10.3621,1.25145,-4.75235,0.061647,-0.707966,0.131119,10.129000000000005
1772222270230549856,2026-02-27 14:57:50.230,10.5045,1.26198,-5.14491,0.068916,-0.724491,0.132295,10.13000000000001
1772222270231681911,2026-02-27 14:57:50.231,10.6594,1.05848,-6.748,0.083318,-0.721717,0.138947,10.131
1772222270232859922,2026-02-27 14:57:50.232,10.5911,0.991284,-6.96178,0.093232,-0.717369,0.131498,10.132000000000005
1772222270234060505,2026-02-27 14:57:50.234,10.5524,0.957251,-7.75868,0.1192,-0.711064,0.127027,10.134
1772222270235259905,2026-02-27 14:57:50.235,10.3523,0.979566,-8.23251,0.133092,-0.703199,0.118735,10.135000000000005
1772222270236559753,2026-02-27 14:57:50.236,9.87902,0.998054,-9.82418,0.160435,-0.683421,0.107095,10.13600000000001
1772222270237703584,2026-02-27 14:57:50.237,9.67485,1.02625,-10.5787,0.175857,-0.676092,0.104461,10.137
1772222270238893552,2026-02-27 14:57:50.238,9.49533,1.14093,-10.7962,0.175324,-0.681275,0.105854,10.138000000000005
1772222270240084485,2026-02-27 14:57:50.240,9.54731,1.14414,-9.98129,0.177571,-0.684515,0.09975,10.14
1772222270241282265,2026-02-27 14:57:50.241,9.53463,1.19068,-10.351,0.17743,-0.686785,0.10324,10.141000000000005
1772222270242476282,2026-02-27 14:57:50.242,9.54673,1.23747,-10.6016,0.179331,-0.688544,0.104255,10.14200000000001
1772222270243606638,2026-02-27 14:57:50.243,9.55028,1.41348,-12.0902,0.182942,-0.681661,0.104783,10.143
1772222270244755711,2026-02-27 14:57:50.244,9.42082,1.48405,-12.5375,0.18875,-0.677453,0.101504,10.144000000000005
1772222270245958337,2026-02-27 14:57:50.245,9.32122,1.66264,-13.1233,0.204391,-0.67854,0.098048,10.14500000000001
1772222270247157135,2026-02-27 14:57:50.247,9.30821,1.7491,-14.0445,0.215628,-0.674093,0.093065,10.147000000000006
1772222270248358997,2026-02-27 14:57:50.248,9.15055,1.94281,-15.0381,0.228232,-0.671706,0.095718,10.14800000000001
1772222270249578292,2026-02-27 14:57:50.249,8.99905,2.09013,-15.7503,0.233074,-0.674821,0.098417,10.149000000000001
1772222270250734182,2026-02-27 14:57:50.250,8.9176,2.42653,-15.5964,0.253648,-0.669316,0.088188,10.150000000000006
1772222270251910798,2026-02-27 14:57:50.251,8.85517,2.62416,-15.2562,0.255707,-0.667503,0.082768,10.15100000000001
1772222270253108410,2026-02-27 14:57:50.253,8.82968,2.75179,-15.2588,0.263128,-0.665794,0.077214,10.153000000000006
1772222270254306050,2026-02-27 14:57:50.254,8.8335,2.88791,-15.4924,0.275168,-0.658241,0.073239,10.15400000000001
1772222270255516004,2026-02-27 14:57:50.255,8.49326,2.99449,-17.2132,0.312315,-0.606735,0.055036,10.155000000000001
1772222270256647508,2026-02-27 14:57:50.256,7.95618,3.04657,-18.5149,0.359823,-0.575356,0.034461,10.156000000000006
1772222270257823234,2026-02-27 14:57:50.257,7.38955,3.30902,-20.7128,0.392841,-0.546714,0.025436,10.15700000000001
1772222270259007203,2026-02-27 14:57:50.259,6.69551,3.41846,-22.7976,0.425571,-0.521429,0.01736,10.159000000000006
1772222270260202147,2026-02-27 14:57:50.260,6.10331,3.53018,-25.0236,0.448969,-0.492174,0.015303,10.16000000000001
1772222270261400223,2026-02-27 14:57:50.261,5.37505,3.64688,-26.2208,0.460628,-0.470939,0.013554,10.161000000000001
1772222270262558818,2026-02-27 14:57:50.262,4.31254,3.67234,-27.3001,0.463734,-0.435869,0.014615,10.162000000000006
1772222270263698914,2026-02-27 14:57:50.263,3.9445,3.65083,-27.7,0.462376,-0.420853,0.015835,10.163000000000011
1772222270264914267,2026-02-27 14:57:50.264,3.75355,3.57363,-29.0541,0.463276,-0.401383,0.02364,10.164000000000001
1772222270266111843,2026-02-27 14:57:50.266,3.4422,3.58868,-29.1991,0.460722,-0.389988,0.020104,10.166000000000011
1772222270267309473,2026-02-27 14:57:50.267,3.12233,3.59564,-29.5858,0.46265,-0.369427,0.016606,10.167000000000002
1772222270268612975,2026-02-27 14:57:50.268,2.83747,3.82816,-28.6392,0.451347,-0.37159,0.013583,10.168000000000006
1772222270269807302,2026-02-27 14:57:50.269,2.84173,4.16855,-27.0401,0.438778,-0.361142,0.011665,10.169000000000011
1772222270271008779,2026-02-27 14:57:50.271,2.9782,4.32539,-25.6455,0.415764,-0.377334,0.018396,10.171000000000006
1772222270272208183,2026-02-27 14:57:50.272,3.49655,3.8241,-27.1276,0.463458,-0.332211,0.013702,10.172000000000011
1772222270273392023,2026-02-27 14:57:50.273,3.09381,3.95241,-28.1989,0.51074,-0.274853,-0.019348,10.173000000000002
1772222270274556341,2026-02-27 14:57:50.274,1.75526,4.38349,-30.2144,0.528241,-0.25758,-0.034944,10.174000000000007
1772222270275688522,2026-02-27 14:57:50.275,1.31069,4.39748,-31.2235,0.537014,-0.234671,-0.033476,10.175000000000011
1772222270276862301,2026-02-27 14:57:50.276,0.876466,4.35486,-31.897,0.538304,-0.212144,-0.030728,10.176000000000002
1772222270278059670,2026-02-27 14:57:50.278,0.57992,4.28042,-32.0622,0.539693,-0.190742,-0.030555,10.178000000000011
1772222270279257544,2026-02-27 14:57:50.279,0.175863,4.18796,-32.1517,0.535278,-0.170929,-0.030172,10.179000000000002
1772222270280473526,2026-02-27 14:57:50.280,-0.095677,4.12115,-32.4174,0.531862,-0.153193,-0.030537,10.180000000000007
1772222270281607779,2026-02-27 14:57:50.281,-0.627858,3.96854,-33.7343,0.513276,-0.128321,-0.024115,10.181000000000012
1772222270282762602,2026-02-27 14:57:50.282,-0.805904,3.90373,-33.5434,0.50817,-0.117038,-0.028918,10.182000000000002
1772222270283961737,2026-02-27 14:57:50.283,-0.957893,3.84362,-33.3757,0.496909,-0.107481,-0.030433,10.183000000000007
1772222270285162026,2026-02-27 14:57:50.285,-1.06677,3.77469,-32.7773,0.488682,-0.09936,-0.035285,10.185000000000002
1772222270286362831,2026-02-27 14:57:50.286,-1.17145,3.70507,-32.5241,0.480685,-0.091035,-0.037124,10.186000000000007
1772222270287550558,2026-02-27 14:57:50.287,-1.29334,3.73036,-32.461,0.474893,-0.083043,-0.037888,10.187000000000012
1772222270288683170,2026-02-27 14:57:50.288,-1.42086,3.62173,-32.1948,0.464641,-0.073016,-0.038733,10.188000000000002
1772222270289856996,2026-02-27 14:57:50.289,-1.49327,3.616,-31.0306,0.460949,-0.067956,-0.048886,10.189000000000007
1772222270291057636,2026-02-27 14:57:50.291,-1.59399,3.61632,-31.2051,0.45851,-0.061563,-0.047362,10.191000000000003
1772222270292257871,2026-02-27 14:57:50.292,-1.62491,3.57502,-30.9895,0.45502,-0.056347,-0.049322,10.192000000000007
1772222270293484202,2026-02-27 14:57:50.293,-1.6972,3.54636,-31.3616,0.452675,-0.051908,-0.045558,10.193000000000012
1772222270294690895,2026-02-27 14:57:50.294,-1.7524,3.52014,-31.4986,0.449144,-0.04567,-0.043435,10.194000000000003
1772222270295908515,2026-02-27 14:57:50.295,-1.87487,3.46015,-31.0889,0.440875,-0.03702,-0.044329,10.195000000000007
1772222270297094300,2026-02-27 14:57:50.297,-1.87265,3.43669,-30.8905,0.439777,-0.033806,-0.04345,10.197000000000003
1772222270298277629,2026-02-27 14:57:50.298,-1.92033,3.44536,-31.4379,0.439941,-0.029723,-0.037583,10.198000000000008
1772222270299487828,2026-02-27 14:57:50.299,-1.96471,3.40134,-31.4339,0.434683,-0.027208,-0.035378,10.199000000000012
1772222270300623004,2026-02-27 14:57:50.300,-1.99108,3.35958,-31.1397,0.433466,-0.023444,-0.036801,10.200000000000003
1772222270301778668,2026-02-27 14:57:50.301,-2.09877,3.37564,-30.1601,0.426878,-0.018174,-0.043883,10.201000000000008
1772222270302974718,2026-02-27 14:57:50.302,-2.08114,3.29439,-29.887,0.424791,-0.016301,-0.04514,10.202000000000012
1772222270304171917,2026-02-27 14:57:50.304,-2.10496,3.30732,-29.7893,0.421934,-0.015846,-0.044705,10.204000000000008
1772222270305368406,2026-02-27 14:57:50.305,-2.08996,3.22966,-29.7881,0.422403,-0.014367,-0.044768,10.205000000000013
1772222270306550542,2026-02-27 14:57:50.306,-2.1012,3.23613,-29.5306,0.419252,-0.015374,-0.047016,10.206000000000003
1772222270307668344,2026-02-27 14:57:50.307,-2.15886,3.29338,-28.8107,0.417524,-0.01204,-0.054544,10.207000000000008
1772222270308882277,2026-02-27 14:57:50.308,-2.09166,3.27446,-29.3877,0.417341,-0.01247,-0.050209,10.208000000000013
1772222270310080723,2026-02-27 14:57:50.310,-2.11651,3.19245,-29.8865,0.417567,-0.012548,-0.045597,10.210000000000008
1772222270311278924,2026-02-27 14:57:50.311,-2.1442,3.17415,-30.0949,0.418986,-0.011044,-0.044844,10.211000000000013
1772222270312490312,2026-02-27 14:57:50.312,-2.27176,3.18273,-30.3386,0.419148,-0.010652,-0.045331,10.212000000000003
1772222270313624131,2026-02-27 14:57:50.313,-2.21283,3.19763,-30.3845,0.419645,-0.010103,-0.044311,10.213000000000008
1772222270314778108,2026-02-27 14:57:50.314,-2.22785,3.19773,-31.7256,0.421557,-0.010433,-0.035385,10.213999999999999
1772222270315978282,2026-02-27 14:57:50.315,-2.3046,3.193,-31.6242,0.422441,-0.011269,-0.038675,10.215000000000003
1772222270317179685,2026-02-27 14:57:50.317,-2.3529,3.15453,-31.8028,0.420142,-0.010892,-0.039675,10.216999999999999
1772222270318377854,2026-02-27 14:57:50.318,-2.36016,3.25508,-31.4707,0.428076,-0.009801,-0.043341,10.218000000000004
1772222270319558009,2026-02-27 14:57:50.319,-2.44843,3.25433,-31.3705,0.428652,-0.008811,-0.046442,10.219000000000008
1772222270320690700,2026-02-27 14:57:50.320,-2.49798,3.28172,-31.5449,0.433308,-0.007366,-0.047701,10.219999999999999
1772222270321905836,2026-02-27 14:57:50.321,-2.73788,3.42575,-31.9318,0.443342,0.002628,-0.047638,10.221000000000004
1772222270323111252,2026-02-27 14:57:50.323,-2.86946,3.4412,-31.2885,0.448683,0.007582,-0.055705,10.222999999999999
1772222270324293220,2026-02-27 14:57:50.324,-3.02097,3.53713,-31.3379,0.454684,0.013853,-0.057484,10.224000000000004
1772222270325626133,2026-02-27 14:57:50.325,-3.13454,3.64171,-31.681,0.460746,0.022589,-0.057769,10.225000000000009
1772222270326799595,2026-02-27 14:57:50.326,-3.35914,3.66055,-32.8399,0.47007,0.03528,-0.051642,10.225999999999999
1772222270328003722,2026-02-27 14:57:50.328,-3.42683,3.74048,-32.9815,0.478318,0.042211,-0.051355,10.228000000000009
1772222270329202914,2026-02-27 14:57:50.329,-3.56932,3.74565,-33.1994,0.482703,0.050451,-0.052277,10.229
1772222270330405783,2026-02-27 14:57:50.330,-3.734,3.82704,-33.3963,0.491164,0.060967,-0.053081,10.230000000000004
1772222270331568654,2026-02-27 14:57:50.331,-3.84264,3.90948,-33.7365,0.49543,0.071797,-0.050671,10.231000000000009
1772222270332701431,2026-02-27 14:57:50.332,-4.14444,3.98205,-34.4907,0.506796,0.087895,-0.050451,10.232
1772222270333874694,2026-02-27 14:57:50.333,-4.23269,4.02045,-34.5659,0.513179,0.096291,-0.054257,10.233000000000004
1772222270335071459,2026-02-27 14:57:50.335,-4.3745,4.05673,-34.3634,0.514628,0.104216,-0.057337,10.235
1772222270336266749,2026-02-27 14:57:50.336,-4.57392,4.04615,-34.3087,0.515631,0.110983,-0.059842,10.236000000000004
1772222270337481020,2026-02-27 14:57:50.337,-4.69406,4.04122,-34.5423,0.516409,0.117037,-0.061688,10.237000000000009
1772222270338614999,2026-02-27 14:57:50.338,-4.73847,4.12684,-34.6715,0.525681,0.122434,-0.060079,10.238
1772222270339747330,2026-02-27 14:57:50.339,-5.07753,4.21057,-33.9993,0.532893,0.140271,-0.069623,10.239000000000004
1772222270340922676,2026-02-27 14:57:50.340,-5.23266,4.25835,-34.5454,0.538102,0.148696,-0.06705,10.240000000000009
1772222270342122824,2026-02-27 14:57:50.342,-5.43417,4.31295,-34.7317,0.543423,0.157795,-0.069809,10.242000000000004
1772222270343320687,2026-02-27 14:57:50.343,-5.54379,4.31769,-35.428,0.549012,0.166599,-0.06587,10.24300000000001
1772222270344509731,2026-02-27 14:57:50.344,-5.71154,4.3874,-35.8402,0.553431,0.17573,-0.065153,10.244
1772222270345644207,2026-02-27 14:57:50.345,-5.91323,4.45676,-36.2313,0.561423,0.186725,-0.067563,10.245000000000005
1772222270346799363,2026-02-27 14:57:50.346,-5.99471,4.51234,-36.2156,0.567221,0.192807,-0.066592,10.24600000000001
1772222270348097652,2026-02-27 14:57:50.348,-6.12464,4.54691,-37.2029,0.570614,0.202105,-0.058781,10.248000000000005
1772222270349298243,2026-02-27 14:57:50.349,-6.26666,4.56731,-37.4151,0.575445,0.210927,-0.060546,10.24900000000001
1772222270350504878,2026-02-27 14:57:50.350,-6.42226,4.61369,-37.5997,0.579478,0.218564,-0.063553,10.25
1772222270351635488,2026-02-27 14:57:50.351,-6.59493,4.63632,-37.2791,0.586025,0.224992,-0.068992,10.251000000000005
1772222270352790746,2026-02-27 14:57:50.352,-6.88661,4.68395,-37.2605,0.588675,0.239386,-0.075356,10.25200000000001
1772222270353988714,2026-02-27 14:57:50.353,-6.94978,4.72789,-37.3766,0.595074,0.246082,-0.075967,10.253
1772222270355188457,2026-02-27 14:57:50.355,-7.05454,4.82964,-37.5967,0.601467,0.252996,-0.07637,10.25500000000001
1772222270356388850,2026-02-27 14:57:50.356,-7.11843,4.84386,-37.2824,0.603868,0.255862,-0.080844,10.256
1772222270357544664,2026-02-27 14:57:50.357,-7.23832,4.88931,-36.8125,0.604834,0.25901,-0.087567,10.257000000000005
1772222270358680288,2026-02-27 14:57:50.358,-7.48093,4.96149,-37.4932,0.613961,0.274928,-0.082899,10.25800000000001
1772222270359877346,2026-02-27 14:57:50.359,-7.57284,4.9575,-38.1562,0.61723,0.282693,-0.077922,10.259
1772222270361077825,2026-02-27 14:57:50.361,-7.71275,5.01012,-38.3254,0.620999,0.291192,-0.08009,10.26100000000001
1772222270362279146,2026-02-27 14:57:50.362,-7.80104,5.0518,-38.4179,0.625735,0.297919,-0.081351,10.262
1772222270363491344,2026-02-27 14:57:50.363,-7.91489,5.0728,-38.5282,0.629976,0.306157,-0.083079,10.263000000000005
1772222270364622449,2026-02-27 14:57:50.364,-8.00162,5.16286,-38.7101,0.63502,0.313722,-0.083088,10.26400000000001
1772222270365785499,2026-02-27 14:57:50.365,-8.13905,5.13339,-39.5837,0.641943,0.323234,-0.080087,10.265
1772222270366985572,2026-02-27 14:57:50.366,-8.20325,5.16638,-39.7658,0.641742,0.326662,-0.080401,10.266000000000005
1772222270368182926,2026-02-27 14:57:50.368,-8.30409,5.16877,-39.3679,0.646295,0.329512,-0.085197,10.268
1772222270369380453,2026-02-27 14:57:50.369,-8.29667,5.17489,-39.2679,0.645446,0.332739,-0.087985,10.269000000000005
1772222270370563174,2026-02-27 14:57:50.370,-8.36519,5.178,-39.3108,0.645043,0.33537,-0.087802,10.27000000000001
1772222270371697286,2026-02-27 14:57:50.371,-8.39937,5.16349,-39.5147,0.649084,0.336851,-0.087627,10.271
1772222270372857823,2026-02-27 14:57:50.372,-8.52233,5.11302,-38.8664,0.649112,0.337755,-0.096852,10.272000000000006
1772222270374056005,2026-02-27 14:57:50.374,-8.5347,5.18476,-39.0773,0.650847,0.339861,-0.095635,10.274000000000001
1772222270375254842,2026-02-27 14:57:50.375,-8.58129,5.17828,-39.2589,0.653632,0.340709,-0.09588,10.275000000000006
1772222270376476082,2026-02-27 14:57:50.376,-8.65424,5.14051,-39.9825,0.652115,0.341516,-0.091389,10.27600000000001
1772222270377609485,2026-02-27 14:57:50.377,-8.67146,5.11909,-40.5908,0.657326,0.342503,-0.088428,10.277000000000001
1772222270378746646,2026-02-27 14:57:50.378,-8.64563,5.12012,-41.0338,0.657643,0.343711,-0.089125,10.278000000000006
1772222270379906675,2026-02-27 14:57:50.379,-8.72468,5.11775,-41.196,0.66073,0.343447,-0.089316,10.27900000000001
1772222270381102703,2026-02-27 14:57:50.381,-8.78968,5.12602,-41.8571,0.661173,0.34363,-0.084933,10.281000000000006
1772222270382300543,2026-02-27 14:57:50.382,-8.8061,5.07299,-42.678,0.661246,0.343778,-0.080921,10.28200000000001
1772222270383511704,2026-02-27 14:57:50.383,-8.85325,5.06839,-42.6451,0.662146,0.342736,-0.08298,10.283000000000001
1772222270384643072,2026-02-27 14:57:50.384,-8.84381,5.11132,-42.7599,0.667043,0.343376,-0.08699,10.284000000000006
1772222270385805091,2026-02-27 14:57:50.385,-8.89611,5.07919,-42.9404,0.671297,0.340916,-0.090583,10.28500000000001
1772222270387002237,2026-02-27 14:57:50.387,-8.84849,5.05808,-43.2451,0.67051,0.337144,-0.090749,10.287000000000006
1772222270388199320,2026-02-27 14:57:50.388,-8.86201,5.05427,-43.614,0.671689,0.33495,-0.090462,10.288000000000011
1772222270389384583,2026-02-27 14:57:50.389,-8.84742,4.98414,-43.8131,0.671841,0.332065,-0.091213,10.289000000000001
1772222270390558912,2026-02-27 14:57:50.390,-8.82677,5.02114,-43.2048,0.672338,0.329565,-0.10022,10.290000000000006
1772222270391694220,2026-02-27 14:57:50.391,-8.90093,5.00362,-44.0208,0.671605,0.328483,-0.097218,10.291000000000011
1772222270392882524,2026-02-27 14:57:50.392,-8.89643,4.96642,-45.1853,0.679158,0.322774,-0.090164,10.292000000000002
1772222270394073372,2026-02-27 14:57:50.394,-8.89051,4.98183,-45.6833,0.680473,0.322787,-0.088697,10.294000000000011
1772222270395251163,2026-02-27 14:57:50.395,-8.95059,5.01951,-45.9661,0.682873,0.32191,-0.089162,10.295000000000002
1772222270396468480,2026-02-27 14:57:50.396,-8.96117,4.97615,-46.4338,0.68541,0.322867,-0.089185,10.296000000000006
1772222270397580157,2026-02-27 14:57:50.397,-8.89572,4.97068,-46.8054,0.686379,0.324134,-0.088148,10.297000000000011
1772222270398772228,2026-02-27 14:57:50.398,-8.31592,5.01085,-48.1033,0.68709,0.343203,-0.064666,10.298000000000002
1772222270399955701,2026-02-27 14:57:50.399,-7.12497,4.84349,-47.8486,0.681932,0.415258,-0.016501,10.299000000000007
1772222270401153980,2026-02-27 14:57:50.401,-6.91336,4.70798,-47.7418,0.693425,0.444835,-0.011926,10.301000000000002
1772222270402350716,2026-02-27 14:57:50.402,-6.90398,4.57023,-47.7511,0.705864,0.46665,-0.009087,10.302000000000007
1772222270403566646,2026-02-27 14:57:50.403,-6.95493,4.50277,-48.0428,0.716431,0.487377,-0.010199,10.303000000000011
1772222270404697807,2026-02-27 14:57:50.404,-7.05775,4.38715,-48.7572,0.737879,0.506421,-0.011715,10.304000000000002
1772222270405860133,2026-02-27 14:57:50.405,-7.14259,4.3141,-49.2957,0.749591,0.522779,-0.012643,10.305000000000007
1772222270407047225,2026-02-27 14:57:50.407,-7.11837,4.1981,-49.4425,0.774464,0.555108,-0.025366,10.307000000000002
1772222270408247521,2026-02-27 14:57:50.408,-7.12194,4.0576,-50.1897,0.780235,0.563096,-0.025851,10.308000000000007
1772222270409444901,2026-02-27 14:57:50.409,-6.93339,3.93784,-50.8843,0.785122,0.570894,-0.024499,10.309000000000012
1772222270410598460,2026-02-27 14:57:50.410,-7.03144,3.80865,-51.7994,0.786887,0.575501,-0.024836,10.310000000000002
1772222270411732652,2026-02-27 14:57:50.411,-6.95548,3.7707,-52.1919,0.800034,0.571682,-0.029483,10.311000000000007
1772222270412893592,2026-02-27 14:57:50.412,-6.75881,3.72748,-52.572,0.813669,0.556783,-0.039145,10.312000000000012
1772222270414088573,2026-02-27 14:57:50.414,-6.59339,3.75764,-52.4586,0.813063,0.538936,-0.037839,10.314000000000007
1772222270415289532,2026-02-27 14:57:50.415,-6.40206,4.07359,-51.4644,0.796026,0.476813,-0.023626,10.315000000000012
1772222270416477755,2026-02-27 14:57:50.416,-5.33628,3.59021,-51.5083,0.811597,0.462108,-0.013083,10.316000000000003
1772222270417577634,2026-02-27 14:57:50.417,-4.85996,3.86933,-50.4039,0.804941,0.430151,-0.019944,10.317000000000007
1772222270418721361,2026-02-27 14:57:50.418,-4.53598,4.27391,-47.835,0.795348,0.354118,-0.003031,10.318000000000012
1772222270419907724,2026-02-27 14:57:50.419,-3.34576,4.85863,-43.3399,0.709329,0.206859,0.04007,10.319000000000003
1772222270421085169,2026-02-27 14:57:50.421,1.79264,5.91791,-27.2691,0.41262,-0.162988,0.168281,10.321000000000012
1772222270422280877,2026-02-27 14:57:50.422,4.72606,5.0,-25.1749,0.428053,-0.22333,0.183437,10.322000000000003
1772222270423489101,2026-02-27 14:57:50.423,6.59131,5.34693,-19.8366,0.349311,-0.262464,0.151976,10.323000000000008
1772222270424623475,2026-02-27 14:57:50.424,7.84649,5.64701,-17.7448,0.333125,-0.306438,0.138799,10.324000000000012
1772222270425803286,2026-02-27 14:57:50.425,9.05281,5.47365,-16.0873,0.332995,-0.346613,0.127567,10.325000000000003
1772222270426979839,2026-02-27 14:57:50.426,10.6914,5.41106,-14.4954,0.357861,-0.360683,0.133119,10.326000000000008
1772222270428177698,2026-02-27 14:57:50.428,11.2851,5.08767,-14.004,0.404511,-0.390665,0.177445,10.328000000000003
1772222270429375009,2026-02-27 14:57:50.429,11.4736,5.55381,-12.1877,0.363857,-0.381728,0.178677,10.329000000000008
1772222270430569128,2026-02-27 14:57:50.430,11.9951,5.12185,-11.9209,0.400145,-0.414127,0.203243,10.330000000000013
1772222270431702995,2026-02-27 14:57:50.431,12.122,4.89182,-12.288,0.375406,-0.429815,0.21452,10.331000000000003
1772222270432867216,2026-02-27 14:57:50.432,12.3522,4.17323,-13.3978,0.395175,-0.424221,0.224394,10.332000000000008
1772222270434053778,2026-02-27 14:57:50.434,11.737,3.5241,-14.7991,0.37263,-0.423804,0.226983,10.334000000000003
1772222270435257791,2026-02-27 14:57:50.435,11.6054,2.64232,-15.0867,0.375045,-0.426798,0.227154,10.335000000000008
1772222270436473790,2026-02-27 14:57:50.436,11.5241,2.1342,-14.919,0.334026,-0.404009,0.218339,10.336000000000013
1772222270437579345,2026-02-27 14:57:50.437,11.3052,1.61706,-14.7647,0.30585,-0.396521,0.217777,10.337000000000003
1772222270438726025,2026-02-27 14:57:50.438,11.1795,1.08257,-14.351,0.282204,-0.391434,0.221699,10.338000000000008
1772222270439884022,2026-02-27 14:57:50.439,11.0259,0.806102,-13.6964,0.260067,-0.382159,0.223102,10.338999999999999
1772222270441069791,2026-02-27 14:57:50.441,10.8884,0.274901,-13.8257,0.260463,-0.373761,0.220993,10.341000000000008
1772222270442274215,2026-02-27 14:57:50.442,10.4013,0.176303,-14.2988,0.274108,-0.38049,0.227109,10.341999999999999
1772222270443481723,2026-02-27 14:57:50.443,8.69466,0.459792,-14.3549,0.331736,-0.548164,0.225727,10.343000000000004
1772222270444574870,2026-02-27 14:57:50.444,8.02281,0.95189,-13.6706,0.348784,-0.668614,0.209692,10.344000000000008
1772222270445705661,2026-02-27 14:57:50.445,9.0425,1.67283,-13.057,0.357042,-0.674217,0.206255,10.344999999999999
1772222270446884023,2026-02-27 14:57:50.446,9.70784,2.174,-11.8477,0.361956,-0.694861,0.203597,10.346000000000004
1772222270448067487,2026-02-27 14:57:50.448,12.0321,2.4358,-13.8212,0.391849,-0.591176,0.202111,10.347999999999999
1772222270449264055,2026-02-27 14:57:50.449,10.6355,2.69911,-13.7546,0.426188,-0.633072,0.172396,10.349000000000004
1772222270450477647,2026-02-27 14:57:50.450,10.9994,3.11912,-14.118,0.423542,-0.623593,0.166681,10.350000000000009
1772222270451609416,2026-02-27 14:57:50.451,11.1396,3.42945,-13.6851,0.449431,-0.609171,0.164986,10.350999999999999
1772222270452773003,2026-02-27 14:57:50.452,10.769,3.7651,-13.0748,0.443733,-0.62217,0.166433,10.352000000000004
1772222270453958618,2026-02-27 14:57:50.453,11.1603,3.97104,-12.8594,0.443222,-0.598366,0.19491,10.353000000000009
1772222270455141143,2026-02-27 14:57:50.455,10.6472,3.94375,-12.9428,0.461208,-0.620708,0.200338,10.355000000000004
1772222270456321875,2026-02-27 14:57:50.456,10.7679,3.97041,-12.5943,0.476736,-0.599005,0.195564,10.356000000000009
1772222270457553870,2026-02-27 14:57:50.457,10.3257,4.02927,-12.9074,0.492466,-0.58709,0.190273,10.357
1772222270458681418,2026-02-27 14:57:50.458,9.83233,4.15593,-12.9667,0.496353,-0.568636,0.182921,10.358000000000004
1772222270459877505,2026-02-27 14:57:50.459,9.31833,4.10925,-13.2238,0.502614,-0.59027,0.179871,10.359000000000009
1772222270461164291,2026-02-27 14:57:50.461,9.42965,4.24695,-12.2772,0.497204,-0.574135,0.175778,10.361000000000004
1772222270462360959,2026-02-27 14:57:50.462,9.36142,4.37486,-11.1324,0.45362,-0.580594,0.178692,10.362000000000009
1772222270463665245,2026-02-27 14:57:50.463,9.88551,4.38507,-10.2881,0.44052,-0.58277,0.187593,10.363
1772222270464882182,2026-02-27 14:57:50.464,9.87187,4.35825,-9.12364,0.416039,-0.583891,0.195208,10.364000000000004
1772222270466054434,2026-02-27 14:57:50.466,9.97036,4.22628,-8.03788,0.397165,-0.5921,0.199677,10.366
1772222270467231575,2026-02-27 14:57:50.467,10.3515,3.8224,-7.88,0.437774,-0.569817,0.21095,10.367000000000004
1772222270468428693,2026-02-27 14:57:50.468,10.1394,3.98924,-7.31204,0.449934,-0.533885,0.20927,10.36800000000001
1772222270469559764,2026-02-27 14:57:50.469,9.96086,4.10748,-6.94655,0.466211,-0.521782,0.207021,10.369
1772222270470689832,2026-02-27 14:57:50.470,9.82516,4.1518,-6.64789,0.444477,-0.501342,0.20076,10.370000000000005
1772222270471905302,2026-02-27 14:57:50.471,9.67664,4.33853,-6.00806,0.432352,-0.473231,0.186528,10.37100000000001
1772222270473088761,2026-02-27 14:57:50.473,9.001,3.70422,-5.73383,0.414417,-0.457001,0.163672,10.373000000000005
1772222270474284519,2026-02-27 14:57:50.474,8.89953,3.40064,-5.80882,0.466855,-0.466486,0.171384,10.37400000000001
1772222270475497619,2026-02-27 14:57:50.475,8.90205,3.28777,-5.58584,0.398211,-0.471855,0.173931,10.375
1772222270476629240,2026-02-27 14:57:50.476,8.91021,2.87399,-5.94008,0.402937,-0.473425,0.184948,10.376000000000005
1772222270477784816,2026-02-27 14:57:50.477,9.11091,2.9395,-5.82707,0.361043,-0.454793,0.178863,10.37700000000001
1772222270478980883,2026-02-27 14:57:50.478,8.64168,2.68228,-5.5439,0.330571,-0.447336,0.166862,10.378
1772222270480161821,2026-02-27 14:57:50.480,8.4897,2.21486,-6.30516,0.306673,-0.499784,0.139431,10.38000000000001
1772222270481364401,2026-02-27 14:57:50.481,8.43061,1.79431,-7.17598,0.317591,-0.512882,0.151354,10.381
1772222270482571876,2026-02-27 14:57:50.482,8.63358,1.52188,-7.39294,0.31536,-0.498961,0.154345,10.382000000000005
1772222270483704116,2026-02-27 14:57:50.483,8.46179,1.23029,-7.59109,0.323114,-0.502794,0.153327,10.38300000000001
1772222270484893064,2026-02-27 14:57:50.484,8.33671,1.22358,-7.28224,0.318886,-0.496648,0.142918,10.384
1772222270486072507,2026-02-27 14:57:50.486,8.42275,1.10349,-7.11087,0.30887,-0.496249,0.138197,10.38600000000001
1772222270487246132,2026-02-27 14:57:50.487,8.4231,0.950686,-7.03296,0.307461,-0.493969,0.141937,10.387
1772222270488443817,2026-02-27 14:57:50.488,8.59187,0.774878,-6.98355,0.300627,-0.486839,0.147289,10.388000000000005
1772222270489583258,2026-02-27 14:57:50.489,8.62247,0.6075,-6.8042,0.292072,-0.487687,0.147539,10.38900000000001
1772222270490710794,2026-02-27 14:57:50.490,8.60225,0.548979,-6.1666,0.279146,-0.487934,0.142691,10.39
1772222270491884807,2026-02-27 14:57:50.491,8.58802,0.42065,-6.72783,0.266699,-0.494703,0.146645,10.391000000000005
1772222270493056064,2026-02-27 14:57:50.493,8.69664,0.269114,-7.03645,0.250761,-0.501763,0.149519,10.393
1772222270494240560,2026-02-27 14:57:50.494,8.8297,0.001038,-7.7179,0.227373,-0.51621,0.159113,10.394000000000005
1772222270495441129,2026-02-27 14:57:50.495,8.83756,-0.124127,-7.78096,0.219291,-0.523904,0.161941,10.39500000000001
1772222270496573862,2026-02-27 14:57:50.496,8.90504,-0.204813,-7.76499,0.211621,-0.529294,0.165419,10.396
1772222270497701960,2026-02-27 14:57:50.497,8.96713,-0.314833,-7.91998,0.202117,-0.535195,0.166835,10.397000000000006
1772222270498873609,2026-02-27 14:57:50.498,9.00944,-0.376418,-8.99886,0.200136,-0.539611,0.176033,10.39800000000001
1772222270500061634,2026-02-27 14:57:50.500,8.99999,-0.428425,-8.8191,0.182604,-0.547024,0.172221,10.400000000000006
1772222270501241874,2026-02-27 14:57:50.501,9.16006,-0.594851,-8.29674,0.16837,-0.566353,0.172531,10.40100000000001
1772222270502440483,2026-02-27 14:57:50.502,9.21543,-0.731079,-8.11845,0.157432,-0.575324,0.172642,10.402000000000001
