abs_timestamp_ns,human_time,fx,fy,fz,tx,ty,tz,mocap_ref_time
1772222270792349617,2026-02-27 14:57:50.792,1.5499,1.19087,-0.404612,0.038989,-0.129384,0.0055,10.692000000000007
1772222270793602562,2026-02-27 14:57:50.793,1.57412,1.23816,-0.883458,0.040531,-0.124083,0.010541,10.693000000000012
1772222270794733701,2026-02-27 14:57:50.794,1.60402,1.25136,-1.12026,0.038483,-0.100581,0.010006,10.694000000000003
1772222270795888295,2026-02-27 14:57:50.795,1.23815,1.34942,-1.19818,0.054,-0.131594,0.011442,10.695000000000007
1772222270797080993,2026-02-27 14:57:50.797,1.52898,1.35851,-1.02235,0.050384,-0.119601,0.010482,10.697000000000003
1772222270798280371,2026-02-27 14:57:50.798,1.46075,1.37721,-1.76413,0.054709,-0.12408,0.017969,10.698000000000008
1772222270799486119,2026-02-27 14:57:50.799,1.62138,1.43184,-1.85226,0.06211,-0.12286,0.019918,10.699000000000012
1772222270800572823,2026-02-27 14:57:50.800,1.56114,1.44583,-1.76318,0.069298,-0.119932,0.019048,10.700000000000003
1772222270801697028,2026-02-27 14:57:50.801,1.60323,1.5163,-1.28001,0.074544,-0.118809,0.014082,10.701000000000008
1772222270802846316,2026-02-27 14:57:50.802,1.49453,1.59224,-1.04988,0.077281,-0.117051,0.009858,10.702000000000012
1772222270804026373,2026-02-27 14:57:50.804,1.46949,1.69834,-1.04608,0.091028,-0.11172,0.006937,10.704000000000008
1772222270805220950,2026-02-27 14:57:50.805,1.52588,1.77806,-1.1397,0.100434,-0.108994,0.006412,10.705000000000013
1772222270806417410,2026-02-27 14:57:50.806,1.43596,1.82237,-0.925873,0.108838,-0.104513,0.002015,10.706000000000003
1772222270807559294,2026-02-27 14:57:50.807,1.39591,1.90384,-0.252339,0.111498,-0.101578,-0.004369,10.707000000000008
1772222270808686577,2026-02-27 14:57:50.808,1.28233,1.91819,-0.776067,0.1149,-0.098259,-0.002214,10.708000000000013
1772222270809838653,2026-02-27 14:57:50.809,1.31337,1.98149,-1.07115,0.123109,-0.095887,-8.7e-05,10.709000000000003
1772222270811018698,2026-02-27 14:57:50.811,1.2329,2.07236,-1.77461,0.134218,-0.089425,0.002106,10.711000000000013
1772222270812212418,2026-02-27 14:57:50.812,1.14993,2.1173,-1.97189,0.141214,-0.086429,0.001317,10.712000000000003
1772222270813408177,2026-02-27 14:57:50.813,1.10408,2.15527,-2.08337,0.145325,-0.082684,-0.000163,10.713000000000008
1772222270814568722,2026-02-27 14:57:50.814,1.01893,2.2356,-2.2256,0.152231,-0.080194,-4.1e-05,10.713999999999999
1772222270815696678,2026-02-27 14:57:50.815,1.04666,2.30448,-3.39812,0.155707,-0.077144,0.008332,10.715000000000003
1772222270816855961,2026-02-27 14:57:50.816,0.946743,2.37514,-3.28732,0.161978,-0.074968,0.003889,10.716000000000008
1772222270818025531,2026-02-27 14:57:50.818,0.876485,2.44108,-3.02071,0.168646,-0.070938,-0.00243,10.718000000000004
1772222270819226714,2026-02-27 14:57:50.819,0.854805,2.46488,-2.90563,0.172732,-0.067806,-0.004225,10.719000000000008
1772222270820422218,2026-02-27 14:57:50.820,0.792395,2.49921,-3.04118,0.176448,-0.066042,-0.005262,10.719999999999999
1772222270821559269,2026-02-27 14:57:50.821,0.753696,2.47268,-3.2222,0.181375,-0.065921,-0.005466,10.721000000000004
1772222270822684747,2026-02-27 14:57:50.822,0.758904,2.53385,-3.35573,0.18765,-0.064102,-0.006473,10.722000000000008
1772222270823862280,2026-02-27 14:57:50.823,0.726309,2.54617,-2.55456,0.185651,-0.062946,-0.013968,10.722999999999999
1772222270825033288,2026-02-27 14:57:50.825,0.633278,2.53093,-2.87661,0.191544,-0.059925,-0.01445,10.725000000000009
1772222270826224570,2026-02-27 14:57:50.826,0.56707,2.64985,-3.55517,0.195367,-0.055426,-0.010223,10.725999999999999
1772222270827420037,2026-02-27 14:57:50.827,0.569602,2.56777,-4.12982,0.197582,-0.054982,-0.006274,10.727000000000004
1772222270828561528,2026-02-27 14:57:50.828,0.523664,2.52717,-4.26931,0.199819,-0.053992,-0.006742,10.728000000000009
1772222270829689060,2026-02-27 14:57:50.829,0.524456,2.55834,-4.40805,0.20165,-0.052638,-0.007211,10.729
1772222270830865776,2026-02-27 14:57:50.830,0.500079,2.50475,-4.50974,0.200909,-0.051553,-0.007315,10.730000000000004
1772222270832049209,2026-02-27 14:57:50.832,0.384088,2.47511,-5.70584,0.202511,-0.048522,0.001035,10.732
1772222270833238382,2026-02-27 14:57:50.833,0.285274,2.49327,-5.38668,0.200639,-0.045464,-0.001371,10.733000000000004
1772222270834441726,2026-02-27 14:57:50.834,0.260082,2.42007,-5.33052,0.200475,-0.04291,-0.003757,10.734000000000009
1772222270835566334,2026-02-27 14:57:50.835,0.182025,2.44183,-5.1029,0.203535,-0.039167,-0.007411,10.735
1772222270836693829,2026-02-27 14:57:50.836,0.155633,2.43614,-5.11048,0.204469,-0.036517,-0.009346,10.736000000000004
1772222270837868521,2026-02-27 14:57:50.837,0.153847,2.41746,-5.21477,0.201407,-0.034321,-0.009082,10.737000000000009
1772222270839047636,2026-02-27 14:57:50.839,0.003823,2.38326,-5.49704,0.201258,-0.029983,-0.00988,10.739000000000004
1772222270840228048,2026-02-27 14:57:50.840,-0.095353,2.34492,-4.69448,0.20504,-0.024947,-0.020505,10.740000000000009
1772222270841423759,2026-02-27 14:57:50.841,-0.104498,2.31375,-5.22366,0.202432,-0.021134,-0.017502,10.741
1772222270842560955,2026-02-27 14:57:50.842,-0.19134,2.31099,-5.40292,0.204875,-0.018251,-0.018186,10.742000000000004
1772222270843686016,2026-02-27 14:57:50.843,-0.228025,2.28061,-6.00632,0.201217,-0.014771,-0.013303,10.74300000000001
1772222270844861303,2026-02-27 14:57:50.844,-0.225609,2.3453,-6.2362,0.202596,-0.013732,-0.012314,10.744
1772222270846045257,2026-02-27 14:57:50.846,-0.364351,2.31784,-6.57094,0.205774,-0.00725,-0.014174,10.74600000000001
1772222270847239122,2026-02-27 14:57:50.847,-0.398942,2.28488,-6.75383,0.204831,-0.004697,-0.014331,10.747
1772222270848431693,2026-02-27 14:57:50.848,-0.467677,2.27791,-7.74272,0.203451,-0.002684,-0.00657,10.748000000000005
1772222270849559074,2026-02-27 14:57:50.849,-0.532324,2.24373,-7.84055,0.202806,0.001024,-0.007315,10.74900000000001
1772222270850686361,2026-02-27 14:57:50.850,-0.603736,2.2155,-7.99511,0.204783,0.003571,-0.008653,10.75
1772222270851857776,2026-02-27 14:57:50.851,-0.612586,2.16698,-7.67965,0.20196,0.004357,-0.013484,10.751000000000005
1772222270853044127,2026-02-27 14:57:50.853,-0.803713,2.10276,-7.82397,0.201284,0.010667,-0.016802,10.753
1772222270854218445,2026-02-27 14:57:50.854,-0.75037,2.0693,-8.04147,0.200795,0.012379,-0.017648,10.754000000000005
1772222270855414078,2026-02-27 14:57:50.855,-0.875636,2.00562,-8.28121,0.201457,0.015502,-0.01863,10.75500000000001
1772222270856566999,2026-02-27 14:57:50.856,-0.918735,2.00772,-7.99786,0.202198,0.018055,-0.024665,10.756
1772222270857694043,2026-02-27 14:57:50.857,-1.01992,2.02555,-7.70625,0.202619,0.022025,-0.028973,10.757000000000005
1772222270858863154,2026-02-27 14:57:50.858,-1.16238,2.00494,-8.35284,0.201832,0.026785,-0.026998,10.75800000000001
1772222270860046241,2026-02-27 14:57:50.860,-1.27058,2.01305,-8.95439,0.210719,0.032404,-0.025025,10.760000000000005
1772222270861221944,2026-02-27 14:57:50.861,-1.55812,1.98475,-9.95299,0.209631,0.044404,-0.022425,10.76100000000001
1772222270862416064,2026-02-27 14:57:50.862,-1.63359,2.05245,-10.2882,0.217452,0.0516,-0.023755,10.762
1772222270863559350,2026-02-27 14:57:50.863,-1.78403,2.02966,-10.5879,0.219671,0.059542,-0.024774,10.763000000000005
1772222270864685969,2026-02-27 14:57:50.864,-1.92561,2.05198,-10.9466,0.224805,0.067416,-0.025957,10.76400000000001
1772222270865880936,2026-02-27 14:57:50.865,-2.06272,2.06066,-12.2553,0.227314,0.075257,-0.018971,10.765
1772222270867066156,2026-02-27 14:57:50.867,-2.39745,2.0675,-12.5402,0.237688,0.090293,-0.025348,10.76700000000001
1772222270868244834,2026-02-27 14:57:50.868,-2.52808,2.11024,-12.491,0.24444,0.100316,-0.032708,10.768
1772222270869440094,2026-02-27 14:57:50.869,-2.72742,2.11621,-12.6214,0.247148,0.107661,-0.034852,10.769000000000005
1772222270870568662,2026-02-27 14:57:50.870,-2.86756,2.13559,-13.0767,0.253564,0.117032,-0.036726,10.77000000000001
1772222270871697748,2026-02-27 14:57:50.871,-3.06214,2.13722,-13.454,0.257186,0.126071,-0.038377,10.771
1772222270872868279,2026-02-27 14:57:50.872,-3.16174,2.15311,-13.8712,0.263302,0.133034,-0.039799,10.772000000000006
1772222270874051707,2026-02-27 14:57:50.874,-3.60944,2.18702,-14.0249,0.273795,0.150827,-0.050976,10.774000000000001
1772222270875231677,2026-02-27 14:57:50.875,-3.69293,2.1583,-14.4831,0.280275,0.159132,-0.052253,10.775000000000006
1772222270876426386,2026-02-27 14:57:50.876,-3.88832,2.19964,-15.4633,0.286592,0.166716,-0.048796,10.77600000000001
1772222270877567902,2026-02-27 14:57:50.877,-4.01865,2.23511,-16.2436,0.289787,0.173877,-0.047891,10.777000000000001
1772222270878696448,2026-02-27 14:57:50.878,-4.20055,2.19821,-16.7599,0.294764,0.181781,-0.050029,10.778000000000006
1772222270879868626,2026-02-27 14:57:50.879,-4.28042,2.27127,-17.2575,0.304856,0.187631,-0.051375,10.77900000000001
1772222270881060623,2026-02-27 14:57:50.881,-4.39958,2.21514,-17.6528,0.306886,0.194541,-0.053325,10.781000000000006
1772222270882240304,2026-02-27 14:57:50.882,-4.67582,2.2834,-19.5272,0.319278,0.207505,-0.046836,10.78200000000001
1772222270883435118,2026-02-27 14:57:50.883,-4.87682,2.30762,-19.8667,0.325028,0.214638,-0.051153,10.783000000000001
1772222270884546525,2026-02-27 14:57:50.884,-4.99433,2.31549,-20.0996,0.332112,0.221854,-0.055869,10.784000000000006
1772222270885672876,2026-02-27 14:57:50.885,-5.2633,2.34564,-20.2358,0.333941,0.228807,-0.060538,10.78500000000001
1772222270886844619,2026-02-27 14:57:50.886,-5.29716,2.3436,-20.5908,0.342018,0.232509,-0.065088,10.786000000000001
1772222270888041649,2026-02-27 14:57:50.888,-5.46655,2.35318,-21.0864,0.345663,0.238325,-0.064202,10.788000000000011
1772222270889219981,2026-02-27 14:57:50.889,-5.7701,2.44472,-22.0703,0.360069,0.253832,-0.06616,10.789000000000001
1772222270890414938,2026-02-27 14:57:50.890,-5.98575,2.45615,-21.5455,0.366925,0.260702,-0.078088,10.790000000000006
1772222270891571075,2026-02-27 14:57:50.891,-6.2041,2.50692,-22.5526,0.372986,0.270588,-0.076803,10.791000000000011
1772222270892701560,2026-02-27 14:57:50.892,-6.43117,2.52754,-23.0952,0.379258,0.280224,-0.078042,10.792000000000002
1772222270893874929,2026-02-27 14:57:50.893,-6.62924,2.5809,-24.0437,0.388945,0.291584,-0.076041,10.793000000000006
1772222270895072254,2026-02-27 14:57:50.895,-6.86344,2.57252,-24.6801,0.393387,0.301096,-0.078661,10.795000000000002
1772222270896251900,2026-02-27 14:57:50.896,-7.17011,2.69223,-25.5052,0.410656,0.320405,-0.082861,10.796000000000006
1772222270897447683,2026-02-27 14:57:50.897,-7.36894,2.70881,-26.0136,0.418242,0.33286,-0.082832,10.797000000000011
1772222270898570923,2026-02-27 14:57:50.898,-7.73391,2.82255,-27.547,0.424064,0.349179,-0.076054,10.798000000000002
1772222270899699848,2026-02-27 14:57:50.899,-7.91321,2.84239,-27.9599,0.436658,0.361911,-0.081007,10.799000000000007
1772222270900873601,2026-02-27 14:57:50.900,-8.16761,2.88965,-28.3855,0.443789,0.374817,-0.084532,10.800000000000011
1772222270902070702,2026-02-27 14:57:50.902,-8.41428,2.8945,-28.2915,0.45144,0.38866,-0.092714,10.802000000000007
1772222270903251862,2026-02-27 14:57:50.903,-8.86886,3.00982,-29.0189,0.465614,0.41237,-0.099898,10.803000000000011
1772222270904543838,2026-02-27 14:57:50.904,-9.09072,3.04057,-29.5393,0.471007,0.424118,-0.101386,10.804000000000002
1772222270905675734,2026-02-27 14:57:50.905,-9.19369,3.04118,-30.0179,0.479967,0.431196,-0.105781,10.805000000000007
1772222270906835930,2026-02-27 14:57:50.906,-9.31834,3.03268,-29.728,0.48672,0.439334,-0.112583,10.806000000000012
1772222270908036178,2026-02-27 14:57:50.908,-9.51106,3.05131,-29.8653,0.487605,0.446318,-0.116897,10.808000000000007
1772222270909218677,2026-02-27 14:57:50.909,-9.77404,3.12843,-31.516,0.505067,0.469194,-0.112892,10.809000000000012
1772222270910400684,2026-02-27 14:57:50.910,-9.92789,3.10939,-32.3952,0.513038,0.47785,-0.112194,10.810000000000002
1772222270911574927,2026-02-27 14:57:50.911,-10.1992,3.13943,-32.8511,0.518685,0.487061,-0.114429,10.811000000000007
1772222270912705540,2026-02-27 14:57:50.912,-10.4044,3.14806,-33.3251,0.5272,0.495868,-0.116658,10.812000000000012
1772222270913884920,2026-02-27 14:57:50.913,-10.5888,3.17695,-33.7464,0.532958,0.505207,-0.117643,10.813000000000002
1772222270915083101,2026-02-27 14:57:50.915,-10.8432,3.1458,-34.1139,0.531059,0.515169,-0.118119,10.815000000000012
1772222270916266585,2026-02-27 14:57:50.916,-11.1469,3.21853,-35.3904,0.547838,0.533695,-0.115545,10.816000000000003
1772222270917471217,2026-02-27 14:57:50.917,-11.2696,3.24219,-35.834,0.554341,0.544091,-0.119144,10.817000000000007
1772222270918575179,2026-02-27 14:57:50.918,-11.4606,3.25499,-35.8055,0.560424,0.553954,-0.123517,10.818000000000012
1772222270919704402,2026-02-27 14:57:50.919,-11.6164,3.35072,-36.0264,0.565451,0.562031,-0.127145,10.819000000000003
1772222270920880489,2026-02-27 14:57:50.920,-11.7323,3.3294,-36.2232,0.568706,0.566418,-0.128264,10.820000000000007
1772222270922078221,2026-02-27 14:57:50.922,-11.7937,3.33144,-36.54,0.573147,0.567549,-0.129608,10.822000000000003
1772222270923259617,2026-02-27 14:57:50.923,-11.9248,3.32507,-36.1153,0.582226,0.576226,-0.138213,10.823000000000008
1772222270924471583,2026-02-27 14:57:50.924,-12.0776,3.33768,-36.7491,0.587171,0.585366,-0.134657,10.824000000000012
1772222270925561593,2026-02-27 14:57:50.925,-12.2268,3.3646,-37.0019,0.594295,0.592847,-0.136368,10.825000000000003
1772222270926691685,2026-02-27 14:57:50.926,-12.34,3.47576,-37.8695,0.602222,0.598925,-0.134296,10.826000000000008
1772222270927864135,2026-02-27 14:57:50.927,-12.4767,3.51442,-38.4805,0.612281,0.606109,-0.134003,10.827000000000012
1772222270929063533,2026-02-27 14:57:50.929,-12.5684,3.54338,-38.5746,0.617563,0.611673,-0.135027,10.829000000000008
1772222270930248378,2026-02-27 14:57:50.930,-12.7513,3.56788,-38.871,0.628518,0.623132,-0.136083,10.830000000000013
1772222270931435613,2026-02-27 14:57:50.931,-12.8668,3.65257,-39.6862,0.633595,0.626191,-0.129738,10.831000000000003
1772222270932568119,2026-02-27 14:57:50.932,-12.8767,3.70568,-40.0402,0.635834,0.629021,-0.128399,10.832000000000008
1772222270933700016,2026-02-27 14:57:50.933,-13.0164,3.69329,-40.1071,0.643382,0.636333,-0.13045,10.833000000000013
1772222270934875771,2026-02-27 14:57:50.934,-13.0689,3.74573,-39.7653,0.649017,0.642344,-0.135728,10.834000000000003
1772222270936072709,2026-02-27 14:57:50.936,-13.1369,3.79631,-39.6024,0.653891,0.645441,-0.13872,10.836000000000013
1772222270937256431,2026-02-27 14:57:50.937,-13.2514,3.82242,-39.6546,0.661723,0.650704,-0.139865,10.837000000000003
1772222270938441704,2026-02-27 14:57:50.938,-13.3097,3.81729,-39.8513,0.659985,0.65484,-0.14111,10.838000000000008
1772222270939590411,2026-02-27 14:57:50.939,-13.2711,3.79091,-39.7284,0.66869,0.656745,-0.143701,10.838999999999999
1772222270940720878,2026-02-27 14:57:50.940,-13.392,3.77283,-39.0863,0.666941,0.658127,-0.148899,10.840000000000003
1772222270941850710,2026-02-27 14:57:50.941,-13.3378,3.72771,-39.5743,0.665615,0.657575,-0.145825,10.841000000000008
1772222270943053972,2026-02-27 14:57:50.943,-13.383,3.70505,-39.8711,0.667918,0.658227,-0.144015,10.843000000000004
1772222270944238968,2026-02-27 14:57:50.944,-13.3363,3.69913,-40.5308,0.670372,0.657519,-0.139434,10.844000000000008
1772222270945412641,2026-02-27 14:57:50.945,-13.3535,3.55203,-40.9799,0.665302,0.653009,-0.136587,10.844999999999999
1772222270946526758,2026-02-27 14:57:50.946,-13.2808,3.51591,-41.1026,0.664472,0.649008,-0.13646,10.846000000000004
1772222270947656676,2026-02-27 14:57:50.947,-13.1769,3.3977,-41.2684,0.662129,0.643354,-0.135999,10.847000000000008
1772222270948831143,2026-02-27 14:57:50.948,-13.2036,3.3114,-42.5629,0.653653,0.638656,-0.125531,10.847999999999999
1772222270950032184,2026-02-27 14:57:50.950,-13.0678,3.22246,-42.386,0.654244,0.633068,-0.127386,10.850000000000009
1772222270951222715,2026-02-27 14:57:50.951,-13.0562,3.09285,-42.5984,0.647448,0.626856,-0.126563,10.850999999999999
1772222270952407481,2026-02-27 14:57:50.952,-12.9555,2.90058,-42.3507,0.640789,0.614643,-0.130604,10.852000000000004
1772222270953545788,2026-02-27 14:57:50.953,-12.8159,2.78158,-42.5415,0.634901,0.606722,-0.129577,10.853000000000009
1772222270954675524,2026-02-27 14:57:50.954,-12.8713,2.67671,-42.8215,0.625228,0.599401,-0.128141,10.854
1772222270955848721,2026-02-27 14:57:50.955,-12.687,2.54938,-43.1211,0.625153,0.591377,-0.125586,10.855000000000004
1772222270957049022,2026-02-27 14:57:50.957,-12.5837,2.46513,-42.5143,0.617397,0.58237,-0.131579,10.857
1772222270958240714,2026-02-27 14:57:50.958,-12.5454,2.30593,-42.6643,0.610115,0.574194,-0.130946,10.858000000000004
1772222270959414866,2026-02-27 14:57:50.959,-12.3559,1.99261,-43.869,0.596802,0.558279,-0.121678,10.859000000000009
1772222270960538092,2026-02-27 14:57:50.960,-12.2612,1.81979,-44.5733,0.588071,0.550176,-0.117151,10.86
1772222270961665727,2026-02-27 14:57:50.961,-12.1344,1.7093,-44.9323,0.582509,0.542185,-0.115342,10.861000000000004
1772222270962862771,2026-02-27 14:57:50.962,-12.0621,1.54799,-45.216,0.573918,0.533816,-0.112906,10.862000000000009
1772222270964059256,2026-02-27 14:57:50.964,-12.0447,1.41722,-45.555,0.565142,0.526483,-0.11154,10.864000000000004
1772222270965258280,2026-02-27 14:57:50.965,-11.9538,1.2605,-45.9574,0.555912,0.51956,-0.106436,10.865000000000009
1772222270966443061,2026-02-27 14:57:50.966,-11.7534,1.00464,-47.0433,0.539179,0.504504,-0.099939,10.866
1772222270967621318,2026-02-27 14:57:50.967,-11.6855,0.840628,-47.244,0.534205,0.498924,-0.100626,10.867000000000004
1772222270968798489,2026-02-27 14:57:50.968,-11.731,0.675409,-47.1786,0.519693,0.493057,-0.102366,10.86800000000001
1772222270969995982,2026-02-27 14:57:50.969,-11.6793,0.583438,-47.3668,0.516487,0.490348,-0.101721,10.869
1772222270971194283,2026-02-27 14:57:50.971,-11.6602,0.380054,-47.7056,0.508525,0.486317,-0.100214,10.87100000000001
1772222270972379648,2026-02-27 14:57:50.972,-11.6467,0.129841,-48.3041,0.494042,0.482662,-0.09987,10.872
1772222270973534116,2026-02-27 14:57:50.973,-11.6988,0.041042,-47.5818,0.487406,0.481253,-0.108152,10.873000000000005
1772222270974669017,2026-02-27 14:57:50.974,-11.7896,-0.102853,-48.1564,0.479974,0.481397,-0.105022,10.87400000000001
1772222270975798659,2026-02-27 14:57:50.975,-11.7652,-0.215872,-48.451,0.477867,0.481523,-0.103598,10.875
1772222270976928303,2026-02-27 14:57:50.976,-11.8141,-0.268737,-49.2786,0.473993,0.483172,-0.098821,10.876000000000005
1772222270978127969,2026-02-27 14:57:50.978,-11.7967,-0.409857,-49.7876,0.464488,0.483162,-0.096184,10.878
1772222270979303343,2026-02-27 14:57:50.979,-11.8421,-0.45166,-49.97,0.461518,0.484684,-0.09658,10.879000000000005
1772222270980492722,2026-02-27 14:57:50.980,-11.931,-0.619412,-50.4673,0.455286,0.488184,-0.095797,10.88000000000001
1772222270981621605,2026-02-27 14:57:50.981,-11.9229,-0.670573,-51.5127,0.453062,0.489599,-0.08857,10.881
1772222270982798340,2026-02-27 14:57:50.982,-12.0097,-0.72198,-51.7436,0.449296,0.491822,-0.087934,10.882000000000005
1772222270983995523,2026-02-27 14:57:50.983,-12.0408,-0.822401,-51.936,0.446937,0.49332,-0.089858,10.88300000000001
1772222270985179118,2026-02-27 14:57:50.985,-12.114,-0.819877,-51.6411,0.447623,0.496478,-0.094598,10.885000000000005
1772222270986356541,2026-02-27 14:57:50.986,-12.1898,-0.901946,-51.6905,0.447683,0.502269,-0.099624,10.88600000000001
1772222270987553837,2026-02-27 14:57:50.987,-12.2679,-0.942145,-51.7963,0.44533,0.504389,-0.099314,10.887
1772222270988684311,2026-02-27 14:57:50.988,-12.305,-0.990328,-51.8952,0.44462,0.506725,-0.099851,10.888000000000005
1772222270989843923,2026-02-27 14:57:50.989,-12.3656,-0.991761,-51.7006,0.445924,0.507861,-0.104825,10.88900000000001
1772222270991046069,2026-02-27 14:57:50.991,-12.4585,-1.01184,-51.1569,0.440957,0.510676,-0.11061,10.891000000000005
1772222270992246343,2026-02-27 14:57:50.992,-12.4123,-0.988269,-51.5994,0.449201,0.511934,-0.107724,10.89200000000001
1772222270993431624,2026-02-27 14:57:50.993,-12.4867,-0.929637,-52.5125,0.451562,0.516278,-0.101974,10.893
1772222270994584225,2026-02-27 14:57:50.994,-12.4593,-0.945406,-52.59,0.453112,0.516211,-0.102435,10.894000000000005
1772222270995716990,2026-02-27 14:57:50.995,-12.4523,-0.883655,-52.6674,0.45744,0.516915,-0.102794,10.89500000000001
1772222270996846814,2026-02-27 14:57:50.996,-12.4613,-0.829924,-52.7799,0.462997,0.518074,-0.104004,10.896
1772222270998048863,2026-02-27 14:57:50.998,-12.4385,-0.792488,-52.7157,0.464924,0.517329,-0.104337,10.89800000000001
1772222270999248357,2026-02-27 14:57:50.999,-12.4674,-0.698819,-53.7504,0.468798,0.51485,-0.095537,10.899000000000001
1772222271000432180,2026-02-27 14:57:51.000,-12.3566,-0.558097,-53.3967,0.479106,0.509704,-0.099094,10.900000000000006
1772222271001535328,2026-02-27 14:57:51.001,-12.32,-0.479093,-52.9389,0.484697,0.507612,-0.10337,10.90100000000001
1772222271002663727,2026-02-27 14:57:51.002,-12.2575,-0.394728,-52.7205,0.491908,0.503986,-0.10517,10.902000000000001
1772222271003821702,2026-02-27 14:57:51.003,-12.1044,-0.35912,-52.7362,0.498522,0.49833,-0.105236,10.903000000000006
1772222271005020465,2026-02-27 14:57:51.005,-12.06,-0.29601,-52.7358,0.50225,0.494548,-0.105092,10.905000000000001
1772222271006219293,2026-02-27 14:57:51.006,-11.9637,-0.177742,-52.6533,0.507414,0.489084,-0.104847,10.906000000000006
1772222271007392965,2026-02-27 14:57:51.007,-11.7896,-0.000821,-51.7251,0.520774,0.477609,-0.112003,10.90700000000001
1772222271008539747,2026-02-27 14:57:51.008,-11.7397,0.061714,-51.7109,0.526757,0.472378,-0.110718,10.908000000000001
1772222271009670925,2026-02-27 14:57:51.009,-11.6277,0.142478,-52.132,0.527307,0.4656,-0.105304,10.909000000000006
1772222271010845165,2026-02-27 14:57:51.010,-11.5555,0.242915,-52.4414,0.532524,0.460914,-0.101223,10.91000000000001
1772222271012042914,2026-02-27 14:57:51.012,-11.4507,0.307863,-52.3165,0.538959,0.454299,-0.101158,10.912000000000006
1772222271013242564,2026-02-27 14:57:51.013,-11.3474,0.355822,-52.3531,0.542339,0.448736,-0.101484,10.913000000000011
1772222271014548700,2026-02-27 14:57:51.014,-11.1457,0.490999,-52.6718,0.550528,0.437325,-0.095592,10.914000000000001
1772222271015680460,2026-02-27 14:57:51.015,-11.0532,0.563374,-53.1271,0.554578,0.432691,-0.091003,10.915000000000006
1772222271016854760,2026-02-27 14:57:51.016,-10.9901,0.647392,-52.8844,0.561474,0.428872,-0.093434,10.916000000000011
1772222271018054485,2026-02-27 14:57:51.018,-10.9465,0.743524,-52.5203,0.563249,0.424194,-0.096089,10.918000000000006
1772222271019253601,2026-02-27 14:57:51.019,-10.9083,0.791631,-52.2162,0.567926,0.420553,-0.098755,10.919000000000011
1772222271020436625,2026-02-27 14:57:51.020,-10.8538,0.846463,-52.0023,0.572643,0.417586,-0.09999,10.920000000000002
1772222271021584157,2026-02-27 14:57:51.021,-10.7599,0.966785,-52.098,0.580396,0.412092,-0.100426,10.921000000000006
1772222271022723753,2026-02-27 14:57:51.022,-10.7851,1.05098,-52.1917,0.584827,0.410375,-0.101581,10.922000000000011
1772222271023919446,2026-02-27 14:57:51.023,-10.8366,1.09244,-51.1818,0.587904,0.410199,-0.109662,10.923000000000002
1772222271025120911,2026-02-27 14:57:51.025,-10.7447,1.17531,-51.7311,0.595617,0.409907,-0.105962,10.925000000000011
1772222271026321707,2026-02-27 14:57:51.026,-10.8034,1.2266,-51.7327,0.595556,0.409843,-0.105901,10.926000000000002
1772222271027517490,2026-02-27 14:57:51.027,-10.8301,1.21235,-52.2667,0.597226,0.409659,-0.102092,10.927000000000007
1772222271028662628,2026-02-27 14:57:51.028,-10.8006,1.24616,-52.5595,0.599387,0.409863,-0.100715,10.928000000000011
1772222271029884095,2026-02-27 14:57:51.029,-10.8851,1.34259,-52.8096,0.607718,0.412345,-0.10275,10.929000000000002
1772222271031081841,2026-02-27 14:57:51.031,-10.9563,1.36484,-52.8269,0.608104,0.414233,-0.103368,10.931000000000012
1772222271032280999,2026-02-27 14:57:51.032,-10.9475,1.36457,-53.8501,0.610777,0.414814,-0.0962,10.932000000000002
1772222271033475172,2026-02-27 14:57:51.033,-11.0288,1.44064,-53.8582,0.616088,0.41787,-0.097974,10.933000000000007
1772222271034610088,2026-02-27 14:57:51.034,-11.1286,1.58581,-53.5062,0.618428,0.424465,-0.105168,10.934000000000012
1772222271035787366,2026-02-27 14:57:51.035,-11.2753,1.62791,-53.3406,0.621202,0.430482,-0.108847,10.935000000000002
1772222271036985742,2026-02-27 14:57:51.036,-11.3319,1.70102,-53.4056,0.625247,0.436852,-0.111171,10.936000000000007
1772222271038187496,2026-02-27 14:57:51.038,-11.4858,1.71338,-53.5161,0.627419,0.444274,-0.113125,10.938000000000002
1772222271039388760,2026-02-27 14:57:51.039,-11.5979,1.76709,-53.6443,0.631241,0.452182,-0.115276,10.939000000000007
1772222271040545526,2026-02-27 14:57:51.040,-12.0083,1.90435,-52.9334,0.63975,0.472689,-0.127733,10.940000000000012
1772222271041682007,2026-02-27 14:57:51.041,-12.1493,1.93888,-53.2357,0.639789,0.48302,-0.128381,10.941000000000003
1772222271042860446,2026-02-27 14:57:51.042,-12.4093,2.00648,-53.7073,0.642773,0.496321,-0.128165,10.942000000000007
1772222271044063140,2026-02-27 14:57:51.044,-12.5759,2.07002,-54.2681,0.649728,0.509605,-0.126261,10.944000000000003
1772222271045260369,2026-02-27 14:57:51.045,-12.7716,2.14854,-54.5155,0.655557,0.522725,-0.12888,10.945000000000007
1772222271046472199,2026-02-27 14:57:51.046,-12.9677,2.25981,-54.5008,0.659375,0.535731,-0.131163,10.946000000000012
1772222271047616021,2026-02-27 14:57:51.047,-13.1837,2.33264,-54.6412,0.666785,0.549121,-0.13454,10.947000000000003
1772222271048808801,2026-02-27 14:57:51.048,-13.5251,2.39762,-55.8252,0.673107,0.575873,-0.130958,10.948000000000008
1772222271050010124,2026-02-27 14:57:51.050,-13.7673,2.50108,-55.542,0.676572,0.588595,-0.137133,10.950000000000003
1772222271051210592,2026-02-27 14:57:51.051,-13.9943,2.55004,-55.5906,0.680217,0.600011,-0.139234,10.951000000000008
1772222271052413826,2026-02-27 14:57:51.052,-14.1609,2.56055,-55.2667,0.681856,0.611697,-0.145289,10.952000000000012
1772222271053558544,2026-02-27 14:57:51.053,-14.412,2.65674,-55.2853,0.689385,0.623056,-0.148746,10.953000000000003
1772222271054692354,2026-02-27 14:57:51.054,-14.806,2.78685,-55.6056,0.69825,0.645874,-0.152841,10.954000000000008
1772222271055863203,2026-02-27 14:57:51.055,-14.9755,2.82219,-55.7401,0.701853,0.655329,-0.154146,10.955000000000013
1772222271057046105,2026-02-27 14:57:51.057,-15.1432,2.90011,-54.9138,0.706369,0.664864,-0.165348,10.957000000000008
1772222271058249039,2026-02-27 14:57:51.058,-15.378,2.93942,-55.2826,0.708878,0.675824,-0.165294,10.958000000000013
1772222271059469350,2026-02-27 14:57:51.059,-15.5662,3.01736,-55.4762,0.715344,0.686562,-0.166771,10.959000000000003
1772222271060604695,2026-02-27 14:57:51.060,-15.6733,3.06778,-56.2003,0.721931,0.69693,-0.164749,10.960000000000008
1772222271061762805,2026-02-27 14:57:51.061,-15.9689,3.24794,-56.9121,0.732776,0.716236,-0.164722,10.961000000000013
1772222271062961861,2026-02-27 14:57:51.062,-16.1836,3.35797,-57.1688,0.738762,0.727241,-0.166002,10.962000000000003
1772222271064167050,2026-02-27 14:57:51.064,-16.4081,3.32379,-57.4942,0.737917,0.737901,-0.169666,10.963999999999999
1772222271065364952,2026-02-27 14:57:51.065,-16.5859,3.40023,-58.2289,0.742607,0.74773,-0.166346,10.965000000000003
1772222271066556337,2026-02-27 14:57:51.066,-16.6624,3.43265,-58.7969,0.753383,0.757512,-0.166091,10.966000000000008
1772222271067673068,2026-02-27 14:57:51.067,-16.8323,3.50519,-58.7499,0.749511,0.763376,-0.170796,10.966999999999999
1772222271068886760,2026-02-27 14:57:51.068,-17.0624,3.66888,-58.5504,0.760203,0.776105,-0.176199,10.968000000000004
1772222271070084489,2026-02-27 14:57:51.070,-17.2239,3.70382,-58.6513,0.765132,0.782386,-0.179551,10.969999999999999
1772222271071282924,2026-02-27 14:57:51.071,-17.2934,3.81839,-58.9643,0.776211,0.789326,-0.180988,10.971000000000004
1772222271072491321,2026-02-27 14:57:51.072,-17.4392,3.87757,-59.3324,0.783233,0.796276,-0.183809,10.972000000000008
1772222271073623333,2026-02-27 14:57:51.073,-17.56,4.01662,-59.5295,0.792847,0.806147,-0.187564,10.972999999999999
1772222271074786491,2026-02-27 14:57:51.074,-17.8466,4.10268,-59.4879,0.796403,0.815162,-0.194439,10.974000000000004
1772222271075991504,2026-02-27 14:57:51.075,-17.8307,4.22299,-59.768,0.805996,0.818267,-0.194596,10.975000000000009
1772222271077193026,2026-02-27 14:57:51.077,-17.9734,4.32183,-60.4889,0.810527,0.821932,-0.190332,10.977000000000004
1772222271078390510,2026-02-27 14:57:51.078,-18.0323,4.36891,-60.8092,0.815285,0.825413,-0.191042,10.978000000000009
1772222271079573117,2026-02-27 14:57:51.079,-18.1077,4.39511,-61.0048,0.818592,0.826702,-0.192324,10.979
1772222271080709550,2026-02-27 14:57:51.080,-18.1594,4.55439,-61.5121,0.829008,0.830365,-0.195314,10.980000000000004
1772222271081866240,2026-02-27 14:57:51.081,-18.1387,4.66829,-62.4688,0.831196,0.827594,-0.189083,10.981000000000009
1772222271083064224,2026-02-27 14:57:51.083,-18.055,4.70155,-62.4771,0.839685,0.828141,-0.190229,10.983000000000004
1772222271084261513,2026-02-27 14:57:51.084,-18.1443,4.71835,-62.5664,0.841269,0.830128,-0.189146,10.984000000000009
1772222271085481821,2026-02-27 14:57:51.085,-18.2162,4.82406,-62.2055,0.845596,0.83045,-0.19453,10.985
1772222271086612888,2026-02-27 14:57:51.086,-18.2287,4.93245,-62.0593,0.849962,0.82884,-0.198112,10.986000000000004
1772222271087747064,2026-02-27 14:57:51.087,-18.424,5.01922,-62.448,0.859697,0.836888,-0.20086,10.987000000000009
1772222271088878647,2026-02-27 14:57:51.088,-18.5559,5.04103,-62.4442,0.855787,0.840293,-0.201972,10.988
1772222271090064901,2026-02-27 14:57:51.090,-18.5324,5.12024,-61.8199,0.862755,0.84207,-0.209808,10.990000000000009
1772222271091263390,2026-02-27 14:57:51.091,-18.6176,5.13042,-61.6811,0.863098,0.845553,-0.212499,10.991
1772222271092479172,2026-02-27 14:57:51.092,-18.6679,5.17226,-61.8684,0.862966,0.848894,-0.211963,10.992000000000004
1772222271093612818,2026-02-27 14:57:51.093,-18.6771,5.26139,-62.3991,0.865067,0.850464,-0.20855,10.99300000000001
1772222271094740868,2026-02-27 14:57:51.094,-18.6972,5.26677,-62.793,0.861454,0.855574,-0.207623,10.994
1772222271095940399,2026-02-27 14:57:51.095,-18.7414,5.28476,-62.8284,0.864787,0.860824,-0.208257,10.995000000000005
1772222271097139350,2026-02-27 14:57:51.097,-18.8082,5.31983,-62.8121,0.863315,0.863517,-0.207835,10.997
1772222271098338099,2026-02-27 14:57:51.098,-18.9269,5.35002,-62.9672,0.861048,0.868162,-0.206244,10.998000000000005
1772222271099544807,2026-02-27 14:57:51.099,-18.9248,5.42636,-63.8172,0.863345,0.874852,-0.20053,10.99900000000001
1772222271100677033,2026-02-27 14:57:51.100,-19.147,5.45284,-63.1452,0.860525,0.885511,-0.207285,11.0
1772222271101846675,2026-02-27 14:57:51.101,-19.2842,5.5004,-62.7588,0.8595,0.894619,-0.210543,11.001000000000005
1772222271103045864,2026-02-27 14:57:51.103,-19.4365,5.50927,-62.6054,0.859424,0.903012,-0.212416,11.003
1772222271104245107,2026-02-27 14:57:51.104,-19.517,5.49306,-62.6637,0.855988,0.911737,-0.213041,11.004000000000005
1772222271105418133,2026-02-27 14:57:51.105,-19.6743,5.50451,-62.537,0.852338,0.920469,-0.21415,11.00500000000001
1772222271106547559,2026-02-27 14:57:51.106,-19.8802,5.44036,-62.5135,0.846792,0.932188,-0.215201,11.006
1772222271107679211,2026-02-27 14:57:51.107,-20.0884,5.36158,-61.8167,0.842996,0.95162,-0.222373,11.007000000000005
1772222271108847212,2026-02-27 14:57:51.108,-20.2681,5.30363,-61.7735,0.83687,0.960101,-0.223388,11.00800000000001
1772222271110017174,2026-02-27 14:57:51.110,-20.2568,5.2076,-62.1262,0.830945,0.965459,-0.21936,11.010000000000005
1772222271111213213,2026-02-27 14:57:51.111,-20.4259,5.14679,-62.3199,0.820484,0.973061,-0.215465,11.01100000000001
1772222271112391790,2026-02-27 14:57:51.112,-20.5547,5.05772,-62.3175,0.818108,0.982556,-0.216058,11.012
1772222271113557767,2026-02-27 14:57:51.113,-20.7331,4.98183,-62.3362,0.812175,0.991577,-0.216908,11.013000000000005
1772222271114688282,2026-02-27 14:57:51.114,-21.0121,4.78632,-62.9861,0.801885,1.01095,-0.211738,11.01400000000001
1772222271115879148,2026-02-27 14:57:51.115,-21.0734,4.71062,-63.0352,0.795445,1.01876,-0.210742,11.015
1772222271117076730,2026-02-27 14:57:51.117,-21.2417,4.64783,-62.8041,0.788359,1.02542,-0.21251,11.01700000000001
1772222271118246819,2026-02-27 14:57:51.118,-21.274,4.51179,-62.2594,0.775863,1.0261,-0.218732,11.018
1772222271119444298,2026-02-27 14:57:51.119,-21.2229,4.4611,-61.681,0.775052,1.02712,-0.219783,11.019000000000005
1772222271120558256,2026-02-27 14:57:51.120,-21.2721,4.39939,-61.2504,0.763248,1.03092,-0.21772,11.02000000000001
1772222271121689719,2026-02-27 14:57:51.121,-21.6313,4.23883,-61.3268,0.761727,1.05597,-0.218906,11.021
1772222271122843060,2026-02-27 14:57:51.122,-21.847,4.16324,-60.9106,0.757498,1.0665,-0.223967,11.022000000000006
1772222271124041196,2026-02-27 14:57:51.124,-22.0628,4.03167,-60.1237,0.752681,1.07939,-0.232746,11.024000000000001
1772222271125238891,2026-02-27 14:57:51.125,-22.1577,3.92716,-60.3505,0.748202,1.08717,-0.229454,11.025000000000006
1772222271126586640,2026-02-27 14:57:51.126,-22.2344,3.82747,-60.4081,0.741553,1.09506,-0.22719,11.02600000000001
1772222271127719567,2026-02-27 14:57:51.127,-22.3993,3.60477,-60.7354,0.727371,1.10941,-0.221502,11.027000000000001
1772222271128890385,2026-02-27 14:57:51.128,-22.5287,3.48442,-60.6656,0.718633,1.1173,-0.223466,11.028000000000006
1772222271130087667,2026-02-27 14:57:51.130,-22.5999,3.33389,-60.4904,0.71266,1.1229,-0.222552,11.030000000000001
1772222271131282491,2026-02-27 14:57:51.131,-22.5765,3.19561,-60.4096,0.705286,1.1277,-0.222609,11.031000000000006
1772222271132487773,2026-02-27 14:57:51.132,-22.6728,3.11545,-61.3328,0.698164,1.13379,-0.212668,11.03200000000001
1772222271133619039,2026-02-27 14:57:51.133,-22.7588,3.0079,-60.8852,0.690614,1.13727,-0.216272,11.033000000000001
1772222271134753679,2026-02-27 14:57:51.134,-22.8901,2.80366,-60.2218,0.677498,1.14471,-0.218892,11.034000000000006
1772222271135883878,2026-02-27 14:57:51.135,-22.9295,2.68693,-59.9102,0.669251,1.14787,-0.220263,11.03500000000001
1772222271137084124,2026-02-27 14:57:51.137,-22.9561,2.58062,-59.7661,0.662679,1.15075,-0.220835,11.037000000000006
1772222271138283009,2026-02-27 14:57:51.138,-23.0235,2.46579,-59.6869,0.654996,1.15337,-0.221015,11.038000000000011
1772222271139478523,2026-02-27 14:57:51.139,-23.0808,2.37907,-59.6519,0.649128,1.15573,-0.220528,11.039000000000001
1772222271140575400,2026-02-27 14:57:51.140,-23.0795,2.30108,-58.7464,0.645614,1.15902,-0.228312,11.040000000000006
1772222271141705757,2026-02-27 14:57:51.141,-23.1825,2.15906,-58.6368,0.633127,1.16046,-0.227272,11.041000000000011
1772222271142861856,2026-02-27 14:57:51.142,-23.1507,1.91184,-59.2311,0.628032,1.16006,-0.220591,11.042000000000002
1772222271144053703,2026-02-27 14:57:51.144,-23.0657,1.8434,-59.3961,0.619136,1.15117,-0.217618,11.044000000000011
1772222271145254231,2026-02-27 14:57:51.145,-22.9474,1.6796,-59.2853,0.608705,1.14784,-0.21297,11.045000000000002
1772222271146470761,2026-02-27 14:57:51.146,-22.8366,1.56825,-59.2599,0.609033,1.14588,-0.210267,11.046000000000006
1772222271147568524,2026-02-27 14:57:51.147,-22.8532,1.45853,-59.2564,0.604009,1.14808,-0.207891,11.047000000000011
1772222271148698676,2026-02-27 14:57:51.148,-22.9355,1.33261,-59.656,0.595821,1.15414,-0.206473,11.048000000000002
1772222271149847911,2026-02-27 14:57:51.149,-23.1298,0.995152,-60.2985,0.578457,1.15732,-0.20304,11.049000000000007
1772222271151042543,2026-02-27 14:57:51.151,-23.0393,0.878627,-60.1484,0.575219,1.15463,-0.204169,11.051000000000002
1772222271152241146,2026-02-27 14:57:51.152,-23.0023,0.759224,-60.0199,0.570257,1.15256,-0.205325,11.052000000000007
1772222271153440133,2026-02-27 14:57:51.153,-23.0155,0.624465,-60.0705,0.561148,1.14791,-0.204472,11.053000000000011
1772222271154572045,2026-02-27 14:57:51.154,-22.9395,0.472196,-60.2707,0.552333,1.14279,-0.202254,11.054000000000002
1772222271155700406,2026-02-27 14:57:51.155,-22.8858,0.364533,-60.4203,0.54707,1.13856,-0.201405,11.055000000000007
1772222271156880476,2026-02-27 14:57:51.156,-22.8314,0.14084,-59.7767,0.535038,1.13056,-0.207104,11.056000000000012
1772222271158075222,2026-02-27 14:57:51.158,-22.8413,0.042488,-60.4058,0.527325,1.12484,-0.201807,11.058000000000007
1772222271159273215,2026-02-27 14:57:51.159,-22.7846,-0.017284,-60.6288,0.521388,1.12127,-0.199076,11.059000000000012
1772222271160481941,2026-02-27 14:57:51.160,-22.6994,-0.239601,-61.3189,0.517497,1.11686,-0.193235,11.060000000000002
1772222271161612727,2026-02-27 14:57:51.161,-22.6838,-0.338561,-61.6304,0.50957,1.11148,-0.18971,11.061000000000007
1772222271162744660,2026-02-27 14:57:51.162,-22.6969,-0.409674,-61.7937,0.508698,1.10901,-0.189813,11.062000000000012
1772222271163910657,2026-02-27 14:57:51.163,-22.6113,-0.644361,-62.0972,0.500264,1.10004,-0.187424,11.063000000000002
1772222271165105807,2026-02-27 14:57:51.165,-22.5575,-0.696636,-63.0903,0.493521,1.09549,-0.179133,11.065000000000012
1772222271166302561,2026-02-27 14:57:51.166,-22.4187,-0.7865,-63.1245,0.494386,1.09009,-0.179822,11.066000000000003
1772222271167512943,2026-02-27 14:57:51.167,-22.3914,-0.778646,-63.15,0.492823,1.08554,-0.179171,11.067000000000007
1772222271168641998,2026-02-27 14:57:51.168,-22.3094,-0.886529,-62.7409,0.489688,1.07943,-0.182657,11.068000000000012
1772222271169800708,2026-02-27 14:57:51.169,-22.2775,-0.932833,-62.5389,0.485574,1.0746,-0.185807,11.069000000000003
1772222271170981516,2026-02-27 14:57:51.170,-22.0489,-0.966622,-62.5955,0.48887,1.06359,-0.185967,11.070000000000007
1772222271172179663,2026-02-27 14:57:51.172,-21.974,-0.983737,-62.6208,0.484925,1.05699,-0.185376,11.072000000000003
1772222271173357597,2026-02-27 14:57:51.173,-21.8631,-1.00884,-62.1613,0.487947,1.05081,-0.189956,11.073000000000008
1772222271174568214,2026-02-27 14:57:51.174,-21.8291,-0.956758,-61.6534,0.486182,1.04544,-0.193041,11.074000000000012
1772222271175698750,2026-02-27 14:57:51.175,-21.7478,-0.97847,-61.8749,0.487028,1.04041,-0.190139,11.075000000000003
1772222271176863636,2026-02-27 14:57:51.176,-21.6613,-0.954747,-62.1127,0.486907,1.03621,-0.187896,11.076000000000008
1772222271178046364,2026-02-27 14:57:51.178,-21.5883,-0.825326,-62.3862,0.492656,1.03404,-0.182952,11.078000000000003
1772222271179246189,2026-02-27 14:57:51.179,-21.6456,-0.743823,-62.2808,0.497705,1.0352,-0.183369,11.079000000000008
1772222271180445269,2026-02-27 14:57:51.180,-21.6389,-0.734164,-62.1752,0.501058,1.03698,-0.183693,11.080000000000013
1772222271181576241,2026-02-27 14:57:51.181,-21.7188,-0.661694,-62.0693,0.50538,1.04176,-0.184171,11.081000000000003
1772222271182707277,2026-02-27 14:57:51.182,-21.7685,-0.61586,-62.8014,0.506366,1.04515,-0.17494,11.082000000000008
1772222271183867756,2026-02-27 14:57:51.183,-21.7775,-0.487527,-62.2177,0.515209,1.0497,-0.179552,11.083000000000013
1772222271185037288,2026-02-27 14:57:51.185,-21.8451,-0.337043,-61.3824,0.526152,1.06151,-0.185112,11.085000000000008
1772222271186234453,2026-02-27 14:57:51.186,-21.8773,-0.177224,-60.9557,0.533175,1.06597,-0.187681,11.086000000000013
1772222271187430803,2026-02-27 14:57:51.187,-21.9884,-0.121706,-60.7379,0.537335,1.07209,-0.186617,11.087000000000003
1772222271188561601,2026-02-27 14:57:51.188,-21.9884,0.019809,-60.3691,0.542936,1.07672,-0.186502,11.088000000000008
1772222271189690247,2026-02-27 14:57:51.189,-22.0445,0.128241,-60.0898,0.547546,1.08135,-0.185375,11.088999999999999
1772222271190860780,2026-02-27 14:57:51.190,-22.0704,0.262627,-58.7853,0.553012,1.08583,-0.194559,11.090000000000003
1772222271192043694,2026-02-27 14:57:51.192,-22.1447,0.545638,-58.3472,0.56916,1.09284,-0.188974,11.091999999999999
1772222271193237823,2026-02-27 14:57:51.193,-22.1437,0.696064,-58.5283,0.574631,1.09372,-0.182697,11.093000000000004
1772222271194436758,2026-02-27 14:57:51.194,-22.1027,0.805569,-58.5105,0.580591,1.0942,-0.178688,11.094000000000008
1772222271195561529,2026-02-27 14:57:51.195,-22.0703,0.903819,-58.1153,0.581022,1.0931,-0.176701,11.094999999999999
1772222271196691852,2026-02-27 14:57:51.196,-21.9391,1.0443,-57.7582,0.589349,1.09209,-0.17439,11.096000000000004
1772222271197841760,2026-02-27 14:57:51.197,-21.8637,1.11963,-57.4568,0.596169,1.0897,-0.173193,11.097000000000008
1772222271199025181,2026-02-27 14:57:51.199,-21.6088,1.38779,-57.6504,0.604284,1.08099,-0.158047,11.099000000000004
1772222271200217638,2026-02-27 14:57:51.200,-21.4593,1.4916,-57.0411,0.606577,1.07417,-0.157375,11.100000000000009
1772222271201414704,2026-02-27 14:57:51.201,-21.3412,1.57911,-56.344,0.60939,1.0679,-0.157712,11.100999999999999
1772222271202569380,2026-02-27 14:57:51.202,-21.1838,1.71163,-55.7299,0.614498,1.06099,-0.157608,11.102000000000004
1772222271203699319,2026-02-27 14:57:51.203,-21.0653,1.82242,-55.216,0.615761,1.05118,-0.155023,11.103000000000009
1772222271204865306,2026-02-27 14:57:51.204,-20.888,1.88195,-55.0731,0.620263,1.04255,-0.151372,11.104
1772222271206039097,2026-02-27 14:57:51.206,-20.4625,2.06232,-54.3826,0.626636,1.02183,-0.146847,11.106000000000009
1772222271207230437,2026-02-27 14:57:51.207,-20.315,2.10401,-53.2008,0.630281,1.01038,-0.152844,11.107
1772222271208427248,2026-02-27 14:57:51.208,-20.0772,2.18748,-53.4254,0.628099,0.996796,-0.146279,11.108000000000004
1772222271209560019,2026-02-27 14:57:51.209,-19.8576,2.17949,-53.2748,0.630895,0.983191,-0.143928,11.109000000000009
1772222271210687754,2026-02-27 14:57:51.210,-19.5272,2.22754,-53.6035,0.632794,0.968584,-0.136537,11.11
1772222271211865526,2026-02-27 14:57:51.211,-19.3129,2.29357,-53.6352,0.637312,0.953196,-0.13119,11.111000000000004
1772222271213054331,2026-02-27 14:57:51.213,-18.8498,2.3652,-53.3458,0.639661,0.924511,-0.128001,11.113
1772222271214246633,2026-02-27 14:57:51.214,-18.587,2.31868,-53.1516,0.641283,0.908445,-0.126086,11.114000000000004
1772222271215442444,2026-02-27 14:57:51.215,-18.3178,2.32674,-53.9966,0.639419,0.890946,-0.114944,11.115000000000009
1772222271216562848,2026-02-27 14:57:51.216,-18.0818,2.27893,-53.7261,0.640064,0.874512,-0.115551,11.116
1772222271217693142,2026-02-27 14:57:51.217,-17.8353,2.27433,-53.644,0.64423,0.859149,-0.115118,11.117000000000004
1772222271218869402,2026-02-27 14:57:51.218,-17.5598,2.23704,-53.0291,0.644118,0.841074,-0.118534,11.11800000000001
1772222271220065898,2026-02-27 14:57:51.220,-17.0144,2.21591,-52.4747,0.64504,0.807611,-0.118458,11.120000000000005
1772222271221257888,2026-02-27 14:57:51.221,-16.8234,2.13057,-52.4973,0.641724,0.790254,-0.118223,11.12100000000001
1772222271222474196,2026-02-27 14:57:51.222,-16.4299,2.07778,-52.3483,0.643143,0.771899,-0.115313,11.122
1772222271223602425,2026-02-27 14:57:51.223,-16.2758,2.04419,-51.7058,0.639008,0.754052,-0.120438,11.123000000000005
1772222271224732037,2026-02-27 14:57:51.224,-16.0041,2.01042,-51.2721,0.635279,0.735949,-0.121248,11.12400000000001
1772222271225911352,2026-02-27 14:57:51.225,-15.7075,1.91524,-51.3905,0.636218,0.717895,-0.118254,11.125
1772222271227092822,2026-02-27 14:57:51.227,-15.0029,1.84508,-51.943,0.636375,0.681654,-0.107347,11.12700000000001
1772222271228288156,2026-02-27 14:57:51.228,-14.8259,1.78564,-51.841,0.6306,0.663729,-0.104501,11.128
1772222271229492850,2026-02-27 14:57:51.229,-14.5384,1.72605,-51.7474,0.628908,0.646803,-0.102933,11.129000000000005
1772222271230623937,2026-02-27 14:57:51.230,-14.2387,1.65902,-51.5303,0.627204,0.629761,-0.10152,11.13000000000001
1772222271231753720,2026-02-27 14:57:51.231,-13.9948,1.60703,-51.4254,0.619648,0.613715,-0.098985,11.131
1772222271232886620,2026-02-27 14:57:51.232,-13.6782,1.56705,-52.1198,0.616598,0.597917,-0.088932,11.132000000000005
1772222271234068953,2026-02-27 14:57:51.234,-13.2225,1.47744,-51.3027,0.611124,0.566677,-0.089079,11.134
1772222271235251811,2026-02-27 14:57:51.235,-12.8734,1.47779,-50.7397,0.606491,0.550377,-0.090743,11.135000000000005
1772222271236448281,2026-02-27 14:57:51.236,-12.5526,1.39501,-50.3381,0.601828,0.534943,-0.089549,11.13600000000001
1772222271237691396,2026-02-27 14:57:51.237,-12.4174,1.3539,-50.171,0.596803,0.520775,-0.087314,11.137
1772222271238865698,2026-02-27 14:57:51.238,-12.1853,1.2718,-50.0369,0.58938,0.506867,-0.086083,11.138000000000005
1772222271240063093,2026-02-27 14:57:51.240,-11.7304,1.1577,-48.6512,0.583275,0.4786,-0.092181,11.14
1772222271241243063,2026-02-27 14:57:51.241,-11.4375,1.09037,-48.8027,0.57693,0.465631,-0.087495,11.141000000000005
1772222271242443264,2026-02-27 14:57:51.242,-11.2948,1.09176,-48.6691,0.576446,0.453462,-0.086049,11.14200000000001
1772222271243568449,2026-02-27 14:57:51.243,-11.0612,1.01086,-49.0951,0.571802,0.440508,-0.079957,11.143
1772222271244698466,2026-02-27 14:57:51.244,-10.9085,0.971042,-49.2438,0.570004,0.430774,-0.075768,11.144000000000005
1772222271245875850,2026-02-27 14:57:51.245,-10.7225,0.928395,-49.072,0.564419,0.419704,-0.074045,11.14500000000001
1772222271247051639,2026-02-27 14:57:51.247,-10.584,0.863683,-49.0182,0.5612,0.408891,-0.072968,11.147000000000006
1772222271248232896,2026-02-27 14:57:51.248,-10.2437,0.880739,-49.4172,0.556683,0.389173,-0.064629,11.14800000000001
1772222271249437131,2026-02-27 14:57:51.249,-10.1182,0.821205,-49.6549,0.550513,0.380699,-0.062731,11.149000000000001
1772222271250561755,2026-02-27 14:57:51.250,-10.0227,0.728352,-49.4122,0.551951,0.37172,-0.062324,11.150000000000006
1772222271251690538,2026-02-27 14:57:51.251,-9.83588,0.763118,-48.8609,0.551583,0.362483,-0.065395,11.15100000000001
1772222271252889096,2026-02-27 14:57:51.252,-9.73188,0.746387,-48.5427,0.550687,0.354196,-0.067319,11.152000000000001
1772222271254070655,2026-02-27 14:57:51.254,-9.57838,0.779938,-48.4148,0.550828,0.349083,-0.067879,11.15400000000001
1772222271255239023,2026-02-27 14:57:51.255,-9.41326,0.768124,-48.3853,0.54832,0.337186,-0.066129,11.155000000000001
1772222271256437840,2026-02-27 14:57:51.256,-9.38273,0.756282,-48.1255,0.549632,0.332263,-0.068472,11.156000000000006
1772222271257554086,2026-02-27 14:57:51.257,-9.29766,0.83918,-47.3926,0.551817,0.329692,-0.074394,11.15700000000001
1772222271258681415,2026-02-27 14:57:51.258,-9.30234,0.816238,-47.8022,0.553794,0.326428,-0.070909,11.158000000000001
1772222271259876410,2026-02-27 14:57:51.259,-9.2899,0.86172,-47.9917,0.555375,0.325242,-0.069877,11.159000000000006
1772222271261060899,2026-02-27 14:57:51.261,-9.24718,0.907846,-48.5418,0.558864,0.324217,-0.06646,11.161000000000001
1772222271262230145,2026-02-27 14:57:51.262,-9.27267,0.921712,-48.7732,0.566056,0.3254,-0.068141,11.162000000000006
1772222271263420107,2026-02-27 14:57:51.263,-9.37611,0.961644,-48.8948,0.568771,0.328458,-0.068329,11.163000000000011
1772222271264570705,2026-02-27 14:57:51.264,-9.41039,1.04126,-48.9028,0.573857,0.332912,-0.06994,11.164000000000001
1772222271265699697,2026-02-27 14:57:51.265,-9.44311,1.09252,-50.154,0.579722,0.338234,-0.061996,11.165000000000006
1772222271266877092,2026-02-27 14:57:51.266,-9.54181,1.14284,-49.8979,0.585241,0.341905,-0.066836,11.166000000000011
1772222271268061204,2026-02-27 14:57:51.268,-9.66476,1.20579,-50.1071,0.592984,0.34827,-0.068916,11.168000000000006
1772222271269242987,2026-02-27 14:57:51.269,-9.84736,1.24507,-49.757,0.600687,0.357634,-0.078828,11.169000000000011
1772222271270439551,2026-02-27 14:57:51.270,-9.95904,1.2685,-49.9669,0.609469,0.363825,-0.080698,11.170000000000002
1772222271271569685,2026-02-27 14:57:51.271,-10.0301,1.33798,-50.2024,0.613089,0.367835,-0.082015,11.171000000000006
1772222271272697588,2026-02-27 14:57:51.272,-10.1324,1.3574,-50.5187,0.618584,0.373292,-0.083369,11.172000000000011
1772222271273896056,2026-02-27 14:57:51.273,-10.2827,1.36587,-49.9331,0.620933,0.379039,-0.092177,11.173000000000002
1772222271275069299,2026-02-27 14:57:51.275,-10.3581,1.43438,-50.0822,0.626844,0.385113,-0.094068,11.175000000000011
1772222271276241894,2026-02-27 14:57:51.276,-10.5825,1.35654,-51.2373,0.635541,0.394972,-0.091808,11.176000000000002
1772222271277434992,2026-02-27 14:57:51.277,-10.7147,1.42608,-51.9015,0.638324,0.402199,-0.089974,11.177000000000007
1772222271278560417,2026-02-27 14:57:51.278,-10.824,1.38447,-52.1608,0.63949,0.406573,-0.090973,11.178000000000011
1772222271279691444,2026-02-27 14:57:51.279,-11.0248,1.42386,-52.4488,0.639173,0.414473,-0.094111,11.179000000000002
1772222271280845576,2026-02-27 14:57:51.280,-11.0855,1.45227,-52.6195,0.644494,0.419436,-0.095826,11.180000000000007
1772222271282043485,2026-02-27 14:57:51.282,-11.2195,1.4544,-53.1384,0.647166,0.427509,-0.09439,11.182000000000002
1772222271283239455,2026-02-27 14:57:51.283,-11.6243,1.48301,-54.0676,0.656135,0.446678,-0.095823,11.183000000000007
1772222271284436013,2026-02-27 14:57:51.284,-11.8239,1.54996,-54.0817,0.660625,0.457125,-0.100014,11.184000000000012
1772222271285562446,2026-02-27 14:57:51.285,-12.0617,1.58358,-53.9617,0.663918,0.470689,-0.106122,11.185000000000002
1772222271286693041,2026-02-27 14:57:51.286,-12.3026,1.6205,-53.9109,0.66817,0.483688,-0.110954,11.186000000000007
1772222271287889521,2026-02-27 14:57:51.287,-12.5407,1.68693,-54.2177,0.675156,0.499375,-0.113816,11.187000000000012
1772222271289085287,2026-02-27 14:57:51.289,-12.8333,1.6846,-54.4097,0.678997,0.515421,-0.115838,11.189000000000007
1772222271290266462,2026-02-27 14:57:51.290,-13.3358,1.85406,-53.766,0.69291,0.549549,-0.133265,11.190000000000012
1772222271291473985,2026-02-27 14:57:51.291,-13.6053,1.88695,-54.3496,0.697613,0.567433,-0.134438,11.191000000000003
1772222271292603603,2026-02-27 14:57:51.292,-13.9293,1.93333,-54.4887,0.703408,0.585065,-0.138291,11.192000000000007
1772222271293732006,2026-02-27 14:57:51.293,-14.1785,1.958,-55.2964,0.711567,0.601764,-0.136097,11.193000000000012
1772222271294905354,2026-02-27 14:57:51.294,-14.515,2.06187,-55.6888,0.718657,0.620155,-0.13854,11.194000000000003
1772222271296102611,2026-02-27 14:57:51.296,-14.7571,2.06243,-55.9054,0.721326,0.636257,-0.142978,11.196000000000012
1772222271297287098,2026-02-27 14:57:51.297,-15.188,2.23317,-56.1653,0.738295,0.667995,-0.149523,11.197000000000003
1772222271298488998,2026-02-27 14:57:51.298,-15.4092,2.21441,-57.0577,0.738978,0.681195,-0.144101,11.198000000000008
1772222271299618945,2026-02-27 14:57:51.299,-15.6034,2.25703,-57.1978,0.743944,0.695023,-0.147564,11.199000000000012
1772222271300792902,2026-02-27 14:57:51.300,-15.8288,2.3331,-57.2222,0.748779,0.709697,-0.150089,11.200000000000003
1772222271301991162,2026-02-27 14:57:51.301,-16.0059,2.33418,-56.7898,0.753283,0.720386,-0.157076,11.201000000000008
1772222271303175237,2026-02-27 14:57:51.303,-16.2105,2.33368,-56.5349,0.752818,0.732401,-0.162135,11.203000000000003
1772222271304358609,2026-02-27 14:57:51.304,-16.5969,2.35944,-56.5448,0.761353,0.754386,-0.166969,11.204000000000008
1772222271305534235,2026-02-27 14:57:51.305,-16.7824,2.367,-56.6323,0.760879,0.76594,-0.169439,11.205000000000013
1772222271306662017,2026-02-27 14:57:51.306,-16.9667,2.38789,-56.2856,0.763546,0.777546,-0.175871,11.206000000000003
1772222271307857384,2026-02-27 14:57:51.307,-17.0119,2.46467,-55.5962,0.764884,0.785539,-0.181495,11.207000000000008
1772222271309057512,2026-02-27 14:57:51.309,-17.1542,2.4206,-55.9547,0.763678,0.793879,-0.179863,11.209000000000003
1772222271310241406,2026-02-27 14:57:51.310,-17.3195,2.40254,-56.1486,0.760062,0.804394,-0.178623,11.210000000000008
1772222271311416409,2026-02-27 14:57:51.311,-17.4295,2.38097,-56.6112,0.76166,0.818613,-0.17623,11.211000000000013
1772222271312552901,2026-02-27 14:57:51.312,-17.5533,2.32617,-56.5846,0.761798,0.825557,-0.177343,11.212000000000003
1772222271313680215,2026-02-27 14:57:51.313,-17.6087,2.34849,-56.5606,0.763858,0.832074,-0.177768,11.213000000000008
1772222271314883100,2026-02-27 14:57:51.314,-17.6588,2.35346,-56.5591,0.763197,0.837071,-0.178038,11.213999999999999
1772222271316080239,2026-02-27 14:57:51.316,-17.7063,2.29712,-57.6416,0.760829,0.841965,-0.168295,11.216000000000008
1772222271317265754,2026-02-27 14:57:51.317,-17.805,2.33099,-57.1237,0.763671,0.844883,-0.172832,11.216999999999999
1772222271318438552,2026-02-27 14:57:51.318,-17.8437,2.31223,-56.6554,0.760699,0.848414,-0.176094,11.218000000000004
1772222271319619669,2026-02-27 14:57:51.319,-17.8065,2.25571,-56.5006,0.757172,0.848515,-0.178059,11.219000000000008
1772222271320798572,2026-02-27 14:57:51.320,-17.7333,2.31514,-56.5918,0.762839,0.847548,-0.176063,11.219999999999999
1772222271321997725,2026-02-27 14:57:51.321,-17.6555,2.2601,-56.603,0.758309,0.842996,-0.174461,11.221000000000004
1772222271323176513,2026-02-27 14:57:51.323,-17.6069,2.2053,-56.5473,0.758951,0.838499,-0.173553,11.222999999999999
1772222271324354361,2026-02-27 14:57:51.324,-17.4309,2.16295,-55.7533,0.7545,0.828723,-0.176604,11.224000000000004
1772222271325549702,2026-02-27 14:57:51.325,-17.3749,2.14038,-55.8058,0.752093,0.822408,-0.174924,11.225000000000009
1772222271326697844,2026-02-27 14:57:51.326,-17.1748,2.15487,-56.2793,0.751952,0.814721,-0.16749,11.225999999999999
1772222271327899246,2026-02-27 14:57:51.327,-17.1108,2.06367,-56.7556,0.748656,0.808131,-0.163324,11.227000000000004
1772222271329104550,2026-02-27 14:57:51.329,-16.9365,2.01005,-56.6691,0.748476,0.798329,-0.160699,11.229
1772222271330277190,2026-02-27 14:57:51.330,-16.785,1.91963,-56.8008,0.747991,0.789055,-0.159071,11.230000000000004
1772222271331470470,2026-02-27 14:57:51.331,-16.4725,1.90899,-57.2913,0.746759,0.766153,-0.14917,11.231000000000009
1772222271332610151,2026-02-27 14:57:51.332,-16.2786,1.86702,-57.8239,0.747169,0.75438,-0.14215,11.232
1772222271333805719,2026-02-27 14:57:51.333,-16.097,1.84697,-57.5797,0.747597,0.740893,-0.141919,11.233000000000004
1772222271335008291,2026-02-27 14:57:51.335,-15.8724,1.87016,-57.3581,0.748049,0.726205,-0.141256,11.235
1772222271336206174,2026-02-27 14:57:51.336,-15.6798,1.73094,-57.0476,0.742165,0.709736,-0.142216,11.236000000000004
1772222271337394811,2026-02-27 14:57:51.337,-15.1146,1.75077,-56.9145,0.742934,0.676455,-0.136814,11.237000000000009
1772222271338534325,2026-02-27 14:57:51.338,-14.8075,1.74666,-56.9117,0.739997,0.659719,-0.133811,11.238
1772222271339667561,2026-02-27 14:57:51.339,-14.5635,1.61696,-56.8241,0.73611,0.640181,-0.131626,11.239000000000004
1772222271340848231,2026-02-27 14:57:51.340,-14.282,1.62256,-55.7672,0.731542,0.622771,-0.137444,11.240000000000009
1772222271342047965,2026-02-27 14:57:51.342,-13.8903,1.5757,-56.0963,0.729609,0.603069,-0.130145,11.242000000000004
1772222271343229589,2026-02-27 14:57:51.343,-13.6403,1.62348,-56.1013,0.730817,0.585563,-0.125919,11.24300000000001
1772222271344409796,2026-02-27 14:57:51.344,-12.9744,1.51673,-56.626,0.725431,0.54471,-0.113546,11.244
1772222271345566558,2026-02-27 14:57:51.345,-12.6663,1.49849,-56.6228,0.726607,0.526098,-0.110437,11.245000000000005
1772222271346746377,2026-02-27 14:57:51.346,-12.3189,1.44201,-56.4767,0.72208,0.505939,-0.107602,11.24600000000001
1772222271348038499,2026-02-27 14:57:51.348,-11.9544,1.43996,-56.4341,0.724104,0.487682,-0.104055,11.248000000000005
1772222271349237983,2026-02-27 14:57:51.349,-11.6049,1.40438,-57.2559,0.717472,0.468128,-0.090263,11.24900000000001
1772222271350423713,2026-02-27 14:57:51.350,-11.0538,1.31626,-56.9719,0.722006,0.423515,-0.086289,11.25
1772222271351565475,2026-02-27 14:57:51.351,-10.7569,1.25255,-56.4915,0.719095,0.40419,-0.087923,11.251000000000005
1772222271352704589,2026-02-27 14:57:51.352,-10.4087,1.18182,-56.1788,0.717414,0.381785,-0.085552,11.25200000000001
1772222271353908897,2026-02-27 14:57:51.353,-9.83181,1.16546,-56.0294,0.717015,0.368168,-0.075787,11.253
1772222271355054314,2026-02-27 14:57:51.355,-8.86279,1.05699,-55.9667,0.72034,0.37566,-0.050563,11.25500000000001
1772222271356210607,2026-02-27 14:57:51.356,-7.74817,0.968589,-55.6564,0.718176,0.40184,-0.015629,11.256
1772222271357401537,2026-02-27 14:57:51.357,-6.34507,0.92324,-54.1305,0.722349,0.451962,0.034986,11.257000000000005
1772222271358570815,2026-02-27 14:57:51.358,-6.01566,0.847627,-54.106,0.726332,0.465284,0.054946,11.25800000000001
1772222271359702217,2026-02-27 14:57:51.359,-5.88388,0.793299,-54.4591,0.729839,0.475336,0.069521,11.259
1772222271360872841,2026-02-27 14:57:51.360,-5.61297,0.739843,-54.8204,0.74294,0.475084,0.082872,11.260000000000005
1772222271362052820,2026-02-27 14:57:51.362,-5.43873,0.632104,-54.9882,0.745219,0.46958,0.090441,11.262
1772222271363227000,2026-02-27 14:57:51.363,-5.26971,0.714667,-55.1723,0.754637,0.461533,0.097654,11.263000000000005
1772222271364399678,2026-02-27 14:57:51.364,-4.95316,0.759836,-55.7857,0.761538,0.433869,0.107971,11.26400000000001
1772222271365557077,2026-02-27 14:57:51.365,-4.83053,0.7914,-57.0753,0.762148,0.414772,0.118185,11.265
1772222271366693336,2026-02-27 14:57:51.366,-4.85644,0.833462,-57.0536,0.769181,0.396971,0.11459,11.266000000000005
1772222271367869342,2026-02-27 14:57:51.367,-4.94912,0.952363,-57.4123,0.775253,0.377555,0.112792,11.26700000000001
1772222271369043936,2026-02-27 14:57:51.369,-5.00811,1.0788,-57.35,0.779304,0.360014,0.1058,11.269000000000005
1772222271370219406,2026-02-27 14:57:51.370,-5.36564,1.13192,-57.5346,0.780421,0.342335,0.098103,11.27000000000001
1772222271371410854,2026-02-27 14:57:51.371,-5.7522,1.41462,-58.0407,0.793794,0.316286,0.083704,11.271
1772222271372610725,2026-02-27 14:57:51.372,-6.02104,1.54936,-58.211,0.801199,0.308853,0.074705,11.272000000000006
1772222271373794119,2026-02-27 14:57:51.373,-6.29496,1.72627,-57.4257,0.807883,0.304476,0.056587,11.27300000000001
1772222271374982486,2026-02-27 14:57:51.374,-6.52215,1.87867,-57.6199,0.813537,0.302197,0.048302,11.274000000000001
1772222271376172250,2026-02-27 14:57:51.376,-6.80312,2.04032,-57.6142,0.817958,0.302631,0.03732,11.27600000000001
1772222271377353192,2026-02-27 14:57:51.377,-7.39265,2.38806,-58.0895,0.831994,0.311342,0.021728,11.277000000000001
1772222271378546429,2026-02-27 14:57:51.378,-7.67444,2.49167,-57.9193,0.838012,0.316995,0.010761,11.278000000000006
1772222271379677877,2026-02-27 14:57:51.379,-7.9137,2.71659,-57.5814,0.844975,0.324404,-0.000719,11.27900000000001
1772222271380825617,2026-02-27 14:57:51.380,-8.19191,2.9298,-57.3093,0.856325,0.333114,-0.011293,11.280000000000001
1772222271381997692,2026-02-27 14:57:51.381,-8.48617,3.07147,-57.5824,0.859537,0.342328,-0.016822,11.281000000000006
1772222271383171007,2026-02-27 14:57:51.383,-8.77815,3.19437,-57.5784,0.865611,0.351182,-0.024067,11.283000000000001
1772222271384409108,2026-02-27 14:57:51.384,-9.30778,3.50388,-56.279,0.877647,0.366688,-0.049131,11.284000000000006
1772222271385554231,2026-02-27 14:57:51.385,-9.62484,3.6724,-55.6771,0.884149,0.374932,-0.060688,11.28500000000001
1772222271386679960,2026-02-27 14:57:51.386,-9.86591,3.82919,-55.3031,0.89194,0.384136,-0.071339,11.286000000000001
1772222271387825118,2026-02-27 14:57:51.387,-10.1572,3.93364,-54.9394,0.895376,0.392596,-0.080795,11.287000000000006
1772222271389000941,2026-02-27 14:57:51.389,-10.3885,4.0207,-54.6732,0.899096,0.400405,-0.09076,11.289000000000001
1772222271390183379,2026-02-27 14:57:51.390,-10.6154,4.15519,-54.2671,0.905435,0.407973,-0.100139,11.290000000000006
1772222271391362325,2026-02-27 14:57:51.391,-10.8738,4.28558,-53.2156,0.909935,0.416874,-0.114972,11.291000000000011
1772222271392500502,2026-02-27 14:57:51.392,-11.2259,4.49089,-53.3648,0.918773,0.439101,-0.120228,11.292000000000002
1772222271393612742,2026-02-27 14:57:51.393,-11.3478,4.56329,-53.6752,0.922979,0.450392,-0.119302,11.293000000000006
1772222271394758971,2026-02-27 14:57:51.394,-11.5581,4.60042,-53.6043,0.925286,0.462841,-0.12097,11.294000000000011
1772222271395928877,2026-02-27 14:57:51.395,-11.7303,4.66588,-53.3444,0.922692,0.474022,-0.123691,11.295000000000002
1772222271397098327,2026-02-27 14:57:51.397,-11.8989,4.6987,-53.2069,0.924393,0.483867,-0.126175,11.297000000000011
1772222271398273601,2026-02-27 14:57:51.398,-12.1188,4.74032,-53.0849,0.925128,0.496622,-0.129553,11.298000000000002
1772222271399443521,2026-02-27 14:57:51.399,-12.4723,4.85903,-53.5488,0.926135,0.52283,-0.130553,11.299000000000007
1772222271400604312,2026-02-27 14:57:51.400,-12.6899,4.88118,-53.4454,0.932259,0.536729,-0.133857,11.300000000000011
1772222271401755895,2026-02-27 14:57:51.401,-12.9052,4.93069,-52.945,0.936763,0.551794,-0.141892,11.301000000000002
1772222271402937673,2026-02-27 14:57:51.402,-13.1178,4.98316,-52.584,0.939276,0.56462,-0.147449,11.302000000000007
1772222271404108226,2026-02-27 14:57:51.404,-13.3711,4.99124,-52.5816,0.943621,0.579779,-0.151066,11.304000000000002
1772222271405288921,2026-02-27 14:57:51.405,-13.5899,4.94708,-52.6599,0.946345,0.594277,-0.154799,11.305000000000007
1772222271406471462,2026-02-27 14:57:51.406,-13.9831,4.95083,-52.0301,0.951047,0.619362,-0.167318,11.306000000000012
1772222271407601187,2026-02-27 14:57:51.407,-14.173,4.9087,-51.9625,0.951902,0.631766,-0.171635,11.307000000000002
1772222271408736856,2026-02-27 14:57:51.408,-14.3177,4.84537,-52.1426,0.951927,0.64195,-0.172265,11.308000000000007
1772222271409894528,2026-02-27 14:57:51.409,-14.4407,4.83684,-52.7259,0.952267,0.652882,-0.170328,11.309000000000012
1772222271411063349,2026-02-27 14:57:51.411,-14.6446,4.77577,-53.3452,0.955699,0.66404,-0.169186,11.311000000000007
1772222271412207683,2026-02-27 14:57:51.412,-14.8444,4.74685,-53.4466,0.947122,0.672419,-0.17009,11.312000000000012
1772222271413346232,2026-02-27 14:57:51.413,-14.9939,4.72002,-53.64,0.949349,0.682251,-0.171721,11.313000000000002
1772222271414549523,2026-02-27 14:57:51.414,-15.2001,4.61075,-53.8362,0.944429,0.691415,-0.173507,11.314000000000007
1772222271415682833,2026-02-27 14:57:51.415,-15.4273,4.50562,-55.2174,0.948349,0.710251,-0.167774,11.315000000000012
1772222271416852144,2026-02-27 14:57:51.416,-15.5754,4.42708,-55.066,0.947719,0.719252,-0.172496,11.316000000000003
1772222271418030983,2026-02-27 14:57:51.418,-15.7836,4.38472,-55.2405,0.943914,0.728887,-0.174429,11.318000000000012
1772222271419217221,2026-02-27 14:57:51.419,-16.0184,4.29102,-55.0278,0.941762,0.737377,-0.179528,11.319000000000003
1772222271420352810,2026-02-27 14:57:51.420,-16.1088,4.26091,-55.1895,0.939222,0.747865,-0.182996,11.320000000000007
1772222271421541034,2026-02-27 14:57:51.421,-16.5138,4.05588,-55.7692,0.933338,0.766072,-0.185728,11.321000000000012
1772222271422672978,2026-02-27 14:57:51.422,-16.6871,3.97573,-56.1373,0.935482,0.776592,-0.188765,11.322000000000003
1772222271423835866,2026-02-27 14:57:51.423,-16.8115,3.8997,-55.4172,0.933446,0.78327,-0.199588,11.323000000000008
1772222271424992569,2026-02-27 14:57:51.424,-16.9596,3.84257,-56.1885,0.932395,0.792644,-0.197131,11.324000000000012
1772222271426125775,2026-02-27 14:57:51.426,-17.0597,3.68974,-56.4408,0.926352,0.80043,-0.199462,11.326000000000008
1772222271427269708,2026-02-27 14:57:51.427,-17.2464,3.59287,-57.4629,0.92361,0.8078,-0.196295,11.327000000000012
1772222271428473404,2026-02-27 14:57:51.428,-17.2925,3.5152,-58.1481,0.920299,0.812804,-0.194484,11.328000000000003
1772222271429605237,2026-02-27 14:57:51.429,-17.5217,3.23928,-58.9083,0.911197,0.8211,-0.197588,11.329000000000008
1772222271430797302,2026-02-27 14:57:51.430,-17.5144,3.23437,-59.3177,0.91241,0.822596,-0.197176,11.330000000000013
1772222271431971667,2026-02-27 14:57:51.431,-17.5982,3.02031,-60.5666,0.907278,0.824718,-0.190384,11.331000000000003
1772222271433141220,2026-02-27 14:57:51.433,-17.5954,2.90595,-61.1992,0.904766,0.82371,-0.190407,11.333000000000013
1772222271434312375,2026-02-27 14:57:51.434,-17.5958,2.77585,-61.5854,0.901534,0.822688,-0.190743,11.334000000000003
1772222271435497160,2026-02-27 14:57:51.435,-17.608,2.50776,-61.8361,0.895137,0.817179,-0.196626,11.335000000000008
1772222271436632188,2026-02-27 14:57:51.436,-17.6123,2.38513,-62.2478,0.891597,0.812946,-0.196288,11.336000000000013
1772222271437759542,2026-02-27 14:57:51.437,-17.6338,2.22368,-62.7666,0.889356,0.808563,-0.195136,11.337000000000003
1772222271438906545,2026-02-27 14:57:51.438,-17.5763,2.05037,-63.2788,0.88489,0.803072,-0.194917,11.338000000000008
1772222271440034277,2026-02-27 14:57:51.440,-17.59,1.86945,-63.5161,0.877082,0.796223,-0.196695,11.340000000000003
1772222271441202814,2026-02-27 14:57:51.441,-17.5478,1.80181,-63.2691,0.873819,0.790296,-0.200444,11.341000000000008
1772222271442372593,2026-02-27 14:57:51.442,-17.4922,1.58405,-64.1957,0.871184,0.783796,-0.195938,11.341999999999999
1772222271443567234,2026-02-27 14:57:51.443,-17.4249,1.25879,-65.7589,0.857576,0.768804,-0.18832,11.343000000000004
1772222271444700978,2026-02-27 14:57:51.444,-17.3403,1.08618,-66.307,0.853766,0.763874,-0.185567,11.344000000000008
1772222271445846902,2026-02-27 14:57:51.445,-17.3072,0.945794,-66.8425,0.84688,0.757151,-0.185147,11.344999999999999
1772222271447021935,2026-02-27 14:57:51.447,-17.1769,0.796119,-67.2963,0.842363,0.75174,-0.184285,11.347000000000008
1772222271448193105,2026-02-27 14:57:51.448,-17.0767,0.582337,-67.686,0.831206,0.744896,-0.184379,11.347999999999999
1772222271449363180,2026-02-27 14:57:51.449,-17.0324,0.422365,-69.1205,0.824577,0.739721,-0.174023,11.349000000000004
1772222271450551017,2026-02-27 14:57:51.450,-16.9049,0.146261,-69.6368,0.814657,0.730446,-0.176523,11.350000000000009
1772222271451689252,2026-02-27 14:57:51.451,-16.8753,-0.042339,-69.5235,0.803672,0.721777,-0.179031,11.350999999999999
1772222271452834610,2026-02-27 14:57:51.452,-16.7732,-0.209257,-69.7116,0.797132,0.715409,-0.181675,11.352000000000004
1772222271454004913,2026-02-27 14:57:51.454,-16.6967,-0.34318,-70.0041,0.788769,0.708966,-0.180964,11.354
1772222271455174973,2026-02-27 14:57:51.455,-16.6644,-0.450427,-70.4153,0.781486,0.702297,-0.180893,11.355000000000004
1772222271456345454,2026-02-27 14:57:51.456,-16.5883,-0.649015,-70.7539,0.772654,0.695005,-0.179386,11.356000000000009
1772222271457547643,2026-02-27 14:57:51.457,-16.4544,-0.943219,-70.4311,0.758242,0.681442,-0.185952,11.357
1772222271458785427,2026-02-27 14:57:51.458,-16.2998,-1.07154,-70.724,0.747756,0.673926,-0.185098,11.358000000000004
1772222271459925422,2026-02-27 14:57:51.459,-16.2112,-1.25924,-71.488,0.736966,0.667062,-0.180883,11.359000000000009
1772222271461075966,2026-02-27 14:57:51.461,-16.1608,-1.363,-72.0014,0.72936,0.662788,-0.177502,11.361000000000004
1772222271462247210,2026-02-27 14:57:51.462,-16.0997,-1.48878,-72.2466,0.721378,0.656644,-0.177816,11.362000000000009
1772222271463417686,2026-02-27 14:57:51.463,-16.0786,-1.57925,-72.3894,0.712639,0.65335,-0.178304,11.363
1772222271464556286,2026-02-27 14:57:51.464,-16.0837,-1.73153,-73.0045,0.698107,0.647692,-0.175526,11.364000000000004
1772222271465703433,2026-02-27 14:57:51.465,-16.0998,-1.88253,-73.7675,0.690688,0.646157,-0.171453,11.365000000000009
1772222271466849307,2026-02-27 14:57:51.466,-16.0739,-1.93101,-73.5621,0.685276,0.644862,-0.175106,11.366
1772222271468018896,2026-02-27 14:57:51.468,-16.1484,-2.02299,-73.4165,0.680068,0.645379,-0.179209,11.36800000000001
1772222271469199832,2026-02-27 14:57:51.469,-16.1907,-2.08556,-73.2187,0.674497,0.646479,-0.18501,11.369
1772222271470324204,2026-02-27 14:57:51.470,-16.1013,-2.16915,-73.1654,0.667591,0.644346,-0.187112,11.370000000000005
1772222271471497247,2026-02-27 14:57:51.471,-16.1203,-2.15746,-73.283,0.664715,0.644024,-0.18807,11.37100000000001
1772222271472625386,2026-02-27 14:57:51.472,-16.0824,-2.25983,-73.31,0.655321,0.641357,-0.190669,11.372
1772222271473753782,2026-02-27 14:57:51.473,-16.1604,-2.23525,-72.3237,0.646594,0.639763,-0.202187,11.373000000000005
1772222271474912840,2026-02-27 14:57:51.474,-16.0878,-2.2886,-72.8164,0.648464,0.637824,-0.198189,11.37400000000001
1772222271476057556,2026-02-27 14:57:51.476,-16.0928,-2.28613,-72.7902,0.644923,0.637769,-0.199312,11.376000000000005
1772222271477183201,2026-02-27 14:57:51.477,-16.0797,-2.31864,-73.1607,0.639398,0.63361,-0.195964,11.37700000000001
1772222271478329277,2026-02-27 14:57:51.478,-16.0093,-2.27314,-73.291,0.634903,0.631592,-0.194833,11.378
1772222271479510740,2026-02-27 14:57:51.479,-16.0011,-2.32529,-73.1379,0.629726,0.629078,-0.196775,11.379000000000005
1772222271480634544,2026-02-27 14:57:51.480,-15.8679,-2.23149,-72.7991,0.625438,0.624114,-0.198765,11.38000000000001
1772222271481761396,2026-02-27 14:57:51.481,-15.7988,-2.22822,-73.4459,0.621752,0.620173,-0.190207,11.381
1772222271482916952,2026-02-27 14:57:51.482,-15.7809,-2.1842,-73.1136,0.61629,0.616001,-0.191557,11.382000000000005
1772222271484061086,2026-02-27 14:57:51.484,-15.7397,-2.10794,-72.8575,0.615639,0.614655,-0.193313,11.384
1772222271485218035,2026-02-27 14:57:51.485,-15.7166,-2.03987,-72.0646,0.6131,0.612637,-0.199496,11.385000000000005
1772222271486394413,2026-02-27 14:57:51.486,-15.744,-1.95981,-71.4261,0.608579,0.61185,-0.20408,11.38600000000001
1772222271487559833,2026-02-27 14:57:51.487,-15.6671,-1.89077,-71.0231,0.605374,0.611822,-0.206494,11.387
1772222271488700454,2026-02-27 14:57:51.488,-15.7215,-1.70429,-70.1918,0.601257,0.616935,-0.209269,11.388000000000005
1772222271489829467,2026-02-27 14:57:51.489,-15.6928,-1.51258,-69.3117,0.604164,0.618746,-0.215924,11.38900000000001
1772222271491000653,2026-02-27 14:57:51.491,-15.756,-1.37044,-68.358,0.602706,0.622794,-0.221783,11.391000000000005
1772222271492157013,2026-02-27 14:57:51.492,-15.8087,-1.29568,-68.1075,0.594086,0.626199,-0.220097,11.39200000000001
1772222271493321634,2026-02-27 14:57:51.493,-15.7939,-1.16433,-67.9136,0.5957,0.632375,-0.218276,11.393
1772222271494476289,2026-02-27 14:57:51.494,-15.8177,-1.02556,-67.8889,0.595969,0.638138,-0.215691,11.394000000000005
1772222271495603787,2026-02-27 14:57:51.495,-15.8878,-0.865727,-67.5352,0.597079,0.646503,-0.216752,11.39500000000001
1772222271496736661,2026-02-27 14:57:51.496,-16.1275,-0.623357,-66.5985,0.5964,0.66407,-0.220088,11.396
1772222271497859884,2026-02-27 14:57:51.497,-16.1806,-0.560185,-66.2608,0.597858,0.674641,-0.221673,11.397000000000006
1772222271499004182,2026-02-27 14:57:51.499,-16.2891,-0.406618,-66.8636,0.595996,0.683883,-0.213706,11.399000000000001
1772222271500159890,2026-02-27 14:57:51.500,-16.4691,-0.304434,-65.8793,0.590532,0.693625,-0.218392,11.400000000000006
1772222271501316224,2026-02-27 14:57:51.501,-16.5975,-0.147892,-65.5179,0.59217,0.70508,-0.21753,11.40100000000001
1772222271502471666,2026-02-27 14:57:51.502,-16.6834,-0.033707,-64.6173,0.5908,0.714822,-0.221368,11.402000000000001
1772222271503597117,2026-02-27 14:57:51.503,-16.8834,0.030839,-64.064,0.590124,0.726112,-0.222164,11.403000000000006
1772222271504728530,2026-02-27 14:57:51.504,-17.3204,0.286978,-63.21,0.590414,0.747047,-0.216271,11.40400000000001
1772222271505855108,2026-02-27 14:57:51.505,-17.4796,0.389219,-62.741,0.587092,0.762222,-0.213386,11.405000000000001
1772222271507040360,2026-02-27 14:57:51.507,-17.5702,0.612973,-61.453,0.594062,0.777064,-0.21984,11.40700000000001
1772222271508210705,2026-02-27 14:57:51.508,-17.703,0.783499,-61.1805,0.594155,0.792279,-0.217824,11.408000000000001
1772222271509380522,2026-02-27 14:57:51.509,-17.968,0.929271,-60.7725,0.593938,0.8084,-0.218255,11.409000000000006
1772222271510560183,2026-02-27 14:57:51.510,-18.1852,0.964786,-60.9083,0.588941,0.82652,-0.210232,11.41000000000001
1772222271511688407,2026-02-27 14:57:51.511,-18.7093,1.2747,-60.4839,0.5938,0.867482,-0.209826,11.411000000000001
1772222271512814101,2026-02-27 14:57:51.512,-19.0707,1.37893,-60.1594,0.597443,0.893156,-0.212896,11.412000000000006
1772222271513960526,2026-02-27 14:57:51.513,-19.5374,1.45967,-59.8433,0.596539,0.920264,-0.215185,11.413000000000011
1772222271515105368,2026-02-27 14:57:51.515,-19.9919,1.58115,-60.064,0.601319,0.950911,-0.212776,11.415000000000006
1772222271516263682,2026-02-27 14:57:51.516,-20.3708,1.77064,-60.2497,0.607377,0.983763,-0.212282,11.416000000000011
1772222271517437327,2026-02-27 14:57:51.517,-20.9081,1.91643,-59.7507,0.607888,1.01622,-0.217649,11.417000000000002
1772222271518597461,2026-02-27 14:57:51.518,-21.3647,2.05783,-59.0001,0.611804,1.05256,-0.223553,11.418000000000006
1772222271519729662,2026-02-27 14:57:51.519,-22.4773,2.38957,-57.916,0.614371,1.12774,-0.23154,11.419000000000011
1772222271520865133,2026-02-27 14:57:51.520,-22.9794,2.55626,-57.5891,0.610475,1.16665,-0.232286,11.420000000000002
1772222271522010586,2026-02-27 14:57:51.522,-23.4633,2.727,-57.2736,0.617686,1.20704,-0.233691,11.422000000000011
1772222271523153727,2026-02-27 14:57:51.523,-24.0297,2.92739,-56.7711,0.621777,1.24814,-0.236073,11.423000000000002
1772222271524323313,2026-02-27 14:57:51.524,-24.6408,3.08077,-55.5649,0.629277,1.29063,-0.246347,11.424000000000007
1772222271525504812,2026-02-27 14:57:51.525,-25.1842,3.18763,-55.5751,0.632624,1.33151,-0.24503,11.425000000000011
1772222271526638532,2026-02-27 14:57:51.526,-25.7676,3.3164,-55.3227,0.633224,1.37218,-0.246792,11.426000000000002
1772222271527789802,2026-02-27 14:57:51.527,-26.6689,3.56,-55.2751,0.646559,1.4388,-0.247904,11.427000000000007
1772222271528919356,2026-02-27 14:57:51.528,-27.1265,3.73005,-54.8749,0.649238,1.46914,-0.25029,11.428000000000011
1772222271530087554,2026-02-27 14:57:51.530,-27.4084,3.87159,-54.4752,0.649681,1.49419,-0.252332,11.430000000000007
1772222271531244507,2026-02-27 14:57:51.531,-27.7281,3.98513,-54.2769,0.654352,1.52053,-0.25142,11.431000000000012
1772222271532414540,2026-02-27 14:57:51.532,-28.0282,4.00427,-54.9863,0.65751,1.5502,-0.242395,11.432000000000002
1772222271533564798,2026-02-27 14:57:51.533,-28.4634,4.06996,-54.4341,0.658544,1.57428,-0.246417,11.433000000000007
1772222271534698174,2026-02-27 14:57:51.534,-28.9612,4.22792,-53.5345,0.657006,1.60397,-0.25393,11.434000000000012
1772222271535844932,2026-02-27 14:57:51.535,-29.1198,4.23678,-52.8948,0.656073,1.62446,-0.255089,11.435000000000002
1772222271536992726,2026-02-27 14:57:51.536,-29.2917,4.30023,-52.875,0.661188,1.63814,-0.25483,11.436000000000007
1772222271538152282,2026-02-27 14:57:51.538,-29.5488,4.39522,-52.8774,0.660231,1.65286,-0.254872,11.438000000000002
1772222271539305278,2026-02-27 14:57:51.539,-29.7288,4.35118,-52.8523,0.655508,1.66324,-0.256102,11.439000000000007
1772222271540472710,2026-02-27 14:57:51.540,-29.7505,4.33384,-52.1783,0.658178,1.66934,-0.262384,11.440000000000012
1772222271541608386,2026-02-27 14:57:51.541,-29.7616,4.40422,-51.8706,0.655136,1.67015,-0.262887,11.441000000000003
1772222271542743141,2026-02-27 14:57:51.542,-29.8063,4.35454,-52.199,0.649096,1.66659,-0.259939,11.442000000000007
1772222271543899378,2026-02-27 14:57:51.543,-29.5312,4.38678,-53.3862,0.655127,1.65428,-0.245684,11.443000000000012
1772222271545064280,2026-02-27 14:57:51.545,-29.4686,4.38328,-53.561,0.649256,1.64404,-0.244293,11.445000000000007
1772222271546207778,2026-02-27 14:57:51.546,-29.2527,4.44796,-53.8233,0.656034,1.62917,-0.240957,11.446000000000012
1772222271547361610,2026-02-27 14:57:51.547,-29.0239,4.47432,-53.9979,0.661935,1.61225,-0.238657,11.447000000000003
1772222271548533095,2026-02-27 14:57:51.548,-28.7661,4.41174,-54.2598,0.663596,1.58877,-0.232616,11.448000000000008
1772222271549663562,2026-02-27 14:57:51.549,-28.2957,4.41678,-55.3779,0.666446,1.56242,-0.219588,11.449000000000012
1772222271550818453,2026-02-27 14:57:51.550,-27.4667,4.39323,-55.1074,0.667827,1.49986,-0.213407,11.450000000000003
1772222271551960872,2026-02-27 14:57:51.551,-27.0762,4.4485,-54.9188,0.667976,1.46638,-0.210856,11.451000000000008
1772222271553119796,2026-02-27 14:57:51.553,-26.5818,4.37843,-54.8956,0.673864,1.43218,-0.207325,11.453000000000003
1772222271554315052,2026-02-27 14:57:51.554,-26.1175,4.36156,-55.0751,0.674809,1.39731,-0.201176,11.454000000000008
1772222271555497271,2026-02-27 14:57:51.555,-25.5555,4.3396,-55.2875,0.677813,1.3609,-0.195892,11.455000000000013
1772222271556627787,2026-02-27 14:57:51.556,-25.1274,4.29321,-55.541,0.676886,1.3265,-0.191107,11.456000000000003
1772222271557811189,2026-02-27 14:57:51.557,-24.2236,4.17076,-55.0488,0.677038,1.25595,-0.184593,11.457000000000008
1772222271558954692,2026-02-27 14:57:51.558,-23.6622,4.11455,-55.262,0.674941,1.22021,-0.179445,11.458000000000013
1772222271560085952,2026-02-27 14:57:51.560,-23.1399,4.03092,-55.8696,0.673457,1.18647,-0.170039,11.460000000000008
1772222271561269632,2026-02-27 14:57:51.561,-22.6477,3.9499,-56.3808,0.671338,1.15104,-0.163112,11.461000000000013
1772222271562441021,2026-02-27 14:57:51.562,-22.1279,3.83285,-56.5162,0.667796,1.1165,-0.157551,11.462000000000003
1772222271563594533,2026-02-27 14:57:51.563,-21.6921,3.72838,-56.6352,0.664265,1.08372,-0.15473,11.463000000000008
1772222271564725504,2026-02-27 14:57:51.564,-21.1282,3.66621,-56.6853,0.661194,1.05045,-0.149554,11.463999999999999
1772222271565860841,2026-02-27 14:57:51.565,-20.1331,3.45793,-57.6608,0.654055,0.98413,-0.133484,11.465000000000003
1772222271567003257,2026-02-27 14:57:51.567,-19.6274,3.39475,-57.5417,0.649962,0.951478,-0.129494,11.466999999999999
1772222271568271691,2026-02-27 14:57:51.568,-19.1087,3.3363,-57.106,0.646369,0.920021,-0.130255,11.468000000000004
1772222271569478916,2026-02-27 14:57:51.569,-18.6334,3.25502,-56.834,0.642482,0.888493,-0.127895,11.469000000000008
1772222271570613413,2026-02-27 14:57:51.570,-18.1214,3.16894,-56.6671,0.636647,0.857144,-0.125018,11.469999999999999
1772222271571768516,2026-02-27 14:57:51.571,-17.6834,3.07477,-56.6055,0.632253,0.827253,-0.121727,11.471000000000004
1772222271572912990,2026-02-27 14:57:51.572,-16.7703,2.86067,-56.0406,0.618254,0.768398,-0.117408,11.472000000000008
1772222271574043388,2026-02-27 14:57:51.574,-16.3874,2.82184,-54.9933,0.614435,0.741525,-0.121661,11.474000000000004
1772222271575162742,2026-02-27 14:57:51.575,-15.9349,2.68125,-55.2177,0.607723,0.715785,-0.115041,11.475000000000009
1772222271576325915,2026-02-27 14:57:51.576,-15.6741,2.63099,-55.1037,0.600472,0.69251,-0.1109,11.475999999999999
1772222271577520487,2026-02-27 14:57:51.577,-15.2583,2.58958,-55.2462,0.597988,0.670328,-0.104124,11.477000000000004
1772222271578652134,2026-02-27 14:57:51.578,-14.9507,2.45542,-55.1008,0.591895,0.650953,-0.101354,11.478000000000009
1772222271579807471,2026-02-27 14:57:51.579,-14.632,2.4286,-54.6642,0.585973,0.632392,-0.099447,11.479
1772222271580962463,2026-02-27 14:57:51.580,-14.0557,2.27262,-54.0076,0.573007,0.598874,-0.09692,11.480000000000004
1772222271582092986,2026-02-27 14:57:51.582,-13.7279,2.20652,-54.6035,0.571107,0.584825,-0.086195,11.482
1772222271583277833,2026-02-27 14:57:51.583,-13.5481,2.18116,-53.8619,0.564467,0.573778,-0.087585,11.483000000000004
1772222271584474915,2026-02-27 14:57:51.584,-13.3533,2.16479,-53.4662,0.559764,0.563399,-0.085722,11.484000000000009
1772222271585610715,2026-02-27 14:57:51.585,-13.1759,2.1046,-52.5276,0.553595,0.553421,-0.089163,11.485
1772222271586740409,2026-02-27 14:57:51.586,-12.975,2.01315,-51.9049,0.546856,0.545011,-0.090922,11.486000000000004
1772222271587895283,2026-02-27 14:57:51.587,-12.7591,1.91918,-51.068,0.534556,0.532592,-0.088358,11.487000000000009
1772222271589047574,2026-02-27 14:57:51.589,-12.6023,1.79957,-50.6626,0.524915,0.527642,-0.088203,11.489000000000004
1772222271590233968,2026-02-27 14:57:51.590,-12.5003,1.75519,-49.5197,0.522421,0.524436,-0.094709,11.490000000000009
1772222271591405308,2026-02-27 14:57:51.591,-12.5241,1.72109,-48.9772,0.514099,0.521839,-0.094123,11.491
1772222271592553888,2026-02-27 14:57:51.592,-12.4257,1.63272,-48.8454,0.507458,0.519811,-0.092555,11.492000000000004
1772222271593685195,2026-02-27 14:57:51.593,-12.313,1.56915,-48.9929,0.50321,0.519036,-0.088541,11.49300000000001
1772222271594855755,2026-02-27 14:57:51.594,-12.3572,1.49709,-49.1227,0.496727,0.51868,-0.084699,11.494
1772222271596011746,2026-02-27 14:57:51.596,-12.34,1.3834,-48.5784,0.48015,0.519347,-0.084614,11.49600000000001
1772222271597143259,2026-02-27 14:57:51.597,-12.2477,1.36347,-48.3393,0.475951,0.518158,-0.083762,11.497
1772222271598324928,2026-02-27 14:57:51.598,-12.2788,1.31132,-48.2929,0.470992,0.52074,-0.081754,11.498000000000005
1772222271599508101,2026-02-27 14:57:51.599,-12.3219,1.25825,-48.7939,0.459985,0.519823,-0.074348,11.49900000000001
1772222271600641767,2026-02-27 14:57:51.600,-12.2944,1.11987,-48.2021,0.457595,0.521495,-0.077606,11.5
1772222271601790856,2026-02-27 14:57:51.601,-12.3124,1.12521,-47.7997,0.451873,0.523275,-0.080294,11.501000000000005
1772222271602957980,2026-02-27 14:57:51.602,-12.4092,1.03553,-46.976,0.447114,0.529034,-0.085146,11.50200000000001
1772222271604101732,2026-02-27 14:57:51.604,-12.4273,1.04168,-46.7765,0.442298,0.531398,-0.084731,11.504000000000005
1772222271605283714,2026-02-27 14:57:51.605,-12.4647,0.994058,-46.673,0.439671,0.532997,-0.085185,11.50500000000001
1772222271606491848,2026-02-27 14:57:51.606,-12.4695,1.0086,-46.4298,0.43527,0.535451,-0.085169,11.506
1772222271607624421,2026-02-27 14:57:51.607,-12.5566,0.882713,-45.1291,0.428126,0.537433,-0.094689,11.507000000000005
1772222271608784238,2026-02-27 14:57:51.608,-12.6196,0.932538,-45.4402,0.427316,0.541304,-0.090814,11.50800000000001
1772222271609975436,2026-02-27 14:57:51.609,-12.6621,0.917533,-45.6316,0.42384,0.546708,-0.086572,11.509
1772222271611119643,2026-02-27 14:57:51.611,-12.6522,0.907668,-45.6678,0.421165,0.549776,-0.084142,11.51100000000001
1772222271612302613,2026-02-27 14:57:51.612,-12.6905,0.874321,-45.5337,0.419967,0.552892,-0.086058,11.512
1772222271613487730,2026-02-27 14:57:51.613,-12.7219,0.889469,-45.4391,0.420683,0.555033,-0.084929,11.513000000000005
1772222271614622607,2026-02-27 14:57:51.614,-12.7966,0.92808,-45.3571,0.422165,0.558271,-0.085051,11.51400000000001
1772222271615782320,2026-02-27 14:57:51.615,-12.7424,0.979689,-46.092,0.423704,0.561095,-0.078207,11.515
1772222271616960711,2026-02-27 14:57:51.616,-12.7659,1.05401,-45.993,0.429117,0.564478,-0.080598,11.516000000000005
1772222271618107987,2026-02-27 14:57:51.618,-12.8412,1.14224,-45.592,0.435277,0.566659,-0.085743,11.518
1772222271619279122,2026-02-27 14:57:51.619,-12.8931,1.18597,-45.2661,0.437224,0.567579,-0.0889,11.519000000000005
1772222271620481757,2026-02-27 14:57:51.620,-12.9094,1.27673,-45.1729,0.444034,0.568594,-0.090371,11.52000000000001
1772222271621616686,2026-02-27 14:57:51.621,-12.9112,1.36104,-45.269,0.451748,0.56892,-0.090861,11.521
1772222271622777581,2026-02-27 14:57:51.622,-12.9609,1.42536,-45.3689,0.454374,0.567979,-0.091211,11.522000000000006
1772222271623955717,2026-02-27 14:57:51.623,-12.9252,1.68511,-44.5029,0.476612,0.566225,-0.101013,11.52300000000001
1772222271625103091,2026-02-27 14:57:51.625,-12.8792,1.7956,-44.9316,0.484502,0.564751,-0.100387,11.525000000000006
1772222271626234187,2026-02-27 14:57:51.626,-12.8479,1.91585,-45.2505,0.495993,0.562709,-0.09768,11.52600000000001
1772222271627418961,2026-02-27 14:57:51.627,-12.8251,2.0572,-45.6147,0.505656,0.561205,-0.094388,11.527000000000001
1772222271628563115,2026-02-27 14:57:51.628,-12.7983,2.19836,-45.7986,0.51765,0.557467,-0.093693,11.528000000000006
1772222271629695117,2026-02-27 14:57:51.629,-12.8292,2.41827,-45.8546,0.530148,0.556545,-0.093951,11.52900000000001
1772222271630843028,2026-02-27 14:57:51.630,-12.8499,2.55302,-45.9121,0.542707,0.553108,-0.09401,11.530000000000001
1772222271632034607,2026-02-27 14:57:51.632,-12.7062,2.85086,-47.0581,0.565425,0.547455,-0.085457,11.53200000000001
1772222271633182165,2026-02-27 14:57:51.633,-12.6357,3.04643,-46.7243,0.580923,0.543888,-0.088886,11.533000000000001
1772222271634312601,2026-02-27 14:57:51.634,-12.577,3.26788,-46.7322,0.597141,0.540094,-0.089902,11.534000000000006
1772222271635524500,2026-02-27 14:57:51.635,-12.4951,3.46026,-46.2786,0.605823,0.533738,-0.093374,11.53500000000001
1772222271636657587,2026-02-27 14:57:51.636,-12.4405,3.65112,-46.0538,0.621551,0.528945,-0.095766,11.536000000000001
1772222271637832995,2026-02-27 14:57:51.637,-12.2659,3.85935,-46.152,0.642993,0.522617,-0.094835,11.537000000000006
1772222271639005522,2026-02-27 14:57:51.639,-12.1319,4.08984,-46.2659,0.658377,0.516986,-0.095083,11.539000000000001
1772222271640147697,2026-02-27 14:57:51.640,-11.8815,4.52642,-45.3222,0.681771,0.502207,-0.104008,11.540000000000006
1772222271641278721,2026-02-27 14:57:51.641,-11.619,4.73338,-45.4455,0.697803,0.495589,-0.102396,11.541000000000011
1772222271642493283,2026-02-27 14:57:51.642,-11.5427,4.93988,-45.3918,0.707388,0.48415,-0.100857,11.542000000000002
1772222271643624660,2026-02-27 14:57:51.643,-11.3516,5.07813,-45.7656,0.721435,0.474963,-0.095539,11.543000000000006
1772222271644754976,2026-02-27 14:57:51.644,-11.1849,5.28223,-46.1803,0.73362,0.464775,-0.090431,11.544000000000011
1772222271645933280,2026-02-27 14:57:51.645,-11.0316,5.47379,-46.0513,0.748454,0.454893,-0.090525,11.545000000000002
1772222271647114557,2026-02-27 14:57:51.647,-10.4092,5.77589,-45.9498,0.774352,0.433417,-0.084669,11.547000000000011
1772222271648258653,2026-02-27 14:57:51.648,-8.83775,6.00367,-46.0502,0.776322,0.481686,-0.043885,11.548000000000002
1772222271649477185,2026-02-27 14:57:51.649,-7.70065,6.04417,-46.0648,0.779804,0.52681,0.004432,11.549000000000007
1772222271650609181,2026-02-27 14:57:51.650,-7.24757,6.16939,-45.1559,0.781973,0.566561,0.030465,11.550000000000011
1772222271651739549,2026-02-27 14:57:51.651,-7.05936,6.2661,-44.5986,0.796636,0.59481,0.041069,11.551000000000002
1772222271652915171,2026-02-27 14:57:51.652,-6.93126,6.31207,-44.0844,0.815153,0.612743,0.042278,11.552000000000007
1772222271654100098,2026-02-27 14:57:51.654,-6.67457,6.32243,-43.5599,0.836408,0.627887,0.05183,11.554000000000002
1772222271655245255,2026-02-27 14:57:51.655,-6.51164,6.37373,-43.4269,0.845359,0.63113,0.060735,11.555000000000007
1772222271656374250,2026-02-27 14:57:51.656,-6.19714,6.31001,-43.176,0.849549,0.628789,0.067189,11.556000000000012
1772222271657563571,2026-02-27 14:57:51.657,-6.01111,6.35373,-42.0109,0.85228,0.62343,0.064042,11.557000000000002
1772222271658695854,2026-02-27 14:57:51.658,-5.85084,6.29421,-42.3628,0.861072,0.61314,0.065557,11.558000000000007
1772222271659872586,2026-02-27 14:57:51.659,-5.74729,6.20145,-42.2535,0.872325,0.600378,0.058672,11.559000000000012
1772222271661056367,2026-02-27 14:57:51.661,-5.58189,6.19579,-42.6086,0.884148,0.58467,0.054376,11.561000000000007
1772222271662193851,2026-02-27 14:57:51.662,-5.67784,6.06469,-42.1072,0.894617,0.528522,0.028996,11.562000000000012
1772222271663325324,2026-02-27 14:57:51.663,-5.52724,6.11386,-41.538,0.901154,0.500743,0.01656,11.563000000000002
1772222271664540635,2026-02-27 14:57:51.664,-5.47058,6.2539,-40.3784,0.890606,0.459618,0.00888,11.564000000000007
1772222271665669424,2026-02-27 14:57:51.665,-4.94635,6.22992,-41.059,0.899152,0.450442,0.011927,11.565000000000012
1772222271666844184,2026-02-27 14:57:51.666,-4.69972,6.4337,-40.1681,0.899736,0.437709,0.010028,11.566000000000003
1772222271667965538,2026-02-27 14:57:51.667,-4.64679,6.69094,-38.083,0.878809,0.375874,0.015619,11.567000000000007
1772222271669152023,2026-02-27 14:57:51.669,-3.65059,7.97125,-26.5064,0.672532,0.070678,0.06723,11.569000000000003
1772222271670295808,2026-02-27 14:57:51.670,-0.235877,8.07316,-19.3917,0.49467,-0.041102,0.152429,11.570000000000007
1772222271671434268,2026-02-27 14:57:51.671,2.42588,7.34174,-15.7034,0.427607,-0.108124,0.202335,11.571000000000012
1772222271672563479,2026-02-27 14:57:51.672,3.95602,7.00423,-12.2685,0.394811,-0.169604,0.195287,11.572000000000003
1772222271673691097,2026-02-27 14:57:51.673,5.28359,6.57492,-9.84855,0.382656,-0.201437,0.176414,11.573000000000008
1772222271674863000,2026-02-27 14:57:51.674,6.14516,6.52203,-7.99978,0.355734,-0.23396,0.158466,11.574000000000012
1772222271676057885,2026-02-27 14:57:51.676,7.00289,6.18703,-7.18866,0.333212,-0.251537,0.144148,11.576000000000008
1772222271677216475,2026-02-27 14:57:51.677,8.15418,5.63133,-6.15526,0.314825,-0.289197,0.146499,11.577000000000012
1772222271678437368,2026-02-27 14:57:51.678,8.54318,5.23614,-5.6028,0.301027,-0.301554,0.146261,11.578000000000003
1772222271679564012,2026-02-27 14:57:51.679,8.76282,4.7895,-4.90883,0.267966,-0.304565,0.138578,11.579000000000008
1772222271680692897,2026-02-27 14:57:51.680,8.88889,4.23248,-4.46393,0.248512,-0.306465,0.135291,11.580000000000013
1772222271681865532,2026-02-27 14:57:51.681,8.7758,3.68939,-4.00373,0.217189,-0.302817,0.128407,11.581000000000003
1772222271683061564,2026-02-27 14:57:51.683,8.50428,3.12367,-4.67048,0.191659,-0.294986,0.131932,11.583000000000013
1772222271684238839,2026-02-27 14:57:51.684,8.33536,0.705164,-6.8026,0.200404,-0.263455,0.138426,11.584000000000003
1772222271685391150,2026-02-27 14:57:51.685,7.68456,0.333703,-7.11182,0.183969,-0.280115,0.145163,11.585000000000008
1772222271686541516,2026-02-27 14:57:51.686,6.98051,-0.572221,-7.94935,0.215082,-0.283955,0.148307,11.586000000000013
1772222271687668353,2026-02-27 14:57:51.687,6.43234,-0.641733,-8.12456,0.149888,-0.24614,0.155525,11.587000000000003
1772222271688840547,2026-02-27 14:57:51.688,5.54309,-0.691486,-7.20015,0.232609,-0.345488,0.175538,11.588000000000008
1772222271690014841,2026-02-27 14:57:51.690,5.70001,-0.689074,-6.8605,0.234465,-0.376096,0.16994,11.590000000000003
1772222271691200028,2026-02-27 14:57:51.691,6.28318,-0.097263,-5.47023,0.20531,-0.383345,0.162719,11.591000000000008
1772222271692342086,2026-02-27 14:57:51.692,6.53488,0.14476,-5.36611,0.208322,-0.388144,0.163114,11.591999999999999
1772222271693502596,2026-02-27 14:57:51.693,6.8416,0.068808,-5.98277,0.212584,-0.399356,0.167941,11.593000000000004
1772222271694625913,2026-02-27 14:57:51.694,7.08743,0.525177,-5.87399,0.193504,-0.391434,0.163534,11.594000000000008
1772222271695811736,2026-02-27 14:57:51.695,7.18749,0.390187,-6.07303,0.216311,-0.405478,0.163981,11.594999999999999
1772222271697006607,2026-02-27 14:57:51.697,8.17772,0.247013,-7.06032,0.21465,-0.364932,0.160016,11.597000000000008
1772222271698182062,2026-02-27 14:57:51.698,8.38593,0.426427,-7.70596,0.231727,-0.353501,0.160895,11.597999999999999
1772222271699331933,2026-02-27 14:57:51.699,7.95281,0.353174,-10.2167,0.258757,-0.327097,0.16886,11.599000000000004
1772222271700488015,2026-02-27 14:57:51.700,7.70139,0.188359,-11.4351,0.322789,-0.333909,0.17716,11.600000000000009
1772222271701611405,2026-02-27 14:57:51.701,7.93348,-0.064865,-13.7607,0.395185,-0.263102,0.168589,11.600999999999999
1772222271702788533,2026-02-27 14:57:51.702,6.8531,1.45433,-12.3975,0.354405,-0.259895,0.160061,11.602000000000004
1772222271703983895,2026-02-27 14:57:51.703,6.3632,1.59532,-10.957,0.332266,-0.282126,0.189274,11.603000000000009
1772222271705171127,2026-02-27 14:57:51.705,6.53969,1.80103,-9.71137,0.286205,-0.290551,0.202376,11.605000000000004
1772222271706305988,2026-02-27 14:57:51.706,7.13975,1.37667,-8.67596,0.269428,-0.301787,0.197277,11.606000000000009
1772222271707473087,2026-02-27 14:57:51.707,7.35514,1.2714,-7.8822,0.278829,-0.298734,0.179743,11.607
1772222271708596361,2026-02-27 14:57:51.708,6.92125,1.15158,-8.49176,0.294399,-0.312839,0.178631,11.608000000000004
1772222271709765169,2026-02-27 14:57:51.709,6.57621,1.37851,-8.18478,0.286718,-0.330332,0.173242,11.609000000000009
1772222271710960160,2026-02-27 14:57:51.710,6.5031,1.51542,-8.10145,0.287124,-0.347835,0.175383,11.61
1772222271712156437,2026-02-27 14:57:51.712,6.63559,1.59938,-7.65894,0.291201,-0.356901,0.173469,11.612000000000009
1772222271713313271,2026-02-27 14:57:51.713,6.73911,1.72389,-6.70307,0.290938,-0.352021,0.161538,11.613
1772222271714478963,2026-02-27 14:57:51.714,6.61822,1.70488,-6.25619,0.280415,-0.350174,0.154546,11.614000000000004
1772222271715601677,2026-02-27 14:57:51.715,6.55224,1.68183,-6.86624,0.274135,-0.351,0.160096,11.615000000000009
1772222271716770915,2026-02-27 14:57:51.716,6.40709,1.46311,-6.44444,0.277792,-0.35047,0.15139,11.616
1772222271717962922,2026-02-27 14:57:51.717,6.2769,1.35383,-6.35947,0.278256,-0.350118,0.144194,11.617000000000004
1772222271719163600,2026-02-27 14:57:51.719,6.21848,1.32336,-5.7907,0.281913,-0.333627,0.129189,11.619
1772222271720324499,2026-02-27 14:57:51.720,5.95339,1.3071,-4.76596,0.248727,-0.314043,0.116734,11.620000000000005
1772222271721491624,2026-02-27 14:57:51.721,5.89563,1.09802,-4.54103,0.232016,-0.308718,0.115706,11.62100000000001
1772222271722614137,2026-02-27 14:57:51.722,5.77193,0.932131,-4.33374,0.206506,-0.296453,0.110597,11.622
1772222271723774812,2026-02-27 14:57:51.723,5.67684,0.728753,-3.36186,0.199083,-0.294293,0.10149,11.623000000000005
1772222271724968697,2026-02-27 14:57:51.724,5.50003,0.499689,-3.31141,0.182115,-0.285039,0.095659,11.62400000000001
1772222271726163352,2026-02-27 14:57:51.726,5.35889,0.281529,-3.51159,0.171069,-0.273856,0.091267,11.626000000000005
1772222271727342919,2026-02-27 14:57:51.727,5.09719,0.017002,-4.32758,0.135946,-0.259941,0.095431,11.62700000000001
1772222271728498330,2026-02-27 14:57:51.728,5.00068,-0.23751,-4.2641,0.124689,-0.253006,0.094402,11.628
1772222271729628871,2026-02-27 14:57:51.729,4.83544,-0.362444,-4.26553,0.110298,-0.24987,0.093438,11.629000000000005
1772222271730823549,2026-02-27 14:57:51.730,4.73229,-0.51877,-4.07407,0.085066,-0.250598,0.09364,11.63000000000001
1772222271732018022,2026-02-27 14:57:51.732,4.74442,-0.737395,-4.17298,0.071789,-0.252944,0.098769,11.632000000000005
1772222271733213330,2026-02-27 14:57:51.733,4.74339,-0.910689,-4.89366,0.04988,-0.25613,0.108119,11.63300000000001
1772222271734374130,2026-02-27 14:57:51.734,4.94868,-1.34536,-4.25217,0.019299,-0.270588,0.108334,11.634
1772222271735491174,2026-02-27 14:57:51.735,4.96046,-1.58936,-3.76825,-0.001527,-0.27994,0.110941,11.635000000000005
1772222271736614946,2026-02-27 14:57:51.736,5.15577,-1.82223,-3.36648,-0.019107,-0.290496,0.114344,11.63600000000001
1772222271737784052,2026-02-27 14:57:51.737,5.35573,-2.03426,-3.36675,-0.03762,-0.304231,0.119912,11.637
1772222271738976822,2026-02-27 14:57:51.738,5.55167,-2.2461,-3.16369,-0.055778,-0.317015,0.125588,11.638000000000005
1772222271740166755,2026-02-27 14:57:51.740,5.7571,-2.49485,-2.98192,-0.072566,-0.330923,0.131485,11.64
1772222271741346662,2026-02-27 14:57:51.741,6.10698,-2.96514,-2.01457,-0.105819,-0.356049,0.134872,11.641000000000005
1772222271742499290,2026-02-27 14:57:51.742,6.37369,-3.16591,-1.94937,-0.122193,-0.370322,0.140069,11.64200000000001
1772222271743624669,2026-02-27 14:57:51.743,6.63496,-3.44367,-2.54351,-0.132781,-0.383982,0.149889,11.643
1772222271744792867,2026-02-27 14:57:51.744,6.9283,-3.6623,-2.82789,-0.138585,-0.395466,0.156331,11.644000000000005
1772222271745995842,2026-02-27 14:57:51.745,7.08691,-3.90301,-2.8079,-0.156654,-0.407815,0.158702,11.64500000000001
1772222271747188358,2026-02-27 14:57:51.747,7.31203,-4.16154,-2.83432,-0.162129,-0.422371,0.162793,11.647000000000006
1772222271748368940,2026-02-27 14:57:51.748,7.67339,-4.41054,-3.68979,-0.15805,-0.4275,0.170258,11.64800000000001
1772222271749491459,2026-02-27 14:57:51.749,7.74186,-4.49384,-3.91743,-0.156639,-0.431212,0.170987,11.649000000000001
1772222271750612471,2026-02-27 14:57:51.750,7.69628,-4.4084,-3.87359,-0.170402,-0.437651,0.169397,11.650000000000006
1772222271751780669,2026-02-27 14:57:51.751,8.37112,-4.87048,-3.74288,-0.18512,-0.459008,0.17824,11.65100000000001
1772222271752972340,2026-02-27 14:57:51.752,9.0963,-5.20968,-3.5563,-0.191246,-0.431671,0.167809,11.652000000000001
1772222271754166667,2026-02-27 14:57:51.754,9.48691,-5.56712,-4.01326,-0.180496,-0.422854,0.168086,11.65400000000001
1772222271755334739,2026-02-27 14:57:51.755,9.52323,-5.64958,-4.49134,-0.166202,-0.394239,0.158657,11.655000000000001
1772222271756494280,2026-02-27 14:57:51.756,9.26649,-5.56794,-4.5036,-0.167198,-0.382621,0.153735,11.656000000000006
1772222271757620283,2026-02-27 14:57:51.757,9.31059,-5.49034,-3.98641,-0.166151,-0.386952,0.149425,11.65700000000001
1772222271758787948,2026-02-27 14:57:51.758,9.38333,-5.48007,-4.52976,-0.162197,-0.387116,0.151951,11.658000000000001
1772222271759984092,2026-02-27 14:57:51.759,9.55942,-5.42158,-4.94665,-0.16299,-0.393206,0.156854,11.659000000000006
1772222271761179576,2026-02-27 14:57:51.761,9.74314,-5.46665,-5.63261,-0.159348,-0.39884,0.162701,11.661000000000001
1772222271762358749,2026-02-27 14:57:51.762,9.94024,-5.46795,-5.92033,-0.158876,-0.406961,0.166618,11.662000000000006
1772222271763493614,2026-02-27 14:57:51.763,10.3408,-5.61064,-6.42034,-0.159812,-0.421707,0.172218,11.663000000000011
1772222271764617909,2026-02-27 14:57:51.764,10.5149,-5.6503,-6.72471,-0.15541,-0.42849,0.175754,11.664000000000001
1772222271765784683,2026-02-27 14:57:51.765,10.6985,-5.74563,-8.09388,-0.152277,-0.431405,0.186485,11.665000000000006
1772222271766982946,2026-02-27 14:57:51.766,10.9093,-5.85031,-8.1975,-0.141969,-0.432811,0.184779,11.666000000000011
1772222271768181191,2026-02-27 14:57:51.768,10.9861,-5.93302,-8.76842,-0.125305,-0.427949,0.186146,11.668000000000006
1772222271769362261,2026-02-27 14:57:51.769,10.9924,-5.92765,-8.99629,-0.105447,-0.42219,0.184855,11.669000000000011
1772222271770580027,2026-02-27 14:57:51.770,11.0302,-5.94682,-10.0484,-0.06572,-0.409474,0.18638,11.670000000000002
1772222271771791055,2026-02-27 14:57:51.771,10.9883,-5.89803,-10.7602,-0.045407,-0.401128,0.187407,11.671000000000006
1772222271772978924,2026-02-27 14:57:51.772,10.9528,-5.90022,-11.3718,-0.029649,-0.394906,0.188394,11.672000000000011
1772222271774182029,2026-02-27 14:57:51.774,10.694,-5.96358,-11.1406,-0.010922,-0.407524,0.180885,11.674000000000007
1772222271775367560,2026-02-27 14:57:51.775,10.4721,-5.93915,-11.7827,0.004747,-0.424476,0.172709,11.675000000000011
1772222271776507288,2026-02-27 14:57:51.776,10.1314,-5.69916,-13.7322,0.024034,-0.468555,0.160848,11.676000000000002
1772222271777646864,2026-02-27 14:57:51.777,10.206,-5.5093,-14.1553,0.032029,-0.488341,0.16648,11.677000000000007
1772222271778822977,2026-02-27 14:57:51.778,10.4289,-5.23728,-14.0195,0.034462,-0.500927,0.171087,11.678000000000011
1772222271780023752,2026-02-27 14:57:51.780,10.8595,-5.07305,-13.8425,0.036843,-0.501187,0.176636,11.680000000000007
1772222271781223060,2026-02-27 14:57:51.781,11.1806,-4.97769,-13.8903,0.045176,-0.490929,0.176286,11.681000000000012
1772222271782406271,2026-02-27 14:57:51.782,11.2124,-4.78502,-14.3361,0.056564,-0.486315,0.176724,11.682000000000002
1772222271783599651,2026-02-27 14:57:51.783,10.9202,-4.4111,-15.0947,0.074477,-0.49686,0.174007,11.683000000000007
1772222271784832466,2026-02-27 14:57:51.784,10.8484,-4.15642,-15.063,0.087149,-0.505124,0.172457,11.684000000000012
1772222271786037135,2026-02-27 14:57:51.786,10.8843,-3.88733,-14.5772,0.08975,-0.510848,0.172992,11.686000000000007
1772222271787236805,2026-02-27 14:57:51.787,10.9404,-3.6808,-14.1479,0.095803,-0.515372,0.176281,11.687000000000012
1772222271788421061,2026-02-27 14:57:51.788,11.0075,-3.50322,-13.9849,0.096458,-0.515609,0.179651,11.688000000000002
1772222271789712404,2026-02-27 14:57:51.789,11.0617,-3.12834,-13.7589,0.1111,-0.519872,0.18331,11.689000000000007
1772222271790899977,2026-02-27 14:57:51.790,10.9479,-2.85897,-12.618,0.112428,-0.526108,0.173379,11.690000000000012
1772222271792105148,2026-02-27 14:57:51.792,11.0416,-2.552,-12.7551,0.123961,-0.532546,0.179523,11.692000000000007
1772222271793309276,2026-02-27 14:57:51.793,11.1157,-2.40228,-12.4287,0.123499,-0.539975,0.179417,11.693000000000012
1772222271794506187,2026-02-27 14:57:51.794,11.1971,-2.39231,-14.4462,0.16289,-0.51934,0.169809,11.694000000000003
1772222271795655089,2026-02-27 14:57:51.795,10.883,-2.37477,-15.7564,0.19282,-0.507171,0.152847,11.695000000000007
1772222271796880374,2026-02-27 14:57:51.796,10.3491,-2.26265,-16.7935,0.21226,-0.504691,0.142545,11.696000000000012
1772222271798079947,2026-02-27 14:57:51.798,10.1308,-2.08143,-17.4022,0.228387,-0.505306,0.13915,11.698000000000008
1772222271799280687,2026-02-27 14:57:51.799,10.1221,-2.03586,-18.7554,0.240096,-0.494179,0.147697,11.699000000000012
1772222271800488448,2026-02-27 14:57:51.800,9.93364,-1.80868,-19.1588,0.254045,-0.47071,0.151065,11.700000000000003
1772222271801661548,2026-02-27 14:57:51.801,10.0003,-1.66223,-18.6054,0.262744,-0.462644,0.151474,11.701000000000008
1772222271802888278,2026-02-27 14:57:51.802,10.125,-1.46858,-18.3514,0.263677,-0.452546,0.153866,11.702000000000012
1772222271804086905,2026-02-27 14:57:51.804,10.2486,-1.37236,-18.1854,0.275906,-0.442715,0.157894,11.704000000000008
1772222271805285795,2026-02-27 14:57:51.805,10.211,-1.22629,-18.1332,0.275162,-0.446986,0.16213,11.705000000000013
1772222271806481624,2026-02-27 14:57:51.806,10.4159,-0.862616,-17.6943,0.283528,-0.448373,0.164573,11.706000000000003
1772222271807642202,2026-02-27 14:57:51.807,10.6946,-0.821367,-17.4933,0.292064,-0.441002,0.166538,11.707000000000008
1772222271808879859,2026-02-27 14:57:51.808,10.8901,-0.751621,-17.9764,0.293659,-0.439787,0.172621,11.708000000000013
1772222271810075406,2026-02-27 14:57:51.810,10.901,-0.998163,-19.6217,0.325312,-0.420414,0.167888,11.710000000000008
1772222271811280337,2026-02-27 14:57:51.811,10.1678,-0.790285,-21.2724,0.343693,-0.424281,0.15706,11.711000000000013
1772222271812481794,2026-02-27 14:57:51.812,9.61722,-0.494441,-22.15,0.348009,-0.448609,0.148749,11.712000000000003
1772222271813634420,2026-02-27 14:57:51.813,9.45708,-0.38257,-22.6875,0.331904,-0.490102,0.156791,11.713000000000008
1772222271814760333,2026-02-27 14:57:51.814,9.40046,-0.34642,-22.5344,0.321542,-0.513537,0.160051,11.713999999999999
1772222271815886105,2026-02-27 14:57:51.815,9.55596,-0.544482,-23.6684,0.311613,-0.526824,0.167977,11.715000000000003
1772222271817068678,2026-02-27 14:57:51.817,9.60214,-0.809123,-24.3088,0.34477,-0.513301,0.15278,11.716999999999999
1772222271818242955,2026-02-27 14:57:51.818,9.22519,-1.23984,-27.1117,0.387133,-0.475845,0.12527,11.718000000000004
1772222271819411840,2026-02-27 14:57:51.819,6.07085,-0.162794,-30.7323,0.396759,-0.490779,0.070341,11.719000000000008
1772222271820616239,2026-02-27 14:57:51.820,6.07085,-0.162794,-30.7323,0.396759,-0.490779,0.070341,11.719999999999999
1772222271821767125,2026-02-27 14:57:51.821,4.82736,-0.622859,-34.0225,0.406829,-0.480634,0.04683,11.721000000000004
1772222271822896900,2026-02-27 14:57:51.822,4.53208,-0.846675,-34.8032,0.401889,-0.46997,0.043833,11.722000000000008
1772222271824035061,2026-02-27 14:57:51.824,4.21173,-0.963102,-34.5103,0.396049,-0.447948,0.032555,11.724000000000004
1772222271825236398,2026-02-27 14:57:51.825,3.84711,-1.07494,-35.18,0.385927,-0.429169,0.03419,11.725000000000009
1772222271826431476,2026-02-27 14:57:51.826,3.4872,-1.20787,-35.8059,0.375078,-0.410064,0.032183,11.725999999999999
1772222271827601605,2026-02-27 14:57:51.827,2.8691,-1.34186,-37.3796,0.359524,-0.375961,0.031186,11.727000000000004
1772222271828727045,2026-02-27 14:57:51.828,2.64819,-1.3908,-37.5182,0.354437,-0.35777,0.026986,11.728000000000009
1772222271829863268,2026-02-27 14:57:51.829,2.41791,-1.41365,-37.5344,0.350496,-0.342398,0.022725,11.729
1772222271830986145,2026-02-27 14:57:51.830,2.23061,-1.45855,-37.5221,0.345137,-0.32887,0.020363,11.730000000000004
1772222271832106365,2026-02-27 14:57:51.832,2.02774,-1.42192,-37.9014,0.34015,-0.316966,0.02492,11.732
1772222271833225548,2026-02-27 14:57:51.833,1.92162,-1.47202,-38.1824,0.336043,-0.307865,0.027139,11.733000000000004
1772222271834345070,2026-02-27 14:57:51.834,1.81976,-1.49322,-37.7931,0.332,-0.300191,0.023356,11.734000000000009
1772222271835474528,2026-02-27 14:57:51.835,1.60307,-1.54065,-36.9187,0.327138,-0.287937,0.013612,11.735
1772222271836605701,2026-02-27 14:57:51.836,1.55371,-1.58869,-36.7204,0.320012,-0.2823,0.010927,11.736000000000004
1772222271837724313,2026-02-27 14:57:51.837,1.41203,-1.64657,-36.6515,0.314264,-0.277757,0.009117,11.737000000000009
1772222271838843183,2026-02-27 14:57:51.838,1.39433,-1.72429,-36.5676,0.31049,-0.274971,0.008583,11.738
1772222271839962818,2026-02-27 14:57:51.839,1.29417,-1.70565,-36.3886,0.305037,-0.27159,0.005594,11.739000000000004
1772222271841080828,2026-02-27 14:57:51.841,1.26391,-1.73091,-35.3382,0.30089,-0.269334,-0.002702,11.741
1772222271842200154,2026-02-27 14:57:51.842,1.20888,-1.75068,-35.7039,0.297018,-0.266691,-1.3e-05,11.742000000000004
1772222271843322959,2026-02-27 14:57:51.843,1.16809,-1.82993,-35.7633,0.29155,-0.264632,-0.000638,11.74300000000001
1772222271844442967,2026-02-27 14:57:51.844,1.14129,-1.86313,-36.1588,0.286944,-0.263726,0.003516,11.744
1772222271845584568,2026-02-27 14:57:51.845,1.12809,-1.92573,-36.2633,0.277076,-0.261324,0.003403,11.745000000000005
1772222271846704118,2026-02-27 14:57:51.846,1.15387,-1.97254,-36.3233,0.278401,-0.262192,0.00337,11.74600000000001
1772222271847823767,2026-02-27 14:57:51.847,1.18207,-2.00416,-36.3485,0.272691,-0.263241,0.00386,11.747
1772222271848942140,2026-02-27 14:57:51.848,1.16745,-2.08778,-37.4085,0.271464,-0.26404,0.013263,11.748000000000005
1772222271850060316,2026-02-27 14:57:51.850,1.20317,-2.17366,-37.2934,0.267719,-0.265885,0.011072,11.75
1772222271851179817,2026-02-27 14:57:51.851,1.19906,-2.15073,-37.3577,0.268492,-0.268134,0.011529,11.751000000000005
1772222271852298955,2026-02-27 14:57:51.852,1.21788,-2.1423,-37.0085,0.269317,-0.271403,0.007937,11.75200000000001
1772222271853418789,2026-02-27 14:57:51.853,1.20187,-2.16375,-36.9565,0.268845,-0.273429,0.006061,11.753
1772222271854565603,2026-02-27 14:57:51.854,1.26476,-2.17338,-37.2242,0.271714,-0.279512,0.006664,11.754000000000005
1772222271855689236,2026-02-27 14:57:51.855,1.30382,-2.20787,-37.4117,0.273429,-0.282177,0.00745,11.75500000000001
1772222271856808711,2026-02-27 14:57:51.856,1.27438,-2.2057,-36.9843,0.276137,-0.285173,0.001183,11.756
1772222271857927759,2026-02-27 14:57:51.857,1.29386,-2.214,-37.0377,0.279676,-0.28715,0.000174,11.757000000000005
1772222271859046550,2026-02-27 14:57:51.859,1.3429,-2.18521,-37.3957,0.278226,-0.291015,0.001914,11.759
1772222271860166342,2026-02-27 14:57:51.860,1.35574,-2.18332,-38.0731,0.280998,-0.294735,0.00592,11.760000000000005
1772222271861285320,2026-02-27 14:57:51.861,1.2902,-2.22104,-38.7105,0.280149,-0.297084,0.009661,11.76100000000001
1772222271862403143,2026-02-27 14:57:51.862,1.36492,-2.19436,-38.9788,0.286548,-0.298688,0.010711,11.762
1772222271863480186,2026-02-27 14:57:51.863,1.29654,-2.21547,-39.1442,0.283987,-0.301777,0.01064,11.763000000000005
1772222271864598237,2026-02-27 14:57:51.864,1.33303,-2.16304,-39.7471,0.289783,-0.304534,0.012827,11.76400000000001
1772222271865716429,2026-02-27 14:57:51.865,1.36758,-2.15818,-40.9202,0.293779,-0.305683,0.021235,11.765
1772222271866833995,2026-02-27 14:57:51.866,1.35496,-2.13568,-40.82,0.299856,-0.305748,0.015458,11.766000000000005
1772222271867953617,2026-02-27 14:57:51.867,1.29945,-2.13389,-41.0004,0.299435,-0.307034,0.014761,11.76700000000001
1772222271869071056,2026-02-27 14:57:51.869,1.23257,-2.0512,-40.8266,0.304558,-0.303903,0.010088,11.769000000000005
1772222271870189526,2026-02-27 14:57:51.870,1.18233,-2.00869,-40.9706,0.310322,-0.301506,0.007369,11.77000000000001
1772222271871306369,2026-02-27 14:57:51.871,1.08672,-1.95432,-41.2539,0.310849,-0.299742,0.006854,11.771
1772222271872425864,2026-02-27 14:57:51.872,0.992933,-1.85461,-41.507,0.323406,-0.295579,0.005528,11.772000000000006
1772222271873568132,2026-02-27 14:57:51.873,0.880713,-1.76156,-41.7679,0.326143,-0.29101,0.004848,11.77300000000001
1772222271874694844,2026-02-27 14:57:51.874,0.633454,-1.50646,-41.5113,0.345316,-0.277881,-0.005845,11.774000000000001
1772222271875816294,2026-02-27 14:57:51.875,0.519033,-1.39939,-41.5564,0.354378,-0.271374,-0.008003,11.775000000000006
1772222271876938016,2026-02-27 14:57:51.876,0.297753,-1.22476,-42.0876,0.360666,-0.265943,-0.00482,11.77600000000001
1772222271878109614,2026-02-27 14:57:51.878,0.214892,-0.965605,-42.1318,0.372027,-0.261013,-0.000647,11.778000000000006
1772222271879277905,2026-02-27 14:57:51.879,0.234679,-0.817185,-41.8836,0.381901,-0.257202,-0.000504,11.77900000000001
1772222271880474697,2026-02-27 14:57:51.880,0.197824,-0.776915,-42.2059,0.40043,-0.236632,-0.005897,11.780000000000001
1772222271881610409,2026-02-27 14:57:51.881,-0.032934,-0.626936,-42.6135,0.423725,-0.214032,-0.017292,11.781000000000006
1772222271882757100,2026-02-27 14:57:51.882,-0.736474,-0.166431,-44.3477,0.445832,-0.185927,-0.017125,11.78200000000001
1772222271883946522,2026-02-27 14:57:51.883,-0.991648,0.035734,-44.8233,0.464463,-0.165026,-0.021539,11.783000000000001
1772222271885120973,2026-02-27 14:57:51.885,-1.27284,0.170557,-44.5691,0.480784,-0.146769,-0.028785,11.78500000000001
1772222271886293585,2026-02-27 14:57:51.886,-1.58882,0.29203,-44.6107,0.495924,-0.127245,-0.034517,11.786000000000001
1772222271887476643,2026-02-27 14:57:51.887,-2.03864,0.374931,-44.84,0.50181,-0.107098,-0.0405,11.787000000000006
1772222271888602071,2026-02-27 14:57:51.888,-2.32344,0.493911,-45.1324,0.517862,-0.085681,-0.041912,11.788000000000011
1772222271889734948,2026-02-27 14:57:51.889,-2.97968,0.736936,-45.3986,0.540572,-0.047557,-0.050831,11.789000000000001
1772222271890859109,2026-02-27 14:57:51.890,-3.4284,0.896842,-44.9298,0.553974,-0.025879,-0.060311,11.790000000000006
1772222271892030084,2026-02-27 14:57:51.892,-3.64073,1.025,-45.6138,0.567854,-0.004665,-0.060951,11.792000000000002
1772222271893199487,2026-02-27 14:57:51.893,-3.98012,1.09296,-45.9225,0.576669,0.016314,-0.063582,11.793000000000006
1772222271894371773,2026-02-27 14:57:51.894,-4.27947,1.24042,-46.6564,0.58955,0.036884,-0.063132,11.794000000000011
1772222271895530187,2026-02-27 14:57:51.895,-4.55119,1.39027,-47.0212,0.599989,0.054586,-0.066346,11.795000000000002
1772222271896655281,2026-02-27 14:57:51.896,-5.14765,1.58116,-47.4546,0.618178,0.093304,-0.074669,11.796000000000006
1772222271897896891,2026-02-27 14:57:51.897,-5.45285,1.69899,-47.7166,0.629666,0.11192,-0.07803,11.797000000000011
1772222271899067421,2026-02-27 14:57:51.899,-5.78505,1.81822,-48.911,0.640217,0.132817,-0.072758,11.799000000000007
1772222271900243886,2026-02-27 14:57:51.900,-6.06247,1.90314,-48.8221,0.65,0.149832,-0.08003,11.800000000000011
1772222271901441257,2026-02-27 14:57:51.901,-6.35076,2.04539,-48.9831,0.65942,0.167452,-0.08336,11.801000000000002
1772222271902600006,2026-02-27 14:57:51.902,-6.67764,2.09025,-48.6401,0.669891,0.185281,-0.092191,11.802000000000007
1772222271903728445,2026-02-27 14:57:51.903,-7.22456,2.341,-48.6439,0.68602,0.21913,-0.100883,11.803000000000011
1772222271904865792,2026-02-27 14:57:51.904,-7.51068,2.43462,-48.7489,0.692827,0.234995,-0.103598,11.804000000000002
1772222271906036255,2026-02-27 14:57:51.906,-7.72086,2.60074,-48.7814,0.70348,0.250692,-0.104485,11.806000000000012
1772222271907209984,2026-02-27 14:57:51.907,-8.08884,2.70454,-47.9797,0.708543,0.265934,-0.115432,11.807000000000002
1772222271908379571,2026-02-27 14:57:51.908,-8.22693,2.86953,-47.6035,0.719008,0.275489,-0.116474,11.808000000000007
1772222271909527878,2026-02-27 14:57:51.909,-8.45062,3.04206,-47.0312,0.716281,0.269913,-0.111425,11.809000000000012
1772222271910655287,2026-02-27 14:57:51.910,-8.04132,3.66308,-43.6985,0.670983,0.184961,-0.066442,11.810000000000002
1772222271911783132,2026-02-27 14:57:51.911,-7.24908,5.60161,-32.3819,0.4859,-0.138954,0.015915,11.811000000000007
1772222271912904759,2026-02-27 14:57:51.912,-2.88164,5.81372,-21.4114,0.339126,-0.270386,0.113953,11.812000000000012
1772222271914074067,2026-02-27 14:57:51.914,0.955034,5.70451,-15.2396,0.275393,-0.336764,0.133134,11.814000000000007
1772222271915243978,2026-02-27 14:57:51.915,3.97106,5.7998,-11.1428,0.247162,-0.373821,0.120444,11.815000000000012
1772222271916446835,2026-02-27 14:57:51.916,5.47293,5.66091,-9.94194,0.261996,-0.419147,0.10258,11.816000000000003
1772222271917604331,2026-02-27 14:57:51.917,6.98977,5.9893,-8.65318,0.260659,-0.419818,0.074606,11.817000000000007
1772222271918735272,2026-02-27 14:57:51.918,7.78471,5.82776,-9.9022,0.351803,-0.480162,0.027489,11.818000000000012
1772222271919871283,2026-02-27 14:57:51.919,7.79099,5.97402,-10.1655,0.3789,-0.492242,0.012576,11.819000000000003
1772222271921054201,2026-02-27 14:57:51.921,7.87196,6.05925,-10.1494,0.375243,-0.513124,0.015812,11.821000000000012
1772222271922227828,2026-02-27 14:57:51.922,8.18928,5.88208,-9.61202,0.35413,-0.54012,0.029461,11.822000000000003
1772222271923429842,2026-02-27 14:57:51.923,8.56195,4.61583,-10.8652,0.385871,-0.534847,0.040626,11.823000000000008
1772222271924562526,2026-02-27 14:57:51.924,8.25298,3.34867,-13.2367,0.508031,-0.486408,0.014578,11.824000000000012
1772222271925691722,2026-02-27 14:57:51.925,6.95411,2.78741,-17.2518,0.644871,-0.395479,-0.010471,11.825000000000003
1772222271926837668,2026-02-27 14:57:51.926,3.49682,2.98657,-24.58,0.758378,-0.323383,-0.032704,11.826000000000008
1772222271927966995,2026-02-27 14:57:51.927,3.02157,2.87317,-27.1502,0.72965,-0.308175,-0.012741,11.827000000000012
1772222271929148831,2026-02-27 14:57:51.929,2.28408,2.99058,-28.2942,0.693062,-0.316975,-0.010531,11.829000000000008
1772222271930329189,2026-02-27 14:57:51.930,2.05187,2.88395,-28.3651,0.666089,-0.288958,-0.007208,11.830000000000013
1772222271931543098,2026-02-27 14:57:51.931,1.877,2.25744,-30.9235,0.683529,-0.242798,-0.016235,11.831000000000003
1772222271932675312,2026-02-27 14:57:51.932,2.09148,1.12716,-37.5107,0.730498,-0.171605,-0.035212,11.832000000000008
1772222271933809941,2026-02-27 14:57:51.933,-1.47887,1.99087,-47.8253,0.750878,-0.144112,-0.094334,11.833000000000013
1772222271934938394,2026-02-27 14:57:51.934,-2.5434,1.60236,-51.1182,0.759404,-0.102052,-0.081253,11.834000000000003
1772222271936120880,2026-02-27 14:57:51.936,-3.24872,1.44674,-53.3504,0.75327,-0.081143,-0.068725,11.836000000000013
1772222271937293574,2026-02-27 14:57:51.937,-4.03555,1.07818,-55.0594,0.744154,-0.044431,-0.061402,11.837000000000003
1772222271938510178,2026-02-27 14:57:51.938,-4.60913,0.868045,-56.8072,0.73592,-0.00981,-0.063271,11.838000000000008
1772222271939641307,2026-02-27 14:57:51.939,-5.35333,0.667867,-58.3708,0.733152,0.027989,-0.071703,11.838999999999999
1772222271940788914,2026-02-27 14:57:51.940,-6.81933,0.483541,-60.1551,0.739252,0.112463,-0.096795,11.840000000000003
1772222271941930800,2026-02-27 14:57:51.941,-7.61969,0.498459,-60.9617,0.738204,0.150684,-0.096301,11.841000000000008
1772222271943059687,2026-02-27 14:57:51.943,-8.1185,0.620589,-60.961,0.732596,0.186144,-0.094034,11.843000000000004
1772222271944255977,2026-02-27 14:57:51.944,-8.52732,0.947624,-59.6991,0.715537,0.203789,-0.082868,11.844000000000008
1772222271945475034,2026-02-27 14:57:51.945,-8.59511,1.2899,-56.3065,0.680937,0.185809,-0.061791,11.844999999999999
1772222271946607814,2026-02-27 14:57:51.946,-7.86213,1.11955,-55.1304,0.69923,0.24037,-0.065504,11.846000000000004
1772222271947748209,2026-02-27 14:57:51.947,-7.69389,1.1856,-55.4822,0.734043,0.291053,-0.098679,11.847000000000008
1772222271948893599,2026-02-27 14:57:51.948,-8.71975,1.9327,-55.9461,0.75691,0.324427,-0.122524,11.847999999999999
1772222271950022478,2026-02-27 14:57:51.950,-8.86167,1.93213,-54.8678,0.756945,0.3326,-0.125602,11.850000000000009
1772222271951145722,2026-02-27 14:57:51.951,-8.902,1.92022,-53.8732,0.752455,0.342465,-0.125065,11.850999999999999
1772222271952315707,2026-02-27 14:57:51.952,-8.9594,1.88836,-52.3,0.743395,0.347861,-0.129365,11.852000000000004
1772222271953523504,2026-02-27 14:57:51.953,-8.99787,1.8226,-50.8937,0.730545,0.357612,-0.133077,11.853000000000009
1772222271954653361,2026-02-27 14:57:51.954,-9.07309,1.76989,-49.6713,0.712081,0.363427,-0.130941,11.854
1772222271955810831,2026-02-27 14:57:51.955,-9.17034,1.71254,-48.4093,0.690638,0.369667,-0.128841,11.855000000000004
1772222271956968318,2026-02-27 14:57:51.956,-9.09759,1.50324,-44.887,0.639858,0.370927,-0.127711,11.856000000000009
1772222271958098686,2026-02-27 14:57:51.958,-8.95771,1.35095,-43.5576,0.612866,0.370069,-0.123208,11.858000000000004
1772222271959268395,2026-02-27 14:57:51.959,-8.78285,1.23344,-42.2686,0.58809,0.365885,-0.118633,11.859000000000009
1772222271960439156,2026-02-27 14:57:51.960,-8.55694,1.05976,-41.5263,0.562541,0.358843,-0.111401,11.86
1772222271961595248,2026-02-27 14:57:51.961,-8.21863,0.924432,-40.7041,0.542608,0.348957,-0.103368,11.861000000000004
1772222271962718841,2026-02-27 14:57:51.962,-7.91921,0.784411,-39.6416,0.522637,0.334321,-0.098103,11.862000000000009
1772222271963869984,2026-02-27 14:57:51.963,-7.17366,0.543075,-37.9475,0.489894,0.301022,-0.086381,11.863
1772222271964988601,2026-02-27 14:57:51.964,-6.81624,0.431591,-37.6853,0.478107,0.281092,-0.076625,11.864000000000004
1772222271966117899,2026-02-27 14:57:51.966,-6.45591,0.305776,-37.7335,0.466482,0.259429,-0.066166,11.866
1772222271967287252,2026-02-27 14:57:51.967,-6.06967,0.213155,-37.0819,0.457925,0.235906,-0.062915,11.867000000000004
1772222271968472920,2026-02-27 14:57:51.968,-5.68588,0.073942,-36.5358,0.450312,0.211545,-0.059073,11.86800000000001
1772222271969567599,2026-02-27 14:57:51.969,-5.37681,-0.069164,-36.1079,0.44352,0.185985,-0.056075,11.869
1772222271970700681,2026-02-27 14:57:51.970,-5.00051,-0.1833,-35.9365,0.435013,0.160069,-0.051136,11.870000000000005
1772222271971849598,2026-02-27 14:57:51.971,-4.19322,-0.446274,-36.1057,0.430743,0.111713,-0.039879,11.87100000000001
1772222271972992906,2026-02-27 14:57:51.972,-3.71567,-0.624153,-36.3178,0.428072,0.089643,-0.034752,11.872
1772222271974173702,2026-02-27 14:57:51.974,-3.30654,-0.743302,-35.6071,0.433119,0.073954,-0.036454,11.87400000000001
1772222271975342630,2026-02-27 14:57:51.975,-2.82496,-0.816687,-36.2943,0.435945,0.060189,-0.026631,11.875
1772222271976527357,2026-02-27 14:57:51.976,-2.33227,-1.00065,-36.5862,0.444317,0.047676,-0.02083,11.876000000000005
1772222271977659202,2026-02-27 14:57:51.977,-1.91456,-1.04162,-37.4716,0.447271,0.037521,-0.011967,11.87700000000001
1772222271978807368,2026-02-27 14:57:51.978,-1.05757,-1.17279,-38.4135,0.46767,0.017018,0.001357,11.878
1772222271979954975,2026-02-27 14:57:51.979,-0.675306,-1.27803,-38.6636,0.46833,0.00584,0.00625,11.879000000000005
1772222271981085525,2026-02-27 14:57:51.981,-0.24402,-1.31536,-39.0068,0.475384,-0.003069,0.010348,11.881
1772222271982262861,2026-02-27 14:57:51.982,0.072389,-1.41292,-40.2783,0.479972,-0.011995,0.022031,11.882000000000005
1772222271983439517,2026-02-27 14:57:51.983,0.415314,-1.4125,-40.5242,0.485899,-0.023257,0.023274,11.88300000000001
1772222271984608143,2026-02-27 14:57:51.984,0.675558,-1.41786,-40.8242,0.490993,-0.031206,0.026386,11.884
1772222271985739399,2026-02-27 14:57:51.985,0.900699,-1.48495,-40.6029,0.494128,-0.041901,0.024219,11.885000000000005
1772222271986904173,2026-02-27 14:57:51.986,1.24237,-1.51149,-40.8364,0.498904,-0.057198,0.023356,11.88600000000001
1772222271988047836,2026-02-27 14:57:51.988,1.47885,-1.45287,-41.0647,0.507357,-0.065555,0.024924,11.888000000000005
1772222271989176777,2026-02-27 14:57:51.989,1.6249,-1.41156,-41.3017,0.512672,-0.071852,0.024298,11.88900000000001
1772222271990322455,2026-02-27 14:57:51.990,1.74881,-1.37751,-40.8756,0.517104,-0.078261,0.018689,11.89
1772222271991505898,2026-02-27 14:57:51.991,1.74805,-1.31849,-40.6603,0.519528,-0.085174,0.013654,11.891000000000005
1772222271992636914,2026-02-27 14:57:51.992,1.8135,-1.19888,-41.0077,0.529131,-0.089329,0.014395,11.89200000000001
1772222271993764026,2026-02-27 14:57:51.993,1.77861,-1.16746,-41.5647,0.532413,-0.094801,0.015344,11.893
1772222271994895501,2026-02-27 14:57:51.994,1.81458,-1.0934,-42.1026,0.536415,-0.100932,0.016738,11.894000000000005
1772222271996043241,2026-02-27 14:57:51.996,1.63268,-0.88822,-42.4251,0.544052,-0.110979,0.009397,11.896
1772222271997159501,2026-02-27 14:57:51.997,1.52178,-0.798927,-42.5666,0.546778,-0.116042,0.005719,11.897000000000006
1772222271998301066,2026-02-27 14:57:51.998,1.3692,-0.717924,-42.6879,0.548089,-0.121547,0.001835,11.89800000000001
1772222271999482034,2026-02-27 14:57:51.999,1.22902,-0.572312,-43.8236,0.550232,-0.126529,0.006828,11.899000000000001
1772222272000613376,2026-02-27 14:57:52.000,1.03232,-0.434824,-43.4643,0.549419,-0.1324,-0.002328,11.900000000000006
1772222272001746225,2026-02-27 14:57:52.001,0.817075,-0.333796,-43.6447,0.547204,-0.137885,-0.006912,11.90100000000001
1772222272002901056,2026-02-27 14:57:52.002,0.638326,-0.189907,-43.4584,0.551928,-0.143049,-0.014142,11.902000000000001
1772222272004054470,2026-02-27 14:57:52.004,0.205968,0.062008,-43.5005,0.551118,-0.153686,-0.021969,11.90400000000001
1772222272005184715,2026-02-27 14:57:52.005,-0.024954,0.26757,-43.8625,0.547322,-0.15594,-0.026883,11.905000000000001
1772222272006369621,2026-02-27 14:57:52.006,-0.269567,0.317789,-43.9555,0.549566,-0.160086,-0.029007,11.906000000000006
1772222272007617582,2026-02-27 14:57:52.007,-0.470189,0.386192,-43.231,0.549025,-0.164181,-0.041008,11.90700000000001
1772222272008746738,2026-02-27 14:57:52.008,-0.78334,0.539366,-43.7063,0.548234,-0.164644,-0.041017,11.908000000000001
1772222272009895847,2026-02-27 14:57:52.009,-0.959157,0.62583,-43.9589,0.550833,-0.16423,-0.04331,11.909000000000006
1772222272011052445,2026-02-27 14:57:52.011,-1.38434,0.766891,-45.4133,0.554183,-0.154284,-0.039813,11.911000000000001
1772222272012193876,2026-02-27 14:57:52.012,-1.65159,0.873825,-45.7039,0.55846,-0.143043,-0.042403,11.912000000000006
1772222272013396108,2026-02-27 14:57:52.013,-1.90789,0.890715,-46.0192,0.564067,-0.131293,-0.044189,11.913000000000011
1772222272014562416,2026-02-27 14:57:52.014,-2.14099,1.00249,-46.4192,0.571058,-0.114599,-0.048377,11.914000000000001
1772222272015692852,2026-02-27 14:57:52.015,-2.43262,1.05443,-47.4758,0.57994,-0.098686,-0.045612,11.915000000000006
1772222272016869547,2026-02-27 14:57:52.016,-2.79116,1.07203,-48.1881,0.586,-0.079624,-0.045949,11.916000000000011
1772222272018051762,2026-02-27 14:57:52.018,-3.43036,1.18911,-48.5896,0.604008,-0.042448,-0.059377,11.918000000000006
1772222272019194857,2026-02-27 14:57:52.019,-3.83076,1.26014,-48.8588,0.613771,-0.0224,-0.06512,11.919000000000011
1772222272020332668,2026-02-27 14:57:52.020,-4.14635,1.28203,-49.3391,0.620676,-0.002168,-0.069623,11.920000000000002
1772222272021549330,2026-02-27 14:57:52.021,-4.52442,1.32407,-50.0447,0.625323,0.018453,-0.074256,11.921000000000006
1772222272022678041,2026-02-27 14:57:52.022,-4.84358,1.39847,-50.5996,0.639357,0.039181,-0.076277,11.922000000000011
1772222272023832076,2026-02-27 14:57:52.023,-5.26656,1.37106,-50.8629,0.643822,0.056315,-0.080203,11.923000000000002
1772222272025019450,2026-02-27 14:57:52.025,-5.64336,1.44073,-50.3317,0.650874,0.076345,-0.090062,11.925000000000011
1772222272026173341,2026-02-27 14:57:52.026,-6.25474,1.55996,-51.1764,0.656898,0.1053,-0.086148,11.926000000000002
1772222272027303448,2026-02-27 14:57:52.027,-6.47882,1.67683,-51.42,0.658274,0.116521,-0.080249,11.927000000000007
1772222272028518987,2026-02-27 14:57:52.028,-6.66177,1.79909,-51.1117,0.657939,0.128191,-0.07774,11.928000000000011
1772222272029649821,2026-02-27 14:57:52.029,-6.72932,1.89768,-51.067,0.664813,0.143414,-0.080911,11.929000000000002
1772222272030824932,2026-02-27 14:57:52.030,-6.90286,2.02791,-50.9601,0.67212,0.156169,-0.087768,11.930000000000007
1772222272032009778,2026-02-27 14:57:52.032,-7.2035,2.61437,-48.8071,0.650233,0.133727,-0.083221,11.932000000000002
1772222272033147018,2026-02-27 14:57:52.033,-4.85235,2.58241,-43.7477,0.617002,0.085834,-0.029654,11.933000000000007
1772222272034281844,2026-02-27 14:57:52.034,-5.10831,3.75919,-40.5011,0.614095,0.013978,-0.046566,11.934000000000012
1772222272035494266,2026-02-27 14:57:52.035,-3.40436,4.84422,-32.8404,0.503532,-0.109429,0.008924,11.935000000000002
1772222272036627594,2026-02-27 14:57:52.036,-0.267133,5.21369,-23.8681,0.380116,-0.263591,0.069246,11.936000000000007
1772222272037800611,2026-02-27 14:57:52.037,4.98498,4.55695,-22.5016,0.354226,-0.225973,0.125772,11.937000000000012
1772222272039000388,2026-02-27 14:57:52.039,6.37139,5.26498,-17.5678,0.297201,-0.255238,0.128613,11.939000000000007
1772222272040133938,2026-02-27 14:57:52.040,8.32168,4.93892,-15.8491,0.315486,-0.309676,0.101272,11.940000000000012
1772222272041263288,2026-02-27 14:57:52.041,8.7132,4.92897,-14.2618,0.304607,-0.328573,0.092148,11.941000000000003
1772222272042477561,2026-02-27 14:57:52.042,9.23043,4.68972,-14.3569,0.309328,-0.358165,0.098406,11.942000000000007
1772222272043610365,2026-02-27 14:57:52.043,9.61559,4.44338,-13.8214,0.298194,-0.357081,0.101301,11.943000000000012
1772222272044743708,2026-02-27 14:57:52.044,9.94952,3.8517,-14.4095,0.303931,-0.37665,0.117535,11.944000000000003
1772222272045872642,2026-02-27 14:57:52.045,10.27,3.38765,-14.3876,0.307742,-0.377704,0.137497,11.945000000000007
1772222272047059240,2026-02-27 14:57:52.047,10.6773,2.50063,-15.3444,0.342167,-0.398629,0.18748,11.947000000000003
1772222272048208974,2026-02-27 14:57:52.048,11.0568,1.6099,-16.2735,0.365554,-0.414226,0.257899,11.948000000000008
1772222272049342181,2026-02-27 14:57:52.049,11.3731,1.24888,-17.751,0.358231,-0.413417,0.272774,11.949000000000012
1772222272050559296,2026-02-27 14:57:52.050,11.0101,0.533784,-18.4857,0.383489,-0.436176,0.263229,11.950000000000003
1772222272051690148,2026-02-27 14:57:52.051,10.1566,0.034645,-20.225,0.425382,-0.476688,0.237696,11.951000000000008
1772222272052852780,2026-02-27 14:57:52.052,9.43789,0.092174,-20.4902,0.45095,-0.514722,0.201076,11.952000000000012
1772222272054055400,2026-02-27 14:57:52.054,9.45583,0.195494,-20.5474,0.466041,-0.536236,0.188059,11.954000000000008
1772222272055195101,2026-02-27 14:57:52.055,11.9435,0.995287,-18.2319,0.377715,-0.494909,0.221342,11.955000000000013
1772222272056338906,2026-02-27 14:57:52.056,12.6001,0.873711,-16.9726,0.346414,-0.449791,0.248886,11.956000000000003
1772222272057567766,2026-02-27 14:57:52.057,11.6547,-1.40144,-22.5891,0.553486,-0.354903,0.180509,11.957000000000008
1772222272058697678,2026-02-27 14:57:52.058,8.75393,-1.32034,-30.4274,0.708917,-0.289407,0.079989,11.958000000000013
1772222272059871789,2026-02-27 14:57:52.059,6.29876,-0.968192,-36.7004,0.78126,-0.277094,0.019436,11.959000000000003
1772222272061067538,2026-02-27 14:57:52.061,3.66654,-0.609807,-42.8845,0.871455,-0.25286,-0.028807,11.961000000000013
1772222272062217978,2026-02-27 14:57:52.062,-0.371988,-0.955718,-55.1632,0.984643,0.00958,-0.091616,11.962000000000003
1772222272063358362,2026-02-27 14:57:52.063,-3.16391,-0.667442,-59.7717,0.966698,0.050618,-0.118386,11.963000000000008
1772222272064576938,2026-02-27 14:57:52.064,-5.25513,-0.116787,-59.435,0.888432,0.050105,-0.089717,11.963999999999999
1772222272065710955,2026-02-27 14:57:52.065,-5.42512,-0.623268,-59.2004,0.788552,0.072603,-0.030255,11.965000000000003
1772222272066892529,2026-02-27 14:57:52.066,-5.78919,-1.70207,-62.5728,0.812385,0.222955,-0.061799,11.966000000000008
1772222272068091583,2026-02-27 14:57:52.068,-7.09308,-1.07773,-61.9629,0.737579,0.232199,-0.08216,11.968000000000004
1772222272069226950,2026-02-27 14:57:52.069,-9.56056,-2.12866,-66.7751,0.763708,0.430788,-0.141723,11.969000000000008
1772222272070367793,2026-02-27 14:57:52.070,-11.6772,-1.67511,-68.724,0.756003,0.488217,-0.176536,11.969999999999999
1772222272071563062,2026-02-27 14:57:52.071,-13.2612,-1.58603,-69.2977,0.731353,0.538071,-0.177589,11.971000000000004
1772222272072697333,2026-02-27 14:57:52.072,-14.0964,-1.74787,-69.1646,0.732793,0.594684,-0.173673,11.972000000000008
1772222272073874679,2026-02-27 14:57:52.073,-14.7228,-1.93036,-68.06,0.725886,0.645812,-0.178201,11.972999999999999
1772222272075073008,2026-02-27 14:57:52.075,-15.3234,-1.90297,-66.1371,0.718104,0.698919,-0.189488,11.975000000000009
1772222272076235447,2026-02-27 14:57:52.076,-16.2808,-1.83302,-63.6663,0.70091,0.783094,-0.201122,11.975999999999999
1772222272077387128,2026-02-27 14:57:52.077,-16.5691,-1.74552,-62.1057,0.677763,0.810154,-0.201152,11.977000000000004
1772222272078558944,2026-02-27 14:57:52.078,-16.5655,-1.71833,-60.1158,0.659203,0.829051,-0.2005,11.978000000000009
1772222272079733309,2026-02-27 14:57:52.079,-16.4946,-1.59911,-57.8731,0.635504,0.837742,-0.19837,11.979
1772222272080861906,2026-02-27 14:57:52.080,-16.3001,-1.6216,-55.5235,0.608355,0.837331,-0.193916,11.980000000000004
1772222272082076083,2026-02-27 14:57:52.082,-15.8777,-1.66124,-53.1641,0.584638,0.825924,-0.190428,11.982
1772222272083248079,2026-02-27 14:57:52.083,-14.7671,-1.65981,-49.1099,0.526994,0.771959,-0.169576,11.983000000000004
1772222272084390516,2026-02-27 14:57:52.084,-14.0859,-1.681,-46.9166,0.504207,0.737977,-0.159124,11.984000000000009
1772222272085559526,2026-02-27 14:57:52.085,-13.4367,-1.64917,-44.5335,0.481495,0.702169,-0.152977,11.985
1772222272086684595,2026-02-27 14:57:52.086,-12.8316,-1.66983,-42.5159,0.459547,0.664709,-0.144005,11.986000000000004
1772222272087853163,2026-02-27 14:57:52.087,-12.1944,-1.71064,-40.7606,0.433909,0.628467,-0.135515,11.987000000000009
1772222272089034524,2026-02-27 14:57:52.089,-11.5361,-1.77659,-39.2724,0.41813,0.590827,-0.126117,11.989000000000004
1772222272090229625,2026-02-27 14:57:52.090,-10.3355,-1.79653,-35.9916,0.387686,0.517062,-0.116849,11.990000000000009
1772222272091385597,2026-02-27 14:57:52.091,-9.6819,-1.85826,-34.9637,0.3722,0.479323,-0.10876,11.991
1772222272092494654,2026-02-27 14:57:52.092,-9.01173,-1.95945,-34.2064,0.362567,0.440312,-0.099428,11.992000000000004
1772222272093622738,2026-02-27 14:57:52.093,-8.25879,-2.00506,-34.0668,0.352957,0.400685,-0.085744,11.99300000000001
1772222272094794842,2026-02-27 14:57:52.094,-7.51368,-2.05517,-33.9887,0.350824,0.36685,-0.074585,11.994
1772222272095994648,2026-02-27 14:57:52.095,-6.68834,-2.07626,-33.5456,0.346204,0.336144,-0.066131,11.995000000000005
1772222272097180561,2026-02-27 14:57:52.097,-6.02358,-2.08822,-33.2421,0.348538,0.307207,-0.058179,11.997
1772222272098320700,2026-02-27 14:57:52.098,-4.6625,-2.08708,-33.384,0.361091,0.255933,-0.039207,11.998000000000005
1772222272099490434,2026-02-27 14:57:52.099,-4.04378,-2.05782,-34.048,0.372854,0.232063,-0.026064,11.99900000000001
1772222272100616833,2026-02-27 14:57:52.100,-3.44322,-1.99207,-33.8336,0.382162,0.20967,-0.019742,12.0
1772222272101789072,2026-02-27 14:57:52.101,-2.86086,-1.81718,-33.795,0.394743,0.189055,-0.011269,12.001000000000005
1772222272102986277,2026-02-27 14:57:52.102,-2.26488,-1.65332,-33.5756,0.406974,0.170036,-0.002314,12.00200000000001
1772222272104187555,2026-02-27 14:57:52.104,-1.65223,-1.49727,-33.4608,0.417809,0.150557,0.010178,12.004000000000005
1772222272105334101,2026-02-27 14:57:52.105,-0.617285,-1.04506,-33.8505,0.435209,0.116294,0.035701,12.00500000000001
1772222272106499774,2026-02-27 14:57:52.106,-0.171317,-0.810536,-33.8832,0.444371,0.098989,0.048396,12.006
1772222272107625631,2026-02-27 14:57:52.107,0.234392,-0.596382,-33.0087,0.450078,0.0844,0.049742,12.007000000000005
1772222272108799900,2026-02-27 14:57:52.108,0.720747,-0.255477,-33.4381,0.46548,0.070498,0.064469,12.00800000000001
1772222272109996183,2026-02-27 14:57:52.109,1.1077,-0.02675,-33.4617,0.478168,0.057151,0.072729,12.009
1772222272111192277,2026-02-27 14:57:52.111,1.50137,0.199994,-34.0401,0.486172,0.04435,0.084629,12.01100000000001
1772222272112327507,2026-02-27 14:57:52.112,2.11372,0.757615,-34.0693,0.515968,0.024618,0.098304,12.012
1772222272113513497,2026-02-27 14:57:52.113,2.44015,1.04704,-33.8623,0.525531,0.015124,0.10215,12.013000000000005
1772222272114641793,2026-02-27 14:57:52.114,2.74121,1.31839,-33.659,0.538815,0.005681,0.106716,12.01400000000001
1772222272115806201,2026-02-27 14:57:52.115,3.08508,1.61554,-34.329,0.55343,-0.001257,0.117403,12.015
1772222272117083734,2026-02-27 14:57:52.117,3.28659,1.87702,-33.9522,0.564606,-0.010342,0.119931,12.01700000000001
1772222272118255639,2026-02-27 14:57:52.118,3.52972,2.14669,-33.6726,0.578168,-0.018813,0.122,12.018
1772222272119406055,2026-02-27 14:57:52.119,3.9679,2.64679,-32.2558,0.600625,-0.03853,0.119084,12.019000000000005
1772222272120564924,2026-02-27 14:57:52.120,4.13272,2.87996,-31.9045,0.609634,-0.0481,0.119002,12.02000000000001
1772222272121741767,2026-02-27 14:57:52.121,4.22807,3.06918,-31.7423,0.618851,-0.056065,0.119667,12.021
1772222272122938186,2026-02-27 14:57:52.122,4.39999,3.28585,-31.3848,0.634202,-0.067812,0.12209,12.022000000000006
1772222272124114998,2026-02-27 14:57:52.124,4.54031,3.52962,-30.6564,0.645973,-0.076554,0.117369,12.024000000000001
1772222272125298231,2026-02-27 14:57:52.125,4.5556,3.76351,-29.9749,0.654877,-0.085084,0.113052,12.025000000000006
1772222272126482450,2026-02-27 14:57:52.126,4.6145,4.25285,-30.2633,0.677965,-0.098964,0.117663,12.02600000000001
1772222272127609554,2026-02-27 14:57:52.127,4.67137,4.4134,-30.6045,0.689424,-0.104386,0.120628,12.027000000000001
1772222272128805029,2026-02-27 14:57:52.128,4.62638,4.56291,-30.54,0.699512,-0.109108,0.117208,12.028000000000006
1772222272130000869,2026-02-27 14:57:52.130,4.60418,4.76081,-30.5543,0.714842,-0.110411,0.113817,12.030000000000001
1772222272131207035,2026-02-27 14:57:52.131,4.47428,4.90587,-30.6961,0.721184,-0.111894,0.110416,12.031000000000006
1772222272132342825,2026-02-27 14:57:52.132,4.36081,5.16012,-31.9573,0.746543,-0.110441,0.114279,12.03200000000001
1772222272133492809,2026-02-27 14:57:52.133,4.16492,5.31464,-31.783,0.758191,-0.105103,0.106405,12.033000000000001
1772222272134617824,2026-02-27 14:57:52.134,4.02417,5.42393,-32.1618,0.768495,-0.100314,0.102209,12.034000000000006
1772222272135784088,2026-02-27 14:57:52.135,3.78898,5.49886,-32.2027,0.780463,-0.092302,0.096085,12.03500000000001
1772222272136980550,2026-02-27 14:57:52.136,3.62227,5.58235,-32.4883,0.791585,-0.082989,0.090181,12.036000000000001
1772222272138150642,2026-02-27 14:57:52.138,3.44601,5.58634,-33.2476,0.805314,-0.071057,0.085276,12.038000000000011
1772222272139335209,2026-02-27 14:57:52.139,2.95394,5.59076,-34.6386,0.823821,-0.046525,0.073706,12.039000000000001
1772222272140494282,2026-02-27 14:57:52.140,2.60564,5.61769,-34.5656,0.834164,-0.030838,0.059204,12.040000000000006
1772222272141622359,2026-02-27 14:57:52.141,2.22866,5.56927,-35.7108,0.839085,-0.015888,0.053087,12.041000000000011
1772222272142770146,2026-02-27 14:57:52.142,1.91513,5.56824,-36.7732,0.852546,-0.001768,0.047411,12.042000000000002
1772222272143967290,2026-02-27 14:57:52.143,1.54781,5.51434,-38.5577,0.853766,0.014641,0.042329,12.043000000000006
1772222272145163274,2026-02-27 14:57:52.145,1.15364,5.47846,-40.0511,0.866754,0.02975,0.040049,12.045000000000002
1772222272146347534,2026-02-27 14:57:52.146,0.675167,5.38645,-41.2881,0.873189,0.04687,0.032206,12.046000000000006
1772222272147500346,2026-02-27 14:57:52.147,-0.150268,5.25726,-43.8452,0.887916,0.082122,0.017308,12.047000000000011
1772222272148619963,2026-02-27 14:57:52.148,-0.619443,5.1621,-45.7642,0.895147,0.100204,0.014211,12.048000000000002
1772222272149834129,2026-02-27 14:57:52.149,-1.04551,5.05896,-47.6363,0.902405,0.117568,0.010268,12.049000000000007
1772222272151037186,2026-02-27 14:57:52.151,-1.56402,4.93776,-48.7803,0.907652,0.135911,0.000518,12.051000000000002
1772222272152233255,2026-02-27 14:57:52.152,-2.09927,4.84097,-49.8147,0.91373,0.155142,-0.010427,12.052000000000007
1772222272153417553,2026-02-27 14:57:52.153,-2.97951,4.65826,-52.0092,0.930372,0.190791,-0.027865,12.053000000000011
1772222272154580742,2026-02-27 14:57:52.154,-3.49491,4.48763,-53.458,0.935515,0.208887,-0.034607,12.054000000000002
1772222272155751872,2026-02-27 14:57:52.155,-3.94535,4.38123,-54.7447,0.94186,0.225023,-0.040993,12.055000000000007
1772222272156936890,2026-02-27 14:57:52.156,-4.36735,4.30779,-55.9631,0.948499,0.240987,-0.048398,12.056000000000012
1772222272158132926,2026-02-27 14:57:52.158,-4.78146,4.17461,-56.3306,0.953697,0.256714,-0.064583,12.058000000000007
1772222272159321467,2026-02-27 14:57:52.159,-5.22811,4.08461,-57.8885,0.959411,0.272909,-0.066854,12.059000000000012
1772222272160482228,2026-02-27 14:57:52.160,-6.09015,3.82241,-60.7353,0.96748,0.302115,-0.075391,12.060000000000002
1772222272161619246,2026-02-27 14:57:52.161,-6.5782,3.62604,-61.8517,0.967294,0.315089,-0.080305,12.061000000000007
1772222272162791511,2026-02-27 14:57:52.162,-6.97999,3.56073,-62.8106,0.973712,0.328397,-0.086899,12.062000000000012
1772222272163985805,2026-02-27 14:57:52.163,-7.41995,3.43629,-63.8104,0.977383,0.340626,-0.093781,12.063000000000002
1772222272165183327,2026-02-27 14:57:52.165,-7.72856,3.4161,-64.6665,0.981346,0.353578,-0.100393,12.065000000000012
1772222272166355371,2026-02-27 14:57:52.166,-8.16391,3.29391,-66.3936,0.986103,0.365855,-0.098684,12.066000000000003
1772222272167504255,2026-02-27 14:57:52.167,-8.99934,3.19929,-67.5669,0.987591,0.389525,-0.114394,12.067000000000007
1772222272168641463,2026-02-27 14:57:52.168,-9.36917,3.14587,-67.7386,0.993681,0.401749,-0.12611,12.068000000000012
1772222272169815741,2026-02-27 14:57:52.169,-9.86428,3.18227,-68.006,0.997569,0.414722,-0.136106,12.069000000000003
1772222272171013384,2026-02-27 14:57:52.171,-10.28,3.14028,-68.5841,1.0013,0.427615,-0.145083,12.071000000000012
1772222272172210602,2026-02-27 14:57:52.172,-10.8212,3.18645,-69.0036,1.00709,0.441674,-0.153613,12.072000000000003
1772222272173392498,2026-02-27 14:57:52.173,-11.7396,3.17808,-69.2023,1.01551,0.469777,-0.17801,12.073000000000008
1772222272174561776,2026-02-27 14:57:52.174,-12.272,3.21416,-69.197,1.02201,0.485594,-0.189104,12.074000000000012
1772222272175689038,2026-02-27 14:57:52.175,-12.7009,3.22377,-69.7271,1.0264,0.502675,-0.195931,12.075000000000003
1772222272176861481,2026-02-27 14:57:52.176,-13.1533,3.23489,-70.2718,1.0265,0.517175,-0.200881,12.076000000000008
1772222272178058593,2026-02-27 14:57:52.178,-13.5378,3.22196,-70.8871,1.02943,0.532803,-0.203957,12.078000000000003
1772222272179257673,2026-02-27 14:57:52.179,-13.8773,3.32904,-71.0365,1.03563,0.549097,-0.209454,12.079000000000008
1772222272180429727,2026-02-27 14:57:52.180,-14.169,3.35788,-71.1078,1.03942,0.56536,-0.214388,12.080000000000013
1772222272181625139,2026-02-27 14:57:52.181,-14.82,3.44991,-71.2986,1.04682,0.601711,-0.223217,12.081000000000003
1772222272182831983,2026-02-27 14:57:52.182,-15.159,3.46517,-72.1258,1.04759,0.615808,-0.218754,12.082000000000008
1772222272184035002,2026-02-27 14:57:52.184,-15.4759,3.50337,-71.7105,1.05348,0.634061,-0.226375,12.084000000000003
1772222272185234421,2026-02-27 14:57:52.185,-15.6926,3.53631,-71.5666,1.05516,0.651163,-0.229792,12.085000000000008
1772222272186420942,2026-02-27 14:57:52.186,-15.9121,3.61482,-71.1222,1.06442,0.670784,-0.238236,12.086000000000013
1772222272187594453,2026-02-27 14:57:52.187,-16.5048,3.68989,-71.1268,1.07019,0.706128,-0.247451,12.087000000000003
1772222272188723965,2026-02-27 14:57:52.188,-16.8668,3.75583,-71.3882,1.07573,0.725818,-0.251376,12.088000000000008
1772222272189904351,2026-02-27 14:57:52.189,-17.1914,3.81279,-71.3581,1.08263,0.747062,-0.256015,12.088999999999999
1772222272191078224,2026-02-27 14:57:52.191,-17.5215,3.85736,-70.413,1.08514,0.763711,-0.270216,12.091000000000008
1772222272192281087,2026-02-27 14:57:52.192,-17.8726,3.83107,-70.7839,1.09259,0.78621,-0.26956,12.091999999999999
1772222272193473938,2026-02-27 14:57:52.193,-18.5304,3.92384,-71.1953,1.09858,0.826142,-0.272609,12.093000000000004
1772222272194644374,2026-02-27 14:57:52.194,-18.5304,3.92384,-71.1953,1.09858,0.826142,-0.272609,12.094000000000008
1772222272195898052,2026-02-27 14:57:52.195,-19.2405,4.02331,-71.3314,1.10718,0.870577,-0.273991,12.094999999999999
1772222272197098326,2026-02-27 14:57:52.197,-19.6407,4.14954,-71.4049,1.11315,0.897513,-0.278497,12.097000000000008
1772222272198300177,2026-02-27 14:57:52.198,-20.0356,4.20971,-71.3079,1.12,0.921568,-0.284169,12.097999999999999
1772222272199507924,2026-02-27 14:57:52.199,-20.6891,4.33722,-71.9532,1.12488,0.95967,-0.285831,12.099000000000004
1772222272200647882,2026-02-27 14:57:52.200,-20.9028,4.39374,-71.5376,1.12514,0.981594,-0.287053,12.100000000000009
1772222272201826881,2026-02-27 14:57:52.201,-21.2231,4.41533,-71.0164,1.12571,1.00114,-0.292405,12.100999999999999
1772222272203028158,2026-02-27 14:57:52.203,-21.5535,4.50728,-70.6143,1.13226,1.02244,-0.297893,12.103000000000009
1772222272204228671,2026-02-27 14:57:52.204,-21.7719,4.5223,-70.4545,1.1358,1.04062,-0.303636,12.104
1772222272205428877,2026-02-27 14:57:52.205,-22.0663,4.62929,-70.3718,1.14145,1.06118,-0.306971,12.105000000000004
1772222272206608447,2026-02-27 14:57:52.206,-22.5749,4.63915,-69.7761,1.14242,1.09471,-0.314518,12.106000000000009
1772222272207739202,2026-02-27 14:57:52.207,-22.8698,4.76378,-68.825,1.14125,1.11154,-0.323431,12.107
1772222272208878801,2026-02-27 14:57:52.208,-23.006,4.77296,-68.9791,1.14502,1.12589,-0.321433,12.108000000000004
1772222272210080111,2026-02-27 14:57:52.210,-23.2142,4.80617,-68.9563,1.14761,1.14043,-0.321874,12.11
1772222272211280499,2026-02-27 14:57:52.211,-23.3815,4.8008,-69.2002,1.14666,1.15475,-0.318946,12.111000000000004
1772222272212485598,2026-02-27 14:57:52.212,-23.6353,4.80163,-68.9573,1.13924,1.16369,-0.319597,12.112000000000009
1772222272213626267,2026-02-27 14:57:52.213,-23.8005,4.85357,-68.8955,1.14399,1.1821,-0.319402,12.113
1772222272214779820,2026-02-27 14:57:52.214,-24.1505,4.80355,-68.4259,1.14076,1.2057,-0.323236,12.114000000000004
1772222272215982079,2026-02-27 14:57:52.215,-24.3713,4.81278,-69.3187,1.14226,1.22276,-0.314423,12.115000000000009
1772222272217180692,2026-02-27 14:57:52.217,-24.4752,4.82468,-68.6469,1.13686,1.23069,-0.31785,12.117000000000004
1772222272218378873,2026-02-27 14:57:52.218,-24.6789,4.79132,-68.5452,1.13576,1.24327,-0.318121,12.11800000000001
1772222272219552997,2026-02-27 14:57:52.219,-24.9588,4.81956,-67.4872,1.12842,1.26287,-0.324857,12.119
1772222272220701566,2026-02-27 14:57:52.220,-25.0116,4.78615,-67.3227,1.12466,1.27115,-0.328375,12.120000000000005
1772222272221839920,2026-02-27 14:57:52.221,-25.2301,4.70243,-67.1554,1.11475,1.27823,-0.330013,12.12100000000001
1772222272222964814,2026-02-27 14:57:52.222,-25.2597,4.70223,-67.0597,1.11411,1.28959,-0.328845,12.122
1772222272224085994,2026-02-27 14:57:52.224,-25.5023,4.67016,-66.2674,1.11417,1.30212,-0.338299,12.12400000000001
1772222272225204925,2026-02-27 14:57:52.225,-25.7013,4.66762,-66.0255,1.11074,1.3136,-0.3415,12.125
1772222272226324745,2026-02-27 14:57:52.226,-25.7787,4.66722,-65.9426,1.11003,1.32146,-0.341757,12.126000000000005
1772222272227446170,2026-02-27 14:57:52.227,-25.9481,4.63835,-66.4991,1.10948,1.33119,-0.337868,12.12700000000001
1772222272228590459,2026-02-27 14:57:52.228,-26.1937,4.57521,-66.6875,1.1058,1.3474,-0.337545,12.128
1772222272229816735,2026-02-27 14:57:52.229,-26.2538,4.55643,-66.6189,1.10071,1.35005,-0.335921,12.129000000000005
1772222272230941189,2026-02-27 14:57:52.230,-26.278,4.51148,-66.574,1.09586,1.35566,-0.336733,12.13000000000001
1772222272232060704,2026-02-27 14:57:52.232,-26.4202,4.51863,-66.8724,1.09372,1.36295,-0.335044,12.132000000000005
1772222272233179671,2026-02-27 14:57:52.233,-26.5009,4.36098,-67.555,1.08588,1.36859,-0.330796,12.13300000000001
1772222272234301651,2026-02-27 14:57:52.234,-26.6297,4.36987,-67.2159,1.08267,1.37764,-0.336287,12.134
1772222272235422876,2026-02-27 14:57:52.235,-26.6557,4.37453,-67.0665,1.08472,1.38352,-0.34029,12.135000000000005
1772222272236562134,2026-02-27 14:57:52.236,-26.8745,4.30061,-66.6459,1.08181,1.39403,-0.345959,12.13600000000001
1772222272237680604,2026-02-27 14:57:52.237,-26.9317,4.30734,-66.7675,1.08016,1.40085,-0.346126,12.137
1772222272238801780,2026-02-27 14:57:52.238,-27.0181,4.31898,-66.9409,1.08337,1.40488,-0.347655,12.138000000000005
1772222272239922619,2026-02-27 14:57:52.239,-27.0935,4.30653,-67.0916,1.08255,1.40929,-0.349707,12.13900000000001
1772222272241042195,2026-02-27 14:57:52.241,-27.1653,4.39159,-66.3254,1.08591,1.41012,-0.3611,12.141000000000005
1772222272242161563,2026-02-27 14:57:52.242,-27.1894,4.34385,-66.8745,1.08639,1.40894,-0.358184,12.14200000000001
1772222272243282090,2026-02-27 14:57:52.243,-27.1001,4.37739,-67.0502,1.0929,1.4076,-0.358798,12.143
1772222272244402040,2026-02-27 14:57:52.244,-27.0754,4.42436,-67.6725,1.08982,1.4023,-0.354202,12.144000000000005
1772222272245487352,2026-02-27 14:57:52.245,-26.9388,4.47368,-68.0948,1.09315,1.39541,-0.351536,12.14500000000001
1772222272246608901,2026-02-27 14:57:52.246,-26.697,4.57881,-68.3428,1.09994,1.37639,-0.350472,12.146
1772222272247728184,2026-02-27 14:57:52.247,-26.6003,4.67002,-68.493,1.11004,1.3677,-0.348723,12.147000000000006
1772222272248847362,2026-02-27 14:57:52.248,-26.4557,4.72418,-69.1822,1.10774,1.35615,-0.339847,12.14800000000001
1772222272249965531,2026-02-27 14:57:52.249,-26.2717,4.84909,-69.3322,1.11787,1.34631,-0.337899,12.149000000000001
1772222272251085675,2026-02-27 14:57:52.251,-26.0748,4.93885,-69.1726,1.12392,1.33178,-0.336889,12.15100000000001
1772222272252204880,2026-02-27 14:57:52.252,-25.8415,5.02096,-68.7213,1.13234,1.31782,-0.339761,12.152000000000001
1772222272253370442,2026-02-27 14:57:52.253,-25.628,5.11674,-68.4288,1.13721,1.30319,-0.340416,12.153000000000006
1772222272254528967,2026-02-27 14:57:52.254,-25.3385,5.26594,-68.3788,1.14447,1.29037,-0.340983,12.15400000000001
1772222272255655451,2026-02-27 14:57:52.255,-24.9352,5.4614,-68.3535,1.15852,1.25972,-0.334359,12.155000000000001
1772222272256779813,2026-02-27 14:57:52.256,-24.7125,5.50587,-67.8288,1.1621,1.24168,-0.33639,12.156000000000006
1772222272257903808,2026-02-27 14:57:52.257,-24.451,5.59106,-67.2197,1.16832,1.22546,-0.338561,12.15700000000001
1772222272259024304,2026-02-27 14:57:52.259,-24.1924,5.64998,-67.4926,1.17444,1.20915,-0.333542,12.159000000000006
1772222272260144659,2026-02-27 14:57:52.260,-23.9304,5.72161,-67.7072,1.17937,1.19401,-0.328101,12.16000000000001
1772222272261263632,2026-02-27 14:57:52.261,-23.6296,5.8515,-68.0662,1.1821,1.18108,-0.319178,12.161000000000001
1772222272262429596,2026-02-27 14:57:52.262,-23.3342,5.89304,-67.9994,1.18628,1.17216,-0.312872,12.162000000000006
1772222272263575464,2026-02-27 14:57:52.263,-22.9101,5.99996,-67.9598,1.19532,1.16938,-0.304686,12.163000000000011
1772222272264703850,2026-02-27 14:57:52.264,-22.2252,6.11174,-67.6804,1.20438,1.17334,-0.285294,12.164000000000001
1772222272265825173,2026-02-27 14:57:52.265,-21.9737,6.20105,-68.5322,1.21281,1.17577,-0.268845,12.165000000000006
1772222272266948495,2026-02-27 14:57:52.266,-21.8549,6.27726,-67.9458,1.21976,1.17725,-0.267356,12.166000000000011
1772222272268119179,2026-02-27 14:57:52.268,-21.7567,6.34202,-67.9154,1.22486,1.17381,-0.265279,12.168000000000006
1772222272269287081,2026-02-27 14:57:52.269,-21.7214,6.35977,-67.3264,1.22742,1.16863,-0.268038,12.169000000000011
1772222272270498383,2026-02-27 14:57:52.270,-21.6789,6.36163,-67.0768,1.22816,1.16135,-0.268867,12.170000000000002
1772222272271633731,2026-02-27 14:57:52.271,-21.663,6.39319,-67.0301,1.23131,1.14487,-0.27322,12.171000000000006
1772222272272776653,2026-02-27 14:57:52.272,-21.6164,6.44282,-66.9685,1.23855,1.13768,-0.27613,12.172000000000011
1772222272273960308,2026-02-27 14:57:52.273,-21.6768,6.45309,-66.0055,1.24207,1.12791,-0.289863,12.173000000000002
1772222272275131777,2026-02-27 14:57:52.275,-21.7175,6.48616,-66.0345,1.24487,1.12127,-0.29502,12.175000000000011
1772222272276301542,2026-02-27 14:57:52.276,-21.8954,6.49613,-66.0878,1.24573,1.1166,-0.303184,12.176000000000002
1772222272277484789,2026-02-27 14:57:52.277,-21.9218,6.46999,-66.4753,1.25164,1.11183,-0.306192,12.177000000000007
1772222272278608006,2026-02-27 14:57:52.278,-22.0563,6.50317,-66.706,1.2536,1.10938,-0.30871,12.178000000000011
1772222272279748825,2026-02-27 14:57:52.279,-22.2296,6.67944,-66.2843,1.2531,1.11298,-0.314541,12.179000000000002
1772222272280871989,2026-02-27 14:57:52.280,-22.3955,6.70261,-66.013,1.2492,1.11698,-0.316134,12.180000000000007
1772222272282042028,2026-02-27 14:57:52.282,-22.4889,6.80053,-66.2188,1.24903,1.12246,-0.312809,12.182000000000002
1772222272283211256,2026-02-27 14:57:52.283,-22.5869,6.79823,-66.4906,1.24621,1.1302,-0.308807,12.183000000000007
1772222272284382911,2026-02-27 14:57:52.284,-22.7674,6.77343,-65.996,1.24302,1.13744,-0.313319,12.184000000000012
1772222272285534768,2026-02-27 14:57:52.285,-22.889,6.79573,-65.4878,1.24024,1.14585,-0.316559,12.185000000000002
