abs_timestamp_ns,human_time,fx,fy,fz,tx,ty,tz,mocap_ref_time
1772222286783056984,2026-02-27 14:58:06.783,-0.227969,0.704396,-0.488333,0.020797,0.0084,-0.005851,26.683000000000007
1772222286784232275,2026-02-27 14:58:06.784,-0.218208,0.699838,-0.54322,0.023052,0.007688,-0.006686,26.68400000000001
1772222286785375566,2026-02-27 14:58:06.785,-0.201534,0.68872,-0.444106,0.021715,0.008342,-0.006257,26.685000000000002
1772222286786557455,2026-02-27 14:58:06.786,-0.202101,0.674209,-0.470218,0.021269,0.007381,-0.00542,26.686000000000007
1772222286787688981,2026-02-27 14:58:06.787,-0.189996,0.72125,-1.5828,0.023597,0.008806,0.002984,26.687000000000012
1772222286788844188,2026-02-27 14:58:06.788,-0.139056,0.72292,-1.08596,0.023819,0.007976,-0.001239,26.688000000000002
1772222286790016611,2026-02-27 14:58:06.790,-0.163529,0.703882,-0.962637,0.020753,0.007618,-0.001653,26.690000000000012
1772222286791199632,2026-02-27 14:58:06.791,-0.19558,0.68768,-0.550502,0.019414,0.007035,-0.005708,26.691000000000003
1772222286792350451,2026-02-27 14:58:06.792,-0.202561,0.704411,-0.397709,0.022494,0.009113,-0.007072,26.692000000000007
1772222286793553063,2026-02-27 14:58:06.793,-0.226369,0.702383,-0.378682,0.019848,0.008588,-0.007097,26.693000000000012
1772222286794823759,2026-02-27 14:58:06.794,-0.189127,0.696294,-0.411954,0.023442,0.009169,-0.007928,26.694000000000003
1772222286796023687,2026-02-27 14:58:06.796,-0.233878,0.700334,0.704422,0.023052,0.008582,-0.016895,26.696000000000012
1772222286797197782,2026-02-27 14:58:06.797,-0.182615,0.688332,0.487087,0.021359,0.008463,-0.014735,26.697000000000003
1772222286798360718,2026-02-27 14:58:06.798,-0.170194,0.668669,-0.071398,0.019141,0.007717,-0.010397,26.698000000000008
1772222286799532672,2026-02-27 14:58:06.799,-0.153388,0.642833,-0.399659,0.020188,0.008723,-0.00675,26.699000000000012
1772222286800661656,2026-02-27 14:58:06.800,-0.158115,0.629867,-0.396795,0.021718,0.008116,-0.007139,26.700000000000003
1772222286801838526,2026-02-27 14:58:06.801,-0.114789,0.655145,-0.379879,0.021624,0.007652,-0.006495,26.701000000000008
1772222286803037415,2026-02-27 14:58:06.803,-0.127245,0.663978,-0.301188,0.019397,0.006466,-0.006255,26.703000000000003
1772222286804211468,2026-02-27 14:58:06.804,-0.149918,0.729837,-0.950471,0.020611,0.007373,-0.000358,26.704000000000008
1772222286805375648,2026-02-27 14:58:06.805,-0.176368,0.744703,-1.18082,0.021603,0.008553,0.000609,26.705000000000013
1772222286806522341,2026-02-27 14:58:06.806,-0.188602,0.632422,-0.643743,0.017386,0.008311,-0.003933,26.706000000000003
1772222286807665953,2026-02-27 14:58:06.807,-0.169335,0.652149,-0.376958,0.020562,0.008648,-0.007142,26.707000000000008
1772222286808861992,2026-02-27 14:58:06.808,-0.189216,0.613766,-0.212045,0.020945,0.008313,-0.007475,26.708000000000013
1772222286810060570,2026-02-27 14:58:06.810,-0.194087,0.680788,-0.289549,0.019134,0.009862,-0.00818,26.710000000000008
1772222286811240364,2026-02-27 14:58:06.811,-0.145752,0.637515,-0.231134,0.021823,0.008781,-0.007486,26.711000000000013
1772222286812398048,2026-02-27 14:58:06.812,-0.214445,0.623719,0.88252,0.01867,0.007267,-0.016282,26.712000000000003
1772222286813499177,2026-02-27 14:58:06.813,-0.212715,0.671422,0.440878,0.022157,0.009598,-0.013899,26.713000000000008
1772222286814628147,2026-02-27 14:58:06.814,-0.154434,0.639497,0.289109,0.022623,0.008748,-0.012302,26.714
1772222286815803816,2026-02-27 14:58:06.815,-1.6238,-0.142674,-1.65519,0.042375,-0.029358,-0.00899,26.715000000000003
1772222286817006792,2026-02-27 14:58:06.817,-0.116525,0.684865,-3.64976,0.042726,-0.067498,-0.009278,26.717
1772222286818205590,2026-02-27 14:58:06.818,0.755668,0.603091,-3.18495,0.050518,-0.02338,-0.004293,26.718000000000004
1772222286819371423,2026-02-27 14:58:06.819,0.799249,0.646902,-1.75507,0.050273,-0.026485,0.007856,26.71900000000001
1772222286820490271,2026-02-27 14:58:06.820,0.237945,0.268193,-4.07232,0.063174,-0.087361,0.020046,26.72
1772222286821618754,2026-02-27 14:58:06.821,0.466485,0.377426,-3.57777,0.060656,-0.064278,0.014084,26.721000000000004
1772222286822794928,2026-02-27 14:58:06.822,0.318962,0.378996,-4.2033,0.06714,-0.072327,0.012798,26.72200000000001
1772222286823924978,2026-02-27 14:58:06.823,0.369181,0.469566,-3.96978,0.075103,-0.076267,0.005485,26.723
1772222286825138048,2026-02-27 14:58:06.825,0.303724,0.555541,-3.48211,0.07581,-0.066149,-0.000493,26.72500000000001
1772222286826317547,2026-02-27 14:58:06.826,0.23809,0.529984,-3.75195,0.074874,-0.067573,-0.00318,26.726
1772222286827483927,2026-02-27 14:58:06.827,0.176444,0.593868,-4.1446,0.087866,-0.062928,-0.004832,26.727000000000004
1772222286828616161,2026-02-27 14:58:06.828,0.086095,0.504081,-3.58669,0.088298,-0.05925,-0.012471,26.72800000000001
1772222286829789435,2026-02-27 14:58:06.829,0.013168,0.509339,-3.64123,0.090192,-0.056457,-0.013526,26.729
1772222286830985966,2026-02-27 14:58:06.830,0.027847,0.528102,-3.93109,0.09485,-0.051635,-0.012377,26.730000000000004
1772222286832195646,2026-02-27 14:58:06.832,-0.038188,0.560636,-4.66788,0.10003,-0.045005,-0.008447,26.732
1772222286833367265,2026-02-27 14:58:06.833,-0.040878,0.561104,-5.22533,0.099894,-0.042213,-0.004098,26.733000000000004
1772222286834500970,2026-02-27 14:58:06.834,-0.150705,0.565586,-5.51627,0.102659,-0.034729,-0.003179,26.73400000000001
1772222286835631092,2026-02-27 14:58:06.835,-0.234099,0.559843,-5.63333,0.097964,-0.031681,-0.004411,26.735
1772222286836832104,2026-02-27 14:58:06.836,-0.203865,0.586373,-5.87184,0.101387,-0.02693,-0.001768,26.736000000000004
1772222286838032645,2026-02-27 14:58:06.838,-0.272299,0.544219,-6.85878,0.100422,-0.023836,0.005754,26.738
1772222286839237655,2026-02-27 14:58:06.839,-0.324921,0.613234,-6.44969,0.09934,-0.017805,0.002303,26.739000000000004
1772222286840405038,2026-02-27 14:58:06.840,-0.423738,0.604317,-5.93683,0.094808,-0.009372,-0.004846,26.74000000000001
1772222286841574648,2026-02-27 14:58:06.841,-0.494141,0.687643,-5.67619,0.094726,-0.005308,-0.007456,26.741
1772222286842752177,2026-02-27 14:58:06.842,-0.515247,0.645931,-5.71939,0.093111,-0.002482,-0.007139,26.742000000000004
1772222286843953152,2026-02-27 14:58:06.843,-0.550155,0.659895,-5.67474,0.091568,0.001478,-0.007819,26.74300000000001
1772222286845151539,2026-02-27 14:58:06.845,-0.583901,0.658211,-5.66563,0.09511,0.004495,-0.009048,26.745000000000005
1772222286846331989,2026-02-27 14:58:06.846,-0.572456,0.723715,-4.46272,0.091698,0.006937,-0.018716,26.74600000000001
1772222286847493397,2026-02-27 14:58:06.847,-0.609808,0.822435,-4.84516,0.094526,0.012524,-0.016099,26.747
1772222286848625680,2026-02-27 14:58:06.848,-0.582667,0.806723,-5.24574,0.092057,0.014159,-0.010867,26.748000000000005
1772222286849799099,2026-02-27 14:58:06.849,-0.652455,0.831818,-5.50743,0.092052,0.014745,-0.008404,26.74900000000001
1772222286850999504,2026-02-27 14:58:06.851,-0.626288,0.84739,-5.4236,0.09352,0.016062,-0.008566,26.751000000000005
1772222286852207106,2026-02-27 14:58:06.852,-0.625966,0.879838,-5.38034,0.093433,0.0163,-0.008958,26.75200000000001
1772222286853373176,2026-02-27 14:58:06.853,-0.570936,1.00217,-6.0359,0.098049,0.016064,-0.001707,26.753
1772222286854494992,2026-02-27 14:58:06.854,-0.514378,0.954781,-6.05919,0.098113,0.014619,-0.001115,26.754000000000005
1772222286855627716,2026-02-27 14:58:06.855,-0.549072,0.975288,-5.91243,0.098882,0.014093,-0.001833,26.75500000000001
1772222286856799473,2026-02-27 14:58:06.856,-0.558984,1.00935,-5.30799,0.100249,0.015053,-0.007015,26.756
1772222286857996332,2026-02-27 14:58:06.857,-0.526951,1.10543,-4.98045,0.103652,0.014831,-0.010143,26.757000000000005
1772222286859194767,2026-02-27 14:58:06.859,-0.534645,1.06118,-4.76937,0.104351,0.013422,-0.011292,26.759
1772222286860371509,2026-02-27 14:58:06.860,-0.502163,1.12468,-4.74735,0.103548,0.013692,-0.011498,26.760000000000005
1772222286861504969,2026-02-27 14:58:06.861,-0.543694,1.11319,-4.24927,0.105495,0.013463,-0.016075,26.76100000000001
1772222286862635018,2026-02-27 14:58:06.862,-0.534471,1.15365,-3.47354,0.109245,0.013242,-0.022383,26.762
1772222286863808457,2026-02-27 14:58:06.863,-0.492815,1.19737,-3.77149,0.112128,0.013355,-0.020139,26.763000000000005
1772222286865012519,2026-02-27 14:58:06.865,-0.576167,1.21394,-3.91075,0.11044,0.013481,-0.017847,26.765
1772222286866208870,2026-02-27 14:58:06.866,-0.513115,1.17941,-4.30617,0.110494,0.0136,-0.013208,26.766000000000005
1772222286867388973,2026-02-27 14:58:06.867,-0.517202,1.2141,-4.32739,0.112672,0.014394,-0.012951,26.76700000000001
1772222286868573010,2026-02-27 14:58:06.868,-0.537779,1.2726,-4.1983,0.11536,0.016271,-0.013876,26.768
1772222286869720272,2026-02-27 14:58:06.869,-0.535148,1.23682,-4.11571,0.113836,0.01661,-0.014102,26.769000000000005
1772222286870918467,2026-02-27 14:58:06.870,-0.551728,1.25078,-5.26011,0.115541,0.018406,-0.004027,26.77000000000001
1772222286872089446,2026-02-27 14:58:06.872,-0.570929,1.27005,-4.76344,0.116776,0.022116,-0.008247,26.772000000000006
1772222286873279180,2026-02-27 14:58:06.873,-0.584461,1.27641,-4.69587,0.116503,0.022798,-0.009282,26.77300000000001
1772222286874445089,2026-02-27 14:58:06.874,-0.667752,1.34757,-4.01727,0.119696,0.027165,-0.01651,26.774
1772222286875596027,2026-02-27 14:58:06.875,-0.662684,1.34188,-4.01686,0.1187,0.028875,-0.016562,26.775000000000006
1772222286876744646,2026-02-27 14:58:06.876,-0.766433,1.33046,-4.03241,0.121089,0.032613,-0.017378,26.77600000000001
1772222286877934841,2026-02-27 14:58:06.877,-0.780903,1.35262,-4.02796,0.122213,0.034448,-0.017999,26.777
1772222286879170714,2026-02-27 14:58:06.879,-0.875432,1.34932,-3.15564,0.121675,0.036552,-0.027121,26.77900000000001
1772222286880362181,2026-02-27 14:58:06.880,-0.907294,1.38458,-3.16176,0.122507,0.036818,-0.026219,26.78
1772222286881543809,2026-02-27 14:58:06.881,-0.888988,1.49155,-3.54698,0.116552,0.027493,-0.017611,26.781000000000006
1772222286882672771,2026-02-27 14:58:06.882,-0.777782,1.41278,-3.84176,0.113786,0.026875,-0.012803,26.78200000000001
1772222286883822866,2026-02-27 14:58:06.883,-0.663333,1.47601,-3.93408,0.117649,0.028734,-0.013686,26.783
1772222286884991788,2026-02-27 14:58:06.884,-0.690098,1.50341,-3.80327,0.110946,0.020894,-0.012538,26.784000000000006
1772222286886160301,2026-02-27 14:58:06.886,-0.624381,1.54615,-3.74269,0.114271,0.022111,-0.012041,26.786
1772222286887328385,2026-02-27 14:58:06.887,-0.546562,1.55402,-4.17325,0.114642,0.021419,-0.008242,26.787000000000006
1772222286888522537,2026-02-27 14:58:06.888,-0.544657,1.59894,-4.38111,0.110619,0.014139,-0.004891,26.78800000000001
1772222286889696056,2026-02-27 14:58:06.889,-0.479869,1.61103,-3.97232,0.116741,0.012687,-0.00775,26.789
1772222286890872048,2026-02-27 14:58:06.890,-0.375538,1.51057,-4.28838,0.134493,0.027419,-0.013867,26.790000000000006
1772222286892040460,2026-02-27 14:58:06.892,-0.528353,1.51142,-4.57763,0.1435,0.041354,-0.022289,26.792
1772222286893209896,2026-02-27 14:58:06.893,-0.771707,1.57552,-4.99352,0.150116,0.049612,-0.027455,26.793000000000006
1772222286894366840,2026-02-27 14:58:06.894,-0.942217,1.67708,-5.17428,0.154759,0.049178,-0.028153,26.79400000000001
1772222286895500027,2026-02-27 14:58:06.895,-1.07437,1.75829,-5.48863,0.162604,0.058338,-0.029674,26.795
1772222286896628786,2026-02-27 14:58:06.896,-1.21678,1.83025,-5.15165,0.168555,0.06445,-0.034461,26.796000000000006
1772222286897787579,2026-02-27 14:58:06.897,-1.37885,1.85709,-5.39393,0.171397,0.066197,-0.035094,26.79700000000001
1772222286898956446,2026-02-27 14:58:06.898,-1.44223,1.86273,-6.10748,0.171797,0.06791,-0.028844,26.798000000000002
1772222286900123871,2026-02-27 14:58:06.900,-1.46302,1.84332,-6.60608,0.177699,0.068507,-0.027081,26.80000000000001
1772222286901294466,2026-02-27 14:58:06.901,-1.5377,1.86855,-6.80979,0.180659,0.070376,-0.027103,26.801000000000002
1772222286902477931,2026-02-27 14:58:06.902,-1.62147,1.85165,-7.01607,0.180383,0.070609,-0.026974,26.802000000000007
1772222286903717030,2026-02-27 14:58:06.903,-1.67844,1.88476,-8.5735,0.186687,0.076107,-0.018975,26.80300000000001
1772222286904893136,2026-02-27 14:58:06.904,-1.74266,1.87051,-8.84644,0.192326,0.07796,-0.020715,26.804000000000002
1772222286906074129,2026-02-27 14:58:06.906,-1.80954,1.87474,-9.06404,0.192568,0.079433,-0.021879,26.80600000000001
1772222286907257062,2026-02-27 14:58:06.907,-1.90593,1.85996,-8.86662,0.196656,0.081303,-0.027219,26.807000000000002
1772222286908430919,2026-02-27 14:58:06.908,-1.91387,1.92536,-8.92799,0.20331,0.084929,-0.029904,26.808000000000007
1772222286909615021,2026-02-27 14:58:06.909,-2.08023,1.88436,-9.38318,0.205681,0.089324,-0.032234,26.80900000000001
1772222286910749003,2026-02-27 14:58:06.910,-2.14995,1.8873,-9.72682,0.214651,0.093465,-0.032257,26.810000000000002
1772222286911923649,2026-02-27 14:58:06.911,-2.25716,1.91155,-9.33817,0.216119,0.094948,-0.039008,26.811000000000007
1772222286913119619,2026-02-27 14:58:06.913,-2.38557,1.9476,-9.16549,0.2218,0.097859,-0.043657,26.813000000000002
1772222286914292609,2026-02-27 14:58:06.914,-2.39808,1.97043,-9.72069,0.226393,0.100235,-0.042601,26.814000000000007
1772222286915501426,2026-02-27 14:58:06.915,-2.48483,2.00087,-10.4526,0.233154,0.105238,-0.039454,26.815000000000012
1772222286916665903,2026-02-27 14:58:06.916,-2.63478,1.98171,-11.5313,0.240088,0.11335,-0.036319,26.816000000000003
1772222286917839583,2026-02-27 14:58:06.917,-2.71393,2.02156,-11.724,0.246749,0.118046,-0.037784,26.817000000000007
1772222286919014406,2026-02-27 14:58:06.919,-2.81455,2.00926,-12.064,0.250712,0.121951,-0.03875,26.819000000000003
1772222286920186354,2026-02-27 14:58:06.920,-2.92293,2.03447,-12.3887,0.25751,0.126275,-0.038776,26.820000000000007
1772222286921357753,2026-02-27 14:58:06.921,-2.99471,2.04085,-13.7231,0.262347,0.132617,-0.030703,26.821000000000012
1772222286922500692,2026-02-27 14:58:06.922,-3.20091,2.11855,-13.8248,0.274035,0.138711,-0.036853,26.822000000000003
1772222286923637143,2026-02-27 14:58:06.923,-3.31412,2.12417,-13.7449,0.287982,0.145077,-0.042312,26.823000000000008
1772222286924784838,2026-02-27 14:58:06.924,-3.38051,2.10904,-13.8091,0.287819,0.147464,-0.045133,26.824000000000012
1772222286925956808,2026-02-27 14:58:06.925,-3.52781,2.10508,-14.1425,0.293739,0.152816,-0.047114,26.825000000000003
1772222286927128208,2026-02-27 14:58:06.927,-3.53851,2.09556,-14.3702,0.299454,0.15313,-0.046269,26.827000000000012
1772222286928300033,2026-02-27 14:58:06.928,-3.62993,2.14439,-14.6503,0.305155,0.157011,-0.046924,26.828000000000003
1772222286929473153,2026-02-27 14:58:06.929,-3.67466,2.11049,-13.9482,0.31065,0.160279,-0.05757,26.829000000000008
1772222286930677121,2026-02-27 14:58:06.930,-3.78684,2.13996,-14.4015,0.313541,0.163616,-0.056875,26.830000000000013
1772222286931917875,2026-02-27 14:58:06.931,-3.95253,2.11852,-15.5993,0.325924,0.168819,-0.054067,26.831000000000003
1772222286933119976,2026-02-27 14:58:06.933,-3.89515,2.1039,-16.1547,0.330675,0.168896,-0.052821,26.833000000000013
1772222286934319032,2026-02-27 14:58:06.934,-3.90625,2.10891,-16.4979,0.338764,0.170911,-0.052861,26.834000000000003
1772222286935666776,2026-02-27 14:58:06.935,-3.93599,2.12521,-16.7642,0.341714,0.172449,-0.052516,26.835000000000008
1772222286936910670,2026-02-27 14:58:06.936,-4.02804,2.09754,-17.9156,0.351857,0.17544,-0.047393,26.836000000000013
1772222286938109811,2026-02-27 14:58:06.938,-4.05644,2.09759,-18.5606,0.356885,0.177512,-0.045094,26.838000000000008
1772222286939309832,2026-02-27 14:58:06.939,-4.14838,2.0839,-18.6887,0.360239,0.178269,-0.047411,26.839
1772222286940506330,2026-02-27 14:58:06.940,-4.22493,2.04223,-18.532,0.362214,0.179249,-0.05283,26.840000000000003
1772222286941677495,2026-02-27 14:58:06.941,-4.22407,2.02387,-18.5342,0.368618,0.179796,-0.055279,26.841000000000008
1772222286942812757,2026-02-27 14:58:06.942,-4.26117,2.02345,-18.9012,0.377648,0.184076,-0.057898,26.842
1772222286944015597,2026-02-27 14:58:06.944,-4.33697,2.00149,-19.0849,0.379953,0.18455,-0.057927,26.84400000000001
1772222286945216838,2026-02-27 14:58:06.945,-4.3678,1.98464,-19.2563,0.38304,0.185831,-0.059676,26.845
1772222286946417504,2026-02-27 14:58:06.946,-4.38736,1.98694,-18.5092,0.383276,0.188547,-0.068045,26.846000000000004
1772222286947620522,2026-02-27 14:58:06.947,-4.45946,1.96796,-19.1932,0.385777,0.187723,-0.063201,26.84700000000001
1772222286948765130,2026-02-27 14:58:06.948,-4.54691,1.88631,-20.1607,0.387152,0.190818,-0.05862,26.848
1772222286949964949,2026-02-27 14:58:06.949,-4.5265,1.84331,-20.5716,0.387785,0.190447,-0.058008,26.849000000000004
1772222286951164308,2026-02-27 14:58:06.951,-4.58124,1.82441,-20.6673,0.387577,0.191215,-0.059124,26.851
1772222286952363629,2026-02-27 14:58:06.952,-4.5465,1.82117,-20.8898,0.387575,0.191372,-0.059271,26.852000000000004
1772222286953574539,2026-02-27 14:58:06.953,-4.53471,1.81661,-21.0344,0.389151,0.190294,-0.058883,26.85300000000001
1772222286954746117,2026-02-27 14:58:06.954,-4.65956,1.74407,-22.4028,0.389787,0.192218,-0.05236,26.854
1772222286955918694,2026-02-27 14:58:06.955,-4.65368,1.74048,-22.5744,0.395285,0.192609,-0.053845,26.855000000000004
1772222286957127014,2026-02-27 14:58:06.957,-4.67694,1.80159,-22.1617,0.396766,0.192582,-0.057811,26.857
1772222286958353166,2026-02-27 14:58:06.958,-4.66453,1.72813,-22.1404,0.397946,0.191758,-0.061014,26.858000000000004
1772222286959567261,2026-02-27 14:58:06.959,-4.71837,1.7594,-22.3176,0.398071,0.192218,-0.062136,26.85900000000001
1772222286960735399,2026-02-27 14:58:06.960,-4.72781,1.74911,-22.7599,0.405717,0.192879,-0.062657,26.86
1772222286961911389,2026-02-27 14:58:06.961,-4.79715,1.73955,-22.1616,0.406062,0.190388,-0.070365,26.861000000000004
1772222286963111788,2026-02-27 14:58:06.963,-4.81361,1.75242,-22.0547,0.404845,0.187861,-0.071345,26.863
1772222286964316492,2026-02-27 14:58:06.964,-4.79334,1.85106,-22.3174,0.406746,0.182099,-0.068545,26.864000000000004
1772222286965539878,2026-02-27 14:58:06.965,-4.72769,1.7783,-22.8725,0.40848,0.184798,-0.064233,26.86500000000001
1772222286967146355,2026-02-27 14:58:06.967,-4.73857,1.88368,-23.3952,0.40543,0.176574,-0.059486,26.867000000000004
1772222286968351479,2026-02-27 14:58:06.968,-4.67587,1.72164,-23.94,0.418402,0.194175,-0.062038,26.86800000000001
1772222286969562516,2026-02-27 14:58:06.969,-4.8456,1.73669,-24.4427,0.428392,0.206147,-0.069015,26.869
1772222286970699752,2026-02-27 14:58:06.970,-5.11025,1.73861,-26.0584,0.435714,0.203678,-0.059097,26.870000000000005
1772222286971896549,2026-02-27 14:58:06.971,-5.25124,1.69365,-26.0087,0.437569,0.210131,-0.06377,26.87100000000001
1772222286973102073,2026-02-27 14:58:06.973,-5.29859,1.71475,-26.1372,0.442866,0.214595,-0.065681,26.873000000000005
1772222286974304365,2026-02-27 14:58:06.974,-5.49683,1.73734,-25.9803,0.448005,0.220891,-0.068018,26.87400000000001
1772222286975515483,2026-02-27 14:58:06.975,-5.59751,1.75402,-26.1099,0.451901,0.226927,-0.069954,26.875
1772222286976650022,2026-02-27 14:58:06.976,-5.72556,1.68821,-26.4699,0.45611,0.23286,-0.070971,26.876000000000005
1772222286977830532,2026-02-27 14:58:06.977,-5.99326,1.67755,-27.0566,0.463773,0.245584,-0.074808,26.87700000000001
1772222286978966885,2026-02-27 14:58:06.978,-6.13975,1.69898,-26.1696,0.463054,0.250984,-0.086281,26.878
1772222286980138120,2026-02-27 14:58:06.980,-6.26657,1.68535,-26.7537,0.467217,0.256068,-0.084177,26.88000000000001
1772222286981270578,2026-02-27 14:58:06.981,-6.40719,1.65974,-26.9753,0.469427,0.262004,-0.084703,26.881
1772222286982441898,2026-02-27 14:58:06.982,-6.46811,1.66235,-27.7775,0.470802,0.264637,-0.08042,26.882000000000005
1772222286983588503,2026-02-27 14:58:06.983,-6.56689,1.74218,-27.9239,0.467878,0.262135,-0.077221,26.88300000000001
1772222286984699444,2026-02-27 14:58:06.984,-6.60212,2.08604,-26.4663,0.439885,0.223062,-0.065959,26.884
1772222286985846085,2026-02-27 14:58:06.985,-6.23718,2.37143,-24.3349,0.411039,0.166151,-0.047929,26.885000000000005
1772222286986972323,2026-02-27 14:58:06.986,-5.22093,1.90285,-25.8715,0.442864,0.196865,-0.037657,26.88600000000001
1772222286988155060,2026-02-27 14:58:06.988,-5.02693,1.67961,-29.5274,0.516142,0.367923,-0.077239,26.888000000000005
1772222286989333277,2026-02-27 14:58:06.989,-6.42171,2.23287,-29.3261,0.43762,0.248927,-0.066924,26.88900000000001
1772222286990513321,2026-02-27 14:58:06.990,-6.62996,1.97312,-29.5792,0.498073,0.293237,-0.070969,26.89
1772222286991641688,2026-02-27 14:58:06.991,-6.83767,2.04476,-30.0474,0.499304,0.304286,-0.077617,26.891000000000005
1772222286992787805,2026-02-27 14:58:06.992,-7.44719,1.89254,-31.0738,0.51317,0.325293,-0.076874,26.89200000000001
1772222286993965199,2026-02-27 14:58:06.993,-7.68063,1.7858,-31.3905,0.51307,0.332809,-0.078797,26.893
1772222286995143806,2026-02-27 14:58:06.995,-7.94505,1.74166,-31.4798,0.519251,0.343512,-0.080886,26.89500000000001
1772222286996320760,2026-02-27 14:58:06.996,-8.19153,1.68487,-31.2913,0.52285,0.354482,-0.085033,26.896
1772222286997548679,2026-02-27 14:58:06.997,-8.51223,1.62879,-32.1115,0.520232,0.364395,-0.081905,26.897000000000006
1772222286998676861,2026-02-27 14:58:06.998,-8.76232,1.64492,-32.871,0.531574,0.375998,-0.080826,26.89800000000001
1772222286999826236,2026-02-27 14:58:06.999,-9.20836,1.59232,-34.2924,0.539861,0.400028,-0.081784,26.899
1772222287001003564,2026-02-27 14:58:07.001,-9.40752,1.55733,-34.6567,0.541973,0.412535,-0.08545,26.90100000000001
1772222287002181495,2026-02-27 14:58:07.002,-9.67989,1.56606,-34.9651,0.542976,0.424517,-0.088608,26.902
1772222287003357976,2026-02-27 14:58:07.003,-9.84975,1.56557,-35.332,0.550224,0.436145,-0.091513,26.903000000000006
1772222287004545460,2026-02-27 14:58:07.004,-9.90185,1.55427,-36.9265,0.557877,0.447068,-0.083828,26.90400000000001
1772222287005676090,2026-02-27 14:58:07.005,-10.1163,1.54713,-36.8231,0.561558,0.456548,-0.090552,26.905
1772222287006829516,2026-02-27 14:58:07.006,-10.4961,1.56711,-37.055,0.572072,0.47921,-0.101891,26.906000000000006
1772222287008010000,2026-02-27 14:58:07.008,-10.6168,1.57338,-37.0194,0.579198,0.487944,-0.10712,26.908
1772222287009189553,2026-02-27 14:58:07.009,-10.8393,1.606,-37.2687,0.582056,0.497815,-0.109764,26.909000000000006
1772222287010368078,2026-02-27 14:58:07.010,-10.9813,1.54311,-37.5804,0.5876,0.506879,-0.111831,26.91000000000001
1772222287011553176,2026-02-27 14:58:07.011,-11.1909,1.51524,-37.897,0.598847,0.518822,-0.116116,26.911
1772222287012685271,2026-02-27 14:58:07.012,-11.4026,1.53425,-37.1857,0.599327,0.529286,-0.128768,26.912000000000006
1772222287013859537,2026-02-27 14:58:07.013,-11.5371,1.53675,-37.5261,0.601085,0.536403,-0.129802,26.91300000000001
1772222287015060608,2026-02-27 14:58:07.015,-11.6097,1.48828,-38.4064,0.609529,0.545184,-0.122324,26.915000000000006
1772222287016336361,2026-02-27 14:58:07.016,-11.6906,1.44043,-39.1496,0.617098,0.55537,-0.120358,26.91600000000001
1772222287017525880,2026-02-27 14:58:07.017,-11.9319,1.38595,-39.3398,0.619976,0.564077,-0.122774,26.917
1772222287018657892,2026-02-27 14:58:07.018,-12.072,1.37147,-39.5947,0.625251,0.572818,-0.127348,26.918000000000006
1772222287019829112,2026-02-27 14:58:07.019,-12.3655,1.32614,-40.2137,0.630294,0.586333,-0.126362,26.91900000000001
1772222287021008194,2026-02-27 14:58:07.021,-12.4323,1.27785,-41.0734,0.630348,0.59185,-0.122633,26.921000000000006
1772222287022187080,2026-02-27 14:58:07.022,-12.4886,1.21841,-40.9951,0.632201,0.597279,-0.125196,26.92200000000001
1772222287023365043,2026-02-27 14:58:07.023,-12.5324,1.20195,-40.8462,0.634722,0.60208,-0.129175,26.923000000000002
1772222287024552804,2026-02-27 14:58:07.024,-12.6574,1.136,-40.6558,0.632889,0.604822,-0.133814,26.924000000000007
1772222287025684359,2026-02-27 14:58:07.025,-12.6924,1.14976,-40.5784,0.6317,0.608574,-0.136387,26.92500000000001
1772222287026854159,2026-02-27 14:58:07.026,-12.7376,0.971197,-40.9362,0.631357,0.612701,-0.137793,26.926000000000002
1772222287028031676,2026-02-27 14:58:07.028,-12.8172,0.962034,-41.0546,0.631185,0.616739,-0.138523,26.92800000000001
1772222287029210442,2026-02-27 14:58:07.029,-12.7921,0.890661,-40.1663,0.635248,0.617152,-0.149542,26.929000000000002
1772222287030403353,2026-02-27 14:58:07.030,-12.8802,0.841525,-40.7825,0.634316,0.619938,-0.145861,26.930000000000007
1772222287031597687,2026-02-27 14:58:07.031,-12.874,0.836597,-40.9607,0.63428,0.621061,-0.146624,26.93100000000001
1772222287032728506,2026-02-27 14:58:07.032,-12.8629,0.73174,-41.6138,0.634401,0.622244,-0.143218,26.932000000000002
1772222287033902551,2026-02-27 14:58:07.033,-12.9213,0.564553,-42.0917,0.633445,0.624215,-0.145084,26.933000000000007
1772222287035097686,2026-02-27 14:58:07.035,-12.9407,0.474508,-42.1637,0.630863,0.625059,-0.146724,26.935000000000002
1772222287036303530,2026-02-27 14:58:07.036,-12.9529,0.414232,-42.4054,0.632348,0.626192,-0.147083,26.936000000000007
1772222287037515411,2026-02-27 14:58:07.037,-12.9386,0.379622,-43.5213,0.632479,0.625806,-0.138318,26.937000000000012
1772222287038645086,2026-02-27 14:58:07.038,-12.9704,0.264572,-43.5061,0.63362,0.625814,-0.140681,26.938000000000002
1772222287039801902,2026-02-27 14:58:07.039,-13.0075,0.201434,-43.6837,0.633121,0.62717,-0.141677,26.939000000000007
1772222287040978532,2026-02-27 14:58:07.040,-13.0586,-0.006142,-43.1535,0.634103,0.627287,-0.151275,26.940000000000012
1772222287042175070,2026-02-27 14:58:07.042,-13.0367,-0.038692,-43.2457,0.633602,0.629212,-0.152677,26.942000000000007
1772222287043373669,2026-02-27 14:58:07.043,-13.0811,-0.128476,-43.4867,0.635482,0.629368,-0.153224,26.943000000000012
1772222287044568343,2026-02-27 14:58:07.044,-13.1037,-0.17837,-43.6303,0.632801,0.627436,-0.153345,26.944000000000003
1772222287045700166,2026-02-27 14:58:07.045,-13.1306,-0.266316,-43.2067,0.630357,0.627879,-0.159183,26.945000000000007
1772222287046848836,2026-02-27 14:58:07.046,-13.2377,-0.35741,-42.8343,0.624826,0.628803,-0.163795,26.946000000000012
1772222287048032075,2026-02-27 14:58:07.048,-13.2466,-0.483481,-43.8587,0.624383,0.630739,-0.159763,26.948000000000008
1772222287049224794,2026-02-27 14:58:07.049,-13.2775,-0.482894,-44.4087,0.623898,0.633168,-0.156677,26.949000000000012
1772222287050430446,2026-02-27 14:58:07.050,-13.3134,-0.563251,-44.6687,0.623592,0.634685,-0.157513,26.950000000000003
1772222287051566614,2026-02-27 14:58:07.051,-13.3037,-0.703176,-44.8209,0.621671,0.635422,-0.159226,26.951000000000008
1772222287052698923,2026-02-27 14:58:07.052,-13.3649,-0.754431,-44.9976,0.61993,0.638159,-0.160462,26.952000000000012
1772222287053860012,2026-02-27 14:58:07.053,-13.356,-0.795947,-45.1496,0.619342,0.640174,-0.162111,26.953000000000003
1772222287055033102,2026-02-27 14:58:07.055,-13.5464,-0.892569,-46.1383,0.618904,0.648459,-0.160811,26.955000000000013
1772222287056227962,2026-02-27 14:58:07.056,-13.6423,-0.892029,-46.3661,0.615218,0.652167,-0.163791,26.956000000000003
1772222287057400776,2026-02-27 14:58:07.057,-13.7261,-1.00054,-46.0778,0.614827,0.655444,-0.170749,26.957000000000008
1772222287058556204,2026-02-27 14:58:07.058,-13.8675,-1.02768,-46.0311,0.61647,0.661359,-0.174983,26.958000000000013
1772222287059684936,2026-02-27 14:58:07.059,-13.9366,-1.02925,-46.3382,0.61573,0.667292,-0.177995,26.959000000000003
1772222287060845713,2026-02-27 14:58:07.060,-14.065,-1.06404,-46.4341,0.613751,0.673415,-0.182399,26.960000000000008
1772222287062041397,2026-02-27 14:58:07.062,-14.3266,-1.10133,-45.8087,0.612823,0.685159,-0.197712,26.962000000000003
1772222287063236884,2026-02-27 14:58:07.063,-14.4322,-1.11416,-46.134,0.613856,0.691294,-0.197908,26.963000000000008
1772222287064434297,2026-02-27 14:58:07.064,-14.4952,-1.10325,-46.3039,0.615168,0.69751,-0.199948,26.964
1772222287065565422,2026-02-27 14:58:07.065,-14.6854,-1.13679,-47.1125,0.614222,0.707613,-0.198125,26.965000000000003
1772222287066697022,2026-02-27 14:58:07.066,-14.812,-1.12688,-47.6615,0.616341,0.718351,-0.198253,26.966000000000008
1772222287067867570,2026-02-27 14:58:07.067,-15.0141,-1.20979,-47.8902,0.612974,0.729785,-0.204317,26.967
1772222287069042122,2026-02-27 14:58:07.069,-15.4013,-1.18501,-48.2407,0.615347,0.752567,-0.213538,26.96900000000001
1772222287070219916,2026-02-27 14:58:07.070,-15.6214,-1.15678,-49.0474,0.616751,0.766374,-0.211883,26.97
1772222287071420686,2026-02-27 14:58:07.071,-15.7524,-1.19346,-49.6123,0.620493,0.77664,-0.212642,26.971000000000004
1772222287072569198,2026-02-27 14:58:07.072,-15.9445,-1.23499,-49.6198,0.617785,0.789364,-0.218146,26.97200000000001
1772222287073698274,2026-02-27 14:58:07.073,-16.1539,-1.15048,-49.3413,0.620549,0.801451,-0.226707,26.973
1772222287074875100,2026-02-27 14:58:07.074,-16.408,-1.14085,-49.1795,0.618471,0.814858,-0.233333,26.974000000000004
1772222287076069893,2026-02-27 14:58:07.076,-16.8604,-1.16552,-49.3905,0.617514,0.840222,-0.242361,26.976
1772222287077264938,2026-02-27 14:58:07.077,-17.1261,-1.18173,-49.5697,0.616455,0.854458,-0.24661,26.977000000000004
1772222287078483362,2026-02-27 14:58:07.078,-17.3187,-1.1782,-49.6326,0.616671,0.870637,-0.252751,26.97800000000001
1772222287079612925,2026-02-27 14:58:07.079,-17.6188,-1.11436,-48.8595,0.613469,0.885367,-0.265862,26.979
1772222287080745133,2026-02-27 14:58:07.080,-17.8475,-1.11705,-49.4444,0.617645,0.900034,-0.266828,26.980000000000004
1772222287081904927,2026-02-27 14:58:07.081,-18.0912,-1.02961,-49.7484,0.620878,0.91475,-0.270379,26.98100000000001
1772222287083083528,2026-02-27 14:58:07.083,-18.471,-0.959705,-50.5767,0.617562,0.94009,-0.272097,26.983000000000004
1772222287084276283,2026-02-27 14:58:07.084,-18.6844,-0.908603,-50.665,0.613789,0.944138,-0.278116,26.98400000000001
1772222287085499358,2026-02-27 14:58:07.085,-18.7483,-0.839281,-50.621,0.616187,0.955771,-0.278355,26.985
1772222287086635207,2026-02-27 14:58:07.086,-18.9519,-0.839566,-50.7029,0.616906,0.968948,-0.278466,26.986000000000004
1772222287087831876,2026-02-27 14:58:07.087,-19.1623,-0.814166,-51.888,0.615904,0.982614,-0.271949,26.98700000000001
1772222287089008278,2026-02-27 14:58:07.089,-19.4606,-0.712579,-51.7718,0.620911,0.996291,-0.280729,26.989000000000004
1772222287090179930,2026-02-27 14:58:07.090,-20.0934,-0.586813,-51.4571,0.625812,1.0339,-0.295324,26.99000000000001
1772222287091387319,2026-02-27 14:58:07.091,-20.3559,-0.495634,-51.3592,0.630819,1.05153,-0.3042,26.991
1772222287092573149,2026-02-27 14:58:07.092,-20.6402,-0.486488,-51.4488,0.631566,1.06684,-0.309635,26.992000000000004
1772222287093709472,2026-02-27 14:58:07.093,-20.8089,-0.393469,-51.5621,0.633045,1.08104,-0.314217,26.99300000000001
1772222287094933135,2026-02-27 14:58:07.094,-21.0228,-0.306612,-51.6548,0.634417,1.09479,-0.318974,26.994
1772222287096131864,2026-02-27 14:58:07.096,-21.4045,-0.160119,-50.999,0.641803,1.11936,-0.335401,26.99600000000001
1772222287097327500,2026-02-27 14:58:07.097,-21.5318,-0.10126,-51.2723,0.642703,1.12999,-0.337296,26.997
1772222287098555328,2026-02-27 14:58:07.098,-21.7314,0.016089,-51.8689,0.645766,1.14237,-0.3365,26.998000000000005
1772222287099688915,2026-02-27 14:58:07.099,-21.9067,0.090378,-52.3671,0.642397,1.15141,-0.335558,26.99900000000001
1772222287100889900,2026-02-27 14:58:07.100,-22.027,0.096359,-52.5006,0.644251,1.16109,-0.336947,27.0
1772222287102065774,2026-02-27 14:58:07.102,-22.1841,0.159804,-52.6393,0.648051,1.16934,-0.337584,27.00200000000001
1772222287103248142,2026-02-27 14:58:07.103,-22.3001,0.280355,-52.8167,0.639045,1.16643,-0.345811,27.003
1772222287104447009,2026-02-27 14:58:07.104,-22.0866,0.372273,-53.528,0.643804,1.16021,-0.326432,27.004000000000005
1772222287105575639,2026-02-27 14:58:07.105,-22.1047,0.409362,-53.0233,0.641804,1.16404,-0.322591,27.00500000000001
1772222287106710738,2026-02-27 14:58:07.106,-22.214,0.466145,-53.1464,0.647877,1.16938,-0.322305,27.006
1772222287107888366,2026-02-27 14:58:07.107,-22.3338,0.620124,-52.864,0.653474,1.17835,-0.327994,27.007000000000005
1772222287109064849,2026-02-27 14:58:07.109,-22.4888,0.684848,-52.8814,0.65608,1.18354,-0.334951,27.009
1772222287110245152,2026-02-27 14:58:07.110,-22.4507,0.978093,-53.1578,0.680192,1.17387,-0.338373,27.010000000000005
1772222287111447159,2026-02-27 14:58:07.111,-22.5205,0.897536,-52.8068,0.680773,1.16651,-0.333149,27.01100000000001
1772222287112605583,2026-02-27 14:58:07.112,-22.5947,0.912254,-51.2918,0.662723,1.17907,-0.344577,27.012
1772222287113738374,2026-02-27 14:58:07.113,-22.6569,1.00266,-51.864,0.667381,1.18941,-0.340806,27.013000000000005
1772222287114920857,2026-02-27 14:58:07.114,-22.8171,1.0777,-52.2893,0.672572,1.20231,-0.344197,27.01400000000001
1772222287116094826,2026-02-27 14:58:07.116,-23.0478,1.13432,-53.1617,0.682231,1.21313,-0.341484,27.016000000000005
1772222287117274575,2026-02-27 14:58:07.117,-23.2791,1.13462,-53.6689,0.679568,1.22705,-0.339119,27.01700000000001
1772222287118484896,2026-02-27 14:58:07.118,-23.3546,1.20254,-53.7278,0.677962,1.23391,-0.336431,27.018
1772222287119618743,2026-02-27 14:58:07.119,-23.4353,1.19676,-53.8715,0.676451,1.23685,-0.333339,27.019000000000005
1772222287120751890,2026-02-27 14:58:07.120,-23.5583,1.23584,-54.8091,0.673356,1.24053,-0.324272,27.02000000000001
1772222287121930022,2026-02-27 14:58:07.121,-23.5773,1.26254,-55.2262,0.678949,1.24272,-0.32247,27.021
1772222287123105251,2026-02-27 14:58:07.123,-23.6282,1.25436,-55.4252,0.679462,1.24616,-0.323237,27.02300000000001
1772222287124230417,2026-02-27 14:58:07.124,-23.782,1.28639,-54.8667,0.675082,1.24929,-0.328302,27.024
1772222287125436788,2026-02-27 14:58:07.125,-23.8251,1.19601,-54.9823,0.675363,1.24889,-0.329447,27.025000000000006
1772222287126692427,2026-02-27 14:58:07.126,-23.8164,1.22374,-55.1099,0.673268,1.24953,-0.328706,27.02600000000001
1772222287127867851,2026-02-27 14:58:07.127,-23.8426,1.18845,-55.2306,0.673298,1.25025,-0.329,27.027
1772222287129047038,2026-02-27 14:58:07.129,-23.8696,1.16804,-55.1019,0.673201,1.25116,-0.333213,27.02900000000001
1772222287130219658,2026-02-27 14:58:07.130,-23.9048,1.07316,-54.914,0.668353,1.24926,-0.337486,27.03
1772222287131413100,2026-02-27 14:58:07.131,-23.9094,1.00995,-55.2619,0.667206,1.24966,-0.337312,27.031000000000006
1772222287132578245,2026-02-27 14:58:07.132,-23.9654,0.993515,-55.8431,0.664264,1.25136,-0.332784,27.03200000000001
1772222287133710010,2026-02-27 14:58:07.133,-23.956,0.875551,-56.0726,0.660812,1.24931,-0.332168,27.033
1772222287134880046,2026-02-27 14:58:07.134,-23.9534,0.907306,-56.1552,0.660696,1.24955,-0.33199,27.034000000000006
1772222287136067974,2026-02-27 14:58:07.136,-23.9307,0.811851,-56.2621,0.657771,1.24913,-0.331315,27.036
1772222287137253369,2026-02-27 14:58:07.137,-23.859,0.666283,-57.4537,0.644143,1.24549,-0.317799,27.037000000000006
1772222287138449517,2026-02-27 14:58:07.138,-23.9027,0.639897,-57.138,0.642023,1.24578,-0.319586,27.03800000000001
1772222287139573293,2026-02-27 14:58:07.139,-23.8723,0.544056,-57.1616,0.633229,1.24278,-0.31639,27.039
1772222287140702672,2026-02-27 14:58:07.140,-23.9455,0.502863,-56.7497,0.623826,1.24192,-0.317823,27.040000000000006
1772222287141880398,2026-02-27 14:58:07.141,-23.8567,0.453669,-56.5135,0.620056,1.23955,-0.316533,27.04100000000001
1772222287143076920,2026-02-27 14:58:07.143,-23.8897,0.3758,-56.543,0.608043,1.23829,-0.312747,27.043000000000006
1772222287144254192,2026-02-27 14:58:07.144,-23.7999,0.250797,-56.6064,0.595785,1.23262,-0.303462,27.04400000000001
1772222287145450009,2026-02-27 14:58:07.145,-23.845,0.175269,-55.6731,0.583738,1.23035,-0.310017,27.045
1772222287146569511,2026-02-27 14:58:07.146,-23.8147,0.059691,-55.6769,0.575791,1.22941,-0.306621,27.046000000000006
1772222287147701740,2026-02-27 14:58:07.147,-23.7914,0.014349,-55.6952,0.57125,1.22872,-0.303977,27.04700000000001
1772222287148902294,2026-02-27 14:58:07.148,-23.8025,-0.107594,-56.2142,0.565007,1.2281,-0.296542,27.048000000000002
1772222287150105526,2026-02-27 14:58:07.150,-23.7809,-0.201232,-56.523,0.556789,1.22826,-0.290115,27.05000000000001
1772222287151279354,2026-02-27 14:58:07.151,-23.7559,-0.380456,-56.4492,0.544182,1.22719,-0.286377,27.051000000000002
1772222287152487212,2026-02-27 14:58:07.152,-23.708,-0.457054,-56.4392,0.535913,1.22618,-0.285104,27.052000000000007
1772222287153617083,2026-02-27 14:58:07.153,-23.648,-0.588882,-56.679,0.529133,1.22538,-0.279705,27.05300000000001
1772222287154750680,2026-02-27 14:58:07.154,-23.6534,-0.733458,-57.3082,0.523084,1.22641,-0.274076,27.054000000000002
1772222287155928640,2026-02-27 14:58:07.155,-23.6391,-0.760548,-56.9128,0.514889,1.22625,-0.275759,27.055000000000007
1772222287157101780,2026-02-27 14:58:07.157,-23.6764,-0.902376,-56.4405,0.500948,1.22279,-0.27729,27.057000000000002
1772222287158296915,2026-02-27 14:58:07.158,-23.6298,-1.05002,-55.675,0.482951,1.22243,-0.27991,27.058000000000007
1772222287159482050,2026-02-27 14:58:07.159,-23.6202,-1.19075,-55.5746,0.472928,1.22317,-0.280159,27.05900000000001
1772222287160612998,2026-02-27 14:58:07.160,-23.6161,-1.31097,-55.3595,0.463362,1.22338,-0.279244,27.060000000000002
1772222287161742364,2026-02-27 14:58:07.161,-23.663,-1.38686,-55.1579,0.4521,1.22485,-0.279619,27.061000000000007
1772222287162924251,2026-02-27 14:58:07.162,-23.6151,-1.50637,-54.0224,0.444838,1.2257,-0.288435,27.062000000000012
1772222287164122219,2026-02-27 14:58:07.164,-23.6955,-1.57802,-54.3795,0.433087,1.22848,-0.284427,27.064000000000007
1772222287165318957,2026-02-27 14:58:07.165,-23.7195,-1.78436,-54.5857,0.414976,1.23213,-0.278666,27.065000000000012
1772222287166509964,2026-02-27 14:58:07.166,-23.7488,-1.88558,-54.7449,0.404775,1.23384,-0.276683,27.066000000000003
1772222287167641210,2026-02-27 14:58:07.167,-23.6972,-1.90214,-54.564,0.401197,1.23524,-0.27629,27.067000000000007
1772222287168816401,2026-02-27 14:58:07.168,-23.7214,-1.97518,-54.4099,0.392888,1.23744,-0.27537,27.068000000000012
1772222287170012817,2026-02-27 14:58:07.170,-23.7528,-2.04504,-54.2899,0.382656,1.24013,-0.275579,27.070000000000007
1772222287171193348,2026-02-27 14:58:07.171,-23.7547,-2.10893,-55.1481,0.37676,1.24264,-0.265995,27.071000000000012
1772222287172367940,2026-02-27 14:58:07.172,-23.7322,-2.26045,-54.9059,0.36152,1.24494,-0.26631,27.072000000000003
1772222287173546738,2026-02-27 14:58:07.173,-23.8088,-2.34052,-54.3605,0.355153,1.24854,-0.269187,27.073000000000008
1772222287174677867,2026-02-27 14:58:07.174,-23.9352,-2.42072,-53.8587,0.344147,1.24957,-0.272119,27.074000000000012
1772222287175878882,2026-02-27 14:58:07.175,-23.8812,-2.45509,-53.7644,0.340102,1.25115,-0.270943,27.075000000000003
1772222287177076963,2026-02-27 14:58:07.177,-23.9131,-2.55587,-53.6517,0.328984,1.25267,-0.270106,27.077000000000012
1772222287178261215,2026-02-27 14:58:07.178,-23.8771,-2.66104,-53.6388,0.326029,1.25328,-0.268966,27.078000000000003
1772222287179446601,2026-02-27 14:58:07.179,-23.9864,-2.70755,-52.4733,0.311569,1.25578,-0.276957,27.079000000000008
1772222287180599833,2026-02-27 14:58:07.180,-23.9545,-2.82055,-52.6196,0.303978,1.25234,-0.276798,27.080000000000013
1772222287181732465,2026-02-27 14:58:07.181,-23.9554,-2.80435,-53.0183,0.300681,1.25522,-0.26879,27.081000000000003
1772222287182863575,2026-02-27 14:58:07.182,-23.9948,-2.88303,-53.4837,0.296372,1.25845,-0.263226,27.082000000000008
1772222287184063434,2026-02-27 14:58:07.184,-24.0401,-2.94426,-53.4725,0.291986,1.26149,-0.262083,27.084000000000003
1772222287185234986,2026-02-27 14:58:07.185,-24.0698,-3.04829,-53.551,0.288639,1.26472,-0.262712,27.085000000000008
1772222287186419917,2026-02-27 14:58:07.186,-24.1969,-3.11556,-53.4872,0.276633,1.27028,-0.26084,27.086000000000013
1772222287187527333,2026-02-27 14:58:07.187,-24.2559,-3.23069,-54.5772,0.272202,1.27465,-0.250094,27.087000000000003
1772222287188658319,2026-02-27 14:58:07.188,-24.282,-3.21957,-54.0935,0.268461,1.27566,-0.252677,27.088000000000008
1772222287189835692,2026-02-27 14:58:07.189,-24.2563,-3.23587,-54.0314,0.264184,1.27614,-0.252976,27.089
1772222287191033788,2026-02-27 14:58:07.191,-24.2846,-3.28049,-53.4229,0.262322,1.27067,-0.256024,27.091000000000008
1772222287192220491,2026-02-27 14:58:07.192,-24.2225,-3.29074,-52.9987,0.259498,1.27426,-0.255303,27.092
1772222287193412354,2026-02-27 14:58:07.193,-24.5041,-3.4017,-52.9668,0.250232,1.29194,-0.251586,27.093000000000004
1772222287194577181,2026-02-27 14:58:07.194,-24.7202,-3.40987,-52.9955,0.24961,1.30369,-0.253807,27.09400000000001
1772222287195709942,2026-02-27 14:58:07.195,-24.9421,-3.47385,-51.8416,0.245679,1.31684,-0.265747,27.095
1772222287196888566,2026-02-27 14:58:07.196,-25.1737,-3.53979,-52.0581,0.24034,1.32974,-0.264366,27.096000000000004
1772222287198087189,2026-02-27 14:58:07.198,-25.2981,-3.53271,-51.9848,0.241545,1.3402,-0.263101,27.098
1772222287199259015,2026-02-27 14:58:07.199,-25.3909,-3.50744,-52.4158,0.238547,1.35048,-0.256439,27.099000000000004
1772222287200467198,2026-02-27 14:58:07.200,-25.5365,-3.4991,-52.7851,0.233498,1.35807,-0.256561,27.10000000000001
1772222287201599287,2026-02-27 14:58:07.201,-25.703,-3.55618,-52.5833,0.22735,1.37259,-0.250324,27.101
1772222287202781378,2026-02-27 14:58:07.202,-25.8495,-3.50202,-52.4035,0.230492,1.38227,-0.249764,27.102000000000004
1772222287203982461,2026-02-27 14:58:07.203,-26.0541,-3.55164,-52.9175,0.228809,1.39704,-0.246155,27.10300000000001
1772222287205183356,2026-02-27 14:58:07.205,-26.2921,-3.59889,-53.3708,0.229091,1.4116,-0.245653,27.105000000000004
1772222287206355660,2026-02-27 14:58:07.206,-26.4522,-3.62502,-53.0301,0.22687,1.42348,-0.248175,27.10600000000001
1772222287207548455,2026-02-27 14:58:07.207,-26.677,-3.50779,-52.0881,0.2267,1.44034,-0.255409,27.107
1772222287208680379,2026-02-27 14:58:07.208,-26.872,-3.4647,-51.7992,0.227149,1.45348,-0.256156,27.108000000000004
1772222287209859072,2026-02-27 14:58:07.209,-27.0266,-3.4866,-51.7296,0.228135,1.46144,-0.257635,27.10900000000001
1772222287211057418,2026-02-27 14:58:07.211,-27.1577,-3.48776,-51.5433,0.224109,1.46823,-0.258498,27.111000000000004
1772222287212255083,2026-02-27 14:58:07.212,-27.2568,-3.49659,-51.2916,0.226276,1.47863,-0.259486,27.11200000000001
1772222287213449291,2026-02-27 14:58:07.213,-27.5249,-3.40133,-50.4405,0.225202,1.49427,-0.265476,27.113
1772222287214595138,2026-02-27 14:58:07.214,-27.6527,-3.38046,-50.5249,0.225527,1.50809,-0.264997,27.114000000000004
1772222287215731819,2026-02-27 14:58:07.215,-27.8457,-3.38288,-50.8643,0.221911,1.52001,-0.260203,27.11500000000001
1772222287216863202,2026-02-27 14:58:07.216,-27.9839,-3.42171,-51.0045,0.220835,1.53328,-0.260658,27.116
1772222287218063607,2026-02-27 14:58:07.218,-28.1752,-3.37985,-51.0156,0.222544,1.5464,-0.262187,27.11800000000001
1772222287219263062,2026-02-27 14:58:07.219,-28.3285,-3.32377,-51.052,0.225681,1.55769,-0.262833,27.119
1772222287220469936,2026-02-27 14:58:07.220,-28.5522,-3.33857,-52.0385,0.225974,1.57037,-0.252334,27.120000000000005
1772222287221603802,2026-02-27 14:58:07.221,-28.5754,-3.31599,-51.8201,0.224883,1.57441,-0.254621,27.12100000000001
1772222287222729889,2026-02-27 14:58:07.222,-28.6406,-3.29777,-51.8878,0.228793,1.57712,-0.253502,27.122
1772222287223877705,2026-02-27 14:58:07.223,-28.69,-3.2059,-51.3474,0.228535,1.57736,-0.258474,27.123000000000005
1772222287225075546,2026-02-27 14:58:07.225,-28.6495,-3.16551,-51.0863,0.234792,1.57807,-0.26056,27.125
1772222287226275118,2026-02-27 14:58:07.226,-28.6556,-3.11017,-51.0341,0.235798,1.57701,-0.259179,27.126000000000005
1772222287227478206,2026-02-27 14:58:07.227,-28.6006,-3.09957,-51.0299,0.244648,1.57158,-0.256159,27.12700000000001
1772222287228609513,2026-02-27 14:58:07.228,-28.5433,-2.98149,-50.3621,0.251553,1.56799,-0.261328,27.128
1772222287229786381,2026-02-27 14:58:07.229,-28.5454,-2.94124,-50.0181,0.252829,1.56358,-0.261022,27.129000000000005
1772222287230982748,2026-02-27 14:58:07.230,-28.4751,-2.9553,-50.1868,0.256618,1.55797,-0.256728,27.13000000000001
1772222287232180920,2026-02-27 14:58:07.232,-28.4677,-2.91558,-50.635,0.258343,1.5532,-0.250443,27.132000000000005
1772222287233352750,2026-02-27 14:58:07.233,-28.298,-2.83501,-51.1049,0.265115,1.5468,-0.243255,27.13300000000001
1772222287234542838,2026-02-27 14:58:07.234,-28.1102,-2.70704,-51.1084,0.275566,1.53364,-0.23882,27.134
1772222287235674280,2026-02-27 14:58:07.235,-27.964,-2.66377,-51.1208,0.282827,1.52611,-0.236272,27.135000000000005
1772222287236849778,2026-02-27 14:58:07.236,-27.7782,-2.57517,-51.2232,0.286204,1.51753,-0.232556,27.13600000000001
1772222287238126772,2026-02-27 14:58:07.238,-27.6869,-2.55843,-52.1647,0.290013,1.50848,-0.222223,27.138000000000005
1772222287239322896,2026-02-27 14:58:07.239,-27.56,-2.50528,-51.7445,0.29646,1.50011,-0.223697,27.13900000000001
1772222287240522737,2026-02-27 14:58:07.240,-27.2261,-2.42176,-51.1885,0.306289,1.47961,-0.223664,27.14
1772222287241653642,2026-02-27 14:58:07.241,-27.108,-2.35866,-51.027,0.310764,1.46911,-0.223143,27.141000000000005
1772222287242832148,2026-02-27 14:58:07.242,-26.8711,-2.33111,-51.0115,0.315785,1.45846,-0.221709,27.14200000000001
1772222287244029294,2026-02-27 14:58:07.244,-26.7735,-2.25481,-50.9653,0.322544,1.44789,-0.219048,27.144000000000005
1772222287245229225,2026-02-27 14:58:07.245,-26.5683,-2.20767,-51.0141,0.328608,1.43691,-0.217166,27.14500000000001
1772222287246401765,2026-02-27 14:58:07.246,-26.4294,-2.12939,-49.9,0.331868,1.42637,-0.225333,27.146
1772222287247560560,2026-02-27 14:58:07.247,-26.0291,-2.01012,-50.1858,0.342121,1.40383,-0.21784,27.147000000000006
1772222287248699676,2026-02-27 14:58:07.248,-25.863,-1.95259,-50.7979,0.348685,1.39245,-0.210885,27.14800000000001
1772222287249894922,2026-02-27 14:58:07.249,-25.6784,-2.00637,-50.9865,0.350387,1.37987,-0.206628,27.149
1772222287251098479,2026-02-27 14:58:07.251,-25.4312,-2.01523,-51.0249,0.356793,1.36733,-0.206259,27.15100000000001
1772222287252299223,2026-02-27 14:58:07.252,-25.3504,-1.9452,-50.9601,0.358291,1.35625,-0.203685,27.152
1772222287253484111,2026-02-27 14:58:07.253,-25.1369,-1.93419,-50.9965,0.35988,1.34393,-0.200827,27.153000000000006
1772222287254633257,2026-02-27 14:58:07.254,-24.9359,-1.94653,-51.7865,0.359466,1.33279,-0.191828,27.15400000000001
1772222287255824031,2026-02-27 14:58:07.255,-24.5869,-1.91201,-51.935,0.365213,1.3083,-0.187118,27.155
1772222287257001192,2026-02-27 14:58:07.257,-24.4068,-1.95224,-51.5042,0.366887,1.29664,-0.190426,27.15700000000001
1772222287258200708,2026-02-27 14:58:07.258,-24.2837,-1.94274,-51.217,0.368431,1.28608,-0.19057,27.158
1772222287259395369,2026-02-27 14:58:07.259,-24.0958,-1.96986,-51.2195,0.369762,1.27542,-0.189865,27.159000000000006
1772222287260530675,2026-02-27 14:58:07.260,-23.9609,-1.94924,-51.2725,0.369047,1.2651,-0.187899,27.16000000000001
1772222287261678005,2026-02-27 14:58:07.261,-23.8142,-2.00152,-51.3613,0.369471,1.25436,-0.186609,27.161
1772222287262898184,2026-02-27 14:58:07.262,-23.4899,-2.0323,-50.4573,0.37017,1.23434,-0.190484,27.162000000000006
1772222287264100061,2026-02-27 14:58:07.264,-23.3793,-2.11285,-50.8884,0.368921,1.22506,-0.183667,27.164
1772222287265302218,2026-02-27 14:58:07.265,-23.2521,-2.0867,-51.1482,0.371719,1.21531,-0.177898,27.165000000000006
1772222287266487418,2026-02-27 14:58:07.266,-23.0731,-2.17048,-51.6862,0.372133,1.20416,-0.17005,27.16600000000001
1772222287267619968,2026-02-27 14:58:07.267,-22.708,-2.26621,-51.8317,0.372116,1.18277,-0.162809,27.167
1772222287268777965,2026-02-27 14:58:07.268,-22.5675,-2.36385,-51.8556,0.373163,1.17178,-0.158925,27.168000000000006
1772222287269976764,2026-02-27 14:58:07.269,-22.4355,-2.40889,-51.9014,0.372939,1.16232,-0.154855,27.16900000000001
1772222287271177601,2026-02-27 14:58:07.271,-22.2129,-2.48013,-52.936,0.374615,1.15052,-0.139361,27.171000000000006
1772222287272380405,2026-02-27 14:58:07.272,-22.0447,-2.57692,-52.5701,0.373541,1.13761,-0.139137,27.17200000000001
1772222287273532307,2026-02-27 14:58:07.273,-21.6671,-2.72928,-51.9562,0.367107,1.11362,-0.133107,27.173000000000002
1772222287274668796,2026-02-27 14:58:07.274,-21.4445,-2.77603,-51.656,0.363199,1.10163,-0.132142,27.174000000000007
1772222287275846864,2026-02-27 14:58:07.275,-21.2799,-2.83921,-51.5935,0.360654,1.091,-0.12914,27.17500000000001
1772222287277046230,2026-02-27 14:58:07.277,-21.0692,-2.95686,-51.5342,0.35518,1.07657,-0.125773,27.177000000000007
1772222287278245304,2026-02-27 14:58:07.278,-20.8689,-2.97542,-51.4915,0.351049,1.06656,-0.122821,27.17800000000001
1772222287279444554,2026-02-27 14:58:07.279,-20.7268,-3.17602,-50.3959,0.343897,1.0524,-0.128753,27.179000000000002
1772222287280625851,2026-02-27 14:58:07.280,-20.5313,-3.23893,-50.3535,0.340418,1.04061,-0.125782,27.180000000000007
1772222287281827184,2026-02-27 14:58:07.281,-20.1758,-3.43765,-50.8633,0.332425,1.01517,-0.116337,27.18100000000001
1772222287283031746,2026-02-27 14:58:07.283,-19.922,-3.51761,-51.1573,0.331761,1.00425,-0.111412,27.183000000000007
1772222287284221892,2026-02-27 14:58:07.284,-19.7531,-3.56436,-51.0902,0.327068,0.991938,-0.109275,27.18400000000001
1772222287285429953,2026-02-27 14:58:07.285,-19.6214,-3.67014,-50.9644,0.323531,0.978038,-0.106855,27.185000000000002
1772222287286587561,2026-02-27 14:58:07.286,-19.1443,-3.79269,-51.2629,0.320922,0.952421,-0.104254,27.186000000000007
1772222287287725417,2026-02-27 14:58:07.287,-18.9372,-3.94057,-51.8569,0.316756,0.938981,-0.100609,27.187000000000012
1772222287288855913,2026-02-27 14:58:07.288,-18.7413,-3.97457,-51.4052,0.312664,0.927767,-0.104252,27.188000000000002
1772222287290053494,2026-02-27 14:58:07.290,-18.4759,-4.06597,-51.0309,0.31087,0.916667,-0.108177,27.190000000000012
1772222287291252058,2026-02-27 14:58:07.291,-18.4047,-4.145,-50.6808,0.304977,0.906733,-0.112315,27.191000000000003
1772222287292449640,2026-02-27 14:58:07.292,-18.1583,-4.23782,-50.4281,0.303724,0.893854,-0.113268,27.192000000000007
1772222287293605598,2026-02-27 14:58:07.293,-18.0042,-4.35928,-50.3326,0.298839,0.881342,-0.112431,27.193000000000012
1772222287294739426,2026-02-27 14:58:07.294,-17.6299,-4.49404,-50.1119,0.293513,0.857992,-0.111718,27.194000000000003
1772222287295870141,2026-02-27 14:58:07.295,-17.4358,-4.54764,-48.9443,0.292085,0.846578,-0.121967,27.195000000000007
1772222287297066949,2026-02-27 14:58:07.297,-17.153,-4.64219,-49.3002,0.291345,0.834275,-0.116868,27.197000000000003
1772222287298264488,2026-02-27 14:58:07.298,-17.0584,-4.66576,-49.2257,0.288352,0.824221,-0.115952,27.198000000000008
1772222287299476973,2026-02-27 14:58:07.299,-16.8273,-4.72881,-49.7514,0.285765,0.811653,-0.11008,27.199000000000012
1772222287300608617,2026-02-27 14:58:07.300,-16.6835,-4.83046,-49.8666,0.281939,0.801742,-0.108077,27.200000000000003
1772222287301738067,2026-02-27 14:58:07.301,-16.3692,-5.01626,-49.6462,0.277803,0.780439,-0.107364,27.201000000000008
1772222287302916703,2026-02-27 14:58:07.302,-16.2154,-5.11059,-49.6233,0.276375,0.772106,-0.107609,27.202000000000012
1772222287304115844,2026-02-27 14:58:07.304,-16.0309,-5.10065,-50.5584,0.279321,0.764118,-0.098005,27.204000000000008
1772222287305316756,2026-02-27 14:58:07.305,-15.8728,-5.19731,-50.5478,0.276601,0.755402,-0.099564,27.205000000000013
1772222287306527816,2026-02-27 14:58:07.306,-15.778,-5.19164,-50.4144,0.279989,0.748084,-0.097866,27.206000000000003
1772222287307660416,2026-02-27 14:58:07.307,-15.6252,-5.23425,-49.507,0.283686,0.735729,-0.105544,27.207000000000008
1772222287308816389,2026-02-27 14:58:07.308,-15.5038,-5.28057,-49.3659,0.284553,0.729543,-0.108227,27.208000000000013
1772222287310018945,2026-02-27 14:58:07.310,-15.3526,-5.32498,-49.4033,0.28541,0.722404,-0.108447,27.210000000000008
1772222287311216006,2026-02-27 14:58:07.311,-15.3187,-5.35637,-49.408,0.288179,0.718763,-0.110723,27.211000000000013
1772222287312413642,2026-02-27 14:58:07.312,-15.2857,-5.40669,-48.8295,0.288058,0.714519,-0.118292,27.212000000000003
1772222287313565877,2026-02-27 14:58:07.313,-15.1916,-5.42555,-48.4475,0.294026,0.710891,-0.123306,27.213000000000008
1772222287314699588,2026-02-27 14:58:07.314,-15.0408,-5.43563,-49.128,0.306029,0.705501,-0.121091,27.214
1772222287315853743,2026-02-27 14:58:07.315,-15.0407,-5.52736,-49.6607,0.306868,0.702142,-0.117523,27.215000000000003
1772222287317056913,2026-02-27 14:58:07.317,-14.9208,-5.52519,-49.7137,0.310619,0.698294,-0.118337,27.217
1772222287318254596,2026-02-27 14:58:07.318,-14.8737,-5.46571,-49.7667,0.320503,0.696045,-0.118975,27.218000000000004
1772222287319469286,2026-02-27 14:58:07.319,-14.8292,-5.47104,-49.7343,0.324766,0.69309,-0.12056,27.21900000000001
1772222287320569750,2026-02-27 14:58:07.320,-14.7657,-5.4733,-49.7835,0.329073,0.691932,-0.122012,27.22
1772222287321701476,2026-02-27 14:58:07.321,-14.7264,-5.4195,-50.5711,0.340035,0.687883,-0.119373,27.221000000000004
1772222287322876666,2026-02-27 14:58:07.322,-14.7284,-5.40151,-50.6342,0.342131,0.687488,-0.122123,27.22200000000001
1772222287324059845,2026-02-27 14:58:07.324,-14.6935,-5.40566,-50.2228,0.349443,0.685805,-0.128575,27.224000000000004
1772222287325256714,2026-02-27 14:58:07.325,-14.6583,-5.34339,-50.078,0.358428,0.685371,-0.131491,27.22500000000001
1772222287326468972,2026-02-27 14:58:07.326,-14.6319,-5.34023,-50.1924,0.365943,0.684408,-0.13225,27.226
1772222287327569130,2026-02-27 14:58:07.327,-14.6609,-5.33831,-50.3068,0.366558,0.683466,-0.13355,27.227000000000004
1772222287328702487,2026-02-27 14:58:07.328,-14.6296,-5.24555,-49.4023,0.385744,0.683088,-0.146281,27.22800000000001
1772222287329857929,2026-02-27 14:58:07.329,-14.6782,-5.19763,-49.6579,0.38853,0.682324,-0.144589,27.229
1772222287331060175,2026-02-27 14:58:07.331,-14.5992,-5.16079,-49.8483,0.400254,0.682843,-0.145763,27.23100000000001
1772222287332257097,2026-02-27 14:58:07.332,-14.7053,-5.1306,-50.4614,0.400168,0.684135,-0.142627,27.232
1772222287333476317,2026-02-27 14:58:07.333,-14.6072,-5.05186,-50.8785,0.410497,0.683698,-0.140298,27.233000000000004
1772222287334573265,2026-02-27 14:58:07.334,-14.7188,-5.03855,-50.9457,0.415642,0.685157,-0.142527,27.23400000000001
1772222287335706085,2026-02-27 14:58:07.335,-14.6488,-4.88183,-51.0532,0.43112,0.686776,-0.143736,27.235
1772222287336903040,2026-02-27 14:58:07.336,-14.6689,-4.88496,-51.7087,0.437732,0.688166,-0.139698,27.236000000000004
1772222287338100218,2026-02-27 14:58:07.338,-14.6656,-4.80217,-52.1946,0.445658,0.689078,-0.136566,27.238
1772222287339298024,2026-02-27 14:58:07.339,-14.728,-4.68527,-51.9563,0.452285,0.690264,-0.138564,27.239000000000004
1772222287340485379,2026-02-27 14:58:07.340,-14.7317,-4.6529,-51.6133,0.458803,0.69068,-0.143991,27.24000000000001
1772222287341617956,2026-02-27 14:58:07.341,-14.7072,-4.58524,-51.2393,0.464612,0.690006,-0.147902,27.241
1772222287342788534,2026-02-27 14:58:07.342,-14.7539,-4.41838,-51.1027,0.481064,0.696072,-0.152368,27.242000000000004
1772222287343987542,2026-02-27 14:58:07.343,-14.7733,-4.32607,-51.1495,0.484947,0.697407,-0.154406,27.24300000000001
1772222287345185232,2026-02-27 14:58:07.345,-14.772,-4.26303,-51.0127,0.496147,0.698886,-0.156007,27.245000000000005
1772222287346386781,2026-02-27 14:58:07.346,-14.8564,-4.2022,-49.9896,0.500961,0.698351,-0.166146,27.24600000000001
1772222287347546661,2026-02-27 14:58:07.347,-14.7899,-4.10852,-50.4036,0.507796,0.699992,-0.164534,27.247
1772222287348820845,2026-02-27 14:58:07.348,-14.6978,-3.87869,-50.8931,0.522742,0.701063,-0.163365,27.248000000000005
1772222287350019400,2026-02-27 14:58:07.350,-14.7052,-3.85278,-51.0142,0.525151,0.698227,-0.163534,27.25
1772222287351217535,2026-02-27 14:58:07.351,-14.7094,-3.80023,-50.8924,0.52654,0.697323,-0.166597,27.251000000000005
1772222287352414502,2026-02-27 14:58:07.352,-14.6567,-3.64366,-50.7696,0.538084,0.694545,-0.165977,27.25200000000001
1772222287353570359,2026-02-27 14:58:07.353,-14.6602,-3.61955,-50.6439,0.536633,0.690602,-0.166718,27.253
1772222287354700684,2026-02-27 14:58:07.354,-14.4053,-3.46164,-51.2745,0.555825,0.687586,-0.165183,27.254000000000005
1772222287355873044,2026-02-27 14:58:07.355,-14.4283,-3.41123,-51.1241,0.556815,0.684713,-0.166491,27.25500000000001
1772222287357076620,2026-02-27 14:58:07.357,-14.4255,-3.32989,-50.4923,0.563073,0.682441,-0.172556,27.257000000000005
1772222287358275594,2026-02-27 14:58:07.358,-14.2739,-3.23665,-50.1596,0.571507,0.681778,-0.175852,27.25800000000001
1772222287359483509,2026-02-27 14:58:07.359,-14.2747,-3.18539,-50.0437,0.576769,0.680738,-0.17777,27.259
1772222287360617313,2026-02-27 14:58:07.360,-14.207,-3.13314,-49.8458,0.579815,0.674844,-0.176665,27.260000000000005
1772222287361768004,2026-02-27 14:58:07.361,-14.1848,-2.94428,-48.4095,0.575852,0.658202,-0.182024,27.26100000000001
1772222287362970185,2026-02-27 14:58:07.362,-13.923,-2.92819,-47.8249,0.577101,0.654291,-0.183466,27.262
1772222287364167963,2026-02-27 14:58:07.364,-13.772,-2.89547,-47.941,0.588693,0.661371,-0.189442,27.26400000000001
1772222287365366018,2026-02-27 14:58:07.365,-13.8508,-2.61255,-47.4689,0.564608,0.627146,-0.1768,27.265
1772222287366572013,2026-02-27 14:58:07.366,-13.5164,-2.74113,-48.2101,0.585677,0.649726,-0.179075,27.266000000000005
1772222287367705070,2026-02-27 14:58:07.367,-13.7532,-2.64835,-48.5066,0.594412,0.647542,-0.183963,27.26700000000001
1772222287368835707,2026-02-27 14:58:07.368,-13.726,-2.60466,-48.5094,0.604217,0.651932,-0.185952,27.268
1772222287370009635,2026-02-27 14:58:07.370,-13.6921,-2.64465,-48.7375,0.605582,0.654877,-0.185067,27.27000000000001
1772222287371230341,2026-02-27 14:58:07.371,-13.7494,-2.5881,-49.5743,0.603389,0.653839,-0.178874,27.271
1772222287372434570,2026-02-27 14:58:07.372,-13.6837,-2.61472,-49.3045,0.612166,0.655908,-0.182041,27.272000000000006
1772222287373594174,2026-02-27 14:58:07.373,-13.8176,-2.61117,-49.2157,0.610144,0.660381,-0.186722,27.27300000000001
1772222287374726502,2026-02-27 14:58:07.374,-13.9395,-2.59773,-48.8214,0.611819,0.664061,-0.191147,27.274
1772222287375882663,2026-02-27 14:58:07.375,-14.0762,-2.60385,-48.9664,0.609937,0.666461,-0.191228,27.275000000000006
1772222287377082704,2026-02-27 14:58:07.377,-14.1809,-2.66316,-49.1225,0.607757,0.669318,-0.192656,27.277
1772222287378281778,2026-02-27 14:58:07.378,-14.2042,-2.61362,-48.9882,0.608708,0.667604,-0.191429,27.278000000000006
1772222287379491304,2026-02-27 14:58:07.379,-14.1592,-2.51038,-47.9154,0.607818,0.665779,-0.199768,27.27900000000001
1772222287380623851,2026-02-27 14:58:07.380,-14.1594,-2.58124,-48.3867,0.601387,0.67014,-0.196422,27.28
1772222287381788177,2026-02-27 14:58:07.381,-14.4763,-2.6516,-49.6258,0.613027,0.68809,-0.199978,27.281000000000006
1772222287382988387,2026-02-27 14:58:07.382,-14.6121,-2.63716,-50.0384,0.610864,0.688837,-0.196545,27.28200000000001
1772222287384190195,2026-02-27 14:58:07.384,-14.6081,-2.62561,-50.1364,0.605762,0.690519,-0.197368,27.284000000000006
1772222287385388439,2026-02-27 14:58:07.385,-14.6435,-2.66722,-50.3045,0.608711,0.698707,-0.199446,27.28500000000001
1772222287386570238,2026-02-27 14:58:07.386,-14.792,-2.62352,-50.5668,0.610456,0.705404,-0.203177,27.286
1772222287387704291,2026-02-27 14:58:07.387,-14.9229,-2.63618,-51.781,0.616115,0.713443,-0.198013,27.287000000000006
1772222287388873125,2026-02-27 14:58:07.388,-15.1441,-2.61089,-52.0862,0.608432,0.717465,-0.195913,27.28800000000001
1772222287390074712,2026-02-27 14:58:07.390,-15.2274,-2.68158,-51.9067,0.608026,0.728298,-0.204733,27.290000000000006
1772222287391271181,2026-02-27 14:58:07.391,-15.4083,-2.72594,-52.0602,0.613103,0.738812,-0.212479,27.29100000000001
1772222287392477377,2026-02-27 14:58:07.392,-15.6096,-2.71838,-52.3645,0.618407,0.746122,-0.215943,27.292
1772222287393568384,2026-02-27 14:58:07.393,-15.8716,-2.74657,-52.6824,0.619791,0.756809,-0.217611,27.293000000000006
1772222287394700020,2026-02-27 14:58:07.394,-16.0175,-2.67438,-52.6886,0.611576,0.755153,-0.214435,27.29400000000001
1772222287395886677,2026-02-27 14:58:07.395,-16.1746,-2.76732,-52.0742,0.60783,0.774194,-0.227663,27.295
1772222287397087196,2026-02-27 14:58:07.397,-16.375,-2.89266,-52.7917,0.603668,0.782381,-0.227582,27.29700000000001
1772222287398286720,2026-02-27 14:58:07.398,-16.5646,-2.96371,-53.3638,0.608417,0.793754,-0.230462,27.298000000000002
1772222287399500679,2026-02-27 14:58:07.399,-16.7472,-3.00412,-54.1129,0.610367,0.805428,-0.22815,27.299000000000007
1772222287400631954,2026-02-27 14:58:07.400,-16.9832,-2.97998,-54.6125,0.61472,0.815951,-0.229838,27.30000000000001
1772222287401794280,2026-02-27 14:58:07.401,-17.0452,-3.00761,-54.7055,0.610592,0.824931,-0.231372,27.301000000000002
1772222287402975264,2026-02-27 14:58:07.402,-17.388,-3.09633,-55.1151,0.607255,0.840667,-0.23496,27.302000000000007
1772222287404181726,2026-02-27 14:58:07.404,-17.4797,-3.19434,-56.3372,0.60647,0.846555,-0.2257,27.304000000000002
1772222287405380420,2026-02-27 14:58:07.405,-17.6494,-3.1734,-55.9588,0.60555,0.852589,-0.231046,27.305000000000007
1772222287406595053,2026-02-27 14:58:07.406,-17.7677,-3.18085,-56.0949,0.605025,0.859418,-0.232239,27.30600000000001
1772222287407728143,2026-02-27 14:58:07.407,-17.8996,-3.18291,-55.608,0.600465,0.865419,-0.238703,27.307000000000002
1772222287408890159,2026-02-27 14:58:07.408,-18.0686,-3.12234,-55.5106,0.605656,0.878669,-0.244163,27.308000000000007
1772222287410068049,2026-02-27 14:58:07.410,-18.1189,-3.13246,-55.4216,0.603938,0.882316,-0.245462,27.310000000000002
1772222287411267620,2026-02-27 14:58:07.411,-18.2063,-3.10744,-55.3887,0.601447,0.888046,-0.247655,27.311000000000007
1772222287412481981,2026-02-27 14:58:07.412,-18.2952,-3.06813,-54.5698,0.606746,0.892896,-0.257558,27.312000000000012
1772222287413612910,2026-02-27 14:58:07.413,-18.3295,-3.02551,-54.4768,0.606411,0.899351,-0.259276,27.313000000000002
1772222287414739697,2026-02-27 14:58:07.414,-18.4243,-3.05928,-54.3767,0.604121,0.903108,-0.25929,27.314000000000007
1772222287415913061,2026-02-27 14:58:07.415,-18.4727,-2.95536,-55.3322,0.61041,0.911646,-0.252893,27.315000000000012
1772222287417092560,2026-02-27 14:58:07.417,-18.5757,-2.98839,-55.3341,0.608802,0.917757,-0.255969,27.317000000000007
1772222287418289435,2026-02-27 14:58:07.418,-18.6067,-2.92663,-55.2306,0.610842,0.921656,-0.25609,27.318000000000012
1772222287419496593,2026-02-27 14:58:07.419,-18.6051,-2.90283,-55.1325,0.613029,0.926595,-0.258401,27.319000000000003
1772222287420630209,2026-02-27 14:58:07.420,-18.6927,-2.87069,-55.4946,0.610775,0.92951,-0.256274,27.320000000000007
1772222287421813562,2026-02-27 14:58:07.421,-18.7808,-2.88825,-56.0837,0.609717,0.933693,-0.250449,27.321000000000012
1772222287422993237,2026-02-27 14:58:07.422,-18.8125,-2.94932,-55.537,0.612082,0.939431,-0.25917,27.322000000000003
1772222287424179271,2026-02-27 14:58:07.424,-18.8843,-2.87966,-55.1848,0.611283,0.941571,-0.263431,27.324000000000012
1772222287425381929,2026-02-27 14:58:07.425,-18.8311,-2.81342,-55.0677,0.614144,0.942535,-0.265451,27.325000000000003
1772222287426587026,2026-02-27 14:58:07.426,-18.842,-2.82383,-54.99,0.61179,0.942463,-0.265029,27.326000000000008
1772222287427738070,2026-02-27 14:58:07.427,-18.8306,-2.8115,-55.0845,0.613508,0.941019,-0.266091,27.327000000000012
1772222287428889120,2026-02-27 14:58:07.428,-18.7917,-2.75269,-55.0761,0.61659,0.941893,-0.267093,27.328000000000003
1772222287430061955,2026-02-27 14:58:07.430,-18.8694,-2.70694,-54.5387,0.619847,0.939865,-0.271541,27.330000000000013
1772222287431265798,2026-02-27 14:58:07.431,-18.857,-2.67891,-54.6765,0.621665,0.938826,-0.272196,27.331000000000003
1772222287432476825,2026-02-27 14:58:07.432,-18.8409,-2.71543,-55.2789,0.62321,0.937158,-0.26716,27.332000000000008
1772222287433610454,2026-02-27 14:58:07.433,-18.8097,-2.67875,-55.6134,0.623752,0.934911,-0.265802,27.333000000000013
1772222287434745814,2026-02-27 14:58:07.434,-18.7907,-2.67007,-55.6696,0.627401,0.932962,-0.266374,27.334000000000003
1772222287435910989,2026-02-27 14:58:07.435,-18.8099,-2.65611,-55.8338,0.629706,0.931737,-0.266166,27.335000000000008
1772222287437083947,2026-02-27 14:58:07.437,-18.7641,-2.60105,-56.9504,0.632097,0.92602,-0.257244,27.337000000000003
1772222287438290620,2026-02-27 14:58:07.438,-18.7101,-2.54997,-57.0538,0.636122,0.926183,-0.259785,27.338000000000008
1772222287439498730,2026-02-27 14:58:07.439,-18.7434,-2.52682,-57.1188,0.636854,0.924147,-0.259316,27.339
1772222287440637282,2026-02-27 14:58:07.440,-18.7248,-2.5053,-56.7144,0.639116,0.922769,-0.265005,27.340000000000003
1772222287441834718,2026-02-27 14:58:07.441,-18.7357,-2.53003,-56.6153,0.642217,0.920784,-0.26764,27.341000000000008
1772222287443008492,2026-02-27 14:58:07.443,-18.7415,-2.47537,-56.656,0.644523,0.920086,-0.26757,27.343000000000004
1772222287444190920,2026-02-27 14:58:07.444,-18.717,-2.4971,-56.8465,0.644663,0.914714,-0.26655,27.34400000000001
1772222287445392505,2026-02-27 14:58:07.445,-18.7194,-2.49674,-56.4487,0.64349,0.913554,-0.271462,27.345
1772222287446581523,2026-02-27 14:58:07.446,-18.7733,-2.46642,-56.1325,0.646005,0.912915,-0.276305,27.346000000000004
1772222287447719463,2026-02-27 14:58:07.447,-18.684,-2.43033,-56.5023,0.646592,0.911019,-0.272441,27.34700000000001
1772222287448895566,2026-02-27 14:58:07.448,-18.7107,-2.37933,-56.974,0.648403,0.911504,-0.268782,27.348
1772222287450073076,2026-02-27 14:58:07.450,-18.7488,-2.40537,-57.6443,0.650947,0.91272,-0.265905,27.35000000000001
1772222287451267144,2026-02-27 14:58:07.451,-18.8292,-2.34191,-57.8076,0.649622,0.913273,-0.266165,27.351
1772222287452477304,2026-02-27 14:58:07.452,-18.8711,-2.41961,-57.8483,0.649674,0.914992,-0.26623,27.352000000000004
1772222287453610326,2026-02-27 14:58:07.453,-18.9668,-2.30411,-58.1817,0.653251,0.920228,-0.268222,27.35300000000001
1772222287454740912,2026-02-27 14:58:07.454,-19.0171,-2.37454,-59.4516,0.65403,0.924669,-0.260865,27.354
1772222287455907766,2026-02-27 14:58:07.455,-19.0787,-2.29803,-59.1599,0.656865,0.929529,-0.264913,27.355000000000004
1772222287457082959,2026-02-27 14:58:07.457,-19.269,-2.30213,-58.9165,0.655425,0.938199,-0.271453,27.357
1772222287458282026,2026-02-27 14:58:07.458,-19.3865,-2.29245,-58.8829,0.658624,0.94396,-0.273517,27.358000000000004
1772222287459562133,2026-02-27 14:58:07.459,-19.4593,-2.20538,-59.1169,0.663015,0.947988,-0.275021,27.35900000000001
1772222287460701077,2026-02-27 14:58:07.460,-19.557,-2.18472,-59.1027,0.661716,0.950303,-0.274367,27.36
1772222287461898364,2026-02-27 14:58:07.461,-19.6054,-2.11325,-59.3232,0.662458,0.955192,-0.274907,27.361000000000004
1772222287463071203,2026-02-27 14:58:07.463,-19.7703,-2.06135,-58.463,0.667736,0.959073,-0.285151,27.363
1772222287464252667,2026-02-27 14:58:07.464,-19.8883,-1.98604,-59.0181,0.670943,0.967522,-0.284339,27.364000000000004
1772222287465471186,2026-02-27 14:58:07.465,-19.9062,-1.92536,-59.7844,0.672453,0.97012,-0.279172,27.36500000000001
1772222287466600886,2026-02-27 14:58:07.466,-20.0312,-1.85662,-60.4353,0.676516,0.975336,-0.276211,27.366
1772222287467736085,2026-02-27 14:58:07.467,-20.018,-1.83678,-60.5223,0.6806,0.979005,-0.278147,27.367000000000004
1772222287468916095,2026-02-27 14:58:07.468,-20.1115,-1.78631,-60.7863,0.686627,0.9827,-0.278141,27.36800000000001
1772222287470115707,2026-02-27 14:58:07.470,-20.3395,-1.61048,-61.643,0.693848,0.990695,-0.274938,27.370000000000005
1772222287471313192,2026-02-27 14:58:07.471,-20.4464,-1.63283,-62.2104,0.694722,0.993793,-0.272453,27.37100000000001
1772222287472538866,2026-02-27 14:58:07.472,-20.4916,-1.56124,-62.0375,0.701374,0.996517,-0.273689,27.372
1772222287473671288,2026-02-27 14:58:07.473,-20.5814,-1.5161,-61.8184,0.703953,1.00001,-0.279258,27.373000000000005
1772222287474851442,2026-02-27 14:58:07.474,-20.6153,-1.43542,-61.5324,0.711699,1.00281,-0.28212,27.37400000000001
1772222287476028699,2026-02-27 14:58:07.476,-20.6601,-1.32251,-61.2459,0.714069,0.99995,-0.282423,27.376000000000005
1772222287477201245,2026-02-27 14:58:07.477,-20.6777,-1.10339,-61.1374,0.721686,1.00577,-0.276608,27.37700000000001
1772222287478401168,2026-02-27 14:58:07.478,-20.7445,-0.985808,-61.0105,0.725686,1.00862,-0.277249,27.378
1772222287479572025,2026-02-27 14:58:07.479,-20.79,-0.852786,-59.9472,0.728479,1.01104,-0.287221,27.379000000000005
1772222287480722438,2026-02-27 14:58:07.480,-20.8123,-0.71622,-60.6647,0.741631,1.01959,-0.285673,27.38000000000001
1772222287481904877,2026-02-27 14:58:07.481,-21.0064,-0.611952,-60.8247,0.742078,1.02617,-0.286536,27.381
1772222287483085851,2026-02-27 14:58:07.483,-21.1127,-0.505684,-61.4145,0.750333,1.03233,-0.283245,27.38300000000001
1772222287484262482,2026-02-27 14:58:07.484,-21.3516,-0.357251,-61.5726,0.757275,1.04852,-0.287056,27.384
1772222287485476904,2026-02-27 14:58:07.485,-21.4691,-0.28397,-61.6627,0.762846,1.05664,-0.288712,27.385000000000005
1772222287486612367,2026-02-27 14:58:07.486,-21.5292,-0.145042,-61.6446,0.768661,1.06461,-0.291152,27.38600000000001
1772222287487745144,2026-02-27 14:58:07.487,-21.6462,-0.192682,-62.6431,0.769186,1.06859,-0.281885,27.387
1772222287488879327,2026-02-27 14:58:07.488,-21.7097,-0.115158,-62.238,0.771374,1.07347,-0.2846,27.388000000000005
1772222287490062923,2026-02-27 14:58:07.490,-21.7207,-0.014204,-62.1133,0.771121,1.07658,-0.284949,27.39
1772222287491240330,2026-02-27 14:58:07.491,-21.7636,0.150954,-60.955,0.770852,1.07911,-0.290861,27.391000000000005
1772222287492440429,2026-02-27 14:58:07.492,-21.7135,0.233915,-60.8078,0.774785,1.08144,-0.291142,27.39200000000001
1772222287493575777,2026-02-27 14:58:07.493,-21.7691,0.283642,-60.6072,0.771499,1.08065,-0.29103,27.393
1772222287494709428,2026-02-27 14:58:07.494,-21.7397,0.349694,-60.3909,0.769418,1.08019,-0.28986,27.394000000000005
1772222287495887009,2026-02-27 14:58:07.495,-21.7555,0.411008,-59.4223,0.767098,1.07553,-0.295029,27.39500000000001
1772222287497061177,2026-02-27 14:58:07.497,-21.6062,0.509212,-58.8384,0.765786,1.07245,-0.293652,27.397000000000006
1772222287498233008,2026-02-27 14:58:07.498,-21.4347,0.589867,-58.8258,0.760246,1.06441,-0.283015,27.39800000000001
1772222287499439741,2026-02-27 14:58:07.499,-21.3498,0.699921,-58.9202,0.758097,1.05886,-0.277892,27.399
1772222287500577806,2026-02-27 14:58:07.500,-21.2413,0.72531,-58.6974,0.751265,1.05483,-0.274696,27.400000000000006
1772222287501712180,2026-02-27 14:58:07.501,-21.1993,0.818747,-58.4595,0.743878,1.05313,-0.274026,27.40100000000001
1772222287502889591,2026-02-27 14:58:07.502,-21.1093,0.86708,-58.3785,0.747919,1.05224,-0.273481,27.402
1772222287504078237,2026-02-27 14:58:07.504,-21.0418,0.814587,-58.3949,0.742742,1.05009,-0.27107,27.40400000000001
1772222287505250719,2026-02-27 14:58:07.505,-21.0534,0.793493,-58.8453,0.737261,1.04806,-0.267991,27.405
1772222287506450047,2026-02-27 14:58:07.506,-21.0477,0.789004,-58.7115,0.73469,1.04806,-0.269899,27.406000000000006
1772222287507569710,2026-02-27 14:58:07.507,-21.038,0.779519,-58.2369,0.728934,1.04845,-0.27426,27.40700000000001
1772222287508703439,2026-02-27 14:58:07.508,-21.0641,0.764659,-58.0817,0.725589,1.04562,-0.276545,27.408
1772222287509908909,2026-02-27 14:58:07.509,-21.0734,0.739012,-57.9697,0.72117,1.04403,-0.275279,27.409000000000006
1772222287511083382,2026-02-27 14:58:07.511,-21.0387,0.623474,-57.877,0.710347,1.04063,-0.274419,27.411
1772222287512258256,2026-02-27 14:58:07.512,-21.0227,0.628919,-56.6337,0.700624,1.03736,-0.28137,27.412000000000006
1772222287513475759,2026-02-27 14:58:07.513,-21.0379,0.578526,-56.9737,0.694272,1.03416,-0.276535,27.41300000000001
1772222287514569871,2026-02-27 14:58:07.514,-20.9953,0.586771,-56.92,0.688545,1.03403,-0.275575,27.414
1772222287515704642,2026-02-27 14:58:07.515,-20.9617,0.556341,-57.4981,0.682667,1.03264,-0.268343,27.415000000000006
1772222287516882636,2026-02-27 14:58:07.516,-21.0059,0.516469,-57.6926,0.671526,1.03306,-0.264201,27.41600000000001
1772222287518082071,2026-02-27 14:58:07.518,-20.9856,0.452954,-57.7581,0.664616,1.03416,-0.263804,27.418000000000006
1772222287519262115,2026-02-27 14:58:07.519,-21.1332,0.394694,-57.9255,0.658484,1.04206,-0.263663,27.41900000000001
1772222287520476924,2026-02-27 14:58:07.520,-21.2208,0.328003,-58.7592,0.646951,1.0463,-0.25523,27.42
1772222287521577823,2026-02-27 14:58:07.521,-21.2296,0.195668,-59.0122,0.64209,1.04978,-0.254096,27.421000000000006
1772222287522711466,2026-02-27 14:58:07.522,-21.3622,0.146164,-59.0526,0.640283,1.05686,-0.254427,27.42200000000001
1772222287523889843,2026-02-27 14:58:07.523,-21.5122,0.092438,-58.52,0.627799,1.06064,-0.25589,27.423000000000002
1772222287525095303,2026-02-27 14:58:07.525,-21.6049,0.045431,-58.2688,0.621188,1.0612,-0.254376,27.42500000000001
1772222287526274562,2026-02-27 14:58:07.526,-21.6494,0.041648,-57.5703,0.598231,1.04828,-0.241226,27.426000000000002
1772222287527476158,2026-02-27 14:58:07.527,-21.4104,-0.048868,-57.0761,0.583548,1.03793,-0.229759,27.427000000000007
1772222287528610744,2026-02-27 14:58:07.528,-21.3371,-0.059204,-57.1743,0.580476,1.05936,-0.232808,27.42800000000001
1772222287529749562,2026-02-27 14:58:07.529,-21.493,0.023617,-56.7788,0.568353,1.06225,-0.24151,27.429000000000002
1772222287530886418,2026-02-27 14:58:07.530,-21.6801,-0.006004,-57.3743,0.562607,1.06765,-0.241522,27.430000000000007
1772222287532089980,2026-02-27 14:58:07.532,-21.8367,-0.198664,-58.045,0.555493,1.08086,-0.242254,27.432000000000002
1772222287533287220,2026-02-27 14:58:07.533,-22.2926,-0.350376,-59.2767,0.543264,1.10786,-0.238931,27.433000000000007
1772222287534483855,2026-02-27 14:58:07.534,-22.5224,-0.432164,-59.4858,0.530326,1.11959,-0.235989,27.43400000000001
1772222287535617405,2026-02-27 14:58:07.535,-22.6894,-0.547364,-59.6621,0.520515,1.12879,-0.234688,27.435000000000002
1772222287536795875,2026-02-27 14:58:07.536,-22.8615,-0.664445,-59.766,0.506704,1.13084,-0.229264,27.436000000000007
1772222287537993891,2026-02-27 14:58:07.537,-22.9711,-0.811829,-61.1829,0.499649,1.14428,-0.215247,27.437000000000012
1772222287539180061,2026-02-27 14:58:07.539,-23.1344,-0.884039,-60.8672,0.48564,1.14437,-0.214887,27.439000000000007
1772222287540373320,2026-02-27 14:58:07.540,-23.2906,-0.971974,-59.4788,0.459804,1.12922,-0.204997,27.440000000000012
1772222287541564895,2026-02-27 14:58:07.541,-22.9685,-1.07951,-58.9958,0.449132,1.13003,-0.197306,27.441000000000003
1772222287542699790,2026-02-27 14:58:07.542,-22.9472,-1.11785,-59.813,0.441482,1.15874,-0.199661,27.442000000000007
1772222287543878806,2026-02-27 14:58:07.543,-23.3352,-1.20609,-60.4516,0.42837,1.16896,-0.209666,27.443000000000012
1772222287545079273,2026-02-27 14:58:07.545,-23.6479,-1.30069,-60.8486,0.421137,1.17652,-0.215576,27.445000000000007
1772222287546265331,2026-02-27 14:58:07.546,-23.8271,-1.45227,-60.1561,0.414286,1.18841,-0.225535,27.446000000000012
1772222287547445692,2026-02-27 14:58:07.547,-23.8424,-1.75371,-59.8216,0.404609,1.19692,-0.211312,27.447000000000003
1772222287548599096,2026-02-27 14:58:07.548,-24.0491,-1.76443,-60.4929,0.39103,1.19889,-0.203341,27.448000000000008
1772222287549731404,2026-02-27 14:58:07.549,-24.0673,-1.75767,-60.6486,0.38078,1.19264,-0.192641,27.449000000000012
1772222287550910355,2026-02-27 14:58:07.550,-24.1208,-1.82064,-60.4173,0.366547,1.18947,-0.185292,27.450000000000003
1772222287552111513,2026-02-27 14:58:07.552,-24.0162,-1.84561,-60.3441,0.346407,1.19807,-0.18139,27.452000000000012
1772222287553291534,2026-02-27 14:58:07.553,-23.9754,-1.95235,-59.7654,0.320865,1.17639,-0.168762,27.453000000000003
1772222287554480388,2026-02-27 14:58:07.554,-23.6738,-2.0391,-61.087,0.310185,1.20795,-0.161648,27.454000000000008
1772222287555614566,2026-02-27 14:58:07.555,-24.0694,-2.09909,-61.2044,0.292476,1.22313,-0.170448,27.455000000000013
1772222287556776897,2026-02-27 14:58:07.556,-24.3065,-2.17972,-61.2981,0.284541,1.23532,-0.17567,27.456000000000003
1772222287557973908,2026-02-27 14:58:07.557,-24.693,-2.35928,-61.2059,0.27088,1.24915,-0.18197,27.457000000000008
1772222287559172700,2026-02-27 14:58:07.559,-24.8508,-2.58723,-61.1628,0.263958,1.2624,-0.182751,27.459000000000003
1772222287560354200,2026-02-27 14:58:07.560,-25.145,-2.85873,-61.2909,0.238631,1.28077,-0.180404,27.460000000000008
1772222287561564242,2026-02-27 14:58:07.561,-25.3513,-3.01804,-61.2509,0.224581,1.2899,-0.178219,27.461000000000013
1772222287562696196,2026-02-27 14:58:07.562,-25.5167,-3.13706,-60.2485,0.212127,1.29649,-0.186113,27.462000000000003
1772222287563871851,2026-02-27 14:58:07.563,-25.6625,-3.24567,-60.7028,0.200328,1.30565,-0.179676,27.463000000000008
1772222287565070790,2026-02-27 14:58:07.565,-25.6474,-3.34116,-60.5868,0.18766,1.30785,-0.176126,27.465000000000003
1772222287566254640,2026-02-27 14:58:07.566,-25.7502,-3.48916,-61.0647,0.169796,1.31527,-0.169421,27.466000000000008
1772222287567431544,2026-02-27 14:58:07.567,-25.8568,-3.71812,-61.2539,0.151508,1.33216,-0.166167,27.467
1772222287568556608,2026-02-27 14:58:07.568,-25.9521,-3.80743,-61.2384,0.140724,1.33973,-0.166065,27.468000000000004
1772222287569832060,2026-02-27 14:58:07.569,-26.0474,-3.91407,-61.2806,0.130794,1.34783,-0.166422,27.46900000000001
1772222287571030042,2026-02-27 14:58:07.571,-26.1235,-4.02553,-62.1422,0.121882,1.3555,-0.156536,27.471000000000004
1772222287572229118,2026-02-27 14:58:07.572,-26.1198,-4.15336,-61.9396,0.110029,1.36057,-0.15682,27.47200000000001
1772222287573419443,2026-02-27 14:58:07.573,-26.2467,-4.26776,-61.267,0.097541,1.37308,-0.157529,27.473
1772222287574555949,2026-02-27 14:58:07.574,-26.3221,-4.3374,-60.8595,0.087643,1.38085,-0.15805,27.474000000000004
1772222287575688978,2026-02-27 14:58:07.575,-26.5112,-4.3888,-60.7743,0.077943,1.38893,-0.156325,27.47500000000001
1772222287576867611,2026-02-27 14:58:07.576,-26.6383,-4.46174,-60.8019,0.069166,1.39824,-0.155777,27.476
1772222287578066515,2026-02-27 14:58:07.578,-26.7622,-4.50068,-60.8173,0.063527,1.40616,-0.153836,27.47800000000001
1772222287579260122,2026-02-27 14:58:07.579,-26.8573,-4.64252,-60.2876,0.055109,1.4135,-0.157485,27.479
1772222287580403701,2026-02-27 14:58:07.580,-27.1027,-4.77558,-60.2844,0.045161,1.4309,-0.158739,27.480000000000004
1772222287581575754,2026-02-27 14:58:07.581,-27.1552,-4.88867,-60.6328,0.037102,1.43905,-0.155623,27.48100000000001
1772222287582735215,2026-02-27 14:58:07.582,-27.2729,-5.01088,-61.0734,0.030787,1.4461,-0.150977,27.482
1772222287583908619,2026-02-27 14:58:07.583,-27.4071,-5.09464,-61.1995,0.025157,1.4546,-0.150833,27.483000000000004
1772222287585081297,2026-02-27 14:58:07.585,-27.5004,-5.16759,-61.2288,0.020028,1.46145,-0.152968,27.485
1772222287586242340,2026-02-27 14:58:07.586,-27.6574,-5.2393,-61.3678,0.018359,1.47079,-0.15381,27.486000000000004
1772222287587401874,2026-02-27 14:58:07.587,-27.8665,-5.52477,-62.6981,0.0028,1.48093,-0.144592,27.48700000000001
1772222287588551479,2026-02-27 14:58:07.588,-27.9242,-5.59782,-62.2083,0.000725,1.48371,-0.148045,27.488
1772222287589684170,2026-02-27 14:58:07.589,-28.0127,-5.66788,-62.3462,-0.001829,1.4874,-0.149072,27.489000000000004
1772222287590835539,2026-02-27 14:58:07.590,-28.0144,-5.80294,-61.9206,-0.009467,1.48755,-0.152276,27.49000000000001
1772222287592018628,2026-02-27 14:58:07.592,-28.1154,-5.88301,-61.697,-0.016282,1.49081,-0.152758,27.492000000000004
1772222287593209090,2026-02-27 14:58:07.593,-28.1108,-5.98721,-61.8073,-0.011508,1.4926,-0.151096,27.49300000000001
1772222287594385691,2026-02-27 14:58:07.594,-28.0828,-6.1822,-61.879,-0.019389,1.4904,-0.146692,27.494
1772222287595497702,2026-02-27 14:58:07.595,-28.104,-6.2532,-60.8411,-0.025191,1.48681,-0.153263,27.495000000000005
1772222287596631228,2026-02-27 14:58:07.596,-28.1008,-6.34633,-60.9613,-0.03017,1.48239,-0.147653,27.49600000000001
1772222287597788861,2026-02-27 14:58:07.597,-28.0696,-6.42192,-61.0428,-0.034296,1.47699,-0.144772,27.497
1772222287598971656,2026-02-27 14:58:07.598,-27.9169,-6.48124,-61.6502,-0.032134,1.47121,-0.135484,27.498000000000005
1772222287600152555,2026-02-27 14:58:07.600,-27.7899,-6.50542,-61.9043,-0.035551,1.46195,-0.12774,27.5
1772222287601326507,2026-02-27 14:58:07.601,-27.6477,-6.57443,-61.8626,-0.039788,1.45286,-0.124798,27.501000000000005
1772222287602476888,2026-02-27 14:58:07.602,-27.4961,-6.64762,-61.758,-0.044815,1.43297,-0.116131,27.50200000000001
1772222287603610363,2026-02-27 14:58:07.603,-27.3294,-6.70747,-62.1752,-0.04651,1.42141,-0.108235,27.503
1772222287604781728,2026-02-27 14:58:07.604,-27.1457,-6.72728,-62.4936,-0.049151,1.40904,-0.103057,27.504000000000005
1772222287605963032,2026-02-27 14:58:07.605,-27.0177,-6.73691,-62.192,-0.050014,1.39829,-0.102399,27.50500000000001
1772222287607142618,2026-02-27 14:58:07.607,-26.8034,-6.77904,-61.6682,-0.051881,1.38551,-0.104453,27.507000000000005
1772222287608322543,2026-02-27 14:58:07.608,-26.6973,-6.80992,-61.2024,-0.056096,1.37419,-0.107397,27.50800000000001
1772222287609505040,2026-02-27 14:58:07.609,-26.3093,-6.83701,-60.8479,-0.049907,1.35114,-0.107817,27.509
1772222287610636714,2026-02-27 14:58:07.610,-26.1332,-6.87527,-60.7073,-0.050591,1.34097,-0.107296,27.510000000000005
1772222287611793360,2026-02-27 14:58:07.611,-25.9824,-6.91521,-60.3975,-0.054205,1.33008,-0.108001,27.51100000000001
1772222287612972640,2026-02-27 14:58:07.612,-25.8612,-6.96096,-59.3434,-0.049234,1.32058,-0.116238,27.512
1772222287614151162,2026-02-27 14:58:07.614,-25.641,-6.97086,-59.599,-0.05433,1.30917,-0.11132,27.51400000000001
1772222287615274295,2026-02-27 14:58:07.615,-25.469,-6.97133,-59.521,-0.05348,1.29791,-0.110548,27.515
1772222287616479290,2026-02-27 14:58:07.616,-25.1886,-6.94931,-59.964,-0.052882,1.27658,-0.101638,27.516000000000005
1772222287617609513,2026-02-27 14:58:07.617,-24.972,-6.94482,-59.7805,-0.052227,1.26633,-0.101278,27.51700000000001
1772222287618766476,2026-02-27 14:58:07.618,-24.8355,-6.94189,-59.6579,-0.049117,1.25545,-0.101058,27.518
1772222287619963792,2026-02-27 14:58:07.619,-24.6311,-6.94493,-59.6198,-0.048889,1.24435,-0.100344,27.519000000000005
1772222287621161558,2026-02-27 14:58:07.621,-24.4655,-6.97018,-60.3993,-0.047515,1.23378,-0.089802,27.521
1772222287622334015,2026-02-27 14:58:07.622,-24.2883,-6.94255,-60.0117,-0.04409,1.2226,-0.092639,27.522000000000006
1772222287623540806,2026-02-27 14:58:07.623,-23.9113,-6.91734,-59.0707,-0.042617,1.20015,-0.0958,27.52300000000001
1772222287624670892,2026-02-27 14:58:07.624,-23.6743,-6.89229,-58.6654,-0.039447,1.18949,-0.098035,27.524
1772222287625819269,2026-02-27 14:58:07.625,-23.5876,-6.86038,-58.3614,-0.035863,1.17841,-0.097659,27.525000000000006
1772222287626999774,2026-02-27 14:58:07.627,-23.4345,-6.81756,-58.1765,-0.033739,1.16749,-0.097627,27.527
1772222287628183548,2026-02-27 14:58:07.628,-23.2614,-6.80544,-57.9708,-0.033084,1.15795,-0.097663,27.528000000000006
1772222287629354786,2026-02-27 14:58:07.629,-23.0737,-6.73857,-56.9738,-0.025664,1.1479,-0.103072,27.52900000000001
1772222287630546434,2026-02-27 14:58:07.630,-22.8342,-6.6099,-56.3588,-0.016276,1.13393,-0.102821,27.53
1772222287631678175,2026-02-27 14:58:07.631,-22.7556,-6.54711,-56.6076,-0.00838,1.12962,-0.098467,27.531000000000006
1772222287632833882,2026-02-27 14:58:07.632,-22.6239,-6.45013,-56.656,-0.005336,1.12549,-0.093691,27.53200000000001
1772222287634013909,2026-02-27 14:58:07.634,-22.5421,-6.3788,-56.3265,-0.000784,1.12291,-0.09381,27.534000000000006
1772222287635194094,2026-02-27 14:58:07.635,-22.4708,-6.23584,-56.0639,0.00877,1.12155,-0.092767,27.53500000000001
1772222287636378046,2026-02-27 14:58:07.636,-22.4662,-6.09009,-55.7917,0.016978,1.12187,-0.09344,27.536
1772222287637551613,2026-02-27 14:58:07.637,-22.4317,-5.942,-56.1525,0.027285,1.12335,-0.0842,27.537000000000006
1772222287638695193,2026-02-27 14:58:07.638,-22.3459,-5.79957,-55.3858,0.036705,1.12546,-0.088495,27.53800000000001
1772222287639913576,2026-02-27 14:58:07.639,-22.3472,-5.70067,-55.0684,0.046869,1.12587,-0.089767,27.539
1772222287641114201,2026-02-27 14:58:07.641,-22.291,-5.59047,-54.3456,0.056333,1.12795,-0.093659,27.54100000000001
1772222287642317480,2026-02-27 14:58:07.642,-22.2485,-5.45276,-53.8132,0.060402,1.12863,-0.09687,27.542
1772222287643511874,2026-02-27 14:58:07.643,-22.27,-5.31152,-53.6235,0.0747,1.13146,-0.09706,27.543000000000006
1772222287644645569,2026-02-27 14:58:07.644,-22.1787,-5.01708,-53.147,0.10003,1.13144,-0.099788,27.54400000000001
1772222287645831270,2026-02-27 14:58:07.645,-22.1963,-4.89781,-51.8473,0.10639,1.13139,-0.111464,27.545
1772222287647033195,2026-02-27 14:58:07.647,-22.1154,-4.71076,-51.9716,0.121721,1.13126,-0.110086,27.54700000000001
1772222287648234062,2026-02-27 14:58:07.648,-22.1152,-4.61007,-51.7304,0.125728,1.12974,-0.112568,27.548000000000002
1772222287649428910,2026-02-27 14:58:07.649,-21.9579,-4.42811,-52.1575,0.140064,1.12662,-0.108388,27.549000000000007
1772222287650555014,2026-02-27 14:58:07.650,-21.7749,-4.16093,-52.0331,0.162935,1.1216,-0.107083,27.55000000000001
1772222287651690305,2026-02-27 14:58:07.651,-21.6807,-4.0765,-51.8525,0.174729,1.11685,-0.109022,27.551000000000002
1772222287652867926,2026-02-27 14:58:07.652,-21.6058,-3.94667,-51.767,0.18287,1.11205,-0.109132,27.552000000000007
1772222287654075269,2026-02-27 14:58:07.654,-21.5008,-3.81134,-52.396,0.193478,1.10592,-0.102529,27.554000000000002
1772222287655274336,2026-02-27 14:58:07.655,-21.3252,-3.70548,-52.5149,0.203836,1.10051,-0.102125,27.555000000000007
1772222287656479553,2026-02-27 14:58:07.656,-21.2435,-3.60912,-52.297,0.212759,1.09268,-0.103831,27.55600000000001
1772222287657612874,2026-02-27 14:58:07.657,-20.9713,-3.42813,-51.4042,0.22464,1.07345,-0.11183,27.557000000000002
1772222287658773386,2026-02-27 14:58:07.658,-20.7854,-3.42063,-51.1432,0.236341,1.06195,-0.113506,27.558000000000007
1772222287659972570,2026-02-27 14:58:07.659,-20.5375,-3.33073,-51.036,0.241836,1.04938,-0.113664,27.55900000000001
1772222287661172310,2026-02-27 14:58:07.661,-20.3248,-3.28517,-50.9819,0.249574,1.03578,-0.115073,27.561000000000007
1772222287662372633,2026-02-27 14:58:07.662,-20.0383,-3.19637,-50.7004,0.260019,1.01949,-0.116707,27.562000000000012
1772222287663620020,2026-02-27 14:58:07.663,-19.74,-3.14839,-49.8964,0.268076,1.00131,-0.123656,27.563000000000002
1772222287664799687,2026-02-27 14:58:07.664,-19.0593,-3.01595,-50.4758,0.284288,0.960697,-0.120568,27.564000000000007
1772222287665999371,2026-02-27 14:58:07.665,-18.6547,-2.95198,-50.9616,0.290951,0.939699,-0.116947,27.565000000000012
1772222287667198901,2026-02-27 14:58:07.667,-18.3431,-2.89608,-51.1963,0.295839,0.915349,-0.114834,27.567000000000007
1772222287668398008,2026-02-27 14:58:07.668,-17.9741,-2.84218,-51.1779,0.299884,0.891142,-0.113918,27.568000000000012
1772222287669563591,2026-02-27 14:58:07.669,-17.5664,-2.85617,-51.1509,0.304495,0.863648,-0.114276,27.569000000000003
1772222287670693591,2026-02-27 14:58:07.670,-16.7304,-2.8375,-52.4304,0.311714,0.808453,-0.101015,27.570000000000007
1772222287671868478,2026-02-27 14:58:07.671,-16.2555,-2.83359,-52.0237,0.313363,0.774772,-0.103512,27.571000000000012
1772222287673041583,2026-02-27 14:58:07.673,-15.8565,-2.73583,-52.0433,0.318651,0.743674,-0.099917,27.573000000000008
1772222287674240018,2026-02-27 14:58:07.674,-15.3547,-2.76608,-51.5029,0.314595,0.710848,-0.101225,27.574000000000012
1772222287675437358,2026-02-27 14:58:07.675,-14.8563,-2.78238,-51.3487,0.317079,0.682158,-0.102233,27.575000000000003
1772222287676550436,2026-02-27 14:58:07.676,-14.4454,-2.74556,-51.1886,0.317079,0.642364,-0.098561,27.576000000000008
1772222287677680672,2026-02-27 14:58:07.677,-12.7644,-2.4807,-49.2265,0.286717,0.519699,-0.074454,27.577000000000012
1772222287678852389,2026-02-27 14:58:07.678,-12.0135,-2.51383,-48.5027,0.300697,0.531142,-0.09168,27.578000000000003
1772222287680023472,2026-02-27 14:58:07.680,-11.5083,-2.57974,-49.6926,0.300419,0.513524,-0.092617,27.580000000000013
1772222287681293390,2026-02-27 14:58:07.681,-11.5027,-2.69907,-50.6314,0.313348,0.482523,-0.098876,27.581000000000003
1772222287682488261,2026-02-27 14:58:07.682,-11.2596,-2.9157,-51.8338,0.327395,0.459448,-0.091681,27.582000000000008
1772222287683619427,2026-02-27 14:58:07.683,-10.7196,-3.3208,-53.7908,0.338976,0.416052,-0.077874,27.583000000000013
1772222287684767883,2026-02-27 14:58:07.684,-10.4548,-3.46701,-54.1375,0.33712,0.390392,-0.071543,27.584000000000003
1772222287685937916,2026-02-27 14:58:07.685,-10.2073,-3.61883,-54.5024,0.329643,0.364438,-0.062766,27.585000000000008
1772222287687109554,2026-02-27 14:58:07.687,-9.94451,-3.84734,-55.2863,0.319955,0.340483,-0.052211,27.587000000000003
1772222287688278647,2026-02-27 14:58:07.688,-9.63696,-4.06606,-56.5656,0.31355,0.316193,-0.040381,27.588000000000008
1772222287689448535,2026-02-27 14:58:07.689,-9.36775,-4.31758,-56.7357,0.3039,0.291295,-0.036537,27.589
1772222287690659184,2026-02-27 14:58:07.690,-8.86235,-4.72428,-56.9684,0.282018,0.245022,-0.029894,27.590000000000003
1772222287691808519,2026-02-27 14:58:07.691,-8.57942,-4.91761,-57.1801,0.273431,0.220477,-0.025819,27.591000000000008
1772222287692979545,2026-02-27 14:58:07.692,-8.24887,-5.09276,-57.4751,0.265684,0.198674,-0.02119,27.592
1772222287694150596,2026-02-27 14:58:07.694,-7.90875,-5.24605,-58.0014,0.259086,0.180865,-0.018426,27.59400000000001
1772222287695321242,2026-02-27 14:58:07.695,-7.69038,-5.4405,-58.3083,0.250089,0.160073,-0.0155,27.595
1772222287696498005,2026-02-27 14:58:07.696,-7.45615,-5.53788,-57.6141,0.243392,0.141798,-0.022219,27.596000000000004
1772222287697662890,2026-02-27 14:58:07.697,-6.94829,-5.83815,-58.565,0.229577,0.103804,-0.010958,27.59700000000001
1772222287698810843,2026-02-27 14:58:07.698,-6.62827,-5.93674,-58.8881,0.223891,0.080425,-0.001957,27.598
1772222287699984047,2026-02-27 14:58:07.699,-6.36844,-5.88646,-58.45,0.212375,0.046463,0.008255,27.599000000000004
1772222287701160946,2026-02-27 14:58:07.701,-6.03286,-5.80977,-56.7269,0.199841,0.016256,0.012235,27.601
1772222287702331646,2026-02-27 14:58:07.702,-5.20099,-5.96821,-56.2674,0.191365,-0.002898,0.024638,27.602000000000004
1772222287703517419,2026-02-27 14:58:07.703,-4.7833,-6.03072,-57.8135,0.205121,0.040787,0.00542,27.60300000000001
1772222287704681716,2026-02-27 14:58:07.704,-4.87013,-6.22424,-59.7157,0.20735,-0.007812,0.027089,27.604
1772222287705833131,2026-02-27 14:58:07.705,-4.70426,-6.4221,-60.2771,0.213409,-0.014602,0.038979,27.605000000000004
1772222287707079378,2026-02-27 14:58:07.707,-4.62785,-6.52271,-60.0368,0.216347,-0.021381,0.043021,27.607
1772222287708259934,2026-02-27 14:58:07.708,-4.57198,-6.58598,-59.9904,0.220134,-0.022189,0.048838,27.608000000000004
1772222287709472724,2026-02-27 14:58:07.709,-4.60027,-6.63505,-60.0687,0.218365,-0.021611,0.054506,27.60900000000001
1772222287710602823,2026-02-27 14:58:07.710,-4.64246,-6.68111,-60.1515,0.217898,-0.017508,0.061009,27.61
1772222287711735460,2026-02-27 14:58:07.711,-4.72306,-6.65293,-59.4612,0.202788,-0.017496,0.063484,27.611000000000004
1772222287712909351,2026-02-27 14:58:07.712,-4.70897,-6.57037,-59.0844,0.204172,-0.013338,0.058996,27.61200000000001
1772222287714108881,2026-02-27 14:58:07.714,-4.82029,-6.51416,-58.9305,0.191727,-0.018822,0.05921,27.614000000000004
1772222287715308406,2026-02-27 14:58:07.715,-4.70837,-6.51056,-58.7449,0.201953,-0.020134,0.062902,27.61500000000001
1772222287716517698,2026-02-27 14:58:07.716,-4.65017,-6.385,-59.2927,0.205488,-0.01501,0.059856,27.616
1772222287717647853,2026-02-27 14:58:07.717,-4.89634,-6.23107,-60.8142,0.235149,0.024955,0.051363,27.617000000000004
1772222287718820350,2026-02-27 14:58:07.718,-5.21204,-6.15601,-61.256,0.244549,0.033496,0.053332,27.61800000000001
1772222287720017426,2026-02-27 14:58:07.720,-5.40484,-6.07385,-61.9341,0.262699,0.055522,0.052096,27.620000000000005
1772222287721214285,2026-02-27 14:58:07.721,-5.71093,-6.07972,-63.6731,0.270673,0.073682,0.059534,27.62100000000001
1772222287722410611,2026-02-27 14:58:07.722,-6.17721,-5.92828,-63.8453,0.285831,0.098583,0.051617,27.622
1772222287723535368,2026-02-27 14:58:07.723,-6.63581,-5.92401,-64.2223,0.295304,0.120316,0.049838,27.623000000000005
1772222287724666217,2026-02-27 14:58:07.724,-7.60256,-5.81633,-64.2953,0.306388,0.168453,0.034969,27.62400000000001
1772222287725823695,2026-02-27 14:58:07.725,-8.0601,-5.67174,-64.7012,0.314975,0.195036,0.028246,27.625
1772222287727022811,2026-02-27 14:58:07.727,-8.43745,-5.50113,-64.9213,0.317383,0.216622,0.020899,27.62700000000001
1772222287728208477,2026-02-27 14:58:07.728,-8.87953,-5.42419,-64.9523,0.318719,0.237191,0.015557,27.628
1772222287729405109,2026-02-27 14:58:07.729,-9.29571,-5.23734,-64.1493,0.325704,0.258996,-0.001782,27.629000000000005
1772222287730557400,2026-02-27 14:58:07.730,-9.67922,-5.06413,-64.4189,0.336533,0.281936,-0.007287,27.63000000000001
1772222287731687332,2026-02-27 14:58:07.731,-10.3835,-4.66473,-65.1154,0.350834,0.323451,-0.019547,27.631
1772222287732837197,2026-02-27 14:58:07.732,-10.7949,-4.43834,-65.4181,0.354162,0.344212,-0.023654,27.632000000000005
1772222287734038167,2026-02-27 14:58:07.734,-11.0982,-4.26119,-65.3882,0.360016,0.365138,-0.031461,27.634
1772222287735236055,2026-02-27 14:58:07.735,-11.5099,-4.00458,-65.2914,0.367906,0.386335,-0.040368,27.635000000000005
1772222287736432488,2026-02-27 14:58:07.736,-11.8694,-3.77813,-65.2605,0.378562,0.407612,-0.048234,27.63600000000001
1772222287737553843,2026-02-27 14:58:07.737,-12.2594,-3.58063,-65.624,0.379767,0.428239,-0.052445,27.637
1772222287738688636,2026-02-27 14:58:07.738,-12.8364,-3.15473,-65.518,0.400772,0.466458,-0.068403,27.638000000000005
1772222287739845493,2026-02-27 14:58:07.739,-13.1468,-2.95788,-64.8835,0.411131,0.485907,-0.081298,27.63900000000001
1772222287741044103,2026-02-27 14:58:07.741,-13.4589,-2.74025,-64.3363,0.416082,0.503458,-0.093674,27.641000000000005
1772222287742245090,2026-02-27 14:58:07.742,-13.7159,-2.54835,-63.5985,0.418046,0.527348,-0.103797,27.64200000000001
1772222287743442591,2026-02-27 14:58:07.743,-13.8695,-2.37522,-63.4709,0.437579,0.527204,-0.107192,27.643
1772222287744561661,2026-02-27 14:58:07.744,-14.022,-2.22054,-63.1209,0.450298,0.537357,-0.113547,27.644000000000005
1772222287745693157,2026-02-27 14:58:07.745,-14.1072,-1.94177,-62.616,0.45393,0.548804,-0.11893,27.64500000000001
1772222287746851717,2026-02-27 14:58:07.746,-14.2823,-1.48435,-61.2117,0.460252,0.572503,-0.130843,27.646
1772222287748054670,2026-02-27 14:58:07.748,-14.4071,-1.28294,-60.72,0.461643,0.584757,-0.134389,27.64800000000001
1772222287749252186,2026-02-27 14:58:07.749,-14.4981,-1.1473,-60.7609,0.463789,0.596329,-0.1342,27.649
1772222287750465505,2026-02-27 14:58:07.750,-14.6375,-0.96768,-60.5026,0.471434,0.607741,-0.136027,27.650000000000006
1772222287751560126,2026-02-27 14:58:07.751,-14.7653,-0.846372,-60.0701,0.473881,0.619289,-0.139829,27.65100000000001
1772222287752688806,2026-02-27 14:58:07.752,-14.9458,-0.691197,-59.7834,0.474177,0.629244,-0.14347,27.652
1772222287753839357,2026-02-27 14:58:07.753,-15.116,-0.421167,-60.219,0.485489,0.650619,-0.138422,27.653000000000006
1772222287755037461,2026-02-27 14:58:07.755,-15.2637,-0.334388,-59.7966,0.488975,0.659539,-0.143885,27.655
1772222287756239292,2026-02-27 14:58:07.756,-15.5346,-0.228586,-59.6931,0.492347,0.671735,-0.147572,27.656000000000006
1772222287757364433,2026-02-27 14:58:07.757,-15.5711,-0.09503,-58.9722,0.503539,0.682731,-0.154272,27.65700000000001
1772222287758561738,2026-02-27 14:58:07.758,-15.6885,0.023752,-58.5911,0.507283,0.691864,-0.159542,27.658
1772222287759693382,2026-02-27 14:58:07.759,-15.8569,0.076451,-58.5155,0.513967,0.699878,-0.161705,27.659000000000006
1772222287760859014,2026-02-27 14:58:07.760,-16.0977,0.210952,-58.5146,0.525037,0.71496,-0.164691,27.66000000000001
1772222287762056428,2026-02-27 14:58:07.762,-16.1906,0.267093,-57.8544,0.527801,0.721882,-0.172192,27.662000000000006
1772222287763260287,2026-02-27 14:58:07.763,-16.2407,0.399913,-57.7409,0.535254,0.729521,-0.176685,27.66300000000001
1772222287764469812,2026-02-27 14:58:07.764,-16.3766,0.406179,-58.1146,0.536347,0.735145,-0.175803,27.664
1772222287765577258,2026-02-27 14:58:07.765,-16.4953,0.387693,-58.8331,0.538173,0.740825,-0.171916,27.665000000000006
1772222287766707917,2026-02-27 14:58:07.766,-16.6218,0.375101,-59.4447,0.536158,0.74513,-0.169091,27.66600000000001
1772222287767859538,2026-02-27 14:58:07.767,-16.8645,0.318746,-60.1943,0.534062,0.756941,-0.170258,27.667
1772222287769060161,2026-02-27 14:58:07.769,-16.9073,0.2891,-60.4816,0.537655,0.76098,-0.169753,27.66900000000001
1772222287770260748,2026-02-27 14:58:07.770,-17.0559,0.25527,-61.0642,0.53873,0.765701,-0.168133,27.67
1772222287771474443,2026-02-27 14:58:07.771,-17.1904,0.100135,-62.4264,0.532604,0.771019,-0.159702,27.671000000000006
1772222287772606464,2026-02-27 14:58:07.772,-17.3424,0.013876,-62.5437,0.527956,0.77635,-0.164176,27.67200000000001
1772222287773752779,2026-02-27 14:58:07.773,-17.4552,-0.074324,-62.8637,0.530405,0.78007,-0.165195,27.673000000000002
1772222287774922300,2026-02-27 14:58:07.774,-17.7872,-0.228895,-63.4038,0.527588,0.791207,-0.17074,27.674000000000007
1772222287776117473,2026-02-27 14:58:07.776,-17.9164,-0.278311,-63.935,0.5283,0.798259,-0.170649,27.676000000000002
1772222287777315705,2026-02-27 14:58:07.777,-18.0423,-0.3795,-64.604,0.528975,0.805414,-0.171308,27.677000000000007
1772222287778528792,2026-02-27 14:58:07.778,-18.3239,-0.570148,-65.172,0.519402,0.81057,-0.172911,27.67800000000001
1772222287779657971,2026-02-27 14:58:07.779,-18.3755,-0.586456,-64.7576,0.525619,0.816624,-0.183088,27.679000000000002
1772222287780808035,2026-02-27 14:58:07.780,-18.505,-0.645271,-65.6798,0.520948,0.820418,-0.179651,27.680000000000007
1772222287781981258,2026-02-27 14:58:07.781,-18.7113,-0.961217,-67.5091,0.514243,0.828376,-0.17478,27.68100000000001
1772222287783181868,2026-02-27 14:58:07.783,-18.7572,-1.01672,-68.4835,0.517182,0.830782,-0.172092,27.683000000000007
1772222287784381195,2026-02-27 14:58:07.784,-18.8192,-1.14713,-69.043,0.51155,0.832411,-0.171083,27.68400000000001
1772222287785559216,2026-02-27 14:58:07.785,-18.8793,-1.27535,-69.7426,0.511101,0.832365,-0.170232,27.685000000000002
1772222287786689928,2026-02-27 14:58:07.786,-18.9351,-1.33987,-70.2792,0.507879,0.832064,-0.169526,27.686000000000007
1772222287787849907,2026-02-27 14:58:07.787,-19.0242,-1.4478,-71.6546,0.505057,0.83262,-0.16203,27.687000000000012
1772222287789021491,2026-02-27 14:58:07.789,-19.0631,-1.6821,-72.9279,0.499257,0.829792,-0.160995,27.689000000000007
1772222287790223623,2026-02-27 14:58:07.790,-19.088,-1.71342,-72.9889,0.497404,0.826716,-0.164442,27.690000000000012
1772222287791516474,2026-02-27 14:58:07.791,-19.12,-1.88681,-73.2632,0.492553,0.822044,-0.166624,27.691000000000003
1772222287792645720,2026-02-27 14:58:07.792,-19.0492,-1.95512,-73.6097,0.488871,0.8185,-0.166703,27.692000000000007
1772222287793799744,2026-02-27 14:58:07.793,-18.9952,-2.0752,-74.0817,0.485092,0.812136,-0.166403,27.693000000000012
1772222287794974368,2026-02-27 14:58:07.794,-18.8704,-2.32566,-74.6108,0.473348,0.798372,-0.167156,27.694000000000003
1772222287796173361,2026-02-27 14:58:07.796,-18.8198,-2.43107,-74.1538,0.470529,0.791513,-0.17186,27.696000000000012
1772222287797371365,2026-02-27 14:58:07.797,-18.7037,-2.54863,-74.8818,0.464792,0.782879,-0.166616,27.697000000000003
1772222287798570549,2026-02-27 14:58:07.798,-18.6689,-2.68753,-75.3576,0.454955,0.774882,-0.163002,27.698000000000008
1772222287799699426,2026-02-27 14:58:07.799,-18.4914,-2.80468,-76.0949,0.452525,0.76456,-0.155995,27.699000000000012
1772222287800858913,2026-02-27 14:58:07.800,-18.411,-2.9191,-76.373,0.446223,0.75499,-0.154323,27.700000000000003
1772222287802031221,2026-02-27 14:58:07.802,-18.1369,-3.16239,-76.6851,0.432417,0.733854,-0.1507,27.702000000000012
1772222287803229490,2026-02-27 14:58:07.803,-17.9728,-3.30865,-76.7611,0.425718,0.723417,-0.14855,27.703000000000003
1772222287804429490,2026-02-27 14:58:07.804,-17.8447,-3.3949,-78.1008,0.417754,0.71394,-0.137046,27.704000000000008
1772222287805569039,2026-02-27 14:58:07.805,-17.6571,-3.50893,-77.7342,0.41211,0.704056,-0.140187,27.705000000000013
1772222287806775584,2026-02-27 14:58:07.806,-17.6002,-3.62743,-77.731,0.406755,0.694778,-0.137907,27.706000000000003
1772222287807949863,2026-02-27 14:58:07.807,-17.4902,-3.69787,-77.2225,0.401971,0.685868,-0.141112,27.707000000000008
1772222287809085748,2026-02-27 14:58:07.809,-17.2794,-3.86591,-76.9586,0.389737,0.670368,-0.141417,27.709000000000003
1772222287810288069,2026-02-27 14:58:07.810,-17.1472,-3.93067,-76.9062,0.384569,0.661959,-0.1402,27.710000000000008
1772222287811493235,2026-02-27 14:58:07.811,-17.0281,-4.0233,-76.7642,0.378902,0.654561,-0.140248,27.711000000000013
1772222287812623913,2026-02-27 14:58:07.812,-16.9067,-4.08786,-75.8621,0.374301,0.646667,-0.147523,27.712000000000003
1772222287813808415,2026-02-27 14:58:07.813,-16.7458,-4.17137,-75.7408,0.369727,0.639144,-0.147363,27.713000000000008
1772222287814979260,2026-02-27 14:58:07.814,-16.4881,-4.32921,-76.0706,0.358739,0.623372,-0.140724,27.714
1772222287816115517,2026-02-27 14:58:07.816,-16.2942,-4.37618,-76.3369,0.353699,0.613435,-0.137333,27.716000000000008
1772222287817321339,2026-02-27 14:58:07.817,-16.1739,-4.50257,-76.0923,0.346519,0.60562,-0.137583,27.717
1772222287818532328,2026-02-27 14:58:07.818,-16.0133,-4.5666,-75.9744,0.34109,0.596429,-0.136981,27.718000000000004
1772222287819665308,2026-02-27 14:58:07.819,-15.8642,-4.59443,-75.7252,0.33497,0.589106,-0.137817,27.71900000000001
1772222287820845939,2026-02-27 14:58:07.820,-15.6957,-4.66271,-75.7822,0.327526,0.580318,-0.135443,27.72
1772222287822022548,2026-02-27 14:58:07.822,-15.4569,-4.82788,-75.8412,0.311694,0.564193,-0.133229,27.72200000000001
1772222287823165225,2026-02-27 14:58:07.823,-15.2838,-4.8198,-75.3546,0.311758,0.55616,-0.135711,27.723
1772222287824344503,2026-02-27 14:58:07.824,-15.1417,-4.87821,-74.7382,0.306166,0.548388,-0.139757,27.724000000000004
1772222287825568570,2026-02-27 14:58:07.825,-15.0203,-4.8906,-74.2748,0.303736,0.540965,-0.14208,27.72500000000001
1772222287826699361,2026-02-27 14:58:07.826,-15.0093,-4.93979,-74.1314,0.295628,0.535643,-0.142765,27.726
1772222287827880358,2026-02-27 14:58:07.827,-14.8469,-4.92785,-73.8408,0.296305,0.530009,-0.143234,27.727000000000004
1772222287829059484,2026-02-27 14:58:07.829,-14.6547,-4.90347,-72.0762,0.287096,0.520794,-0.1548,27.729
1772222287830254741,2026-02-27 14:58:07.830,-14.6494,-4.85215,-72.1633,0.283485,0.518654,-0.151022,27.730000000000004
1772222287831471965,2026-02-27 14:58:07.831,-14.545,-4.82613,-71.9151,0.279632,0.515135,-0.1516,27.73100000000001
1772222287832601915,2026-02-27 14:58:07.832,-14.5776,-4.82121,-72.1663,0.275626,0.514765,-0.147737,27.732
1772222287833736058,2026-02-27 14:58:07.833,-14.4525,-4.77415,-72.1345,0.276757,0.512362,-0.145997,27.733000000000004
1772222287834867419,2026-02-27 14:58:07.834,-14.4086,-4.66895,-71.6892,0.27372,0.512624,-0.145573,27.73400000000001
1772222287836039511,2026-02-27 14:58:07.836,-14.3961,-4.65966,-71.3376,0.271593,0.511601,-0.146478,27.736000000000004
1772222287837218773,2026-02-27 14:58:07.837,-14.329,-4.48186,-71.5909,0.269208,0.512855,-0.138725,27.73700000000001
1772222287838417884,2026-02-27 14:58:07.838,-14.3025,-4.4346,-71.2004,0.268351,0.514246,-0.139178,27.738
1772222287839560018,2026-02-27 14:58:07.839,-14.325,-4.36013,-70.7495,0.269243,0.516554,-0.139533,27.739000000000004
1772222287840688986,2026-02-27 14:58:07.840,-14.3056,-4.24518,-69.7406,0.267701,0.517653,-0.144313,27.74000000000001
1772222287841866286,2026-02-27 14:58:07.841,-14.3294,-4.1883,-69.027,0.267902,0.519922,-0.147536,27.741
1772222287843039140,2026-02-27 14:58:07.843,-14.3421,-4.05388,-68.4917,0.270541,0.522578,-0.148212,27.74300000000001
1772222287844218335,2026-02-27 14:58:07.844,-14.4723,-3.74692,-67.6582,0.274913,0.533188,-0.147791,27.744
1772222287845415251,2026-02-27 14:58:07.845,-14.5182,-3.62017,-66.6693,0.273708,0.540722,-0.152628,27.745000000000005
1772222287846566491,2026-02-27 14:58:07.846,-14.593,-3.4915,-65.6705,0.277681,0.547168,-0.158813,27.74600000000001
1772222287847697470,2026-02-27 14:58:07.847,-14.7207,-3.33107,-65.4119,0.277653,0.556578,-0.154806,27.747
1772222287848874376,2026-02-27 14:58:07.848,-14.8537,-3.18583,-65.3021,0.276552,0.56701,-0.153061,27.748000000000005
1772222287850059579,2026-02-27 14:58:07.850,-14.8978,-2.96002,-65.2554,0.287479,0.57832,-0.15005,27.75
1772222287851243834,2026-02-27 14:58:07.851,-15.1954,-2.67746,-64.1476,0.287996,0.602652,-0.15139,27.751000000000005
1772222287852441599,2026-02-27 14:58:07.852,-15.3156,-2.52906,-63.6493,0.292569,0.615657,-0.15256,27.75200000000001
1772222287853571507,2026-02-27 14:58:07.853,-15.4789,-2.42058,-63.0728,0.295182,0.627613,-0.153495,27.753
1772222287854700210,2026-02-27 14:58:07.854,-15.5373,-2.2367,-63.6774,0.299134,0.641557,-0.144636,27.754000000000005
1772222287855875163,2026-02-27 14:58:07.855,-15.721,-2.13582,-62.6446,0.301799,0.65358,-0.150011,27.75500000000001
1772222287857052989,2026-02-27 14:58:07.857,-15.8406,-1.98767,-62.0452,0.305086,0.666219,-0.151146,27.757000000000005
1772222287858234382,2026-02-27 14:58:07.858,-16.1369,-1.72398,-60.3088,0.312462,0.689265,-0.157969,27.75800000000001
1772222287859434185,2026-02-27 14:58:07.859,-16.3166,-1.63787,-59.7072,0.3087,0.700525,-0.156881,27.759
1772222287860585368,2026-02-27 14:58:07.860,-16.4064,-1.48711,-59.1204,0.310389,0.711275,-0.156121,27.760000000000005
1772222287861717526,2026-02-27 14:58:07.861,-16.4662,-1.40193,-58.5305,0.311022,0.720577,-0.155841,27.76100000000001
1772222287862893398,2026-02-27 14:58:07.862,-16.6566,-1.27946,-57.0449,0.307128,0.729926,-0.165534,27.762
1772222287864077228,2026-02-27 14:58:07.864,-16.6553,-1.16212,-56.6663,0.308346,0.739044,-0.163878,27.76400000000001
1772222287865262268,2026-02-27 14:58:07.865,-16.8174,-0.959749,-56.1717,0.300498,0.755297,-0.158897,27.765
1772222287866474425,2026-02-27 14:58:07.866,-16.8898,-0.849415,-56.1121,0.298567,0.765649,-0.15554,27.766000000000005
1772222287867608758,2026-02-27 14:58:07.867,-17.0373,-0.762138,-55.7457,0.29516,0.77497,-0.155844,27.76700000000001
1772222287868738655,2026-02-27 14:58:07.868,-17.0902,-0.725326,-55.2899,0.286326,0.78098,-0.154322,27.768
1772222287869912524,2026-02-27 14:58:07.869,-17.0843,-0.557867,-54.7482,0.288194,0.78838,-0.149522,27.769000000000005
1772222287871085202,2026-02-27 14:58:07.871,-17.1572,-0.487642,-54.8656,0.283265,0.793796,-0.141147,27.771
1772222287872275723,2026-02-27 14:58:07.872,-17.2566,-0.329989,-54.2052,0.279012,0.805181,-0.130006,27.772000000000006
1772222287873475645,2026-02-27 14:58:07.873,-17.3328,-0.256932,-53.4404,0.27432,0.806652,-0.128981,27.77300000000001
1772222287874575288,2026-02-27 14:58:07.874,-17.3539,-0.166175,-52.6284,0.270133,0.808309,-0.125594,27.774
1772222287875705631,2026-02-27 14:58:07.875,-17.3192,-0.113285,-52.1509,0.26604,0.814342,-0.120585,27.775000000000006
1772222287876903355,2026-02-27 14:58:07.876,-17.3907,-0.003068,-52.0266,0.263152,0.824129,-0.117845,27.77600000000001
1772222287878088635,2026-02-27 14:58:07.878,-17.5625,0.039499,-51.8213,0.255749,0.829278,-0.115707,27.778000000000006
1772222287879270940,2026-02-27 14:58:07.879,-17.8077,0.08088,-50.5644,0.250887,0.847975,-0.124631,27.77900000000001
1772222287880478656,2026-02-27 14:58:07.880,-17.9853,0.09015,-50.8939,0.245071,0.857366,-0.118347,27.78
1772222287881570685,2026-02-27 14:58:07.881,-18.126,0.162249,-50.8362,0.244704,0.864653,-0.114895,27.781000000000006
1772222287882699868,2026-02-27 14:58:07.882,-18.2304,0.119324,-51.1579,0.241507,0.869709,-0.106421,27.78200000000001
1772222287883881641,2026-02-27 14:58:07.883,-18.2672,0.139171,-51.4967,0.241202,0.883313,-0.101019,27.783
1772222287885060403,2026-02-27 14:58:07.885,-18.4595,0.157015,-51.3822,0.231954,0.891132,-0.097516,27.78500000000001
1772222287886233654,2026-02-27 14:58:07.886,-18.7707,0.20931,-51.8108,0.229247,0.912425,-0.094718,27.786
1772222287887429267,2026-02-27 14:58:07.887,-18.9577,0.17708,-53.0129,0.221296,0.922964,-0.0828,27.787000000000006
1772222287888575981,2026-02-27 14:58:07.888,-19.1782,0.210563,-52.9701,0.213791,0.930776,-0.083974,27.78800000000001
1772222287889707490,2026-02-27 14:58:07.889,-19.3349,0.18978,-53.0994,0.215975,0.940285,-0.079792,27.789
1772222287890857829,2026-02-27 14:58:07.890,-19.4816,0.205176,-52.7651,0.214372,0.952698,-0.08123,27.790000000000006
1772222287892058728,2026-02-27 14:58:07.892,-19.7227,0.227154,-52.7434,0.211639,0.965308,-0.081955,27.792
1772222287893242534,2026-02-27 14:58:07.893,-20.0976,0.241018,-53.0619,0.205581,0.982288,-0.074601,27.793000000000006
1772222287894435584,2026-02-27 14:58:07.894,-20.3063,0.264545,-53.3516,0.196632,0.993545,-0.071567,27.79400000000001
1772222287895573366,2026-02-27 14:58:07.895,-20.4844,0.252485,-52.9403,0.194176,1.0027,-0.075705,27.795
1772222287896703791,2026-02-27 14:58:07.896,-20.6291,0.319744,-52.9191,0.193512,1.01404,-0.075972,27.796000000000006
1772222287897880890,2026-02-27 14:58:07.897,-20.8373,0.280704,-53.427,0.190587,1.02313,-0.073575,27.79700000000001
1772222287899079030,2026-02-27 14:58:07.899,-20.9915,0.228003,-54.162,0.190157,1.03254,-0.067236,27.799000000000007
1772222287900256433,2026-02-27 14:58:07.900,-21.3603,0.151672,-55.1801,0.178556,1.05285,-0.062194,27.80000000000001
1772222287901559711,2026-02-27 14:58:07.901,-21.4947,0.099923,-55.4003,0.174776,1.06232,-0.063129,27.801000000000002
1772222287902690686,2026-02-27 14:58:07.902,-21.6012,0.000651,-55.6202,0.170703,1.07037,-0.06409,27.802000000000007
1772222287903892469,2026-02-27 14:58:07.903,-21.7806,-0.019161,-55.8879,0.164727,1.07703,-0.061167,27.80300000000001
1772222287905091463,2026-02-27 14:58:07.905,-21.9042,-0.13304,-57.0939,0.159242,1.08365,-0.051572,27.805000000000007
1772222287906269597,2026-02-27 14:58:07.906,-22.0675,-0.202463,-56.7527,0.150865,1.0922,-0.054622,27.80600000000001
1772222287907487188,2026-02-27 14:58:07.907,-22.161,-0.273196,-56.4503,0.142236,1.09661,-0.057891,27.807000000000002
1772222287908617490,2026-02-27 14:58:07.908,-22.183,-0.347012,-56.3017,0.139144,1.09826,-0.058995,27.808000000000007
1772222287909796531,2026-02-27 14:58:07.909,-22.1774,-0.36797,-56.233,0.13056,1.09881,-0.057451,27.80900000000001
1772222287910996249,2026-02-27 14:58:07.910,-22.1516,-0.451663,-56.1718,0.126142,1.09975,-0.057584,27.810000000000002
1772222287912170132,2026-02-27 14:58:07.912,-22.1544,-0.565346,-56.054,0.119519,1.09861,-0.057274,27.812000000000012
1772222287913357074,2026-02-27 14:58:07.913,-22.0579,-0.704913,-54.8677,0.105945,1.09445,-0.061673,27.813000000000002
1772222287914533873,2026-02-27 14:58:07.914,-22.1102,-0.789395,-54.6522,0.094589,1.09288,-0.061144,27.814000000000007
1772222287915666460,2026-02-27 14:58:07.915,-21.9914,-0.803385,-54.9406,0.093219,1.09093,-0.054116,27.815000000000012
1772222287916844587,2026-02-27 14:58:07.916,-21.917,-0.842056,-54.9823,0.090725,1.0883,-0.050798,27.816000000000003
1772222287918044020,2026-02-27 14:58:07.918,-21.7942,-0.909884,-54.6218,0.083652,1.08457,-0.049944,27.818000000000012
1772222287919217511,2026-02-27 14:58:07.919,-21.7251,-0.965961,-54.1973,0.080822,1.08285,-0.049387,27.819000000000003
1772222287920393406,2026-02-27 14:58:07.920,-21.5315,-0.989202,-54.0499,0.074016,1.0791,-0.040544,27.820000000000007
1772222287921525735,2026-02-27 14:58:07.921,-21.4104,-1.09221,-53.8516,0.064413,1.07753,-0.039884,27.821000000000012
1772222287922657351,2026-02-27 14:58:07.922,-21.3792,-1.04439,-53.229,0.063565,1.07655,-0.038467,27.822000000000003
1772222287923824295,2026-02-27 14:58:07.923,-21.39,-1.1421,-52.2665,0.060809,1.07623,-0.042522,27.823000000000008
1772222287925023601,2026-02-27 14:58:07.925,-21.2624,-1.10279,-51.5726,0.058176,1.07534,-0.04565,27.825000000000003
1772222287926195938,2026-02-27 14:58:07.926,-21.1958,-1.1105,-51.0581,0.057014,1.07519,-0.046285,27.826000000000008
1772222287927383459,2026-02-27 14:58:07.927,-21.1467,-1.14278,-50.1129,0.046928,1.07514,-0.044739,27.827000000000012
1772222287928544975,2026-02-27 14:58:07.928,-21.1085,-1.16858,-49.4056,0.044354,1.07518,-0.047003,27.828000000000003
1772222287929676977,2026-02-27 14:58:07.929,-21.0085,-1.10352,-48.103,0.04979,1.07729,-0.052418,27.829000000000008
1772222287930852773,2026-02-27 14:58:07.930,-21.052,-1.16396,-48.0739,0.048607,1.07985,-0.04756,27.830000000000013
1772222287932052659,2026-02-27 14:58:07.932,-21.0258,-1.10186,-47.8843,0.049738,1.08354,-0.045119,27.832000000000008
1772222287933236310,2026-02-27 14:58:07.933,-21.0347,-1.13337,-47.9614,0.047809,1.08689,-0.039497,27.833000000000013
1772222287934411687,2026-02-27 14:58:07.934,-21.191,-1.15763,-47.2192,0.042635,1.09629,-0.034989,27.834000000000003
1772222287935526118,2026-02-27 14:58:07.935,-21.3047,-1.17087,-46.8177,0.04149,1.10417,-0.034211,27.835000000000008
1772222287936655589,2026-02-27 14:58:07.936,-21.2968,-1.18693,-46.5574,0.045345,1.11124,-0.033038,27.836000000000013
1772222287937832758,2026-02-27 14:58:07.937,-21.4942,-1.24481,-47.3542,0.042442,1.12008,-0.02056,27.837000000000003
1772222287939030388,2026-02-27 14:58:07.939,-21.6047,-1.18197,-46.6694,0.040299,1.13016,-0.022631,27.839
1772222287940228387,2026-02-27 14:58:07.940,-21.9578,-1.24661,-45.599,0.037682,1.15251,-0.024827,27.840000000000003
1772222287941404322,2026-02-27 14:58:07.941,-22.1638,-1.32966,-45.3021,0.036287,1.165,-0.026943,27.841000000000008
1772222287942535267,2026-02-27 14:58:07.942,-22.3953,-1.31375,-45.0677,0.033211,1.17771,-0.025859,27.842
1772222287943665001,2026-02-27 14:58:07.943,-22.5995,-1.31431,-44.9526,0.037836,1.19113,-0.024716,27.843000000000004
1772222287944840495,2026-02-27 14:58:07.944,-22.8188,-1.35774,-44.8775,0.037928,1.2057,-0.023934,27.84400000000001
1772222287946040755,2026-02-27 14:58:07.946,-23.033,-1.37486,-43.9937,0.037803,1.21938,-0.031658,27.846000000000004
1772222287947224094,2026-02-27 14:58:07.947,-23.2304,-1.39726,-43.9149,0.035158,1.23332,-0.031565,27.84700000000001
1772222287948413017,2026-02-27 14:58:07.948,-23.7608,-1.45886,-44.5256,0.029685,1.26169,-0.026404,27.848
1772222287949525151,2026-02-27 14:58:07.949,-23.9533,-1.48059,-45.0167,0.034054,1.27548,-0.022847,27.849000000000004
1772222287950654466,2026-02-27 14:58:07.950,-24.1674,-1.54307,-45.1539,0.034338,1.2898,-0.023897,27.85000000000001
1772222287951854129,2026-02-27 14:58:07.951,-24.3513,-1.48711,-45.2632,0.039387,1.30204,-0.025822,27.851
1772222287953051864,2026-02-27 14:58:07.953,-24.5572,-1.51747,-45.3197,0.040228,1.31383,-0.026765,27.85300000000001
1772222287954231348,2026-02-27 14:58:07.954,-24.7858,-1.52923,-45.6705,0.044655,1.32326,-0.026242,27.854
1772222287955416632,2026-02-27 14:58:07.955,-25.1299,-1.52285,-45.9984,0.048764,1.33183,-0.029683,27.855000000000004
1772222287956537736,2026-02-27 14:58:07.956,-25.2244,-1.49108,-45.0427,0.051581,1.31163,-0.036413,27.85600000000001
1772222287957669989,2026-02-27 14:58:07.957,-25.1225,-1.40706,-40.9678,0.066319,1.17626,-0.042311,27.857
1772222287958845193,2026-02-27 14:58:07.958,-22.7793,-0.879448,-38.8854,0.078946,1.15968,-0.019913,27.858000000000004
1772222287960047589,2026-02-27 14:58:07.960,-21.8485,-0.338128,-33.2477,0.095858,0.938537,-0.018505,27.86
1772222287961246580,2026-02-27 14:58:07.961,-19.4231,0.346994,-29.7755,0.122057,0.829866,0.007856,27.861000000000004
1772222287962432229,2026-02-27 14:58:07.962,-15.1335,2.15254,-23.2583,0.121094,0.716127,0.001845,27.86200000000001
1772222287963560916,2026-02-27 14:58:07.963,-13.4718,2.79057,-23.4485,0.147289,0.673271,-0.001514,27.863
1772222287964693619,2026-02-27 14:58:07.964,-12.6107,3.33962,-18.1717,0.147611,0.493082,-0.013609,27.864000000000004
1772222287965869376,2026-02-27 14:58:07.965,-10.5525,3.69555,-16.5047,0.144274,0.394146,0.002692,27.86500000000001
1772222287967067588,2026-02-27 14:58:07.967,-7.86298,4.36926,-20.7503,0.171309,0.583961,0.012506,27.867000000000004
1772222287968263266,2026-02-27 14:58:07.968,-7.60652,4.56876,-19.061,0.140355,0.489197,-0.006763,27.86800000000001
1772222287969445961,2026-02-27 14:58:07.969,-7.66519,4.65893,-20.371,0.176743,0.454919,-0.020865,27.869
1772222287970593077,2026-02-27 14:58:07.970,-7.79742,4.34599,-21.2667,0.179015,0.452557,-0.014964,27.870000000000005
1772222287971720501,2026-02-27 14:58:07.971,-7.85805,4.00467,-17.825,0.153059,0.310686,-0.017195,27.87100000000001
1772222287972897565,2026-02-27 14:58:07.972,-7.06489,3.56205,-17.0828,0.167988,0.330197,0.004327,27.872
1772222287974094593,2026-02-27 14:58:07.974,-6.57742,3.36864,-14.2562,0.137048,0.273102,0.003358,27.87400000000001
1772222287975282972,2026-02-27 14:58:07.975,-5.84735,3.03089,-10.661,0.117069,0.195563,0.010392,27.875
1772222287976472906,2026-02-27 14:58:07.976,-3.63296,2.65543,-10.2753,0.085256,0.12389,0.019794,27.876000000000005
1772222287977611163,2026-02-27 14:58:07.977,-2.83839,2.52325,-8.87437,0.074698,0.096129,0.012118,27.87700000000001
1772222287978801278,2026-02-27 14:58:07.978,-2.11822,2.28531,-4.70102,0.065926,0.050844,0.003692,27.878
1772222287980006274,2026-02-27 14:58:07.980,2.46955,2.4362,-23.4004,0.067046,0.156923,-0.002811,27.88000000000001
1772222287981204536,2026-02-27 14:58:07.981,-0.426875,1.69889,-14.0056,0.12769,-0.015543,-0.051058,27.881
1772222287982377914,2026-02-27 14:58:07.982,0.69425,1.48953,-18.1038,0.02019,-0.020401,-0.053473,27.882000000000005
1772222287983545392,2026-02-27 14:58:07.983,1.10338,0.388195,-13.0103,0.092722,0.029729,-0.002033,27.88300000000001
1772222287984679437,2026-02-27 14:58:07.984,0.455678,0.724537,-6.46958,0.027052,-0.001459,0.001003,27.884
1772222287985839243,2026-02-27 14:58:07.985,0.726193,0.76384,-3.65932,0.009182,-0.017426,0.006983,27.885000000000005
1772222287987039389,2026-02-27 14:58:07.987,1.46562,0.65259,-3.77763,0.014004,-0.032696,0.00527,27.887
1772222287988237783,2026-02-27 14:58:07.988,2.31233,0.705429,-5.89343,0.012339,-0.08064,0.015224,27.888000000000005
1772222287989408358,2026-02-27 14:58:07.989,3.44676,0.487362,-7.59175,0.015132,-0.12076,0.006064,27.88900000000001
1772222287990546177,2026-02-27 14:58:07.990,4.78634,0.30307,-9.68677,0.03162,-0.172822,-0.000599,27.89
1772222287991673077,2026-02-27 14:58:07.991,4.85224,0.264425,-8.04675,0.025221,-0.177243,-0.002385,27.891000000000005
1772222287992869717,2026-02-27 14:58:07.992,5.25999,0.19356,-7.72784,0.023458,-0.168408,0.000128,27.89200000000001
1772222287994065959,2026-02-27 14:58:07.994,5.47821,0.117979,-7.98232,0.018784,-0.201228,0.004272,27.894000000000005
1772222287995257852,2026-02-27 14:58:07.995,5.84609,0.068329,-7.8868,0.035942,-0.190279,0.004497,27.89500000000001
1772222287996440316,2026-02-27 14:58:07.996,6.04025,0.140447,-7.35114,0.032017,-0.206324,-0.006014,27.896
1772222287997589154,2026-02-27 14:58:07.997,6.62522,0.283001,-8.34282,0.047852,-0.226777,-0.001907,27.897000000000006
1772222287998719689,2026-02-27 14:58:07.998,6.83954,0.329905,-9.64684,0.047823,-0.237478,0.004699,27.89800000000001
1772222287999891745,2026-02-27 14:58:07.999,6.95204,0.424948,-10.1008,0.055352,-0.231955,0.009638,27.899
1772222288001092159,2026-02-27 14:58:08.001,7.02594,0.490364,-10.5407,0.056121,-0.236377,0.011607,27.90100000000001
1772222288002290635,2026-02-27 14:58:08.002,7.19862,0.561865,-10.4061,0.048742,-0.240969,0.012818,27.902
1772222288003483446,2026-02-27 14:58:08.003,7.58973,0.563423,-11.4305,0.050419,-0.247936,0.014733,27.903000000000006
1772222288004624030,2026-02-27 14:58:08.004,8.05329,0.202985,-16.9755,0.105613,-0.207018,0.023934,27.90400000000001
1772222288005823476,2026-02-27 14:58:08.005,7.40234,0.334225,-17.5441,0.097605,-0.26837,0.028871,27.905
1772222288007018030,2026-02-27 14:58:08.007,7.50243,0.350096,-16.2341,0.087159,-0.286408,0.036644,27.90700000000001
1772222288008218724,2026-02-27 14:58:08.008,7.786,0.284925,-14.8857,0.081682,-0.289163,0.046088,27.908
1772222288009394809,2026-02-27 14:58:08.009,7.93408,0.188524,-14.3595,0.094497,-0.293317,0.054047,27.909000000000006
1772222288010549207,2026-02-27 14:58:08.010,8.28761,0.45423,-13.7664,0.09261,-0.309873,0.057302,27.91000000000001
1772222288011831388,2026-02-27 14:58:08.011,8.76377,0.529517,-14.6017,0.088953,-0.313193,0.048895,27.911
1772222288013033615,2026-02-27 14:58:08.013,8.98097,0.516218,-14.6526,0.106887,-0.313392,0.036299,27.91300000000001
1772222288014234482,2026-02-27 14:58:08.014,9.089,0.501516,-14.8351,0.110956,-0.332519,0.04248,27.914
1772222288015410164,2026-02-27 14:58:08.015,9.53691,0.342035,-16.1397,0.13493,-0.318868,0.051969,27.915000000000006
1772222288016564901,2026-02-27 14:58:08.016,9.30711,0.477839,-16.1622,0.156295,-0.337338,0.068051,27.91600000000001
1772222288017698496,2026-02-27 14:58:08.017,9.43406,0.613537,-14.9955,0.142144,-0.356787,0.075738,27.917
1772222288018875827,2026-02-27 14:58:08.018,9.60704,0.601746,-13.9636,0.135535,-0.36242,0.083197,27.918000000000006
1772222288020078798,2026-02-27 14:58:08.020,9.85549,0.591827,-13.0976,0.137507,-0.365367,0.088738,27.92
1772222288021278166,2026-02-27 14:58:08.021,10.0118,0.578079,-13.8109,0.141037,-0.359034,0.095917,27.921000000000006
1772222288022478853,2026-02-27 14:58:08.022,10.1577,0.561723,-13.4903,0.144818,-0.362389,0.091005,27.92200000000001
1772222288023618254,2026-02-27 14:58:08.023,10.26,0.566148,-12.7671,0.141323,-0.364283,0.083186,27.923000000000002
1772222288024807557,2026-02-27 14:58:08.024,10.2625,0.530134,-12.3358,0.137626,-0.365276,0.079282,27.924000000000007
1772222288026010331,2026-02-27 14:58:08.026,10.1594,0.534225,-12.1151,0.137547,-0.361477,0.07962,27.926000000000002
1772222288027211031,2026-02-27 14:58:08.027,10.115,0.522309,-11.7449,0.135853,-0.359449,0.078922,27.927000000000007
1772222288028410869,2026-02-27 14:58:08.028,10.0139,0.425703,-11.4659,0.128271,-0.356196,0.079301,27.92800000000001
1772222288029567444,2026-02-27 14:58:08.029,9.86049,0.342926,-10.2707,0.124304,-0.346257,0.067382,27.929000000000002
1772222288030701999,2026-02-27 14:58:08.030,9.71062,0.319055,-10.5987,0.126498,-0.337548,0.067616,27.930000000000007
1772222288031879640,2026-02-27 14:58:08.031,9.52596,0.255284,-11.134,0.123726,-0.331932,0.071094,27.93100000000001
1772222288033082250,2026-02-27 14:58:08.033,9.37505,0.192364,-11.5485,0.116795,-0.329336,0.074578,27.933000000000007
1772222288034281462,2026-02-27 14:58:08.034,9.10947,0.165798,-11.2969,0.107795,-0.330298,0.07532,27.93400000000001
1772222288035477978,2026-02-27 14:58:08.035,9.03023,0.100552,-10.9172,0.098495,-0.334412,0.07562,27.935000000000002
1772222288036614706,2026-02-27 14:58:08.036,8.96291,0.034203,-10.1,0.083715,-0.343314,0.077177,27.936000000000007
1772222288037772094,2026-02-27 14:58:08.037,9.03021,-0.038523,-10.7332,0.072334,-0.351368,0.086244,27.937000000000012
1772222288038974329,2026-02-27 14:58:08.038,9.10763,-0.090033,-9.83087,0.065434,-0.361349,0.081761,27.938000000000002
1772222288040174908,2026-02-27 14:58:08.040,9.24731,-0.060405,-9.39949,0.060689,-0.3703,0.081115,27.940000000000012
1772222288041375128,2026-02-27 14:58:08.041,9.36472,-0.021604,-8.63993,0.058026,-0.378031,0.077063,27.941000000000003
1772222288042602990,2026-02-27 14:58:08.042,9.45127,-0.031697,-8.09816,0.051677,-0.384713,0.074924,27.942000000000007
1772222288043796090,2026-02-27 14:58:08.043,9.66898,-0.002562,-7.3704,0.049301,-0.401823,0.07585,27.943000000000012
1772222288045000912,2026-02-27 14:58:08.045,9.86656,-0.039784,-7.19,0.046723,-0.410177,0.076528,27.945000000000007
1772222288046198664,2026-02-27 14:58:08.046,9.94261,0.002528,-5.96704,0.047097,-0.417182,0.067042,27.946000000000012
1772222288047397853,2026-02-27 14:58:08.047,10.0612,0.025997,-6.09571,0.043761,-0.422687,0.071201,27.947000000000003
1772222288048627383,2026-02-27 14:58:08.048,10.1542,0.01609,-5.97825,0.042504,-0.430266,0.071935,27.948000000000008
1772222288049821013,2026-02-27 14:58:08.049,10.303,-0.098642,-6.76179,0.03836,-0.441277,0.082754,27.949000000000012
1772222288051024525,2026-02-27 14:58:08.051,10.4233,-0.113387,-6.67843,0.040379,-0.445314,0.082825,27.951000000000008
1772222288052224660,2026-02-27 14:58:08.052,10.4568,-0.08055,-6.72479,0.038358,-0.446782,0.083633,27.952000000000012
1772222288053424075,2026-02-27 14:58:08.053,10.5281,-0.151515,-6.76836,0.037948,-0.449316,0.084199,27.953000000000003
1772222288054600429,2026-02-27 14:58:08.054,10.5225,-0.139599,-8.06984,0.041254,-0.450124,0.093398,27.954000000000008
1772222288055735307,2026-02-27 14:58:08.055,10.5194,-0.171816,-8.06793,0.042656,-0.449618,0.093191,27.955000000000013
1772222288056900233,2026-02-27 14:58:08.056,10.5003,-0.165097,-7.85717,0.045046,-0.447842,0.089074,27.956000000000003
1772222288058104353,2026-02-27 14:58:08.058,10.5323,-0.218404,-7.75868,0.044129,-0.447767,0.086497,27.958000000000013
1772222288059303074,2026-02-27 14:58:08.059,10.516,-0.197747,-7.88693,0.048493,-0.444078,0.084561,27.959000000000003
1772222288060505108,2026-02-27 14:58:08.060,10.5652,-0.19649,-8.31201,0.051771,-0.441015,0.084536,27.960000000000008
1772222288061640899,2026-02-27 14:58:08.061,10.4462,-0.236069,-8.76256,0.054568,-0.434095,0.081726,27.961000000000013
1772222288062819204,2026-02-27 14:58:08.062,10.2886,-0.208718,-8.33929,0.056371,-0.426691,0.072807,27.962000000000003
1772222288063994581,2026-02-27 14:58:08.063,10.3564,-0.221144,-9.14712,0.062097,-0.420345,0.075545,27.963000000000008
1772222288065167180,2026-02-27 14:58:08.065,10.1919,-0.282709,-9.80163,0.065896,-0.413127,0.075857,27.965000000000003
1772222288066338987,2026-02-27 14:58:08.066,10.1583,-0.269273,-10.7039,0.065773,-0.406205,0.079979,27.966000000000008
1772222288067530745,2026-02-27 14:58:08.067,9.95688,-0.342216,-11.8494,0.072051,-0.387613,0.07778,27.967
1772222288068662653,2026-02-27 14:58:08.068,9.84353,-0.373684,-12.3827,0.075237,-0.377073,0.075307,27.968000000000004
1772222288069833827,2026-02-27 14:58:08.069,9.7163,-0.39812,-12.8852,0.07779,-0.365639,0.074331,27.96900000000001
1772222288071004843,2026-02-27 14:58:08.071,9.56741,-0.434416,-14.5503,0.076985,-0.355529,0.082708,27.971000000000004
1772222288072175836,2026-02-27 14:58:08.072,9.45175,-0.486596,-14.678,0.079814,-0.342943,0.07742,27.97200000000001
1772222288073346893,2026-02-27 14:58:08.073,9.29505,-0.509481,-15.2989,0.083295,-0.331878,0.075781,27.973
1772222288074545167,2026-02-27 14:58:08.074,8.85265,-0.503877,-15.4182,0.088427,-0.308646,0.065478,27.974000000000004
1772222288075674884,2026-02-27 14:58:08.075,8.71306,-0.480837,-15.7572,0.091943,-0.302084,0.064291,27.97500000000001
1772222288076823099,2026-02-27 14:58:08.076,8.47471,-0.460498,-15.7834,0.088158,-0.300017,0.064313,27.976
1772222288077993800,2026-02-27 14:58:08.077,8.41992,-0.428221,-15.7056,0.085709,-0.300275,0.064571,27.977000000000004
1772222288079164445,2026-02-27 14:58:08.079,8.37343,-0.301915,-14.5815,0.084175,-0.303689,0.057403,27.979
1772222288080334067,2026-02-27 14:58:08.080,8.36134,-0.27066,-14.1158,0.081817,-0.309688,0.05751,27.980000000000004
1772222288081526102,2026-02-27 14:58:08.081,8.48641,-0.208028,-14.097,0.078207,-0.311738,0.057865,27.98100000000001
1772222288082657993,2026-02-27 14:58:08.082,8.6108,-0.197911,-15.2951,0.080846,-0.308312,0.060988,27.982
1772222288083806404,2026-02-27 14:58:08.083,8.60547,-0.1761,-15.5449,0.085195,-0.309291,0.058835,27.983000000000004
1772222288084978148,2026-02-27 14:58:08.084,8.54962,-0.077202,-15.5911,0.085497,-0.309306,0.056339,27.98400000000001
1772222288086170694,2026-02-27 14:58:08.086,8.58929,-0.064154,-15.5635,0.086304,-0.311521,0.055321,27.986000000000004
1772222288087342735,2026-02-27 14:58:08.087,8.5857,-0.00847,-15.5404,0.085666,-0.313498,0.057946,27.98700000000001
1772222288088539299,2026-02-27 14:58:08.088,8.58178,-0.003782,-15.9807,0.082542,-0.323477,0.065694,27.988
1772222288089671595,2026-02-27 14:58:08.089,8.92277,0.057358,-14.6018,0.071656,-0.335137,0.063677,27.989000000000004
1772222288090846831,2026-02-27 14:58:08.090,9.12903,0.129924,-14.1997,0.07196,-0.333131,0.058884,27.99000000000001
1772222288092020152,2026-02-27 14:58:08.092,9.19285,0.109775,-13.811,0.067149,-0.335274,0.055351,27.992000000000004
1772222288093192709,2026-02-27 14:58:08.093,9.3293,0.127997,-14.2046,0.070695,-0.333598,0.053834,27.99300000000001
1772222288094363533,2026-02-27 14:58:08.094,9.31656,0.15374,-14.0028,0.068322,-0.33573,0.050745,27.994
1772222288095547441,2026-02-27 14:58:08.095,9.43382,0.18752,-14.1262,0.064199,-0.337932,0.047799,27.995000000000005
1772222288096678828,2026-02-27 14:58:08.096,9.51608,0.135637,-12.8034,0.051221,-0.351097,0.040902,27.99600000000001
1772222288097878100,2026-02-27 14:58:08.097,9.60603,0.165212,-12.3061,0.051607,-0.351394,0.043076,27.997
1772222288099076428,2026-02-27 14:58:08.099,9.79887,0.056862,-12.7524,0.052004,-0.341589,0.049998,27.99900000000001
1772222288100275165,2026-02-27 14:58:08.100,9.86235,0.035414,-13.1975,0.053057,-0.349725,0.055829,28.0
1772222288101485673,2026-02-27 14:58:08.101,9.94315,0.126934,-13.2748,0.056101,-0.353891,0.052285,28.001000000000005
1772222288102616678,2026-02-27 14:58:08.102,10.1205,0.18165,-13.5736,0.046711,-0.360741,0.044693,28.00200000000001
1772222288103749651,2026-02-27 14:58:08.103,10.2601,0.109173,-16.0097,0.051898,-0.349786,0.047447,28.003
1772222288104882129,2026-02-27 14:58:08.104,10.0152,0.042387,-16.4469,0.052734,-0.342521,0.042092,28.004000000000005
1772222288106082886,2026-02-27 14:58:08.106,9.8658,-0.081893,-17.3064,0.054473,-0.343685,0.039126,28.006
1772222288107268340,2026-02-27 14:58:08.107,9.59963,-0.070205,-16.5392,0.056515,-0.348612,0.039397,28.007000000000005
1772222288108483822,2026-02-27 14:58:08.108,9.57151,-0.159117,-15.9705,0.056837,-0.356504,0.042579,28.00800000000001
1772222288109617988,2026-02-27 14:58:08.109,9.71387,-0.194024,-15.4147,0.0526,-0.356198,0.048245,28.009
1772222288110750777,2026-02-27 14:58:08.110,10.4039,-0.16263,-17.3285,0.06008,-0.343068,0.050832,28.010000000000005
1772222288111887969,2026-02-27 14:58:08.111,10.0385,0.061821,-17.3406,0.055917,-0.331703,0.02954,28.01100000000001
1772222288113011297,2026-02-27 14:58:08.113,9.87659,0.10514,-18.2879,0.052095,-0.341753,0.014253,28.013000000000005
1772222288114129230,2026-02-27 14:58:08.114,9.70679,0.087505,-18.5348,0.046862,-0.341329,0.010671,28.01400000000001
1772222288115247718,2026-02-27 14:58:08.115,9.67851,-0.060505,-19.0683,0.042654,-0.350952,0.016989,28.015
1772222288116365341,2026-02-27 14:58:08.116,9.69193,-0.159787,-18.5402,0.038017,-0.356129,0.026383,28.016000000000005
1772222288117477894,2026-02-27 14:58:08.117,9.83886,-0.208374,-17.5733,0.026232,-0.371651,0.030635,28.01700000000001
1772222288118591484,2026-02-27 14:58:08.118,10.065,-0.100679,-16.0509,0.013545,-0.380448,0.03127,28.018
1772222288119702548,2026-02-27 14:58:08.119,10.3742,0.117448,-18.7494,0.048823,-0.342493,0.023917,28.019000000000005
1772222288120852902,2026-02-27 14:58:08.120,10.0492,0.206146,-20.3115,0.045973,-0.358118,0.027522,28.02000000000001
1772222288122053065,2026-02-27 14:58:08.122,10.0718,0.234389,-19.507,0.049834,-0.376308,0.025757,28.022000000000006
1772222288123325669,2026-02-27 14:58:08.123,10.4692,0.118233,-19.8679,0.046244,-0.375,0.032222,28.02300000000001
1772222288124541995,2026-02-27 14:58:08.124,10.4489,0.11496,-19.17,0.052837,-0.366696,0.03199,28.024
1772222288125675076,2026-02-27 14:58:08.125,10.4588,0.053992,-18.7384,0.058031,-0.364194,0.031833,28.025000000000006
1772222288126831946,2026-02-27 14:58:08.126,10.3411,0.178976,-18.5117,0.069362,-0.367131,0.037928,28.02600000000001
1772222288128005565,2026-02-27 14:58:08.128,10.4069,0.167644,-18.689,0.075506,-0.36221,0.040832,28.028000000000006
1772222288129207495,2026-02-27 14:58:08.129,10.3592,0.25654,-18.1085,0.082138,-0.361616,0.030037,28.02900000000001
1772222288130408772,2026-02-27 14:58:08.130,10.2793,0.348656,-18.3587,0.088461,-0.357578,0.031135,28.03
1772222288131564675,2026-02-27 14:58:08.131,10.2156,0.408041,-18.4383,0.089403,-0.360874,0.030589,28.031000000000006
1772222288132697804,2026-02-27 14:58:08.132,10.3662,0.430281,-19.3676,0.085607,-0.364375,0.038946,28.03200000000001
1772222288133854695,2026-02-27 14:58:08.133,10.3865,0.421935,-19.2228,0.086568,-0.367079,0.038643,28.033
1772222288135056544,2026-02-27 14:58:08.135,10.3844,0.444939,-18.9894,0.088665,-0.370571,0.040377,28.03500000000001
1772222288136260505,2026-02-27 14:58:08.136,10.4327,0.484963,-18.8314,0.090642,-0.371893,0.041374,28.036
1772222288137474155,2026-02-27 14:58:08.137,10.6081,0.630005,-19.5109,0.092073,-0.368461,0.046297,28.037000000000006
1772222288138607032,2026-02-27 14:58:08.138,10.6454,0.689111,-20.3096,0.091769,-0.365064,0.047092,28.03800000000001
1772222288139741524,2026-02-27 14:58:08.139,10.4824,0.858475,-19.5109,0.086209,-0.363381,0.033052,28.039
1772222288140904822,2026-02-27 14:58:08.140,10.4881,0.890706,-19.1589,0.086912,-0.355572,0.029314,28.040000000000006
1772222288142106738,2026-02-27 14:58:08.142,10.4713,0.877324,-19.0667,0.089445,-0.35172,0.027868,28.042
1772222288143306328,2026-02-27 14:58:08.143,10.4075,1.02872,-18.6425,0.088512,-0.351043,0.028191,28.043000000000006
1772222288144515383,2026-02-27 14:58:08.144,10.3817,1.04488,-18.5385,0.091522,-0.351889,0.02792,28.04400000000001
1772222288145647707,2026-02-27 14:58:08.145,10.3802,1.05718,-18.3211,0.091637,-0.348819,0.029072,28.045
1772222288146796338,2026-02-27 14:58:08.146,10.2619,1.21961,-17.1247,0.096096,-0.347993,0.023561,28.046000000000006
1772222288147993917,2026-02-27 14:58:08.147,10.1795,1.27309,-16.5348,0.092196,-0.352843,0.023099,28.04700000000001
1772222288149193944,2026-02-27 14:58:08.149,10.2085,1.34939,-16.119,0.083969,-0.359848,0.027558,28.049000000000007
1772222288150393756,2026-02-27 14:58:08.150,10.3003,1.34809,-15.5726,0.082212,-0.362844,0.028241,28.05000000000001
1772222288151568510,2026-02-27 14:58:08.151,10.5205,1.46839,-15.5748,0.09439,-0.362291,0.029922,28.051000000000002
1772222288152701225,2026-02-27 14:58:08.152,10.494,1.51928,-15.7584,0.105748,-0.35195,0.030802,28.052000000000007
1772222288153852203,2026-02-27 14:58:08.153,10.3043,1.83266,-16.8228,0.123554,-0.348499,0.041495,28.05300000000001
1772222288155046571,2026-02-27 14:58:08.155,10.1709,1.87859,-16.5291,0.121137,-0.350116,0.039596,28.055000000000007
1772222288156244487,2026-02-27 14:58:08.156,10.1748,1.94289,-16.2881,0.128751,-0.350289,0.040565,28.05600000000001
1772222288157442389,2026-02-27 14:58:08.157,10.0701,1.99687,-15.473,0.130776,-0.347886,0.037265,28.057000000000002
1772222288158577593,2026-02-27 14:58:08.158,9.90878,2.08811,-14.6945,0.130328,-0.347621,0.036114,28.058000000000007
1772222288159706634,2026-02-27 14:58:08.159,9.81934,2.13861,-14.3722,0.128319,-0.347068,0.03632,28.05900000000001
1772222288160858761,2026-02-27 14:58:08.160,9.85403,2.34334,-15.6984,0.164102,-0.304446,0.043056,28.060000000000002
1772222288162050907,2026-02-27 14:58:08.162,9.49834,2.46925,-16.6067,0.186999,-0.25978,0.036871,28.062000000000012
1772222288163249031,2026-02-27 14:58:08.163,8.79409,2.73099,-17.4055,0.206976,-0.235327,0.030835,28.063000000000002
1772222288164446314,2026-02-27 14:58:08.164,8.24045,2.94512,-18.56,0.224397,-0.213641,0.032808,28.064000000000007
1772222288165566535,2026-02-27 14:58:08.165,7.77119,3.06748,-19.6506,0.227957,-0.197126,0.036854,28.065000000000012
1772222288166696999,2026-02-27 14:58:08.166,7.33671,3.13801,-20.4982,0.226372,-0.18256,0.040908,28.066000000000003
1772222288167867260,2026-02-27 14:58:08.167,7.01952,3.18911,-20.8229,0.226552,-0.169192,0.043304,28.067000000000007
1772222288169049463,2026-02-27 14:58:08.169,6.43811,3.26623,-21.1248,0.219109,-0.148084,0.044322,28.069000000000003
1772222288170245826,2026-02-27 14:58:08.170,6.27907,3.33401,-21.2241,0.221265,-0.141491,0.046904,28.070000000000007
1772222288171443201,2026-02-27 14:58:08.171,6.17227,3.44643,-22.2966,0.225185,-0.137228,0.055211,28.071000000000012
1772222288172581697,2026-02-27 14:58:08.172,6.07282,3.4963,-21.6826,0.221978,-0.133926,0.051245,28.072000000000003
1772222288173715589,2026-02-27 14:58:08.173,5.97075,3.61749,-21.4141,0.226944,-0.131057,0.050725,28.073000000000008
1772222288174894788,2026-02-27 14:58:08.174,5.84573,3.94775,-20.2035,0.235834,-0.12889,0.043254,28.074000000000012
1772222288176076517,2026-02-27 14:58:08.176,5.82823,4.07626,-19.9346,0.239981,-0.13063,0.042741,28.076000000000008
1772222288177272493,2026-02-27 14:58:08.177,5.85582,4.27162,-19.4721,0.243985,-0.139136,0.043726,28.077000000000012
1772222288178479532,2026-02-27 14:58:08.178,5.93607,4.39699,-18.8577,0.239806,-0.155604,0.042751,28.078000000000003
1772222288179610506,2026-02-27 14:58:08.179,6.04089,4.48155,-16.7757,0.235054,-0.181722,0.032001,28.079000000000008
1772222288180740026,2026-02-27 14:58:08.180,6.28516,4.48365,-15.7775,0.223067,-0.213609,0.034348,28.080000000000013
1772222288181898107,2026-02-27 14:58:08.181,6.71277,4.40225,-14.5811,0.216049,-0.240222,0.035397,28.081000000000003
1772222288183071208,2026-02-27 14:58:08.183,7.70993,4.34693,-13.3495,0.205657,-0.283688,0.044666,28.083000000000013
1772222288184254494,2026-02-27 14:58:08.184,7.66351,4.15836,-13.4704,0.241887,-0.305025,0.039407,28.084000000000003
1772222288185424686,2026-02-27 14:58:08.185,7.21364,4.0661,-14.4725,0.301409,-0.310982,0.016474,28.085000000000008
1772222288186571589,2026-02-27 14:58:08.186,6.26246,4.10181,-16.207,0.375007,-0.315899,-0.013702,28.086000000000013
1772222288187700172,2026-02-27 14:58:08.187,5.09339,4.39618,-18.6048,0.423781,-0.338353,-0.035266,28.087000000000003
1772222288188848040,2026-02-27 14:58:08.188,4.40846,4.7827,-20.0975,0.43687,-0.369023,-0.046288,28.088000000000008
1772222288190021383,2026-02-27 14:58:08.190,4.31203,5.36591,-21.0106,0.427494,-0.372739,-0.038442,28.090000000000003
1772222288191212697,2026-02-27 14:58:08.191,4.37199,5.36455,-21.0694,0.420346,-0.37219,-0.032686,28.091000000000008
1772222288192383217,2026-02-27 14:58:08.192,4.31307,5.3593,-21.0559,0.415647,-0.367412,-0.02876,28.092
1772222288193536462,2026-02-27 14:58:08.193,4.22279,5.37115,-21.4606,0.411673,-0.361579,-0.029523,28.093000000000004
1772222288194669026,2026-02-27 14:58:08.194,4.12234,5.34334,-21.5188,0.412316,-0.359178,-0.030176,28.09400000000001
1772222288195875801,2026-02-27 14:58:08.195,3.99916,5.40994,-21.5559,0.406492,-0.356283,-0.034527,28.095
1772222288197014421,2026-02-27 14:58:08.197,3.79884,5.53127,-21.486,0.392547,-0.349451,-0.040255,28.09700000000001
1772222288198194600,2026-02-27 14:58:08.198,3.77906,5.63836,-21.6824,0.386402,-0.346052,-0.038551,28.098
1772222288199373397,2026-02-27 14:58:08.199,3.68522,5.60938,-22.3686,0.382328,-0.343091,-0.033681,28.099000000000004
1772222288200560846,2026-02-27 14:58:08.200,3.7184,5.70725,-22.5795,0.38268,-0.342962,-0.032476,28.10000000000001
1772222288201691744,2026-02-27 14:58:08.201,3.68597,5.82847,-22.7215,0.38474,-0.344106,-0.032623,28.101
1772222288202853609,2026-02-27 14:58:08.202,3.69726,5.85888,-22.965,0.387193,-0.345904,-0.032668,28.102000000000004
1772222288203990212,2026-02-27 14:58:08.203,3.67254,6.01996,-24.7976,0.395948,-0.348334,-0.023104,28.10300000000001
1772222288205169225,2026-02-27 14:58:08.205,3.60143,6.07675,-24.7692,0.402142,-0.347912,-0.027379,28.105000000000004
1772222288206347485,2026-02-27 14:58:08.206,3.59988,6.14541,-25.1043,0.406153,-0.348052,-0.028934,28.10600000000001
1772222288207487282,2026-02-27 14:58:08.207,3.54261,6.17542,-24.9572,0.41289,-0.34704,-0.035727,28.107
1772222288208623772,2026-02-27 14:58:08.208,3.50499,6.2124,-24.9944,0.418006,-0.346277,-0.039241,28.108000000000004
1772222288209804116,2026-02-27 14:58:08.209,3.39677,6.27532,-25.4297,0.41922,-0.345175,-0.041512,28.10900000000001
1772222288210980933,2026-02-27 14:58:08.210,3.34027,6.34306,-26.0918,0.430231,-0.344306,-0.042658,28.11
1772222288212159653,2026-02-27 14:58:08.212,3.34292,6.32176,-25.6664,0.428659,-0.344959,-0.051857,28.11200000000001
1772222288213338793,2026-02-27 14:58:08.213,3.29151,6.32036,-25.8077,0.432119,-0.345627,-0.052038,28.113
1772222288214525613,2026-02-27 14:58:08.214,3.24036,6.35131,-26.2366,0.432839,-0.345168,-0.052006,28.114000000000004
1772222288215657141,2026-02-27 14:58:08.215,3.18088,6.35652,-27.0586,0.427086,-0.345024,-0.048274,28.11500000000001
1772222288216817869,2026-02-27 14:58:08.216,3.21807,6.35687,-27.7771,0.427942,-0.346176,-0.04417,28.116
1772222288217987551,2026-02-27 14:58:08.217,3.15268,6.37945,-28.3857,0.424673,-0.34549,-0.044962,28.117000000000004
1772222288219132109,2026-02-27 14:58:08.219,3.07569,6.34166,-28.6139,0.421986,-0.345076,-0.0447,28.119
1772222288220311468,2026-02-27 14:58:08.220,3.0426,6.31393,-29.0621,0.420008,-0.345335,-0.041777,28.120000000000005
1772222288221503962,2026-02-27 14:58:08.221,2.9918,6.31478,-30.1296,0.417724,-0.344363,-0.034495,28.12100000000001
1772222288222634008,2026-02-27 14:58:08.222,2.96582,6.22756,-30.0251,0.411315,-0.343767,-0.038458,28.122
1772222288223761132,2026-02-27 14:58:08.223,2.88097,6.15703,-30.034,0.405872,-0.341768,-0.040733,28.123000000000005
1772222288224940688,2026-02-27 14:58:08.224,2.9089,6.13841,-29.9567,0.407134,-0.340898,-0.043053,28.12400000000001
1772222288226082838,2026-02-27 14:58:08.226,2.85434,6.08494,-30.3394,0.398535,-0.338949,-0.044326,28.126000000000005
1772222288227279390,2026-02-27 14:58:08.227,2.79262,6.03724,-30.5616,0.396143,-0.338096,-0.044929,28.12700000000001
1772222288228469665,2026-02-27 14:58:08.228,2.76309,5.97115,-30.7887,0.392361,-0.337465,-0.044735,28.128
1772222288229601192,2026-02-27 14:58:08.229,2.6289,5.89017,-29.9682,0.385404,-0.335011,-0.055753,28.129000000000005
1772222288230730752,2026-02-27 14:58:08.230,2.6437,5.89977,-30.6087,0.384036,-0.333821,-0.051243,28.13000000000001
1772222288231876751,2026-02-27 14:58:08.231,2.61203,5.83284,-30.8756,0.382194,-0.331691,-0.051052,28.131
1772222288233044520,2026-02-27 14:58:08.233,2.50515,5.69746,-32.127,0.375299,-0.328648,-0.044042,28.13300000000001
1772222288234308977,2026-02-27 14:58:08.234,2.44981,5.64431,-32.3531,0.370928,-0.326641,-0.044072,28.134
1772222288235565288,2026-02-27 14:58:08.235,2.37922,5.6152,-32.5632,0.367024,-0.323539,-0.043438,28.135000000000005
1772222288236702117,2026-02-27 14:58:08.236,2.28327,5.58279,-32.8465,0.36307,-0.319482,-0.044128,28.13600000000001
1772222288237856550,2026-02-27 14:58:08.237,2.17108,5.51508,-33.9016,0.356978,-0.315379,-0.0359,28.137
1772222288239050532,2026-02-27 14:58:08.239,2.01561,5.41071,-34.3947,0.351445,-0.306133,-0.035754,28.13900000000001
1772222288240227411,2026-02-27 14:58:08.240,1.85246,5.37914,-34.0818,0.347879,-0.300722,-0.040574,28.14
1772222288241405055,2026-02-27 14:58:08.241,1.81104,5.34018,-33.9684,0.345034,-0.292743,-0.042397,28.141000000000005
1772222288242548128,2026-02-27 14:58:08.242,1.64173,5.31275,-34.1036,0.341379,-0.286063,-0.044061,28.14200000000001
1772222288243677726,2026-02-27 14:58:08.243,1.46295,5.2893,-34.3297,0.336736,-0.277922,-0.044316,28.143
1772222288244834414,2026-02-27 14:58:08.244,1.303,5.32086,-34.6032,0.336699,-0.268993,-0.043211,28.144000000000005
1772222288246006127,2026-02-27 14:58:08.246,1.14387,5.21443,-34.3953,0.334239,-0.259335,-0.047318,28.146
1772222288247196626,2026-02-27 14:58:08.247,0.772896,5.27846,-34.4856,0.332312,-0.23536,-0.049656,28.147000000000006
1772222288248395161,2026-02-27 14:58:08.248,0.576745,5.23117,-35.056,0.331286,-0.225265,-0.046853,28.14800000000001
1772222288249560885,2026-02-27 14:58:08.249,0.41313,5.2129,-35.696,0.330161,-0.213618,-0.042621,28.149
1772222288250691948,2026-02-27 14:58:08.250,0.194419,5.17463,-35.9694,0.325676,-0.201945,-0.041868,28.150000000000006
1772222288251866081,2026-02-27 14:58:08.251,0.02835,5.15351,-36.1905,0.324344,-0.189382,-0.04255,28.15100000000001
1772222288253038289,2026-02-27 14:58:08.253,-0.163818,5.08388,-36.4778,0.320987,-0.178367,-0.042658,28.153000000000006
1772222288254206965,2026-02-27 14:58:08.254,-0.633345,5.06628,-38.0566,0.318258,-0.155298,-0.032566,28.15400000000001
1772222288255382548,2026-02-27 14:58:08.255,-0.819013,5.03673,-37.8094,0.316309,-0.142271,-0.03642,28.155
1772222288256559340,2026-02-27 14:58:08.256,-1.07033,4.98438,-38.0643,0.312651,-0.130602,-0.035416,28.156000000000006
1772222288257688569,2026-02-27 14:58:08.257,-1.24587,4.99924,-37.8274,0.312988,-0.118027,-0.040698,28.15700000000001
1772222288258862011,2026-02-27 14:58:08.258,-1.45923,4.99165,-37.8447,0.310079,-0.107576,-0.041661,28.158
1772222288260035274,2026-02-27 14:58:08.260,-1.68764,4.94133,-38.0683,0.303904,-0.095621,-0.042417,28.16000000000001
1772222288261206535,2026-02-27 14:58:08.261,-2.15852,4.94593,-38.5078,0.303272,-0.069083,-0.041303,28.161
1772222288262397638,2026-02-27 14:58:08.262,-2.3241,4.96889,-37.7603,0.302509,-0.056608,-0.049957,28.162000000000006
1772222288263587884,2026-02-27 14:58:08.263,-2.63956,4.91744,-38.0558,0.302336,-0.042454,-0.048902,28.16300000000001
1772222288264718578,2026-02-27 14:58:08.264,-2.89164,4.91397,-38.4279,0.300958,-0.029599,-0.048546,28.164
1772222288265892620,2026-02-27 14:58:08.265,-3.11265,4.9614,-39.2381,0.30114,-0.016483,-0.043266,28.165000000000006
1772222288267075658,2026-02-27 14:58:08.267,-3.31978,4.96408,-39.8334,0.301098,-0.002029,-0.039633,28.167
1772222288268257299,2026-02-27 14:58:08.268,-3.8604,4.9535,-40.3486,0.3019,0.028606,-0.039415,28.168000000000006
1772222288269471909,2026-02-27 14:58:08.269,-4.14319,4.97981,-40.5797,0.301363,0.044377,-0.038759,28.16900000000001
1772222288270572964,2026-02-27 14:58:08.270,-4.41283,5.05304,-41.3454,0.303945,0.059157,-0.034028,28.17
1772222288271703131,2026-02-27 14:58:08.271,-4.6927,5.08388,-42.0657,0.304009,0.083412,-0.029911,28.171000000000006
1772222288272878541,2026-02-27 14:58:08.272,-5.00594,5.09767,-41.9996,0.300481,0.096163,-0.031448,28.17200000000001
1772222288274066106,2026-02-27 14:58:08.274,-5.29184,5.11985,-41.9544,0.307496,0.114571,-0.035221,28.174000000000007
1772222288275249980,2026-02-27 14:58:08.275,-5.94268,5.19815,-42.0464,0.311833,0.149248,-0.040625,28.17500000000001
1772222288276465504,2026-02-27 14:58:08.276,-6.21794,5.23638,-42.2578,0.313987,0.165288,-0.039691,28.176000000000002
1772222288277567776,2026-02-27 14:58:08.277,-6.59616,5.24882,-42.5866,0.31257,0.183303,-0.039949,28.177000000000007
1772222288278696988,2026-02-27 14:58:08.278,-6.80222,5.29216,-42.7232,0.317832,0.201627,-0.040687,28.17800000000001
1772222288279892406,2026-02-27 14:58:08.279,-7.13538,5.38741,-41.8715,0.321587,0.22009,-0.049785,28.179000000000002
1772222288281077226,2026-02-27 14:58:08.281,-7.49631,5.45541,-42.6435,0.322389,0.240758,-0.044279,28.18100000000001
1772222288282249073,2026-02-27 14:58:08.282,-8.12461,5.61771,-43.6542,0.330975,0.28118,-0.039474,28.182000000000002
1772222288283449270,2026-02-27 14:58:08.283,-8.58676,5.62734,-44.0538,0.328743,0.300985,-0.038486,28.183000000000007
1772222288284563890,2026-02-27 14:58:08.284,-8.81396,5.69817,-44.2751,0.337718,0.320757,-0.038548,28.18400000000001
1772222288285694196,2026-02-27 14:58:08.285,-9.22549,5.80764,-44.4656,0.338572,0.34235,-0.038022,28.185000000000002
1772222288286893659,2026-02-27 14:58:08.286,-9.52425,5.83924,-44.7093,0.340345,0.360675,-0.03842,28.186000000000007
1772222288288082924,2026-02-27 14:58:08.288,-9.82384,5.9563,-45.9523,0.348916,0.382168,-0.028759,28.188000000000002
1772222288289268486,2026-02-27 14:58:08.289,-10.5316,6.04735,-46.149,0.353854,0.420351,-0.030591,28.189000000000007
1772222288290448473,2026-02-27 14:58:08.290,-10.8783,6.1971,-45.8335,0.362384,0.443164,-0.035212,28.190000000000012
1772222288291555154,2026-02-27 14:58:08.291,-11.2017,6.32104,-45.653,0.366817,0.463601,-0.038063,28.191000000000003
1772222288292685315,2026-02-27 14:58:08.292,-11.5666,6.33555,-45.7514,0.371988,0.485524,-0.038762,28.192000000000007
1772222288293860779,2026-02-27 14:58:08.293,-11.8728,6.40323,-45.8094,0.375658,0.504458,-0.039429,28.193000000000012
1772222288295061885,2026-02-27 14:58:08.295,-12.2848,6.46363,-45.9971,0.382016,0.525818,-0.039024,28.195000000000007
1772222288296258188,2026-02-27 14:58:08.296,-13.0123,6.57192,-45.1874,0.390894,0.567562,-0.048153,28.196000000000012
1772222288297470500,2026-02-27 14:58:08.297,-13.373,6.65179,-45.5124,0.395465,0.589804,-0.045329,28.197000000000003
1772222288298602103,2026-02-27 14:58:08.298,-13.7169,6.72526,-46.1001,0.400622,0.610398,-0.04284,28.198000000000008
1772222288299735636,2026-02-27 14:58:08.299,-14.0562,6.79527,-46.4909,0.407724,0.631255,-0.039142,28.199000000000012
1772222288300912706,2026-02-27 14:58:08.300,-14.3639,6.83215,-46.6207,0.411466,0.649583,-0.038146,28.200000000000003
1772222288302128612,2026-02-27 14:58:08.302,-14.632,6.94089,-46.7483,0.419025,0.671086,-0.037099,28.202000000000012
1772222288303315408,2026-02-27 14:58:08.303,-15.297,7.00821,-46.9891,0.423479,0.709136,-0.035155,28.203000000000003
1772222288304526941,2026-02-27 14:58:08.304,-15.4929,7.07043,-48.1728,0.429906,0.725999,-0.028304,28.204000000000008
1772222288305664384,2026-02-27 14:58:08.305,-15.8356,7.10946,-47.6746,0.431148,0.743416,-0.030183,28.205000000000013
1772222288306885005,2026-02-27 14:58:08.306,-16.0693,7.15029,-47.9411,0.437297,0.763658,-0.029707,28.206000000000003
1772222288308084689,2026-02-27 14:58:08.308,-16.4041,7.16907,-47.5338,0.43647,0.780287,-0.033392,28.208000000000013
1772222288309262499,2026-02-27 14:58:08.309,-16.7478,7.14433,-47.4609,0.435585,0.797151,-0.03579,28.209000000000003
1772222288310444919,2026-02-27 14:58:08.310,-17.1504,7.17554,-47.7297,0.441441,0.823219,-0.035317,28.210000000000008
1772222288311596164,2026-02-27 14:58:08.311,-17.2646,7.20339,-47.9158,0.443771,0.838447,-0.034664,28.211000000000013
1772222288312774559,2026-02-27 14:58:08.312,-17.4801,7.17427,-47.0707,0.443224,0.849646,-0.042814,28.212000000000003
1772222288313973742,2026-02-27 14:58:08.313,-17.7385,7.11047,-47.5295,0.442969,0.861859,-0.038443,28.213000000000008
1772222288315155866,2026-02-27 14:58:08.315,-17.9389,7.14483,-47.7532,0.448445,0.873416,-0.038492,28.215000000000003
1772222288316349297,2026-02-27 14:58:08.316,-18.3017,7.06531,-49.0813,0.441924,0.895108,-0.029269,28.216000000000008
1772222288317547816,2026-02-27 14:58:08.317,-18.549,7.06152,-49.4111,0.443148,0.906313,-0.029027,28.217
1772222288318699931,2026-02-27 14:58:08.318,-18.7014,7.02395,-49.6136,0.439101,0.913451,-0.02969,28.218000000000004
1772222288319877149,2026-02-27 14:58:08.319,-18.8795,6.92169,-49.8232,0.431949,0.918458,-0.029558,28.21900000000001
1772222288321078854,2026-02-27 14:58:08.321,-18.8927,6.84375,-50.6524,0.431813,0.923545,-0.020945,28.221000000000004
1772222288322253986,2026-02-27 14:58:08.322,-18.9207,6.75376,-51.2076,0.431685,0.929828,-0.016895,28.22200000000001
1772222288323435176,2026-02-27 14:58:08.323,-19.2807,6.61848,-51.0525,0.420306,0.948455,-0.019972,28.223
1772222288324592340,2026-02-27 14:58:08.324,-19.4306,6.57952,-51.0336,0.419566,0.954678,-0.02321,28.224000000000004
1772222288325728640,2026-02-27 14:58:08.325,-19.6392,6.489,-51.0665,0.41382,0.96293,-0.025111,28.22500000000001
1772222288326908607,2026-02-27 14:58:08.326,-19.759,6.38463,-51.2177,0.406745,0.968654,-0.024349,28.226
1772222288328108160,2026-02-27 14:58:08.328,-19.8212,6.3123,-51.4715,0.407098,0.975348,-0.022877,28.22800000000001
1772222288329283522,2026-02-27 14:58:08.329,-19.9313,6.20262,-51.4141,0.40004,0.980195,-0.022849,28.229
1772222288330476151,2026-02-27 14:58:08.330,-20.1517,6.01989,-51.3259,0.385869,0.987457,-0.025102,28.230000000000004
1772222288331615423,2026-02-27 14:58:08.331,-20.1888,5.90334,-51.6429,0.381387,0.991741,-0.023555,28.23100000000001
1772222288332810177,2026-02-27 14:58:08.332,-20.2341,5.76203,-52.2657,0.375002,0.9948,-0.019004,28.232
1772222288334012560,2026-02-27 14:58:08.334,-20.3795,5.67641,-52.4906,0.365376,0.998521,-0.016572,28.23400000000001
1772222288335209416,2026-02-27 14:58:08.335,-20.4946,5.57324,-52.5581,0.354429,1.00124,-0.016443,28.235
1772222288336385850,2026-02-27 14:58:08.336,-20.59,5.37609,-52.8818,0.343813,1.00388,-0.017577,28.236000000000004
1772222288337542468,2026-02-27 14:58:08.337,-20.5864,5.27394,-54.0505,0.338218,1.00901,-0.003949,28.23700000000001
1772222288338676431,2026-02-27 14:58:08.338,-20.693,5.16128,-53.7338,0.328296,1.0133,-0.006397,28.238
1772222288339854347,2026-02-27 14:58:08.339,-20.728,5.03214,-53.7942,0.319236,1.01303,-0.007094,28.239000000000004
1772222288341037161,2026-02-27 14:58:08.341,-20.7643,4.97813,-53.5472,0.317622,1.01744,-0.010697,28.241
1772222288342225595,2026-02-27 14:58:08.342,-20.953,4.88042,-53.3977,0.306677,1.02221,-0.012784,28.242000000000004
1772222288343403128,2026-02-27 14:58:08.343,-21.2271,4.70637,-53.7687,0.290793,1.03478,-0.013448,28.24300000000001
1772222288344549084,2026-02-27 14:58:08.344,-21.2249,4.583,-54.0019,0.287638,1.0391,-0.012067,28.244
1772222288345829329,2026-02-27 14:58:08.345,-21.3633,4.48798,-53.4662,0.284063,1.04286,-0.019779,28.245000000000005
1772222288347033871,2026-02-27 14:58:08.347,-21.4784,4.40224,-53.3991,0.27129,1.04487,-0.018525,28.247
1772222288348233870,2026-02-27 14:58:08.348,-21.5342,4.34872,-53.7534,0.26267,1.04759,-0.017871,28.248000000000005
1772222288349428767,2026-02-27 14:58:08.349,-21.5463,4.14332,-55.175,0.253763,1.04973,-0.009581,28.24900000000001
1772222288350557429,2026-02-27 14:58:08.350,-21.5821,4.06561,-55.2928,0.244686,1.04937,-0.007717,28.25
1772222288351692665,2026-02-27 14:58:08.351,-21.6999,4.01309,-55.6275,0.237612,1.05346,-0.007004,28.251000000000005
1772222288352872061,2026-02-27 14:58:08.352,-21.7958,3.92567,-55.8176,0.229065,1.04929,-0.009996,28.25200000000001
1772222288354073163,2026-02-27 14:58:08.354,-21.7924,3.86703,-56.1187,0.225646,1.05527,-0.004376,28.254000000000005
1772222288355263684,2026-02-27 14:58:08.355,-21.8548,3.7399,-57.1577,0.221472,1.05751,0.004721,28.25500000000001
1772222288356441720,2026-02-27 14:58:08.356,-22.0581,3.64276,-57.0019,0.208643,1.06665,-0.001516,28.256
1772222288357598148,2026-02-27 14:58:08.357,-22.1897,3.61123,-56.9239,0.205386,1.07167,-0.004549,28.257000000000005
1772222288358781400,2026-02-27 14:58:08.358,-22.2513,3.52262,-56.9304,0.198248,1.0764,-0.007135,28.25800000000001
1772222288359981427,2026-02-27 14:58:08.359,-22.4021,3.47292,-57.1399,0.191493,1.08013,-0.006962,28.259
1772222288361183980,2026-02-27 14:58:08.361,-22.4233,3.41551,-57.3144,0.190378,1.08293,-0.005221,28.26100000000001
1772222288362373879,2026-02-27 14:58:08.362,-22.4758,3.37783,-57.4545,0.184192,1.08422,-0.006078,28.262
1772222288363549096,2026-02-27 14:58:08.363,-22.566,3.32594,-57.1127,0.178975,1.08546,-0.012189,28.263000000000005
1772222288364688214,2026-02-27 14:58:08.364,-22.5984,3.3119,-57.2751,0.175888,1.08559,-0.012547,28.26400000000001
1772222288365904994,2026-02-27 14:58:08.365,-22.5642,3.26288,-58.02,0.172493,1.08527,-0.007731,28.265
1772222288367104400,2026-02-27 14:58:08.367,-22.5553,3.29477,-58.4081,0.170668,1.08422,-0.004538,28.26700000000001
1772222288368296100,2026-02-27 14:58:08.368,-22.5679,3.2712,-58.486,0.169827,1.08277,-0.005223,28.268
1772222288369502878,2026-02-27 14:58:08.369,-22.6413,3.26754,-58.7329,0.165102,1.08116,-0.005394,28.269000000000005
1772222288370640081,2026-02-27 14:58:08.370,-22.5855,3.32594,-59.6807,0.164995,1.07965,0.002648,28.27000000000001
1772222288371837480,2026-02-27 14:58:08.371,-22.5591,3.3456,-59.8613,0.167414,1.07887,0.002392,28.271
1772222288373038263,2026-02-27 14:58:08.373,-22.5702,3.33726,-59.8486,0.165741,1.07725,0.000254,28.27300000000001
1772222288374231961,2026-02-27 14:58:08.374,-22.5882,3.34726,-59.4406,0.164266,1.07604,-0.003149,28.274
1772222288375419240,2026-02-27 14:58:08.375,-22.5794,3.39297,-59.151,0.164685,1.07407,-0.006989,28.275000000000006
1772222288376549293,2026-02-27 14:58:08.376,-22.5977,3.47206,-59.1883,0.166174,1.07295,-0.007549,28.27600000000001
1772222288377687917,2026-02-27 14:58:08.377,-22.6014,3.55729,-59.2423,0.168711,1.07305,-0.008546,28.277
1772222288378904462,2026-02-27 14:58:08.378,-22.6307,3.55646,-58.9506,0.167467,1.07248,-0.012872,28.278000000000006
1772222288380110124,2026-02-27 14:58:08.380,-22.6713,3.64067,-58.3789,0.170448,1.07409,-0.019284,28.28
1772222288381310677,2026-02-27 14:58:08.381,-22.6876,3.70172,-58.8026,0.173989,1.07465,-0.016633,28.281000000000006
1772222288382505463,2026-02-27 14:58:08.382,-22.7839,3.83997,-59.6189,0.178169,1.07883,-0.010092,28.28200000000001
1772222288383638022,2026-02-27 14:58:08.383,-22.8957,3.93501,-59.7631,0.178648,1.08172,-0.010089,28.283
1772222288384815967,2026-02-27 14:58:08.384,-22.9358,4.04802,-59.9578,0.188798,1.08903,-0.010863,28.284000000000006
1772222288386022795,2026-02-27 14:58:08.386,-23.0792,4.12649,-59.998,0.18979,1.09287,-0.011224,28.286
1772222288387225064,2026-02-27 14:58:08.387,-23.196,4.28212,-60.0533,0.194952,1.10131,-0.011975,28.287000000000006
1772222288388410804,2026-02-27 14:58:08.388,-23.2883,4.36455,-61.2335,0.201269,1.1092,-0.002475,28.28800000000001
1772222288389548886,2026-02-27 14:58:08.389,-23.6949,4.62127,-61.0357,0.215616,1.12902,-0.007756,28.289
1772222288390689367,2026-02-27 14:58:08.390,-23.7954,4.76059,-60.6308,0.22506,1.14001,-0.013133,28.290000000000006
1772222288391884781,2026-02-27 14:58:08.391,-24.0212,4.97157,-60.509,0.234418,1.15341,-0.01603,28.29100000000001
1772222288393085991,2026-02-27 14:58:08.393,-24.2394,5.13325,-60.5185,0.239825,1.16393,-0.017789,28.293000000000006
1772222288394286372,2026-02-27 14:58:08.394,-24.4142,5.2677,-60.7021,0.25285,1.17659,-0.017206,28.29400000000001
1772222288395484516,2026-02-27 14:58:08.395,-24.5709,5.4902,-60.7504,0.264613,1.18927,-0.018673,28.295
1772222288396633304,2026-02-27 14:58:08.396,-24.8334,5.67045,-59.9335,0.272604,1.20129,-0.028453,28.296000000000006
1772222288397829511,2026-02-27 14:58:08.397,-25.0738,6.02704,-60.0986,0.294891,1.21336,-0.030489,28.29700000000001
1772222288399037552,2026-02-27 14:58:08.399,-25.1632,6.20974,-60.6922,0.306283,1.22904,-0.022971,28.299000000000007
1772222288400238843,2026-02-27 14:58:08.400,-25.363,6.39884,-61.1464,0.31694,1.23862,-0.018653,28.30000000000001
1772222288401424891,2026-02-27 14:58:08.401,-25.5488,6.61693,-61.4494,0.332155,1.25547,-0.018314,28.301000000000002
1772222288402541631,2026-02-27 14:58:08.402,-26.1749,6.99921,-61.7531,0.357063,1.2901,-0.021329,28.302000000000007
1772222288403686681,2026-02-27 14:58:08.403,-26.506,7.15466,-62.3842,0.366991,1.30695,-0.018243,28.30300000000001
1772222288404880291,2026-02-27 14:58:08.404,-26.6965,7.31521,-63.2031,0.379705,1.32159,-0.013965,28.304000000000002
1772222288406084901,2026-02-27 14:58:08.406,-26.971,7.53391,-63.1471,0.392606,1.33815,-0.015985,28.30600000000001
1772222288407286749,2026-02-27 14:58:08.407,-27.1613,7.72665,-63.004,0.404158,1.34985,-0.018829,28.307000000000002
1772222288408489560,2026-02-27 14:58:08.408,-27.4384,7.88365,-62.7797,0.415357,1.36367,-0.021851,28.308000000000007
1772222288409637002,2026-02-27 14:58:08.409,-27.6402,8.06376,-62.9024,0.429043,1.37791,-0.024408,28.30900000000001
1772222288410832343,2026-02-27 14:58:08.410,-28.0376,8.42156,-63.0486,0.447647,1.39371,-0.033097,28.310000000000002
1772222288412033025,2026-02-27 14:58:08.412,-28.1049,8.64586,-63.0265,0.466947,1.40457,-0.029051,28.312000000000012
1772222288413234658,2026-02-27 14:58:08.413,-28.1924,8.8036,-61.8324,0.472763,1.40704,-0.037142,28.313000000000002
1772222288414416722,2026-02-27 14:58:08.414,-28.3691,8.96839,-62.4774,0.48453,1.42486,-0.028142,28.314000000000007
1772222288415544722,2026-02-27 14:58:08.415,-28.8102,9.33548,-63.2178,0.517926,1.45448,-0.028909,28.315000000000012
1772222288416679913,2026-02-27 14:58:08.416,-29.0615,9.45682,-63.4264,0.529138,1.47252,-0.027782,28.316000000000003
1772222288417857663,2026-02-27 14:58:08.417,-29.2981,9.53877,-63.4177,0.53788,1.48794,-0.028926,28.317000000000007
1772222288419057623,2026-02-27 14:58:08.419,-29.507,9.67537,-63.4016,0.545379,1.50079,-0.028118,28.319000000000003
1772222288420258213,2026-02-27 14:58:08.420,-29.6236,9.73294,-63.4814,0.549523,1.50814,-0.0283,28.320000000000007
1772222288421447501,2026-02-27 14:58:08.421,-29.7099,9.78054,-64.4396,0.556278,1.51436,-0.018453,28.321000000000012
1772222288422603875,2026-02-27 14:58:08.422,-29.7506,9.91058,-64.2606,0.562679,1.521,-0.01737,28.322000000000003
1772222288423763440,2026-02-27 14:58:08.423,-29.9004,9.96369,-63.7836,0.566577,1.53101,-0.02176,28.323000000000008
1772222288424966543,2026-02-27 14:58:08.424,-30.0951,10.0258,-63.56,0.573013,1.54248,-0.024732,28.324000000000012
1772222288426174712,2026-02-27 14:58:08.426,-30.2892,10.0733,-63.5207,0.579963,1.55278,-0.027573,28.326000000000008
1772222288427372553,2026-02-27 14:58:08.427,-30.4913,10.0962,-63.4617,0.576297,1.56071,-0.027821,28.327000000000012
1772222288428559632,2026-02-27 14:58:08.428,-30.6767,10.1174,-62.7885,0.581242,1.57241,-0.031035,28.328000000000003
1772222288429710789,2026-02-27 14:58:08.429,-30.6767,10.1174,-62.7885,0.581242,1.57241,-0.031035,28.329000000000008
1772222288430931494,2026-02-27 14:58:08.430,-30.8186,10.0548,-62.4931,0.580012,1.58025,-0.029687,28.330000000000013
1772222288432134280,2026-02-27 14:58:08.432,-30.8422,10.0625,-62.8683,0.582206,1.58599,-0.025004,28.332000000000008
1772222288433337226,2026-02-27 14:58:08.433,-30.8846,10.0358,-63.1595,0.577974,1.58834,-0.02122,28.333000000000013
1772222288434622330,2026-02-27 14:58:08.434,-30.9075,9.94563,-63.1297,0.575689,1.59092,-0.019618,28.334000000000003
1772222288435823147,2026-02-27 14:58:08.435,-31.0196,9.85347,-62.901,0.567452,1.59582,-0.017802,28.335000000000008
1772222288437025497,2026-02-27 14:58:08.437,-31.0388,9.8141,-62.8117,0.562275,1.59623,-0.016169,28.337000000000003
1772222288438226858,2026-02-27 14:58:08.438,-30.9388,9.69408,-63.9111,0.563564,1.59716,-0.006418,28.338000000000008
1772222288439428587,2026-02-27 14:58:08.439,-31.0019,9.61239,-63.2887,0.554593,1.5965,-0.008825,28.339
1772222288440568103,2026-02-27 14:58:08.440,-31.0553,9.46018,-63.1466,0.545051,1.59613,-0.009421,28.340000000000003
1772222288441706965,2026-02-27 14:58:08.441,-30.9455,9.31408,-62.4409,0.53557,1.59277,-0.011673,28.341000000000008
1772222288442886867,2026-02-27 14:58:08.442,-30.9544,9.1566,-62.3301,0.524395,1.59001,-0.010604,28.342
1772222288444090241,2026-02-27 14:58:08.444,-30.9448,9.03882,-62.4003,0.513498,1.58719,-0.009831,28.34400000000001
1772222288445288183,2026-02-27 14:58:08.445,-30.8574,8.92644,-62.4493,0.511837,1.58394,-0.00846,28.345
1772222288446499560,2026-02-27 14:58:08.446,-30.8379,8.81572,-61.4628,0.502262,1.57952,-0.016666,28.346000000000004
1772222288447637164,2026-02-27 14:58:08.447,-30.7003,8.52013,-61.8043,0.483702,1.56884,-0.011984,28.34700000000001
1772222288448795321,2026-02-27 14:58:08.448,-30.59,8.43518,-62.3933,0.474638,1.56249,-0.006318,28.348
1772222288449971443,2026-02-27 14:58:08.449,-30.5463,8.24236,-62.9103,0.461188,1.55368,-0.002826,28.349000000000004
1772222288451145519,2026-02-27 14:58:08.451,-30.4297,8.15022,-62.9989,0.45872,1.54778,-0.001673,28.351
1772222288452318566,2026-02-27 14:58:08.452,-30.2856,8.01099,-63.0291,0.449801,1.54005,-0.000424,28.352000000000004
1772222288453511488,2026-02-27 14:58:08.453,-30.1674,7.8398,-63.0511,0.438686,1.53021,-0.000683,28.35300000000001
1772222288454643446,2026-02-27 14:58:08.454,-29.8619,7.49679,-64.1464,0.417203,1.51075,0.010367,28.354
1772222288455790837,2026-02-27 14:58:08.455,-29.751,7.37594,-63.9403,0.408424,1.50287,0.009644,28.355000000000004
1772222288456980674,2026-02-27 14:58:08.456,-29.6066,7.20216,-63.5525,0.402638,1.49416,0.006272,28.35600000000001
1772222288458153315,2026-02-27 14:58:08.458,-29.4564,7.09491,-63.2406,0.388186,1.48348,0.004661,28.358000000000004
1772222288459470221,2026-02-27 14:58:08.459,-29.3359,6.97022,-63.2395,0.382601,1.47508,0.00432,28.35900000000001
1772222288460602515,2026-02-27 14:58:08.460,-29.1663,6.80358,-63.2804,0.374185,1.46442,0.004093,28.36
1772222288461738639,2026-02-27 14:58:08.461,-28.9695,6.56233,-63.0078,0.354584,1.44777,0.005119,28.361000000000004
1772222288462871199,2026-02-27 14:58:08.462,-28.8823,6.4314,-62.2103,0.347841,1.4422,-0.001883,28.36200000000001
1772222288464043284,2026-02-27 14:58:08.464,-28.7453,6.30034,-62.6085,0.337235,1.4333,0.002571,28.364000000000004
1772222288465213929,2026-02-27 14:58:08.465,-28.6591,6.19186,-62.8515,0.330674,1.42849,0.005253,28.36500000000001
1772222288466385037,2026-02-27 14:58:08.466,-28.5153,5.98964,-63.3118,0.317955,1.42007,0.009793,28.366
1772222288467541214,2026-02-27 14:58:08.467,-28.3367,5.80389,-63.5743,0.306423,1.40847,0.012153,28.367000000000004
1772222288468670864,2026-02-27 14:58:08.468,-28.2353,5.70511,-63.6647,0.298041,1.40169,0.013199,28.36800000000001
1772222288469820104,2026-02-27 14:58:08.469,-28.1406,5.61073,-63.7913,0.292602,1.39469,0.013655,28.369
1772222288470991487,2026-02-27 14:58:08.470,-28.0939,5.46366,-64.9689,0.283174,1.39052,0.025152,28.370000000000005
1772222288472162433,2026-02-27 14:58:08.472,-28.0033,5.40147,-64.7269,0.278061,1.38431,0.022195,28.372
1772222288473360861,2026-02-27 14:58:08.473,-27.8763,5.26906,-64.6888,0.27082,1.37838,0.022435,28.373000000000005
1772222288474533844,2026-02-27 14:58:08.474,-27.8729,5.25336,-64.1764,0.264667,1.3744,0.018366,28.37400000000001
1772222288475665646,2026-02-27 14:58:08.475,-27.7163,5.0456,-63.887,0.252109,1.36192,0.017178,28.375
1772222288476844009,2026-02-27 14:58:08.476,-27.6204,4.94741,-63.867,0.246035,1.35644,0.017036,28.376000000000005
1772222288478050741,2026-02-27 14:58:08.478,-27.5072,4.93523,-63.8503,0.246099,1.35368,0.017871,28.378
1772222288479223796,2026-02-27 14:58:08.479,-27.5296,4.86485,-62.9946,0.242546,1.35063,0.011239,28.379000000000005
1772222288480423127,2026-02-27 14:58:08.480,-27.5136,4.82641,-62.8021,0.239095,1.34707,0.009587,28.38000000000001
1772222288481566988,2026-02-27 14:58:08.481,-27.3947,4.78086,-62.7907,0.241186,1.34243,0.011323,28.381
1772222288482700520,2026-02-27 14:58:08.482,-27.2196,4.70749,-63.4397,0.235493,1.33708,0.020397,28.382000000000005
1772222288483851169,2026-02-27 14:58:08.483,-27.2433,4.6931,-63.299,0.235685,1.33355,0.020537,28.38300000000001
1772222288485051998,2026-02-27 14:58:08.485,-27.1324,4.71453,-63.1173,0.235685,1.33103,0.021051,28.385000000000005
1772222288486255976,2026-02-27 14:58:08.486,-26.9967,4.69093,-62.9365,0.241887,1.32693,0.022106,28.38600000000001
1772222288487471847,2026-02-27 14:58:08.487,-26.9281,4.70692,-62.8892,0.24076,1.32303,0.024272,28.387
1772222288488604331,2026-02-27 14:58:08.488,-26.84,4.68105,-63.5531,0.241775,1.32012,0.032664,28.388000000000005
1772222288489759910,2026-02-27 14:58:08.489,-26.6952,4.70418,-62.5403,0.243315,1.31143,0.027547,28.38900000000001
1772222288490958089,2026-02-27 14:58:08.490,-26.5673,4.74924,-61.8628,0.250118,1.30702,0.024236,28.39
1772222288492156680,2026-02-27 14:58:08.492,-26.4755,4.76667,-61.4221,0.254991,1.30273,0.02268,28.39200000000001
1772222288493354938,2026-02-27 14:58:08.493,-26.3564,4.83675,-61.1583,0.255665,1.2977,0.023099,28.393
1772222288494529398,2026-02-27 14:58:08.494,-26.2834,4.85121,-60.813,0.255898,1.29215,0.023344,28.394000000000005
1772222288495662476,2026-02-27 14:58:08.495,-26.0451,4.93768,-59.1779,0.267571,1.2804,0.014111,28.39500000000001
1772222288496819477,2026-02-27 14:58:08.496,-25.8623,4.95712,-59.2961,0.273731,1.27472,0.01737,28.396
1772222288498024868,2026-02-27 14:58:08.498,-25.7352,4.97743,-58.9057,0.274086,1.26609,0.017019,28.39800000000001
1772222288499197861,2026-02-27 14:58:08.499,-25.564,5.02294,-59.1389,0.278735,1.25926,0.022144,28.399
1772222288500397493,2026-02-27 14:58:08.500,-25.4771,5.0337,-58.9605,0.284756,1.25154,0.023294,28.400000000000006
1772222288501562987,2026-02-27 14:58:08.501,-25.2651,5.08582,-58.6499,0.288048,1.24419,0.023125,28.40100000000001
1772222288502697216,2026-02-27 14:58:08.502,-24.9763,5.18743,-57.9345,0.300289,1.22837,0.020699,28.402
1772222288503846354,2026-02-27 14:58:08.503,-24.7918,5.2279,-58.4205,0.300968,1.22044,0.026889,28.403000000000006
1772222288505045776,2026-02-27 14:58:08.505,-24.5575,5.27232,-58.0844,0.310725,1.20965,0.026262,28.405
1772222288506244954,2026-02-27 14:58:08.506,-24.366,5.32172,-57.542,0.313688,1.20031,0.024759,28.406000000000006
1772222288507444321,2026-02-27 14:58:08.507,-24.2042,5.3551,-56.7026,0.320823,1.18965,0.018408,28.40700000000001
1772222288508566692,2026-02-27 14:58:08.508,-24.0323,5.43224,-56.0466,0.325288,1.18006,0.015106,28.408
1772222288509697850,2026-02-27 14:58:08.509,-23.6621,5.51128,-55.2309,0.330666,1.15823,0.012623,28.409000000000006
1772222288510870508,2026-02-27 14:58:08.510,-23.4475,5.55038,-54.9081,0.337127,1.14729,0.010649,28.41000000000001
1772222288512070049,2026-02-27 14:58:08.512,-23.1915,5.58171,-54.2221,0.342062,1.13507,0.006058,28.412000000000006
1772222288513268330,2026-02-27 14:58:08.513,-23.002,5.61613,-53.2228,0.342447,1.12342,-0.000133,28.41300000000001
1772222288514441905,2026-02-27 14:58:08.514,-22.7548,5.65838,-53.3509,0.349172,1.11058,0.001507,28.414
1772222288515559060,2026-02-27 14:58:08.515,-22.6004,5.63547,-53.342,0.351112,1.09939,0.003541,28.415000000000006
1772222288516692011,2026-02-27 14:58:08.516,-22.3232,5.67666,-53.5817,0.352647,1.08688,0.006483,28.41600000000001
1772222288517851494,2026-02-27 14:58:08.517,-21.9691,5.70763,-53.2722,0.353641,1.06068,0.006241,28.417
1772222288519055775,2026-02-27 14:58:08.519,-21.7279,5.75161,-53.1225,0.355576,1.04779,0.005589,28.41900000000001
1772222288520255234,2026-02-27 14:58:08.520,-21.5254,5.76511,-53.0501,0.357251,1.03707,0.004221,28.42
1772222288521474016,2026-02-27 14:58:08.521,-21.378,5.73887,-54.1117,0.355298,1.02369,0.013948,28.421000000000006
1772222288522604715,2026-02-27 14:58:08.522,-21.1382,5.79415,-53.5657,0.357446,1.01307,0.008793,28.42200000000001
1772222288523774877,2026-02-27 14:58:08.523,-20.8602,5.89454,-53.3094,0.359202,0.980407,0.000599,28.423000000000002
1772222288524953831,2026-02-27 14:58:08.524,-20.6416,5.95797,-53.0667,0.349536,0.963042,0.000486,28.424000000000007
1772222288526152757,2026-02-27 14:58:08.526,-20.3635,5.93436,-53.2768,0.338639,0.948273,0.00126,28.426000000000002
1772222288527351439,2026-02-27 14:58:08.527,-20.0998,5.85841,-53.2345,0.345936,0.940456,0.002001,28.427000000000007
1772222288528554226,2026-02-27 14:58:08.528,-19.9514,5.76643,-53.1543,0.346141,0.932688,0.002458,28.42800000000001
1772222288529672469,2026-02-27 14:58:08.529,-19.9037,5.75683,-52.1703,0.349018,0.927493,-0.007787,28.429000000000002
1772222288530878714,2026-02-27 14:58:08.530,-19.6805,5.78274,-52.3878,0.359492,0.912784,-0.008008,28.430000000000007
1772222288532082011,2026-02-27 14:58:08.532,-19.1292,5.99853,-53.1648,0.344006,0.911224,0.0026,28.432000000000002
1772222288533284294,2026-02-27 14:58:08.533,-18.4833,6.0571,-53.6003,0.332824,0.933132,0.02154,28.433000000000007
1772222288534595012,2026-02-27 14:58:08.534,-18.1291,5.98047,-53.4421,0.318158,0.946009,0.032417,28.43400000000001
1772222288535749580,2026-02-27 14:58:08.535,-17.8765,5.96298,-53.4574,0.32362,0.958967,0.036234,28.435000000000002
1772222288536910096,2026-02-27 14:58:08.536,-17.6972,5.81645,-53.881,0.324507,0.964559,0.03319,28.436000000000007
1772222288538111213,2026-02-27 14:58:08.538,-17.6584,5.79408,-54.9233,0.330414,0.967094,0.034162,28.438000000000002
1772222288539311127,2026-02-27 14:58:08.539,-17.5988,5.91776,-54.9135,0.333671,0.971948,0.033128,28.439000000000007
1772222288540520739,2026-02-27 14:58:08.540,-17.5145,5.9176,-54.9621,0.330894,0.971995,0.031286,28.440000000000012
1772222288541656801,2026-02-27 14:58:08.541,-17.4071,5.95284,-54.9948,0.330663,0.972817,0.030354,28.441000000000003
1772222288542830388,2026-02-27 14:58:08.542,-17.3453,5.96407,-55.7191,0.33205,0.975898,0.029268,28.442000000000007
1772222288544030941,2026-02-27 14:58:08.544,-17.4358,5.93649,-56.1845,0.330685,0.975269,0.028388,28.444000000000003
1772222288545231416,2026-02-27 14:58:08.545,-17.5515,5.89023,-55.9515,0.327639,0.961496,0.022933,28.445000000000007
1772222288546429299,2026-02-27 14:58:08.546,-17.7235,5.79032,-54.6875,0.330011,0.94524,0.003034,28.446000000000012
1772222288547567559,2026-02-27 14:58:08.547,-17.9685,5.72327,-51.2768,0.305595,0.823332,-0.010118,28.447000000000003
1772222288548701063,2026-02-27 14:58:08.548,-17.1006,5.69306,-42.0039,0.257043,0.597537,-0.010634,28.448000000000008
1772222288549881306,2026-02-27 14:58:08.549,-9.33478,6.00043,-33.9055,0.174365,0.283253,0.022867,28.449000000000012
1772222288551076575,2026-02-27 14:58:08.551,-7.40801,5.91481,-21.0504,0.186543,0.172825,0.048869,28.451000000000008
1772222288552274214,2026-02-27 14:58:08.552,-3.81212,6.19362,-21.0381,0.154686,0.056134,0.049337,28.452000000000012
1772222288553483476,2026-02-27 14:58:08.553,-1.85849,6.40897,-14.2779,0.185118,0.029949,0.044339,28.453000000000003
1772222288554620362,2026-02-27 14:58:08.554,0.329148,6.55618,-13.676,0.186921,-0.048599,0.040657,28.454000000000008
1772222288555787159,2026-02-27 14:58:08.555,1.73323,6.77433,-10.0549,0.201689,-0.067822,0.020782,28.455000000000013
1772222288556985631,2026-02-27 14:58:08.556,4.36921,6.93801,-6.28079,0.209362,-0.156948,-0.012086,28.456000000000003
1772222288558185596,2026-02-27 14:58:08.558,5.62146,6.7727,-5.43931,0.215767,-0.185235,-0.022336,28.458000000000013
1772222288559385087,2026-02-27 14:58:08.559,6.7814,6.61492,-5.82583,0.213137,-0.243111,-0.020778,28.459000000000003
1772222288560569119,2026-02-27 14:58:08.560,7.42919,6.50075,-3.98897,0.203235,-0.248352,-0.023103,28.460000000000008
1772222288561715152,2026-02-27 14:58:08.561,8.94681,5.35019,-7.09773,0.263081,-0.312377,0.016481,28.461000000000013
1772222288562863457,2026-02-27 14:58:08.562,8.97337,5.69159,-5.21601,0.207591,-0.281522,0.010086,28.462000000000003
1772222288564042860,2026-02-27 14:58:08.564,10.1874,3.9378,-9.36099,0.270304,-0.440035,0.04892,28.464
1772222288565244246,2026-02-27 14:58:08.565,9.72968,4.35213,-6.57776,0.173261,-0.363997,0.029831,28.465000000000003
1772222288566440781,2026-02-27 14:58:08.566,10.1726,3.15361,-9.77186,0.205492,-0.400316,0.056574,28.466000000000008
1772222288567567792,2026-02-27 14:58:08.567,9.90554,2.91731,-10.5866,0.197239,-0.357903,0.06602,28.467
1772222288568701418,2026-02-27 14:58:08.568,9.4193,2.46584,-9.99097,0.173739,-0.345874,0.066134,28.468000000000004
1772222288569873278,2026-02-27 14:58:08.569,9.63819,1.38984,-13.9442,0.222711,-0.435233,0.111312,28.46900000000001
1772222288571057322,2026-02-27 14:58:08.571,9.83502,0.871915,-16.9501,0.265235,-0.395258,0.158251,28.471000000000004
1772222288572359738,2026-02-27 14:58:08.572,9.76673,1.22093,-16.6691,0.238233,-0.389998,0.169952,28.47200000000001
1772222288573556206,2026-02-27 14:58:08.573,10.0669,1.00359,-16.8487,0.266564,-0.393112,0.178106,28.473
1772222288574692534,2026-02-27 14:58:08.574,10.5209,0.970528,-17.7851,0.289954,-0.409654,0.192788,28.474000000000004
1772222288575844738,2026-02-27 14:58:08.575,10.5523,1.3617,-17.1185,0.267396,-0.399306,0.180123,28.47500000000001
1772222288577019598,2026-02-27 14:58:08.577,10.8873,1.66291,-17.2541,0.27273,-0.44189,0.175857,28.477000000000004
1772222288578213801,2026-02-27 14:58:08.578,11.2475,1.74761,-17.0866,0.281997,-0.439856,0.176809,28.47800000000001
1772222288579413592,2026-02-27 14:58:08.579,11.6574,2.01306,-15.6058,0.286741,-0.427005,0.173385,28.479
1772222288580567914,2026-02-27 14:58:08.580,11.7222,2.21723,-15.7447,0.294002,-0.431937,0.176386,28.480000000000004
1772222288581701491,2026-02-27 14:58:08.581,11.549,2.69348,-14.3743,0.275712,-0.421717,0.16479,28.48100000000001
1772222288582863711,2026-02-27 14:58:08.582,11.3791,2.77866,-14.7412,0.280391,-0.443076,0.167071,28.482
1772222288584039119,2026-02-27 14:58:08.584,10.8678,2.96938,-17.8804,0.363579,-0.441994,0.141832,28.48400000000001
1772222288585235660,2026-02-27 14:58:08.585,9.73487,2.85531,-18.3453,0.42656,-0.44435,0.119165,28.485
1772222288586435802,2026-02-27 14:58:08.586,8.29654,2.16096,-22.7746,0.545683,-0.335576,0.075314,28.486000000000004
1772222288587643450,2026-02-27 14:58:08.587,6.56677,2.7523,-25.5075,0.563575,-0.329926,0.033544,28.48700000000001
1772222288588840307,2026-02-27 14:58:08.588,4.53108,2.70002,-28.6029,0.656682,-0.315401,-0.005238,28.488
1772222288590042380,2026-02-27 14:58:08.590,0.374836,2.62305,-39.4405,0.914407,0.032024,-0.139185,28.49000000000001
1772222288591243881,2026-02-27 14:58:08.591,-1.44028,4.57795,-39.7454,0.709202,-0.090424,-0.109599,28.491
1772222288592446241,2026-02-27 14:58:08.592,-3.4464,3.85339,-41.2545,0.807608,0.005776,-0.113332,28.492000000000004
1772222288593597487,2026-02-27 14:58:08.593,-4.45917,4.00708,-42.459,0.767444,0.111241,-0.105714,28.49300000000001
1772222288594732569,2026-02-27 14:58:08.594,-5.64548,4.00083,-42.1965,0.736763,0.218756,-0.113768,28.494
1772222288595862301,2026-02-27 14:58:08.595,-6.96976,3.75014,-42.5565,0.726242,0.2809,-0.120692,28.495000000000005
1772222288597047328,2026-02-27 14:58:08.597,-9.25755,3.72136,-42.4591,0.67593,0.431878,-0.141029,28.497
1772222288598217537,2026-02-27 14:58:08.598,-10.542,3.76318,-42.51,0.647019,0.493734,-0.143114,28.498000000000005
1772222288599414733,2026-02-27 14:58:08.599,-11.5306,3.93784,-42.3487,0.630522,0.562105,-0.141598,28.49900000000001
1772222288600563621,2026-02-27 14:58:08.600,-12.594,4.03316,-41.4851,0.610217,0.622075,-0.142212,28.5
1772222288601696939,2026-02-27 14:58:08.601,-13.4356,4.12889,-39.9541,0.590701,0.681663,-0.144485,28.501000000000005
1772222288602877313,2026-02-27 14:58:08.602,-14.2012,4.28693,-38.3469,0.578518,0.736934,-0.145439,28.50200000000001
1772222288604071979,2026-02-27 14:58:08.604,-15.179,4.56551,-36.4414,0.567368,0.826695,-0.144827,28.504000000000005
1772222288605270671,2026-02-27 14:58:08.605,-15.5316,4.7179,-34.7868,0.572291,0.857152,-0.151672,28.50500000000001
1772222288606471329,2026-02-27 14:58:08.606,-15.6873,4.8474,-33.5479,0.575618,0.882599,-0.156907,28.506
1772222288607603268,2026-02-27 14:58:08.607,-15.9896,4.96977,-31.9439,0.579076,0.902324,-0.165618,28.507000000000005
1772222288608736648,2026-02-27 14:58:08.608,-16.0614,5.02218,-30.5881,0.580637,0.913253,-0.170271,28.50800000000001
1772222288609865350,2026-02-27 14:58:08.609,-15.9924,5.03583,-29.5701,0.578138,0.918271,-0.173073,28.509
1772222288611049355,2026-02-27 14:58:08.611,-15.753,4.98989,-27.7301,0.572954,0.916932,-0.173591,28.51100000000001
1772222288612234967,2026-02-27 14:58:08.612,-15.7285,4.94045,-26.1132,0.567798,0.912755,-0.18133,28.512
1772222288613438171,2026-02-27 14:58:08.613,-15.5021,4.89967,-25.0522,0.558572,0.904063,-0.1816,28.513000000000005
1772222288614576430,2026-02-27 14:58:08.614,-15.3108,4.78563,-24.5049,0.547348,0.893335,-0.178341,28.51400000000001
1772222288615707404,2026-02-27 14:58:08.615,-15.1701,4.68607,-24.3154,0.534405,0.883292,-0.170376,28.515
1772222288616885136,2026-02-27 14:58:08.616,-14.9333,4.57,-24.1813,0.522771,0.86904,-0.163055,28.516000000000005
1772222288618069858,2026-02-27 14:58:08.618,-14.4342,4.30156,-23.3457,0.499506,0.840589,-0.157321,28.518
1772222288619248054,2026-02-27 14:58:08.619,-14.195,4.13773,-23.0098,0.484359,0.822856,-0.153142,28.519000000000005
1772222288620445384,2026-02-27 14:58:08.620,-13.8863,3.92125,-22.8662,0.470512,0.802797,-0.147367,28.52000000000001
1772222288621564654,2026-02-27 14:58:08.621,-13.4864,3.77374,-23.6491,0.461277,0.781995,-0.136456,28.521
1772222288622693809,2026-02-27 14:58:08.622,-13.1456,3.62582,-23.2264,0.449672,0.757675,-0.13595,28.522000000000006
1772222288623860160,2026-02-27 14:58:08.623,-12.8265,3.44691,-23.1469,0.440961,0.730742,-0.132762,28.52300000000001
1772222288625043207,2026-02-27 14:58:08.625,-12.4188,3.28364,-22.89,0.430918,0.702244,-0.131659,28.525000000000006
1772222288626233176,2026-02-27 14:58:08.626,-11.6044,2.99352,-23.0349,0.415466,0.646043,-0.12501,28.52600000000001
1772222288627433347,2026-02-27 14:58:08.627,-11.2129,2.84344,-23.3195,0.409269,0.616881,-0.121962,28.527
1772222288628568086,2026-02-27 14:58:08.628,-10.8266,2.74371,-23.6519,0.406318,0.589865,-0.117593,28.528000000000006
1772222288629699489,2026-02-27 14:58:08.629,-10.5293,2.64011,-22.839,0.403207,0.562367,-0.123646,28.52900000000001
1772222288630874759,2026-02-27 14:58:08.630,-10.114,2.57392,-23.5155,0.397197,0.536099,-0.11655,28.53
1772222288632057242,2026-02-27 14:58:08.632,-9.84443,2.44133,-23.9459,0.395144,0.510248,-0.113039,28.53200000000001
1772222288633238734,2026-02-27 14:58:08.633,-9.27171,2.29183,-25.5223,0.388441,0.45982,-0.099392,28.533
1772222288634435763,2026-02-27 14:58:08.634,-9.00384,2.224,-25.8698,0.387505,0.435578,-0.096013,28.534000000000006
1772222288635561295,2026-02-27 14:58:08.635,-8.68429,2.18912,-26.2956,0.385903,0.413539,-0.092949,28.53500000000001
1772222288636691982,2026-02-27 14:58:08.636,-8.42933,2.20833,-26.5404,0.384928,0.391438,-0.089705,28.536
1772222288637871488,2026-02-27 14:58:08.637,-8.10012,2.13934,-27.587,0.381599,0.369031,-0.078922,28.537000000000006
1772222288639056961,2026-02-27 14:58:08.639,-7.80053,2.14537,-27.9701,0.383192,0.349601,-0.075987,28.539
1772222288640226268,2026-02-27 14:58:08.640,-7.24798,2.11612,-27.7799,0.3749,0.308323,-0.077051,28.540000000000006
1772222288641425352,2026-02-27 14:58:08.641,-6.97371,2.23206,-27.6525,0.378646,0.290272,-0.077366,28.54100000000001
1772222288642553893,2026-02-27 14:58:08.642,-6.69803,2.26502,-27.6198,0.375938,0.271891,-0.075988,28.542
1772222288643681423,2026-02-27 14:58:08.643,-6.42065,2.28112,-27.6656,0.373108,0.253101,-0.075086,28.543000000000006
1772222288644857756,2026-02-27 14:58:08.644,-6.12881,2.32142,-27.8205,0.371411,0.235187,-0.072948,28.54400000000001
1772222288646045940,2026-02-27 14:58:08.646,-5.86045,2.32359,-27.5176,0.370524,0.216717,-0.075452,28.546000000000006
1772222288647217917,2026-02-27 14:58:08.647,-5.31953,2.44131,-27.3734,0.370701,0.182245,-0.075097,28.54700000000001
1772222288648413498,2026-02-27 14:58:08.648,-5.03598,2.45111,-27.4961,0.366503,0.165755,-0.071745,28.548000000000002
1772222288649565607,2026-02-27 14:58:08.649,-4.78076,2.46424,-28.0216,0.363808,0.148531,-0.065992,28.549000000000007
1772222288650696080,2026-02-27 14:58:08.650,-4.55569,2.44215,-28.0955,0.359003,0.131463,-0.064096,28.55000000000001
1772222288651869841,2026-02-27 14:58:08.651,-4.26324,2.41458,-28.0663,0.361086,0.113879,-0.061819,28.551000000000002
1772222288653055961,2026-02-27 14:58:08.653,-3.97002,2.41806,-28.1905,0.35982,0.097414,-0.061193,28.55300000000001
1772222288654245369,2026-02-27 14:58:08.654,-3.57495,2.38889,-29.4693,0.357425,0.068074,-0.049148,28.554000000000002
1772222288655436503,2026-02-27 14:58:08.655,-3.3366,2.35287,-29.0992,0.358217,0.053157,-0.052491,28.555000000000007
1772222288656567372,2026-02-27 14:58:08.656,-3.1551,2.35237,-29.2824,0.356115,0.03868,-0.052524,28.55600000000001
1772222288657698718,2026-02-27 14:58:08.657,-2.9428,2.32991,-28.9519,0.356639,0.024946,-0.056103,28.557000000000002
1772222288658873414,2026-02-27 14:58:08.658,-2.82537,2.31139,-28.8967,0.356671,0.013304,-0.058325,28.558000000000007
1772222288660065921,2026-02-27 14:58:08.660,-2.69176,2.3027,-29.1028,0.357037,0.001013,-0.057901,28.560000000000002
1772222288661237993,2026-02-27 14:58:08.661,-2.38856,2.2098,-29.5024,0.357019,-0.021054,-0.058869,28.561000000000007
1772222288662429271,2026-02-27 14:58:08.662,-2.28467,2.22561,-28.8661,0.361373,-0.030834,-0.068798,28.562000000000012
1772222288663559962,2026-02-27 14:58:08.663,-2.18863,2.21546,-29.227,0.363311,-0.038465,-0.069543,28.563000000000002
1772222288664687791,2026-02-27 14:58:08.664,-2.13141,2.17882,-29.5166,0.361753,-0.046533,-0.069027,28.564000000000007
1772222288665861964,2026-02-27 14:58:08.665,-1.98181,2.15455,-30.4393,0.363847,-0.052387,-0.06459,28.565000000000012
1772222288667060079,2026-02-27 14:58:08.667,-1.97888,2.15141,-31.0931,0.36267,-0.060157,-0.061445,28.567000000000007
1772222288668246041,2026-02-27 14:58:08.668,-1.83457,2.06797,-31.6973,0.363477,-0.070495,-0.062375,28.568000000000012
1772222288669439773,2026-02-27 14:58:08.669,-1.8502,2.06799,-32.095,0.365341,-0.074605,-0.06398,28.569000000000003
1772222288670566004,2026-02-27 14:58:08.670,-1.75392,2.04948,-32.7686,0.366171,-0.075454,-0.060328,28.570000000000007
1772222288671696415,2026-02-27 14:58:08.671,-1.78667,2.02991,-33.8186,0.366386,-0.07933,-0.05571,28.571000000000012
1772222288672877164,2026-02-27 14:58:08.672,-1.76096,2.0143,-33.8995,0.369593,-0.079242,-0.058702,28.572000000000003
1772222288674074239,2026-02-27 14:58:08.674,-1.79409,1.93588,-33.9335,0.365805,-0.081323,-0.063279,28.574000000000012
1772222288675263187,2026-02-27 14:58:08.675,-1.87436,1.96128,-34.1422,0.367868,-0.078433,-0.068887,28.575000000000003
1772222288676476081,2026-02-27 14:58:08.676,-1.96376,1.86225,-34.6319,0.36731,-0.076135,-0.068993,28.576000000000008
1772222288677604644,2026-02-27 14:58:08.677,-2.02462,1.8128,-34.9753,0.366193,-0.074159,-0.069655,28.577000000000012
1772222288678781339,2026-02-27 14:58:08.678,-2.114,1.85903,-35.4102,0.362147,-0.069617,-0.072107,28.578000000000003
1772222288679978569,2026-02-27 14:58:08.679,-2.2569,1.83231,-34.5665,0.363631,-0.065909,-0.079929,28.579000000000008
1772222288681168771,2026-02-27 14:58:08.681,-2.36328,1.72382,-35.4623,0.362244,-0.06035,-0.077117,28.581000000000003
1772222288682354140,2026-02-27 14:58:08.682,-2.61148,1.65576,-36.7431,0.359241,-0.04726,-0.071783,28.582000000000008
1772222288683608722,2026-02-27 14:58:08.683,-2.76594,1.57113,-37.3064,0.358023,-0.039828,-0.070052,28.583000000000013
1772222288684783087,2026-02-27 14:58:08.684,-2.95741,1.56952,-37.7294,0.349936,-0.030092,-0.07156,28.584000000000003
1772222288685978660,2026-02-27 14:58:08.685,-3.11177,1.4661,-37.9991,0.352547,-0.022074,-0.070888,28.585000000000008
1772222288687163264,2026-02-27 14:58:08.687,-3.27183,1.44477,-38.3268,0.348592,-0.011384,-0.071018,28.587000000000003
1772222288688336748,2026-02-27 14:58:08.688,-3.69453,1.31645,-39.9431,0.345859,0.011168,-0.064444,28.588000000000008
1772222288689530497,2026-02-27 14:58:08.689,-3.94136,1.25786,-40.2255,0.342523,0.024898,-0.065406,28.589
1772222288690659228,2026-02-27 14:58:08.690,-4.15727,1.23163,-40.032,0.340878,0.036419,-0.070524,28.590000000000003
1772222288691836329,2026-02-27 14:58:08.691,-4.395,1.23084,-39.9942,0.33869,0.05125,-0.073626,28.591000000000008
1772222288693033723,2026-02-27 14:58:08.693,-4.60739,1.18537,-40.1508,0.338115,0.064655,-0.074896,28.593000000000004
1772222288694216122,2026-02-27 14:58:08.694,-4.88025,1.12627,-40.4182,0.33278,0.077861,-0.07523,28.59400000000001
1772222288695400967,2026-02-27 14:58:08.695,-5.37721,1.01985,-40.1987,0.329621,0.107839,-0.081592,28.595
1772222288696560075,2026-02-27 14:58:08.696,-5.64492,1.06575,-39.9417,0.327788,0.124455,-0.087113,28.596000000000004
1772222288697688582,2026-02-27 14:58:08.697,-5.79968,0.985412,-40.3868,0.33058,0.139441,-0.087479,28.59700000000001
1772222288698864455,2026-02-27 14:58:08.698,-6.13123,0.990428,-40.905,0.32779,0.156406,-0.083613,28.598
1772222288700062789,2026-02-27 14:58:08.700,-6.37761,0.963784,-41.4158,0.325892,0.172098,-0.080626,28.60000000000001
1772222288701246005,2026-02-27 14:58:08.701,-6.62505,0.935449,-41.4355,0.321509,0.187412,-0.081259,28.601
1772222288702430770,2026-02-27 14:58:08.702,-7.12685,0.895532,-41.5085,0.317414,0.220674,-0.083327,28.602000000000004
1772222288703561771,2026-02-27 14:58:08.703,-7.41107,0.888537,-41.5514,0.316036,0.236399,-0.083456,28.60300000000001
1772222288704692146,2026-02-27 14:58:08.704,-7.66693,0.77008,-42.6023,0.309123,0.252425,-0.076009,28.604
1772222288705869005,2026-02-27 14:58:08.705,-7.90436,0.814307,-42.1678,0.310906,0.269269,-0.08031,28.605000000000004
1772222288707060401,2026-02-27 14:58:08.707,-8.19952,0.77944,-42.0812,0.30741,0.28507,-0.081704,28.607
1772222288708230756,2026-02-27 14:58:08.708,-8.43987,0.789992,-41.5418,0.304443,0.302769,-0.086717,28.608000000000004
1772222288709412611,2026-02-27 14:58:08.709,-8.96182,0.823779,-41.2937,0.301892,0.337934,-0.091115,28.60900000000001
1772222288710555417,2026-02-27 14:58:08.710,-9.22394,0.851356,-41.2756,0.303721,0.355182,-0.090946,28.61
1772222288711687374,2026-02-27 14:58:08.711,-9.4605,0.815439,-41.0905,0.299338,0.37076,-0.091694,28.611000000000004
1772222288712887787,2026-02-27 14:58:08.712,-9.77724,0.867018,-40.0004,0.300936,0.388676,-0.10308,28.61200000000001
1772222288714087619,2026-02-27 14:58:08.714,-10.0605,0.858478,-40.1972,0.300479,0.405732,-0.101374,28.614000000000004
1772222288715271145,2026-02-27 14:58:08.715,-10.3441,0.847066,-40.1323,0.293922,0.423497,-0.102654,28.61500000000001
1772222288716449031,2026-02-27 14:58:08.716,-10.9062,0.89706,-40.8718,0.298567,0.457193,-0.095858,28.616
1772222288717601100,2026-02-27 14:58:08.717,-11.2039,0.958568,-40.7437,0.297702,0.476158,-0.097167,28.617000000000004
1772222288718736366,2026-02-27 14:58:08.718,-11.494,1.00136,-40.676,0.299299,0.493825,-0.098453,28.61800000000001
1772222288719866112,2026-02-27 14:58:08.719,-11.7272,1.02765,-40.5677,0.301195,0.511229,-0.099534,28.619
1772222288721065310,2026-02-27 14:58:08.721,-11.981,1.10328,-41.07,0.302569,0.528584,-0.094516,28.62100000000001
1772222288722252964,2026-02-27 14:58:08.722,-12.2658,1.20827,-41.3659,0.305491,0.548438,-0.092986,28.622
1772222288723430543,2026-02-27 14:58:08.723,-12.8166,1.29359,-40.4006,0.307947,0.580581,-0.101066,28.623000000000005
1772222288724558536,2026-02-27 14:58:08.724,-13.063,1.3776,-39.9471,0.312583,0.596702,-0.105046,28.62400000000001
1772222288725690757,2026-02-27 14:58:08.725,-13.2998,1.4892,-39.6296,0.314455,0.613474,-0.107022,28.625
1772222288726866369,2026-02-27 14:58:08.726,-13.5551,1.5973,-39.5423,0.318819,0.629569,-0.107986,28.626000000000005
1772222288728064427,2026-02-27 14:58:08.728,-13.8049,1.66692,-39.4005,0.32167,0.646362,-0.111123,28.628
1772222288729248505,2026-02-27 14:58:08.729,-14.025,1.75321,-39.072,0.328279,0.662258,-0.114499,28.629000000000005
1772222288730426388,2026-02-27 14:58:08.730,-14.536,1.93431,-38.255,0.333035,0.693262,-0.121498,28.63000000000001
1772222288731540773,2026-02-27 14:58:08.731,-14.7603,2.07501,-38.1703,0.342202,0.709048,-0.121718,28.631
1772222288732671019,2026-02-27 14:58:08.732,-14.9874,2.20356,-38.4996,0.348562,0.724591,-0.117954,28.632000000000005
1772222288733868705,2026-02-27 14:58:08.733,-15.2142,2.29764,-38.4582,0.352521,0.739131,-0.118098,28.63300000000001
1772222288735066488,2026-02-27 14:58:08.735,-15.3885,2.40949,-38.2754,0.359014,0.753799,-0.120911,28.635000000000005
1772222288736264983,2026-02-27 14:58:08.736,-15.6212,2.59186,-38.1263,0.364245,0.766937,-0.121964,28.63600000000001
1772222288737473349,2026-02-27 14:58:08.737,-16.003,2.81011,-38.8175,0.376804,0.795524,-0.115551,28.637
1772222288738604753,2026-02-27 14:58:08.738,-16.1735,2.93739,-38.2829,0.384118,0.808583,-0.11919,28.638000000000005
1772222288739771068,2026-02-27 14:58:08.739,-16.387,3.05708,-38.0305,0.387021,0.822299,-0.120503,28.63900000000001
1772222288740941542,2026-02-27 14:58:08.740,-16.5841,3.18328,-37.1928,0.391126,0.834061,-0.127212,28.64
1772222288742138517,2026-02-27 14:58:08.742,-16.7118,3.28901,-36.6174,0.397376,0.844688,-0.13085,28.64200000000001
1772222288743310056,2026-02-27 14:58:08.743,-16.923,3.39398,-36.3688,0.403731,0.856539,-0.131434,28.643
1772222288744506408,2026-02-27 14:58:08.744,-17.3202,3.71363,-35.8577,0.416318,0.885419,-0.13455,28.644000000000005
1772222288745640289,2026-02-27 14:58:08.745,-17.4908,3.83994,-34.7676,0.419869,0.896968,-0.142424,28.64500000000001
1772222288746857154,2026-02-27 14:58:08.746,-17.6851,4.0131,-34.3392,0.426471,0.911269,-0.145476,28.646
1772222288748057994,2026-02-27 14:58:08.748,-17.8065,4.08449,-34.1609,0.431717,0.921882,-0.144463,28.64800000000001
1772222288749256899,2026-02-27 14:58:08.749,-17.9089,4.21339,-34.2845,0.436977,0.932301,-0.140817,28.649
1772222288750430910,2026-02-27 14:58:08.750,-18.1041,4.43735,-34.019,0.443819,0.947864,-0.137536,28.650000000000006
1772222288751540843,2026-02-27 14:58:08.751,-18.1758,4.48842,-33.6086,0.447723,0.951947,-0.137861,28.65100000000001
1772222288752673979,2026-02-27 14:58:08.752,-18.1815,4.60779,-33.2888,0.452791,0.951802,-0.136654,28.652
1772222288753855455,2026-02-27 14:58:08.753,-18.2214,4.72724,-33.1056,0.456888,0.964812,-0.136146,28.653000000000006
1772222288755056031,2026-02-27 14:58:08.755,-18.2921,4.83568,-33.7439,0.466515,0.977986,-0.131267,28.655
1772222288756255626,2026-02-27 14:58:08.756,-18.4727,4.90833,-33.0034,0.467939,0.98637,-0.135725,28.656000000000006
1772222288757474571,2026-02-27 14:58:08.757,-18.6106,5.07965,-31.559,0.478694,0.999231,-0.141131,28.65700000000001
1772222288758611462,2026-02-27 14:58:08.758,-18.6776,5.20884,-31.0364,0.481242,1.0042,-0.143104,28.658
1772222288759791349,2026-02-27 14:58:08.759,-18.8063,5.36062,-30.6202,0.48378,1.00813,-0.141442,28.659000000000006
1772222288760991456,2026-02-27 14:58:08.760,-18.8627,5.46001,-30.3125,0.486104,1.01838,-0.141504,28.66000000000001
1772222288762192345,2026-02-27 14:58:08.762,-18.8862,5.58085,-29.7972,0.494156,1.02343,-0.141902,28.662000000000006
1772222288763377479,2026-02-27 14:58:08.763,-19.0358,5.64724,-28.3387,0.497417,1.032,-0.153211,28.66300000000001
1772222288764534875,2026-02-27 14:58:08.764,-19.099,5.7866,-27.9536,0.505475,1.04124,-0.149225,28.664
1772222288765668347,2026-02-27 14:58:08.765,-19.1055,5.88593,-27.941,0.507687,1.04542,-0.141486,28.665000000000006
1772222288766848158,2026-02-27 14:58:08.766,-19.1002,5.9798,-27.9468,0.51154,1.04812,-0.137129,28.66600000000001
