abs_timestamp_ns,human_time,fx,fy,fz,tx,ty,tz,mocap_ref_time
1772223962657073383,2026-02-27 15:26:02.657,3.13983,-6.17154,-21.0572,-0.152982,-0.022311,-0.01986,19.200000000000003
1772223962658272387,2026-02-27 15:26:02.658,3.15869,-6.17952,-21.0727,-0.155282,-0.024505,-0.020753,19.201000000000008
1772223962659485048,2026-02-27 15:26:02.659,3.24093,-6.15923,-21.2016,-0.157288,-0.025957,-0.022803,19.202000000000012
1772223962660622268,2026-02-27 15:26:02.660,4.01472,-6.10473,-21.6411,-0.164623,-0.01281,-0.03769,19.203000000000003
1772223962661757379,2026-02-27 15:26:02.661,4.94931,-5.92424,-20.934,-0.172647,0.013614,-0.068414,19.204000000000008
1772223962662899888,2026-02-27 15:26:02.662,5.67223,-5.57376,-21.0491,-0.173654,0.047922,-0.082262,19.205000000000013
1772223962664032157,2026-02-27 15:26:02.664,5.83787,-5.58868,-21.2639,-0.172867,0.060141,-0.079659,19.207000000000008
1772223962665155846,2026-02-27 15:26:02.665,5.81963,-5.48434,-21.1494,-0.176047,0.063973,-0.078584,19.208000000000013
1772223962666273489,2026-02-27 15:26:02.666,5.95193,-5.45102,-20.7641,-0.170971,0.066321,-0.080707,19.209000000000003
1772223962667391417,2026-02-27 15:26:02.667,5.97093,-5.49989,-20.6261,-0.171863,0.068412,-0.083068,19.210000000000008
1772223962668477884,2026-02-27 15:26:02.668,6.02127,-5.5593,-20.4203,-0.170786,0.07595,-0.086096,19.211000000000013
1772223962669593594,2026-02-27 15:26:02.669,5.96826,-5.55447,-20.9956,-0.172003,0.073967,-0.079328,19.212000000000003
1772223962670706399,2026-02-27 15:26:02.670,5.94706,-5.51277,-20.6466,-0.176917,0.064684,-0.080346,19.213000000000008
1772223962671858065,2026-02-27 15:26:02.671,5.70705,-5.4876,-17.1372,-0.191429,-0.010184,-0.087911,19.214
1772223962673053789,2026-02-27 15:26:02.673,5.96799,-5.51825,-15.375,-0.200794,-0.052417,-0.096709,19.216000000000008
1772223962674349654,2026-02-27 15:26:02.674,6.17641,-5.38964,-13.5875,-0.215181,-0.081783,-0.109518,19.217
1772223962675561398,2026-02-27 15:26:02.675,6.36043,-5.3603,-10.9061,-0.236802,-0.136379,-0.119939,19.218000000000004
1772223962676691336,2026-02-27 15:26:02.676,6.44743,-5.3136,-8.65798,-0.247288,-0.164788,-0.134752,19.21900000000001
1772223962677846579,2026-02-27 15:26:02.677,6.80397,-5.49125,-6.73423,-0.267068,-0.19754,-0.174926,19.22
1772223962679027357,2026-02-27 15:26:02.679,6.82868,-5.46663,-7.08439,-0.251973,-0.200368,-0.176683,19.22200000000001
1772223962680225308,2026-02-27 15:26:02.680,6.78181,-5.31141,-6.8279,-0.238572,-0.208645,-0.181366,19.223
1772223962681418310,2026-02-27 15:26:02.681,6.90784,-5.21791,-8.15592,-0.233369,-0.21783,-0.186785,19.224000000000004
1772223962682571541,2026-02-27 15:26:02.682,6.99543,-5.01199,-8.46306,-0.213689,-0.233247,-0.192016,19.22500000000001
1772223962683699685,2026-02-27 15:26:02.683,7.0038,-4.83007,-8.92363,-0.200712,-0.224113,-0.195457,19.226
1772223962684848083,2026-02-27 15:26:02.684,6.93529,-4.59821,-8.88682,-0.193359,-0.229984,-0.198019,19.227000000000004
1772223962686037100,2026-02-27 15:26:02.686,7.20027,-4.4271,-10.5657,-0.184536,-0.233389,-0.20197,19.229
1772223962687230663,2026-02-27 15:26:02.687,7.15319,-4.39425,-9.47077,-0.186671,-0.24154,-0.214274,19.230000000000004
1772223962688423563,2026-02-27 15:26:02.688,7.30239,-4.40681,-9.36647,-0.194252,-0.260112,-0.224655,19.23100000000001
1772223962689559994,2026-02-27 15:26:02.689,7.48256,-4.45565,-9.37775,-0.199673,-0.267309,-0.23868,19.232
1772223962690685073,2026-02-27 15:26:02.690,7.54872,-4.50121,-9.44838,-0.203018,-0.264312,-0.246586,19.233000000000004
1772223962691843136,2026-02-27 15:26:02.691,7.48706,-4.53797,-9.30975,-0.197626,-0.269846,-0.239678,19.23400000000001
1772223962693010265,2026-02-27 15:26:02.693,7.65768,-4.53057,-9.28938,-0.189164,-0.298395,-0.252184,19.236000000000004
1772223962694206822,2026-02-27 15:26:02.694,7.53332,-4.52774,-7.78987,-0.185378,-0.301459,-0.263762,19.23700000000001
1772223962695402272,2026-02-27 15:26:02.695,7.79034,-4.59401,-8.6501,-0.180406,-0.300001,-0.261987,19.238
1772223962696565175,2026-02-27 15:26:02.696,7.75063,-4.64185,-9.88954,-0.175482,-0.293425,-0.259038,19.239000000000004
1772223962697694857,2026-02-27 15:26:02.697,7.77409,-4.68101,-10.9555,-0.172659,-0.284377,-0.254397,19.24000000000001
1772223962698841910,2026-02-27 15:26:02.698,7.8231,-4.74161,-12.0442,-0.172029,-0.303506,-0.250274,19.241
1772223962700013275,2026-02-27 15:26:02.700,7.66136,-4.81422,-11.2887,-0.178497,-0.316191,-0.254877,19.24300000000001
1772223962701210376,2026-02-27 15:26:02.701,7.62672,-4.90589,-10.6824,-0.184307,-0.32061,-0.254628,19.244
1772223962702394890,2026-02-27 15:26:02.702,7.74468,-5.19541,-11.7278,-0.186278,-0.304073,-0.249738,19.245000000000005
1772223962703568027,2026-02-27 15:26:02.703,7.82852,-5.27692,-13.3333,-0.188279,-0.289177,-0.243505,19.24600000000001
1772223962704696700,2026-02-27 15:26:02.704,7.58928,-5.27503,-12.3464,-0.189454,-0.287727,-0.242442,19.247
1772223962705860917,2026-02-27 15:26:02.705,7.62035,-5.33272,-12.2795,-0.183004,-0.294574,-0.243072,19.248000000000005
1772223962707029526,2026-02-27 15:26:02.707,7.46919,-5.29213,-11.654,-0.181857,-0.297562,-0.245754,19.25
1772223962708219944,2026-02-27 15:26:02.708,7.40563,-5.25221,-10.9699,-0.181234,-0.301179,-0.247814,19.251000000000005
1772223962709357042,2026-02-27 15:26:02.709,7.36761,-5.28375,-10.6003,-0.185012,-0.311074,-0.252023,19.25200000000001
1772223962710575690,2026-02-27 15:26:02.710,7.32646,-5.36973,-10.1297,-0.191366,-0.317714,-0.259296,19.253
1772223962711706297,2026-02-27 15:26:02.711,7.22753,-5.43051,-8.48345,-0.19347,-0.322261,-0.271798,19.254000000000005
1772223962712876749,2026-02-27 15:26:02.712,7.19619,-5.46556,-8.16581,-0.195016,-0.320552,-0.270614,19.25500000000001
1772223962714044727,2026-02-27 15:26:02.714,7.39044,-5.64674,-8.43653,-0.194776,-0.318765,-0.265869,19.257000000000005
1772223962715233522,2026-02-27 15:26:02.715,7.83222,-5.67862,-9.19361,-0.195654,-0.303089,-0.266808,19.25800000000001
1772223962716427572,2026-02-27 15:26:02.716,8.80953,-5.72741,-10.1011,-0.213483,-0.2895,-0.284916,19.259
1772223962717569601,2026-02-27 15:26:02.717,9.38611,-5.74535,-10.443,-0.229697,-0.273454,-0.30012,19.260000000000005
1772223962718696892,2026-02-27 15:26:02.718,9.61206,-5.79879,-10.1463,-0.231559,-0.272486,-0.30444,19.26100000000001
1772223962719878099,2026-02-27 15:26:02.719,9.84486,-5.88196,-10.7588,-0.233276,-0.272252,-0.297306,19.262
1772223962721050837,2026-02-27 15:26:02.721,9.83953,-6.1761,-9.30454,-0.245383,-0.267554,-0.302112,19.26400000000001
1772223962722241776,2026-02-27 15:26:02.722,9.96679,-6.27253,-8.60065,-0.246927,-0.256022,-0.306326,19.265
1772223962723441163,2026-02-27 15:26:02.723,9.93324,-6.30848,-8.46182,-0.23941,-0.25223,-0.305295,19.266000000000005
1772223962724562525,2026-02-27 15:26:02.724,9.54137,-6.37408,-8.88182,-0.220649,-0.272606,-0.294602,19.26700000000001
1772223962725689732,2026-02-27 15:26:02.725,8.61848,-6.33907,-9.16819,-0.183914,-0.305996,-0.280344,19.268
1772223962726862418,2026-02-27 15:26:02.726,8.23,-6.2584,-9.29147,-0.166994,-0.337862,-0.275043,19.269000000000005
1772223962728034360,2026-02-27 15:26:02.728,7.73178,-6.07662,-7.88755,-0.163297,-0.368619,-0.289581,19.271
1772223962729208129,2026-02-27 15:26:02.729,7.63144,-6.06043,-7.67837,-0.167812,-0.374679,-0.294316,19.272000000000006
1772223962730404454,2026-02-27 15:26:02.730,7.97677,-6.4243,-9.05191,-0.164499,-0.386325,-0.29843,19.27300000000001
1772223962731576049,2026-02-27 15:26:02.731,7.77082,-6.51857,-9.69737,-0.16971,-0.386479,-0.303526,19.274
1772223962732703146,2026-02-27 15:26:02.732,7.73144,-6.65967,-9.63253,-0.1782,-0.39982,-0.308222,19.275000000000006
1772223962733880150,2026-02-27 15:26:02.733,7.79442,-6.6653,-9.41919,-0.180734,-0.410226,-0.309963,19.27600000000001
1772223962735051199,2026-02-27 15:26:02.735,7.93339,-6.74847,-9.04226,-0.193111,-0.409718,-0.305448,19.278000000000006
1772223962736245571,2026-02-27 15:26:02.736,8.02472,-6.81128,-10.1309,-0.189469,-0.399102,-0.293829,19.27900000000001
1772223962737440234,2026-02-27 15:26:02.737,8.0567,-6.80222,-9.52838,-0.194464,-0.396954,-0.292579,19.28
1772223962738561514,2026-02-27 15:26:02.738,8.21997,-6.75251,-9.49189,-0.18321,-0.393197,-0.287532,19.281000000000006
1772223962739686626,2026-02-27 15:26:02.739,8.2903,-6.61586,-9.12202,-0.171708,-0.39041,-0.287095,19.28200000000001
1772223962740861704,2026-02-27 15:26:02.740,8.36031,-6.49525,-9.06265,-0.168807,-0.387359,-0.28638,19.283
1772223962742033076,2026-02-27 15:26:02.742,8.631,-6.30668,-9.22998,-0.162912,-0.373997,-0.281046,19.28500000000001
1772223962743222163,2026-02-27 15:26:02.743,8.63073,-6.29112,-9.59963,-0.154095,-0.360539,-0.276559,19.286
1772223962744416567,2026-02-27 15:26:02.744,8.64396,-6.2372,-8.58406,-0.154803,-0.360284,-0.2792,19.287000000000006
1772223962745559478,2026-02-27 15:26:02.745,8.4755,-6.28712,-9.09149,-0.155552,-0.358661,-0.273684,19.28800000000001
1772223962746686775,2026-02-27 15:26:02.746,8.277,-6.24943,-8.99044,-0.155633,-0.372526,-0.27457,19.289
1772223962747859465,2026-02-27 15:26:02.747,8.00638,-6.189,-9.17729,-0.160003,-0.382783,-0.269084,19.290000000000006
1772223962749030913,2026-02-27 15:26:02.749,7.90568,-6.18365,-9.14837,-0.154981,-0.390634,-0.267504,19.292
1772223962750205679,2026-02-27 15:26:02.750,7.61323,-6.2324,-9.40184,-0.162518,-0.388538,-0.273673,19.293000000000006
1772223962751402421,2026-02-27 15:26:02.751,7.54283,-6.15139,-9.5311,-0.164018,-0.392829,-0.27619,19.29400000000001
1772223962752582136,2026-02-27 15:26:02.752,7.4517,-6.1751,-10.3868,-0.164543,-0.393604,-0.270215,19.295
1772223962753733235,2026-02-27 15:26:02.753,7.42053,-6.20613,-10.9804,-0.165263,-0.391979,-0.266736,19.296000000000006
1772223962754915909,2026-02-27 15:26:02.754,7.4098,-6.20055,-10.9866,-0.167565,-0.390861,-0.262737,19.29700000000001
1772223962756090436,2026-02-27 15:26:02.756,7.33547,-6.1536,-10.3682,-0.163355,-0.383153,-0.260432,19.299000000000007
1772223962757269132,2026-02-27 15:26:02.757,7.25765,-6.1109,-10.1127,-0.163472,-0.381589,-0.259182,19.30000000000001
1772223962758484599,2026-02-27 15:26:02.758,7.25202,-6.05759,-9.979,-0.162788,-0.38169,-0.257778,19.301000000000002
1772223962759615430,2026-02-27 15:26:02.759,7.20003,-6.02555,-9.69245,-0.162927,-0.383408,-0.258191,19.302000000000007
1772223962760747238,2026-02-27 15:26:02.760,7.19054,-5.99102,-9.39637,-0.160029,-0.381488,-0.25968,19.30300000000001
1772223962761876621,2026-02-27 15:26:02.761,7.15303,-6.04362,-8.70511,-0.159268,-0.378928,-0.265737,19.304000000000002
1772223962763048643,2026-02-27 15:26:02.763,7.23638,-6.00104,-9.37075,-0.160617,-0.371076,-0.260079,19.30600000000001
1772223962764217127,2026-02-27 15:26:02.764,7.27128,-5.95318,-10.1458,-0.159227,-0.368101,-0.24706,19.307000000000002
1772223962765422140,2026-02-27 15:26:02.765,7.25019,-5.9766,-10.5004,-0.159523,-0.364853,-0.242612,19.308000000000007
1772223962766564309,2026-02-27 15:26:02.766,7.28866,-5.95264,-10.7116,-0.159986,-0.361979,-0.241294,19.30900000000001
1772223962767694859,2026-02-27 15:26:02.767,7.21465,-5.9409,-10.7031,-0.161015,-0.362737,-0.239756,19.310000000000002
1772223962768869574,2026-02-27 15:26:02.768,7.24476,-5.92309,-10.5236,-0.163756,-0.364599,-0.239267,19.311000000000007
1772223962770052706,2026-02-27 15:26:02.770,7.23461,-5.96011,-11.5677,-0.166607,-0.364927,-0.229232,19.313000000000002
1772223962771224393,2026-02-27 15:26:02.771,7.18871,-5.97569,-11.2634,-0.170563,-0.360328,-0.232403,19.314000000000007
1772223962772422048,2026-02-27 15:26:02.772,7.18737,-5.97835,-10.7356,-0.173053,-0.359943,-0.235374,19.315000000000012
1772223962773546470,2026-02-27 15:26:02.773,7.15936,-5.9168,-10.6043,-0.172617,-0.357368,-0.236776,19.316000000000003
1772223962774677784,2026-02-27 15:26:02.774,7.22241,-5.95869,-10.7692,-0.17672,-0.353915,-0.236423,19.317000000000007
1772223962775826080,2026-02-27 15:26:02.775,7.25271,-5.99422,-11.0288,-0.180555,-0.352318,-0.234144,19.318000000000012
1772223962777027426,2026-02-27 15:26:02.777,7.18717,-5.91412,-11.0443,-0.181081,-0.346511,-0.23182,19.320000000000007
1772223962778202567,2026-02-27 15:26:02.778,7.1545,-5.86775,-9.88753,-0.187085,-0.357323,-0.238151,19.321000000000012
1772223962779392807,2026-02-27 15:26:02.779,7.14319,-5.90607,-9.86218,-0.190287,-0.360863,-0.239233,19.322000000000003
1772223962780537531,2026-02-27 15:26:02.780,7.1061,-5.89434,-10.2437,-0.192312,-0.363918,-0.237277,19.323000000000008
1772223962781689714,2026-02-27 15:26:02.781,7.08219,-5.8563,-10.4345,-0.195394,-0.368175,-0.236494,19.324000000000012
1772223962783010455,2026-02-27 15:26:02.783,7.04424,-5.87515,-10.0749,-0.198121,-0.375197,-0.239013,19.326000000000008
1772223962784190879,2026-02-27 15:26:02.784,6.89854,-5.81862,-9.02668,-0.203308,-0.392282,-0.244796,19.327000000000012
1772223962785366082,2026-02-27 15:26:02.785,6.8215,-5.83115,-8.76313,-0.207715,-0.398755,-0.24525,19.328000000000003
1772223962786563929,2026-02-27 15:26:02.786,6.7341,-5.78991,-8.83369,-0.210894,-0.402171,-0.241174,19.329000000000008
1772223962787698602,2026-02-27 15:26:02.787,6.71091,-5.87337,-8.04496,-0.214894,-0.406935,-0.246978,19.330000000000013
1772223962788890719,2026-02-27 15:26:02.788,6.80536,-6.01609,-8.13473,-0.209228,-0.404164,-0.24815,19.331000000000003
1772223962790090536,2026-02-27 15:26:02.790,6.82853,-5.96751,-8.0729,-0.205542,-0.390547,-0.247588,19.333000000000013
1772223962791270660,2026-02-27 15:26:02.791,6.89878,-5.94956,-9.24566,-0.20395,-0.3815,-0.238969,19.334000000000003
1772223962792413133,2026-02-27 15:26:02.792,6.98025,-5.94532,-9.6449,-0.198701,-0.38141,-0.236561,19.335000000000008
1772223962793561085,2026-02-27 15:26:02.793,6.96947,-5.86121,-9.8002,-0.197245,-0.387932,-0.234758,19.336000000000013
1772223962794715138,2026-02-27 15:26:02.794,7.01195,-5.88799,-8.7663,-0.197744,-0.390723,-0.24338,19.337000000000003
1772223962795908964,2026-02-27 15:26:02.795,7.05009,-5.90181,-9.11162,-0.195953,-0.394862,-0.240297,19.338000000000008
1772223962797106269,2026-02-27 15:26:02.797,7.05024,-5.93858,-8.97569,-0.196515,-0.392812,-0.239216,19.340000000000003
1772223962798285488,2026-02-27 15:26:02.798,7.1223,-6.10618,-10.1235,-0.191036,-0.38227,-0.22785,19.341000000000008
1772223962799492759,2026-02-27 15:26:02.799,7.13493,-6.05192,-10.592,-0.190414,-0.377426,-0.224514,19.342
1772223962800624786,2026-02-27 15:26:02.800,7.25606,-6.04086,-11.0216,-0.187994,-0.375031,-0.220527,19.343000000000004
1772223962801799804,2026-02-27 15:26:02.801,7.21866,-5.9631,-11.363,-0.185059,-0.376969,-0.215008,19.34400000000001
1772223962802999590,2026-02-27 15:26:02.803,7.27231,-5.9525,-12.4081,-0.184576,-0.378353,-0.204471,19.346000000000004
1772223962804182114,2026-02-27 15:26:02.804,7.41625,-5.90414,-12.6585,-0.186349,-0.377507,-0.20322,19.34700000000001
1772223962805356110,2026-02-27 15:26:02.805,7.26225,-5.8816,-12.1842,-0.192456,-0.378743,-0.208094,19.348
1772223962806564850,2026-02-27 15:26:02.806,7.33022,-5.86022,-11.7875,-0.190776,-0.377005,-0.212378,19.349000000000004
1772223962807695139,2026-02-27 15:26:02.807,7.25416,-5.8799,-11.5061,-0.193592,-0.379129,-0.212218,19.35000000000001
1772223962808894855,2026-02-27 15:26:02.808,7.25515,-5.85772,-11.1476,-0.19407,-0.38374,-0.211095,19.351
1772223962810095291,2026-02-27 15:26:02.810,7.31028,-5.83776,-10.8821,-0.195765,-0.386016,-0.211184,19.35300000000001
1772223962811272276,2026-02-27 15:26:02.811,7.2893,-5.84038,-9.83108,-0.190317,-0.380032,-0.2189,19.354
1772223962812478382,2026-02-27 15:26:02.812,7.41915,-5.90878,-10.3882,-0.192614,-0.372881,-0.217338,19.355000000000004
1772223962813608276,2026-02-27 15:26:02.813,7.42338,-5.82077,-11.1022,-0.190498,-0.364476,-0.213709,19.35600000000001
1772223962814743505,2026-02-27 15:26:02.814,7.33483,-5.81822,-11.792,-0.19144,-0.362167,-0.208111,19.357
1772223962815919427,2026-02-27 15:26:02.815,7.29197,-5.74845,-11.9007,-0.190154,-0.368478,-0.204142,19.358000000000004
1772223962817124845,2026-02-27 15:26:02.817,7.23921,-5.67517,-11.792,-0.191387,-0.374288,-0.202456,19.36
1772223962818299649,2026-02-27 15:26:02.818,7.30283,-5.66888,-11.8957,-0.194776,-0.370602,-0.205235,19.361000000000004
1772223962819484244,2026-02-27 15:26:02.819,7.48524,-5.82391,-13.8063,-0.192644,-0.355465,-0.198542,19.36200000000001
1772223962820615384,2026-02-27 15:26:02.820,7.41662,-5.80091,-14.4809,-0.182158,-0.320587,-0.196815,19.363
1772223962821791191,2026-02-27 15:26:02.821,7.31469,-5.6918,-15.1026,-0.179147,-0.30584,-0.18545,19.364000000000004
1772223962822994752,2026-02-27 15:26:02.822,7.33379,-5.58839,-15.0773,-0.175875,-0.303599,-0.179588,19.36500000000001
1772223962824183251,2026-02-27 15:26:02.824,7.37322,-5.52885,-14.9604,-0.175766,-0.302843,-0.175465,19.367000000000004
1772223962825365564,2026-02-27 15:26:02.825,7.33043,-5.56013,-14.7962,-0.183961,-0.308504,-0.16691,19.36800000000001
1772223962826535384,2026-02-27 15:26:02.826,7.3234,-5.5528,-14.521,-0.184517,-0.311535,-0.168639,19.369
1772223962827668934,2026-02-27 15:26:02.827,7.2257,-5.59063,-13.0847,-0.193338,-0.320248,-0.180682,19.370000000000005
1772223962828846380,2026-02-27 15:26:02.828,7.24806,-5.60867,-12.7486,-0.196596,-0.329611,-0.185787,19.37100000000001
1772223962830046819,2026-02-27 15:26:02.830,7.2146,-5.63618,-12.3334,-0.20451,-0.333471,-0.190789,19.373000000000005
1772223962831221943,2026-02-27 15:26:02.831,7.23235,-5.6168,-12.7198,-0.206341,-0.330393,-0.190872,19.37400000000001
1772223962832397551,2026-02-27 15:26:02.832,7.18814,-5.61597,-13.3883,-0.204228,-0.311415,-0.18462,19.375
1772223962833536104,2026-02-27 15:26:02.833,7.12509,-5.50938,-13.1899,-0.200699,-0.31302,-0.180687,19.376000000000005
1772223962834667132,2026-02-27 15:26:02.834,7.13094,-5.48453,-13.304,-0.200546,-0.30917,-0.178658,19.37700000000001
1772223962835843161,2026-02-27 15:26:02.835,7.01273,-5.42609,-13.5925,-0.20144,-0.311024,-0.172301,19.378
1772223962837045604,2026-02-27 15:26:02.837,6.91385,-5.40045,-13.341,-0.200802,-0.322599,-0.170837,19.38000000000001
1772223962838224900,2026-02-27 15:26:02.838,6.82905,-5.31673,-12.2999,-0.204702,-0.337625,-0.178356,19.381
1772223962839400190,2026-02-27 15:26:02.839,6.79248,-5.34886,-10.1507,-0.214125,-0.367024,-0.206615,19.382000000000005
1772223962840531952,2026-02-27 15:26:02.840,6.84672,-5.41444,-10.0245,-0.210725,-0.35786,-0.216076,19.38300000000001
1772223962841661264,2026-02-27 15:26:02.841,6.77184,-5.43199,-10.2388,-0.209635,-0.350055,-0.217537,19.384
1772223962842804289,2026-02-27 15:26:02.842,6.70779,-5.34922,-10.4551,-0.204335,-0.345929,-0.215389,19.385000000000005
1772223962844024020,2026-02-27 15:26:02.844,6.7104,-5.3033,-10.7019,-0.202102,-0.3436,-0.214849,19.387
1772223962845223990,2026-02-27 15:26:02.845,6.78714,-5.22754,-10.4445,-0.199701,-0.337042,-0.219456,19.388000000000005
1772223962846409703,2026-02-27 15:26:02.846,6.89895,-5.22037,-12.212,-0.196262,-0.324447,-0.209927,19.38900000000001
1772223962847533582,2026-02-27 15:26:02.847,6.89743,-5.1703,-12.9967,-0.194796,-0.321214,-0.205009,19.39
1772223962848664774,2026-02-27 15:26:02.848,6.98271,-5.10291,-13.4417,-0.194916,-0.320893,-0.205273,19.391000000000005
1772223962849842273,2026-02-27 15:26:02.849,6.97318,-5.045,-13.5617,-0.195481,-0.322814,-0.208917,19.39200000000001
1772223962851039387,2026-02-27 15:26:02.851,6.97546,-5.03019,-13.7045,-0.19957,-0.322866,-0.212277,19.394000000000005
1772223962852238447,2026-02-27 15:26:02.852,6.97442,-4.92497,-13.6248,-0.200431,-0.326709,-0.21534,19.39500000000001
1772223962853421551,2026-02-27 15:26:02.853,6.95947,-4.91159,-13.8361,-0.205985,-0.340019,-0.21493,19.396
1772223962854573696,2026-02-27 15:26:02.854,6.89517,-4.94625,-13.3413,-0.211414,-0.349122,-0.219744,19.397000000000006
1772223962855706274,2026-02-27 15:26:02.855,6.84797,-4.99745,-12.4715,-0.212258,-0.355491,-0.228586,19.39800000000001
1772223962856884324,2026-02-27 15:26:02.856,6.81025,-5.07836,-11.8977,-0.21273,-0.355417,-0.232361,19.399
1772223962858081583,2026-02-27 15:26:02.858,6.79591,-5.1333,-12.2182,-0.210855,-0.346007,-0.232875,19.40100000000001
1772223962859215288,2026-02-27 15:26:02.859,6.76147,-5.18992,-12.7364,-0.212283,-0.327118,-0.231135,19.402
1772223962860403588,2026-02-27 15:26:02.860,6.79178,-5.15348,-13.352,-0.208107,-0.306584,-0.229555,19.403000000000006
1772223962861545550,2026-02-27 15:26:02.861,6.74063,-5.03254,-13.188,-0.204467,-0.311322,-0.226659,19.40400000000001
1772223962862700680,2026-02-27 15:26:02.862,6.72547,-5.01538,-13.3663,-0.206075,-0.315911,-0.224569,19.405
1772223962863851400,2026-02-27 15:26:02.863,6.75168,-5.04377,-13.639,-0.209543,-0.317545,-0.223516,19.406000000000006
1772223962864989060,2026-02-27 15:26:02.864,6.68729,-5.09729,-13.7567,-0.209391,-0.322912,-0.224558,19.40700000000001
1772223962866110520,2026-02-27 15:26:02.866,6.56354,-5.10242,-13.1174,-0.214014,-0.328891,-0.229699,19.409000000000006
1772223962867286368,2026-02-27 15:26:02.867,6.52703,-5.13684,-12.4515,-0.220008,-0.338588,-0.235718,19.41000000000001
1772223962868478944,2026-02-27 15:26:02.868,6.44232,-5.1107,-11.7226,-0.22365,-0.348301,-0.245223,19.411
1772223962869615687,2026-02-27 15:26:02.869,6.41005,-5.17246,-12.812,-0.225974,-0.346604,-0.240787,19.412000000000006
1772223962870803335,2026-02-27 15:26:02.870,6.39042,-5.12766,-12.3781,-0.226824,-0.337599,-0.244723,19.41300000000001
1772223962872005060,2026-02-27 15:26:02.872,6.34496,-5.12752,-12.4985,-0.222748,-0.341012,-0.24185,19.415000000000006
1772223962873211638,2026-02-27 15:26:02.873,6.32415,-5.07157,-11.996,-0.222273,-0.338552,-0.243907,19.41600000000001
1772223962874384523,2026-02-27 15:26:02.874,6.32386,-5.07511,-11.8327,-0.221572,-0.337065,-0.24703,19.417
1772223962875534904,2026-02-27 15:26:02.875,6.27819,-5.08805,-11.9547,-0.223348,-0.332657,-0.247181,19.418000000000006
1772223962876665432,2026-02-27 15:26:02.876,6.21178,-5.06848,-11.9655,-0.219067,-0.330922,-0.24857,19.41900000000001
1772223962877842163,2026-02-27 15:26:02.877,6.22054,-5.03802,-11.0518,-0.217899,-0.325345,-0.257298,19.42
1772223962879040007,2026-02-27 15:26:02.879,6.18442,-4.99719,-11.5069,-0.218775,-0.325501,-0.25325,19.42200000000001
1772223962880239948,2026-02-27 15:26:02.880,6.21451,-4.9528,-11.7321,-0.215202,-0.32188,-0.252706,19.423000000000002
1772223962881413330,2026-02-27 15:26:02.881,6.17668,-4.9049,-12.5027,-0.21101,-0.323641,-0.240581,19.424000000000007
1772223962882533870,2026-02-27 15:26:02.882,6.20759,-4.90865,-12.5581,-0.210007,-0.322166,-0.241273,19.42500000000001
1772223962883663086,2026-02-27 15:26:02.883,6.09494,-4.92502,-12.3939,-0.208315,-0.322981,-0.24172,19.426000000000002
1772223962884858890,2026-02-27 15:26:02.884,6.04836,-4.9046,-11.8979,-0.209482,-0.330707,-0.24324,19.427000000000007
1772223962886054152,2026-02-27 15:26:02.886,6.16921,-4.91905,-12.5816,-0.212466,-0.333155,-0.24137,19.429000000000002
1772223962887251657,2026-02-27 15:26:02.887,6.23762,-4.92804,-12.9756,-0.216668,-0.331384,-0.243454,19.430000000000007
1772223962888433358,2026-02-27 15:26:02.888,6.14088,-4.86359,-12.7303,-0.211717,-0.326533,-0.246615,19.43100000000001
1772223962889537928,2026-02-27 15:26:02.889,6.12256,-4.83479,-12.4973,-0.206956,-0.328058,-0.247833,19.432000000000002
1772223962890665173,2026-02-27 15:26:02.890,6.09889,-4.79262,-12.3407,-0.203431,-0.324868,-0.246616,19.433000000000007
1772223962891933547,2026-02-27 15:26:02.891,6.13431,-4.76619,-12.4911,-0.203551,-0.322562,-0.245247,19.43400000000001
1772223962893129631,2026-02-27 15:26:02.893,6.10588,-4.77242,-12.4377,-0.202652,-0.318366,-0.243967,19.436000000000007
1772223962894327232,2026-02-27 15:26:02.894,6.04167,-4.75434,-11.9949,-0.203166,-0.317919,-0.24647,19.437000000000012
1772223962895512419,2026-02-27 15:26:02.895,6.04013,-4.79572,-11.1591,-0.205865,-0.326079,-0.253228,19.438000000000002
1772223962896639502,2026-02-27 15:26:02.896,6.00624,-4.76747,-11.1605,-0.207045,-0.331512,-0.253351,19.439000000000007
1772223962897812058,2026-02-27 15:26:02.897,5.99984,-4.80835,-11.6218,-0.20842,-0.333539,-0.251486,19.440000000000012
1772223962899008434,2026-02-27 15:26:02.899,5.97451,-4.75798,-11.3981,-0.207111,-0.335453,-0.251479,19.442000000000007
1772223962900204646,2026-02-27 15:26:02.900,5.89199,-4.69831,-10.761,-0.213238,-0.344651,-0.253175,19.443000000000012
1772223962901387967,2026-02-27 15:26:02.901,5.91573,-4.71219,-10.6193,-0.211616,-0.34549,-0.256061,19.444000000000003
1772223962902551218,2026-02-27 15:26:02.902,5.88869,-4.78383,-11.8724,-0.208892,-0.326299,-0.2412,19.445000000000007
1772223962903680873,2026-02-27 15:26:02.903,5.80777,-4.77798,-11.5585,-0.20114,-0.320973,-0.238973,19.446000000000012
1772223962904854242,2026-02-27 15:26:02.904,5.85998,-4.86629,-11.9083,-0.199479,-0.314389,-0.234822,19.447000000000003
1772223962906051027,2026-02-27 15:26:02.906,5.91235,-4.67399,-11.7224,-0.194445,-0.308293,-0.23463,19.449000000000012
1772223962907247319,2026-02-27 15:26:02.907,5.84315,-4.61459,-11.404,-0.194437,-0.310232,-0.233712,19.450000000000003
1772223962908416551,2026-02-27 15:26:02.908,5.91185,-4.58528,-11.3909,-0.193832,-0.312045,-0.232407,19.451000000000008
1772223962909570416,2026-02-27 15:26:02.909,5.79721,-4.60071,-11.1901,-0.191814,-0.312665,-0.232188,19.452000000000012
1772223962910703974,2026-02-27 15:26:02.910,5.69261,-4.65377,-10.0148,-0.189784,-0.318168,-0.240996,19.453000000000003
1772223962911919373,2026-02-27 15:26:02.911,5.70029,-4.66147,-9.94957,-0.19207,-0.316454,-0.241683,19.454000000000008
1772223962913114744,2026-02-27 15:26:02.913,5.68961,-4.67165,-9.83698,-0.189565,-0.316477,-0.240072,19.456000000000003
1772223962914312880,2026-02-27 15:26:02.914,5.71038,-4.59776,-10.3205,-0.189501,-0.316247,-0.234545,19.457000000000008
1772223962915513091,2026-02-27 15:26:02.915,5.7922,-4.65781,-11.2884,-0.186395,-0.305181,-0.229065,19.458000000000013
1772223962916649128,2026-02-27 15:26:02.916,5.77444,-4.65748,-11.5267,-0.180981,-0.296914,-0.223216,19.459000000000003
1772223962917798188,2026-02-27 15:26:02.917,5.75427,-4.6832,-11.6476,-0.178031,-0.292647,-0.216879,19.460000000000008
1772223962919082355,2026-02-27 15:26:02.919,5.74444,-4.60832,-11.9227,-0.174438,-0.292127,-0.2088,19.462000000000003
1772223962920279888,2026-02-27 15:26:02.920,5.72401,-4.61307,-12.6414,-0.173079,-0.289041,-0.201516,19.463000000000008
1772223962921467892,2026-02-27 15:26:02.921,5.70648,-4.57669,-12.3468,-0.171797,-0.285286,-0.202848,19.464
1772223962922597372,2026-02-27 15:26:02.922,5.67448,-4.61325,-11.5637,-0.169635,-0.284326,-0.2073,19.465000000000003
1772223962923724700,2026-02-27 15:26:02.923,5.66423,-4.59337,-11.3814,-0.172075,-0.283023,-0.207253,19.466000000000008
1772223962924898388,2026-02-27 15:26:02.924,5.71979,-4.61721,-11.5897,-0.166336,-0.277073,-0.205886,19.467
1772223962926097967,2026-02-27 15:26:02.926,5.65532,-4.57621,-11.5934,-0.166207,-0.278457,-0.202388,19.46900000000001
1772223962927296225,2026-02-27 15:26:02.927,5.52543,-4.5862,-11.0402,-0.166787,-0.288142,-0.200387,19.47
1772223962928484047,2026-02-27 15:26:02.928,5.50345,-4.5658,-9.44964,-0.167637,-0.298517,-0.210456,19.471000000000004
1772223962929630254,2026-02-27 15:26:02.929,5.62694,-4.69634,-10.2304,-0.165865,-0.291122,-0.208752,19.47200000000001
1772223962930825996,2026-02-27 15:26:02.930,5.43023,-4.75919,-10.4712,-0.166107,-0.29205,-0.200468,19.473
1772223962932023111,2026-02-27 15:26:02.932,5.50326,-4.75964,-10.5773,-0.162486,-0.297467,-0.199557,19.47500000000001
1772223962933220440,2026-02-27 15:26:02.933,5.53843,-4.7287,-10.4938,-0.165778,-0.298934,-0.199988,19.476
1772223962934420160,2026-02-27 15:26:02.934,5.47607,-4.7328,-10.493,-0.161981,-0.29399,-0.199949,19.477000000000004
1772223962935562018,2026-02-27 15:26:02.935,5.46741,-4.67192,-11.2552,-0.161846,-0.294101,-0.18922,19.47800000000001
1772223962936707838,2026-02-27 15:26:02.936,5.51249,-4.68312,-11.0229,-0.15791,-0.293823,-0.190113,19.479
1772223962937924882,2026-02-27 15:26:02.937,5.4276,-4.67469,-10.5591,-0.161188,-0.300456,-0.189988,19.480000000000004
1772223962939124695,2026-02-27 15:26:02.939,5.46881,-4.65615,-10.1896,-0.164727,-0.297995,-0.196743,19.482
1772223962940321813,2026-02-27 15:26:02.940,5.46654,-4.70539,-10.2965,-0.166956,-0.29837,-0.202422,19.483000000000004
1772223962941629998,2026-02-27 15:26:02.941,5.50123,-4.71816,-10.4354,-0.164383,-0.292172,-0.202564,19.48400000000001
1772223962942839713,2026-02-27 15:26:02.942,5.45869,-4.62361,-10.3993,-0.156754,-0.292692,-0.195252,19.485
1772223962944051211,2026-02-27 15:26:02.944,5.52722,-4.65058,-10.0596,-0.155412,-0.292172,-0.200225,19.48700000000001
1772223962945247633,2026-02-27 15:26:02.945,5.59361,-4.63349,-9.96407,-0.154798,-0.285941,-0.20199,19.488
1772223962946445610,2026-02-27 15:26:02.946,5.55065,-4.62282,-10.1174,-0.155854,-0.286131,-0.197364,19.489000000000004
1772223962947599278,2026-02-27 15:26:02.947,5.64332,-4.65088,-10.8302,-0.155804,-0.289626,-0.190937,19.49000000000001
1772223962948756062,2026-02-27 15:26:02.948,5.66068,-4.66797,-11.1709,-0.151048,-0.284304,-0.191338,19.491
1772223962949955347,2026-02-27 15:26:02.949,5.62807,-4.6803,-11.1492,-0.151547,-0.285032,-0.188537,19.492000000000004
1772223962951156352,2026-02-27 15:26:02.951,5.6139,-4.66243,-11.0091,-0.150808,-0.291466,-0.18833,19.494
1772223962952352041,2026-02-27 15:26:02.952,5.67068,-4.68761,-10.8665,-0.154147,-0.297217,-0.188495,19.495000000000005
1772223962953662332,2026-02-27 15:26:02.953,5.67704,-4.71011,-11.7609,-0.15487,-0.303485,-0.182731,19.49600000000001
1772223962954883953,2026-02-27 15:26:02.954,5.76426,-4.7713,-11.1005,-0.160134,-0.311463,-0.193762,19.497
1772223962956081936,2026-02-27 15:26:02.956,5.86327,-4.86848,-11.0008,-0.16736,-0.309274,-0.199767,19.49900000000001
1772223962957281661,2026-02-27 15:26:02.957,5.92358,-4.90083,-11.19,-0.166479,-0.300361,-0.201534,19.5
1772223962958496600,2026-02-27 15:26:02.958,6.01677,-4.87686,-11.4723,-0.164618,-0.296212,-0.198335,19.501000000000005
1772223962959630012,2026-02-27 15:26:02.959,6.14887,-4.94315,-12.0662,-0.15888,-0.289867,-0.190632,19.50200000000001
1772223962960788106,2026-02-27 15:26:02.960,6.20479,-4.95514,-11.5061,-0.157402,-0.28389,-0.194906,19.503
1772223962961988494,2026-02-27 15:26:02.961,6.19799,-4.99682,-11.9797,-0.159498,-0.284351,-0.187961,19.504000000000005
1772223962963190764,2026-02-27 15:26:02.963,6.28862,-4.99829,-11.9879,-0.155506,-0.285123,-0.186214,19.506
1772223962964386779,2026-02-27 15:26:02.964,6.30041,-5.01687,-12.6478,-0.156759,-0.286068,-0.181908,19.507000000000005
1772223962965691437,2026-02-27 15:26:02.965,6.43505,-5.1114,-13.1513,-0.159592,-0.285319,-0.179394,19.50800000000001
1772223962966912018,2026-02-27 15:26:02.966,6.4584,-5.11429,-12.8871,-0.163465,-0.293096,-0.179655,19.509
1772223962968109830,2026-02-27 15:26:02.968,6.52362,-5.21024,-12.7801,-0.164356,-0.299281,-0.180466,19.51100000000001
1772223962969305872,2026-02-27 15:26:02.969,6.78089,-5.32544,-14.5916,-0.162714,-0.274453,-0.176031,19.512
1772223962970513311,2026-02-27 15:26:02.970,6.84679,-5.30708,-15.4834,-0.166186,-0.254522,-0.169873,19.513000000000005
1772223962971641744,2026-02-27 15:26:02.971,7.03695,-5.26363,-17.2338,-0.153518,-0.207956,-0.154907,19.51400000000001
1772223962972834461,2026-02-27 15:26:02.972,7.0351,-5.25198,-17.4544,-0.150979,-0.201814,-0.145662,19.515
1772223962974031829,2026-02-27 15:26:02.974,6.96345,-5.17281,-17.4678,-0.149366,-0.202736,-0.137421,19.51700000000001
1772223962975229159,2026-02-27 15:26:02.975,7.03024,-5.25407,-17.8308,-0.147662,-0.195091,-0.131161,19.518
1772223962976373492,2026-02-27 15:26:02.976,6.88044,-5.15676,-17.2398,-0.151503,-0.212428,-0.126032,19.519000000000005
1772223962977565773,2026-02-27 15:26:02.977,6.88222,-5.2801,-16.1679,-0.160361,-0.233457,-0.129012,19.52000000000001
1772223962978699720,2026-02-27 15:26:02.978,7.02618,-5.55238,-14.9618,-0.182106,-0.247748,-0.146548,19.521
1772223962979856414,2026-02-27 15:26:02.979,7.02297,-5.61855,-14.6881,-0.187703,-0.259231,-0.151717,19.522000000000006
1772223962981056325,2026-02-27 15:26:02.981,7.01039,-5.68611,-14.9362,-0.195068,-0.264188,-0.15175,19.524
1772223962982195861,2026-02-27 15:26:02.982,7.01853,-5.72954,-14.9287,-0.196345,-0.271769,-0.153182,19.525000000000006
1772223962983368959,2026-02-27 15:26:02.983,6.96289,-5.73544,-14.6728,-0.198754,-0.279592,-0.152306,19.52600000000001
1772223962984670435,2026-02-27 15:26:02.984,6.95911,-5.68949,-14.7874,-0.200089,-0.27502,-0.150302,19.527
1772223962985834233,2026-02-27 15:26:02.985,6.98401,-5.74755,-16.0766,-0.203386,-0.26311,-0.136568,19.528000000000006
1772223962987040286,2026-02-27 15:26:02.987,6.97913,-5.75222,-16.0063,-0.199108,-0.247668,-0.137311,19.53
1772223962988236614,2026-02-27 15:26:02.988,6.93644,-5.70688,-16.0572,-0.201485,-0.238376,-0.132566,19.531000000000006
1772223962989435777,2026-02-27 15:26:02.989,6.85096,-5.72267,-15.4303,-0.20257,-0.240716,-0.135372,19.53200000000001
1772223962990570060,2026-02-27 15:26:02.990,6.80732,-5.70703,-14.7163,-0.200494,-0.246673,-0.135667,19.533
1772223962991704665,2026-02-27 15:26:02.991,6.77812,-5.77128,-14.277,-0.205115,-0.249373,-0.137849,19.534000000000006
1772223962992884189,2026-02-27 15:26:02.992,6.78021,-5.75009,-14.1004,-0.203307,-0.253847,-0.139986,19.53500000000001
1772223962994083489,2026-02-27 15:26:02.994,6.78296,-5.78216,-13.1243,-0.206512,-0.259728,-0.149485,19.537000000000006
1772223962995281854,2026-02-27 15:26:02.995,6.82779,-5.78563,-12.8089,-0.205774,-0.264731,-0.150957,19.53800000000001
1772223962996416295,2026-02-27 15:26:02.996,6.77136,-5.76723,-12.8663,-0.206709,-0.265985,-0.151802,19.539
1772223962997582315,2026-02-27 15:26:02.997,6.75297,-5.74533,-13.1546,-0.207357,-0.271897,-0.148446,19.540000000000006
1772223962998716785,2026-02-27 15:26:02.998,6.55944,-5.66339,-12.2939,-0.204815,-0.296075,-0.147188,19.54100000000001
1772223962999872809,2026-02-27 15:26:02.999,6.54126,-5.69115,-11.8173,-0.205264,-0.30545,-0.151925,19.542
1772223963001171882,2026-02-27 15:26:03.001,6.90028,-5.85512,-12.9909,-0.210096,-0.291333,-0.158305,19.54400000000001
1772223963002371244,2026-02-27 15:26:03.002,6.88464,-5.7512,-14.3081,-0.21725,-0.263799,-0.1591,19.545
1772223963003573354,2026-02-27 15:26:03.003,6.85081,-5.75564,-15.4079,-0.222184,-0.265564,-0.150155,19.546000000000006
1772223963004707085,2026-02-27 15:26:03.004,6.90213,-5.64532,-15.4805,-0.21445,-0.248504,-0.15047,19.54700000000001
1772223963005858980,2026-02-27 15:26:03.005,6.7305,-5.61602,-14.1595,-0.222925,-0.280542,-0.148686,19.548000000000002
1772223963007058635,2026-02-27 15:26:03.007,6.74128,-5.72831,-13.6262,-0.229428,-0.289522,-0.152947,19.55000000000001
1772223963008254533,2026-02-27 15:26:03.008,6.78477,-5.80553,-13.5252,-0.233687,-0.289862,-0.159236,19.551000000000002
1772223963009439266,2026-02-27 15:26:03.009,6.78859,-5.87772,-13.4711,-0.238957,-0.288909,-0.164713,19.552000000000007
1772223963010565089,2026-02-27 15:26:03.010,6.87983,-5.91938,-13.6387,-0.240993,-0.286494,-0.170085,19.55300000000001
1772223963011696789,2026-02-27 15:26:03.011,6.76962,-5.78019,-13.1403,-0.243284,-0.294309,-0.178573,19.554000000000002
1772223963012867299,2026-02-27 15:26:03.012,6.86783,-5.76272,-13.0765,-0.244652,-0.300147,-0.178953,19.555000000000007
1772223963014064192,2026-02-27 15:26:03.014,6.79708,-5.72879,-13.8022,-0.243425,-0.303348,-0.174094,19.557000000000002
1772223963015260435,2026-02-27 15:26:03.015,6.76979,-5.72474,-14.0109,-0.24414,-0.305781,-0.173529,19.558000000000007
1772223963016431127,2026-02-27 15:26:03.016,7.17424,-5.76356,-15.3994,-0.248103,-0.29217,-0.178037,19.55900000000001
1772223963017555646,2026-02-27 15:26:03.017,7.06137,-5.74498,-15.9466,-0.246218,-0.270184,-0.174922,19.560000000000002
1772223963018684029,2026-02-27 15:26:03.018,6.91888,-5.72347,-16.0415,-0.241735,-0.29167,-0.16101,19.561000000000007
1772223963019839061,2026-02-27 15:26:03.019,7.02647,-5.76769,-16.2866,-0.24675,-0.29331,-0.164088,19.562000000000012
1772223963021010220,2026-02-27 15:26:03.021,6.97264,-5.71567,-15.747,-0.249027,-0.3082,-0.166333,19.564000000000007
1772223963022206809,2026-02-27 15:26:03.022,6.84618,-5.7639,-15.0598,-0.253903,-0.318457,-0.175896,19.565000000000012
1772223963023403464,2026-02-27 15:26:03.023,6.98383,-5.7654,-14.4844,-0.257096,-0.330014,-0.186232,19.566000000000003
1772223963024555292,2026-02-27 15:26:03.024,7.13402,-5.77838,-15.0342,-0.258841,-0.325254,-0.195279,19.567000000000007
1772223963025688669,2026-02-27 15:26:03.025,7.02281,-5.76837,-14.8799,-0.261559,-0.332818,-0.194642,19.568000000000012
1772223963026876991,2026-02-27 15:26:03.026,7.05153,-5.71257,-14.5403,-0.264922,-0.33865,-0.200191,19.569000000000003
1772223963028079287,2026-02-27 15:26:03.028,7.10524,-5.72866,-14.1704,-0.264157,-0.339914,-0.206826,19.571000000000012
1772223963029280246,2026-02-27 15:26:03.029,6.92683,-5.6018,-13.8044,-0.25841,-0.354363,-0.204194,19.572000000000003
1772223963030492071,2026-02-27 15:26:03.030,7.01472,-5.53716,-14.2738,-0.25272,-0.364211,-0.206978,19.573000000000008
1772223963031619433,2026-02-27 15:26:03.031,6.9914,-5.53052,-14.5064,-0.260489,-0.371078,-0.212703,19.574000000000012
1772223963032778319,2026-02-27 15:26:03.032,6.89662,-5.38717,-12.8141,-0.258875,-0.392145,-0.232648,19.575000000000003
1772223963033971865,2026-02-27 15:26:03.033,7.04482,-5.37708,-12.608,-0.262959,-0.392743,-0.242301,19.576000000000008
1772223963035168250,2026-02-27 15:26:03.035,7.01083,-5.31694,-12.6125,-0.257018,-0.386621,-0.244355,19.578000000000003
1772223963036367388,2026-02-27 15:26:03.036,6.99218,-5.28059,-13.652,-0.266422,-0.389661,-0.241845,19.579000000000008
1772223963037568049,2026-02-27 15:26:03.037,7.07296,-5.30958,-13.3115,-0.265047,-0.393077,-0.250183,19.580000000000013
1772223963038697952,2026-02-27 15:26:03.038,7.05595,-5.27817,-13.3577,-0.265536,-0.395953,-0.249508,19.581000000000003
1772223963039849147,2026-02-27 15:26:03.039,7.18409,-5.29916,-13.1956,-0.260202,-0.388648,-0.251636,19.582000000000008
1772223963041048284,2026-02-27 15:26:03.041,7.09189,-5.25251,-13.691,-0.262998,-0.382574,-0.250913,19.584000000000003
1772223963042178431,2026-02-27 15:26:03.042,7.15532,-5.26786,-13.3987,-0.257829,-0.397451,-0.251961,19.585000000000008
1772223963043375069,2026-02-27 15:26:03.043,6.98165,-5.16083,-12.3013,-0.258095,-0.404418,-0.258575,19.586000000000013
1772223963044561225,2026-02-27 15:26:03.044,6.91476,-5.05815,-9.45774,-0.24361,-0.410527,-0.269334,19.587000000000003
1772223963045688668,2026-02-27 15:26:03.045,7.27461,-5.15804,-10.4204,-0.250733,-0.427754,-0.274715,19.588000000000008
1772223963046845870,2026-02-27 15:26:03.046,7.50985,-5.2833,-12.3052,-0.281741,-0.436998,-0.299749,19.589
1772223963048039620,2026-02-27 15:26:03.048,7.50596,-5.26247,-12.708,-0.287031,-0.416581,-0.303364,19.591000000000008
1772223963049237764,2026-02-27 15:26:03.049,7.58867,-5.31631,-13.582,-0.29267,-0.421593,-0.300762,19.592
1772223963050436892,2026-02-27 15:26:03.050,7.59059,-5.31762,-14.2405,-0.294865,-0.42951,-0.293792,19.593000000000004
1772223963051572436,2026-02-27 15:26:03.051,7.61251,-5.25233,-14.4914,-0.299382,-0.447251,-0.293523,19.59400000000001
1772223963052702400,2026-02-27 15:26:03.052,7.69709,-5.33455,-14.5243,-0.298561,-0.447247,-0.291268,19.595
1772223963053863289,2026-02-27 15:26:03.053,7.68514,-5.44934,-14.2845,-0.303744,-0.446088,-0.300288,19.596000000000004
1772223963055046534,2026-02-27 15:26:03.055,7.83512,-5.44381,-14.243,-0.296281,-0.442399,-0.302596,19.598
1772223963056244730,2026-02-27 15:26:03.056,7.81064,-5.45591,-13.624,-0.294594,-0.426827,-0.3033,19.599000000000004
1772223963057441401,2026-02-27 15:26:03.057,8.123,-5.4619,-14.5084,-0.294179,-0.42248,-0.310433,19.60000000000001
1772223963058560854,2026-02-27 15:26:03.058,8.18485,-5.2472,-14.8845,-0.301358,-0.423675,-0.315603,19.601
1772223963059688841,2026-02-27 15:26:03.059,8.20905,-5.20168,-14.5188,-0.305161,-0.431592,-0.318983,19.602000000000004
1772223963060878818,2026-02-27 15:26:03.060,8.62824,-5.28666,-14.9935,-0.323767,-0.442263,-0.340265,19.60300000000001
1772223963062059570,2026-02-27 15:26:03.062,8.51019,-5.31271,-15.0604,-0.330593,-0.434334,-0.339869,19.605000000000004
1772223963063258267,2026-02-27 15:26:03.063,8.97086,-5.17875,-13.3586,-0.280975,-0.425262,-0.314935,19.60600000000001
1772223963064470641,2026-02-27 15:26:03.064,9.73841,-5.25159,-14.6682,-0.263698,-0.394785,-0.300423,19.607
1772223963065601226,2026-02-27 15:26:03.065,9.1514,-5.08676,-18.4948,-0.389527,-0.431494,-0.345845,19.608000000000004
1772223963066734056,2026-02-27 15:26:03.066,9.04594,-5.16283,-15.499,-0.359559,-0.416009,-0.363002,19.60900000000001
1772223963067864171,2026-02-27 15:26:03.067,9.45423,-5.60422,-15.6536,-0.359361,-0.44519,-0.354363,19.61
1772223963069036350,2026-02-27 15:26:03.069,9.53909,-5.90828,-15.6498,-0.351877,-0.43804,-0.331886,19.61200000000001
1772223963070237450,2026-02-27 15:26:03.070,9.66679,-6.03475,-14.9162,-0.341556,-0.448003,-0.32485,19.613
1772223963071433648,2026-02-27 15:26:03.071,9.72333,-6.02365,-13.6028,-0.333757,-0.458202,-0.325973,19.614000000000004
1772223963072671034,2026-02-27 15:26:03.072,10.096,-5.78136,-13.0361,-0.307959,-0.445594,-0.328806,19.61500000000001
1772223963073844270,2026-02-27 15:26:03.073,10.3592,-5.43588,-13.2728,-0.323198,-0.43728,-0.33938,19.616
1772223963075025761,2026-02-27 15:26:03.075,10.9548,-4.95242,-15.4985,-0.345868,-0.438563,-0.366768,19.61800000000001
1772223963076166601,2026-02-27 15:26:03.076,11.3323,-4.99362,-16.9762,-0.369995,-0.447601,-0.381434,19.619
1772223963077354994,2026-02-27 15:26:03.077,11.3607,-5.23232,-15.9367,-0.374881,-0.459533,-0.394601,19.620000000000005
1772223963078569805,2026-02-27 15:26:03.078,12.1294,-5.52223,-15.9748,-0.387889,-0.447558,-0.402506,19.62100000000001
1772223963079703236,2026-02-27 15:26:03.079,13.2079,-5.91945,-16.6762,-0.392738,-0.394762,-0.402907,19.622
1772223963080858348,2026-02-27 15:26:03.080,13.775,-6.03582,-18.698,-0.390764,-0.355263,-0.386589,19.623000000000005
1772223963082041163,2026-02-27 15:26:03.082,12.9831,-6.25826,-19.6591,-0.390561,-0.388301,-0.364077,19.625
1772223963083218735,2026-02-27 15:26:03.083,12.9921,-6.23303,-20.1586,-0.392054,-0.408378,-0.372619,19.626000000000005
1772223963084389596,2026-02-27 15:26:03.084,12.2473,-5.98427,-21.5902,-0.393904,-0.443004,-0.365747,19.62700000000001
1772223963085554696,2026-02-27 15:26:03.085,11.568,-5.84074,-21.9011,-0.396827,-0.480703,-0.361959,19.628
1772223963086685767,2026-02-27 15:26:03.086,11.2641,-5.87124,-22.161,-0.406749,-0.495114,-0.358307,19.629000000000005
1772223963087846015,2026-02-27 15:26:03.087,11.4123,-5.80358,-21.5711,-0.419966,-0.492734,-0.377352,19.63000000000001
1772223963089028272,2026-02-27 15:26:03.089,11.6047,-5.88737,-22.1594,-0.424201,-0.481999,-0.399226,19.632000000000005
1772223963090207455,2026-02-27 15:26:03.090,11.2947,-5.94406,-21.857,-0.422574,-0.487978,-0.390247,19.63300000000001
1772223963091389181,2026-02-27 15:26:03.091,10.9985,-6.09656,-20.9355,-0.419198,-0.492619,-0.382251,19.634
1772223963092499777,2026-02-27 15:26:03.092,11.1292,-6.16723,-21.3211,-0.412097,-0.484039,-0.378284,19.635000000000005
1772223963093632082,2026-02-27 15:26:03.093,10.9539,-6.11594,-20.953,-0.417214,-0.482965,-0.37295,19.63600000000001
1772223963094794508,2026-02-27 15:26:03.094,10.6495,-6.23449,-19.1983,-0.418465,-0.489794,-0.380769,19.637
1772223963095980470,2026-02-27 15:26:03.095,10.7037,-6.47411,-19.8605,-0.433588,-0.48546,-0.392357,19.638000000000005
1772223963097174327,2026-02-27 15:26:03.097,10.6483,-6.52954,-20.3725,-0.440972,-0.480833,-0.389231,19.64
1772223963098345675,2026-02-27 15:26:03.098,10.8045,-6.57253,-21.015,-0.444763,-0.477805,-0.384056,19.641000000000005
1772223963099551664,2026-02-27 15:26:03.099,10.7329,-6.63421,-20.5557,-0.438789,-0.475308,-0.379222,19.64200000000001
1772223963100681200,2026-02-27 15:26:03.100,10.8721,-6.65302,-21.253,-0.445669,-0.470872,-0.375208,19.643
1772223963101868176,2026-02-27 15:26:03.101,10.8433,-6.64588,-21.376,-0.443142,-0.463022,-0.368485,19.644000000000005
1772223963103046085,2026-02-27 15:26:03.103,10.5854,-6.86635,-21.8033,-0.445347,-0.466358,-0.353739,19.646
1772223963104224030,2026-02-27 15:26:03.104,10.2921,-7.04104,-19.154,-0.438227,-0.496171,-0.358233,19.647000000000006
1772223963105401360,2026-02-27 15:26:03.105,10.6806,-7.12255,-19.8707,-0.446579,-0.483442,-0.366094,19.64800000000001
1772223963106541580,2026-02-27 15:26:03.106,10.2228,-7.27301,-17.357,-0.44146,-0.498124,-0.368689,19.649
1772223963107673219,2026-02-27 15:26:03.107,10.4202,-7.35396,-16.8083,-0.417363,-0.487581,-0.359866,19.650000000000006
1772223963108818690,2026-02-27 15:26:03.108,10.3145,-7.41128,-16.1603,-0.397228,-0.484097,-0.345654,19.65100000000001
1772223963110094609,2026-02-27 15:26:03.110,12.1011,-7.44127,-17.7888,-0.427568,-0.404132,-0.377826,19.653000000000006
1772223963111272355,2026-02-27 15:26:03.111,12.8087,-7.4636,-18.0828,-0.441253,-0.340385,-0.404847,19.65400000000001
1772223963112449089,2026-02-27 15:26:03.112,12.7199,-7.47796,-18.0209,-0.428933,-0.315729,-0.388007,19.655
1772223963113603472,2026-02-27 15:26:03.113,12.9564,-7.68951,-18.6414,-0.422275,-0.295025,-0.362712,19.656000000000006
1772223963114735081,2026-02-27 15:26:03.114,13.1754,-7.73986,-19.5504,-0.402389,-0.283477,-0.330229,19.65700000000001
1772223963115897835,2026-02-27 15:26:03.115,13.1094,-7.84914,-19.7909,-0.412799,-0.271506,-0.318606,19.658
1772223963117080018,2026-02-27 15:26:03.117,13.0884,-7.8653,-18.7366,-0.418166,-0.290773,-0.334506,19.66000000000001
1772223963118257299,2026-02-27 15:26:03.118,12.9682,-7.92919,-17.7026,-0.425367,-0.293592,-0.340846,19.661
1772223963119434085,2026-02-27 15:26:03.119,12.6947,-8.11589,-17.5917,-0.42169,-0.304495,-0.333656,19.662000000000006
1772223963120583581,2026-02-27 15:26:03.120,12.1716,-8.11779,-16.7109,-0.4199,-0.332347,-0.333487,19.66300000000001
1772223963121713247,2026-02-27 15:26:03.121,11.5453,-8.15557,-16.51,-0.419974,-0.360126,-0.329422,19.664
1772223963122876146,2026-02-27 15:26:03.122,10.8027,-7.81571,-17.5256,-0.428877,-0.391407,-0.324179,19.665000000000006
1772223963124057912,2026-02-27 15:26:03.124,9.68951,-7.14052,-18.0142,-0.429539,-0.46485,-0.304631,19.667
1772223963125234862,2026-02-27 15:26:03.125,9.63437,-7.14017,-17.7647,-0.432776,-0.467082,-0.308982,19.668000000000006
1772223963126413399,2026-02-27 15:26:03.126,9.49005,-7.22567,-17.1284,-0.427625,-0.466022,-0.309785,19.66900000000001
1772223963127563929,2026-02-27 15:26:03.127,9.28948,-7.27379,-15.3724,-0.428872,-0.460436,-0.313965,19.67
1772223963128695649,2026-02-27 15:26:03.128,9.16877,-7.34247,-15.3637,-0.427249,-0.444549,-0.308793,19.671000000000006
1772223963129851158,2026-02-27 15:26:03.129,9.0383,-7.32456,-15.3749,-0.421561,-0.437198,-0.300589,19.67200000000001
1772223963131034715,2026-02-27 15:26:03.131,8.92169,-7.26116,-15.6942,-0.416376,-0.429807,-0.28251,19.674000000000007
1772223963132210947,2026-02-27 15:26:03.132,9.40849,-7.13505,-18.0707,-0.405081,-0.398002,-0.271239,19.67500000000001
1772223963133405730,2026-02-27 15:26:03.133,9.44721,-7.02157,-20.4834,-0.371241,-0.312137,-0.237008,19.676000000000002
1772223963134570606,2026-02-27 15:26:03.134,9.25994,-6.76858,-21.8894,-0.338623,-0.285729,-0.197094,19.677000000000007
1772223963135700246,2026-02-27 15:26:03.135,9.03792,-6.54915,-22.2946,-0.319311,-0.284041,-0.174905,19.67800000000001
1772223963136874861,2026-02-27 15:26:03.136,8.85117,-6.33833,-21.6045,-0.307243,-0.317325,-0.169067,19.679000000000002
1772223963138059568,2026-02-27 15:26:03.138,8.82101,-6.27131,-20.1521,-0.300683,-0.332748,-0.179592,19.68100000000001
1772223963139231245,2026-02-27 15:26:03.139,8.83417,-6.45803,-17.1976,-0.316823,-0.369587,-0.209899,19.682000000000002
1772223963140426938,2026-02-27 15:26:03.140,8.98368,-6.60663,-17.4318,-0.320452,-0.37482,-0.220872,19.683000000000007
1772223963141564676,2026-02-27 15:26:03.141,8.66974,-6.73223,-15.6128,-0.305076,-0.404332,-0.222626,19.68400000000001
1772223963142691480,2026-02-27 15:26:03.142,8.82892,-6.76505,-14.8135,-0.292274,-0.401984,-0.222061,19.685000000000002
1772223963143904830,2026-02-27 15:26:03.143,8.77287,-6.70767,-15.0524,-0.29432,-0.40619,-0.220187,19.686000000000007
1772223963145090981,2026-02-27 15:26:03.145,8.58634,-6.52634,-14.0536,-0.274707,-0.38853,-0.212877,19.688000000000002
1772223963146265887,2026-02-27 15:26:03.146,8.53496,-6.4312,-13.2151,-0.263697,-0.38804,-0.206556,19.689000000000007
1772223963147489303,2026-02-27 15:26:03.147,8.69518,-6.42176,-13.3419,-0.268625,-0.390181,-0.205716,19.690000000000012
1772223963148619915,2026-02-27 15:26:03.148,8.78787,-6.35823,-13.0813,-0.280783,-0.383544,-0.217905,19.691000000000003
1772223963149750942,2026-02-27 15:26:03.149,8.87084,-6.28384,-12.1908,-0.290495,-0.38216,-0.233024,19.692000000000007
1772223963150878904,2026-02-27 15:26:03.150,8.89541,-6.2215,-11.3242,-0.301694,-0.383012,-0.247913,19.693000000000012
1772223963152064442,2026-02-27 15:26:03.152,9.0783,-6.1891,-11.0654,-0.315534,-0.380298,-0.262925,19.695000000000007
1772223963153247701,2026-02-27 15:26:03.153,9.53011,-6.01699,-11.9005,-0.297302,-0.357399,-0.25048,19.696000000000012
1772223963154443131,2026-02-27 15:26:03.154,9.96364,-6.02395,-13.2859,-0.269102,-0.293196,-0.220467,19.697000000000003
1772223963155572345,2026-02-27 15:26:03.155,9.73083,-5.87394,-13.0554,-0.249128,-0.264964,-0.194925,19.698000000000008
1772223963156702600,2026-02-27 15:26:03.156,9.70604,-5.67798,-12.8983,-0.23133,-0.250972,-0.183233,19.699000000000012
1772223963157877986,2026-02-27 15:26:03.157,9.5346,-5.44162,-12.6494,-0.225414,-0.252617,-0.181011,19.700000000000003
1772223963159010614,2026-02-27 15:26:03.159,9.33394,-5.29031,-12.4418,-0.234041,-0.265098,-0.186247,19.702000000000012
1772223963160191613,2026-02-27 15:26:03.160,8.93515,-5.22494,-10.7095,-0.250995,-0.29277,-0.205048,19.703000000000003
1772223963161382141,2026-02-27 15:26:03.161,8.78456,-5.39325,-9.45976,-0.262837,-0.315018,-0.217309,19.704000000000008
1772223963162560299,2026-02-27 15:26:03.162,8.74616,-5.55956,-9.35775,-0.269531,-0.323088,-0.221186,19.705000000000013
1772223963163685240,2026-02-27 15:26:03.163,8.6133,-5.63716,-9.02196,-0.271564,-0.33068,-0.220256,19.706000000000003
1772223963164856646,2026-02-27 15:26:03.164,8.47495,-5.64955,-9.05916,-0.272927,-0.333676,-0.215062,19.707000000000008
1772223963166039290,2026-02-27 15:26:03.166,8.34581,-5.61419,-8.64817,-0.271571,-0.328931,-0.209445,19.709000000000003
1772223963167222766,2026-02-27 15:26:03.167,8.13575,-5.2585,-9.70653,-0.277987,-0.292329,-0.200144,19.710000000000008
1772223963168414602,2026-02-27 15:26:03.168,7.8184,-5.0405,-10.1771,-0.277743,-0.277705,-0.190919,19.711000000000013
1772223963169566746,2026-02-27 15:26:03.169,7.60475,-5.01897,-10.938,-0.271096,-0.270045,-0.174092,19.712000000000003
1772223963170698600,2026-02-27 15:26:03.170,7.48117,-4.9435,-10.3203,-0.264815,-0.261992,-0.171707,19.713000000000008
1772223963171870781,2026-02-27 15:26:03.171,7.296,-4.87688,-10.0698,-0.262366,-0.255839,-0.166555,19.714
1772223963173060094,2026-02-27 15:26:03.173,7.17314,-4.92349,-9.11296,-0.263373,-0.256659,-0.166846,19.716000000000008
1772223963174243837,2026-02-27 15:26:03.174,6.96236,-4.9287,-8.29358,-0.260351,-0.249957,-0.164605,19.717
1772223963175432151,2026-02-27 15:26:03.175,6.87365,-4.97433,-7.94498,-0.258801,-0.252166,-0.165176,19.718000000000004
1772223963176566647,2026-02-27 15:26:03.176,6.81095,-4.94328,-7.75972,-0.257009,-0.248858,-0.16546,19.71900000000001
1772223963177696920,2026-02-27 15:26:03.177,6.75275,-4.95238,-6.52111,-0.251963,-0.24666,-0.174074,19.72
1772223963178866828,2026-02-27 15:26:03.178,6.5901,-4.90438,-6.33969,-0.249627,-0.247985,-0.17101,19.721000000000004
1772223963180062355,2026-02-27 15:26:03.180,6.44723,-4.91477,-5.83875,-0.247275,-0.252472,-0.170114,19.723
1772223963181243469,2026-02-27 15:26:03.181,6.30981,-4.90196,-6.09993,-0.239431,-0.249136,-0.161088,19.724000000000004
1772223963182430634,2026-02-27 15:26:03.182,6.26029,-4.83666,-6.07585,-0.239044,-0.239854,-0.158365,19.72500000000001
1772223963183562669,2026-02-27 15:26:03.183,6.17032,-4.84693,-6.0059,-0.23602,-0.230478,-0.153231,19.726
1772223963184687750,2026-02-27 15:26:03.184,6.10805,-4.73283,-5.75514,-0.229785,-0.226787,-0.150783,19.727000000000004
1772223963185881965,2026-02-27 15:26:03.185,6.04675,-4.62173,-6.07405,-0.225026,-0.219144,-0.142121,19.72800000000001
1772223963187074781,2026-02-27 15:26:03.187,5.96483,-4.5764,-6.39787,-0.219437,-0.215322,-0.135974,19.730000000000004
1772223963188262724,2026-02-27 15:26:03.188,5.76731,-4.56082,-4.98948,-0.212553,-0.218668,-0.139795,19.73100000000001
1772223963189467428,2026-02-27 15:26:03.189,5.63552,-4.54273,-4.06681,-0.211806,-0.226279,-0.144411,19.732
1772223963190572432,2026-02-27 15:26:03.190,5.55596,-4.57461,-3.44783,-0.210386,-0.231448,-0.149061,19.733000000000004
1772223963191698586,2026-02-27 15:26:03.191,5.47416,-4.61673,-2.87599,-0.209724,-0.23966,-0.152858,19.73400000000001
1772223963192891412,2026-02-27 15:26:03.192,5.37959,-4.5882,-2.36886,-0.207952,-0.245384,-0.156017,19.735
1772223963194087619,2026-02-27 15:26:03.194,5.31239,-4.72009,-1.76975,-0.2082,-0.255169,-0.160919,19.73700000000001
1772223963195261930,2026-02-27 15:26:03.195,5.24511,-4.70665,-0.350283,-0.201745,-0.26445,-0.169428,19.738
1772223963196476664,2026-02-27 15:26:03.196,5.17317,-4.69573,0.01991,-0.195232,-0.26645,-0.169865,19.739000000000004
1772223963197608626,2026-02-27 15:26:03.197,5.13244,-4.6841,0.050739,-0.193985,-0.268473,-0.165277,19.74000000000001
1772223963198742281,2026-02-27 15:26:03.198,5.09996,-4.66493,0.349716,-0.190303,-0.268926,-0.164145,19.741
1772223963199869911,2026-02-27 15:26:03.199,5.10106,-4.64912,0.704714,-0.182336,-0.269569,-0.165046,19.742000000000004
1772223963201062381,2026-02-27 15:26:03.201,5.04027,-4.67933,1.27031,-0.181915,-0.271184,-0.16447,19.744
1772223963202241979,2026-02-27 15:26:03.202,4.93321,-4.64536,1.2552,-0.172886,-0.272133,-0.155651,19.745000000000005
1772223963203425629,2026-02-27 15:26:03.203,4.95097,-4.63603,1.90674,-0.1691,-0.276093,-0.158576,19.74600000000001
1772223963204571243,2026-02-27 15:26:03.204,4.90849,-4.67392,2.36656,-0.16383,-0.279707,-0.160291,19.747
1772223963205698891,2026-02-27 15:26:03.205,4.83845,-4.63351,3.25881,-0.160526,-0.282234,-0.166037,19.748000000000005
1772223963206872715,2026-02-27 15:26:03.206,4.83523,-4.65082,3.96598,-0.158888,-0.282575,-0.168179,19.74900000000001
1772223963208070181,2026-02-27 15:26:03.208,4.7588,-4.65989,4.17352,-0.158364,-0.280543,-0.1689,19.751000000000005
1772223963209206963,2026-02-27 15:26:03.209,4.71849,-4.54584,4.55999,-0.149486,-0.274418,-0.165089,19.75200000000001
1772223963210402945,2026-02-27 15:26:03.210,4.68646,-4.50539,5.31871,-0.144839,-0.269177,-0.16867,19.753
1772223963211580683,2026-02-27 15:26:03.211,4.60682,-4.43492,5.7528,-0.143759,-0.263582,-0.166485,19.754000000000005
1772223963212715848,2026-02-27 15:26:03.212,4.53595,-4.34751,5.7146,-0.138791,-0.259601,-0.160393,19.75500000000001
1772223963213907961,2026-02-27 15:26:03.213,4.57637,-4.32573,5.45314,-0.134791,-0.25494,-0.154127,19.756
1772223963215104806,2026-02-27 15:26:03.215,4.45271,-4.27457,5.22851,-0.130506,-0.250014,-0.147728,19.75800000000001
1772223963216287246,2026-02-27 15:26:03.216,4.36197,-4.24371,5.42741,-0.124918,-0.24584,-0.143651,19.759
1772223963217492166,2026-02-27 15:26:03.217,4.25844,-4.22334,5.53602,-0.123948,-0.241065,-0.141649,19.760000000000005
1772223963218727130,2026-02-27 15:26:03.218,4.19995,-4.22674,5.39377,-0.122159,-0.237219,-0.138512,19.76100000000001
1772223963219901572,2026-02-27 15:26:03.219,4.17541,-4.22737,4.70709,-0.120472,-0.235068,-0.129903,19.762
1772223963221102168,2026-02-27 15:26:03.221,4.08596,-4.2164,5.00854,-0.119453,-0.230827,-0.132499,19.76400000000001
1772223963222285839,2026-02-27 15:26:03.222,3.81487,-4.08673,5.632,-0.118844,-0.223759,-0.131809,19.765
1772223963223478910,2026-02-27 15:26:03.223,3.76599,-4.10271,5.87051,-0.115726,-0.21664,-0.130631,19.766000000000005
1772223963224608968,2026-02-27 15:26:03.224,3.66843,-4.00645,5.71483,-0.112951,-0.20873,-0.128533,19.76700000000001
1772223963225743097,2026-02-27 15:26:03.225,3.62978,-4.04542,5.61517,-0.111023,-0.200298,-0.125469,19.768
1772223963226944383,2026-02-27 15:26:03.226,3.50842,-3.94862,5.60581,-0.107978,-0.19435,-0.120892,19.769000000000005
1772223963228143308,2026-02-27 15:26:03.228,3.32783,-3.86423,6.57579,-0.106739,-0.183478,-0.126112,19.771
1772223963229314420,2026-02-27 15:26:03.229,3.19317,-3.78129,6.33101,-0.106447,-0.173505,-0.11986,19.772000000000006
1772223963230511286,2026-02-27 15:26:03.230,3.10945,-3.76402,5.83889,-0.105969,-0.172041,-0.113251,19.77300000000001
1772223963231637097,2026-02-27 15:26:03.231,3.0188,-3.76474,5.76228,-0.109382,-0.168971,-0.111223,19.774
1772223963232813866,2026-02-27 15:26:03.232,2.88438,-3.83661,5.83675,-0.109752,-0.168301,-0.110522,19.775000000000006
1772223963234007395,2026-02-27 15:26:03.234,2.76049,-3.80873,5.93045,-0.110359,-0.160825,-0.109441,19.777
1772223963235201099,2026-02-27 15:26:03.235,2.71482,-3.80433,5.86623,-0.112989,-0.156947,-0.109134,19.778000000000006
1772223963236325285,2026-02-27 15:26:03.236,2.50435,-3.80697,4.83226,-0.112898,-0.135311,-0.097305,19.77900000000001
1772223963237512028,2026-02-27 15:26:03.237,2.36684,-3.79646,4.88331,-0.115583,-0.13346,-0.099412,19.78
1772223963238640241,2026-02-27 15:26:03.238,2.16424,-3.77598,5.30254,-0.129212,-0.160049,-0.11603,19.781000000000006
1772223963239810847,2026-02-27 15:26:03.239,2.25356,-3.81008,5.68914,-0.135218,-0.165066,-0.131956,19.78200000000001
1772223963241001835,2026-02-27 15:26:03.241,2.23987,-3.74666,6.05661,-0.129099,-0.136873,-0.130937,19.784000000000006
1772223963242185095,2026-02-27 15:26:03.242,1.92155,-3.75744,6.55027,-0.129135,-0.148068,-0.120283,19.78500000000001
1772223963243355863,2026-02-27 15:26:03.243,2.02261,-3.95929,7.01976,-0.135895,-0.16493,-0.120936,19.786
1772223963244546177,2026-02-27 15:26:03.244,2.00391,-3.87461,7.47932,-0.123069,-0.127275,-0.120921,19.787000000000006
1772223963245674253,2026-02-27 15:26:03.245,1.7623,-3.72193,7.1562,-0.118571,-0.098857,-0.108393,19.78800000000001
1772223963246849101,2026-02-27 15:26:03.246,1.60587,-3.56906,6.93813,-0.118947,-0.114891,-0.100846,19.789
1772223963248044129,2026-02-27 15:26:03.248,1.68886,-3.52373,6.40592,-0.110461,-0.098119,-0.096109,19.79100000000001
1772223963249236067,2026-02-27 15:26:03.249,1.59624,-3.43274,6.33368,-0.109215,-0.067381,-0.093703,19.792
1772223963250408646,2026-02-27 15:26:03.250,1.34703,-3.36603,6.20069,-0.116676,-0.068875,-0.0901,19.793000000000006
1772223963251538232,2026-02-27 15:26:03.251,1.41646,-3.3812,6.38329,-0.113987,-0.053381,-0.089155,19.79400000000001
1772223963252664606,2026-02-27 15:26:03.252,1.40411,-3.43564,5.46738,-0.111995,-0.019129,-0.072425,19.795
1772223963253859934,2026-02-27 15:26:03.253,1.18383,-3.51086,5.79155,-0.115093,-0.016259,-0.069707,19.796000000000006
1772223963255054359,2026-02-27 15:26:03.255,1.14911,-3.47199,5.76043,-0.114626,-0.016524,-0.06497,19.798000000000002
1772223963256250858,2026-02-27 15:26:03.256,1.11091,-3.47623,6.26169,-0.107065,0.010913,-0.062577,19.799000000000007
1772223963257431661,2026-02-27 15:26:03.257,0.885151,-3.33361,6.39513,-0.106794,0.027548,-0.05186,19.80000000000001
1772223963258584226,2026-02-27 15:26:03.258,0.714946,-3.36365,6.46539,-0.106943,0.036989,-0.047186,19.801000000000002
1772223963259713559,2026-02-27 15:26:03.259,0.699348,-3.31136,6.37439,-0.098874,0.042732,-0.041989,19.802000000000007
1772223963260892518,2026-02-27 15:26:03.260,0.541546,-3.28152,7.28681,-0.103195,0.047758,-0.048167,19.80300000000001
1772223963262091217,2026-02-27 15:26:03.262,0.480555,-3.21674,7.21856,-0.10127,0.051528,-0.043878,19.805000000000007
1772223963263269814,2026-02-27 15:26:03.263,0.474998,-3.26635,7.16298,-0.098407,0.054104,-0.041349,19.80600000000001
1772223963264474575,2026-02-27 15:26:03.264,0.399775,-3.22124,6.22555,-0.092675,0.058156,-0.028496,19.807000000000002
1772223963265603279,2026-02-27 15:26:03.265,0.345474,-3.2231,6.27241,-0.095384,0.05862,-0.026581,19.808000000000007
1772223963266777964,2026-02-27 15:26:03.266,0.314064,-3.24098,6.30775,-0.094253,0.060703,-0.025707,19.80900000000001
1772223963267972611,2026-02-27 15:26:03.267,0.278628,-3.22095,6.30074,-0.09191,0.061503,-0.024574,19.810000000000002
1772223963269166905,2026-02-27 15:26:03.269,0.182267,-3.21323,5.86246,-0.092129,0.06267,-0.02008,19.812000000000012
1772223963270349872,2026-02-27 15:26:03.270,0.176315,-3.22374,5.37978,-0.093333,0.062994,-0.014825,19.813000000000002
1772223963271537817,2026-02-27 15:26:03.271,0.149715,-3.16434,6.04085,-0.091489,0.064671,-0.019312,19.814000000000007
1772223963272665791,2026-02-27 15:26:03.272,0.152274,-3.10523,6.30962,-0.086104,0.067433,-0.022692,19.815000000000012
1772223963273836920,2026-02-27 15:26:03.273,0.069943,-3.07547,6.51689,-0.089544,0.067956,-0.023663,19.816000000000003
1772223963275033876,2026-02-27 15:26:03.275,0.062147,-3.07181,6.47303,-0.085972,0.068883,-0.022979,19.818000000000012
1772223963276172767,2026-02-27 15:26:03.276,0.021847,-3.06727,6.53176,-0.087287,0.070365,-0.022757,19.819000000000003
1772223963277354979,2026-02-27 15:26:03.277,-0.005947,-3.03542,6.60284,-0.087722,0.070619,-0.024406,19.820000000000007
1772223963278539424,2026-02-27 15:26:03.278,0.044107,-2.95342,7.24338,-0.081399,0.071844,-0.028408,19.821000000000012
1772223963279671923,2026-02-27 15:26:03.279,-0.007485,-2.95653,7.22132,-0.084098,0.071909,-0.02845,19.822000000000003
1772223963280863262,2026-02-27 15:26:03.280,-0.031821,-2.93997,6.58477,-0.0819,0.072716,-0.024472,19.823000000000008
1772223963282057684,2026-02-27 15:26:03.282,-0.039696,-2.95286,6.47205,-0.083659,0.07378,-0.022881,19.825000000000003
1772223963283255266,2026-02-27 15:26:03.283,-0.078017,-2.93117,6.47487,-0.085503,0.074145,-0.02353,19.826000000000008
1772223963284445069,2026-02-27 15:26:03.284,-0.089271,-2.87511,6.41477,-0.080272,0.074752,-0.023426,19.827000000000012
1772223963285591460,2026-02-27 15:26:03.285,-0.057265,-2.87211,5.54374,-0.082733,0.074914,-0.014792,19.828000000000003
1772223963286723087,2026-02-27 15:26:03.286,-0.038528,-2.86761,5.67513,-0.079065,0.075237,-0.015938,19.829000000000008
1772223963287852405,2026-02-27 15:26:03.287,-0.090135,-2.83696,5.6353,-0.081529,0.074969,-0.016388,19.830000000000013
1772223963289050032,2026-02-27 15:26:03.289,-0.186319,-2.81853,6.05124,-0.085302,0.076127,-0.021316,19.832000000000008
1772223963290248724,2026-02-27 15:26:03.290,-0.083168,-2.81243,6.33458,-0.08146,0.075045,-0.023682,19.833000000000013
1772223963291433493,2026-02-27 15:26:03.291,-0.09885,-2.75342,6.38145,-0.081056,0.074851,-0.024672,19.834000000000003
1772223963292579345,2026-02-27 15:26:03.292,-0.151756,-2.75593,6.23391,-0.082155,0.075475,-0.024116,19.835000000000008
1772223963293710567,2026-02-27 15:26:03.293,-0.163192,-2.73565,6.9097,-0.081184,0.074696,-0.030956,19.836000000000013
1772223963294886810,2026-02-27 15:26:03.294,-0.140164,-2.68479,7.27597,-0.080374,0.074727,-0.033927,19.837000000000003
1772223963296083398,2026-02-27 15:26:03.296,-0.090494,-2.69488,7.00183,-0.081086,0.074025,-0.032407,19.839
1772223963297282337,2026-02-27 15:26:03.297,-0.115374,-2.71019,6.59748,-0.081008,0.073277,-0.029835,19.840000000000003
1772223963298478534,2026-02-27 15:26:03.298,-0.167186,-2.69367,6.14633,-0.081416,0.073181,-0.026421,19.841000000000008
1772223963299608811,2026-02-27 15:26:03.299,-0.151478,-2.68515,6.19363,-0.082291,0.072138,-0.02747,19.842
1772223963300781705,2026-02-27 15:26:03.300,-0.112704,-2.63977,6.1594,-0.07997,0.0711,-0.028276,19.843000000000004
1772223963301978185,2026-02-27 15:26:03.301,-0.169277,-2.63955,6.10116,-0.080379,0.070954,-0.028923,19.84400000000001
1772223963303175950,2026-02-27 15:26:03.303,-0.153523,-2.69272,5.15025,-0.081966,0.070745,-0.020545,19.846000000000004
1772223963304365347,2026-02-27 15:26:03.304,-0.149721,-2.62957,5.61222,-0.080085,0.069546,-0.025754,19.84700000000001
1772223963305550066,2026-02-27 15:26:03.305,-0.165847,-2.60573,6.0383,-0.081092,0.068898,-0.031916,19.848
1772223963306680207,2026-02-27 15:26:03.306,-0.202479,-2.56787,6.27582,-0.079848,0.068195,-0.034056,19.849000000000004
1772223963307853539,2026-02-27 15:26:03.307,-0.204502,-2.58272,6.23399,-0.078991,0.067975,-0.033851,19.85000000000001
1772223963309050125,2026-02-27 15:26:03.309,-0.186249,-2.56052,6.21797,-0.079776,0.068094,-0.034517,19.852000000000004
1772223963310248932,2026-02-27 15:26:03.310,-0.203462,-2.55225,6.18871,-0.077448,0.069128,-0.036195,19.85300000000001
1772223963311432106,2026-02-27 15:26:03.311,-0.234945,-2.53991,7.14229,-0.075512,0.069374,-0.045005,19.854
1772223963312587133,2026-02-27 15:26:03.312,-0.272866,-2.53441,6.95044,-0.082063,0.069872,-0.044163,19.855000000000004
1772223963313715871,2026-02-27 15:26:03.313,-0.21617,-2.5297,6.35496,-0.078207,0.06906,-0.039943,19.85600000000001
1772223963314891142,2026-02-27 15:26:03.314,-0.184545,-2.51303,6.0684,-0.077813,0.06908,-0.036471,19.857
1772223963316087889,2026-02-27 15:26:03.316,-0.177773,-2.51833,6.1009,-0.079752,0.069455,-0.038428,19.85900000000001
1772223963317283827,2026-02-27 15:26:03.317,-0.182145,-2.48223,6.0955,-0.078225,0.069503,-0.037523,19.86
1772223963318477827,2026-02-27 15:26:03.318,-0.198999,-2.48858,6.10481,-0.077301,0.06901,-0.03898,19.861000000000004
1772223963319608734,2026-02-27 15:26:03.319,-0.196817,-2.55119,5.14306,-0.078627,0.069069,-0.032099,19.86200000000001
1772223963320785921,2026-02-27 15:26:03.320,-0.199985,-2.50175,5.31802,-0.077584,0.069884,-0.033886,19.863
1772223963321981294,2026-02-27 15:26:03.321,-0.237435,-2.46616,5.77115,-0.076618,0.07012,-0.037851,19.864000000000004
1772223963323178197,2026-02-27 15:26:03.323,-0.291326,-2.48686,6.05669,-0.079667,0.070331,-0.041372,19.866
1772223963324378530,2026-02-27 15:26:03.324,-0.248611,-2.42993,6.17281,-0.073323,0.070682,-0.043096,19.867000000000004
1772223963325507901,2026-02-27 15:26:03.325,-0.226431,-2.42684,6.15939,-0.075525,0.070781,-0.04423,19.86800000000001
1772223963326655179,2026-02-27 15:26:03.326,-0.225738,-2.44453,6.25565,-0.075924,0.070551,-0.046541,19.869
1772223963327988285,2026-02-27 15:26:03.327,-0.26436,-2.44377,7.12034,-0.076704,0.070537,-0.054388,19.870000000000005
1772223963329185156,2026-02-27 15:26:03.329,-0.315822,-2.44426,6.72865,-0.077873,0.070425,-0.050753,19.872
1772223963330382718,2026-02-27 15:26:03.330,-0.246186,-2.40099,6.56549,-0.074904,0.07031,-0.050368,19.873000000000005
1772223963331595919,2026-02-27 15:26:03.331,-0.2561,-2.409,6.13173,-0.074775,0.070237,-0.046331,19.87400000000001
1772223963332786812,2026-02-27 15:26:03.332,-0.300885,-2.40005,6.01357,-0.078678,0.070703,-0.047308,19.875
1772223963333984998,2026-02-27 15:26:03.333,-0.267912,-2.36837,5.97442,-0.0742,0.070201,-0.04723,19.876000000000005
1772223963335181909,2026-02-27 15:26:03.335,-0.3087,-2.34455,5.93261,-0.075076,0.070374,-0.047238,19.878
1772223963336381039,2026-02-27 15:26:03.336,-0.290497,-2.38406,4.97504,-0.077224,0.071339,-0.037818,19.879000000000005
1772223963337616169,2026-02-27 15:26:03.337,-0.346089,-2.38644,5.18493,-0.078853,0.071176,-0.042189,19.88000000000001
1772223963338811707,2026-02-27 15:26:03.338,-0.257927,-2.3405,5.76557,-0.076306,0.070454,-0.046529,19.881
1772223963340011851,2026-02-27 15:26:03.340,-0.284807,-2.30957,5.96909,-0.072163,0.07055,-0.049503,19.88300000000001
1772223963341210608,2026-02-27 15:26:03.341,-0.272266,-2.26638,6.007,-0.071849,0.070131,-0.049026,19.884
1772223963342343166,2026-02-27 15:26:03.342,-0.312879,-2.29191,6.00157,-0.073721,0.069864,-0.048414,19.885000000000005
1772223963343483095,2026-02-27 15:26:03.343,-0.296472,-2.2703,5.98613,-0.073209,0.07111,-0.049069,19.88600000000001
1772223963344592974,2026-02-27 15:26:03.344,-0.313963,-2.23341,6.87939,-0.070115,0.071845,-0.05789,19.887
1772223963345723302,2026-02-27 15:26:03.345,-0.336679,-2.21889,6.66855,-0.071394,0.071716,-0.056943,19.888000000000005
1772223963346902446,2026-02-27 15:26:03.346,-0.289303,-2.21001,6.26559,-0.071408,0.071448,-0.051203,19.88900000000001
1772223963348099032,2026-02-27 15:26:03.348,-0.254839,-2.1787,5.87899,-0.070919,0.071866,-0.047997,19.891000000000005
1772223963349293427,2026-02-27 15:26:03.349,-0.327055,-2.2026,5.84873,-0.071864,0.072,-0.046726,19.89200000000001
1772223963350493078,2026-02-27 15:26:03.350,-0.31159,-2.19421,5.93251,-0.073067,0.071156,-0.047124,19.893
1772223963351623656,2026-02-27 15:26:03.351,-0.316209,-2.17723,5.84964,-0.06972,0.073053,-0.046688,19.894000000000005
1772223963352792695,2026-02-27 15:26:03.352,-0.340766,-2.20769,4.88528,-0.072858,0.073798,-0.036406,19.89500000000001
1772223963353980816,2026-02-27 15:26:03.353,-0.325068,-2.18421,5.26512,-0.070318,0.07302,-0.038264,19.896
1772223963355152017,2026-02-27 15:26:03.355,-0.297994,-2.11692,5.37654,-0.069778,0.072516,-0.039658,19.89800000000001
1772223963356323246,2026-02-27 15:26:03.356,-0.289089,-2.1245,5.8007,-0.070038,0.072578,-0.042216,19.899
1772223963357515458,2026-02-27 15:26:03.357,-0.225527,-2.09592,5.98539,-0.067445,0.072639,-0.042082,19.900000000000006
1772223963358641837,2026-02-27 15:26:03.358,-0.284577,-2.0967,5.98049,-0.066893,0.074204,-0.041422,19.90100000000001
1772223963359825061,2026-02-27 15:26:03.359,-0.237915,-2.07366,5.97703,-0.067972,0.073935,-0.040816,19.902
1772223963360991968,2026-02-27 15:26:03.360,-0.269064,-2.04457,6.97229,-0.066561,0.073831,-0.049814,19.903000000000006
1772223963362159755,2026-02-27 15:26:03.362,-0.237816,-2.04312,6.62338,-0.065964,0.073257,-0.046158,19.905
1772223963363331231,2026-02-27 15:26:03.363,-0.234524,-2.04455,6.65942,-0.067922,0.072898,-0.045535,19.906000000000006
1772223963364518462,2026-02-27 15:26:03.364,-0.191303,-1.99857,5.76858,-0.062934,0.073607,-0.036534,19.90700000000001
1772223963365646478,2026-02-27 15:26:03.365,-0.207061,-1.99069,5.83213,-0.06256,0.07429,-0.036915,19.908
1772223963366790115,2026-02-27 15:26:03.366,-0.177058,-1.99104,5.82439,-0.063186,0.074092,-0.035665,19.909000000000006
1772223963367957808,2026-02-27 15:26:03.367,-0.153993,-1.95492,5.81995,-0.060641,0.074488,-0.03476,19.91000000000001
1772223963369125039,2026-02-27 15:26:03.369,-0.141619,-1.92409,5.00962,-0.061633,0.074787,-0.026037,19.912000000000006
1772223963370292556,2026-02-27 15:26:03.370,-0.108608,-1.94428,5.06974,-0.063337,0.075132,-0.025861,19.91300000000001
1772223963371486998,2026-02-27 15:26:03.371,-0.1439,-1.90606,5.06358,-0.061519,0.074824,-0.024927,19.914
1772223963372615951,2026-02-27 15:26:03.372,-0.149772,-1.90762,5.74234,-0.061976,0.075161,-0.032254,19.915000000000006
1772223963373760890,2026-02-27 15:26:03.373,-0.113334,-1.92993,5.92645,-0.060423,0.075367,-0.032156,19.91600000000001
1772223963374932710,2026-02-27 15:26:03.374,-0.072829,-1.86818,5.89703,-0.059643,0.074196,-0.030632,19.917
1772223963376063054,2026-02-27 15:26:03.376,-0.087654,-1.87527,5.89375,-0.060048,0.073729,-0.030204,19.91900000000001
1772223963377253789,2026-02-27 15:26:03.377,-0.058016,-1.87774,6.26788,-0.061851,0.073122,-0.03453,19.92
1772223963378420748,2026-02-27 15:26:03.378,-0.105912,-1.85457,6.81803,-0.057407,0.074646,-0.037534,19.921000000000006
1772223963379583613,2026-02-27 15:26:03.379,0.022164,-1.85706,6.27116,-0.059683,0.072898,-0.031524,19.92200000000001
1772223963380712869,2026-02-27 15:26:03.380,0.053489,-1.83979,5.81429,-0.058029,0.073294,-0.026843,19.923000000000002
1772223963381857382,2026-02-27 15:26:03.381,0.005629,-1.86049,5.70113,-0.062178,0.072976,-0.025476,19.924000000000007
1772223963382976235,2026-02-27 15:26:03.382,0.111981,-1.80553,5.74468,-0.058065,0.072361,-0.025387,19.92500000000001
1772223963384176956,2026-02-27 15:26:03.384,0.181313,-1.81197,5.7437,-0.056716,0.071809,-0.024967,19.927000000000007
1772223963385374287,2026-02-27 15:26:03.385,0.164277,-1.76889,5.66377,-0.054829,0.072151,-0.025157,19.92800000000001
1772223963386561908,2026-02-27 15:26:03.386,0.154178,-1.80582,4.69652,-0.058651,0.071649,-0.014457,19.929000000000002
1772223963387692278,2026-02-27 15:26:03.387,0.199953,-1.81498,5.06192,-0.056611,0.069656,-0.017204,19.930000000000007
1772223963388863102,2026-02-27 15:26:03.388,0.237546,-1.80755,5.53724,-0.056044,0.070269,-0.021229,19.93100000000001
1772223963390059203,2026-02-27 15:26:03.390,0.290791,-1.78913,5.8564,-0.056088,0.069292,-0.023195,19.933000000000007
1772223963391256562,2026-02-27 15:26:03.391,0.269706,-1.75916,5.82764,-0.05399,0.069056,-0.021854,19.93400000000001
1772223963392387753,2026-02-27 15:26:03.392,0.256769,-1.7672,5.84445,-0.05537,0.068406,-0.021434,19.935000000000002
1772223963393564914,2026-02-27 15:26:03.393,0.236435,-1.773,5.80709,-0.05803,0.069009,-0.022151,19.936000000000007
1772223963394698851,2026-02-27 15:26:03.394,0.248063,-1.73458,6.6988,-0.050717,0.069227,-0.027262,19.937000000000012
1772223963395853089,2026-02-27 15:26:03.395,0.250776,-1.73483,6.71029,-0.052682,0.068495,-0.026006,19.938000000000002
1772223963397048200,2026-02-27 15:26:03.397,0.203141,-1.75288,6.17085,-0.054651,0.067986,-0.021621,19.940000000000012
1772223963398241939,2026-02-27 15:26:03.398,0.3169,-1.75043,5.84475,-0.051646,0.067702,-0.017953,19.941000000000003
1772223963399436389,2026-02-27 15:26:03.399,0.285588,-1.7305,5.84096,-0.051567,0.066809,-0.017484,19.942000000000007
1772223963400567816,2026-02-27 15:26:03.400,0.332005,-1.79101,5.88394,-0.052879,0.066598,-0.017758,19.943000000000012
1772223963401698485,2026-02-27 15:26:03.401,0.352459,-1.76774,5.42929,-0.052492,0.067118,-0.013521,19.944000000000003
1772223963402850624,2026-02-27 15:26:03.402,0.362322,-1.78539,4.93569,-0.054359,0.065799,-0.00977,19.945000000000007
1772223963404045065,2026-02-27 15:26:03.404,0.420869,-1.77084,5.21281,-0.050211,0.065623,-0.011262,19.947000000000003
1772223963405238980,2026-02-27 15:26:03.405,0.399598,-1.72626,5.53458,-0.049526,0.065208,-0.013804,19.948000000000008
1772223963406433742,2026-02-27 15:26:03.406,0.364913,-1.72466,5.8306,-0.04917,0.065602,-0.015541,19.949000000000012
1772223963407566185,2026-02-27 15:26:03.407,0.354934,-1.73613,6.02611,-0.052128,0.065136,-0.017625,19.950000000000003
1772223963408693961,2026-02-27 15:26:03.408,0.423825,-1.74291,5.96458,-0.049814,0.065143,-0.017226,19.951000000000008
1772223963409870824,2026-02-27 15:26:03.409,0.423304,-1.74173,6.06973,-0.05076,0.064201,-0.017814,19.952000000000012
1772223963411066309,2026-02-27 15:26:03.411,0.425298,-1.73352,6.95918,-0.049464,0.065377,-0.026068,19.954000000000008
1772223963412258864,2026-02-27 15:26:03.412,0.429734,-1.73233,6.58077,-0.050231,0.064657,-0.021157,19.955000000000013
1772223963413469959,2026-02-27 15:26:03.413,0.356307,-1.72271,6.54272,-0.055462,0.064592,-0.022094,19.956000000000003
1772223963414558858,2026-02-27 15:26:03.414,0.510909,-1.69365,6.00278,-0.049672,0.064774,-0.016578,19.957000000000008
1772223963415688639,2026-02-27 15:26:03.415,0.560303,-1.72123,5.89373,-0.051446,0.064245,-0.01543,19.958000000000013
1772223963416850489,2026-02-27 15:26:03.416,0.524018,-1.69964,5.85974,-0.053938,0.06385,-0.016744,19.959000000000003
1772223963418048031,2026-02-27 15:26:03.418,0.592314,-1.67222,5.83298,-0.052046,0.063541,-0.015456,19.961000000000013
1772223963419244371,2026-02-27 15:26:03.419,0.607319,-1.6757,4.95107,-0.053262,0.063397,-0.008287,19.962000000000003
1772223963420440782,2026-02-27 15:26:03.420,0.656776,-1.70338,5.02457,-0.055943,0.061906,-0.010246,19.963000000000008
1772223963421569312,2026-02-27 15:26:03.421,0.638336,-1.66055,5.00577,-0.053724,0.062816,-0.010403,19.964
1772223963422698881,2026-02-27 15:26:03.422,0.666785,-1.69609,5.47874,-0.056072,0.062359,-0.014279,19.965000000000003
1772223963423847425,2026-02-27 15:26:03.423,0.707338,-1.62196,5.78426,-0.055733,0.062321,-0.017289,19.966000000000008
1772223963425044600,2026-02-27 15:26:03.425,0.678172,-1.6366,5.78184,-0.056535,0.061381,-0.017071,19.968000000000004
1772223963426240673,2026-02-27 15:26:03.426,0.723835,-1.6466,5.76389,-0.05686,0.061237,-0.017331,19.96900000000001
1772223963427416433,2026-02-27 15:26:03.427,0.652208,-1.62401,6.37076,-0.060854,0.060475,-0.023423,19.97
1772223963428570756,2026-02-27 15:26:03.428,0.667646,-1.58341,6.58162,-0.056936,0.060095,-0.024273,19.971000000000004
1772223963429699354,2026-02-27 15:26:03.429,0.699602,-1.55173,6.33342,-0.055743,0.06049,-0.023538,19.97200000000001
1772223963430848933,2026-02-27 15:26:03.430,0.711805,-1.62099,5.57372,-0.062587,0.060404,-0.016668,19.973
1772223963432051019,2026-02-27 15:26:03.432,0.753017,-1.62719,5.47063,-0.060969,0.059871,-0.016282,19.97500000000001
1772223963433247201,2026-02-27 15:26:03.433,0.757192,-1.62645,5.47361,-0.063556,0.057611,-0.016944,19.976
1772223963434440468,2026-02-27 15:26:03.434,0.867339,-1.62449,5.51734,-0.060773,0.057497,-0.016922,19.977000000000004
1772223963435559249,2026-02-27 15:26:03.435,0.826569,-1.55029,5.40624,-0.06133,0.057753,-0.015653,19.97800000000001
1772223963436805987,2026-02-27 15:26:03.436,0.843315,-1.58717,4.89025,-0.066251,0.055484,-0.011764,19.979
1772223963438001398,2026-02-27 15:26:03.438,0.902941,-1.53965,4.86198,-0.059649,0.055901,-0.013151,19.98100000000001
1772223963439195331,2026-02-27 15:26:03.439,0.828151,-1.56416,5.27174,-0.067277,0.055219,-0.017317,19.982
1772223963440377381,2026-02-27 15:26:03.440,0.930092,-1.55653,5.50622,-0.063129,0.053955,-0.018418,19.983000000000004
1772223963441567788,2026-02-27 15:26:03.441,0.935196,-1.52762,5.48862,-0.064212,0.054765,-0.018877,19.98400000000001
1772223963442724774,2026-02-27 15:26:03.442,0.972813,-1.49795,5.42463,-0.061702,0.053902,-0.018211,19.985
1772223963443883457,2026-02-27 15:26:03.443,0.967276,-1.55041,6.41983,-0.064709,0.053606,-0.027358,19.986000000000004
1772223963445083158,2026-02-27 15:26:03.445,1.01022,-1.55674,6.13385,-0.06316,0.053475,-0.023878,19.988
1772223963446279903,2026-02-27 15:26:03.446,0.97785,-1.58865,6.08228,-0.061833,0.054589,-0.022186,19.989000000000004
1772223963447483655,2026-02-27 15:26:03.447,1.01096,-1.6376,5.63996,-0.061946,0.054147,-0.016704,19.99000000000001
1772223963448613628,2026-02-27 15:26:03.448,1.01238,-1.68513,5.33516,-0.061717,0.05333,-0.013678,19.991
1772223963449742660,2026-02-27 15:26:03.449,1.01677,-1.67168,5.4012,-0.063543,0.053362,-0.01453,19.992000000000004
1772223963450895162,2026-02-27 15:26:03.450,0.978196,-1.65094,5.25438,-0.063805,0.055047,-0.013967,19.99300000000001
1772223963452088857,2026-02-27 15:26:03.452,0.976572,-1.62909,4.55878,-0.065483,0.055052,-0.007325,19.995000000000005
1772223963453282816,2026-02-27 15:26:03.453,0.945965,-1.61094,4.36074,-0.06384,0.055862,-0.005035,19.99600000000001
1772223963454489284,2026-02-27 15:26:03.454,1.03974,-1.61479,4.49833,-0.062102,0.054916,-0.003896,19.997
1772223963455618275,2026-02-27 15:26:03.455,0.962074,-1.62254,4.94907,-0.062795,0.055422,-0.007688,19.998000000000005
1772223963456768003,2026-02-27 15:26:03.456,0.956702,-1.60618,5.26771,-0.061957,0.05657,-0.009635,19.99900000000001
1772223963457942791,2026-02-27 15:26:03.457,0.91818,-1.64905,5.24456,-0.064593,0.055899,-0.009481,20.0
1772223963459073703,2026-02-27 15:26:03.459,0.94188,-1.63135,5.28376,-0.062158,0.057025,-0.009002,20.00200000000001
1772223963460268931,2026-02-27 15:26:03.460,0.889967,-1.65288,5.47987,-0.065565,0.057435,-0.011303,20.003
1772223963461488373,2026-02-27 15:26:03.461,0.892849,-1.60842,6.22747,-0.059548,0.057399,-0.016295,20.004000000000005
1772223963462617462,2026-02-27 15:26:03.462,0.97542,-1.63952,5.88399,-0.060703,0.058176,-0.013381,20.00500000000001
1772223963463767474,2026-02-27 15:26:03.463,0.856395,-1.66933,5.69374,-0.064694,0.058557,-0.012882,20.006
1772223963464954901,2026-02-27 15:26:03.464,0.923505,-1.63869,5.17188,-0.059673,0.058628,-0.007321,20.007000000000005
1772223963466148877,2026-02-27 15:26:03.466,0.983033,-1.63902,5.20514,-0.0609,0.057843,-0.006069,20.009
1772223963467344967,2026-02-27 15:26:03.467,0.859007,-1.63569,5.18885,-0.062991,0.059578,-0.007143,20.010000000000005
1772223963468553638,2026-02-27 15:26:03.468,1.00325,-1.63653,5.18678,-0.056303,0.059491,-0.006017,20.01100000000001
1772223963469683644,2026-02-27 15:26:03.469,0.921266,-1.66502,4.28539,-0.061125,0.058968,0.003676,20.012
1772223963470831009,2026-02-27 15:26:03.470,0.912712,-1.6817,4.60617,-0.058565,0.061187,0.00152,20.013000000000005
1772223963472010081,2026-02-27 15:26:03.472,0.862491,-1.70513,5.05631,-0.058679,0.061452,-0.002067,20.015
1772223963473204146,2026-02-27 15:26:03.473,0.905115,-1.7167,5.37987,-0.059252,0.062245,-0.00472,20.016000000000005
1772223963474403423,2026-02-27 15:26:03.474,0.939723,-1.75135,5.33508,-0.056218,0.061091,-0.003848,20.01700000000001
1772223963475567574,2026-02-27 15:26:03.475,1.00643,-1.72358,5.45854,-0.054611,0.060589,-0.003762,20.018
1772223963476695994,2026-02-27 15:26:03.476,0.935222,-1.73263,5.51495,-0.056075,0.061126,-0.003307,20.019000000000005
1772223963477881845,2026-02-27 15:26:03.477,0.873211,-1.66983,6.35022,-0.052911,0.062619,-0.009568,20.02000000000001
1772223963479066759,2026-02-27 15:26:03.479,0.832209,-1.69487,6.28401,-0.05414,0.062345,-0.008975,20.022000000000006
1772223963480244715,2026-02-27 15:26:03.480,0.822077,-1.65273,5.8703,-0.053988,0.062159,-0.004897,20.02300000000001
1772223963481411595,2026-02-27 15:26:03.481,0.862615,-1.67511,5.48768,-0.055797,0.06251,-0.00241,20.024
1772223963482570997,2026-02-27 15:26:03.482,0.927224,-1.71259,5.5089,-0.052714,0.062274,-0.002173,20.025000000000006
1772223963483702697,2026-02-27 15:26:03.483,0.907438,-1.73444,5.55094,-0.056777,0.062108,-0.002661,20.02600000000001
1772223963484851584,2026-02-27 15:26:03.484,0.958101,-1.71315,5.489,-0.053326,0.061685,-0.002206,20.027
1772223963486046953,2026-02-27 15:26:03.486,0.91455,-1.75079,4.49415,-0.053599,0.063437,0.006616,20.02900000000001
1772223963487241764,2026-02-27 15:26:03.487,0.889926,-1.73785,4.83939,-0.057344,0.062925,0.003339,20.03
1772223963488436568,2026-02-27 15:26:03.488,0.969846,-1.7522,5.0557,-0.05532,0.062617,0.001743,20.031000000000006
1772223963489562436,2026-02-27 15:26:03.489,0.980143,-1.74384,5.42031,-0.055474,0.062699,-0.001052,20.03200000000001
1772223963490688747,2026-02-27 15:26:03.490,1.02415,-1.72056,5.53504,-0.055527,0.062593,-0.002923,20.033
1772223963491861475,2026-02-27 15:26:03.491,-1.26734,-2.36915,4.6199,-0.027504,-0.030542,0.00463,20.034000000000006
1772223963493037935,2026-02-27 15:26:03.493,0.92312,-1.91416,3.86547,-0.043992,-0.051886,-0.018812,20.036
1772223963494235209,2026-02-27 15:26:03.494,0.353142,-2.25779,4.02672,-0.023511,-0.205729,-0.02675,20.037000000000006
1772223963495429992,2026-02-27 15:26:03.495,0.945297,-2.05303,4.17721,-0.020368,-0.146293,-0.040104,20.03800000000001
1772223963496564470,2026-02-27 15:26:03.496,0.684419,-2.14855,4.32036,0.000964,-0.191838,-0.053752,20.039
1772223963497693220,2026-02-27 15:26:03.497,0.747747,-2.12267,4.12785,0.006277,-0.191437,-0.067658,20.040000000000006
1772223963498855994,2026-02-27 15:26:03.498,0.635809,-2.13204,4.24519,0.01431,-0.198768,-0.079645,20.04100000000001
1772223963500035627,2026-02-27 15:26:03.500,0.635053,-2.03271,4.72974,0.025975,-0.201513,-0.094202,20.043000000000006
1772223963501237069,2026-02-27 15:26:03.501,0.602392,-2.02954,4.72908,0.026919,-0.201873,-0.094157,20.04400000000001
1772223963502431532,2026-02-27 15:26:03.502,0.653557,-2.06582,3.77349,0.021634,-0.194143,-0.084921,20.045
1772223963503573298,2026-02-27 15:26:03.503,0.739584,-2.04628,3.71771,0.027036,-0.195647,-0.082077,20.046000000000006
1772223963504702530,2026-02-27 15:26:03.504,0.761605,-2.10045,3.73437,0.025697,-0.189904,-0.078166,20.04700000000001
1772223963505861507,2026-02-27 15:26:03.505,0.798278,-2.01511,4.11503,0.018019,-0.185261,-0.08051,20.048000000000002
1772223963507040618,2026-02-27 15:26:03.507,0.991352,-2.08511,4.5916,0.015703,-0.171612,-0.080862,20.05000000000001
1772223963508235158,2026-02-27 15:26:03.508,1.11539,-2.0831,4.69877,0.015626,-0.166572,-0.081163,20.051000000000002
1772223963509367420,2026-02-27 15:26:03.509,1.12275,-2.0801,4.76698,0.015709,-0.160875,-0.082066,20.052000000000007
1772223963510567959,2026-02-27 15:26:03.510,1.19804,-2.09346,5.24378,0.01915,-0.161615,-0.089246,20.05300000000001
1772223963511694492,2026-02-27 15:26:03.511,1.1891,-2.07593,5.80207,0.02006,-0.16086,-0.093615,20.054000000000002
1772223963512862556,2026-02-27 15:26:03.512,1.25437,-2.09887,5.53885,0.020615,-0.159432,-0.093606,20.055000000000007
1772223963514043912,2026-02-27 15:26:03.514,1.28425,-2.11636,4.68815,0.026779,-0.167025,-0.087878,20.057000000000002
1772223963515240980,2026-02-27 15:26:03.515,1.26519,-2.1345,4.67098,0.027267,-0.169615,-0.088479,20.058000000000007
1772223963516442137,2026-02-27 15:26:03.516,1.27482,-2.14215,4.5463,0.025215,-0.178835,-0.088462,20.05900000000001
1772223963517563833,2026-02-27 15:26:03.517,1.28037,-2.17264,4.40818,0.022389,-0.182665,-0.089414,20.060000000000002
1772223963518691266,2026-02-27 15:26:03.518,1.2855,-2.15788,4.24417,0.015981,-0.183241,-0.089625,20.061000000000007
1772223963519866548,2026-02-27 15:26:03.519,1.32178,-2.21451,3.16261,0.010122,-0.188646,-0.080276,20.062000000000012
1772223963521048516,2026-02-27 15:26:03.521,1.11836,-2.42709,3.51922,0.003744,-0.211563,-0.080298,20.064000000000007
1772223963522239853,2026-02-27 15:26:03.522,1.26343,-2.49216,3.99543,-0.005408,-0.205235,-0.084498,20.065000000000012
1772223963523437958,2026-02-27 15:26:03.523,1.25277,-2.50495,4.04291,-0.011972,-0.204231,-0.085907,20.066000000000003
1772223963524569183,2026-02-27 15:26:03.524,1.14251,-2.6039,4.03549,-0.012009,-0.226809,-0.082575,20.067000000000007
1772223963525702498,2026-02-27 15:26:03.525,1.18988,-2.5665,4.08703,-0.018086,-0.215796,-0.084127,20.068000000000012
1772223963526896314,2026-02-27 15:26:03.526,1.15086,-2.68188,3.98973,-0.024211,-0.222802,-0.082323,20.069000000000003
1772223963528075404,2026-02-27 15:26:03.528,1.1849,-2.69154,4.57584,-0.026927,-0.221733,-0.091068,20.071000000000012
1772223963529263253,2026-02-27 15:26:03.529,1.15011,-2.73154,4.42138,-0.031861,-0.225221,-0.089711,20.072000000000003
1772223963530495395,2026-02-27 15:26:03.530,1.18622,-2.76334,3.87831,-0.032843,-0.226962,-0.08449,20.073000000000008
1772223963531624702,2026-02-27 15:26:03.531,1.1642,-2.75907,3.54249,-0.036549,-0.23067,-0.080197,20.074000000000012
1772223963532798984,2026-02-27 15:26:03.532,1.19874,-2.78991,3.44146,-0.039662,-0.234515,-0.08051,20.075000000000003
1772223963533982730,2026-02-27 15:26:03.533,1.21039,-2.79699,3.35979,-0.043273,-0.234305,-0.080645,20.076000000000008
1772223963535157085,2026-02-27 15:26:03.535,1.30301,-2.81672,2.74947,-0.046002,-0.23331,-0.077486,20.078000000000003
1772223963536350003,2026-02-27 15:26:03.536,1.29782,-2.87399,2.20552,-0.047505,-0.235741,-0.07546,20.079000000000008
1772223963537572164,2026-02-27 15:26:03.537,1.27596,-2.83917,2.39186,-0.053768,-0.23998,-0.076461,20.080000000000013
1772223963538719388,2026-02-27 15:26:03.538,1.27655,-2.84376,2.67294,-0.053669,-0.238887,-0.08209,20.081000000000003
1772223963539898028,2026-02-27 15:26:03.539,1.23689,-2.86796,2.8941,-0.057726,-0.241627,-0.085207,20.082000000000008
1772223963541087498,2026-02-27 15:26:03.541,1.23426,-2.925,2.81965,-0.064307,-0.24707,-0.086829,20.084000000000003
1772223963542280744,2026-02-27 15:26:03.542,1.2708,-2.97024,2.86934,-0.070357,-0.243022,-0.088316,20.085000000000008
1772223963543486801,2026-02-27 15:26:03.543,1.24173,-3.03049,2.83777,-0.072116,-0.247078,-0.090035,20.086000000000013
1772223963544620480,2026-02-27 15:26:03.544,1.27565,-3.01663,3.5287,-0.077912,-0.250888,-0.099555,20.087000000000003
1772223963545814957,2026-02-27 15:26:03.545,1.36947,-3.02055,3.02499,-0.081802,-0.250242,-0.097203,20.088000000000008
1772223963546987772,2026-02-27 15:26:03.546,1.38299,-3.09546,2.845,-0.085237,-0.249763,-0.097857,20.089
1772223963548288558,2026-02-27 15:26:03.548,1.43085,-3.21545,1.95164,-0.093321,-0.252638,-0.095579,20.091000000000008
1772223963549493363,2026-02-27 15:26:03.549,1.46874,-3.2031,1.65454,-0.099373,-0.253257,-0.097157,20.092
1772223963550627834,2026-02-27 15:26:03.550,1.52768,-3.30547,1.43532,-0.102606,-0.252194,-0.097878,20.093000000000004
1772223963551820255,2026-02-27 15:26:03.551,1.54368,-3.31405,1.21135,-0.106893,-0.252364,-0.098102,20.09400000000001
1772223963553005044,2026-02-27 15:26:03.553,1.52691,-3.43166,0.03761,-0.110947,-0.251956,-0.090138,20.096000000000004
1772223963554186000,2026-02-27 15:26:03.554,1.61142,-3.50102,-0.408197,-0.109039,-0.249417,-0.093245,20.09700000000001
1772223963555391230,2026-02-27 15:26:03.555,1.59852,-3.49749,-0.242568,-0.10895,-0.247811,-0.096797,20.098
1772223963556570392,2026-02-27 15:26:03.556,1.64733,-3.52811,-0.305754,-0.108731,-0.246872,-0.099449,20.099000000000004
1772223963557705744,2026-02-27 15:26:03.557,1.60772,-3.57188,-0.547036,-0.108145,-0.246064,-0.10001,20.10000000000001
1772223963558857459,2026-02-27 15:26:03.558,1.61947,-3.62927,-0.864613,-0.103685,-0.244984,-0.101001,20.101
1772223963560065225,2026-02-27 15:26:03.560,1.62777,-3.76891,-0.673165,-0.100934,-0.245574,-0.108386,20.10300000000001
1772223963561244982,2026-02-27 15:26:03.561,1.62348,-3.79977,-0.800773,-0.097572,-0.245482,-0.110537,20.104
1772223963562441487,2026-02-27 15:26:03.562,1.63311,-3.9184,-1.25282,-0.098785,-0.246607,-0.110011,20.105000000000004
1772223963563566123,2026-02-27 15:26:03.563,1.60728,-3.93605,-1.96418,-0.094547,-0.24455,-0.106923,20.10600000000001
1772223963564692793,2026-02-27 15:26:03.564,1.6508,-3.93878,-2.58346,-0.091749,-0.246205,-0.102294,20.107
1772223963565868411,2026-02-27 15:26:03.565,1.59418,-3.97086,-2.9078,-0.090155,-0.246231,-0.102638,20.108000000000004
1772223963567058479,2026-02-27 15:26:03.567,1.62545,-4.02307,-3.1701,-0.08823,-0.245219,-0.102804,20.11
1772223963568235191,2026-02-27 15:26:03.568,1.62932,-4.15539,-3.81343,-0.085696,-0.245252,-0.10083,20.111000000000004
1772223963569431294,2026-02-27 15:26:03.569,1.68513,-4.14816,-4.93474,-0.083562,-0.245739,-0.094162,20.11200000000001
1772223963570562373,2026-02-27 15:26:03.570,1.62304,-4.23235,-4.79517,-0.081895,-0.243766,-0.096867,20.113
1772223963571690689,2026-02-27 15:26:03.571,1.64261,-4.24458,-4.93116,-0.081955,-0.243141,-0.097825,20.114000000000004
1772223963572866848,2026-02-27 15:26:03.572,1.60632,-4.34246,-4.71547,-0.080349,-0.242153,-0.099642,20.11500000000001
1772223963574052883,2026-02-27 15:26:03.574,1.57617,-4.36194,-4.76478,-0.077903,-0.239727,-0.101357,20.117000000000004
1772223963575221413,2026-02-27 15:26:03.575,1.54967,-4.41862,-5.1246,-0.074504,-0.234682,-0.099012,20.11800000000001
1772223963576364002,2026-02-27 15:26:03.576,1.63445,-4.4372,-5.26478,-0.070949,-0.232915,-0.098886,20.119
1772223963577564334,2026-02-27 15:26:03.577,1.58033,-4.48026,-4.33592,-0.071056,-0.231188,-0.107152,20.120000000000005
1772223963578696356,2026-02-27 15:26:03.578,1.58576,-4.50208,-4.90841,-0.068078,-0.227811,-0.103413,20.12100000000001
1772223963579869237,2026-02-27 15:26:03.579,1.58133,-4.58479,-5.07196,-0.064457,-0.225882,-0.103071,20.122
1772223963581058634,2026-02-27 15:26:03.581,1.63755,-4.61824,-5.81306,-0.063148,-0.223013,-0.09842,20.12400000000001
1772223963582228476,2026-02-27 15:26:03.582,1.59546,-4.65038,-6.40388,-0.057052,-0.216324,-0.094867,20.125
1772223963583427499,2026-02-27 15:26:03.583,1.63972,-4.71327,-6.50973,-0.055163,-0.213522,-0.093919,20.126000000000005
1772223963584568319,2026-02-27 15:26:03.584,1.59295,-4.77419,-6.73034,-0.050471,-0.209547,-0.094222,20.12700000000001
1772223963585696763,2026-02-27 15:26:03.585,1.59595,-4.71201,-7.59067,-0.049925,-0.204561,-0.087038,20.128
1772223963586870392,2026-02-27 15:26:03.586,1.60734,-4.83782,-7.83219,-0.046623,-0.201642,-0.084017,20.129000000000005
1772223963588063538,2026-02-27 15:26:03.588,1.62466,-4.85255,-8.0075,-0.044099,-0.198386,-0.084982,20.131
1772223963589246185,2026-02-27 15:26:03.589,1.58986,-4.97868,-7.62391,-0.039982,-0.191411,-0.090391,20.132000000000005
1772223963590441977,2026-02-27 15:26:03.590,1.63493,-5.00959,-7.68238,-0.038172,-0.188377,-0.090473,20.13300000000001
1772223963591560740,2026-02-27 15:26:03.591,1.56335,-5.02215,-7.90842,-0.035467,-0.184661,-0.090135,20.134
1772223963592691647,2026-02-27 15:26:03.592,1.61019,-5.03677,-8.0956,-0.033577,-0.181597,-0.089212,20.135000000000005
1772223963593867920,2026-02-27 15:26:03.593,1.60825,-5.14062,-8.01239,-0.031304,-0.178952,-0.092417,20.13600000000001
1772223963595074815,2026-02-27 15:26:03.595,1.57721,-5.19782,-7.51179,-0.031254,-0.175247,-0.097335,20.138000000000005
1772223963596256286,2026-02-27 15:26:03.596,1.63243,-5.23279,-8.50346,-0.026756,-0.170126,-0.091507,20.13900000000001
1772223963597449702,2026-02-27 15:26:03.597,1.62662,-5.32576,-9.08591,-0.027569,-0.170126,-0.086553,20.14
1772223963598608698,2026-02-27 15:26:03.598,1.61124,-5.35137,-9.33695,-0.024894,-0.168369,-0.085386,20.141000000000005
1772223963599737083,2026-02-27 15:26:03.599,1.6217,-5.42542,-9.57455,-0.02054,-0.16693,-0.086134,20.14200000000001
1772223963600910289,2026-02-27 15:26:03.600,1.62572,-5.47909,-9.79697,-0.019632,-0.165507,-0.086291,20.143
1772223963602100485,2026-02-27 15:26:03.602,1.56616,-5.51014,-9.96305,-0.018344,-0.16533,-0.085914,20.14500000000001
1772223963603285330,2026-02-27 15:26:03.603,1.6352,-5.65973,-11.0375,-0.016607,-0.166547,-0.080165,20.146
1772223963604497574,2026-02-27 15:26:03.604,1.62164,-5.66594,-11.1992,-0.016374,-0.167787,-0.08044,20.147000000000006
1772223963605632942,2026-02-27 15:26:03.605,1.62845,-5.73813,-10.9015,-0.014475,-0.168245,-0.085399,20.14800000000001
1772223963606830469,2026-02-27 15:26:03.606,1.58471,-5.77874,-10.7415,-0.015734,-0.169326,-0.088308,20.149
1772223963608030387,2026-02-27 15:26:03.608,1.59267,-5.84509,-11.0091,-0.012671,-0.171652,-0.087757,20.15100000000001
1772223963609207918,2026-02-27 15:26:03.609,1.64522,-5.95378,-11.2674,-0.01533,-0.174787,-0.088852,20.152
1772223963610390136,2026-02-27 15:26:03.610,1.60134,-5.96488,-10.5579,-0.012967,-0.17562,-0.097778,20.153000000000006
1772223963611559782,2026-02-27 15:26:03.611,1.5778,-6.03273,-10.7468,-0.014487,-0.176064,-0.097077,20.15400000000001
1772223963612691385,2026-02-27 15:26:03.612,1.59915,-6.04353,-10.8891,-0.010663,-0.17671,-0.09687,20.155
1772223963613868114,2026-02-27 15:26:03.613,1.63871,-6.14435,-11.5508,-0.0118,-0.177993,-0.092191,20.156000000000006
1772223963615069627,2026-02-27 15:26:03.615,1.6486,-6.1495,-12.0784,-0.011613,-0.17666,-0.089302,20.158
1772223963616258879,2026-02-27 15:26:03.616,1.66703,-6.21047,-12.3035,-0.011068,-0.175917,-0.089043,20.159000000000006
1772223963617474557,2026-02-27 15:26:03.617,1.65678,-6.22131,-12.4646,-0.011177,-0.175452,-0.089354,20.16000000000001
1772223963618608118,2026-02-27 15:26:03.618,1.70595,-6.2522,-12.8888,-0.009137,-0.172594,-0.086429,20.161
1772223963619880373,2026-02-27 15:26:03.619,1.66085,-6.35722,-13.5922,-0.0101,-0.171156,-0.081764,20.162000000000006
1772223963621081596,2026-02-27 15:26:03.621,1.70192,-6.36759,-13.4347,-0.008751,-0.169998,-0.083831,20.164
1772223963622257883,2026-02-27 15:26:03.622,1.63781,-6.42673,-13.0777,-0.01007,-0.162926,-0.088676,20.165000000000006
1772223963623474986,2026-02-27 15:26:03.623,1.65695,-6.47703,-13.0286,-0.010023,-0.159509,-0.089806,20.16600000000001
1772223963624607252,2026-02-27 15:26:03.624,1.6903,-6.486,-13.2574,-0.007466,-0.154816,-0.088691,20.167
1772223963625741964,2026-02-27 15:26:03.625,1.66198,-6.52524,-13.32,-0.005502,-0.15069,-0.088324,20.168000000000006
1772223963626959852,2026-02-27 15:26:03.626,1.64314,-6.56919,-13.4684,-0.006825,-0.146919,-0.087435,20.16900000000001
1772223963628161092,2026-02-27 15:26:03.628,1.70835,-6.55402,-12.5952,-0.004716,-0.14199,-0.095983,20.171000000000006
1772223963629339306,2026-02-27 15:26:03.629,1.64707,-6.63348,-13.3444,-0.004518,-0.129095,-0.090186,20.17200000000001
1772223963630529927,2026-02-27 15:26:03.630,1.62062,-6.64361,-14.0387,-0.003492,-0.120402,-0.083405,20.173000000000002
1772223963631661710,2026-02-27 15:26:03.631,1.63751,-6.71364,-14.3934,-0.003664,-0.112713,-0.081845,20.174000000000007
1772223963632837517,2026-02-27 15:26:03.632,1.62608,-6.74971,-14.5008,-0.001009,-0.106031,-0.08068,20.17500000000001
1772223963634035583,2026-02-27 15:26:03.634,1.62356,-6.84364,-14.6078,-0.001003,-0.097703,-0.079632,20.177000000000007
1772223963635222148,2026-02-27 15:26:03.635,1.62073,-6.88596,-14.7922,-0.000323,-0.09026,-0.079212,20.17800000000001
1772223963636397251,2026-02-27 15:26:03.636,1.62144,-6.93957,-15.8648,0.002668,-0.073199,-0.0702,20.179000000000002
1772223963637539076,2026-02-27 15:26:03.637,1.54737,-6.94147,-16.0091,0.002557,-0.064964,-0.069937,20.180000000000007
1772223963638668940,2026-02-27 15:26:03.638,1.52127,-7.00922,-15.6728,0.004808,-0.055786,-0.074349,20.18100000000001
1772223963639865148,2026-02-27 15:26:03.639,1.48992,-7.02341,-15.4731,0.004126,-0.046378,-0.076733,20.182000000000002
1772223963641063554,2026-02-27 15:26:03.641,1.5339,-7.06239,-15.6249,0.004935,-0.037743,-0.078043,20.18400000000001
1772223963642199035,2026-02-27 15:26:03.642,1.52133,-7.06958,-15.8077,0.005209,-0.027858,-0.077856,20.185000000000002
1772223963643385508,2026-02-27 15:26:03.643,1.50438,-7.15272,-15.5853,0.00318,-0.012301,-0.083597,20.186000000000007
1772223963644537362,2026-02-27 15:26:03.644,1.5144,-7.17383,-15.3386,0.003177,-0.003616,-0.086812,20.187000000000012
1772223963645689347,2026-02-27 15:26:03.645,1.46925,-7.24059,-15.7147,0.004228,0.004113,-0.085202,20.188000000000002
1772223963646867751,2026-02-27 15:26:03.646,1.44552,-7.25355,-16.2709,0.003998,0.012796,-0.080938,20.189000000000007
1772223963648067463,2026-02-27 15:26:03.648,1.45582,-7.38506,-16.8805,0.002032,0.02052,-0.077877,20.191000000000003
1772223963649253502,2026-02-27 15:26:03.649,1.40374,-7.40051,-17.0597,-7.7e-05,0.029018,-0.078553,20.192000000000007
1772223963650444376,2026-02-27 15:26:03.650,1.41447,-7.57837,-17.5048,-0.004202,0.043994,-0.078785,20.193000000000012
1772223963651598637,2026-02-27 15:26:03.651,1.46213,-7.60193,-17.7558,-0.010472,0.052461,-0.077726,20.194000000000003
1772223963652777167,2026-02-27 15:26:03.652,1.41403,-7.69414,-18.9575,-0.010495,0.059553,-0.068266,20.195000000000007
1772223963653975429,2026-02-27 15:26:03.653,1.45127,-7.74769,-18.7475,-0.014897,0.067926,-0.072263,20.196000000000012
1772223963655176465,2026-02-27 15:26:03.655,1.41242,-7.8003,-18.9814,-0.01794,0.074386,-0.07085,20.198000000000008
1772223963656361728,2026-02-27 15:26:03.656,1.45649,-7.99659,-18.6469,-0.024575,0.08598,-0.075169,20.199000000000012
1772223963657627335,2026-02-27 15:26:03.657,1.44026,-7.97969,-18.9014,-0.030027,0.09265,-0.073796,20.200000000000003
1772223963658798624,2026-02-27 15:26:03.658,1.40402,-8.09397,-19.0504,-0.031546,0.094713,-0.072914,20.201000000000008
1772223963660003312,2026-02-27 15:26:03.660,1.36852,-8.12921,-19.2149,-0.03704,0.098932,-0.072969,20.203000000000003
1772223963661209482,2026-02-27 15:26:03.661,1.39352,-8.17307,-18.3457,-0.03703,0.103542,-0.08114,20.204000000000008
1772223963662397861,2026-02-27 15:26:03.662,1.40234,-8.28368,-18.8926,-0.045665,0.108613,-0.078774,20.205000000000013
1772223963663536468,2026-02-27 15:26:03.663,1.44845,-8.35926,-19.5915,-0.047253,0.110028,-0.074582,20.206000000000003
1772223963664669499,2026-02-27 15:26:03.664,1.47309,-8.3903,-20.1091,-0.05308,0.111768,-0.070347,20.207000000000008
1772223963665846640,2026-02-27 15:26:03.665,1.45496,-8.46442,-20.3137,-0.055267,0.113214,-0.070344,20.208000000000013
1772223963667051070,2026-02-27 15:26:03.667,1.43892,-8.53689,-20.4221,-0.060366,0.112606,-0.069678,20.210000000000008
1772223963668250859,2026-02-27 15:26:03.668,1.39011,-8.6095,-20.5868,-0.062584,0.113889,-0.069633,20.211000000000013
1772223963669439119,2026-02-27 15:26:03.669,1.41288,-8.74629,-21.6792,-0.067037,0.111484,-0.061623,20.212000000000003
1772223963670591695,2026-02-27 15:26:03.670,1.43412,-8.77375,-21.6511,-0.0701,0.110023,-0.062958,20.213000000000008
1772223963671726296,2026-02-27 15:26:03.671,1.46595,-8.79106,-21.4251,-0.072693,0.107884,-0.066515,20.214
1772223963672904978,2026-02-27 15:26:03.672,1.39376,-8.83168,-21.2213,-0.074629,0.106639,-0.070036,20.215000000000003
1772223963674104165,2026-02-27 15:26:03.674,1.44619,-8.8925,-21.2321,-0.078532,0.10416,-0.071645,20.217
1772223963675241201,2026-02-27 15:26:03.675,1.46267,-8.96431,-21.334,-0.080004,0.101485,-0.071741,20.218000000000004
1772223963676431816,2026-02-27 15:26:03.676,1.47415,-9.03137,-21.3778,-0.08563,0.09685,-0.074847,20.21900000000001
1772223963677601008,2026-02-27 15:26:03.677,1.47418,-9.00023,-20.6368,-0.089742,0.094989,-0.082596,20.22
1772223963678770915,2026-02-27 15:26:03.678,1.44116,-9.10641,-21.0928,-0.093914,0.091788,-0.078655,20.221000000000004
1772223963679981801,2026-02-27 15:26:03.679,1.47735,-9.08959,-21.2627,-0.096718,0.089161,-0.077711,20.22200000000001
1772223963681166612,2026-02-27 15:26:03.681,1.4686,-9.17769,-21.862,-0.097181,0.08707,-0.073364,20.224000000000004
1772223963682340412,2026-02-27 15:26:03.682,1.48714,-9.21728,-22.0507,-0.098777,0.08464,-0.072643,20.22500000000001
1772223963683517670,2026-02-27 15:26:03.683,1.46042,-9.24508,-22.1286,-0.101302,0.080456,-0.073531,20.226
1772223963684647030,2026-02-27 15:26:03.684,1.47908,-9.2186,-22.1257,-0.104017,0.077561,-0.07418,20.227000000000004
1772223963685796780,2026-02-27 15:26:03.685,1.49343,-9.25,-23.2627,-0.104851,0.075099,-0.065415,20.22800000000001
1772223963686969433,2026-02-27 15:26:03.686,1.47953,-9.30614,-22.9701,-0.107761,0.072076,-0.069991,20.229
1772223963688148452,2026-02-27 15:26:03.688,1.45663,-9.23507,-22.8926,-0.107973,0.066979,-0.069611,20.23100000000001
1772223963689331491,2026-02-27 15:26:03.689,1.45438,-9.19826,-21.7035,-0.111398,0.050476,-0.07773,20.232
1772223963690512217,2026-02-27 15:26:03.690,1.47574,-9.15872,-21.4127,-0.111371,0.048232,-0.078594,20.233000000000004
1772223963691644192,2026-02-27 15:26:03.691,1.63135,-9.18834,-21.5148,-0.110981,0.051085,-0.081139,20.23400000000001
1772223963692834157,2026-02-27 15:26:03.692,1.58184,-9.16728,-21.8185,-0.114493,0.056801,-0.081639,20.235
1772223963694010829,2026-02-27 15:26:03.694,1.51843,-9.13,-21.3897,-0.120668,0.054361,-0.088701,20.23700000000001
1772223963695192302,2026-02-27 15:26:03.695,1.48995,-9.09706,-21.5497,-0.119201,0.054984,-0.089161,20.238
1772223963696377904,2026-02-27 15:26:03.696,1.48984,-9.13223,-22.9635,-0.119462,0.061474,-0.078314,20.239000000000004
1772223963697564005,2026-02-27 15:26:03.697,1.50698,-9.17745,-23.4653,-0.122156,0.06469,-0.073177,20.24000000000001
1772223963698700473,2026-02-27 15:26:03.698,1.48527,-9.13702,-23.7853,-0.120671,0.069523,-0.070797,20.241
1772223963699874591,2026-02-27 15:26:03.699,1.47833,-9.12495,-23.7678,-0.1209,0.075164,-0.070225,20.242000000000004
1772223963701054853,2026-02-27 15:26:03.701,1.47407,-9.11569,-23.9282,-0.119858,0.081919,-0.070385,20.244
1772223963702234988,2026-02-27 15:26:03.702,1.45763,-9.08074,-24.1508,-0.120662,0.088101,-0.067385,20.245000000000005
1772223963703410809,2026-02-27 15:26:03.703,1.54921,-9.09887,-24.8192,-0.123379,0.099866,-0.061213,20.24600000000001
1772223963704543082,2026-02-27 15:26:03.704,1.60721,-9.10919,-24.7328,-0.125909,0.10563,-0.061771,20.247
1772223963705708445,2026-02-27 15:26:03.705,1.51941,-9.15352,-24.5707,-0.129204,0.11337,-0.06184,20.248000000000005
1772223963706895439,2026-02-27 15:26:03.706,1.51942,-9.06404,-24.5669,-0.130818,0.119893,-0.062348,20.24900000000001
1772223963708072540,2026-02-27 15:26:03.708,1.53504,-9.08458,-24.6461,-0.132899,0.127881,-0.059371,20.251000000000005
1772223963709248978,2026-02-27 15:26:03.709,1.5035,-9.07504,-24.5769,-0.135788,0.133767,-0.057536,20.25200000000001
1772223963710422682,2026-02-27 15:26:03.710,1.44677,-9.01607,-23.1679,-0.140329,0.145341,-0.061234,20.253
1772223963711580488,2026-02-27 15:26:03.711,1.58604,-9.1207,-24.0502,-0.144855,0.162841,-0.056447,20.254000000000005
