abs_timestamp_ns,human_time,fx,fy,fz,tx,ty,tz,mocap_ref_time
1772223952926007072,2026-02-27 15:25:52.926,-0.45119,-3.99232,-2.30857,-0.128741,-0.064394,-0.125826,9.469000000000008
1772223952927174355,2026-02-27 15:25:52.927,-0.497855,-3.99729,-2.32443,-0.127866,-0.065047,-0.126637,9.469999999999999
1772223952928339420,2026-02-27 15:25:52.928,-0.417385,-4.04429,-2.41744,-0.129366,-0.065269,-0.127856,9.471000000000004
1772223952929511072,2026-02-27 15:25:52.929,-0.463313,-4.08251,-2.57782,-0.127772,-0.065789,-0.128325,9.472000000000008
1772223952930637894,2026-02-27 15:25:52.930,-0.55452,-4.1608,-2.65793,-0.132352,-0.066648,-0.129084,9.472999999999999
1772223952931781848,2026-02-27 15:25:52.931,-0.543031,-4.17152,-1.75626,-0.129858,-0.067913,-0.139208,9.474000000000004
1772223952932949216,2026-02-27 15:25:52.932,-0.564513,-4.26607,-2.34298,-0.131662,-0.072191,-0.136981,9.475000000000009
1772223952934115271,2026-02-27 15:25:52.934,-0.51549,-4.25532,-2.99771,-0.13038,-0.074009,-0.133252,9.477000000000004
1772223952935281380,2026-02-27 15:25:52.935,-0.551875,-4.31386,-3.16875,-0.133484,-0.075646,-0.13233,9.478000000000009
1772223952936447564,2026-02-27 15:25:52.936,-0.535804,-4.33582,-3.2948,-0.133608,-0.078468,-0.134944,9.479
1772223952937593028,2026-02-27 15:25:52.937,-0.471705,-4.36984,-3.39036,-0.135706,-0.080836,-0.135915,9.480000000000004
1772223952938723456,2026-02-27 15:25:52.938,-0.558959,-4.3493,-3.50517,-0.135702,-0.082458,-0.137388,9.481000000000009
1772223952939849307,2026-02-27 15:25:52.939,-0.352372,-4.44833,-4.42658,-0.141475,-0.08344,-0.133262,9.482
1772223952941029883,2026-02-27 15:25:52.941,0.2747,-4.55629,-4.79828,-0.143229,-0.072163,-0.155661,9.484000000000009
1772223952942203114,2026-02-27 15:25:52.942,0.5912,-4.61388,-4.39382,-0.142791,-0.062357,-0.172875,9.485
1772223952943369664,2026-02-27 15:25:52.943,0.788869,-4.53183,-4.18559,-0.142321,-0.053351,-0.185341,9.486000000000004
1772223952944540697,2026-02-27 15:25:52.944,0.953463,-4.49211,-4.14564,-0.14265,-0.045848,-0.19085,9.487000000000009
1772223952945667961,2026-02-27 15:25:52.945,1.04737,-4.44122,-4.12355,-0.140134,-0.039616,-0.193681,9.488
1772223952946811004,2026-02-27 15:25:52.946,1.07023,-4.42981,-4.15792,-0.139664,-0.034207,-0.194419,9.489000000000004
1772223952947993131,2026-02-27 15:25:52.947,1.17359,-4.37214,-3.13027,-0.141046,-0.029026,-0.204879,9.490000000000009
1772223952949159681,2026-02-27 15:25:52.949,1.19741,-4.4024,-3.53959,-0.14096,-0.028234,-0.204504,9.492000000000004
1772223952950326189,2026-02-27 15:25:52.950,1.20987,-4.40876,-3.94592,-0.143034,-0.02745,-0.20159,9.49300000000001
1772223952951504441,2026-02-27 15:25:52.951,1.30077,-4.44231,-4.37158,-0.147458,-0.028169,-0.198773,9.494
1772223952952630385,2026-02-27 15:25:52.952,1.28746,-4.48446,-4.52175,-0.152672,-0.027778,-0.197918,9.495000000000005
1772223952953774603,2026-02-27 15:25:52.953,1.27521,-4.48963,-4.50176,-0.155332,-0.030696,-0.198129,9.49600000000001
1772223952954952145,2026-02-27 15:25:52.954,1.37281,-4.63001,-4.74678,-0.168197,-0.030655,-0.198453,9.497
1772223952956118966,2026-02-27 15:25:52.956,1.36627,-4.70063,-5.79802,-0.172551,-0.032558,-0.190586,9.49900000000001
1772223952957285445,2026-02-27 15:25:52.957,1.34545,-4.69968,-5.332,-0.17573,-0.037755,-0.193723,9.5
1772223952958467286,2026-02-27 15:25:52.958,1.32573,-4.65225,-5.37881,-0.18,-0.039326,-0.193137,9.501000000000005
1772223952959597279,2026-02-27 15:25:52.959,1.36798,-4.74346,-4.99368,-0.18242,-0.040918,-0.196016,9.50200000000001
1772223952960723785,2026-02-27 15:25:52.960,1.2568,-4.70116,-4.57324,-0.187142,-0.048601,-0.195682,9.503
1772223952961880617,2026-02-27 15:25:52.961,1.2856,-4.71787,-4.05463,-0.192404,-0.060656,-0.194497,9.504000000000005
1772223952963059607,2026-02-27 15:25:52.963,1.34594,-4.77349,-3.38126,-0.202976,-0.071726,-0.198518,9.506
1772223952964225998,2026-02-27 15:25:52.964,1.34084,-4.79055,-2.39173,-0.205349,-0.074486,-0.213153,9.507000000000005
1772223952965392043,2026-02-27 15:25:52.965,1.31169,-4.84763,-2.45531,-0.213937,-0.080447,-0.213506,9.50800000000001
1772223952966559359,2026-02-27 15:25:52.966,1.39599,-4.93606,-2.65321,-0.218923,-0.077199,-0.217496,9.509
1772223952967686551,2026-02-27 15:25:52.967,1.36373,-5.13004,-3.80279,-0.214989,-0.076274,-0.216013,9.510000000000005
1772223952968829624,2026-02-27 15:25:52.968,1.45619,-5.20325,-5.287,-0.212867,-0.049667,-0.215355,9.51100000000001
1772223952970009657,2026-02-27 15:25:52.970,1.38113,-5.07959,-6.42466,-0.208231,-0.053689,-0.20653,9.513000000000005
1772223952971175970,2026-02-27 15:25:52.971,1.42705,-5.12821,-7.42498,-0.197879,-0.036793,-0.205034,9.51400000000001
1772223952972341796,2026-02-27 15:25:52.972,1.36083,-5.16313,-8.63572,-0.195597,-0.027237,-0.194031,9.515
1772223952973516127,2026-02-27 15:25:52.973,1.29543,-5.12425,-9.49235,-0.193409,-0.023755,-0.184412,9.516000000000005
1772223952974643990,2026-02-27 15:25:52.974,1.25823,-5.10709,-9.58741,-0.188507,-0.019935,-0.182039,9.51700000000001
1772223952975815447,2026-02-27 15:25:52.975,1.23458,-5.28121,-9.39471,-0.185465,-0.01728,-0.183272,9.518
1772223952977009215,2026-02-27 15:25:52.977,1.18314,-5.39591,-9.04746,-0.187225,-0.021891,-0.186926,9.52000000000001
1772223952978176629,2026-02-27 15:25:52.978,1.14808,-5.43459,-8.87936,-0.189152,-0.027234,-0.188077,9.521
1772223952979343829,2026-02-27 15:25:52.979,1.25629,-5.47206,-9.06807,-0.191822,-0.022607,-0.190097,9.522000000000006
1772223952980523108,2026-02-27 15:25:52.980,1.23206,-5.63881,-9.10122,-0.20014,-0.024379,-0.191835,9.52300000000001
1772223952981649310,2026-02-27 15:25:52.981,1.17794,-5.68187,-8.42626,-0.203872,-0.021937,-0.198833,9.524000000000001
1772223952982793487,2026-02-27 15:25:52.982,1.29087,-5.79328,-9.00215,-0.21079,-0.023233,-0.194916,9.525000000000006
1772223952983972733,2026-02-27 15:25:52.983,1.25115,-5.74718,-9.04883,-0.215152,-0.026574,-0.191304,9.52600000000001
1772223952985150474,2026-02-27 15:25:52.985,1.18981,-5.82995,-9.51224,-0.218352,-0.032813,-0.180009,9.528000000000006
1772223952986318359,2026-02-27 15:25:52.986,1.20697,-5.85186,-9.63574,-0.219761,-0.024855,-0.179607,9.52900000000001
1772223952987490676,2026-02-27 15:25:52.987,1.19725,-5.94572,-9.93288,-0.225309,-0.013411,-0.177755,9.530000000000001
1772223952988705308,2026-02-27 15:25:52.988,1.09291,-5.90231,-9.99742,-0.230408,-0.012041,-0.17463,9.531000000000006
1772223952989848523,2026-02-27 15:25:52.989,1.25361,-5.98433,-11.3348,-0.229409,-0.00454,-0.165557,9.53200000000001
1772223952991040428,2026-02-27 15:25:52.991,1.20866,-6.04914,-11.6106,-0.230977,0.002103,-0.160724,9.534000000000006
1772223952992183196,2026-02-27 15:25:52.992,1.18376,-5.99628,-11.4007,-0.230247,0.009037,-0.161508,9.53500000000001
1772223952993368301,2026-02-27 15:25:52.993,1.1641,-5.98333,-11.2851,-0.230187,0.008032,-0.160556,9.536000000000001
1772223952994551847,2026-02-27 15:25:52.994,1.13725,-6.07248,-11.5018,-0.22829,0.012284,-0.158383,9.537000000000006
1772223952995681721,2026-02-27 15:25:52.995,1.11283,-6.11422,-11.743,-0.22672,0.017375,-0.155578,9.538000000000011
1772223952996850867,2026-02-27 15:25:52.996,1.08699,-6.15072,-11.8555,-0.227043,0.019065,-0.153968,9.539000000000001
1772223952998047293,2026-02-27 15:25:52.998,1.05079,-6.15435,-11.2942,-0.225652,0.022272,-0.158785,9.541000000000011
1772223952999215993,2026-02-27 15:25:52.999,1.04834,-6.22378,-11.5925,-0.226841,0.026093,-0.156719,9.542000000000002
1772223953000384838,2026-02-27 15:25:53.000,1.06867,-6.28465,-12.2194,-0.22513,0.028001,-0.150908,9.543000000000006
1772223953001558514,2026-02-27 15:25:53.001,1.03643,-6.29981,-12.6859,-0.226725,0.03063,-0.145034,9.544000000000011
1772223953002689601,2026-02-27 15:25:53.002,1.00586,-6.36662,-12.8533,-0.224665,0.032244,-0.144272,9.545000000000002
1772223953003837068,2026-02-27 15:25:53.003,0.998973,-6.36785,-13.0446,-0.224388,0.036342,-0.142934,9.546000000000006
1772223953005030899,2026-02-27 15:25:53.005,0.976672,-6.44106,-13.196,-0.225281,0.038928,-0.141607,9.548000000000002
1772223953006207452,2026-02-27 15:25:53.006,0.922596,-6.45727,-14.2942,-0.220937,0.042597,-0.129125,9.549000000000007
1772223953007377576,2026-02-27 15:25:53.007,0.912434,-6.47837,-14.0353,-0.220999,0.048359,-0.131212,9.550000000000011
1772223953008549807,2026-02-27 15:25:53.008,0.887809,-6.47088,-14.0736,-0.21999,0.05294,-0.131476,9.551000000000002
1772223953009676843,2026-02-27 15:25:53.009,0.862073,-6.50978,-13.9058,-0.221547,0.055005,-0.132308,9.552000000000007
1772223953010824566,2026-02-27 15:25:53.010,0.80361,-6.54787,-13.8475,-0.220579,0.058787,-0.131872,9.553000000000011
1772223953011993971,2026-02-27 15:25:53.011,0.772656,-6.53152,-14.0086,-0.218621,0.060927,-0.128935,9.554000000000002
1772223953013184257,2026-02-27 15:25:53.013,0.66579,-6.60561,-14.2081,-0.215124,0.064393,-0.12644,9.556000000000012
1772223953014353790,2026-02-27 15:25:53.014,0.667181,-6.6112,-13.2355,-0.215213,0.063659,-0.135083,9.557000000000002
1772223953015549351,2026-02-27 15:25:53.015,0.594499,-6.69976,-13.5713,-0.214751,0.064081,-0.130573,9.558000000000007
1772223953016679714,2026-02-27 15:25:53.016,0.590043,-6.71569,-13.6933,-0.211311,0.065733,-0.130385,9.559000000000012
1772223953017827065,2026-02-27 15:25:53.017,0.509075,-6.74675,-14.2591,-0.212139,0.065034,-0.125121,9.560000000000002
1772223953018998287,2026-02-27 15:25:53.018,0.521207,-6.78472,-14.5847,-0.209884,0.064868,-0.121862,9.561000000000007
1772223953020188954,2026-02-27 15:25:53.020,0.437142,-6.80259,-14.7543,-0.210167,0.065865,-0.121083,9.563000000000002
1772223953021358882,2026-02-27 15:25:53.021,0.396223,-6.89433,-14.7852,-0.212187,0.065694,-0.119672,9.564000000000007
1772223953022549386,2026-02-27 15:25:53.022,0.395151,-6.85546,-15.5906,-0.207942,0.065953,-0.111465,9.565000000000012
1772223953023680098,2026-02-27 15:25:53.023,0.338984,-6.90278,-15.9088,-0.207783,0.065174,-0.109697,9.566000000000003
1772223953024827102,2026-02-27 15:25:53.024,0.323466,-6.9591,-15.8107,-0.209164,0.064263,-0.109253,9.567000000000007
1772223953025998059,2026-02-27 15:25:53.025,0.294416,-6.9943,-15.4606,-0.210964,0.064224,-0.113158,9.568000000000012
1772223953027194137,2026-02-27 15:25:53.027,0.182533,-7.01327,-15.231,-0.209264,0.064541,-0.114229,9.570000000000007
1772223953028364337,2026-02-27 15:25:53.028,0.110207,-7.03727,-15.4678,-0.208299,0.065418,-0.112402,9.571000000000012
1772223953029558308,2026-02-27 15:25:53.029,0.076139,-7.08071,-15.5566,-0.212903,0.063629,-0.111671,9.572000000000003
1772223953030689293,2026-02-27 15:25:53.030,0.010308,-7.11017,-15.2842,-0.21217,0.063808,-0.112981,9.573000000000008
1772223953031837585,2026-02-27 15:25:53.031,-0.01786,-7.18172,-14.6538,-0.209922,0.064508,-0.119028,9.574000000000012
1772223953033008254,2026-02-27 15:25:53.033,-0.06701,-7.16629,-15.0932,-0.211974,0.064246,-0.11436,9.576000000000008
1772223953034198497,2026-02-27 15:25:53.034,-0.152232,-7.20285,-16.0037,-0.211614,0.07011,-0.105943,9.577000000000012
1772223953035368368,2026-02-27 15:25:53.035,-0.168914,-7.21292,-16.2394,-0.213703,0.072996,-0.104233,9.578000000000003
1772223953036549727,2026-02-27 15:25:53.036,-0.215022,-7.28816,-16.3718,-0.217243,0.075057,-0.102931,9.579000000000008
1772223953037678422,2026-02-27 15:25:53.037,-0.329523,-7.30586,-16.3838,-0.218528,0.076476,-0.101435,9.580000000000013
1772223953038826642,2026-02-27 15:25:53.038,-0.325209,-7.29633,-16.5356,-0.21751,0.0801,-0.09984,9.581000000000003
1772223953039997558,2026-02-27 15:25:53.039,-0.346542,-7.36692,-17.7444,-0.218021,0.084745,-0.089293,9.582000000000008
1772223953041194344,2026-02-27 15:25:53.041,-0.50557,-7.40625,-17.5805,-0.221047,0.094729,-0.089773,9.584000000000003
1772223953042384704,2026-02-27 15:25:53.042,-0.596627,-7.46413,-17.217,-0.224702,0.100723,-0.092709,9.585000000000008
1772223953043550303,2026-02-27 15:25:53.043,-0.663408,-7.50144,-17.0706,-0.225323,0.106711,-0.093354,9.586000000000013
1772223953044681137,2026-02-27 15:25:53.044,-0.722573,-7.52755,-17.1378,-0.226878,0.114063,-0.092446,9.587000000000003
1772223953045827478,2026-02-27 15:25:53.045,-0.749187,-7.60402,-17.2293,-0.230372,0.120196,-0.090979,9.588000000000008
1772223953047002342,2026-02-27 15:25:53.047,-0.764915,-7.63859,-17.3186,-0.231604,0.127405,-0.089677,9.590000000000003
1772223953048192880,2026-02-27 15:25:53.048,-0.915127,-7.65981,-16.6325,-0.232372,0.14182,-0.09501,9.591000000000008
1772223953049361946,2026-02-27 15:25:53.049,-0.887877,-7.73707,-16.8012,-0.237734,0.149544,-0.094107,9.591999999999999
1772223953050549852,2026-02-27 15:25:53.050,-0.978727,-7.80862,-17.4112,-0.241426,0.157384,-0.088217,9.593000000000004
1772223953051680484,2026-02-27 15:25:53.051,-1.01947,-7.87505,-17.8495,-0.243349,0.163835,-0.083483,9.594000000000008
1772223953052847965,2026-02-27 15:25:53.052,-1.06634,-7.94151,-17.8324,-0.244822,0.170826,-0.082977,9.594999999999999
1772223953054037447,2026-02-27 15:25:53.054,-1.02954,-7.99199,-17.9395,-0.24835,0.179039,-0.082,9.597000000000008
1772223953055206546,2026-02-27 15:25:53.055,-1.20118,-8.02484,-18.5054,-0.252179,0.192324,-0.076744,9.597999999999999
1772223953056398957,2026-02-27 15:25:53.056,-1.28664,-8.11442,-19.1742,-0.257944,0.199011,-0.071353,9.599000000000004
1772223953057550993,2026-02-27 15:25:53.057,-1.30398,-8.09845,-18.9527,-0.254514,0.205174,-0.073796,9.600000000000009
1772223953058689201,2026-02-27 15:25:53.058,-1.32744,-8.11297,-18.7155,-0.254552,0.211814,-0.075682,9.600999999999999
1772223953059838837,2026-02-27 15:25:53.059,-1.40448,-8.19574,-18.3961,-0.257722,0.218042,-0.078016,9.602000000000004
1772223953061020265,2026-02-27 15:25:53.061,-1.43465,-8.27113,-18.1951,-0.261111,0.223388,-0.080857,9.604
1772223953062198266,2026-02-27 15:25:53.062,-1.55339,-8.29204,-18.2661,-0.258195,0.228751,-0.079364,9.605000000000004
1772223953063377565,2026-02-27 15:25:53.063,-1.60398,-8.39366,-18.2541,-0.256305,0.23811,-0.08098,9.606000000000009
1772223953064557789,2026-02-27 15:25:53.064,-1.66285,-8.3948,-17.3005,-0.256409,0.246653,-0.089735,9.607
1772223953065686371,2026-02-27 15:25:53.065,-1.6889,-8.4975,-17.7491,-0.259855,0.249142,-0.086716,9.608000000000004
1772223953066869996,2026-02-27 15:25:53.066,-1.74501,-8.4955,-17.9304,-0.259904,0.258791,-0.086928,9.609000000000009
1772223953068040686,2026-02-27 15:25:53.068,-1.73452,-8.5512,-18.4701,-0.260415,0.260637,-0.082174,9.611000000000004
1772223953069236338,2026-02-27 15:25:53.069,-1.82578,-8.58312,-18.7845,-0.2618,0.263059,-0.081097,9.612000000000009
1772223953070417528,2026-02-27 15:25:53.070,-1.85964,-8.67826,-18.4946,-0.257917,0.261465,-0.081719,9.613
1772223953071558316,2026-02-27 15:25:53.071,-1.88897,-8.66433,-18.6802,-0.254226,0.274477,-0.08405,9.614000000000004
1772223953072688591,2026-02-27 15:25:53.072,-1.95,-8.71039,-19.607,-0.25877,0.277029,-0.076568,9.615000000000009
1772223953073862981,2026-02-27 15:25:53.073,-2.01195,-8.73777,-19.325,-0.255089,0.274217,-0.079263,9.616
1772223953075063209,2026-02-27 15:25:53.075,-2.01784,-8.72697,-18.741,-0.249142,0.257136,-0.081542,9.61800000000001
1772223953076256572,2026-02-27 15:25:53.076,-2.12762,-8.54677,-17.0885,-0.242961,0.231136,-0.088923,9.619
1772223953077430835,2026-02-27 15:25:53.077,-1.62099,-8.68446,-17.0024,-0.240975,0.262645,-0.115514,9.620000000000005
1772223953078559224,2026-02-27 15:25:53.078,-1.79705,-8.41626,-16.9051,-0.263801,0.241001,-0.11729,9.62100000000001
1772223953079689342,2026-02-27 15:25:53.079,-1.45382,-8.49393,-17.529,-0.258789,0.268448,-0.125867,9.622
1772223953080863906,2026-02-27 15:25:53.080,-1.37525,-8.52354,-18.3455,-0.267257,0.279304,-0.135047,9.623000000000005
1772223953082065657,2026-02-27 15:25:53.082,-1.41576,-8.46426,-18.5189,-0.267243,0.277988,-0.136776,9.625
1772223953083278162,2026-02-27 15:25:53.083,-1.37912,-8.49505,-19.2361,-0.255527,0.286845,-0.13197,9.626000000000005
1772223953084467428,2026-02-27 15:25:53.084,-1.43533,-8.56243,-20.2994,-0.238196,0.29218,-0.120958,9.62700000000001
1772223953085598501,2026-02-27 15:25:53.085,-1.53023,-8.58432,-19.869,-0.236164,0.287534,-0.121634,9.628
1772223953086727207,2026-02-27 15:25:53.086,-1.58479,-8.56451,-19.2331,-0.233057,0.282601,-0.125588,9.629000000000005
1772223953087903483,2026-02-27 15:25:53.087,-1.48872,-8.57246,-18.5813,-0.228571,0.281092,-0.131366,9.63000000000001
1772223953089105449,2026-02-27 15:25:53.089,-1.47447,-8.54372,-18.2973,-0.231575,0.266491,-0.134891,9.632000000000005
1772223953090291340,2026-02-27 15:25:53.090,-1.30839,-8.66247,-19.77,-0.234909,0.283816,-0.133201,9.63300000000001
1772223953091483366,2026-02-27 15:25:53.091,-1.0273,-8.62431,-20.2467,-0.251029,0.280044,-0.144778,9.634
1772223953092611900,2026-02-27 15:25:53.092,-0.992314,-8.66521,-19.8617,-0.254082,0.269579,-0.151136,9.635000000000005
1772223953093785611,2026-02-27 15:25:53.093,-0.955171,-8.76174,-19.6593,-0.250108,0.263252,-0.153911,9.63600000000001
1772223953094983656,2026-02-27 15:25:53.094,-0.995048,-8.75683,-19.6022,-0.246235,0.264583,-0.153152,9.637
1772223953096270226,2026-02-27 15:25:53.096,-0.946374,-8.79846,-19.6249,-0.249015,0.273075,-0.152546,9.63900000000001
1772223953097444108,2026-02-27 15:25:53.097,-0.987541,-8.6507,-17.4043,-0.247952,0.261562,-0.162344,9.64
1772223953098589583,2026-02-27 15:25:53.098,-1.14412,-8.49674,-16.153,-0.250432,0.219091,-0.159188,9.641000000000005
1772223953099766208,2026-02-27 15:25:53.099,-1.10575,-8.45462,-14.1452,-0.249313,0.172125,-0.162054,9.64200000000001
1772223953100964886,2026-02-27 15:25:53.100,-0.82171,-8.51892,-13.7597,-0.242398,0.168744,-0.166969,9.643
1772223953102267908,2026-02-27 15:25:53.102,-0.749858,-8.38348,-13.0458,-0.25654,0.147822,-0.171438,9.64500000000001
1772223953103441596,2026-02-27 15:25:53.103,-0.660286,-8.0737,-10.5196,-0.2688,0.097756,-0.189086,9.646
1772223953104589376,2026-02-27 15:25:53.104,-0.262369,-7.91944,-9.22415,-0.283801,0.055813,-0.204434,9.647000000000006
1772223953105768656,2026-02-27 15:25:53.105,0.261998,-7.60271,-7.5822,-0.307646,0.000565,-0.214008,9.64800000000001
1772223953106961761,2026-02-27 15:25:53.106,0.670332,-7.52988,-6.19513,-0.335411,-0.025881,-0.231137,9.649000000000001
1772223953108157889,2026-02-27 15:25:53.108,0.631139,-7.64453,-4.34126,-0.332522,-0.029971,-0.246907,9.65100000000001
1772223953109291885,2026-02-27 15:25:53.109,0.861497,-7.8382,-4.34522,-0.335338,-0.048784,-0.262089,9.652000000000001
1772223953110473205,2026-02-27 15:25:53.110,1.25426,-7.855,-5.76035,-0.334538,-0.080891,-0.288877,9.653000000000006
1772223953111610790,2026-02-27 15:25:53.111,1.47998,-7.65457,-7.21366,-0.329367,-0.10156,-0.303377,9.65400000000001
1772223953112806688,2026-02-27 15:25:53.112,1.74122,-7.37585,-7.81704,-0.328258,-0.102204,-0.316489,9.655000000000001
1772223953114002393,2026-02-27 15:25:53.114,1.85828,-7.16187,-8.33,-0.31911,-0.11347,-0.328109,9.65700000000001
1772223953115197553,2026-02-27 15:25:53.115,1.74561,-6.94374,-6.6131,-0.311133,-0.110279,-0.341384,9.658000000000001
1772223953116373401,2026-02-27 15:25:53.116,1.76074,-6.96209,-6.35154,-0.299549,-0.115006,-0.340304,9.659000000000006
1772223953117545002,2026-02-27 15:25:53.117,1.86642,-7.04036,-6.00081,-0.293381,-0.104604,-0.336823,9.66000000000001
1772223953118695442,2026-02-27 15:25:53.118,1.9362,-7.08636,-6.25847,-0.297087,-0.102173,-0.344192,9.661000000000001
1772223953119866855,2026-02-27 15:25:53.119,2.09169,-7.14452,-6.60062,-0.300834,-0.113424,-0.351246,9.662000000000006
1772223953121061916,2026-02-27 15:25:53.121,2.14265,-7.19626,-6.27977,-0.297786,-0.122459,-0.356695,9.664000000000001
1772223953122257903,2026-02-27 15:25:53.122,2.23792,-7.24554,-6.24179,-0.291151,-0.127075,-0.358897,9.665000000000006
1772223953123438338,2026-02-27 15:25:53.123,2.2435,-7.29924,-7.35536,-0.295736,-0.144957,-0.354459,9.666000000000011
1772223953124580185,2026-02-27 15:25:53.124,2.013,-7.30127,-5.58329,-0.308266,-0.161042,-0.37516,9.667000000000002
1772223953125712131,2026-02-27 15:25:53.125,2.4689,-7.563,-6.13568,-0.312164,-0.155585,-0.389274,9.668000000000006
1772223953126922567,2026-02-27 15:25:53.126,2.61674,-7.74285,-7.90379,-0.319211,-0.157284,-0.39632,9.669000000000011
1772223953128117505,2026-02-27 15:25:53.128,2.35339,-7.83605,-8.43185,-0.317167,-0.167407,-0.394396,9.671000000000006
1772223953129312835,2026-02-27 15:25:53.129,2.40034,-7.86385,-8.15159,-0.314671,-0.179037,-0.396834,9.672000000000011
1772223953130490584,2026-02-27 15:25:53.130,2.88268,-7.91291,-11.0197,-0.31278,-0.195727,-0.402913,9.673000000000002
1772223953131636375,2026-02-27 15:25:53.131,2.52313,-7.53632,-8.1134,-0.328316,-0.197294,-0.435376,9.674000000000007
1772223953132859419,2026-02-27 15:25:53.132,2.36426,-7.54234,-6.49028,-0.332503,-0.202591,-0.441451,9.675000000000011
1772223953134052190,2026-02-27 15:25:53.134,2.84352,-7.94809,-9.63385,-0.327578,-0.178219,-0.43497,9.677000000000007
1772223953135246575,2026-02-27 15:25:53.135,2.33613,-8.06116,-9.70703,-0.315092,-0.177732,-0.418082,9.678000000000011
1772223953136426605,2026-02-27 15:25:53.136,2.21026,-8.07355,-8.19807,-0.314849,-0.178773,-0.415456,9.679000000000002
1772223953137551016,2026-02-27 15:25:53.137,2.45201,-8.12251,-8.47015,-0.309281,-0.197057,-0.426487,9.680000000000007
1772223953138691177,2026-02-27 15:25:53.138,2.31472,-8.01983,-8.8121,-0.311426,-0.200011,-0.427823,9.681000000000012
1772223953139882469,2026-02-27 15:25:53.139,2.45383,-8.05419,-9.85174,-0.324861,-0.19691,-0.431172,9.682000000000002
1772223953141078039,2026-02-27 15:25:53.141,2.40751,-8.09843,-8.95277,-0.329216,-0.197226,-0.438236,9.684000000000012
1772223953142269724,2026-02-27 15:25:53.142,2.64075,-8.22776,-9.7307,-0.333344,-0.190658,-0.443325,9.685000000000002
1772223953143444354,2026-02-27 15:25:53.143,2.69305,-8.17681,-10.0206,-0.342561,-0.179527,-0.448973,9.686000000000007
1772223953144594204,2026-02-27 15:25:53.144,2.8303,-8.06179,-9.78666,-0.338629,-0.188353,-0.45014,9.687000000000012
1772223953145716571,2026-02-27 15:25:53.145,2.91296,-8.13975,-9.97711,-0.340263,-0.180567,-0.454971,9.688000000000002
1772223953146886655,2026-02-27 15:25:53.146,2.90719,-8.1285,-9.80144,-0.341738,-0.175692,-0.456891,9.689000000000007
1772223953148082486,2026-02-27 15:25:53.148,2.89615,-8.09625,-8.59641,-0.343472,-0.175493,-0.466921,9.691000000000003
1772223953149278711,2026-02-27 15:25:53.149,2.84579,-8.09991,-8.59324,-0.346857,-0.186554,-0.46808,9.692000000000007
1772223953150476415,2026-02-27 15:25:53.150,2.79675,-8.08325,-8.06541,-0.349914,-0.191921,-0.47457,9.693000000000012
1772223953151604079,2026-02-27 15:25:53.151,2.76007,-8.15426,-8.81734,-0.364492,-0.196055,-0.479091,9.694000000000003
1772223953152775997,2026-02-27 15:25:53.152,2.7643,-8.19437,-9.015,-0.368383,-0.203884,-0.48047,9.695000000000007
1772223953153970932,2026-02-27 15:25:53.153,2.76451,-8.18182,-9.41619,-0.368654,-0.200541,-0.481381,9.696000000000012
1772223953155165132,2026-02-27 15:25:53.155,2.67182,-8.11394,-9.26124,-0.367707,-0.209402,-0.480626,9.698000000000008
1772223953156359830,2026-02-27 15:25:53.156,2.71091,-8.11826,-9.9322,-0.373104,-0.219038,-0.475009,9.699000000000012
1772223953157615996,2026-02-27 15:25:53.157,2.90719,-8.13986,-10.4212,-0.37196,-0.214905,-0.480567,9.700000000000003
1772223953158826588,2026-02-27 15:25:53.158,2.86349,-7.9355,-9.41519,-0.370961,-0.216354,-0.491366,9.701000000000008
1772223953160039562,2026-02-27 15:25:53.160,2.79972,-7.88266,-8.70002,-0.367898,-0.218301,-0.498076,9.703000000000003
1772223953161234098,2026-02-27 15:25:53.161,2.74507,-7.82582,-7.6589,-0.364168,-0.226509,-0.501724,9.704000000000008
1772223953162428506,2026-02-27 15:25:53.162,2.93923,-7.85023,-7.90301,-0.364063,-0.230619,-0.504482,9.705000000000013
1772223953163550221,2026-02-27 15:25:53.163,3.16327,-7.84232,-9.17916,-0.363318,-0.211939,-0.513903,9.706000000000003
1772223953164680438,2026-02-27 15:25:53.164,3.17648,-7.69756,-9.0026,-0.369024,-0.215315,-0.51957,9.707000000000008
1772223953165853215,2026-02-27 15:25:53.165,3.33063,-7.62421,-9.87327,-0.368491,-0.221969,-0.516997,9.708000000000013
1772223953167049964,2026-02-27 15:25:53.167,3.49348,-7.62614,-10.5933,-0.366462,-0.215432,-0.51199,9.710000000000008
1772223953168182287,2026-02-27 15:25:53.168,3.47826,-7.61185,-11.4114,-0.363085,-0.21508,-0.501893,9.711000000000013
1772223953169388717,2026-02-27 15:25:53.169,3.50027,-7.55125,-11.7595,-0.365672,-0.218281,-0.498653,9.712000000000003
1772223953170534142,2026-02-27 15:25:53.170,3.61265,-7.5396,-11.6973,-0.362846,-0.214172,-0.495047,9.713000000000008
1772223953171663958,2026-02-27 15:25:53.171,3.62533,-7.46044,-11.6406,-0.360423,-0.203837,-0.484404,9.713999999999999
1772223953172838219,2026-02-27 15:25:53.172,3.71535,-7.41397,-12.751,-0.365186,-0.198547,-0.470056,9.715000000000003
1772223953174036947,2026-02-27 15:25:53.174,3.80297,-7.38563,-12.5388,-0.365128,-0.197057,-0.471063,9.716999999999999
1772223953175205705,2026-02-27 15:25:53.175,3.80715,-7.31781,-12.5231,-0.368932,-0.198979,-0.467439,9.718000000000004
1772223953176402719,2026-02-27 15:25:53.176,3.98615,-7.3384,-12.1076,-0.373604,-0.201196,-0.468456,9.719000000000008
1772223953177564766,2026-02-27 15:25:53.177,3.94675,-7.36766,-11.8329,-0.377731,-0.200107,-0.46712,9.719999999999999
1772223953178694144,2026-02-27 15:25:53.178,4.05056,-7.40467,-11.9071,-0.38118,-0.203877,-0.461916,9.721000000000004
1772223953179867447,2026-02-27 15:25:53.179,4.1364,-7.37124,-12.0431,-0.385091,-0.203738,-0.459756,9.722000000000008
1772223953181064275,2026-02-27 15:25:53.181,4.17578,-7.29037,-11.3266,-0.389108,-0.198701,-0.466547,9.724000000000004
1772223953182271528,2026-02-27 15:25:53.182,4.24484,-7.16398,-11.624,-0.391166,-0.19755,-0.461402,9.725000000000009
1772223953183483790,2026-02-27 15:25:53.183,4.30852,-7.16512,-11.6968,-0.393719,-0.199081,-0.459588,9.725999999999999
1772223953184611942,2026-02-27 15:25:53.184,4.41335,-7.06304,-12.3835,-0.394364,-0.194182,-0.450659,9.727000000000004
1772223953185764705,2026-02-27 15:25:53.185,4.61611,-6.8832,-13.6244,-0.395384,-0.166549,-0.433853,9.728000000000009
1772223953186962100,2026-02-27 15:25:53.186,4.63108,-6.82607,-14.0972,-0.393174,-0.152349,-0.42315,9.729
1772223953188157686,2026-02-27 15:25:53.188,4.57622,-6.79178,-14.396,-0.389929,-0.140034,-0.411207,9.731000000000009
1772223953189352606,2026-02-27 15:25:53.189,4.6327,-6.68993,-14.8139,-0.389076,-0.137735,-0.396692,9.732
1772223953190563318,2026-02-27 15:25:53.190,4.62587,-6.72346,-15.1456,-0.390515,-0.143208,-0.386585,9.733000000000004
1772223953191694070,2026-02-27 15:25:53.191,4.63736,-6.84767,-13.9697,-0.393429,-0.157203,-0.392485,9.734000000000009
1772223953192865383,2026-02-27 15:25:53.192,4.64215,-6.93848,-13.1839,-0.400067,-0.167864,-0.398064,9.735
1772223953194060519,2026-02-27 15:25:53.194,4.61796,-7.07921,-12.6052,-0.405181,-0.177642,-0.403109,9.737000000000009
1772223953195259489,2026-02-27 15:25:53.195,4.59227,-7.11715,-12.1449,-0.409646,-0.188011,-0.405577,9.738
1772223953196478510,2026-02-27 15:25:53.196,4.61075,-7.13396,-11.7681,-0.412287,-0.196211,-0.407457,9.739000000000004
1772223953197610166,2026-02-27 15:25:53.197,4.58542,-7.19365,-11.393,-0.414636,-0.203019,-0.409138,9.740000000000009
1772223953198767783,2026-02-27 15:25:53.198,4.56372,-7.17432,-10.4793,-0.410817,-0.209784,-0.411848,9.741
1772223953199962019,2026-02-27 15:25:53.199,4.55764,-7.15113,-10.1667,-0.412928,-0.212178,-0.409959,9.742000000000004
1772223953201162941,2026-02-27 15:25:53.201,4.54574,-7.18483,-10.4846,-0.410075,-0.216401,-0.404897,9.744
1772223953202358385,2026-02-27 15:25:53.202,4.5501,-7.18222,-10.3906,-0.409096,-0.21973,-0.403708,9.745000000000005
1772223953203556054,2026-02-27 15:25:53.203,4.58711,-7.14828,-10.1369,-0.404551,-0.224141,-0.404905,9.74600000000001
1772223953204686661,2026-02-27 15:25:53.204,4.6655,-7.10937,-9.50031,-0.400508,-0.238096,-0.408769,9.747
1772223953205981564,2026-02-27 15:25:53.205,4.66683,-7.10719,-10.2136,-0.39717,-0.247883,-0.402538,9.748000000000005
1772223953207176056,2026-02-27 15:25:53.207,4.75077,-7.11232,-9.79109,-0.396006,-0.256851,-0.407964,9.75
1772223953208368888,2026-02-27 15:25:53.208,4.75588,-7.06913,-9.55597,-0.392762,-0.265966,-0.409746,9.751000000000005
1772223953209506015,2026-02-27 15:25:53.209,4.74622,-7.10325,-8.79307,-0.392179,-0.275676,-0.417724,9.75200000000001
1772223953210633433,2026-02-27 15:25:53.210,4.78414,-7.11989,-8.00699,-0.391432,-0.29339,-0.426226,9.753
1772223953211799071,2026-02-27 15:25:53.211,4.79115,-7.02974,-7.74732,-0.388168,-0.301488,-0.428624,9.754000000000005
1772223953212991326,2026-02-27 15:25:53.212,4.81358,-7.0303,-7.52516,-0.385511,-0.31059,-0.431527,9.75500000000001
1772223953214183919,2026-02-27 15:25:53.214,4.81832,-7.01051,-6.73801,-0.383212,-0.317684,-0.439902,9.757000000000005
1772223953215375805,2026-02-27 15:25:53.215,4.85311,-7.0059,-6.27644,-0.379773,-0.325005,-0.445036,9.75800000000001
1772223953216561328,2026-02-27 15:25:53.216,4.86837,-6.93782,-6.31837,-0.377374,-0.331595,-0.444882,9.759
1772223953217693154,2026-02-27 15:25:53.217,4.81631,-6.93008,-6.62024,-0.375885,-0.337153,-0.442551,9.760000000000005
1772223953218904966,2026-02-27 15:25:53.218,4.87682,-6.90125,-6.81755,-0.3744,-0.345621,-0.440385,9.76100000000001
1772223953220100607,2026-02-27 15:25:53.220,4.89391,-6.9034,-6.75054,-0.372769,-0.350987,-0.441312,9.763000000000005
1772223953221295003,2026-02-27 15:25:53.221,4.93157,-6.86588,-6.63824,-0.374068,-0.357898,-0.443097,9.76400000000001
1772223953222497319,2026-02-27 15:25:53.222,4.91667,-6.86666,-6.57976,-0.371518,-0.362478,-0.442722,9.765
1772223953223626171,2026-02-27 15:25:53.223,5.03638,-6.84074,-7.33324,-0.371071,-0.368007,-0.436264,9.766000000000005
1772223953224790027,2026-02-27 15:25:53.224,5.06579,-6.79912,-6.69898,-0.367707,-0.375825,-0.439779,9.76700000000001
1772223953225984328,2026-02-27 15:25:53.225,5.01719,-6.81649,-6.13077,-0.366493,-0.380221,-0.442774,9.768
1772223953227180753,2026-02-27 15:25:53.227,5.07625,-6.73241,-5.8291,-0.363484,-0.382755,-0.445058,9.77000000000001
1772223953228375502,2026-02-27 15:25:53.228,5.06835,-6.73899,-5.75037,-0.363227,-0.386373,-0.44474,9.771
1772223953229567984,2026-02-27 15:25:53.229,5.06695,-6.71722,-5.68259,-0.35885,-0.389342,-0.445622,9.772000000000006
1772223953230697599,2026-02-27 15:25:53.230,5.07397,-6.6996,-4.48359,-0.355195,-0.396935,-0.454591,9.77300000000001
1772223953231865828,2026-02-27 15:25:53.231,5.11495,-6.71915,-4.62551,-0.35502,-0.398973,-0.451465,9.774000000000001
1772223953233062446,2026-02-27 15:25:53.233,5.07375,-6.64292,-4.56417,-0.351632,-0.400384,-0.451487,9.77600000000001
1772223953234256547,2026-02-27 15:25:53.234,5.12753,-6.60488,-5.05135,-0.347558,-0.399988,-0.445065,9.777000000000001
1772223953235469926,2026-02-27 15:25:53.235,5.02867,-6.53673,-5.26119,-0.341178,-0.393739,-0.437571,9.778000000000006
1772223953236564703,2026-02-27 15:25:53.236,5.02575,-6.45637,-5.19008,-0.344201,-0.402151,-0.43956,9.77900000000001
1772223953237692213,2026-02-27 15:25:53.237,5.07444,-6.48533,-4.85706,-0.342326,-0.414171,-0.4439,9.780000000000001
1772223953238883247,2026-02-27 15:25:53.238,5.09497,-6.42643,-5.43566,-0.342412,-0.414327,-0.436295,9.781000000000006
1772223953240076614,2026-02-27 15:25:53.240,5.11135,-6.43216,-5.6108,-0.337624,-0.41591,-0.434144,9.783000000000001
1772223953241272800,2026-02-27 15:25:53.241,5.08396,-6.43198,-5.33388,-0.33602,-0.416752,-0.432862,9.784000000000006
1772223953242469623,2026-02-27 15:25:53.242,5.05268,-6.40186,-4.83365,-0.332179,-0.414928,-0.434421,9.78500000000001
1772223953243565164,2026-02-27 15:25:53.243,5.06795,-6.31175,-4.44882,-0.32986,-0.415203,-0.433902,9.786000000000001
1772223953244699907,2026-02-27 15:25:53.244,5.05969,-6.34039,-4.14473,-0.32488,-0.414984,-0.430226,9.787000000000006
1772223953245872558,2026-02-27 15:25:53.245,5.03248,-6.27638,-4.08081,-0.320607,-0.413275,-0.4273,9.788000000000011
1772223953247070675,2026-02-27 15:25:53.247,5.00871,-6.28234,-3.76634,-0.318663,-0.41206,-0.428589,9.790000000000006
1772223953248263797,2026-02-27 15:25:53.248,5.00555,-6.21798,-2.94278,-0.316734,-0.412105,-0.43297,9.791000000000011
1772223953249476190,2026-02-27 15:25:53.249,5.00092,-6.21566,-3.26285,-0.313274,-0.410005,-0.427334,9.792000000000002
1772223953250604208,2026-02-27 15:25:53.250,4.95088,-6.16946,-3.30316,-0.311454,-0.409418,-0.424283,9.793000000000006
1772223953251736500,2026-02-27 15:25:53.251,4.96781,-6.12962,-3.76975,-0.304532,-0.406337,-0.414604,9.794000000000011
1772223953252865332,2026-02-27 15:25:53.252,4.93323,-6.16083,-3.69541,-0.303176,-0.405224,-0.41348,9.795000000000002
1772223953254060089,2026-02-27 15:25:53.254,4.90619,-6.12809,-3.61443,-0.300102,-0.404878,-0.410139,9.797000000000011
1772223953255253053,2026-02-27 15:25:53.255,4.84455,-6.07804,-3.54642,-0.299208,-0.402847,-0.408129,9.798000000000002
1772223953256446972,2026-02-27 15:25:53.256,4.94813,-6.06711,-4.45101,-0.295379,-0.40202,-0.396865,9.799000000000007
1772223953257561471,2026-02-27 15:25:53.257,4.84013,-6.04078,-4.15638,-0.294633,-0.400488,-0.398556,9.800000000000011
1772223953258688941,2026-02-27 15:25:53.258,4.77295,-6.02477,-3.51959,-0.289307,-0.397526,-0.399159,9.801000000000002
1772223953259852009,2026-02-27 15:25:53.259,4.70762,-6.00504,-3.23523,-0.288897,-0.396878,-0.399169,9.802000000000007
1772223953261048238,2026-02-27 15:25:53.261,4.62583,-6.02177,-3.19664,-0.287882,-0.397494,-0.395876,9.804000000000002
1772223953262242597,2026-02-27 15:25:53.262,4.5066,-6.01372,-3.11717,-0.28513,-0.399963,-0.392675,9.805000000000007
1772223953263428196,2026-02-27 15:25:53.263,4.24726,-5.95049,-3.12859,-0.286796,-0.406178,-0.388809,9.806000000000012
1772223953264563895,2026-02-27 15:25:53.264,3.953,-5.9175,-2.21181,-0.287179,-0.41543,-0.393114,9.807000000000002
1772223953265696230,2026-02-27 15:25:53.265,3.35633,-5.90097,-2.29655,-0.286885,-0.434475,-0.385472,9.808000000000007
1772223953266868776,2026-02-27 15:25:53.266,3.0773,-5.967,-2.86235,-0.286062,-0.444394,-0.377806,9.809000000000012
1772223953268038807,2026-02-27 15:25:53.268,2.82972,-5.9554,-3.15271,-0.28653,-0.452882,-0.371721,9.811000000000007
1772223953269238291,2026-02-27 15:25:53.269,2.51358,-6.00853,-3.23523,-0.288423,-0.459242,-0.369637,9.812000000000012
1772223953270433515,2026-02-27 15:25:53.270,2.33972,-6.06333,-3.22441,-0.288129,-0.465178,-0.368826,9.813000000000002
1772223953271576112,2026-02-27 15:25:53.271,2.17122,-6.10562,-3.13929,-0.289647,-0.471094,-0.370145,9.814000000000007
1772223953272705251,2026-02-27 15:25:53.272,2.05799,-6.15142,-3.3959,-0.285663,-0.472726,-0.36843,9.815000000000012
1772223953273853391,2026-02-27 15:25:53.273,1.90087,-6.18216,-3.77777,-0.281963,-0.478408,-0.369687,9.816000000000003
1772223953275041641,2026-02-27 15:25:53.275,1.84302,-6.23099,-3.58568,-0.277756,-0.479754,-0.374166,9.818000000000012
1772223953276178133,2026-02-27 15:25:53.276,1.85305,-6.25599,-3.26791,-0.27682,-0.47975,-0.379116,9.819000000000003
1772223953277389931,2026-02-27 15:25:53.277,1.86416,-6.26591,-3.02584,-0.275816,-0.478568,-0.381768,9.820000000000007
1772223953278560273,2026-02-27 15:25:53.278,1.96451,-6.22808,-3.1873,-0.271851,-0.476064,-0.381421,9.821000000000012
1772223953279686457,2026-02-27 15:25:53.279,1.99127,-6.20035,-3.24282,-0.267704,-0.471718,-0.381857,9.822000000000003
1772223953280834128,2026-02-27 15:25:53.280,2.21104,-6.14938,-2.28408,-0.266379,-0.462853,-0.390501,9.823000000000008
1772223953282006778,2026-02-27 15:25:53.282,2.32383,-6.03998,-2.74297,-0.263945,-0.45601,-0.385043,9.825000000000003
1772223953283199231,2026-02-27 15:25:53.283,2.39277,-6.00748,-2.70739,-0.264568,-0.449343,-0.383876,9.826000000000008
1772223953284392100,2026-02-27 15:25:53.284,2.62781,-5.97045,-3.37136,-0.261837,-0.441566,-0.377794,9.827000000000012
1772223953285559913,2026-02-27 15:25:53.285,2.77108,-5.93116,-3.61531,-0.260754,-0.434091,-0.37402,9.828000000000003
1772223953286687398,2026-02-27 15:25:53.286,2.91831,-5.8797,-3.67098,-0.261118,-0.426422,-0.374228,9.829000000000008
1772223953287832809,2026-02-27 15:25:53.287,3.21915,-5.86481,-3.65244,-0.259486,-0.410784,-0.375649,9.830000000000013
1772223953289022388,2026-02-27 15:25:53.289,3.30023,-5.87106,-4.56887,-0.257979,-0.401889,-0.36883,9.832000000000008
1772223953290215329,2026-02-27 15:25:53.290,3.41729,-5.93335,-4.57372,-0.259149,-0.395706,-0.370759,9.833000000000013
1772223953291407245,2026-02-27 15:25:53.291,3.51361,-5.94902,-4.51278,-0.258714,-0.390504,-0.373421,9.834000000000003
1772223953292553082,2026-02-27 15:25:53.292,3.60711,-5.93549,-4.06658,-0.25797,-0.382996,-0.378871,9.835000000000008
1772223953293679576,2026-02-27 15:25:53.293,3.58222,-5.98183,-3.79544,-0.25755,-0.377185,-0.382869,9.836000000000013
1772223953294856404,2026-02-27 15:25:53.294,3.65608,-5.91908,-3.76544,-0.259224,-0.37086,-0.384058,9.837000000000003
1772223953296036496,2026-02-27 15:25:53.296,3.70872,-5.89566,-3.80504,-0.257654,-0.362799,-0.383757,9.838999999999999
1772223953297227433,2026-02-27 15:25:53.297,3.70001,-5.96525,-3.35209,-0.260601,-0.359375,-0.387712,9.840000000000003
1772223953298422560,2026-02-27 15:25:53.298,3.71883,-5.9357,-2.96326,-0.261536,-0.354887,-0.390996,9.841000000000008
1772223953299559922,2026-02-27 15:25:53.299,3.7559,-5.94419,-3.30256,-0.260634,-0.3515,-0.388678,9.841999999999999
1772223953300684363,2026-02-27 15:25:53.300,3.77081,-6.02103,-3.62849,-0.263823,-0.34929,-0.38559,9.843000000000004
1772223953301832271,2026-02-27 15:25:53.301,3.71476,-5.97225,-4.09084,-0.267274,-0.34691,-0.380554,9.844000000000008
1772223953302979285,2026-02-27 15:25:53.302,3.76865,-5.97852,-4.23553,-0.266915,-0.341352,-0.37989,9.844999999999999
1772223953304168431,2026-02-27 15:25:53.304,3.77672,-6.00394,-4.22012,-0.269021,-0.338705,-0.379129,9.847000000000008
1772223953305341339,2026-02-27 15:25:53.305,3.7558,-6.02654,-4.31556,-0.271517,-0.33716,-0.377122,9.847999999999999
1772223953306551213,2026-02-27 15:25:53.306,3.76122,-6.04494,-5.39847,-0.272255,-0.333787,-0.367118,9.849000000000004
1772223953307678116,2026-02-27 15:25:53.307,3.72902,-6.01563,-5.03402,-0.271667,-0.33108,-0.369901,9.850000000000009
1772223953308834265,2026-02-27 15:25:53.308,3.80179,-6.04468,-5.06251,-0.27599,-0.329031,-0.3686,9.850999999999999
1772223953310003399,2026-02-27 15:25:53.310,3.83784,-6.02907,-4.6062,-0.276962,-0.322397,-0.372752,9.853000000000009
1772223953311191404,2026-02-27 15:25:53.311,3.81678,-6.03444,-4.66406,-0.279991,-0.321196,-0.370293,9.854
1772223953312384797,2026-02-27 15:25:53.312,3.80498,-6.04877,-4.6863,-0.279451,-0.318074,-0.369915,9.855000000000004
1772223953313562100,2026-02-27 15:25:53.313,3.88292,-6.01345,-4.81279,-0.279114,-0.316271,-0.368962,9.856000000000009
1772223953314835193,2026-02-27 15:25:53.314,3.86385,-6.00997,-4.00544,-0.280164,-0.314681,-0.377307,9.857
1772223953316004305,2026-02-27 15:25:53.316,3.91327,-5.94237,-4.33523,-0.284255,-0.31131,-0.373558,9.859000000000009
1772223953317199899,2026-02-27 15:25:53.317,3.96404,-5.98607,-5.06201,-0.282396,-0.310354,-0.368006,9.86
1772223953318399054,2026-02-27 15:25:53.318,4.0251,-5.92398,-5.42661,-0.285207,-0.307877,-0.3651,9.861000000000004
1772223953319651208,2026-02-27 15:25:53.319,3.9834,-5.93308,-5.59242,-0.284712,-0.307196,-0.364745,9.862000000000009
1772223953320846719,2026-02-27 15:25:53.320,4.00906,-5.93202,-5.65889,-0.288254,-0.306694,-0.364023,9.863
1772223953322022905,2026-02-27 15:25:53.322,4.19972,-5.96113,-6.43893,-0.287044,-0.303827,-0.359256,9.865000000000009
1772223953323212188,2026-02-27 15:25:53.323,4.1614,-5.95347,-6.95143,-0.291718,-0.303329,-0.355986,9.866
1772223953324406987,2026-02-27 15:25:53.324,4.1919,-5.95512,-6.8251,-0.292954,-0.303536,-0.356599,9.867000000000004
1772223953325590223,2026-02-27 15:25:53.325,4.20464,-5.94969,-6.60199,-0.292165,-0.30214,-0.359475,9.86800000000001
1772223953326804542,2026-02-27 15:25:53.326,4.25789,-5.95181,-6.44364,-0.294954,-0.300364,-0.361853,9.869
1772223953327975896,2026-02-27 15:25:53.327,4.23769,-5.95904,-6.56986,-0.296674,-0.298434,-0.361339,9.870000000000005
1772223953329152129,2026-02-27 15:25:53.329,4.27352,-5.94805,-6.73814,-0.297226,-0.297102,-0.36041,9.872
1772223953330345670,2026-02-27 15:25:53.330,4.29345,-5.93012,-6.73313,-0.2977,-0.294902,-0.361093,9.873000000000005
1772223953331564973,2026-02-27 15:25:53.331,4.33694,-5.97736,-5.95773,-0.301316,-0.294728,-0.367629,9.87400000000001
1772223953332717168,2026-02-27 15:25:53.332,4.31739,-5.98241,-6.63581,-0.299911,-0.292426,-0.363514,9.875
1772223953333881617,2026-02-27 15:25:53.333,4.34093,-5.94987,-6.79204,-0.30099,-0.289419,-0.361314,9.876000000000005
1772223953335064951,2026-02-27 15:25:53.335,4.45467,-5.94969,-7.65787,-0.304622,-0.286368,-0.35322,9.878
1772223953336252874,2026-02-27 15:25:53.336,4.44575,-5.9312,-7.72263,-0.305164,-0.283945,-0.352648,9.879000000000005
1772223953337447867,2026-02-27 15:25:53.337,4.48693,-5.97357,-7.85459,-0.30835,-0.282475,-0.351147,9.88000000000001
1772223953338569956,2026-02-27 15:25:53.338,4.46342,-5.9446,-7.9542,-0.309854,-0.280854,-0.348452,9.881
1772223953339703220,2026-02-27 15:25:53.339,4.5,-5.88331,-9.08615,-0.309324,-0.276459,-0.340147,9.882000000000005
1772223953340921540,2026-02-27 15:25:53.340,4.5485,-5.88334,-8.89913,-0.310826,-0.273915,-0.340568,9.88300000000001
1772223953342091206,2026-02-27 15:25:53.342,4.58507,-5.89389,-8.6664,-0.313372,-0.271087,-0.341844,9.885000000000005
1772223953343289673,2026-02-27 15:25:53.343,4.57831,-5.89109,-8.56299,-0.316909,-0.270755,-0.342288,9.88600000000001
1772223953344497493,2026-02-27 15:25:53.344,4.62705,-5.92546,-8.63367,-0.316439,-0.266559,-0.340504,9.887
1772223953345631330,2026-02-27 15:25:53.345,4.63538,-5.89962,-8.80111,-0.317248,-0.26442,-0.339781,9.888000000000005
1772223953346822440,2026-02-27 15:25:53.346,4.71983,-5.93488,-8.97367,-0.319352,-0.262318,-0.338097,9.88900000000001
1772223953347995094,2026-02-27 15:25:53.347,4.6864,-5.98594,-8.35271,-0.32121,-0.262002,-0.342933,9.89
1772223953349179167,2026-02-27 15:25:53.349,4.7474,-5.94825,-8.57887,-0.322858,-0.254625,-0.339159,9.89200000000001
1772223953350373251,2026-02-27 15:25:53.350,4.74329,-6.0108,-9.21115,-0.323478,-0.25305,-0.332741,9.893
1772223953351561242,2026-02-27 15:25:53.351,4.8035,-5.99876,-9.73351,-0.325066,-0.249315,-0.327379,9.894000000000005
1772223953352695042,2026-02-27 15:25:53.352,4.79932,-6.00024,-9.9133,-0.326754,-0.245949,-0.324785,9.89500000000001
1772223953353911435,2026-02-27 15:25:53.353,4.79283,-5.99956,-10.0647,-0.327763,-0.243354,-0.323429,9.896
1772223953355085045,2026-02-27 15:25:53.355,4.81815,-5.93877,-10.4122,-0.327421,-0.236485,-0.316649,9.89800000000001
1772223953356278313,2026-02-27 15:25:53.356,4.84583,-6.00345,-11.4155,-0.332007,-0.233441,-0.306502,9.899000000000001
1772223953357487452,2026-02-27 15:25:53.357,4.89097,-5.97069,-11.075,-0.332263,-0.229919,-0.308516,9.900000000000006
1772223953358621590,2026-02-27 15:25:53.358,4.91162,-5.97097,-11.1888,-0.332261,-0.226213,-0.30651,9.90100000000001
1772223953359816273,2026-02-27 15:25:53.359,4.86844,-5.93722,-10.8745,-0.332328,-0.221856,-0.307856,9.902000000000001
1772223953360993979,2026-02-27 15:25:53.360,4.87375,-5.97882,-10.9247,-0.332619,-0.218106,-0.306262,9.903000000000006
1772223953362165379,2026-02-27 15:25:53.362,4.87942,-5.92655,-11.1347,-0.335547,-0.209885,-0.302052,9.905000000000001
1772223953363367587,2026-02-27 15:25:53.363,4.85909,-5.90232,-11.254,-0.337072,-0.206372,-0.2994,9.906000000000006
1772223953364570811,2026-02-27 15:25:53.364,4.88024,-5.87668,-10.327,-0.336264,-0.202227,-0.307049,9.90700000000001
1772223953365721744,2026-02-27 15:25:53.365,4.85226,-5.86592,-10.8344,-0.337342,-0.196334,-0.30101,9.908000000000001
1772223953366896570,2026-02-27 15:25:53.366,4.84195,-5.88061,-10.9502,-0.337167,-0.193007,-0.298772,9.909000000000006
1772223953368089100,2026-02-27 15:25:53.368,4.80531,-5.83284,-11.9232,-0.337171,-0.184073,-0.286794,9.911000000000001
1772223953369267060,2026-02-27 15:25:53.369,4.85625,-5.8168,-12.0798,-0.33735,-0.180741,-0.284391,9.912000000000006
1772223953370483288,2026-02-27 15:25:53.370,4.80466,-5.8096,-12.2206,-0.337416,-0.175724,-0.281521,9.913000000000011
1772223953371617248,2026-02-27 15:25:53.371,4.81053,-5.81687,-12.2607,-0.33879,-0.172659,-0.278421,9.914000000000001
1772223953372811433,2026-02-27 15:25:53.372,4.81053,-5.83461,-13.1563,-0.338192,-0.168159,-0.268941,9.915000000000006
1772223953374011268,2026-02-27 15:25:53.374,4.81161,-5.75905,-13.3819,-0.340321,-0.162575,-0.265521,9.917000000000002
1772223953375196382,2026-02-27 15:25:53.375,4.7665,-5.76049,-13.1787,-0.338065,-0.155624,-0.265228,9.918000000000006
1772223953376341567,2026-02-27 15:25:53.376,4.74708,-5.78677,-12.9101,-0.337242,-0.153474,-0.265738,9.919000000000011
1772223953377536960,2026-02-27 15:25:53.377,4.68141,-5.82084,-13.016,-0.337579,-0.149189,-0.265208,9.920000000000002
1772223953378692171,2026-02-27 15:25:53.378,4.68783,-5.84509,-13.11,-0.338414,-0.146165,-0.263204,9.921000000000006
1772223953379907775,2026-02-27 15:25:53.379,4.65037,-5.86121,-13.2426,-0.338606,-0.142439,-0.261615,9.922000000000011
1772223953381081548,2026-02-27 15:25:53.381,4.62734,-5.83444,-13.0875,-0.335153,-0.140814,-0.263376,9.924000000000007
1772223953382254429,2026-02-27 15:25:53.382,4.47481,-5.84911,-12.9692,-0.333185,-0.138075,-0.263018,9.925000000000011
1772223953383474111,2026-02-27 15:25:53.383,4.37597,-5.89048,-13.2529,-0.333373,-0.137185,-0.260382,9.926000000000002
1772223953384603036,2026-02-27 15:25:53.384,4.31715,-5.92485,-13.8465,-0.333824,-0.133645,-0.256912,9.927000000000007
1772223953385737372,2026-02-27 15:25:53.385,4.28793,-5.97491,-14.017,-0.332629,-0.132564,-0.255726,9.928000000000011
1772223953386911544,2026-02-27 15:25:53.386,4.22889,-5.99228,-14.1568,-0.330573,-0.13086,-0.256189,9.929000000000002
1772223953388086054,2026-02-27 15:25:53.388,4.11654,-6.06189,-14.2252,-0.331885,-0.128958,-0.255402,9.931000000000012
1772223953389277142,2026-02-27 15:25:53.389,3.94539,-6.05955,-15.5228,-0.324966,-0.125228,-0.246958,9.932000000000002
1772223953390482587,2026-02-27 15:25:53.390,3.88522,-6.11093,-15.2512,-0.324979,-0.12434,-0.251301,9.933000000000007
1772223953391616361,2026-02-27 15:25:53.391,3.76912,-6.10955,-15.4727,-0.323543,-0.123698,-0.251977,9.934000000000012
1772223953392765223,2026-02-27 15:25:53.392,3.68756,-6.18241,-15.071,-0.321752,-0.12276,-0.257492,9.935000000000002
1772223953393945387,2026-02-27 15:25:53.393,3.58183,-6.25908,-14.9294,-0.319763,-0.119892,-0.260601,9.936000000000007
1772223953395121812,2026-02-27 15:25:53.395,3.54153,-6.28848,-15.0632,-0.31872,-0.117741,-0.26196,9.938000000000002
1772223953396295552,2026-02-27 15:25:53.396,3.3963,-6.32227,-15.3804,-0.315618,-0.115444,-0.263535,9.939000000000007
1772223953397510968,2026-02-27 15:25:53.397,3.39249,-6.29492,-14.5847,-0.316139,-0.113749,-0.273154,9.940000000000012
1772223953398646702,2026-02-27 15:25:53.398,3.37257,-6.28623,-14.669,-0.318063,-0.111604,-0.272829,9.941000000000003
1772223953399839171,2026-02-27 15:25:53.399,3.34128,-6.28763,-14.9522,-0.313605,-0.108781,-0.272917,9.942000000000007
1772223953401041465,2026-02-27 15:25:53.401,3.31696,-6.30725,-15.4879,-0.317151,-0.106539,-0.269045,9.944000000000003
1772223953402215494,2026-02-27 15:25:53.402,3.32683,-6.31642,-16.0508,-0.315027,-0.102576,-0.266818,9.945000000000007
1772223953403414338,2026-02-27 15:25:53.403,3.23464,-6.33421,-16.1684,-0.31625,-0.099007,-0.267773,9.946000000000012
1772223953404569524,2026-02-27 15:25:53.404,3.35052,-6.33825,-16.2864,-0.313189,-0.097047,-0.267872,9.947000000000003
1772223953405701216,2026-02-27 15:25:53.405,3.31886,-6.3547,-16.6754,-0.314744,-0.09444,-0.264518,9.948000000000008
1772223953406876107,2026-02-27 15:25:53.406,3.2573,-6.38553,-17.2978,-0.314878,-0.091838,-0.259758,9.949000000000012
1772223953408078320,2026-02-27 15:25:53.408,3.29816,-6.39685,-17.1603,-0.312886,-0.089928,-0.261835,9.951000000000008
1772223953409253427,2026-02-27 15:25:53.409,3.23559,-6.38644,-16.8236,-0.315683,-0.085397,-0.26686,9.952000000000012
1772223953410448578,2026-02-27 15:25:53.410,3.23109,-6.40644,-16.7323,-0.318047,-0.082081,-0.268412,9.953000000000003
1772223953411574275,2026-02-27 15:25:53.411,3.25371,-6.43758,-16.8536,-0.319539,-0.081085,-0.268555,9.954000000000008
1772223953412706728,2026-02-27 15:25:53.412,3.21632,-6.48663,-16.9686,-0.320287,-0.07759,-0.266556,9.955000000000013
1772223953413883631,2026-02-27 15:25:53.413,3.22459,-6.42943,-16.9466,-0.321807,-0.074831,-0.266804,9.956000000000003
1772223953415084516,2026-02-27 15:25:53.415,3.21888,-6.48519,-16.1368,-0.321939,-0.072308,-0.275396,9.958000000000013
1772223953416259801,2026-02-27 15:25:53.416,3.11096,-6.42853,-16.6471,-0.326755,-0.065265,-0.26618,9.959000000000003
1772223953417471911,2026-02-27 15:25:53.417,3.12794,-6.45808,-17.2203,-0.328721,-0.06088,-0.259366,9.960000000000008
1772223953418603015,2026-02-27 15:25:53.418,3.1122,-6.45319,-17.5519,-0.330422,-0.05663,-0.255365,9.961000000000013
1772223953419742013,2026-02-27 15:25:53.419,3.11201,-6.41082,-17.5692,-0.333714,-0.051278,-0.252723,9.962000000000003
1772223953420871095,2026-02-27 15:25:53.420,3.15363,-6.40558,-17.6119,-0.337551,-0.048382,-0.24926,9.963000000000008
1772223953422074426,2026-02-27 15:25:53.422,3.15488,-6.39269,-17.6372,-0.343347,-0.045894,-0.245582,9.965000000000003
1772223953423249198,2026-02-27 15:25:53.423,3.35664,-6.27439,-18.1738,-0.35293,-0.044499,-0.228635,9.966000000000008
1772223953424576173,2026-02-27 15:25:53.424,3.56176,-6.15802,-17.8401,-0.363211,-0.047274,-0.223552,9.966999999999999
1772223953425712626,2026-02-27 15:25:53.425,3.87003,-6.21676,-17.1491,-0.370129,-0.042596,-0.22573,9.968000000000004
1772223953426939555,2026-02-27 15:25:53.426,4.10316,-6.27677,-16.9654,-0.378822,-0.029002,-0.228316,9.969000000000008
1772223953428143790,2026-02-27 15:25:53.428,4.06655,-6.27177,-16.5768,-0.379755,-0.030098,-0.228722,9.971000000000004
1772223953429315194,2026-02-27 15:25:53.429,3.96677,-6.27562,-15.9104,-0.381076,-0.046717,-0.238118,9.972000000000008
1772223953430492460,2026-02-27 15:25:53.430,3.90352,-6.33022,-15.0755,-0.387811,-0.055875,-0.248335,9.972999999999999
1772223953431623101,2026-02-27 15:25:53.431,3.86412,-6.36142,-14.4446,-0.386922,-0.055566,-0.254589,9.974000000000004
1772223953432769333,2026-02-27 15:25:53.432,3.78799,-6.45498,-14.2423,-0.386715,-0.063451,-0.25479,9.975000000000009
1772223953433943661,2026-02-27 15:25:53.433,3.76753,-6.54243,-13.9263,-0.387656,-0.075554,-0.256841,9.975999999999999
1772223953435136240,2026-02-27 15:25:53.435,3.69968,-6.61661,-13.8236,-0.38567,-0.088691,-0.260606,9.978000000000009
1772223953436305909,2026-02-27 15:25:53.436,3.81058,-6.64072,-14.0031,-0.387477,-0.07296,-0.266821,9.979
1772223953437500979,2026-02-27 15:25:53.437,3.704,-6.64386,-14.0326,-0.386708,-0.073168,-0.265691,9.980000000000004
1772223953438628799,2026-02-27 15:25:53.438,3.71435,-6.60933,-13.8653,-0.383199,-0.078301,-0.26629,9.981000000000009
1772223953439774019,2026-02-27 15:25:53.439,3.68028,-6.60063,-14.5024,-0.378534,-0.090174,-0.262497,9.982
1772223953440943415,2026-02-27 15:25:53.440,3.67718,-6.59285,-13.5448,-0.374718,-0.108623,-0.272287,9.983000000000004
1772223953442074278,2026-02-27 15:25:53.442,3.6229,-6.67437,-12.9486,-0.381724,-0.124373,-0.280427,9.985
1772223953443263197,2026-02-27 15:25:53.443,3.56693,-6.83873,-11.3164,-0.376944,-0.144385,-0.303322,9.986000000000004
1772223953444431434,2026-02-27 15:25:53.444,3.59105,-6.87114,-10.7489,-0.378314,-0.156557,-0.309508,9.987000000000009
1772223953445556573,2026-02-27 15:25:53.445,3.56761,-6.92836,-10.8967,-0.375765,-0.165563,-0.31839,9.988
1772223953446683843,2026-02-27 15:25:53.446,3.57391,-6.94335,-10.4515,-0.371565,-0.181751,-0.324448,9.989000000000004
1772223953447830522,2026-02-27 15:25:53.447,3.54856,-6.91814,-9.32103,-0.371386,-0.19418,-0.342189,9.990000000000009
1772223953448998455,2026-02-27 15:25:53.448,3.68122,-6.95477,-9.79463,-0.368219,-0.199074,-0.347319,9.991
1772223953450185258,2026-02-27 15:25:53.450,3.72379,-6.81637,-9.91305,-0.363915,-0.197351,-0.350686,9.99300000000001
1772223953451351615,2026-02-27 15:25:53.451,3.79074,-6.80335,-10.9771,-0.35875,-0.195511,-0.346311,9.994
1772223953452557310,2026-02-27 15:25:53.452,3.87409,-6.75475,-11.0388,-0.354361,-0.194238,-0.348856,9.995000000000005
1772223953453686212,2026-02-27 15:25:53.453,3.92863,-6.73469,-11.1415,-0.351528,-0.195824,-0.351626,9.99600000000001
1772223953454842451,2026-02-27 15:25:53.454,3.97818,-6.6791,-11.345,-0.351062,-0.196851,-0.354701,9.997
1772223953456032010,2026-02-27 15:25:53.456,3.96468,-6.64665,-11.9918,-0.348736,-0.19994,-0.352374,9.99900000000001
1772223953457221384,2026-02-27 15:25:53.457,4.03123,-6.74802,-11.9256,-0.34675,-0.225613,-0.359909,10.0
1772223953458389459,2026-02-27 15:25:53.458,4.07448,-6.77142,-11.7497,-0.345701,-0.229294,-0.371306,10.001000000000005
1772223953459560317,2026-02-27 15:25:53.459,4.13963,-6.75008,-11.7193,-0.343706,-0.226156,-0.378796,10.00200000000001
1772223953460689613,2026-02-27 15:25:53.460,4.15326,-6.76683,-11.6719,-0.345384,-0.232195,-0.383217,10.003
1772223953461847731,2026-02-27 15:25:53.461,4.15385,-6.84168,-11.6349,-0.338142,-0.237522,-0.382365,10.004000000000005
1772223953463037310,2026-02-27 15:25:53.463,4.00061,-6.88343,-11.1159,-0.335694,-0.25063,-0.384544,10.006
1772223953464219184,2026-02-27 15:25:53.464,4.28068,-7.02322,-11.5614,-0.332677,-0.255801,-0.390439,10.007000000000005
1772223953465405203,2026-02-27 15:25:53.465,4.13731,-6.98798,-11.4316,-0.348988,-0.259839,-0.405712,10.00800000000001
1772223953466572036,2026-02-27 15:25:53.466,4.17869,-6.97217,-11.139,-0.346143,-0.265614,-0.409905,10.009
1772223953467701819,2026-02-27 15:25:53.467,4.19981,-7.0468,-11.4519,-0.347674,-0.267528,-0.408853,10.010000000000005
1772223953468859921,2026-02-27 15:25:53.468,4.09729,-7.0808,-11.1949,-0.34639,-0.272094,-0.411139,10.01100000000001
1772223953470030683,2026-02-27 15:25:53.470,4.01389,-7.10588,-10.137,-0.343925,-0.28096,-0.414396,10.013000000000005
1772223953471220838,2026-02-27 15:25:53.471,3.94672,-7.23358,-8.78446,-0.341453,-0.29514,-0.419185,10.01400000000001
1772223953472391720,2026-02-27 15:25:53.472,4.31681,-7.25193,-12.8304,-0.351752,-0.254413,-0.425238,10.015
1772223953473558719,2026-02-27 15:25:53.473,4.16462,-7.1824,-11.9576,-0.335563,-0.263944,-0.421374,10.016000000000005
1772223953474685465,2026-02-27 15:25:53.474,4.21226,-7.23131,-11.8784,-0.331093,-0.29349,-0.421489,10.01700000000001
1772223953475840121,2026-02-27 15:25:53.475,4.77855,-7.19139,-14.5015,-0.328711,-0.25043,-0.431947,10.018
1772223953477016286,2026-02-27 15:25:53.477,4.53582,-7.01314,-14.7088,-0.331119,-0.240218,-0.428825,10.02000000000001
1772223953478192905,2026-02-27 15:25:53.478,4.52052,-6.88809,-14.7833,-0.325541,-0.249453,-0.423621,10.021
1772223953479364890,2026-02-27 15:25:53.479,4.6882,-7.00143,-14.1586,-0.326577,-0.264354,-0.43199,10.022000000000006
1772223953480556672,2026-02-27 15:25:53.480,4.63036,-7.09754,-12.9135,-0.331888,-0.271219,-0.442439,10.02300000000001
1772223953481691257,2026-02-27 15:25:53.481,4.66007,-7.17618,-12.7691,-0.340122,-0.275958,-0.446366,10.024000000000001
1772223953482865054,2026-02-27 15:25:53.482,4.82566,-7.24575,-13.2696,-0.344896,-0.272083,-0.450563,10.025000000000006
1772223953484046205,2026-02-27 15:25:53.484,4.83855,-7.21487,-13.985,-0.351318,-0.273378,-0.447432,10.027000000000001
1772223953485225281,2026-02-27 15:25:53.485,4.82666,-7.22584,-14.3112,-0.349925,-0.281939,-0.444463,10.028000000000006
1772223953486398140,2026-02-27 15:25:53.486,4.97065,-7.16731,-14.6693,-0.35359,-0.287921,-0.445766,10.02900000000001
1772223953487562733,2026-02-27 15:25:53.487,4.93098,-7.12459,-14.6459,-0.356272,-0.289986,-0.446587,10.030000000000001
1772223953488692113,2026-02-27 15:25:53.488,4.96536,-7.13912,-14.8426,-0.357974,-0.293449,-0.447775,10.031000000000006
1772223953489846160,2026-02-27 15:25:53.489,5.03362,-7.20456,-15.6944,-0.362724,-0.296292,-0.445386,10.03200000000001
1772223953491021006,2026-02-27 15:25:53.491,5.03723,-7.20689,-15.3295,-0.365844,-0.298208,-0.451632,10.034000000000006
1772223953492190506,2026-02-27 15:25:53.492,5.11829,-7.23545,-15.3082,-0.368802,-0.300493,-0.454914,10.03500000000001
1772223953493365273,2026-02-27 15:25:53.493,5.19396,-7.25869,-14.8346,-0.368052,-0.30578,-0.461876,10.036000000000001
1772223953494555092,2026-02-27 15:25:53.494,5.21953,-7.28125,-14.8103,-0.369808,-0.311906,-0.462689,10.037000000000006
1772223953495689364,2026-02-27 15:25:53.495,5.29111,-7.25947,-14.9845,-0.371497,-0.310017,-0.463946,10.038000000000011
1772223953496885871,2026-02-27 15:25:53.496,5.31987,-7.29309,-15.1713,-0.375289,-0.30957,-0.463529,10.039000000000001
1772223953498077024,2026-02-27 15:25:53.498,5.34686,-7.23649,-14.315,-0.375872,-0.30633,-0.472927,10.041000000000011
1772223953499270648,2026-02-27 15:25:53.499,5.39309,-7.22461,-14.7913,-0.375218,-0.308131,-0.46847,10.042000000000002
1772223953500445470,2026-02-27 15:25:53.500,5.49939,-7.2072,-15.3493,-0.376743,-0.314701,-0.464063,10.043000000000006
1772223953501596406,2026-02-27 15:25:53.501,5.49999,-7.23571,-15.6087,-0.377022,-0.317009,-0.461844,10.044000000000011
1772223953502752001,2026-02-27 15:25:53.502,5.5122,-7.27444,-15.4115,-0.378884,-0.318476,-0.460926,10.045000000000002
1772223953503929220,2026-02-27 15:25:53.503,5.53917,-7.33602,-15.3116,-0.380569,-0.321424,-0.460698,10.046000000000006
1772223953505106775,2026-02-27 15:25:53.505,5.56033,-7.43101,-15.2535,-0.378598,-0.321794,-0.460042,10.048000000000002
1772223953506300978,2026-02-27 15:25:53.506,5.64805,-7.43533,-16.326,-0.380705,-0.316081,-0.451418,10.049000000000007
1772223953507483705,2026-02-27 15:25:53.507,5.67446,-7.45938,-16.927,-0.378729,-0.30764,-0.443105,10.050000000000011
1772223953508620513,2026-02-27 15:25:53.508,5.63632,-7.44215,-16.5843,-0.376987,-0.304935,-0.442461,10.051000000000002
1772223953509834086,2026-02-27 15:25:53.509,5.68092,-7.39612,-16.2247,-0.376907,-0.309265,-0.441343,10.052000000000007
1772223953511016223,2026-02-27 15:25:53.511,5.69004,-7.47883,-15.939,-0.37971,-0.313839,-0.441653,10.054000000000002
1772223953512191361,2026-02-27 15:25:53.512,5.67692,-7.56721,-15.8968,-0.382288,-0.316506,-0.442112,10.055000000000007
1772223953513364267,2026-02-27 15:25:53.513,5.67805,-7.6206,-15.7542,-0.383275,-0.315056,-0.442106,10.056000000000012
1772223953514537988,2026-02-27 15:25:53.514,5.73738,-7.66295,-14.5352,-0.38515,-0.314137,-0.447738,10.057000000000002
1772223953515668886,2026-02-27 15:25:53.515,5.70726,-7.66003,-14.9135,-0.383354,-0.313525,-0.442773,10.058000000000007
1772223953516845095,2026-02-27 15:25:53.516,5.73458,-7.70379,-15.194,-0.383424,-0.315475,-0.437172,10.059000000000012
1772223953518042095,2026-02-27 15:25:53.518,5.72255,-7.67868,-15.6613,-0.382124,-0.314162,-0.430994,10.061000000000007
1772223953519239496,2026-02-27 15:25:53.519,5.72098,-7.70952,-15.6199,-0.383352,-0.314743,-0.428014,10.062000000000012
1772223953520411583,2026-02-27 15:25:53.520,5.75116,-7.69561,-15.5852,-0.383539,-0.313595,-0.426958,10.063000000000002
1772223953521542587,2026-02-27 15:25:53.521,5.74092,-7.74398,-15.6064,-0.384571,-0.310107,-0.423646,10.064000000000007
1772223953522671458,2026-02-27 15:25:53.522,5.76362,-7.77208,-16.6247,-0.382134,-0.306588,-0.410781,10.065000000000012
1772223953523848014,2026-02-27 15:25:53.523,5.79334,-7.76021,-16.2044,-0.384179,-0.305442,-0.412756,10.066000000000003
1772223953525043828,2026-02-27 15:25:53.525,5.77843,-7.74294,-16.5108,-0.37928,-0.298682,-0.409061,10.068000000000012
1772223953526243250,2026-02-27 15:25:53.526,5.77941,-7.65492,-16.2734,-0.37797,-0.291705,-0.407678,10.069000000000003
1772223953527416432,2026-02-27 15:25:53.527,5.83831,-7.6479,-16.1796,-0.376191,-0.286233,-0.405991,10.070000000000007
1772223953528531682,2026-02-27 15:25:53.528,5.86935,-7.6236,-16.4344,-0.373828,-0.279341,-0.397646,10.071000000000012
1772223953529662298,2026-02-27 15:25:53.529,5.89706,-7.59651,-16.6402,-0.369765,-0.273824,-0.3937,10.072000000000003
1772223953530844721,2026-02-27 15:25:53.530,5.83296,-7.57298,-15.9622,-0.368205,-0.266935,-0.397619,10.073000000000008
1772223953532140808,2026-02-27 15:25:53.532,5.7517,-7.55293,-15.8009,-0.370538,-0.269908,-0.391496,10.075000000000003
1772223953533342897,2026-02-27 15:25:53.533,5.8484,-7.57268,-15.7667,-0.369903,-0.272199,-0.390215,10.076000000000008
1772223953534527543,2026-02-27 15:25:53.534,5.86484,-7.62041,-16.5872,-0.369852,-0.276113,-0.379963,10.077000000000012
1772223953535657796,2026-02-27 15:25:53.535,5.84839,-7.5776,-16.5093,-0.369901,-0.276125,-0.379461,10.078000000000003
1772223953536832038,2026-02-27 15:25:53.536,5.78623,-7.65136,-16.5794,-0.370873,-0.279785,-0.378402,10.079000000000008
1772223953538028701,2026-02-27 15:25:53.538,5.45792,-7.7853,-16.743,-0.365186,-0.283132,-0.379064,10.081000000000003
1772223953539227786,2026-02-27 15:25:53.539,5.07233,-7.84547,-17.7244,-0.356334,-0.276895,-0.372704,10.082000000000008
1772223953540427531,2026-02-27 15:25:53.540,4.69766,-7.93533,-19.4068,-0.34323,-0.264284,-0.364624,10.083000000000013
1772223953541578695,2026-02-27 15:25:53.541,2.87382,-7.77897,-21.0125,-0.328659,-0.265927,-0.338423,10.084000000000003
1772223953542710186,2026-02-27 15:25:53.542,2.06832,-7.74061,-20.7708,-0.332221,-0.305806,-0.325967,10.085000000000008
1772223953543886886,2026-02-27 15:25:53.543,1.50368,-7.87281,-20.8802,-0.326313,-0.328177,-0.326814,10.086000000000013
1772223953545084322,2026-02-27 15:25:53.545,1.11341,-8.12452,-20.7451,-0.325719,-0.352088,-0.333761,10.088000000000008
1772223953546282143,2026-02-27 15:25:53.546,0.740549,-8.17616,-20.6619,-0.328921,-0.371847,-0.339069,10.088999999999999
1772223953547483295,2026-02-27 15:25:53.547,0.499124,-8.14063,-20.1434,-0.340694,-0.391271,-0.342427,10.090000000000003
1772223953548618560,2026-02-27 15:25:53.548,0.305658,-8.14133,-18.8286,-0.35043,-0.408975,-0.355201,10.091000000000008
1772223953549817101,2026-02-27 15:25:53.549,0.149431,-8.22152,-18.5589,-0.358714,-0.439446,-0.360919,10.091999999999999
1772223953551015899,2026-02-27 15:25:53.551,0.15493,-8.19625,-18.7757,-0.362476,-0.446988,-0.362489,10.094000000000008
1772223953552212909,2026-02-27 15:25:53.552,0.149828,-8.15058,-18.8034,-0.362822,-0.453392,-0.364737,10.094999999999999
1772223953553410376,2026-02-27 15:25:53.553,0.24889,-8.15689,-18.6135,-0.363333,-0.455285,-0.36553,10.096000000000004
1772223953554531298,2026-02-27 15:25:53.554,0.229917,-7.96889,-18.486,-0.36076,-0.451093,-0.363005,10.097000000000008
1772223953555663659,2026-02-27 15:25:53.555,0.430012,-7.81027,-19.1211,-0.364853,-0.442471,-0.346083,10.097999999999999
1772223953556838808,2026-02-27 15:25:53.556,0.594343,-7.71517,-18.673,-0.360947,-0.438115,-0.34522,10.099000000000004
1772223953558037455,2026-02-27 15:25:53.558,0.71918,-7.62522,-18.5731,-0.363043,-0.436334,-0.344616,10.100999999999999
1772223953559182916,2026-02-27 15:25:53.559,0.844249,-7.55252,-17.8111,-0.364448,-0.436617,-0.348739,10.102000000000004
1772223953560397736,2026-02-27 15:25:53.560,1.0046,-7.45203,-17.3739,-0.364352,-0.435191,-0.352825,10.103000000000009
1772223953561547244,2026-02-27 15:25:53.561,1.22543,-7.41472,-17.1611,-0.365668,-0.436342,-0.353678,10.104
1772223953562680261,2026-02-27 15:25:53.562,1.43413,-7.27492,-16.7994,-0.367221,-0.435144,-0.355494,10.105000000000004
1772223953563856610,2026-02-27 15:25:53.563,1.55169,-7.26615,-15.9765,-0.365129,-0.434819,-0.362539,10.106000000000009
1772223953565053591,2026-02-27 15:25:53.565,1.78525,-7.21011,-15.5181,-0.364574,-0.432476,-0.366471,10.108000000000004
1772223953566250556,2026-02-27 15:25:53.566,1.93874,-7.15313,-15.6347,-0.364277,-0.430612,-0.366827,10.109000000000009
1772223953567448911,2026-02-27 15:25:53.567,2.10899,-7.18972,-15.8816,-0.363987,-0.427851,-0.365834,10.11
1772223953568602795,2026-02-27 15:25:53.568,2.48607,-7.15391,-15.9376,-0.362833,-0.421919,-0.36527,10.111000000000004
1772223953569756965,2026-02-27 15:25:53.569,2.61235,-7.1024,-15.9199,-0.362555,-0.417583,-0.367499,10.112000000000009
1772223953570955836,2026-02-27 15:25:53.570,2.71707,-7.08491,-15.8112,-0.362238,-0.415269,-0.368158,10.113
1772223953572152102,2026-02-27 15:25:53.572,2.78603,-7.047,-15.8417,-0.363466,-0.412408,-0.369544,10.115000000000009
1772223953573348493,2026-02-27 15:25:53.573,2.9356,-7.03757,-16.6252,-0.3627,-0.408015,-0.364338,10.116
1772223953574691930,2026-02-27 15:25:53.574,2.97654,-7.04982,-16.1752,-0.362232,-0.40707,-0.370746,10.117000000000004
1772223953575913005,2026-02-27 15:25:53.575,3.04957,-7.03834,-15.7077,-0.359546,-0.401781,-0.379517,10.11800000000001
1772223953577115961,2026-02-27 15:25:53.577,3.0803,-7.04555,-15.3933,-0.359752,-0.399563,-0.383888,10.120000000000005
1772223953578314352,2026-02-27 15:25:53.578,3.15962,-7.04476,-15.4572,-0.359595,-0.398217,-0.386335,10.12100000000001
1772223953579522873,2026-02-27 15:25:53.579,3.17143,-7.02279,-15.3743,-0.356761,-0.396059,-0.38946,10.122
1772223953580655755,2026-02-27 15:25:53.580,3.24098,-7.09047,-14.3094,-0.357367,-0.3949,-0.405854,10.123000000000005
1772223953581814491,2026-02-27 15:25:53.581,3.22,-7.11406,-14.6149,-0.356948,-0.392453,-0.405837,10.12400000000001
1772223953583014726,2026-02-27 15:25:53.583,3.26164,-7.14385,-14.6239,-0.352795,-0.389663,-0.410323,10.126000000000005
1772223953584210902,2026-02-27 15:25:53.584,3.18351,-7.16521,-15.1422,-0.352176,-0.387733,-0.409096,10.12700000000001
1772223953585406825,2026-02-27 15:25:53.585,3.21773,-7.21846,-15.5628,-0.349944,-0.386924,-0.409983,10.128
1772223953586567255,2026-02-27 15:25:53.586,3.23931,-7.28365,-15.5925,-0.350294,-0.386025,-0.414767,10.129000000000005
1772223953587701402,2026-02-27 15:25:53.587,3.22725,-7.36867,-15.5977,-0.346215,-0.381594,-0.42312,10.13000000000001
1772223953588873497,2026-02-27 15:25:53.588,3.21317,-7.39485,-16.2932,-0.346237,-0.378556,-0.419498,10.131
1772223953590073351,2026-02-27 15:25:53.590,3.2053,-7.42608,-16.5441,-0.345167,-0.376629,-0.421577,10.13300000000001
1772223953591272421,2026-02-27 15:25:53.591,3.1986,-7.47768,-16.4633,-0.346437,-0.373763,-0.424617,10.134
1772223953592472948,2026-02-27 15:25:53.592,3.22687,-7.48532,-16.0669,-0.344966,-0.371014,-0.432118,10.135000000000005
1772223953593630002,2026-02-27 15:25:53.593,3.19791,-7.55829,-15.7911,-0.344414,-0.368101,-0.436934,10.13600000000001
1772223953594782861,2026-02-27 15:25:53.594,3.27964,-7.66433,-15.7599,-0.343959,-0.363705,-0.44135,10.137
1772223953595980706,2026-02-27 15:25:53.595,3.20518,-7.67607,-15.8462,-0.346059,-0.360428,-0.444017,10.138000000000005
1772223953597179450,2026-02-27 15:25:53.597,3.24813,-7.69151,-15.6511,-0.343717,-0.357217,-0.44864,10.14
1772223953598376429,2026-02-27 15:25:53.598,3.24348,-7.7291,-14.8286,-0.345364,-0.355973,-0.456161,10.141000000000005
1772223953599557399,2026-02-27 15:25:53.599,3.27561,-7.76483,-15.275,-0.348586,-0.354381,-0.453332,10.14200000000001
1772223953600690205,2026-02-27 15:25:53.600,3.30702,-7.73838,-15.4324,-0.345759,-0.350787,-0.453844,10.143
1772223953601908499,2026-02-27 15:25:53.601,3.32685,-7.81707,-16.006,-0.348999,-0.348581,-0.450257,10.144000000000005
1772223953603107032,2026-02-27 15:25:53.603,3.31385,-7.82832,-15.9681,-0.349413,-0.347154,-0.449838,10.146
1772223953604304920,2026-02-27 15:25:53.604,3.29159,-7.85044,-15.9498,-0.351865,-0.346001,-0.449682,10.147000000000006
1772223953605638489,2026-02-27 15:25:53.605,3.2499,-7.85863,-15.9823,-0.353313,-0.346048,-0.448002,10.14800000000001
1772223953606812965,2026-02-27 15:25:53.606,3.18901,-7.80373,-16.6401,-0.355536,-0.344393,-0.437905,10.149000000000001
1772223953608013066,2026-02-27 15:25:53.608,3.10407,-7.78598,-16.7591,-0.356892,-0.344458,-0.435591,10.15100000000001
1772223953609144903,2026-02-27 15:25:53.609,3.04074,-7.7671,-16.2481,-0.359367,-0.344734,-0.436165,10.152000000000001
1772223953610343477,2026-02-27 15:25:53.610,2.93827,-7.69326,-16.0355,-0.360938,-0.343085,-0.434725,10.153000000000006
1772223953611555376,2026-02-27 15:25:53.611,2.87882,-7.72164,-16.1217,-0.362269,-0.344373,-0.431131,10.15400000000001
1772223953612688622,2026-02-27 15:25:53.612,2.72565,-7.69543,-16.1803,-0.368615,-0.344748,-0.422859,10.155000000000001
1772223953613857742,2026-02-27 15:25:53.613,2.56932,-7.67367,-15.4315,-0.37049,-0.34478,-0.425801,10.156000000000006
1772223953615055849,2026-02-27 15:25:53.615,2.4552,-7.65461,-15.3938,-0.374834,-0.345138,-0.419597,10.158000000000001
1772223953616252289,2026-02-27 15:25:53.616,2.36632,-7.55321,-15.6922,-0.372754,-0.342998,-0.414517,10.159000000000006
1772223953617448727,2026-02-27 15:25:53.617,2.25983,-7.55266,-16.1312,-0.377675,-0.343164,-0.403906,10.16000000000001
1772223953618697178,2026-02-27 15:25:53.618,2.18581,-7.52335,-16.6731,-0.375507,-0.341982,-0.395788,10.161000000000001
1772223953619913973,2026-02-27 15:25:53.619,2.01996,-7.4114,-16.8273,-0.380335,-0.338507,-0.385191,10.162000000000006
1772223953621111353,2026-02-27 15:25:53.621,1.96468,-7.41461,-16.8207,-0.382448,-0.336126,-0.380111,10.164000000000001
1772223953622310232,2026-02-27 15:25:53.622,1.81967,-7.42716,-17.2684,-0.38262,-0.334826,-0.371121,10.165000000000006
1772223953623517458,2026-02-27 15:25:53.623,1.75911,-7.37274,-17.9951,-0.384547,-0.332596,-0.359784,10.166000000000011
1772223953624651179,2026-02-27 15:25:53.624,1.53285,-7.31395,-17.6436,-0.384799,-0.32763,-0.354809,10.167000000000002
1772223953625816635,2026-02-27 15:25:53.625,1.5056,-7.33733,-17.4093,-0.386267,-0.324003,-0.353267,10.168000000000006
1772223953627021383,2026-02-27 15:25:53.627,1.4593,-7.26476,-17.3083,-0.385525,-0.320702,-0.349975,10.170000000000002
1772223953628222623,2026-02-27 15:25:53.628,1.39119,-7.26102,-17.4493,-0.38699,-0.317447,-0.344111,10.171000000000006
1772223953629419136,2026-02-27 15:25:53.629,1.30629,-7.19993,-17.498,-0.387067,-0.313071,-0.339851,10.172000000000011
1772223953630563445,2026-02-27 15:25:53.630,1.23161,-7.21222,-17.5617,-0.38503,-0.308179,-0.33625,10.173000000000002
1772223953631696810,2026-02-27 15:25:53.631,1.16308,-7.23399,-17.1019,-0.388482,-0.300766,-0.331881,10.174000000000007
1772223953632868906,2026-02-27 15:25:53.632,1.12382,-7.16885,-17.2233,-0.387152,-0.294827,-0.328746,10.175000000000011
1772223953634065597,2026-02-27 15:25:53.634,1.10434,-7.1602,-17.8309,-0.386672,-0.289987,-0.31973,10.177000000000007
1772223953635263313,2026-02-27 15:25:53.635,1.02152,-7.21627,-18.1279,-0.385978,-0.285227,-0.314808,10.178000000000011
1772223953636474383,2026-02-27 15:25:53.636,1.03774,-7.18128,-18.2468,-0.384127,-0.280907,-0.311899,10.179000000000002
1772223953637608469,2026-02-27 15:25:53.637,0.978182,-7.16817,-18.2862,-0.382532,-0.276844,-0.308916,10.180000000000007
1772223953638743948,2026-02-27 15:25:53.638,0.957998,-7.17954,-19.3144,-0.383608,-0.2677,-0.294686,10.181000000000012
1772223953639919560,2026-02-27 15:25:53.639,0.95119,-7.18302,-19.3404,-0.378445,-0.262425,-0.293387,10.182000000000002
1772223953641120746,2026-02-27 15:25:53.641,0.881286,-7.24686,-19.4166,-0.378367,-0.258555,-0.291131,10.184000000000012
1772223953642354083,2026-02-27 15:25:53.642,0.875093,-7.25001,-18.9929,-0.376985,-0.255543,-0.293475,10.185000000000002
1772223953643566503,2026-02-27 15:25:53.643,0.812241,-7.23952,-18.7876,-0.374023,-0.249616,-0.29356,10.186000000000007
1772223953644701005,2026-02-27 15:25:53.644,0.778082,-7.27598,-18.7349,-0.376586,-0.245329,-0.292368,10.187000000000012
1772223953645854764,2026-02-27 15:25:53.645,0.706464,-7.29549,-19.004,-0.372015,-0.236293,-0.288254,10.188000000000002
1772223953647053173,2026-02-27 15:25:53.647,0.741719,-7.28984,-18.5884,-0.368865,-0.233427,-0.29229,10.190000000000012
1772223953648251373,2026-02-27 15:25:53.648,0.65155,-7.37839,-18.1691,-0.369174,-0.229319,-0.29426,10.191000000000003
1772223953649446053,2026-02-27 15:25:53.649,0.652885,-7.35213,-18.4771,-0.365496,-0.223779,-0.290364,10.192000000000007
1772223953650569638,2026-02-27 15:25:53.650,0.59719,-7.37391,-18.9084,-0.362258,-0.219025,-0.286527,10.193000000000012
1772223953651702046,2026-02-27 15:25:53.651,0.579693,-7.43311,-19.355,-0.363479,-0.215053,-0.280473,10.194000000000003
1772223953652864263,2026-02-27 15:25:53.652,0.586664,-7.49951,-19.6072,-0.36005,-0.206059,-0.278792,10.195000000000007
1772223953654060364,2026-02-27 15:25:53.654,0.53141,-7.50691,-19.7165,-0.358572,-0.201281,-0.277584,10.197000000000003
1772223953655257124,2026-02-27 15:25:53.655,0.623717,-7.53321,-19.8645,-0.357013,-0.197219,-0.276266,10.198000000000008
1772223953656471158,2026-02-27 15:25:53.656,0.52795,-7.57917,-20.9825,-0.35126,-0.191226,-0.266996,10.199000000000012
1772223953657560991,2026-02-27 15:25:53.657,0.571859,-7.58041,-20.4901,-0.351706,-0.187382,-0.270449,10.200000000000003
1772223953658689771,2026-02-27 15:25:53.658,0.6006,-7.55351,-20.6351,-0.347917,-0.182836,-0.269664,10.201000000000008
1772223953659863023,2026-02-27 15:25:53.659,0.461253,-7.62074,-20.1576,-0.343543,-0.174258,-0.274094,10.202000000000012
1772223953661060221,2026-02-27 15:25:53.661,0.470687,-7.61608,-20.3093,-0.343843,-0.16949,-0.272549,10.204000000000008
1772223953662255872,2026-02-27 15:25:53.662,0.438358,-7.66925,-20.377,-0.340696,-0.16539,-0.271311,10.205000000000013
1772223953663470292,2026-02-27 15:25:53.663,0.397795,-7.68537,-20.5048,-0.33893,-0.160547,-0.270335,10.206000000000003
1772223953664606220,2026-02-27 15:25:53.664,0.431662,-7.68248,-19.6383,-0.337299,-0.157122,-0.278008,10.207000000000008
1772223953665745656,2026-02-27 15:25:53.665,0.354097,-7.70962,-19.8799,-0.337978,-0.152133,-0.275424,10.208000000000013
1772223953666874425,2026-02-27 15:25:53.666,0.428583,-7.76238,-20.7187,-0.334851,-0.142937,-0.267914,10.209000000000003
1772223953668064858,2026-02-27 15:25:53.668,0.375889,-7.72222,-21.1483,-0.331494,-0.136381,-0.264282,10.211000000000013
1772223953669260886,2026-02-27 15:25:53.669,0.351194,-7.78145,-21.2243,-0.330987,-0.131117,-0.261847,10.212000000000003
1772223953670473728,2026-02-27 15:25:53.670,0.383525,-7.77309,-21.3506,-0.328944,-0.126772,-0.260885,10.213000000000008
1772223953671601372,2026-02-27 15:25:53.671,0.325389,-7.7936,-21.3806,-0.327884,-0.123336,-0.259413,10.213999999999999
1772223953672734425,2026-02-27 15:25:53.672,0.327159,-7.76368,-22.0856,-0.328854,-0.118754,-0.251118,10.215000000000003
1772223953673897983,2026-02-27 15:25:53.673,0.270145,-7.70686,-22.5242,-0.329659,-0.109903,-0.243115,10.216000000000008
1772223953675090340,2026-02-27 15:25:53.675,0.262502,-7.70945,-22.2369,-0.332541,-0.106162,-0.243498,10.218000000000004
1772223953676286099,2026-02-27 15:25:53.676,0.266749,-7.73464,-22.1315,-0.332992,-0.102589,-0.243946,10.219000000000008
1772223953677497682,2026-02-27 15:25:53.677,0.241838,-7.72648,-22.0769,-0.333283,-0.098362,-0.242898,10.219999999999999
1772223953678630629,2026-02-27 15:25:53.678,0.268567,-7.7151,-22.1773,-0.335472,-0.09366,-0.239875,10.221000000000004
1772223953679793482,2026-02-27 15:25:53.679,0.303727,-7.72102,-22.2941,-0.336477,-0.091766,-0.237449,10.222000000000008
1772223953680975214,2026-02-27 15:25:53.680,0.235369,-7.6802,-21.5196,-0.339336,-0.083937,-0.240769,10.222999999999999
1772223953682170997,2026-02-27 15:25:53.682,0.201903,-7.69548,-22.0911,-0.339332,-0.080371,-0.234291,10.225000000000009
1772223953683368768,2026-02-27 15:25:53.683,0.124475,-7.70507,-22.3076,-0.341219,-0.075705,-0.229355,10.225999999999999
1772223953684538318,2026-02-27 15:25:53.684,0.10112,-7.72615,-22.8637,-0.345465,-0.072294,-0.222324,10.227000000000004
1772223953685668846,2026-02-27 15:25:53.685,0.052439,-7.73475,-23.1608,-0.346667,-0.068227,-0.217425,10.228000000000009
1772223953686818483,2026-02-27 15:25:53.686,-0.016328,-7.76709,-23.2585,-0.346372,-0.06355,-0.214958,10.229
1772223953688000559,2026-02-27 15:25:53.688,-0.065055,-7.7969,-23.5059,-0.35259,-0.0565,-0.208483,10.231000000000009
1772223953689170109,2026-02-27 15:25:53.689,-0.131509,-7.79178,-24.6835,-0.352982,-0.051219,-0.196577,10.232
1772223953690367471,2026-02-27 15:25:53.690,-0.227141,-7.8112,-24.549,-0.354525,-0.045538,-0.195508,10.233000000000004
1772223953691573406,2026-02-27 15:25:53.691,-0.268032,-7.8086,-24.6707,-0.359477,-0.041813,-0.19272,10.234000000000009
1772223953692707858,2026-02-27 15:25:53.692,-0.374116,-7.78953,-24.2936,-0.358098,-0.036498,-0.194414,10.235
1772223953693906602,2026-02-27 15:25:53.693,-0.437031,-7.82936,-24.1394,-0.360702,-0.0301,-0.193183,10.236000000000004
1772223953695084851,2026-02-27 15:25:53.695,-0.567569,-7.86838,-24.3021,-0.367711,-0.018622,-0.187344,10.238
1772223953696284924,2026-02-27 15:25:53.696,-0.669813,-7.83373,-24.5065,-0.369616,-0.01198,-0.184315,10.239000000000004
1772223953697493132,2026-02-27 15:25:53.697,-0.712953,-7.87166,-23.823,-0.37071,-0.005845,-0.189175,10.240000000000009
1772223953698630188,2026-02-27 15:25:53.698,-0.740512,-7.81597,-23.8754,-0.373286,0.001246,-0.187396,10.241
1772223953699827681,2026-02-27 15:25:53.699,-0.768859,-7.84337,-24.0152,-0.375164,0.008969,-0.184636,10.242000000000004
1772223953701004191,2026-02-27 15:25:53.701,-0.822896,-7.82756,-25.0925,-0.381571,0.02374,-0.172517,10.244
1772223953702199715,2026-02-27 15:25:53.702,-0.810924,-7.87676,-25.0855,-0.38384,0.029782,-0.170335,10.245000000000005
1772223953703398714,2026-02-27 15:25:53.703,-0.858332,-7.87841,-25.2733,-0.382297,0.038743,-0.169446,10.24600000000001
1772223953704580052,2026-02-27 15:25:53.704,-0.855282,-7.8384,-25.2014,-0.387192,0.043908,-0.168071,10.247
1772223953705734093,2026-02-27 15:25:53.705,-0.885192,-7.82919,-25.4689,-0.388208,0.050543,-0.164472,10.248000000000005
1772223953706901189,2026-02-27 15:25:53.706,-0.851654,-7.88894,-26.2635,-0.387453,0.057974,-0.157795,10.24900000000001
1772223953708085966,2026-02-27 15:25:53.708,-0.85742,-7.8763,-25.769,-0.391719,0.071522,-0.161649,10.251000000000005
1772223953709219711,2026-02-27 15:25:53.709,-0.853686,-7.87286,-25.5138,-0.391273,0.077786,-0.163088,10.25200000000001
1772223953710420531,2026-02-27 15:25:53.710,-0.85892,-7.7959,-25.3249,-0.392954,0.083152,-0.163908,10.253
1772223953711561385,2026-02-27 15:25:53.711,-0.86639,-7.81723,-25.3705,-0.392453,0.089307,-0.162955,10.254000000000005
1772223953712690927,2026-02-27 15:25:53.712,-0.856554,-7.84855,-25.4469,-0.392305,0.09514,-0.163531,10.25500000000001
1772223953713872087,2026-02-27 15:25:53.713,-0.845382,-7.8489,-25.3708,-0.393882,0.101812,-0.16256,10.256
1772223953715046858,2026-02-27 15:25:53.715,-0.862745,-7.89205,-24.748,-0.39626,0.112403,-0.167351,10.25800000000001
1772223953716238863,2026-02-27 15:25:53.716,-0.87445,-7.84349,-24.7438,-0.394286,0.117691,-0.167781,10.259
1772223953717439648,2026-02-27 15:25:53.717,-0.868038,-7.83861,-25.3069,-0.395668,0.125068,-0.162464,10.260000000000005
1772223953718598792,2026-02-27 15:25:53.718,-0.861811,-7.81506,-25.5463,-0.394247,0.130046,-0.159855,10.26100000000001
1772223953719732987,2026-02-27 15:25:53.719,-0.711137,-7.86161,-25.6204,-0.391724,0.13534,-0.160247,10.262
1772223953720895884,2026-02-27 15:25:53.720,-0.738853,-7.87055,-25.5784,-0.389846,0.140842,-0.160256,10.263000000000005
1772223953722077022,2026-02-27 15:25:53.722,-0.787756,-7.90136,-26.2953,-0.391271,0.14993,-0.15333,10.265
1772223953723269388,2026-02-27 15:25:53.723,-0.780637,-7.89455,-26.4185,-0.390893,0.153926,-0.153023,10.266000000000005
1772223953724481249,2026-02-27 15:25:53.724,-0.719627,-7.91992,-26.3682,-0.389635,0.157621,-0.154141,10.26700000000001
1772223953725611010,2026-02-27 15:25:53.725,-0.694315,-7.92645,-25.8664,-0.388503,0.160967,-0.159035,10.268
1772223953726742259,2026-02-27 15:25:53.726,-0.739888,-7.92213,-25.6805,-0.386827,0.163723,-0.162541,10.269000000000005
1772223953727916977,2026-02-27 15:25:53.727,-0.741427,-7.95874,-25.548,-0.385731,0.165928,-0.163993,10.27000000000001
1772223953729088833,2026-02-27 15:25:53.729,-0.725273,-8.02306,-25.4961,-0.384808,0.168742,-0.165526,10.272000000000006
1772223953730281169,2026-02-27 15:25:53.730,-0.787201,-8.02475,-25.1107,-0.384111,0.169878,-0.171689,10.27300000000001
1772223953731488748,2026-02-27 15:25:53.731,-0.838842,-8.08159,-24.4196,-0.385034,0.169703,-0.177948,10.274000000000001
1772223953732625384,2026-02-27 15:25:53.732,-0.871135,-8.07813,-24.7526,-0.381556,0.170082,-0.176763,10.275000000000006
1772223953733817530,2026-02-27 15:25:53.733,-0.854776,-8.13508,-24.9824,-0.381329,0.169129,-0.175843,10.27600000000001
1772223953735006532,2026-02-27 15:25:53.735,-0.900529,-8.155,-25.3811,-0.378705,0.168451,-0.17406,10.278000000000006
1772223953736179505,2026-02-27 15:25:53.736,-1.03173,-8.17425,-25.4148,-0.37449,0.166184,-0.175387,10.27900000000001
1772223953737384077,2026-02-27 15:25:53.737,-1.04697,-8.17612,-25.3342,-0.377128,0.162133,-0.175543,10.280000000000001
1772223953738570841,2026-02-27 15:25:53.738,-1.10361,-8.13966,-25.3598,-0.373415,0.160391,-0.174761,10.281000000000006
1772223953739720134,2026-02-27 15:25:53.739,-1.14411,-8.13868,-26.3477,-0.372168,0.157918,-0.163898,10.28200000000001
1772223953740900608,2026-02-27 15:25:53.740,-1.22734,-8.12221,-25.9208,-0.372077,0.155797,-0.167204,10.283000000000001
1772223953742097206,2026-02-27 15:25:53.742,-1.31848,-8.14042,-25.4356,-0.374254,0.147213,-0.167239,10.28500000000001
1772223953743293572,2026-02-27 15:25:53.743,-1.35012,-8.11753,-25.1904,-0.371523,0.143914,-0.167394,10.286000000000001
1772223953744500951,2026-02-27 15:25:53.744,-1.4534,-8.08432,-25.1663,-0.374413,0.140385,-0.165389,10.287000000000006
1772223953745630345,2026-02-27 15:25:53.745,-1.49896,-8.07018,-25.2226,-0.375408,0.138282,-0.16324,10.288000000000011
1772223953746806889,2026-02-27 15:25:53.746,-1.58009,-8.03623,-25.2532,-0.373705,0.136771,-0.161852,10.289000000000001
1772223953747987897,2026-02-27 15:25:53.747,-1.61446,-8.08005,-24.3193,-0.374501,0.131849,-0.167906,10.290000000000006
1772223953749167006,2026-02-27 15:25:53.749,-1.72549,-8.05711,-24.5237,-0.373995,0.12849,-0.161901,10.292000000000002
1772223953750486258,2026-02-27 15:25:53.750,-1.75479,-8.0322,-25.0807,-0.373421,0.126123,-0.154655,10.293000000000006
1772223953751626069,2026-02-27 15:25:53.751,-1.88302,-8.08432,-25.5489,-0.380301,0.124357,-0.149219,10.294000000000011
1772223953752818602,2026-02-27 15:25:53.752,-1.85851,-8.0494,-25.6467,-0.377799,0.125524,-0.146456,10.295000000000002
1772223953754004510,2026-02-27 15:25:53.754,-1.95958,-8.05541,-25.689,-0.379666,0.125351,-0.143471,10.297000000000011
1772223953755176110,2026-02-27 15:25:53.755,-2.01992,-8.10072,-26.1803,-0.383847,0.126488,-0.134012,10.298000000000002
1772223953756376846,2026-02-27 15:25:53.756,-2.0417,-8.10415,-26.9152,-0.381827,0.129186,-0.127356,10.299000000000007
1772223953757567941,2026-02-27 15:25:53.757,-2.12943,-8.12307,-26.5572,-0.384636,0.130977,-0.12635,10.300000000000011
1772223953758706482,2026-02-27 15:25:53.758,-2.17176,-8.13992,-26.4397,-0.388633,0.135575,-0.128986,10.301000000000002
1772223953759923580,2026-02-27 15:25:53.759,-2.08887,-8.12519,-26.2004,-0.387727,0.137243,-0.127831,10.302000000000007
1772223953761109556,2026-02-27 15:25:53.761,-2.11545,-8.18825,-26.1926,-0.39111,0.145301,-0.125902,10.304000000000002
1772223953762288670,2026-02-27 15:25:53.762,-2.16188,-8.23307,-26.2851,-0.393778,0.149303,-0.124358,10.305000000000007
1772223953763498674,2026-02-27 15:25:53.763,-2.16818,-8.2354,-26.1886,-0.396054,0.153045,-0.123552,10.306000000000012
1772223953764636289,2026-02-27 15:25:53.764,-2.15593,-8.26983,-25.411,-0.397011,0.156845,-0.130274,10.307000000000002
1772223953765831248,2026-02-27 15:25:53.765,-2.19794,-8.29778,-25.8803,-0.400007,0.160716,-0.124024,10.308000000000007
1772223953767034159,2026-02-27 15:25:53.767,-2.2859,-8.32248,-26.0176,-0.40195,0.167726,-0.121859,10.310000000000002
1772223953768217240,2026-02-27 15:25:53.768,-2.25795,-8.33121,-26.8347,-0.404464,0.177107,-0.111843,10.311000000000007
1772223953769417878,2026-02-27 15:25:53.769,-2.23327,-8.36939,-26.9061,-0.405675,0.182095,-0.110095,10.312000000000012
1772223953770567399,2026-02-27 15:25:53.770,-2.28017,-8.38392,-26.9789,-0.407151,0.188224,-0.108317,10.313000000000002
1772223953771698967,2026-02-27 15:25:53.771,-2.2982,-8.43029,-27.038,-0.40947,0.193348,-0.105499,10.314000000000007
1772223953772875014,2026-02-27 15:25:53.772,-2.42966,-8.4565,-28.0791,-0.413035,0.199696,-0.096144,10.315000000000012
1772223953774065026,2026-02-27 15:25:53.774,-2.28406,-8.51856,-28.0363,-0.409317,0.206104,-0.095614,10.317000000000007
1772223953775248213,2026-02-27 15:25:53.775,-2.36719,-8.57517,-27.6087,-0.413595,0.219349,-0.09565,10.318000000000012
1772223953776448896,2026-02-27 15:25:53.776,-2.4048,-8.5169,-27.396,-0.412833,0.227533,-0.096867,10.319000000000003
1772223953777612663,2026-02-27 15:25:53.777,-2.41714,-8.57169,-27.4094,-0.415819,0.235685,-0.094732,10.320000000000007
1772223953778745334,2026-02-27 15:25:53.778,-2.44518,-8.61703,-27.4367,-0.418102,0.243563,-0.09364,10.321000000000012
1772223953779936078,2026-02-27 15:25:53.779,-2.44873,-8.59451,-27.4495,-0.418267,0.252271,-0.091417,10.322000000000003
1772223953781069392,2026-02-27 15:25:53.781,-2.4744,-8.62898,-26.9405,-0.417363,0.260554,-0.09744,10.324000000000012
1772223953782195030,2026-02-27 15:25:53.782,-2.50831,-8.63306,-26.8173,-0.420636,0.276229,-0.09424,10.325000000000003
1772223953783313466,2026-02-27 15:25:53.783,-2.4917,-8.6355,-27.2768,-0.420733,0.284237,-0.089073,10.326000000000008
1772223953784432291,2026-02-27 15:25:53.784,-2.54193,-8.68072,-27.6953,-0.424465,0.291223,-0.084356,10.327000000000012
1772223953785568241,2026-02-27 15:25:53.785,-2.5016,-8.73166,-27.6789,-0.425381,0.298166,-0.083453,10.328000000000003
1772223953786734231,2026-02-27 15:25:53.786,-2.52296,-8.69422,-27.6781,-0.425451,0.303566,-0.083502,10.329000000000008
1772223953787909129,2026-02-27 15:25:53.787,-2.56119,-8.71168,-27.6481,-0.426275,0.308059,-0.081849,10.330000000000013
1772223953789097533,2026-02-27 15:25:53.789,-2.55004,-8.6955,-27.7003,-0.426796,0.315322,-0.079859,10.332000000000008
1772223953790278720,2026-02-27 15:25:53.790,-2.56541,-8.71557,-28.2201,-0.429979,0.325357,-0.075025,10.333000000000013
1772223953791488111,2026-02-27 15:25:53.791,-2.59232,-8.75448,-28.0805,-0.430908,0.328185,-0.074588,10.334000000000003
1772223953792578009,2026-02-27 15:25:53.792,-2.70004,-8.71793,-27.7732,-0.433288,0.333271,-0.078308,10.335000000000008
1772223953793713360,2026-02-27 15:25:53.793,-2.67734,-8.73647,-27.5977,-0.430072,0.336029,-0.079917,10.336000000000013
1772223953794909974,2026-02-27 15:25:53.794,-2.72068,-8.72172,-27.7243,-0.431327,0.343331,-0.079235,10.337000000000003
1772223953796110852,2026-02-27 15:25:53.796,-2.73665,-8.73524,-27.8944,-0.433087,0.347914,-0.078151,10.338999999999999
1772223953797287190,2026-02-27 15:25:53.797,-2.61694,-8.75992,-27.1627,-0.435667,0.357523,-0.089988,10.340000000000003
1772223953798559342,2026-02-27 15:25:53.798,-2.40796,-8.81115,-27.4921,-0.434394,0.365526,-0.091691,10.341000000000008
1772223953799694020,2026-02-27 15:25:53.799,-2.26098,-8.82938,-27.4502,-0.433193,0.374171,-0.09742,10.341999999999999
1772223953800859806,2026-02-27 15:25:53.800,-1.99093,-8.83273,-28.046,-0.430246,0.382565,-0.098608,10.343000000000004
1772223953802062096,2026-02-27 15:25:53.802,-1.80722,-8.8888,-28.2983,-0.429639,0.3919,-0.102854,10.344999999999999
1772223953803238485,2026-02-27 15:25:53.803,-1.32717,-8.85256,-28.3556,-0.422908,0.410349,-0.113741,10.346000000000004
1772223953804435134,2026-02-27 15:25:53.804,-1.07009,-8.8327,-28.3762,-0.424547,0.417195,-0.119151,10.347000000000008
1772223953805569005,2026-02-27 15:25:53.805,-0.818548,-8.80481,-28.9533,-0.422438,0.423687,-0.117087,10.347999999999999
1772223953806701896,2026-02-27 15:25:53.806,-0.651479,-8.81186,-29.2725,-0.417015,0.42964,-0.120328,10.349000000000004
1772223953807855065,2026-02-27 15:25:53.807,-0.423525,-8.77206,-29.0597,-0.415919,0.433931,-0.127195,10.350000000000009
1772223953808988643,2026-02-27 15:25:53.808,-0.243082,-8.81733,-28.6224,-0.416388,0.434793,-0.13757,10.350999999999999
1772223953810165168,2026-02-27 15:25:53.810,-0.095184,-8.82782,-28.2154,-0.415389,0.43668,-0.146414,10.353000000000009
1772223953811349846,2026-02-27 15:25:53.811,0.20518,-8.85311,-28.008,-0.409687,0.432714,-0.161685,10.354
1772223953812551194,2026-02-27 15:25:53.812,0.364633,-8.9075,-27.9831,-0.4091,0.427602,-0.168324,10.355000000000004
1772223953813680969,2026-02-27 15:25:53.813,0.398029,-8.94049,-27.6504,-0.406504,0.422952,-0.178733,10.356000000000009
1772223953814859521,2026-02-27 15:25:53.814,0.522136,-8.95773,-26.7695,-0.404204,0.414914,-0.191829,10.357
1772223953816061605,2026-02-27 15:25:53.816,0.544314,-9.05761,-27.0196,-0.403283,0.406727,-0.194242,10.359000000000009
1772223953817236332,2026-02-27 15:25:53.817,0.571416,-9.04614,-27.4212,-0.401302,0.389267,-0.198656,10.36
1772223953818411818,2026-02-27 15:25:53.818,0.559132,-9.07337,-27.3877,-0.401847,0.378764,-0.201063,10.361000000000004
1772223953819543110,2026-02-27 15:25:53.819,0.426171,-9.02848,-27.3522,-0.402436,0.367914,-0.201006,10.362000000000009
1772223953820674240,2026-02-27 15:25:53.820,0.421426,-8.99413,-27.2912,-0.40062,0.358155,-0.201194,10.363
1772223953821875116,2026-02-27 15:25:53.821,0.343524,-8.99617,-27.2383,-0.400813,0.346049,-0.200518,10.364000000000004
1772223953823075336,2026-02-27 15:25:53.823,0.253688,-8.94995,-28.183,-0.404271,0.333198,-0.1876,10.366
1772223953824266026,2026-02-27 15:25:53.824,0.087148,-8.79587,-27.7566,-0.410408,0.307332,-0.182655,10.367000000000004
1772223953825477701,2026-02-27 15:25:53.825,-0.009542,-8.76941,-27.3356,-0.412649,0.293689,-0.18241,10.36800000000001
1772223953826618220,2026-02-27 15:25:53.826,-0.224654,-8.67471,-27.0739,-0.41335,0.281764,-0.179792,10.369
1772223953827793917,2026-02-27 15:25:53.827,-0.361802,-8.7018,-27.1081,-0.416161,0.266108,-0.175514,10.370000000000005
1772223953828991612,2026-02-27 15:25:53.828,-0.55325,-8.66641,-27.1665,-0.419597,0.252311,-0.170798,10.37100000000001
1772223953830195461,2026-02-27 15:25:53.830,-0.68443,-8.64811,-27.1485,-0.425013,0.237329,-0.165253,10.373000000000005
1772223953831383491,2026-02-27 15:25:53.831,-1.14567,-8.54087,-26.4294,-0.427295,0.212993,-0.162082,10.37400000000001
1772223953832533364,2026-02-27 15:25:53.832,-1.34196,-8.5893,-26.5726,-0.432947,0.201667,-0.156899,10.375
1772223953833664828,2026-02-27 15:25:53.833,-1.46521,-8.57759,-27.2111,-0.435619,0.190279,-0.147235,10.376000000000005
1772223953834842990,2026-02-27 15:25:53.834,-1.63458,-8.54448,-27.6626,-0.437186,0.182081,-0.138095,10.37700000000001
1772223953836039877,2026-02-27 15:25:53.836,-1.77341,-8.59965,-27.6973,-0.440806,0.174477,-0.133541,10.379000000000005
1772223953837224641,2026-02-27 15:25:53.837,-1.9243,-8.55476,-27.8822,-0.440809,0.17145,-0.130711,10.38000000000001
1772223953838401034,2026-02-27 15:25:53.838,-1.91427,-8.55879,-28.3091,-0.442918,0.172264,-0.124603,10.381
1772223953839553575,2026-02-27 15:25:53.839,-1.92395,-8.58454,-29.1196,-0.445947,0.174418,-0.115969,10.382000000000005
1772223953840687157,2026-02-27 15:25:53.840,-1.9685,-8.59977,-28.8051,-0.445704,0.178697,-0.117333,10.38300000000001
1772223953841862448,2026-02-27 15:25:53.841,-2.08131,-8.59264,-28.6952,-0.446128,0.184709,-0.115594,10.384
1772223953843068253,2026-02-27 15:25:53.843,-2.10764,-8.57152,-28.5042,-0.444971,0.191208,-0.116603,10.38600000000001
1772223953844256529,2026-02-27 15:25:53.844,-2.14766,-8.56055,-28.5063,-0.442326,0.199503,-0.116003,10.387
1772223953845432399,2026-02-27 15:25:53.845,-2.19751,-8.57007,-28.5448,-0.44508,0.214911,-0.109882,10.388000000000005
1772223953846583722,2026-02-27 15:25:53.846,-2.27268,-8.60493,-28.6997,-0.445118,0.223678,-0.107939,10.38900000000001
1772223953847720050,2026-02-27 15:25:53.847,-2.3218,-8.57824,-27.7175,-0.444065,0.232353,-0.114725,10.39
1772223953848852203,2026-02-27 15:25:53.848,-2.39332,-8.61489,-28.1445,-0.444208,0.242287,-0.10847,10.391000000000005
1772223953850052712,2026-02-27 15:25:53.850,-2.48585,-8.68859,-28.2201,-0.444535,0.250347,-0.106277,10.393
1772223953851256904,2026-02-27 15:25:53.851,-2.483,-8.6973,-28.7279,-0.445698,0.257139,-0.100068,10.394000000000005
1772223953852444014,2026-02-27 15:25:53.852,-2.61529,-8.85398,-28.9718,-0.450932,0.27032,-0.094112,10.39500000000001
1772223953853593981,2026-02-27 15:25:53.853,-2.68318,-8.8244,-28.9215,-0.450488,0.277177,-0.092414,10.396
1772223953854773693,2026-02-27 15:25:53.854,-2.74413,-8.84863,-28.9322,-0.45236,0.283971,-0.09083,10.397000000000006
1772223953855971292,2026-02-27 15:25:53.855,-2.76455,-8.89026,-29.7891,-0.454867,0.290009,-0.081204,10.39800000000001
1772223953857171520,2026-02-27 15:25:53.857,-2.82943,-8.97878,-29.7925,-0.455226,0.296682,-0.080684,10.400000000000006
1772223953858411639,2026-02-27 15:25:53.858,-2.96388,-9.00293,-29.3175,-0.457719,0.308182,-0.081864,10.40100000000001
1772223953859567357,2026-02-27 15:25:53.859,-2.99651,-9.02571,-29.0293,-0.456229,0.313098,-0.082169,10.402000000000001
1772223953860706137,2026-02-27 15:25:53.860,-3.05548,-9.0493,-29.0298,-0.453535,0.318594,-0.08196,10.403000000000006
1772223953861903908,2026-02-27 15:25:53.861,-3.13087,-9.06303,-29.0023,-0.45666,0.324005,-0.080134,10.40400000000001
1772223953863103727,2026-02-27 15:25:53.863,-3.15116,-9.12614,-29.0701,-0.457124,0.329833,-0.079009,10.406000000000006
1772223953864283127,2026-02-27 15:25:53.864,-3.22511,-9.12805,-28.7011,-0.455487,0.336216,-0.082457,10.40700000000001
1772223953865481455,2026-02-27 15:25:53.865,-3.32022,-9.16993,-28.5016,-0.455852,0.345268,-0.081818,10.408000000000001
1772223953866615046,2026-02-27 15:25:53.866,-3.41215,-9.17076,-28.8129,-0.456727,0.349845,-0.077966,10.409000000000006
1772223953867746734,2026-02-27 15:25:53.867,-3.44685,-9.21931,-29.3096,-0.456263,0.35334,-0.07359,10.41000000000001
1772223953868880386,2026-02-27 15:25:53.868,-3.48314,-9.18657,-29.3385,-0.45188,0.357184,-0.072038,10.411000000000001
1772223953870079917,2026-02-27 15:25:53.870,-3.47856,-9.21151,-29.379,-0.451385,0.360941,-0.071909,10.413000000000011
1772223953871280154,2026-02-27 15:25:53.871,-3.48277,-9.16443,-29.4544,-0.446832,0.364574,-0.072522,10.414000000000001
1772223953872473374,2026-02-27 15:25:53.872,-3.601,-9.24598,-30.4779,-0.451094,0.369411,-0.062759,10.415000000000006
1772223953873609965,2026-02-27 15:25:53.873,-3.56144,-9.24019,-30.0243,-0.445349,0.370631,-0.066271,10.416000000000011
1772223953874788397,2026-02-27 15:25:53.874,-3.59932,-9.25273,-30.1293,-0.446482,0.371892,-0.06593,10.417000000000002
1772223953875963121,2026-02-27 15:25:53.875,-3.67078,-9.23146,-29.5966,-0.444356,0.372692,-0.069609,10.418000000000006
1772223953877162728,2026-02-27 15:25:53.877,-3.67494,-9.23075,-29.4377,-0.442997,0.373044,-0.072059,10.420000000000002
1772223953878338644,2026-02-27 15:25:53.878,-3.71905,-9.2401,-29.4975,-0.441829,0.374476,-0.072282,10.421000000000006
1772223953879522753,2026-02-27 15:25:53.879,-3.72547,-9.25117,-29.4948,-0.439968,0.373299,-0.072654,10.422000000000011
1772223953880654725,2026-02-27 15:25:53.880,-3.74257,-9.1943,-28.581,-0.438365,0.371608,-0.081662,10.423000000000002
1772223953881831941,2026-02-27 15:25:53.881,-3.76164,-9.21473,-28.6301,-0.437266,0.370922,-0.080374,10.424000000000007
1772223953883029827,2026-02-27 15:25:53.883,-3.8001,-9.21049,-28.7052,-0.437934,0.372004,-0.08149,10.426000000000002
1772223953884230215,2026-02-27 15:25:53.884,-3.71795,-9.20246,-29.2841,-0.433379,0.370223,-0.076603,10.427000000000007
1772223953885415677,2026-02-27 15:25:53.885,-3.69048,-9.22914,-29.5912,-0.431967,0.367103,-0.076299,10.428000000000011
1772223953886551564,2026-02-27 15:25:53.886,-3.71138,-9.1818,-29.6756,-0.429424,0.366311,-0.075815,10.429000000000002
1772223953887689470,2026-02-27 15:25:53.887,-3.69377,-9.18918,-29.6868,-0.431062,0.364106,-0.077332,10.430000000000007
1772223953888904417,2026-02-27 15:25:53.888,-3.73526,-9.14528,-30.1618,-0.429656,0.364123,-0.073245,10.431000000000012
1772223953890101874,2026-02-27 15:25:53.890,-3.63729,-9.14586,-30.5974,-0.427063,0.361482,-0.068535,10.433000000000007
1772223953891302759,2026-02-27 15:25:53.891,-3.66929,-9.09606,-30.3865,-0.426023,0.361731,-0.072841,10.434000000000012
1772223953892494454,2026-02-27 15:25:53.892,-3.65197,-9.11878,-29.7077,-0.427267,0.35613,-0.080334,10.435000000000002
1772223953893627836,2026-02-27 15:25:53.893,-3.64367,-9.12285,-29.6543,-0.419466,0.355447,-0.081847,10.436000000000007
1772223953894804145,2026-02-27 15:25:53.894,-3.63958,-9.13782,-29.5962,-0.423142,0.352612,-0.081646,10.437000000000012
1772223953896009157,2026-02-27 15:25:53.896,-3.63117,-9.12373,-29.6096,-0.42108,0.35098,-0.082651,10.439000000000007
1772223953897206526,2026-02-27 15:25:53.897,-3.6338,-9.08879,-29.5622,-0.420174,0.350638,-0.083648,10.440000000000012
1772223953898392119,2026-02-27 15:25:53.898,-3.64442,-9.13636,-28.7535,-0.420275,0.349754,-0.092182,10.441000000000003
1772223953899541112,2026-02-27 15:25:53.899,-3.62336,-9.14565,-29.1868,-0.420758,0.349471,-0.088172,10.442000000000007
1772223953900673112,2026-02-27 15:25:53.900,-3.6335,-9.18609,-29.7204,-0.419893,0.349148,-0.084402,10.443000000000012
1772223953901846310,2026-02-27 15:25:53.901,-3.62698,-9.17252,-29.8536,-0.421781,0.349196,-0.082803,10.444000000000003
1772223953903051742,2026-02-27 15:25:53.903,-3.56619,-9.20822,-29.8872,-0.421928,0.349088,-0.083731,10.446000000000012
1772223953904252262,2026-02-27 15:25:53.904,-3.61184,-9.21392,-29.8708,-0.422042,0.348645,-0.083268,10.447000000000003
1772223953905426054,2026-02-27 15:25:53.905,-3.60084,-9.25534,-29.9059,-0.42522,0.349552,-0.084251,10.448000000000008
1772223953906584808,2026-02-27 15:25:53.906,-3.6474,-9.25987,-30.6301,-0.425861,0.351735,-0.076342,10.449000000000012
1772223953907767321,2026-02-27 15:25:53.907,-3.69567,-9.2676,-30.6517,-0.428902,0.353507,-0.076421,10.450000000000003
1772223953908900706,2026-02-27 15:25:53.908,-3.71872,-9.32668,-30.2172,-0.432451,0.355536,-0.08079,10.451000000000008
1772223953910070157,2026-02-27 15:25:53.910,-3.67228,-9.35819,-30.0205,-0.43318,0.357443,-0.082692,10.453000000000003
1772223953911254202,2026-02-27 15:25:53.911,-3.73905,-9.38991,-30.0458,-0.434471,0.360412,-0.082116,10.454000000000008
1772223953912439931,2026-02-27 15:25:53.912,-3.74946,-9.40636,-30.1082,-0.433621,0.364477,-0.081769,10.455000000000013
1772223953913600347,2026-02-27 15:25:53.913,-3.23948,-9.35069,-29.6503,-0.439971,0.390534,-0.087639,10.456000000000003
1772223953914730220,2026-02-27 15:25:53.914,-2.87342,-9.34934,-29.449,-0.445098,0.411028,-0.089005,10.457000000000008
1772223953915908924,2026-02-27 15:25:53.915,-2.46405,-9.34159,-29.6514,-0.451828,0.433816,-0.087691,10.458000000000013
1772223953917108371,2026-02-27 15:25:53.917,-2.02004,-9.26772,-30.0372,-0.454886,0.455616,-0.082954,10.460000000000008
1772223953918306323,2026-02-27 15:25:53.918,-1.69408,-9.24018,-30.4055,-0.458767,0.476876,-0.078173,10.461000000000013
1772223953919508245,2026-02-27 15:25:53.919,-1.46823,-9.20018,-30.426,-0.46749,0.494171,-0.077451,10.462000000000003
1772223953920651882,2026-02-27 15:25:53.920,-1.22231,-9.16487,-30.3254,-0.464177,0.506536,-0.079127,10.463000000000008
1772223953921849929,2026-02-27 15:25:53.921,-1.66945,-9.60955,-27.5484,-0.445924,0.435576,-0.113947,10.463999999999999
1772223953923051499,2026-02-27 15:25:53.923,-1.96128,-9.4752,-22.9812,-0.44657,0.262241,-0.136164,10.466000000000008
1772223953924251743,2026-02-27 15:25:53.924,-1.0663,-9.26243,-17.2393,-0.443952,0.107583,-0.181433,10.466999999999999
1772223953925425508,2026-02-27 15:25:53.925,0.075398,-9.37431,-16.7672,-0.468691,0.080315,-0.228131,10.468000000000004
1772223953926589254,2026-02-27 15:25:53.926,-0.170743,-9.52024,-9.93183,-0.458381,-0.018668,-0.302062,10.469000000000008
1772223953927743511,2026-02-27 15:25:53.927,-0.154568,-9.5723,-8.02348,-0.461832,-0.057855,-0.34966,10.469999999999999
1772223953928938977,2026-02-27 15:25:53.928,-0.404101,-9.50346,-5.54643,-0.43979,-0.050212,-0.379164,10.471000000000004
1772223953930134288,2026-02-27 15:25:53.930,-0.587966,-9.33307,-4.66412,-0.425761,-0.060643,-0.38337,10.472999999999999
1772223953931332530,2026-02-27 15:25:53.931,-0.765724,-9.00736,-3.93978,-0.427497,-0.043902,-0.382123,10.474000000000004
1772223953932525419,2026-02-27 15:25:53.932,-0.626944,-8.74452,-4.95147,-0.399426,-0.001556,-0.361089,10.475000000000009
1772223953933671039,2026-02-27 15:25:53.933,-0.838475,-8.42049,-5.188,-0.408766,-0.010319,-0.351161,10.475999999999999
1772223953934888552,2026-02-27 15:25:53.934,-0.812024,-8.27068,-5.47715,-0.393883,-0.01852,-0.346761,10.477000000000004
1772223953936083912,2026-02-27 15:25:53.936,-0.769702,-8.18529,-5.00837,-0.398257,-0.028236,-0.356679,10.479
1772223953937279681,2026-02-27 15:25:53.937,-0.956367,-8.21137,-3.44018,-0.384394,-0.020051,-0.362389,10.480000000000004
1772223953938497482,2026-02-27 15:25:53.938,-0.76788,-8.24877,-3.09074,-0.369931,-0.015037,-0.36765,10.481000000000009
1772223953939645165,2026-02-27 15:25:53.939,-0.351613,-8.14007,-3.92101,-0.395954,-0.039303,-0.37573,10.482
1772223953940863217,2026-02-27 15:25:53.940,0.864131,-8.23475,-2.83809,-0.370974,-0.005991,-0.404901,10.483000000000004
1772223953942072933,2026-02-27 15:25:53.942,0.888472,-8.50957,-0.472693,-0.345213,0.026677,-0.415244,10.485
1772223953943288416,2026-02-27 15:25:53.943,1.28267,-8.68851,-0.403205,-0.348367,0.012079,-0.425415,10.486000000000004
1772223953944637897,2026-02-27 15:25:53.944,1.40483,-8.85322,1.26944,-0.337519,0.024007,-0.433788,10.487000000000009
1772223953945852214,2026-02-27 15:25:53.945,2.79965,-9.01463,3.07571,-0.335609,0.020394,-0.456864,10.488
1772223953947049422,2026-02-27 15:25:53.947,3.35995,-9.03762,4.69533,-0.326006,0.031904,-0.468449,10.490000000000009
1772223953948244975,2026-02-27 15:25:53.948,3.76823,-9.1512,6.31687,-0.321798,0.04107,-0.481141,10.491
1772223953949444226,2026-02-27 15:25:53.949,4.1803,-9.26582,6.0728,-0.31538,0.055395,-0.485498,10.492000000000004
1772223953950685665,2026-02-27 15:25:53.950,4.59432,-9.29372,5.1956,-0.320436,0.055857,-0.497025,10.49300000000001
1772223953951904946,2026-02-27 15:25:53.951,5.26877,-9.30699,2.75964,-0.333533,0.045662,-0.522804,10.494
1772223953953105136,2026-02-27 15:25:53.953,5.46554,-9.34418,1.71945,-0.337787,0.027338,-0.5355,10.49600000000001
1772223953954300012,2026-02-27 15:25:53.954,5.57073,-9.33255,0.330043,-0.3536,0.01321,-0.54541,10.497
1772223953955641994,2026-02-27 15:25:53.955,5.39064,-9.41294,-0.700152,-0.363681,-0.005153,-0.551623,10.498000000000005
1772223953956858522,2026-02-27 15:25:53.956,4.99685,-9.55399,-2.1694,-0.373415,-0.041203,-0.554086,10.49900000000001
1772223953958054539,2026-02-27 15:25:53.958,4.82281,-9.64418,-2.07436,-0.379548,-0.045677,-0.550842,10.501000000000005
1772223953959181612,2026-02-27 15:25:53.959,4.53782,-9.7433,-1.59407,-0.383835,-0.03526,-0.547083,10.50200000000001
1772223953960365407,2026-02-27 15:25:53.960,4.42094,-9.71213,-1.45345,-0.380279,-0.031595,-0.540494,10.503
1772223953961568482,2026-02-27 15:25:53.961,4.21904,-9.66204,-1.62464,-0.380957,-0.029234,-0.536651,10.504000000000005
1772223953962698873,2026-02-27 15:25:53.962,3.99882,-9.55956,-2.01704,-0.375187,-0.031607,-0.533112,10.50500000000001
1772223953963868647,2026-02-27 15:25:53.963,3.91556,-9.60681,-0.849179,-0.370837,-0.037896,-0.540591,10.506
1772223953965063311,2026-02-27 15:25:53.965,3.8951,-9.44887,-2.02434,-0.382906,-0.044672,-0.545778,10.50800000000001
1772223953966257580,2026-02-27 15:25:53.966,3.7585,-9.40811,-2.85163,-0.392973,-0.050706,-0.551381,10.509
1772223953967471439,2026-02-27 15:25:53.967,3.61623,-9.31918,-3.804,-0.394101,-0.062419,-0.549916,10.510000000000005
1772223953968701964,2026-02-27 15:25:53.968,3.43683,-9.28187,-3.78445,-0.388403,-0.082331,-0.547443,10.51100000000001
1772223953969869537,2026-02-27 15:25:53.969,3.38422,-9.27234,-3.81903,-0.388767,-0.090173,-0.548812,10.512
1772223953971067269,2026-02-27 15:25:53.971,3.39074,-9.14496,-4.2258,-0.386308,-0.087919,-0.548739,10.51400000000001
1772223953972261866,2026-02-27 15:25:53.972,3.35468,-9.00043,-5.06569,-0.390099,-0.089885,-0.545308,10.515
1772223953973471797,2026-02-27 15:25:53.973,3.25216,-8.92099,-5.82854,-0.390903,-0.099822,-0.541436,10.516000000000005
1772223953974562534,2026-02-27 15:25:53.974,3.19355,-8.85311,-5.47245,-0.387537,-0.112296,-0.546466,10.51700000000001
1772223953975695882,2026-02-27 15:25:53.975,3.36196,-8.74041,-5.28724,-0.387088,-0.132964,-0.556332,10.518
1772223953976922527,2026-02-27 15:25:53.976,3.28582,-8.5883,-5.91078,-0.393382,-0.136894,-0.558331,10.519000000000005
1772223953978121523,2026-02-27 15:25:53.978,3.16288,-8.53533,-6.25452,-0.392959,-0.145287,-0.559355,10.521
1772223953979316837,2026-02-27 15:25:53.979,3.10911,-8.44796,-6.25029,-0.396709,-0.160198,-0.560838,10.522000000000006
1772223953980527059,2026-02-27 15:25:53.980,3.06609,-8.4368,-6.4224,-0.396105,-0.172531,-0.563055,10.52300000000001
1772223953981697311,2026-02-27 15:25:53.981,3.08603,-8.36013,-5.65515,-0.398906,-0.179304,-0.571743,10.524000000000001
1772223953982909410,2026-02-27 15:25:53.982,3.08389,-8.31823,-6.24501,-0.395898,-0.192851,-0.569002,10.525000000000006
1772223953984105190,2026-02-27 15:25:53.984,3.14415,-8.26914,-6.96317,-0.396654,-0.202107,-0.565225,10.527000000000001
1772223953985299768,2026-02-27 15:25:53.985,3.12075,-8.24587,-7.2528,-0.398836,-0.208136,-0.56809,10.528000000000006
1772223953986507843,2026-02-27 15:25:53.986,3.15193,-8.25018,-7.36236,-0.402744,-0.217458,-0.570463,10.52900000000001
1772223953987638241,2026-02-27 15:25:53.987,3.19502,-8.23703,-7.35042,-0.40291,-0.232532,-0.575805,10.530000000000001
1772223953988792785,2026-02-27 15:25:53.988,3.17657,-8.28757,-8.06371,-0.409012,-0.244682,-0.573385,10.531000000000006
1772223953989991843,2026-02-27 15:25:53.989,3.31371,-8.30914,-7.96931,-0.412429,-0.252355,-0.58171,10.53200000000001
1772223953991188603,2026-02-27 15:25:53.991,3.29201,-8.34446,-8.12707,-0.413653,-0.25393,-0.585864,10.534000000000006
1772223953992368952,2026-02-27 15:25:53.992,3.34487,-8.2448,-8.207,-0.419659,-0.253016,-0.589441,10.53500000000001
1772223953993559850,2026-02-27 15:25:53.993,3.34378,-8.18522,-8.57503,-0.418634,-0.247132,-0.589036,10.536000000000001
1772223953994690960,2026-02-27 15:25:53.994,3.31968,-7.95967,-9.12917,-0.410227,-0.251353,-0.578713,10.537000000000006
1772223953995858584,2026-02-27 15:25:53.995,3.31162,-7.91132,-9.25855,-0.409645,-0.257548,-0.577794,10.538000000000011
1772223953997053379,2026-02-27 15:25:53.997,3.29209,-7.87811,-8.56421,-0.408622,-0.263625,-0.584532,10.540000000000006
1772223953998247983,2026-02-27 15:25:53.998,3.31026,-7.80348,-8.01494,-0.408248,-0.267376,-0.590756,10.541000000000011
1772223953999444674,2026-02-27 15:25:53.999,3.27161,-7.89358,-7.72675,-0.408247,-0.281872,-0.594893,10.542000000000002
1772223954000575457,2026-02-27 15:25:54.000,3.3486,-7.97128,-7.63906,-0.410643,-0.293633,-0.596087,10.543000000000006
1772223954001706925,2026-02-27 15:25:54.001,3.88359,-7.9608,-9.04269,-0.408374,-0.272991,-0.587809,10.544000000000011
1772223954002876379,2026-02-27 15:25:54.002,3.927,-7.86262,-9.50097,-0.397439,-0.263403,-0.575773,10.545000000000002
1772223954004071548,2026-02-27 15:25:54.004,3.9527,-7.73917,-10.0294,-0.389305,-0.263732,-0.566011,10.547000000000011
1772223954005271094,2026-02-27 15:25:54.005,3.96445,-7.5467,-10.3614,-0.380692,-0.271952,-0.55853,10.548000000000002
1772223954006480779,2026-02-27 15:25:54.006,4.01251,-7.48741,-11.3111,-0.377646,-0.281172,-0.547099,10.549000000000007
1772223954007615825,2026-02-27 15:25:54.007,4.12316,-7.46012,-10.9587,-0.374247,-0.277665,-0.550565,10.550000000000011
1772223954008746242,2026-02-27 15:25:54.008,4.30101,-7.60326,-10.0646,-0.375164,-0.287539,-0.553114,10.551000000000002
1772223954009948820,2026-02-27 15:25:54.009,4.36566,-7.64054,-10.0194,-0.373084,-0.287555,-0.550326,10.552000000000007
1772223954011148521,2026-02-27 15:25:54.011,4.26906,-7.55507,-10.4163,-0.371495,-0.293612,-0.546047,10.554000000000002
1772223954012344568,2026-02-27 15:25:54.012,4.1631,-7.50398,-10.7949,-0.370188,-0.306177,-0.54168,10.555000000000007
1772223954013556526,2026-02-27 15:25:54.013,3.97045,-7.43814,-11.0117,-0.370174,-0.317305,-0.537429,10.556000000000012
1772223954014687962,2026-02-27 15:25:54.014,3.79494,-7.22502,-11.1187,-0.362621,-0.333542,-0.534094,10.557000000000002
1772223954015856277,2026-02-27 15:25:54.015,3.80721,-7.2093,-11.204,-0.358359,-0.336591,-0.53016,10.558000000000007
1772223954017054633,2026-02-27 15:25:54.017,3.91491,-7.1356,-12.0223,-0.35601,-0.335279,-0.519709,10.560000000000002
1772223954018252058,2026-02-27 15:25:54.018,3.96535,-7.02749,-12.5535,-0.351518,-0.335131,-0.509627,10.561000000000007
1772223954019478154,2026-02-27 15:25:54.019,4.04294,-6.96291,-12.7067,-0.345554,-0.329012,-0.50093,10.562000000000012
1772223954020579246,2026-02-27 15:25:54.020,4.11106,-6.9446,-12.7752,-0.341894,-0.332827,-0.493174,10.563000000000002
1772223954021710702,2026-02-27 15:25:54.021,4.24019,-6.79142,-13.2959,-0.3384,-0.336597,-0.475166,10.564000000000007
1772223954022880357,2026-02-27 15:25:54.022,4.33332,-6.78664,-13.8499,-0.335231,-0.339572,-0.464731,10.565000000000012
1772223954024076788,2026-02-27 15:25:54.024,4.40736,-6.7091,-13.6287,-0.333968,-0.342349,-0.46091,10.567000000000007
1772223954025208091,2026-02-27 15:25:54.025,4.44993,-6.67792,-13.3109,-0.333031,-0.346899,-0.459587,10.568000000000012
1772223954026433102,2026-02-27 15:25:54.026,4.52117,-6.64414,-12.9609,-0.333352,-0.353155,-0.456979,10.569000000000003
1772223954027567859,2026-02-27 15:25:54.027,4.50787,-6.63321,-12.5065,-0.334292,-0.366701,-0.455251,10.570000000000007
1772223954028700451,2026-02-27 15:25:54.028,4.62451,-6.6605,-11.8557,-0.337259,-0.395043,-0.45568,10.571000000000012
1772223954029851036,2026-02-27 15:25:54.029,4.62016,-6.69512,-11.3293,-0.338727,-0.40508,-0.458704,10.572000000000003
1772223954031050660,2026-02-27 15:25:54.031,4.63612,-6.64801,-10.0517,-0.33972,-0.413912,-0.467484,10.574000000000012
1772223954032246140,2026-02-27 15:25:54.032,4.68293,-6.70949,-10.1335,-0.340827,-0.423518,-0.464478,10.575000000000003
1772223954033441011,2026-02-27 15:25:54.033,4.67448,-6.69446,-9.80345,-0.343953,-0.431066,-0.465518,10.576000000000008
1772223954034561909,2026-02-27 15:25:54.034,4.74545,-6.72217,-9.97025,-0.341561,-0.438962,-0.461652,10.577000000000012
1772223954035692078,2026-02-27 15:25:54.035,4.68878,-6.64888,-9.86302,-0.345348,-0.443906,-0.463021,10.578000000000003
1772223954036854969,2026-02-27 15:25:54.036,4.79888,-6.70885,-9.04551,-0.339658,-0.46005,-0.466364,10.579000000000008
1772223954038054402,2026-02-27 15:25:54.038,4.80908,-6.72154,-8.71669,-0.338734,-0.467318,-0.466922,10.581000000000003
1772223954039249921,2026-02-27 15:25:54.039,4.7927,-6.74745,-9.15196,-0.341089,-0.4744,-0.459848,10.582000000000008
1772223954040450018,2026-02-27 15:25:54.040,4.89034,-6.69441,-8.58469,-0.34045,-0.48357,-0.465605,10.583000000000013
1772223954041568682,2026-02-27 15:25:54.041,4.83729,-6.76848,-8.20561,-0.338721,-0.492045,-0.467807,10.584000000000003
1772223954042696703,2026-02-27 15:25:54.042,4.8453,-6.69975,-7.26534,-0.33965,-0.49997,-0.474846,10.585000000000008
1772223954043840285,2026-02-27 15:25:54.043,4.85756,-6.76693,-6.21022,-0.337623,-0.518997,-0.48402,10.586000000000013
1772223954045027059,2026-02-27 15:25:54.045,4.89282,-6.80979,-5.86961,-0.340739,-0.527535,-0.48659,10.588000000000008
1772223954046219428,2026-02-27 15:25:54.046,4.84849,-6.85786,-5.62141,-0.339779,-0.53465,-0.490599,10.588999999999999
1772223954047412106,2026-02-27 15:25:54.047,4.8971,-6.81399,-4.60643,-0.339156,-0.542391,-0.499526,10.590000000000003
1772223954048561565,2026-02-27 15:25:54.048,4.84922,-6.81279,-4.21983,-0.337193,-0.547912,-0.502792,10.591000000000008
1772223954049688784,2026-02-27 15:25:54.049,4.82503,-6.81111,-4.15853,-0.335598,-0.550666,-0.502883,10.591999999999999
1772223954050844314,2026-02-27 15:25:54.050,4.8168,-6.76961,-4.64319,-0.331305,-0.550011,-0.493858,10.593000000000004
1772223954052039311,2026-02-27 15:25:54.052,4.82407,-6.75807,-4.65285,-0.332496,-0.561148,-0.499059,10.594999999999999
1772223954053235681,2026-02-27 15:25:54.053,4.8835,-6.73442,-4.4333,-0.336057,-0.568385,-0.504906,10.596000000000004
1772223954054434811,2026-02-27 15:25:54.054,4.85506,-6.75888,-4.22533,-0.334914,-0.575193,-0.508935,10.597000000000008
1772223954055560318,2026-02-27 15:25:54.055,4.85327,-6.7735,-4.35649,-0.333761,-0.575218,-0.507495,10.597999999999999
1772223954056689129,2026-02-27 15:25:54.056,4.88874,-6.82146,-5.11157,-0.332957,-0.576234,-0.500877,10.599000000000004
1772223954057846938,2026-02-27 15:25:54.057,4.90814,-6.68922,-4.49449,-0.331205,-0.57438,-0.504738,10.600000000000009
1772223954059025678,2026-02-27 15:25:54.059,4.96269,-6.6722,-4.23598,-0.330938,-0.574793,-0.506742,10.602000000000004
1772223954060204023,2026-02-27 15:25:54.060,4.99037,-6.59195,-4.07779,-0.32963,-0.57339,-0.508969,10.603000000000009
1772223954061377948,2026-02-27 15:25:54.061,4.94042,-6.61586,-4.08015,-0.332134,-0.571267,-0.508826,10.604
1772223954062558579,2026-02-27 15:25:54.062,4.97141,-6.52286,-4.17976,-0.329494,-0.567565,-0.508848,10.605000000000004
1772223954063685000,2026-02-27 15:25:54.063,4.98827,-6.53311,-4.32391,-0.328915,-0.566933,-0.508512,10.606000000000009
1772223954064867752,2026-02-27 15:25:54.064,5.00324,-6.4703,-3.78575,-0.328611,-0.56146,-0.512751,10.607
1772223954066047686,2026-02-27 15:25:54.066,4.97899,-6.42705,-3.85478,-0.328686,-0.558322,-0.511518,10.609000000000009
1772223954067225776,2026-02-27 15:25:54.067,5.02038,-6.36932,-4.47763,-0.328056,-0.555194,-0.506334,10.61
1772223954068405792,2026-02-27 15:25:54.068,5.0477,-6.35279,-4.80227,-0.330257,-0.553528,-0.503387,10.611000000000004
1772223954069545221,2026-02-27 15:25:54.069,5.02707,-6.31394,-4.83043,-0.331318,-0.549058,-0.502177,10.612000000000009
1772223954070672498,2026-02-27 15:25:54.070,5.06856,-6.25859,-4.91909,-0.328297,-0.546271,-0.500702,10.613
1772223954071819035,2026-02-27 15:25:54.071,5.09189,-6.2118,-5.87864,-0.328517,-0.538348,-0.490662,10.614000000000004
1772223954072997996,2026-02-27 15:25:54.072,5.11386,-6.12779,-6.03102,-0.328912,-0.535843,-0.48905,10.615000000000009
1772223954074171979,2026-02-27 15:25:54.074,5.10643,-6.11362,-5.96143,-0.330441,-0.531315,-0.487177,10.617000000000004
1772223954075345173,2026-02-27 15:25:54.075,5.11606,-6.07829,-5.57622,-0.328116,-0.526843,-0.489746,10.61800000000001
1772223954076564302,2026-02-27 15:25:54.076,5.07815,-6.0468,-5.31532,-0.330498,-0.522645,-0.489248,10.619
1772223954077828961,2026-02-27 15:25:54.077,5.05278,-5.98788,-5.2813,-0.330444,-0.518724,-0.488173,10.620000000000005
1772223954079004255,2026-02-27 15:25:54.079,5.05058,-5.91627,-5.40939,-0.324798,-0.509134,-0.483529,10.622
1772223954080177157,2026-02-27 15:25:54.080,5.0553,-5.91047,-5.03351,-0.326924,-0.50512,-0.484921,10.623000000000005
1772223954081352131,2026-02-27 15:25:54.081,5.03504,-5.80862,-4.50175,-0.325124,-0.500521,-0.488223,10.62400000000001
1772223954082540556,2026-02-27 15:25:54.082,5.03122,-5.72952,-4.92589,-0.324379,-0.494372,-0.482293,10.625
1772223954083667946,2026-02-27 15:25:54.083,4.98753,-5.67389,-5.15481,-0.322189,-0.490921,-0.478311,10.626000000000005
1772223954084826888,2026-02-27 15:25:54.084,5.02187,-5.66377,-5.6835,-0.319624,-0.486542,-0.471794,10.62700000000001
1772223954086014660,2026-02-27 15:25:54.086,4.93957,-5.64165,-5.81489,-0.318671,-0.479195,-0.467198,10.629000000000005
1772223954087188252,2026-02-27 15:25:54.087,4.89704,-5.57262,-5.72994,-0.318587,-0.475139,-0.464585,10.63000000000001
1772223954088361121,2026-02-27 15:25:54.088,4.88525,-5.5216,-5.74282,-0.317939,-0.470955,-0.462471,10.631
1772223954089552117,2026-02-27 15:25:54.089,4.92288,-5.6063,-6.7677,-0.315849,-0.469162,-0.451766,10.632000000000005
1772223954090678766,2026-02-27 15:25:54.090,4.87716,-5.52098,-6.32789,-0.315863,-0.465299,-0.453645,10.63300000000001
1772223954091809377,2026-02-27 15:25:54.091,4.85163,-5.44639,-6.36533,-0.315082,-0.460208,-0.450893,10.634
1772223954093001752,2026-02-27 15:25:54.093,4.84174,-5.41681,-5.74796,-0.313464,-0.455613,-0.451634,10.63600000000001
1772223954094195964,2026-02-27 15:25:54.094,4.77001,-5.41362,-5.78226,-0.312591,-0.451458,-0.449518,10.637
1772223954095369341,2026-02-27 15:25:54.095,4.73827,-5.40025,-5.83702,-0.309972,-0.447432,-0.447179,10.638000000000005
1772223954096544103,2026-02-27 15:25:54.096,4.74283,-5.37235,-5.83427,-0.311423,-0.445265,-0.444451,10.63900000000001
1772223954097669824,2026-02-27 15:25:54.097,4.70098,-5.3582,-4.93851,-0.309845,-0.441656,-0.450567,10.64
1772223954098821044,2026-02-27 15:25:54.098,4.65519,-5.33399,-5.02423,-0.308503,-0.439004,-0.446742,10.641000000000005
1772223954099990306,2026-02-27 15:25:54.099,4.62169,-5.33576,-5.67902,-0.30748,-0.43255,-0.436694,10.64200000000001
1772223954101165558,2026-02-27 15:25:54.101,4.61092,-5.31684,-5.97885,-0.306172,-0.428209,-0.431114,10.644000000000005
1772223954102340401,2026-02-27 15:25:54.102,4.63186,-5.31689,-6.05219,-0.306814,-0.424876,-0.429093,10.64500000000001
1772223954103531951,2026-02-27 15:25:54.103,4.61465,-5.32485,-6.11164,-0.30564,-0.423251,-0.42613,10.646
1772223954104665652,2026-02-27 15:25:54.104,4.60416,-5.27434,-6.0519,-0.306624,-0.41923,-0.422727,10.647000000000006
1772223954105865943,2026-02-27 15:25:54.105,4.63959,-5.21383,-6.56502,-0.305018,-0.415519,-0.415543,10.64800000000001
1772223954107033572,2026-02-27 15:25:54.107,4.54139,-5.18063,-6.85673,-0.303428,-0.408416,-0.408227,10.650000000000006
1772223954108208207,2026-02-27 15:25:54.108,4.49199,-5.17424,-6.63038,-0.301455,-0.405063,-0.408506,10.65100000000001
1772223954109378406,2026-02-27 15:25:54.109,4.52428,-5.15014,-6.30554,-0.303123,-0.401416,-0.408208,10.652000000000001
1772223954110566395,2026-02-27 15:25:54.110,4.50383,-5.15979,-6.17335,-0.300936,-0.398099,-0.406424,10.653000000000006
1772223954111702226,2026-02-27 15:25:54.111,4.47801,-5.08305,-6.27206,-0.300155,-0.394146,-0.403688,10.65400000000001
1772223954112916110,2026-02-27 15:25:54.112,4.44604,-5.06743,-6.31123,-0.298508,-0.391432,-0.400699,10.655000000000001
1772223954114086315,2026-02-27 15:25:54.114,4.41903,-5.01774,-5.2871,-0.296657,-0.384058,-0.404435,10.65700000000001
1772223954115275032,2026-02-27 15:25:54.115,4.3593,-5.00309,-5.86047,-0.29713,-0.379087,-0.397745,10.658000000000001
1772223954116480271,2026-02-27 15:25:54.116,4.3574,-5.0224,-5.94603,-0.295372,-0.375684,-0.393757,10.659000000000006
1772223954117612014,2026-02-27 15:25:54.117,4.36773,-4.97984,-6.43722,-0.295869,-0.372531,-0.38702,10.66000000000001
1772223954118802504,2026-02-27 15:25:54.118,4.35458,-4.9596,-6.7084,-0.29356,-0.368396,-0.382679,10.661000000000001
1772223954119974176,2026-02-27 15:25:54.119,4.30183,-4.93518,-6.76684,-0.293819,-0.363541,-0.379969,10.662000000000006
1772223954121141762,2026-02-27 15:25:54.121,4.24469,-4.91308,-6.82399,-0.291531,-0.354888,-0.374056,10.664000000000001
1772223954122336336,2026-02-27 15:25:54.122,4.18756,-4.92218,-7.91785,-0.293311,-0.355043,-0.362706,10.665000000000006
1772223954123544190,2026-02-27 15:25:54.123,3.99326,-4.85625,-7.85146,-0.294142,-0.356004,-0.36103,10.666000000000011
1772223954124676835,2026-02-27 15:25:54.124,3.79525,-4.7851,-7.89922,-0.294019,-0.358283,-0.35745,10.667000000000002
1772223954125886764,2026-02-27 15:25:54.125,3.54787,-4.78487,-7.5377,-0.294311,-0.362673,-0.360681,10.668000000000006
1772223954127061421,2026-02-27 15:25:54.127,3.08271,-4.78011,-7.53285,-0.291791,-0.371643,-0.359797,10.670000000000002
1772223954128237343,2026-02-27 15:25:54.128,2.83967,-4.79933,-7.66321,-0.290059,-0.373971,-0.359242,10.671000000000006
1772223954129433137,2026-02-27 15:25:54.129,2.66316,-4.82396,-7.81713,-0.291197,-0.376513,-0.358158,10.672000000000011
1772223954130570741,2026-02-27 15:25:54.130,2.51394,-4.88744,-7.32261,-0.293995,-0.377636,-0.362789,10.673000000000002
1772223954131698647,2026-02-27 15:25:54.131,2.41207,-4.86441,-7.02576,-0.290015,-0.376247,-0.364628,10.674000000000007
1772223954132873067,2026-02-27 15:25:54.132,2.33128,-4.88452,-7.34541,-0.290346,-0.374486,-0.362667,10.675000000000011
1772223954134044875,2026-02-27 15:25:54.134,2.25368,-4.90441,-7.83223,-0.292049,-0.373066,-0.356978,10.677000000000007
1772223954135220610,2026-02-27 15:25:54.135,2.2255,-4.89386,-8.43672,-0.291833,-0.366812,-0.351611,10.678000000000011
1772223954136414611,2026-02-27 15:25:54.136,2.21786,-4.8288,-8.42417,-0.29269,-0.362789,-0.350361,10.679000000000002
1772223954137559778,2026-02-27 15:25:54.137,2.26382,-4.84889,-8.62849,-0.293736,-0.355996,-0.349994,10.680000000000007
1772223954138685631,2026-02-27 15:25:54.138,2.31543,-4.83549,-8.66304,-0.294557,-0.351519,-0.347556,10.681000000000012
1772223954139857588,2026-02-27 15:25:54.139,2.43012,-4.8731,-9.72094,-0.295889,-0.345119,-0.337883,10.682000000000002
1772223954141040135,2026-02-27 15:25:54.141,2.61341,-4.81046,-9.27791,-0.297,-0.338318,-0.339542,10.684000000000012
1772223954142170414,2026-02-27 15:25:54.142,2.83027,-4.74814,-8.97383,-0.299008,-0.322312,-0.341455,10.685000000000002
1772223954143380110,2026-02-27 15:25:54.143,2.95931,-4.77236,-8.90287,-0.298262,-0.312955,-0.342267,10.686000000000007
1772223954144570242,2026-02-27 15:25:54.144,3.1486,-4.67924,-8.98868,-0.297652,-0.304778,-0.340772,10.687000000000012
1772223954145701334,2026-02-27 15:25:54.145,3.31398,-4.70698,-9.02726,-0.299182,-0.295802,-0.340429,10.688000000000002
1772223954146873609,2026-02-27 15:25:54.146,3.43286,-4.67185,-9.07305,-0.300695,-0.288113,-0.339154,10.689000000000007
1772223954148045354,2026-02-27 15:25:54.148,3.56124,-4.64816,-8.23678,-0.298094,-0.280375,-0.347999,10.691000000000003
1772223954149213811,2026-02-27 15:25:54.149,3.76625,-4.60628,-8.80189,-0.296583,-0.26506,-0.344544,10.692000000000007
1772223954150409645,2026-02-27 15:25:54.150,3.80904,-4.60251,-9.42788,-0.295672,-0.259734,-0.338778,10.693000000000012
1772223954151569558,2026-02-27 15:25:54.151,3.86934,-4.59293,-9.93315,-0.295934,-0.254895,-0.335959,10.694000000000003
1772223954152698514,2026-02-27 15:25:54.152,3.96813,-4.60504,-10.0522,-0.297169,-0.252126,-0.336155,10.695000000000007
1772223954153897479,2026-02-27 15:25:54.153,3.97444,-4.61287,-10.165,-0.297565,-0.248893,-0.334359,10.696000000000012
1772223954155072220,2026-02-27 15:25:54.155,3.98763,-4.62186,-10.3196,-0.30122,-0.247532,-0.332632,10.698000000000008
1772223954156264070,2026-02-27 15:25:54.156,3.98574,-4.67331,-11.6046,-0.301562,-0.241073,-0.322791,10.699000000000012
1772223954157473857,2026-02-27 15:25:54.157,3.94473,-4.6198,-11.5862,-0.301567,-0.238579,-0.322552,10.700000000000003
1772223954158601803,2026-02-27 15:25:54.158,4.02185,-4.61825,-11.2609,-0.303941,-0.237965,-0.325465,10.701000000000008
1772223954159733802,2026-02-27 15:25:54.159,4.02402,-4.60575,-11.1252,-0.304444,-0.236815,-0.327549,10.702000000000012
1772223954160911693,2026-02-27 15:25:54.160,4.02739,-4.67489,-11.1343,-0.305217,-0.236738,-0.329319,10.703000000000003
1772223954162087070,2026-02-27 15:25:54.162,3.98804,-4.71835,-11.2017,-0.306895,-0.236464,-0.328543,10.705000000000013
1772223954163257118,2026-02-27 15:25:54.163,4.06028,-4.71181,-11.167,-0.311248,-0.236478,-0.330788,10.706000000000003
1772223954164474152,2026-02-27 15:25:54.164,4.06952,-4.70668,-10.4204,-0.312625,-0.23526,-0.335979,10.707000000000008
1772223954165607320,2026-02-27 15:25:54.165,4.07702,-4.75833,-10.9766,-0.312465,-0.234939,-0.331835,10.708000000000013
1772223954166735650,2026-02-27 15:25:54.166,4.13528,-4.76045,-11.1721,-0.316013,-0.233508,-0.329937,10.709000000000003
1772223954167909721,2026-02-27 15:25:54.167,4.13408,-4.80671,-11.7185,-0.31877,-0.233223,-0.324344,10.710000000000008
1772223954169093991,2026-02-27 15:25:54.169,4.07942,-4.8097,-11.975,-0.317954,-0.23109,-0.322548,10.712000000000003
1772223954170265056,2026-02-27 15:25:54.170,4.09375,-4.88693,-12.1185,-0.322417,-0.228865,-0.319387,10.713000000000008
1772223954171489220,2026-02-27 15:25:54.171,4.10752,-4.84753,-12.25,-0.32021,-0.226642,-0.317724,10.713999999999999
1772223954172620604,2026-02-27 15:25:54.172,4.17182,-4.91392,-13.2756,-0.322824,-0.225455,-0.307115,10.715000000000003
1772223954173801237,2026-02-27 15:25:54.173,4.14327,-4.91644,-13.1013,-0.323476,-0.224491,-0.308954,10.716000000000008
1772223954175000543,2026-02-27 15:25:54.175,4.14975,-4.95554,-13.1971,-0.325072,-0.222621,-0.306744,10.718000000000004
1772223954176190928,2026-02-27 15:25:54.176,4.17128,-5.03942,-12.5474,-0.331636,-0.221857,-0.309797,10.719000000000008
1772223954177392578,2026-02-27 15:25:54.177,4.15648,-5.03153,-12.6584,-0.330663,-0.220788,-0.308346,10.719999999999999
1772223954178564216,2026-02-27 15:25:54.178,4.17265,-5.06107,-12.7302,-0.329893,-0.218084,-0.306513,10.721000000000004
1772223954179700623,2026-02-27 15:25:54.179,4.16306,-5.12235,-12.8266,-0.331671,-0.21728,-0.304294,10.722000000000008
1772223954180893420,2026-02-27 15:25:54.180,4.19831,-5.13171,-11.9873,-0.332427,-0.217075,-0.311137,10.722999999999999
1772223954182093734,2026-02-27 15:25:54.182,4.15051,-5.16881,-11.9574,-0.332451,-0.217749,-0.309609,10.725000000000009
1772223954183266537,2026-02-27 15:25:54.183,4.23208,-5.22872,-12.6396,-0.338478,-0.217973,-0.301857,10.725999999999999
1772223954184487485,2026-02-27 15:25:54.184,4.22124,-5.27514,-13.0785,-0.336339,-0.214126,-0.296791,10.727000000000004
1772223954185617240,2026-02-27 15:25:54.185,4.21136,-5.25572,-13.1515,-0.336895,-0.211692,-0.294941,10.728000000000009
1772223954186917821,2026-02-27 15:25:54.186,4.21399,-5.3424,-13.2146,-0.337864,-0.2097,-0.291444,10.729
1772223954188118703,2026-02-27 15:25:54.188,4.17234,-5.35452,-13.2056,-0.338345,-0.207291,-0.289759,10.731000000000009
1772223954189288920,2026-02-27 15:25:54.189,4.17734,-5.40365,-14.2718,-0.340973,-0.204868,-0.276157,10.732
1772223954190504815,2026-02-27 15:25:54.190,4.17269,-5.389,-13.8842,-0.341131,-0.202748,-0.276182,10.733000000000004
1772223954191638776,2026-02-27 15:25:54.191,4.20075,-5.39171,-13.838,-0.339785,-0.201082,-0.276811,10.734000000000009
1772223954192829496,2026-02-27 15:25:54.192,4.16989,-5.42886,-13.5725,-0.340031,-0.19826,-0.276928,10.735
1772223954194031121,2026-02-27 15:25:54.194,4.12763,-5.40925,-13.4549,-0.340259,-0.195051,-0.276241,10.737000000000009
1772223954195205552,2026-02-27 15:25:54.195,4.09059,-5.4556,-13.4737,-0.343265,-0.193614,-0.273563,10.738
1772223954196396886,2026-02-27 15:25:54.196,4.09009,-5.50305,-13.4822,-0.344268,-0.194807,-0.272315,10.739000000000004
1772223954197566296,2026-02-27 15:25:54.197,4.03778,-5.49833,-12.6021,-0.344388,-0.192048,-0.279317,10.740000000000009
1772223954198697042,2026-02-27 15:25:54.198,3.96645,-5.50654,-13.1889,-0.346981,-0.189656,-0.273927,10.741
1772223954199872330,2026-02-27 15:25:54.199,3.86559,-5.52976,-13.1391,-0.349254,-0.190053,-0.272615,10.742000000000004
1772223954201073420,2026-02-27 15:25:54.201,3.84364,-5.46497,-13.7436,-0.348355,-0.188959,-0.267345,10.744
1772223954202258885,2026-02-27 15:25:54.202,3.80202,-5.4613,-13.9101,-0.352994,-0.185421,-0.26393,10.745000000000005
1772223954203442583,2026-02-27 15:25:54.203,3.85578,-5.44643,-13.9291,-0.355072,-0.183231,-0.264039,10.74600000000001
1772223954204591371,2026-02-27 15:25:54.204,3.76167,-5.54248,-13.687,-0.35519,-0.182732,-0.263914,10.747
1772223954205722395,2026-02-27 15:25:54.205,3.83331,-5.56114,-14.4596,-0.356725,-0.184278,-0.257779,10.748000000000005
1772223954206899953,2026-02-27 15:25:54.206,3.89232,-5.6107,-14.1897,-0.36537,-0.186497,-0.258907,10.74900000000001
1772223954208100202,2026-02-27 15:25:54.208,3.92334,-5.63418,-14.0226,-0.364747,-0.184118,-0.262499,10.751000000000005
1772223954209237046,2026-02-27 15:25:54.209,3.92646,-5.62218,-13.1907,-0.3702,-0.175259,-0.271467,10.75200000000001
1772223954210441467,2026-02-27 15:25:54.210,3.98686,-5.58833,-13.5571,-0.367943,-0.165293,-0.270932,10.753
1772223954211598628,2026-02-27 15:25:54.211,3.92619,-5.60735,-13.4832,-0.362033,-0.16141,-0.266316,10.754000000000005
1772223954212773729,2026-02-27 15:25:54.212,3.95618,-5.60215,-13.568,-0.35874,-0.153635,-0.262152,10.75500000000001
1772223954213977135,2026-02-27 15:25:54.213,3.91819,-5.64398,-13.2535,-0.358978,-0.145403,-0.26339,10.756
1772223954215174878,2026-02-27 15:25:54.215,3.97457,-5.54625,-13.2095,-0.351339,-0.133018,-0.262942,10.75800000000001
1772223954216360478,2026-02-27 15:25:54.216,3.90318,-5.5132,-14.4012,-0.342463,-0.110253,-0.244685,10.759
1772223954217537799,2026-02-27 15:25:54.217,3.84642,-5.54181,-14.7919,-0.34323,-0.111148,-0.238052,10.760000000000005
1772223954218669789,2026-02-27 15:25:54.218,3.82281,-5.5947,-14.778,-0.340397,-0.11076,-0.236938,10.76100000000001
1772223954219845665,2026-02-27 15:25:54.219,3.79575,-5.59601,-14.9043,-0.340146,-0.109979,-0.236359,10.762
1772223954221046564,2026-02-27 15:25:54.221,3.87522,-5.67845,-15.3364,-0.337694,-0.096304,-0.234918,10.76400000000001
1772223954222234816,2026-02-27 15:25:54.222,3.7721,-5.6955,-15.5008,-0.333458,-0.088,-0.231364,10.765
1772223954223411182,2026-02-27 15:25:54.223,3.67977,-5.75297,-15.8973,-0.331578,-0.100086,-0.227283,10.766000000000005
1772223954224538485,2026-02-27 15:25:54.224,3.69001,-5.84298,-15.9849,-0.334112,-0.09984,-0.229579,10.76700000000001
1772223954225668147,2026-02-27 15:25:54.225,3.59903,-5.72797,-15.6641,-0.332667,-0.098317,-0.23526,10.768
1772223954226849180,2026-02-27 15:25:54.226,3.66266,-5.74595,-15.3933,-0.336829,-0.10161,-0.239467,10.769000000000005
1772223954228048699,2026-02-27 15:25:54.228,3.51238,-5.75436,-15.358,-0.336756,-0.104189,-0.242316,10.771
1772223954229232750,2026-02-27 15:25:54.229,3.53359,-5.76304,-15.24,-0.340963,-0.107519,-0.245083,10.772000000000006
1772223954230420030,2026-02-27 15:25:54.230,3.51625,-5.72417,-14.4962,-0.341331,-0.098031,-0.259102,10.77300000000001
1772223954231539531,2026-02-27 15:25:54.231,3.58428,-5.64678,-14.7808,-0.342038,-0.097958,-0.259058,10.774000000000001
1772223954232671204,2026-02-27 15:25:54.232,3.59215,-5.60808,-14.9335,-0.340767,-0.093555,-0.260446,10.775000000000006
1772223954233845191,2026-02-27 15:25:54.233,3.47129,-5.67521,-15.2172,-0.342171,-0.099998,-0.258154,10.77600000000001
1772223954235047851,2026-02-27 15:25:54.235,3.51389,-5.58296,-15.5231,-0.3386,-0.099643,-0.257799,10.778000000000006
1772223954236248160,2026-02-27 15:25:54.236,3.57261,-5.62586,-15.5759,-0.339756,-0.10567,-0.262305,10.77900000000001
1772223954237435741,2026-02-27 15:25:54.237,3.34119,-5.66012,-14.9959,-0.33925,-0.116236,-0.267898,10.780000000000001
1772223954238589178,2026-02-27 15:25:54.238,3.39232,-5.69281,-15.2444,-0.338147,-0.125106,-0.270489,10.781000000000006
1772223954239722327,2026-02-27 15:25:54.239,3.39935,-5.77432,-15.5643,-0.339032,-0.128872,-0.274734,10.78200000000001
1772223954240852894,2026-02-27 15:25:54.240,3.25045,-5.79891,-14.7288,-0.340899,-0.145749,-0.282105,10.783000000000001
1772223954242055838,2026-02-27 15:25:54.242,3.17973,-5.8472,-13.5052,-0.342687,-0.168284,-0.295855,10.78500000000001
1772223954243268314,2026-02-27 15:25:54.243,3.20778,-5.95953,-12.4404,-0.34477,-0.18662,-0.309853,10.786000000000001
1772223954244443649,2026-02-27 15:25:54.244,3.12213,-6.14045,-11.3016,-0.347406,-0.204625,-0.329352,10.787000000000006
1772223954245602641,2026-02-27 15:25:54.245,3.08336,-6.24277,-10.9476,-0.348365,-0.212024,-0.337217,10.788000000000011
1772223954246777450,2026-02-27 15:25:54.246,3.0642,-6.2291,-10.5696,-0.343277,-0.215715,-0.345158,10.789000000000001
1772223954247974222,2026-02-27 15:25:54.247,3.05814,-6.22395,-9.50461,-0.342271,-0.221609,-0.358766,10.790000000000006
1772223954249170646,2026-02-27 15:25:54.249,2.91771,-6.2594,-9.51906,-0.338864,-0.231492,-0.360203,10.792000000000002
1772223954250343686,2026-02-27 15:25:54.250,3.00461,-6.24263,-9.11488,-0.335293,-0.244927,-0.365939,10.793000000000006
1772223954251534130,2026-02-27 15:25:54.251,3.04547,-6.21135,-10.7734,-0.329967,-0.234357,-0.370324,10.794000000000011
1772223954252670276,2026-02-27 15:25:54.252,3.2223,-6.10976,-11.3053,-0.324803,-0.23767,-0.375631,10.795000000000002
1772223954253863580,2026-02-27 15:25:54.253,3.17798,-6.03765,-11.4755,-0.321112,-0.235013,-0.377544,10.796000000000006
1772223954255059041,2026-02-27 15:25:54.255,3.22174,-6.03174,-11.6011,-0.312925,-0.244562,-0.379884,10.798000000000002
1772223954256258299,2026-02-27 15:25:54.256,3.34575,-6.01948,-12.7122,-0.317114,-0.253808,-0.378374,10.799000000000007
1772223954257431156,2026-02-27 15:25:54.257,3.51638,-6.08976,-12.5148,-0.321343,-0.277548,-0.399921,10.800000000000011
1772223954258583915,2026-02-27 15:25:54.258,3.71487,-6.06841,-12.5525,-0.321347,-0.272054,-0.4123,10.801000000000002
1772223954259722428,2026-02-27 15:25:54.259,3.68561,-6.09385,-12.6851,-0.326368,-0.278065,-0.420716,10.802000000000007
1772223954260902178,2026-02-27 15:25:54.260,3.79852,-6.03818,-12.9696,-0.328102,-0.281589,-0.423881,10.803000000000011
1772223954262104695,2026-02-27 15:25:54.262,3.77271,-5.92542,-13.1582,-0.326103,-0.290851,-0.426504,10.805000000000007
1772223954263303393,2026-02-27 15:25:54.263,3.88179,-5.92041,-13.1528,-0.328181,-0.304057,-0.430679,10.806000000000012
1772223954264489558,2026-02-27 15:25:54.264,4.07072,-5.88423,-12.9693,-0.32903,-0.305581,-0.446039,10.807000000000002
1772223954265628446,2026-02-27 15:25:54.265,4.08138,-5.89993,-13.3336,-0.332111,-0.309578,-0.446687,10.808000000000007
1772223954266824875,2026-02-27 15:25:54.266,4.20182,-5.85505,-14.2842,-0.335356,-0.306509,-0.444378,10.809000000000012
1772223954268022455,2026-02-27 15:25:54.268,4.19808,-5.8302,-14.8786,-0.336966,-0.308423,-0.440851,10.811000000000007
1772223954269222714,2026-02-27 15:25:54.269,4.32096,-5.70085,-15.2512,-0.33564,-0.308516,-0.439531,10.812000000000012
1772223954270395052,2026-02-27 15:25:54.270,4.35585,-5.79977,-15.6488,-0.336366,-0.310388,-0.437889,10.813000000000002
1772223954271529098,2026-02-27 15:25:54.271,4.44762,-5.68642,-16.1434,-0.33947,-0.309176,-0.43375,10.814000000000007
1772223954272659906,2026-02-27 15:25:54.272,4.46923,-5.77623,-17.3929,-0.340356,-0.308891,-0.426407,10.815000000000012
1772223954273834686,2026-02-27 15:25:54.273,4.5798,-5.70022,-17.3632,-0.339619,-0.303455,-0.427332,10.816000000000003
1772223954275030470,2026-02-27 15:25:54.275,4.6552,-5.67869,-17.9729,-0.340409,-0.290232,-0.423855,10.818000000000012
1772223954276228121,2026-02-27 15:25:54.276,4.63774,-5.58068,-17.9194,-0.336529,-0.281614,-0.419111,10.819000000000003
1772223954277401786,2026-02-27 15:25:54.277,4.57556,-5.53699,-17.6058,-0.336363,-0.286124,-0.414322,10.820000000000007
1772223954278542032,2026-02-27 15:25:54.278,4.57598,-5.5828,-17.4548,-0.345826,-0.300153,-0.413399,10.821000000000012
1772223954279673905,2026-02-27 15:25:54.279,4.60984,-5.59309,-17.4874,-0.350032,-0.295878,-0.414661,10.822000000000003
1772223954280850899,2026-02-27 15:25:54.280,4.61127,-5.68428,-16.4599,-0.350386,-0.295022,-0.422282,10.823000000000008
1772223954282048172,2026-02-27 15:25:54.282,4.64093,-5.69419,-16.7841,-0.351485,-0.287302,-0.416001,10.825000000000003
1772223954283246242,2026-02-27 15:25:54.283,4.63254,-5.68463,-17.0534,-0.348242,-0.278063,-0.411724,10.826000000000008
1772223954284424894,2026-02-27 15:25:54.284,4.6159,-5.66117,-17.8046,-0.353884,-0.272446,-0.399716,10.827000000000012
1772223954285576956,2026-02-27 15:25:54.285,4.59238,-5.56649,-18.4518,-0.352855,-0.255924,-0.384214,10.828000000000003
1772223954286706758,2026-02-27 15:25:54.286,4.5098,-5.59706,-18.2167,-0.354525,-0.258424,-0.379993,10.829000000000008
1772223954287857703,2026-02-27 15:25:54.287,4.52933,-5.60758,-17.9091,-0.353874,-0.259795,-0.380234,10.830000000000013
1772223954289030182,2026-02-27 15:25:54.289,4.57321,-5.69479,-18.2377,-0.36008,-0.261369,-0.373759,10.832000000000008
1772223954290208212,2026-02-27 15:25:54.290,4.5038,-5.80465,-18.0191,-0.364161,-0.261339,-0.373318,10.833000000000013
1772223954291389768,2026-02-27 15:25:54.291,4.47525,-5.855,-17.586,-0.368368,-0.262304,-0.374445,10.834000000000003
1772223954292544255,2026-02-27 15:25:54.292,4.35451,-5.87766,-16.0813,-0.381356,-0.272057,-0.384792,10.835000000000008
1772223954293680740,2026-02-27 15:25:54.293,4.32495,-5.90683,-15.7207,-0.385422,-0.275664,-0.387401,10.836000000000013
1772223954294977120,2026-02-27 15:25:54.294,4.34676,-5.91351,-15.7585,-0.389621,-0.268991,-0.387839,10.837000000000003
1772223954296177750,2026-02-27 15:25:54.296,4.29177,-5.91049,-15.9609,-0.391334,-0.25987,-0.384886,10.838999999999999
1772223954297379115,2026-02-27 15:25:54.297,4.29655,-5.91088,-15.7618,-0.390295,-0.250939,-0.383823,10.840000000000003
1772223954298566520,2026-02-27 15:25:54.298,4.27437,-5.75836,-15.1088,-0.389472,-0.245845,-0.383853,10.841000000000008
1772223954299764479,2026-02-27 15:25:54.299,4.22345,-5.71961,-15.797,-0.392111,-0.23717,-0.371979,10.841999999999999
1772223954300962557,2026-02-27 15:25:54.300,4.26256,-5.68009,-16.2744,-0.390926,-0.232555,-0.367161,10.843000000000004
1772223954302161585,2026-02-27 15:25:54.302,4.21025,-5.65994,-16.1242,-0.391859,-0.236549,-0.365502,10.844999999999999
1772223954303358251,2026-02-27 15:25:54.303,4.34001,-5.73941,-16.1749,-0.394464,-0.234661,-0.366798,10.846000000000004
1772223954304540809,2026-02-27 15:25:54.304,4.36838,-5.84736,-15.9352,-0.392489,-0.241662,-0.372362,10.847000000000008
1772223954305684529,2026-02-27 15:25:54.305,4.44525,-5.82358,-16.9895,-0.398003,-0.239377,-0.363726,10.847999999999999
1772223954306902105,2026-02-27 15:25:54.306,4.41443,-5.78061,-16.7166,-0.396697,-0.234745,-0.364858,10.849000000000004
1772223954308098879,2026-02-27 15:25:54.308,4.46417,-5.77884,-16.8708,-0.396976,-0.232577,-0.362872,10.850999999999999
1772223954309231804,2026-02-27 15:25:54.309,4.38606,-5.71458,-16.2947,-0.400083,-0.235931,-0.367402,10.852000000000004
1772223954310434108,2026-02-27 15:25:54.310,4.44759,-5.77725,-15.9653,-0.400023,-0.241712,-0.371047,10.853000000000009
1772223954311588959,2026-02-27 15:25:54.311,4.60423,-5.97414,-15.5447,-0.396021,-0.253147,-0.388486,10.854
1772223954312726332,2026-02-27 15:25:54.312,4.58641,-6.07028,-15.4601,-0.397609,-0.261017,-0.395659,10.855000000000004
1772223954313940385,2026-02-27 15:25:54.313,4.62361,-6.06187,-14.5145,-0.399801,-0.26327,-0.406487,10.856000000000009
1772223954315138432,2026-02-27 15:25:54.315,4.66916,-6.02881,-14.6927,-0.395933,-0.258452,-0.406798,10.858000000000004
1772223954316336203,2026-02-27 15:25:54.316,4.62277,-6.08835,-14.5566,-0.395796,-0.267062,-0.40617,10.859000000000009
1772223954317520018,2026-02-27 15:25:54.317,4.66219,-6.08623,-14.967,-0.388396,-0.270759,-0.402149,10.86
1772223954318651661,2026-02-27 15:25:54.318,4.71032,-6.1179,-15.1869,-0.38666,-0.278858,-0.402798,10.861000000000004
1772223954319788631,2026-02-27 15:25:54.319,4.67344,-6.15778,-14.5809,-0.385312,-0.294709,-0.405617,10.862000000000009
1772223954320985005,2026-02-27 15:25:54.320,4.67831,-6.22488,-13.8512,-0.382397,-0.309628,-0.411592,10.863
1772223954322182516,2026-02-27 15:25:54.322,4.67891,-6.23864,-13.9261,-0.382823,-0.311745,-0.412686,10.865000000000009
1772223954323378248,2026-02-27 15:25:54.323,4.63197,-6.28986,-13.8772,-0.384623,-0.32526,-0.411428,10.866
1772223954324633074,2026-02-27 15:25:54.324,4.64078,-6.30705,-13.1008,-0.383892,-0.331244,-0.418172,10.867000000000004
1772223954325864742,2026-02-27 15:25:54.325,4.77066,-6.20189,-12.0733,-0.371647,-0.334052,-0.428003,10.86800000000001
1772223954327066432,2026-02-27 15:25:54.327,4.74282,-6.11731,-11.7197,-0.375584,-0.336338,-0.429503,10.870000000000005
1772223954328264977,2026-02-27 15:25:54.328,4.85408,-6.09671,-12.276,-0.379231,-0.337319,-0.431632,10.87100000000001
1772223954329480418,2026-02-27 15:25:54.329,4.78495,-6.11275,-12.4182,-0.372673,-0.331825,-0.428207,10.872
1772223954330613780,2026-02-27 15:25:54.330,4.8315,-6.0475,-12.4521,-0.370177,-0.327135,-0.428875,10.873000000000005
1772223954331771887,2026-02-27 15:25:54.331,5.04431,-5.86135,-13.518,-0.372344,-0.320682,-0.424071,10.87400000000001
1772223954332969036,2026-02-27 15:25:54.332,5.35088,-5.88753,-14.015,-0.367909,-0.310915,-0.421383,10.875
1772223954334170084,2026-02-27 15:25:54.334,5.61933,-5.76886,-15.0628,-0.364653,-0.291305,-0.409032,10.87700000000001
1772223954335366742,2026-02-27 15:25:54.335,5.86487,-5.76128,-15.4023,-0.357265,-0.278639,-0.395933,10.878
1772223954336541758,2026-02-27 15:25:54.336,6.12489,-5.70855,-15.3601,-0.352994,-0.270388,-0.388588,10.879000000000005
1772223954337656845,2026-02-27 15:25:54.337,6.4081,-5.74405,-15.3304,-0.348294,-0.268414,-0.385693,10.88000000000001
1772223954338870230,2026-02-27 15:25:54.338,6.67616,-5.81357,-15.6283,-0.354352,-0.28139,-0.383632,10.881
1772223954340068293,2026-02-27 15:25:54.340,6.72594,-5.85453,-15.4312,-0.358694,-0.286141,-0.389147,10.88300000000001
1772223954341264719,2026-02-27 15:25:54.341,6.82108,-5.88891,-15.2633,-0.364286,-0.290015,-0.390041,10.884
1772223954342405923,2026-02-27 15:25:54.342,6.84964,-5.83716,-14.7781,-0.361799,-0.293352,-0.39564,10.885000000000005
1772223954343550177,2026-02-27 15:25:54.343,6.73204,-5.84472,-14.7068,-0.364607,-0.298201,-0.397874,10.88600000000001
1772223954344672624,2026-02-27 15:25:54.344,6.59084,-5.9047,-14.8561,-0.361307,-0.303111,-0.403533,10.887
1772223954345889097,2026-02-27 15:25:54.345,6.35741,-5.78602,-15.9089,-0.350541,-0.299858,-0.407796,10.888000000000005
1772223954347089275,2026-02-27 15:25:54.347,6.03077,-5.63016,-15.8637,-0.349639,-0.297841,-0.406229,10.89
1772223954348284734,2026-02-27 15:25:54.348,5.85576,-5.53338,-15.8833,-0.342449,-0.304486,-0.406692,10.891000000000005
1772223954349620372,2026-02-27 15:25:54.349,5.57245,-5.47542,-16.218,-0.342322,-0.318988,-0.403473,10.89200000000001
1772223954350824605,2026-02-27 15:25:54.350,5.36417,-5.45427,-16.9255,-0.347619,-0.337343,-0.399511,10.893
1772223954352021583,2026-02-27 15:25:54.352,5.35218,-5.52146,-16.7861,-0.352612,-0.344155,-0.402671,10.89500000000001
1772223954353222449,2026-02-27 15:25:54.353,5.4463,-5.51039,-16.8112,-0.353666,-0.344405,-0.404887,10.896
1772223954354423032,2026-02-27 15:25:54.354,5.47442,-5.54841,-16.9805,-0.355857,-0.340745,-0.403836,10.897000000000006
1772223954355569790,2026-02-27 15:25:54.355,5.44283,-5.46801,-17.2127,-0.352183,-0.336232,-0.399193,10.89800000000001
1772223954356703368,2026-02-27 15:25:54.356,5.40635,-5.34059,-17.8506,-0.34804,-0.336741,-0.388681,10.899000000000001
1772223954357874171,2026-02-27 15:25:54.357,5.47184,-5.31046,-17.9059,-0.345509,-0.337421,-0.386106,10.900000000000006
1772223954359074508,2026-02-27 15:25:54.359,5.449,-5.29856,-17.4932,-0.344694,-0.338088,-0.390103,10.902000000000001
1772223954360273950,2026-02-27 15:25:54.360,5.47979,-5.28347,-17.1388,-0.348045,-0.3392,-0.391466,10.903000000000006
1772223954361482844,2026-02-27 15:25:54.361,5.42827,-5.3163,-17.0403,-0.347701,-0.341589,-0.391144,10.90400000000001
1772223954362617302,2026-02-27 15:25:54.362,5.47034,-5.29052,-16.9663,-0.347101,-0.342458,-0.39301,10.905000000000001
1772223954363748028,2026-02-27 15:25:54.363,5.44748,-5.28289,-15.9808,-0.348401,-0.342964,-0.403789,10.906000000000006
1772223954364879383,2026-02-27 15:25:54.364,5.47936,-5.28252,-16.2283,-0.348768,-0.343339,-0.400101,10.90700000000001
1772223954366076061,2026-02-27 15:25:54.366,5.47712,-5.2653,-16.2308,-0.347682,-0.342749,-0.399651,10.909000000000006
1772223954367274854,2026-02-27 15:25:54.367,5.49989,-5.26141,-16.8244,-0.347152,-0.340532,-0.392749,10.91000000000001
1772223954368482243,2026-02-27 15:25:54.368,5.4664,-5.25719,-17.0671,-0.350169,-0.340352,-0.39015,10.911000000000001
1772223954369617245,2026-02-27 15:25:54.369,5.4913,-5.24257,-17.088,-0.34678,-0.337532,-0.389712,10.912000000000006
1772223954370768352,2026-02-27 15:25:54.370,5.52223,-5.29889,-17.0293,-0.346456,-0.334409,-0.389127,10.913000000000011
1772223954371966591,2026-02-27 15:25:54.371,5.49073,-5.24429,-17.5606,-0.348894,-0.333943,-0.382809,10.914000000000001
1772223954373164152,2026-02-27 15:25:54.373,5.5337,-5.282,-17.8497,-0.348223,-0.335251,-0.378922,10.916000000000011
1772223954374361171,2026-02-27 15:25:54.374,5.51792,-5.30717,-17.6591,-0.349022,-0.335182,-0.380121,10.917000000000002
1772223954375505054,2026-02-27 15:25:54.375,5.52925,-5.31607,-17.1339,-0.351222,-0.335482,-0.382661,10.918000000000006
1772223954376656427,2026-02-27 15:25:54.376,5.41665,-5.35841,-16.6187,-0.355135,-0.331429,-0.383973,10.919000000000011
1772223954377814457,2026-02-27 15:25:54.377,5.40561,-5.31939,-16.6302,-0.356528,-0.330667,-0.382284,10.920000000000002
1772223954379011643,2026-02-27 15:25:54.379,5.37391,-5.33586,-16.5791,-0.356047,-0.32933,-0.380761,10.922000000000011
1772223954380208747,2026-02-27 15:25:54.380,5.40177,-5.36928,-16.3134,-0.357817,-0.329764,-0.380893,10.923000000000002
1772223954381404912,2026-02-27 15:25:54.381,5.34667,-5.37591,-15.4072,-0.35903,-0.329084,-0.385741,10.924000000000007
1772223954382561986,2026-02-27 15:25:54.382,5.32345,-5.42681,-15.6602,-0.361141,-0.32909,-0.381454,10.925000000000011
1772223954383694099,2026-02-27 15:25:54.383,5.23032,-5.5044,-15.9476,-0.365557,-0.327404,-0.372108,10.926000000000002
1772223954384869150,2026-02-27 15:25:54.384,5.18331,-5.52988,-15.8829,-0.364845,-0.325019,-0.369517,10.927000000000007
1772223954386066254,2026-02-27 15:25:54.386,5.11041,-5.55584,-15.7302,-0.366421,-0.323738,-0.368176,10.929000000000002
1772223954387262294,2026-02-27 15:25:54.387,5.13369,-5.53915,-15.6652,-0.369856,-0.321676,-0.365684,10.930000000000007
1772223954388473385,2026-02-27 15:25:54.388,4.97376,-5.55057,-15.5207,-0.371144,-0.318018,-0.363252,10.931000000000012
1772223954389607659,2026-02-27 15:25:54.389,5.028,-5.62988,-16.3884,-0.370924,-0.315537,-0.351662,10.932000000000002
1772223954390742217,2026-02-27 15:25:54.390,4.96962,-5.57575,-15.859,-0.372184,-0.307572,-0.348463,10.933000000000007
1772223954391883898,2026-02-27 15:25:54.391,4.87696,-5.61345,-15.4234,-0.371502,-0.303009,-0.349739,10.934000000000012
1772223954393086203,2026-02-27 15:25:54.393,4.84983,-5.62423,-15.0166,-0.372826,-0.297473,-0.349616,10.936000000000007
1772223954394260824,2026-02-27 15:25:54.394,4.80397,-5.65197,-14.9557,-0.372131,-0.293946,-0.346406,10.937000000000012
1772223954395479585,2026-02-27 15:25:54.395,4.8109,-5.66317,-14.9991,-0.37288,-0.288608,-0.342691,10.938000000000002
1772223954396611239,2026-02-27 15:25:54.396,4.76499,-5.70982,-14.9186,-0.371659,-0.283594,-0.339278,10.939000000000007
1772223954397764351,2026-02-27 15:25:54.397,4.70122,-5.70779,-13.9819,-0.372197,-0.273642,-0.339097,10.940000000000012
1772223954398964899,2026-02-27 15:25:54.398,4.66075,-5.74013,-14.1965,-0.370935,-0.268219,-0.334139,10.941000000000003
1772223954400165844,2026-02-27 15:25:54.400,4.58258,-5.74936,-14.6967,-0.37063,-0.262224,-0.326128,10.943000000000012
1772223954401363434,2026-02-27 15:25:54.401,4.57803,-5.73427,-15.0175,-0.372305,-0.257267,-0.317433,10.944000000000003
1772223954402563588,2026-02-27 15:25:54.402,4.54808,-5.74149,-15.0852,-0.369845,-0.250975,-0.313014,10.945000000000007
1772223954403684240,2026-02-27 15:25:54.403,4.51965,-5.78139,-15.0668,-0.369213,-0.246052,-0.309439,10.946000000000012
1772223954405008777,2026-02-27 15:25:54.405,4.39326,-5.77061,-15.3189,-0.367517,-0.234754,-0.29874,10.948000000000008
1772223954406206290,2026-02-27 15:25:54.406,4.37431,-5.76315,-16.0316,-0.366091,-0.228971,-0.289136,10.949000000000012
1772223954407402893,2026-02-27 15:25:54.407,4.31378,-5.81834,-15.5976,-0.367802,-0.22479,-0.287068,10.950000000000003
1772223954408569642,2026-02-27 15:25:54.408,4.26719,-5.76656,-15.4439,-0.365537,-0.219077,-0.285472,10.951000000000008
1772223954409703815,2026-02-27 15:25:54.409,4.24847,-5.78049,-15.161,-0.363978,-0.214247,-0.284925,10.952000000000012
1772223954410884834,2026-02-27 15:25:54.410,4.1414,-5.73265,-14.9588,-0.3609,-0.203712,-0.278198,10.953000000000003
1772223954412085790,2026-02-27 15:25:54.412,4.0678,-5.67887,-15.0054,-0.359382,-0.1989,-0.274134,10.955000000000013
1772223954413281917,2026-02-27 15:25:54.413,4.00909,-5.69894,-14.9828,-0.358979,-0.195446,-0.271366,10.956000000000003
1772223954414487599,2026-02-27 15:25:54.414,3.92145,-5.67484,-13.826,-0.359315,-0.192238,-0.277128,10.957000000000008
1772223954415619764,2026-02-27 15:25:54.415,3.95158,-5.66383,-14.1152,-0.357045,-0.187274,-0.269849,10.958000000000013
1772223954416753493,2026-02-27 15:25:54.416,3.83659,-5.63822,-14.7218,-0.352718,-0.17798,-0.257764,10.959000000000003
1772223954417886334,2026-02-27 15:25:54.417,3.76444,-5.60059,-14.9404,-0.351033,-0.173377,-0.252303,10.960000000000008
1772223954419083199,2026-02-27 15:25:54.419,3.73869,-5.53171,-14.956,-0.348321,-0.164513,-0.249558,10.962000000000003
1772223954420280485,2026-02-27 15:25:54.420,3.65555,-5.53764,-14.9224,-0.344629,-0.160569,-0.245206,10.963000000000008
1772223954421486939,2026-02-27 15:25:54.421,3.63115,-5.47781,-14.9297,-0.345919,-0.15699,-0.240972,10.963999999999999
1772223954422618406,2026-02-27 15:25:54.422,3.57163,-5.44547,-15.6496,-0.340831,-0.151551,-0.230185,10.965000000000003
1772223954423770457,2026-02-27 15:25:54.423,3.50189,-5.41713,-15.5745,-0.339772,-0.142781,-0.225925,10.966000000000008
1772223954424906447,2026-02-27 15:25:54.424,3.40846,-5.32576,-15.1152,-0.336878,-0.135384,-0.227541,10.966999999999999
1772223954426128982,2026-02-27 15:25:54.426,3.34264,-5.24434,-14.8081,-0.334398,-0.131432,-0.227724,10.969000000000008
1772223954427328519,2026-02-27 15:25:54.427,3.37117,-5.25054,-14.7127,-0.333083,-0.127475,-0.226441,10.969999999999999
1772223954428548448,2026-02-27 15:25:54.428,3.36143,-5.18538,-14.793,-0.332353,-0.122124,-0.223305,10.971000000000004
1772223954429679959,2026-02-27 15:25:54.429,3.33707,-5.12884,-14.7829,-0.331996,-0.116875,-0.221617,10.972000000000008
1772223954430844754,2026-02-27 15:25:54.430,3.2583,-4.98491,-13.8656,-0.330886,-0.107401,-0.224737,10.972999999999999
1772223954432037860,2026-02-27 15:25:54.432,3.2114,-4.9741,-14.1355,-0.328376,-0.105922,-0.220765,10.975000000000009
1772223954433235648,2026-02-27 15:25:54.433,3.22831,-4.91881,-14.2463,-0.328692,-0.104006,-0.216142,10.975999999999999
1772223954434430892,2026-02-27 15:25:54.434,3.1321,-4.92904,-14.6451,-0.329028,-0.102104,-0.211435,10.977000000000004
1772223954435561276,2026-02-27 15:25:54.435,3.19913,-4.89713,-14.7386,-0.327415,-0.09374,-0.209036,10.978000000000009
1772223954436695147,2026-02-27 15:25:54.436,3.28547,-4.80549,-15.3987,-0.329609,-0.065079,-0.203679,10.979
1772223954437848385,2026-02-27 15:25:54.437,3.06999,-4.57901,-16.3898,-0.326327,-0.027195,-0.185253,10.980000000000004
1772223954439042186,2026-02-27 15:25:54.439,3.06679,-4.46515,-17.3879,-0.323618,-0.019042,-0.169144,10.982
1772223954440240028,2026-02-27 15:25:54.440,2.99433,-4.42633,-17.0447,-0.320482,-0.017245,-0.16864,10.983000000000004
1772223954441437354,2026-02-27 15:25:54.441,2.91824,-4.41442,-16.8659,-0.322485,-0.017404,-0.165114,10.984000000000009
1772223954442587193,2026-02-27 15:25:54.442,2.76423,-4.48913,-16.241,-0.320516,-0.020005,-0.167632,10.985
1772223954443726218,2026-02-27 15:25:54.443,2.69568,-4.5456,-15.4688,-0.324808,-0.035323,-0.171331,10.986000000000004
1772223954444890572,2026-02-27 15:25:54.444,2.68891,-4.6775,-14.4123,-0.334261,-0.060135,-0.184741,10.987000000000009
1772223954446084965,2026-02-27 15:25:54.446,2.71503,-4.79678,-14.335,-0.342407,-0.058959,-0.190734,10.989000000000004
1772223954447284419,2026-02-27 15:25:54.447,2.60784,-4.80084,-13.2911,-0.342303,-0.06295,-0.201358,10.990000000000009
1772223954448492958,2026-02-27 15:25:54.448,2.50196,-4.74435,-12.9321,-0.343038,-0.070754,-0.200754,10.991
1772223954449630347,2026-02-27 15:25:54.449,2.445,-4.76956,-12.7329,-0.342284,-0.076767,-0.20351,10.992000000000004
1772223954450815019,2026-02-27 15:25:54.450,2.47696,-4.67492,-13.2047,-0.343963,-0.073083,-0.199768,10.99300000000001
1772223954451999305,2026-02-27 15:25:54.451,2.33667,-4.58828,-13.1645,-0.343621,-0.075391,-0.197014,10.994
1772223954453201446,2026-02-27 15:25:54.453,2.34228,-4.61868,-12.7179,-0.340169,-0.080825,-0.199838,10.99600000000001
1772223954454399065,2026-02-27 15:25:54.454,2.273,-4.63732,-12.399,-0.34132,-0.0867,-0.202346,10.997
1772223954455572502,2026-02-27 15:25:54.455,2.25547,-4.62361,-12.5068,-0.34064,-0.088473,-0.201493,10.998000000000005
1772223954456703408,2026-02-27 15:25:54.456,2.19228,-4.72087,-12.5508,-0.338868,-0.098197,-0.201351,10.99900000000001
1772223954457869512,2026-02-27 15:25:54.457,2.1748,-4.73876,-11.9861,-0.337904,-0.103775,-0.206917,11.0
1772223954459070219,2026-02-27 15:25:54.459,2.12513,-4.77224,-10.8527,-0.333684,-0.110857,-0.218476,11.00200000000001
1772223954460274791,2026-02-27 15:25:54.460,2.13309,-4.72308,-10.6342,-0.328093,-0.114098,-0.220517,11.003
1772223954461488112,2026-02-27 15:25:54.461,2.1243,-4.67309,-10.4218,-0.324452,-0.1114,-0.221613,11.004000000000005
1772223954462619928,2026-02-27 15:25:54.462,2.05324,-4.67733,-10.3963,-0.321339,-0.114056,-0.222524,11.00500000000001
1772223954463751865,2026-02-27 15:25:54.463,2.05589,-4.66272,-10.1291,-0.318919,-0.114349,-0.222742,11.006
1772223954464915610,2026-02-27 15:25:54.464,1.95172,-4.67514,-9.26549,-0.317704,-0.123366,-0.227607,11.007000000000005
1772223954466093098,2026-02-27 15:25:54.466,1.96711,-4.6694,-9.44803,-0.314699,-0.12219,-0.230658,11.009
1772223954467291730,2026-02-27 15:25:54.467,1.95617,-4.62393,-9.81785,-0.315494,-0.124455,-0.227182,11.010000000000005
1772223954468500320,2026-02-27 15:25:54.468,1.93889,-4.65159,-9.69833,-0.314437,-0.132482,-0.22698,11.01100000000001
1772223954469633642,2026-02-27 15:25:54.469,1.96472,-4.64501,-9.55674,-0.315282,-0.136688,-0.230071,11.012
1772223954470830931,2026-02-27 15:25:54.470,1.97284,-4.63613,-9.65467,-0.321002,-0.135409,-0.234109,11.013000000000005
1772223954472012209,2026-02-27 15:25:54.472,2.25004,-4.53741,-11.2591,-0.325679,-0.128271,-0.23103,11.015
1772223954473206701,2026-02-27 15:25:54.473,2.19527,-4.46987,-11.5396,-0.325006,-0.12909,-0.231945,11.016000000000005
1772223954474407118,2026-02-27 15:25:54.474,2.22161,-4.39432,-11.4937,-0.321525,-0.122928,-0.229136,11.01700000000001
1772223954475558799,2026-02-27 15:25:54.475,2.21373,-4.34607,-10.9273,-0.320103,-0.131938,-0.235036,11.018
1772223954476699642,2026-02-27 15:25:54.476,2.2217,-4.35269,-10.3522,-0.321343,-0.14357,-0.239278,11.019000000000005
1772223954477864982,2026-02-27 15:25:54.477,2.30001,-4.39679,-10.4208,-0.321803,-0.145537,-0.244277,11.02000000000001
1772223954479047153,2026-02-27 15:25:54.479,2.32041,-4.43938,-10.5018,-0.328164,-0.148448,-0.251068,11.022000000000006
1772223954480246879,2026-02-27 15:25:54.480,2.47046,-4.48465,-10.2415,-0.331606,-0.146682,-0.262667,11.02300000000001
1772223954481447131,2026-02-27 15:25:54.481,2.50269,-4.37128,-10.1706,-0.33135,-0.147139,-0.267271,11.024000000000001
1772223954482571661,2026-02-27 15:25:54.482,2.36782,-4.39464,-9.98951,-0.331729,-0.156576,-0.267615,11.025000000000006
1772223954483720620,2026-02-27 15:25:54.483,2.48668,-4.36326,-9.98767,-0.33236,-0.168311,-0.267929,11.02600000000001
1772223954484921841,2026-02-27 15:25:54.484,2.44524,-4.40285,-10.1785,-0.337943,-0.180944,-0.270737,11.027000000000001
1772223954486073995,2026-02-27 15:25:54.486,2.52982,-4.47965,-10.1196,-0.347277,-0.18758,-0.283493,11.02900000000001
1772223954487274134,2026-02-27 15:25:54.487,2.53939,-4.49011,-9.63926,-0.351732,-0.197979,-0.292148,11.030000000000001
1772223954488477626,2026-02-27 15:25:54.488,2.61251,-4.44471,-9.64768,-0.356409,-0.202918,-0.300524,11.031000000000006
1772223954489606958,2026-02-27 15:25:54.489,2.78534,-4.45773,-10.985,-0.366172,-0.203736,-0.301773,11.03200000000001
1772223954490781658,2026-02-27 15:25:54.490,2.73114,-4.40267,-10.4369,-0.372825,-0.21121,-0.311689,11.033000000000001
1772223954491921304,2026-02-27 15:25:54.491,2.75983,-4.43502,-10.3616,-0.372278,-0.213038,-0.316983,11.034000000000006
1772223954493127017,2026-02-27 15:25:54.493,2.92397,-4.33968,-10.1829,-0.369957,-0.209181,-0.321848,11.036000000000001
1772223954494325302,2026-02-27 15:25:54.494,3.06429,-4.27642,-9.93698,-0.357303,-0.206073,-0.317694,11.037000000000006
1772223954495536253,2026-02-27 15:25:54.495,3.21104,-4.26535,-10.4188,-0.351861,-0.191853,-0.314505,11.038000000000011
1772223954496663741,2026-02-27 15:25:54.496,3.26299,-4.12643,-11.2466,-0.358351,-0.181537,-0.315632,11.039000000000001
1772223954497845211,2026-02-27 15:25:54.497,3.2445,-4.03644,-10.3319,-0.359676,-0.183856,-0.331294,11.040000000000006
1772223954499029051,2026-02-27 15:25:54.499,3.27736,-4.14512,-10.1469,-0.364194,-0.203756,-0.341747,11.042000000000002
1772223954500209979,2026-02-27 15:25:54.500,3.39039,-4.26206,-10.8562,-0.362051,-0.201081,-0.338631,11.043000000000006
1772223954501407736,2026-02-27 15:25:54.501,3.41921,-4.3096,-11.2276,-0.366019,-0.201391,-0.334898,11.044000000000011
1772223954502560711,2026-02-27 15:25:54.502,3.50481,-4.34037,-11.3849,-0.369003,-0.203688,-0.338923,11.045000000000002
1772223954503689455,2026-02-27 15:25:54.503,3.50861,-4.38422,-11.6405,-0.375463,-0.209523,-0.344051,11.046000000000006
1772223954504854511,2026-02-27 15:25:54.504,3.48164,-4.39766,-11.909,-0.379462,-0.21266,-0.350208,11.047000000000011
1772223954506036058,2026-02-27 15:25:54.506,3.52975,-4.30516,-12.8334,-0.385771,-0.212742,-0.346127,11.049000000000007
1772223954507227340,2026-02-27 15:25:54.507,3.5717,-4.30783,-12.7238,-0.387284,-0.205922,-0.34708,11.050000000000011
1772223954508422428,2026-02-27 15:25:54.508,3.48067,-4.32306,-11.9297,-0.386711,-0.206949,-0.350416,11.051000000000002
1772223954509571823,2026-02-27 15:25:54.509,3.48735,-4.41484,-11.2155,-0.388145,-0.206245,-0.353748,11.052000000000007
1772223954510704447,2026-02-27 15:25:54.510,3.53046,-4.44569,-10.7914,-0.389156,-0.204144,-0.356171,11.053000000000011
1772223954511884782,2026-02-27 15:25:54.511,3.53731,-4.50035,-10.6658,-0.392739,-0.204198,-0.356851,11.054000000000002
1772223954513056771,2026-02-27 15:25:54.513,3.59034,-4.51923,-10.2897,-0.39688,-0.203208,-0.361484,11.056000000000012
1772223954514351547,2026-02-27 15:25:54.514,3.58351,-4.53555,-9.62081,-0.39779,-0.203448,-0.36733,11.057000000000002
1772223954515557935,2026-02-27 15:25:54.515,3.62438,-4.52457,-9.8269,-0.401629,-0.203585,-0.363908,11.058000000000007
1772223954516685543,2026-02-27 15:25:54.516,3.55926,-4.59731,-9.73876,-0.402908,-0.207042,-0.362129,11.059000000000012
1772223954517859853,2026-02-27 15:25:54.517,3.58025,-4.62241,-10.064,-0.404447,-0.208295,-0.359144,11.060000000000002
1772223954519046595,2026-02-27 15:25:54.519,3.4966,-4.72108,-9.94476,-0.407799,-0.210459,-0.362326,11.062000000000012
1772223954520218163,2026-02-27 15:25:54.520,3.48311,-4.76347,-9.62201,-0.410622,-0.211547,-0.365196,11.063000000000002
1772223954521413397,2026-02-27 15:25:54.521,3.43056,-4.79404,-9.26033,-0.412139,-0.216214,-0.367936,11.064000000000007
1772223954522567834,2026-02-27 15:25:54.522,3.35177,-4.82498,-9.89555,-0.413968,-0.217465,-0.361443,11.065000000000012
1772223954523694929,2026-02-27 15:25:54.523,3.37808,-4.8975,-9.42371,-0.413967,-0.214579,-0.364912,11.066000000000003
1772223954524866510,2026-02-27 15:25:54.524,3.22305,-4.90841,-9.10754,-0.413913,-0.213705,-0.363813,11.067000000000007
1772223954526034963,2026-02-27 15:25:54.526,3.16039,-4.95751,-8.22997,-0.413515,-0.214616,-0.367356,11.069000000000003
1772223954527216743,2026-02-27 15:25:54.527,3.08789,-4.94155,-7.38539,-0.406851,-0.210147,-0.368476,11.070000000000007
1772223954528411938,2026-02-27 15:25:54.528,2.98406,-4.97089,-7.11459,-0.4075,-0.205809,-0.36644,11.071000000000012
1772223954529559153,2026-02-27 15:25:54.529,2.95483,-4.92653,-6.73465,-0.40361,-0.202423,-0.365091,11.072000000000003
1772223954530683381,2026-02-27 15:25:54.530,2.93885,-4.96386,-5.65062,-0.40133,-0.197404,-0.371794,11.073000000000008
1772223954531854661,2026-02-27 15:25:54.531,2.94343,-4.9241,-5.40372,-0.397784,-0.192514,-0.368647,11.074000000000012
1772223954533025116,2026-02-27 15:25:54.533,2.88993,-4.88199,-5.18033,-0.389456,-0.188291,-0.364942,11.076000000000008
1772223954534190457,2026-02-27 15:25:54.534,2.93688,-4.88881,-5.63239,-0.385423,-0.176589,-0.351002,11.077000000000012
1772223954535384087,2026-02-27 15:25:54.535,3.00289,-4.85691,-5.6811,-0.38347,-0.168043,-0.349213,11.078000000000003
1772223954536560782,2026-02-27 15:25:54.536,2.98515,-4.8764,-5.84125,-0.382678,-0.158538,-0.346224,11.079000000000008
1772223954537686733,2026-02-27 15:25:54.537,2.90188,-4.8384,-5.90225,-0.38195,-0.1502,-0.339891,11.080000000000013
1772223954538856109,2026-02-27 15:25:54.538,2.87653,-4.81274,-6.30108,-0.380704,-0.143417,-0.32841,11.081000000000003
1772223954540041133,2026-02-27 15:25:54.540,2.84668,-4.75123,-7.3761,-0.377053,-0.134792,-0.316189,11.083000000000013
1772223954541206945,2026-02-27 15:25:54.541,2.63125,-4.70464,-7.05525,-0.379701,-0.136568,-0.309912,11.084000000000003
1772223954542339418,2026-02-27 15:25:54.542,2.48316,-4.70319,-6.66682,-0.377614,-0.135408,-0.307237,11.085000000000008
1772223954543567274,2026-02-27 15:25:54.543,2.35355,-4.64399,-6.54634,-0.380668,-0.135065,-0.304357,11.086000000000013
1772223954544695966,2026-02-27 15:25:54.544,2.30758,-4.63477,-6.59738,-0.380415,-0.133367,-0.299675,11.087000000000003
1772223954545866317,2026-02-27 15:25:54.545,2.21073,-4.6132,-6.50023,-0.378494,-0.131541,-0.29591,11.088000000000008
1772223954547045399,2026-02-27 15:25:54.547,2.12674,-4.58123,-6.38412,-0.376486,-0.130564,-0.291908,11.090000000000003
1772223954548222901,2026-02-27 15:25:54.548,1.85674,-4.5895,-5.07522,-0.370941,-0.132789,-0.290034,11.091000000000008
1772223954549416160,2026-02-27 15:25:54.549,1.80024,-4.65974,-4.72206,-0.369204,-0.13086,-0.287915,11.091999999999999
1772223954550574972,2026-02-27 15:25:54.550,1.7897,-4.63895,-5.05503,-0.368893,-0.127442,-0.280437,11.093000000000004
1772223954551701306,2026-02-27 15:25:54.551,1.73938,-4.66518,-5.11123,-0.365645,-0.122399,-0.274694,11.094000000000008
1772223954552871990,2026-02-27 15:25:54.552,1.62754,-4.63981,-4.73098,-0.364642,-0.117975,-0.270607,11.094999999999999
1772223954554067238,2026-02-27 15:25:54.554,1.57986,-4.61686,-4.35164,-0.360649,-0.11468,-0.266052,11.097000000000008
1772223954555238263,2026-02-27 15:25:54.555,1.57845,-4.58719,-4.60711,-0.34866,-0.108195,-0.250857,11.097999999999999
1772223954556430646,2026-02-27 15:25:54.556,1.4503,-4.53641,-4.65078,-0.348204,-0.102387,-0.24744,11.099000000000004
1772223954557560140,2026-02-27 15:25:54.557,1.38517,-4.48403,-4.68828,-0.346068,-0.099575,-0.241625,11.100000000000009
1772223954558690541,2026-02-27 15:25:54.558,1.23879,-4.46495,-3.90325,-0.342121,-0.10139,-0.243552,11.100999999999999
1772223954559869925,2026-02-27 15:25:54.559,1.12687,-4.48305,-3.35402,-0.343952,-0.102356,-0.24386,11.102000000000004
