abs_timestamp_ns,human_time,fx,fy,fz,tx,ty,tz,mocap_ref_time
1772222879907871883,2026-02-27 15:07:59.907,-14.7289,-17.0931,-38.6356,-0.605141,0.71843,-0.101628,5.0
1772222879909083708,2026-02-27 15:07:59.909,-14.8638,-17.2569,-38.971,-0.615541,0.736379,-0.100603,5.0020000000000095
1772222879910266301,2026-02-27 15:07:59.910,-15.2372,-17.5734,-39.5733,-0.631944,0.761782,-0.096919,5.003
1772222879911426945,2026-02-27 15:07:59.911,-15.4069,-17.7593,-39.6554,-0.63858,0.773659,-0.10049,5.004000000000005
1772222879912589032,2026-02-27 15:07:59.912,-15.5773,-17.8787,-39.7162,-0.645443,0.786423,-0.10104,5.00500000000001
1772222879913749860,2026-02-27 15:07:59.913,-15.7521,-17.9747,-39.7522,-0.65215,0.796177,-0.102367,5.006
1772222879914962072,2026-02-27 15:07:59.914,-15.9097,-18.125,-40.7758,-0.661137,0.806506,-0.0928,5.007000000000005
1772222879916171228,2026-02-27 15:07:59.916,-16.0822,-18.1936,-40.4149,-0.669464,0.817427,-0.098859,5.009
1772222879917346528,2026-02-27 15:07:59.917,-16.2869,-18.3672,-39.6862,-0.683676,0.831984,-0.105358,5.010000000000005
1772222879918500001,2026-02-27 15:07:59.918,-16.352,-18.489,-39.4111,-0.691657,0.837439,-0.107407,5.01100000000001
1772222879919630684,2026-02-27 15:07:59.919,-16.3381,-18.6037,-39.2073,-0.69692,0.841114,-0.107531,5.0120000000000005
1772222879920809123,2026-02-27 15:07:59.920,-16.3525,-18.6647,-39.0298,-0.703828,0.842445,-0.106982,5.013000000000005
1772222879922009985,2026-02-27 15:07:59.922,-16.3622,-18.7221,-38.7951,-0.70975,0.839683,-0.105893,5.015000000000001
1772222879923216570,2026-02-27 15:07:59.923,-16.3133,-18.7188,-37.4636,-0.715847,0.835863,-0.113586,5.016000000000005
1772222879924383745,2026-02-27 15:07:59.924,-16.0911,-18.7435,-37.1034,-0.723589,0.821339,-0.106424,5.01700000000001
1772222879925544573,2026-02-27 15:07:59.925,-15.9242,-18.6901,-37.4337,-0.724469,0.811462,-0.099281,5.018000000000001
1772222879926677063,2026-02-27 15:07:59.926,-15.7138,-18.6734,-37.5711,-0.728427,0.797239,-0.093784,5.0190000000000055
1772222879927853737,2026-02-27 15:07:59.927,-15.4862,-18.5992,-37.3967,-0.724079,0.781166,-0.091951,5.02000000000001
1772222879929055169,2026-02-27 15:07:59.929,-15.2667,-18.5144,-37.106,-0.720007,0.76113,-0.089349,5.022000000000006
1772222879930250040,2026-02-27 15:07:59.930,-14.8735,-18.3739,-36.8754,-0.710784,0.73633,-0.086242,5.02300000000001
1772222879931420508,2026-02-27 15:07:59.931,-14.2164,-17.997,-37.2729,-0.689216,0.688437,-0.070297,5.024000000000001
1772222879932585062,2026-02-27 15:07:59.932,-13.8779,-17.693,-36.7199,-0.677236,0.663597,-0.069823,5.025000000000006
1772222879933776584,2026-02-27 15:07:59.933,-13.4625,-17.4512,-36.1987,-0.671397,0.63866,-0.070854,5.0260000000000105
1772222879934979645,2026-02-27 15:07:59.934,-13.1585,-17.2127,-36.2722,-0.678758,0.626884,-0.071984,5.027000000000001
1772222879936191690,2026-02-27 15:07:59.936,-12.9122,-17.1361,-36.3759,-0.672902,0.592441,-0.068511,5.029000000000011
1772222879937369060,2026-02-27 15:07:59.937,-11.944,-17.0938,-36.6478,-0.652611,0.51259,-0.056251,5.030000000000001
1772222879938499909,2026-02-27 15:07:59.938,-11.4892,-17.0794,-36.7058,-0.64003,0.482285,-0.0524,5.031000000000006
1772222879939630458,2026-02-27 15:07:59.939,-11.1412,-16.9924,-35.5501,-0.627123,0.452113,-0.05696,5.032000000000011
1772222879940806077,2026-02-27 15:07:59.940,-10.6931,-16.6819,-35.8704,-0.606722,0.427909,-0.049811,5.033000000000001
1772222879942013578,2026-02-27 15:07:59.942,-10.3064,-16.4063,-35.5111,-0.594917,0.403857,-0.047581,5.035000000000011
1772222879943218584,2026-02-27 15:07:59.943,-9.89866,-16.0772,-35.5221,-0.582489,0.381888,-0.041497,5.036000000000001
1772222879944393045,2026-02-27 15:07:59.944,-9.1199,-15.4184,-34.7784,-0.552908,0.337586,-0.037326,5.037000000000006
1772222879945565728,2026-02-27 15:07:59.945,-8.75475,-15.1833,-34.3572,-0.543664,0.315417,-0.035367,5.038000000000011
1772222879946724194,2026-02-27 15:07:59.946,-8.4238,-14.9926,-34.1636,-0.53158,0.292609,-0.032828,5.0390000000000015
1772222879947926209,2026-02-27 15:07:59.947,-8.07842,-14.8166,-35.091,-0.515032,0.267595,-0.020545,5.040000000000006
1772222879949128899,2026-02-27 15:07:59.949,-7.76961,-14.6439,-34.9004,-0.506687,0.243298,-0.017847,5.042000000000002
1772222879950303233,2026-02-27 15:07:59.950,-7.4613,-14.4882,-35.0349,-0.494934,0.220268,-0.015072,5.043000000000006
1772222879951483319,2026-02-27 15:07:59.951,-6.86899,-14.1064,-34.8592,-0.466589,0.17909,-0.014963,5.044000000000011
1772222879952616247,2026-02-27 15:07:59.952,-6.57968,-13.8493,-35.0215,-0.449614,0.162744,-0.010632,5.045000000000002
1772222879953792850,2026-02-27 15:07:59.953,-6.35584,-13.6245,-35.3467,-0.43297,0.149539,-0.006425,5.0460000000000065
1772222879954995549,2026-02-27 15:07:59.954,-6.12863,-13.4052,-35.5268,-0.412104,0.138271,-0.002297,5.047000000000011
1772222879956181107,2026-02-27 15:07:59.956,-6.01286,-13.1874,-34.952,-0.399,0.124083,-0.005499,5.049000000000007
1772222879957371895,2026-02-27 15:07:59.957,-5.86274,-12.958,-34.5429,-0.380967,0.112046,-0.004676,5.050000000000011
1772222879958554905,2026-02-27 15:07:59.958,-5.64461,-12.6005,-35.1285,-0.353143,0.091906,0.002364,5.051000000000002
1772222879959732167,2026-02-27 15:07:59.959,-5.55378,-12.4049,-35.571,-0.339193,0.08413,0.008564,5.052000000000007
1772222879960935921,2026-02-27 15:07:59.960,-5.4593,-12.199,-35.7207,-0.32116,0.077718,0.010723,5.0530000000000115
1772222879962138238,2026-02-27 15:07:59.962,-5.3228,-11.9729,-35.745,-0.307104,0.074009,0.012387,5.055000000000007
1772222879963334572,2026-02-27 15:07:59.963,-5.28706,-11.8171,-35.7956,-0.301169,0.06789,0.014135,5.056000000000012
1772222879964493130,2026-02-27 15:07:59.964,-5.10269,-11.5744,-37.0289,-0.278195,0.061862,0.026869,5.057000000000002
1772222879965635884,2026-02-27 15:07:59.965,-5.0914,-11.3805,-36.8441,-0.266066,0.060759,0.024138,5.058000000000007
1772222879966855228,2026-02-27 15:07:59.966,-5.11051,-11.269,-36.7988,-0.258821,0.060481,0.02375,5.059000000000012
1772222879968057103,2026-02-27 15:07:59.968,-5.10644,-11.1608,-36.5722,-0.247914,0.063544,0.02091,5.061000000000007
1772222879969267830,2026-02-27 15:07:59.969,-5.1662,-11.1324,-36.6014,-0.244523,0.067768,0.019243,5.062000000000012
1772222879970441997,2026-02-27 15:07:59.970,-5.31162,-11.0342,-36.9888,-0.228808,0.082598,0.020128,5.063000000000002
1772222879971614279,2026-02-27 15:07:59.971,-5.52432,-11.0084,-37.1859,-0.230207,0.093079,0.018687,5.064000000000007
1772222879972819275,2026-02-27 15:07:59.972,-5.64174,-10.9983,-36.2765,-0.221514,0.105848,0.007718,5.065000000000012
1772222879974021382,2026-02-27 15:07:59.974,-5.81954,-10.9991,-36.777,-0.220838,0.121583,0.009458,5.067000000000007
1772222879975225160,2026-02-27 15:07:59.975,-6.05129,-11.0213,-36.9917,-0.222891,0.138095,0.007674,5.068000000000012
1772222879976405629,2026-02-27 15:07:59.976,-6.24583,-11.132,-37.7815,-0.218173,0.156962,0.01031,5.069000000000003
1772222879977583313,2026-02-27 15:07:59.977,-6.72675,-11.3595,-38.3994,-0.228116,0.196919,0.007391,5.070000000000007
1772222879978759277,2026-02-27 15:07:59.978,-7.07658,-11.5045,-38.5693,-0.233419,0.218974,0.004627,5.071000000000012
1772222879979946893,2026-02-27 15:07:59.979,-7.37994,-11.6431,-38.7642,-0.239596,0.240923,0.002664,5.072000000000003
1772222879981147796,2026-02-27 15:07:59.981,-7.68674,-11.7944,-39.5836,-0.246357,0.263943,0.005877,5.074000000000012
1772222879982358286,2026-02-27 15:07:59.982,-7.97291,-12.028,-40.1055,-0.255804,0.287671,0.004004,5.075000000000003
1772222879983647737,2026-02-27 15:07:59.983,-8.76366,-12.3801,-39.8158,-0.275835,0.339044,-0.008086,5.076000000000008
1772222879984851972,2026-02-27 15:07:59.984,-9.21058,-12.5798,-39.6811,-0.287377,0.367223,-0.014296,5.077000000000012
1772222879986058740,2026-02-27 15:07:59.986,-9.53606,-12.8491,-39.6305,-0.300216,0.394649,-0.019821,5.079000000000008
1772222879987264122,2026-02-27 15:07:59.987,-9.99814,-13.0907,-39.7753,-0.315057,0.424348,-0.023942,5.0800000000000125
1772222879988446454,2026-02-27 15:07:59.988,-10.5163,-13.3513,-39.8778,-0.330745,0.455209,-0.02848,5.081000000000003
1772222879989626006,2026-02-27 15:07:59.989,-11.5219,-13.9505,-38.9593,-0.361639,0.519093,-0.047272,5.082000000000008
1772222879990798494,2026-02-27 15:07:59.990,-12.068,-14.2641,-39.4696,-0.379774,0.553271,-0.048732,5.083000000000013
1772222879991999665,2026-02-27 15:07:59.992,-12.5353,-14.5418,-39.6786,-0.395843,0.587025,-0.05235,5.085000000000008
1772222879993199758,2026-02-27 15:07:59.993,-13.0331,-14.8633,-40.2162,-0.416911,0.618817,-0.052815,5.086000000000013
1772222879994409427,2026-02-27 15:07:59.994,-13.5147,-15.1461,-40.182,-0.436582,0.649857,-0.056542,5.087000000000003
1772222879995620508,2026-02-27 15:07:59.995,-13.9693,-15.4105,-40.1174,-0.455414,0.679934,-0.061722,5.088000000000008
1772222879996865716,2026-02-27 15:07:59.996,-14.8268,-16.0128,-39.7679,-0.495129,0.735207,-0.071571,5.088999999999999
1772222879998068746,2026-02-27 15:07:59.998,-15.1876,-16.2183,-40.6544,-0.514727,0.760447,-0.065065,5.091000000000008
1772222879999272921,2026-02-27 15:07:59.999,-15.5468,-16.4765,-39.9866,-0.534273,0.780755,-0.072182,5.091999999999999
1772222880000507115,2026-02-27 15:08:00.000,-16.1125,-16.8497,-38.9248,-0.567761,0.812317,-0.081408,5.0930000000000035
1772222880001653128,2026-02-27 15:08:00.001,-16.2842,-17.0206,-38.2701,-0.584879,0.823856,-0.08606,5.094000000000008
1772222880002862037,2026-02-27 15:08:00.002,-16.4624,-17.1458,-37.7973,-0.601459,0.830729,-0.087925,5.094999999999999
1772222880004062845,2026-02-27 15:08:00.004,-16.5287,-17.144,-37.1763,-0.609249,0.831737,-0.086867,5.097000000000008
1772222880005262733,2026-02-27 15:08:00.005,-16.5258,-17.1327,-36.1907,-0.613306,0.821162,-0.085392,5.097999999999999
1772222880006444993,2026-02-27 15:08:00.006,-16.4472,-17.0303,-34.547,-0.62186,0.816161,-0.094191,5.099000000000004
1772222880007588069,2026-02-27 15:08:00.007,-16.1816,-16.8255,-34.0158,-0.628627,0.828309,-0.096824,5.1000000000000085
1772222880008783689,2026-02-27 15:08:00.008,-15.6755,-16.1568,-31.4306,-0.577676,0.750415,-0.081769,5.100999999999999
1772222880009984946,2026-02-27 15:08:00.009,-15.0569,-15.4541,-31.5382,-0.583118,0.770449,-0.085201,5.102000000000004
1772222880011176874,2026-02-27 15:08:00.011,-14.8452,-14.9397,-32.3753,-0.594274,0.778619,-0.084789,5.103999999999999
1772222880012359757,2026-02-27 15:08:00.012,-14.9976,-14.7454,-32.8149,-0.629909,0.786687,-0.082074,5.105000000000004
1772222880013499975,2026-02-27 15:08:00.013,-14.5137,-15.1864,-35.5216,-0.674266,0.74476,-0.069008,5.106000000000009
1772222880014631374,2026-02-27 15:08:00.014,-14.6101,-15.9673,-38.3997,-0.712777,0.714038,-0.052518,5.106999999999999
1772222880015802299,2026-02-27 15:08:00.015,-14.7007,-16.8299,-39.2975,-0.716167,0.664781,-0.041447,5.108000000000004
1772222880016983301,2026-02-27 15:08:00.016,-14.6148,-17.616,-39.6838,-0.719706,0.646922,-0.038742,5.109000000000009
1772222880018164848,2026-02-27 15:08:00.018,-14.7786,-17.9073,-39.3136,-0.704322,0.649067,-0.041945,5.111000000000004
1772222880019338889,2026-02-27 15:08:00.019,-14.9509,-17.9028,-38.6327,-0.694472,0.676816,-0.048726,5.112000000000009
1772222880020535891,2026-02-27 15:08:00.020,-15.4901,-16.8857,-35.7287,-0.68238,0.741693,-0.065347,5.1129999999999995
1772222880021667694,2026-02-27 15:08:00.021,-15.5583,-16.3373,-33.7557,-0.684655,0.761671,-0.074092,5.114000000000004
1772222880022830464,2026-02-27 15:08:00.022,-15.5068,-15.9521,-30.9814,-0.690282,0.77397,-0.090197,5.115000000000009
1772222880024012787,2026-02-27 15:08:00.024,-15.319,-15.8197,-30.0332,-0.700632,0.77606,-0.088676,5.117000000000004
1772222880025194263,2026-02-27 15:08:00.025,-15.1203,-15.9251,-29.4596,-0.713381,0.767443,-0.086319,5.118000000000009
1772222880026374550,2026-02-27 15:08:00.026,-14.9058,-16.1049,-29.9333,-0.725305,0.750848,-0.07655,5.119
1772222880027650611,2026-02-27 15:08:00.027,-14.7597,-16.3019,-30.7566,-0.73295,0.728885,-0.069551,5.1200000000000045
1772222880028853180,2026-02-27 15:08:00.028,-14.4195,-16.614,-32.7983,-0.748639,0.678856,-0.057593,5.121000000000009
1772222880030037125,2026-02-27 15:08:00.030,-14.1825,-16.7301,-33.9671,-0.747492,0.656733,-0.053169,5.123000000000005
1772222880031245541,2026-02-27 15:08:00.031,-14.0779,-16.7593,-35.8737,-0.738656,0.642702,-0.041512,5.124000000000009
1772222880032389953,2026-02-27 15:08:00.032,-13.8605,-16.7328,-36.3806,-0.728921,0.631172,-0.037894,5.125
1772222880033591587,2026-02-27 15:08:00.033,-13.5556,-16.2914,-36.0539,-0.695554,0.617156,-0.038873,5.126000000000005
1772222880034725260,2026-02-27 15:08:00.034,-13.4232,-15.9952,-35.3816,-0.679899,0.610567,-0.04098,5.1270000000000095
1772222880035907620,2026-02-27 15:08:00.035,-13.2831,-15.6884,-34.749,-0.667119,0.605373,-0.040198,5.128
1772222880037091522,2026-02-27 15:08:00.037,-13.1034,-15.4379,-34.1971,-0.657601,0.600096,-0.039581,5.13000000000001
1772222880038273416,2026-02-27 15:08:00.038,-12.9267,-15.1997,-33.7105,-0.653064,0.593245,-0.038659,5.131
1772222880039486212,2026-02-27 15:08:00.039,-12.7152,-15.0656,-33.0539,-0.645543,0.585669,-0.041704,5.132000000000005
1772222880040716726,2026-02-27 15:08:00.040,-12.5461,-14.9691,-32.2861,-0.647445,0.57514,-0.04377,5.13300000000001
1772222880041949758,2026-02-27 15:08:00.041,-12.3315,-14.9915,-33.4214,-0.644473,0.55597,-0.031793,5.134
1772222880043132499,2026-02-27 15:08:00.043,-12.255,-15.0694,-34.4628,-0.643568,0.548694,-0.025064,5.13600000000001
1772222880044314444,2026-02-27 15:08:00.044,-12.1559,-15.0777,-35.1358,-0.631019,0.540596,-0.021054,5.1370000000000005
1772222880045500277,2026-02-27 15:08:00.045,-12.106,-15.0491,-35.8842,-0.623775,0.537875,-0.018296,5.138000000000005
1772222880046667754,2026-02-27 15:08:00.046,-11.9585,-14.9412,-37.1161,-0.600057,0.535131,-0.012055,5.13900000000001
1772222880047800591,2026-02-27 15:08:00.047,-11.8585,-14.8954,-38.7508,-0.587655,0.538197,-0.000813,5.140000000000001
1772222880049004515,2026-02-27 15:08:00.049,-11.758,-14.7773,-38.6308,-0.578834,0.54161,-0.002742,5.14200000000001
1772222880050188702,2026-02-27 15:08:00.050,-11.7417,-14.6873,-38.8172,-0.571734,0.542613,-0.001817,5.143000000000001
1772222880051374610,2026-02-27 15:08:00.051,-11.7075,-14.5959,-38.397,-0.562799,0.544306,-0.006305,5.1440000000000055
1772222880052516149,2026-02-27 15:08:00.052,-11.6231,-14.4152,-38.1988,-0.555196,0.545467,-0.007926,5.14500000000001
1772222880053703632,2026-02-27 15:08:00.053,-11.6238,-14.3834,-38.2822,-0.547852,0.547245,-0.007186,5.146000000000001
1772222880054932876,2026-02-27 15:08:00.054,-11.5798,-14.3419,-38.4881,-0.540401,0.547576,-0.006296,5.147000000000006
1772222880056114992,2026-02-27 15:08:00.056,-11.5138,-14.3678,-37.5134,-0.53729,0.546249,-0.01491,5.149000000000001
1772222880057296655,2026-02-27 15:08:00.057,-11.5478,-14.3929,-37.9028,-0.534711,0.544711,-0.011411,5.150000000000006
1772222880058499421,2026-02-27 15:08:00.058,-11.4581,-14.425,-38.1327,-0.529019,0.54311,-0.009968,5.1510000000000105
1772222880059682033,2026-02-27 15:08:00.059,-11.452,-14.4375,-38.8173,-0.528962,0.540647,-0.004978,5.152000000000001
1772222880060918691,2026-02-27 15:08:00.060,-11.3136,-14.4205,-39.347,-0.515181,0.533211,-0.000882,5.153000000000006
1772222880062102803,2026-02-27 15:08:00.062,-11.3849,-14.4068,-39.5,-0.504828,0.530403,-0.002154,5.155000000000001
1772222880063301489,2026-02-27 15:08:00.063,-11.3716,-14.389,-39.4358,-0.502101,0.524491,-0.002612,5.156000000000006
1772222880064655358,2026-02-27 15:08:00.064,-11.4149,-14.3369,-39.9114,-0.491255,0.520235,0.001955,5.157000000000011
1772222880065836664,2026-02-27 15:08:00.065,-11.3744,-14.2279,-40.1405,-0.476262,0.510892,0.003387,5.158000000000001
1772222880067038378,2026-02-27 15:08:00.067,-11.3111,-14.1933,-39.8086,-0.470328,0.506239,-0.000311,5.160000000000011
1772222880068243685,2026-02-27 15:08:00.068,-11.358,-14.1002,-39.5461,-0.46481,0.505957,-0.002959,5.161000000000001
1772222880069446163,2026-02-27 15:08:00.069,-11.3102,-14.1086,-39.2907,-0.46345,0.503219,-0.00449,5.162000000000006
1772222880070649895,2026-02-27 15:08:00.070,-11.3453,-13.9878,-39.5388,-0.453304,0.50399,-0.003485,5.163000000000011
1772222880071795970,2026-02-27 15:08:00.071,-11.376,-13.9723,-39.5007,-0.451571,0.50514,-0.006196,5.1640000000000015
1772222880072996257,2026-02-27 15:08:00.072,-11.4296,-13.9522,-38.5617,-0.450237,0.508648,-0.015913,5.165000000000006
1772222880074199832,2026-02-27 15:08:00.074,-11.6129,-13.9529,-39.0751,-0.452557,0.515875,-0.012618,5.167000000000002
1772222880075406323,2026-02-27 15:08:00.075,-11.7453,-13.9213,-39.2179,-0.452516,0.524584,-0.012733,5.168000000000006
1772222880076567125,2026-02-27 15:08:00.076,-11.8381,-13.9111,-39.9271,-0.446847,0.53404,-0.009884,5.169000000000011
1772222880077735731,2026-02-27 15:08:00.077,-12.256,-13.9529,-40.2417,-0.451553,0.558678,-0.012445,5.170000000000002
1772222880078866930,2026-02-27 15:08:00.078,-12.4667,-13.9839,-40.344,-0.452309,0.572282,-0.015821,5.1710000000000065
1772222880080061926,2026-02-27 15:08:00.080,-12.6532,-14.0157,-40.2648,-0.457221,0.58753,-0.01901,5.173000000000002
1772222880081265807,2026-02-27 15:08:00.081,-12.9346,-14.069,-41.2966,-0.460155,0.603539,-0.011205,5.174000000000007
1772222880082491783,2026-02-27 15:08:00.082,-13.2265,-14.1064,-41.1394,-0.469753,0.618511,-0.017591,5.175000000000011
1772222880083660306,2026-02-27 15:08:00.083,-13.6978,-14.1185,-40.4635,-0.471751,0.651234,-0.028167,5.176000000000002
1772222880084805839,2026-02-27 15:08:00.084,-13.9158,-14.1189,-40.2028,-0.475444,0.668043,-0.034208,5.177000000000007
1772222880086010243,2026-02-27 15:08:00.086,-14.1574,-14.1565,-40.1603,-0.47981,0.686357,-0.038064,5.179000000000002
1772222880087215088,2026-02-27 15:08:00.087,-14.4447,-14.2321,-39.9948,-0.485465,0.703235,-0.042279,5.180000000000007
1772222880088417195,2026-02-27 15:08:00.088,-14.7197,-14.1994,-39.9559,-0.488432,0.721291,-0.045619,5.181000000000012
1772222880089571044,2026-02-27 15:08:00.089,-15.0096,-14.2426,-39.2328,-0.489786,0.737265,-0.057094,5.182000000000002
1772222880090738273,2026-02-27 15:08:00.090,-15.5224,-14.2108,-38.9698,-0.496531,0.769596,-0.064098,5.183000000000007
1772222880091869053,2026-02-27 15:08:00.091,-15.72,-14.2524,-39.3558,-0.49936,0.786259,-0.06453,5.184000000000012
1772222880093070690,2026-02-27 15:08:00.093,-15.9213,-14.3202,-39.7295,-0.503053,0.79986,-0.063871,5.186000000000007
1772222880094380874,2026-02-27 15:08:00.094,-16.143,-14.2626,-39.673,-0.506117,0.813924,-0.066733,5.187000000000012
1772222880095578748,2026-02-27 15:08:00.095,-16.3201,-14.2944,-39.4676,-0.511978,0.825082,-0.07067,5.188000000000002
1772222880096747005,2026-02-27 15:08:00.096,-16.632,-14.3278,-39.2249,-0.518333,0.84548,-0.074232,5.189000000000007
1772222880097886780,2026-02-27 15:08:00.097,-16.7332,-14.3104,-40.025,-0.521791,0.854135,-0.067332,5.190000000000012
1772222880099066262,2026-02-27 15:08:00.099,-16.8177,-14.3053,-39.4273,-0.523974,0.859148,-0.071771,5.192000000000007
1772222880100269345,2026-02-27 15:08:00.100,-16.8517,-14.297,-39.1462,-0.525804,0.865562,-0.07429,5.193000000000012
1772222880101485905,2026-02-27 15:08:00.101,-16.9861,-14.2953,-38.5235,-0.526126,0.870106,-0.079497,5.194000000000003
1772222880102633409,2026-02-27 15:08:00.102,-16.9792,-14.2886,-38.1645,-0.529542,0.872608,-0.081544,5.195000000000007
1772222880103803975,2026-02-27 15:08:00.103,-17.1369,-14.2389,-37.9569,-0.529688,0.878224,-0.082468,5.196000000000012
1772222880104982248,2026-02-27 15:08:00.104,-17.2158,-14.1981,-37.9905,-0.530793,0.881584,-0.083774,5.197000000000003
1772222880106183795,2026-02-27 15:08:00.106,-17.2668,-14.1775,-36.9308,-0.532363,0.883413,-0.093462,5.199000000000012
1772222880107387267,2026-02-27 15:08:00.107,-17.3422,-14.2368,-37.1919,-0.534566,0.886845,-0.09113,5.200000000000003
1772222880108568405,2026-02-27 15:08:00.108,-17.4228,-14.2287,-37.3374,-0.534314,0.891104,-0.090791,5.201000000000008
1772222880109750620,2026-02-27 15:08:00.109,-17.632,-14.3452,-38.2394,-0.547636,0.898125,-0.084782,5.202000000000012
1772222880110885032,2026-02-27 15:08:00.110,-17.654,-14.405,-38.4048,-0.547118,0.902612,-0.084308,5.203000000000003
1772222880112088675,2026-02-27 15:08:00.112,-17.7511,-14.4861,-38.3843,-0.553966,0.905489,-0.0849,5.2050000000000125
1772222880113289901,2026-02-27 15:08:00.113,-17.8555,-14.583,-38.5284,-0.560951,0.911108,-0.085203,5.206000000000003
1772222880114508795,2026-02-27 15:08:00.114,-17.9693,-14.6709,-39.3402,-0.566447,0.917055,-0.079857,5.207000000000008
1772222880115656228,2026-02-27 15:08:00.115,-18.0686,-14.7859,-39.5594,-0.575864,0.922114,-0.078121,5.208000000000013
1772222880116819539,2026-02-27 15:08:00.116,-18.3584,-15.0385,-38.9823,-0.592098,0.934554,-0.083642,5.209000000000003
1772222880117953533,2026-02-27 15:08:00.117,-18.4425,-15.0968,-38.7376,-0.598361,0.938283,-0.087309,5.210000000000008
1772222880119155762,2026-02-27 15:08:00.119,-18.5921,-15.2187,-38.6351,-0.606837,0.944198,-0.08814,5.212000000000003
1772222880120360115,2026-02-27 15:08:00.120,-18.7076,-15.337,-38.5639,-0.613988,0.946001,-0.087209,5.213000000000008
1772222880121568561,2026-02-27 15:08:00.121,-18.7905,-15.4075,-38.4722,-0.622382,0.947485,-0.08628,5.213999999999999
1772222880122730664,2026-02-27 15:08:00.122,-18.8745,-15.5244,-37.1681,-0.629526,0.942935,-0.093348,5.215000000000003
1772222880123875449,2026-02-27 15:08:00.123,-18.8089,-15.5491,-37.4223,-0.630065,0.935373,-0.088738,5.216000000000008
1772222880125009073,2026-02-27 15:08:00.125,-18.6619,-15.4581,-37.5629,-0.627041,0.929206,-0.08549,5.2180000000000035
1772222880126228050,2026-02-27 15:08:00.126,-18.5636,-15.4968,-37.8598,-0.63025,0.918395,-0.080724,5.219000000000008
1772222880127405301,2026-02-27 15:08:00.127,-18.3511,-15.3638,-37.6523,-0.620664,0.902565,-0.077444,5.219999999999999
1772222880128576859,2026-02-27 15:08:00.128,-18.1888,-15.2571,-37.2362,-0.608729,0.879283,-0.075155,5.221000000000004
1772222880129736168,2026-02-27 15:08:00.129,-17.5791,-14.8372,-36.902,-0.599858,0.84952,-0.071895,5.222000000000008
1772222880130884692,2026-02-27 15:08:00.130,-17.1808,-14.6078,-37.887,-0.591578,0.834241,-0.060177,5.222999999999999
1772222880132019277,2026-02-27 15:08:00.132,-16.9009,-14.4204,-37.1353,-0.587653,0.798708,-0.059847,5.2250000000000085
1772222880133222286,2026-02-27 15:08:00.133,-16.3786,-14.213,-36.416,-0.562216,0.756428,-0.055907,5.225999999999999
1772222880134423788,2026-02-27 15:08:00.134,-15.931,-14.003,-36.0059,-0.567441,0.749573,-0.061808,5.227000000000004
1772222880135588134,2026-02-27 15:08:00.135,-15.5664,-13.7755,-36.2092,-0.54927,0.723387,-0.060591,5.228000000000009
1772222880136735169,2026-02-27 15:08:00.136,-15.3379,-13.6201,-36.5538,-0.561553,0.719304,-0.061023,5.228999999999999
1772222880137914154,2026-02-27 15:08:00.137,-14.7588,-13.4163,-36.861,-0.531536,0.650324,-0.053129,5.230000000000004
1772222880139049517,2026-02-27 15:08:00.139,-14.3453,-13.3917,-35.9489,-0.51569,0.624896,-0.060467,5.231999999999999
1772222880140265219,2026-02-27 15:08:00.140,-14.1153,-13.2159,-35.5326,-0.47633,0.586057,-0.056945,5.233000000000004
1772222880141489634,2026-02-27 15:08:00.141,-13.6796,-12.8347,-34.7614,-0.452263,0.560068,-0.057803,5.234000000000009
1772222880142627280,2026-02-27 15:08:00.142,-13.1528,-12.2704,-35.6038,-0.447891,0.588813,-0.057316,5.234999999999999
1772222880143793393,2026-02-27 15:08:00.143,-13.0995,-11.76,-37.6718,-0.461309,0.630606,-0.055268,5.236000000000004
1772222880144961968,2026-02-27 15:08:00.144,-13.481,-11.8799,-39.4383,-0.510488,0.58974,-0.039208,5.237000000000009
1772222880146096838,2026-02-27 15:08:00.146,-13.2585,-12.4889,-40.0511,-0.51086,0.54655,-0.033174,5.239000000000004
1772222880147272275,2026-02-27 15:08:00.147,-13.0204,-13.0754,-40.9842,-0.497077,0.527687,-0.023322,5.240000000000009
1772222880148495931,2026-02-27 15:08:00.148,-13.0869,-13.4649,-42.3076,-0.482393,0.530963,-0.010084,5.241
1772222880149630807,2026-02-27 15:08:00.149,-13.3854,-13.5202,-42.187,-0.472078,0.551157,-0.009537,5.242000000000004
1772222880150809456,2026-02-27 15:08:00.150,-13.8314,-12.7361,-40.4178,-0.465657,0.594185,-0.02462,5.243000000000009
1772222880151961427,2026-02-27 15:08:00.151,-13.9632,-12.408,-39.4369,-0.466826,0.611495,-0.03137,5.244
1772222880153095848,2026-02-27 15:08:00.153,-13.9727,-12.284,-38.7169,-0.469665,0.629789,-0.032087,5.246000000000009
1772222880154297037,2026-02-27 15:08:00.154,-13.9925,-12.2644,-38.274,-0.46809,0.644829,-0.033935,5.247
1772222880155515644,2026-02-27 15:08:00.155,-14.0861,-12.3735,-38.0233,-0.470229,0.653807,-0.031846,5.248000000000005
1772222880156659451,2026-02-27 15:08:00.156,-14.2436,-12.5448,-37.0892,-0.474264,0.659066,-0.041324,5.249000000000009
1772222880157844684,2026-02-27 15:08:00.157,-14.313,-12.6382,-38.0185,-0.474237,0.662813,-0.03635,5.25
1772222880159008235,2026-02-27 15:08:00.159,-14.71,-12.7787,-40.1967,-0.477504,0.674312,-0.028243,5.2520000000000095
1772222880160142998,2026-02-27 15:08:00.160,-14.8275,-12.8525,-41.2401,-0.476371,0.683217,-0.02762,5.253
1772222880161345806,2026-02-27 15:08:00.161,-14.9401,-12.9037,-41.8039,-0.467175,0.696049,-0.028107,5.254000000000005
1772222880162569396,2026-02-27 15:08:00.162,-15.1229,-12.8972,-42.3293,-0.465143,0.708723,-0.028863,5.25500000000001
1772222880163705131,2026-02-27 15:08:00.163,-15.2744,-12.8281,-42.5392,-0.454125,0.722123,-0.030533,5.256
1772222880164894552,2026-02-27 15:08:00.164,-15.4028,-12.7375,-43.4311,-0.442485,0.737393,-0.024265,5.257000000000005
1772222880166060347,2026-02-27 15:08:00.166,-15.7995,-12.4234,-42.8397,-0.43307,0.768252,-0.03363,5.259
1772222880167260325,2026-02-27 15:08:00.167,-15.8932,-12.243,-41.8034,-0.423833,0.780326,-0.042078,5.260000000000005
1772222880168483729,2026-02-27 15:08:00.168,-16.0128,-12.1479,-41.085,-0.419185,0.793778,-0.048928,5.26100000000001
1772222880169621385,2026-02-27 15:08:00.169,-16.1618,-12.0634,-40.6039,-0.421262,0.804969,-0.051092,5.2620000000000005
1772222880170825502,2026-02-27 15:08:00.170,-16.2441,-11.9474,-40.3042,-0.420137,0.813932,-0.053276,5.263000000000005
1772222880172001869,2026-02-27 15:08:00.172,-16.3827,-11.89,-39.4239,-0.421598,0.826078,-0.060368,5.265000000000001
1772222880173139098,2026-02-27 15:08:00.173,-16.4819,-11.829,-38.803,-0.422751,0.83279,-0.065187,5.266000000000005
1772222880174323453,2026-02-27 15:08:00.174,-16.579,-11.8638,-39.1558,-0.41928,0.839531,-0.064091,5.26700000000001
1772222880175556289,2026-02-27 15:08:00.175,-16.6679,-11.7887,-39.5768,-0.417653,0.847604,-0.061969,5.268000000000001
1772222880176693614,2026-02-27 15:08:00.176,-16.8294,-11.822,-40.2025,-0.420153,0.856943,-0.060082,5.2690000000000055
1772222880177865702,2026-02-27 15:08:00.177,-17.0125,-11.7276,-40.3798,-0.416825,0.865838,-0.061155,5.27000000000001
1772222880179034499,2026-02-27 15:08:00.179,-17.2769,-11.7178,-40.6371,-0.409577,0.884679,-0.065329,5.272000000000006
1772222880180168505,2026-02-27 15:08:00.180,-17.3575,-11.716,-40.6673,-0.407683,0.89251,-0.066871,5.27300000000001
1772222880181379041,2026-02-27 15:08:00.181,-17.5512,-11.7289,-41.7631,-0.407006,0.903247,-0.058334,5.274000000000001
1772222880182571655,2026-02-27 15:08:00.182,-17.6885,-11.7846,-41.2847,-0.41324,0.913858,-0.063438,5.275000000000006
1772222880183713919,2026-02-27 15:08:00.183,-17.848,-11.8031,-40.9881,-0.412525,0.920874,-0.065419,5.2760000000000105
1772222880184907674,2026-02-27 15:08:00.184,-17.9282,-11.8042,-40.3045,-0.415685,0.927972,-0.070509,5.277000000000001
1772222880186077012,2026-02-27 15:08:00.186,-18.1064,-11.8234,-39.6349,-0.423984,0.941086,-0.073837,5.279000000000011
1772222880187210470,2026-02-27 15:08:00.187,-18.1903,-11.8925,-39.6292,-0.43068,0.952713,-0.074992,5.280000000000001
1772222880188389207,2026-02-27 15:08:00.188,-18.3926,-11.8943,-39.7865,-0.434831,0.966218,-0.076321,5.281000000000006
1772222880189567176,2026-02-27 15:08:00.189,-18.4986,-11.8984,-38.8681,-0.439893,0.972747,-0.086426,5.282000000000011
1772222880190704253,2026-02-27 15:08:00.190,-18.6108,-11.9884,-39.2635,-0.442682,0.977773,-0.085481,5.283000000000001
1772222880191892198,2026-02-27 15:08:00.191,-18.7863,-12.0125,-39.5928,-0.44248,0.985574,-0.085261,5.284000000000006
1772222880193064485,2026-02-27 15:08:00.193,-18.9911,-12.2344,-40.8976,-0.441641,0.995883,-0.079073,5.286000000000001
1772222880194199082,2026-02-27 15:08:00.194,-19.0967,-12.2276,-40.943,-0.444345,0.999432,-0.078717,5.287000000000006
1772222880195404638,2026-02-27 15:08:00.195,-19.1499,-12.2492,-40.9817,-0.445213,1.00135,-0.079194,5.288000000000011
1772222880196554296,2026-02-27 15:08:00.196,-19.1934,-12.2588,-40.9404,-0.445331,1.00241,-0.079383,5.2890000000000015
1772222880197708477,2026-02-27 15:08:00.197,-19.2513,-12.2711,-41.3726,-0.450534,1.00207,-0.072864,5.290000000000006
1772222880198896273,2026-02-27 15:08:00.198,-19.2328,-12.2792,-41.7407,-0.450345,1.00178,-0.069443,5.291000000000011
1772222880200073037,2026-02-27 15:08:00.200,-19.179,-12.2589,-41.0019,-0.448307,0.997608,-0.076426,5.293000000000006
1772222880201210371,2026-02-27 15:08:00.201,-19.1034,-12.2167,-40.7015,-0.446542,0.994346,-0.078544,5.294000000000011
1772222880202394020,2026-02-27 15:08:00.202,-19.1631,-12.2109,-40.6728,-0.442038,0.991584,-0.07985,5.295000000000002
1772222880203646695,2026-02-27 15:08:00.203,-19.0911,-12.2106,-40.8111,-0.437428,0.985958,-0.080214,5.2960000000000065
1772222880204831691,2026-02-27 15:08:00.204,-19.0493,-12.1237,-41.09,-0.431638,0.979141,-0.080975,5.297000000000011
1772222880206013176,2026-02-27 15:08:00.206,-18.9611,-12.1286,-41.1225,-0.429948,0.970194,-0.082158,5.299000000000007
1772222880207172191,2026-02-27 15:08:00.207,-18.7342,-12.0449,-40.7934,-0.422878,0.947127,-0.085412,5.300000000000011
1772222880208375894,2026-02-27 15:08:00.208,-18.6325,-11.9334,-40.9688,-0.416884,0.934139,-0.083264,5.301000000000002
1772222880209581110,2026-02-27 15:08:00.209,-18.4102,-11.8726,-41.4422,-0.410818,0.920043,-0.078795,5.302000000000007
1772222880210736349,2026-02-27 15:08:00.210,-18.2466,-11.7605,-41.5281,-0.40763,0.904179,-0.07793,5.3030000000000115
1772222880211919354,2026-02-27 15:08:00.211,-17.9907,-11.5858,-41.3264,-0.397016,0.887686,-0.076759,5.304000000000002
1772222880213102455,2026-02-27 15:08:00.213,-17.4719,-11.2573,-40.9961,-0.383051,0.854449,-0.076117,5.306000000000012
1772222880214247888,2026-02-27 15:08:00.214,-17.2703,-11.1109,-41.9177,-0.374325,0.838138,-0.06534,5.307000000000002
1772222880215444864,2026-02-27 15:08:00.215,-16.9528,-10.9715,-41.4095,-0.367022,0.819656,-0.067512,5.308000000000007
1772222880216606559,2026-02-27 15:08:00.216,-16.7384,-10.8702,-41.224,-0.363787,0.801446,-0.067564,5.309000000000012
1772222880217738913,2026-02-27 15:08:00.217,-16.48,-10.7317,-40.6679,-0.355899,0.784134,-0.070963,5.310000000000002
1772222880218924632,2026-02-27 15:08:00.218,-16.2588,-10.62,-40.3242,-0.349602,0.766741,-0.073224,5.311000000000007
1772222880220099561,2026-02-27 15:08:00.220,-15.8531,-10.4285,-40.3289,-0.339725,0.736761,-0.07163,5.313000000000002
1772222880221239003,2026-02-27 15:08:00.221,-15.7138,-10.3583,-40.4734,-0.335873,0.725024,-0.071067,5.314000000000007
1772222880222440725,2026-02-27 15:08:00.222,-15.642,-10.323,-39.7517,-0.332105,0.715134,-0.07858,5.315000000000012
1772222880223565728,2026-02-27 15:08:00.223,-15.4942,-10.3315,-39.6001,-0.331616,0.70691,-0.079734,5.3160000000000025
1772222880224703998,2026-02-27 15:08:00.224,-15.4753,-10.3007,-39.77,-0.329169,0.701977,-0.078629,5.317000000000007
1772222880225882619,2026-02-27 15:08:00.225,-15.4254,-10.3388,-40.3643,-0.329518,0.698961,-0.07491,5.318000000000012
1772222880227062830,2026-02-27 15:08:00.227,-15.4573,-10.3664,-40.8371,-0.332157,0.698332,-0.071368,5.320000000000007
1772222880228223547,2026-02-27 15:08:00.228,-15.4694,-10.4792,-40.8255,-0.338474,0.700529,-0.070301,5.321000000000012
1772222880229365854,2026-02-27 15:08:00.229,-15.5614,-10.5982,-40.8075,-0.346874,0.704505,-0.070539,5.322000000000003
1772222880230565327,2026-02-27 15:08:00.230,-15.5571,-10.6712,-40.8836,-0.352917,0.70742,-0.068444,5.3230000000000075
1772222880231705606,2026-02-27 15:08:00.231,-15.6344,-10.8607,-41.7728,-0.362359,0.711913,-0.060715,5.324000000000012
1772222880232890268,2026-02-27 15:08:00.232,-15.749,-10.9706,-41.2566,-0.370626,0.717146,-0.062385,5.325000000000003
1772222880234077076,2026-02-27 15:08:00.234,-15.8367,-11.1123,-41.0244,-0.38106,0.722617,-0.064294,5.327000000000012
1772222880235240426,2026-02-27 15:08:00.235,-16.104,-11.3993,-40.3573,-0.40009,0.737979,-0.067976,5.328000000000003
1772222880236423837,2026-02-27 15:08:00.236,-16.213,-11.5169,-40.2764,-0.410738,0.747318,-0.06851,5.329000000000008
1772222880237571117,2026-02-27 15:08:00.237,-16.3055,-11.626,-40.2513,-0.41713,0.756248,-0.066421,5.3300000000000125
1772222880238707991,2026-02-27 15:08:00.238,-16.5554,-11.7992,-40.2496,-0.428035,0.769033,-0.067646,5.331000000000003
1772222880239887910,2026-02-27 15:08:00.239,-16.7445,-11.8968,-39.1512,-0.434143,0.781204,-0.077335,5.332000000000008
1772222880241069833,2026-02-27 15:08:00.241,-17.0381,-12.0616,-39.5841,-0.447767,0.795996,-0.074586,5.334000000000003
1772222880242231926,2026-02-27 15:08:00.242,-17.5312,-12.322,-40.2314,-0.463931,0.830804,-0.070323,5.335000000000008
1772222880243436649,2026-02-27 15:08:00.243,-17.7377,-12.5266,-40.5741,-0.475709,0.848673,-0.068457,5.336000000000013
1772222880244568545,2026-02-27 15:08:00.244,-18.0224,-12.7251,-40.634,-0.485515,0.869708,-0.069383,5.337000000000003
1772222880245703033,2026-02-27 15:08:00.245,-18.3694,-12.8546,-40.6519,-0.499467,0.891036,-0.070945,5.338000000000008
1772222880246894758,2026-02-27 15:08:00.246,-18.7048,-13.0594,-40.6334,-0.506784,0.913883,-0.07135,5.338999999999999
1772222880248074799,2026-02-27 15:08:00.248,-18.9629,-13.171,-41.4111,-0.516806,0.936129,-0.065187,5.341000000000008
1772222880249244697,2026-02-27 15:08:00.249,-19.5571,-13.4726,-41.2779,-0.533465,0.97899,-0.068279,5.341999999999999
1772222880250385791,2026-02-27 15:08:00.250,-19.8599,-13.6117,-40.7597,-0.545662,0.99851,-0.073784,5.3430000000000035
1772222880251560611,2026-02-27 15:08:00.251,-20.1274,-13.6709,-40.2688,-0.554357,1.018,-0.077925,5.344000000000008
1772222880252697698,2026-02-27 15:08:00.252,-20.3425,-13.7892,-40.0339,-0.560539,1.03525,-0.080047,5.344999999999999
1772222880253877847,2026-02-27 15:08:00.253,-20.5521,-13.8231,-39.9293,-0.563584,1.05023,-0.080817,5.346000000000004
1772222880255084418,2026-02-27 15:08:00.255,-20.7626,-13.9041,-39.7224,-0.573759,1.06321,-0.082102,5.347999999999999
1772222880256252217,2026-02-27 15:08:00.256,-21.0184,-13.8722,-38.4338,-0.574783,1.08108,-0.092624,5.349000000000004
1772222880257385202,2026-02-27 15:08:00.257,-21.0801,-13.8781,-38.6948,-0.574636,1.08789,-0.090058,5.3500000000000085
1772222880258575236,2026-02-27 15:08:00.258,-21.1486,-13.8145,-38.9498,-0.571083,1.09534,-0.088239,5.350999999999999
1772222880259709635,2026-02-27 15:08:00.259,-21.2273,-13.7874,-39.4639,-0.570158,1.09888,-0.084438,5.352000000000004
1772222880260887480,2026-02-27 15:08:00.260,-21.3113,-13.7094,-39.5477,-0.569422,1.1021,-0.084213,5.353000000000009
1772222880262096904,2026-02-27 15:08:00.262,-21.2888,-13.6101,-39.5593,-0.558943,1.10487,-0.084854,5.355000000000004
1772222880263262949,2026-02-27 15:08:00.263,-21.3114,-13.4352,-39.6733,-0.546725,1.10844,-0.085461,5.356000000000009
1772222880264395961,2026-02-27 15:08:00.264,-21.3221,-13.3117,-40.866,-0.539034,1.1125,-0.076973,5.356999999999999
1772222880265570915,2026-02-27 15:08:00.265,-21.2844,-13.272,-40.5066,-0.531108,1.11413,-0.081546,5.358000000000004
1772222880266705519,2026-02-27 15:08:00.266,-21.2998,-13.1508,-40.5317,-0.522467,1.11688,-0.083481,5.359000000000009
1772222880267885808,2026-02-27 15:08:00.267,-21.3887,-13.0051,-40.0853,-0.511047,1.11928,-0.089095,5.359999999999999
1772222880269031675,2026-02-27 15:08:00.269,-21.4044,-12.8832,-39.8878,-0.504644,1.12111,-0.09094,5.362000000000009
1772222880270202435,2026-02-27 15:08:00.270,-21.3215,-12.666,-39.8925,-0.48316,1.1212,-0.095121,5.3629999999999995
1772222880271357313,2026-02-27 15:08:00.271,-21.2876,-12.5031,-39.805,-0.473526,1.12131,-0.095444,5.364000000000004
1772222880272567141,2026-02-27 15:08:00.272,-21.2348,-12.4153,-38.803,-0.467054,1.11594,-0.105123,5.365000000000009
1772222880273699767,2026-02-27 15:08:00.273,-21.1529,-12.2582,-38.7567,-0.454818,1.11256,-0.105179,5.366
1772222880274883369,2026-02-27 15:08:00.274,-21.1112,-12.1232,-38.8263,-0.445123,1.10703,-0.103386,5.367000000000004
1772222880276092796,2026-02-27 15:08:00.276,-20.9335,-11.9644,-39.2346,-0.435151,1.1002,-0.099257,5.369
1772222880277265658,2026-02-27 15:08:00.277,-20.6807,-11.6309,-39.7873,-0.407034,1.08148,-0.097159,5.3700000000000045
1772222880278401311,2026-02-27 15:08:00.278,-20.4714,-11.4525,-39.7709,-0.397122,1.06998,-0.095724,5.371000000000009
1772222880279563545,2026-02-27 15:08:00.279,-20.302,-11.2821,-39.8978,-0.381794,1.05728,-0.097209,5.372
1772222880280700703,2026-02-27 15:08:00.280,-20.0544,-11.0743,-40.3467,-0.366541,1.04624,-0.092728,5.373000000000005
1772222880281874734,2026-02-27 15:08:00.281,-19.9227,-10.9756,-41.0751,-0.358139,1.03225,-0.086785,5.374000000000009
1772222880283082968,2026-02-27 15:08:00.283,-19.7101,-10.8139,-40.9483,-0.344373,1.01866,-0.089673,5.376000000000005
1772222880284253146,2026-02-27 15:08:00.284,-19.3855,-10.5678,-40.68,-0.317524,0.993626,-0.094833,5.3770000000000095
1772222880285412664,2026-02-27 15:08:00.285,-19.2191,-10.4152,-40.7532,-0.30654,0.982762,-0.095347,5.378
1772222880286581343,2026-02-27 15:08:00.286,-19.1036,-10.2354,-40.9926,-0.290599,0.974306,-0.0952,5.379000000000005
1772222880287713355,2026-02-27 15:08:00.287,-18.942,-10.1172,-41.1669,-0.281158,0.966167,-0.095858,5.38000000000001
1772222880288892618,2026-02-27 15:08:00.288,-18.8703,-10.0314,-41.309,-0.271431,0.959385,-0.095412,5.381
1772222880290101569,2026-02-27 15:08:00.290,-18.8341,-9.94889,-40.3872,-0.264061,0.953151,-0.105311,5.38300000000001
1772222880291270948,2026-02-27 15:08:00.291,-18.7174,-9.86878,-41.322,-0.249283,0.946383,-0.101594,5.384
1772222880292421890,2026-02-27 15:08:00.292,-18.6771,-9.78748,-42.0437,-0.243652,0.945781,-0.096717,5.385000000000005
1772222880293588722,2026-02-27 15:08:00.293,-18.6998,-9.83899,-42.4354,-0.237949,0.945946,-0.095763,5.38600000000001
1772222880294782925,2026-02-27 15:08:00.294,-18.7409,-9.78329,-42.5915,-0.236655,0.947277,-0.096856,5.3870000000000005
1772222880295990940,2026-02-27 15:08:00.295,-18.7487,-9.81183,-42.6949,-0.232989,0.947581,-0.096425,5.388000000000005
1772222880297148232,2026-02-27 15:08:00.297,-18.8424,-9.86136,-42.9044,-0.233497,0.951296,-0.095726,5.390000000000001
1772222880298320813,2026-02-27 15:08:00.298,-18.9533,-9.90226,-44.1148,-0.230633,0.959612,-0.088086,5.391000000000005
1772222880299484528,2026-02-27 15:08:00.299,-19.0126,-10.0095,-44.2131,-0.232414,0.965499,-0.088718,5.39200000000001
1772222880300618884,2026-02-27 15:08:00.300,-19.1957,-10.081,-43.8443,-0.234336,0.972087,-0.092646,5.393000000000001
1772222880301810952,2026-02-27 15:08:00.301,-19.3044,-10.1632,-43.6977,-0.239819,0.97921,-0.096828,5.3940000000000055
1772222880303001048,2026-02-27 15:08:00.303,-19.5078,-10.2585,-43.7833,-0.246915,0.989,-0.096893,5.396000000000001
1772222880304210108,2026-02-27 15:08:00.304,-19.6909,-10.3842,-43.9939,-0.254534,1.00035,-0.096448,5.397000000000006
1772222880305378838,2026-02-27 15:08:00.305,-20.1837,-10.7391,-43.8529,-0.271744,1.02762,-0.1041,5.39800000000001
1772222880306499129,2026-02-27 15:08:00.306,-20.4754,-10.8643,-43.6526,-0.281317,1.0459,-0.10757,5.399000000000001
1772222880307629843,2026-02-27 15:08:00.307,-20.767,-11.0514,-44.1584,-0.293125,1.06367,-0.105948,5.400000000000006
1772222880308806944,2026-02-27 15:08:00.308,-21.1513,-11.2566,-44.7089,-0.306814,1.08541,-0.10398,5.4010000000000105
1772222880310013781,2026-02-27 15:08:00.310,-21.4659,-11.5024,-45.3683,-0.31844,1.10749,-0.1006,5.403000000000006
1772222880311222849,2026-02-27 15:08:00.311,-21.828,-11.7885,-45.6386,-0.336795,1.12884,-0.101189,5.404000000000011
1772222880312490899,2026-02-27 15:08:00.312,-22.5686,-12.3277,-45.8555,-0.371565,1.17678,-0.104976,5.405000000000001
1772222880313620679,2026-02-27 15:08:00.313,-22.9723,-12.6126,-45.9647,-0.390258,1.20206,-0.105304,5.406000000000006
1772222880314796675,2026-02-27 15:08:00.314,-23.3978,-12.8916,-47.2853,-0.406007,1.2253,-0.097862,5.407000000000011
1772222880316001302,2026-02-27 15:08:00.316,-23.7333,-13.1651,-46.8348,-0.426978,1.24741,-0.102828,5.409000000000006
1772222880317207846,2026-02-27 15:08:00.317,-24.1201,-13.469,-46.789,-0.444453,1.2671,-0.105117,5.410000000000011
1772222880318377669,2026-02-27 15:08:00.318,-24.6576,-13.9957,-46.1231,-0.484539,1.3021,-0.113143,5.411000000000001
1772222880319492047,2026-02-27 15:08:00.319,-24.8918,-14.2303,-46.0851,-0.501357,1.31618,-0.113894,5.412000000000006
1772222880320620813,2026-02-27 15:08:00.320,-25.2123,-14.4616,-45.9975,-0.520899,1.32866,-0.113317,5.413000000000011
1772222880321800233,2026-02-27 15:08:00.321,-25.3951,-14.7184,-46.0233,-0.537184,1.33772,-0.11363,5.4140000000000015
1772222880323001019,2026-02-27 15:08:00.323,-25.5814,-14.8924,-44.8271,-0.554215,1.34391,-0.123448,5.416000000000011
1772222880324208677,2026-02-27 15:08:00.324,-25.6048,-14.9837,-45.1023,-0.565023,1.34831,-0.119229,5.417000000000002
1772222880325381266,2026-02-27 15:08:00.325,-25.6664,-15.244,-45.5735,-0.585893,1.34785,-0.113833,5.418000000000006
1772222880326504893,2026-02-27 15:08:00.326,-25.6351,-15.3407,-45.9049,-0.592146,1.34597,-0.110131,5.419000000000011
1772222880327633434,2026-02-27 15:08:00.327,-25.4974,-15.3951,-45.7899,-0.598834,1.3393,-0.109148,5.420000000000002
1772222880328813279,2026-02-27 15:08:00.328,-25.4372,-15.4036,-45.6104,-0.604656,1.33208,-0.108888,5.4210000000000065
1772222880330005168,2026-02-27 15:08:00.330,-25.3029,-15.5179,-45.5786,-0.611144,1.32266,-0.107723,5.423000000000002
1772222880331211610,2026-02-27 15:08:00.331,-25.2132,-15.5189,-46.029,-0.615445,1.31279,-0.101345,5.424000000000007
1772222880332387034,2026-02-27 15:08:00.332,-24.8858,-15.5069,-45.6999,-0.621795,1.28773,-0.098752,5.425000000000011
1772222880333562122,2026-02-27 15:08:00.333,-24.638,-15.4509,-45.1494,-0.619679,1.27398,-0.101513,5.426000000000002
1772222880334738165,2026-02-27 15:08:00.334,-24.3492,-15.3964,-44.3874,-0.62077,1.25616,-0.10248,5.427000000000007
1772222880335938028,2026-02-27 15:08:00.335,-24.0564,-15.3609,-43.789,-0.622011,1.23869,-0.103344,5.4280000000000115
1772222880337138313,2026-02-27 15:08:00.337,-23.7523,-15.2925,-43.3743,-0.623097,1.21815,-0.101044,5.430000000000007
1772222880338317917,2026-02-27 15:08:00.338,-23.3943,-15.1532,-42.8927,-0.623276,1.19556,-0.099505,5.431000000000012
1772222880339492170,2026-02-27 15:08:00.339,-22.6927,-14.987,-40.7623,-0.619569,1.14887,-0.106621,5.432000000000002
1772222880340630861,2026-02-27 15:08:00.340,-22.2128,-14.8291,-40.6961,-0.619863,1.123,-0.103615,5.433000000000007
1772222880341851905,2026-02-27 15:08:00.341,-21.3206,-14.5948,-40.7332,-0.610072,1.10491,-0.111016,5.434000000000012
1772222880343053726,2026-02-27 15:08:00.343,-20.2247,-14.422,-40.9368,-0.608304,1.10102,-0.129932,5.436000000000007
1772222880344261781,2026-02-27 15:08:00.344,-19.4668,-14.0488,-40.811,-0.599803,1.09584,-0.146923,5.437000000000012
1772222880345434141,2026-02-27 15:08:00.345,-18.2341,-13.2045,-39.907,-0.571474,1.07906,-0.156074,5.438000000000002
1772222880346602145,2026-02-27 15:08:00.346,-17.7738,-12.7271,-39.4076,-0.5529,1.06879,-0.152481,5.439000000000007
1772222880347832164,2026-02-27 15:08:00.347,-17.3882,-12.4362,-39.9656,-0.540315,1.05046,-0.13736,5.440000000000012
1772222880349037081,2026-02-27 15:08:00.349,-17.0604,-12.1092,-39.2935,-0.526278,1.02604,-0.133134,5.442000000000007
1772222880350254012,2026-02-27 15:08:00.350,-16.8197,-11.9099,-38.9176,-0.518885,1.00018,-0.124725,5.443000000000012
1772222880351425715,2026-02-27 15:08:00.351,-16.5029,-11.7048,-37.6211,-0.499713,0.940306,-0.113811,5.444000000000003
1772222880352599332,2026-02-27 15:08:00.352,-16.483,-11.7148,-37.4428,-0.4958,0.908351,-0.104199,5.445000000000007
1772222880353837551,2026-02-27 15:08:00.353,-16.4802,-11.6612,-37.3901,-0.485347,0.874727,-0.093808,5.446000000000012
1772222880355039270,2026-02-27 15:08:00.355,-16.5292,-11.5974,-37.3426,-0.471007,0.843689,-0.082489,5.4480000000000075
1772222880356252431,2026-02-27 15:08:00.356,-16.6837,-11.6318,-36.4885,-0.457199,0.815455,-0.082733,5.449000000000012
1772222880357492936,2026-02-27 15:08:00.357,-16.7477,-11.5255,-36.3757,-0.441463,0.793559,-0.078074,5.450000000000003
1772222880358679196,2026-02-27 15:08:00.358,-16.5314,-11.2394,-37.1051,-0.415439,0.777612,-0.070825,5.451000000000008
1772222880359901956,2026-02-27 15:08:00.359,-16.4666,-11.0258,-37.5528,-0.402952,0.778346,-0.066896,5.452000000000012
1772222880361105552,2026-02-27 15:08:00.361,-16.4058,-10.8129,-37.4132,-0.387103,0.779314,-0.065352,5.454000000000008
1772222880362313241,2026-02-27 15:08:00.362,-16.4025,-10.6351,-37.1866,-0.377388,0.781189,-0.06517,5.4550000000000125
1772222880363502655,2026-02-27 15:08:00.363,-16.4764,-10.2074,-37.035,-0.355687,0.791761,-0.062164,5.456000000000003
1772222880364653910,2026-02-27 15:08:00.364,-16.5126,-10.1256,-37.7773,-0.345961,0.799089,-0.05387,5.457000000000008
1772222880365835186,2026-02-27 15:08:00.365,-16.6316,-9.99054,-37.4689,-0.335325,0.809803,-0.056913,5.458000000000013
1772222880367039870,2026-02-27 15:08:00.367,-16.7948,-9.91196,-37.236,-0.330702,0.820355,-0.058205,5.460000000000008
1772222880368246082,2026-02-27 15:08:00.368,-16.9295,-9.85398,-37.0874,-0.322899,0.833272,-0.061889,5.461000000000013
1772222880369426151,2026-02-27 15:08:00.369,-17.3644,-9.74334,-37.6076,-0.310694,0.863776,-0.063135,5.462000000000003
1772222880370603838,2026-02-27 15:08:00.370,-17.6912,-9.7666,-38.0854,-0.305446,0.885602,-0.064937,5.463000000000008
1772222880371779871,2026-02-27 15:08:00.371,-17.9086,-9.81422,-38.4753,-0.300566,0.903333,-0.064362,5.463999999999999
1772222880372985444,2026-02-27 15:08:00.372,-18.281,-9.81764,-37.7701,-0.29525,0.925156,-0.075939,5.465000000000003
1772222880374192017,2026-02-27 15:08:00.374,-18.6266,-9.89715,-38.5247,-0.292794,0.948878,-0.072874,5.466999999999999
1772222880375387259,2026-02-27 15:08:00.375,-18.9596,-9.92118,-38.9833,-0.289493,0.973488,-0.07453,5.4680000000000035
1772222880376599813,2026-02-27 15:08:00.376,-19.3488,-9.96106,-39.8774,-0.290402,0.999048,-0.072234,5.469000000000008
1772222880377854007,2026-02-27 15:08:00.377,-20.169,-10.1735,-40.5391,-0.294211,1.05092,-0.075025,5.469999999999999
1772222880379055741,2026-02-27 15:08:00.379,-20.5628,-10.2524,-40.8292,-0.294889,1.07962,-0.077796,5.472000000000008
1772222880380242019,2026-02-27 15:08:00.380,-21.0083,-10.4021,-40.9964,-0.299352,1.10867,-0.081021,5.472999999999999
1772222880381425225,2026-02-27 15:08:00.381,-21.3393,-10.5108,-41.994,-0.305248,1.13578,-0.075349,5.474000000000004
1772222880382608190,2026-02-27 15:08:00.382,-22.1654,-10.8238,-42.4725,-0.317789,1.18909,-0.081712,5.4750000000000085
1772222880383812323,2026-02-27 15:08:00.383,-22.5091,-11.029,-42.2071,-0.326276,1.21353,-0.08886,5.475999999999999
1772222880385017261,2026-02-27 15:08:00.385,-22.9401,-11.2488,-42.2006,-0.333765,1.23858,-0.093962,5.478000000000009
1772222880386221249,2026-02-27 15:08:00.386,-23.3062,-11.4887,-42.3433,-0.348473,1.26298,-0.098267,5.478999999999999
1772222880387414895,2026-02-27 15:08:00.387,-23.8085,-11.6971,-42.6476,-0.361608,1.28743,-0.099971,5.480000000000004
1772222880388617187,2026-02-27 15:08:00.388,-24.0798,-11.9549,-42.9684,-0.367937,1.31013,-0.101246,5.481000000000009
1772222880389862069,2026-02-27 15:08:00.389,-24.8116,-12.4141,-42.5634,-0.3925,1.35372,-0.115693,5.481999999999999
1772222880391064685,2026-02-27 15:08:00.391,-25.1585,-12.6063,-43.1466,-0.403442,1.37436,-0.114751,5.484000000000009
1772222880392268758,2026-02-27 15:08:00.392,-25.4749,-12.8968,-43.6688,-0.416639,1.39295,-0.113863,5.484999999999999
1772222880393472902,2026-02-27 15:08:00.393,-25.7605,-13.1337,-44.3986,-0.430122,1.40876,-0.112401,5.486000000000004
1772222880394663466,2026-02-27 15:08:00.394,-26.2452,-13.5884,-44.7846,-0.454668,1.43494,-0.11456,5.487000000000009
1772222880395906107,2026-02-27 15:08:00.395,-26.414,-13.7979,-44.8844,-0.465752,1.44057,-0.115804,5.4879999999999995
1772222880397082438,2026-02-27 15:08:00.397,-26.5804,-13.9848,-44.7434,-0.476996,1.44101,-0.116617,5.490000000000009
1772222880398290116,2026-02-27 15:08:00.398,-26.5418,-14.1158,-45.2295,-0.481677,1.42749,-0.108117,5.491
1772222880399610461,2026-02-27 15:08:00.399,-26.3219,-14.2159,-43.5974,-0.472215,1.38301,-0.11166,5.492000000000004
1772222880400796849,2026-02-27 15:08:00.400,-25.4334,-13.7597,-43.5257,-0.505206,1.44635,-0.123341,5.493000000000009
1772222880402007884,2026-02-27 15:08:00.402,-25.9418,-13.7411,-44.3246,-0.535654,1.47753,-0.125013,5.4950000000000045
1772222880403210293,2026-02-27 15:08:00.403,-26.0369,-13.8757,-44.5699,-0.554206,1.45151,-0.117478,5.496000000000009
1772222880404421099,2026-02-27 15:08:00.404,-25.8688,-14.3109,-45.326,-0.562222,1.40213,-0.115308,5.497
1772222880405614747,2026-02-27 15:08:00.405,-23.6676,-15.4137,-47.6423,-0.566368,1.37284,-0.161238,5.498000000000005
1772222880406746266,2026-02-27 15:08:00.406,-22.9997,-15.4878,-45.5639,-0.535701,1.2943,-0.210386,5.499000000000009
1772222880407948243,2026-02-27 15:08:00.407,-20.8455,-14.6666,-32.2742,-0.383772,0.704255,-0.14698,5.5
1772222880409152988,2026-02-27 15:08:00.409,-17.5923,-12.9151,-21.8973,-0.341258,0.471488,-0.104679,5.5020000000000095
1772222880410368746,2026-02-27 15:08:00.410,-13.1861,-10.7364,-13.4852,-0.344092,0.332972,-0.070089,5.503
1772222880411565508,2026-02-27 15:08:00.411,-6.41047,-6.6165,-5.72055,-0.228627,0.174992,-0.029746,5.504000000000005
1772222880412705769,2026-02-27 15:08:00.412,-2.89391,-4.11441,-4.03391,-0.153211,0.067608,-0.043141,5.50500000000001
1772222880413903375,2026-02-27 15:08:00.413,0.35569,-1.77967,-3.37493,-0.081398,-0.044014,-0.062608,5.506
1772222880415109455,2026-02-27 15:08:00.415,2.80399,0.127845,-3.42993,-0.009869,-0.13236,-0.080463,5.50800000000001
1772222880416309754,2026-02-27 15:08:00.416,4.13413,1.4314,-2.67237,0.043173,-0.18282,-0.101079,5.509
1772222880417502890,2026-02-27 15:08:00.417,6.22775,2.2173,-8.34539,-0.026517,-0.388691,-0.163798,5.510000000000005
1772222880418687823,2026-02-27 15:08:00.418,8.03767,1.99978,-9.07884,-0.012341,-0.390048,-0.192376,5.51100000000001
1772222880419930159,2026-02-27 15:08:00.419,13.0772,0.475572,-15.2803,-0.064073,-0.656581,-0.230989,5.5120000000000005
1772222880421131463,2026-02-27 15:08:00.421,15.1917,-0.403827,-17.8542,-0.11647,-0.818897,-0.212261,5.51400000000001
1772222880422332944,2026-02-27 15:08:00.422,16.5828,-1.29619,-16.5856,-0.085169,-0.842604,-0.182358,5.515000000000001
1772222880423648384,2026-02-27 15:08:00.423,17.8666,-1.62655,-17.2462,-0.045575,-0.838293,-0.143142,5.516000000000005
1772222880424839039,2026-02-27 15:08:00.424,18.0057,-0.765078,-19.4407,0.039267,-0.797179,-0.093672,5.51700000000001
1772222880426040501,2026-02-27 15:08:00.426,18.2581,0.057595,-21.3428,0.076847,-0.825547,-0.081242,5.5190000000000055
1772222880427243457,2026-02-27 15:08:00.427,17.7939,0.673778,-20.4019,0.067965,-0.794971,-0.098706,5.52000000000001
1772222880428470632,2026-02-27 15:08:00.428,16.8485,0.385975,-18.7956,0.047008,-0.750968,-0.110283,5.521000000000001
1772222880429640582,2026-02-27 15:08:00.429,14.6243,-2.17145,-18.8549,0.007245,-0.669833,-0.088143,5.522000000000006
1772222880430784434,2026-02-27 15:08:00.430,13.9538,-3.50247,-20.4277,-0.020733,-0.631704,-0.051852,5.52300000000001
1772222880431970858,2026-02-27 15:08:00.431,13.5585,-4.68843,-21.4473,-0.038369,-0.623559,-0.031329,5.524000000000001
1772222880433176616,2026-02-27 15:08:00.433,12.7285,-5.57159,-21.9085,-0.05444,-0.562568,-0.018104,5.5260000000000105
1772222880434380615,2026-02-27 15:08:00.434,12.1761,-6.17028,-22.3533,-0.063987,-0.575103,-0.002141,5.527000000000001
1772222880435705557,2026-02-27 15:08:00.435,11.7699,-6.38132,-23.0953,-0.07297,-0.561961,0.001026,5.528000000000006
1772222880436961166,2026-02-27 15:08:00.436,11.4066,-6.04918,-21.572,-0.103545,-0.548344,-0.010123,5.529000000000011
1772222880438162737,2026-02-27 15:08:00.438,11.7178,-6.046,-22.2702,-0.118504,-0.51076,-0.036549,5.531000000000006
1772222880439366580,2026-02-27 15:08:00.439,10.9514,-5.89934,-20.8541,-0.111114,-0.513437,-0.049581,5.532000000000011
1772222880440554819,2026-02-27 15:08:00.440,10.964,-5.58875,-19.2891,-0.109521,-0.527863,-0.042966,5.533000000000001
1772222880441718681,2026-02-27 15:08:00.441,11.5822,-4.95997,-18.6268,-0.090138,-0.555385,-0.033035,5.534000000000006
1772222880442849914,2026-02-27 15:08:00.442,12.0719,-4.56432,-18.5214,-0.103967,-0.548339,-0.045396,5.535000000000011
1772222880444050123,2026-02-27 15:08:00.444,12.5678,-4.35633,-18.5672,-0.106334,-0.52986,-0.061722,5.537000000000006
1772222880445251184,2026-02-27 15:08:00.445,13.4599,-4.11315,-18.5149,-0.11951,-0.513525,-0.080104,5.538000000000011
1772222880446432567,2026-02-27 15:08:00.446,14.0586,-4.24145,-19.0293,-0.114954,-0.476506,-0.09514,5.5390000000000015
1772222880447630776,2026-02-27 15:08:00.447,14.4171,-4.46201,-19.4522,-0.144631,-0.473015,-0.112178,5.540000000000006
1772222880448799686,2026-02-27 15:08:00.448,13.7632,-5.58959,-21.1671,-0.078584,-0.495315,-0.081961,5.541000000000011
1772222880449943619,2026-02-27 15:08:00.449,13.1353,-5.34075,-21.9406,-0.053651,-0.556544,-0.030689,5.542000000000002
1772222880451142596,2026-02-27 15:08:00.451,13.3594,-5.2336,-24.1449,0.023156,-0.557164,0.006382,5.544000000000011
1772222880452278196,2026-02-27 15:08:00.452,13.0039,-4.67161,-27.8136,0.067362,-0.46462,0.000995,5.545000000000002
1772222880453478699,2026-02-27 15:08:00.453,12.5909,-3.82017,-28.8092,0.097775,-0.456369,0.004224,5.5460000000000065
1772222880454620587,2026-02-27 15:08:00.454,13.6962,-2.62137,-25.8485,0.113507,-0.64371,0.02076,5.547000000000011
1772222880455773756,2026-02-27 15:08:00.455,14.2355,-2.55067,-21.499,0.084989,-0.704893,-0.001357,5.548000000000002
1772222880456954584,2026-02-27 15:08:00.456,14.563,-2.93915,-19.5236,0.055433,-0.693518,-0.014058,5.549000000000007
1772222880458129176,2026-02-27 15:08:00.458,14.4407,-3.25941,-18.058,0.01527,-0.673021,-0.028387,5.551000000000002
1772222880459302769,2026-02-27 15:08:00.459,14.1486,-3.66614,-17.6478,-0.00371,-0.65591,-0.030152,5.552000000000007
1772222880460492027,2026-02-27 15:08:00.460,13.6636,-3.75521,-16.8138,-0.02139,-0.642736,-0.031953,5.5530000000000115
1772222880461626107,2026-02-27 15:08:00.461,12.6843,-4.09454,-15.9434,-0.037687,-0.611825,-0.024429,5.554000000000002
1772222880462781618,2026-02-27 15:08:00.462,12.0693,-4.25484,-16.1981,-0.053264,-0.58641,-0.024799,5.555000000000007
1772222880463973289,2026-02-27 15:08:00.463,11.7394,-4.45338,-16.898,-0.067661,-0.577293,-0.015718,5.556000000000012
1772222880465159602,2026-02-27 15:08:00.465,11.5965,-4.76058,-17.264,-0.075532,-0.571296,-0.016474,5.558000000000007
1772222880466340424,2026-02-27 15:08:00.466,11.7378,-4.94844,-16.8843,-0.086306,-0.580434,-0.018887,5.559000000000012
1772222880467541939,2026-02-27 15:08:00.467,11.9788,-5.06609,-16.4576,-0.087614,-0.587199,-0.024547,5.560000000000002
1772222880468705942,2026-02-27 15:08:00.468,12.5197,-5.04587,-16.49,-0.084652,-0.591565,-0.030501,5.561000000000007
1772222880469838505,2026-02-27 15:08:00.469,12.5588,-4.82163,-16.4312,-0.081788,-0.600789,-0.030171,5.562000000000012
1772222880471042306,2026-02-27 15:08:00.471,12.4677,-4.64727,-16.111,-0.079399,-0.604179,-0.029533,5.564000000000007
1772222880472224148,2026-02-27 15:08:00.472,12.5755,-4.62204,-15.8751,-0.073135,-0.597456,-0.030488,5.565000000000012
1772222880473412798,2026-02-27 15:08:00.473,12.2395,-4.67062,-15.0923,-0.085945,-0.582564,-0.042557,5.5660000000000025
1772222880474549412,2026-02-27 15:08:00.474,11.9144,-4.72497,-14.986,-0.090065,-0.57404,-0.037857,5.567000000000007
1772222880475684761,2026-02-27 15:08:00.475,11.6878,-4.89614,-13.8576,-0.106525,-0.583092,-0.028224,5.568000000000012
1772222880476843222,2026-02-27 15:08:00.476,11.7114,-5.22124,-14.4936,-0.131191,-0.544624,-0.040324,5.569000000000003
1772222880478024369,2026-02-27 15:08:00.478,11.0441,-5.5326,-15.7156,-0.138003,-0.486959,-0.05055,5.571000000000012
1772222880479204252,2026-02-27 15:08:00.479,10.418,-5.69588,-16.0006,-0.142393,-0.46427,-0.04254,5.572000000000003
1772222880480360076,2026-02-27 15:08:00.480,10.0398,-5.82886,-15.9628,-0.146248,-0.459127,-0.033777,5.5730000000000075
1772222880481545744,2026-02-27 15:08:00.481,9.82859,-5.99167,-16.7275,-0.147092,-0.462508,-0.017047,5.574000000000012
1772222880482677761,2026-02-27 15:08:00.482,9.47603,-6.11797,-15.7125,-0.162521,-0.454864,-0.021278,5.575000000000003
1772222880483834440,2026-02-27 15:08:00.483,9.27557,-6.14376,-14.7309,-0.174357,-0.441353,-0.02899,5.576000000000008
1772222880485013146,2026-02-27 15:08:00.485,9.08793,-6.10327,-13.7943,-0.18186,-0.432168,-0.035901,5.578000000000003
1772222880486192360,2026-02-27 15:08:00.486,8.95602,-5.95248,-12.8853,-0.18634,-0.42847,-0.038381,5.579000000000008
1772222880487385931,2026-02-27 15:08:00.487,8.88927,-5.84116,-12.1166,-0.185819,-0.423512,-0.040699,5.5800000000000125
1772222880488564648,2026-02-27 15:08:00.488,8.76341,-5.67261,-11.5587,-0.185327,-0.410901,-0.0419,5.581000000000003
1772222880489711698,2026-02-27 15:08:00.489,8.48258,-5.51412,-10.5512,-0.183261,-0.389428,-0.05291,5.582000000000008
1772222880490911595,2026-02-27 15:08:00.490,7.8908,-5.28956,-10.0518,-0.180182,-0.363998,-0.049073,5.583000000000013
1772222880492091895,2026-02-27 15:08:00.492,7.60896,-5.19585,-10.0039,-0.180363,-0.359297,-0.041432,5.585000000000008
1772222880493271553,2026-02-27 15:08:00.493,7.47365,-5.12195,-10.0831,-0.17818,-0.354402,-0.035619,5.586000000000013
1772222880494469091,2026-02-27 15:08:00.494,7.42801,-5.03642,-9.80569,-0.177609,-0.349762,-0.034383,5.587000000000003
1772222880495605535,2026-02-27 15:08:00.495,7.33272,-5.05715,-9.6102,-0.179473,-0.343509,-0.033297,5.588000000000008
1772222880496762970,2026-02-27 15:08:00.496,7.27728,-4.82162,-9.20451,-0.180147,-0.335272,-0.029846,5.588999999999999
1772222880497930886,2026-02-27 15:08:00.497,7.1551,-4.73716,-9.7415,-0.179585,-0.330153,-0.022615,5.590000000000003
1772222880499115649,2026-02-27 15:08:00.499,7.08656,-4.67113,-8.99785,-0.179727,-0.327344,-0.024311,5.591999999999999
1772222880500293954,2026-02-27 15:08:00.500,7.03347,-4.57017,-8.51291,-0.18091,-0.320304,-0.026865,5.5930000000000035
1772222880501478755,2026-02-27 15:08:00.501,6.90444,-4.56042,-7.80299,-0.182792,-0.312104,-0.02976,5.594000000000008
1772222880502607443,2026-02-27 15:08:00.502,6.7162,-4.56084,-7.23502,-0.185881,-0.306312,-0.029919,5.594999999999999
1772222880503756636,2026-02-27 15:08:00.503,6.51566,-4.57303,-5.77817,-0.178194,-0.331192,-0.019718,5.596000000000004
1772222880504949035,2026-02-27 15:08:00.504,6.56116,-4.5773,-5.13638,-0.175831,-0.336096,-0.017988,5.597000000000008
1772222880506146681,2026-02-27 15:08:00.506,6.49617,-4.5196,-3.40034,-0.171947,-0.343178,-0.025105,5.599000000000004
1772222880507346601,2026-02-27 15:08:00.507,6.59707,-4.35745,-3.21271,-0.16977,-0.345841,-0.019118,5.6000000000000085
1772222880508576142,2026-02-27 15:08:00.508,6.69721,-4.27777,-2.56673,-0.165115,-0.350497,-0.017754,5.600999999999999
1772222880509704627,2026-02-27 15:08:00.509,6.69821,-4.07139,-2.41893,-0.158897,-0.354393,-0.012032,5.602000000000004
1772222880510890383,2026-02-27 15:08:00.510,6.86123,-3.72598,-2.02113,-0.152552,-0.339323,-0.01245,5.603000000000009
1772222880512088292,2026-02-27 15:08:00.512,6.83186,-3.65223,-1.8921,-0.149703,-0.322392,-0.012942,5.605000000000004
1772222880513226205,2026-02-27 15:08:00.513,6.58143,-3.58608,-1.91563,-0.144666,-0.301989,-0.012335,5.606000000000009
1772222880514343922,2026-02-27 15:08:00.514,6.27062,-3.51864,-2.61131,-0.141644,-0.288084,0.00038,5.606999999999999
1772222880515537868,2026-02-27 15:08:00.515,6.01161,-3.50281,-2.57358,-0.137964,-0.275155,0.000655,5.608000000000004
1772222880516669989,2026-02-27 15:08:00.516,5.78486,-3.55802,-2.56021,-0.134733,-0.260639,0.00168,5.609000000000009
1772222880517818055,2026-02-27 15:08:00.517,5.12948,-3.55512,-1.72161,-0.134061,-0.231445,-0.003031,5.609999999999999
1772222880519009975,2026-02-27 15:08:00.519,4.80513,-3.52432,-1.61163,-0.132308,-0.214132,-0.001496,5.612000000000009
1772222880520205787,2026-02-27 15:08:00.520,4.49276,-3.47204,-1.56069,-0.127137,-0.193507,3.4e-05,5.6129999999999995
1772222880521400831,2026-02-27 15:08:00.521,4.21543,-3.40452,-1.40923,-0.131585,-0.185902,0.00096,5.614000000000004
1772222880522570914,2026-02-27 15:08:00.522,3.91362,-3.28332,-0.867953,-0.113412,-0.161847,-0.003181,5.615000000000009
1772222880523702558,2026-02-27 15:08:00.523,3.50817,-3.07894,0.007966,-0.111679,-0.142622,-0.006878,5.616
1772222880524852755,2026-02-27 15:08:00.524,2.85518,-2.76711,-0.14542,-0.085797,-0.104304,0.001666,5.617000000000004
1772222880526046306,2026-02-27 15:08:00.526,2.44301,-2.57764,-0.247993,-0.085413,-0.079691,0.007569,5.619
1772222880527240511,2026-02-27 15:08:00.527,1.93827,-2.47719,-0.077536,-0.08663,-0.061267,0.005355,5.6200000000000045
1772222880528436167,2026-02-27 15:08:00.528,1.61484,-2.36407,0.098361,-0.090134,-0.055592,0.002336,5.621000000000009
1772222880529565793,2026-02-27 15:08:00.529,1.34422,-2.33735,0.267138,-0.078536,-0.034744,0.001889,5.622
1772222880530695594,2026-02-27 15:08:00.530,0.981929,-2.37576,0.365802,-0.081867,-0.023265,0.00146,5.623000000000005
1772222880531869666,2026-02-27 15:08:00.531,0.287416,-2.40746,-0.026652,-0.073816,0.006325,0.014164,5.624000000000009
1772222880533168137,2026-02-27 15:08:00.533,-0.010371,-2.35367,0.026016,-0.066367,0.020448,0.015405,5.626000000000005
1772222880534363323,2026-02-27 15:08:00.534,-0.269475,-2.33,0.67479,-0.058958,0.026479,0.012571,5.6270000000000095
1772222880535533216,2026-02-27 15:08:00.535,-0.575483,-2.23125,1.13951,-0.048517,0.045967,0.01341,5.628
1772222880536661178,2026-02-27 15:08:00.536,-0.805176,-2.1069,1.41662,-0.044373,0.05248,0.014392,5.629000000000005
1772222880537809703,2026-02-27 15:08:00.537,-1.15724,-1.91507,1.8963,-0.027527,0.072652,0.016295,5.63000000000001
1772222880539004202,2026-02-27 15:08:00.539,-1.4182,-1.80273,3.09543,-0.018333,0.084274,0.00736,5.632000000000005
1772222880540200285,2026-02-27 15:08:00.540,-1.46986,-1.67844,3.10389,-0.013664,0.088557,0.009419,5.63300000000001
1772222880541398722,2026-02-27 15:08:00.541,-1.48071,-1.59393,2.99509,-0.005933,0.092019,0.007812,5.634
1772222880542571156,2026-02-27 15:08:00.542,-1.4421,-1.56176,2.49646,-0.001911,0.090981,0.012759,5.635000000000005
1772222880543702382,2026-02-27 15:08:00.543,-1.38632,-1.52319,2.13459,0.000609,0.089275,0.015404,5.63600000000001
1772222880544853329,2026-02-27 15:08:00.544,-1.35048,-1.50982,2.1993,0.003038,0.088382,0.015063,5.6370000000000005
1772222880546028026,2026-02-27 15:08:00.546,-1.26964,-1.5029,2.25728,0.003842,0.085473,0.015754,5.63900000000001
1772222880547223309,2026-02-27 15:08:00.547,-1.26942,-1.46642,1.82255,7.2e-05,0.084934,0.019735,5.640000000000001
1772222880548420305,2026-02-27 15:08:00.548,-1.1746,-1.46701,1.26204,0.005561,0.083977,0.025055,5.641000000000005
1772222880549565194,2026-02-27 15:08:00.549,-1.1674,-1.35478,1.58125,0.006421,0.082885,0.022973,5.64200000000001
1772222880550692280,2026-02-27 15:08:00.550,-1.15625,-1.39454,1.92924,0.005286,0.081377,0.019504,5.643000000000001
1772222880551843034,2026-02-27 15:08:00.551,-1.17397,-1.36695,2.24901,0.003902,0.079817,0.017137,5.6440000000000055
1772222880553013209,2026-02-27 15:08:00.553,-1.12389,-1.30989,2.33087,0.00567,0.077564,0.017255,5.646000000000001
1772222880554208149,2026-02-27 15:08:00.554,-1.09296,-1.30962,2.31074,0.004736,0.07641,0.017224,5.647000000000006
1772222880555404005,2026-02-27 15:08:00.555,-1.14676,-1.32699,2.33593,0.002278,0.075494,0.016154,5.64800000000001
1772222880556566158,2026-02-27 15:08:00.556,-1.09277,-1.31451,3.36443,0.004336,0.075492,0.008623,5.649000000000001
1772222880557695361,2026-02-27 15:08:00.557,-1.09943,-1.33974,2.8883,0.00304,0.074646,0.012822,5.650000000000006
1772222880558845213,2026-02-27 15:08:00.558,-1.11311,-1.3599,2.21512,-0.000238,0.073945,0.019011,5.6510000000000105
1772222880560015543,2026-02-27 15:08:00.560,-1.10802,-1.39614,2.08246,-0.001495,0.074481,0.020589,5.653000000000006
1772222880561212627,2026-02-27 15:08:00.561,-1.15678,-1.43334,2.08585,-0.005711,0.073742,0.019667,5.654000000000011
1772222880562412045,2026-02-27 15:08:00.562,-1.11611,-1.42258,2.03662,-0.004632,0.07325,0.021148,5.655000000000001
1772222880563561966,2026-02-27 15:08:00.563,-1.16424,-1.4782,2.08365,-0.008958,0.073241,0.019798,5.656000000000006
1772222880564691487,2026-02-27 15:08:00.564,-1.09456,-1.46121,0.960691,-0.007759,0.072508,0.029865,5.657000000000011
1772222880565844670,2026-02-27 15:08:00.565,-1.14447,-1.46712,1.05938,-0.005222,0.073156,0.027211,5.658000000000001
1772222880567015414,2026-02-27 15:08:00.567,-1.07778,-1.4876,1.58548,-0.012255,0.069306,0.021168,5.660000000000011
1772222880568210283,2026-02-27 15:08:00.568,-1.04637,-1.47377,1.8309,-0.013977,0.068729,0.017848,5.661000000000001
1772222880569408099,2026-02-27 15:08:00.569,-1.07265,-1.44074,1.91747,-0.016038,0.067675,0.016833,5.662000000000006
1772222880570561308,2026-02-27 15:08:00.570,-1.00184,-1.46188,1.90642,-0.015749,0.065008,0.01554,5.663000000000011
1772222880571687648,2026-02-27 15:08:00.571,-0.997598,-1.43048,1.93295,-0.017458,0.064304,0.014476,5.6640000000000015
1772222880572856718,2026-02-27 15:08:00.572,-0.963058,-1.47032,2.51408,-0.016185,0.063481,0.006677,5.665000000000006
1772222880574028551,2026-02-27 15:08:00.574,-0.886511,-1.36298,2.68746,-0.01886,0.061038,0.00506,5.667000000000002
1772222880575222073,2026-02-27 15:08:00.575,-0.846391,-1.33211,2.27806,-0.015788,0.059809,0.008755,5.668000000000006
1772222880576421768,2026-02-27 15:08:00.576,-0.846719,-1.32593,1.8685,-0.020411,0.057325,0.011891,5.669000000000011
1772222880577563242,2026-02-27 15:08:00.577,-0.799157,-1.26758,1.90597,-0.017354,0.055447,0.012649,5.670000000000002
1772222880578692396,2026-02-27 15:08:00.578,-0.767351,-1.28633,1.97008,-0.018719,0.055215,0.012204,5.6710000000000065
1772222880579820574,2026-02-27 15:08:00.579,-0.740378,-1.21749,1.93114,-0.017561,0.054335,0.012028,5.672000000000011
1772222880580937206,2026-02-27 15:08:00.580,-0.757905,-1.18465,0.874181,-0.022195,0.054417,0.020773,5.673000000000002
1772222880582085727,2026-02-27 15:08:00.582,-0.720286,-1.14096,1.32551,-0.016856,0.053421,0.01752,5.675000000000011
1772222880583289539,2026-02-27 15:08:00.583,-0.749876,-1.09228,1.53177,-0.01782,0.054098,0.017007,5.676000000000002
1772222880584501645,2026-02-27 15:08:00.584,-0.772421,-1.09749,1.92705,-0.016793,0.053589,0.012565,5.677000000000007
1772222880585636056,2026-02-27 15:08:00.585,-0.759869,-1.0096,2.12024,-0.015457,0.055877,0.011211,5.6780000000000115
1772222880586832374,2026-02-27 15:08:00.586,-0.872971,-1.01145,2.1015,-0.016604,0.056922,0.010583,5.679000000000002
1772222880588005748,2026-02-27 15:08:00.588,-0.910949,-0.942242,2.24091,-0.013564,0.05874,0.011183,5.681000000000012
1772222880589198595,2026-02-27 15:08:00.589,-0.966164,-0.902104,3.36699,-0.014013,0.060014,0.000723,5.682000000000002
1772222880590398179,2026-02-27 15:08:00.590,-1.06089,-0.899586,3.00283,-0.013566,0.063433,0.003312,5.683000000000007
1772222880591573614,2026-02-27 15:08:00.591,-1.04594,-0.87659,2.975,-0.013076,0.064696,0.004574,5.684000000000012
1772222880592704848,2026-02-27 15:08:00.592,-1.10735,-0.842065,2.43502,-0.01339,0.06778,0.00919,5.685000000000002
1772222880593883935,2026-02-27 15:08:00.593,-1.19983,-0.854386,2.05243,-0.014672,0.069099,0.011328,5.686000000000007
1772222880595059507,2026-02-27 15:08:00.595,-1.28395,-0.792057,2.14791,-0.010461,0.071597,0.012368,5.688000000000002
1772222880596258046,2026-02-27 15:08:00.596,-1.37241,-0.725938,2.16376,-0.00981,0.073286,0.012879,5.689000000000007
1772222880597441081,2026-02-27 15:08:00.597,-1.34849,-0.786438,1.40616,-0.009432,0.074074,0.019886,5.690000000000012
1772222880598566131,2026-02-27 15:08:00.598,-1.32042,-0.737192,1.17601,-0.006499,0.075434,0.021093,5.6910000000000025
1772222880599696022,2026-02-27 15:08:00.599,-1.45015,-0.713709,1.34358,-0.008107,0.076628,0.019939,5.692000000000007
1772222880600896286,2026-02-27 15:08:00.600,-1.47296,-0.670329,1.83623,-0.007386,0.076964,0.016199,5.693000000000012
1772222880602071404,2026-02-27 15:08:00.602,-1.48241,-0.653211,2.19495,0.001612,0.078861,0.011659,5.695000000000007
1772222880603265991,2026-02-27 15:08:00.603,-1.51924,-0.633464,2.31123,-0.001864,0.07982,0.012309,5.696000000000012
1772222880604477611,2026-02-27 15:08:00.604,-1.46676,-0.58256,2.27273,0.001812,0.080957,0.012345,5.697000000000003
1772222880605610297,2026-02-27 15:08:00.605,-1.5149,-0.604419,2.55588,0.001346,0.0799,0.009319,5.6980000000000075
1772222880606745408,2026-02-27 15:08:00.606,-1.54958,-0.525196,3.37326,0.005966,0.081949,0.002851,5.699000000000012
1772222880607876881,2026-02-27 15:08:00.607,-1.55823,-0.570049,3.02679,0.005875,0.083336,0.006035,5.700000000000003
1772222880609052211,2026-02-27 15:08:00.609,-1.52554,-0.568956,2.45461,0.007046,0.083536,0.012771,5.702000000000012
1772222880610229833,2026-02-27 15:08:00.610,-1.54752,-0.589266,2.30627,0.005218,0.083928,0.013501,5.703000000000003
1772222880611427619,2026-02-27 15:08:00.611,-1.52341,-0.587006,2.32762,0.007221,0.08408,0.01354,5.704000000000008
1772222880612574563,2026-02-27 15:08:00.612,-1.5778,-0.556002,2.34763,0.011253,0.084791,0.013673,5.7050000000000125
1772222880613707042,2026-02-27 15:08:00.613,-1.545,-0.606968,2.36402,0.008993,0.083766,0.014244,5.706000000000003
1772222880614896435,2026-02-27 15:08:00.614,-1.46381,-0.5665,1.28695,0.012343,0.084838,0.023719,5.707000000000008
1772222880616071488,2026-02-27 15:08:00.616,-1.57487,-0.637667,1.71315,0.007257,0.085229,0.020235,5.709000000000003
1772222880617250442,2026-02-27 15:08:00.617,-1.52047,-0.620765,2.20537,0.01147,0.084287,0.016956,5.710000000000008
1772222880618372233,2026-02-27 15:08:00.618,-1.48365,-0.627962,2.50469,0.012852,0.084694,0.014983,5.711000000000013
1772222880619575882,2026-02-27 15:08:00.619,-1.47794,-0.583685,2.45081,0.018045,0.086309,0.014204,5.712000000000003
1772222880620706784,2026-02-27 15:08:00.620,-1.4735,-0.633005,2.5106,0.014464,0.083988,0.014168,5.713000000000008
1772222880621884403,2026-02-27 15:08:00.621,-1.47408,-0.634205,2.50694,0.0151,0.085125,0.014802,5.713999999999999
1772222880623060180,2026-02-27 15:08:00.623,-1.44719,-0.637276,3.43977,0.016681,0.083976,0.006165,5.716000000000008
1772222880624238358,2026-02-27 15:08:00.624,-1.43308,-0.627477,3.4545,0.016107,0.083137,0.007026,5.716999999999999
1772222880625435689,2026-02-27 15:08:00.625,-1.47347,-0.62134,2.86045,0.019526,0.085923,0.010813,5.7180000000000035
1772222880626568869,2026-02-27 15:08:00.626,-1.42962,-0.692201,2.44701,0.020594,0.08456,0.015049,5.719000000000008
1772222880627704309,2026-02-27 15:08:00.627,-1.41685,-0.717231,2.48421,0.021089,0.085176,0.015691,5.719999999999999
1772222880628920955,2026-02-27 15:08:00.628,-1.43539,-0.723262,2.44651,0.017454,0.085218,0.01496,5.721000000000004
1772222880630103202,2026-02-27 15:08:00.630,-1.38027,-0.736208,2.28378,0.018669,0.084404,0.018287,5.722999999999999
1772222880631300526,2026-02-27 15:08:00.631,-1.30637,-0.757916,1.47368,0.022962,0.08421,0.024287,5.724000000000004
1772222880632488923,2026-02-27 15:08:00.632,-1.29466,-0.765732,1.85268,0.021387,0.083528,0.022326,5.7250000000000085
1772222880633617573,2026-02-27 15:08:00.633,-1.27835,-0.774916,2.0529,0.019464,0.082267,0.019624,5.725999999999999
1772222880634791500,2026-02-27 15:08:00.634,-1.22873,-0.772644,2.42427,0.021286,0.081996,0.015999,5.727000000000004
1772222880635993906,2026-02-27 15:08:00.635,-1.23185,-0.805696,2.55611,0.02207,0.0825,0.014569,5.728000000000009
1772222880637167503,2026-02-27 15:08:00.637,-1.26825,-0.8147,2.63208,0.01708,0.080387,0.014981,5.730000000000004
1772222880638360097,2026-02-27 15:08:00.638,-1.12822,-0.780246,2.5737,0.020763,0.08048,0.015177,5.731000000000009
1772222880639537751,2026-02-27 15:08:00.639,-1.17321,-0.758367,3.76007,0.019873,0.078776,0.004769,5.731999999999999
1772222880640691677,2026-02-27 15:08:00.640,-1.21092,-0.751766,3.2868,0.020388,0.079882,0.008586,5.733000000000004
1772222880641893082,2026-02-27 15:08:00.641,-1.15821,-0.746991,3.26355,0.022104,0.078502,0.009243,5.734000000000009
1772222880643067356,2026-02-27 15:08:00.643,-1.06056,-0.783241,2.68163,0.021185,0.077845,0.01439,5.736000000000004
1772222880644370780,2026-02-27 15:08:00.644,-1.01268,-0.793832,2.48492,0.020798,0.078096,0.016586,5.737000000000009
1772222880645569651,2026-02-27 15:08:00.645,-1.05389,-0.786156,2.43384,0.02048,0.077846,0.014874,5.7379999999999995
1772222880646738861,2026-02-27 15:08:00.646,-1.10944,-0.785031,2.46404,0.017788,0.07679,0.016164,5.739000000000004
1772222880647939531,2026-02-27 15:08:00.647,-1.01492,-0.81878,1.49711,0.020678,0.077259,0.02437,5.740000000000009
1772222880649116560,2026-02-27 15:08:00.649,-0.965936,-0.796419,1.56496,0.023844,0.076263,0.023618,5.742000000000004
1772222880650291678,2026-02-27 15:08:00.650,-0.965385,-0.801031,2.03241,0.022354,0.076799,0.017426,5.743000000000009
1772222880651499215,2026-02-27 15:08:00.651,-1.00293,-0.829156,2.33514,0.017644,0.075581,0.014315,5.744
1772222880652635445,2026-02-27 15:08:00.652,-0.882847,-0.800153,2.42414,0.022267,0.075571,0.013767,5.7450000000000045
1772222880653825255,2026-02-27 15:08:00.653,-0.964984,-0.848809,2.38057,0.01887,0.073696,0.01372,5.746000000000009
1772222880655025679,2026-02-27 15:08:00.655,-0.906885,-0.817273,2.401,0.019503,0.074265,0.013934,5.748000000000005
1772222880656200396,2026-02-27 15:08:00.656,-0.921024,-0.862008,3.31914,0.019771,0.072425,0.004205,5.749000000000009
1772222880657394628,2026-02-27 15:08:00.657,-0.891762,-0.861366,3.00347,0.022018,0.072769,0.005979,5.75
1772222880658537580,2026-02-27 15:08:00.658,-0.882005,-0.846846,2.75578,0.018469,0.071517,0.00942,5.751000000000005
1772222880659692177,2026-02-27 15:08:00.659,-0.834057,-0.840056,2.24409,0.020406,0.07235,0.0132,5.7520000000000095
1772222880660885684,2026-02-27 15:08:00.660,-0.843829,-0.899268,2.08261,0.019309,0.07161,0.012859,5.753
1772222880662083528,2026-02-27 15:08:00.662,-0.772287,-0.874206,2.14498,0.019597,0.071115,0.01288,5.75500000000001
1772222880663255944,2026-02-27 15:08:00.663,-0.748713,-0.85343,2.07533,0.016175,0.07051,0.014058,5.756
1772222880664482925,2026-02-27 15:08:00.664,-0.762319,-0.855378,0.95724,0.015838,0.070393,0.023055,5.757000000000005
1772222880665625581,2026-02-27 15:08:00.665,-0.794672,-0.83714,1.44451,0.013433,0.069121,0.019903,5.75800000000001
1772222880666818025,2026-02-27 15:08:00.666,-0.792283,-0.87158,1.40941,0.01288,0.068875,0.019001,5.759
1772222880668018098,2026-02-27 15:08:00.668,-0.813207,-0.846484,1.86439,0.013481,0.06956,0.014795,5.76100000000001
1772222880669193207,2026-02-27 15:08:00.669,-0.815676,-0.829595,2.00411,0.014303,0.06956,0.012123,5.7620000000000005
1772222880670372255,2026-02-27 15:08:00.670,-0.810154,-0.849889,1.98642,0.012553,0.069731,0.011632,5.763000000000005
1772222880671561685,2026-02-27 15:08:00.671,-0.735117,-0.842646,2.04703,0.011095,0.068655,0.011826,5.76400000000001
1772222880672692650,2026-02-27 15:08:00.672,-0.8174,-0.84861,2.94439,0.009907,0.067609,0.001889,5.765000000000001
1772222880673867945,2026-02-27 15:08:00.673,-0.818616,-0.849558,2.71538,0.007265,0.069259,0.002538,5.766000000000005
1772222880675069821,2026-02-27 15:08:00.675,-0.72815,-0.817379,2.66922,0.011813,0.06834,0.003869,5.768000000000001
1772222880676244984,2026-02-27 15:08:00.676,-0.731434,-0.906048,1.70555,0.005417,0.065662,0.010673,5.7690000000000055
1772222880677437808,2026-02-27 15:08:00.677,-0.740974,-0.883257,1.64246,0.009438,0.065663,0.011167,5.77000000000001
1772222880678597263,2026-02-27 15:08:00.678,-0.614205,-0.922364,1.74684,0.004503,0.063846,0.010841,5.771000000000001
1772222880679744692,2026-02-27 15:08:00.679,-0.631372,-0.912425,1.58741,0.007126,0.064316,0.010389,5.772000000000006
1772222880680943960,2026-02-27 15:08:00.680,-0.659486,-0.926043,1.18032,0.001972,0.064132,0.016262,5.77300000000001
1772222880682146373,2026-02-27 15:08:00.682,-0.653118,-0.925877,0.688482,0.001851,0.063392,0.019841,5.775000000000006
1772222880683317069,2026-02-27 15:08:00.683,-0.584339,-0.916496,1.21622,0.000553,0.061139,0.01391,5.7760000000000105
1772222880684532857,2026-02-27 15:08:00.684,-0.594894,-0.879682,1.4594,0.004118,0.061905,0.011143,5.777000000000001
1772222880685663907,2026-02-27 15:08:00.685,-0.576059,-0.923093,1.59185,0.001289,0.060608,0.009433,5.778000000000006
1772222880686839943,2026-02-27 15:08:00.686,-0.594189,-0.91306,1.5541,0.00328,0.061087,0.009036,5.779000000000011
1772222880688040558,2026-02-27 15:08:00.688,-0.548668,-0.903454,1.55282,0.00178,0.059088,0.009226,5.781000000000006
1772222880689216818,2026-02-27 15:08:00.689,-0.65001,-0.903221,2.57566,0.002918,0.060985,-0.00105,5.782000000000011
1772222880690395581,2026-02-27 15:08:00.690,-0.60122,-0.91226,2.18376,0.002809,0.060677,0.002976,5.783000000000001
1772222880691562572,2026-02-27 15:08:00.691,-0.595585,-0.882885,2.1172,0.001379,0.06131,0.003767,5.784000000000006
1772222880692695335,2026-02-27 15:08:00.692,-0.663024,-0.922778,1.55764,0.001499,0.061045,0.00818,5.785000000000011
1772222880693871126,2026-02-27 15:08:00.693,-0.670191,-0.919471,1.2842,0.001132,0.062495,0.009501,5.786000000000001
1772222880695074525,2026-02-27 15:08:00.695,-0.721513,-0.890965,1.30563,-0.001332,0.063364,0.009066,5.788000000000011
1772222880696255094,2026-02-27 15:08:00.696,-0.783713,-0.939766,1.2864,-0.004998,0.064612,0.008542,5.7890000000000015
1772222880697436069,2026-02-27 15:08:00.697,-0.755646,-0.936543,0.24597,-0.003927,0.066838,0.018409,5.790000000000006
1772222880698599572,2026-02-27 15:08:00.698,-0.848351,-0.933431,0.524227,-0.003969,0.066709,0.016055,5.791000000000011
1772222880699774622,2026-02-27 15:08:00.699,-0.865245,-0.909949,0.427621,-0.000906,0.068906,0.015415,5.792000000000002
1772222880700972895,2026-02-27 15:08:00.700,-0.909225,-0.91933,0.943232,-0.004144,0.068076,0.010965,5.793000000000006
1772222880702171748,2026-02-27 15:08:00.702,-0.977699,-0.947726,1.2661,-0.00792,0.068012,0.007884,5.795000000000002
1772222880703351227,2026-02-27 15:08:00.703,-0.97533,-0.901205,1.2326,-0.00174,0.069433,0.007144,5.7960000000000065
1772222880704530416,2026-02-27 15:08:00.704,-0.985186,-0.895932,1.26707,-0.003995,0.069766,0.007973,5.797000000000011
1772222880705662248,2026-02-27 15:08:00.705,-1.02207,-0.849138,1.94999,-0.002523,0.072077,6.3e-05,5.798000000000002
1772222880706838070,2026-02-27 15:08:00.706,-1.04922,-0.833233,2.24486,-0.000119,0.07123,-0.001396,5.799000000000007
1772222880708045652,2026-02-27 15:08:00.708,-1.04454,-0.817885,2.0914,-0.001353,0.070895,0.000213,5.801000000000002
1772222880709221823,2026-02-27 15:08:00.709,-1.10138,-0.817683,1.70073,0.000404,0.072466,0.003888,5.802000000000007
1772222880710397367,2026-02-27 15:08:00.710,-1.17757,-0.754105,1.24851,-0.001662,0.07267,0.007301,5.8030000000000115
1772222880711538296,2026-02-27 15:08:00.711,-1.15454,-0.670908,1.24876,0.002199,0.074831,0.007596,5.804000000000002
1772222880712669279,2026-02-27 15:08:00.712,-1.20112,-0.660894,1.25488,0.003513,0.075146,0.006586,5.805000000000007
1772222880713844588,2026-02-27 15:08:00.713,-1.25089,-0.646877,1.10387,0.000574,0.074676,0.007553,5.806000000000012
1772222880715046447,2026-02-27 15:08:00.715,-1.14032,-0.605674,0.17156,0.007886,0.074635,0.016977,5.808000000000007
1772222880716228592,2026-02-27 15:08:00.716,-1.17331,-0.507796,0.642102,0.007669,0.075931,0.01344,5.809000000000012
1772222880717402594,2026-02-27 15:08:00.717,-1.26681,-0.521097,1.24345,0.00565,0.074639,0.008241,5.810000000000002
1772222880718530299,2026-02-27 15:08:00.718,-1.28581,-0.478756,1.45997,0.006627,0.07517,0.006271,5.811000000000007
1772222880719657928,2026-02-27 15:08:00.719,-1.27731,-0.417373,1.41866,0.009652,0.075511,0.006549,5.812000000000012
1772222880720855360,2026-02-27 15:08:00.720,-1.3187,-0.445147,1.44249,0.009092,0.076738,0.0059,5.813000000000002
1772222880722052900,2026-02-27 15:08:00.722,-1.29136,-0.427077,1.48078,0.009255,0.076176,0.006354,5.815000000000012
1772222880723248304,2026-02-27 15:08:00.723,-1.30556,-0.37354,2.64464,0.013812,0.074915,-0.003318,5.8160000000000025
1772222880724421711,2026-02-27 15:08:00.724,-1.32683,-0.29414,2.27275,0.013247,0.076228,0.000559,5.817000000000007
1772222880725530959,2026-02-27 15:08:00.725,-1.30904,-0.287019,1.69576,0.0161,0.07784,0.004969,5.818000000000012
1772222880726661635,2026-02-27 15:08:00.726,-1.34494,-0.300392,1.50135,0.01461,0.079301,0.006531,5.819000000000003
1772222880727857790,2026-02-27 15:08:00.727,-1.45494,-0.302242,1.47781,0.011505,0.079229,0.006516,5.820000000000007
1772222880729054308,2026-02-27 15:08:00.729,-1.37813,-0.312542,1.41815,0.016078,0.078532,0.006753,5.822000000000003
1772222880730192430,2026-02-27 15:08:00.730,-1.40886,-0.314245,1.47913,0.017013,0.080445,0.006794,5.8230000000000075
1772222880731366616,2026-02-27 15:08:00.731,-1.48318,-0.315928,0.548112,0.01079,0.080911,0.014729,5.824000000000012
1772222880732531046,2026-02-27 15:08:00.732,-1.42887,-0.347741,0.720053,0.016857,0.08046,0.013841,5.825000000000003
1772222880733665915,2026-02-27 15:08:00.733,-1.44347,-0.374556,1.19872,0.014194,0.079761,0.008927,5.826000000000008
1772222880734883240,2026-02-27 15:08:00.734,-1.46072,-0.349805,1.54351,0.013462,0.079705,0.005922,5.827000000000012
1772222880736083238,2026-02-27 15:08:00.736,-1.47348,-0.261078,1.71337,0.017993,0.080555,0.005086,5.829000000000008
1772222880737284096,2026-02-27 15:08:00.737,-1.44093,-0.311443,1.68915,0.016053,0.079337,0.005645,5.8300000000000125
1772222880738475426,2026-02-27 15:08:00.738,-1.42852,-0.287465,1.96184,0.016341,0.079235,0.001323,5.831000000000003
1772222880739605002,2026-02-27 15:08:00.739,-1.41481,-0.297877,2.81803,0.016831,0.077638,-0.005019,5.832000000000008
1772222880740779620,2026-02-27 15:08:00.740,-1.3923,-0.273886,2.51268,0.014661,0.076277,-0.002008,5.833000000000013
1772222880741978249,2026-02-27 15:08:00.741,-1.35178,-0.279738,2.25558,0.017532,0.076504,0.00023,5.834000000000003
1772222880743178596,2026-02-27 15:08:00.743,-1.34949,-0.243237,1.79871,0.018296,0.07544,0.004728,5.836000000000013
1772222880744354864,2026-02-27 15:08:00.744,-1.39004,-0.286102,1.61134,0.012715,0.07585,0.004928,5.837000000000003
1772222880745550845,2026-02-27 15:08:00.745,-1.29015,-0.258735,1.65629,0.018572,0.074036,0.004847,5.838000000000008
1772222880746703885,2026-02-27 15:08:00.746,-1.32476,-0.287686,1.69506,0.014104,0.073403,0.004788,5.838999999999999
1772222880747895084,2026-02-27 15:08:00.747,-1.18346,-0.311595,0.592689,0.01545,0.071885,0.015031,5.840000000000003
1772222880749095425,2026-02-27 15:08:00.749,-1.26883,-0.30165,0.950455,0.014558,0.074604,0.009883,5.841999999999999
1772222880750285048,2026-02-27 15:08:00.750,-1.20385,-0.305846,1.0147,0.017234,0.07404,0.00973,5.8430000000000035
1772222880751481460,2026-02-27 15:08:00.751,-1.23557,-0.372942,1.74328,0.013344,0.072824,0.003856,5.844000000000008
1772222880752611185,2026-02-27 15:08:00.752,-1.23875,-0.387919,1.72609,0.014862,0.072973,0.003442,5.844999999999999
1772222880753785568,2026-02-27 15:08:00.753,-1.25782,-0.428082,1.70227,0.011307,0.07392,0.003757,5.846000000000004
1772222880755087046,2026-02-27 15:08:00.755,-1.26833,-0.456417,1.70619,0.010135,0.074558,0.003075,5.847999999999999
1772222880756288142,2026-02-27 15:08:00.756,-1.28406,-0.434632,2.65398,0.010843,0.07359,-0.004896,5.849000000000004
1772222880757477422,2026-02-27 15:08:00.757,-1.23654,-0.476957,2.52328,0.009604,0.072656,-0.003536,5.8500000000000085
1772222880758609551,2026-02-27 15:08:00.758,-1.2107,-0.489783,2.0292,0.008125,0.072945,0.000407,5.850999999999999
1772222880759785951,2026-02-27 15:08:00.759,-1.23322,-0.508056,1.54001,0.008495,0.073522,0.003557,5.852000000000004
1772222880760985476,2026-02-27 15:08:00.760,-1.22824,-0.510646,1.4991,0.006855,0.073342,0.003498,5.853000000000009
1772222880762167599,2026-02-27 15:08:00.762,-1.22247,-0.511825,1.55888,0.003287,0.071665,0.003477,5.855000000000004
1772222880763341754,2026-02-27 15:08:00.763,-1.15658,-0.499611,1.55944,0.006061,0.071127,0.003727,5.856000000000009
1772222880764536284,2026-02-27 15:08:00.764,-1.10244,-0.52251,0.459094,0.006966,0.069679,0.01337,5.856999999999999
1772222880765677221,2026-02-27 15:08:00.765,-1.09075,-0.497467,0.687054,0.007568,0.069391,0.009675,5.858000000000004
1772222880766897975,2026-02-27 15:08:00.766,-1.07241,-0.50822,1.00463,0.003699,0.068154,0.007635,5.859000000000009
1772222880768097210,2026-02-27 15:08:00.768,-1.03428,-0.516019,1.42941,0.003481,0.068002,0.005064,5.861000000000004
1772222880769296346,2026-02-27 15:08:00.769,-1.007,-0.531192,1.57075,0.003474,0.066605,0.002149,5.862000000000009
1772222880770480370,2026-02-27 15:08:00.770,-0.899817,-0.558137,1.54792,0.001158,0.064894,0.002678,5.8629999999999995
1772222880771612900,2026-02-27 15:08:00.771,-0.872097,-0.541459,1.51372,0.002621,0.065065,0.001826,5.864000000000004
1772222880772791369,2026-02-27 15:08:00.772,-0.962118,-0.544508,2.57401,0.003417,0.064769,-0.007985,5.865000000000009
1772222880773989448,2026-02-27 15:08:00.773,-0.894346,-0.529193,2.05999,0.002183,0.063259,-0.00403,5.866
1772222880775188231,2026-02-27 15:08:00.775,-0.832386,-0.565512,2.0788,0.000724,0.063174,-0.003677,5.868000000000009
1772222880776379046,2026-02-27 15:08:00.776,-0.855859,-0.531734,1.43498,0.00205,0.063454,0.001364,5.869
1772222880777541038,2026-02-27 15:08:00.777,-0.832853,-0.592382,1.28299,-0.006819,0.061928,0.002352,5.8700000000000045
1772222880778672452,2026-02-27 15:08:00.778,-0.785753,-0.602004,1.21859,-0.002295,0.061451,0.003241,5.871000000000009
1772222880779805454,2026-02-27 15:08:00.779,-0.821746,-0.597421,1.11436,-0.004608,0.061608,0.003369,5.872
1772222880780924649,2026-02-27 15:08:00.780,-0.791818,-0.592051,0.182401,-0.006094,0.061194,0.012001,5.873000000000005
1772222880782100470,2026-02-27 15:08:00.782,-0.799224,-0.638554,0.253709,-0.008987,0.061244,0.010249,5.875
1772222880783298604,2026-02-27 15:08:00.783,-0.701171,-0.659719,0.356943,-0.008981,0.058948,0.010273,5.876000000000005
1772222880784479401,2026-02-27 15:08:00.784,-0.711566,-0.688892,0.750204,-0.012648,0.058447,0.005925,5.8770000000000095
1772222880785620596,2026-02-27 15:08:00.785,-0.705451,-0.72606,1.0094,-0.011204,0.057688,0.003736,5.878
1772222880786817430,2026-02-27 15:08:00.786,-0.737959,-0.706366,1.01557,-0.015646,0.056929,0.002405,5.879000000000005
1772222880788016190,2026-02-27 15:08:00.788,-0.758375,-0.727141,0.956225,-0.018745,0.056564,0.001886,5.881
1772222880789201368,2026-02-27 15:08:00.789,-0.671092,-0.746325,1.53967,-0.016321,0.055169,-0.002907,5.882000000000005
1772222880790384669,2026-02-27 15:08:00.790,-0.675925,-0.713094,2.04988,-0.017269,0.055212,-0.006256,5.88300000000001
1772222880791531181,2026-02-27 15:08:00.791,-0.655151,-0.787146,1.75306,-0.019129,0.053118,-0.004558,5.884
1772222880792677392,2026-02-27 15:08:00.792,-0.619724,-0.756663,1.32186,-0.018658,0.053919,-0.000743,5.885000000000005
1772222880793896491,2026-02-27 15:08:00.793,-0.635235,-0.777523,0.702102,-0.020606,0.05395,0.003571,5.88600000000001
1772222880795095614,2026-02-27 15:08:00.795,-0.624484,-0.781292,0.720977,-0.025815,0.052093,0.003492,5.888000000000005
1772222880796299510,2026-02-27 15:08:00.796,-0.586443,-0.7553,0.68224,-0.022333,0.0533,0.003518,5.88900000000001
1772222880797503487,2026-02-27 15:08:00.797,-0.505096,-0.842849,-0.457791,-0.026382,0.050929,0.012784,5.890000000000001
1772222880798645621,2026-02-27 15:08:00.798,-0.554984,-0.849523,0.034044,-0.027023,0.050844,0.00901,5.891000000000005
1772222880799838536,2026-02-27 15:08:00.799,-0.522498,-0.803355,-0.001686,-0.026971,0.051645,0.008345,5.89200000000001
1772222880801036447,2026-02-27 15:08:00.801,-0.55451,-0.803033,0.411777,-0.028194,0.051084,0.004089,5.8940000000000055
1772222880802233266,2026-02-27 15:08:00.802,-0.572772,-0.842716,0.671426,-0.034263,0.050136,0.001331,5.89500000000001
1772222880803430020,2026-02-27 15:08:00.803,-0.520349,-0.873581,0.569392,-0.030845,0.050582,0.00172,5.896000000000001
1772222880804600070,2026-02-27 15:08:00.804,-0.530913,-0.883032,0.610414,-0.033193,0.049745,0.001494,5.897000000000006
1772222880805795327,2026-02-27 15:08:00.805,-0.518006,-0.847066,1.60958,-0.031336,0.049894,-0.007945,5.89800000000001
1772222880806993769,2026-02-27 15:08:00.806,-0.587329,-0.853008,1.40531,-0.033183,0.048744,-0.005053,5.899000000000001
1772222880808191934,2026-02-27 15:08:00.808,-0.553638,-0.808272,1.36559,-0.033471,0.050121,-0.005096,5.9010000000000105
1772222880809391472,2026-02-27 15:08:00.809,-0.43068,-0.906654,0.770764,-0.033479,0.047619,-0.001025,5.902000000000001
1772222880810627252,2026-02-27 15:08:00.810,-0.468602,-0.850735,0.447461,-0.033558,0.048609,0.001609,5.903000000000006
1772222880811839661,2026-02-27 15:08:00.811,-0.452097,-0.873732,0.483276,-0.035978,0.046406,0.00223,5.904000000000011
1772222880813045002,2026-02-27 15:08:00.813,-0.434006,-0.899552,0.442618,-0.037438,0.045512,0.002165,5.906000000000006
1772222880814266300,2026-02-27 15:08:00.814,-0.445284,-0.824379,-0.126343,-0.035483,0.046703,0.00833,5.907000000000011
1772222880815606337,2026-02-27 15:08:00.815,-0.821235,-1.28295,-1.23704,-0.032347,0.037625,0.011941,5.908000000000001
1772222880816819766,2026-02-27 15:08:00.816,-0.182248,-1.63817,-5.31424,0.015517,0.023913,0.006925,5.909000000000006
1772222880818017448,2026-02-27 15:08:00.818,-0.034715,-1.82605,-8.36232,0.026102,-0.010362,0.008782,5.911000000000001
1772222880819217055,2026-02-27 15:08:00.819,-0.190095,-1.8739,-9.25819,0.040072,-0.004409,0.005991,5.912000000000006
1772222880820417121,2026-02-27 15:08:00.820,-0.084505,-1.79268,-9.61722,0.036878,-0.041173,0.013309,5.913000000000011
1772222880821543887,2026-02-27 15:08:00.821,0.030591,-1.82443,-10.0098,0.03958,-0.051868,0.017498,5.9140000000000015
1772222880822676948,2026-02-27 15:08:00.822,0.013772,-1.91063,-8.82527,0.048104,-0.048272,0.004995,5.915000000000006
1772222880823871560,2026-02-27 15:08:00.823,0.076019,-1.88264,-8.72835,0.05892,-0.025586,0.004062,5.916000000000011
1772222880825069187,2026-02-27 15:08:00.825,-0.167169,-1.8203,-8.21821,0.061706,-0.017726,0.003602,5.918000000000006
1772222880826250280,2026-02-27 15:08:00.826,-0.289977,-1.59269,-7.78516,0.069049,-0.000225,0.006491,5.919000000000011
1772222880827425413,2026-02-27 15:08:00.827,-0.375067,-1.45004,-6.91541,0.062258,0.002235,0.006918,5.920000000000002
1772222880828548076,2026-02-27 15:08:00.828,-0.472336,-1.3064,-5.93502,0.050317,0.007987,0.005761,5.9210000000000065
1772222880829679776,2026-02-27 15:08:00.829,-0.33221,-1.17022,-4.59165,0.034781,0.002844,0.005393,5.922000000000011
1772222880830853116,2026-02-27 15:08:00.830,-0.279388,-1.23628,-5.32774,0.02402,-0.003175,0.017815,5.923000000000002
1772222880832057874,2026-02-27 15:08:00.832,-0.199233,-1.29204,-4.88943,0.015056,-0.009987,0.015758,5.925000000000011
1772222880833255386,2026-02-27 15:08:00.833,-0.117003,-1.41371,-4.9608,0.013952,-0.01592,0.01738,5.926000000000002
1772222880834478493,2026-02-27 15:08:00.834,0.023515,-1.45594,-4.61819,0.011659,-0.021791,0.014942,5.927000000000007
1772222880835613220,2026-02-27 15:08:00.835,0.106877,-1.52904,-4.81083,0.012543,-0.027505,0.013357,5.9280000000000115
1772222880836773809,2026-02-27 15:08:00.836,0.230034,-1.69092,-5.6819,0.013963,-0.0424,0.015747,5.929000000000002
1772222880837972083,2026-02-27 15:08:00.837,0.245522,-1.70287,-6.21722,0.019287,-0.049712,0.016726,5.930000000000007
1772222880839175662,2026-02-27 15:08:00.839,0.277515,-1.79319,-5.92999,0.024322,-0.058918,0.010225,5.932000000000002
1772222880840373914,2026-02-27 15:08:00.840,0.344299,-1.78898,-6.1451,0.031543,-0.064948,0.009244,5.933000000000007
1772222880841562035,2026-02-27 15:08:00.841,0.355502,-1.76792,-6.64451,0.039039,-0.070322,0.011133,5.934000000000012
1772222880842695221,2026-02-27 15:08:00.842,0.536072,-1.65081,-7.83895,0.055978,-0.080584,0.020556,5.935000000000002
1772222880843850387,2026-02-27 15:08:00.843,0.613677,-1.62118,-7.85747,0.057569,-0.086134,0.02042,5.936000000000007
1772222880845051006,2026-02-27 15:08:00.845,0.673589,-1.4781,-7.83562,0.064779,-0.093648,0.020526,5.938000000000002
1772222880846225620,2026-02-27 15:08:00.846,0.807045,-1.3642,-7.59671,0.070623,-0.099813,0.021927,5.939000000000007
1772222880847400745,2026-02-27 15:08:00.847,0.891154,-1.28476,-7.58599,0.07351,-0.107479,0.023598,5.940000000000012
1772222880848563478,2026-02-27 15:08:00.848,1.19942,-1.10546,-7.8222,0.077612,-0.12371,0.029272,5.9410000000000025
1772222880849693222,2026-02-27 15:08:00.849,1.31033,-1.03991,-7.48814,0.078575,-0.133888,0.028106,5.942000000000007
1772222880850839027,2026-02-27 15:08:00.850,1.36964,-1.0286,-7.02977,0.07587,-0.143692,0.026285,5.943000000000012
1772222880852009109,2026-02-27 15:08:00.852,1.50058,-0.960697,-6.80177,0.076537,-0.151878,0.025869,5.945000000000007
1772222880853176988,2026-02-27 15:08:00.853,1.58912,-0.929809,-6.87051,0.082645,-0.161847,0.027356,5.946000000000012
1772222880854357103,2026-02-27 15:08:00.854,1.72078,-0.926573,-6.8577,0.07794,-0.170917,0.028395,5.947000000000003
1772222880855559724,2026-02-27 15:08:00.855,1.91031,-0.885921,-5.93019,0.082901,-0.186515,0.020827,5.9480000000000075
1772222880856687018,2026-02-27 15:08:00.856,2.03626,-0.911198,-6.42652,0.08371,-0.194523,0.025304,5.949000000000012
1772222880857856755,2026-02-27 15:08:00.857,2.06672,-0.883581,-6.53877,0.085493,-0.201835,0.026882,5.950000000000003
1772222880859028284,2026-02-27 15:08:00.859,2.16602,-0.895678,-7.20831,0.087287,-0.20752,0.032979,5.952000000000012
1772222880860225024,2026-02-27 15:08:00.860,2.2531,-0.902116,-7.63196,0.087241,-0.213475,0.035557,5.953000000000003
1772222880861421332,2026-02-27 15:08:00.861,2.27532,-0.923983,-7.69627,0.087733,-0.218283,0.036007,5.954000000000008
1772222880862558581,2026-02-27 15:08:00.862,2.3146,-0.90871,-7.72616,0.087856,-0.221229,0.037518,5.9550000000000125
1772222880863739765,2026-02-27 15:08:00.863,2.42641,-0.99324,-8.60461,0.08588,-0.227368,0.044236,5.956000000000003
1772222880865042292,2026-02-27 15:08:00.865,2.42942,-0.991786,-8.70691,0.084571,-0.229256,0.04418,5.958000000000013
1772222880866243895,2026-02-27 15:08:00.866,2.44699,-1.0345,-8.62309,0.08237,-0.230169,0.043733,5.959000000000003
1772222880867441769,2026-02-27 15:08:00.867,2.36094,-1.00285,-8.0724,0.083566,-0.230566,0.040289,5.960000000000008
1772222880868632876,2026-02-27 15:08:00.868,2.37097,-1.09623,-7.65669,0.078203,-0.229738,0.035638,5.961000000000013
1772222880869771492,2026-02-27 15:08:00.869,2.35471,-1.15717,-7.6326,0.074213,-0.227497,0.034869,5.962000000000003
1772222880870946336,2026-02-27 15:08:00.870,2.32425,-1.20903,-7.71586,0.07056,-0.225325,0.034917,5.963000000000008
1772222880872145660,2026-02-27 15:08:00.872,2.25674,-1.29348,-7.46001,0.069355,-0.221906,0.029848,5.965000000000003
1772222880873317977,2026-02-27 15:08:00.873,2.19061,-1.26366,-6.69264,0.063833,-0.219027,0.024186,5.966000000000008
1772222880874535450,2026-02-27 15:08:00.874,2.16327,-1.33438,-7.13385,0.061926,-0.215371,0.026174,5.966999999999999
1772222880875699596,2026-02-27 15:08:00.875,1.97338,-1.43505,-7.91008,0.053651,-0.204594,0.032086,5.9680000000000035
1772222880876897527,2026-02-27 15:08:00.876,1.92063,-1.49497,-8.02965,0.049278,-0.199561,0.031424,5.969000000000008
1772222880878095958,2026-02-27 15:08:00.878,1.72959,-1.61013,-8.1278,0.042066,-0.192576,0.030092,5.971000000000004
1772222880879293531,2026-02-27 15:08:00.879,1.73766,-1.60974,-8.1239,0.043096,-0.185179,0.029787,5.972000000000008
1772222880880507818,2026-02-27 15:08:00.880,1.56925,-1.68757,-8.178,0.038132,-0.178752,0.028116,5.972999999999999
1772222880881669574,2026-02-27 15:08:00.881,1.54439,-1.76091,-9.35951,0.035034,-0.171329,0.037515,5.974000000000004
1772222880882802174,2026-02-27 15:08:00.882,1.32466,-1.87336,-8.95879,0.028949,-0.157135,0.031693,5.9750000000000085
1772222880883989091,2026-02-27 15:08:00.883,1.18453,-1.97518,-8.59383,0.024334,-0.147761,0.025274,5.975999999999999
1772222880885195748,2026-02-27 15:08:00.885,1.05036,-2.02434,-8.35435,0.021304,-0.141441,0.022521,5.978000000000009
1772222880886396507,2026-02-27 15:08:00.886,0.923468,-2.04528,-8.38807,0.018099,-0.133741,0.021099,5.978999999999999
1772222880887571672,2026-02-27 15:08:00.887,0.80473,-2.13716,-8.48839,0.0118,-0.126117,0.020388,5.980000000000004
1772222880888736234,2026-02-27 15:08:00.888,0.592416,-2.30245,-7.54243,0.004212,-0.11517,0.00887,5.981000000000009
1772222880889914574,2026-02-27 15:08:00.889,0.548516,-2.38325,-7.70605,0.001963,-0.110481,0.008857,5.981999999999999
1772222880891118555,2026-02-27 15:08:00.891,0.488544,-2.40528,-7.80651,0.000111,-0.1056,0.008499,5.984000000000009
1772222880892327711,2026-02-27 15:08:00.892,0.394162,-2.48338,-8.37112,-0.005261,-0.10327,0.013391,5.984999999999999
1772222880893542558,2026-02-27 15:08:00.893,0.385366,-2.53082,-8.91792,-0.007979,-0.099866,0.015951,5.986000000000004
1772222880894709362,2026-02-27 15:08:00.894,0.283443,-2.67775,-9.07845,-0.016277,-0.095267,0.014957,5.987000000000009
1772222880895888172,2026-02-27 15:08:00.895,0.262246,-2.73608,-9.19983,-0.017038,-0.09229,0.01481,5.9879999999999995
1772222880897083881,2026-02-27 15:08:00.897,0.210059,-2.77413,-9.77773,-0.020432,-0.088914,0.018864,5.990000000000009
1772222880898280525,2026-02-27 15:08:00.898,0.176324,-2.82286,-10.5972,-0.022929,-0.085106,0.022567,5.991
1772222880899488048,2026-02-27 15:08:00.899,0.080203,-2.87111,-10.462,-0.024965,-0.082721,0.020243,5.992000000000004
1772222880900631260,2026-02-27 15:08:00.900,0.040305,-2.92237,-10.312,-0.0243,-0.078528,0.015999,5.993000000000009
1772222880901775536,2026-02-27 15:08:00.901,-0.2687,-3.07551,-10.2173,-0.035404,-0.068173,0.009562,5.994
1772222880902982026,2026-02-27 15:08:00.902,-0.312825,-3.12108,-10.5017,-0.031267,-0.064167,0.009646,5.9950000000000045
1772222880904183815,2026-02-27 15:08:00.904,-0.392399,-3.24899,-10.6392,-0.036469,-0.058832,0.008503,5.997
1772222880905385674,2026-02-27 15:08:00.905,-0.532249,-3.21287,-10.8664,-0.032167,-0.050367,0.005877,5.998000000000005
1772222880906574804,2026-02-27 15:08:00.906,-0.759966,-3.30767,-9.78926,-0.039329,-0.0469,-0.004119,5.999000000000009
1772222880907739395,2026-02-27 15:08:00.907,-1.07062,-3.39321,-10.2787,-0.04076,-0.033348,-0.0015,6.0
1772222880908878135,2026-02-27 15:08:00.908,-1.15172,-3.35831,-10.6785,-0.036884,-0.033905,0.00356,6.001000000000005
1772222880910083465,2026-02-27 15:08:00.910,-1.14416,-3.3482,-10.6294,-0.038994,-0.022183,0.002515,6.003
1772222880911281830,2026-02-27 15:08:00.911,-1.31618,-3.34144,-10.3296,-0.039417,-0.016156,-9.4e-05,6.004000000000005
1772222880912496309,2026-02-27 15:08:00.912,-1.44025,-3.27758,-9.07274,-0.041374,-0.034265,0.00307,6.00500000000001
1772222880913636763,2026-02-27 15:08:00.913,-1.22772,-3.13765,-8.65431,-0.039219,-0.013439,-0.000427,6.006
1772222880914792740,2026-02-27 15:08:00.914,-1.37018,-3.02815,-9.90203,-0.052882,0.025176,-0.006109,6.007000000000005
1772222880915927010,2026-02-27 15:08:00.915,-1.54809,-3.05917,-10.5292,-0.048566,0.069747,-0.015277,6.00800000000001
1772222880917125211,2026-02-27 15:08:00.917,-1.86725,-3.17617,-9.99979,-0.046606,0.008609,-0.008358,6.010000000000005
1772222880918321344,2026-02-27 15:08:00.918,-1.68883,-3.2037,-9.81292,-0.045791,0.011439,-0.011388,6.01100000000001
1772222880919531674,2026-02-27 15:08:00.919,-1.49059,-3.30885,-11.0833,-0.042524,0.048477,-0.021074,6.0120000000000005
1772222880920677643,2026-02-27 15:08:00.920,-1.81771,-3.49975,-12.9174,-0.057056,0.072887,-0.028439,6.013000000000005
1772222880921862564,2026-02-27 15:08:00.921,-2.20104,-4.15677,-15.9808,-0.076188,0.090541,-0.029011,6.01400000000001
1772222880923059109,2026-02-27 15:08:00.923,-2.61582,-4.63965,-18.2503,-0.078272,0.123072,-0.037655,6.016000000000005
1772222880924260247,2026-02-27 15:08:00.924,-3.32059,-5.06382,-19.6927,-0.075274,0.100178,-0.028263,6.01700000000001
1772222880925474914,2026-02-27 15:08:00.925,-3.59595,-5.57532,-21.1872,-0.07116,0.099912,-0.018227,6.018000000000001
1772222880926689276,2026-02-27 15:08:00.926,-3.78598,-5.93626,-22.2988,-0.056296,0.108311,-0.012762,6.0190000000000055
1772222880927884598,2026-02-27 15:08:00.927,-4.2121,-6.26408,-22.6715,-0.04717,0.158637,-0.023718,6.02000000000001
1772222880929085899,2026-02-27 15:08:00.929,-4.49156,-6.22577,-22.2135,-0.051834,0.194379,-0.031606,6.022000000000006
1772222880930269999,2026-02-27 15:08:00.930,-4.9557,-6.0988,-21.4709,-0.06065,0.231301,-0.040143,6.02300000000001
1772222880931486933,2026-02-27 15:08:00.931,-5.16399,-6.11011,-21.5441,-0.075475,0.263361,-0.041929,6.024000000000001
1772222880932627429,2026-02-27 15:08:00.932,-5.34126,-6.0453,-20.166,-0.081862,0.293522,-0.056569,6.025000000000006
1772222880933791780,2026-02-27 15:08:00.933,-5.19448,-6.20227,-18.6724,-0.102945,0.340746,-0.085257,6.0260000000000105
1772222880934935363,2026-02-27 15:08:00.934,-4.96588,-6.35602,-18.582,-0.10758,0.361399,-0.098215,6.027000000000001
1772222880936118721,2026-02-27 15:08:00.936,-4.67529,-6.58929,-18.9686,-0.111806,0.379034,-0.109754,6.029000000000011
1772222880937294240,2026-02-27 15:08:00.937,-4.44193,-6.74408,-19.749,-0.111463,0.390416,-0.12039,6.030000000000001
1772222880938487215,2026-02-27 15:08:00.938,-4.29431,-6.75229,-20.4663,-0.11363,0.39467,-0.122478,6.031000000000006
1772222880939614927,2026-02-27 15:08:00.939,-4.40347,-6.68608,-19.6411,-0.109123,0.370186,-0.121678,6.032000000000011
1772222880940758926,2026-02-27 15:08:00.940,-4.73151,-6.48046,-19.3974,-0.100799,0.302223,-0.0925,6.033000000000001
1772222880941901536,2026-02-27 15:08:00.941,-3.44456,-5.51958,-13.2792,-0.100243,0.083885,-0.016856,6.034000000000006
1772222880943035667,2026-02-27 15:08:00.943,-2.60353,-5.1048,-10.8821,-0.100151,0.020173,-0.002444,6.036000000000001
1772222880944237090,2026-02-27 15:08:00.944,-1.65054,-4.39359,-8.24088,-0.118894,0.029351,-0.008721,6.037000000000006
1772222880945435205,2026-02-27 15:08:00.945,-0.911871,-4.10357,-7.54024,-0.114749,0.010996,-0.011226,6.038000000000011
1772222880946591877,2026-02-27 15:08:00.946,-0.298121,-3.53434,-6.12946,-0.109288,0.008065,-0.01631,6.0390000000000015
1772222880947723475,2026-02-27 15:08:00.947,0.705963,-3.0751,-7.11589,-0.093326,-0.032199,-0.012394,6.040000000000006
1772222880948881194,2026-02-27 15:08:00.948,2.88676,-2.01265,-8.22164,-0.05079,-0.124933,-0.018223,6.041000000000011
1772222880950017189,2026-02-27 15:08:00.950,4.19479,-1.68886,-9.67311,-0.040519,-0.183148,-0.024274,6.043000000000006
1772222880951215863,2026-02-27 15:08:00.951,5.51949,-1.47125,-11.9718,-0.030839,-0.252079,-0.028788,6.044000000000011
1772222880952415297,2026-02-27 15:08:00.952,6.79481,-1.26673,-13.8614,-0.026465,-0.315966,-0.03068,6.045000000000002
1772222880953566794,2026-02-27 15:08:00.953,8.01261,-1.26198,-15.5926,-0.0145,-0.378841,-0.028359,6.0460000000000065
1772222880954709849,2026-02-27 15:08:00.954,9.01782,-1.207,-15.9954,-0.00862,-0.418988,-0.03011,6.047000000000011
1772222880955886302,2026-02-27 15:08:00.955,10.0289,-1.23749,-15.0826,0.006755,-0.453247,-0.039191,6.048000000000002
1772222880957032003,2026-02-27 15:08:00.957,10.4225,-1.22539,-15.3203,0.022111,-0.467997,-0.029172,6.050000000000011
1772222880958234866,2026-02-27 15:08:00.958,10.1703,-0.975988,-13.5614,0.022761,-0.461987,-0.027571,6.051000000000002
1772222880959437535,2026-02-27 15:08:00.959,9.97988,-0.799917,-12.5499,0.015536,-0.453347,-0.033497,6.052000000000007
1772222880960576885,2026-02-27 15:08:00.960,9.98778,-0.871105,-12.5526,0.014951,-0.433359,-0.04197,6.0530000000000115
1772222880961713237,2026-02-27 15:08:00.961,9.6387,-0.979348,-11.8893,0.012322,-0.416241,-0.047542,6.054000000000002
1772222880962883117,2026-02-27 15:08:00.962,9.70675,-1.57054,-14.2332,0.020488,-0.40665,-0.03379,6.055000000000007
1772222880964012948,2026-02-27 15:08:00.964,9.72549,-1.95702,-16.9634,0.039424,-0.41043,-0.007511,6.057000000000002
1772222880965143636,2026-02-27 15:08:00.965,10.027,-2.24935,-17.9519,0.036107,-0.439338,0.003509,6.058000000000007
1772222880966338093,2026-02-27 15:08:00.966,10.2599,-2.41212,-19.1736,0.033788,-0.440673,0.00707,6.059000000000012
1772222880967579068,2026-02-27 15:08:00.967,10.3445,-2.54176,-19.2242,0.029771,-0.454433,0.001919,6.060000000000002
1772222880968714988,2026-02-27 15:08:00.968,10.2102,-2.64676,-18.1987,0.016082,-0.457604,-0.003503,6.061000000000007
1772222880969891742,2026-02-27 15:08:00.969,10.4039,-2.86953,-18.1721,0.012277,-0.451972,-0.003885,6.062000000000012
1772222880971061306,2026-02-27 15:08:00.971,10.0975,-3.05308,-16.594,-0.008754,-0.42721,-0.012936,6.064000000000007
1772222880972279084,2026-02-27 15:08:00.972,10.0584,-3.42043,-16.7158,-0.011115,-0.40211,-0.021936,6.065000000000012
1772222880973522200,2026-02-27 15:08:00.973,9.68949,-3.69405,-17.3975,-0.010066,-0.383876,-0.017803,6.0660000000000025
1772222880974659738,2026-02-27 15:08:00.974,9.78767,-4.02775,-19.5175,0.003629,-0.412276,-0.001625,6.067000000000007
1772222880975943240,2026-02-27 15:08:00.975,10.1918,-4.13961,-23.1606,-0.010017,-0.346377,-0.006264,6.068000000000012
1772222880977135082,2026-02-27 15:08:00.977,9.83101,-4.27993,-26.2137,0.000665,-0.378028,0.004413,6.070000000000007
1772222880978335893,2026-02-27 15:08:00.978,9.76809,-4.28504,-25.1074,-0.009778,-0.426744,0.017099,6.071000000000012
1772222880979566150,2026-02-27 15:08:00.979,9.99569,-4.23029,-23.2649,-0.016532,-0.465784,0.024438,6.072000000000003
1772222880980695545,2026-02-27 15:08:00.980,9.99574,-4.1188,-20.717,-0.027103,-0.479852,0.023329,6.0730000000000075
1772222880981889740,2026-02-27 15:08:00.981,9.96981,-4.06789,-19.4334,-0.050432,-0.464894,0.016105,6.074000000000012
1772222880983063334,2026-02-27 15:08:00.983,9.49579,-3.85748,-16.98,-0.083845,-0.401992,-0.021389,6.076000000000008
1772222880984258827,2026-02-27 15:08:00.984,9.35913,-3.97893,-16.6295,-0.082696,-0.392459,-0.031555,6.077000000000012
1772222880985482832,2026-02-27 15:08:00.985,9.43007,-4.02638,-17.3663,-0.083249,-0.376623,-0.033558,6.078000000000003
1772222880986613430,2026-02-27 15:08:00.986,9.97523,-4.22707,-19.5723,-0.062208,-0.423993,-0.018667,6.079000000000008
1772222880987752640,2026-02-27 15:08:00.987,10.3447,-4.43318,-20.8762,-0.041194,-0.446418,-0.00441,6.0800000000000125
1772222880988886095,2026-02-27 15:08:00.988,10.9296,-4.45475,-22.2829,-0.041582,-0.466608,0.006297,6.081000000000003
1772222880990071992,2026-02-27 15:08:00.990,11.8018,-4.79087,-26.037,-0.033031,-0.434854,-0.01106,6.083000000000013
1772222880991269364,2026-02-27 15:08:00.991,11.8444,-4.85764,-26.6464,-0.005309,-0.467827,0.002005,6.084000000000003
1772222880992478251,2026-02-27 15:08:00.992,12.3393,-4.755,-27.2534,-0.00323,-0.481773,0.015152,6.085000000000008
1772222880993570969,2026-02-27 15:08:00.993,12.6125,-4.55216,-26.8146,0.02198,-0.521239,0.027147,6.086000000000013
1772222880994701846,2026-02-27 15:08:00.994,12.839,-4.23143,-25.1436,0.025588,-0.548986,0.030314,6.087000000000003
1772222880995880846,2026-02-27 15:08:00.995,13.0486,-3.74583,-23.2095,0.027177,-0.570568,0.030601,6.088000000000008
1772222880997016479,2026-02-27 15:08:00.997,12.8523,-3.03901,-18.3547,0.01592,-0.577356,0.031505,6.090000000000003
1772222880998196961,2026-02-27 15:08:00.998,12.7482,-3.10927,-19.2551,-0.008182,-0.506067,0.007246,6.091000000000008
1772222880999399114,2026-02-27 15:08:00.999,12.1811,-3.35104,-20.2667,-0.016875,-0.469349,-0.013929,6.091999999999999
1772222881000580854,2026-02-27 15:08:01.000,11.7943,-3.55256,-20.603,-0.025636,-0.461007,-0.016876,6.0930000000000035
1772222881001714920,2026-02-27 15:08:01.001,11.9683,-3.88482,-21.702,-0.034786,-0.47026,-0.010981,6.094000000000008
1772222881002896440,2026-02-27 15:08:01.002,12.2616,-4.36264,-23.1544,-0.034241,-0.493314,-0.00032,6.094999999999999
1772222881004105210,2026-02-27 15:08:01.004,12.6081,-5.08679,-25.3462,-0.0409,-0.534873,0.023136,6.097000000000008
1772222881005302105,2026-02-27 15:08:01.005,12.7625,-5.2163,-24.8687,-0.042295,-0.553113,0.027969,6.097999999999999
1772222881006509357,2026-02-27 15:08:01.006,12.7206,-5.09867,-23.0556,-0.045486,-0.564486,0.024248,6.099000000000004
1772222881007643823,2026-02-27 15:08:01.007,12.851,-4.87367,-21.642,-0.046171,-0.580213,0.022947,6.1000000000000085
1772222881008824294,2026-02-27 15:08:01.008,12.8835,-4.57119,-20.5701,-0.049109,-0.556043,0.012155,6.100999999999999
1772222881009999063,2026-02-27 15:08:01.009,12.5743,-4.15493,-19.0936,-0.049937,-0.550812,0.006656,6.102000000000004
1772222881011173062,2026-02-27 15:08:01.011,11.9035,-3.98221,-19.1316,-0.058353,-0.478084,-0.025763,6.103999999999999
1772222881012377338,2026-02-27 15:08:01.012,11.284,-4.2034,-20.2708,-0.047869,-0.451824,-0.026545,6.105000000000004
1772222881013559800,2026-02-27 15:08:01.013,10.9087,-4.62161,-21.9975,-0.044378,-0.462484,-0.012755,6.106000000000009
1772222881014693424,2026-02-27 15:08:01.014,10.3806,-5.12448,-24.5669,-0.041943,-0.475474,0.007886,6.106999999999999
1772222881015894843,2026-02-27 15:08:01.015,9.57225,-5.70754,-25.3296,-0.038771,-0.497971,0.015914,6.108000000000004
1772222881017068635,2026-02-27 15:08:01.017,9.03394,-6.25472,-27.0054,-0.046835,-0.484122,0.018253,6.109999999999999
1772222881018246463,2026-02-27 15:08:01.018,7.28655,-6.98288,-28.0432,-0.071979,-0.509563,0.017065,6.111000000000004
1772222881019445439,2026-02-27 15:08:01.019,6.91642,-7.43009,-29.2153,-0.094613,-0.455168,0.01168,6.112000000000009
1772222881020587978,2026-02-27 15:08:01.020,5.93273,-7.70419,-29.8799,-0.119423,-0.44153,0.00972,6.1129999999999995
1772222881021718426,2026-02-27 15:08:01.021,5.16699,-8.00755,-29.2145,-0.133096,-0.48009,0.028803,6.114000000000004
1772222881022891982,2026-02-27 15:08:01.022,4.83986,-8.24041,-28.7579,-0.167364,-0.444549,0.025728,6.115000000000009
1772222881024066492,2026-02-27 15:08:01.024,4.00832,-8.63205,-28.8869,-0.192857,-0.433396,0.035896,6.117000000000004
1772222881025250511,2026-02-27 15:08:01.025,3.32826,-9.10551,-27.1862,-0.213103,-0.458775,0.071733,6.118000000000009
1772222881026449015,2026-02-27 15:08:01.026,3.42141,-9.32948,-26.95,-0.222498,-0.435967,0.073499,6.119
1772222881027568152,2026-02-27 15:08:01.027,3.24056,-9.44436,-26.9348,-0.23977,-0.39194,0.064625,6.1200000000000045
1772222881028700000,2026-02-27 15:08:01.028,2.7768,-9.4379,-26.5222,-0.2515,-0.361994,0.059514,6.121000000000009
1772222881029875989,2026-02-27 15:08:01.029,2.48364,-9.42402,-25.9527,-0.265953,-0.347608,0.058417,6.122
1772222881031048887,2026-02-27 15:08:01.031,2.37557,-9.3088,-25.8179,-0.277963,-0.338055,0.062067,6.124000000000009
1772222881032232259,2026-02-27 15:08:01.032,2.35265,-9.41955,-25.6382,-0.296885,-0.334097,0.061663,6.125
1772222881033431868,2026-02-27 15:08:01.033,2.48476,-9.51293,-25.3769,-0.298888,-0.335764,0.059314,6.126000000000005
1772222881034561433,2026-02-27 15:08:01.034,2.54185,-9.60879,-25.218,-0.300719,-0.339377,0.056769,6.1270000000000095
1772222881035691241,2026-02-27 15:08:01.035,2.72065,-9.68371,-25.3144,-0.299394,-0.347923,0.056301,6.128
1772222881036864103,2026-02-27 15:08:01.036,2.81652,-9.78567,-25.4681,-0.297469,-0.360716,0.058046,6.129000000000005
1772222881038042401,2026-02-27 15:08:01.038,2.99096,-9.82672,-25.6967,-0.298595,-0.3783,0.058678,6.131
1772222881039216799,2026-02-27 15:08:01.039,3.48798,-9.62312,-24.8392,-0.289946,-0.421873,0.052763,6.132000000000005
1772222881040419202,2026-02-27 15:08:01.040,3.77844,-9.4869,-25.2394,-0.287854,-0.446218,0.058199,6.13300000000001
1772222881041567630,2026-02-27 15:08:01.041,4.1615,-9.39265,-25.2029,-0.283185,-0.469521,0.059567,6.134
1772222881042700105,2026-02-27 15:08:01.042,4.56844,-9.24177,-25.4493,-0.282115,-0.49391,0.066717,6.135000000000005
1772222881043882010,2026-02-27 15:08:01.043,4.93102,-9.14014,-25.3858,-0.284853,-0.514736,0.066641,6.13600000000001
1772222881045067796,2026-02-27 15:08:01.045,5.27699,-8.92716,-24.7593,-0.270243,-0.537173,0.068615,6.138000000000005
1772222881046251286,2026-02-27 15:08:01.046,6.00633,-8.58071,-23.8678,-0.259658,-0.57765,0.067785,6.13900000000001
1772222881047475768,2026-02-27 15:08:01.047,6.3749,-8.38871,-24.4534,-0.252188,-0.591659,0.074344,6.140000000000001
1772222881048606523,2026-02-27 15:08:01.048,6.8745,-8.19949,-23.9116,-0.247739,-0.604978,0.067491,6.141000000000005
1772222881049737530,2026-02-27 15:08:01.049,7.27671,-7.90593,-23.6979,-0.24215,-0.615103,0.063964,6.14200000000001
1772222881050897725,2026-02-27 15:08:01.050,7.75557,-7.66549,-22.9224,-0.238914,-0.622237,0.055667,6.143000000000001
1772222881052076349,2026-02-27 15:08:01.052,8.17479,-7.48989,-22.4924,-0.238898,-0.628134,0.050083,6.14500000000001
1772222881053253394,2026-02-27 15:08:01.053,9.46356,-7.12022,-22.4213,-0.238414,-0.627913,0.036567,6.146000000000001
1772222881054425343,2026-02-27 15:08:01.054,10.2914,-6.94703,-22.4191,-0.237757,-0.625998,0.026137,6.147000000000006
1772222881055564661,2026-02-27 15:08:01.055,11.0914,-6.87306,-21.8628,-0.240807,-0.617113,0.00554,6.14800000000001
1772222881056698642,2026-02-27 15:08:01.056,11.9358,-6.59289,-21.5278,-0.235948,-0.60649,-0.011748,6.149000000000001
1772222881057871644,2026-02-27 15:08:01.057,12.7939,-6.35416,-21.7679,-0.232829,-0.593209,-0.021984,6.150000000000006
1772222881059045700,2026-02-27 15:08:01.059,13.5087,-6.12842,-22.0965,-0.227169,-0.580694,-0.028285,6.152000000000001
1772222881060225543,2026-02-27 15:08:01.060,14.7327,-5.61044,-22.0524,-0.21699,-0.564484,-0.036821,6.153000000000006
1772222881061445498,2026-02-27 15:08:01.061,15.2176,-5.33637,-21.6699,-0.21456,-0.561738,-0.040785,6.154000000000011
1772222881062553921,2026-02-27 15:08:01.062,15.4941,-5.20961,-21.1088,-0.207312,-0.567667,-0.044595,6.155000000000001
1772222881063683914,2026-02-27 15:08:01.063,15.5968,-5.11216,-20.5236,-0.198378,-0.584519,-0.043412,6.156000000000006
1772222881064854682,2026-02-27 15:08:01.064,15.8111,-5.03116,-21.1708,-0.199732,-0.59694,-0.034505,6.157000000000011
1772222881066044360,2026-02-27 15:08:01.066,15.953,-5.03306,-20.4617,-0.196483,-0.609109,-0.039926,6.159000000000006
1772222881067218902,2026-02-27 15:08:01.067,16.3246,-5.09241,-19.5658,-0.201083,-0.640502,-0.049342,6.160000000000011
1772222881068400313,2026-02-27 15:08:01.068,16.5213,-5.15228,-19.2865,-0.201527,-0.656067,-0.051459,6.161000000000001
1772222881069562916,2026-02-27 15:08:01.069,16.8094,-5.23526,-19.3287,-0.205313,-0.668734,-0.050941,6.162000000000006
1772222881070695946,2026-02-27 15:08:01.070,17.0085,-5.24935,-19.5135,-0.207477,-0.681056,-0.050599,6.163000000000011
1772222881071852988,2026-02-27 15:08:01.071,17.248,-5.32449,-19.6014,-0.20804,-0.690757,-0.049196,6.1640000000000015
1772222881073038906,2026-02-27 15:08:01.073,17.4315,-5.30739,-18.7015,-0.207737,-0.700073,-0.058902,6.166000000000011
1772222881074234499,2026-02-27 15:08:01.074,17.721,-5.27115,-19.0777,-0.205301,-0.713261,-0.053667,6.167000000000002
1772222881075413996,2026-02-27 15:08:01.075,17.8184,-5.18641,-19.4952,-0.203102,-0.717096,-0.048677,6.168000000000006
1772222881076544202,2026-02-27 15:08:01.076,17.882,-5.15148,-19.8754,-0.198001,-0.719319,-0.0462,6.169000000000011
1772222881077675626,2026-02-27 15:08:01.077,17.8983,-5.05824,-19.6334,-0.196015,-0.721679,-0.045735,6.170000000000002
1772222881078803809,2026-02-27 15:08:01.078,17.9,-5.02142,-19.4149,-0.194779,-0.724959,-0.044879,6.1710000000000065
1772222881080002180,2026-02-27 15:08:01.080,17.9111,-4.97446,-19.1564,-0.191505,-0.727586,-0.043755,6.173000000000002
1772222881081186856,2026-02-27 15:08:01.081,17.922,-4.91777,-19.6059,-0.187115,-0.733193,-0.033977,6.174000000000007
1772222881082365645,2026-02-27 15:08:01.082,17.8932,-4.83134,-19.1895,-0.186857,-0.735785,-0.032358,6.175000000000011
1772222881083543657,2026-02-27 15:08:01.083,17.9071,-4.82335,-18.4948,-0.186308,-0.737715,-0.035783,6.176000000000002
1772222881084782356,2026-02-27 15:08:01.084,17.8899,-4.79219,-18.0114,-0.185057,-0.742057,-0.038175,6.177000000000007
1772222881085961292,2026-02-27 15:08:01.085,17.9017,-4.74629,-17.7082,-0.182097,-0.744497,-0.037678,6.1780000000000115
1772222881087146176,2026-02-27 15:08:01.087,17.933,-4.65997,-17.5216,-0.180139,-0.748122,-0.038091,6.180000000000007
1772222881088319121,2026-02-27 15:08:01.088,17.9743,-4.55974,-17.0343,-0.174801,-0.754236,-0.037588,6.181000000000012
1772222881089509713,2026-02-27 15:08:01.089,17.9878,-4.48706,-15.9217,-0.170107,-0.756429,-0.045569,6.182000000000002
1772222881090640827,2026-02-27 15:08:01.090,17.9881,-4.41578,-16.1587,-0.165191,-0.757954,-0.040195,6.183000000000007
1772222881091798578,2026-02-27 15:08:01.091,17.9713,-4.33291,-16.2396,-0.160823,-0.761263,-0.037053,6.184000000000012
1772222881092981083,2026-02-27 15:08:01.092,17.9736,-4.21135,-16.526,-0.156885,-0.763453,-0.03041,6.185000000000002
1772222881094155104,2026-02-27 15:08:01.094,17.9809,-4.13099,-16.4141,-0.150165,-0.764157,-0.028448,6.187000000000012
1772222881095339716,2026-02-27 15:08:01.095,17.8047,-3.87604,-15.8247,-0.13987,-0.765714,-0.025081,6.188000000000002
1772222881096524022,2026-02-27 15:08:01.096,17.7472,-3.77402,-15.5749,-0.132438,-0.766719,-0.022548,6.189000000000007
1772222881097656967,2026-02-27 15:08:01.097,17.7251,-3.63893,-16.3231,-0.12728,-0.766373,-0.010597,6.190000000000012
1772222881098837696,2026-02-27 15:08:01.098,17.6383,-3.5574,-15.5552,-0.122154,-0.766631,-0.012745,6.1910000000000025
1772222881100019242,2026-02-27 15:08:01.100,17.5441,-3.43716,-15.225,-0.117226,-0.765744,-0.010217,6.193000000000012
1772222881101208006,2026-02-27 15:08:01.101,17.4165,-3.28474,-14.3701,-0.107096,-0.764211,-0.013032,6.194000000000003
1772222881102389107,2026-02-27 15:08:01.102,17.2132,-3.0257,-13.299,-0.097654,-0.759658,-0.011627,6.195000000000007
1772222881103545216,2026-02-27 15:08:01.103,17.0151,-2.91143,-12.99,-0.092274,-0.758419,-0.009264,6.196000000000012
1772222881104678758,2026-02-27 15:08:01.104,16.8643,-2.79729,-12.6557,-0.086147,-0.753712,-0.007378,6.197000000000003
1772222881105836607,2026-02-27 15:08:01.105,16.7143,-2.73556,-11.4546,-0.08014,-0.751136,-0.013558,6.1980000000000075
1772222881107017644,2026-02-27 15:08:01.107,16.4633,-2.59473,-11.0059,-0.076898,-0.747317,-0.010944,6.200000000000003
1772222881108204863,2026-02-27 15:08:01.108,16.2162,-2.51849,-10.8284,-0.068971,-0.745262,-0.007111,6.201000000000008
1772222881109330477,2026-02-27 15:08:01.109,15.0654,-2.32791,-10.7269,-0.067666,-0.770202,0.023582,6.202000000000012
1772222881110519700,2026-02-27 15:08:01.110,14.431,-2.27601,-10.2989,-0.070138,-0.786785,0.039996,6.203000000000003
1772222881111651335,2026-02-27 15:08:01.111,13.7785,-2.35625,-9.81293,-0.074865,-0.807999,0.056616,6.204000000000008
1772222881112827290,2026-02-27 15:08:01.112,13.1674,-2.35172,-9.37765,-0.079516,-0.825155,0.068687,6.2050000000000125
1772222881114042935,2026-02-27 15:08:01.114,12.6262,-2.48711,-9.30425,-0.084709,-0.842794,0.07702,6.207000000000008
1772222881115224684,2026-02-27 15:08:01.115,12.2297,-2.72802,-9.79653,-0.081354,-0.856833,0.082463,6.208000000000013
1772222881116400160,2026-02-27 15:08:01.116,11.4746,-3.01469,-8.57436,-0.074094,-0.873891,0.067584,6.209000000000003
1772222881117565344,2026-02-27 15:08:01.117,11.2119,-3.02685,-7.88079,-0.063347,-0.87625,0.060895,6.210000000000008
1772222881118696389,2026-02-27 15:08:01.118,11.0056,-3.04317,-7.41435,-0.054561,-0.874712,0.058004,6.211000000000013
1772222881119862552,2026-02-27 15:08:01.119,10.9092,-2.84858,-7.16104,-0.037698,-0.867304,0.05748,6.212000000000003
1772222881121064150,2026-02-27 15:08:01.121,10.805,-2.60725,-6.72436,-0.027935,-0.855556,0.056659,6.213999999999999
1772222881122254948,2026-02-27 15:08:01.122,10.764,-2.39732,-6.32443,-0.015716,-0.847454,0.055444,6.215000000000003
1772222881123436278,2026-02-27 15:08:01.123,10.6836,-1.94744,-4.35985,0.005632,-0.833786,0.045955,6.216000000000008
1772222881124583882,2026-02-27 15:08:01.124,10.6668,-1.69668,-3.67276,0.01009,-0.830027,0.043955,6.216999999999999
1772222881125713298,2026-02-27 15:08:01.125,10.7155,-1.49586,-3.42107,0.018704,-0.827646,0.04667,6.2180000000000035
1772222881126885891,2026-02-27 15:08:01.126,10.6901,-1.38584,-2.96897,0.026326,-0.825451,0.04648,6.219000000000008
1772222881128083433,2026-02-27 15:08:01.128,10.7375,-1.28284,-2.27931,0.031791,-0.825881,0.044233,6.221000000000004
1772222881129268435,2026-02-27 15:08:01.129,10.7962,-1.16991,-1.60659,0.038968,-0.826232,0.041584,6.222000000000008
1772222881130443900,2026-02-27 15:08:01.130,10.8452,-0.922404,-1.47197,0.049163,-0.821117,0.046816,6.222999999999999
1772222881131601380,2026-02-27 15:08:01.131,10.9223,-0.82575,-1.12293,0.054282,-0.817304,0.043863,6.224000000000004
1772222881132779663,2026-02-27 15:08:01.132,10.9085,-0.67416,-0.825138,0.059938,-0.814091,0.042266,6.2250000000000085
1772222881133982098,2026-02-27 15:08:01.133,10.8624,-0.609746,-0.098915,0.065393,-0.808346,0.037417,6.225999999999999
1772222881135190039,2026-02-27 15:08:01.135,10.7773,-0.537421,0.273043,0.065583,-0.802873,0.03336,6.228000000000009
1772222881136364748,2026-02-27 15:08:01.136,10.6404,-0.347638,0.302211,0.076933,-0.777145,0.02978,6.228999999999999
1772222881137534934,2026-02-27 15:08:01.137,10.4244,-0.294136,0.315793,0.082508,-0.772386,0.030627,6.230000000000004
1772222881138665834,2026-02-27 15:08:01.138,10.3092,-0.281293,0.852161,0.084896,-0.76035,0.026593,6.231000000000009
1772222881139842676,2026-02-27 15:08:01.139,10.203,-0.271944,1.28891,0.089853,-0.749213,0.022352,6.231999999999999
1772222881141040848,2026-02-27 15:08:01.141,10.0506,-0.23582,0.73381,0.092492,-0.723863,0.023537,6.234000000000009
1772222881142240172,2026-02-27 15:08:01.142,9.84142,-0.24826,0.229576,0.092748,-0.699268,0.026,6.234999999999999
1772222881143413701,2026-02-27 15:08:01.143,9.17385,-0.296225,0.000499,0.095604,-0.670546,0.035256,6.236000000000004
1772222881144527093,2026-02-27 15:08:01.144,9.00074,-0.304037,0.179234,0.100165,-0.663885,0.039076,6.237000000000009
1772222881145654582,2026-02-27 15:08:01.145,8.83498,-0.309825,0.349714,0.089233,-0.65146,0.040342,6.2379999999999995
1772222881146822984,2026-02-27 15:08:01.146,8.61849,-0.365463,0.480287,0.09191,-0.630496,0.039181,6.239000000000004
1772222881148024497,2026-02-27 15:08:01.148,8.54551,-0.399503,-0.766147,0.093003,-0.597434,0.050007,6.241
1772222881149226488,2026-02-27 15:08:01.149,8.30039,-0.481563,-0.299592,0.085541,-0.572035,0.043629,6.242000000000004
1772222881150399053,2026-02-27 15:08:01.150,7.60426,-0.538258,0.3954,0.085452,-0.52014,0.042746,6.243000000000009
1772222881151528094,2026-02-27 15:08:01.151,7.24877,-0.611612,0.780668,0.081604,-0.510902,0.042048,6.244
1772222881152656871,2026-02-27 15:08:01.152,6.96712,-0.606969,0.650334,0.076544,-0.471646,0.040164,6.2450000000000045
1772222881153851088,2026-02-27 15:08:01.153,6.58135,-0.686865,0.465394,0.075564,-0.434372,0.040302,6.246000000000009
1772222881155048229,2026-02-27 15:08:01.155,6.23118,-0.778598,0.316074,0.074199,-0.402935,0.041152,6.248000000000005
1772222881156245682,2026-02-27 15:08:01.156,5.86065,-0.861302,1.36273,0.06695,-0.384967,0.032717,6.249000000000009
1772222881157432381,2026-02-27 15:08:01.157,5.02183,-0.974509,1.21685,0.058089,-0.315831,0.032261,6.25
1772222881158583413,2026-02-27 15:08:01.158,4.54068,-1.13734,0.719891,0.061962,-0.304959,0.038926,6.251000000000005
1772222881159714776,2026-02-27 15:08:01.159,4.48274,-1.17868,0.349025,0.066012,-0.296985,0.046173,6.2520000000000095
1772222881160843450,2026-02-27 15:08:01.160,4.08451,-1.19987,0.415801,0.061426,-0.294008,0.043935,6.253
1772222881162041694,2026-02-27 15:08:01.162,3.85528,-1.16968,0.675944,0.057821,-0.280902,0.044168,6.25500000000001
1772222881163239124,2026-02-27 15:08:01.163,3.69274,-1.15909,0.676024,0.064247,-0.258007,0.0447,6.256
1772222881164409751,2026-02-27 15:08:01.164,3.2745,-1.09542,-0.306611,0.044474,-0.223065,0.053533,6.257000000000005
1772222881165531300,2026-02-27 15:08:01.165,3.22336,-0.996114,0.143643,0.055858,-0.172638,0.048864,6.25800000000001
1772222881166658016,2026-02-27 15:08:01.166,2.8278,-1.05537,0.898526,0.056671,-0.169415,0.04453,6.259
1772222881167831347,2026-02-27 15:08:01.167,2.6536,-0.931832,1.6649,0.065692,-0.142406,0.040205,6.260000000000005
1772222881169026698,2026-02-27 15:08:01.169,2.16775,-0.832458,2.02374,0.041196,-0.121181,0.036059,6.2620000000000005
1772222881170222997,2026-02-27 15:08:01.170,1.96015,-0.943971,1.86997,0.044203,-0.088829,0.03198,6.263000000000005
1772222881171396206,2026-02-27 15:08:01.171,1.52197,-0.956655,1.74339,0.043315,-0.10712,0.033904,6.26400000000001
1772222881172529652,2026-02-27 15:08:01.172,1.10234,-1.14449,2.38242,0.059258,-0.087272,0.023536,6.265000000000001
1772222881173658630,2026-02-27 15:08:01.173,1.08009,-1.16049,1.70379,0.059132,-0.108722,0.030106,6.266000000000005
1772222881174830348,2026-02-27 15:08:01.174,0.934175,-1.11844,1.74066,0.055992,-0.102135,0.030282,6.26700000000001
1772222881176026267,2026-02-27 15:08:01.176,0.982843,-1.05623,1.11396,0.054549,-0.114341,0.041842,6.2690000000000055
1772222881177223133,2026-02-27 15:08:01.177,1.21173,-0.970769,0.974941,0.052631,-0.09487,0.042418,6.27000000000001
1772222881178393636,2026-02-27 15:08:01.178,1.4543,-0.947374,1.04067,0.05831,-0.14685,0.050701,6.271000000000001
1772222881179530082,2026-02-27 15:08:01.179,2.09607,-0.77661,1.29959,0.057019,-0.147978,0.043939,6.272000000000006
1772222881180688567,2026-02-27 15:08:01.180,2.07336,-0.721949,0.365339,0.063422,-0.181552,0.05222,6.27300000000001
1772222881181860980,2026-02-27 15:08:01.181,2.39185,-0.511426,0.681473,0.062123,-0.15072,0.042869,6.274000000000001
1772222881183057870,2026-02-27 15:08:01.183,2.51065,-0.461706,0.525564,0.067348,-0.173317,0.044898,6.2760000000000105
1772222881184251378,2026-02-27 15:08:01.184,2.45966,-0.360537,1.07855,0.066324,-0.157869,0.03521,6.277000000000001
1772222881185422502,2026-02-27 15:08:01.185,2.7403,-0.316622,1.24636,0.077984,-0.174007,0.038642,6.278000000000006
1772222881186554145,2026-02-27 15:08:01.186,2.86575,-0.295267,1.23333,0.073611,-0.161522,0.031676,6.279000000000011
1772222881187683723,2026-02-27 15:08:01.187,2.4374,-0.537205,1.02187,0.086813,-0.216917,0.037048,6.280000000000001
1772222881188857100,2026-02-27 15:08:01.188,2.74868,-0.571235,1.79666,0.082977,-0.260295,0.042759,6.281000000000006
1772222881190054374,2026-02-27 15:08:01.190,3.31655,-0.626404,1.71276,0.083369,-0.279097,0.041153,6.283000000000001
1772222881191256831,2026-02-27 15:08:01.191,3.3595,-0.658273,1.30941,0.085121,-0.285218,0.037386,6.284000000000006
1772222881192428872,2026-02-27 15:08:01.192,3.74506,-0.521949,0.715318,0.08627,-0.270665,0.039497,6.285000000000011
1772222881193577718,2026-02-27 15:08:01.193,3.91589,-0.379974,0.19903,0.080339,-0.265297,0.037706,6.286000000000001
1772222881194831719,2026-02-27 15:08:01.194,3.94479,-0.267525,0.35885,0.081601,-0.25291,0.035545,6.287000000000006
1772222881196028591,2026-02-27 15:08:01.196,3.79729,-0.268928,0.357712,0.082959,-0.260517,0.035129,6.2890000000000015
1772222881197209306,2026-02-27 15:08:01.197,3.65868,-0.293963,0.224742,0.086961,-0.276533,0.039289,6.290000000000006
1772222881198404843,2026-02-27 15:08:01.198,3.65752,-0.431945,-0.984077,0.085982,-0.279039,0.049671,6.291000000000011
1772222881199547797,2026-02-27 15:08:01.199,3.81174,-0.695439,-0.834889,0.082681,-0.296439,0.051635,6.292000000000002
1772222881200677866,2026-02-27 15:08:01.200,3.74394,-0.88468,-0.69508,0.093507,-0.320381,0.051805,6.293000000000006
1772222881201851939,2026-02-27 15:08:01.201,4.01377,-0.840537,-0.459496,0.0887,-0.322737,0.053661,6.294000000000011
1772222881203047676,2026-02-27 15:08:01.203,4.21946,-0.796396,-0.492981,0.097614,-0.384089,0.064479,6.2960000000000065
1772222881204243162,2026-02-27 15:08:01.204,4.2398,-0.662659,-0.155065,0.087067,-0.41428,0.067521,6.297000000000011
1772222881205436882,2026-02-27 15:08:01.205,4.98229,-0.543146,-0.167309,0.094675,-0.439267,0.07132,6.298000000000002
1772222881206546034,2026-02-27 15:08:01.206,5.72169,-0.234556,0.314319,0.08491,-0.409792,0.043347,6.299000000000007
1772222881207682799,2026-02-27 15:08:01.207,5.59464,-0.172826,0.200085,0.082819,-0.423092,0.041196,6.300000000000011
1772222881208879938,2026-02-27 15:08:01.208,5.6074,-0.135182,-0.235494,0.089245,-0.407699,0.043223,6.301000000000002
1772222881210075781,2026-02-27 15:08:01.210,5.47266,-0.103204,-0.839573,0.098784,-0.417602,0.048245,6.3030000000000115
1772222881211271577,2026-02-27 15:08:01.211,5.41557,-0.087544,-0.885465,0.10431,-0.416353,0.049213,6.304000000000002
1772222881212477624,2026-02-27 15:08:01.212,5.23406,-0.123128,-1.02882,0.108111,-0.441279,0.054583,6.305000000000007
1772222881213626067,2026-02-27 15:08:01.213,5.41229,-0.328351,-2.64823,0.104389,-0.43624,0.05973,6.306000000000012
1772222881214794821,2026-02-27 15:08:01.214,5.26055,-0.404879,-3.10871,0.102429,-0.456444,0.063627,6.307000000000002
1772222881215992840,2026-02-27 15:08:01.215,5.21513,-0.526476,-2.79013,0.104096,-0.468684,0.064407,6.308000000000007
1772222881217190686,2026-02-27 15:08:01.217,5.46023,-0.513896,-2.27991,0.095649,-0.464904,0.058341,6.310000000000002
1772222881218392277,2026-02-27 15:08:01.218,5.54551,-0.490846,-1.77244,0.101767,-0.49222,0.055277,6.311000000000007
1772222881219551302,2026-02-27 15:08:01.219,5.60077,-0.439081,-1.97414,0.103143,-0.462237,0.043423,6.312000000000012
1772222881220705375,2026-02-27 15:08:01.220,5.37955,-0.254994,-1.81601,0.096861,-0.434271,0.037634,6.313000000000002
1772222881221923943,2026-02-27 15:08:01.221,5.33068,-0.339866,-1.76913,0.096123,-0.446704,0.039307,6.314000000000007
1772222881223122768,2026-02-27 15:08:01.223,5.36408,-0.345802,-0.848336,0.09808,-0.479384,0.037972,6.3160000000000025
1772222881224322312,2026-02-27 15:08:01.224,5.49262,-0.450099,-1.38517,0.096053,-0.491099,0.042164,6.317000000000007
1772222881225643776,2026-02-27 15:08:01.225,5.73853,-0.510784,-1.83634,0.095132,-0.511317,0.045869,6.318000000000012
1772222881226860299,2026-02-27 15:08:01.226,6.04024,-0.624197,-2.62384,0.093544,-0.528312,0.051403,6.319000000000003
1772222881228057690,2026-02-27 15:08:01.228,6.18237,-0.613271,-2.59872,0.091862,-0.535808,0.050777,6.321000000000012
1772222881229255389,2026-02-27 15:08:01.229,6.27403,-0.56312,-2.52099,0.089457,-0.539216,0.048233,6.322000000000003
1772222881230476909,2026-02-27 15:08:01.230,6.37254,-0.497503,-2.4123,0.088442,-0.544227,0.047258,6.3230000000000075
1772222881231609566,2026-02-27 15:08:01.231,6.64889,-0.46711,-3.07602,0.091736,-0.558659,0.052803,6.324000000000012
1772222881232770293,2026-02-27 15:08:01.232,6.72082,-0.462085,-3.19947,0.094409,-0.567293,0.053095,6.325000000000003
1772222881233968382,2026-02-27 15:08:01.233,6.84839,-0.510955,-3.00353,0.098221,-0.574581,0.04838,6.326000000000008
1772222881235166611,2026-02-27 15:08:01.235,6.8902,-0.558465,-3.17344,0.097602,-0.581257,0.046188,6.328000000000003
1772222881236338820,2026-02-27 15:08:01.236,6.99626,-0.641202,-3.56595,0.100973,-0.588345,0.047324,6.329000000000008
1772222881237531671,2026-02-27 15:08:01.237,6.9738,-0.681507,-4.0983,0.104109,-0.595366,0.047619,6.3300000000000125
1772222881238665423,2026-02-27 15:08:01.238,7.018,-0.822465,-4.30758,0.106434,-0.607475,0.042078,6.331000000000003
1772222881239835584,2026-02-27 15:08:01.239,7.09407,-0.908067,-4.79541,0.106833,-0.612142,0.04201,6.332000000000008
1772222881241034835,2026-02-27 15:08:01.241,7.04926,-0.975244,-5.39737,0.109742,-0.61442,0.043684,6.334000000000003
1772222881242234132,2026-02-27 15:08:01.242,7.07898,-1.0379,-6.36197,0.110116,-0.61442,0.048022,6.335000000000008
1772222881243435228,2026-02-27 15:08:01.243,7.00289,-1.10953,-7.13984,0.111292,-0.611988,0.051644,6.336000000000013
1772222881244558965,2026-02-27 15:08:01.244,6.94101,-1.17622,-7.54894,0.111337,-0.608905,0.051799,6.337000000000003
1772222881245690822,2026-02-27 15:08:01.245,6.77431,-1.27324,-8.16308,0.111011,-0.599697,0.051999,6.338000000000008
1772222881246864545,2026-02-27 15:08:01.246,6.67046,-1.33897,-8.83497,0.108674,-0.591019,0.05489,6.338999999999999
1772222881248068351,2026-02-27 15:08:01.248,6.62834,-1.33641,-9.88023,0.111966,-0.583551,0.062413,6.341000000000008
1772222881249269412,2026-02-27 15:08:01.249,6.45401,-1.39997,-9.93899,0.112007,-0.573556,0.058666,6.341999999999999
1772222881250478606,2026-02-27 15:08:01.250,6.30128,-1.49292,-10.0708,0.10957,-0.563107,0.056714,6.3430000000000035
1772222881251614671,2026-02-27 15:08:01.251,6.13582,-1.54514,-10.1707,0.112291,-0.552845,0.05321,6.344000000000008
1772222881252747716,2026-02-27 15:08:01.252,5.7756,-1.76954,-10.9358,0.111203,-0.527619,0.051403,6.344999999999999
1772222881253881766,2026-02-27 15:08:01.253,5.59384,-1.83064,-11.4705,0.112427,-0.51446,0.052076,6.346000000000004
1772222881255083857,2026-02-27 15:08:01.255,5.35915,-1.94537,-12.0063,0.111582,-0.500368,0.052691,6.347999999999999
1772222881256284723,2026-02-27 15:08:01.256,5.18192,-1.95174,-11.5499,0.11384,-0.485602,0.041973,6.349000000000004
1772222881257493764,2026-02-27 15:08:01.257,4.99103,-1.99051,-12.5271,0.116406,-0.471164,0.044991,6.3500000000000085
1772222881258690712,2026-02-27 15:08:01.258,4.72509,-2.07436,-13.0801,0.118016,-0.454368,0.045216,6.350999999999999
1772222881259885932,2026-02-27 15:08:01.259,4.2037,-2.16824,-14.9977,0.12551,-0.416136,0.048689,6.352000000000004
1772222881261089298,2026-02-27 15:08:01.261,3.94405,-2.23028,-15.6638,0.128927,-0.394206,0.047752,6.353999999999999
1772222881262290157,2026-02-27 15:08:01.262,3.60874,-2.27959,-16.325,0.132652,-0.373443,0.045824,6.355000000000004
1772222881263430279,2026-02-27 15:08:01.263,3.39758,-2.36352,-16.7665,0.135679,-0.356335,0.044822,6.356000000000009
1772222881264677433,2026-02-27 15:08:01.264,3.01546,-2.38052,-18.2841,0.138643,-0.335032,0.052268,6.356999999999999
1772222881265891970,2026-02-27 15:08:01.265,2.39476,-2.51279,-19.1562,0.14768,-0.292307,0.045212,6.358000000000004
1772222881267091531,2026-02-27 15:08:01.267,2.01629,-2.44754,-19.0704,0.149423,-0.267451,0.037913,6.359999999999999
1772222881268290851,2026-02-27 15:08:01.268,1.70138,-2.49668,-19.0768,0.153011,-0.245966,0.032477,6.361000000000004
1772222881269505525,2026-02-27 15:08:01.269,1.30211,-2.52317,-19.4177,0.150108,-0.217074,0.027951,6.362000000000009
1772222881270688521,2026-02-27 15:08:01.270,0.956525,-2.57708,-19.8918,0.154177,-0.189946,0.025614,6.3629999999999995
1772222881271904190,2026-02-27 15:08:01.271,0.155405,-2.70507,-20.1063,0.154425,-0.137878,0.013789,6.364000000000004
1772222881273105360,2026-02-27 15:08:01.273,-0.244314,-2.74451,-19.9131,0.157714,-0.112904,0.005681,6.366
1772222881274304455,2026-02-27 15:08:01.274,-0.706767,-2.89205,-20.6536,0.156419,-0.077213,0.003187,6.367000000000004
1772222881275639842,2026-02-27 15:08:01.275,-1.12356,-2.90479,-21.6047,0.158312,-0.048414,0.001861,6.368000000000009
1772222881276816212,2026-02-27 15:08:01.276,-2.01152,-3.14442,-22.8919,0.158356,0.005224,-0.001837,6.369
1772222881278015776,2026-02-27 15:08:01.278,-2.43922,-3.21561,-23.2767,0.158967,0.031085,-0.005849,6.371000000000009
1772222881279215060,2026-02-27 15:08:01.279,-2.7933,-3.24695,-23.6908,0.16063,0.056832,-0.011369,6.372
1772222881280417857,2026-02-27 15:08:01.280,-3.23939,-3.36857,-23.7841,0.157295,0.07879,-0.013553,6.373000000000005
1772222881281569179,2026-02-27 15:08:01.281,-3.57898,-3.47119,-25.1013,0.157555,0.106027,-0.008563,6.374000000000009
1772222881282703632,2026-02-27 15:08:01.282,-4.34521,-3.51813,-24.8396,0.151357,0.155403,-0.021905,6.375
1772222881283875511,2026-02-27 15:08:01.283,-4.70769,-3.595,-24.4872,0.149589,0.17921,-0.029628,6.376000000000005
1772222881285078706,2026-02-27 15:08:01.285,-5.076,-3.67473,-24.5513,0.144487,0.208198,-0.036018,6.378
1772222881286277300,2026-02-27 15:08:01.286,-5.38415,-3.74714,-24.8126,0.142684,0.23209,-0.040052,6.379000000000005
1772222881287487661,2026-02-27 15:08:01.287,-5.7395,-3.85233,-25.1383,0.140226,0.252269,-0.043857,6.38000000000001
1772222881288696029,2026-02-27 15:08:01.288,-6.12021,-3.9369,-25.317,0.137845,0.268806,-0.045363,6.381
1772222881289907822,2026-02-27 15:08:01.289,-6.7144,-4.12642,-25.1867,0.136642,0.302761,-0.056909,6.382000000000005
1772222881291107471,2026-02-27 15:08:01.291,-7.05141,-4.25235,-25.4832,0.135326,0.318899,-0.058927,6.384
1772222881292305341,2026-02-27 15:08:01.292,-7.34026,-4.32255,-26.2576,0.130114,0.336303,-0.056393,6.385000000000005
1772222881293520357,2026-02-27 15:08:01.293,-7.61436,-4.40302,-26.776,0.129137,0.354001,-0.055357,6.38600000000001
1772222881294653476,2026-02-27 15:08:01.294,-8.21094,-4.53986,-26.9274,0.11844,0.388373,-0.06168,6.3870000000000005
1772222881295817735,2026-02-27 15:08:01.295,-8.39159,-4.6073,-26.9987,0.117467,0.403623,-0.063396,6.388000000000005
1772222881297005200,2026-02-27 15:08:01.297,-8.70091,-4.66525,-27.649,0.113304,0.420572,-0.061174,6.390000000000001
1772222881298209859,2026-02-27 15:08:01.298,-8.8452,-4.73534,-28.1461,0.11226,0.436,-0.059948,6.391000000000005
1772222881299413741,2026-02-27 15:08:01.299,-9.08531,-4.78347,-28.007,0.109427,0.449817,-0.063017,6.39200000000001
1772222881300566089,2026-02-27 15:08:01.300,-9.30997,-4.89093,-27.7727,0.105926,0.463237,-0.068219,6.393000000000001
1772222881301700614,2026-02-27 15:08:01.301,-9.77187,-5.08668,-27.5118,0.09503,0.483433,-0.075283,6.3940000000000055
1772222881302871650,2026-02-27 15:08:01.302,-9.99946,-5.20164,-27.7533,0.087757,0.493776,-0.076511,6.39500000000001
1772222881304071083,2026-02-27 15:08:01.304,-10.0711,-5.28054,-28.0326,0.085519,0.507897,-0.077353,6.397000000000006
1772222881305272905,2026-02-27 15:08:01.305,-10.2429,-5.36584,-28.2607,0.081494,0.520666,-0.080265,6.39800000000001
1772222881306575935,2026-02-27 15:08:01.306,-10.4886,-5.508,-27.5094,0.075577,0.530146,-0.090093,6.399000000000001
1772222881307714102,2026-02-27 15:08:01.307,-10.8044,-5.73661,-28.6361,0.068819,0.542783,-0.086932,6.400000000000006
1772222881308896982,2026-02-27 15:08:01.308,-10.9561,-5.85451,-29.3714,0.061488,0.549573,-0.084153,6.4010000000000105
1772222881310098628,2026-02-27 15:08:01.310,-11.0459,-5.99303,-29.8946,0.062915,0.556559,-0.081977,6.403000000000006
1772222881311299798,2026-02-27 15:08:01.311,-11.1786,-6.07256,-30.1125,0.061851,0.561868,-0.083235,6.404000000000011
1772222881312516871,2026-02-27 15:08:01.312,-11.3041,-6.15766,-30.2698,0.057851,0.567766,-0.084536,6.405000000000001
1772222881313652471,2026-02-27 15:08:01.313,-11.366,-6.22832,-30.3944,0.056622,0.57276,-0.084281,6.406000000000006
1772222881314817836,2026-02-27 15:08:01.314,-11.5844,-6.39607,-31.4555,0.051414,0.584159,-0.081482,6.407000000000011
1772222881316018651,2026-02-27 15:08:01.316,-11.6295,-6.44231,-31.4789,0.048118,0.588156,-0.081196,6.409000000000006
1772222881317221271,2026-02-27 15:08:01.317,-11.6918,-6.5119,-31.0564,0.043158,0.59011,-0.087079,6.410000000000011
1772222881318425156,2026-02-27 15:08:01.318,-11.7917,-6.57872,-30.859,0.037769,0.594882,-0.089698,6.411000000000001
1772222881319569405,2026-02-27 15:08:01.319,-11.8738,-6.63462,-30.9112,0.031771,0.597291,-0.09158,6.412000000000006
1772222881320706841,2026-02-27 15:08:01.320,-11.8805,-6.72997,-31.0388,0.029126,0.597279,-0.0909,6.413000000000011
1772222881321870286,2026-02-27 15:08:01.321,-11.9361,-6.93061,-30.6933,0.020008,0.595262,-0.097783,6.4140000000000015
1772222881323072600,2026-02-27 15:08:01.323,-12.0326,-7.00904,-30.6369,0.012235,0.595662,-0.100899,6.416000000000011
1772222881324273096,2026-02-27 15:08:01.324,-11.9956,-7.15906,-31.0345,0.010511,0.593721,-0.099306,6.417000000000002
1772222881325486337,2026-02-27 15:08:01.325,-12.0086,-7.27785,-31.6752,0.006254,0.591533,-0.095075,6.418000000000006
1772222881326621603,2026-02-27 15:08:01.326,-12.0453,-7.33506,-32.2909,0.000785,0.590608,-0.09168,6.419000000000011
1772222881327777102,2026-02-27 15:08:01.327,-12.0891,-7.46991,-32.6007,-0.004823,0.587455,-0.091543,6.420000000000002
1772222881328981737,2026-02-27 15:08:01.328,-12.0791,-7.53795,-32.7656,-0.008887,0.584916,-0.09151,6.4210000000000065
1772222881330116468,2026-02-27 15:08:01.330,-12.0704,-7.59032,-32.9572,-0.011884,0.583729,-0.090413,6.423000000000002
1772222881331325064,2026-02-27 15:08:01.331,-12.0891,-7.65752,-34.043,-0.009725,0.584426,-0.0831,6.424000000000007
1772222881332549097,2026-02-27 15:08:01.332,-12.1245,-7.6369,-33.696,-0.015379,0.582907,-0.086818,6.425000000000011
1772222881333688764,2026-02-27 15:08:01.333,-12.1704,-7.67598,-33.6643,-0.020556,0.581975,-0.089026,6.426000000000002
1772222881334843629,2026-02-27 15:08:01.334,-12.1692,-7.77831,-33.1608,-0.024029,0.580866,-0.094628,6.427000000000007
1772222881336041829,2026-02-27 15:08:01.336,-12.2084,-7.77146,-33.3013,-0.024705,0.580815,-0.09512,6.429000000000002
1772222881337242478,2026-02-27 15:08:01.337,-12.2607,-7.80808,-33.4068,-0.026353,0.581581,-0.094787,6.430000000000007
1772222881338447060,2026-02-27 15:08:01.338,-12.3431,-7.87835,-33.5216,-0.032468,0.58283,-0.096484,6.431000000000012
1772222881339607143,2026-02-27 15:08:01.339,-12.412,-7.92703,-32.6205,-0.03262,0.582739,-0.106869,6.432000000000002
1772222881340745963,2026-02-27 15:08:01.340,-12.3834,-7.95907,-33.1495,-0.028704,0.583786,-0.103497,6.433000000000007
1772222881341899258,2026-02-27 15:08:01.341,-12.5348,-8.05546,-34.0146,-0.036909,0.587773,-0.099687,6.434000000000012
1772222881343101125,2026-02-27 15:08:01.343,-12.5968,-8.12133,-34.497,-0.036898,0.590871,-0.09765,6.436000000000007
1772222881344306340,2026-02-27 15:08:01.344,-12.7033,-8.16401,-34.6715,-0.037664,0.594498,-0.099274,6.437000000000012
1772222881345517147,2026-02-27 15:08:01.345,-12.642,-8.28577,-34.7703,-0.042632,0.596122,-0.099772,6.438000000000002
1772222881346652724,2026-02-27 15:08:01.346,-12.8432,-8.33929,-34.8291,-0.048151,0.599389,-0.100951,6.439000000000007
1772222881347807462,2026-02-27 15:08:01.347,-12.9037,-8.42596,-35.9347,-0.048753,0.606965,-0.093797,6.440000000000012
1772222881348995362,2026-02-27 15:08:01.348,-12.9716,-8.4421,-35.8041,-0.049883,0.610323,-0.095264,6.4410000000000025
1772222881350196340,2026-02-27 15:08:01.350,-12.9946,-8.45408,-35.4216,-0.051464,0.614105,-0.100903,6.443000000000012
1772222881351397370,2026-02-27 15:08:01.351,-13.1322,-8.4815,-35.0922,-0.054653,0.617981,-0.105055,6.444000000000003
1772222881352572838,2026-02-27 15:08:01.352,-13.1669,-8.51366,-34.9026,-0.059095,0.618856,-0.106336,6.445000000000007
1772222881353709590,2026-02-27 15:08:01.353,-13.1811,-8.59037,-34.979,-0.058018,0.620157,-0.107049,6.446000000000012
1772222881354838492,2026-02-27 15:08:01.354,-13.2572,-8.6174,-34.5968,-0.064052,0.621935,-0.109953,6.447000000000003
1772222881356033348,2026-02-27 15:08:01.356,-13.2844,-8.72132,-33.7127,-0.070409,0.620482,-0.117949,6.449000000000012
1772222881357235543,2026-02-27 15:08:01.357,-13.3251,-8.73363,-34.1561,-0.072912,0.623771,-0.115715,6.450000000000003
1772222881358436579,2026-02-27 15:08:01.358,-13.3457,-8.78269,-34.3896,-0.076595,0.620908,-0.114612,6.451000000000008
1772222881359561728,2026-02-27 15:08:01.359,-13.2165,-8.75458,-34.967,-0.072147,0.620548,-0.109764,6.452000000000012
1772222881360693627,2026-02-27 15:08:01.360,-13.2662,-8.75788,-35.2325,-0.073582,0.620596,-0.109914,6.453000000000003
1772222881361882993,2026-02-27 15:08:01.361,-13.2399,-8.83022,-35.354,-0.074737,0.61458,-0.110184,6.454000000000008
1772222881363074720,2026-02-27 15:08:01.363,-13.3064,-8.82171,-35.5526,-0.076424,0.613039,-0.111331,6.456000000000003
1772222881364276775,2026-02-27 15:08:01.364,-13.2226,-8.82957,-36.8385,-0.067939,0.612937,-0.100806,6.457000000000008
1772222881365488540,2026-02-27 15:08:01.365,-13.1579,-8.78621,-36.4412,-0.06612,0.612427,-0.105253,6.458000000000013
1772222881366623556,2026-02-27 15:08:01.366,-13.1851,-8.73737,-36.4178,-0.066785,0.612526,-0.105854,6.459000000000003
1772222881367806104,2026-02-27 15:08:01.367,-13.1919,-8.73395,-35.8984,-0.067605,0.610801,-0.11068,6.460000000000008
1772222881368983454,2026-02-27 15:08:01.368,-13.233,-8.71699,-35.7029,-0.066782,0.614143,-0.115698,6.461000000000013
1772222881370180558,2026-02-27 15:08:01.370,-13.3096,-8.71058,-35.715,-0.06909,0.61727,-0.117248,6.463000000000008
1772222881371384478,2026-02-27 15:08:01.371,-13.3065,-8.70046,-35.7329,-0.06835,0.620316,-0.117498,6.463999999999999
1772222881372570493,2026-02-27 15:08:01.372,-13.3416,-8.70586,-34.774,-0.069439,0.622372,-0.127258,6.465000000000003
1772222881373706257,2026-02-27 15:08:01.373,-13.3746,-8.72194,-34.8101,-0.072508,0.623637,-0.128205,6.466000000000008
1772222881374867216,2026-02-27 15:08:01.374,-13.3731,-8.7255,-34.9392,-0.071257,0.625906,-0.127005,6.466999999999999
1772222881376042653,2026-02-27 15:08:01.376,-13.4298,-8.84226,-35.8426,-0.077242,0.629309,-0.120022,6.469000000000008
1772222881377248980,2026-02-27 15:08:01.377,-13.5005,-8.86993,-35.9637,-0.082086,0.631084,-0.120619,6.469999999999999
1772222881378467878,2026-02-27 15:08:01.378,-13.445,-8.90401,-35.9198,-0.0806,0.631921,-0.12084,6.471000000000004
1772222881379603833,2026-02-27 15:08:01.379,-13.5361,-8.9532,-36.0232,-0.089193,0.633721,-0.121292,6.472000000000008
1772222881380734877,2026-02-27 15:08:01.380,-13.4381,-8.99149,-36.2698,-0.086809,0.633301,-0.117391,6.472999999999999
1772222881381894968,2026-02-27 15:08:01.381,-13.3376,-8.98325,-37.0577,-0.085494,0.635731,-0.111692,6.474000000000004
1772222881383097150,2026-02-27 15:08:01.383,-13.3887,-9.07185,-36.3562,-0.093473,0.634359,-0.116811,6.475999999999999
1772222881384301143,2026-02-27 15:08:01.384,-13.3852,-9.1252,-36.0274,-0.096656,0.633714,-0.120563,6.477000000000004
1772222881385517270,2026-02-27 15:08:01.385,-13.3704,-9.15271,-35.8765,-0.097102,0.634512,-0.121806,6.478000000000009
1772222881386658232,2026-02-27 15:08:01.386,-13.2729,-9.10826,-35.9217,-0.095052,0.633633,-0.120738,6.478999999999999
1772222881387860580,2026-02-27 15:08:01.387,-13.2855,-9.18212,-35.9832,-0.096244,0.632496,-0.120813,6.480000000000004
1772222881389038039,2026-02-27 15:08:01.389,-13.3399,-9.22232,-35.0063,-0.097292,0.632137,-0.130321,6.481999999999999
1772222881390219467,2026-02-27 15:08:01.390,-13.2792,-9.22166,-35.5003,-0.095385,0.632098,-0.126102,6.483000000000004
1772222881391420512,2026-02-27 15:08:01.391,-13.2343,-9.24637,-35.7711,-0.093924,0.631921,-0.124975,6.484000000000009
1772222881392573345,2026-02-27 15:08:01.392,-13.1636,-9.26656,-36.5349,-0.094148,0.63149,-0.120106,6.484999999999999
1772222881393713177,2026-02-27 15:08:01.393,-13.2533,-9.37988,-36.9538,-0.096445,0.632466,-0.118702,6.486000000000004
1772222881394893400,2026-02-27 15:08:01.394,-13.2408,-9.40593,-37.1998,-0.092746,0.634565,-0.118172,6.487000000000009
1772222881396080092,2026-02-27 15:08:01.396,-13.4227,-9.47579,-37.8957,-0.0926,0.642965,-0.117972,6.489000000000004
1772222881397281654,2026-02-27 15:08:01.397,-13.4858,-9.50932,-39.2126,-0.090944,0.650227,-0.10957,6.490000000000009
1772222881398497903,2026-02-27 15:08:01.398,-13.607,-9.62979,-39.4471,-0.090319,0.656107,-0.111266,6.491
1772222881399633609,2026-02-27 15:08:01.399,-13.691,-9.67697,-39.6979,-0.090412,0.664928,-0.113438,6.492000000000004
1772222881400810875,2026-02-27 15:08:01.400,-13.8773,-9.76914,-39.5053,-0.092799,0.675573,-0.118398,6.493000000000009
1772222881401989992,2026-02-27 15:08:01.401,-14.2598,-10.0055,-39.8629,-0.096845,0.693866,-0.123777,6.494
1772222881403177861,2026-02-27 15:08:01.403,-14.4484,-10.1433,-40.1923,-0.101649,0.704599,-0.12376,6.496000000000009
1772222881404378956,2026-02-27 15:08:01.404,-14.6517,-10.2779,-40.4649,-0.10445,0.718448,-0.126057,6.497
1772222881405562358,2026-02-27 15:08:01.405,-14.8676,-10.4355,-40.2659,-0.106994,0.728629,-0.132096,6.498000000000005
1772222881406696767,2026-02-27 15:08:01.406,-15.0639,-10.4754,-40.0543,-0.109998,0.741559,-0.136844,6.499000000000009
1772222881407881049,2026-02-27 15:08:01.407,-15.2804,-10.6456,-40.5576,-0.114795,0.752275,-0.135216,6.5
1772222881409069489,2026-02-27 15:08:01.409,-15.6615,-10.923,-41.8579,-0.122296,0.778982,-0.13023,6.5020000000000095
1772222881410266581,2026-02-27 15:08:01.410,-15.8851,-11.042,-42.1277,-0.130581,0.790668,-0.130237,6.503
1772222881411497762,2026-02-27 15:08:01.411,-16.0717,-11.1368,-42.3381,-0.134367,0.80448,-0.13272,6.504000000000005
1772222881412629869,2026-02-27 15:08:01.412,-16.2747,-11.3175,-42.5187,-0.140099,0.815637,-0.133731,6.50500000000001
1772222881413800349,2026-02-27 15:08:01.413,-16.504,-11.4195,-42.6402,-0.146286,0.828846,-0.134477,6.506
1772222881415031460,2026-02-27 15:08:01.415,-16.9002,-11.7728,-43.7036,-0.160756,0.85532,-0.131885,6.50800000000001
1772222881416338910,2026-02-27 15:08:01.416,-17.1191,-11.9301,-43.9161,-0.164382,0.86811,-0.134153,6.509
1772222881417564276,2026-02-27 15:08:01.417,-17.2765,-12.0739,-43.5547,-0.173206,0.878813,-0.140268,6.510000000000005
1772222881418721871,2026-02-27 15:08:01.418,-17.47,-12.232,-43.5373,-0.181938,0.892298,-0.143609,6.51100000000001
1772222881419924285,2026-02-27 15:08:01.419,-17.695,-12.4198,-43.7342,-0.189033,0.905565,-0.145321,6.5120000000000005
1772222881421098676,2026-02-27 15:08:01.421,-18.1059,-12.7803,-44.0484,-0.203717,0.92877,-0.148461,6.51400000000001
1772222881422295672,2026-02-27 15:08:01.422,-18.2281,-12.9435,-42.9643,-0.215055,0.936084,-0.159336,6.515000000000001
1772222881423507361,2026-02-27 15:08:01.423,-18.3907,-13.1419,-43.1399,-0.227711,0.943472,-0.158329,6.516000000000005
1772222881424644908,2026-02-27 15:08:01.424,-18.469,-13.2907,-43.1645,-0.233697,0.951077,-0.157978,6.51700000000001
1772222881425843395,2026-02-27 15:08:01.425,-18.6083,-13.4569,-43.7999,-0.244229,0.962575,-0.154888,6.518000000000001
1772222881427021596,2026-02-27 15:08:01.427,-18.7687,-13.6089,-44.2831,-0.254009,0.972286,-0.15336,6.52000000000001
1772222881428215301,2026-02-27 15:08:01.428,-18.9961,-13.9125,-44.6682,-0.270052,0.986239,-0.154794,6.521000000000001
1772222881429415570,2026-02-27 15:08:01.429,-19.0699,-14.0761,-44.6511,-0.279707,0.990623,-0.154886,6.522000000000006
1772222881430559715,2026-02-27 15:08:01.430,-19.1832,-14.2925,-45.3409,-0.288682,0.992987,-0.149777,6.52300000000001
1772222881431699293,2026-02-27 15:08:01.431,-19.3406,-14.4389,-45.9532,-0.295555,0.998589,-0.147128,6.524000000000001
1772222881432878647,2026-02-27 15:08:01.432,-19.4383,-14.5907,-46.0012,-0.299617,1.00436,-0.149489,6.525000000000006
1772222881434058307,2026-02-27 15:08:01.434,-19.5889,-14.73,-45.729,-0.307805,1.01002,-0.154498,6.527000000000001
1772222881435236294,2026-02-27 15:08:01.435,-19.8325,-15.0254,-45.2456,-0.323941,1.02187,-0.161177,6.528000000000006
1772222881436438114,2026-02-27 15:08:01.436,-19.9028,-15.1252,-45.2435,-0.334112,1.02654,-0.162114,6.529000000000011
1772222881437575834,2026-02-27 15:08:01.437,-20.1213,-15.2279,-45.2578,-0.34709,1.03544,-0.164167,6.530000000000001
1772222881438710683,2026-02-27 15:08:01.438,-20.1974,-15.3288,-45.1649,-0.353988,1.04272,-0.166304,6.531000000000006
1772222881439888671,2026-02-27 15:08:01.439,-20.2823,-15.4815,-44.1656,-0.361646,1.05104,-0.176325,6.532000000000011
1772222881441068871,2026-02-27 15:08:01.441,-20.5162,-15.5884,-44.5204,-0.373835,1.05949,-0.172983,6.534000000000006
1772222881442247685,2026-02-27 15:08:01.442,-20.782,-15.8921,-45.1447,-0.394892,1.0787,-0.169157,6.535000000000011
1772222881443472348,2026-02-27 15:08:01.443,-20.9205,-16.0247,-45.2929,-0.404111,1.08803,-0.168924,6.536000000000001
1772222881444607141,2026-02-27 15:08:01.444,-21.0734,-16.2293,-45.2069,-0.416396,1.09471,-0.17054,6.537000000000006
1772222881445739420,2026-02-27 15:08:01.445,-21.1981,-16.3861,-45.3101,-0.425749,1.10351,-0.17094,6.538000000000011
1772222881446920174,2026-02-27 15:08:01.446,-21.343,-16.4622,-45.3048,-0.434226,1.11044,-0.172458,6.5390000000000015
1772222881448103650,2026-02-27 15:08:01.448,-21.4284,-16.6309,-46.3446,-0.444872,1.11585,-0.163554,6.541000000000011
1772222881449285300,2026-02-27 15:08:01.449,-21.518,-16.8428,-45.8513,-0.460571,1.12306,-0.168269,6.542000000000002
1772222881450499558,2026-02-27 15:08:01.450,-21.5055,-16.9019,-45.1424,-0.470875,1.12173,-0.171317,6.543000000000006
1772222881451633579,2026-02-27 15:08:01.451,-21.4989,-16.9718,-44.6334,-0.477722,1.11938,-0.174818,6.544000000000011
1772222881452813769,2026-02-27 15:08:01.452,-21.3783,-17.0011,-44.3158,-0.48488,1.11325,-0.173718,6.545000000000002
1772222881454014823,2026-02-27 15:08:01.454,-21.3051,-17.0006,-44.0199,-0.491264,1.10595,-0.172553,6.547000000000011
1772222881455193442,2026-02-27 15:08:01.455,-20.968,-17.0052,-42.6403,-0.499691,1.08397,-0.178029,6.548000000000002
1772222881456389080,2026-02-27 15:08:01.456,-20.7741,-16.9532,-42.1058,-0.504847,1.07197,-0.178813,6.549000000000007
1772222881457586371,2026-02-27 15:08:01.457,-20.5339,-16.8712,-41.9226,-0.505311,1.05691,-0.175385,6.550000000000011
1772222881458721055,2026-02-27 15:08:01.458,-20.2151,-16.7822,-42.105,-0.506039,1.04117,-0.168777,6.551000000000002
1772222881459903764,2026-02-27 15:08:01.459,-20.0258,-16.7498,-42.2405,-0.508627,1.02478,-0.163625,6.552000000000007
1772222881461092516,2026-02-27 15:08:01.461,-19.7169,-16.6235,-42.0315,-0.501862,1.0089,-0.160461,6.554000000000002
1772222881462282207,2026-02-27 15:08:01.462,-19.2047,-16.4515,-41.5832,-0.501366,0.971604,-0.156854,6.555000000000007
1772222881463421511,2026-02-27 15:08:01.463,-18.9156,-16.2778,-41.6275,-0.496961,0.954891,-0.152548,6.556000000000012
1772222881464563790,2026-02-27 15:08:01.464,-18.517,-16.1788,-42.4372,-0.491484,0.936765,-0.142956,6.557000000000002
1772222881465702892,2026-02-27 15:08:01.465,-18.2488,-16.0282,-41.9929,-0.492622,0.918908,-0.145315,6.558000000000007
1772222881466927908,2026-02-27 15:08:01.466,-17.7701,-15.8996,-41.658,-0.483908,0.900758,-0.145307,6.559000000000012
1772222881468106215,2026-02-27 15:08:01.468,-17.3909,-15.7024,-41.1325,-0.481292,0.885892,-0.146984,6.561000000000007
1772222881469280637,2026-02-27 15:08:01.469,-16.2459,-15.228,-40.9079,-0.471814,0.864607,-0.146951,6.562000000000012
1772222881470491910,2026-02-27 15:08:01.470,-15.5634,-14.8894,-40.8528,-0.46915,0.860117,-0.144011,6.563000000000002
1772222881471626809,2026-02-27 15:08:01.471,-14.7459,-14.5005,-40.8602,-0.465294,0.858159,-0.140314,6.564000000000007
1772222881472807308,2026-02-27 15:08:01.472,-14.0546,-14.0977,-39.5892,-0.464437,0.858194,-0.145751,6.565000000000012
1772222881473980824,2026-02-27 15:08:01.473,-13.3169,-13.6951,-39.8454,-0.462637,0.857317,-0.138566,6.5660000000000025
1772222881475158498,2026-02-27 15:08:01.475,-12.491,-13.2912,-39.7422,-0.452476,0.853014,-0.135919,6.568000000000012
1772222881476338079,2026-02-27 15:08:01.476,-11.3295,-12.7265,-39.9044,-0.447033,0.833466,-0.129761,6.569000000000003
1772222881477568621,2026-02-27 15:08:01.477,-10.7203,-12.449,-39.6024,-0.432807,0.819634,-0.133344,6.570000000000007
1772222881478706842,2026-02-27 15:08:01.478,-10.447,-12.3127,-39.1637,-0.425912,0.798223,-0.137631,6.571000000000012
1772222881479942323,2026-02-27 15:08:01.479,-10.1786,-12.2554,-38.5629,-0.407556,0.764659,-0.144652,6.572000000000003
1772222881481109077,2026-02-27 15:08:01.481,-9.75494,-12.0447,-37.6105,-0.350264,0.671291,-0.145288,6.574000000000012
1772222881482272636,2026-02-27 15:08:01.482,-9.24249,-11.8657,-38.285,-0.342588,0.694399,-0.15501,6.575000000000003
1772222881483403791,2026-02-27 15:08:01.483,-9.52685,-11.6047,-38.1584,-0.329347,0.666358,-0.153511,6.576000000000008
1772222881484574628,2026-02-27 15:08:01.484,-9.62331,-11.4522,-37.5055,-0.3166,0.637113,-0.144619,6.577000000000012
1772222881485710473,2026-02-27 15:08:01.485,-9.47785,-11.3699,-37.0005,-0.295004,0.583114,-0.137566,6.578000000000003
1772222881486886671,2026-02-27 15:08:01.486,-9.80804,-11.1166,-32.8565,-0.244173,0.39143,-0.107742,6.579000000000008
1772222881488093216,2026-02-27 15:08:01.488,-8.4225,-10.4848,-25.9459,-0.190196,0.138702,-0.061021,6.581000000000003
1772222881489267850,2026-02-27 15:08:01.489,-4.0511,-7.93124,-14.8655,-0.207767,0.006059,-0.058665,6.582000000000008
1772222881490412724,2026-02-27 15:08:01.490,-2.18699,-6.48596,-10.9532,-0.19188,-0.009962,-0.055995,6.583000000000013
1772222881491534535,2026-02-27 15:08:01.491,-0.537173,-5.2388,-9.40527,-0.169633,-0.059937,-0.064013,6.584000000000003
1772222881492659767,2026-02-27 15:08:01.492,1.02507,-3.89394,-7.9523,-0.132739,-0.085919,-0.075021,6.585000000000008
1772222881493830646,2026-02-27 15:08:01.493,2.88966,-2.68499,-9.25072,-0.104848,-0.175875,-0.087452,6.586000000000013
1772222881495035265,2026-02-27 15:08:01.495,4.63192,-1.66257,-9.90248,-0.05579,-0.239642,-0.100576,6.588000000000008
1772222881496216079,2026-02-27 15:08:01.496,6.64045,-0.927919,-12.2825,-0.050381,-0.344247,-0.110779,6.588999999999999
1772222881497377365,2026-02-27 15:08:01.497,10.652,-0.647916,-21.2896,-0.013314,-0.477944,-0.110191,6.590000000000003
1772222881498538347,2026-02-27 15:08:01.498,11.4665,-0.770726,-22.1263,0.013245,-0.532684,-0.107673,6.591000000000008
1772222881499671472,2026-02-27 15:08:01.499,13.0968,-0.896205,-23.8946,-0.011308,-0.666799,-0.09299,6.591999999999999
1772222881500819128,2026-02-27 15:08:01.500,14.3007,-1.08592,-22.6048,-0.007855,-0.726226,-0.101293,6.5930000000000035
1772222881502005993,2026-02-27 15:08:01.502,15.2961,-1.30193,-21.1329,-0.01546,-0.701359,-0.11131,6.594999999999999
1772222881503183302,2026-02-27 15:08:01.503,14.7039,-1.7821,-18.3535,-0.000356,-0.676756,-0.106337,6.596000000000004
1772222881504340426,2026-02-27 15:08:01.504,14.0934,-1.90422,-17.4193,0.021421,-0.622577,-0.089021,6.597000000000008
1772222881505531587,2026-02-27 15:08:01.505,13.6175,-1.86579,-15.2919,0.005125,-0.611972,-0.089124,6.597999999999999
1772222881506668560,2026-02-27 15:08:01.506,13.2195,-2.22704,-17.0111,0.017545,-0.555271,-0.083581,6.599000000000004
1772222881507828689,2026-02-27 15:08:01.507,12.6339,-2.797,-19.0287,0.038941,-0.526155,-0.067358,6.6000000000000085
1772222881509015559,2026-02-27 15:08:01.509,12.1138,-3.20326,-20.993,0.04283,-0.519204,-0.041904,6.602000000000004
1772222881510183464,2026-02-27 15:08:01.510,11.7504,-3.64196,-22.4357,0.046798,-0.520043,-0.018073,6.603000000000009
1772222881511340480,2026-02-27 15:08:01.511,11.537,-4.7102,-24.2173,0.013856,-0.496958,-0.012009,6.603999999999999
1772222881512561747,2026-02-27 15:08:01.512,11.4129,-5.2005,-24.3133,-0.019338,-0.521419,-0.015793,6.605000000000004
1772222881513693419,2026-02-27 15:08:01.513,11.2469,-5.58239,-24.213,-0.048774,-0.525384,-0.020895,6.606000000000009
1772222881514855833,2026-02-27 15:08:01.514,11.0435,-5.90709,-23.3764,-0.071917,-0.520815,-0.022757,6.606999999999999
1772222881516031214,2026-02-27 15:08:01.516,11.1254,-6.11462,-21.9329,-0.094555,-0.509597,-0.032375,6.609000000000009
1772222881517205625,2026-02-27 15:08:01.517,11.99,-6.25599,-20.8624,-0.147179,-0.46719,-0.071043,6.609999999999999
1772222881518367014,2026-02-27 15:08:01.518,12.3991,-6.88706,-19.6408,-0.204626,-0.410451,-0.118495,6.611000000000004
1772222881519561959,2026-02-27 15:08:01.519,12.5659,-7.50716,-19.7494,-0.230237,-0.409053,-0.130867,6.612000000000009
1772222881520691655,2026-02-27 15:08:01.520,12.7933,-8.07826,-19.3348,-0.246738,-0.418894,-0.13555,6.6129999999999995
1772222881521837840,2026-02-27 15:08:01.521,13.1169,-8.67591,-18.7068,-0.272304,-0.427714,-0.141886,6.614000000000004
1772222881523021620,2026-02-27 15:08:01.523,12.6815,-9.36895,-18.0656,-0.224264,-0.436524,-0.132623,6.616
1772222881524170828,2026-02-27 15:08:01.524,12.6451,-9.54131,-19.2232,-0.206236,-0.474093,-0.098648,6.617000000000004
1772222881525478342,2026-02-27 15:08:01.525,11.951,-8.44158,-24.0605,-0.065121,-0.499703,0.008536,6.618000000000009
1772222881526606409,2026-02-27 15:08:01.526,12.4002,-7.04509,-23.4623,-0.00201,-0.588738,0.037871,6.619
1772222881527730044,2026-02-27 15:08:01.527,13.6149,-5.5548,-22.0906,0.031739,-0.649464,0.040365,6.6200000000000045
1772222881528872732,2026-02-27 15:08:01.528,14.6194,-4.31436,-20.79,0.058742,-0.677415,0.019103,6.621000000000009
1772222881530058414,2026-02-27 15:08:01.530,15.2854,-3.50859,-20.2773,0.038258,-0.684889,-0.015686,6.623000000000005
1772222881531222810,2026-02-27 15:08:01.531,15.4899,-3.06785,-20.2282,0.02396,-0.696221,-0.033392,6.624000000000009
1772222881532387087,2026-02-27 15:08:01.532,18.57,-4.51978,-21.0584,-0.10095,-0.638697,-0.153294,6.625
1772222881533545682,2026-02-27 15:08:01.533,18.9385,-5.72131,-19.7833,-0.144652,-0.654929,-0.1725,6.626000000000005
1772222881534672574,2026-02-27 15:08:01.534,19.303,-7.06076,-19.4716,-0.186827,-0.671436,-0.17177,6.6270000000000095
1772222881535818956,2026-02-27 15:08:01.535,18.9466,-8.37739,-19.3351,-0.190289,-0.658961,-0.142995,6.628
1772222881536992284,2026-02-27 15:08:01.536,17.6866,-9.43669,-19.3891,-0.170228,-0.648582,-0.098835,6.629000000000005
1772222881538202734,2026-02-27 15:08:01.538,16.5748,-9.76589,-19.0382,-0.140969,-0.639952,-0.05349,6.631
1772222881539370358,2026-02-27 15:08:01.539,15.2472,-7.91169,-17.2059,-0.073595,-0.596224,-0.001893,6.632000000000005
1772222881540492232,2026-02-27 15:08:01.540,15.2631,-6.68319,-17.056,-0.030393,-0.576211,0.009283,6.63300000000001
1772222881541624940,2026-02-27 15:08:01.541,15.4795,-5.47457,-16.8957,-0.010621,-0.549756,-0.006946,6.634
1772222881542804331,2026-02-27 15:08:01.542,15.6247,-4.66603,-16.7549,-0.010896,-0.540715,-0.031426,6.635000000000005
1772222881544004382,2026-02-27 15:08:01.544,15.404,-4.55015,-16.4397,-0.03355,-0.546784,-0.04768,6.6370000000000005
1772222881545217187,2026-02-27 15:08:01.545,15.0738,-4.98926,-16.3095,-0.06688,-0.559526,-0.055216,6.638000000000005
1772222881546388522,2026-02-27 15:08:01.546,14.241,-7.12804,-17.2241,-0.13789,-0.578564,-0.040103,6.63900000000001
1772222881547565609,2026-02-27 15:08:01.547,13.8484,-8.07036,-18.3553,-0.159873,-0.606539,0.002725,6.640000000000001
1772222881548730008,2026-02-27 15:08:01.548,13.8069,-8.68607,-18.1078,-0.17244,-0.599789,0.017563,6.641000000000005
1772222881549953490,2026-02-27 15:08:01.549,13.7056,-8.96078,-18.4633,-0.17056,-0.576084,0.019522,6.64200000000001
1772222881551163477,2026-02-27 15:08:01.551,13.2252,-8.77255,-18.2191,-0.163876,-0.549107,0.012936,6.6440000000000055
1772222881552353737,2026-02-27 15:08:01.552,13.2474,-8.29192,-17.692,-0.152293,-0.516663,-0.000863,6.64500000000001
1772222881553492588,2026-02-27 15:08:01.553,13.5084,-6.73592,-15.7087,-0.137003,-0.461717,-0.046345,6.646000000000001
1772222881554621717,2026-02-27 15:08:01.554,13.4717,-6.33382,-14.9202,-0.131006,-0.43501,-0.076059,6.647000000000006
1772222881555821028,2026-02-27 15:08:01.555,12.9562,-6.18035,-12.7454,-0.13937,-0.423618,-0.102168,6.64800000000001
1772222881557020317,2026-02-27 15:08:01.557,12.7628,-6.18466,-11.8457,-0.14663,-0.414459,-0.103348,6.650000000000006
1772222881558233827,2026-02-27 15:08:01.558,12.398,-6.36928,-11.0492,-0.148815,-0.414636,-0.092165,6.6510000000000105
1772222881559402233,2026-02-27 15:08:01.559,11.5996,-7.16465,-11.3132,-0.184964,-0.370853,-0.0858,6.652000000000001
1772222881560587849,2026-02-27 15:08:01.560,11.3477,-7.47301,-10.6483,-0.200244,-0.358047,-0.08896,6.653000000000006
1772222881561721909,2026-02-27 15:08:01.561,11.1396,-7.68945,-10.3292,-0.216733,-0.334967,-0.095028,6.654000000000011
1772222881562939774,2026-02-27 15:08:01.562,10.8102,-7.90812,-10.7819,-0.221358,-0.284185,-0.103541,6.655000000000001
1772222881564121267,2026-02-27 15:08:01.564,10.4967,-7.9363,-11.5855,-0.226272,-0.25195,-0.099279,6.657000000000011
1772222881565334198,2026-02-27 15:08:01.565,10.2766,-7.96792,-12.258,-0.220186,-0.229934,-0.086287,6.658000000000001
1772222881566492479,2026-02-27 15:08:01.566,10.1411,-7.59238,-12.1132,-0.205317,-0.224738,-0.070312,6.659000000000006
1772222881567633418,2026-02-27 15:08:01.567,10.1351,-7.26737,-11.4539,-0.195378,-0.238737,-0.061875,6.660000000000011
1772222881568856897,2026-02-27 15:08:01.568,10.3274,-6.88339,-10.5283,-0.18663,-0.259843,-0.056493,6.661000000000001
1772222881570058193,2026-02-27 15:08:01.570,10.5669,-6.62577,-10.0277,-0.17476,-0.270399,-0.054098,6.663000000000011
1772222881571269065,2026-02-27 15:08:01.571,10.6267,-6.29453,-9.96369,-0.162224,-0.260111,-0.056583,6.6640000000000015
1772222881572442052,2026-02-27 15:08:01.572,10.4782,-5.65243,-8.56986,-0.147391,-0.237322,-0.07271,6.665000000000006
1772222881573619926,2026-02-27 15:08:01.573,10.369,-5.31631,-8.02664,-0.142765,-0.25115,-0.062676,6.666000000000011
1772222881574849939,2026-02-27 15:08:01.574,10.2895,-5.19801,-6.99652,-0.141716,-0.266862,-0.058751,6.667000000000002
1772222881576050262,2026-02-27 15:08:01.576,10.1783,-5.06054,-6.29858,-0.138783,-0.280777,-0.047492,6.669000000000011
1772222881577261567,2026-02-27 15:08:01.577,10.1342,-4.90056,-5.8403,-0.132828,-0.270635,-0.042241,6.670000000000002
1772222881578439532,2026-02-27 15:08:01.578,9.68784,-4.09841,-3.85072,-0.106623,-0.274763,-0.015918,6.6710000000000065
1772222881579602739,2026-02-27 15:08:01.579,9.72722,-3.59589,-3.21602,-0.092076,-0.269737,-0.005902,6.672000000000011
1772222881580811056,2026-02-27 15:08:01.580,9.72146,-3.15745,-4.65067,-0.081357,-0.234931,-0.003115,6.673000000000002
1772222881582013200,2026-02-27 15:08:01.582,9.54703,-2.72507,-4.32978,-0.072442,-0.225991,-0.021131,6.675000000000011
1772222881583210450,2026-02-27 15:08:01.583,9.5124,-2.42543,-3.97669,-0.067909,-0.226792,-0.034743,6.676000000000002
1772222881584383930,2026-02-27 15:08:01.584,9.65404,-2.27433,-3.31202,-0.066976,-0.232319,-0.052214,6.677000000000007
1772222881585586093,2026-02-27 15:08:01.585,9.86194,-2.28834,-2.85973,-0.070074,-0.241712,-0.068462,6.6780000000000115
1772222881586824459,2026-02-27 15:08:01.586,10.4156,-2.50493,-2.61197,-0.086515,-0.261592,-0.081408,6.679000000000002
1772222881588023495,2026-02-27 15:08:01.588,10.5543,-2.81143,-2.52989,-0.097111,-0.268377,-0.088138,6.681000000000012
1772222881589229891,2026-02-27 15:08:01.589,10.6396,-3.0119,-1.76251,-0.105196,-0.272665,-0.103144,6.682000000000002
1772222881590488373,2026-02-27 15:08:01.590,10.5834,-3.05477,-1.23328,-0.107375,-0.2685,-0.106369,6.683000000000007
1772222881591675260,2026-02-27 15:08:01.591,10.1703,-2.81886,-0.881202,-0.097525,-0.260431,-0.082443,6.684000000000012
1772222881592896908,2026-02-27 15:08:01.592,9.9173,-2.63992,-1.20208,-0.089672,-0.244653,-0.070488,6.685000000000002
1772222881594097944,2026-02-27 15:08:01.594,9.50853,-2.57588,-1.08441,-0.084646,-0.237898,-0.067374,6.687000000000012
1772222881595307931,2026-02-27 15:08:01.595,9.12774,-2.43392,-0.895465,-0.081871,-0.228676,-0.068977,6.688000000000002
1772222881596561435,2026-02-27 15:08:01.596,8.83977,-2.42155,-0.560611,-0.079525,-0.225144,-0.070975,6.689000000000007
1772222881597805030,2026-02-27 15:08:01.597,8.40563,-2.60436,-1.13825,-0.084188,-0.219382,-0.064922,6.690000000000012
1772222881599007779,2026-02-27 15:08:01.599,8.19986,-2.69091,-0.592628,-0.087589,-0.215701,-0.064891,6.692000000000007
1772222881600209691,2026-02-27 15:08:01.600,8.0496,-2.87431,-0.392854,-0.093947,-0.212252,-0.061776,6.693000000000012
1772222881601415610,2026-02-27 15:08:01.601,7.90137,-2.95962,0.198374,-0.097569,-0.209948,-0.062377,6.694000000000003
1772222881602615947,2026-02-27 15:08:01.602,7.79529,-3.06702,0.486422,-0.098409,-0.208599,-0.063108,6.695000000000007
1772222881603785534,2026-02-27 15:08:01.603,7.66624,-3.05106,0.76664,-0.097744,-0.214609,-0.069176,6.696000000000012
1772222881604986850,2026-02-27 15:08:01.604,7.58381,-3.01333,1.02968,-0.093371,-0.218909,-0.069021,6.697000000000003
1772222881606194103,2026-02-27 15:08:01.606,7.55891,-2.9323,2.56288,-0.089568,-0.224107,-0.07928,6.699000000000012
1772222881607400758,2026-02-27 15:08:01.607,7.55708,-2.81055,2.35005,-0.084335,-0.224776,-0.071307,6.700000000000003
1772222881608586884,2026-02-27 15:08:01.608,7.36719,-2.46366,2.02711,-0.06987,-0.221841,-0.052559,6.701000000000008
1772222881609726474,2026-02-27 15:08:01.609,7.20035,-2.25985,1.73442,-0.068869,-0.223737,-0.045629,6.702000000000012
1772222881610943341,2026-02-27 15:08:01.610,7.02406,-2.25443,1.70131,-0.0701,-0.224518,-0.044277,6.703000000000003
1772222881612141438,2026-02-27 15:08:01.612,6.87946,-2.20054,1.65811,-0.076404,-0.226654,-0.04792,6.7050000000000125
1772222881613327829,2026-02-27 15:08:01.613,6.70828,-2.30465,1.89693,-0.084804,-0.235548,-0.051421,6.706000000000003
1772222881614510083,2026-02-27 15:08:01.614,6.62776,-2.53743,1.07584,-0.095188,-0.234541,-0.044926,6.707000000000008
1772222881615693070,2026-02-27 15:08:01.615,6.23358,-3.03389,2.20098,-0.102178,-0.260256,-0.038347,6.708000000000013
1772222881616922071,2026-02-27 15:08:01.616,6.17021,-3.10611,2.75599,-0.103342,-0.254961,-0.036012,6.709000000000003
1772222881618122164,2026-02-27 15:08:01.618,5.99152,-3.21797,2.9753,-0.100453,-0.243588,-0.032116,6.711000000000013
1772222881619323001,2026-02-27 15:08:01.619,5.71567,-3.19543,2.98732,-0.096517,-0.227258,-0.024626,6.712000000000003
1772222881620618676,2026-02-27 15:08:01.620,5.45165,-3.04294,3.0145,-0.09266,-0.213299,-0.016388,6.713000000000008
1772222881621793439,2026-02-27 15:08:01.621,5.1028,-2.74447,2.84678,-0.068265,-0.164119,-0.010789,6.713999999999999
1772222881622992638,2026-02-27 15:08:01.622,4.85886,-2.54092,3.96162,-0.055703,-0.173471,-0.013366,6.715000000000003
1772222881624193804,2026-02-27 15:08:01.624,4.67659,-2.36472,3.80135,-0.047636,-0.163239,-0.010461,6.716999999999999
1772222881625408626,2026-02-27 15:08:01.625,4.65057,-2.24359,3.15216,-0.039427,-0.143228,-0.006807,6.7180000000000035
1772222881626593424,2026-02-27 15:08:01.626,4.08451,-2.19487,2.57132,-0.03872,-0.129763,-0.003333,6.719000000000008
1772222881627733582,2026-02-27 15:08:01.627,4.00282,-2.15535,2.44431,-0.037224,-0.113008,-0.002273,6.719999999999999
1772222881628932631,2026-02-27 15:08:01.628,3.8972,-2.21517,2.46366,-0.040744,-0.120493,-0.002837,6.721000000000004
1772222881630129181,2026-02-27 15:08:01.630,3.67596,-2.29637,2.17613,-0.04581,-0.101752,-0.002873,6.722999999999999
1772222881631326502,2026-02-27 15:08:01.631,3.53742,-2.30035,0.90958,-0.045055,-0.095601,0.006895,6.724000000000004
1772222881632505261,2026-02-27 15:08:01.632,3.29004,-2.2634,1.36512,-0.046636,-0.09204,0.001882,6.7250000000000085
1772222881633692914,2026-02-27 15:08:01.633,3.18335,-2.28026,1.45154,-0.04653,-0.095343,-0.002453,6.725999999999999
1772222881634940918,2026-02-27 15:08:01.634,3.30916,-2.09211,2.1928,-0.039177,-0.085721,-0.015246,6.727000000000004
1772222881636236912,2026-02-27 15:08:01.636,3.07564,-1.99104,2.03343,-0.038223,-0.083098,-0.013242,6.728999999999999
1772222881637446919,2026-02-27 15:08:01.637,2.81829,-1.93281,2.17457,-0.034627,-0.076455,-0.010233,6.730000000000004
1772222881638634981,2026-02-27 15:08:01.638,2.63096,-1.59282,3.43301,-0.022923,-0.077548,-0.012616,6.731000000000009
1772222881639773579,2026-02-27 15:08:01.639,2.5678,-1.45517,3.25039,-0.02014,-0.066169,-0.009299,6.731999999999999
1772222881640971648,2026-02-27 15:08:01.640,2.40362,-1.38351,2.92065,-0.019911,-0.048696,-0.005547,6.733000000000004
1772222881642170774,2026-02-27 15:08:01.642,2.10465,-1.27037,2.38004,-0.017489,-0.037305,0.005161,6.734999999999999
1772222881643369594,2026-02-27 15:08:01.643,1.81616,-1.21252,1.88365,-0.018948,-0.027323,0.011952,6.736000000000004
1772222881644535889,2026-02-27 15:08:01.644,1.4965,-1.22447,1.96917,-0.016877,-0.01626,0.013976,6.737000000000009
1772222881645698144,2026-02-27 15:08:01.645,0.966154,-1.26019,2.10559,-0.019108,-0.007819,0.010316,6.7379999999999995
1772222881646875860,2026-02-27 15:08:01.646,0.770528,-1.32424,1.97494,-0.018588,-0.009953,0.011004,6.739000000000004
1772222881648082212,2026-02-27 15:08:01.648,0.698166,-1.38919,1.39312,-0.02317,-0.014312,0.012154,6.741
1772222881649281594,2026-02-27 15:08:01.649,0.698677,-1.38499,1.6622,-0.020793,-0.018448,0.008357,6.742000000000004
