abs_timestamp_ns,human_time,fx,fy,fz,tx,ty,tz,mocap_ref_time
1772222884949702892,2026-02-27 15:08:04.949,-15.3967,-16.7688,-33.9265,-0.565996,0.831213,-0.142699,10.042000000000002
1772222884950873474,2026-02-27 15:08:04.950,-15.8586,-16.9704,-32.9059,-0.586432,0.863081,-0.153994,10.043000000000006
1772222884952020211,2026-02-27 15:08:04.952,-16.1049,-17.0829,-32.6915,-0.598799,0.877485,-0.156621,10.045000000000002
1772222884953220939,2026-02-27 15:08:04.953,-16.2046,-17.1976,-32.455,-0.605447,0.891614,-0.15877,10.046000000000006
1772222884954420432,2026-02-27 15:08:04.954,-16.397,-17.2219,-32.1159,-0.617761,0.903447,-0.161698,10.047000000000011
1772222884955564712,2026-02-27 15:08:04.955,-16.5078,-17.2634,-30.6835,-0.623308,0.913158,-0.172449,10.048000000000002
1772222884956703436,2026-02-27 15:08:04.956,-16.6179,-17.2803,-30.826,-0.632039,0.923415,-0.16982,10.049000000000007
1772222884957877305,2026-02-27 15:08:04.957,-16.7479,-17.4229,-30.8103,-0.650723,0.935795,-0.166975,10.050000000000011
1772222884959032048,2026-02-27 15:08:04.959,-16.825,-17.4702,-30.7593,-0.65861,0.94168,-0.1659,10.052000000000007
1772222884960248350,2026-02-27 15:08:04.960,-16.855,-17.4439,-30.4339,-0.664242,0.945896,-0.166084,10.053000000000011
1772222884961449997,2026-02-27 15:08:04.961,-16.8969,-17.505,-30.1479,-0.672784,0.946498,-0.166764,10.054000000000002
1772222884962612604,2026-02-27 15:08:04.962,-16.8186,-17.5007,-29.8971,-0.677499,0.945848,-0.164622,10.055000000000007
1772222884963752026,2026-02-27 15:08:04.963,-16.8933,-17.5167,-30.5708,-0.68705,0.944435,-0.15574,10.056000000000012
1772222884964924424,2026-02-27 15:08:04.964,-16.6475,-17.4933,-29.8759,-0.692682,0.931434,-0.152845,10.057000000000002
1772222884966056787,2026-02-27 15:08:04.966,-16.4874,-17.5451,-29.1491,-0.695616,0.923452,-0.154855,10.059000000000012
1772222884967244828,2026-02-27 15:08:04.967,-16.3673,-17.4868,-28.6573,-0.699214,0.914073,-0.15541,10.060000000000002
1772222884968471061,2026-02-27 15:08:04.968,-16.2428,-17.396,-28.3015,-0.704257,0.9042,-0.153912,10.061000000000007
1772222884969609273,2026-02-27 15:08:04.969,-16.0034,-17.3524,-28.0504,-0.703,0.892485,-0.151335,10.062000000000012
1772222884970747894,2026-02-27 15:08:04.970,-15.7609,-17.2765,-27.8011,-0.703145,0.880263,-0.148552,10.063000000000002
1772222884971920441,2026-02-27 15:08:04.971,-15.4096,-17.0016,-26.2981,-0.696316,0.855295,-0.153451,10.064000000000007
1772222884973068758,2026-02-27 15:08:04.973,-15.3456,-16.9369,-26.3974,-0.699495,0.844106,-0.147853,10.066000000000003
1772222884974282717,2026-02-27 15:08:04.974,-15.0956,-16.8939,-26.6766,-0.694471,0.830745,-0.14184,10.067000000000007
1772222884975475047,2026-02-27 15:08:04.975,-14.9091,-16.785,-26.9573,-0.691671,0.820318,-0.135847,10.068000000000012
1772222884976604930,2026-02-27 15:08:04.976,-14.7155,-16.6797,-27.0087,-0.687179,0.808408,-0.133733,10.069000000000003
1772222884977774176,2026-02-27 15:08:04.977,-14.5474,-16.6428,-26.8757,-0.686086,0.796067,-0.132033,10.070000000000007
1772222884978950430,2026-02-27 15:08:04.978,-14.2011,-16.5129,-27.0026,-0.677066,0.775485,-0.127247,10.071000000000012
1772222884980084062,2026-02-27 15:08:04.980,-14.0106,-16.4685,-28.1152,-0.676863,0.765118,-0.115611,10.073000000000008
1772222884981263264,2026-02-27 15:08:04.981,-13.9011,-16.485,-27.7307,-0.675794,0.754422,-0.118279,10.074000000000012
1772222884982412807,2026-02-27 15:08:04.982,-13.871,-16.4554,-27.7947,-0.674628,0.74559,-0.117945,10.075000000000003
1772222884983551720,2026-02-27 15:08:04.983,-13.7412,-16.4355,-27.4789,-0.669082,0.736416,-0.119076,10.076000000000008
1772222884984685588,2026-02-27 15:08:04.984,-13.6428,-16.3974,-27.3676,-0.666405,0.727801,-0.12036,10.077000000000012
1772222884985858682,2026-02-27 15:08:04.985,-13.4863,-16.3952,-27.7936,-0.664721,0.711518,-0.117414,10.078000000000003
1772222884987037848,2026-02-27 15:08:04.987,-13.3159,-16.396,-28.0474,-0.660038,0.70212,-0.11549,10.080000000000013
1772222884988236588,2026-02-27 15:08:04.988,-13.3077,-16.442,-27.1569,-0.661099,0.692865,-0.124311,10.081000000000003
1772222884989410775,2026-02-27 15:08:04.989,-13.1296,-16.4143,-27.5666,-0.658204,0.684301,-0.120376,10.082000000000008
1772222884990587362,2026-02-27 15:08:04.990,-13.062,-16.4407,-27.8463,-0.652884,0.676938,-0.117799,10.083000000000013
1772222884991719982,2026-02-27 15:08:04.991,-12.9121,-16.4432,-28.6209,-0.649043,0.667787,-0.111047,10.084000000000003
1772222884992892018,2026-02-27 15:08:04.992,-12.8647,-16.4878,-29.2674,-0.651443,0.659471,-0.105827,10.085000000000008
1772222884994066821,2026-02-27 15:08:04.994,-12.5794,-16.4735,-29.8197,-0.643038,0.640948,-0.101562,10.087000000000003
1772222884995264313,2026-02-27 15:08:04.995,-12.5116,-16.551,-30.1339,-0.6426,0.634028,-0.100208,10.088000000000008
1772222884996474964,2026-02-27 15:08:04.996,-12.4736,-16.5898,-31.1202,-0.638891,0.627008,-0.092496,10.088999999999999
1772222884997568340,2026-02-27 15:08:04.997,-12.4136,-16.6942,-31.8652,-0.638766,0.620557,-0.087559,10.090000000000003
1772222884998697842,2026-02-27 15:08:04.998,-12.4024,-16.7432,-32.0068,-0.638804,0.616002,-0.087817,10.091000000000008
1772222884999878278,2026-02-27 15:08:04.999,-12.2905,-16.7533,-31.8862,-0.633155,0.611729,-0.0902,10.091999999999999
1772222885001067104,2026-02-27 15:08:05.001,-12.2517,-16.8668,-32.2321,-0.624833,0.606464,-0.092999,10.094000000000008
1772222885002261807,2026-02-27 15:08:05.002,-12.3195,-17.0078,-32.6313,-0.630861,0.605996,-0.091668,10.094999999999999
1772222885003478471,2026-02-27 15:08:05.003,-12.3,-17.0506,-33.0393,-0.624057,0.606031,-0.091145,10.096000000000004
1772222885004612487,2026-02-27 15:08:05.004,-12.3783,-17.1375,-33.2144,-0.626403,0.605973,-0.092787,10.097000000000008
1772222885005791474,2026-02-27 15:08:05.005,-12.3615,-17.207,-32.5303,-0.622728,0.60937,-0.100548,10.097999999999999
1772222885006980054,2026-02-27 15:08:05.006,-12.4425,-17.3562,-33.3988,-0.626027,0.610319,-0.095806,10.099000000000004
1772222885008176309,2026-02-27 15:08:05.008,-12.6386,-17.5771,-34.5802,-0.631654,0.616128,-0.090263,10.100999999999999
1772222885009375692,2026-02-27 15:08:05.009,-12.5867,-17.7427,-35.0795,-0.630214,0.618966,-0.088321,10.102000000000004
1772222885010583509,2026-02-27 15:08:05.010,-12.656,-17.841,-35.3387,-0.633273,0.623078,-0.089458,10.103000000000009
1772222885011743379,2026-02-27 15:08:05.011,-12.7658,-18.0165,-35.6228,-0.637583,0.628168,-0.090029,10.104
1772222885012928757,2026-02-27 15:08:05.012,-12.8532,-18.1369,-35.8457,-0.640178,0.631975,-0.090492,10.105000000000004
1772222885014062073,2026-02-27 15:08:05.014,-12.9392,-18.3723,-37.1144,-0.642201,0.638215,-0.083504,10.107
1772222885015245447,2026-02-27 15:08:05.015,-12.969,-18.5087,-37.2727,-0.645133,0.641002,-0.084393,10.108000000000004
1772222885016447682,2026-02-27 15:08:05.016,-13.0808,-18.5845,-36.9298,-0.646642,0.644561,-0.090461,10.109000000000009
1772222885017562947,2026-02-27 15:08:05.017,-13.1249,-18.6969,-36.81,-0.645791,0.64715,-0.093228,10.11
1772222885018699670,2026-02-27 15:08:05.018,-13.1486,-18.7187,-36.8845,-0.646289,0.648654,-0.094369,10.111000000000004
1772222885019899572,2026-02-27 15:08:05.019,-13.1436,-18.7708,-37.0482,-0.641479,0.648803,-0.093965,10.112000000000009
1772222885021088922,2026-02-27 15:08:05.021,-13.0602,-18.8395,-36.3297,-0.637037,0.647467,-0.103793,10.114000000000004
1772222885022290261,2026-02-27 15:08:05.022,-13.1263,-18.8354,-36.2396,-0.63999,0.647832,-0.10548,10.115000000000009
1772222885023500333,2026-02-27 15:08:05.023,-13.051,-18.8742,-36.4123,-0.635667,0.645205,-0.103587,10.116
1772222885024639482,2026-02-27 15:08:05.024,-12.9898,-18.8379,-36.8842,-0.634813,0.643328,-0.099758,10.117000000000004
1772222885025834130,2026-02-27 15:08:05.025,-13.0307,-18.9083,-37.3959,-0.640038,0.641429,-0.096719,10.11800000000001
1772222885027026657,2026-02-27 15:08:05.027,-12.8833,-18.8401,-37.3292,-0.6361,0.638045,-0.097023,10.120000000000005
1772222885028213423,2026-02-27 15:08:05.028,-12.7753,-18.9285,-37.2669,-0.635916,0.632497,-0.097011,10.12100000000001
1772222885029417578,2026-02-27 15:08:05.029,-12.7143,-18.8568,-37.3277,-0.639298,0.628055,-0.094055,10.122
1772222885030567997,2026-02-27 15:08:05.030,-12.6048,-18.8234,-38.1135,-0.635604,0.622143,-0.085609,10.123000000000005
1772222885031704248,2026-02-27 15:08:05.031,-12.556,-18.8122,-37.6068,-0.637959,0.616043,-0.088513,10.12400000000001
1772222885032883437,2026-02-27 15:08:05.032,-12.4912,-18.7253,-37.4166,-0.638545,0.609945,-0.089601,10.125
1772222885034062067,2026-02-27 15:08:05.034,-12.3311,-18.6609,-36.7266,-0.634835,0.602351,-0.091862,10.12700000000001
1772222885035240935,2026-02-27 15:08:05.035,-12.0334,-18.3969,-36.2127,-0.630289,0.586405,-0.091911,10.128
1772222885036440689,2026-02-27 15:08:05.036,-11.762,-18.1976,-36.1036,-0.624294,0.580155,-0.092105,10.129000000000005
1772222885037571796,2026-02-27 15:08:05.037,-11.5596,-18.0624,-35.9111,-0.624976,0.576593,-0.093069,10.13000000000001
1772222885038704758,2026-02-27 15:08:05.038,-11.0909,-17.8598,-34.6426,-0.622793,0.573841,-0.108245,10.131
1772222885040009390,2026-02-27 15:08:05.040,-10.6103,-17.596,-35.0508,-0.618979,0.57648,-0.109627,10.13300000000001
1772222885041188935,2026-02-27 15:08:05.041,-9.30031,-16.8809,-35.282,-0.610013,0.584012,-0.116657,10.134
1772222885042387300,2026-02-27 15:08:05.042,-8.63069,-16.518,-35.4423,-0.603836,0.589557,-0.120941,10.135000000000005
1772222885043604540,2026-02-27 15:08:05.043,-8.0108,-16.1797,-35.0713,-0.598416,0.595752,-0.128787,10.13600000000001
1772222885044739949,2026-02-27 15:08:05.044,-7.58358,-15.8522,-34.5301,-0.591719,0.595399,-0.138446,10.137
1772222885045896081,2026-02-27 15:08:05.045,-7.20072,-15.4606,-32.838,-0.560415,0.559113,-0.13995,10.138000000000005
1772222885047028046,2026-02-27 15:08:05.047,-6.95982,-14.8672,-29.4167,-0.484163,0.416946,-0.110445,10.14
1772222885048166640,2026-02-27 15:08:05.048,-4.20151,-12.1952,-17.8095,-0.365546,0.115363,-0.037145,10.141000000000005
1772222885049350716,2026-02-27 15:08:05.049,-3.0936,-10.8855,-15.0467,-0.352779,0.152062,-0.046712,10.14200000000001
1772222885050589202,2026-02-27 15:08:05.050,-1.8567,-9.09715,-10.2413,-0.282427,0.047169,-0.029214,10.143
1772222885051717520,2026-02-27 15:08:05.051,-0.242656,-7.47581,-8.19362,-0.25904,-0.015853,-0.02989,10.144000000000005
1772222885052894131,2026-02-27 15:08:05.052,1.35506,-5.81322,-6.28727,-0.202042,-0.045473,-0.037457,10.14500000000001
1772222885054074357,2026-02-27 15:08:05.054,3.30555,-4.31956,-6.542,-0.170142,-0.118387,-0.052794,10.147000000000006
1772222885055259625,2026-02-27 15:08:05.055,7.3338,-2.03881,-8.41443,-0.091489,-0.312956,-0.074455,10.14800000000001
1772222885056473521,2026-02-27 15:08:05.056,9.92549,-1.20998,-11.8294,-0.09025,-0.429257,-0.087345,10.149000000000001
1772222885057576265,2026-02-27 15:08:05.057,12.207,-0.755758,-14.0492,-0.08194,-0.499742,-0.098218,10.150000000000006
1772222885058707093,2026-02-27 15:08:05.058,14.2863,-0.365173,-16.6265,-0.074951,-0.590072,-0.102318,10.15100000000001
1772222885059905641,2026-02-27 15:08:05.059,15.5658,-0.213339,-17.0546,-0.056968,-0.635469,-0.105136,10.152000000000001
1772222885061093775,2026-02-27 15:08:05.061,16.3365,-0.125868,-18.0583,-0.075778,-0.662337,-0.116539,10.15400000000001
1772222885062282598,2026-02-27 15:08:05.062,15.7529,-0.158003,-13.0088,-0.023834,-0.639937,-0.085561,10.155000000000001
1772222885063476481,2026-02-27 15:08:05.063,14.8207,-0.195264,-13.9296,-0.03989,-0.602306,-0.074922,10.156000000000006
1772222885064573140,2026-02-27 15:08:05.064,13.5686,-0.405935,-12.578,0.005342,-0.518247,-0.068334,10.15700000000001
1772222885065705975,2026-02-27 15:08:05.065,12.6538,-0.569076,-13.0881,-0.026274,-0.461752,-0.061574,10.158000000000001
1772222885066882008,2026-02-27 15:08:05.066,12.0002,-0.903437,-14.7897,-0.052383,-0.458503,-0.072742,10.159000000000006
1772222885068079361,2026-02-27 15:08:05.068,11.3474,-1.72072,-15.3047,-0.063645,-0.413816,-0.079345,10.161000000000001
1772222885069264889,2026-02-27 15:08:05.069,10.8904,-3.6411,-18.5057,-0.136948,-0.41164,-0.071506,10.162000000000006
1772222885070481217,2026-02-27 15:08:05.070,10.0884,-4.91881,-20.893,-0.156201,-0.286274,-0.067439,10.163000000000011
1772222885071612109,2026-02-27 15:08:05.071,9.22464,-5.75927,-20.8649,-0.174449,-0.326696,-0.051149,10.164000000000001
1772222885072746567,2026-02-27 15:08:05.072,8.79692,-6.36299,-20.9705,-0.179277,-0.340708,-0.033457,10.165000000000006
1772222885073876858,2026-02-27 15:08:05.073,8.5636,-6.70977,-20.6236,-0.196598,-0.340852,-0.031975,10.166000000000011
1772222885075073327,2026-02-27 15:08:05.075,8.34319,-6.88521,-20.3255,-0.221446,-0.338866,-0.032758,10.168000000000006
1772222885076270266,2026-02-27 15:08:05.076,7.42099,-7.03572,-17.1332,-0.249359,-0.310373,-0.044594,10.169000000000011
1772222885077473478,2026-02-27 15:08:05.077,7.03238,-7.05203,-15.8069,-0.275861,-0.287244,-0.056299,10.170000000000002
1772222885078603951,2026-02-27 15:08:05.078,6.47856,-7.12831,-14.5474,-0.277111,-0.257576,-0.062849,10.171000000000006
1772222885079731832,2026-02-27 15:08:05.079,6.16722,-7.1143,-13.9165,-0.282557,-0.246391,-0.060461,10.172000000000011
1772222885080890723,2026-02-27 15:08:05.080,6.1262,-7.19797,-14.1984,-0.28042,-0.250275,-0.054769,10.173000000000002
1772222885082086746,2026-02-27 15:08:05.082,6.3222,-7.21687,-14.0882,-0.28708,-0.259424,-0.056114,10.175000000000011
1772222885083258094,2026-02-27 15:08:05.083,6.52512,-7.25138,-14.2653,-0.2883,-0.272035,-0.063232,10.176000000000002
1772222885084443347,2026-02-27 15:08:05.084,7.19051,-7.18664,-14.4771,-0.317703,-0.322941,-0.08213,10.177000000000007
1772222885085559401,2026-02-27 15:08:05.085,7.88629,-7.11982,-14.5616,-0.318235,-0.3628,-0.090282,10.178000000000011
1772222885087093787,2026-02-27 15:08:05.087,8.67116,-6.98399,-14.7104,-0.310066,-0.382505,-0.090272,10.180000000000007
1772222885088277063,2026-02-27 15:08:05.088,9.9451,-6.49458,-15.1097,-0.296986,-0.420862,-0.107191,10.181000000000012
1772222885089484457,2026-02-27 15:08:05.089,10.7528,-6.16248,-15.2375,-0.284153,-0.424808,-0.103368,10.182000000000002
1772222885090616671,2026-02-27 15:08:05.090,11.3508,-5.84255,-15.4348,-0.278144,-0.439726,-0.10906,10.183000000000007
1772222885091791255,2026-02-27 15:08:05.091,11.6461,-5.57873,-15.4418,-0.256504,-0.452422,-0.106309,10.184000000000012
1772222885092989129,2026-02-27 15:08:05.092,11.8925,-5.33104,-15.1627,-0.24308,-0.458644,-0.104078,10.185000000000002
1772222885094166924,2026-02-27 15:08:05.094,11.8651,-5.14473,-15.1327,-0.239543,-0.449994,-0.102076,10.187000000000012
1772222885095340911,2026-02-27 15:08:05.095,12.1911,-5.18335,-18.2663,-0.256233,-0.423693,-0.101977,10.188000000000002
1772222885096540265,2026-02-27 15:08:05.096,11.4358,-5.53514,-19.2917,-0.252376,-0.431786,-0.090568,10.189000000000007
1772222885097674954,2026-02-27 15:08:05.097,11.6337,-5.70854,-19.8976,-0.265002,-0.403495,-0.084322,10.190000000000012
1772222885098872840,2026-02-27 15:08:05.098,12.1817,-6.37568,-23.7932,-0.293056,-0.333521,-0.084723,10.191000000000003
1772222885100071023,2026-02-27 15:08:05.100,11.006,-6.85571,-23.9577,-0.27544,-0.369798,-0.075378,10.193000000000012
1772222885101255434,2026-02-27 15:08:05.101,10.3867,-7.05783,-22.3742,-0.282575,-0.394232,-0.071056,10.194000000000003
1772222885102443131,2026-02-27 15:08:05.102,10.8621,-7.5089,-18.953,-0.294227,-0.463222,-0.068686,10.195000000000007
1772222885103591184,2026-02-27 15:08:05.103,10.7086,-7.52704,-17.1651,-0.303534,-0.453103,-0.078008,10.196000000000012
1772222885104775425,2026-02-27 15:08:05.104,10.3009,-7.49204,-14.6498,-0.313915,-0.414631,-0.086347,10.197000000000003
1772222885105973136,2026-02-27 15:08:05.105,9.6181,-7.38482,-12.429,-0.333004,-0.371645,-0.094475,10.198000000000008
1772222885107169985,2026-02-27 15:08:05.107,8.9406,-7.25128,-11.3696,-0.332406,-0.332314,-0.095288,10.200000000000003
1772222885108364237,2026-02-27 15:08:05.108,7.65978,-7.2561,-11.1835,-0.340412,-0.305349,-0.092893,10.201000000000008
1772222885109547303,2026-02-27 15:08:05.109,7.36517,-7.4134,-11.7593,-0.35297,-0.295738,-0.096525,10.202000000000012
1772222885110673052,2026-02-27 15:08:05.110,7.1914,-7.71909,-12.3628,-0.358076,-0.310868,-0.098943,10.203000000000003
1772222885111869426,2026-02-27 15:08:05.111,7.25461,-7.92218,-12.7686,-0.372749,-0.322126,-0.103297,10.204000000000008
1772222885113064978,2026-02-27 15:08:05.113,7.5013,-8.09413,-13.566,-0.392768,-0.326018,-0.109672,10.206000000000003
1772222885114259722,2026-02-27 15:08:05.114,8.19713,-8.19625,-15.0576,-0.413382,-0.340052,-0.118004,10.207000000000008
1772222885115432946,2026-02-27 15:08:05.115,8.64939,-8.00541,-15.1356,-0.410417,-0.356352,-0.123875,10.208000000000013
1772222885116584898,2026-02-27 15:08:05.116,9.01655,-7.71128,-14.7282,-0.397355,-0.364735,-0.12864,10.209000000000003
1772222885117758668,2026-02-27 15:08:05.117,9.45634,-7.42587,-14.7552,-0.386589,-0.361054,-0.128793,10.210000000000008
1772222885118954069,2026-02-27 15:08:05.118,9.33318,-7.09463,-14.9625,-0.374485,-0.354755,-0.124652,10.211000000000013
1772222885120150025,2026-02-27 15:08:05.120,9.10726,-6.81921,-14.3167,-0.351348,-0.3701,-0.110914,10.213000000000008
1772222885121321578,2026-02-27 15:08:05.121,9.13999,-6.56923,-13.7344,-0.332084,-0.371321,-0.10215,10.213999999999999
1772222885122520591,2026-02-27 15:08:05.122,8.77776,-6.34459,-11.8472,-0.310906,-0.350184,-0.100226,10.215000000000003
1772222885123650132,2026-02-27 15:08:05.123,8.60417,-6.23669,-11.4317,-0.312571,-0.333209,-0.098419,10.216000000000008
1772222885124824726,2026-02-27 15:08:05.124,8.44462,-6.14359,-11.6853,-0.316708,-0.321382,-0.097398,10.216999999999999
1772222885126021454,2026-02-27 15:08:05.126,8.15165,-6.17615,-11.8373,-0.325408,-0.307717,-0.100069,10.219000000000008
1772222885127218595,2026-02-27 15:08:05.127,7.98656,-6.19727,-11.5713,-0.331223,-0.308154,-0.104227,10.219999999999999
1772222885128411396,2026-02-27 15:08:05.128,7.75939,-6.41028,-11.2269,-0.349449,-0.312717,-0.112027,10.221000000000004
1772222885129537809,2026-02-27 15:08:05.129,7.72715,-6.51744,-11.8152,-0.358532,-0.31519,-0.106778,10.222000000000008
1772222885130667791,2026-02-27 15:08:05.130,7.67376,-6.56273,-11.9603,-0.361888,-0.319175,-0.106863,10.222999999999999
1772222885131863576,2026-02-27 15:08:05.131,7.80293,-6.53488,-11.6136,-0.364019,-0.323129,-0.109919,10.224000000000004
1772222885133058052,2026-02-27 15:08:05.133,7.8295,-6.48789,-11.1211,-0.36413,-0.322933,-0.116691,10.225999999999999
1772222885134253221,2026-02-27 15:08:05.134,7.89787,-6.32472,-10.8122,-0.358878,-0.315684,-0.119673,10.227000000000004
1772222885135432581,2026-02-27 15:08:05.135,7.84273,-6.04989,-10.8048,-0.351826,-0.299684,-0.117015,10.228000000000009
1772222885136586151,2026-02-27 15:08:05.136,7.77313,-5.99084,-11.0788,-0.346712,-0.288246,-0.112032,10.229
1772222885137717621,2026-02-27 15:08:05.137,7.66819,-6.02823,-11.2174,-0.345833,-0.277183,-0.109439,10.230000000000004
1772222885138847160,2026-02-27 15:08:05.138,7.46081,-6.07531,-10.5106,-0.345301,-0.266846,-0.111877,10.231000000000009
1772222885140050581,2026-02-27 15:08:05.140,7.33678,-6.19342,-11.1619,-0.348441,-0.258654,-0.102807,10.233000000000004
1772222885141245921,2026-02-27 15:08:05.141,7.13044,-6.27801,-11.4742,-0.350709,-0.253343,-0.09919,10.234000000000009
1772222885142415083,2026-02-27 15:08:05.142,7.06072,-6.44762,-11.8988,-0.352463,-0.255108,-0.09372,10.235
1772222885143528825,2026-02-27 15:08:05.143,7.00353,-6.67663,-11.3102,-0.345116,-0.279532,-0.09062,10.236000000000004
1772222885144658991,2026-02-27 15:08:05.144,7.0776,-6.65096,-10.9021,-0.338663,-0.292744,-0.090518,10.237000000000009
1772222885145830389,2026-02-27 15:08:05.145,7.33167,-6.58224,-10.4333,-0.33326,-0.305443,-0.08985,10.238
1772222885147027239,2026-02-27 15:08:05.147,7.54944,-6.36726,-11.0659,-0.325593,-0.319275,-0.079586,10.240000000000009
1772222885148223418,2026-02-27 15:08:05.148,7.85494,-6.22721,-10.1908,-0.314987,-0.334358,-0.08153,10.241
1772222885149532737,2026-02-27 15:08:05.149,8.57537,-5.63339,-8.47147,-0.287941,-0.371691,-0.083388,10.242000000000004
1772222885150667538,2026-02-27 15:08:05.150,8.99762,-5.25289,-7.7415,-0.272314,-0.392347,-0.084518,10.24300000000001
1772222885151880625,2026-02-27 15:08:05.151,9.30822,-5.07263,-7.34241,-0.258011,-0.411853,-0.082076,10.244
1772222885153076365,2026-02-27 15:08:05.153,9.75086,-4.66659,-6.97847,-0.243257,-0.433882,-0.0802,10.24600000000001
1772222885154272707,2026-02-27 15:08:05.154,10.2114,-4.38311,-6.7407,-0.230661,-0.458463,-0.077836,10.247
1772222885155445649,2026-02-27 15:08:05.155,10.5709,-4.08036,-5.66584,-0.216185,-0.482265,-0.085381,10.248000000000005
1772222885156596722,2026-02-27 15:08:05.156,11.6235,-3.46578,-5.0719,-0.187849,-0.537402,-0.082832,10.24900000000001
1772222885157727939,2026-02-27 15:08:05.157,12.1431,-3.12646,-5.33323,-0.173273,-0.565187,-0.078735,10.25
1772222885158925063,2026-02-27 15:08:05.158,12.7269,-2.80926,-5.50262,-0.15515,-0.59263,-0.075848,10.251000000000005
1772222885160127841,2026-02-27 15:08:05.160,13.1641,-2.5104,-5.16084,-0.139829,-0.619031,-0.076952,10.253
1772222885161325478,2026-02-27 15:08:05.161,13.6951,-2.12112,-4.77609,-0.125021,-0.642888,-0.078085,10.254000000000005
1772222885162524023,2026-02-27 15:08:05.162,14.5473,-1.46837,-4.2081,-0.09373,-0.689874,-0.078038,10.25500000000001
1772222885163655526,2026-02-27 15:08:05.163,14.9574,-1.17699,-4.73933,-0.076091,-0.708739,-0.073055,10.256
1772222885164832489,2026-02-27 15:08:05.164,15.3411,-0.997724,-4.01965,-0.06507,-0.725474,-0.079133,10.257000000000005
1772222885166035613,2026-02-27 15:08:05.166,15.6093,-0.738057,-3.61539,-0.050797,-0.73841,-0.083768,10.259
1772222885167233584,2026-02-27 15:08:05.167,15.798,-0.458267,-3.06947,-0.043591,-0.745564,-0.088717,10.260000000000005
1772222885168406775,2026-02-27 15:08:05.168,15.9938,-0.316293,-2.79341,-0.037049,-0.751592,-0.092858,10.26100000000001
1772222885169536138,2026-02-27 15:08:05.169,16.2279,-0.229885,-2.90067,-0.036765,-0.756602,-0.094631,10.262
1772222885170668486,2026-02-27 15:08:05.170,16.2105,-0.282137,-2.9206,-0.037165,-0.759234,-0.094843,10.263000000000005
1772222885171850598,2026-02-27 15:08:05.171,16.2253,-0.391753,-1.91829,-0.038265,-0.762705,-0.10501,10.26400000000001
1772222885173048998,2026-02-27 15:08:05.173,16.2099,-0.423355,-2.42771,-0.043882,-0.766631,-0.099164,10.266000000000005
1772222885174251158,2026-02-27 15:08:05.174,16.1965,-0.625115,-2.4926,-0.046954,-0.770793,-0.098877,10.26700000000001
1772222885175423632,2026-02-27 15:08:05.175,16.225,-0.765084,-3.39566,-0.054209,-0.76379,-0.094812,10.268
1772222885176569344,2026-02-27 15:08:05.176,16.0493,-1.09363,-4.14638,-0.072404,-0.752058,-0.093299,10.269000000000005
1772222885177701816,2026-02-27 15:08:05.177,15.819,-1.24277,-4.29527,-0.084781,-0.740273,-0.093339,10.27000000000001
1772222885178879031,2026-02-27 15:08:05.178,15.7377,-1.44882,-4.36894,-0.086672,-0.73707,-0.091611,10.271
1772222885180051428,2026-02-27 15:08:05.180,15.5807,-1.62034,-5.1828,-0.091623,-0.73479,-0.079814,10.27300000000001
1772222885181250842,2026-02-27 15:08:05.181,15.4553,-1.76811,-5.3992,-0.097411,-0.730851,-0.078414,10.274000000000001
1772222885182425348,2026-02-27 15:08:05.182,15.334,-1.92136,-5.22494,-0.096021,-0.725673,-0.077099,10.275000000000006
1772222885183552182,2026-02-27 15:08:05.183,15.2558,-2.07974,-4.56113,-0.103864,-0.725425,-0.08271,10.27600000000001
1772222885184683093,2026-02-27 15:08:05.184,15.2058,-2.13636,-4.18746,-0.099477,-0.734732,-0.080781,10.277000000000001
1772222885185860092,2026-02-27 15:08:05.185,15.2748,-2.09753,-4.27099,-0.101059,-0.732042,-0.080277,10.278000000000006
1772222885187059912,2026-02-27 15:08:05.187,15.3291,-2.05933,-4.33252,-0.099763,-0.734131,-0.080049,10.280000000000001
1772222885188261713,2026-02-27 15:08:05.188,15.4032,-2.03174,-3.96056,-0.098072,-0.738566,-0.083828,10.281000000000006
1772222885189448526,2026-02-27 15:08:05.189,15.4769,-2.02535,-3.01795,-0.094534,-0.751992,-0.087771,10.28200000000001
1772222885190556841,2026-02-27 15:08:05.190,15.904,-1.81394,-3.55073,-0.083297,-0.768234,-0.079598,10.283000000000001
1772222885191689455,2026-02-27 15:08:05.191,16.0447,-1.67988,-4.1579,-0.086505,-0.766752,-0.076825,10.284000000000006
1772222885192866793,2026-02-27 15:08:05.192,16.1366,-1.56982,-4.38132,-0.084337,-0.764585,-0.0765,10.28500000000001
1772222885194066691,2026-02-27 15:08:05.194,16.2283,-1.48557,-4.46904,-0.080742,-0.767316,-0.075157,10.287000000000006
1772222885195264247,2026-02-27 15:08:05.195,16.2843,-1.45248,-4.5093,-0.078812,-0.766759,-0.074948,10.288000000000011
1772222885196447556,2026-02-27 15:08:05.196,16.3317,-1.37049,-4.48203,-0.072716,-0.772712,-0.072562,10.289000000000001
1772222885197605233,2026-02-27 15:08:05.197,16.4189,-1.2797,-4.99675,-0.060854,-0.786318,-0.064918,10.290000000000006
1772222885198779604,2026-02-27 15:08:05.198,16.6244,-1.15338,-5.12247,-0.05706,-0.784629,-0.06669,10.291000000000011
1772222885199978692,2026-02-27 15:08:05.199,16.691,-1.05508,-4.63941,-0.05291,-0.789366,-0.071804,10.292000000000002
1772222885201179181,2026-02-27 15:08:05.201,16.7492,-0.870558,-4.42659,-0.053363,-0.78145,-0.076018,10.294000000000011
1772222885202380655,2026-02-27 15:08:05.202,16.7665,-0.766659,-4.34355,-0.047366,-0.780442,-0.079019,10.295000000000002
1772222885203555808,2026-02-27 15:08:05.203,16.7613,-0.674655,-3.91146,-0.038856,-0.785552,-0.082531,10.296000000000006
1772222885204703028,2026-02-27 15:08:05.204,16.7613,-0.674655,-3.91146,-0.038856,-0.785552,-0.082531,10.297000000000011
1772222885205921584,2026-02-27 15:08:05.205,16.6084,-0.607811,-2.67371,-0.03353,-0.795984,-0.088506,10.298000000000002
1772222885207122289,2026-02-27 15:08:05.207,16.5029,-0.657934,-2.67588,-0.035388,-0.798313,-0.085488,10.300000000000011
1772222885208320845,2026-02-27 15:08:05.208,16.4679,-0.689274,-3.33774,-0.03423,-0.794013,-0.07756,10.301000000000002
1772222885209523157,2026-02-27 15:08:05.209,16.3554,-0.689515,-3.7506,-0.034553,-0.791972,-0.070712,10.302000000000007
1772222885210655821,2026-02-27 15:08:05.210,16.1816,-0.705549,-3.85765,-0.036323,-0.789511,-0.064134,10.303000000000011
1772222885211852555,2026-02-27 15:08:05.211,16.0847,-0.738387,-3.9804,-0.036409,-0.784424,-0.061038,10.304000000000002
1772222885213040400,2026-02-27 15:08:05.213,15.9657,-0.75529,-4.6024,-0.036887,-0.779258,-0.053293,10.306000000000012
1772222885214243627,2026-02-27 15:08:05.214,15.8979,-0.803292,-5.31646,-0.038468,-0.773512,-0.046959,10.307000000000002
1772222885215444407,2026-02-27 15:08:05.215,15.7424,-0.773812,-5.06123,-0.039738,-0.76619,-0.045781,10.308000000000007
1772222885216558527,2026-02-27 15:08:05.216,15.3548,-0.87422,-4.58136,-0.039567,-0.748636,-0.044969,10.309000000000012
1772222885217705271,2026-02-27 15:08:05.217,15.3548,-0.87422,-4.58136,-0.039567,-0.748636,-0.044969,10.310000000000002
1772222885218921942,2026-02-27 15:08:05.218,15.0271,-0.914935,-4.47341,-0.040935,-0.72633,-0.03998,10.311000000000007
1772222885220129870,2026-02-27 15:08:05.220,14.8453,-1.00013,-4.42881,-0.037574,-0.720064,-0.037573,10.313000000000002
1772222885221330906,2026-02-27 15:08:05.221,14.5916,-0.989767,-4.29364,-0.036183,-0.705786,-0.036678,10.314000000000007
1772222885222520959,2026-02-27 15:08:05.222,14.4201,-0.997714,-3.15541,-0.038765,-0.693125,-0.042821,10.315000000000012
1772222885223652642,2026-02-27 15:08:05.223,13.8036,-0.963551,-3.40608,-0.036557,-0.661548,-0.03319,10.316000000000003
1772222885224823422,2026-02-27 15:08:05.224,13.5344,-0.973122,-3.94376,-0.037469,-0.64741,-0.026093,10.317000000000007
1772222885225993194,2026-02-27 15:08:05.225,13.2917,-1.05345,-3.93322,-0.039994,-0.63169,-0.021795,10.318000000000012
1772222885227162357,2026-02-27 15:08:05.227,12.9205,-0.960925,-3.81774,-0.037226,-0.61512,-0.021232,10.320000000000007
1772222885228331546,2026-02-27 15:08:05.228,12.5334,-0.988551,-3.78021,-0.035693,-0.600307,-0.018205,10.321000000000012
1772222885229525981,2026-02-27 15:08:05.229,10.5122,-1.54318,-3.30871,0.000305,-0.658768,0.032591,10.322000000000003
1772222885230656454,2026-02-27 15:08:05.230,9.64516,-1.67972,-2.44617,0.021336,-0.71939,0.072639,10.323000000000008
1772222885231799597,2026-02-27 15:08:05.231,9.70486,-1.56021,-2.43093,0.01822,-0.739667,0.09812,10.324000000000012
1772222885232968536,2026-02-27 15:08:05.232,9.86937,-1.44847,-2.21522,0.018297,-0.734761,0.100057,10.325000000000003
1772222885234136922,2026-02-27 15:08:05.234,9.97743,-1.23935,-1.95829,0.014196,-0.729757,0.095178,10.327000000000012
1772222885235304838,2026-02-27 15:08:05.235,10.0906,-0.980834,-1.82135,0.014316,-0.725966,0.09015,10.328000000000003
1772222885236502132,2026-02-27 15:08:05.236,10.0793,-0.75851,-1.54776,0.012741,-0.716309,0.085766,10.329000000000008
1772222885237630182,2026-02-27 15:08:05.237,9.76518,-0.47373,-0.256837,0.022783,-0.699646,0.07524,10.330000000000013
1772222885238843039,2026-02-27 15:08:05.238,9.59388,-0.417058,0.342763,0.031261,-0.683859,0.071155,10.331000000000003
1772222885239959341,2026-02-27 15:08:05.239,9.3938,-0.359678,0.193129,0.039192,-0.665628,0.072607,10.332000000000008
1772222885241069084,2026-02-27 15:08:05.241,9.2276,-0.403531,-0.025174,0.044821,-0.648306,0.075193,10.334000000000003
1772222885242209990,2026-02-27 15:08:05.242,9.03481,-0.384726,-0.48956,0.05276,-0.628418,0.07813,10.335000000000008
1772222885243331156,2026-02-27 15:08:05.243,8.73415,-0.323101,-0.466111,0.05447,-0.607954,0.077437,10.336000000000013
1772222885244479822,2026-02-27 15:08:05.244,8.50069,-0.305726,-0.314836,0.059261,-0.5847,0.076348,10.337000000000003
1772222885245603437,2026-02-27 15:08:05.245,7.8683,-0.252295,-0.279931,0.059638,-0.530137,0.073813,10.338000000000008
1772222885246727300,2026-02-27 15:08:05.246,7.5983,-0.298184,-1.34115,0.059768,-0.501807,0.080412,10.338999999999999
1772222885247848599,2026-02-27 15:08:05.247,7.20905,-0.380079,-0.846747,0.056984,-0.475693,0.072723,10.340000000000003
1772222885248969789,2026-02-27 15:08:05.248,6.82583,-0.461229,-0.828128,0.053751,-0.450499,0.06926,10.341000000000008
1772222885250090636,2026-02-27 15:08:05.250,6.48906,-0.508554,-0.34956,0.053522,-0.42305,0.064362,10.343000000000004
1772222885251211534,2026-02-27 15:08:05.251,6.1993,-0.576784,-0.176576,0.052878,-0.388437,0.059782,10.344000000000008
1772222885252331018,2026-02-27 15:08:05.252,5.62194,-0.691151,-0.107112,0.042995,-0.354217,0.057233,10.344999999999999
1772222885253470440,2026-02-27 15:08:05.253,5.19851,-0.819009,0.128923,0.041538,-0.347884,0.057409,10.346000000000004
1772222885254593128,2026-02-27 15:08:05.254,4.40841,-0.854947,1.55512,0.030192,-0.278562,0.040692,10.347000000000008
1772222885255712985,2026-02-27 15:08:05.255,4.0934,-1.04254,1.14566,0.020753,-0.24132,0.040643,10.347999999999999
1772222885256933626,2026-02-27 15:08:05.256,3.44113,-1.19223,1.39488,0.036841,-0.209492,0.03666,10.349000000000004
1772222885258062427,2026-02-27 15:08:05.258,3.13116,-1.19448,0.902133,0.013094,-0.164655,0.039454,10.350999999999999
1772222885259221473,2026-02-27 15:08:05.259,2.51718,-1.35146,0.723933,0.021621,-0.183506,0.043071,10.352000000000004
1772222885260401602,2026-02-27 15:08:05.260,2.17311,-1.26838,1.04155,0.013115,-0.108898,0.035573,10.353000000000009
1772222885261564716,2026-02-27 15:08:05.261,1.52345,-1.33463,1.2696,0.015633,-0.110534,0.03312,10.354
1772222885262713208,2026-02-27 15:08:05.262,1.08651,-1.37265,0.77375,0.015531,-0.04708,0.037891,10.355000000000004
1772222885263847716,2026-02-27 15:08:05.263,0.626796,-1.43209,0.63662,0.017115,-0.038879,0.032829,10.356000000000009
1772222885265026135,2026-02-27 15:08:05.265,0.371956,-1.40358,0.755522,0.014606,0.006448,0.030616,10.358000000000004
1772222885266169622,2026-02-27 15:08:05.266,-0.093589,-1.37785,1.42499,0.010244,-0.007372,0.029031,10.359000000000009
1772222885267315121,2026-02-27 15:08:05.267,-0.365292,-1.3591,1.85532,0.012103,0.006799,0.025202,10.36
1772222885268472277,2026-02-27 15:08:05.268,-0.487483,-1.38032,1.92978,0.004666,0.012846,0.025696,10.361000000000004
1772222885269595088,2026-02-27 15:08:05.269,-0.577256,-1.38715,1.92586,0.020543,0.040863,0.024587,10.362000000000009
1772222885270714932,2026-02-27 15:08:05.270,-0.662954,-1.24225,2.35309,0.018666,0.05342,0.02152,10.363
1772222885271835335,2026-02-27 15:08:05.271,-1.08295,-1.20575,3.44182,0.027627,0.045751,0.012856,10.364000000000004
1772222885272955376,2026-02-27 15:08:05.272,-1.07232,-1.0678,3.16492,0.022855,0.082541,0.015541,10.365000000000009
1772222885274106330,2026-02-27 15:08:05.274,-1.129,-0.939381,3.19363,0.028842,0.086059,0.017654,10.367000000000004
1772222885275256402,2026-02-27 15:08:05.275,-1.24904,-0.851873,2.71908,0.033038,0.087789,0.021629,10.36800000000001
1772222885276435824,2026-02-27 15:08:05.276,-1.31543,-0.779545,2.61803,0.036995,0.088096,0.021515,10.369
1772222885277594234,2026-02-27 15:08:05.277,-1.38302,-0.692497,2.60559,0.036221,0.089518,0.020062,10.370000000000005
1772222885278747873,2026-02-27 15:08:05.278,-1.28762,-0.597832,2.49457,0.046426,0.089276,0.019148,10.37100000000001
1772222885279882474,2026-02-27 15:08:05.279,-1.27429,-0.563793,1.35888,0.046008,0.088454,0.030925,10.372
1772222885281043439,2026-02-27 15:08:05.281,-1.24634,-0.564361,1.73288,0.044537,0.087277,0.026616,10.37400000000001
1772222885282193224,2026-02-27 15:08:05.282,-1.28319,-0.55802,1.74986,0.04095,0.086311,0.026803,10.375
1772222885283344282,2026-02-27 15:08:05.283,-1.19515,-0.542838,2.2301,0.04359,0.084207,0.0222,10.376000000000005
1772222885284508687,2026-02-27 15:08:05.284,-1.12787,-0.484154,2.62021,0.044204,0.083739,0.018797,10.37700000000001
1772222885285634382,2026-02-27 15:08:05.285,-1.12455,-0.498159,2.55671,0.041813,0.080891,0.018959,10.378
1772222885286774208,2026-02-27 15:08:05.286,-1.01858,-0.461716,2.4877,0.042564,0.08151,0.017392,10.379000000000005
1772222885287921826,2026-02-27 15:08:05.287,-1.14517,-0.455787,3.26837,0.041014,0.079489,0.009565,10.38000000000001
1772222885289066516,2026-02-27 15:08:05.289,-1.0571,-0.423149,3.31326,0.040732,0.07852,0.009139,10.382000000000005
1772222885290217921,2026-02-27 15:08:05.290,-1.06214,-0.485088,3.14735,0.037667,0.077799,0.00939,10.38300000000001
1772222885291400004,2026-02-27 15:08:05.291,-1.05624,-0.453051,2.46814,0.040005,0.078798,0.013763,10.384
1772222885292557574,2026-02-27 15:08:05.292,-1.05962,-0.466497,2.10337,0.037866,0.079298,0.016494,10.385000000000005
1772222885293684190,2026-02-27 15:08:05.293,-1.07077,-0.55818,1.87593,0.031982,0.078662,0.016639,10.38600000000001
1772222885294813126,2026-02-27 15:08:05.294,-1.10672,-0.639297,1.87942,0.029438,0.080015,0.015902,10.387
1772222885295955036,2026-02-27 15:08:05.295,-1.16855,-0.666364,1.56803,0.025483,0.079236,0.019525,10.388000000000005
1772222885297076606,2026-02-27 15:08:05.297,-1.11762,-0.708407,0.71659,0.022135,0.079207,0.025128,10.39
1772222885298258401,2026-02-27 15:08:05.298,-1.16447,-0.698649,0.998405,0.021564,0.07877,0.022319,10.391000000000005
1772222885299431627,2026-02-27 15:08:05.299,-1.13231,-0.751842,1.11708,0.020327,0.078659,0.01975,10.39200000000001
1772222885300557316,2026-02-27 15:08:05.300,-1.17347,-0.730046,1.40429,0.018241,0.078818,0.016053,10.393
1772222885301688731,2026-02-27 15:08:05.301,-1.15673,-0.80496,1.47889,0.010971,0.077043,0.013568,10.394000000000005
1772222885302849646,2026-02-27 15:08:05.302,-1.14929,-0.874185,1.34333,0.008872,0.075994,0.012355,10.39500000000001
1772222885303999902,2026-02-27 15:08:05.304,-1.11677,-0.857021,1.28358,0.007401,0.074108,0.012097,10.397000000000006
1772222885305151443,2026-02-27 15:08:05.305,-1.13376,-0.819778,2.36709,0.008592,0.073715,0.002076,10.39800000000001
1772222885306298772,2026-02-27 15:08:05.306,-1.04464,-0.883744,1.86156,0.004915,0.07199,0.00465,10.399000000000001
1772222885307471313,2026-02-27 15:08:05.307,-1.06939,-0.834555,1.85589,0.002606,0.071165,0.005293,10.400000000000006
1772222885308601133,2026-02-27 15:08:05.308,-1.01398,-0.827625,1.25329,0.000616,0.069382,0.010258,10.40100000000001
1772222885309736055,2026-02-27 15:08:05.309,-0.992286,-0.819286,0.877898,-0.000353,0.06759,0.011544,10.402000000000001
1772222885310871497,2026-02-27 15:08:05.310,-0.994325,-0.800381,0.818299,0.000739,0.067037,0.011341,10.403000000000006
1772222885312049064,2026-02-27 15:08:05.312,-1.01143,-0.773035,0.855637,-0.004616,0.066393,0.011497,10.405000000000001
1772222885313171586,2026-02-27 15:08:05.313,-1.02128,-0.829645,-0.132101,-0.00658,0.06734,0.019202,10.406000000000006
1772222885314371269,2026-02-27 15:08:05.314,-0.998916,-0.805868,-0.150882,-0.004771,0.065055,0.01905,10.40700000000001
1772222885315561885,2026-02-27 15:08:05.315,-0.999943,-0.790177,-0.104484,-0.003992,0.065826,0.018235,10.408000000000001
1772222885316693026,2026-02-27 15:08:05.316,-0.999855,-0.807637,0.336375,-0.006572,0.06427,0.012885,10.409000000000006
1772222885317838308,2026-02-27 15:08:05.317,-1.01324,-0.769068,0.666236,-0.008166,0.064426,0.009001,10.41000000000001
1772222885318971119,2026-02-27 15:08:05.318,-0.997057,-0.760912,0.66481,-0.009065,0.063772,0.0092,10.411000000000001
1772222885320153755,2026-02-27 15:08:05.320,-0.996919,-0.761703,0.551722,-0.007444,0.064313,0.007882,10.413000000000011
1772222885321322560,2026-02-27 15:08:05.321,-0.986433,-0.719464,1.04845,-0.008624,0.063307,0.003464,10.414000000000001
1772222885322536317,2026-02-27 15:08:05.322,-1.06876,-0.674943,1.69396,-0.008585,0.063306,-0.002088,10.415000000000006
1772222885323667026,2026-02-27 15:08:05.323,-1.05498,-0.696854,1.33446,-0.012048,0.062552,-0.000232,10.416000000000011
1772222885324816812,2026-02-27 15:08:05.324,-1.00342,-0.672237,0.510705,-0.010742,0.062685,0.007654,10.417000000000002
1772222885325956507,2026-02-27 15:08:05.325,-0.944044,-0.653875,0.427363,-0.011203,0.060772,0.00803,10.418000000000006
1772222885327164369,2026-02-27 15:08:05.327,-1.02471,-0.674825,0.497045,-0.014028,0.061394,0.006326,10.420000000000002
1772222885328360155,2026-02-27 15:08:05.328,-1.06888,-0.647221,0.454962,-0.014241,0.060427,0.006353,10.421000000000006
1772222885329568606,2026-02-27 15:08:05.329,-1.01816,-0.625826,0.469862,-0.011761,0.05983,0.007473,10.422000000000011
1772222885330703739,2026-02-27 15:08:05.330,-0.921918,-0.607967,-0.664201,-0.008877,0.059049,0.016272,10.423000000000002
1772222885331838956,2026-02-27 15:08:05.331,-0.884452,-0.579393,-0.06317,-0.010747,0.056295,0.011474,10.424000000000007
1772222885332976877,2026-02-27 15:08:05.332,-0.943623,-0.545091,0.371938,-0.013395,0.05468,0.006822,10.425000000000011
1772222885334186661,2026-02-27 15:08:05.334,-0.88485,-0.496643,0.594813,-0.008684,0.053972,0.004271,10.427000000000007
1772222885335383082,2026-02-27 15:08:05.335,-0.905417,-0.500935,0.650116,-0.012966,0.053654,0.004866,10.428000000000011
1772222885336567368,2026-02-27 15:08:05.336,-0.855142,-0.461913,0.637985,-0.009694,0.052299,0.003873,10.429000000000002
1772222885337696347,2026-02-27 15:08:05.337,-0.866068,-0.439399,0.698191,-0.011492,0.052458,0.003885,10.430000000000007
1772222885338843605,2026-02-27 15:08:05.338,-0.823191,-0.420404,1.74115,-0.010346,0.051992,-0.005989,10.431000000000012
1772222885339999222,2026-02-27 15:08:05.339,-0.881895,-0.352463,1.50164,-0.008733,0.052901,-0.003681,10.432000000000002
1772222885341129687,2026-02-27 15:08:05.341,-0.915472,-0.378888,0.919408,-0.0101,0.05265,0.001104,10.434000000000012
1772222885342326961,2026-02-27 15:08:05.342,-0.944818,-0.362168,0.593185,-0.01336,0.054182,0.004063,10.435000000000002
1772222885343542867,2026-02-27 15:08:05.343,-0.973154,-0.329852,0.530437,-0.012864,0.05501,0.004274,10.436000000000007
1772222885344674433,2026-02-27 15:08:05.344,-1.02943,-0.365549,0.551225,-0.013507,0.056336,0.004051,10.437000000000012
1772222885345821409,2026-02-27 15:08:05.345,-1.05203,-0.386345,0.508506,-0.015638,0.056918,0.004189,10.438000000000002
1772222885346952652,2026-02-27 15:08:05.346,-1.0208,-0.419437,-0.578722,-0.014462,0.059639,0.011868,10.439000000000007
1772222885348146776,2026-02-27 15:08:05.348,-1.09349,-0.380943,-0.347217,-0.015215,0.061561,0.010518,10.441000000000003
1772222885349343131,2026-02-27 15:08:05.349,-1.14377,-0.436709,0.085354,-0.021067,0.06098,0.006156,10.442000000000007
1772222885350554931,2026-02-27 15:08:05.350,-1.17589,-0.437954,0.446436,-0.021679,0.061945,0.003782,10.443000000000012
1772222885351683086,2026-02-27 15:08:05.351,-1.19646,-0.395148,0.573961,-0.01943,0.063233,0.003061,10.444000000000003
1772222885352829664,2026-02-27 15:08:05.352,-1.22404,-0.377208,0.533489,-0.02033,0.062149,0.002848,10.445000000000007
1772222885353999373,2026-02-27 15:08:05.353,-1.18153,-0.287384,0.621204,-0.019293,0.062903,0.002077,10.446000000000012
1772222885355197489,2026-02-27 15:08:05.355,-1.17931,-0.310441,1.65741,-0.020135,0.062147,-0.006983,10.448000000000008
1772222885356372712,2026-02-27 15:08:05.356,-1.17821,-0.307917,1.16611,-0.017973,0.06196,-0.003361,10.449000000000012
1772222885357573185,2026-02-27 15:08:05.357,-1.15494,-0.270038,1.11385,-0.021607,0.061197,-0.001738,10.450000000000003
1772222885358699411,2026-02-27 15:08:05.358,-1.17765,-0.269542,0.64157,-0.022091,0.060485,0.00186,10.451000000000008
1772222885359885600,2026-02-27 15:08:05.359,-1.12338,-0.283304,0.47276,-0.025067,0.059986,0.002742,10.452000000000012
1772222885361075454,2026-02-27 15:08:05.361,-1.3437,-0.207852,0.17382,-0.021044,0.052418,0.001019,10.454000000000008
1772222885362271983,2026-02-27 15:08:05.362,-0.851865,-0.23989,-0.689632,-0.040416,-0.004661,0.000906,10.455000000000013
1772222885363478840,2026-02-27 15:08:05.363,-0.428221,-0.151061,-2.82182,-0.055887,-0.012612,0.009371,10.456000000000003
1772222885364581481,2026-02-27 15:08:05.364,-0.242727,-0.20841,-3.88735,-0.048834,-0.054998,0.003661,10.457000000000008
1772222885365838656,2026-02-27 15:08:05.365,0.237982,-0.20063,-4.61882,-0.047225,-0.057846,0.004773,10.458000000000013
1772222885367011283,2026-02-27 15:08:05.367,0.43486,-0.042322,-4.18046,-0.024885,-0.053582,-0.001228,10.460000000000008
1772222885368203291,2026-02-27 15:08:05.368,0.410282,0.054132,-3.66826,-0.013742,-0.042886,-0.000805,10.461000000000013
1772222885369399548,2026-02-27 15:08:05.369,0.337725,0.172963,-3.08399,-0.005109,-0.039808,-0.002592,10.462000000000003
1772222885370567810,2026-02-27 15:08:05.370,0.274885,0.275334,-2.45014,0.008998,-0.029889,-0.005207,10.463000000000008
1772222885371714895,2026-02-27 15:08:05.371,0.187741,0.344395,-0.957184,0.013965,-0.025086,-0.015371,10.463999999999999
1772222885372875187,2026-02-27 15:08:05.372,0.17964,0.389345,-0.031838,0.018704,-0.021573,-0.019484,10.465000000000003
1772222885374047720,2026-02-27 15:08:05.374,0.313218,0.299032,0.071113,0.026023,-0.024059,-0.015731,10.466999999999999
1772222885375238598,2026-02-27 15:08:05.375,0.311539,0.224114,-0.264243,0.020181,-0.027406,-0.011543,10.468000000000004
1772222885376435063,2026-02-27 15:08:05.376,0.471439,0.138246,-0.26349,0.018179,-0.032679,-0.01143,10.469000000000008
1772222885377568238,2026-02-27 15:08:05.377,0.551768,0.132128,-0.50998,0.015272,-0.037186,-0.011182,10.469999999999999
1772222885378697228,2026-02-27 15:08:05.378,0.855938,0.224321,-0.866941,0.003334,-0.04001,-0.012564,10.471000000000004
1772222885379931329,2026-02-27 15:08:05.379,1.48989,0.483466,-3.05751,-0.019588,-0.034796,-0.010277,10.472000000000008
1772222885381108565,2026-02-27 15:08:05.381,1.66263,0.579678,-3.08619,-0.026386,-0.034551,-0.015184,10.474000000000004
1772222885382308580,2026-02-27 15:08:05.382,1.80602,0.63453,-3.37426,-0.02874,-0.03828,-0.017738,10.475000000000009
1772222885383514226,2026-02-27 15:08:05.383,1.96421,0.681591,-3.3503,-0.028474,-0.043398,-0.021124,10.475999999999999
1772222885384643421,2026-02-27 15:08:05.384,2.00484,0.729119,-3.27606,-0.028711,-0.047076,-0.023167,10.477000000000004
1772222885385818477,2026-02-27 15:08:05.385,2.10699,0.825799,-3.3366,-0.024029,-0.051242,-0.022831,10.478000000000009
1772222885386992030,2026-02-27 15:08:05.386,2.15184,0.92945,-3.21691,-0.012895,-0.059795,-0.021946,10.479
1772222885388167208,2026-02-27 15:08:05.388,2.16073,0.956957,-1.90161,-0.008457,-0.064355,-0.033011,10.481000000000009
1772222885389363997,2026-02-27 15:08:05.389,2.30693,0.963982,-2.07645,-0.004379,-0.069718,-0.030672,10.482
1772222885390562470,2026-02-27 15:08:05.390,2.34363,1.03156,-1.9337,0.00101,-0.073695,-0.030405,10.483000000000004
1772222885391697222,2026-02-27 15:08:05.391,2.42761,1.02448,-2.32832,0.00224,-0.077748,-0.025889,10.484000000000009
1772222885392892093,2026-02-27 15:08:05.392,2.48565,1.03168,-2.58025,0.001975,-0.082145,-0.024715,10.485
1772222885394065801,2026-02-27 15:08:05.394,2.71495,1.10841,-2.44807,0.005766,-0.090147,-0.0256,10.487000000000009
1772222885395262723,2026-02-27 15:08:05.395,2.8256,1.132,-2.38425,0.006415,-0.093819,-0.02576,10.488
1772222885396477949,2026-02-27 15:08:05.396,2.92505,1.08462,-3.32593,0.005321,-0.097522,-0.01864,10.489000000000004
1772222885397612084,2026-02-27 15:08:05.397,3.01003,1.10716,-3.44953,0.005888,-0.100981,-0.018253,10.490000000000009
1772222885398801447,2026-02-27 15:08:05.398,2.98163,1.06161,-3.3013,0.002632,-0.104423,-0.019479,10.491
1772222885399974958,2026-02-27 15:08:05.399,3.05027,1.13769,-2.93855,0.003063,-0.10621,-0.025007,10.492000000000004
1772222885401144421,2026-02-27 15:08:05.401,3.21317,1.16788,-2.43346,0.007849,-0.114273,-0.030138,10.494
1772222885402340748,2026-02-27 15:08:05.402,3.29087,1.07807,-2.51286,0.010563,-0.117736,-0.030166,10.495000000000005
1772222885403557917,2026-02-27 15:08:05.403,3.38957,1.07939,-2.44643,0.008764,-0.124167,-0.030981,10.49600000000001
1772222885404689767,2026-02-27 15:08:05.404,3.47735,1.08341,-2.04991,0.010321,-0.129508,-0.035397,10.497
1772222885405901909,2026-02-27 15:08:05.405,3.488,1.12731,-1.17007,0.011183,-0.132929,-0.042301,10.498000000000005
1772222885407074535,2026-02-27 15:08:05.407,3.62929,1.16143,-1.49529,0.015704,-0.142618,-0.038885,10.5
1772222885408251423,2026-02-27 15:08:05.408,3.75359,1.11521,-1.80093,0.017397,-0.147821,-0.035405,10.501000000000005
1772222885409473982,2026-02-27 15:08:05.409,3.80644,1.15551,-1.76557,0.017733,-0.15084,-0.034487,10.50200000000001
1772222885410602463,2026-02-27 15:08:05.410,3.89061,1.15771,-1.65422,0.018226,-0.152438,-0.03572,10.503
1772222885411738369,2026-02-27 15:08:05.411,3.95859,1.16992,-1.61364,0.019383,-0.15391,-0.03547,10.504000000000005
1772222885412868043,2026-02-27 15:08:05.412,4.03065,1.12937,-1.5325,0.018566,-0.155254,-0.035272,10.50500000000001
1772222885414057639,2026-02-27 15:08:05.414,4.00441,1.0975,-2.29332,0.015819,-0.153965,-0.028081,10.507000000000005
1772222885415232708,2026-02-27 15:08:05.415,3.96425,1.01883,-2.25728,0.014246,-0.152417,-0.027497,10.50800000000001
1772222885416433716,2026-02-27 15:08:05.416,3.92632,0.953405,-1.77897,0.015506,-0.151393,-0.032149,10.509
1772222885417567246,2026-02-27 15:08:05.417,3.83472,0.933779,-1.53178,0.011081,-0.147789,-0.032972,10.510000000000005
1772222885418692943,2026-02-27 15:08:05.418,3.73715,0.87207,-1.54049,0.009203,-0.145972,-0.031953,10.51100000000001
1772222885419867519,2026-02-27 15:08:05.419,3.66951,0.840467,-1.50072,0.00793,-0.143006,-0.031981,10.512
1772222885421051075,2026-02-27 15:08:05.421,3.54807,0.771873,-1.52547,0.005664,-0.13852,-0.031651,10.51400000000001
1772222885422237645,2026-02-27 15:08:05.422,3.3377,0.657872,-0.610703,0.001276,-0.128161,-0.03817,10.515
1772222885423551175,2026-02-27 15:08:05.423,3.20929,0.641538,-0.683445,0.002587,-0.122098,-0.036501,10.516000000000005
1772222885424684251,2026-02-27 15:08:05.424,3.11616,0.5613,-1.10743,0.001439,-0.11896,-0.031029,10.51700000000001
1772222885425899431,2026-02-27 15:08:05.425,3.04053,0.60096,-1.52683,0.000839,-0.114045,-0.026155,10.518
1772222885427081442,2026-02-27 15:08:05.427,2.94076,0.571352,-1.59287,0.001457,-0.110497,-0.02555,10.52000000000001
1772222885428255042,2026-02-27 15:08:05.428,2.77138,0.561356,-1.599,0.001478,-0.1041,-0.024917,10.521
1772222885429470623,2026-02-27 15:08:05.429,2.67657,0.58357,-1.86964,-0.000222,-0.10271,-0.021212,10.522000000000006
1772222885430601787,2026-02-27 15:08:05.430,2.77475,0.598098,-2.57913,0.005015,-0.103446,-0.014909,10.52300000000001
1772222885431743238,2026-02-27 15:08:05.431,2.72458,0.639934,-2.25315,0.00663,-0.101957,-0.018084,10.524000000000001
1772222885432921787,2026-02-27 15:08:05.432,2.69772,0.65276,-1.96812,0.004825,-0.101348,-0.021369,10.525000000000006
1772222885434106403,2026-02-27 15:08:05.434,2.69026,0.687194,-1.70885,0.007076,-0.100188,-0.023522,10.527000000000001
1772222885435278231,2026-02-27 15:08:05.435,2.65256,0.727437,-1.57709,0.008955,-0.10165,-0.025054,10.528000000000006
1772222885436482918,2026-02-27 15:08:05.436,2.6903,0.742981,-1.59027,0.010415,-0.104627,-0.026067,10.52900000000001
1772222885437615368,2026-02-27 15:08:05.437,2.7091,0.769504,-1.57642,0.013564,-0.107694,-0.028079,10.530000000000001
1772222885438812057,2026-02-27 15:08:05.438,2.60476,0.792687,-0.465517,0.01941,-0.108956,-0.039215,10.531000000000006
1772222885440009516,2026-02-27 15:08:05.440,2.60068,0.752872,-0.852168,0.020955,-0.112434,-0.036159,10.533000000000001
1772222885441182135,2026-02-27 15:08:05.441,2.57443,0.730323,-1.21277,0.023888,-0.118838,-0.034062,10.534000000000006
1772222885442378375,2026-02-27 15:08:05.442,2.55728,0.646944,-1.38733,0.029058,-0.122041,-0.032116,10.53500000000001
1772222885443563674,2026-02-27 15:08:05.443,2.53717,0.631258,-1.24706,0.027621,-0.126121,-0.032004,10.536000000000001
1772222885444698506,2026-02-27 15:08:05.444,2.48844,0.632797,-1.08751,0.031126,-0.1303,-0.031538,10.537000000000006
1772222885445889525,2026-02-27 15:08:05.445,2.47886,0.610037,-0.989584,0.031919,-0.133566,-0.030999,10.538000000000011
1772222885447068182,2026-02-27 15:08:05.447,2.51292,0.584858,-1.85035,0.031499,-0.137168,-0.020782,10.540000000000006
1772222885448248391,2026-02-27 15:08:05.448,2.52891,0.587637,-1.57544,0.035092,-0.145287,-0.01916,10.541000000000011
1772222885449446530,2026-02-27 15:08:05.449,2.57309,0.549888,-0.950335,0.033704,-0.150323,-0.021378,10.542000000000002
1772222885450572766,2026-02-27 15:08:05.450,2.59089,0.56079,-0.630005,0.034193,-0.154525,-0.023695,10.543000000000006
1772222885451701907,2026-02-27 15:08:05.451,2.57785,0.572373,-0.528991,0.03685,-0.157188,-0.02353,10.544000000000011
1772222885452876080,2026-02-27 15:08:05.452,2.62162,0.554851,-0.497764,0.03351,-0.162432,-0.022258,10.545000000000002
1772222885454074589,2026-02-27 15:08:05.454,2.60421,0.517554,-0.439048,0.032899,-0.164084,-0.02201,10.547000000000011
1772222885455237986,2026-02-27 15:08:05.455,2.65012,0.545241,0.639963,0.034399,-0.17129,-0.031326,10.548000000000002
1772222885456428644,2026-02-27 15:08:05.456,2.7203,0.509687,0.42025,0.035148,-0.173957,-0.028675,10.549000000000007
1772222885457562881,2026-02-27 15:08:05.457,2.69279,0.529412,0.010392,0.036099,-0.174652,-0.025213,10.550000000000011
1772222885458689742,2026-02-27 15:08:05.458,2.72321,0.53265,-0.403679,0.03701,-0.175793,-0.020935,10.551000000000002
1772222885459863018,2026-02-27 15:08:05.459,2.72274,0.536232,-0.505784,0.037009,-0.177689,-0.020961,10.552000000000007
1772222885461061471,2026-02-27 15:08:05.461,2.77271,0.589978,-0.479638,0.040713,-0.177691,-0.021508,10.554000000000002
1772222885462234062,2026-02-27 15:08:05.462,2.81725,0.617678,-0.641773,0.040937,-0.179874,-0.021571,10.555000000000007
1772222885463425244,2026-02-27 15:08:05.463,2.86171,0.61505,-1.74233,0.040676,-0.180034,-0.011955,10.556000000000012
1772222885464557658,2026-02-27 15:08:05.464,2.89972,0.654947,-1.28042,0.041806,-0.179194,-0.017029,10.557000000000002
1772222885465689688,2026-02-27 15:08:05.465,2.90175,0.652471,-1.29634,0.041803,-0.178444,-0.017692,10.558000000000007
1772222885466884837,2026-02-27 15:08:05.466,2.98146,0.684964,-0.856305,0.043909,-0.177751,-0.022356,10.559000000000012
1772222885468082772,2026-02-27 15:08:05.468,2.96396,0.774751,-0.676036,0.04555,-0.17621,-0.024963,10.561000000000007
1772222885469267622,2026-02-27 15:08:05.469,2.94126,0.813415,-0.892409,0.042548,-0.170879,-0.026259,10.562000000000012
1772222885470482905,2026-02-27 15:08:05.470,2.98138,0.885769,-0.9957,0.046668,-0.167893,-0.025617,10.563000000000002
1772222885471611188,2026-02-27 15:08:05.471,3.0463,0.889665,0.032983,0.046138,-0.167151,-0.036427,10.564000000000007
1772222885472742456,2026-02-27 15:08:05.472,3.08413,0.931309,-0.144757,0.045134,-0.164616,-0.03402,10.565000000000012
1772222885473871407,2026-02-27 15:08:05.473,3.03213,1.00643,-0.329071,0.046213,-0.160668,-0.033873,10.566000000000003
1772222885475074114,2026-02-27 15:08:05.475,3.10926,1.05697,-0.991357,0.045878,-0.155667,-0.028783,10.568000000000012
1772222885476372030,2026-02-27 15:08:05.476,3.09611,1.07141,-1.4929,0.041671,-0.147873,-0.026899,10.569000000000003
1772222885477562134,2026-02-27 15:08:05.477,3.11712,1.10351,-1.69686,0.043208,-0.143767,-0.026608,10.570000000000007
1772222885478694792,2026-02-27 15:08:05.478,3.07137,1.13846,-1.75771,0.041777,-0.138147,-0.026711,10.571000000000012
1772222885479867413,2026-02-27 15:08:05.479,3.04213,1.17111,-2.4311,0.041129,-0.134694,-0.020278,10.572000000000003
1772222885481050417,2026-02-27 15:08:05.481,3.11959,1.23592,-2.97794,0.040945,-0.128927,-0.01726,10.574000000000012
1772222885482236055,2026-02-27 15:08:05.482,3.07849,1.31182,-2.6578,0.043518,-0.120951,-0.022424,10.575000000000003
1772222885483418694,2026-02-27 15:08:05.483,3.00563,1.33201,-2.44183,0.03811,-0.118156,-0.024757,10.576000000000008
1772222885484576845,2026-02-27 15:08:05.484,3.01782,1.43609,-2.49423,0.042116,-0.11473,-0.025771,10.577000000000012
1772222885485751450,2026-02-27 15:08:05.485,2.947,1.47283,-2.68266,0.038674,-0.111153,-0.025299,10.578000000000003
1772222885486954885,2026-02-27 15:08:05.486,3.03182,1.55419,-2.83148,0.042251,-0.109223,-0.023844,10.579000000000008
1772222885488151587,2026-02-27 15:08:05.488,2.96062,1.57408,-2.88456,0.04393,-0.105837,-0.025119,10.581000000000003
1772222885489332954,2026-02-27 15:08:05.489,2.89473,1.61894,-2.77848,0.03905,-0.100175,-0.029243,10.582000000000008
1772222885490563882,2026-02-27 15:08:05.490,2.95688,1.67713,-3.07883,0.042079,-0.095585,-0.026427,10.583000000000013
1772222885491709798,2026-02-27 15:08:05.491,2.87295,1.7074,-3.84657,0.04134,-0.091341,-0.021312,10.584000000000003
1772222885492882905,2026-02-27 15:08:05.492,2.87398,1.72,-4.23211,0.039397,-0.087762,-0.018408,10.585000000000008
1772222885494079228,2026-02-27 15:08:05.494,2.73598,1.71053,-4.39886,0.033929,-0.082758,-0.018403,10.587000000000003
1772222885495253147,2026-02-27 15:08:05.495,2.71589,1.73399,-4.6879,0.034675,-0.078717,-0.017728,10.588000000000008
1772222885496440013,2026-02-27 15:08:05.496,2.6617,1.71032,-6.26982,0.029523,-0.069542,-0.006439,10.588999999999999
1772222885497598568,2026-02-27 15:08:05.497,2.51063,1.73896,-6.23779,0.028909,-0.063398,-0.00856,10.590000000000003
1772222885498738883,2026-02-27 15:08:05.498,2.50288,1.71895,-6.46868,0.025167,-0.057668,-0.007577,10.591000000000008
1772222885499865393,2026-02-27 15:08:05.499,2.33206,1.69341,-6.21494,0.019027,-0.053263,-0.012887,10.591999999999999
1772222885501064453,2026-02-27 15:08:05.501,2.32427,1.67485,-6.15975,0.01862,-0.049588,-0.015062,10.594000000000008
1772222885502251438,2026-02-27 15:08:05.502,2.29562,1.65407,-6.37372,0.016491,-0.046639,-0.016759,10.594999999999999
1772222885503435773,2026-02-27 15:08:05.503,2.10743,1.55823,-6.81472,0.004495,-0.041956,-0.018977,10.596000000000004
1772222885504584487,2026-02-27 15:08:05.504,2.10231,1.4879,-6.26605,0.005848,-0.040429,-0.028103,10.597000000000008
1772222885505715065,2026-02-27 15:08:05.505,2.04571,1.46983,-6.26679,0.000495,-0.040282,-0.031613,10.597999999999999
1772222885506843868,2026-02-27 15:08:05.506,1.95956,1.38348,-6.57949,-0.008062,-0.037205,-0.031154,10.599000000000004
1772222885508045819,2026-02-27 15:08:05.508,1.9263,1.34223,-7.14715,-0.009829,-0.039204,-0.028701,10.600999999999999
1772222885509237977,2026-02-27 15:08:05.509,1.96017,1.22524,-7.73448,-0.013635,-0.039256,-0.026197,10.602000000000004
1772222885510422098,2026-02-27 15:08:05.510,1.88615,1.14934,-8.15338,-0.019816,-0.036882,-0.028087,10.603000000000009
1772222885511536962,2026-02-27 15:08:05.511,1.8554,1.1459,-8.34963,-0.021181,-0.033529,-0.029326,10.604
1772222885512666603,2026-02-27 15:08:05.512,1.80677,1.15363,-8.79358,-0.025826,-0.029514,-0.027133,10.605000000000004
1772222885513828659,2026-02-27 15:08:05.513,1.81371,1.11804,-9.93701,-0.031513,-0.026994,-0.020682,10.606000000000009
1772222885515029834,2026-02-27 15:08:05.515,1.75587,1.12803,-9.88884,-0.034362,-0.023225,-0.025218,10.608000000000004
1772222885516228586,2026-02-27 15:08:05.516,1.80697,1.14794,-10.1475,-0.034174,-0.022768,-0.026023,10.609000000000009
1772222885517419281,2026-02-27 15:08:05.517,1.78797,1.18657,-11.1184,-0.043995,0.015659,-0.023462,10.61
1772222885518544876,2026-02-27 15:08:05.518,1.61569,1.16904,-11.4506,-0.042527,0.007288,-0.023187,10.611000000000004
1772222885519676696,2026-02-27 15:08:05.519,1.7216,1.28846,-12.5481,-0.055907,0.043718,-0.016709,10.612000000000009
1772222885520851533,2026-02-27 15:08:05.520,1.47796,1.22841,-13.1579,-0.057727,0.047251,-0.017671,10.613
1772222885522049373,2026-02-27 15:08:05.522,1.33994,1.092,-12.3513,-0.061187,0.055306,-0.026172,10.615000000000009
1772222885523249217,2026-02-27 15:08:05.523,1.31161,1.04705,-13.5503,-0.070466,0.077178,-0.020314,10.616
1772222885524424239,2026-02-27 15:08:05.524,0.620806,0.79418,-15.5821,-0.082895,0.144815,-0.003014,10.617000000000004
1772222885525577996,2026-02-27 15:08:05.525,0.165361,0.553226,-15.897,-0.080215,0.130812,-1.7e-05,10.61800000000001
1772222885526708556,2026-02-27 15:08:05.526,-0.160868,0.208796,-14.889,-0.081392,0.074734,-0.013601,10.619
1772222885527908698,2026-02-27 15:08:05.527,0.218248,-0.007948,-14.2252,-0.07988,0.056707,-0.024162,10.620000000000005
1772222885529084640,2026-02-27 15:08:05.529,0.423215,-0.18902,-14.0742,-0.097866,0.06136,-0.032003,10.622
1772222885530224855,2026-02-27 15:08:05.530,0.422109,-0.398386,-14.9642,-0.115653,0.081241,-0.027083,10.623000000000005
1772222885531401538,2026-02-27 15:08:05.531,0.262012,-0.576379,-13.3086,-0.103788,0.038753,-0.02572,10.62400000000001
1772222885532558302,2026-02-27 15:08:05.532,0.411957,-0.729321,-11.9499,-0.09955,0.011575,-0.034257,10.625
1772222885533688732,2026-02-27 15:08:05.533,0.850008,-0.642583,-11.5573,-0.097857,0.013612,-0.036801,10.626000000000005
1772222885534865010,2026-02-27 15:08:05.534,1.04219,-0.619522,-11.2259,-0.088944,-0.011469,-0.043629,10.62700000000001
1772222885536061343,2026-02-27 15:08:05.536,1.349,-0.544612,-10.9764,-0.085083,-0.037716,-0.04721,10.629000000000005
1772222885537259738,2026-02-27 15:08:05.537,1.80217,-0.366128,-10.7105,-0.076382,-0.068457,-0.052777,10.63000000000001
1772222885538434470,2026-02-27 15:08:05.538,2.55403,-0.242697,-9.18363,-0.062738,-0.09525,-0.066134,10.631
1772222885539581423,2026-02-27 15:08:05.539,2.83904,-0.238098,-9.36738,-0.059829,-0.108498,-0.062292,10.632000000000005
1772222885540709515,2026-02-27 15:08:05.540,3.11489,-0.183714,-9.8248,-0.04917,-0.116983,-0.056554,10.63300000000001
1772222885541887758,2026-02-27 15:08:05.541,3.21258,-0.318332,-11.3273,-0.025562,-0.104552,-0.049087,10.634
1772222885543085245,2026-02-27 15:08:05.543,3.15465,-0.313136,-12.1988,0.004195,-0.094109,-0.0512,10.63600000000001
1772222885544286282,2026-02-27 15:08:05.544,3.12707,-0.219628,-13.6639,0.021237,-0.087335,-0.056811,10.637
1772222885545489965,2026-02-27 15:08:05.545,3.15422,0.153625,-15.8933,0.038492,-0.097877,-0.064381,10.638000000000005
1772222885546663250,2026-02-27 15:08:05.546,2.97261,0.049962,-17.1294,0.051233,-0.13952,-0.053874,10.63900000000001
1772222885547844187,2026-02-27 15:08:05.547,3.23988,0.10747,-17.1497,0.035847,-0.139394,-0.057107,10.64
1772222885549025791,2026-02-27 15:08:05.549,3.53345,-0.102574,-17.8191,0.033544,-0.124821,-0.059519,10.64200000000001
1772222885550223773,2026-02-27 15:08:05.550,3.36672,-0.339107,-18.0887,0.012801,-0.093628,-0.072137,10.643
1772222885551395464,2026-02-27 15:08:05.551,2.9673,-0.677227,-17.4572,0.018286,-0.111475,-0.070297,10.644000000000005
1772222885552554955,2026-02-27 15:08:05.552,2.51857,-1.23443,-21.6045,-0.012935,0.091934,-0.084657,10.64500000000001
1772222885553682888,2026-02-27 15:08:05.553,0.786587,-1.59988,-23.5928,-0.001603,0.1532,-0.079237,10.646
1772222885554925512,2026-02-27 15:08:05.554,-0.830185,-1.86969,-22.6918,0.028483,0.146259,-0.07061,10.647000000000006
1772222885556124019,2026-02-27 15:08:05.556,-1.466,-2.06019,-23.3876,0.021587,0.157771,-0.068916,10.649000000000001
1772222885557303950,2026-02-27 15:08:05.557,-2.28888,-2.47908,-23.9835,0.026146,0.139019,-0.077172,10.650000000000006
1772222885558487489,2026-02-27 15:08:05.558,-3.43479,-3.47465,-25.4054,-0.013332,0.131103,-0.093079,10.65100000000001
1772222885559617261,2026-02-27 15:08:05.559,-3.94036,-3.70351,-25.0343,-0.044229,0.148299,-0.083791,10.652000000000001
1772222885560764595,2026-02-27 15:08:05.560,-4.55242,-4.07847,-24.232,-0.073168,0.161709,-0.062652,10.653000000000006
1772222885561933757,2026-02-27 15:08:05.561,-4.98583,-4.40133,-23.1235,-0.095531,0.1802,-0.043706,10.65400000000001
1772222885563109205,2026-02-27 15:08:05.563,-5.39335,-4.7255,-22.556,-0.11013,0.201806,-0.025598,10.656000000000006
1772222885564280034,2026-02-27 15:08:05.564,-5.53541,-4.83575,-22.6503,-0.116701,0.22149,-0.014314,10.65700000000001
1772222885565481012,2026-02-27 15:08:05.565,-5.94897,-4.85639,-21.6431,-0.136842,0.258865,-0.020068,10.658000000000001
1772222885566608227,2026-02-27 15:08:05.566,-6.15037,-4.74858,-21.5423,-0.139784,0.27496,-0.026549,10.659000000000006
1772222885567773059,2026-02-27 15:08:05.567,-6.34081,-4.66335,-21.889,-0.142932,0.291773,-0.033096,10.66000000000001
1772222885568916168,2026-02-27 15:08:05.568,-6.46955,-4.54784,-22.5885,-0.143897,0.309709,-0.038332,10.661000000000001
1772222885570086417,2026-02-27 15:08:05.570,-6.54985,-4.54248,-23.3424,-0.146524,0.326593,-0.04456,10.663000000000011
1772222885571256623,2026-02-27 15:08:05.571,-6.53922,-4.53599,-24.0851,-0.146445,0.340823,-0.049028,10.664000000000001
1772222885572446418,2026-02-27 15:08:05.572,-6.12572,-4.49468,-25.0473,-0.138907,0.361587,-0.061885,10.665000000000006
1772222885573548484,2026-02-27 15:08:05.573,-6.00443,-4.39366,-25.6347,-0.135116,0.369475,-0.064825,10.666000000000011
1772222885574675789,2026-02-27 15:08:05.574,-5.7875,-4.24235,-26.5683,-0.12803,0.374594,-0.06424,10.667000000000002
1772222885575822320,2026-02-27 15:08:05.575,-5.60264,-4.10482,-26.915,-0.1307,0.377049,-0.066904,10.668000000000006
1772222885576992895,2026-02-27 15:08:05.576,-5.40618,-3.97583,-26.5573,-0.126469,0.37892,-0.070959,10.669000000000011
1772222885578162346,2026-02-27 15:08:05.578,-5.2013,-3.76503,-26.2245,-0.12071,0.378711,-0.074285,10.671000000000006
1772222885579332455,2026-02-27 15:08:05.579,-5.0144,-3.59349,-25.6973,-0.121729,0.37797,-0.07658,10.672000000000011
1772222885580510659,2026-02-27 15:08:05.580,-4.38087,-3.39972,-25.3857,-0.118198,0.367018,-0.072581,10.673000000000002
1772222885581639995,2026-02-27 15:08:05.581,-4.01922,-3.27076,-24.8878,-0.109857,0.359876,-0.075792,10.674000000000007
1772222885582787410,2026-02-27 15:08:05.582,-3.59324,-3.19457,-23.8609,-0.114,0.349392,-0.082619,10.675000000000011
1772222885583958031,2026-02-27 15:08:05.583,-3.06197,-3.01005,-23.3152,-0.10368,0.33797,-0.089609,10.676000000000002
1772222885585230801,2026-02-27 15:08:05.585,-2.68102,-2.78807,-22.9255,-0.103145,0.328006,-0.09232,10.678000000000011
1772222885586420877,2026-02-27 15:08:05.586,-2.17369,-2.66453,-22.6826,-0.101497,0.312152,-0.097263,10.679000000000002
1772222885587553632,2026-02-27 15:08:05.587,-1.16575,-2.34007,-21.8173,-0.094328,0.274308,-0.112273,10.680000000000007
1772222885588683491,2026-02-27 15:08:05.588,-0.74838,-2.153,-21.3229,-0.086515,0.250937,-0.118458,10.681000000000012
1772222885589832143,2026-02-27 15:08:05.589,-0.212353,-2.0241,-21.3165,-0.08009,0.222309,-0.118341,10.682000000000002
1772222885591002443,2026-02-27 15:08:05.591,0.192041,-1.92791,-21.5325,-0.069632,0.190663,-0.115596,10.684000000000012
1772222885592202190,2026-02-27 15:08:05.592,0.611255,-1.86316,-21.9396,-0.061342,0.163554,-0.1116,10.685000000000002
1772222885593400598,2026-02-27 15:08:05.593,1.06345,-1.7386,-21.8536,-0.056349,0.137093,-0.111456,10.686000000000007
1772222885594558542,2026-02-27 15:08:05.594,1.86901,-1.51331,-21.6257,-0.042004,0.093158,-0.116476,10.687000000000012
1772222885595687722,2026-02-27 15:08:05.595,2.23368,-1.45965,-21.4683,-0.035958,0.070055,-0.118018,10.688000000000002
1772222885596867228,2026-02-27 15:08:05.596,2.6985,-1.3601,-22.1745,-0.029689,0.047187,-0.111737,10.689000000000007
1772222885598065508,2026-02-27 15:08:05.598,2.96948,-1.25625,-21.5597,-0.022967,0.025335,-0.118077,10.691000000000003
1772222885599263387,2026-02-27 15:08:05.599,3.28137,-1.22153,-21.2149,-0.020986,0.001523,-0.120638,10.692000000000007
1772222885600511436,2026-02-27 15:08:05.600,3.83449,-1.30078,-20.1223,-0.013825,-0.042713,-0.128127,10.693000000000012
1772222885601647203,2026-02-27 15:08:05.601,4.05648,-1.33139,-20.064,-0.009264,-0.064089,-0.127396,10.694000000000003
1772222885602816162,2026-02-27 15:08:05.602,4.35517,-1.37238,-19.7601,-0.008522,-0.087115,-0.126848,10.695000000000007
1772222885603985083,2026-02-27 15:08:05.603,4.45651,-1.4512,-19.5119,-0.010304,-0.107152,-0.124627,10.696000000000012
1772222885605183006,2026-02-27 15:08:05.605,4.60236,-1.53108,-18.2781,-0.010096,-0.125989,-0.132759,10.698000000000008
1772222885606381650,2026-02-27 15:08:05.606,4.7425,-1.58331,-18.4079,-0.012039,-0.144479,-0.128645,10.699000000000012
1772222885607539952,2026-02-27 15:08:05.607,4.85728,-1.70244,-18.3632,-0.011841,-0.164516,-0.126311,10.700000000000003
1772222885608670659,2026-02-27 15:08:05.608,5.19177,-1.90303,-19.1471,-0.017115,-0.200777,-0.112515,10.701000000000008
1772222885609844678,2026-02-27 15:08:05.609,5.21604,-1.95842,-19.2298,-0.018568,-0.216534,-0.109623,10.702000000000012
1772222885611043434,2026-02-27 15:08:05.611,5.25469,-2.11942,-19.2504,-0.021698,-0.234253,-0.106982,10.704000000000008
1772222885612243141,2026-02-27 15:08:05.612,5.25916,-2.26346,-19.2085,-0.022469,-0.250046,-0.104471,10.705000000000013
1772222885613472458,2026-02-27 15:08:05.613,5.26491,-2.48725,-19.9875,-0.025315,-0.265415,-0.094817,10.706000000000003
1772222885614607092,2026-02-27 15:08:05.614,5.19453,-2.81016,-20.2334,-0.028248,-0.297355,-0.089547,10.707000000000008
1772222885615762174,2026-02-27 15:08:05.615,5.05,-2.93807,-19.8315,-0.029681,-0.311305,-0.089561,10.708000000000013
1772222885616959434,2026-02-27 15:08:05.616,4.95751,-3.09803,-19.5865,-0.031913,-0.324106,-0.090384,10.709000000000003
1772222885618156979,2026-02-27 15:08:05.618,4.82546,-3.21815,-19.5688,-0.034658,-0.335738,-0.087685,10.711000000000013
1772222885619355557,2026-02-27 15:08:05.619,4.70646,-3.31597,-19.6551,-0.034646,-0.344805,-0.084379,10.712000000000003
1772222885620536027,2026-02-27 15:08:05.620,4.54649,-3.41121,-19.8066,-0.040235,-0.350135,-0.077626,10.713000000000008
1772222885621666923,2026-02-27 15:08:05.621,4.27948,-3.50982,-19.0814,-0.047176,-0.357845,-0.071391,10.713999999999999
1772222885622837085,2026-02-27 15:08:05.622,4.09838,-3.57966,-19.5794,-0.05307,-0.358888,-0.058252,10.715000000000003
1772222885624034067,2026-02-27 15:08:05.624,3.9491,-3.62282,-19.935,-0.058658,-0.357846,-0.048053,10.716999999999999
1772222885625230204,2026-02-27 15:08:05.625,3.78081,-3.70201,-20.5185,-0.068182,-0.357537,-0.034429,10.718000000000004
1772222885626428442,2026-02-27 15:08:05.626,3.59687,-3.81211,-20.8769,-0.075532,-0.354385,-0.027094,10.719000000000008
1772222885627551964,2026-02-27 15:08:05.627,3.4755,-3.84334,-21.0223,-0.079598,-0.3513,-0.020845,10.719999999999999
1772222885628683621,2026-02-27 15:08:05.628,3.12845,-3.98214,-21.2232,-0.092258,-0.342845,-0.010119,10.721000000000004
1772222885629851288,2026-02-27 15:08:05.629,2.93167,-4.00431,-22.4892,-0.103102,-0.335007,0.001968,10.722000000000008
1772222885631050727,2026-02-27 15:08:05.631,2.81382,-4.12749,-22.2556,-0.103113,-0.329197,0.003505,10.724000000000004
1772222885632253070,2026-02-27 15:08:05.632,2.56855,-4.1815,-22.3955,-0.10548,-0.318777,0.005682,10.725000000000009
1772222885633467827,2026-02-27 15:08:05.633,2.42236,-4.26165,-22.0134,-0.109356,-0.309728,0.002939,10.725999999999999
1772222885634560902,2026-02-27 15:08:05.634,2.25235,-4.24646,-21.8779,-0.117834,-0.299035,0.000218,10.727000000000004
1772222885635690636,2026-02-27 15:08:05.635,1.91857,-4.41217,-21.9981,-0.121708,-0.279668,0.002444,10.728000000000009
1772222885636859639,2026-02-27 15:08:05.636,1.7927,-4.40318,-22.1058,-0.124085,-0.269635,0.003116,10.729
1772222885638056290,2026-02-27 15:08:05.638,1.55155,-4.43428,-21.5192,-0.128924,-0.257905,-0.006328,10.731000000000009
1772222885639253239,2026-02-27 15:08:05.639,1.48398,-4.49503,-21.4801,-0.13166,-0.246883,-0.006096,10.732
1772222885640430530,2026-02-27 15:08:05.640,1.33572,-4.54056,-21.726,-0.135102,-0.23596,-0.006194,10.733000000000004
1772222885641577704,2026-02-27 15:08:05.641,1.31003,-4.62269,-22.3374,-0.138391,-0.224977,-0.00295,10.734000000000009
1772222885642709419,2026-02-27 15:08:05.642,1.28947,-4.62588,-22.9741,-0.147535,-0.202988,-0.002103,10.735
1772222885643879194,2026-02-27 15:08:05.643,1.22339,-4.6559,-23.1207,-0.153285,-0.191051,-0.004811,10.736000000000004
1772222885645070693,2026-02-27 15:08:05.645,1.22345,-4.62476,-23.1655,-0.15688,-0.179379,-0.007204,10.738
1772222885646266620,2026-02-27 15:08:05.646,1.2121,-4.66962,-23.5148,-0.160128,-0.166753,-0.006604,10.739000000000004
1772222885647408861,2026-02-27 15:08:05.647,1.31928,-4.68025,-24.4136,-0.166019,-0.15497,-0.002767,10.740000000000009
1772222885648573255,2026-02-27 15:08:05.648,1.35676,-4.67565,-24.0623,-0.167988,-0.14199,-0.009449,10.741
1772222885649702892,2026-02-27 15:08:05.649,1.49767,-4.589,-23.6752,-0.177199,-0.115038,-0.021398,10.742000000000004
1772222885650875908,2026-02-27 15:08:05.650,1.54466,-4.60717,-23.5769,-0.180662,-0.100934,-0.02679,10.74300000000001
1772222885652073771,2026-02-27 15:08:05.652,1.60868,-4.54967,-23.6335,-0.184605,-0.087754,-0.03031,10.745000000000005
1772222885653271062,2026-02-27 15:08:05.653,1.71428,-4.54924,-23.6631,-0.187893,-0.075184,-0.034701,10.74600000000001
1772222885654481868,2026-02-27 15:08:05.654,1.85583,-4.55268,-23.7331,-0.193432,-0.063003,-0.039179,10.747
1772222885655612623,2026-02-27 15:08:05.655,1.83466,-4.5473,-22.6859,-0.200154,-0.052825,-0.05319,10.748000000000005
1772222885656764837,2026-02-27 15:08:05.656,1.94848,-4.54408,-23.1672,-0.210593,-0.033519,-0.05723,10.74900000000001
1772222885657961804,2026-02-27 15:08:05.657,1.95018,-4.5885,-23.8369,-0.213596,-0.024978,-0.054398,10.75
1772222885659160791,2026-02-27 15:08:05.659,1.93616,-4.65809,-24.1864,-0.218338,-0.016936,-0.053985,10.75200000000001
1772222885660360859,2026-02-27 15:08:05.660,1.91302,-4.70633,-24.2932,-0.226439,-0.009694,-0.056685,10.753
1772222885661562443,2026-02-27 15:08:05.661,1.91098,-4.7465,-24.4541,-0.227038,-0.004139,-0.05689,10.754000000000005
1772222885662695779,2026-02-27 15:08:05.662,1.627,-4.8606,-25.6246,-0.235652,0.009671,-0.04693,10.75500000000001
1772222885663864015,2026-02-27 15:08:05.663,1.50369,-4.97861,-26.0403,-0.239299,0.015527,-0.046035,10.756
1772222885665063720,2026-02-27 15:08:05.665,1.26082,-5.0623,-26.2571,-0.243505,0.022681,-0.044762,10.75800000000001
1772222885666260702,2026-02-27 15:08:05.666,1.01803,-5.22859,-26.1481,-0.250466,0.028004,-0.046802,10.759
1772222885667476551,2026-02-27 15:08:05.667,0.67952,-5.34033,-26.1176,-0.253989,0.035177,-0.046194,10.760000000000005
1772222885668577117,2026-02-27 15:08:05.668,0.337581,-5.53005,-26.4048,-0.260731,0.041235,-0.04393,10.76100000000001
1772222885669723449,2026-02-27 15:08:05.669,-0.068411,-5.68335,-26.8036,-0.26443,0.048706,-0.040133,10.762
1772222885670943664,2026-02-27 15:08:05.670,-0.918607,-6.07141,-27.3661,-0.273955,0.064776,-0.03762,10.763000000000005
1772222885672141438,2026-02-27 15:08:05.672,-1.41385,-6.27971,-27.2459,-0.278653,0.075062,-0.038705,10.765
1772222885673343482,2026-02-27 15:08:05.673,-1.96987,-6.48198,-28.1114,-0.282355,0.086681,-0.032392,10.766000000000005
1772222885674560682,2026-02-27 15:08:05.674,-2.53678,-6.72927,-28.8812,-0.288325,0.099126,-0.02525,10.76700000000001
1772222885675695457,2026-02-27 15:08:05.675,-3.70847,-7.15628,-30.332,-0.301434,0.126532,-0.012203,10.768
1772222885676846973,2026-02-27 15:08:05.676,-4.2573,-7.42021,-30.7863,-0.308339,0.141293,-0.00966,10.769000000000005
1772222885678047062,2026-02-27 15:08:05.678,-4.8399,-7.633,-31.1882,-0.313647,0.157482,-0.005747,10.771
1772222885679235482,2026-02-27 15:08:05.679,-5.4577,-7.87684,-31.6883,-0.320845,0.174903,-0.002584,10.772000000000006
1772222885680430924,2026-02-27 15:08:05.680,-5.92858,-8.08476,-33.1714,-0.327834,0.192219,0.008096,10.77300000000001
1772222885681587056,2026-02-27 15:08:05.681,-6.46367,-8.23426,-33.1769,-0.332772,0.211739,0.004503,10.774000000000001
1772222885682721964,2026-02-27 15:08:05.682,-7.4319,-8.55941,-33.4434,-0.345986,0.251281,-0.000836,10.775000000000006
1772222885683894346,2026-02-27 15:08:05.683,-7.81229,-8.69568,-33.4918,-0.349008,0.268309,-0.003602,10.77600000000001
1772222885685098490,2026-02-27 15:08:05.685,-8.13924,-8.88172,-33.7916,-0.35299,0.287233,-0.005116,10.778000000000006
1772222885686305753,2026-02-27 15:08:05.686,-8.45061,-8.91069,-34.0122,-0.357479,0.306111,-0.006307,10.77900000000001
1772222885687509846,2026-02-27 15:08:05.687,-8.69768,-8.92232,-34.1859,-0.354613,0.321645,-0.007936,10.780000000000001
1772222885688645205,2026-02-27 15:08:05.688,-9.00498,-9.05469,-33.4345,-0.361821,0.337383,-0.017844,10.781000000000006
1772222885689799917,2026-02-27 15:08:05.689,-9.29444,-9.10114,-33.6539,-0.361841,0.359401,-0.018795,10.78200000000001
1772222885691000973,2026-02-27 15:08:05.691,-9.45582,-9.09717,-34.2799,-0.360894,0.366785,-0.013583,10.784000000000006
1772222885692200065,2026-02-27 15:08:05.692,-9.56011,-9.06176,-34.7878,-0.358942,0.374525,-0.010655,10.78500000000001
1772222885693398089,2026-02-27 15:08:05.693,-9.66324,-9.05941,-34.8243,-0.36132,0.379764,-0.011598,10.786000000000001
1772222885694651591,2026-02-27 15:08:05.694,-9.64309,-9.04206,-34.8409,-0.355963,0.382566,-0.011752,10.787000000000006
1772222885695807326,2026-02-27 15:08:05.695,-9.72711,-8.92939,-35.3884,-0.351847,0.386581,-0.008928,10.788000000000011
1772222885696944029,2026-02-27 15:08:05.696,-9.6472,-8.88771,-36.0453,-0.345118,0.385586,-0.004458,10.789000000000001
1772222885698144841,2026-02-27 15:08:05.698,-9.67685,-8.8227,-35.7375,-0.340397,0.385918,-0.007773,10.791000000000011
1772222885699343621,2026-02-27 15:08:05.699,-9.65053,-8.70415,-35.5102,-0.334595,0.384375,-0.011085,10.792000000000002
1772222885700558037,2026-02-27 15:08:05.700,-9.58421,-8.59596,-35.2103,-0.326166,0.384741,-0.015853,10.793000000000006
1772222885701694246,2026-02-27 15:08:05.701,-9.53901,-8.5364,-35.0913,-0.322076,0.382262,-0.018221,10.794000000000011
1772222885702843507,2026-02-27 15:08:05.702,-9.49918,-8.30462,-35.0424,-0.310354,0.378742,-0.01886,10.795000000000002
1772222885704021968,2026-02-27 15:08:05.704,-9.41834,-8.23179,-35.0086,-0.302574,0.376125,-0.020354,10.797000000000011
1772222885705222953,2026-02-27 15:08:05.705,-9.31162,-8.09991,-33.837,-0.292739,0.375112,-0.030582,10.798000000000002
1772222885706422313,2026-02-27 15:08:05.706,-9.32684,-7.99941,-34.1642,-0.287319,0.371247,-0.02711,10.799000000000007
1772222885707552627,2026-02-27 15:08:05.707,-9.2222,-7.8238,-34.1017,-0.277844,0.368765,-0.02659,10.800000000000011
1772222885708689295,2026-02-27 15:08:05.708,-9.14963,-7.74273,-34.3873,-0.272094,0.365561,-0.022945,10.801000000000002
1772222885709839241,2026-02-27 15:08:05.709,-8.9464,-7.48413,-34.2772,-0.257685,0.357934,-0.023084,10.802000000000007
1772222885711038151,2026-02-27 15:08:05.711,-8.86112,-7.29461,-34.1358,-0.248144,0.353684,-0.02226,10.804000000000002
1772222885712236358,2026-02-27 15:08:05.712,-8.82963,-7.17603,-33.9354,-0.239765,0.350499,-0.024443,10.805000000000007
1772222885713406944,2026-02-27 15:08:05.713,-8.62697,-7.06211,-34.8285,-0.231844,0.343743,-0.014683,10.806000000000012
1772222885714560640,2026-02-27 15:08:05.714,-8.5719,-6.98562,-34.527,-0.224047,0.337059,-0.016806,10.807000000000002
1772222885715694842,2026-02-27 15:08:05.715,-8.34878,-6.794,-34.3152,-0.21653,0.332433,-0.017126,10.808000000000007
1772222885716844762,2026-02-27 15:08:05.716,-8.09335,-6.59175,-33.1581,-0.204474,0.316,-0.024996,10.809000000000012
1772222885718037292,2026-02-27 15:08:05.718,-7.97985,-6.44568,-32.9647,-0.196801,0.307104,-0.026075,10.811000000000007
1772222885719233895,2026-02-27 15:08:05.719,-7.90429,-6.29556,-32.8711,-0.190826,0.299898,-0.02447,10.812000000000012
1772222885720432986,2026-02-27 15:08:05.720,-7.74999,-6.19221,-32.7404,-0.186313,0.292464,-0.025292,10.813000000000002
1772222885721577546,2026-02-27 15:08:05.721,-7.65323,-6.0926,-32.0117,-0.179808,0.285682,-0.03042,10.814000000000007
1772222885722710872,2026-02-27 15:08:05.722,-7.55111,-5.97706,-31.4652,-0.175205,0.278201,-0.032682,10.815000000000012
1772222885723860494,2026-02-27 15:08:05.723,-7.32749,-5.85388,-31.9692,-0.168398,0.266676,-0.026511,10.816000000000003
1772222885725054569,2026-02-27 15:08:05.725,-7.18945,-5.77583,-32.3842,-0.164883,0.262498,-0.021727,10.818000000000012
1772222885726255158,2026-02-27 15:08:05.726,-7.1648,-5.75111,-32.343,-0.165336,0.258528,-0.021869,10.819000000000003
1772222885727473896,2026-02-27 15:08:05.727,-7.10243,-5.73284,-32.3838,-0.16222,0.255526,-0.021593,10.820000000000007
1772222885728584415,2026-02-27 15:08:05.728,-7.09016,-5.70319,-32.4087,-0.162345,0.253381,-0.020928,10.821000000000012
1772222885729716121,2026-02-27 15:08:05.729,-6.98414,-5.6625,-32.4806,-0.158382,0.252,-0.018766,10.822000000000003
1772222885730868406,2026-02-27 15:08:05.730,-7.022,-5.73612,-33.1678,-0.157509,0.252038,-0.013379,10.823000000000008
1772222885732064351,2026-02-27 15:08:05.732,-7.04824,-5.73921,-33.2289,-0.157572,0.253386,-0.013421,10.825000000000003
1772222885733261771,2026-02-27 15:08:05.733,-7.0974,-5.78236,-32.9847,-0.161092,0.255656,-0.016807,10.826000000000008
1772222885734475516,2026-02-27 15:08:05.734,-7.21869,-5.8502,-33.0134,-0.162998,0.25917,-0.019019,10.827000000000012
1772222885735611516,2026-02-27 15:08:05.735,-7.26816,-5.84545,-33.2269,-0.162417,0.264925,-0.017471,10.828000000000003
1772222885736741400,2026-02-27 15:08:05.736,-7.3641,-5.93208,-33.4522,-0.165757,0.27175,-0.017546,10.829000000000008
1772222885737892302,2026-02-27 15:08:05.737,-7.72843,-6.13303,-32.9849,-0.17615,0.289455,-0.027925,10.830000000000013
1772222885739075426,2026-02-27 15:08:05.739,-7.87856,-6.24026,-33.6261,-0.177878,0.299726,-0.023529,10.832000000000008
1772222885740274522,2026-02-27 15:08:05.740,-8.04479,-6.37631,-33.928,-0.184885,0.311318,-0.024636,10.833000000000013
1772222885741486756,2026-02-27 15:08:05.741,-8.26744,-6.52822,-34.8006,-0.18966,0.32485,-0.019395,10.834000000000003
1772222885742617219,2026-02-27 15:08:05.742,-8.4128,-6.64706,-35.511,-0.194664,0.340543,-0.016904,10.835000000000008
1772222885743777452,2026-02-27 15:08:05.743,-8.73233,-6.81407,-35.8647,-0.203748,0.355376,-0.01678,10.836000000000013
1772222885744953784,2026-02-27 15:08:05.744,-9.28473,-7.17084,-36.5414,-0.219311,0.388137,-0.017635,10.837000000000003
1772222885746132316,2026-02-27 15:08:05.746,-9.61171,-7.38404,-37.5523,-0.232483,0.406043,-0.01055,10.838999999999999
1772222885747271506,2026-02-27 15:08:05.747,-9.92369,-7.60831,-38.1608,-0.241677,0.423648,-0.008723,10.840000000000003
1772222885748483377,2026-02-27 15:08:05.748,-10.2094,-7.73452,-38.3829,-0.251023,0.441746,-0.009858,10.841000000000008
1772222885749591209,2026-02-27 15:08:05.749,-10.5872,-7.97742,-38.177,-0.261192,0.461052,-0.014436,10.841999999999999
1772222885750723280,2026-02-27 15:08:05.750,-11.0176,-8.1526,-38.1876,-0.27331,0.478826,-0.017375,10.843000000000004
1772222885751875449,2026-02-27 15:08:05.751,-11.2822,-8.27644,-38.3634,-0.279017,0.498006,-0.019076,10.844000000000008
1772222885753047469,2026-02-27 15:08:05.753,-11.9357,-8.66619,-38.9415,-0.299138,0.536363,-0.019803,10.846000000000004
1772222885754218299,2026-02-27 15:08:05.754,-12.2865,-8.82444,-39.0122,-0.306155,0.556328,-0.02231,10.847000000000008
1772222885755420901,2026-02-27 15:08:05.755,-12.675,-8.9615,-38.3763,-0.31485,0.574244,-0.03038,10.847999999999999
1772222885756574519,2026-02-27 15:08:05.756,-12.9252,-9.13962,-38.9959,-0.324955,0.592656,-0.026677,10.849000000000004
1772222885757703807,2026-02-27 15:08:05.757,-13.2266,-9.30409,-39.2123,-0.335598,0.609501,-0.025694,10.850000000000009
1772222885758893570,2026-02-27 15:08:05.758,-13.5225,-9.43843,-40.0181,-0.343556,0.62828,-0.021578,10.850999999999999
1772222885760071800,2026-02-27 15:08:05.760,-14.1819,-9.70758,-40.4087,-0.362819,0.665672,-0.022955,10.853000000000009
1772222885761271775,2026-02-27 15:08:05.761,-14.5469,-9.8897,-40.5126,-0.370705,0.685349,-0.023576,10.854
1772222885762485340,2026-02-27 15:08:05.762,-14.8695,-10.0324,-40.6566,-0.382146,0.706424,-0.024318,10.855000000000004
1772222885763614406,2026-02-27 15:08:05.763,-15.2303,-10.1615,-41.819,-0.391577,0.726546,-0.015711,10.856000000000009
1772222885764748652,2026-02-27 15:08:05.764,-15.5952,-10.3154,-41.6958,-0.398847,0.748327,-0.019841,10.857
1772222885765901824,2026-02-27 15:08:05.765,-15.9867,-10.4546,-41.7572,-0.411638,0.771471,-0.020983,10.858000000000004
1772222885767078079,2026-02-27 15:08:05.767,-16.7101,-10.7835,-40.9994,-0.427531,0.814154,-0.029634,10.86
1772222885768276634,2026-02-27 15:08:05.768,-17.1168,-10.9456,-41.1061,-0.440523,0.836615,-0.030157,10.861000000000004
1772222885769490156,2026-02-27 15:08:05.769,-17.4718,-11.0386,-41.1286,-0.450996,0.859114,-0.030787,10.862000000000009
1772222885770621389,2026-02-27 15:08:05.770,-17.8425,-11.3028,-41.0664,-0.463312,0.879571,-0.032104,10.863
1772222885771799395,2026-02-27 15:08:05.771,-18.2394,-11.4422,-40.1877,-0.474253,0.901606,-0.039931,10.864000000000004
1772222885772974837,2026-02-27 15:08:05.772,-18.93,-11.7362,-40.0672,-0.494276,0.944127,-0.041542,10.865000000000009
1772222885774151895,2026-02-27 15:08:05.774,-19.3129,-11.9385,-40.4894,-0.511533,0.96345,-0.037618,10.867000000000004
1772222885775354307,2026-02-27 15:08:05.775,-19.5325,-12.1024,-40.7599,-0.519164,0.981737,-0.034107,10.86800000000001
1772222885776574726,2026-02-27 15:08:05.776,-19.8042,-12.2243,-40.6621,-0.530036,1.00185,-0.034279,10.869
1772222885777708108,2026-02-27 15:08:05.777,-20.1331,-12.2947,-40.6162,-0.535438,1.02116,-0.035788,10.870000000000005
1772222885778895215,2026-02-27 15:08:05.778,-20.4913,-12.4457,-40.439,-0.549235,1.03886,-0.036123,10.87100000000001
1772222885780073157,2026-02-27 15:08:05.780,-21.1375,-12.7399,-41.2536,-0.571751,1.07916,-0.028681,10.873000000000005
1772222885781279205,2026-02-27 15:08:05.781,-21.3858,-12.8422,-40.7616,-0.577148,1.09777,-0.032774,10.87400000000001
1772222885782502342,2026-02-27 15:08:05.782,-21.6828,-12.9029,-40.4006,-0.584303,1.11917,-0.035685,10.875
1772222885783639079,2026-02-27 15:08:05.783,-22.039,-13.0597,-39.9114,-0.593482,1.13859,-0.039839,10.876000000000005
1772222885784842073,2026-02-27 15:08:05.784,-22.2445,-13.204,-39.649,-0.60207,1.1579,-0.043115,10.87700000000001
1772222885786035393,2026-02-27 15:08:05.786,-22.9187,-13.3733,-39.5263,-0.61699,1.19978,-0.044762,10.879000000000005
1772222885787216096,2026-02-27 15:08:05.787,-23.2665,-13.4853,-39.4634,-0.625946,1.2208,-0.045947,10.88000000000001
1772222885788416816,2026-02-27 15:08:05.788,-23.5826,-13.5708,-38.2719,-0.63046,1.24057,-0.057507,10.881
1772222885789563111,2026-02-27 15:08:05.789,-23.9003,-13.6592,-38.5026,-0.635119,1.25806,-0.054016,10.882000000000005
1772222885790697208,2026-02-27 15:08:05.790,-24.2494,-13.7529,-38.0759,-0.636171,1.26733,-0.054648,10.88300000000001
1772222885791880418,2026-02-27 15:08:05.791,-24.2632,-13.8267,-38.2479,-0.636742,1.27849,-0.049828,10.884
1772222885793059164,2026-02-27 15:08:05.793,-24.7187,-13.819,-38.292,-0.655958,1.32766,-0.050299,10.88600000000001
1772222885794258575,2026-02-27 15:08:05.794,-24.9673,-13.8074,-38.1335,-0.663587,1.34945,-0.050122,10.887
1772222885795480665,2026-02-27 15:08:05.795,-25.2007,-13.8464,-37.9119,-0.669284,1.3658,-0.050252,10.888000000000005
1772222885796614745,2026-02-27 15:08:05.796,-25.3665,-13.8818,-38.6366,-0.674804,1.37931,-0.042564,10.88900000000001
1772222885797751713,2026-02-27 15:08:05.797,-25.6318,-13.9611,-38.5564,-0.675352,1.39128,-0.042816,10.89
1772222885798890758,2026-02-27 15:08:05.798,-25.826,-13.9803,-38.436,-0.675706,1.40187,-0.042815,10.891000000000005
1772222885800071617,2026-02-27 15:08:05.800,-26.3061,-14.0016,-37.3314,-0.680086,1.42179,-0.050877,10.893
1772222885801272786,2026-02-27 15:08:05.801,-26.4151,-13.9721,-36.9858,-0.68059,1.43258,-0.05078,10.894000000000005
1772222885802500641,2026-02-27 15:08:05.802,-26.6011,-13.8484,-36.8836,-0.677018,1.44457,-0.050868,10.89500000000001
1772222885803735281,2026-02-27 15:08:05.803,-26.7022,-13.7588,-36.5208,-0.680013,1.45643,-0.050374,10.896
1772222885804918488,2026-02-27 15:08:05.804,-26.8649,-13.717,-35.7574,-0.684271,1.4669,-0.055423,10.897000000000006
1772222885806106236,2026-02-27 15:08:05.806,-27.0719,-13.6183,-34.6922,-0.680042,1.48999,-0.055989,10.899000000000001
1772222885807307547,2026-02-27 15:08:05.807,-27.2579,-13.5628,-34.5449,-0.682802,1.5032,-0.05389,10.900000000000006
1772222885808525447,2026-02-27 15:08:05.808,-27.3116,-13.4785,-34.5491,-0.675173,1.51311,-0.049533,10.90100000000001
1772222885809661937,2026-02-27 15:08:05.809,-27.4196,-13.4507,-34.3046,-0.674723,1.52483,-0.049487,10.902000000000001
1772222885810855692,2026-02-27 15:08:05.810,-27.6464,-13.3873,-33.9707,-0.67417,1.53669,-0.051013,10.903000000000006
1772222885812031900,2026-02-27 15:08:05.812,-27.7582,-13.2923,-33.5799,-0.667065,1.5493,-0.051149,10.905000000000001
1772222885813225737,2026-02-27 15:08:05.813,-28.0274,-13.1692,-34.1826,-0.661189,1.57498,-0.042764,10.906000000000006
1772222885814429994,2026-02-27 15:08:05.814,-28.2982,-13.0861,-33.4954,-0.660763,1.58926,-0.048584,10.90700000000001
1772222885815580452,2026-02-27 15:08:05.815,-28.4146,-12.9869,-33.3018,-0.655925,1.60104,-0.049926,10.908000000000001
1772222885816713771,2026-02-27 15:08:05.816,-28.6366,-12.9176,-32.6138,-0.645509,1.60601,-0.055433,10.909000000000006
1772222885817889341,2026-02-27 15:08:05.817,-28.7428,-12.8288,-32.036,-0.640299,1.61936,-0.059368,10.91000000000001
1772222885819077502,2026-02-27 15:08:05.819,-28.9659,-12.7502,-31.9442,-0.63902,1.63123,-0.06122,10.912000000000006
1772222885820257901,2026-02-27 15:08:05.820,-29.1413,-12.5102,-31.535,-0.621201,1.66074,-0.06019,10.913000000000011
1772222885821475695,2026-02-27 15:08:05.821,-29.3527,-12.3868,-30.2304,-0.611531,1.66757,-0.069648,10.914000000000001
1772222885822606879,2026-02-27 15:08:05.822,-29.5858,-12.2122,-29.8571,-0.600875,1.67534,-0.067398,10.915000000000006
1772222885823742224,2026-02-27 15:08:05.823,-29.51,-11.951,-30.0849,-0.605959,1.71493,-0.065773,10.916000000000011
1772222885824875823,2026-02-27 15:08:05.824,-29.9748,-11.8561,-30.9869,-0.614839,1.74705,-0.059571,10.917000000000002
1772222885826063954,2026-02-27 15:08:05.826,-30.3822,-11.7971,-31.2842,-0.621764,1.7897,-0.054914,10.919000000000011
1772222885827237832,2026-02-27 15:08:05.827,-31.1641,-12.0878,-30.9103,-0.632624,1.80015,-0.055445,10.920000000000002
1772222885828437162,2026-02-27 15:08:05.828,-31.6045,-12.2842,-30.8307,-0.627789,1.80384,-0.056066,10.921000000000006
1772222885829560488,2026-02-27 15:08:05.829,-31.9517,-12.4355,-31.4106,-0.624832,1.83145,-0.051495,10.922000000000011
1772222885830691859,2026-02-27 15:08:05.830,-32.364,-12.5805,-31.9863,-0.62549,1.85792,-0.048008,10.923000000000002
1772222885831869817,2026-02-27 15:08:05.831,-32.789,-12.5241,-31.7801,-0.623797,1.90651,-0.051302,10.924000000000007
1772222885833056271,2026-02-27 15:08:05.833,-33.3314,-12.3677,-31.5421,-0.632207,1.96656,-0.056977,10.926000000000002
1772222885834229077,2026-02-27 15:08:05.834,-34.5823,-12.4226,-30.33,-0.635219,2.01002,-0.067444,10.927000000000007
1772222885835432356,2026-02-27 15:08:05.835,-34.8771,-12.4476,-30.0181,-0.633126,2.01893,-0.068916,10.928000000000011
1772222885836563858,2026-02-27 15:08:05.836,-35.2116,-12.5863,-29.648,-0.632511,2.03027,-0.070036,10.929000000000002
1772222885837697088,2026-02-27 15:08:05.837,-35.6689,-12.7455,-28.5186,-0.612894,1.99309,-0.069554,10.930000000000007
1772222885838871837,2026-02-27 15:08:05.838,-35.4782,-12.8601,-25.7527,-0.552337,1.8919,-0.077166,10.931000000000012
1772222885840076273,2026-02-27 15:08:05.840,-34.9384,-12.6895,-23.8428,-0.452466,1.74792,-0.073365,10.933000000000007
1772222885841259933,2026-02-27 15:08:05.841,-26.6843,-10.3816,-14.0512,-0.28009,0.881459,-0.053777,10.934000000000012
1772222885842479921,2026-02-27 15:08:05.842,-21.2518,-8.73431,-12.4659,-0.223677,0.699674,-0.042443,10.935000000000002
1772222885843610249,2026-02-27 15:08:05.843,-16.3806,-6.64112,-9.02614,-0.198786,0.493405,-0.019565,10.936000000000007
1772222885844742666,2026-02-27 15:08:05.844,-11.352,-4.41614,-6.38801,-0.146859,0.348301,-0.001339,10.937000000000012
1772222885845873494,2026-02-27 15:08:05.845,-6.48846,-1.96348,-4.2766,-0.079266,0.20476,0.007294,10.938000000000002
1772222885847050600,2026-02-27 15:08:05.847,-1.92022,0.497897,-3.43411,-0.004701,0.062383,0.009977,10.940000000000012
1772222885848222918,2026-02-27 15:08:05.848,4.70788,4.56676,-0.733042,0.136617,-0.159828,-0.037631,10.941000000000003
1772222885849415234,2026-02-27 15:08:05.849,6.30318,5.72004,0.400765,0.181411,-0.216891,-0.069027,10.942000000000007
1772222885850567290,2026-02-27 15:08:05.850,6.91767,6.23793,1.06754,0.209254,-0.241197,-0.090848,10.943000000000012
1772222885851696602,2026-02-27 15:08:05.851,6.67767,6.01828,1.37084,0.207585,-0.236358,-0.100596,10.944000000000003
1772222885852868429,2026-02-27 15:08:05.852,5.91437,5.11396,1.59734,0.184436,-0.212644,-0.100516,10.945000000000007
1772222885854067025,2026-02-27 15:08:05.854,5.61821,4.18689,-1.20945,0.11818,-0.195518,-0.102123,10.947000000000003
1772222885855239774,2026-02-27 15:08:05.855,5.34325,1.00221,-4.83755,-0.012903,-0.223039,-0.110392,10.948000000000008
1772222885856430516,2026-02-27 15:08:05.856,5.84751,-0.200861,-9.24957,-0.073672,-0.231694,-0.117049,10.949000000000012
1772222885857572576,2026-02-27 15:08:05.857,6.14329,-1.55408,-9.94905,-0.090457,-0.296298,-0.117729,10.950000000000003
1772222885858701264,2026-02-27 15:08:05.858,6.73771,-2.43963,-9.24366,-0.097496,-0.325918,-0.106335,10.951000000000008
1772222885859846298,2026-02-27 15:08:05.859,7.39583,-2.80978,-9.31677,-0.103146,-0.334952,-0.096684,10.952000000000012
1772222885861015713,2026-02-27 15:08:05.861,7.07244,-3.0753,-7.9952,-0.110009,-0.301342,-0.093358,10.954000000000008
1772222885862196631,2026-02-27 15:08:05.862,5.55067,-2.78205,-4.44343,-0.095172,-0.197421,-0.076023,10.955000000000013
1772222885863389217,2026-02-27 15:08:05.863,4.35705,-2.58393,-4.60712,-0.091368,-0.148773,-0.062089,10.956000000000003
1772222885864587156,2026-02-27 15:08:05.864,3.46514,-2.58085,-3.81777,-0.087714,-0.105274,-0.068765,10.957000000000008
1772222885865718380,2026-02-27 15:08:05.865,2.59862,-2.88496,-3.83751,-0.113011,-0.086856,-0.075448,10.958000000000013
1772222885866878221,2026-02-27 15:08:05.866,2.04603,-3.52981,-4.14696,-0.128842,-0.074766,-0.086421,10.959000000000003
1772222885868050605,2026-02-27 15:08:05.868,1.77404,-4.26311,-4.61034,-0.142345,-0.056834,-0.091318,10.961000000000013
1772222885869219611,2026-02-27 15:08:05.869,1.37007,-5.57184,-5.57489,-0.179499,-0.043678,-0.080281,10.962000000000003
1772222885870412550,2026-02-27 15:08:05.870,1.06598,-6.00555,-4.70852,-0.175587,-0.033356,-0.060076,10.963000000000008
1772222885871547723,2026-02-27 15:08:05.871,1.222,-6.30274,-3.51894,-0.206885,-0.047309,-0.078701,10.963999999999999
1772222885872673695,2026-02-27 15:08:05.872,1.67501,-6.32692,-4.34105,-0.208818,-0.009404,-0.084732,10.965000000000003
1772222885873832081,2026-02-27 15:08:05.873,1.64157,-6.14755,-3.43454,-0.202457,-0.039116,-0.083751,10.966000000000008
1772222885875001759,2026-02-27 15:08:05.875,1.82255,-5.79248,-2.90191,-0.184588,-0.06865,-0.080415,10.968000000000004
1772222885876184496,2026-02-27 15:08:05.876,3.15445,-4.34096,-4.18976,-0.16811,0.040625,-0.071913,10.969000000000008
1772222885877360966,2026-02-27 15:08:05.877,2.63024,-3.89232,-3.53526,-0.133739,0.002819,-0.07314,10.969999999999999
1772222885878555952,2026-02-27 15:08:05.878,4.47501,-2.93094,-5.13803,-0.131751,0.038152,-0.080376,10.971000000000004
1772222885879684030,2026-02-27 15:08:05.879,7.02439,-2.30691,-7.3775,-0.125119,0.031663,-0.114099,10.972000000000008
1772222885880811904,2026-02-27 15:08:05.880,8.35665,-1.64392,-10.6436,-0.136415,0.080042,-0.130713,10.972999999999999
1772222885881989778,2026-02-27 15:08:05.881,10.4294,-0.758121,-11.4521,-0.134962,0.063786,-0.145039,10.974000000000004
1772222885883170008,2026-02-27 15:08:05.883,11.6833,-1.47694,-10.6156,-0.12964,0.004607,-0.221796,10.975999999999999
1772222885884349252,2026-02-27 15:08:05.884,12.9457,-0.516871,-4.60898,-0.078129,-0.094597,-0.26802,10.977000000000004
1772222885885547413,2026-02-27 15:08:05.885,8.78154,-0.091756,-1.23364,-0.055403,-0.135122,-0.184509,10.978000000000009
1772222885886674976,2026-02-27 15:08:05.886,4.45311,-1.21659,1.78503,-0.022071,-0.150129,-0.082458,10.979
1772222885887850629,2026-02-27 15:08:05.887,2.88969,-1.3644,3.27508,-0.032093,-0.113549,-0.042709,10.980000000000004
1772222885889026211,2026-02-27 15:08:05.889,1.50101,-1.41474,4.69426,-0.027833,-0.062983,-0.047169,10.982
1772222885890208715,2026-02-27 15:08:05.890,0.129097,-1.6324,3.19056,-0.037007,-0.01377,-0.063641,10.983000000000004
1772222885891390910,2026-02-27 15:08:05.891,-0.419223,-1.95733,1.93288,-0.044809,-0.000703,-0.059859,10.984000000000009
1772222885892548559,2026-02-27 15:08:05.892,-1.0378,-2.3665,1.64619,-0.055779,0.016541,-0.052046,10.985
1772222885893676712,2026-02-27 15:08:05.893,-1.69152,-2.59863,1.90309,-0.066874,0.028886,-0.040328,10.986000000000004
1772222885894833903,2026-02-27 15:08:05.894,-2.26246,-2.84841,2.12257,-0.077459,0.051905,-0.038021,10.987000000000009
1772222885896009067,2026-02-27 15:08:05.896,-2.85081,-2.70038,2.32761,-0.071789,0.073319,-0.029576,10.989000000000004
1772222885897176265,2026-02-27 15:08:05.897,-3.35091,-2.45571,1.39309,-0.073075,0.088273,-0.015398,10.990000000000009
1772222885898358383,2026-02-27 15:08:05.898,-3.86311,-1.7345,1.57528,-0.051462,0.106136,-0.021474,10.991
1772222885899539583,2026-02-27 15:08:05.899,-4.16529,-1.35796,1.86533,-0.037807,0.116375,-0.025288,10.992000000000004
1772222885900671309,2026-02-27 15:08:05.900,-4.50387,-1.09412,2.49191,-0.030791,0.126457,-0.028027,10.99300000000001
1772222885901883915,2026-02-27 15:08:05.901,-4.3739,-0.673276,3.50943,-0.016325,0.116246,-0.02066,10.994
1772222885903068804,2026-02-27 15:08:05.903,-4.51257,-0.525266,3.67942,-0.009255,0.126671,-0.021482,10.99600000000001
1772222885904255396,2026-02-27 15:08:05.904,-4.9584,-0.223647,5.37703,-0.00643,0.138713,-0.029646,10.997
1772222885905430406,2026-02-27 15:08:05.905,-5.13253,-0.215597,5.30474,-0.010933,0.147239,-0.022114,10.998000000000005
1772222885906555698,2026-02-27 15:08:05.906,-5.49201,-0.120413,5.2168,-0.009202,0.158607,-0.018622,10.99900000000001
1772222885907686915,2026-02-27 15:08:05.907,-5.78376,-0.309876,4.11987,-0.009153,0.169014,-0.016542,11.0
1772222885908864758,2026-02-27 15:08:05.908,-6.19305,-0.418599,3.2234,-0.015861,0.182494,-0.011437,11.001000000000005
1772222885910047140,2026-02-27 15:08:05.910,-6.36313,-0.650817,3.12379,-0.018699,0.182103,-0.01243,11.003
1772222885911219824,2026-02-27 15:08:05.911,-6.42212,-0.802482,2.98199,-0.034481,0.184486,-0.010361,11.004000000000005
1772222885912395032,2026-02-27 15:08:05.912,-6.24252,-0.979735,2.2894,-0.039835,0.179115,-0.007129,11.00500000000001
1772222885913649592,2026-02-27 15:08:05.913,-5.90003,-1.03241,1.63286,-0.034656,0.171112,-0.005351,11.006
1772222885914799604,2026-02-27 15:08:05.914,-5.52107,-0.970685,2.35695,-0.038422,0.156756,-0.009698,11.007000000000005
1772222885915970862,2026-02-27 15:08:05.915,-5.15416,-0.905211,2.77455,-0.034474,0.146158,-0.010254,11.00800000000001
1772222885917145796,2026-02-27 15:08:05.917,-4.85405,-0.773472,3.3173,-0.031055,0.138642,-0.014569,11.010000000000005
1772222885918328819,2026-02-27 15:08:05.918,-4.26195,-0.444992,3.77612,-0.020083,0.119523,-0.017589,11.01100000000001
1772222885919520707,2026-02-27 15:08:05.919,-3.8564,-0.398686,4.00934,-0.019169,0.106998,-0.018101,11.012
1772222885920650249,2026-02-27 15:08:05.920,-3.48896,-0.332916,4.16763,-0.012975,0.096558,-0.019397,11.013000000000005
1772222885921823165,2026-02-27 15:08:05.921,-3.34142,-0.315949,5.45472,-0.017846,0.089134,-0.029433,11.01400000000001
1772222885923020815,2026-02-27 15:08:05.923,-2.98376,-0.27843,5.18682,-0.01103,0.081262,-0.024591,11.016000000000005
1772222885924224069,2026-02-27 15:08:05.924,-2.78503,-0.337632,5.3266,-0.012128,0.07609,-0.023751,11.01700000000001
1772222885925407063,2026-02-27 15:08:05.925,-2.59654,-0.452052,4.55113,-0.01649,0.071131,-0.0139,11.018
1772222885926550416,2026-02-27 15:08:05.926,-2.56491,-0.51873,4.53775,-0.018561,0.070281,-0.011856,11.019000000000005
1772222885927679204,2026-02-27 15:08:05.927,-2.51046,-0.553544,4.57396,-0.016446,0.07226,-0.010804,11.02000000000001
1772222885928850768,2026-02-27 15:08:05.928,-2.5755,-0.634971,4.62124,-0.020036,0.074426,-0.00897,11.021
1772222885930022404,2026-02-27 15:08:05.930,-2.55191,-0.647621,3.65449,-0.023298,0.077734,0.001892,11.02300000000001
1772222885931219948,2026-02-27 15:08:05.931,-2.72766,-0.681285,3.61372,-0.028,0.080055,0.001178,11.024000000000001
1772222885932390987,2026-02-27 15:08:05.932,-2.69776,-0.708635,4.05738,-0.028343,0.084923,-0.001039,11.025000000000006
1772222885933559648,2026-02-27 15:08:05.933,-2.75187,-0.780576,4.33942,-0.031102,0.086196,-0.003959,11.02600000000001
1772222885934689334,2026-02-27 15:08:05.934,-2.81912,-0.83,4.38222,-0.032163,0.0897,-0.004426,11.027000000000001
1772222885935885457,2026-02-27 15:08:05.935,-2.8687,-0.837868,4.31228,-0.034254,0.092421,-0.003244,11.028000000000006
1772222885937080038,2026-02-27 15:08:05.937,-2.8045,-0.841735,4.27917,-0.030976,0.09263,-0.000886,11.030000000000001
1772222885938277603,2026-02-27 15:08:05.938,-2.82226,-0.953438,4.79708,-0.031945,0.094258,-0.005395,11.031000000000006
1772222885939476932,2026-02-27 15:08:05.939,-2.80427,-0.95163,5.00595,-0.028651,0.097082,-0.002699,11.03200000000001
1772222885940605947,2026-02-27 15:08:05.940,-2.80178,-0.952707,4.62858,-0.027477,0.098621,0.002219,11.033000000000001
1772222885941777586,2026-02-27 15:08:05.941,-2.76612,-1.0044,4.19845,-0.02859,0.099144,0.00895,11.034000000000006
1772222885942971311,2026-02-27 15:08:05.942,-2.78428,-0.942337,4.0179,-0.026633,0.099156,0.011713,11.03500000000001
1772222885944167586,2026-02-27 15:08:05.944,-2.76394,-1.00245,4.07945,-0.030949,0.098262,0.014615,11.037000000000006
1772222885945344811,2026-02-27 15:08:05.945,-2.74176,-1.01402,4.08272,-0.029414,0.097849,0.017413,11.038000000000011
1772222885946560422,2026-02-27 15:08:05.946,-2.71456,-1.0445,4.13528,-0.025426,0.097295,0.022201,11.039000000000001
1772222885947714505,2026-02-27 15:08:05.947,-2.70057,-1.09595,3.63834,-0.021864,0.097287,0.03948,11.040000000000006
1772222885948925420,2026-02-27 15:08:05.948,-2.70479,-1.17414,3.70245,-0.017945,0.096694,0.045546,11.041000000000011
1772222885950120236,2026-02-27 15:08:05.950,-2.72293,-1.2157,4.29955,-0.016572,0.097217,0.047806,11.043000000000006
1772222885951318122,2026-02-27 15:08:05.951,-2.7301,-1.31105,4.5941,-0.012722,0.097355,0.052912,11.044000000000011
1772222885952515779,2026-02-27 15:08:05.952,-2.83663,-1.47995,4.77037,-0.006746,0.098637,0.066753,11.045000000000002
1772222885953645699,2026-02-27 15:08:05.953,-2.85175,-1.62214,4.81628,-0.002948,0.10052,0.072528,11.046000000000006
1772222885954843374,2026-02-27 15:08:05.954,-2.95325,-1.66635,6.02219,-0.001542,0.099635,0.06857,11.047000000000011
1772222885956042406,2026-02-27 15:08:05.956,-3.01981,-1.69505,5.86703,0.006466,0.102561,0.077174,11.049000000000007
1772222885957240096,2026-02-27 15:08:05.957,-3.13599,-1.79617,6.00506,0.008776,0.105468,0.084101,11.050000000000011
1772222885958422125,2026-02-27 15:08:05.958,-3.18414,-1.93364,5.56751,0.016303,0.108332,0.095461,11.051000000000002
1772222885959549287,2026-02-27 15:08:05.959,-3.36937,-2.16045,5.44663,0.022033,0.113404,0.111012,11.052000000000007
1772222885960679245,2026-02-27 15:08:05.960,-3.48105,-2.19779,5.51543,0.029671,0.116428,0.116334,11.053000000000011
1772222885961850857,2026-02-27 15:08:05.961,-3.4805,-2.28437,5.61333,0.033913,0.119034,0.120449,11.054000000000002
1772222885963050022,2026-02-27 15:08:05.963,-3.59555,-2.2512,5.08212,0.036407,0.122234,0.126865,11.056000000000012
1772222885964244765,2026-02-27 15:08:05.964,-3.54085,-2.28119,4.52296,0.036498,0.122439,0.12843,11.057000000000002
1772222885965434104,2026-02-27 15:08:05.965,-3.67966,-2.17282,4.55181,0.030962,0.125498,0.123297,11.058000000000007
1772222885966592264,2026-02-27 15:08:05.966,-3.5222,-1.89983,4.91418,0.029118,0.122287,0.108401,11.059000000000012
1772222885967721281,2026-02-27 15:08:05.967,-3.5202,-1.76508,4.97418,0.023321,0.118993,0.101813,11.060000000000002
1772222885968852325,2026-02-27 15:08:05.968,-3.45206,-1.67147,4.72527,0.018266,0.118053,0.096043,11.061000000000007
1772222885969987875,2026-02-27 15:08:05.969,-3.36504,-1.53699,4.53642,0.016116,0.115799,0.090612,11.062000000000012
1772222885971103475,2026-02-27 15:08:05.971,-3.24247,-1.40828,4.52118,0.016626,0.113945,0.083807,11.064000000000007
1772222885972218741,2026-02-27 15:08:05.972,-3.14374,-1.20078,5.33574,0.020763,0.110442,0.071637,11.065000000000012
1772222885973334322,2026-02-27 15:08:05.973,-3.00094,-1.08112,4.71308,0.022364,0.109252,0.070688,11.066000000000003
1772222885974449114,2026-02-27 15:08:05.974,-2.7567,-0.896035,3.91091,0.023873,0.102851,0.069267,11.067000000000007
1772222885975577274,2026-02-27 15:08:05.975,-2.64161,-0.859061,3.65338,0.020693,0.100088,0.0682,11.068000000000012
1772222885976682751,2026-02-27 15:08:05.976,-2.58251,-0.840314,3.56761,0.015405,0.097354,0.065497,11.069000000000003
1772222885977855144,2026-02-27 15:08:05.977,-2.39864,-0.793718,3.48358,0.018602,0.094092,0.063351,11.070000000000007
